ClaimNb,Predicted
0.0,0.06374927
0.0,0.11509715
0.0,0.109723404
0.0,0.07800144
0.0,0.12004693
0.0,0.073227175
0.0,0.06521197
0.0,0.05259528
0.0,0.09698851
0.0,0.12275027
0.0,0.091561064
0.0,0.06822756
0.0,0.08270419
0.0,0.050006017
0.0,0.16018431
0.0,0.087723695
0.0,0.10197998
0.0,0.101646036
0.0,0.11604446
0.0,0.07848513
0.0,0.078853615
0.0,0.07410664
0.0,0.06425583
0.0,0.11248911
0.0,0.0791656
0.0,0.048013378
0.0,0.16767436
0.0,0.10536589
0.0,0.08512805
0.0,0.041250534
0.0,0.14168645
0.0,0.083730325
0.0,0.073254295
0.0,0.11413746
0.0,0.11404625
0.0,0.08707621
0.0,0.07427741
0.0,0.12776858
0.0,0.16727327
0.0,0.15179728
0.0,0.114352316
0.0,0.06428764
0.0,0.110403255
0.0,0.050198648
0.0,0.13629095
1.0,0.08359178
0.0,0.07162644
0.0,0.047155727
0.0,0.05641173
0.0,0.1312834
0.0,0.14829846
0.0,0.07791988
0.0,0.13253306
0.0,0.06363875
0.0,0.11995437
0.0,0.09367247
0.0,0.088909715
0.0,0.09379604
0.0,0.070461154
0.0,0.09999115
0.0,0.08774854
0.0,0.10188352
0.0,0.03630289
0.0,0.08648771
0.0,0.07808496
0.0,0.08772445
0.0,0.06778288
0.0,0.08303952
0.0,0.066232316
0.0,0.08592259
0.0,0.062258814
0.0,0.110273615
0.0,0.07598926
1.0,0.079032384
0.0,0.08515718
0.0,0.06669509
0.0,0.08002335
0.0,0.09556706
0.0,0.07159174
0.0,0.08002405
0.0,0.117263414
0.0,0.12185735
0.0,0.06911004
0.0,0.08308089
0.0,0.06850874
0.0,0.085667945
0.0,0.1207779
1.0,0.048910968
0.0,0.11769195
0.0,0.06743477
0.0,0.068017714
0.0,0.065609016
0.0,0.09376046
0.0,0.083126165
0.0,0.067524016
0.0,0.10891584
0.0,0.074087635
0.0,0.09441933
0.0,0.0505291
0.0,0.09592831
0.0,0.072142825
0.0,0.07542952
0.0,0.09319605
0.0,0.066505544
0.0,0.11892441
0.0,0.06690177
0.0,0.10984344
0.0,0.06971136
0.0,0.07728387
0.0,0.028956324
0.0,0.03106686
1.0,0.083230674
0.0,0.0742396
0.0,0.09321865
0.0,0.11846238
0.0,0.10214282
0.0,0.040146016
0.0,0.11836275
0.0,0.11915532
0.0,0.06572105
0.0,0.088736475
0.0,0.092221275
0.0,0.12210531
0.0,0.11744822
0.0,0.047282323
0.0,0.10382683
0.0,0.07081739
0.0,0.042938378
0.0,0.10978461
0.0,0.082186945
0.0,0.09273137
0.0,0.09418239
0.0,0.117379524
0.0,0.06709207
0.0,0.14425652
0.0,0.08402285
0.0,0.0781812
0.0,0.08108306
0.0,0.112988845
0.0,0.08100232
0.0,0.05685699
0.0,0.12769097
0.0,0.14472978
0.0,0.09901416
0.0,0.06571574
0.0,0.09430498
0.0,0.042175382
0.0,0.09979326
0.0,0.06961559
0.0,0.12533614
0.0,0.031404212
0.0,0.100256816
0.0,0.09890394
0.0,0.083001874
2.0,0.0819677
0.0,0.08156105
0.0,0.10930361
0.0,0.08788267
0.0,0.11224401
0.0,0.040059686
0.0,0.08545277
0.0,0.09890389
0.0,0.10627617
0.0,0.14289136
0.0,0.09594009
0.0,0.1006113
0.0,0.06983907
0.0,0.067128144
0.0,0.061560962
0.0,0.0992102
0.0,0.12950218
0.0,0.0873839
0.0,0.079330094
0.0,0.07756203
0.0,0.06761916
0.0,0.08184007
0.0,0.031685565
0.0,0.11830429
0.0,0.043457307
0.0,0.07500476
0.0,0.10112132
0.0,0.019430036
0.0,0.06464531
0.0,0.09062795
0.0,0.084756345
0.0,0.07577737
0.0,0.122621976
0.0,0.07226637
0.0,0.098309964
0.0,0.13687326
0.0,0.036259778
1.0,0.08156294
0.0,0.1358818
0.0,0.082242265
0.0,0.043532863
0.0,0.12687929
0.0,0.064650245
0.0,0.07201579
0.0,0.10955122
0.0,0.12341605
0.0,0.11712287
0.0,0.06666463
0.0,0.09342793
0.0,0.07149561
0.0,0.11012244
0.0,0.083906665
0.0,0.08552221
1.0,0.04839743
0.0,0.09074251
1.0,0.038946666
0.0,0.09876427
0.0,0.09253124
0.0,0.085423544
0.0,0.09066499
0.0,0.058596965
0.0,0.085678466
0.0,0.09572073
0.0,0.04867044
0.0,0.09406222
0.0,0.09935964
0.0,0.11098625
0.0,0.048449114
0.0,0.05717763
0.0,0.079693995
0.0,0.095898904
0.0,0.08350069
0.0,0.09939423
0.0,0.0886171
0.0,0.047155794
0.0,0.04464062
0.0,0.08945879
0.0,0.08913688
0.0,0.1377622
0.0,0.08618837
0.0,0.07663952
0.0,0.100858584
0.0,0.016211798
0.0,0.10548289
0.0,0.12729606
0.0,0.16715446
0.0,0.069454215
0.0,0.070331044
0.0,0.12631784
0.0,0.06903192
0.0,0.077827565
0.0,0.086673
2.0,0.053165376
0.0,0.10563508
0.0,0.05874951
0.0,0.10404368
0.0,0.07942313
0.0,0.1382716
0.0,0.07431149
0.0,0.087469384
0.0,0.074740686
0.0,0.090070024
0.0,0.17411382
0.0,0.059760008
0.0,0.07624671
0.0,0.07834697
0.0,0.10199595
0.0,0.04738723
0.0,0.0523348
0.0,0.12217243
0.0,0.07405348
0.0,0.08507809
0.0,0.06573959
0.0,0.117325105
0.0,0.13400209
0.0,0.14205422
0.0,0.072828025
0.0,0.07678324
0.0,0.06278068
0.0,0.07301101
0.0,0.0446662
0.0,0.100805216
0.0,0.15169041
0.0,0.092696406
1.0,0.08070118
0.0,0.05834403
0.0,0.12926953
0.0,0.07477273
0.0,0.08762691
0.0,0.0334363
0.0,0.119108625
0.0,0.059314705
0.0,0.07545551
0.0,0.08751688
0.0,0.084641606
0.0,0.05987944
0.0,0.05152217
0.0,0.12119096
0.0,0.09439565
1.0,0.08626223
0.0,0.06351866
0.0,0.03609833
0.0,0.08050163
0.0,0.117193095
0.0,0.10559977
0.0,0.07887652
0.0,0.12048689
0.0,0.08758307
0.0,0.081615515
0.0,0.06982081
0.0,0.10978887
0.0,0.06762539
0.0,0.11756101
0.0,0.063296914
0.0,0.079278156
0.0,0.071832955
0.0,0.09459583
0.0,0.074130975
0.0,0.07350011
0.0,0.061727908
0.0,0.033823755
0.0,0.09817872
0.0,0.1091807
0.0,0.07907956
0.0,0.09499995
0.0,0.03560114
0.0,0.07726268
0.0,0.04729542
0.0,0.035684757
0.0,0.09203606
0.0,0.09047693
0.0,0.118155114
0.0,0.13360253
0.0,0.12084363
0.0,0.119937584
0.0,0.11326979
0.0,0.09822105
0.0,0.11045654
0.0,0.10018508
0.0,0.05743987
0.0,0.0641594
0.0,0.11808353
0.0,0.14447506
0.0,0.099102825
0.0,0.08793425
0.0,0.13903439
0.0,0.0567352
0.0,0.10673657
0.0,0.047496554
0.0,0.065134875
0.0,0.06991459
0.0,0.05783597
0.0,0.12191317
0.0,0.11653737
0.0,0.081057645
0.0,0.11206712
0.0,0.104381464
0.0,0.08058536
0.0,0.090940624
0.0,0.10600683
0.0,0.08335239
1.0,0.09243627
0.0,0.03269361
0.0,0.036997
0.0,0.07528325
0.0,0.084739655
0.0,0.102878004
0.0,0.10363348
0.0,0.15258335
0.0,0.044873714
0.0,0.08668546
0.0,0.042385466
0.0,0.087874435
0.0,0.09720148
0.0,0.088611566
0.0,0.08694844
0.0,0.11837956
0.0,0.008330417
0.0,0.07508187
0.0,0.059739895
0.0,0.08592331
0.0,0.1224339
0.0,0.056435592
0.0,0.090169206
0.0,0.11186504
0.0,0.122542776
1.0,0.006303625
0.0,0.09288011
0.0,0.076171085
0.0,0.07583575
0.0,0.09994537
0.0,0.118667066
0.0,0.051605105
0.0,0.06030836
0.0,0.04952229
0.0,0.062249165
0.0,0.08722265
0.0,0.1190603
0.0,0.096630335
0.0,0.10536651
0.0,0.045766376
0.0,0.087054476
0.0,0.059275955
0.0,0.033320498
0.0,0.07360687
0.0,0.091908336
0.0,0.1411321
1.0,0.07706629
0.0,0.065421745
0.0,0.1010423
0.0,0.096059754
0.0,0.08559655
1.0,0.05316785
0.0,0.11301757
0.0,0.11775664
0.0,0.09534607
1.0,0.08955957
0.0,0.084059
0.0,0.016256658
0.0,0.12763205
0.0,0.13030486
0.0,0.08966532
0.0,0.09134522
0.0,0.046939597
0.0,0.07510998
0.0,0.07530773
0.0,0.029572286
0.0,0.1110489
0.0,0.0965301
0.0,0.105284795
1.0,0.09073202
0.0,0.108503014
0.0,0.0999693
0.0,0.07823915
1.0,0.016729752
0.0,0.13422179
0.0,0.13318709
0.0,0.09499437
0.0,0.06264175
0.0,0.060272355
0.0,0.07200247
0.0,0.07258991
0.0,0.13209108
0.0,0.08104329
0.0,0.08554873
0.0,0.12720947
0.0,0.08212736
0.0,0.08058317
0.0,0.013371348
0.0,0.14751233
0.0,0.07926449
0.0,0.094037324
0.0,0.07431326
0.0,0.05952609
0.0,0.09262936
0.0,0.10894571
0.0,0.08193058
0.0,0.11643791
0.0,0.120166905
0.0,0.056834385
0.0,0.079441175
0.0,0.039643757
0.0,0.08282827
0.0,0.050789952
0.0,0.08089505
0.0,0.09847603
0.0,0.07873861
0.0,0.11249914
0.0,0.11233908
0.0,0.06137297
0.0,0.084633455
0.0,0.1097155
0.0,0.051509395
0.0,0.08416721
0.0,0.07492912
1.0,0.035487276
1.0,0.08976808
0.0,0.09836265
0.0,0.09271926
0.0,0.07720764
0.0,0.05845706
0.0,0.114626676
0.0,0.07120389
1.0,0.040410608
1.0,0.10171397
0.0,0.12188559
0.0,0.0990663
0.0,0.067963004
0.0,0.10101224
0.0,0.10770346
0.0,0.13202997
0.0,0.08998307
0.0,0.0859491
0.0,0.059278686
0.0,0.13168654
0.0,0.060216106
0.0,0.13955083
0.0,0.14447905
0.0,0.090589285
0.0,0.028552067
1.0,0.05971018
0.0,0.10523037
0.0,0.07265449
0.0,0.10482306
0.0,0.09454025
0.0,0.10401112
0.0,0.084074415
0.0,0.07930869
0.0,0.06333982
0.0,0.13228758
0.0,0.09416004
0.0,0.06486914
0.0,0.073302425
0.0,0.086707786
0.0,0.10002725
0.0,0.08565087
0.0,0.08193241
0.0,0.07295675
0.0,0.07522962
0.0,0.10818829
1.0,0.07327042
0.0,0.113385916
0.0,0.07963162
1.0,0.07828733
0.0,0.0330344
0.0,0.10851122
0.0,0.07906942
0.0,0.06002844
0.0,0.07446204
0.0,0.053607736
0.0,0.064338766
0.0,0.113579586
0.0,0.088274136
0.0,0.110228874
0.0,0.06687801
0.0,0.13309331
0.0,0.11797758
0.0,0.09814851
0.0,0.062401954
0.0,0.07634057
0.0,0.1400035
0.0,0.103999116
0.0,0.101165205
0.0,0.057108477
0.0,0.06921069
0.0,0.11903081
0.0,0.09014207
0.0,0.09665759
0.0,0.078789346
0.0,0.088936836
0.0,0.130118
0.0,0.12265452
0.0,0.09203053
0.0,0.056165736
0.0,0.06679458
0.0,0.07644639
0.0,0.07402414
1.0,0.05958665
0.0,0.0926879
0.0,0.11541327
0.0,0.12989904
0.0,0.095861524
0.0,0.07095095
0.0,0.09668885
0.0,0.05096341
0.0,0.11270637
0.0,0.09389648
0.0,0.09639043
0.0,0.13824554
0.0,0.10439719
0.0,0.11647359
0.0,0.09169981
0.0,0.09490312
0.0,0.1218233
0.0,0.103906944
0.0,0.15573007
0.0,0.059250016
0.0,0.082476854
0.0,0.12005623
0.0,0.09703504
0.0,0.08440144
0.0,0.07583083
0.0,0.10859588
0.0,0.13555396
0.0,0.09829049
0.0,0.11897148
0.0,0.1573624
0.0,0.06503175
0.0,0.04460247
0.0,0.10719173
0.0,0.042098388
0.0,0.067438535
0.0,0.08460888
0.0,0.06980546
0.0,0.11012974
0.0,0.061393224
0.0,0.118493676
0.0,0.07129484
0.0,0.02034744
0.0,0.041741535
0.0,0.079422936
0.0,0.07917417
0.0,0.07639331
0.0,0.056641374
0.0,0.064100035
0.0,0.09997425
0.0,0.079139896
0.0,0.095583126
0.0,0.1225336
0.0,0.10296284
0.0,0.10548364
0.0,0.07729726
0.0,0.09066808
0.0,0.12538552
0.0,0.017566629
0.0,0.06968405
0.0,0.11501491
0.0,0.080632195
0.0,0.03484923
0.0,0.11369213
0.0,0.075026914
0.0,0.077693
0.0,0.05974055
0.0,0.06678848
0.0,0.111603975
0.0,0.082168
0.0,0.08398748
0.0,0.13210648
0.0,0.104914844
0.0,0.12486206
0.0,0.061634257
0.0,0.057995483
0.0,0.05289268
0.0,0.11411673
1.0,0.092541695
0.0,0.0827712
1.0,0.108065985
0.0,0.08778952
0.0,0.107627586
0.0,0.1368362
0.0,0.043955207
0.0,0.05437546
0.0,0.10395375
0.0,0.07257985
0.0,0.09978494
0.0,0.13207923
0.0,0.026368622
0.0,0.05053281
0.0,0.05562678
0.0,0.08778952
1.0,0.057151966
0.0,0.041621827
0.0,0.03868997
0.0,0.12085055
0.0,0.079801574
0.0,0.11246264
0.0,0.05272931
0.0,0.10523511
0.0,0.09094715
0.0,0.078074574
0.0,0.12455103
0.0,0.02505901
0.0,0.12393354
0.0,0.134248
0.0,0.108465515
0.0,0.08624992
0.0,0.07700263
0.0,0.06380051
0.0,0.066648416
0.0,0.12059389
0.0,0.07712246
0.0,0.030436924
0.0,0.0909286
0.0,0.0612354
0.0,0.14056906
0.0,0.123628505
0.0,0.093098134
1.0,0.059746902
0.0,0.105662756
0.0,0.076154456
0.0,0.066703774
0.0,0.088799834
0.0,0.120314375
0.0,0.06018195
0.0,0.11744623
0.0,0.07057594
0.0,0.06429897
0.0,0.13521814
0.0,0.07547478
0.0,0.05909228
0.0,0.06574757
0.0,0.080939576
0.0,0.064486265
0.0,0.09185186
0.0,0.07161637
0.0,0.071918435
0.0,0.091208756
0.0,0.07807261
0.0,0.06670471
0.0,0.09742872
0.0,0.03367281
0.0,0.13490784
0.0,0.120048955
0.0,0.06358487
0.0,0.043666925
0.0,0.06956953
0.0,0.10047263
0.0,0.09634356
0.0,0.09250857
0.0,0.09280239
0.0,0.15311779
0.0,0.07852425
1.0,0.069214486
0.0,0.056266204
0.0,0.010973722
0.0,0.053053357
0.0,0.12752186
0.0,0.09153505
0.0,0.09237267
0.0,0.10422475
0.0,0.10155298
0.0,0.034496956
0.0,0.1385793
0.0,0.08840167
0.0,0.115439855
0.0,0.05268421
0.0,0.11261459
0.0,0.09480755
0.0,0.07188461
0.0,0.065957464
0.0,0.03723167
0.0,0.043165322
0.0,0.073167056
0.0,0.08706273
0.0,0.049521625
0.0,0.037182588
0.0,0.0668271
0.0,0.05619531
0.0,0.08124722
0.0,0.13059105
0.0,0.09054372
0.0,0.10729467
0.0,0.0915243
0.0,0.048708808
1.0,0.1057004
0.0,0.07435961
0.0,0.10233834
0.0,0.06797028
1.0,0.07267724
0.0,0.1390071
0.0,0.117809184
0.0,0.098835714
0.0,0.10254071
0.0,0.117146134
0.0,0.07553631
0.0,0.053244747
0.0,0.15478426
0.0,0.09027327
0.0,0.07606474
0.0,0.047958083
0.0,0.068769835
0.0,0.100853845
0.0,0.099523894
0.0,0.08035789
0.0,0.10533944
0.0,0.0658446
0.0,0.08265731
0.0,0.11140693
0.0,0.07378797
0.0,0.07557627
0.0,0.06645791
0.0,0.08239323
0.0,0.10268965
0.0,0.057400856
0.0,0.03649614
0.0,0.06571232
0.0,0.052094758
0.0,0.046618327
0.0,0.01913131
0.0,0.0910458
0.0,0.09132308
0.0,0.062314875
0.0,0.084259935
0.0,0.060324483
0.0,0.07088768
0.0,0.052201036
0.0,0.08432919
0.0,0.09286315
0.0,0.12064827
0.0,0.0726621
0.0,0.1598806
0.0,0.06845799
0.0,0.0871532
0.0,0.06499471
0.0,0.081247605
0.0,0.06751138
0.0,0.13258818
0.0,0.10335463
0.0,0.0594838
0.0,0.037937064
0.0,0.04300847
0.0,0.08648468
0.0,0.060202356
0.0,0.10720484
0.0,0.078504935
0.0,0.07257811
1.0,0.08214699
0.0,0.12151866
0.0,0.10860608
1.0,0.053682648
0.0,0.06914953
0.0,0.10111404
0.0,0.07589902
0.0,0.10620904
0.0,0.12728162
0.0,0.08602387
0.0,0.07728886
0.0,0.08912533
0.0,0.14307754
0.0,0.13453776
0.0,0.080891326
0.0,0.11649023
0.0,0.07540438
0.0,0.12630457
0.0,0.069382645
1.0,0.08371426
0.0,0.109672114
0.0,0.061991684
0.0,0.056091424
0.0,0.09743035
0.0,0.12120249
0.0,0.04389572
0.0,0.05558588
0.0,0.019531926
0.0,0.15269563
0.0,0.060459916
0.0,0.13391104
0.0,0.06526135
0.0,0.05051449
0.0,0.09302061
0.0,0.09219177
0.0,0.14026865
0.0,0.06429239
0.0,0.13866201
0.0,0.091119096
0.0,0.07011448
0.0,0.07555944
0.0,0.10658005
2.0,0.072883144
0.0,0.10667582
0.0,0.042976845
0.0,0.06813938
0.0,0.06033796
0.0,0.08572113
0.0,0.06654775
0.0,0.12249101
0.0,0.079444245
0.0,0.14975062
0.0,0.07946344
0.0,0.0683279
0.0,0.084059045
0.0,0.08450806
0.0,0.09906106
0.0,0.110187046
0.0,0.08254199
0.0,0.07482778
1.0,0.087147504
0.0,0.05417633
0.0,0.095332325
0.0,0.124418125
0.0,0.1094019
0.0,0.05591948
0.0,0.06385005
0.0,0.09168214
0.0,0.08589752
0.0,0.094407156
0.0,0.09028993
0.0,0.09916134
0.0,0.07526387
0.0,0.10588652
0.0,0.06355549
0.0,0.09928154
0.0,0.07205577
0.0,0.087873995
0.0,0.09591296
1.0,0.08637576
0.0,0.08457685
0.0,0.13618839
0.0,0.0911157
0.0,0.11414772
0.0,0.091062345
0.0,0.12398768
0.0,0.07485878
0.0,0.09961878
0.0,0.08501049
0.0,0.060671635
0.0,0.10170999
1.0,0.06315211
0.0,0.07544842
0.0,0.048962887
0.0,0.09264603
0.0,0.06726381
0.0,0.08795012
0.0,0.083692044
0.0,0.094505474
0.0,0.09584873
0.0,0.050241083
0.0,0.15084428
0.0,0.059937987
0.0,0.04898101
0.0,0.107126504
0.0,0.014604402
0.0,0.0961316
0.0,0.10181111
0.0,0.13481878
0.0,0.10477824
0.0,0.06828922
0.0,0.090585545
0.0,0.067166634
1.0,0.08214146
0.0,0.078123495
0.0,0.09522953
0.0,0.09818563
0.0,0.11530391
0.0,0.051110484
0.0,0.07611577
0.0,0.085964166
0.0,0.08978861
0.0,0.07107917
0.0,0.10433504
0.0,0.0630505
0.0,0.06318092
0.0,0.11177339
0.0,0.06390774
1.0,0.0786894
0.0,0.06857803
0.0,0.08126944
0.0,0.0716587
0.0,0.106621094
0.0,0.10056044
2.0,0.14084317
0.0,0.070742
0.0,0.049102154
0.0,0.13856903
0.0,0.093685426
0.0,0.12056759
0.0,0.05874104
0.0,0.11026486
0.0,0.10822187
0.0,0.011625924
0.0,0.097873494
0.0,0.12465364
0.0,0.047602143
0.0,0.121382825
0.0,0.08811717
0.0,0.103039406
0.0,0.03503215
0.0,0.09691898
0.0,0.12924576
0.0,0.09979545
0.0,0.071249925
0.0,0.11593647
0.0,0.09066921
0.0,0.07920559
0.0,0.07316923
0.0,0.08101298
0.0,0.03699424
0.0,0.098817036
0.0,0.05736694
0.0,0.019760493
0.0,0.057401747
0.0,0.10566011
0.0,0.03796044
1.0,0.051193792
0.0,0.10641442
0.0,0.07110434
0.0,0.073531866
1.0,0.11201623
0.0,0.08791683
0.0,0.10465799
0.0,0.0766935
0.0,0.042352375
0.0,0.09018816
0.0,0.04123349
0.0,0.056496214
0.0,0.07398994
0.0,0.101943195
0.0,0.057938598
0.0,0.07328796
0.0,0.04601974
0.0,0.10492503
0.0,0.042626277
0.0,0.061870903
0.0,0.14546837
0.0,0.036614653
0.0,0.034480024
0.0,0.07243223
0.0,0.088835746
0.0,0.08457185
0.0,0.103180885
0.0,0.053902637
0.0,0.1135216
0.0,0.07308628
0.0,0.115033284
0.0,0.1289196
0.0,0.05830857
0.0,0.065484695
0.0,0.10943863
0.0,0.1234117
0.0,0.09181549
0.0,0.063226536
1.0,0.0954682
0.0,0.091427535
0.0,0.064148635
0.0,0.12315542
1.0,0.08730685
0.0,0.14550309
0.0,0.06592247
0.0,0.11343718
0.0,0.11356055
0.0,0.040700857
0.0,0.15737419
0.0,0.075060315
0.0,0.089716345
0.0,0.08829631
0.0,0.11161749
0.0,0.088378675
0.0,0.10574907
0.0,0.068205714
0.0,0.10829621
0.0,0.074840166
0.0,0.08400995
0.0,0.07153554
0.0,0.08913931
0.0,0.07546202
0.0,0.112576336
0.0,0.07169228
0.0,0.061395932
0.0,0.09662953
0.0,0.08709973
0.0,0.114195436
0.0,0.06456071
0.0,0.08066563
0.0,0.11808144
0.0,0.019233953
0.0,0.078970656
0.0,0.120594725
0.0,0.07715538
0.0,0.07959017
0.0,0.10327965
0.0,0.08321514
0.0,0.042900354
0.0,0.07990663
0.0,0.048564322
0.0,0.080985576
0.0,0.13128349
0.0,0.09288791
0.0,0.09722967
0.0,0.11269038
0.0,0.0604132
1.0,0.065357074
0.0,0.048160687
0.0,0.13774528
0.0,0.054227818
0.0,0.056674402
0.0,0.05756809
0.0,0.11138005
0.0,0.08520734
0.0,0.073052
0.0,0.0920028
0.0,0.08447907
0.0,0.10491755
0.0,0.0925079
0.0,0.12013875
0.0,0.07677945
0.0,0.08413435
0.0,0.10091768
0.0,0.054394674
0.0,0.09408996
0.0,0.06929199
0.0,0.06136046
0.0,0.123530895
0.0,0.10965164
0.0,0.11412217
0.0,0.09384296
0.0,0.13531509
0.0,0.06553897
0.0,0.12889716
0.0,0.11045765
0.0,0.07397873
0.0,0.11792277
0.0,0.011432607
0.0,0.11796996
0.0,0.1063283
0.0,0.08989166
0.0,0.106669664
0.0,0.06004522
0.0,0.06954933
0.0,0.060900327
0.0,0.13097794
0.0,0.11850116
0.0,0.09811016
0.0,0.08719693
0.0,0.037361674
0.0,0.13027404
0.0,0.057802457
0.0,0.10827904
0.0,0.098764956
0.0,0.10502962
0.0,0.06805408
0.0,0.1532494
0.0,0.09817165
0.0,0.06813412
0.0,0.10357052
0.0,0.06866114
0.0,0.044101633
0.0,0.086673826
0.0,0.09071098
0.0,0.09500547
0.0,0.07323252
0.0,0.07593374
0.0,0.06977697
0.0,0.015029855
0.0,0.10170087
0.0,0.12699915
0.0,0.10110488
0.0,0.09369673
0.0,0.07435842
0.0,0.1637138
0.0,0.06999746
0.0,0.0567008
0.0,0.11322068
0.0,0.11598253
0.0,0.060794815
0.0,0.12576425
0.0,0.0642028
0.0,0.08622599
0.0,0.12786222
0.0,0.06636443
0.0,0.11396384
0.0,0.12639672
0.0,0.07797777
0.0,0.084923506
0.0,0.09585618
0.0,0.07460351
0.0,0.1224798
0.0,0.1166197
0.0,0.054721504
1.0,0.10485703
0.0,0.13285792
0.0,0.052467577
0.0,0.08774625
0.0,0.08523727
0.0,0.08474661
0.0,0.04675342
0.0,0.109083876
0.0,0.06954591
0.0,0.085483275
0.0,0.08116149
0.0,0.08460474
0.0,0.11309331
0.0,0.06974816
0.0,0.067953706
0.0,0.07579016
0.0,0.092242956
0.0,0.110516
0.0,0.13773675
0.0,0.05977808
1.0,0.0981125
0.0,0.053847264
0.0,0.060398366
0.0,0.056341834
0.0,0.08542136
0.0,0.0673993
0.0,0.0392908
0.0,0.065036654
0.0,0.06522657
0.0,0.08197874
0.0,0.0938482
0.0,0.087507635
0.0,0.12371248
0.0,0.09318729
0.0,0.08845615
0.0,0.07473926
0.0,0.103689194
0.0,0.069864795
0.0,0.074454
0.0,0.10969908
0.0,0.0817104
0.0,0.09821449
0.0,0.107193395
0.0,0.08440524
0.0,0.08024202
0.0,0.08530932
0.0,0.07902357
0.0,0.104483
0.0,0.09390552
0.0,0.06855169
0.0,0.013117289
0.0,0.053939495
0.0,0.10239379
0.0,0.14344588
0.0,0.11999748
0.0,0.08807464
0.0,0.11160911
0.0,0.07376287
0.0,0.07667333
0.0,0.07716943
0.0,0.0701245
0.0,0.045236073
0.0,0.122051
0.0,0.10107037
0.0,0.020046942
0.0,0.05812998
0.0,0.104425326
0.0,0.11177205
0.0,0.06278308
0.0,0.079031594
0.0,0.14531857
0.0,0.07563371
0.0,0.049523894
0.0,0.16137052
0.0,0.07709595
0.0,0.15169422
0.0,0.05577065
0.0,0.10658632
0.0,0.019326996
0.0,0.06757729
0.0,0.104538865
0.0,0.0771984
0.0,0.08349963
0.0,0.10075235
0.0,0.017679207
0.0,0.097917214
0.0,0.11735151
0.0,0.09980435
0.0,0.1134763
0.0,0.08003664
0.0,0.07130395
0.0,0.087842554
0.0,0.10756766
0.0,0.094435066
0.0,0.049002875
0.0,0.17281243
0.0,0.08383382
0.0,0.0346114
0.0,0.10163249
0.0,0.11857373
0.0,0.08708827
0.0,0.1667431
0.0,0.11113304
0.0,0.13555145
0.0,0.029915532
0.0,0.0717161
0.0,0.048205458
0.0,0.09687411
0.0,0.09899042
1.0,0.09301227
0.0,0.09742774
0.0,0.103774115
0.0,0.08611213
0.0,0.11197442
0.0,0.054885432
0.0,0.08160781
0.0,0.10972555
0.0,0.07436433
0.0,0.06592979
0.0,0.12458026
0.0,0.12060484
0.0,0.11317601
0.0,0.08753744
0.0,0.08493626
0.0,0.089749016
0.0,0.06159608
0.0,0.086783454
0.0,0.033415888
0.0,0.07174809
0.0,0.14526016
0.0,0.066549286
0.0,0.13899228
0.0,0.14444354
0.0,0.11617645
0.0,0.10533863
0.0,0.120126344
0.0,0.07124398
0.0,0.13888681
0.0,0.07772263
0.0,0.12255847
0.0,0.12697265
0.0,0.037950072
0.0,0.1481788
1.0,0.087817505
0.0,0.09481752
0.0,0.07899365
0.0,0.087551355
0.0,0.12289153
0.0,0.05983015
0.0,0.09697537
0.0,0.11027583
0.0,0.057185497
0.0,0.074497506
0.0,0.08359511
0.0,0.083187886
0.0,0.09784564
0.0,0.06958978
0.0,0.07738373
0.0,0.06160777
0.0,0.10296735
0.0,0.08739397
0.0,0.09484348
0.0,0.09207208
0.0,0.08695298
0.0,0.047177702
0.0,0.09133607
0.0,0.09134685
0.0,0.09249328
0.0,0.0675838
0.0,0.10708968
0.0,0.082424894
0.0,0.08047584
0.0,0.10682251
0.0,0.12591718
1.0,0.09628698
0.0,0.106238924
0.0,0.1150707
0.0,0.10429713
0.0,0.06947831
0.0,0.093947105
0.0,0.018460246
0.0,0.10362893
0.0,0.12576704
0.0,0.1272869
0.0,0.060232203
0.0,0.063120954
0.0,0.08573977
0.0,0.029669262
0.0,0.07854757
0.0,0.06350191
0.0,0.16246782
0.0,0.13640156
0.0,0.079841614
0.0,0.09012233
0.0,0.012712294
1.0,0.058480732
0.0,0.091928005
0.0,0.1050148
0.0,0.085662164
0.0,0.09673056
0.0,0.097392514
0.0,0.08125493
0.0,0.104652606
0.0,0.12093283
0.0,0.10565404
0.0,0.11274499
0.0,0.06215329
0.0,0.123589985
0.0,0.07979885
0.0,0.051096108
0.0,0.053659745
0.0,0.09712805
0.0,0.06664691
0.0,0.094634674
0.0,0.08890974
0.0,0.114644326
0.0,0.050674416
0.0,0.07905062
0.0,0.07855837
0.0,0.12568842
0.0,0.0675819
0.0,0.1026397
0.0,0.07124143
0.0,0.13654032
0.0,0.14078407
0.0,0.086793885
0.0,0.12556764
0.0,0.06528038
0.0,0.11944043
0.0,0.12304609
1.0,0.038940407
0.0,0.073978074
0.0,0.05231549
1.0,0.06903452
0.0,0.14758821
0.0,0.08152921
0.0,0.0670287
1.0,0.10922319
0.0,0.050121404
0.0,0.070758656
0.0,0.08374031
0.0,0.094665274
0.0,0.027790416
0.0,0.100214586
0.0,0.051182564
0.0,0.09331698
0.0,0.07452095
0.0,0.067143254
0.0,0.07519935
0.0,0.084851295
0.0,0.08507286
0.0,0.11205299
0.0,0.061824657
0.0,0.09881941
0.0,0.057839528
0.0,0.085017204
0.0,0.11958563
0.0,0.06765223
0.0,0.041987535
1.0,0.0680601
0.0,0.044739455
0.0,0.099469826
0.0,0.09505568
0.0,0.057422895
0.0,0.07027686
0.0,0.0893077
0.0,0.13797699
0.0,0.11939636
0.0,0.09657911
0.0,0.07711212
0.0,0.09382963
0.0,0.11493314
0.0,0.10258854
0.0,0.15212215
1.0,0.080708295
0.0,0.09633359
0.0,0.08174974
0.0,0.0860065
0.0,0.10592649
0.0,0.059395622
0.0,0.06572788
0.0,0.05193408
0.0,0.10700898
0.0,0.083179496
0.0,0.07133326
0.0,0.065793544
0.0,0.092485756
0.0,0.07244715
0.0,0.06403223
0.0,0.04482398
0.0,0.094501734
0.0,0.108463034
0.0,0.064485624
0.0,0.064864114
0.0,0.120122395
0.0,0.06435143
0.0,0.06490034
0.0,0.1495092
0.0,0.059625845
0.0,0.09513612
0.0,0.09248744
0.0,0.0580914
0.0,0.09611347
0.0,0.06559463
0.0,0.080015
0.0,0.088258274
0.0,0.06261236
0.0,0.09431446
0.0,0.14251629
0.0,0.078374356
0.0,0.067530565
0.0,0.05530852
0.0,0.08327369
0.0,0.10211508
0.0,0.030726252
0.0,0.07920334
0.0,0.08467263
0.0,0.057873793
0.0,0.08345713
0.0,0.085290365
0.0,0.12482911
0.0,0.089821175
0.0,0.047164273
0.0,0.10717816
0.0,0.049208086
0.0,0.13186748
0.0,0.108039886
0.0,0.09394224
0.0,0.07678114
0.0,0.090575635
0.0,0.078745514
0.0,0.06991785
0.0,0.044458963
0.0,0.104304895
0.0,0.070623785
0.0,0.1136369
0.0,0.06223105
0.0,0.08180094
0.0,0.0944743
1.0,0.059953354
0.0,0.123620905
0.0,0.08102909
0.0,0.10040158
0.0,0.08529856
0.0,0.06482055
0.0,0.04904051
0.0,0.05176224
0.0,0.123579554
0.0,0.016640896
0.0,0.11195811
0.0,0.12018261
0.0,0.10403076
0.0,0.08083917
0.0,0.055273242
0.0,0.08681547
0.0,0.07926122
0.0,0.07566526
0.0,0.07773215
0.0,0.05832709
0.0,0.05547524
0.0,0.10685336
0.0,0.12729102
0.0,0.07490891
0.0,0.13109905
0.0,0.11727913
0.0,0.09131931
0.0,0.079052754
0.0,0.13500686
0.0,0.089650616
0.0,0.075280994
0.0,0.07403149
0.0,0.07452433
0.0,0.041101947
0.0,0.10503273
0.0,0.06391515
0.0,0.05836643
0.0,0.15235047
0.0,0.053273674
0.0,0.06436235
0.0,0.0975775
0.0,0.062078502
0.0,0.101732686
0.0,0.08116497
0.0,0.09822194
0.0,0.07410774
0.0,0.07628319
0.0,0.042702198
0.0,0.0831627
0.0,0.046667323
0.0,0.05585888
0.0,0.12149319
0.0,0.095974
0.0,0.12452796
0.0,0.13079202
0.0,0.04200446
0.0,0.077756025
0.0,0.06956401
0.0,0.053536735
0.0,0.12333878
0.0,0.10878549
0.0,0.034880683
0.0,0.078346
0.0,0.046796188
0.0,0.10104705
0.0,0.082754724
0.0,0.10603297
0.0,0.13054311
0.0,0.088266395
0.0,0.08285347
0.0,0.098221004
0.0,0.046433322
0.0,0.08966921
0.0,0.1055787
0.0,0.08065536
0.0,0.11256756
0.0,0.136413
0.0,0.09602721
0.0,0.09580839
0.0,0.103404395
0.0,0.10322997
0.0,0.13484363
0.0,0.057600107
0.0,0.12929618
0.0,0.07581109
0.0,0.051172696
0.0,0.043051135
0.0,0.08737784
0.0,0.06950068
0.0,0.113467045
0.0,0.10435808
0.0,0.13240613
0.0,0.022054207
1.0,0.055020723
0.0,0.086680025
0.0,0.079538494
0.0,0.10018079
0.0,0.11474321
0.0,0.044736587
0.0,0.06910116
0.0,0.0748209
0.0,0.14914177
0.0,0.07521461
0.0,0.08551292
0.0,0.08228116
1.0,0.0715727
0.0,0.06777454
0.0,0.108691245
0.0,0.08266389
0.0,0.089011334
0.0,0.093335405
0.0,0.100676715
0.0,0.08420214
0.0,0.051391464
0.0,0.06204003
0.0,0.036723882
0.0,0.060920104
0.0,0.0544133
0.0,0.10366277
0.0,0.09264168
0.0,0.0691358
0.0,0.0132347895
0.0,0.04490988
0.0,0.06973758
0.0,0.16401327
0.0,0.12207061
0.0,0.11085756
0.0,0.115576476
0.0,0.026642635
0.0,0.06287124
0.0,0.03493573
0.0,0.08480959
0.0,0.086534426
0.0,0.05682666
0.0,0.08059758
0.0,0.07938303
0.0,0.05510448
0.0,0.11355362
0.0,0.034917876
0.0,0.06192973
0.0,0.10466139
0.0,0.025097923
0.0,0.06644714
0.0,0.11228316
0.0,0.11643017
0.0,0.022183694
0.0,0.09689894
0.0,0.06505683
0.0,0.09754286
0.0,0.041823342
0.0,0.03042945
0.0,0.07587168
0.0,0.1081265
0.0,0.03842628
0.0,0.078221135
0.0,0.06647116
0.0,0.084609486
0.0,0.06950107
0.0,0.13491048
0.0,0.101679176
0.0,0.13661647
0.0,0.105979234
0.0,0.10690894
0.0,0.07507315
1.0,0.079304524
0.0,0.09435207
0.0,0.08956802
0.0,0.071959615
0.0,0.065362126
0.0,0.07184328
1.0,0.097361684
0.0,0.0975747
0.0,0.07909263
0.0,0.1222811
0.0,0.04379852
0.0,0.12335816
0.0,0.0726215
1.0,0.06460356
1.0,0.094749905
0.0,0.13078149
0.0,0.09714176
0.0,0.09765127
0.0,0.058429334
0.0,0.13555416
0.0,0.09175421
0.0,0.08661123
0.0,0.111167654
0.0,0.058653224
0.0,0.119964235
0.0,0.08753894
0.0,0.13279004
0.0,0.097639725
0.0,0.06372889
0.0,0.06685471
0.0,0.07826445
0.0,0.08281425
0.0,0.13012579
0.0,0.09945332
0.0,0.09957863
0.0,0.14380746
0.0,0.121690586
0.0,0.05883161
0.0,0.11809763
0.0,0.050764624
0.0,0.08233989
0.0,0.08549915
0.0,0.07893717
0.0,0.05620576
0.0,0.08964269
0.0,0.06632329
0.0,0.033124838
0.0,0.06614759
0.0,0.09284982
0.0,0.11248533
0.0,0.13504598
1.0,0.08980265
0.0,0.16399372
0.0,0.086032175
0.0,0.07246826
0.0,0.11456676
0.0,0.068898685
1.0,0.065471835
0.0,0.07768443
0.0,0.011807446
0.0,0.12577793
1.0,0.086198315
0.0,0.09678403
0.0,0.09995159
0.0,0.09089862
0.0,0.084061764
0.0,0.06779045
0.0,0.04337942
0.0,0.092997506
0.0,0.0561554
0.0,0.162388
0.0,0.073522456
0.0,0.069685996
0.0,0.06313164
0.0,0.0832483
0.0,0.08653866
0.0,0.12911184
1.0,0.09063704
0.0,0.07874792
0.0,0.08392809
1.0,0.060521413
0.0,0.08476269
0.0,0.071862094
0.0,0.07279704
0.0,0.0930482
0.0,0.06824066
0.0,0.048880193
0.0,0.074544124
0.0,0.03762675
0.0,0.061187506
0.0,0.16557997
0.0,0.07390962
0.0,0.11597457
0.0,0.11956876
0.0,0.06796659
0.0,0.07567908
0.0,0.0664543
0.0,0.04992325
0.0,0.067315035
0.0,0.112575315
0.0,0.12557873
0.0,0.107781276
0.0,0.10345418
0.0,0.061391525
0.0,0.06969018
0.0,0.057482425
0.0,0.04344597
0.0,0.0705777
0.0,0.075421266
0.0,0.09416954
0.0,0.041539397
0.0,0.0854943
0.0,0.013893213
0.0,0.08201972
0.0,0.1335496
0.0,0.06958047
0.0,0.09609631
0.0,0.09319532
0.0,0.04918294
0.0,0.09936845
0.0,0.09331313
0.0,0.089099795
0.0,0.06305443
0.0,0.09267011
0.0,0.058885947
0.0,0.06566017
0.0,0.07326479
0.0,0.122863345
0.0,0.04742599
0.0,0.08224997
1.0,0.08365879
0.0,0.119858086
0.0,0.050941005
0.0,0.06548619
0.0,0.060706392
0.0,0.066223525
0.0,0.1304889
0.0,0.062205028
0.0,0.08384997
0.0,0.12981375
0.0,0.112247564
0.0,0.016714353
0.0,0.10701814
0.0,0.052443516
0.0,0.059228435
0.0,0.06982313
0.0,0.12825458
0.0,0.14018069
0.0,0.09144311
0.0,0.0806221
0.0,0.13458768
0.0,0.09309006
0.0,0.12733722
0.0,0.12683624
0.0,0.11573721
0.0,0.09923028
0.0,0.0723011
0.0,0.09127702
0.0,0.10078777
0.0,0.06620614
0.0,0.03367853
0.0,0.12989981
0.0,0.119031124
0.0,0.103416696
0.0,0.111860424
0.0,0.118025996
0.0,0.084815696
0.0,0.06754013
0.0,0.13351385
0.0,0.0799063
0.0,0.039480537
0.0,0.0938265
0.0,0.13211302
0.0,0.11645222
0.0,0.08787416
0.0,0.05886969
0.0,0.09329771
0.0,0.12503445
0.0,0.06772193
0.0,0.031137327
0.0,0.05202637
0.0,0.10218435
0.0,0.034528147
0.0,0.1044321
0.0,0.07313235
0.0,0.057805393
0.0,0.09673079
0.0,0.111927204
0.0,0.06580526
0.0,0.082355365
0.0,0.119798176
0.0,0.07112078
0.0,0.11511636
1.0,0.11036059
0.0,0.075699165
0.0,0.09135167
0.0,0.117647484
1.0,0.13305324
0.0,0.08945293
0.0,0.087955885
0.0,0.07532785
0.0,0.12167712
0.0,0.090644695
0.0,0.07951748
0.0,0.10041276
1.0,0.1390704
0.0,0.12741509
0.0,0.058989283
0.0,0.05267573
0.0,0.047087736
0.0,0.080024414
0.0,0.07112375
0.0,0.08440043
0.0,0.068885595
0.0,0.08702629
0.0,0.15208942
0.0,0.10960434
0.0,0.08808047
0.0,0.1424051
0.0,0.054606684
0.0,0.12208598
0.0,0.06793874
0.0,0.03674543
0.0,0.13454224
1.0,0.035687428
0.0,0.10520606
0.0,0.06662632
0.0,0.042567413
0.0,0.0813299
0.0,0.13850424
0.0,0.13142323
0.0,0.097549215
0.0,0.075107396
0.0,0.10960224
0.0,0.06406966
0.0,0.10097015
0.0,0.037834633
1.0,0.11113813
0.0,0.10245255
0.0,0.11550383
0.0,0.05860631
0.0,0.110909745
0.0,0.17368452
0.0,0.07248741
0.0,0.10182206
0.0,0.06254454
0.0,0.068332344
0.0,0.123681575
1.0,0.119838744
0.0,0.10241364
0.0,0.10124305
0.0,0.06848099
0.0,0.10850547
0.0,0.06805459
0.0,0.12047621
0.0,0.0632646
0.0,0.11758189
0.0,0.014230137
0.0,0.098189816
0.0,0.119292125
0.0,0.016816016
0.0,0.041307554
0.0,0.035904612
0.0,0.08096158
0.0,0.058853958
0.0,0.055132918
0.0,0.1089132
0.0,0.11053684
0.0,0.09830125
0.0,0.077069335
0.0,0.060965583
0.0,0.07773473
0.0,0.090151295
0.0,0.08042624
0.0,0.107908726
0.0,0.13243918
0.0,0.093567565
0.0,0.08602135
0.0,0.06452267
0.0,0.10000899
0.0,0.06265221
0.0,0.075491264
0.0,0.11303891
0.0,0.043113947
0.0,0.05917515
0.0,0.074071385
0.0,0.06397571
0.0,0.11757696
0.0,0.086428694
0.0,0.11402676
1.0,0.018938381
0.0,0.065232694
0.0,0.082779035
0.0,0.05074778
0.0,0.10569942
0.0,0.12275039
0.0,0.08170005
0.0,0.077221334
0.0,0.0607074
0.0,0.052903198
0.0,0.08503376
0.0,0.092097215
0.0,0.070533946
0.0,0.09115647
0.0,0.050690003
0.0,0.076146916
0.0,0.10171249
0.0,0.087210566
0.0,0.093236566
0.0,0.0807806
0.0,0.094305426
0.0,0.119050816
0.0,0.061400805
0.0,0.07832695
0.0,0.0759555
0.0,0.060730565
0.0,0.12112894
0.0,0.11369213
0.0,0.06600399
0.0,0.112227924
0.0,0.046048068
0.0,0.07732499
0.0,0.06363243
0.0,0.0902269
0.0,0.10327507
0.0,0.057679344
0.0,0.08826145
0.0,0.052565932
0.0,0.098987706
0.0,0.096574485
0.0,0.074381255
0.0,0.087406114
0.0,0.10676886
0.0,0.12300605
0.0,0.0813644
0.0,0.10251546
0.0,0.13122955
0.0,0.113374755
0.0,0.08054803
0.0,0.074206784
0.0,0.08469645
0.0,0.09743632
0.0,0.07553264
0.0,0.09023346
0.0,0.04978257
0.0,0.12393061
0.0,0.04215224
0.0,0.12681356
0.0,0.06129336
0.0,0.094986536
0.0,0.123103194
0.0,0.09896543
0.0,0.09165464
0.0,0.12902713
0.0,0.11963577
0.0,0.04028236
0.0,0.09671234
0.0,0.09050603
0.0,0.114753
0.0,0.0595541
0.0,0.052521072
0.0,0.11744791
0.0,0.112787284
0.0,0.062302187
0.0,0.10719065
0.0,0.0381661
0.0,0.10094562
0.0,0.096761145
0.0,0.09083648
1.0,0.08327439
0.0,0.06928099
0.0,0.06920241
0.0,0.08225815
0.0,0.070640914
1.0,0.06316773
0.0,0.057593115
0.0,0.10055188
0.0,0.050004266
0.0,0.07760327
0.0,0.052709185
0.0,0.10842125
0.0,0.057050094
0.0,0.072176285
0.0,0.088816054
0.0,0.059766933
0.0,0.051238023
0.0,0.1171227
0.0,0.05304053
0.0,0.17149471
0.0,0.11717376
0.0,0.123219125
0.0,0.08892155
0.0,0.10145806
0.0,0.10175586
1.0,0.054966558
0.0,0.0973482
0.0,0.10248533
0.0,0.0857365
0.0,0.045311436
0.0,0.12928323
0.0,0.0528656
0.0,0.060170155
0.0,0.060973026
0.0,0.1247114
0.0,0.08570191
1.0,0.0955754
0.0,0.047762457
0.0,0.07193169
0.0,0.066683225
0.0,0.101430364
1.0,0.045787737
0.0,0.09726676
2.0,0.079291314
0.0,0.062147867
0.0,0.08998822
0.0,0.10113138
0.0,0.09199727
0.0,0.070071064
0.0,0.087801285
0.0,0.08539642
0.0,0.12571317
0.0,0.024186699
0.0,0.10078392
0.0,0.11725296
0.0,0.08503786
0.0,0.04204267
0.0,0.08797978
0.0,0.06602527
0.0,0.09760423
0.0,0.12641431
0.0,0.05812642
0.0,0.13999526
0.0,0.07618824
0.0,0.08202412
0.0,0.034769207
0.0,0.10981948
0.0,0.10569428
0.0,0.07768178
0.0,0.07205543
0.0,0.08826185
0.0,0.073214784
0.0,0.06987772
0.0,0.099946916
0.0,0.15547162
0.0,0.08718585
0.0,0.11137193
0.0,0.089653865
0.0,0.050728086
0.0,0.080485895
0.0,0.13333571
0.0,0.08839244
0.0,0.0987853
0.0,0.056946814
0.0,0.11016091
0.0,0.10076828
0.0,0.037759423
0.0,0.07300424
0.0,0.057044912
0.0,0.118060336
0.0,0.07003544
0.0,0.1015408
0.0,0.09230544
0.0,0.106797025
0.0,0.0458954
0.0,0.12814075
0.0,0.08243292
0.0,0.111923575
0.0,0.1005526
0.0,0.16215077
0.0,0.11030956
0.0,0.07199775
0.0,0.09888611
0.0,0.109386146
1.0,0.059765838
0.0,0.11239437
0.0,0.09025549
0.0,0.114780776
0.0,0.082430735
0.0,0.12918064
0.0,0.124722786
0.0,0.106724404
0.0,0.08844149
0.0,0.10981689
0.0,0.05993769
0.0,0.12160439
0.0,0.090139255
0.0,0.13460462
0.0,0.11882243
0.0,0.095408246
0.0,0.11077
1.0,0.07620865
0.0,0.09031118
0.0,0.05629285
0.0,0.13339424
0.0,0.075673826
0.0,0.10439296
0.0,0.0869994
0.0,0.10028225
0.0,0.05623604
0.0,0.053534694
0.0,0.016423497
0.0,0.089939505
0.0,0.06211566
0.0,0.14654964
1.0,0.05791201
0.0,0.115329266
0.0,0.09365532
0.0,0.04672426
0.0,0.122734584
0.0,0.037107516
0.0,0.06729573
0.0,0.12183707
0.0,0.11022493
0.0,0.0944834
0.0,0.115283355
0.0,0.09254402
1.0,0.11039623
0.0,0.06220586
0.0,0.056364726
0.0,0.060483098
0.0,0.053518396
0.0,0.059400182
0.0,0.050130416
0.0,0.093224734
0.0,0.10574981
0.0,0.11393097
0.0,0.044553973
0.0,0.12737215
0.0,0.06741786
0.0,0.08069922
0.0,0.08787203
0.0,0.11657138
0.0,0.104193985
1.0,0.09414741
0.0,0.14215219
0.0,0.09184255
0.0,0.09840787
1.0,0.1073318
0.0,0.025896735
0.0,0.09553024
0.0,0.079011396
0.0,0.043066945
0.0,0.078660324
0.0,0.095588
0.0,0.048501953
0.0,0.10384238
0.0,0.045486014
0.0,0.13558535
0.0,0.09623759
0.0,0.059170976
0.0,0.07734372
0.0,0.08250075
0.0,0.062342085
0.0,0.06653001
0.0,0.044795692
0.0,0.046289086
0.0,0.10605724
0.0,0.060375806
0.0,0.07299994
0.0,0.10518301
0.0,0.09312913
0.0,0.11583255
0.0,0.09568657
0.0,0.09481853
0.0,0.094104186
0.0,0.10212989
0.0,0.14234169
0.0,0.04364323
0.0,0.08015225
0.0,0.092125215
0.0,0.09204363
0.0,0.13657774
0.0,0.095699556
0.0,0.11368105
0.0,0.09987614
0.0,0.10779703
0.0,0.093865186
0.0,0.1111654
0.0,0.057257693
0.0,0.063464545
0.0,0.04118736
0.0,0.081268296
0.0,0.06733688
0.0,0.07897507
0.0,0.074733146
0.0,0.09369548
0.0,0.060215935
0.0,0.121662326
0.0,0.11324551
0.0,0.09726834
1.0,0.097506754
0.0,0.017373193
0.0,0.10983406
0.0,0.12760691
0.0,0.07021795
0.0,0.07775883
0.0,0.09720904
0.0,0.06545416
0.0,0.11949375
0.0,0.093118
0.0,0.13482791
1.0,0.06549416
0.0,0.05905846
0.0,0.08692669
0.0,0.053959716
0.0,0.087061115
0.0,0.12965606
0.0,0.0115390215
0.0,0.080490805
0.0,0.08513186
0.0,0.07437448
0.0,0.045710903
0.0,0.09938018
0.0,0.01585546
0.0,0.042817086
0.0,0.11659301
0.0,0.10554334
0.0,0.036143355
0.0,0.11740284
0.0,0.12723501
0.0,0.11077732
0.0,0.08734066
0.0,0.052699313
0.0,0.0876354
0.0,0.1116547
0.0,0.07472965
0.0,0.073201396
1.0,0.11937577
0.0,0.10806179
0.0,0.07442298
0.0,0.08032934
0.0,0.10798635
0.0,0.110118896
0.0,0.0708117
0.0,0.051468246
0.0,0.0659436
0.0,0.057149842
0.0,0.05115187
0.0,0.06555677
0.0,0.13370435
0.0,0.07680039
0.0,0.110133044
0.0,0.10387009
0.0,0.05441932
0.0,0.1047661
0.0,0.10200038
0.0,0.05963422
0.0,0.08546253
0.0,0.08330941
1.0,0.08101464
1.0,0.08026162
0.0,0.08747781
0.0,0.12257869
0.0,0.13114044
0.0,0.07608455
0.0,0.06387105
0.0,0.06312349
0.0,0.06703872
0.0,0.09575006
0.0,0.066899
0.0,0.053714387
0.0,0.0675577
0.0,0.09644114
0.0,0.09974897
0.0,0.095262066
0.0,0.105801046
0.0,0.13188602
0.0,0.04584843
0.0,0.105086155
0.0,0.060421064
0.0,0.059262518
0.0,0.041693557
0.0,0.089994594
0.0,0.03272474
0.0,0.08450052
0.0,0.07265458
0.0,0.0629139
0.0,0.09654992
0.0,0.11022825
0.0,0.056451753
0.0,0.08629949
0.0,0.08999066
0.0,0.09693719
0.0,0.13105541
0.0,0.11416149
0.0,0.0913606
0.0,0.018951014
0.0,0.086362764
0.0,0.08602762
0.0,0.03429702
0.0,0.07425595
0.0,0.0977238
0.0,0.11218453
0.0,0.086747706
0.0,0.10107162
0.0,0.07153764
0.0,0.06750782
0.0,0.111648045
0.0,0.059790537
0.0,0.09572404
0.0,0.09371112
0.0,0.103979036
0.0,0.06853153
0.0,0.045447998
0.0,0.08524625
0.0,0.10157295
2.0,0.08561986
0.0,0.023721736
0.0,0.06064491
0.0,0.15194878
0.0,0.12005986
0.0,0.047186475
0.0,0.08745597
0.0,0.05862922
0.0,0.07804248
0.0,0.10197052
0.0,0.05236845
0.0,0.07005909
0.0,0.10634305
0.0,0.04013117
0.0,0.038772304
0.0,0.09918125
0.0,0.13350396
0.0,0.076767184
0.0,0.10762471
0.0,0.055177417
0.0,0.078882046
0.0,0.10195661
0.0,0.08688229
0.0,0.082054965
0.0,0.097637095
0.0,0.108287044
0.0,0.05423886
0.0,0.05338026
0.0,0.086060345
0.0,0.07117656
0.0,0.051638074
0.0,0.12389856
0.0,0.04835324
0.0,0.07100149
0.0,0.09174588
0.0,0.15917021
0.0,0.102171995
0.0,0.12608217
0.0,0.06882705
0.0,0.10034532
0.0,0.060686897
0.0,0.08704281
1.0,0.07197552
0.0,0.12185569
1.0,0.08283597
0.0,0.119245864
0.0,0.098336615
0.0,0.082822464
1.0,0.078816906
0.0,0.06371198
0.0,0.078825556
0.0,0.07694423
1.0,0.080684535
0.0,0.051390804
0.0,0.058540218
0.0,0.023314154
0.0,0.13193837
0.0,0.061570253
0.0,0.055600606
1.0,0.081904694
0.0,0.11226459
1.0,0.07757937
0.0,0.10839375
0.0,0.12748972
0.0,0.112150945
0.0,0.15057191
0.0,0.10832782
0.0,0.071276076
0.0,0.06960261
0.0,0.04513502
0.0,0.09311119
0.0,0.019664794
0.0,0.10423161
0.0,0.11291465
0.0,0.094963804
0.0,0.09341706
0.0,0.044820692
0.0,0.10302526
0.0,0.08426126
0.0,0.07031344
0.0,0.0977505
0.0,0.13310014
0.0,0.05910899
0.0,0.01715618
0.0,0.12585756
0.0,0.027241291
0.0,0.067468435
0.0,0.051261824
0.0,0.07477307
0.0,0.0631735
0.0,0.12861294
0.0,0.07560748
0.0,0.0802307
0.0,0.11386243
0.0,0.07831143
0.0,0.08033036
0.0,0.108775556
0.0,0.09528506
0.0,0.08344419
0.0,0.14131114
0.0,0.1081839
1.0,0.08348176
0.0,0.051630873
0.0,0.086948186
0.0,0.076514915
0.0,0.11439581
0.0,0.070787676
0.0,0.031244107
0.0,0.050755
0.0,0.1109587
0.0,0.07297314
0.0,0.08945201
0.0,0.114006616
0.0,0.08491318
0.0,0.057269435
0.0,0.0919837
0.0,0.108926624
0.0,0.041403066
0.0,0.04822763
0.0,0.08014321
0.0,0.06039023
0.0,0.047845293
0.0,0.040345624
0.0,0.09722204
0.0,0.08258927
0.0,0.068475276
0.0,0.09023819
0.0,0.06753826
0.0,0.1169422
0.0,0.064899385
0.0,0.09645657
0.0,0.0967622
0.0,0.06939818
0.0,0.06572178
0.0,0.097904
0.0,0.08742235
0.0,0.08941547
0.0,0.097182825
0.0,0.10699875
0.0,0.11616374
0.0,0.05588728
1.0,0.060826756
0.0,0.071193144
0.0,0.11727147
0.0,0.075850464
0.0,0.08947228
0.0,0.048731692
0.0,0.071882576
1.0,0.07764495
0.0,0.09020526
0.0,0.14666687
0.0,0.075587206
0.0,0.07270974
0.0,0.08909546
0.0,0.07288492
0.0,0.07141564
0.0,0.10321818
0.0,0.07452298
0.0,0.10141291
0.0,0.10596653
0.0,0.12998922
0.0,0.073314175
0.0,0.10591642
0.0,0.11672179
0.0,0.06873081
0.0,0.060297046
1.0,0.10223191
0.0,0.06433497
0.0,0.092647195
0.0,0.09633773
0.0,0.14590544
0.0,0.049533952
0.0,0.097548425
0.0,0.07207249
0.0,0.046433456
0.0,0.10150775
0.0,0.0465733
0.0,0.12741065
0.0,0.08471986
0.0,0.112548344
0.0,0.09547808
1.0,0.038192704
0.0,0.09988324
0.0,0.08990529
0.0,0.069952436
0.0,0.07019228
0.0,0.08748154
0.0,0.1663735
0.0,0.047829553
0.0,0.040781703
0.0,0.057294153
0.0,0.0681093
0.0,0.08833616
0.0,0.06499923
0.0,0.062130474
0.0,0.14507902
0.0,0.07841697
0.0,0.10533195
0.0,0.059192266
0.0,0.08196377
0.0,0.045176167
0.0,0.06263449
0.0,0.05053499
0.0,0.10286486
0.0,0.11213378
0.0,0.070953466
0.0,0.097290695
0.0,0.03327325
0.0,0.070282064
0.0,0.062532194
0.0,0.12097736
0.0,0.07489894
0.0,0.10841114
0.0,0.13699414
0.0,0.093178675
0.0,0.123484395
0.0,0.0729138
0.0,0.05603856
0.0,0.0763644
0.0,0.06843526
0.0,0.051222436
1.0,0.07858832
0.0,0.05676896
0.0,0.068473876
0.0,0.060395125
1.0,0.055098645
0.0,0.076287076
0.0,0.045421198
0.0,0.07214184
0.0,0.090857625
0.0,0.07374023
0.0,0.041108288
0.0,0.055875037
0.0,0.12456846
0.0,0.11017425
0.0,0.11709841
0.0,0.06592159
0.0,0.12091894
0.0,0.11795052
0.0,0.1023974
0.0,0.07283892
0.0,0.10930459
0.0,0.08674676
0.0,0.06830856
0.0,0.04503791
0.0,0.061763797
0.0,0.093490705
0.0,0.08264294
0.0,0.085159875
0.0,0.11908531
0.0,0.0890958
0.0,0.08017146
0.0,0.06812761
0.0,0.081658125
0.0,0.059066825
0.0,0.104650185
0.0,0.13099521
0.0,0.069213495
0.0,0.08705053
0.0,0.11570584
0.0,0.08688936
0.0,0.11100681
0.0,0.08917205
0.0,0.07772378
0.0,0.10012957
0.0,0.09301205
1.0,0.09725939
0.0,0.012755988
1.0,0.06263532
0.0,0.117377676
0.0,0.10141015
0.0,0.04944144
0.0,0.067180246
0.0,0.089889236
0.0,0.07017455
0.0,0.10012233
0.0,0.0442645
0.0,0.08383164
0.0,0.077478506
0.0,0.10557181
0.0,0.051928293
0.0,0.09188767
0.0,0.11366928
0.0,0.13921395
0.0,0.121264145
0.0,0.02772593
0.0,0.12701505
0.0,0.10623682
0.0,0.04047886
0.0,0.052405693
0.0,0.11860043
0.0,0.082642294
0.0,0.09896043
0.0,0.05661043
0.0,0.12877752
0.0,0.09187028
0.0,0.080743015
0.0,0.07241636
0.0,0.018085465
0.0,0.05675211
0.0,0.09941608
0.0,0.08677183
0.0,0.082888484
1.0,0.11690493
0.0,0.016766936
0.0,0.07178016
1.0,0.079661205
0.0,0.13369764
0.0,0.097252294
0.0,0.07220291
0.0,0.09203132
0.0,0.096987076
0.0,0.07673966
0.0,0.10598662
0.0,0.13420874
0.0,0.06455426
0.0,0.10273724
0.0,0.09729624
0.0,0.08728032
0.0,0.078394845
0.0,0.11068373
0.0,0.042721506
0.0,0.10668975
0.0,0.049302995
0.0,0.12932073
0.0,0.06517678
0.0,0.06631613
1.0,0.06539848
0.0,0.14229311
0.0,0.10320317
1.0,0.07156336
0.0,0.114377484
0.0,0.13499457
0.0,0.09043175
0.0,0.064598046
0.0,0.10837272
0.0,0.08182922
0.0,0.08129818
0.0,0.14458211
0.0,0.059309814
0.0,0.10389418
1.0,0.14043866
0.0,0.028929494
0.0,0.05670134
0.0,0.07574986
1.0,0.08683054
0.0,0.11878244
0.0,0.1064242
0.0,0.08082592
0.0,0.0726789
0.0,0.14081518
0.0,0.13009427
0.0,0.059197813
0.0,0.084411964
1.0,0.06446816
0.0,0.122851685
0.0,0.1202768
0.0,0.085297525
0.0,0.09906332
0.0,0.14522697
0.0,0.118250825
0.0,0.120990545
0.0,0.08935933
0.0,0.066374496
0.0,0.13296945
0.0,0.0938341
0.0,0.06554864
0.0,0.084460154
0.0,0.042552944
1.0,0.046436757
0.0,0.06288754
0.0,0.100380644
0.0,0.09189488
0.0,0.08844423
0.0,0.08351055
0.0,0.09238196
0.0,0.06050179
0.0,0.124083586
0.0,0.07442809
0.0,0.085220724
1.0,0.092983276
0.0,0.07414229
0.0,0.1112481
0.0,0.092257604
0.0,0.11815726
0.0,0.056340892
0.0,0.13574022
0.0,0.07261924
0.0,0.086074315
0.0,0.08907197
0.0,0.10934174
0.0,0.07193402
0.0,0.13745382
0.0,0.09327909
0.0,0.09653735
0.0,0.083760835
1.0,0.10619073
0.0,0.06667741
0.0,0.06143352
0.0,0.10262066
0.0,0.06787129
0.0,0.12771344
1.0,0.10047016
0.0,0.06809938
0.0,0.08284952
1.0,0.1196619
0.0,0.09103402
0.0,0.06711509
0.0,0.085113674
0.0,0.1384432
0.0,0.08501398
0.0,0.08432071
0.0,0.0926504
0.0,0.053291284
0.0,0.09719877
0.0,0.040695734
0.0,0.042404756
0.0,0.074827515
0.0,0.12960623
0.0,0.12396374
0.0,0.066506065
0.0,0.13130015
0.0,0.07779786
0.0,0.062450413
0.0,0.08095853
0.0,0.061827857
0.0,0.08921753
0.0,0.044097446
0.0,0.08060077
0.0,0.08155374
0.0,0.062016502
0.0,0.07248315
0.0,0.0796862
0.0,0.13426535
0.0,0.08379591
0.0,0.11434613
0.0,0.06250177
0.0,0.13086118
0.0,0.05207859
1.0,0.013841663
1.0,0.044846795
0.0,0.07850173
0.0,0.06516298
0.0,0.07093771
0.0,0.11674193
0.0,0.07576718
0.0,0.086868644
0.0,0.0925447
0.0,0.09963521
0.0,0.04507643
0.0,0.09500502
0.0,0.11658306
0.0,0.051078714
0.0,0.07668873
0.0,0.05967188
0.0,0.12933953
0.0,0.078212686
0.0,0.07409984
0.0,0.096589014
0.0,0.10958113
0.0,0.09688647
0.0,0.11422597
0.0,0.101931
0.0,0.09300176
0.0,0.06829697
0.0,0.1251916
0.0,0.08211297
0.0,0.08752095
1.0,0.115623854
1.0,0.082102574
0.0,0.027407348
0.0,0.09857896
0.0,0.07250137
0.0,0.11513618
0.0,0.10209955
0.0,0.08106037
0.0,0.09275377
0.0,0.0768528
0.0,0.13739842
0.0,0.06814861
0.0,0.12890436
0.0,0.12472038
0.0,0.089548506
0.0,0.042055994
1.0,0.042311944
0.0,0.08072951
0.0,0.08671826
0.0,0.053141885
0.0,0.117492944
0.0,0.111027665
0.0,0.032773744
0.0,0.041685447
0.0,0.0676151
0.0,0.09053886
1.0,0.062349025
0.0,0.07339448
1.0,0.08971438
0.0,0.097774975
0.0,0.0644456
0.0,0.08054723
0.0,0.068396896
0.0,0.1132531
0.0,0.09987588
0.0,0.059752744
0.0,0.06289061
0.0,0.1194578
1.0,0.043453626
0.0,0.041626055
0.0,0.100008935
0.0,0.1550114
0.0,0.08480351
0.0,0.059222843
0.0,0.085851
0.0,0.15671524
0.0,0.084728345
0.0,0.059140638
0.0,0.08680974
1.0,0.08820225
0.0,0.10201388
0.0,0.043062285
1.0,0.06668162
0.0,0.12164829
0.0,0.09226282
0.0,0.054784868
0.0,0.11564566
0.0,0.09150517
0.0,0.071196586
0.0,0.07648048
0.0,0.03025243
0.0,0.06363604
0.0,0.047126427
0.0,0.078169025
0.0,0.11651275
0.0,0.1017848
0.0,0.07738304
0.0,0.06635089
0.0,0.06588668
0.0,0.08917275
0.0,0.069637895
0.0,0.07564326
0.0,0.10274194
0.0,0.14832275
0.0,0.06805303
1.0,0.1306785
0.0,0.10639037
1.0,0.06555919
0.0,0.06561717
0.0,0.12782659
0.0,0.094175875
0.0,0.13173251
0.0,0.04221072
0.0,0.08574095
0.0,0.10538832
0.0,0.12846221
0.0,0.03993478
0.0,0.05984138
0.0,0.087321796
0.0,0.09208262
0.0,0.12967281
0.0,0.06105082
0.0,0.118511386
0.0,0.07499789
0.0,0.106381655
0.0,0.046083905
0.0,0.13143784
0.0,0.06830749
0.0,0.14040336
0.0,0.082209915
0.0,0.0876092
0.0,0.06479357
1.0,0.09422182
0.0,0.05741383
0.0,0.07911315
0.0,0.11645441
0.0,0.07918429
0.0,0.09318323
0.0,0.095817745
0.0,0.14894618
1.0,0.07217241
0.0,0.054793097
0.0,0.09815766
0.0,0.09286873
0.0,0.088262394
0.0,0.11124902
0.0,0.08548299
0.0,0.083942726
1.0,0.10267034
0.0,0.029942248
0.0,0.066497855
0.0,0.07787237
0.0,0.08664279
0.0,0.07743507
0.0,0.10225712
0.0,0.067621805
0.0,0.068872355
0.0,0.021154983
0.0,0.11335629
0.0,0.093321964
0.0,0.049380735
0.0,0.07541147
0.0,0.13069738
0.0,0.07327667
0.0,0.091209814
0.0,0.039362416
0.0,0.087210566
0.0,0.10587039
0.0,0.10541034
0.0,0.10024133
0.0,0.08581519
0.0,0.031153694
0.0,0.02335275
0.0,0.106660604
0.0,0.07000806
0.0,0.12179917
0.0,0.07160704
0.0,0.040562667
0.0,0.06592897
0.0,0.14688657
0.0,0.044911914
0.0,0.08947535
0.0,0.12845732
1.0,0.073021695
0.0,0.017299158
0.0,0.012386376
0.0,0.07789961
0.0,0.062426254
0.0,0.042483553
0.0,0.067763604
0.0,0.15117797
0.0,0.06205083
0.0,0.07679922
0.0,0.089204326
0.0,0.059868734
0.0,0.023532767
0.0,0.11416577
0.0,0.07494262
0.0,0.09635071
0.0,0.089514285
0.0,0.06321526
0.0,0.060101047
0.0,0.13484958
0.0,0.10375472
0.0,0.064733475
0.0,0.08061449
0.0,0.100265086
1.0,0.07650054
0.0,0.12490068
0.0,0.032388583
0.0,0.06807127
0.0,0.0896104
0.0,0.103050336
0.0,0.08368267
0.0,0.103654236
0.0,0.056246754
0.0,0.09057146
0.0,0.17397194
0.0,0.06722402
0.0,0.06173856
0.0,0.14400281
0.0,0.0789223
0.0,0.095194206
0.0,0.11325445
0.0,0.093592085
0.0,0.10149658
0.0,0.08016347
0.0,0.062545076
0.0,0.10067151
0.0,0.083075844
0.0,0.080686845
0.0,0.09787676
0.0,0.09074251
0.0,0.09115929
0.0,0.13639438
0.0,0.0938463
0.0,0.0792254
0.0,0.09989105
0.0,0.08134468
0.0,0.10765654
0.0,0.09338117
0.0,0.118780516
0.0,0.023167593
0.0,0.09837088
0.0,0.10659075
0.0,0.10962561
0.0,0.08909641
0.0,0.10220279
0.0,0.08611389
0.0,0.04263701
0.0,0.072250076
0.0,0.10878225
0.0,0.07406086
0.0,0.08148335
0.0,0.07538152
0.0,0.09221879
0.0,0.12746407
0.0,0.04534941
0.0,0.11306972
0.0,0.010498631
0.0,0.10804473
0.0,0.07836098
0.0,0.12043015
0.0,0.10471648
0.0,0.107347585
0.0,0.024126386
0.0,0.050797664
0.0,0.055542044
0.0,0.099685825
0.0,0.093088984
0.0,0.04078776
0.0,0.06532767
0.0,0.06675432
0.0,0.105868496
1.0,0.12010481
0.0,0.07885061
0.0,0.11427363
0.0,0.0738839
0.0,0.12922955
0.0,0.015911272
0.0,0.09002453
0.0,0.12958547
0.0,0.08552568
0.0,0.13284774
0.0,0.09466383
0.0,0.08486256
0.0,0.08693923
0.0,0.07772079
0.0,0.08146456
0.0,0.10914197
0.0,0.028425107
0.0,0.09983972
0.0,0.09612754
0.0,0.06623402
0.0,0.09039625
0.0,0.06788026
0.0,0.085341424
0.0,0.1454872
0.0,0.120197795
0.0,0.06183654
0.0,0.06653782
0.0,0.12085311
0.0,0.10629403
0.0,0.13843016
0.0,0.06664362
0.0,0.114229344
0.0,0.09169102
0.0,0.026754776
0.0,0.014396291
0.0,0.08685756
0.0,0.07832396
0.0,0.052421264
0.0,0.15779643
0.0,0.059940945
0.0,0.088756636
0.0,0.08163191
1.0,0.07126071
0.0,0.14912799
0.0,0.05154984
0.0,0.043084282
0.0,0.050036587
0.0,0.09372549
0.0,0.08355695
1.0,0.12561643
0.0,0.12716268
0.0,0.1307255
0.0,0.098612905
0.0,0.05930082
0.0,0.098388635
0.0,0.10114664
0.0,0.06564806
0.0,0.10216488
0.0,0.06903551
0.0,0.10155864
1.0,0.10521268
0.0,0.091627926
0.0,0.121223554
0.0,0.05168864
0.0,0.05288698
0.0,0.12320423
0.0,0.085812345
0.0,0.15303084
0.0,0.06151319
0.0,0.0607839
0.0,0.105528116
1.0,0.08783916
0.0,0.08170584
0.0,0.057704076
0.0,0.09133024
0.0,0.107906155
0.0,0.07787443
0.0,0.08091405
0.0,0.088369906
0.0,0.107004665
0.0,0.092414655
0.0,0.079969615
0.0,0.099972084
0.0,0.07104623
0.0,0.063712224
0.0,0.056911483
0.0,0.09675189
0.0,0.13746479
0.0,0.05520859
0.0,0.05879029
1.0,0.09698208
0.0,0.05291724
0.0,0.13639383
0.0,0.1159132
0.0,0.08613514
0.0,0.054175068
0.0,0.08946929
0.0,0.05428533
0.0,0.061811835
0.0,0.050678425
0.0,0.14066891
0.0,0.035476126
0.0,0.11647301
1.0,0.053409524
0.0,0.1263101
0.0,0.17626692
0.0,0.010725099
0.0,0.05404603
0.0,0.11657016
0.0,0.101770416
0.0,0.09553744
0.0,0.08712644
0.0,0.0712706
0.0,0.11588438
0.0,0.07285228
0.0,0.14986658
0.0,0.1273136
0.0,0.14582774
0.0,0.08793628
0.0,0.076338366
0.0,0.12101209
0.0,0.07967973
0.0,0.08168285
0.0,0.06672087
0.0,0.059238516
0.0,0.062112242
0.0,0.09449489
0.0,0.05481373
0.0,0.13051192
0.0,0.061411023
0.0,0.069151215
0.0,0.08747672
0.0,0.10705167
0.0,0.0722718
0.0,0.082206875
0.0,0.1079924
0.0,0.055385847
0.0,0.067040704
0.0,0.041602552
0.0,0.083714515
0.0,0.107684776
0.0,0.097403824
0.0,0.1033719
2.0,0.07422129
0.0,0.056374513
0.0,0.09937987
0.0,0.1239703
0.0,0.10530709
0.0,0.08987066
0.0,0.11835405
0.0,0.06973574
0.0,0.098468706
0.0,0.09039929
1.0,0.07781483
0.0,0.08196406
0.0,0.13540427
0.0,0.07897763
0.0,0.10218069
0.0,0.08067163
0.0,0.08705989
0.0,0.102247514
0.0,0.14975542
0.0,0.12245726
1.0,0.07619822
0.0,0.08754397
0.0,0.10216023
0.0,0.1297358
0.0,0.081729874
0.0,0.1001763
0.0,0.054516196
0.0,0.15625997
0.0,0.09651664
0.0,0.116021
0.0,0.068474
0.0,0.13395594
0.0,0.049566098
0.0,0.085798636
0.0,0.09713539
1.0,0.06761758
0.0,0.06543435
0.0,0.05860085
0.0,0.10288885
0.0,0.10214508
0.0,0.12929775
0.0,0.09385431
0.0,0.108442344
0.0,0.062382273
0.0,0.10381317
1.0,0.05076035
0.0,0.084247395
0.0,0.07261844
0.0,0.016500078
0.0,0.10425134
0.0,0.09489715
0.0,0.07887362
0.0,0.10019909
0.0,0.10010329
0.0,0.099831745
0.0,0.0920694
0.0,0.1401123
0.0,0.08509485
0.0,0.0713622
0.0,0.041029975
0.0,0.07591531
0.0,0.08549665
0.0,0.12782262
0.0,0.05112472
0.0,0.113775596
0.0,0.09038232
0.0,0.09411922
0.0,0.05562747
0.0,0.14131771
0.0,0.1023932
0.0,0.064321324
0.0,0.055753473
0.0,0.087824
0.0,0.11267934
0.0,0.14564994
0.0,0.06257504
1.0,0.09101457
0.0,0.11781202
0.0,0.049713917
0.0,0.09355126
0.0,0.07026497
0.0,0.083325624
0.0,0.1139125
0.0,0.056143403
0.0,0.06535614
0.0,0.1139549
1.0,0.1362147
0.0,0.11895404
0.0,0.10936254
0.0,0.1223753
0.0,0.07676325
0.0,0.11869434
0.0,0.105676994
0.0,0.13219091
1.0,0.096250445
0.0,0.08120872
0.0,0.080900915
0.0,0.05550916
0.0,0.087699436
0.0,0.087891676
0.0,0.10395358
0.0,0.12096297
0.0,0.091604225
0.0,0.10645175
0.0,0.08122706
0.0,0.103715345
0.0,0.067618355
0.0,0.09660278
0.0,0.053903434
1.0,0.08586611
0.0,0.09066521
0.0,0.018404465
0.0,0.08646033
0.0,0.10604763
0.0,0.10090635
0.0,0.14811324
0.0,0.12175129
0.0,0.085938245
0.0,0.07221035
0.0,0.08994311
0.0,0.10344318
0.0,0.097484715
0.0,0.048972555
0.0,0.109518394
0.0,0.06661634
0.0,0.108855695
0.0,0.104491495
0.0,0.085345596
0.0,0.071332306
0.0,0.061033037
0.0,0.06286351
0.0,0.11514807
0.0,0.045324467
1.0,0.05576847
0.0,0.052010097
0.0,0.06781917
0.0,0.039783888
0.0,0.09021643
0.0,0.04944232
0.0,0.1506785
0.0,0.103119746
0.0,0.07714868
0.0,0.12631525
0.0,0.10030684
0.0,0.029219767
0.0,0.05116363
0.0,0.081459805
0.0,0.11540463
0.0,0.1069303
0.0,0.103052475
0.0,0.08015055
0.0,0.058491275
0.0,0.0637605
0.0,0.11066143
0.0,0.13307545
1.0,0.053216524
0.0,0.10824412
0.0,0.08797537
0.0,0.06735453
0.0,0.062259406
0.0,0.056090876
0.0,0.06680807
0.0,0.09139164
1.0,0.072392866
0.0,0.09609095
0.0,0.12613168
0.0,0.06615575
0.0,0.11166524
0.0,0.12431826
0.0,0.06842022
0.0,0.06199195
0.0,0.015040667
0.0,0.10328061
0.0,0.057363287
0.0,0.051989812
0.0,0.12058345
0.0,0.062420774
1.0,0.08021704
0.0,0.13604817
0.0,0.10119995
0.0,0.022516571
0.0,0.061116297
0.0,0.072817
0.0,0.0901887
0.0,0.038140338
0.0,0.08235073
0.0,0.06452601
0.0,0.064716995
0.0,0.104992665
0.0,0.13413964
0.0,0.13969116
0.0,0.117109135
0.0,0.04745363
0.0,0.11114475
0.0,0.08619967
0.0,0.09112859
0.0,0.09208545
0.0,0.1094689
0.0,0.11028247
0.0,0.033525124
0.0,0.08006884
0.0,0.08187918
0.0,0.08912969
0.0,0.0797421
0.0,0.048328117
0.0,0.055304985
0.0,0.13220258
1.0,0.112466425
0.0,0.09716529
1.0,0.07916352
0.0,0.057784628
0.0,0.07041764
0.0,0.06529931
0.0,0.110797845
0.0,0.087073736
0.0,0.08177898
0.0,0.09991418
0.0,0.06803103
0.0,0.09796576
0.0,0.08625526
0.0,0.1117659
0.0,0.08587905
0.0,0.12450759
0.0,0.07948985
0.0,0.050970104
0.0,0.040187642
0.0,0.08839482
0.0,0.032931447
0.0,0.09956993
0.0,0.11839198
0.0,0.105246074
0.0,0.10522804
0.0,0.10513853
1.0,0.10461379
0.0,0.07177297
1.0,0.10469383
0.0,0.0810464
0.0,0.10502401
0.0,0.087415114
0.0,0.07020044
0.0,0.111969374
0.0,0.05786081
0.0,0.12966017
0.0,0.11570777
0.0,0.09591914
0.0,0.05338653
0.0,0.07751329
0.0,0.054013673
0.0,0.080248296
0.0,0.089273155
0.0,0.099298894
0.0,0.10108165
0.0,0.07029509
0.0,0.049555346
0.0,0.09504181
0.0,0.08803429
0.0,0.05826371
0.0,0.07078525
0.0,0.12904285
0.0,0.07577437
0.0,0.103938654
0.0,0.09401804
0.0,0.0969285
0.0,0.09343435
0.0,0.12006533
0.0,0.11276591
0.0,0.12896469
0.0,0.07979545
0.0,0.07762522
0.0,0.09139539
0.0,0.06579268
0.0,0.100818574
0.0,0.082582265
0.0,0.13074227
0.0,0.085330844
0.0,0.08362407
0.0,0.06357851
0.0,0.11382761
0.0,0.06756004
0.0,0.13736692
0.0,0.0789094
0.0,0.07366547
1.0,0.053865626
0.0,0.061858866
0.0,0.082826294
0.0,0.06606436
0.0,0.07190038
0.0,0.062369127
0.0,0.07508201
0.0,0.078170314
0.0,0.100826465
0.0,0.110577695
0.0,0.114807025
0.0,0.09035557
0.0,0.050139643
0.0,0.097071625
0.0,0.042761903
0.0,0.06271834
0.0,0.04720261
0.0,0.08332006
0.0,0.028836729
0.0,0.12339351
0.0,0.106428325
0.0,0.120241195
0.0,0.06708319
0.0,0.098332115
0.0,0.07690907
0.0,0.097456366
0.0,0.07921061
0.0,0.12165952
0.0,0.06766609
0.0,0.082879074
0.0,0.0836701
0.0,0.079191275
0.0,0.059421204
0.0,0.10001888
1.0,0.114715144
0.0,0.0982274
0.0,0.10351088
1.0,0.06860087
0.0,0.12302386
1.0,0.097766235
0.0,0.10062339
0.0,0.09092265
0.0,0.08479467
0.0,0.090161994
2.0,0.12148251
0.0,0.044896275
0.0,0.078481294
0.0,0.07418409
0.0,0.09956084
0.0,0.08981416
0.0,0.050721724
0.0,0.07632392
0.0,0.09780239
0.0,0.04231397
0.0,0.09132521
0.0,0.08460654
0.0,0.102121174
0.0,0.071371675
0.0,0.080256045
0.0,0.08749472
1.0,0.11966832
0.0,0.07971972
0.0,0.057969242
0.0,0.049606092
0.0,0.11651275
0.0,0.12116311
0.0,0.0835298
0.0,0.05455479
0.0,0.1613891
0.0,0.06698621
0.0,0.12098725
0.0,0.04156662
0.0,0.103655525
0.0,0.06529178
0.0,0.08695561
0.0,0.09011668
0.0,0.094690874
0.0,0.108764015
0.0,0.12552227
0.0,0.10152223
0.0,0.09359298
0.0,0.018612454
0.0,0.069104604
0.0,0.06519948
0.0,0.047005225
0.0,0.087025955
0.0,0.089359626
0.0,0.13411872
0.0,0.084633894
0.0,0.062115576
0.0,0.061107848
0.0,0.073503405
0.0,0.070223875
0.0,0.09092209
0.0,0.09190362
1.0,0.048897117
0.0,0.0448526
0.0,0.15656242
0.0,0.040323567
0.0,0.076179005
0.0,0.08771763
0.0,0.091944695
0.0,0.080362275
0.0,0.10521958
0.0,0.08210297
0.0,0.13027719
0.0,0.0940918
0.0,0.07808872
0.0,0.0725748
0.0,0.07678016
0.0,0.099572
0.0,0.15380384
0.0,0.06576106
0.0,0.08638669
0.0,0.14316532
0.0,0.1061514
0.0,0.06950288
0.0,0.13357343
0.0,0.05927846
0.0,0.066722065
0.0,0.111611634
0.0,0.0535679
0.0,0.048794575
0.0,0.026795352
0.0,0.05701024
0.0,0.089896955
0.0,0.07573917
0.0,0.094628535
0.0,0.084132485
0.0,0.071544364
0.0,0.14277507
0.0,0.13941555
0.0,0.08949873
0.0,0.089402124
0.0,0.06630474
0.0,0.12398627
0.0,0.09765938
0.0,0.10424274
0.0,0.098947376
0.0,0.10610229
0.0,0.055885825
0.0,0.115555644
0.0,0.0897665
1.0,0.08682831
0.0,0.07066994
0.0,0.078629576
0.0,0.10875517
0.0,0.11443744
0.0,0.05889948
0.0,0.0903901
0.0,0.08594087
0.0,0.112130836
0.0,0.039877564
0.0,0.017788697
0.0,0.15425405
0.0,0.021490231
0.0,0.054208208
0.0,0.12438093
1.0,0.09019607
0.0,0.12461174
0.0,0.059494764
0.0,0.07765221
0.0,0.08979651
0.0,0.10172631
0.0,0.077070914
0.0,0.10334273
0.0,0.044011414
0.0,0.09031447
0.0,0.10171862
0.0,0.099278346
0.0,0.085960455
0.0,0.11447788
0.0,0.14677727
1.0,0.0752566
0.0,0.12123032
0.0,0.14277917
0.0,0.061889492
0.0,0.049403343
0.0,0.077252015
0.0,0.15815748
0.0,0.10651598
0.0,0.087673075
0.0,0.07893531
0.0,0.08876726
0.0,0.0757225
0.0,0.10965789
0.0,0.09129545
0.0,0.060567472
0.0,0.09215011
0.0,0.062723525
0.0,0.07702389
0.0,0.11281267
0.0,0.10071023
0.0,0.053624123
0.0,0.063241355
0.0,0.08265278
0.0,0.08978204
0.0,0.08885649
0.0,0.071644984
0.0,0.07254076
0.0,0.089026526
0.0,0.07590278
0.0,0.07786192
0.0,0.055411246
0.0,0.07698115
0.0,0.114088625
0.0,0.1214898
0.0,0.07136577
0.0,0.1066244
0.0,0.1422292
0.0,0.07057003
0.0,0.096570596
0.0,0.089496896
0.0,0.0806871
0.0,0.05767728
0.0,0.12777518
0.0,0.08223054
0.0,0.08504654
0.0,0.10586358
1.0,0.054373074
0.0,0.13010406
0.0,0.1319448
0.0,0.08279589
0.0,0.0996021
0.0,0.07588697
0.0,0.13767637
0.0,0.09945294
0.0,0.08240405
0.0,0.09553416
1.0,0.09391895
0.0,0.1274023
0.0,0.078993276
0.0,0.08828275
0.0,0.114842944
0.0,0.140746
0.0,0.10000226
0.0,0.027438633
0.0,0.14112306
0.0,0.082365826
0.0,0.13806482
0.0,0.09143917
0.0,0.06270678
0.0,0.13084461
0.0,0.07895656
0.0,0.12080851
0.0,0.07839669
0.0,0.0768824
0.0,0.081796624
0.0,0.08118388
0.0,0.08290592
0.0,0.08001812
0.0,0.096746385
0.0,0.1311038
0.0,0.12311165
0.0,0.09503574
0.0,0.09295219
0.0,0.04060554
0.0,0.024524804
0.0,0.075805485
0.0,0.09879449
0.0,0.053656854
0.0,0.09715702
0.0,0.07030231
0.0,0.12726025
0.0,0.07570093
0.0,0.039534453
0.0,0.08741147
0.0,0.08185476
0.0,0.12391475
0.0,0.07144523
0.0,0.08699968
0.0,0.08444868
0.0,0.0802775
0.0,0.11173332
0.0,0.07789859
0.0,0.10459311
0.0,0.10225115
0.0,0.12348098
0.0,0.08690684
0.0,0.08103539
0.0,0.08477781
0.0,0.07584381
0.0,0.12526003
0.0,0.09650421
0.0,0.123294175
0.0,0.09479649
0.0,0.10579522
0.0,0.11162707
0.0,0.10004559
0.0,0.07601296
0.0,0.11233364
0.0,0.14565241
0.0,0.0826382
0.0,0.1322528
0.0,0.061452754
0.0,0.053818643
0.0,0.10800491
0.0,0.08574316
0.0,0.08418772
0.0,0.025646444
0.0,0.07551697
0.0,0.043981582
0.0,0.056519832
0.0,0.05109042
0.0,0.08835207
0.0,0.065478824
0.0,0.11090404
0.0,0.089260615
0.0,0.119295
0.0,0.095954776
0.0,0.13605648
0.0,0.043632925
0.0,0.0824966
0.0,0.07865009
0.0,0.06530278
0.0,0.08452496
0.0,0.06365182
0.0,0.0569807
0.0,0.12066226
0.0,0.062025804
0.0,0.05316003
0.0,0.05147738
0.0,0.013229969
0.0,0.14293446
0.0,0.11787661
0.0,0.10226741
0.0,0.05642869
0.0,0.06348909
0.0,0.09725276
0.0,0.07695752
0.0,0.08657485
0.0,0.062219623
0.0,0.071880035
0.0,0.06857243
0.0,0.124340996
0.0,0.0871489
0.0,0.1248617
0.0,0.087921545
0.0,0.1225679
2.0,0.08307457
0.0,0.0618938
0.0,0.0829453
0.0,0.09716158
0.0,0.07848805
0.0,0.14184472
0.0,0.15193053
1.0,0.07377223
0.0,0.06391119
0.0,0.04633721
0.0,0.14332466
0.0,0.05905756
0.0,0.048181742
0.0,0.08491239
0.0,0.07126447
0.0,0.09898263
0.0,0.07338304
0.0,0.10400457
0.0,0.07113291
0.0,0.076365545
0.0,0.07748443
0.0,0.107629895
0.0,0.090917364
0.0,0.08012571
0.0,0.071653955
1.0,0.14829004
0.0,0.11480544
0.0,0.07561018
0.0,0.10774098
0.0,0.0763605
0.0,0.06553988
0.0,0.111292794
0.0,0.07049909
0.0,0.05772978
0.0,0.049243953
0.0,0.05244069
0.0,0.07920249
0.0,0.04326506
0.0,0.09226627
0.0,0.11916486
0.0,0.09710985
0.0,0.08177149
0.0,0.048201803
0.0,0.116172045
1.0,0.04990604
0.0,0.06647241
0.0,0.09801781
0.0,0.08404221
0.0,0.09889238
0.0,0.08629097
0.0,0.14279452
0.0,0.0549255
0.0,0.08006983
0.0,0.0645058
0.0,0.11297365
0.0,0.060609598
0.0,0.066450596
0.0,0.058840897
0.0,0.10252663
0.0,0.08691693
0.0,0.07252675
0.0,0.073124714
0.0,0.057317164
0.0,0.09164883
0.0,0.091410995
0.0,0.07633036
0.0,0.069450155
0.0,0.056263253
0.0,0.09446002
0.0,0.10443245
0.0,0.052352645
0.0,0.06292397
0.0,0.092048176
0.0,0.088032566
0.0,0.033296682
0.0,0.1536638
0.0,0.07939787
1.0,0.030376703
0.0,0.14114161
0.0,0.07683508
0.0,0.016940068
0.0,0.07997471
0.0,0.08931837
0.0,0.07855657
0.0,0.081330806
0.0,0.109672874
0.0,0.058389533
0.0,0.118509464
0.0,0.098938085
0.0,0.0792108
0.0,0.05233153
0.0,0.053209014
0.0,0.075747386
0.0,0.11084609
0.0,0.090845644
0.0,0.0442542
0.0,0.06977494
0.0,0.07663895
0.0,0.09038633
0.0,0.057735343
0.0,0.07929235
0.0,0.11677957
0.0,0.075843886
0.0,0.065924935
0.0,0.07161271
0.0,0.045070857
0.0,0.0390895
2.0,0.092671104
0.0,0.10948383
0.0,0.09148949
0.0,0.059959043
0.0,0.069270715
0.0,0.06331288
0.0,0.08535681
0.0,0.059020456
0.0,0.07643799
0.0,0.076869786
0.0,0.059367605
0.0,0.05896417
0.0,0.07020744
0.0,0.15832986
0.0,0.053412262
0.0,0.07654276
0.0,0.113055244
0.0,0.08638813
0.0,0.099982455
0.0,0.051730298
0.0,0.08939183
0.0,0.061580118
0.0,0.074054204
1.0,0.0953288
0.0,0.10192974
0.0,0.053920284
0.0,0.111266635
0.0,0.105871096
0.0,0.06964319
0.0,0.07211313
0.0,0.1508917
0.0,0.068727255
0.0,0.13289228
0.0,0.09662439
0.0,0.11008495
0.0,0.06455426
1.0,0.04679197
0.0,0.06527344
0.0,0.07549564
0.0,0.057953987
0.0,0.06596181
0.0,0.10841435
0.0,0.07540778
0.0,0.051276725
0.0,0.11811332
0.0,0.045693673
0.0,0.07572709
0.0,0.08457828
0.0,0.088832915
0.0,0.08950055
0.0,0.10496128
0.0,0.08162902
0.0,0.08659973
1.0,0.044924553
0.0,0.070404395
0.0,0.11080849
0.0,0.04172458
0.0,0.05297029
0.0,0.12242614
0.0,0.068873405
0.0,0.09288024
0.0,0.09375554
0.0,0.1304438
0.0,0.06601756
0.0,0.111317925
0.0,0.13062768
0.0,0.0751448
0.0,0.13287635
0.0,0.08352198
0.0,0.037880972
0.0,0.11467981
1.0,0.1306182
0.0,0.11746057
1.0,0.07777453
0.0,0.07102294
0.0,0.09937639
0.0,0.06668492
0.0,0.1163046
0.0,0.07361478
0.0,0.08029838
0.0,0.09495982
0.0,0.048642658
0.0,0.113195464
0.0,0.117510706
0.0,0.118784934
0.0,0.079499744
0.0,0.12238499
0.0,0.06436084
0.0,0.061084002
0.0,0.11544114
0.0,0.080194056
0.0,0.16402172
0.0,0.11756353
0.0,0.05971976
0.0,0.08518506
0.0,0.06900567
0.0,0.105133094
0.0,0.1269423
0.0,0.07621461
0.0,0.07870375
0.0,0.1180667
0.0,0.11592854
0.0,0.08991905
0.0,0.09585417
0.0,0.12304172
0.0,0.08544157
0.0,0.09194044
0.0,0.11956243
0.0,0.13557701
0.0,0.092051245
0.0,0.10725492
0.0,0.070425466
0.0,0.065664455
0.0,0.08189392
0.0,0.09329024
0.0,0.072255574
0.0,0.083254114
0.0,0.042558655
0.0,0.054425042
0.0,0.089315794
0.0,0.069937296
0.0,0.109289974
0.0,0.025613073
0.0,0.0761692
0.0,0.05506345
0.0,0.06949831
0.0,0.09907863
0.0,0.08723736
0.0,0.066472396
0.0,0.07370442
0.0,0.10189688
0.0,0.10488351
0.0,0.06595674
0.0,0.11197049
0.0,0.076938584
0.0,0.07544756
0.0,0.08878666
0.0,0.09586482
0.0,0.101885155
0.0,0.06882186
0.0,0.093195185
0.0,0.09296259
2.0,0.07512198
0.0,0.090562716
0.0,0.06911383
0.0,0.08107798
0.0,0.121056445
0.0,0.10630412
0.0,0.11747502
0.0,0.06479304
0.0,0.093211204
0.0,0.051334545
0.0,0.09373167
0.0,0.017858695
0.0,0.09073308
0.0,0.05391337
0.0,0.09340347
1.0,0.074820615
0.0,0.07238454
0.0,0.1331239
0.0,0.091222234
0.0,0.053766828
0.0,0.08752519
0.0,0.079182476
0.0,0.06934956
0.0,0.04149783
0.0,0.083986565
0.0,0.08696877
0.0,0.09804637
0.0,0.040903695
0.0,0.09659495
0.0,0.08638175
0.0,0.044581834
0.0,0.06466479
0.0,0.08129977
0.0,0.084164605
0.0,0.07284256
0.0,0.09269084
0.0,0.0888906
0.0,0.12393212
0.0,0.10321107
0.0,0.118590645
1.0,0.073461354
0.0,0.05911842
0.0,0.09221428
0.0,0.051658876
0.0,0.06112376
0.0,0.07069458
0.0,0.08489565
0.0,0.08076189
0.0,0.103891805
0.0,0.07929659
0.0,0.052901506
0.0,0.061338842
1.0,0.03137081
0.0,0.066780694
0.0,0.11240273
0.0,0.0783239
0.0,0.10228355
0.0,0.07451783
0.0,0.06904334
0.0,0.035000343
0.0,0.08011781
0.0,0.13531695
0.0,0.09118712
0.0,0.1108966
0.0,0.07006333
0.0,0.1156431
0.0,0.0936159
0.0,0.02253899
0.0,0.16216226
0.0,0.055194862
0.0,0.06945266
0.0,0.058662914
0.0,0.08932024
0.0,0.10339264
0.0,0.0806713
0.0,0.042949375
0.0,0.098343134
0.0,0.08175046
0.0,0.13328177
0.0,0.056606397
0.0,0.06700555
0.0,0.10937211
0.0,0.07178974
3.0,0.090653345
0.0,0.0957397
0.0,0.09607569
0.0,0.06647497
0.0,0.079188004
0.0,0.07568233
0.0,0.12289
0.0,0.092498794
0.0,0.04704433
0.0,0.14611845
0.0,0.11264123
0.0,0.11617612
1.0,0.061689653
1.0,0.07333351
0.0,0.0544604
0.0,0.08822562
0.0,0.082502484
1.0,0.073676504
0.0,0.13919456
0.0,0.087095745
0.0,0.08058628
0.0,0.11084477
0.0,0.14792655
0.0,0.15831217
0.0,0.066632025
0.0,0.05002504
0.0,0.058474764
0.0,0.07563911
0.0,0.0873025
0.0,0.096275
0.0,0.088454664
0.0,0.079773724
0.0,0.08929112
0.0,0.078772575
0.0,0.08832968
0.0,0.07246142
0.0,0.082271755
0.0,0.10875559
0.0,0.067310624
0.0,0.13322599
0.0,0.087594576
0.0,0.093206845
0.0,0.12897226
0.0,0.10797605
0.0,0.10410023
0.0,0.053008646
0.0,0.090012036
0.0,0.038072035
0.0,0.055818435
0.0,0.12314688
0.0,0.11631253
0.0,0.08381537
0.0,0.066051096
0.0,0.062058493
2.0,0.07768908
0.0,0.118122384
0.0,0.07195088
0.0,0.058113687
0.0,0.104249895
0.0,0.058684934
1.0,0.046858184
1.0,0.04612252
0.0,0.081595905
0.0,0.1040439
0.0,0.093277454
0.0,0.022886794
0.0,0.06615918
0.0,0.14019148
0.0,0.03519905
0.0,0.14156267
0.0,0.08041558
0.0,0.07694071
0.0,0.11529715
0.0,0.098968044
0.0,0.07926668
0.0,0.045693588
0.0,0.09989298
0.0,0.054357715
0.0,0.04642698
0.0,0.10907249
0.0,0.020065844
0.0,0.040830962
0.0,0.014352506
1.0,0.09945095
0.0,0.077961616
0.0,0.084337875
0.0,0.15162387
0.0,0.08440792
0.0,0.092729695
0.0,0.10009362
0.0,0.081162825
0.0,0.076262385
0.0,0.030247325
0.0,0.1088196
0.0,0.06979865
0.0,0.0987764
0.0,0.057973944
0.0,0.09240852
0.0,0.1049978
0.0,0.11594272
0.0,0.069075316
0.0,0.054239042
0.0,0.14295533
0.0,0.08588923
1.0,0.12950106
1.0,0.1526474
0.0,0.0150835365
0.0,0.13063172
0.0,0.06646593
0.0,0.081165574
0.0,0.091545016
0.0,0.074014574
0.0,0.09590412
0.0,0.072799645
0.0,0.065545194
0.0,0.036892466
0.0,0.06375512
0.0,0.092930526
0.0,0.09989732
0.0,0.11917697
0.0,0.07985498
1.0,0.12357761
0.0,0.06379161
0.0,0.072268836
0.0,0.06857633
0.0,0.027912438
0.0,0.11365611
0.0,0.06311831
0.0,0.07491854
0.0,0.08033984
0.0,0.088401645
0.0,0.0510323
0.0,0.08119501
0.0,0.07068
0.0,0.07231574
0.0,0.10696585
0.0,0.065075085
0.0,0.09216651
0.0,0.10893776
0.0,0.0941277
0.0,0.037994415
0.0,0.09796155
0.0,0.10858409
0.0,0.064695485
0.0,0.12569012
0.0,0.103251904
0.0,0.0970711
0.0,0.13011508
0.0,0.03425678
0.0,0.081638716
0.0,0.047731698
0.0,0.0887184
0.0,0.04510008
0.0,0.10456245
0.0,0.1286057
0.0,0.10263522
0.0,0.04208176
0.0,0.12800567
0.0,0.088699855
1.0,0.10014511
0.0,0.062046055
0.0,0.12931135
0.0,0.11712365
1.0,0.050998546
0.0,0.090620756
0.0,0.08120988
0.0,0.13128021
1.0,0.08517533
0.0,0.05821278
0.0,0.024966637
0.0,0.069024116
0.0,0.04394959
0.0,0.09935416
0.0,0.11972508
0.0,0.06447944
0.0,0.06875318
0.0,0.095853165
0.0,0.12666744
0.0,0.115275875
0.0,0.101480536
0.0,0.13004664
0.0,0.069892704
0.0,0.14065768
0.0,0.12596858
0.0,0.100677915
0.0,0.08515395
0.0,0.07287925
0.0,0.086768255
0.0,0.09151876
0.0,0.12828033
0.0,0.09509088
0.0,0.09418364
0.0,0.062915504
0.0,0.07888318
0.0,0.051527046
0.0,0.048326124
0.0,0.08186458
0.0,0.07577654
0.0,0.079582006
0.0,0.07871139
0.0,0.07438675
0.0,0.11108674
0.0,0.10668795
0.0,0.09224821
0.0,0.08119111
0.0,0.06644781
0.0,0.020208638
0.0,0.083884545
0.0,0.10453393
0.0,0.025992911
0.0,0.068714395
0.0,0.090202786
0.0,0.0915851
0.0,0.09862758
0.0,0.081940345
0.0,0.12527284
0.0,0.08867793
0.0,0.08358983
0.0,0.11975834
0.0,0.1432287
0.0,0.06689361
0.0,0.07296644
0.0,0.068666555
0.0,0.061958052
0.0,0.09127745
0.0,0.09674041
0.0,0.081716046
1.0,0.04097455
0.0,0.06657889
1.0,0.065297484
0.0,0.066215456
0.0,0.11296767
0.0,0.11287078
0.0,0.08822661
0.0,0.04670748
0.0,0.055006478
0.0,0.07614327
0.0,0.10321326
0.0,0.025213864
0.0,0.10750118
0.0,0.1225862
0.0,0.103129774
0.0,0.108699515
0.0,0.08639126
0.0,0.15016079
0.0,0.12074917
0.0,0.07694431
0.0,0.09006008
0.0,0.08738365
0.0,0.08265061
0.0,0.044909604
0.0,0.077754766
0.0,0.11027267
0.0,0.017241603
0.0,0.072472304
0.0,0.07947598
0.0,0.05339501
0.0,0.043896914
0.0,0.088087134
0.0,0.08250205
0.0,0.12078622
0.0,0.0498933
1.0,0.11011015
0.0,0.05875306
0.0,0.094242625
0.0,0.047262926
0.0,0.021495013
0.0,0.043505624
0.0,0.07352054
0.0,0.12731603
0.0,0.08145889
0.0,0.064243
0.0,0.036706287
0.0,0.0694828
0.0,0.065426335
0.0,0.06026652
0.0,0.06401721
0.0,0.10165331
0.0,0.07422469
0.0,0.11537558
0.0,0.057888184
0.0,0.061118048
0.0,0.06060484
0.0,0.1214091
0.0,0.08134982
0.0,0.0902385
0.0,0.12021516
0.0,0.11235984
0.0,0.0600567
0.0,0.07326448
0.0,0.0589872
0.0,0.13948505
0.0,0.105126575
0.0,0.07025422
0.0,0.105157614
0.0,0.05102882
0.0,0.10791609
0.0,0.1301117
0.0,0.07167249
0.0,0.06863339
0.0,0.115295395
0.0,0.07499952
0.0,0.098128244
0.0,0.098687276
0.0,0.07859625
0.0,0.09227093
1.0,0.0827034
0.0,0.07012821
0.0,0.082301185
0.0,0.09266852
0.0,0.09340223
0.0,0.08230456
0.0,0.066483654
0.0,0.10900822
0.0,0.06474291
0.0,0.012850568
0.0,0.068425454
0.0,0.13029414
0.0,0.12295383
0.0,0.110904165
1.0,0.12902531
0.0,0.056208897
0.0,0.013954382
0.0,0.088899866
0.0,0.09387315
0.0,0.1157785
0.0,0.14412574
0.0,0.08272738
0.0,0.09446635
0.0,0.09492127
0.0,0.03746854
0.0,0.0814746
0.0,0.10401295
1.0,0.1202438
0.0,0.012675329
0.0,0.02183766
0.0,0.01094429
0.0,0.10856579
0.0,0.050973617
0.0,0.065336995
0.0,0.074605376
0.0,0.069727875
2.0,0.029230727
0.0,0.06259762
0.0,0.09611301
0.0,0.082443684
0.0,0.053236462
0.0,0.098012246
0.0,0.12702
0.0,0.14393292
0.0,0.09706388
0.0,0.116638914
0.0,0.071916476
0.0,0.09237014
0.0,0.11114733
0.0,0.05722843
0.0,0.04658775
1.0,0.11398577
0.0,0.08250805
1.0,0.0693256
0.0,0.013403101
0.0,0.09270069
0.0,0.04616426
0.0,0.117802724
0.0,0.06554932
0.0,0.09939994
0.0,0.042638585
0.0,0.087406114
2.0,0.08177855
0.0,0.114970304
0.0,0.078263596
0.0,0.07055643
0.0,0.092032395
0.0,0.06416993
0.0,0.06967078
0.0,0.109543726
0.0,0.05256925
0.0,0.107563764
0.0,0.10389824
0.0,0.09824881
0.0,0.070821896
0.0,0.04700213
0.0,0.067200735
0.0,0.07548983
0.0,0.066086695
1.0,0.07686942
0.0,0.07997671
0.0,0.11520743
0.0,0.08247636
0.0,0.09251855
0.0,0.11348985
0.0,0.0891116
0.0,0.09223376
0.0,0.082098246
0.0,0.06740254
0.0,0.075298674
0.0,0.09829834
0.0,0.110077575
0.0,0.08367882
1.0,0.10457234
0.0,0.118470654
0.0,0.12814444
0.0,0.11759863
0.0,0.09349139
1.0,0.116447076
1.0,0.0780496
0.0,0.068155795
0.0,0.05937127
0.0,0.07432099
0.0,0.07630552
0.0,0.08424314
0.0,0.08458808
0.0,0.11811988
0.0,0.07607787
1.0,0.0887088
0.0,0.12537326
0.0,0.110180765
0.0,0.09104671
0.0,0.086589634
0.0,0.050758608
0.0,0.1126611
0.0,0.058504816
0.0,0.07114445
0.0,0.07636271
0.0,0.113899246
0.0,0.080821276
0.0,0.109077945
0.0,0.05882684
0.0,0.083686665
0.0,0.06318974
0.0,0.109584995
0.0,0.02492164
1.0,0.053092897
0.0,0.094150506
0.0,0.10539229
0.0,0.1301719
0.0,0.022316474
0.0,0.06082487
0.0,0.05158712
1.0,0.10109664
0.0,0.061990753
0.0,0.08765372
0.0,0.16103016
0.0,0.050210297
0.0,0.12549965
0.0,0.075220026
0.0,0.03587138
0.0,0.113924965
0.0,0.07202211
0.0,0.07792161
0.0,0.0709842
0.0,0.05658343
0.0,0.10299173
0.0,0.032385048
1.0,0.06893587
0.0,0.052035235
0.0,0.10071868
0.0,0.030710213
0.0,0.11657347
0.0,0.118325755
0.0,0.039931156
0.0,0.10131201
0.0,0.06462152
0.0,0.049870774
0.0,0.07085471
0.0,0.092931144
0.0,0.086934835
0.0,0.11252505
0.0,0.084826976
0.0,0.08952883
0.0,0.06083543
0.0,0.117874146
0.0,0.11559701
0.0,0.09293416
0.0,0.11060644
0.0,0.061538596
0.0,0.07282099
0.0,0.056332406
0.0,0.111036904
0.0,0.047445804
0.0,0.075058796
0.0,0.07329002
0.0,0.07628473
0.0,0.05794426
0.0,0.047240708
0.0,0.052110907
1.0,0.079738274
0.0,0.07816437
1.0,0.09103877
0.0,0.10688044
0.0,0.09384804
0.0,0.08081786
0.0,0.10459042
0.0,0.063922845
0.0,0.119234234
0.0,0.13722932
0.0,0.09206031
0.0,0.07279159
0.0,0.09431667
0.0,0.07441329
0.0,0.013306987
0.0,0.14910787
0.0,0.057849582
0.0,0.07163757
0.0,0.08210506
0.0,0.064870745
0.0,0.1043634
0.0,0.09461762
0.0,0.06368129
0.0,0.13873191
0.0,0.088420406
0.0,0.06886894
0.0,0.07531439
0.0,0.059790652
0.0,0.048648875
0.0,0.04079348
0.0,0.08794741
0.0,0.11748874
0.0,0.08188859
0.0,0.09943535
1.0,0.08482546
0.0,0.115120396
0.0,0.02992666
0.0,0.09676675
0.0,0.102443404
0.0,0.14946875
0.0,0.06872247
0.0,0.09784372
0.0,0.04614374
0.0,0.069335654
0.0,0.13483505
0.0,0.07947522
0.0,0.0892311
0.0,0.09952418
0.0,0.087500565
0.0,0.10692237
0.0,0.087585054
0.0,0.064814076
0.0,0.116968885
0.0,0.021282671
0.0,0.07666816
0.0,0.07606949
0.0,0.09803632
0.0,0.081538364
0.0,0.10386588
0.0,0.09339303
0.0,0.015235612
0.0,0.12142824
0.0,0.02448294
0.0,0.105539665
0.0,0.08773066
0.0,0.08082763
0.0,0.07180243
0.0,0.112808205
0.0,0.14388984
0.0,0.07894323
0.0,0.06290021
0.0,0.055760548
0.0,0.14770408
0.0,0.07375858
0.0,0.09963864
0.0,0.097250275
0.0,0.048033632
0.0,0.10077503
0.0,0.08253561
0.0,0.091432676
0.0,0.10376774
0.0,0.11123303
0.0,0.11292968
1.0,0.072392516
1.0,0.045530163
0.0,0.08098555
0.0,0.09697274
0.0,0.059385527
0.0,0.08286803
0.0,0.08349613
0.0,0.096692026
0.0,0.11375531
0.0,0.11559701
0.0,0.06489585
0.0,0.111604586
0.0,0.08051409
0.0,0.06800794
0.0,0.09648498
0.0,0.02018489
0.0,0.12103685
0.0,0.0703804
1.0,0.113328725
0.0,0.11938349
0.0,0.06879634
0.0,0.030279584
0.0,0.02133438
0.0,0.05599574
0.0,0.13562465
0.0,0.07036133
0.0,0.08542554
0.0,0.10991252
0.0,0.05014292
0.0,0.12140746
0.0,0.103257954
0.0,0.102249905
0.0,0.078801446
0.0,0.12951425
0.0,0.107291676
0.0,0.09047182
0.0,0.08411831
0.0,0.08168872
0.0,0.051625755
0.0,0.11177139
0.0,0.12663956
0.0,0.08187879
0.0,0.07274367
0.0,0.05955414
0.0,0.09387928
0.0,0.05339734
0.0,0.08356027
0.0,0.100568905
0.0,0.10340819
0.0,0.073636234
0.0,0.10599357
0.0,0.05764866
0.0,0.06290514
0.0,0.117861606
0.0,0.123042926
0.0,0.038324833
0.0,0.04735299
0.0,0.07762485
0.0,0.07496932
0.0,0.0718492
0.0,0.06548323
0.0,0.07372223
0.0,0.07026863
0.0,0.06416271
0.0,0.09173928
0.0,0.04477811
0.0,0.10697605
0.0,0.15327868
0.0,0.1463786
0.0,0.10883335
0.0,0.11776521
0.0,0.03153409
0.0,0.07013938
0.0,0.11536738
1.0,0.08361297
0.0,0.05749443
0.0,0.076902635
0.0,0.066417806
0.0,0.037344877
0.0,0.04373394
1.0,0.060936652
0.0,0.14242601
0.0,0.055759523
0.0,0.066800855
0.0,0.07934186
0.0,0.062365662
0.0,0.080238044
0.0,0.07997501
1.0,0.013902876
1.0,0.07193654
0.0,0.031152312
0.0,0.058805272
0.0,0.07781396
0.0,0.13296467
1.0,0.04505735
0.0,0.08381701
0.0,0.07377555
0.0,0.12199101
0.0,0.062989205
0.0,0.12251067
0.0,0.06117741
0.0,0.1351155
0.0,0.13250579
0.0,0.07020704
0.0,0.06688154
0.0,0.061026603
0.0,0.08799345
0.0,0.12306243
0.0,0.09684931
0.0,0.04652562
0.0,0.14684796
0.0,0.07243237
0.0,0.08144131
1.0,0.068260506
0.0,0.103984684
0.0,0.029600903
0.0,0.052662056
0.0,0.107274644
0.0,0.07708689
0.0,0.06520918
0.0,0.081561245
0.0,0.098307505
1.0,0.05110901
0.0,0.12866013
0.0,0.10062632
0.0,0.12852621
1.0,0.081474915
0.0,0.136057
0.0,0.10320224
0.0,0.08232656
0.0,0.13911432
0.0,0.06974231
0.0,0.06478111
0.0,0.09948169
0.0,0.09076676
0.0,0.09077017
0.0,0.15485883
0.0,0.08865188
0.0,0.022601562
0.0,0.096090786
0.0,0.07795959
0.0,0.14160116
0.0,0.070173986
0.0,0.040700257
0.0,0.057375543
0.0,0.08553673
0.0,0.0851166
0.0,0.09486417
0.0,0.016223669
0.0,0.09885056
0.0,0.15535621
0.0,0.057067357
0.0,0.09621759
0.0,0.13981292
0.0,0.072520785
0.0,0.103536695
0.0,0.09230081
0.0,0.07379809
0.0,0.10052247
0.0,0.061496694
0.0,0.12377089
0.0,0.07871139
0.0,0.078496434
0.0,0.073962785
0.0,0.04923805
0.0,0.11099339
0.0,0.059680644
0.0,0.08629245
0.0,0.05167797
0.0,0.11804519
0.0,0.13583553
0.0,0.080398016
0.0,0.06891776
0.0,0.10353586
0.0,0.09977347
0.0,0.11407709
0.0,0.09499
0.0,0.09904078
0.0,0.10392934
0.0,0.114034675
0.0,0.06859511
0.0,0.104245976
0.0,0.0499553
0.0,0.072872296
0.0,0.12519321
0.0,0.05229501
0.0,0.13071808
0.0,0.1440018
0.0,0.08305461
0.0,0.044560984
0.0,0.09531571
0.0,0.089717165
0.0,0.054325998
0.0,0.070329934
0.0,0.13699864
0.0,0.095076986
0.0,0.10529494
0.0,0.08956557
0.0,0.06416714
0.0,0.12531792
0.0,0.109302506
0.0,0.0628786
0.0,0.09147952
0.0,0.11045647
0.0,0.056725934
0.0,0.10809026
0.0,0.08832087
0.0,0.060865458
0.0,0.10815963
0.0,0.07007073
0.0,0.07769853
0.0,0.09985381
0.0,0.13585153
0.0,0.10791357
0.0,0.085922524
0.0,0.023501098
0.0,0.12421361
0.0,0.09872305
0.0,0.025674153
0.0,0.06090082
0.0,0.14987828
0.0,0.07621385
0.0,0.06488399
0.0,0.08189755
0.0,0.11912095
0.0,0.12876962
0.0,0.071730345
0.0,0.066837035
0.0,0.1268916
0.0,0.09366892
0.0,0.057632428
0.0,0.104852036
0.0,0.15241264
0.0,0.064931326
0.0,0.057183426
0.0,0.10724096
0.0,0.0778888
0.0,0.076734066
0.0,0.061395388
0.0,0.11330644
0.0,0.05540748
0.0,0.086332336
0.0,0.046987183
0.0,0.073655725
0.0,0.066314705
0.0,0.08524406
0.0,0.066159435
0.0,0.11753629
0.0,0.089361414
0.0,0.071775846
0.0,0.06544231
0.0,0.08622261
0.0,0.0661138
0.0,0.09452535
0.0,0.097678564
0.0,0.07203528
1.0,0.021713987
0.0,0.09488975
0.0,0.064540274
0.0,0.04349649
1.0,0.045677356
0.0,0.123021394
0.0,0.048906606
0.0,0.10396094
0.0,0.058417134
0.0,0.04141838
0.0,0.07063268
1.0,0.07099682
0.0,0.056439415
0.0,0.08780771
0.0,0.07262112
0.0,0.056681767
0.0,0.07155635
0.0,0.09310204
0.0,0.1086621
0.0,0.06468358
0.0,0.06429247
0.0,0.070515
0.0,0.1127006
0.0,0.041117467
0.0,0.090660736
0.0,0.103496715
0.0,0.07570665
0.0,0.089897595
0.0,0.10396153
0.0,0.05244508
0.0,0.06827643
0.0,0.07290799
0.0,0.08800835
0.0,0.08452442
0.0,0.0886977
0.0,0.08999573
0.0,0.059811838
0.0,0.05847153
0.0,0.12564884
0.0,0.098539226
0.0,0.058274243
0.0,0.05975739
0.0,0.102941066
0.0,0.04730024
0.0,0.06927182
0.0,0.10387097
0.0,0.08355942
0.0,0.080986366
0.0,0.093947284
0.0,0.07960541
0.0,0.08859137
0.0,0.052642148
0.0,0.068440646
0.0,0.06019004
0.0,0.12895077
0.0,0.09256895
0.0,0.07185152
0.0,0.11603367
0.0,0.095484935
0.0,0.06541164
0.0,0.09209238
0.0,0.06980083
0.0,0.10473955
0.0,0.09301041
0.0,0.07303155
0.0,0.08011131
0.0,0.10858475
0.0,0.10904316
0.0,0.077306606
0.0,0.045045674
0.0,0.042053103
0.0,0.06283858
0.0,0.10852066
0.0,0.077394776
0.0,0.11292289
0.0,0.09816328
1.0,0.11345168
0.0,0.0685503
0.0,0.040397756
0.0,0.07636383
0.0,0.06942019
0.0,0.07026293
0.0,0.070506826
0.0,0.08318009
0.0,0.068411015
0.0,0.07447321
0.0,0.059015192
0.0,0.07463109
0.0,0.011907955
0.0,0.0686998
0.0,0.14483163
0.0,0.07939522
0.0,0.09587607
0.0,0.0909121
0.0,0.13571048
0.0,0.10998657
0.0,0.07641428
0.0,0.080973566
0.0,0.06549403
0.0,0.07958647
0.0,0.08815327
1.0,0.13362336
0.0,0.11186147
1.0,0.095751226
0.0,0.082609124
0.0,0.09587881
0.0,0.0823738
0.0,0.07443448
0.0,0.06688219
0.0,0.08051992
0.0,0.07976119
0.0,0.07502509
0.0,0.063330606
0.0,0.09341805
0.0,0.041184142
0.0,0.083850354
0.0,0.09158449
0.0,0.13837205
0.0,0.043572757
0.0,0.063772224
0.0,0.08458371
0.0,0.071639486
0.0,0.06866226
0.0,0.09214136
0.0,0.10432066
0.0,0.08456439
0.0,0.033079363
0.0,0.08182745
0.0,0.04830897
0.0,0.017400503
0.0,0.087628774
0.0,0.07752021
0.0,0.071542844
0.0,0.06790334
1.0,0.07537154
0.0,0.06561422
0.0,0.11101525
0.0,0.11399531
0.0,0.0522033
0.0,0.099654794
0.0,0.05619449
0.0,0.11545846
0.0,0.06870833
0.0,0.10844204
0.0,0.061635833
0.0,0.05158269
0.0,0.11496866
0.0,0.09300515
0.0,0.077471875
0.0,0.09220518
0.0,0.10504259
0.0,0.058876526
0.0,0.10983181
0.0,0.11004512
0.0,0.0875795
0.0,0.02278509
0.0,0.07680237
0.0,0.11385971
0.0,0.11594482
0.0,0.095953226
1.0,0.1291729
0.0,0.08961339
0.0,0.09573351
0.0,0.10292207
0.0,0.08432296
0.0,0.13509338
0.0,0.15532708
0.0,0.11508911
1.0,0.06104235
0.0,0.123154745
0.0,0.10262416
0.0,0.018339742
0.0,0.056388654
0.0,0.076098226
0.0,0.15628567
0.0,0.10264339
0.0,0.09242378
0.0,0.05603459
0.0,0.05985917
0.0,0.058932014
0.0,0.07745246
0.0,0.093495384
0.0,0.14063856
0.0,0.10761689
0.0,0.11698074
0.0,0.09290022
0.0,0.091473415
0.0,0.10721381
0.0,0.06364815
0.0,0.107984185
0.0,0.12455279
0.0,0.13167788
0.0,0.08155549
0.0,0.09946914
0.0,0.077952676
0.0,0.12664394
0.0,0.11250754
0.0,0.07884653
0.0,0.065272175
0.0,0.15032421
0.0,0.069877125
0.0,0.06558645
0.0,0.080636784
1.0,0.1312262
0.0,0.09339878
0.0,0.07558803
0.0,0.11063018
0.0,0.11936931
0.0,0.08679943
0.0,0.08442195
0.0,0.10567652
0.0,0.08898269
0.0,0.10080901
0.0,0.10929282
0.0,0.0994377
0.0,0.048489027
0.0,0.09633961
0.0,0.03353694
0.0,0.09823871
0.0,0.07746068
0.0,0.07019396
0.0,0.103399366
0.0,0.094007984
0.0,0.084348895
0.0,0.088112146
0.0,0.08661371
0.0,0.036752734
0.0,0.13351223
0.0,0.09929934
0.0,0.08514083
0.0,0.06272153
0.0,0.062383432
0.0,0.012578116
1.0,0.08802871
0.0,0.07719541
0.0,0.065431945
0.0,0.094048046
0.0,0.10218537
0.0,0.040959485
0.0,0.090447426
0.0,0.13705592
0.0,0.10028297
0.0,0.08613463
0.0,0.06922924
0.0,0.114224
0.0,0.08806561
0.0,0.14752194
0.0,0.07789352
0.0,0.08019042
0.0,0.0772666
0.0,0.074784905
0.0,0.100915834
0.0,0.10895893
0.0,0.0996155
0.0,0.07390551
0.0,0.061743375
0.0,0.061763532
0.0,0.094884455
0.0,0.05826938
0.0,0.070145145
0.0,0.07380383
0.0,0.051527917
0.0,0.13913745
0.0,0.13433859
0.0,0.084907144
0.0,0.0700503
0.0,0.112885445
0.0,0.059683632
0.0,0.08775993
0.0,0.14915273
0.0,0.0973278
0.0,0.01889563
0.0,0.09625021
0.0,0.110995
1.0,0.123128965
0.0,0.05119606
0.0,0.014164585
0.0,0.0625324
0.0,0.08591429
0.0,0.0431782
0.0,0.0915168
0.0,0.07111339
0.0,0.04399469
1.0,0.11700907
0.0,0.07518587
0.0,0.015239892
0.0,0.08330066
1.0,0.0797156
0.0,0.12957577
0.0,0.094298996
0.0,0.08126586
0.0,0.07467102
1.0,0.13684586
0.0,0.04899187
0.0,0.061451156
0.0,0.09430455
0.0,0.11240182
0.0,0.08860039
0.0,0.13055706
0.0,0.1050936
0.0,0.15514179
0.0,0.074956916
0.0,0.10034293
0.0,0.07589898
0.0,0.052118562
0.0,0.07175432
1.0,0.043392133
0.0,0.14347112
0.0,0.090670764
0.0,0.064698756
0.0,0.07313135
0.0,0.09542829
0.0,0.12541099
0.0,0.08733508
0.0,0.11597105
0.0,0.08384621
0.0,0.08565318
0.0,0.058735326
0.0,0.06913776
0.0,0.087079175
1.0,0.073540986
0.0,0.08257198
0.0,0.062368367
0.0,0.087707534
0.0,0.088041216
0.0,0.0596714
0.0,0.08244923
0.0,0.100224935
0.0,0.06488283
1.0,0.06784739
0.0,0.06626056
1.0,0.11409385
0.0,0.04448444
0.0,0.095411815
0.0,0.03765589
0.0,0.08216101
0.0,0.12880082
0.0,0.1011889
0.0,0.08328179
0.0,0.10809964
0.0,0.08895753
0.0,0.109217584
0.0,0.04980813
0.0,0.08336867
0.0,0.045391146
0.0,0.14081621
0.0,0.10251981
1.0,0.08111203
0.0,0.071241565
0.0,0.13596481
0.0,0.10058914
0.0,0.04898304
0.0,0.08202529
0.0,0.114040874
0.0,0.15153989
0.0,0.07300862
0.0,0.08313556
0.0,0.11670083
0.0,0.08024038
0.0,0.115918145
0.0,0.17145897
0.0,0.08807178
0.0,0.071409784
0.0,0.0748346
0.0,0.09558078
0.0,0.062413916
0.0,0.035716455
0.0,0.065191306
0.0,0.10450664
0.0,0.0878107
0.0,0.099861525
0.0,0.14600626
0.0,0.057979085
0.0,0.08685367
0.0,0.07114478
0.0,0.0829523
0.0,0.068062745
0.0,0.07024896
0.0,0.123782404
0.0,0.13474269
0.0,0.08735695
0.0,0.07019718
0.0,0.12839016
0.0,0.06508132
0.0,0.12691791
0.0,0.12141179
0.0,0.06706483
0.0,0.062508136
0.0,0.08986792
0.0,0.06287829
0.0,0.12584199
0.0,0.11105332
0.0,0.06063898
0.0,0.06777246
0.0,0.08809673
0.0,0.07385714
0.0,0.104982205
0.0,0.0922991
0.0,0.10177095
0.0,0.11989527
1.0,0.014400988
0.0,0.06283606
0.0,0.082307056
0.0,0.076907314
0.0,0.045844764
0.0,0.069657505
1.0,0.088259555
0.0,0.12811014
0.0,0.06719716
0.0,0.083716795
0.0,0.049708053
0.0,0.067321345
0.0,0.08814192
0.0,0.084426135
0.0,0.08981332
0.0,0.03897762
0.0,0.12507743
0.0,0.10065586
0.0,0.107136905
0.0,0.04259313
0.0,0.09018954
0.0,0.06972539
0.0,0.11385776
0.0,0.097349495
0.0,0.0530819
0.0,0.18401188
0.0,0.11591546
0.0,0.07077352
0.0,0.13108905
0.0,0.12376788
0.0,0.15468836
0.0,0.107427955
1.0,0.012643245
0.0,0.11221417
0.0,0.10952247
0.0,0.041324694
1.0,0.094819576
0.0,0.07694166
0.0,0.068194576
0.0,0.052896086
0.0,0.078854784
0.0,0.11024714
1.0,0.048282385
0.0,0.0809826
0.0,0.082520284
0.0,0.11890167
1.0,0.06802174
0.0,0.13387184
0.0,0.1439898
0.0,0.07931171
0.0,0.098069236
0.0,0.107328214
0.0,0.042341977
0.0,0.037222207
0.0,0.12970491
0.0,0.06350989
0.0,0.10368914
1.0,0.04486365
0.0,0.095557354
0.0,0.14027639
0.0,0.052271478
0.0,0.06881153
0.0,0.09594156
0.0,0.09602985
0.0,0.12936951
0.0,0.084684156
0.0,0.122237
0.0,0.05222936
0.0,0.08412723
0.0,0.06124958
0.0,0.10104394
0.0,0.086357675
0.0,0.113195114
1.0,0.10613642
0.0,0.070878215
0.0,0.080515206
0.0,0.05074189
0.0,0.060206518
0.0,0.08830904
0.0,0.07141149
0.0,0.059331298
0.0,0.08942135
0.0,0.06804459
0.0,0.116795555
0.0,0.17182916
0.0,0.135534
0.0,0.039604634
0.0,0.07464692
0.0,0.085318714
0.0,0.014229126
0.0,0.08191809
0.0,0.06661005
0.0,0.07506853
0.0,0.12113148
0.0,0.06338722
1.0,0.11287431
0.0,0.07487424
0.0,0.09724256
0.0,0.13057356
0.0,0.047528177
0.0,0.082422994
0.0,0.013546873
1.0,0.11984857
0.0,0.061722152
0.0,0.11333837
0.0,0.08797063
0.0,0.10907202
0.0,0.04704173
0.0,0.060951702
0.0,0.0729754
0.0,0.1085733
1.0,0.093058586
0.0,0.08424724
0.0,0.03447113
0.0,0.07745975
1.0,0.04874503
0.0,0.1341094
0.0,0.12418018
0.0,0.11528998
0.0,0.08986381
0.0,0.091775484
0.0,0.04324965
0.0,0.066804454
0.0,0.054079764
0.0,0.08825421
0.0,0.04251968
0.0,0.117655054
0.0,0.10555801
0.0,0.053513765
0.0,0.101027675
0.0,0.09199451
0.0,0.07537257
0.0,0.06303233
0.0,0.121061236
0.0,0.060727756
0.0,0.091354586
0.0,0.07788594
1.0,0.07271843
0.0,0.078461185
0.0,0.10236386
0.0,0.08405379
0.0,0.049431454
0.0,0.07839783
0.0,0.07356745
0.0,0.08300528
0.0,0.0699009
0.0,0.08799561
0.0,0.07515899
0.0,0.078535095
0.0,0.09325135
0.0,0.087926514
0.0,0.06921617
0.0,0.088268206
0.0,0.12368995
0.0,0.06773361
0.0,0.13112311
0.0,0.0973877
0.0,0.094511226
0.0,0.11141893
0.0,0.08627206
0.0,0.033430398
1.0,0.061349284
0.0,0.09175365
0.0,0.10067218
1.0,0.08395279
0.0,0.07625187
0.0,0.05437363
0.0,0.019294161
0.0,0.11560913
0.0,0.053522773
0.0,0.0599109
0.0,0.10062668
0.0,0.054075573
0.0,0.050289188
0.0,0.051678102
0.0,0.08352982
0.0,0.09961313
0.0,0.08347408
0.0,0.12465147
0.0,0.0756829
0.0,0.046858866
0.0,0.11722892
0.0,0.027039992
0.0,0.10819231
0.0,0.06437305
0.0,0.09034204
0.0,0.01685512
0.0,0.0986158
0.0,0.0797908
0.0,0.09968464
0.0,0.0599314
0.0,0.08574555
0.0,0.07191572
0.0,0.04568409
0.0,0.07168685
0.0,0.086934425
0.0,0.07522656
0.0,0.047827616
0.0,0.07192982
0.0,0.064350314
1.0,0.088307865
0.0,0.05778697
0.0,0.12773056
0.0,0.089391634
0.0,0.122020215
0.0,0.07746275
0.0,0.08425439
0.0,0.06710815
0.0,0.10458185
0.0,0.14194793
0.0,0.055837706
0.0,0.080968216
0.0,0.08534147
0.0,0.12466844
0.0,0.08779203
0.0,0.082941264
0.0,0.11276058
1.0,0.051705897
0.0,0.073902026
0.0,0.049200132
0.0,0.118202314
0.0,0.14648756
0.0,0.086018294
0.0,0.09400032
0.0,0.1006085
0.0,0.063825384
0.0,0.06296022
0.0,0.08448157
0.0,0.088796526
0.0,0.10615459
0.0,0.14038917
0.0,0.095414996
0.0,0.07914688
0.0,0.08566008
0.0,0.0734249
0.0,0.08912403
0.0,0.115745984
0.0,0.11757247
0.0,0.061923586
0.0,0.13286209
0.0,0.08998292
0.0,0.08843362
0.0,0.07385473
0.0,0.09134002
0.0,0.08264379
0.0,0.09102946
0.0,0.098177806
0.0,0.083991766
0.0,0.12213209
0.0,0.0695823
0.0,0.116602294
0.0,0.09817786
0.0,0.11864316
0.0,0.10115841
0.0,0.07445422
0.0,0.067183994
0.0,0.13979694
0.0,0.07693627
0.0,0.07368086
0.0,0.09753568
0.0,0.08460581
0.0,0.096083574
0.0,0.11278602
1.0,0.06711368
0.0,0.11066542
0.0,0.09622943
0.0,0.13307019
0.0,0.10952868
0.0,0.0820769
0.0,0.051579002
0.0,0.13511012
0.0,0.06278673
0.0,0.041557357
0.0,0.056603372
0.0,0.11536232
0.0,0.029788787
0.0,0.058917165
0.0,0.038667757
0.0,0.059881866
0.0,0.09729965
0.0,0.06530224
0.0,0.09463941
0.0,0.065956615
0.0,0.09911752
0.0,0.04329365
0.0,0.050062492
0.0,0.097785145
0.0,0.12446346
0.0,0.088935524
0.0,0.08332217
0.0,0.088694185
0.0,0.079000734
0.0,0.0893924
0.0,0.052357763
0.0,0.07716167
0.0,0.057274405
0.0,0.08495089
0.0,0.1218024
0.0,0.09583036
0.0,0.102176994
0.0,0.06814759
0.0,0.07340155
0.0,0.077327915
0.0,0.07295983
0.0,0.112767845
0.0,0.05749687
0.0,0.068157904
0.0,0.0845585
0.0,0.0874673
0.0,0.12659368
0.0,0.03422866
0.0,0.15435752
0.0,0.025167953
0.0,0.15671524
0.0,0.12621897
0.0,0.11089711
0.0,0.092171654
0.0,0.05782148
0.0,0.13952337
0.0,0.09432168
0.0,0.1028257
0.0,0.072547086
0.0,0.047379877
0.0,0.070242666
0.0,0.05785136
0.0,0.09643243
0.0,0.093220785
0.0,0.15876213
0.0,0.103697695
1.0,0.06775585
0.0,0.015992623
0.0,0.10123962
0.0,0.07796992
0.0,0.09381825
0.0,0.05688788
1.0,0.1023448
0.0,0.12205108
0.0,0.09517474
0.0,0.056627225
0.0,0.11165214
0.0,0.12534419
1.0,0.10234283
0.0,0.07372469
0.0,0.0584256
0.0,0.09518681
0.0,0.08360761
0.0,0.13227847
0.0,0.039256155
0.0,0.08648153
0.0,0.06591431
0.0,0.009937624
0.0,0.07639672
0.0,0.12176764
0.0,0.112124585
0.0,0.12078112
0.0,0.13107839
0.0,0.09977114
0.0,0.103724495
0.0,0.09013988
0.0,0.11878536
0.0,0.07237455
0.0,0.08875388
0.0,0.051149983
0.0,0.069011874
0.0,0.04557717
0.0,0.07396448
0.0,0.04333931
1.0,0.031002833
0.0,0.10577606
0.0,0.12387399
0.0,0.08222125
0.0,0.102600455
0.0,0.07338808
0.0,0.13816658
0.0,0.01705722
0.0,0.061143976
0.0,0.096886635
0.0,0.052501615
0.0,0.059809085
0.0,0.09462335
0.0,0.087441154
0.0,0.058664076
0.0,0.07083339
0.0,0.098355144
0.0,0.08158824
0.0,0.05436781
0.0,0.10200653
0.0,0.07810904
0.0,0.06666209
0.0,0.061656084
0.0,0.0568856
0.0,0.105942756
0.0,0.08105905
0.0,0.094802484
0.0,0.03415614
1.0,0.06642847
0.0,0.093399286
0.0,0.042793315
0.0,0.055916015
0.0,0.09032717
0.0,0.12965313
0.0,0.056569323
0.0,0.1635008
1.0,0.0430682
0.0,0.09883138
0.0,0.05837155
0.0,0.09520431
0.0,0.06219892
1.0,0.08328939
0.0,0.057323694
0.0,0.10796534
0.0,0.12945019
0.0,0.023427121
1.0,0.046587683
0.0,0.092320845
0.0,0.14893895
0.0,0.05765634
0.0,0.084356055
0.0,0.094571516
0.0,0.13177542
0.0,0.0915317
1.0,0.110123545
0.0,0.06555118
0.0,0.10495688
0.0,0.09659026
0.0,0.103847325
0.0,0.13611886
0.0,0.07857611
0.0,0.077773064
0.0,0.05666897
0.0,0.103869766
0.0,0.058497354
0.0,0.06600846
0.0,0.08489019
0.0,0.11342139
0.0,0.07253766
0.0,0.08494931
0.0,0.08335011
0.0,0.070578
0.0,0.09298043
0.0,0.13684037
0.0,0.081797
0.0,0.104517706
0.0,0.1014515
0.0,0.12897764
0.0,0.085757345
0.0,0.10091016
0.0,0.0983362
0.0,0.066150256
0.0,0.049809106
0.0,0.07638213
0.0,0.055851873
0.0,0.095332325
0.0,0.085572794
0.0,0.09694962
0.0,0.051296912
0.0,0.09506078
0.0,0.07657032
0.0,0.075090356
0.0,0.104924455
0.0,0.07812705
0.0,0.13469422
0.0,0.11596508
0.0,0.08365897
0.0,0.09386762
0.0,0.097537
0.0,0.08375796
0.0,0.08380486
0.0,0.07382866
0.0,0.09240055
0.0,0.14729992
0.0,0.09682694
0.0,0.12061025
0.0,0.036282815
0.0,0.089816704
0.0,0.09565936
0.0,0.09605004
0.0,0.021897161
0.0,0.07655707
0.0,0.11384815
1.0,0.028764417
0.0,0.13764094
0.0,0.068990275
0.0,0.0906232
0.0,0.078971624
0.0,0.0670056
0.0,0.11235906
0.0,0.121833585
0.0,0.08146683
0.0,0.062028747
0.0,0.101715475
0.0,0.051511694
0.0,0.10552709
0.0,0.13118543
0.0,0.09147653
0.0,0.10682784
0.0,0.068056986
0.0,0.08607732
0.0,0.11430317
0.0,0.08337783
0.0,0.07473997
0.0,0.105026014
0.0,0.12482652
0.0,0.08155681
1.0,0.13987252
0.0,0.07906473
0.0,0.11656913
0.0,0.036947843
0.0,0.1292169
0.0,0.057345115
0.0,0.11143456
0.0,0.07289676
0.0,0.07251252
0.0,0.0940135
1.0,0.107335865
0.0,0.0658054
0.0,0.055080492
0.0,0.06783593
0.0,0.12589313
0.0,0.072292514
0.0,0.10574895
0.0,0.13405927
0.0,0.05041186
0.0,0.04930631
0.0,0.10756779
0.0,0.029572744
0.0,0.119543955
0.0,0.11073927
1.0,0.117984585
0.0,0.037092105
0.0,0.08333148
0.0,0.07335526
0.0,0.10728771
0.0,0.058294088
0.0,0.072419934
0.0,0.04386396
0.0,0.08967388
0.0,0.06276054
0.0,0.055091646
0.0,0.09518976
0.0,0.11669457
0.0,0.08933326
0.0,0.0942389
0.0,0.04433797
0.0,0.056781046
1.0,0.016514301
0.0,0.07674422
0.0,0.07663241
0.0,0.08128989
0.0,0.08829714
0.0,0.060960222
0.0,0.04271052
0.0,0.119864285
0.0,0.11931855
0.0,0.078352466
0.0,0.0523157
0.0,0.115770824
0.0,0.11630735
0.0,0.12464116
2.0,0.041267943
0.0,0.12199078
0.0,0.10074241
0.0,0.09006482
0.0,0.023962377
0.0,0.06541073
0.0,0.073332146
0.0,0.098034054
0.0,0.15087844
1.0,0.14413795
0.0,0.078430325
0.0,0.14125186
0.0,0.11599514
0.0,0.117009744
0.0,0.09281096
0.0,0.048577525
0.0,0.09917529
0.0,0.09902498
0.0,0.10407311
0.0,0.058528382
0.0,0.09673992
0.0,0.07299989
0.0,0.012154462
0.0,0.07816304
0.0,0.075134784
0.0,0.09720714
0.0,0.09716658
0.0,0.04426547
0.0,0.06836404
0.0,0.088453084
0.0,0.069958076
0.0,0.06445104
0.0,0.07950232
0.0,0.09242836
0.0,0.08065367
0.0,0.077490285
0.0,0.10283159
0.0,0.07103272
0.0,0.116085134
0.0,0.041401073
0.0,0.06729734
0.0,0.036798872
0.0,0.071820214
0.0,0.10400343
0.0,0.07376136
0.0,0.097780734
0.0,0.12647533
0.0,0.12969269
0.0,0.109128416
0.0,0.06312625
0.0,0.08919918
0.0,0.05650054
0.0,0.042954534
0.0,0.096190885
0.0,0.054909803
0.0,0.07028063
0.0,0.065519646
1.0,0.08921458
0.0,0.04762504
0.0,0.082901806
0.0,0.063413605
0.0,0.09357712
0.0,0.09964574
0.0,0.1098127
0.0,0.119171225
0.0,0.051970232
0.0,0.07031002
0.0,0.12077039
0.0,0.12727495
0.0,0.097485974
0.0,0.044772204
0.0,0.09522558
0.0,0.09474281
0.0,0.06347604
0.0,0.049032934
1.0,0.08147355
0.0,0.12902138
0.0,0.060527816
0.0,0.04058698
0.0,0.08013198
1.0,0.08205362
0.0,0.0820454
0.0,0.06049579
0.0,0.09136757
0.0,0.09341559
0.0,0.10548123
0.0,0.05032132
0.0,0.10457202
0.0,0.12968116
0.0,0.05982914
0.0,0.05009155
0.0,0.12537855
0.0,0.102734275
0.0,0.07907238
0.0,0.070900574
0.0,0.09870751
0.0,0.11922454
0.0,0.111701615
0.0,0.05037166
0.0,0.062051732
0.0,0.088566154
0.0,0.10312432
0.0,0.075060464
0.0,0.086929694
0.0,0.07827481
0.0,0.10120318
0.0,0.07396966
0.0,0.08442189
0.0,0.044765532
0.0,0.102327555
0.0,0.08340712
0.0,0.10571951
0.0,0.06911086
0.0,0.10070567
0.0,0.06784971
0.0,0.1031764
1.0,0.053762652
0.0,0.050866272
0.0,0.10231282
0.0,0.08039349
0.0,0.08679008
0.0,0.07494469
0.0,0.06397055
0.0,0.09201609
0.0,0.16183598
0.0,0.0635419
0.0,0.101932265
0.0,0.04274388
0.0,0.09925468
0.0,0.080402926
0.0,0.1328066
0.0,0.12796073
0.0,0.12618339
0.0,0.12408033
0.0,0.109738395
0.0,0.06710634
0.0,0.07771537
0.0,0.04494886
0.0,0.086544685
0.0,0.117898285
0.0,0.06391972
1.0,0.08843407
0.0,0.13798214
0.0,0.021763535
0.0,0.09250982
0.0,0.10693823
0.0,0.08739599
0.0,0.11207113
0.0,0.09539953
0.0,0.060660265
0.0,0.08277582
1.0,0.11739911
0.0,0.077856384
0.0,0.07162285
0.0,0.0786388
0.0,0.088040546
0.0,0.10247208
0.0,0.08109598
0.0,0.081288934
0.0,0.06513949
0.0,0.07222116
0.0,0.11134851
0.0,0.090383485
0.0,0.07450169
0.0,0.045251586
1.0,0.084755614
0.0,0.11980966
0.0,0.10187531
0.0,0.113080606
0.0,0.08422784
0.0,0.091874
0.0,0.076287605
0.0,0.13387366
0.0,0.056800313
0.0,0.118673176
0.0,0.095988005
1.0,0.061753653
0.0,0.10100858
0.0,0.1261282
0.0,0.13529244
0.0,0.07374325
0.0,0.057888944
0.0,0.090228684
0.0,0.07494686
0.0,0.090221494
1.0,0.072642334
0.0,0.12098996
0.0,0.102439746
0.0,0.0822829
0.0,0.09483746
0.0,0.09019479
1.0,0.06862973
0.0,0.09554893
0.0,0.08845855
0.0,0.0938178
0.0,0.10556655
0.0,0.05474275
0.0,0.12510173
0.0,0.076629214
0.0,0.05481544
0.0,0.105514735
0.0,0.026757373
0.0,0.09085357
0.0,0.055373646
0.0,0.065372705
0.0,0.10235913
0.0,0.049819794
0.0,0.068326354
0.0,0.041134134
0.0,0.13637933
0.0,0.085415706
0.0,0.09284205
0.0,0.05730052
0.0,0.113076136
0.0,0.14391477
0.0,0.09021879
0.0,0.10355257
0.0,0.09708929
0.0,0.08005189
0.0,0.08674895
0.0,0.13651705
0.0,0.096828274
0.0,0.073663294
0.0,0.059984922
0.0,0.061807446
0.0,0.1170071
0.0,0.082162574
0.0,0.09278954
0.0,0.12581001
0.0,0.062315125
0.0,0.07041372
0.0,0.08197255
0.0,0.06533405
0.0,0.0671453
0.0,0.057173226
0.0,0.07776949
0.0,0.08419868
0.0,0.09205588
0.0,0.03195008
0.0,0.06342644
0.0,0.120328
0.0,0.096468695
0.0,0.12943664
0.0,0.03808807
0.0,0.09736662
0.0,0.040752962
0.0,0.093132496
0.0,0.15976548
0.0,0.11477325
0.0,0.07753743
0.0,0.07177776
0.0,0.12067946
0.0,0.1328972
0.0,0.115524545
0.0,0.03378896
0.0,0.074133895
0.0,0.08419792
0.0,0.06363747
0.0,0.074378386
0.0,0.10276117
0.0,0.12869391
0.0,0.10116637
0.0,0.15700582
0.0,0.124908656
0.0,0.0911919
0.0,0.09084543
0.0,0.06341041
0.0,0.10299394
0.0,0.09220771
0.0,0.060863182
0.0,0.08108718
0.0,0.10501703
0.0,0.047482625
0.0,0.1260092
1.0,0.047380183
0.0,0.041101016
0.0,0.066715576
0.0,0.09378939
0.0,0.11346134
0.0,0.08087534
0.0,0.08392123
0.0,0.11925368
0.0,0.07688672
0.0,0.08289749
0.0,0.08564364
0.0,0.102288134
0.0,0.07525969
0.0,0.09745844
0.0,0.044232078
0.0,0.08867543
1.0,0.07696181
0.0,0.096146636
0.0,0.010576503
0.0,0.1467722
0.0,0.10436345
0.0,0.1317432
0.0,0.07239811
0.0,0.13252705
0.0,0.077689506
0.0,0.07088492
0.0,0.059866693
0.0,0.04435124
0.0,0.13819471
0.0,0.093943164
0.0,0.11495328
0.0,0.13468885
0.0,0.09121488
0.0,0.09125188
0.0,0.10635315
0.0,0.11466357
0.0,0.0913109
0.0,0.062556855
0.0,0.09686201
0.0,0.09108929
0.0,0.089480996
0.0,0.10493323
1.0,0.11356348
0.0,0.061796483
0.0,0.120139
0.0,0.10037463
0.0,0.108398736
0.0,0.12870342
0.0,0.12399844
0.0,0.072977245
0.0,0.108114436
0.0,0.05307961
0.0,0.114816025
0.0,0.07432726
0.0,0.02651947
0.0,0.14776208
0.0,0.016118301
0.0,0.11980229
0.0,0.09193191
0.0,0.064369895
0.0,0.08912333
0.0,0.08346405
0.0,0.11473861
0.0,0.05965606
0.0,0.07950986
0.0,0.06886057
0.0,0.042939648
0.0,0.079665914
0.0,0.06885454
0.0,0.07218119
0.0,0.07557969
0.0,0.10118241
0.0,0.06742751
0.0,0.122932464
0.0,0.122515604
0.0,0.047793873
0.0,0.09909698
0.0,0.077519834
0.0,0.123178534
0.0,0.12126784
0.0,0.11529495
0.0,0.0749533
0.0,0.08298838
0.0,0.07035597
0.0,0.092747405
0.0,0.120931245
0.0,0.080760926
0.0,0.10291002
0.0,0.06471826
0.0,0.06586767
0.0,0.08811706
0.0,0.09653413
0.0,0.12475601
0.0,0.09395864
0.0,0.014230503
0.0,0.08520752
0.0,0.07270327
0.0,0.12952133
0.0,0.14186515
0.0,0.12183289
0.0,0.10550216
0.0,0.11027827
0.0,0.0975738
0.0,0.114047945
0.0,0.11537184
0.0,0.07514717
1.0,0.05753628
1.0,0.06354599
0.0,0.12542415
0.0,0.045647148
0.0,0.060057703
0.0,0.099529184
1.0,0.03995967
0.0,0.09245044
0.0,0.06941074
1.0,0.07772856
0.0,0.07251129
0.0,0.11685828
0.0,0.043193787
0.0,0.12243489
0.0,0.059124704
0.0,0.067401744
0.0,0.060037088
0.0,0.08427514
0.0,0.15711112
0.0,0.07977241
0.0,0.08098161
1.0,0.05396001
0.0,0.10201288
0.0,0.031270757
0.0,0.04607215
0.0,0.08327818
0.0,0.06870456
0.0,0.043906357
0.0,0.08625438
0.0,0.14321515
0.0,0.11102364
0.0,0.08472838
0.0,0.05344004
0.0,0.12081485
0.0,0.06793749
0.0,0.042408355
0.0,0.06609937
0.0,0.06826118
0.0,0.07738028
0.0,0.10412036
0.0,0.06692296
0.0,0.13235052
0.0,0.07419129
0.0,0.08235465
0.0,0.07760982
0.0,0.044898983
0.0,0.071120426
0.0,0.08256858
0.0,0.06778047
0.0,0.07775211
0.0,0.060276262
0.0,0.044899326
0.0,0.10254154
0.0,0.13386032
0.0,0.07631249
0.0,0.12307227
0.0,0.05892951
0.0,0.08947258
0.0,0.033880364
0.0,0.11136077
0.0,0.04723063
0.0,0.096748225
0.0,0.11546848
0.0,0.06312443
0.0,0.082016334
0.0,0.07459986
0.0,0.08801175
0.0,0.15363938
0.0,0.0453229
0.0,0.14125822
1.0,0.095514536
0.0,0.02614419
0.0,0.04415696
0.0,0.059137393
0.0,0.12503994
0.0,0.086803734
0.0,0.051287092
0.0,0.058114268
0.0,0.015541954
1.0,0.034942713
0.0,0.057856064
0.0,0.076749146
0.0,0.07815749
0.0,0.087342516
0.0,0.06900904
0.0,0.08198273
0.0,0.021587595
0.0,0.0894579
0.0,0.05725543
0.0,0.10858096
0.0,0.07838821
0.0,0.11201223
0.0,0.1180815
0.0,0.10504735
0.0,0.020350534
0.0,0.09203481
0.0,0.088547066
0.0,0.115685456
0.0,0.061733793
0.0,0.021406852
0.0,0.08234568
0.0,0.04692869
0.0,0.08099367
0.0,0.07312658
0.0,0.09592406
1.0,0.07715277
0.0,0.041989647
1.0,0.08194558
0.0,0.06385517
0.0,0.10955626
0.0,0.07511929
0.0,0.070356205
1.0,0.10818787
0.0,0.024260722
0.0,0.058649518
0.0,0.1075222
0.0,0.065595455
0.0,0.12454444
0.0,0.07899096
0.0,0.08286242
0.0,0.075146124
0.0,0.07686299
0.0,0.053518433
0.0,0.012587193
0.0,0.07559144
0.0,0.13660353
0.0,0.106741756
0.0,0.07261906
0.0,0.115696624
0.0,0.07794847
1.0,0.063136354
0.0,0.062893115
0.0,0.12791634
0.0,0.1170806
0.0,0.1215718
0.0,0.1315718
0.0,0.08860476
0.0,0.056146644
0.0,0.08915442
0.0,0.04290203
0.0,0.08078376
0.0,0.09796073
0.0,0.069271505
0.0,0.01114987
0.0,0.07216647
0.0,0.06987924
1.0,0.13494548
0.0,0.10159834
0.0,0.09841317
0.0,0.10131945
0.0,0.07675694
0.0,0.07860382
0.0,0.09656088
0.0,0.04695896
0.0,0.10690358
0.0,0.077105545
0.0,0.12315756
0.0,0.12486322
0.0,0.107924685
0.0,0.094905704
0.0,0.07186917
0.0,0.090923175
0.0,0.0664492
0.0,0.0883225
0.0,0.015229641
0.0,0.054446667
0.0,0.07064226
0.0,0.11908531
0.0,0.10009575
0.0,0.055133834
0.0,0.09891394
0.0,0.13335088
0.0,0.09117933
0.0,0.053873114
0.0,0.046619415
0.0,0.100565016
0.0,0.06989177
1.0,0.102092005
0.0,0.092118144
0.0,0.07406404
0.0,0.10212414
0.0,0.123005204
0.0,0.10271811
0.0,0.10520102
0.0,0.09301981
0.0,0.051085316
1.0,0.055054627
0.0,0.10837225
0.0,0.08185956
0.0,0.14440948
0.0,0.08735311
0.0,0.08297698
0.0,0.103062525
0.0,0.0712071
0.0,0.1330212
0.0,0.06252131
0.0,0.09636594
0.0,0.08793255
0.0,0.07879175
0.0,0.084046215
0.0,0.053605527
0.0,0.08225709
0.0,0.086670086
0.0,0.07719645
0.0,0.120038055
0.0,0.04985551
0.0,0.09187406
0.0,0.1118062
0.0,0.13205889
0.0,0.05139541
1.0,0.1122655
0.0,0.06444502
0.0,0.10202028
0.0,0.03928837
0.0,0.06873284
1.0,0.09301615
0.0,0.12529235
0.0,0.12671274
0.0,0.09350154
0.0,0.052226134
0.0,0.07281582
0.0,0.084702246
0.0,0.08920045
0.0,0.07116823
0.0,0.08440573
0.0,0.124437496
0.0,0.06712264
0.0,0.08089063
0.0,0.08545703
0.0,0.058846842
0.0,0.082434565
0.0,0.022934977
0.0,0.07276809
0.0,0.11231253
0.0,0.099669
0.0,0.07112809
0.0,0.08750244
0.0,0.06892407
0.0,0.083471134
0.0,0.10796709
0.0,0.068324655
0.0,0.09032662
0.0,0.081699
0.0,0.08175239
0.0,0.057312846
0.0,0.15237042
0.0,0.122013584
0.0,0.062472247
0.0,0.1061312
0.0,0.0679642
0.0,0.08616388
1.0,0.08182618
0.0,0.064332336
0.0,0.065274484
0.0,0.0527473
0.0,0.085796945
0.0,0.12713422
0.0,0.061831087
0.0,0.14830983
0.0,0.05928882
0.0,0.079505734
0.0,0.06334759
0.0,0.066174075
0.0,0.11253466
0.0,0.052641794
0.0,0.0676775
0.0,0.09761082
0.0,0.06662702
0.0,0.0592059
0.0,0.10396408
0.0,0.09129833
0.0,0.07856442
0.0,0.07135752
0.0,0.08610077
0.0,0.05639032
0.0,0.09311785
0.0,0.04962935
0.0,0.08280572
1.0,0.06780396
0.0,0.11557347
0.0,0.05373282
0.0,0.0690726
0.0,0.13226806
0.0,0.03642781
0.0,0.07475257
1.0,0.078050196
0.0,0.09547439
0.0,0.035244875
0.0,0.077641875
0.0,0.1165986
0.0,0.08413064
0.0,0.0705671
0.0,0.036621332
1.0,0.11807829
0.0,0.06551265
0.0,0.078611694
0.0,0.09382205
0.0,0.040775586
0.0,0.07156553
0.0,0.058123052
0.0,0.08474576
0.0,0.05441408
0.0,0.10482324
0.0,0.09539874
0.0,0.065517336
0.0,0.087006666
0.0,0.07630099
0.0,0.11679349
0.0,0.055187177
0.0,0.033951394
0.0,0.069539145
0.0,0.077658206
0.0,0.08815848
0.0,0.083555795
0.0,0.09123004
0.0,0.11581491
0.0,0.12637617
0.0,0.08064204
0.0,0.09936253
0.0,0.107245386
0.0,0.052776627
0.0,0.054887094
0.0,0.10913674
0.0,0.09155597
0.0,0.053224683
0.0,0.08756559
0.0,0.11364611
0.0,0.08326493
0.0,0.086182654
0.0,0.07666999
0.0,0.104567535
0.0,0.072978914
0.0,0.113688715
0.0,0.12811063
0.0,0.11166671
0.0,0.11918393
0.0,0.13771243
0.0,0.06203024
0.0,0.058644455
1.0,0.08927458
0.0,0.065452546
0.0,0.047913343
0.0,0.117390744
0.0,0.011314234
0.0,0.1234157
0.0,0.09776109
0.0,0.067867115
0.0,0.14974111
0.0,0.0989053
0.0,0.060839534
0.0,0.11252701
0.0,0.055358544
0.0,0.028271608
0.0,0.07276301
1.0,0.10869203
0.0,0.09300879
0.0,0.08942109
0.0,0.09034824
0.0,0.053418413
0.0,0.0914184
0.0,0.05532403
0.0,0.023673978
0.0,0.07225354
0.0,0.09808425
0.0,0.08648091
0.0,0.11077082
0.0,0.039789874
0.0,0.07414666
0.0,0.13991997
0.0,0.10969952
0.0,0.10390283
0.0,0.0993852
0.0,0.061705615
0.0,0.08778621
0.0,0.10849515
0.0,0.051654145
0.0,0.09150726
0.0,0.0555067
0.0,0.052588947
0.0,0.08469457
0.0,0.097323924
1.0,0.0513098
0.0,0.12835659
0.0,0.08345844
1.0,0.09420257
0.0,0.08666953
0.0,0.097965896
0.0,0.07512402
0.0,0.07940145
0.0,0.1307661
1.0,0.09186967
0.0,0.11366467
0.0,0.1198636
0.0,0.12681782
1.0,0.077736676
0.0,0.07829024
0.0,0.03187191
0.0,0.06513098
0.0,0.078995004
0.0,0.05997188
0.0,0.110961504
0.0,0.09126271
0.0,0.120021686
0.0,0.06074519
0.0,0.09886564
0.0,0.08399703
0.0,0.07608883
0.0,0.04779122
0.0,0.04597341
0.0,0.079643585
0.0,0.049911562
0.0,0.065498345
0.0,0.0691714
0.0,0.08602692
0.0,0.06607715
0.0,0.08230201
0.0,0.01746321
1.0,0.07126355
2.0,0.136379
0.0,0.032851618
0.0,0.08143634
0.0,0.12579004
0.0,0.08155458
0.0,0.060767513
0.0,0.09721089
0.0,0.109089136
0.0,0.068633065
0.0,0.08722263
0.0,0.10281067
0.0,0.093778305
0.0,0.04129109
0.0,0.11093096
0.0,0.09273182
0.0,0.07116188
0.0,0.08063169
0.0,0.08221168
0.0,0.08394526
1.0,0.081247255
0.0,0.09938655
1.0,0.08839494
0.0,0.082153015
0.0,0.12641685
0.0,0.13006996
0.0,0.029595252
0.0,0.064379044
0.0,0.030387176
0.0,0.08228539
0.0,0.060937975
0.0,0.10694356
0.0,0.08338765
0.0,0.0851278
0.0,0.07612731
0.0,0.04533896
0.0,0.066787414
0.0,0.15668005
0.0,0.07657556
0.0,0.058404475
0.0,0.076582335
0.0,0.09568256
0.0,0.079508424
0.0,0.1113131
0.0,0.06269679
0.0,0.06005922
0.0,0.06422065
0.0,0.08119621
0.0,0.08768259
0.0,0.0778025
0.0,0.07609264
0.0,0.034918644
0.0,0.103521734
0.0,0.07331048
0.0,0.05919831
0.0,0.14718205
0.0,0.09583342
0.0,0.10063052
1.0,0.07899331
0.0,0.09221065
0.0,0.1136103
0.0,0.052038252
0.0,0.07272371
0.0,0.11355644
0.0,0.05527828
0.0,0.18968982
0.0,0.053759728
0.0,0.098229416
0.0,0.12427013
0.0,0.104383454
0.0,0.1378766
0.0,0.099623054
0.0,0.0879578
0.0,0.037577935
0.0,0.08934796
0.0,0.122184694
0.0,0.0509301
0.0,0.0930955
0.0,0.039500613
0.0,0.104275
0.0,0.085353106
0.0,0.11328286
0.0,0.10940737
0.0,0.05635739
0.0,0.08095467
0.0,0.06904426
0.0,0.1295103
0.0,0.12733589
0.0,0.074591435
0.0,0.05778106
0.0,0.09799108
0.0,0.119979456
0.0,0.109064244
0.0,0.083328284
0.0,0.11543672
1.0,0.054928448
0.0,0.10004333
0.0,0.07743618
0.0,0.07652882
0.0,0.07129071
0.0,0.11354753
0.0,0.054526336
0.0,0.10683446
0.0,0.048407663
0.0,0.07321709
0.0,0.055408616
0.0,0.12089429
0.0,0.07139811
0.0,0.08521313
0.0,0.099951774
0.0,0.09060416
0.0,0.10906352
0.0,0.11359562
0.0,0.092503205
0.0,0.06955098
0.0,0.05537019
0.0,0.095945604
0.0,0.08597976
0.0,0.11431639
0.0,0.052545846
0.0,0.10301988
0.0,0.093735784
0.0,0.14629184
0.0,0.10793855
1.0,0.0771305
0.0,0.07260893
0.0,0.08418483
0.0,0.113081336
0.0,0.09591969
0.0,0.05082228
0.0,0.09070015
0.0,0.090471864
0.0,0.07583783
0.0,0.11300568
0.0,0.10496158
0.0,0.070637494
0.0,0.094103664
0.0,0.07624369
0.0,0.09328388
0.0,0.10549778
0.0,0.07698445
0.0,0.08149753
0.0,0.07293452
0.0,0.07255071
0.0,0.099480785
0.0,0.076367564
0.0,0.07457442
0.0,0.10987081
0.0,0.0672062
0.0,0.07283554
0.0,0.10433385
0.0,0.1392332
0.0,0.09156523
0.0,0.076261796
0.0,0.081541024
0.0,0.082900554
0.0,0.053087115
0.0,0.10156837
1.0,0.11177136
0.0,0.09707382
0.0,0.08617584
0.0,0.12300497
0.0,0.08585772
0.0,0.12136971
1.0,0.09656327
0.0,0.12918974
0.0,0.08691318
1.0,0.032951877
0.0,0.08886354
0.0,0.08773129
1.0,0.059337012
0.0,0.0635782
0.0,0.070130214
0.0,0.1096946
0.0,0.057762064
0.0,0.111768134
0.0,0.07067634
0.0,0.07438034
0.0,0.047760293
1.0,0.079154015
0.0,0.079392
0.0,0.09730601
0.0,0.089079574
0.0,0.09846368
0.0,0.089100465
0.0,0.1365899
0.0,0.06938728
0.0,0.0894902
0.0,0.118394636
0.0,0.1144474
1.0,0.05375819
0.0,0.09264366
0.0,0.11443643
0.0,0.04208988
0.0,0.10665323
0.0,0.07993128
0.0,0.14520654
0.0,0.12900285
0.0,0.06636681
0.0,0.07890518
1.0,0.13451685
0.0,0.065200806
0.0,0.08097909
1.0,0.090018325
0.0,0.082406625
0.0,0.108694255
0.0,0.08694263
0.0,0.061478544
0.0,0.06751101
0.0,0.06666237
0.0,0.06693394
0.0,0.045888662
0.0,0.097448975
0.0,0.101575226
0.0,0.05438439
0.0,0.069351986
0.0,0.07139766
0.0,0.06837736
0.0,0.08752911
0.0,0.10512725
0.0,0.06293698
0.0,0.07043589
0.0,0.055825807
0.0,0.075287074
0.0,0.10672674
0.0,0.07687675
0.0,0.089490965
0.0,0.097282164
0.0,0.118143395
0.0,0.022518676
0.0,0.084914275
0.0,0.0725208
0.0,0.115619555
0.0,0.10361528
0.0,0.073326826
0.0,0.06539979
0.0,0.06731125
0.0,0.06718119
0.0,0.06410543
0.0,0.11133518
0.0,0.078448966
0.0,0.050585523
0.0,0.070684634
0.0,0.1293539
0.0,0.07997871
0.0,0.065698534
0.0,0.083300814
0.0,0.107928775
0.0,0.09719467
0.0,0.11711667
0.0,0.0896579
0.0,0.07325548
0.0,0.17318372
0.0,0.049495634
0.0,0.08220917
0.0,0.06844988
0.0,0.10913991
0.0,0.074923754
0.0,0.07587631
0.0,0.119201064
1.0,0.076865464
0.0,0.07988615
0.0,0.0828194
0.0,0.11945282
0.0,0.1239761
0.0,0.06981989
0.0,0.060501732
0.0,0.09420996
0.0,0.1430302
0.0,0.012188646
0.0,0.055162646
0.0,0.07121404
0.0,0.06486943
0.0,0.09706434
0.0,0.075756416
0.0,0.105791114
0.0,0.11157301
0.0,0.0706318
0.0,0.075706705
0.0,0.061521053
0.0,0.08920318
0.0,0.078199096
1.0,0.07132447
0.0,0.09111507
0.0,0.108378865
0.0,0.052545696
0.0,0.11540559
0.0,0.077547304
1.0,0.14257179
0.0,0.09152878
0.0,0.08049386
0.0,0.054218844
0.0,0.05676854
0.0,0.07515541
0.0,0.06460747
0.0,0.07949357
0.0,0.0700089
0.0,0.0926567
0.0,0.11483793
0.0,0.07772216
0.0,0.13734356
0.0,0.07151355
0.0,0.064767905
0.0,0.14648917
0.0,0.09102072
0.0,0.07810468
0.0,0.051469855
0.0,0.016366273
0.0,0.10895215
0.0,0.017858423
0.0,0.08275014
0.0,0.14649007
0.0,0.025631253
0.0,0.076550096
0.0,0.061852273
0.0,0.09092812
1.0,0.09533223
0.0,0.077756286
0.0,0.054574482
0.0,0.10362963
0.0,0.028708292
0.0,0.14024301
0.0,0.117997326
0.0,0.08085163
0.0,0.07335853
0.0,0.13049562
0.0,0.14493477
0.0,0.07491411
0.0,0.041367024
0.0,0.106166124
0.0,0.09123733
0.0,0.09700252
1.0,0.086271055
0.0,0.028407646
0.0,0.088055864
0.0,0.083705336
0.0,0.061315197
0.0,0.06176929
0.0,0.05147706
0.0,0.08068001
0.0,0.07025246
0.0,0.08148288
0.0,0.084591635
0.0,0.10047759
0.0,0.055633478
0.0,0.119380355
0.0,0.08107684
0.0,0.13916327
0.0,0.11139253
0.0,0.025871303
0.0,0.10182597
0.0,0.048597656
0.0,0.09449293
0.0,0.08161311
0.0,0.10551136
0.0,0.06404554
0.0,0.110885344
0.0,0.08914622
0.0,0.08521451
0.0,0.08844428
0.0,0.09140323
0.0,0.08404568
0.0,0.065336965
0.0,0.10920347
0.0,0.07613098
0.0,0.042916138
0.0,0.07984218
0.0,0.1148809
0.0,0.039014716
0.0,0.027391037
0.0,0.119462416
0.0,0.06146871
0.0,0.115515016
0.0,0.07283985
0.0,0.075540215
0.0,0.08187844
0.0,0.0748641
0.0,0.06795484
0.0,0.035931896
0.0,0.10481499
1.0,0.09767453
0.0,0.10565986
0.0,0.09539883
0.0,0.083470255
0.0,0.086937614
0.0,0.098359786
0.0,0.08081705
0.0,0.12618974
0.0,0.09325907
0.0,0.07385956
0.0,0.0758479
0.0,0.11232461
0.0,0.008959266
0.0,0.06621959
0.0,0.08856261
0.0,0.09453547
0.0,0.11462011
0.0,0.060327042
0.0,0.13140127
0.0,0.078305066
0.0,0.08926238
0.0,0.118035
0.0,0.08073782
0.0,0.076065846
0.0,0.06331122
0.0,0.07098286
0.0,0.10219429
0.0,0.11285364
0.0,0.07827397
0.0,0.075159416
0.0,0.12292447
0.0,0.09673471
0.0,0.04352568
0.0,0.08228624
0.0,0.07675862
1.0,0.08648693
1.0,0.078202486
0.0,0.12079662
0.0,0.07862553
1.0,0.063546896
1.0,0.107536584
0.0,0.028750904
0.0,0.10374992
0.0,0.09044862
0.0,0.08370887
0.0,0.10888921
0.0,0.07858351
0.0,0.0828735
0.0,0.08415586
0.0,0.06852653
0.0,0.05703195
0.0,0.061786935
0.0,0.09365702
0.0,0.016065823
0.0,0.060943842
0.0,0.14094922
0.0,0.0860832
0.0,0.101139426
0.0,0.06565757
0.0,0.13344823
0.0,0.05323843
0.0,0.04529068
0.0,0.07435541
1.0,0.06873381
0.0,0.081936575
0.0,0.08168412
0.0,0.10824861
0.0,0.09233944
0.0,0.087315306
0.0,0.07364238
0.0,0.076009594
0.0,0.11855454
0.0,0.0682374
0.0,0.08442066
0.0,0.037490934
0.0,0.11870923
0.0,0.083203696
0.0,0.08785805
0.0,0.09138609
0.0,0.090879634
0.0,0.06674992
0.0,0.049657024
0.0,0.13479152
0.0,0.059843462
0.0,0.06709829
0.0,0.104493864
0.0,0.10541596
1.0,0.086139515
0.0,0.09028807
0.0,0.09766063
0.0,0.091337554
1.0,0.061416443
0.0,0.14141208
0.0,0.13432603
0.0,0.083356224
0.0,0.1253117
0.0,0.01704578
0.0,0.092469096
0.0,0.10572457
0.0,0.124369726
0.0,0.12191416
0.0,0.090635344
0.0,0.10749239
0.0,0.07609106
0.0,0.0859755
0.0,0.042033076
0.0,0.0745281
0.0,0.09424454
0.0,0.090613626
0.0,0.044500344
0.0,0.0716234
0.0,0.08261028
0.0,0.08319592
0.0,0.10156523
0.0,0.0823286
0.0,0.052507725
0.0,0.1292027
0.0,0.06892903
0.0,0.093615
0.0,0.073700815
0.0,0.113777876
0.0,0.067499325
0.0,0.10775365
0.0,0.0713963
0.0,0.018147776
0.0,0.010963799
0.0,0.115350276
0.0,0.041000836
0.0,0.0863579
0.0,0.10327746
0.0,0.065816194
0.0,0.06762993
0.0,0.078888744
0.0,0.047081932
0.0,0.01995438
0.0,0.09749864
0.0,0.082374625
0.0,0.06032316
0.0,0.16431974
0.0,0.118026786
0.0,0.06571318
0.0,0.09355922
0.0,0.05937252
0.0,0.14775574
0.0,0.08896674
0.0,0.09960308
0.0,0.08446106
0.0,0.08295293
0.0,0.1468166
0.0,0.110881194
0.0,0.09395291
0.0,0.09197293
0.0,0.04807639
0.0,0.09495452
0.0,0.064165644
0.0,0.039090984
0.0,0.056969587
0.0,0.072831064
0.0,0.10176966
0.0,0.10203195
0.0,0.040748823
0.0,0.13706383
0.0,0.14176819
0.0,0.05914721
0.0,0.113499
1.0,0.042632252
0.0,0.056648385
0.0,0.05601505
1.0,0.095268905
0.0,0.16461544
0.0,0.07310378
0.0,0.10400938
0.0,0.07527715
0.0,0.04223341
0.0,0.082381204
0.0,0.08478299
0.0,0.09208611
0.0,0.11477572
0.0,0.09569602
0.0,0.1169748
0.0,0.08398773
0.0,0.16334969
0.0,0.1325129
0.0,0.0652792
0.0,0.119232304
0.0,0.09386809
0.0,0.11775089
0.0,0.08692819
0.0,0.066314705
0.0,0.08419666
0.0,0.13657987
0.0,0.08618724
0.0,0.089610465
0.0,0.057057533
0.0,0.07752083
0.0,0.07131073
0.0,0.09676032
0.0,0.10573992
0.0,0.114486724
0.0,0.09983879
0.0,0.066949695
0.0,0.07980625
0.0,0.088048056
0.0,0.11028881
1.0,0.07119742
1.0,0.081975356
0.0,0.1257022
0.0,0.07406614
0.0,0.10436111
2.0,0.08255165
0.0,0.052336458
0.0,0.04188441
0.0,0.07827996
0.0,0.028909162
0.0,0.06371286
0.0,0.1160578
0.0,0.09459991
0.0,0.10613639
0.0,0.093919516
0.0,0.076854065
0.0,0.09785296
0.0,0.110182896
0.0,0.043747373
0.0,0.10823129
0.0,0.09195482
0.0,0.09048699
0.0,0.06369737
0.0,0.09832977
0.0,0.090051726
0.0,0.032775026
0.0,0.09728177
0.0,0.07136306
0.0,0.08705794
0.0,0.09359349
1.0,0.07906065
0.0,0.08819458
0.0,0.14010747
0.0,0.07467508
1.0,0.10730219
0.0,0.12322277
0.0,0.0804438
0.0,0.06894465
0.0,0.114961915
0.0,0.08406283
0.0,0.10131964
0.0,0.11002557
0.0,0.078718856
0.0,0.052253682
0.0,0.09532037
0.0,0.044963397
0.0,0.07977893
0.0,0.057021182
1.0,0.08201927
0.0,0.08737805
0.0,0.064913064
0.0,0.060754735
0.0,0.09036574
0.0,0.079892285
0.0,0.05298215
0.0,0.13368429
0.0,0.11315167
1.0,0.07383975
0.0,0.11553493
0.0,0.09750331
0.0,0.08431363
0.0,0.061123904
0.0,0.058630478
0.0,0.09148375
0.0,0.13031523
0.0,0.056513567
0.0,0.12450062
0.0,0.05942456
0.0,0.12901735
0.0,0.09316088
1.0,0.072384715
0.0,0.08377046
0.0,0.051711343
0.0,0.058231104
0.0,0.09688936
0.0,0.10099904
0.0,0.07729885
0.0,0.1478001
0.0,0.11243125
0.0,0.07743324
0.0,0.078040205
0.0,0.09489152
0.0,0.1442323
0.0,0.043705046
0.0,0.069845445
0.0,0.057785165
0.0,0.083444744
0.0,0.041930873
0.0,0.052298874
0.0,0.08569464
0.0,0.086650476
0.0,0.07896827
0.0,0.1095443
0.0,0.10251778
0.0,0.12595889
0.0,0.12808186
0.0,0.06577276
0.0,0.114074536
0.0,0.084161915
0.0,0.09024757
0.0,0.035168305
0.0,0.046617392
0.0,0.07501767
0.0,0.10447642
0.0,0.059886694
0.0,0.08148068
0.0,0.067802615
0.0,0.10455741
0.0,0.07073231
0.0,0.07586287
0.0,0.09675944
0.0,0.039967194
0.0,0.06131954
0.0,0.12398502
0.0,0.11903992
0.0,0.13456637
0.0,0.07006203
0.0,0.0751967
0.0,0.10464754
0.0,0.11880674
0.0,0.05932291
0.0,0.1380278
0.0,0.09214703
0.0,0.12814333
0.0,0.11498831
0.0,0.05297354
0.0,0.11092852
0.0,0.0538897
0.0,0.059043482
0.0,0.08354464
0.0,0.06085063
0.0,0.08668428
0.0,0.07264732
0.0,0.057222553
0.0,0.10879581
0.0,0.039311282
0.0,0.07960296
0.0,0.12708984
0.0,0.066962354
0.0,0.058363676
0.0,0.06490274
1.0,0.06685608
0.0,0.09239429
0.0,0.022384757
0.0,0.1465992
0.0,0.061567068
0.0,0.056157876
0.0,0.09098466
0.0,0.07713167
0.0,0.08449113
0.0,0.07675478
0.0,0.073974565
0.0,0.07885221
0.0,0.064335346
0.0,0.11840762
0.0,0.0903485
0.0,0.09702848
0.0,0.10967185
0.0,0.07951677
0.0,0.07651258
0.0,0.11615806
0.0,0.122039124
0.0,0.09150094
0.0,0.04976865
0.0,0.037119478
0.0,0.040799733
0.0,0.15475048
0.0,0.078047626
0.0,0.05662404
0.0,0.10335495
0.0,0.11522738
0.0,0.0613302
0.0,0.073814385
0.0,0.100216
0.0,0.0776969
0.0,0.011547035
0.0,0.08299873
0.0,0.079327784
1.0,0.109749906
0.0,0.108437926
0.0,0.09306178
0.0,0.12424561
0.0,0.08710482
0.0,0.077172525
0.0,0.08183503
0.0,0.087564595
0.0,0.13850594
0.0,0.08445744
1.0,0.11556421
0.0,0.103331
0.0,0.08293806
0.0,0.089887865
0.0,0.073037244
0.0,0.105699115
0.0,0.053513687
0.0,0.13515368
0.0,0.12175876
0.0,0.050572764
0.0,0.07694113
0.0,0.06562852
0.0,0.080889456
0.0,0.10039208
0.0,0.12735349
0.0,0.083346784
0.0,0.08629334
0.0,0.009042832
0.0,0.07768759
0.0,0.06318117
0.0,0.045753065
0.0,0.07733977
0.0,0.08335453
0.0,0.11797513
0.0,0.12929249
0.0,0.096888945
0.0,0.086143315
0.0,0.07908286
0.0,0.08445436
0.0,0.063977174
0.0,0.11628946
0.0,0.082798295
0.0,0.0791522
1.0,0.11110305
0.0,0.08333631
0.0,0.031632103
0.0,0.071177006
0.0,0.107786745
0.0,0.04647305
0.0,0.12103197
0.0,0.11251046
0.0,0.07799264
0.0,0.061898537
0.0,0.109600835
0.0,0.087823436
0.0,0.08375089
0.0,0.09997754
0.0,0.1231118
0.0,0.11771277
0.0,0.10921332
0.0,0.050561044
0.0,0.08619151
0.0,0.108405456
0.0,0.073641874
0.0,0.066788845
0.0,0.10321301
0.0,0.066318296
0.0,0.08146031
0.0,0.13544968
0.0,0.07569352
0.0,0.08085178
0.0,0.08148657
0.0,0.10823859
0.0,0.10239506
0.0,0.10861478
0.0,0.045184504
0.0,0.028641613
0.0,0.09250656
0.0,0.08319102
0.0,0.08379899
0.0,0.09984514
0.0,0.06846527
0.0,0.055903204
0.0,0.095131174
0.0,0.087762564
0.0,0.05908846
0.0,0.0699856
0.0,0.098317206
0.0,0.09688938
0.0,0.05557553
0.0,0.1469304
0.0,0.08156331
0.0,0.12600307
0.0,0.07300526
0.0,0.0816955
0.0,0.074073344
0.0,0.10096536
0.0,0.075376846
0.0,0.076686405
0.0,0.080915324
0.0,0.050315943
0.0,0.03785728
0.0,0.072309285
0.0,0.10447478
0.0,0.04970336
0.0,0.09814912
0.0,0.07356262
0.0,0.06299578
0.0,0.04821457
0.0,0.14198065
0.0,0.090736285
0.0,0.10101125
0.0,0.09257193
0.0,0.10411564
0.0,0.06431007
0.0,0.10938285
0.0,0.10564296
0.0,0.06298835
0.0,0.11087141
0.0,0.072052196
0.0,0.049030267
0.0,0.03402564
0.0,0.112561256
0.0,0.1256602
0.0,0.0925158
0.0,0.04582134
0.0,0.053558744
0.0,0.06575783
0.0,0.1022404
0.0,0.07220105
0.0,0.10984868
0.0,0.083355665
0.0,0.091021754
0.0,0.08450848
0.0,0.07826445
0.0,0.092249945
0.0,0.05392854
0.0,0.045678534
0.0,0.10679731
0.0,0.09974826
0.0,0.072900936
0.0,0.10100848
0.0,0.052863076
0.0,0.08982105
0.0,0.05166284
0.0,0.11500068
0.0,0.06902315
0.0,0.053407617
0.0,0.08305089
0.0,0.07858587
0.0,0.07876465
0.0,0.10543896
0.0,0.08436989
0.0,0.10438821
0.0,0.11387885
0.0,0.040694706
0.0,0.06676134
0.0,0.13032095
0.0,0.10208687
0.0,0.05858642
0.0,0.06492783
0.0,0.10960611
0.0,0.08769344
0.0,0.13829695
0.0,0.04949148
0.0,0.08345595
0.0,0.10187487
0.0,0.10296075
0.0,0.07174615
0.0,0.123277865
0.0,0.12181651
0.0,0.049741436
0.0,0.100428686
0.0,0.11112295
0.0,0.10657207
0.0,0.121678255
0.0,0.08376679
0.0,0.07354244
0.0,0.09407365
0.0,0.08438241
0.0,0.11333867
0.0,0.04197014
0.0,0.13787854
0.0,0.1195003
1.0,0.115473434
1.0,0.07156966
0.0,0.061326046
0.0,0.080798365
0.0,0.0401454
0.0,0.08482983
0.0,0.13961175
1.0,0.07566023
0.0,0.08960591
0.0,0.10642021
0.0,0.050433356
0.0,0.073085494
0.0,0.07291321
0.0,0.08502292
0.0,0.077815786
0.0,0.09450705
0.0,0.073601484
0.0,0.06213027
0.0,0.095754035
0.0,0.13847753
0.0,0.120280355
0.0,0.06920498
0.0,0.10833038
0.0,0.12646471
0.0,0.09349694
0.0,0.063250996
0.0,0.14251688
0.0,0.068477206
0.0,0.12327995
0.0,0.08121507
0.0,0.14282914
0.0,0.11320969
0.0,0.09842329
0.0,0.07662306
0.0,0.12838696
1.0,0.11670965
0.0,0.034545828
0.0,0.10983935
0.0,0.068734795
0.0,0.1308139
0.0,0.0985689
0.0,0.099563025
0.0,0.12350725
0.0,0.14469978
0.0,0.074056625
0.0,0.06321106
0.0,0.08485548
0.0,0.050419167
0.0,0.03264451
0.0,0.10233016
0.0,0.14097354
0.0,0.074782304
0.0,0.083443716
0.0,0.098359786
0.0,0.09473789
0.0,0.10960606
0.0,0.021442547
0.0,0.0750559
0.0,0.10001328
0.0,0.09563083
0.0,0.06780006
0.0,0.09022479
0.0,0.073959894
0.0,0.11950107
0.0,0.1486471
0.0,0.13541642
0.0,0.044264838
0.0,0.11102647
0.0,0.056006156
0.0,0.11812852
0.0,0.087430954
0.0,0.080972195
0.0,0.05587553
0.0,0.117257595
0.0,0.12613809
0.0,0.093488626
0.0,0.093266085
0.0,0.0927941
0.0,0.09221116
0.0,0.06745619
0.0,0.07630545
0.0,0.06500876
0.0,0.1269391
0.0,0.09473693
0.0,0.1309055
0.0,0.116157785
0.0,0.07767402
0.0,0.08799293
0.0,0.10656432
0.0,0.11870804
0.0,0.10984972
0.0,0.09944161
0.0,0.043596823
0.0,0.07516843
1.0,0.08147406
0.0,0.10064151
0.0,0.07640404
0.0,0.09570923
0.0,0.06861052
0.0,0.084375806
0.0,0.05229279
0.0,0.041858256
0.0,0.08462772
0.0,0.12262601
0.0,0.04829948
0.0,0.0812584
0.0,0.08838839
0.0,0.109310746
0.0,0.08902619
0.0,0.03658821
0.0,0.15222889
0.0,0.10842115
0.0,0.0750221
0.0,0.057837334
0.0,0.06708723
0.0,0.10517812
0.0,0.084555596
0.0,0.1281143
1.0,0.070964314
0.0,0.019236498
0.0,0.15792969
0.0,0.13259779
0.0,0.09814535
0.0,0.08849327
0.0,0.07520484
0.0,0.12697966
0.0,0.08543079
0.0,0.10734152
0.0,0.10673176
0.0,0.052915636
0.0,0.09740884
0.0,0.086633705
0.0,0.12014107
0.0,0.08815602
0.0,0.047167577
0.0,0.13345148
0.0,0.07751721
0.0,0.06847851
0.0,0.06227721
0.0,0.09670159
0.0,0.11004163
0.0,0.089873336
0.0,0.04301466
0.0,0.098397665
0.0,0.054221846
0.0,0.09894792
0.0,0.08923653
0.0,0.071532145
0.0,0.07891803
0.0,0.08395327
0.0,0.10088254
0.0,0.062140815
0.0,0.06324466
0.0,0.122039594
0.0,0.08985433
0.0,0.11153237
0.0,0.082733884
0.0,0.08440438
0.0,0.0917323
0.0,0.08663719
0.0,0.028055817
0.0,0.13441393
0.0,0.12857424
0.0,0.09650895
0.0,0.09989448
1.0,0.113443136
0.0,0.09526895
0.0,0.074849874
0.0,0.05905593
0.0,0.07504354
0.0,0.07667379
0.0,0.091254056
0.0,0.106449515
0.0,0.052179284
0.0,0.12372661
1.0,0.12621832
0.0,0.07221446
0.0,0.06965953
0.0,0.0633086
0.0,0.1323074
0.0,0.07442759
0.0,0.10833637
0.0,0.052209724
0.0,0.124580964
0.0,0.042712096
0.0,0.092176214
0.0,0.056680564
0.0,0.09639512
1.0,0.11079198
0.0,0.09359702
0.0,0.08956145
0.0,0.15117797
0.0,0.08887199
1.0,0.08894218
0.0,0.1012311
0.0,0.043389205
0.0,0.0609564
0.0,0.11640086
0.0,0.10095558
0.0,0.0831444
0.0,0.11917083
0.0,0.05990603
0.0,0.078614995
0.0,0.091838084
0.0,0.10371527
0.0,0.06460421
0.0,0.11298548
0.0,0.09458744
0.0,0.07600876
0.0,0.06758941
0.0,0.067380436
0.0,0.06185155
0.0,0.10175744
0.0,0.020235825
0.0,0.058371134
0.0,0.0924797
0.0,0.08299358
0.0,0.058887053
0.0,0.03580229
0.0,0.0681126
0.0,0.11575755
0.0,0.06152855
0.0,0.100791566
0.0,0.07465858
0.0,0.084555
0.0,0.09641096
0.0,0.090106405
0.0,0.087827496
0.0,0.097626455
0.0,0.046061292
0.0,0.15106732
0.0,0.09773512
0.0,0.067388006
0.0,0.05165789
0.0,0.058851082
0.0,0.068372354
0.0,0.087378904
0.0,0.052039094
0.0,0.065082006
0.0,0.060817096
0.0,0.08486422
0.0,0.06972026
0.0,0.11369091
0.0,0.05994832
2.0,0.12793347
0.0,0.119506225
0.0,0.07438491
0.0,0.020883411
0.0,0.09509433
0.0,0.05323877
0.0,0.047779907
0.0,0.12341205
0.0,0.08471792
0.0,0.0997124
0.0,0.04346463
0.0,0.08164357
0.0,0.12894392
0.0,0.13469605
0.0,0.07909851
0.0,0.06682593
0.0,0.08657188
0.0,0.10821387
0.0,0.09364398
0.0,0.15344602
0.0,0.09801321
0.0,0.12779206
1.0,0.061616644
1.0,0.08307949
1.0,0.06972826
0.0,0.07684912
1.0,0.07815708
0.0,0.059196442
0.0,0.09005134
0.0,0.1055606
0.0,0.061437298
0.0,0.031462222
0.0,0.016353916
0.0,0.12982532
0.0,0.08923585
0.0,0.07342648
0.0,0.10374968
0.0,0.09842359
0.0,0.08695862
0.0,0.06981501
0.0,0.1251073
0.0,0.07975763
0.0,0.07051405
0.0,0.057004776
0.0,0.06891794
0.0,0.06138409
0.0,0.08063559
0.0,0.07375342
0.0,0.08416763
0.0,0.08090828
0.0,0.08524312
0.0,0.05361079
0.0,0.038606506
0.0,0.087152764
0.0,0.119927175
0.0,0.13814068
0.0,0.08086167
0.0,0.08494787
0.0,0.091723055
0.0,0.11646565
0.0,0.092816666
0.0,0.070965484
0.0,0.064429544
0.0,0.06639463
0.0,0.0539627
0.0,0.059166178
0.0,0.08957242
0.0,0.06622041
0.0,0.094785355
0.0,0.094979495
0.0,0.0958571
0.0,0.091759644
0.0,0.056267813
0.0,0.086738385
0.0,0.05579347
0.0,0.039699048
0.0,0.1421945
0.0,0.08455074
0.0,0.10896592
0.0,0.10016354
0.0,0.11611196
1.0,0.037556056
1.0,0.05804138
0.0,0.068404995
0.0,0.07183906
0.0,0.087469116
0.0,0.054811914
0.0,0.057834204
0.0,0.09585225
0.0,0.068438455
0.0,0.07314628
0.0,0.11187737
0.0,0.0919174
0.0,0.04503244
0.0,0.121531144
1.0,0.1455969
0.0,0.06029134
0.0,0.09337816
0.0,0.06794217
0.0,0.077000976
0.0,0.09386653
0.0,0.080480136
0.0,0.08745756
0.0,0.14572619
0.0,0.085573286
0.0,0.09041515
0.0,0.013392011
0.0,0.06878948
0.0,0.108603954
0.0,0.08034835
0.0,0.12117816
0.0,0.07977092
0.0,0.080245465
0.0,0.08816004
0.0,0.0646295
0.0,0.062062755
0.0,0.07682481
0.0,0.07361077
0.0,0.12125888
0.0,0.087183334
1.0,0.094780855
0.0,0.05727442
0.0,0.082394324
0.0,0.0752272
0.0,0.10379104
0.0,0.08509428
1.0,0.063259155
0.0,0.07655097
0.0,0.0672045
0.0,0.13784927
1.0,0.0765381
0.0,0.11188702
0.0,0.11433871
0.0,0.08305453
0.0,0.08341738
0.0,0.08001983
0.0,0.09944484
0.0,0.051508084
0.0,0.06556903
0.0,0.045278024
0.0,0.05512289
1.0,0.054729242
0.0,0.08131637
0.0,0.07545576
0.0,0.06134273
0.0,0.103110895
0.0,0.13505669
0.0,0.093765914
0.0,0.007925912
0.0,0.11105342
0.0,0.118434645
0.0,0.1076707
0.0,0.095798925
0.0,0.058570314
0.0,0.11955516
0.0,0.076960616
0.0,0.09602703
0.0,0.09926107
0.0,0.10647391
0.0,0.095506586
0.0,0.12096239
0.0,0.08922504
0.0,0.08500178
0.0,0.11625872
0.0,0.095917106
0.0,0.059755024
0.0,0.08745079
0.0,0.064500816
0.0,0.08119273
0.0,0.101622775
0.0,0.08792314
0.0,0.06787746
0.0,0.06936503
0.0,0.12491581
0.0,0.124754965
0.0,0.06941796
0.0,0.08824681
0.0,0.064817145
0.0,0.110355936
0.0,0.08219335
0.0,0.078135654
0.0,0.064504735
0.0,0.07683871
0.0,0.09048979
0.0,0.077593744
0.0,0.07845092
0.0,0.04875239
1.0,0.041702423
0.0,0.06458755
0.0,0.014426493
0.0,0.07788803
0.0,0.09619392
0.0,0.071432844
0.0,0.08561965
2.0,0.0553115
0.0,0.054112744
0.0,0.047455892
0.0,0.13024062
1.0,0.06079622
0.0,0.030856125
0.0,0.04977323
0.0,0.10841094
0.0,0.09397054
0.0,0.10612326
0.0,0.05345674
0.0,0.10069232
1.0,0.018392432
0.0,0.1263041
0.0,0.0694457
0.0,0.08352847
0.0,0.012144312
0.0,0.066065714
1.0,0.068664
0.0,0.09785618
0.0,0.08279269
0.0,0.12029028
0.0,0.08758146
0.0,0.13497725
0.0,0.07755831
0.0,0.08338322
0.0,0.0855961
0.0,0.10943967
0.0,0.12658815
0.0,0.0772752
0.0,0.07240831
0.0,0.056196034
0.0,0.07365058
0.0,0.14831045
0.0,0.14249997
0.0,0.061429344
0.0,0.061081324
0.0,0.117480814
0.0,0.014718286
0.0,0.11158048
0.0,0.06578276
0.0,0.082660824
0.0,0.09523362
0.0,0.11159559
0.0,0.091819495
0.0,0.07131005
0.0,0.061852966
0.0,0.082893625
0.0,0.10513374
0.0,0.08884979
0.0,0.08929229
0.0,0.068214335
0.0,0.16795078
0.0,0.103760704
0.0,0.055683706
0.0,0.081466384
0.0,0.058085263
0.0,0.10904202
0.0,0.1185788
0.0,0.04138559
0.0,0.024950434
0.0,0.078361355
0.0,0.051385462
0.0,0.094112575
1.0,0.09308526
0.0,0.08501844
0.0,0.12946266
0.0,0.08069013
1.0,0.06272864
0.0,0.07167456
0.0,0.105240025
0.0,0.09164718
0.0,0.083731085
0.0,0.11471941
0.0,0.08471509
0.0,0.09196688
0.0,0.10890556
0.0,0.08470841
0.0,0.06155911
0.0,0.02165526
0.0,0.040502626
0.0,0.13964927
0.0,0.12984647
0.0,0.082126305
0.0,0.11326077
0.0,0.084715374
0.0,0.13139772
0.0,0.08050862
0.0,0.09977673
0.0,0.059629586
0.0,0.036666315
0.0,0.05918098
0.0,0.090467766
0.0,0.05376424
0.0,0.05390035
0.0,0.08257734
0.0,0.078484625
0.0,0.07083927
0.0,0.07285348
0.0,0.08403231
0.0,0.08365522
0.0,0.08816662
0.0,0.08135084
1.0,0.066924095
0.0,0.06902459
0.0,0.08158688
0.0,0.09344731
0.0,0.091067225
0.0,0.058237713
0.0,0.088063195
0.0,0.07503001
0.0,0.098105155
0.0,0.09702577
0.0,0.14759333
0.0,0.08079501
0.0,0.09515175
0.0,0.08626624
1.0,0.093973115
0.0,0.097729
0.0,0.075011656
1.0,0.07188847
0.0,0.11004483
0.0,0.11024028
0.0,0.08898699
0.0,0.12482322
0.0,0.102411
0.0,0.0813498
0.0,0.14622638
0.0,0.08113439
0.0,0.083892986
0.0,0.12852633
0.0,0.08758823
0.0,0.10105258
0.0,0.053176966
0.0,0.10143264
0.0,0.091096506
0.0,0.060059134
0.0,0.086504474
0.0,0.07241206
0.0,0.07089971
0.0,0.04544269
0.0,0.10657614
0.0,0.084036514
0.0,0.07407573
0.0,0.04455699
0.0,0.084618405
0.0,0.10983443
0.0,0.062267736
1.0,0.055740424
0.0,0.040323567
0.0,0.07706794
0.0,0.14807908
0.0,0.07691822
1.0,0.10389059
0.0,0.08991361
0.0,0.090737894
0.0,0.107524686
0.0,0.044669632
1.0,0.09111479
0.0,0.08773367
0.0,0.13767622
0.0,0.08923389
0.0,0.08800021
0.0,0.17045735
0.0,0.073763154
0.0,0.08350879
0.0,0.126696
0.0,0.08310603
0.0,0.08722292
0.0,0.098013744
0.0,0.051426236
0.0,0.112115815
0.0,0.073143005
0.0,0.0826277
0.0,0.08381739
0.0,0.07323639
0.0,0.12733358
0.0,0.10018905
0.0,0.08051303
1.0,0.088081986
0.0,0.091723554
0.0,0.12940517
0.0,0.03395289
0.0,0.09156056
0.0,0.04561375
0.0,0.101094104
0.0,0.0117468685
0.0,0.0728154
0.0,0.10110975
0.0,0.06516209
0.0,0.11311103
0.0,0.11371447
0.0,0.057172544
0.0,0.03755318
0.0,0.07090953
0.0,0.078203045
0.0,0.08999824
0.0,0.08733112
0.0,0.0717282
0.0,0.092324406
0.0,0.03885318
0.0,0.062186554
0.0,0.14896156
1.0,0.0069751884
0.0,0.09552177
0.0,0.098291986
1.0,0.076306395
0.0,0.048008706
0.0,0.1141702
0.0,0.067760274
0.0,0.14955941
0.0,0.021676796
0.0,0.11972131
0.0,0.021692757
0.0,0.030026883
0.0,0.11556118
0.0,0.11310169
0.0,0.07637822
0.0,0.1291051
0.0,0.07358245
1.0,0.088238955
0.0,0.09835875
0.0,0.057864904
0.0,0.09769158
0.0,0.049617518
0.0,0.0509264
1.0,0.11446849
0.0,0.08950334
0.0,0.10371112
0.0,0.07414347
0.0,0.070647836
0.0,0.08872517
0.0,0.11072728
1.0,0.11538823
0.0,0.10938982
0.0,0.06762431
0.0,0.071662955
0.0,0.09145136
0.0,0.088006645
0.0,0.06140224
0.0,0.06706956
0.0,0.07197472
0.0,0.05378537
0.0,0.11430238
0.0,0.0707458
0.0,0.05548471
0.0,0.063101485
0.0,0.080700465
0.0,0.12541553
0.0,0.087303564
0.0,0.047418527
0.0,0.1207498
0.0,0.11804896
0.0,0.09356864
0.0,0.07184803
0.0,0.023076205
2.0,0.046610504
0.0,0.061474953
0.0,0.09686577
0.0,0.11760987
0.0,0.07609799
0.0,0.072551966
0.0,0.08722708
0.0,0.08849506
0.0,0.09405358
0.0,0.06791493
0.0,0.092623785
0.0,0.09971497
0.0,0.063982494
0.0,0.13245715
0.0,0.07030224
0.0,0.068916544
0.0,0.058571137
2.0,0.06593747
0.0,0.061841376
0.0,0.07223459
0.0,0.08785929
0.0,0.08364691
0.0,0.09519643
0.0,0.06873525
0.0,0.14956658
0.0,0.09144262
0.0,0.06760997
0.0,0.059497003
0.0,0.10446967
0.0,0.05476814
1.0,0.064323775
0.0,0.0721031
0.0,0.030874971
0.0,0.11354444
0.0,0.082641
0.0,0.0679423
0.0,0.079615824
0.0,0.05435713
0.0,0.07610113
0.0,0.10722634
0.0,0.065554805
0.0,0.11389591
0.0,0.11245522
0.0,0.0817436
0.0,0.12290595
0.0,0.09381883
0.0,0.06084204
0.0,0.06962289
0.0,0.058719866
0.0,0.047036882
1.0,0.098735265
1.0,0.07413426
0.0,0.11693163
0.0,0.14391154
0.0,0.1311505
0.0,0.088055745
0.0,0.08528817
0.0,0.061219536
0.0,0.05644197
0.0,0.10180881
0.0,0.1164003
0.0,0.14178084
0.0,0.10478865
0.0,0.031034768
1.0,0.13407806
0.0,0.092391744
0.0,0.027334763
0.0,0.067520894
0.0,0.10409202
0.0,0.083049424
0.0,0.12296633
0.0,0.039425485
0.0,0.05961628
0.0,0.08428706
0.0,0.089528054
0.0,0.09964684
0.0,0.090086214
0.0,0.09824949
0.0,0.121130414
0.0,0.08173461
1.0,0.036141578
0.0,0.059120815
0.0,0.084179096
0.0,0.08136141
0.0,0.099066705
0.0,0.11054754
0.0,0.07810362
0.0,0.044729315
0.0,0.09460882
0.0,0.09371192
0.0,0.06749984
0.0,0.101079814
0.0,0.07141332
0.0,0.07543301
0.0,0.10717144
0.0,0.06532475
0.0,0.13559264
0.0,0.13098644
0.0,0.07881789
0.0,0.051586553
0.0,0.06854806
0.0,0.08495315
1.0,0.090443134
0.0,0.073418595
0.0,0.090547174
0.0,0.103428856
0.0,0.069817804
0.0,0.10756617
0.0,0.046966642
0.0,0.051774975
0.0,0.073540494
0.0,0.065549396
0.0,0.089183226
0.0,0.11788988
0.0,0.12465685
0.0,0.10551368
0.0,0.06408275
0.0,0.08659362
0.0,0.067615695
0.0,0.13246426
0.0,0.08198521
0.0,0.08109948
0.0,0.114099994
0.0,0.096070014
1.0,0.1066421
0.0,0.110274956
0.0,0.1098624
0.0,0.055799246
0.0,0.08489832
0.0,0.13308655
0.0,0.04109267
0.0,0.06856861
0.0,0.058550365
0.0,0.05132122
0.0,0.065759905
0.0,0.08350632
0.0,0.0842421
0.0,0.06313565
0.0,0.09370707
0.0,0.10859603
0.0,0.02833321
0.0,0.10921253
0.0,0.11997865
0.0,0.11255242
0.0,0.12138997
0.0,0.055964
0.0,0.07235333
0.0,0.03482056
0.0,0.06461314
0.0,0.08266677
0.0,0.05220639
0.0,0.086112045
0.0,0.09094581
0.0,0.07737898
0.0,0.12550019
0.0,0.12653719
0.0,0.063286245
0.0,0.056415062
0.0,0.12928459
0.0,0.043457534
0.0,0.08878319
0.0,0.12367367
0.0,0.078191414
0.0,0.10205132
0.0,0.10435131
0.0,0.0985533
0.0,0.1287536
0.0,0.07419709
0.0,0.05134889
0.0,0.11359034
0.0,0.10631352
0.0,0.12088772
0.0,0.06040525
0.0,0.06996243
0.0,0.084328584
0.0,0.067422055
0.0,0.0863823
0.0,0.07653951
0.0,0.065069176
0.0,0.11010151
0.0,0.10502006
0.0,0.051982414
0.0,0.08517434
1.0,0.0893202
0.0,0.10281435
0.0,0.09284663
0.0,0.07199093
0.0,0.059390556
0.0,0.07790873
0.0,0.08841355
0.0,0.11057042
0.0,0.08970873
0.0,0.1258122
0.0,0.071483985
0.0,0.13370231
0.0,0.079420514
0.0,0.04684834
0.0,0.060392536
0.0,0.1034217
0.0,0.112674475
0.0,0.10950659
0.0,0.06462001
0.0,0.057225227
0.0,0.11228605
0.0,0.109733894
0.0,0.12823638
0.0,0.0901289
0.0,0.10499422
0.0,0.09831432
0.0,0.12014299
0.0,0.048335828
0.0,0.09745042
0.0,0.08525093
0.0,0.13352127
0.0,0.089511916
0.0,0.09513351
0.0,0.07900718
0.0,0.13089173
0.0,0.071962
0.0,0.07207371
0.0,0.05903439
0.0,0.065118685
0.0,0.07633656
1.0,0.06252817
0.0,0.08090109
0.0,0.085112095
0.0,0.035299152
0.0,0.12188632
0.0,0.14736357
0.0,0.07583361
0.0,0.06645845
0.0,0.063349895
0.0,0.03754362
0.0,0.12491694
0.0,0.030521218
0.0,0.08165238
0.0,0.1175695
0.0,0.076605305
0.0,0.057689
0.0,0.06363392
0.0,0.069432355
0.0,0.11149818
0.0,0.08874819
0.0,0.10064165
0.0,0.13887332
0.0,0.11428562
0.0,0.15132444
0.0,0.06851447
0.0,0.07804048
0.0,0.06315088
0.0,0.09302358
0.0,0.0912978
0.0,0.06269681
0.0,0.067199565
0.0,0.06038541
0.0,0.057068553
0.0,0.11239177
0.0,0.07869004
0.0,0.081577115
0.0,0.111943804
0.0,0.06621574
0.0,0.113965906
0.0,0.07305898
0.0,0.10936867
0.0,0.15926915
0.0,0.04812871
0.0,0.08669207
0.0,0.10142149
0.0,0.12052275
0.0,0.067376465
0.0,0.12187182
0.0,0.09474566
0.0,0.11437167
0.0,0.060781177
0.0,0.06401397
0.0,0.07629812
0.0,0.051680062
0.0,0.07831003
0.0,0.10739848
0.0,0.09364715
0.0,0.07685828
0.0,0.08257328
0.0,0.11141622
0.0,0.10438311
0.0,0.08444759
0.0,0.109033614
0.0,0.15919885
0.0,0.07887173
0.0,0.11808497
0.0,0.10101867
0.0,0.082412206
0.0,0.06187633
0.0,0.01701239
0.0,0.07235092
0.0,0.06470332
1.0,0.08987353
0.0,0.08970443
0.0,0.06567227
0.0,0.09516979
1.0,0.053680062
0.0,0.10938262
0.0,0.08218785
0.0,0.108951166
0.0,0.110870935
0.0,0.1373676
0.0,0.09727506
0.0,0.056900818
0.0,0.013712097
0.0,0.057903174
0.0,0.070288114
0.0,0.09342651
0.0,0.1121909
0.0,0.08018121
0.0,0.10841432
0.0,0.10661344
0.0,0.051247757
0.0,0.056843843
0.0,0.07775651
0.0,0.059460957
0.0,0.052360646
0.0,0.07435842
0.0,0.08974104
0.0,0.03032774
0.0,0.10567339
0.0,0.11500164
0.0,0.10892239
0.0,0.093275204
0.0,0.10984996
0.0,0.06841399
0.0,0.093702026
0.0,0.08843029
0.0,0.10772717
0.0,0.108871944
0.0,0.04951015
0.0,0.08360113
0.0,0.1327146
0.0,0.13406888
0.0,0.08505303
0.0,0.06378986
0.0,0.070213966
0.0,0.04677098
0.0,0.07330319
0.0,0.08599756
0.0,0.020333657
0.0,0.114302896
0.0,0.0950831
0.0,0.078187816
0.0,0.0638829
0.0,0.08504986
0.0,0.09334555
0.0,0.0632601
0.0,0.1360882
0.0,0.068869464
0.0,0.06399139
1.0,0.023580741
0.0,0.12581901
0.0,0.056910384
0.0,0.05525895
0.0,0.046331577
0.0,0.108110726
0.0,0.11265568
0.0,0.04904093
0.0,0.056185048
0.0,0.065579094
0.0,0.050722014
0.0,0.12982452
0.0,0.0119944615
0.0,0.08478375
0.0,0.08324501
0.0,0.04607168
0.0,0.0626774
0.0,0.09056477
0.0,0.07503017
0.0,0.01591754
0.0,0.07017858
0.0,0.10782993
0.0,0.018827101
0.0,0.017093671
0.0,0.03394343
0.0,0.039350517
0.0,0.14141504
0.0,0.017619563
0.0,0.06787932
0.0,0.06344
0.0,0.06897572
0.0,0.044561133
0.0,0.060567994
0.0,0.1327607
0.0,0.05922928
0.0,0.124002464
0.0,0.035968967
0.0,0.105064034
0.0,0.081421435
0.0,0.05955048
0.0,0.08118127
0.0,0.09561337
0.0,0.025207572
0.0,0.15113811
0.0,0.09270741
0.0,0.11643017
0.0,0.10887669
0.0,0.08874187
0.0,0.06727207
0.0,0.10978285
0.0,0.14435104
0.0,0.0578087
0.0,0.08527772
0.0,0.11610426
0.0,0.07994211
0.0,0.144357
0.0,0.10538352
0.0,0.10552801
1.0,0.1341295
0.0,0.0611076
0.0,0.042318452
0.0,0.1441335
0.0,0.0645518
0.0,0.068350464
0.0,0.107460104
0.0,0.062305454
0.0,0.07909787
0.0,0.10399024
0.0,0.049371634
0.0,0.09133215
0.0,0.06803265
0.0,0.093873955
1.0,0.062648475
0.0,0.078174114
0.0,0.07329345
0.0,0.1146267
0.0,0.07714713
0.0,0.09563963
0.0,0.11203677
0.0,0.12966812
0.0,0.06481001
0.0,0.06013248
0.0,0.13063116
0.0,0.10691296
0.0,0.12309682
0.0,0.08979043
0.0,0.05785136
0.0,0.115762904
0.0,0.05145073
0.0,0.07363991
0.0,0.08172518
0.0,0.05093479
0.0,0.07371403
0.0,0.10320898
0.0,0.13060474
0.0,0.08348427
0.0,0.08886595
0.0,0.0705634
0.0,0.09235915
0.0,0.015667047
0.0,0.04336083
0.0,0.08280653
0.0,0.09418337
0.0,0.115037315
0.0,0.071350425
0.0,0.057928666
0.0,0.1323883
0.0,0.039440572
0.0,0.09420987
0.0,0.10722102
0.0,0.108949915
0.0,0.05738122
0.0,0.07085667
0.0,0.036182806
0.0,0.08912114
0.0,0.08737373
0.0,0.09598315
0.0,0.07956082
1.0,0.07796765
0.0,0.08143487
0.0,0.1354064
1.0,0.06055641
0.0,0.11395553
0.0,0.09376958
0.0,0.10195156
0.0,0.08911258
0.0,0.09130226
0.0,0.11555402
0.0,0.057034343
0.0,0.11117894
0.0,0.052467056
0.0,0.063402265
0.0,0.125357
0.0,0.049874473
0.0,0.10734728
0.0,0.054625124
0.0,0.118561916
0.0,0.056940623
0.0,0.097503796
0.0,0.098321475
0.0,0.06388359
0.0,0.065732926
0.0,0.09589548
0.0,0.09905839
0.0,0.14352077
0.0,0.13375756
0.0,0.093759656
0.0,0.10872795
0.0,0.09385001
0.0,0.11731442
0.0,0.051455464
0.0,0.055096805
0.0,0.08769668
0.0,0.118076436
0.0,0.054236196
0.0,0.019222088
0.0,0.08089584
0.0,0.06753572
0.0,0.11684981
0.0,0.116857834
0.0,0.083931915
1.0,0.034482695
0.0,0.102026895
0.0,0.061376598
0.0,0.086631075
0.0,0.05571159
0.0,0.1375066
0.0,0.08994706
0.0,0.05002635
0.0,0.13980433
0.0,0.09036925
0.0,0.106620945
0.0,0.07003098
0.0,0.108293265
0.0,0.07300243
0.0,0.037168927
0.0,0.040818326
0.0,0.109209776
0.0,0.048644606
1.0,0.05860778
0.0,0.08395221
0.0,0.0686846
0.0,0.072824255
0.0,0.06886881
0.0,0.075338125
0.0,0.11022018
0.0,0.08602955
0.0,0.08465957
0.0,0.0752123
0.0,0.09991692
0.0,0.05023332
0.0,0.08446577
0.0,0.12858711
0.0,0.12127429
0.0,0.07217778
0.0,0.08170128
0.0,0.05407396
0.0,0.1260772
0.0,0.09341047
0.0,0.04118518
0.0,0.09151442
0.0,0.03335101
0.0,0.1045715
1.0,0.08875336
0.0,0.0746675
1.0,0.085005626
0.0,0.042456105
0.0,0.05464005
0.0,0.08682911
0.0,0.018307833
0.0,0.08737871
0.0,0.08539335
0.0,0.14743079
0.0,0.11306139
0.0,0.11441089
0.0,0.09010164
0.0,0.095537126
0.0,0.088061996
0.0,0.06027747
1.0,0.043275088
0.0,0.07141217
1.0,0.08689706
0.0,0.1152844
0.0,0.11248219
1.0,0.0454033
1.0,0.08916048
0.0,0.11708356
0.0,0.053148776
0.0,0.10441452
0.0,0.09139349
0.0,0.05960886
0.0,0.108228736
0.0,0.116335824
0.0,0.06603576
0.0,0.08629554
0.0,0.057512734
0.0,0.092061125
0.0,0.13240992
0.0,0.11408612
0.0,0.090495005
0.0,0.104059935
0.0,0.12724833
0.0,0.08448443
0.0,0.1089786
0.0,0.06329805
0.0,0.07881362
1.0,0.13265869
0.0,0.0919102
0.0,0.106629744
0.0,0.069414064
0.0,0.09850921
0.0,0.08478711
0.0,0.07747837
0.0,0.08348984
0.0,0.06611664
0.0,0.14528699
0.0,0.06760438
0.0,0.09551726
0.0,0.068343654
0.0,0.13750473
0.0,0.06949496
0.0,0.06395209
0.0,0.13586977
0.0,0.072850324
0.0,0.08037402
0.0,0.09426901
0.0,0.13543697
0.0,0.034281902
0.0,0.07850718
0.0,0.09267241
0.0,0.13347541
0.0,0.052170128
0.0,0.109688036
0.0,0.08232154
0.0,0.11510036
0.0,0.09847922
0.0,0.061195005
0.0,0.054465063
0.0,0.13595785
0.0,0.046145104
0.0,0.04411057
0.0,0.09866077
0.0,0.10037133
0.0,0.121693775
0.0,0.10021505
0.0,0.09336594
0.0,0.042788304
0.0,0.10304113
0.0,0.11179945
2.0,0.07531327
0.0,0.064503044
0.0,0.08161388
0.0,0.06773983
0.0,0.06220325
0.0,0.050675407
0.0,0.12614512
1.0,0.06304855
0.0,0.12816605
0.0,0.08573605
0.0,0.069385424
0.0,0.06192636
0.0,0.12586439
0.0,0.06835317
0.0,0.11232488
0.0,0.083828524
0.0,0.06682975
0.0,0.07423014
0.0,0.09202292
0.0,0.086397626
0.0,0.08207435
0.0,0.061619375
0.0,0.081525646
0.0,0.11880983
0.0,0.11553964
0.0,0.08636677
0.0,0.10124126
0.0,0.062376652
0.0,0.10050467
0.0,0.106675126
0.0,0.07802787
0.0,0.09786916
0.0,0.08399313
0.0,0.11852444
0.0,0.11760987
0.0,0.14867976
0.0,0.12390325
0.0,0.063494705
0.0,0.09217188
0.0,0.07928997
0.0,0.06681512
0.0,0.0908422
0.0,0.07711691
0.0,0.07872051
0.0,0.08920643
0.0,0.045483444
0.0,0.06875798
0.0,0.11128844
0.0,0.116682135
0.0,0.060708996
0.0,0.12120125
0.0,0.0707483
0.0,0.07161165
0.0,0.024160774
0.0,0.09876126
0.0,0.0922008
0.0,0.10996924
0.0,0.10242453
0.0,0.06709642
0.0,0.109407604
0.0,0.09740819
0.0,0.13255768
0.0,0.13852113
0.0,0.06442121
0.0,0.0854332
1.0,0.025645697
0.0,0.11200488
1.0,0.06356364
0.0,0.08209987
0.0,0.10921332
0.0,0.057025112
0.0,0.030491456
0.0,0.04702769
0.0,0.12747084
0.0,0.0845834
0.0,0.04580585
0.0,0.09970598
0.0,0.123114
0.0,0.13280997
0.0,0.083360076
0.0,0.06512569
0.0,0.08724351
0.0,0.08226466
0.0,0.076031014
0.0,0.1053736
0.0,0.03132792
0.0,0.046657868
0.0,0.099256456
0.0,0.07345841
0.0,0.10845938
0.0,0.09612605
0.0,0.102050096
0.0,0.06973554
0.0,0.05553288
0.0,0.1467116
0.0,0.10465116
0.0,0.058200415
0.0,0.07617979
0.0,0.09096824
0.0,0.060907092
0.0,0.09439005
0.0,0.08908807
0.0,0.09943104
0.0,0.05434933
0.0,0.106585465
0.0,0.09651922
0.0,0.11092355
0.0,0.0691683
0.0,0.10965096
0.0,0.07601572
0.0,0.15181692
0.0,0.061615527
0.0,0.060791742
0.0,0.07709773
0.0,0.088787764
0.0,0.08756927
0.0,0.13811517
0.0,0.10757238
0.0,0.08487108
0.0,0.09708568
0.0,0.094134614
0.0,0.07795572
0.0,0.090620145
0.0,0.082462795
0.0,0.093743205
0.0,0.099265374
0.0,0.14054132
0.0,0.12753408
1.0,0.086429
0.0,0.14399254
0.0,0.09208134
0.0,0.075495295
0.0,0.08222619
0.0,0.07736904
0.0,0.10506584
0.0,0.11988452
0.0,0.06564968
0.0,0.074498445
0.0,0.05406749
0.0,0.022760652
0.0,0.122472554
0.0,0.06797573
0.0,0.14573681
0.0,0.10568546
0.0,0.07002457
0.0,0.02769186
0.0,0.06558107
0.0,0.10429415
0.0,0.07490436
0.0,0.09142117
0.0,0.05574231
0.0,0.10495635
0.0,0.07921856
0.0,0.08960444
0.0,0.063045695
0.0,0.1025017
0.0,0.08665847
0.0,0.071244255
0.0,0.071709484
0.0,0.07650968
0.0,0.07156652
0.0,0.070940256
0.0,0.05623443
0.0,0.11252693
0.0,0.09168352
0.0,0.041021574
0.0,0.090130985
0.0,0.069964275
0.0,0.07701963
0.0,0.06416358
0.0,0.080873914
0.0,0.11204786
0.0,0.10910334
0.0,0.121224135
0.0,0.07985842
0.0,0.1003137
0.0,0.07084563
0.0,0.060148668
1.0,0.12999809
1.0,0.05328051
0.0,0.053854644
0.0,0.044175517
0.0,0.11304942
0.0,0.12891111
0.0,0.051381566
0.0,0.10250693
0.0,0.09510351
0.0,0.07999732
0.0,0.076243326
1.0,0.11782924
0.0,0.13275526
0.0,0.06794787
0.0,0.08035758
0.0,0.049963996
0.0,0.093404345
0.0,0.07063157
0.0,0.085177176
0.0,0.04780241
0.0,0.06868843
0.0,0.058832675
0.0,0.044884898
0.0,0.16136354
0.0,0.1427313
0.0,0.07622606
0.0,0.09061164
0.0,0.087494895
1.0,0.0703007
0.0,0.08720294
0.0,0.0717969
0.0,0.13246098
0.0,0.08503563
0.0,0.084803924
0.0,0.11929716
0.0,0.09026642
0.0,0.07393789
0.0,0.11434972
0.0,0.10694195
0.0,0.05488512
0.0,0.036771193
0.0,0.017575217
0.0,0.098483115
0.0,0.13033435
0.0,0.09358126
0.0,0.070936896
0.0,0.11240825
0.0,0.08935128
0.0,0.11547834
0.0,0.072162
0.0,0.100720145
0.0,0.0897236
1.0,0.10486823
0.0,0.11133571
0.0,0.07263861
0.0,0.06968832
0.0,0.100976266
0.0,0.096898556
0.0,0.123258114
0.0,0.057697445
0.0,0.11577695
0.0,0.12911259
0.0,0.06778765
0.0,0.10169154
0.0,0.08971688
0.0,0.1071378
0.0,0.0974401
0.0,0.09509583
1.0,0.07546978
0.0,0.13622287
0.0,0.076235875
1.0,0.05366619
0.0,0.0801064
0.0,0.069518425
0.0,0.0485632
0.0,0.0854596
0.0,0.12625949
0.0,0.14553052
0.0,0.118900426
0.0,0.09472438
0.0,0.07336439
0.0,0.15571058
0.0,0.093458235
0.0,0.05408617
0.0,0.09442687
0.0,0.05871662
0.0,0.13433494
0.0,0.05636575
0.0,0.03253064
0.0,0.09317974
0.0,0.07187383
0.0,0.122482896
0.0,0.03493514
0.0,0.13463624
0.0,0.08865763
0.0,0.06098233
0.0,0.07765932
0.0,0.100386575
0.0,0.076419964
0.0,0.12346261
0.0,0.07064746
0.0,0.09617048
0.0,0.1261497
0.0,0.12897272
0.0,0.06481375
0.0,0.1279397
0.0,0.05999788
0.0,0.12335016
0.0,0.06070843
0.0,0.07058366
0.0,0.02602327
0.0,0.14844988
0.0,0.11305815
0.0,0.09721066
0.0,0.17023778
0.0,0.15672797
0.0,0.09375715
0.0,0.066531524
0.0,0.10803615
0.0,0.08816069
0.0,0.104592465
0.0,0.08223918
0.0,0.10740426
0.0,0.09025123
0.0,0.08755501
0.0,0.053129025
0.0,0.08581135
0.0,0.05804038
0.0,0.087869175
0.0,0.10938301
0.0,0.052041925
0.0,0.09343737
0.0,0.07463557
0.0,0.08333067
0.0,0.08473824
0.0,0.057506002
0.0,0.09395358
0.0,0.09765826
0.0,0.05801541
0.0,0.06399049
0.0,0.104659416
0.0,0.08930713
0.0,0.09396382
0.0,0.14757362
0.0,0.08914847
0.0,0.12086449
0.0,0.033304304
0.0,0.06847993
0.0,0.043719657
0.0,0.110243306
0.0,0.08121531
0.0,0.09000678
0.0,0.0572383
0.0,0.087042645
0.0,0.12191288
1.0,0.108446434
0.0,0.07692747
0.0,0.11326374
0.0,0.0659769
0.0,0.091813475
0.0,0.09063095
0.0,0.07793024
0.0,0.09209247
0.0,0.061832648
0.0,0.08266921
0.0,0.04098082
0.0,0.039167266
0.0,0.10950602
0.0,0.09974569
0.0,0.13531448
0.0,0.08118272
0.0,0.082346626
0.0,0.07197041
0.0,0.050406355
0.0,0.082991034
0.0,0.07430408
0.0,0.1290796
0.0,0.09832792
0.0,0.048920263
0.0,0.015234144
0.0,0.050212175
0.0,0.07495817
0.0,0.08855283
0.0,0.085649356
0.0,0.08910431
0.0,0.08778952
0.0,0.110586
0.0,0.117504716
0.0,0.011872134
0.0,0.105658926
0.0,0.09958131
0.0,0.07698717
2.0,0.13427156
0.0,0.09244537
0.0,0.024910847
0.0,0.06525254
0.0,0.025565322
0.0,0.08757082
0.0,0.08080969
0.0,0.08677891
0.0,0.040659957
0.0,0.054126367
0.0,0.1161793
0.0,0.089305766
0.0,0.08303194
0.0,0.09276401
0.0,0.07505688
0.0,0.12627183
0.0,0.13055712
0.0,0.08106051
0.0,0.102642246
2.0,0.0995038
0.0,0.08077013
0.0,0.12525985
0.0,0.043708205
0.0,0.01727279
0.0,0.10299571
0.0,0.111188754
0.0,0.09419947
0.0,0.057386022
0.0,0.07905285
0.0,0.095609725
0.0,0.08866364
0.0,0.067656055
0.0,0.08472641
0.0,0.07287699
0.0,0.041202724
0.0,0.075635105
0.0,0.09194682
0.0,0.12753455
0.0,0.08971855
0.0,0.112905554
0.0,0.11115978
0.0,0.117149875
0.0,0.069855034
0.0,0.11655085
0.0,0.10051166
0.0,0.098114796
0.0,0.08837615
0.0,0.07828782
0.0,0.05024524
0.0,0.048872735
0.0,0.11947401
0.0,0.07567456
0.0,0.102449566
0.0,0.07072027
0.0,0.10693915
0.0,0.083242506
0.0,0.053487208
0.0,0.07957643
0.0,0.087004945
0.0,0.05363469
0.0,0.099726215
0.0,0.13524003
0.0,0.06947674
0.0,0.0319854
0.0,0.09286408
0.0,0.1019907
0.0,0.087629795
0.0,0.086252674
0.0,0.12822656
0.0,0.10420191
0.0,0.07647295
0.0,0.07044869
0.0,0.08263181
0.0,0.11920348
0.0,0.110356465
0.0,0.12857696
0.0,0.08685994
0.0,0.064092346
0.0,0.08182465
1.0,0.07259797
0.0,0.0703063
0.0,0.1223905
0.0,0.08239083
0.0,0.055187784
0.0,0.07237188
0.0,0.072969936
0.0,0.05309563
0.0,0.053808354
1.0,0.12498513
0.0,0.044628914
0.0,0.108660854
0.0,0.09182635
0.0,0.115402125
0.0,0.064569436
0.0,0.09083852
0.0,0.10338512
0.0,0.104169
0.0,0.08764363
0.0,0.08502817
0.0,0.12142251
0.0,0.113253534
0.0,0.13251808
0.0,0.04224159
0.0,0.09442465
0.0,0.08080258
0.0,0.042056426
0.0,0.10567833
0.0,0.0775049
0.0,0.11509545
0.0,0.06798223
0.0,0.10141641
0.0,0.0651883
0.0,0.06953175
0.0,0.14252482
0.0,0.04855057
0.0,0.036734156
0.0,0.08864309
0.0,0.1451934
0.0,0.0544112
0.0,0.09029253
0.0,0.14843233
0.0,0.08148311
0.0,0.0150946025
0.0,0.045082547
0.0,0.059658226
0.0,0.094104186
0.0,0.059967134
1.0,0.06965251
0.0,0.081041455
0.0,0.09991935
0.0,0.07284821
0.0,0.1460353
0.0,0.06417002
1.0,0.01122708
0.0,0.08199416
0.0,0.058082536
0.0,0.06610728
0.0,0.08964414
0.0,0.10780302
0.0,0.11638113
0.0,0.044126894
0.0,0.097609565
0.0,0.03143279
0.0,0.019596066
0.0,0.046189044
0.0,0.10660061
0.0,0.07738955
0.0,0.083862804
0.0,0.1177153
0.0,0.108737774
0.0,0.109456524
0.0,0.10449172
0.0,0.08962172
0.0,0.11474791
0.0,0.050577696
0.0,0.04270594
0.0,0.0901283
0.0,0.097103596
0.0,0.07572012
0.0,0.074398145
1.0,0.075428925
0.0,0.076622255
0.0,0.084698975
0.0,0.12721533
0.0,0.1383435
0.0,0.09526232
0.0,0.12421814
0.0,0.10472946
0.0,0.12876926
0.0,0.15158463
0.0,0.0940918
0.0,0.086218745
2.0,0.06972396
0.0,0.07672626
0.0,0.084715374
0.0,0.13947046
0.0,0.113896534
0.0,0.054272413
0.0,0.13859968
1.0,0.11807373
0.0,0.13642444
0.0,0.068656735
0.0,0.1237136
0.0,0.052657664
0.0,0.080193326
0.0,0.04303732
0.0,0.021424647
0.0,0.13061728
0.0,0.07664667
0.0,0.09628473
0.0,0.1382604
0.0,0.1022306
0.0,0.062160403
0.0,0.105223194
0.0,0.15371482
0.0,0.034212537
0.0,0.08970411
0.0,0.08922906
0.0,0.09158208
0.0,0.058694407
0.0,0.0743878
0.0,0.058168065
0.0,0.056528322
0.0,0.08943653
0.0,0.08836801
0.0,0.11371507
0.0,0.12922697
0.0,0.08077429
0.0,0.06766261
0.0,0.09342321
0.0,0.079156354
0.0,0.057712097
0.0,0.107132554
0.0,0.09474751
0.0,0.09538991
0.0,0.06168161
0.0,0.062191147
0.0,0.117404684
0.0,0.09435324
0.0,0.07083412
0.0,0.10057106
0.0,0.07139814
0.0,0.0892396
0.0,0.086817294
0.0,0.08406319
0.0,0.10374391
0.0,0.051965028
0.0,0.12066053
0.0,0.07760331
0.0,0.14851527
0.0,0.11201645
0.0,0.12061287
1.0,0.09063145
0.0,0.09447412
0.0,0.08043694
0.0,0.113011636
0.0,0.11036159
0.0,0.04958767
0.0,0.061518557
0.0,0.04495477
0.0,0.1484943
0.0,0.046053275
0.0,0.096849635
0.0,0.03362509
0.0,0.08952607
0.0,0.070016995
0.0,0.09470374
0.0,0.119443305
1.0,0.070672296
0.0,0.0741649
0.0,0.056864772
0.0,0.012599991
0.0,0.023873003
0.0,0.07648912
0.0,0.11782388
0.0,0.06774002
0.0,0.083781764
0.0,0.10988383
0.0,0.049036898
0.0,0.053940214
0.0,0.07339959
0.0,0.09932191
0.0,0.090377584
0.0,0.07193886
0.0,0.041141048
0.0,0.0862589
0.0,0.08768819
0.0,0.11463274
0.0,0.10025347
0.0,0.066975094
0.0,0.078553125
0.0,0.07876046
0.0,0.09173821
0.0,0.07121362
0.0,0.07742154
0.0,0.12613751
0.0,0.061862525
0.0,0.060765963
0.0,0.06366166
0.0,0.0880401
1.0,0.08017666
0.0,0.050813448
0.0,0.094184294
0.0,0.043844566
0.0,0.023654833
0.0,0.088621005
0.0,0.08755616
0.0,0.10721461
0.0,0.0666943
0.0,0.0942598
0.0,0.076995544
0.0,0.058788788
0.0,0.05242679
0.0,0.08995463
0.0,0.09299959
0.0,0.11667173
0.0,0.07563272
0.0,0.10483566
0.0,0.063052386
0.0,0.09647493
0.0,0.07698901
0.0,0.0830144
1.0,0.07798892
0.0,0.0659939
0.0,0.059794556
0.0,0.07988925
0.0,0.12141382
0.0,0.13757011
0.0,0.12857059
0.0,0.13100182
0.0,0.10061672
0.0,0.09561939
0.0,0.050182816
1.0,0.07685645
0.0,0.12632908
0.0,0.092962965
0.0,0.14028902
1.0,0.02329424
0.0,0.082211226
0.0,0.066489264
0.0,0.06977938
1.0,0.1045046
1.0,0.06311867
0.0,0.08392591
0.0,0.11704967
0.0,0.07158546
0.0,0.07571878
0.0,0.13268362
0.0,0.06115571
0.0,0.087096885
0.0,0.064309545
0.0,0.087602556
0.0,0.08502942
0.0,0.055357464
0.0,0.15591906
0.0,0.105695486
0.0,0.07450038
0.0,0.08127258
0.0,0.045863003
0.0,0.11966024
1.0,0.09531428
0.0,0.11011572
0.0,0.082471564
0.0,0.07367489
1.0,0.099108234
0.0,0.07589153
0.0,0.08089815
0.0,0.076951206
0.0,0.10019636
0.0,0.076301955
0.0,0.0914419
0.0,0.1062313
0.0,0.017902546
0.0,0.04762582
0.0,0.14192456
0.0,0.040756177
0.0,0.11625065
0.0,0.136056
0.0,0.13455212
0.0,0.09124253
0.0,0.04509651
0.0,0.12342391
0.0,0.078905866
1.0,0.08433583
0.0,0.06618888
0.0,0.067836635
0.0,0.083864346
0.0,0.030575559
0.0,0.10352214
0.0,0.118810736
0.0,0.07407059
0.0,0.0514319
0.0,0.09690756
0.0,0.1206353
0.0,0.08851131
0.0,0.09840923
0.0,0.032141015
0.0,0.09832377
0.0,0.066022836
0.0,0.08514002
0.0,0.016936742
0.0,0.15690023
0.0,0.09500579
0.0,0.12206276
0.0,0.08416753
0.0,0.040198863
0.0,0.0749809
0.0,0.08201125
0.0,0.09980081
0.0,0.072257034
0.0,0.11302207
0.0,0.067275584
0.0,0.109580345
0.0,0.11680288
0.0,0.09491038
0.0,0.0875163
0.0,0.082707934
0.0,0.13107835
0.0,0.07323224
0.0,0.116233855
0.0,0.07386183
0.0,0.038848437
0.0,0.1127187
0.0,0.07663141
0.0,0.11430355
0.0,0.013212442
0.0,0.07675866
0.0,0.05353035
0.0,0.09527558
0.0,0.053185485
0.0,0.11795089
0.0,0.1542638
0.0,0.08583926
0.0,0.096522324
0.0,0.08598065
0.0,0.039470363
0.0,0.09331258
0.0,0.0778373
0.0,0.1259451
0.0,0.11210988
0.0,0.070618436
0.0,0.13038528
0.0,0.07968218
0.0,0.13361658
0.0,0.0857387
0.0,0.12530614
0.0,0.09305947
0.0,0.07182785
1.0,0.06097253
0.0,0.04497312
0.0,0.07192252
0.0,0.08824855
0.0,0.07130386
0.0,0.056467935
0.0,0.065625235
0.0,0.08187975
0.0,0.08787684
0.0,0.08448125
0.0,0.09125376
0.0,0.08849718
0.0,0.06006916
0.0,0.092841074
0.0,0.10829621
0.0,0.11488435
0.0,0.08241338
0.0,0.13076496
0.0,0.08525747
0.0,0.062157173
0.0,0.062213067
0.0,0.041401055
1.0,0.06280592
0.0,0.092630506
0.0,0.10160035
0.0,0.06402742
0.0,0.07348618
0.0,0.06688608
0.0,0.109934926
0.0,0.06383124
0.0,0.0805339
0.0,0.12521571
0.0,0.07563633
0.0,0.09770367
0.0,0.09519729
0.0,0.07317583
0.0,0.117356434
0.0,0.1300108
1.0,0.08029827
0.0,0.07793145
0.0,0.09498169
0.0,0.048099216
0.0,0.08081761
1.0,0.023291092
0.0,0.09366957
0.0,0.105627395
0.0,0.086906195
0.0,0.10273023
0.0,0.07192545
0.0,0.093649894
0.0,0.09932716
0.0,0.07827785
0.0,0.05975109
0.0,0.10237697
0.0,0.08782412
0.0,0.09493643
0.0,0.06820798
0.0,0.08668932
0.0,0.10401112
0.0,0.094601646
0.0,0.083752334
0.0,0.022822328
0.0,0.0914745
0.0,0.10905499
0.0,0.08411104
0.0,0.06475879
1.0,0.0876985
0.0,0.043275602
0.0,0.11448809
0.0,0.051807895
0.0,0.068559505
0.0,0.08899797
0.0,0.053922497
0.0,0.12540334
0.0,0.08139531
0.0,0.10296684
0.0,0.13839051
0.0,0.09101774
0.0,0.11025984
0.0,0.056870047
0.0,0.06725207
0.0,0.058338996
0.0,0.103693984
0.0,0.122898035
0.0,0.08172582
0.0,0.117067814
0.0,0.124463044
0.0,0.0993274
0.0,0.082021534
0.0,0.12297506
0.0,0.090922564
1.0,0.09888908
0.0,0.07442674
1.0,0.051560365
0.0,0.098209366
0.0,0.12084305
0.0,0.07728554
0.0,0.06033622
0.0,0.081506275
0.0,0.11048894
0.0,0.07871379
0.0,0.106823556
0.0,0.08995649
0.0,0.06564517
0.0,0.01862999
0.0,0.05938411
0.0,0.08151925
0.0,0.1025161
0.0,0.08113533
0.0,0.10471992
0.0,0.036250442
0.0,0.13365412
0.0,0.12044186
0.0,0.0766965
0.0,0.10179146
0.0,0.092394784
0.0,0.05819521
1.0,0.06113781
1.0,0.07300721
0.0,0.07515129
0.0,0.056624256
0.0,0.14094543
0.0,0.08241834
0.0,0.08486479
0.0,0.08162883
0.0,0.12393561
0.0,0.080318145
0.0,0.12525488
0.0,0.06489877
0.0,0.058343194
0.0,0.078275405
0.0,0.09518753
0.0,0.07592159
0.0,0.09443718
0.0,0.026631173
0.0,0.10056617
0.0,0.0618844
0.0,0.08822032
0.0,0.105037384
0.0,0.07610428
0.0,0.12261911
0.0,0.06677736
0.0,0.121748045
0.0,0.1396228
0.0,0.08069989
0.0,0.12396321
0.0,0.13081884
0.0,0.099677846
0.0,0.13050365
0.0,0.083435476
0.0,0.079965174
0.0,0.11066911
0.0,0.09441992
0.0,0.13000417
0.0,0.07502759
0.0,0.052001726
0.0,0.08201794
0.0,0.0704117
0.0,0.11759796
0.0,0.07889273
0.0,0.060066007
0.0,0.06619724
0.0,0.09238491
0.0,0.13533694
0.0,0.10681233
0.0,0.13690257
0.0,0.017717656
0.0,0.059636693
0.0,0.051768545
0.0,0.040297847
0.0,0.06331826
0.0,0.0817315
0.0,0.10955339
0.0,0.09396816
0.0,0.10959404
0.0,0.073458694
0.0,0.08924955
0.0,0.088404804
0.0,0.06805073
0.0,0.1239138
0.0,0.09187963
0.0,0.09788768
1.0,0.06235063
0.0,0.08091405
0.0,0.14090146
0.0,0.08552666
0.0,0.12452796
0.0,0.11923725
0.0,0.07530625
0.0,0.1323074
0.0,0.09833488
0.0,0.076383956
0.0,0.07177624
0.0,0.038766608
0.0,0.076209195
0.0,0.084114455
0.0,0.06403927
0.0,0.075702
0.0,0.043913078
0.0,0.13589853
0.0,0.07848274
0.0,0.120576985
0.0,0.0766182
0.0,0.09908883
0.0,0.07507005
0.0,0.066125534
0.0,0.041424148
0.0,0.13313133
0.0,0.102010645
0.0,0.053356297
0.0,0.12236013
0.0,0.13026224
0.0,0.051763594
0.0,0.13111337
0.0,0.0760675
0.0,0.12497175
0.0,0.08025813
0.0,0.03691048
0.0,0.11152051
0.0,0.06650445
0.0,0.05410838
1.0,0.019664908
0.0,0.07152067
1.0,0.09485921
0.0,0.0535556
0.0,0.13037509
0.0,0.070517115
0.0,0.0835201
0.0,0.13455899
0.0,0.07977547
0.0,0.08764921
0.0,0.08213565
0.0,0.08927968
0.0,0.09812939
0.0,0.120457195
1.0,0.047610812
0.0,0.09392195
0.0,0.07428375
0.0,0.12884425
0.0,0.060118046
1.0,0.08349958
0.0,0.046283294
0.0,0.08254708
0.0,0.101508245
0.0,0.09371033
0.0,0.0230591
0.0,0.13210972
0.0,0.08691998
0.0,0.078836136
0.0,0.059539318
0.0,0.15214676
0.0,0.088109754
0.0,0.0759743
0.0,0.08211316
0.0,0.06017991
0.0,0.093836725
0.0,0.05102001
0.0,0.09852196
0.0,0.054803994
0.0,0.06221814
0.0,0.04872559
0.0,0.1119976
1.0,0.13427173
0.0,0.075119
0.0,0.058692645
0.0,0.08643774
0.0,0.08733112
0.0,0.06925638
0.0,0.10932383
0.0,0.062204406
0.0,0.06524489
0.0,0.084539995
0.0,0.11183989
0.0,0.07677493
0.0,0.07282304
0.0,0.0624228
0.0,0.13036364
0.0,0.098866284
0.0,0.13933085
0.0,0.07294357
0.0,0.10725209
0.0,0.037991535
0.0,0.13793868
0.0,0.09953286
0.0,0.07390603
0.0,0.06856497
0.0,0.051327106
0.0,0.033891223
0.0,0.14421226
0.0,0.10568735
0.0,0.101753354
0.0,0.080164045
0.0,0.06637693
0.0,0.113356344
0.0,0.109982565
0.0,0.10460469
0.0,0.11585421
0.0,0.062540084
0.0,0.052560855
0.0,0.13135603
1.0,0.046145126
0.0,0.038037322
0.0,0.04991355
0.0,0.08755804
0.0,0.07410374
0.0,0.124566354
0.0,0.07318218
0.0,0.108121604
0.0,0.04487022
0.0,0.07042815
0.0,0.10092813
0.0,0.00996767
0.0,0.10756151
0.0,0.07861278
1.0,0.0723152
0.0,0.08540471
0.0,0.0976567
0.0,0.092534214
0.0,0.07953864
0.0,0.07455977
0.0,0.09365773
0.0,0.06682255
0.0,0.09218478
0.0,0.0922547
0.0,0.11754433
1.0,0.07065498
0.0,0.06769948
0.0,0.13628523
0.0,0.07244908
0.0,0.06534278
0.0,0.056293577
0.0,0.09575428
0.0,0.076143436
0.0,0.07732235
0.0,0.112134844
0.0,0.10218839
0.0,0.08247943
0.0,0.07699191
0.0,0.07575867
0.0,0.08143623
0.0,0.15501042
0.0,0.08859002
0.0,0.07266908
0.0,0.09606724
0.0,0.12802856
0.0,0.04313555
0.0,0.06971136
0.0,0.093074165
0.0,0.03847965
0.0,0.11797845
0.0,0.077501856
0.0,0.13599849
0.0,0.06932428
0.0,0.049951196
0.0,0.046661004
0.0,0.12850109
0.0,0.07225049
0.0,0.06999551
0.0,0.103241734
0.0,0.08805171
0.0,0.059345983
0.0,0.058051787
0.0,0.09153827
0.0,0.06521979
1.0,0.07610884
0.0,0.11235761
1.0,0.083516836
0.0,0.08773419
0.0,0.12278176
0.0,0.09949227
0.0,0.0872765
0.0,0.10061725
0.0,0.037425846
0.0,0.08330922
0.0,0.06053694
0.0,0.07850215
0.0,0.06497348
0.0,0.108924076
0.0,0.1023077
0.0,0.08018614
1.0,0.09173462
0.0,0.07617977
0.0,0.06601846
0.0,0.09296208
0.0,0.051704317
0.0,0.075922474
0.0,0.08090933
0.0,0.06431418
0.0,0.11583397
0.0,0.08005645
0.0,0.07626563
0.0,0.06997736
0.0,0.08372448
0.0,0.09184943
0.0,0.018000796
0.0,0.16694947
0.0,0.11396716
0.0,0.041312225
0.0,0.07835549
0.0,0.0920297
0.0,0.077694856
0.0,0.112426855
0.0,0.04956415
0.0,0.11061773
0.0,0.066165306
0.0,0.088458106
0.0,0.08651033
0.0,0.10953693
0.0,0.061277024
0.0,0.055480648
0.0,0.05271468
0.0,0.08455915
0.0,0.040069647
0.0,0.124669425
0.0,0.068523146
0.0,0.13509005
0.0,0.12804955
0.0,0.08543444
0.0,0.0928062
0.0,0.11812379
1.0,0.066975415
0.0,0.06965812
0.0,0.038571298
0.0,0.13415812
0.0,0.073349
0.0,0.10025909
0.0,0.07011858
0.0,0.066687554
0.0,0.06360422
0.0,0.08219334
1.0,0.0888014
0.0,0.07797868
0.0,0.06839587
0.0,0.09786486
0.0,0.14790717
0.0,0.106185466
0.0,0.027727569
0.0,0.098704316
1.0,0.12869866
0.0,0.08404978
0.0,0.10605489
0.0,0.08545821
0.0,0.1298151
0.0,0.10885717
0.0,0.12361725
0.0,0.07437722
0.0,0.08027275
0.0,0.074589424
0.0,0.07702016
0.0,0.08454933
0.0,0.11246304
0.0,0.013848251
0.0,0.12806925
0.0,0.057637457
0.0,0.06668698
0.0,0.077670835
0.0,0.06980707
0.0,0.06850594
1.0,0.06933701
0.0,0.07871749
0.0,0.094106495
0.0,0.104422465
0.0,0.06938192
0.0,0.10657957
0.0,0.1256972
0.0,0.092274144
1.0,0.10209731
0.0,0.052274443
0.0,0.023105811
0.0,0.06735641
0.0,0.12553367
0.0,0.1291285
0.0,0.12144274
0.0,0.07156519
0.0,0.05781045
0.0,0.09262936
0.0,0.06376529
1.0,0.07789374
0.0,0.072282344
0.0,0.08458625
0.0,0.1420187
0.0,0.108251676
0.0,0.1209175
0.0,0.060045447
0.0,0.10149249
0.0,0.059575044
0.0,0.062959895
1.0,0.07726878
0.0,0.083761156
0.0,0.080305904
0.0,0.074347496
0.0,0.10006
0.0,0.027552744
0.0,0.12776826
0.0,0.091339536
0.0,0.13419354
1.0,0.09718646
0.0,0.06935129
1.0,0.07611214
0.0,0.08203456
0.0,0.124908894
0.0,0.081983335
0.0,0.13214642
0.0,0.05255033
0.0,0.10232361
0.0,0.1261321
0.0,0.08477284
0.0,0.10471957
0.0,0.08594808
0.0,0.080347195
0.0,0.06160861
0.0,0.0810941
0.0,0.11097143
0.0,0.084575884
0.0,0.11155482
0.0,0.08757676
0.0,0.080069795
0.0,0.12929827
0.0,0.04361766
0.0,0.11257282
0.0,0.08179062
0.0,0.11300194
0.0,0.07041235
0.0,0.07226677
0.0,0.102756366
0.0,0.03545568
0.0,0.03356324
0.0,0.07871135
0.0,0.09762254
0.0,0.07994403
0.0,0.07175121
1.0,0.12864044
0.0,0.13957556
0.0,0.074117966
1.0,0.07774229
0.0,0.10524479
0.0,0.12775779
0.0,0.08010806
0.0,0.08625777
0.0,0.10268809
0.0,0.06721293
0.0,0.124917716
0.0,0.080500804
0.0,0.066625446
0.0,0.08486297
0.0,0.06623276
2.0,0.07911952
0.0,0.1328806
0.0,0.07441514
0.0,0.10986821
1.0,0.0770625
0.0,0.06192642
0.0,0.083455175
0.0,0.10332337
0.0,0.04870011
0.0,0.042731654
0.0,0.097089104
0.0,0.03715633
0.0,0.09700509
0.0,0.12902898
0.0,0.06636912
0.0,0.09352608
0.0,0.043363113
0.0,0.047085512
0.0,0.15763824
0.0,0.14407472
0.0,0.08149974
0.0,0.11793607
0.0,0.07537144
0.0,0.07179599
0.0,0.066918716
0.0,0.082601756
1.0,0.045091115
0.0,0.077764615
0.0,0.09928566
0.0,0.05347564
0.0,0.13020188
0.0,0.08568071
0.0,0.09170619
0.0,0.113386326
0.0,0.09283887
0.0,0.08676728
0.0,0.054812778
0.0,0.09172906
0.0,0.059041284
0.0,0.09868711
0.0,0.101264946
0.0,0.08543666
0.0,0.11765402
1.0,0.08843514
0.0,0.059618454
0.0,0.07907721
0.0,0.12895544
0.0,0.068459995
1.0,0.03991799
0.0,0.10531121
0.0,0.10248672
0.0,0.07410166
0.0,0.11369641
0.0,0.08030386
0.0,0.064082734
0.0,0.12267075
0.0,0.13043137
0.0,0.094997406
0.0,0.06731489
0.0,0.06634904
0.0,0.059671253
0.0,0.057225473
0.0,0.09855168
0.0,0.1314194
0.0,0.05615142
0.0,0.0795542
0.0,0.058051813
0.0,0.08349705
0.0,0.10149885
0.0,0.07078246
0.0,0.0779639
0.0,0.12571694
1.0,0.07343509
0.0,0.1269096
1.0,0.07363222
0.0,0.08594087
0.0,0.08326263
0.0,0.13589773
0.0,0.06075339
0.0,0.07802394
0.0,0.057697006
0.0,0.08016324
0.0,0.08053686
0.0,0.12880924
0.0,0.064100504
0.0,0.1101841
0.0,0.12678261
0.0,0.047465988
0.0,0.05616181
0.0,0.057275075
0.0,0.100742266
0.0,0.08830302
0.0,0.14300159
0.0,0.06758256
0.0,0.055756826
0.0,0.12263624
0.0,0.14336681
0.0,0.093626544
0.0,0.074502125
0.0,0.13351236
1.0,0.015895067
0.0,0.07504203
0.0,0.090253964
0.0,0.09399113
0.0,0.044027995
0.0,0.10425706
0.0,0.030830923
0.0,0.058318745
0.0,0.07990116
0.0,0.08175209
1.0,0.056152746
0.0,0.1252979
0.0,0.08428754
0.0,0.08174011
0.0,0.06591526
0.0,0.12409711
0.0,0.097480275
0.0,0.07258897
0.0,0.08298763
0.0,0.14342351
0.0,0.017561462
0.0,0.041546717
0.0,0.096996926
0.0,0.057052556
0.0,0.0630921
0.0,0.039478052
0.0,0.08811471
0.0,0.1147431
0.0,0.056550726
0.0,0.062200993
0.0,0.07284701
0.0,0.12728468
0.0,0.05789393
0.0,0.014884191
0.0,0.05751058
1.0,0.07507802
0.0,0.12231358
0.0,0.13736944
0.0,0.0721982
1.0,0.071392626
0.0,0.081497215
1.0,0.07697843
0.0,0.09093419
0.0,0.027869852
1.0,0.05530144
0.0,0.07069714
0.0,0.13281772
0.0,0.12279195
0.0,0.12809075
0.0,0.07966854
0.0,0.120578796
0.0,0.10871649
0.0,0.098324195
0.0,0.06605614
0.0,0.10294548
0.0,0.07991031
0.0,0.11075342
0.0,0.08015407
0.0,0.07435438
0.0,0.07680874
0.0,0.07974459
0.0,0.08375576
0.0,0.0655399
0.0,0.07068839
0.0,0.12321208
0.0,0.05565347
1.0,0.057144202
0.0,0.106864065
0.0,0.051015146
0.0,0.12610687
0.0,0.08987833
0.0,0.08608043
0.0,0.10248266
0.0,0.13323762
0.0,0.070149615
0.0,0.08464685
0.0,0.11171469
0.0,0.1100885
0.0,0.10850679
0.0,0.09349964
0.0,0.055131916
0.0,0.06365586
0.0,0.054258816
0.0,0.09524856
0.0,0.12438526
0.0,0.123172805
0.0,0.10048209
0.0,0.021413488
0.0,0.10078512
0.0,0.095617
0.0,0.080928035
1.0,0.084384575
0.0,0.07862519
0.0,0.10006463
0.0,0.09650474
0.0,0.03748879
0.0,0.062290292
0.0,0.07918134
0.0,0.0750949
0.0,0.09902977
1.0,0.093215376
0.0,0.08829538
0.0,0.07405182
0.0,0.107525304
0.0,0.15881623
0.0,0.0652763
0.0,0.12369998
0.0,0.06974083
0.0,0.022711877
0.0,0.07917606
1.0,0.16669054
0.0,0.07599107
0.0,0.10873819
0.0,0.105448365
0.0,0.08705456
0.0,0.050500758
0.0,0.078874074
0.0,0.086970225
0.0,0.08449611
0.0,0.07835063
0.0,0.07487874
0.0,0.122257255
0.0,0.13540426
0.0,0.061682343
0.0,0.06704744
0.0,0.12215874
0.0,0.1320356
0.0,0.06394225
0.0,0.0678622
0.0,0.08170901
0.0,0.060409397
0.0,0.13853393
0.0,0.08562723
0.0,0.078262866
0.0,0.07934757
0.0,0.06389134
0.0,0.099034846
0.0,0.09617435
0.0,0.06897411
0.0,0.082457885
0.0,0.1540915
0.0,0.08284608
0.0,0.09980878
0.0,0.076638885
0.0,0.07799532
0.0,0.08903442
0.0,0.09612663
0.0,0.055369608
0.0,0.096575566
0.0,0.0766901
0.0,0.085470274
0.0,0.06650816
0.0,0.07438286
0.0,0.041619148
0.0,0.06089131
0.0,0.078877725
0.0,0.115220346
0.0,0.12629505
0.0,0.06570342
0.0,0.06764538
0.0,0.13284619
0.0,0.09893889
0.0,0.13394365
0.0,0.13561517
0.0,0.08977465
0.0,0.08712827
0.0,0.0825486
0.0,0.094281375
0.0,0.077149734
0.0,0.073425725
0.0,0.09915969
0.0,0.049984645
0.0,0.06357135
0.0,0.095191166
0.0,0.073107176
0.0,0.09138584
0.0,0.07954847
0.0,0.09573593
0.0,0.10542959
0.0,0.028985906
0.0,0.016274832
1.0,0.09136796
0.0,0.09578554
0.0,0.09465214
0.0,0.08432171
0.0,0.08034145
0.0,0.07308283
0.0,0.116287544
0.0,0.10030746
0.0,0.1313101
0.0,0.06989667
0.0,0.13994661
0.0,0.08071961
0.0,0.03746612
0.0,0.16142623
0.0,0.07038078
2.0,0.074921824
0.0,0.07323484
0.0,0.09802094
0.0,0.09221314
0.0,0.08904077
0.0,0.07342427
0.0,0.12876551
0.0,0.071065255
0.0,0.06963243
0.0,0.117171414
0.0,0.12840499
0.0,0.11429576
0.0,0.15608443
0.0,0.105663136
0.0,0.0749706
0.0,0.1225485
0.0,0.08347253
0.0,0.06917595
0.0,0.06744389
0.0,0.13430975
1.0,0.039242137
0.0,0.08989176
0.0,0.07947522
0.0,0.052568752
0.0,0.0807028
0.0,0.054179277
0.0,0.08602299
0.0,0.06400119
0.0,0.09755382
0.0,0.12795505
0.0,0.07333382
0.0,0.08770404
1.0,0.09556818
0.0,0.1126257
0.0,0.05557895
0.0,0.06859946
0.0,0.03877136
0.0,0.14200206
0.0,0.028311547
0.0,0.09881514
0.0,0.077585086
0.0,0.020118143
0.0,0.049440816
0.0,0.043921705
0.0,0.036585413
0.0,0.09444925
0.0,0.054963507
0.0,0.07277505
0.0,0.051644415
0.0,0.11188497
0.0,0.06383599
0.0,0.060932044
0.0,0.09577139
0.0,0.063466825
0.0,0.076871656
0.0,0.10311171
0.0,0.06476945
0.0,0.07324208
0.0,0.12923008
0.0,0.12864453
0.0,0.06627566
0.0,0.09280264
0.0,0.091009706
0.0,0.10316915
0.0,0.083071284
0.0,0.07226684
0.0,0.06830856
0.0,0.101532154
0.0,0.09904415
1.0,0.03381399
0.0,0.07501302
0.0,0.13603313
0.0,0.12523255
0.0,0.09341946
0.0,0.08227915
0.0,0.124044836
0.0,0.090979554
0.0,0.08907615
0.0,0.044480696
0.0,0.08048524
0.0,0.086098164
0.0,0.08204612
0.0,0.06522716
0.0,0.069038436
0.0,0.06748999
0.0,0.045027986
1.0,0.06707083
0.0,0.07076709
0.0,0.06476016
1.0,0.062022757
0.0,0.057790373
0.0,0.081194125
0.0,0.08679798
0.0,0.106660835
0.0,0.07531828
0.0,0.09989053
0.0,0.053377166
0.0,0.051451378
0.0,0.10602233
0.0,0.059455186
0.0,0.05802519
0.0,0.14548193
0.0,0.04272497
0.0,0.06292742
0.0,0.06299314
0.0,0.034772515
0.0,0.12277032
0.0,0.08055702
0.0,0.121437326
0.0,0.09434368
0.0,0.023805067
0.0,0.07853831
0.0,0.059449773
0.0,0.07982384
0.0,0.10294145
0.0,0.09204838
0.0,0.057737254
0.0,0.10431981
0.0,0.13362618
0.0,0.08550441
0.0,0.07098115
0.0,0.10292025
0.0,0.13730417
0.0,0.11277134
0.0,0.050828204
0.0,0.11201744
0.0,0.09513517
0.0,0.105677724
0.0,0.108244374
0.0,0.032799635
0.0,0.11570322
0.0,0.06976613
0.0,0.10929488
0.0,0.07543452
0.0,0.14855845
0.0,0.11249691
0.0,0.105978206
0.0,0.09522036
0.0,0.036814317
0.0,0.109692514
0.0,0.11367354
0.0,0.121142134
0.0,0.062388252
0.0,0.08691445
0.0,0.0968903
0.0,0.10708195
0.0,0.10834794
0.0,0.06740955
0.0,0.07115456
0.0,0.07738684
0.0,0.08734399
0.0,0.10334421
0.0,0.11408221
0.0,0.12603022
0.0,0.05244273
0.0,0.089355215
0.0,0.14257362
0.0,0.095878854
0.0,0.116997056
0.0,0.116229616
0.0,0.020086408
0.0,0.06784652
0.0,0.1296372
0.0,0.104835935
0.0,0.08853358
0.0,0.056809172
0.0,0.11269274
0.0,0.08155512
0.0,0.07194781
0.0,0.10071772
0.0,0.07046747
0.0,0.069515325
0.0,0.0667458
0.0,0.11651203
0.0,0.08822857
0.0,0.112825766
0.0,0.09103345
0.0,0.090818055
0.0,0.05674448
0.0,0.07884657
0.0,0.065415785
0.0,0.067484245
0.0,0.0959661
0.0,0.026282866
0.0,0.11929594
0.0,0.12010435
0.0,0.10913773
0.0,0.05160609
0.0,0.06711002
0.0,0.0110604325
0.0,0.089004114
0.0,0.0749497
0.0,0.1069406
0.0,0.061999016
0.0,0.07609561
0.0,0.099900626
0.0,0.059769586
0.0,0.103440545
1.0,0.103118196
0.0,0.027699586
0.0,0.07471875
0.0,0.11505803
1.0,0.07395263
0.0,0.101453654
0.0,0.09785077
0.0,0.13421683
0.0,0.057778347
0.0,0.06939552
0.0,0.0748895
0.0,0.0971421
0.0,0.09032274
1.0,0.07166231
0.0,0.08484992
0.0,0.09940947
1.0,0.073684976
0.0,0.07787068
0.0,0.099332094
0.0,0.04920701
0.0,0.08083644
0.0,0.12808263
0.0,0.15300126
0.0,0.047497798
0.0,0.11452505
0.0,0.112384856
0.0,0.064145975
1.0,0.06472655
0.0,0.098230794
0.0,0.052229658
0.0,0.07902658
0.0,0.111732356
0.0,0.072984725
0.0,0.0744393
0.0,0.053136487
0.0,0.090963505
0.0,0.082274914
0.0,0.08410671
0.0,0.10364895
0.0,0.090163074
0.0,0.014220946
0.0,0.086521804
0.0,0.073771775
0.0,0.100017026
0.0,0.11608771
0.0,0.03704092
0.0,0.056519806
0.0,0.063202664
0.0,0.06252322
1.0,0.10796159
0.0,0.059190884
0.0,0.08789302
0.0,0.096511304
0.0,0.095497504
0.0,0.09414431
0.0,0.085114405
0.0,0.08196819
0.0,0.12823017
0.0,0.10921605
0.0,0.02426723
0.0,0.057887055
0.0,0.0645808
0.0,0.09313063
0.0,0.10232741
0.0,0.09716179
0.0,0.109493956
0.0,0.14455725
0.0,0.07057755
0.0,0.07238448
0.0,0.11692377
0.0,0.10982861
0.0,0.10079527
0.0,0.13468276
0.0,0.123832084
0.0,0.09352113
0.0,0.14735161
0.0,0.110230245
0.0,0.0637742
0.0,0.10085543
0.0,0.083342195
0.0,0.06393838
0.0,0.11728053
0.0,0.08350436
0.0,0.08721589
0.0,0.14065069
0.0,0.077064335
0.0,0.094108336
0.0,0.05660487
0.0,0.09068231
0.0,0.09063843
0.0,0.12394973
0.0,0.084381744
0.0,0.10055734
0.0,0.11256257
0.0,0.13724974
0.0,0.11861423
0.0,0.03184787
0.0,0.06825582
0.0,0.07581955
0.0,0.112997845
0.0,0.03756269
0.0,0.1237241
0.0,0.09465514
0.0,0.04524742
0.0,0.074722454
0.0,0.10094947
0.0,0.10031471
0.0,0.060182236
0.0,0.092813656
0.0,0.075615086
0.0,0.07897275
0.0,0.044640698
0.0,0.09561278
0.0,0.06730218
0.0,0.06566981
0.0,0.08699611
0.0,0.1071181
0.0,0.097395435
0.0,0.076737106
0.0,0.07010477
0.0,0.0682566
0.0,0.057409752
0.0,0.056351397
0.0,0.038269848
0.0,0.086247735
1.0,0.08609068
0.0,0.04321011
0.0,0.106630325
0.0,0.053507447
0.0,0.12835853
0.0,0.12269392
0.0,0.030982358
0.0,0.0997028
0.0,0.093589365
0.0,0.10263297
0.0,0.07069303
1.0,0.08920585
0.0,0.116998285
0.0,0.08355556
1.0,0.062201023
0.0,0.0515303
0.0,0.09538527
0.0,0.11737849
0.0,0.14123094
0.0,0.11148042
0.0,0.11850848
0.0,0.064867795
0.0,0.065465406
1.0,0.11666514
0.0,0.073321044
0.0,0.079999045
0.0,0.084031366
0.0,0.018662553
0.0,0.13261107
0.0,0.05859659
0.0,0.055609964
0.0,0.093560606
0.0,0.099534735
0.0,0.07708922
0.0,0.04140906
0.0,0.07191916
1.0,0.03193637
0.0,0.09105527
0.0,0.015045623
0.0,0.14345403
0.0,0.14982773
0.0,0.04916845
1.0,0.04984504
0.0,0.07638488
0.0,0.098851934
0.0,0.10874529
0.0,0.046778295
0.0,0.061334454
0.0,0.059631787
0.0,0.074011154
0.0,0.069640055
0.0,0.07157212
0.0,0.06545688
0.0,0.091315456
0.0,0.07290311
0.0,0.08153688
0.0,0.074973285
0.0,0.08732269
0.0,0.08538477
0.0,0.09286961
0.0,0.09714194
0.0,0.10631719
0.0,0.09000813
0.0,0.07274488
0.0,0.0744168
0.0,0.14372368
0.0,0.10522643
0.0,0.05946369
0.0,0.10438893
0.0,0.11390699
0.0,0.08110466
0.0,0.06832133
0.0,0.09356618
0.0,0.052018467
0.0,0.079379395
0.0,0.110248744
0.0,0.101614006
0.0,0.113013364
0.0,0.12409755
0.0,0.109467596
0.0,0.09535694
0.0,0.08224408
0.0,0.035234086
0.0,0.034393497
0.0,0.055624884
0.0,0.088166595
0.0,0.07976119
0.0,0.06383127
0.0,0.07826093
0.0,0.06389918
0.0,0.10125116
0.0,0.075185336
0.0,0.05461822
0.0,0.08050501
1.0,0.023548331
0.0,0.05635505
0.0,0.071396455
0.0,0.082257286
0.0,0.08625826
0.0,0.10387048
0.0,0.08683822
0.0,0.019851692
0.0,0.086729184
0.0,0.13546556
0.0,0.047290158
0.0,0.015119102
1.0,0.088437796
0.0,0.07191493
0.0,0.04221926
0.0,0.049379487
0.0,0.074968785
0.0,0.08363121
0.0,0.09795756
0.0,0.113811135
0.0,0.09289758
0.0,0.11523488
0.0,0.07351942
0.0,0.08864161
0.0,0.06150228
0.0,0.087163344
0.0,0.12081361
0.0,0.06299192
0.0,0.08168326
0.0,0.086766034
0.0,0.037886787
0.0,0.09240073
0.0,0.09397459
0.0,0.08170251
0.0,0.113664374
0.0,0.11644277
0.0,0.107928954
0.0,0.052130356
0.0,0.096471
0.0,0.119169265
0.0,0.083606154
0.0,0.067876175
1.0,0.09773177
2.0,0.12794523
0.0,0.12598589
0.0,0.11722629
0.0,0.10193156
0.0,0.06993866
0.0,0.103976354
0.0,0.090640634
0.0,0.06677515
0.0,0.06275144
0.0,0.05924849
0.0,0.14021896
0.0,0.11876007
0.0,0.13307215
0.0,0.08663585
0.0,0.0671366
1.0,0.06596764
2.0,0.07263113
0.0,0.10372974
0.0,0.0504291
0.0,0.08606155
0.0,0.106758684
0.0,0.06966015
0.0,0.11346618
0.0,0.08110157
0.0,0.04714208
0.0,0.1314602
0.0,0.06336081
1.0,0.07813867
0.0,0.079514
0.0,0.05799797
0.0,0.091131255
0.0,0.077712476
0.0,0.07663515
0.0,0.106657356
0.0,0.08414464
0.0,0.056078147
0.0,0.055656046
0.0,0.08995345
0.0,0.10544414
0.0,0.06642664
0.0,0.06354253
0.0,0.15759772
0.0,0.11440667
0.0,0.051784653
0.0,0.08344103
0.0,0.09367522
0.0,0.118353546
0.0,0.06938228
0.0,0.088131264
0.0,0.08408292
0.0,0.056459546
0.0,0.1259255
0.0,0.07066261
0.0,0.0848445
0.0,0.043249052
0.0,0.064194806
0.0,0.086753584
0.0,0.09255317
0.0,0.09166685
0.0,0.082477994
0.0,0.056938656
0.0,0.07966077
0.0,0.08279869
0.0,0.1366811
1.0,0.11770822
0.0,0.09741989
0.0,0.07699363
0.0,0.0865816
0.0,0.10644914
0.0,0.09916106
0.0,0.07682831
0.0,0.09992966
0.0,0.021331714
0.0,0.077171035
0.0,0.09606383
0.0,0.103877515
0.0,0.0930756
0.0,0.16474614
0.0,0.06752334
0.0,0.07529498
0.0,0.122397184
0.0,0.09455164
0.0,0.053644314
0.0,0.12539631
0.0,0.06209298
0.0,0.09391741
0.0,0.037422545
0.0,0.061809745
1.0,0.035247765
1.0,0.089923985
0.0,0.093491234
0.0,0.070120916
0.0,0.07702233
0.0,0.116620086
0.0,0.07178119
0.0,0.07728751
0.0,0.09629828
0.0,0.036982697
0.0,0.06668259
0.0,0.107914336
0.0,0.10595084
1.0,0.07291387
0.0,0.08729172
0.0,0.08736828
0.0,0.1057869
0.0,0.08555482
0.0,0.0761416
0.0,0.0971186
1.0,0.096004
0.0,0.10920871
0.0,0.09245604
0.0,0.07180292
0.0,0.07740757
0.0,0.029505549
0.0,0.107529655
0.0,0.12643963
0.0,0.08744518
0.0,0.097109035
0.0,0.05431943
0.0,0.06365131
0.0,0.042862363
0.0,0.09701473
0.0,0.055049773
0.0,0.06674373
1.0,0.051901758
0.0,0.0882249
0.0,0.05257363
0.0,0.079412356
0.0,0.07536472
0.0,0.050391216
0.0,0.040839236
0.0,0.093876824
0.0,0.061431922
0.0,0.16601732
1.0,0.052308477
0.0,0.06235604
0.0,0.041928455
0.0,0.045005664
0.0,0.103835
0.0,0.01849081
0.0,0.109951
0.0,0.057436094
0.0,0.08826583
0.0,0.100790076
0.0,0.06034642
0.0,0.05402855
0.0,0.13914488
0.0,0.07528729
0.0,0.08869632
0.0,0.112392925
0.0,0.044557862
0.0,0.089658484
0.0,0.050116852
0.0,0.11270626
0.0,0.038338907
0.0,0.046434075
0.0,0.12077744
0.0,0.043374434
0.0,0.07514068
0.0,0.08526715
0.0,0.10071681
0.0,0.06091935
0.0,0.09888267
0.0,0.124884985
0.0,0.07824374
0.0,0.08058753
0.0,0.06516116
0.0,0.11746763
0.0,0.0881546
0.0,0.057837512
0.0,0.030417105
0.0,0.1083349
0.0,0.1281979
1.0,0.06891296
0.0,0.094124824
0.0,0.083196074
0.0,0.093233384
0.0,0.027745562
0.0,0.08100336
0.0,0.11317056
0.0,0.09616637
0.0,0.05754078
0.0,0.08351467
0.0,0.068272844
0.0,0.11390799
0.0,0.010878416
0.0,0.09777647
0.0,0.10200505
0.0,0.14675896
0.0,0.095097706
0.0,0.07022957
0.0,0.1219753
0.0,0.054127954
0.0,0.06819536
0.0,0.08927953
0.0,0.07856597
0.0,0.13295329
0.0,0.07653962
0.0,0.084170505
0.0,0.094339184
0.0,0.120797515
0.0,0.09372853
0.0,0.10778878
0.0,0.07401885
0.0,0.063193396
0.0,0.0850095
0.0,0.05715423
0.0,0.08020851
0.0,0.04996425
0.0,0.074643806
0.0,0.10531734
0.0,0.09048269
0.0,0.09443286
0.0,0.07624067
0.0,0.09603854
0.0,0.06513101
1.0,0.01515181
0.0,0.120283484
0.0,0.08099969
0.0,0.056950994
0.0,0.07233172
0.0,0.080584124
0.0,0.107334994
0.0,0.08920045
0.0,0.108350575
0.0,0.075764544
0.0,0.08075353
0.0,0.08317255
1.0,0.052491203
0.0,0.07805204
0.0,0.06529615
0.0,0.093287215
0.0,0.11872644
1.0,0.08780168
0.0,0.14395717
0.0,0.05406209
0.0,0.107802734
0.0,0.10822441
0.0,0.098190546
0.0,0.07177571
0.0,0.09842333
0.0,0.13590534
0.0,0.048218593
0.0,0.13562569
0.0,0.1126574
0.0,0.08201698
0.0,0.10798064
0.0,0.09836598
0.0,0.10326342
0.0,0.09152594
0.0,0.12596798
0.0,0.12686719
0.0,0.09869241
0.0,0.073434144
0.0,0.09548318
0.0,0.07396793
0.0,0.096773185
0.0,0.090257086
0.0,0.15207492
0.0,0.023800787
0.0,0.0714695
0.0,0.108707294
0.0,0.06245287
0.0,0.1056146
0.0,0.08176533
0.0,0.054011997
0.0,0.086134195
1.0,0.07728659
0.0,0.0649217
0.0,0.0935162
0.0,0.06323228
0.0,0.09555642
0.0,0.09616273
0.0,0.09618011
0.0,0.047482945
0.0,0.09993483
0.0,0.08795377
0.0,0.013208304
0.0,0.05562433
0.0,0.073751375
0.0,0.07442475
0.0,0.11421009
0.0,0.07867115
0.0,0.07977235
0.0,0.11277876
0.0,0.14058934
0.0,0.10498609
0.0,0.11803596
0.0,0.074738905
0.0,0.09332065
0.0,0.10935837
0.0,0.091628715
0.0,0.117032625
0.0,0.077263765
0.0,0.080070786
0.0,0.08249768
0.0,0.10976783
0.0,0.07615812
0.0,0.051682897
0.0,0.15416704
0.0,0.06569045
0.0,0.1185952
0.0,0.088404804
0.0,0.11214073
0.0,0.10408906
0.0,0.10976124
0.0,0.13330132
0.0,0.079583146
0.0,0.10247619
0.0,0.121852584
0.0,0.07226832
0.0,0.042953797
0.0,0.075354256
0.0,0.08110033
0.0,0.06105283
0.0,0.13036905
0.0,0.072984606
0.0,0.06173531
2.0,0.077056035
0.0,0.06911037
0.0,0.06492105
0.0,0.0652333
0.0,0.075678825
1.0,0.07461607
0.0,0.09339277
0.0,0.10288041
0.0,0.09765183
0.0,0.09886897
0.0,0.08685342
0.0,0.06795393
0.0,0.049660526
0.0,0.052752182
0.0,0.07411615
0.0,0.08430806
0.0,0.07448919
0.0,0.051269304
0.0,0.10871929
0.0,0.08959833
0.0,0.10938113
0.0,0.10795649
0.0,0.08564064
0.0,0.10183165
0.0,0.11095048
0.0,0.08532077
0.0,0.08329873
0.0,0.07829976
0.0,0.072984934
0.0,0.109876804
0.0,0.07950213
0.0,0.11804601
0.0,0.10746646
0.0,0.055147734
0.0,0.07903248
0.0,0.031266887
0.0,0.073199876
0.0,0.049464773
0.0,0.120075375
0.0,0.11230257
0.0,0.057646282
0.0,0.121001415
0.0,0.053600974
0.0,0.073498495
0.0,0.088861465
0.0,0.09538723
0.0,0.07168059
0.0,0.07544423
0.0,0.053879768
0.0,0.11375769
0.0,0.036438704
0.0,0.05538569
0.0,0.0707663
0.0,0.1331027
0.0,0.072374135
0.0,0.14286734
0.0,0.08167315
0.0,0.06970235
0.0,0.061704673
0.0,0.04592131
0.0,0.076668195
0.0,0.07879079
0.0,0.08336121
1.0,0.08886278
0.0,0.08236573
0.0,0.07286584
0.0,0.121125765
0.0,0.099808946
0.0,0.062402576
0.0,0.041209325
0.0,0.061565436
0.0,0.09667071
0.0,0.07299826
0.0,0.10526234
0.0,0.13373801
0.0,0.11368709
0.0,0.13250308
0.0,0.10658221
1.0,0.07058043
0.0,0.05580816
0.0,0.10647295
0.0,0.09456399
0.0,0.08988686
0.0,0.092934534
0.0,0.033670343
0.0,0.084289834
0.0,0.08177387
0.0,0.08164638
0.0,0.11820927
0.0,0.08883431
0.0,0.06927955
0.0,0.09041351
0.0,0.016419802
0.0,0.10975485
0.0,0.07565938
0.0,0.12939012
0.0,0.049603492
0.0,0.097948775
0.0,0.054224223
0.0,0.066444196
0.0,0.08306511
0.0,0.06497147
0.0,0.06602392
0.0,0.10367703
0.0,0.07094397
0.0,0.05973437
0.0,0.04062583
0.0,0.09898825
0.0,0.099699184
0.0,0.0899818
0.0,0.057487868
0.0,0.056717146
0.0,0.12607987
0.0,0.04078573
0.0,0.08609476
0.0,0.08105111
0.0,0.12575334
0.0,0.06892891
0.0,0.14800455
0.0,0.08146104
0.0,0.11154987
1.0,0.087963
0.0,0.075338505
0.0,0.036002126
0.0,0.114330046
0.0,0.07789077
0.0,0.06905206
0.0,0.07008264
0.0,0.07951855
0.0,0.12993097
0.0,0.1549057
0.0,0.100071475
0.0,0.08115466
0.0,0.08159272
1.0,0.064604335
0.0,0.091482356
0.0,0.07148506
0.0,0.10285147
0.0,0.053845055
0.0,0.09289524
0.0,0.08030595
0.0,0.12601396
0.0,0.06880295
0.0,0.10421004
0.0,0.08441685
0.0,0.078431636
0.0,0.118367374
0.0,0.09120697
0.0,0.03392686
0.0,0.0570814
0.0,0.020809272
0.0,0.0977471
0.0,0.0916387
0.0,0.04914679
0.0,0.13435294
0.0,0.07203239
0.0,0.13091922
0.0,0.12285239
0.0,0.09232657
0.0,0.09859833
0.0,0.15015468
0.0,0.085765816
0.0,0.0696053
0.0,0.112796664
0.0,0.048663467
1.0,0.08868757
0.0,0.030721432
0.0,0.06467328
0.0,0.09432067
0.0,0.12006061
0.0,0.07129453
0.0,0.0894098
0.0,0.08162825
0.0,0.04406844
0.0,0.068867855
0.0,0.071221255
0.0,0.105580434
0.0,0.14234708
0.0,0.11446396
0.0,0.13981555
0.0,0.07162031
0.0,0.076965444
0.0,0.1033919
0.0,0.070463434
0.0,0.07480021
1.0,0.10484658
0.0,0.10763878
0.0,0.051460836
0.0,0.09088655
0.0,0.09416121
0.0,0.09006581
0.0,0.0784636
1.0,0.047938652
0.0,0.027237415
0.0,0.08966459
0.0,0.11113339
0.0,0.11780317
0.0,0.052559327
0.0,0.15173551
0.0,0.06988524
0.0,0.048110444
1.0,0.09063216
0.0,0.05260496
0.0,0.06386817
0.0,0.13652885
0.0,0.088201374
0.0,0.11051576
0.0,0.064085655
0.0,0.092374206
0.0,0.06553049
0.0,0.09722915
0.0,0.0715884
1.0,0.1380912
0.0,0.11365172
0.0,0.019415608
0.0,0.10550454
0.0,0.050637215
0.0,0.10000472
0.0,0.11224971
0.0,0.021881202
0.0,0.073460095
0.0,0.08533503
0.0,0.107538015
0.0,0.04675283
0.0,0.046839308
0.0,0.11368885
0.0,0.077837266
0.0,0.021569682
0.0,0.062290423
0.0,0.082896784
0.0,0.056450155
0.0,0.11331579
0.0,0.13500367
0.0,0.078496285
0.0,0.083011694
0.0,0.115742065
0.0,0.11265471
0.0,0.12198798
0.0,0.13662511
0.0,0.06525911
0.0,0.11689275
0.0,0.04842364
0.0,0.11356161
0.0,0.09179443
0.0,0.110837
2.0,0.021988343
0.0,0.08153049
0.0,0.113348424
0.0,0.13950916
0.0,0.1076474
0.0,0.11389528
0.0,0.12546599
0.0,0.09420884
0.0,0.13285187
0.0,0.04448617
0.0,0.063479416
0.0,0.07167581
0.0,0.05299015
0.0,0.07713835
0.0,0.06098162
0.0,0.018073585
0.0,0.093179256
0.0,0.06374945
0.0,0.08027993
0.0,0.0799418
0.0,0.06427481
0.0,0.10755027
0.0,0.07516141
1.0,0.08868879
0.0,0.110661305
0.0,0.06063366
0.0,0.12806025
0.0,0.08419304
0.0,0.12730613
0.0,0.117689475
0.0,0.112128966
0.0,0.05211471
0.0,0.07544456
0.0,0.058927123
0.0,0.07759524
0.0,0.041237593
0.0,0.1144238
0.0,0.08498234
0.0,0.07380363
0.0,0.10602235
0.0,0.06769867
0.0,0.06049596
0.0,0.11279549
0.0,0.076166786
0.0,0.05303666
0.0,0.0400619
0.0,0.030693641
0.0,0.089940794
0.0,0.08281439
0.0,0.09771961
0.0,0.12570736
0.0,0.10583819
0.0,0.12550174
0.0,0.056174707
0.0,0.10558001
0.0,0.091921985
0.0,0.06322051
0.0,0.0860561
0.0,0.05752683
0.0,0.1609506
0.0,0.060965758
0.0,0.110053144
0.0,0.06441976
0.0,0.07120762
0.0,0.05932782
0.0,0.02937905
0.0,0.0559957
0.0,0.048829477
0.0,0.097610444
0.0,0.07145788
0.0,0.057199486
0.0,0.1200584
0.0,0.111665726
0.0,0.05590799
0.0,0.025897674
0.0,0.0985627
0.0,0.08045731
0.0,0.13364813
0.0,0.07628667
0.0,0.041747946
0.0,0.107786745
0.0,0.058361504
0.0,0.09962666
0.0,0.08537638
0.0,0.12142552
0.0,0.05387459
0.0,0.089063466
0.0,0.07759691
0.0,0.021325434
0.0,0.062560216
0.0,0.091565475
0.0,0.109484196
0.0,0.08646581
1.0,0.059508905
0.0,0.112713896
0.0,0.14865349
0.0,0.1216188
0.0,0.12503326
1.0,0.05504106
0.0,0.050594375
0.0,0.10947861
0.0,0.10912519
0.0,0.055385068
0.0,0.09077446
0.0,0.05265234
0.0,0.1456224
0.0,0.04724849
0.0,0.09908449
0.0,0.10335599
0.0,0.09229821
0.0,0.12703362
0.0,0.14956589
0.0,0.040800005
1.0,0.03705182
0.0,0.14911588
0.0,0.067894146
0.0,0.10203361
0.0,0.0730417
0.0,0.119786754
0.0,0.031284194
0.0,0.083296366
0.0,0.077724
0.0,0.10459763
0.0,0.09984798
1.0,0.09049061
0.0,0.087138906
0.0,0.073344834
0.0,0.039885968
0.0,0.13308915
0.0,0.056803674
0.0,0.102658615
0.0,0.16119412
0.0,0.09335628
1.0,0.062968574
0.0,0.060882743
0.0,0.08468462
0.0,0.06685219
0.0,0.07200176
0.0,0.052740276
0.0,0.10939136
0.0,0.11751354
0.0,0.08944677
0.0,0.08023196
0.0,0.116533704
0.0,0.034085933
0.0,0.13154846
1.0,0.059273694
0.0,0.10169219
0.0,0.0642174
0.0,0.07157369
0.0,0.049916036
0.0,0.056921877
0.0,0.06434966
0.0,0.06880884
0.0,0.0882571
0.0,0.11941053
0.0,0.10177995
0.0,0.12795752
1.0,0.09068629
0.0,0.0749386
0.0,0.071255565
0.0,0.05654358
0.0,0.0867052
0.0,0.095846124
0.0,0.038681164
0.0,0.02471567
0.0,0.08887566
0.0,0.14810953
0.0,0.03950473
0.0,0.08289761
0.0,0.076175265
0.0,0.106493056
0.0,0.10352203
0.0,0.077666536
0.0,0.13974875
0.0,0.08947837
0.0,0.08601969
0.0,0.053358003
0.0,0.129732
0.0,0.08539819
0.0,0.08437303
0.0,0.07645193
0.0,0.07692387
0.0,0.09026526
0.0,0.097068645
0.0,0.07401094
0.0,0.12503085
0.0,0.09988524
0.0,0.06960692
0.0,0.09039274
0.0,0.10170858
1.0,0.07496803
0.0,0.10709219
0.0,0.095566876
0.0,0.11480951
0.0,0.11689294
0.0,0.094348066
0.0,0.087982185
0.0,0.05291724
0.0,0.057138927
0.0,0.09222237
0.0,0.076261654
0.0,0.0750633
0.0,0.079683885
0.0,0.08225015
0.0,0.10052398
0.0,0.07738894
0.0,0.06340225
0.0,0.06977165
0.0,0.07784523
0.0,0.09921645
0.0,0.1505959
0.0,0.10345922
0.0,0.08686092
0.0,0.08778378
0.0,0.05807147
0.0,0.13278697
1.0,0.07438128
0.0,0.097760476
0.0,0.09285161
0.0,0.11246879
0.0,0.12565611
0.0,0.14695534
0.0,0.10272029
0.0,0.069627136
0.0,0.06182743
0.0,0.07209636
0.0,0.11920305
0.0,0.14173353
0.0,0.07421386
0.0,0.09265798
0.0,0.06508027
0.0,0.1377438
0.0,0.06889338
0.0,0.06259899
0.0,0.07506016
0.0,0.07194615
0.0,0.07821241
0.0,0.104773015
0.0,0.12901719
0.0,0.027263649
0.0,0.08461453
0.0,0.08073355
1.0,0.1006369
0.0,0.077407956
0.0,0.06568267
1.0,0.08456597
1.0,0.08807075
0.0,0.12238668
0.0,0.13194576
0.0,0.080772094
0.0,0.091883354
0.0,0.051497117
0.0,0.03987117
0.0,0.069462195
0.0,0.08039714
0.0,0.062093955
0.0,0.080745175
0.0,0.09386483
0.0,0.08206864
0.0,0.11997488
0.0,0.06825826
0.0,0.053991888
0.0,0.14372003
0.0,0.07384823
0.0,0.06330449
0.0,0.10692026
0.0,0.09185913
0.0,0.065874755
0.0,0.07179809
0.0,0.055501353
0.0,0.10329226
0.0,0.11097968
0.0,0.072954975
0.0,0.058475852
0.0,0.06961798
0.0,0.092279404
0.0,0.06831412
0.0,0.118184194
0.0,0.10739914
0.0,0.07465949
0.0,0.06532337
0.0,0.098632
0.0,0.096958295
0.0,0.09260434
0.0,0.09838952
0.0,0.06394402
0.0,0.093785614
0.0,0.06689042
0.0,0.09033183
1.0,0.052111678
0.0,0.06712949
0.0,0.12598383
0.0,0.10750528
0.0,0.09390747
0.0,0.061483983
1.0,0.07758007
0.0,0.10362893
0.0,0.11099606
0.0,0.07602886
0.0,0.13311778
0.0,0.07239991
0.0,0.088007346
0.0,0.09281853
0.0,0.062831335
0.0,0.1121279
0.0,0.076442964
0.0,0.09060252
0.0,0.10763595
0.0,0.11353892
0.0,0.09920344
0.0,0.05002951
0.0,0.074669816
0.0,0.11329388
0.0,0.08545324
0.0,0.102164835
0.0,0.06343046
0.0,0.10845284
0.0,0.05204428
0.0,0.107801035
0.0,0.015165587
0.0,0.093479306
0.0,0.13406287
0.0,0.07920485
0.0,0.07614879
0.0,0.059948966
0.0,0.041243352
0.0,0.12336916
0.0,0.08387572
0.0,0.10569249
0.0,0.08514609
0.0,0.12693578
0.0,0.11955949
0.0,0.032905273
0.0,0.099533595
0.0,0.058412787
0.0,0.09888894
0.0,0.07594188
0.0,0.045184545
0.0,0.043894447
0.0,0.041921277
0.0,0.06854532
0.0,0.096186854
0.0,0.08690819
0.0,0.0684612
0.0,0.06521988
0.0,0.05381369
0.0,0.060554147
0.0,0.085879415
0.0,0.10259436
0.0,0.09872385
0.0,0.08945718
0.0,0.14232846
0.0,0.10902467
0.0,0.10619747
0.0,0.15793452
0.0,0.13277318
0.0,0.106645145
0.0,0.102703616
0.0,0.102850884
0.0,0.09632062
0.0,0.0729527
0.0,0.10496281
0.0,0.079738885
0.0,0.08504605
0.0,0.09216094
0.0,0.07038207
0.0,0.06893657
0.0,0.075966
0.0,0.062031157
0.0,0.11928758
0.0,0.096328266
0.0,0.072136216
0.0,0.103968374
0.0,0.01897376
0.0,0.059998937
0.0,0.11736251
0.0,0.13077894
0.0,0.08342132
0.0,0.060738094
0.0,0.0824832
1.0,0.07272482
0.0,0.07057225
0.0,0.038090084
0.0,0.03323674
0.0,0.06935736
0.0,0.04500826
0.0,0.10799341
0.0,0.057469517
0.0,0.14167877
0.0,0.06301068
0.0,0.13079955
0.0,0.10905546
0.0,0.09485139
0.0,0.092601195
0.0,0.0466943
0.0,0.056027014
0.0,0.09380031
0.0,0.055836882
0.0,0.10842507
0.0,0.06496312
0.0,0.06413637
0.0,0.05663438
0.0,0.08290635
0.0,0.113703676
0.0,0.08625156
0.0,0.1054682
0.0,0.03848574
0.0,0.021482
0.0,0.06588878
0.0,0.10101438
0.0,0.021424979
0.0,0.08664093
1.0,0.07163786
0.0,0.084493935
0.0,0.1141702
0.0,0.12438571
0.0,0.10337565
0.0,0.11086086
0.0,0.04909877
0.0,0.0812889
0.0,0.11029068
0.0,0.06795034
0.0,0.067227386
0.0,0.07229548
0.0,0.09226193
1.0,0.044727106
0.0,0.022373788
0.0,0.06811668
0.0,0.06186478
0.0,0.09877833
0.0,0.07160098
0.0,0.06451482
1.0,0.061332434
0.0,0.03923337
0.0,0.11683045
0.0,0.06885725
0.0,0.040394098
0.0,0.123273425
0.0,0.07402326
0.0,0.06890619
0.0,0.08536719
0.0,0.053909283
0.0,0.072066806
0.0,0.06916183
0.0,0.068523586
0.0,0.06882859
0.0,0.049025476
0.0,0.112956144
0.0,0.058287777
0.0,0.08923507
0.0,0.13054769
0.0,0.07943608
0.0,0.0876922
0.0,0.06323947
0.0,0.10485643
0.0,0.016066803
0.0,0.09455863
0.0,0.082603395
0.0,0.094630346
0.0,0.044725887
0.0,0.08520643
1.0,0.066488706
0.0,0.09528406
0.0,0.051113885
0.0,0.08189304
0.0,0.076362744
0.0,0.09895965
0.0,0.019586286
0.0,0.094700895
0.0,0.10458204
0.0,0.073787495
0.0,0.10569604
0.0,0.13068505
0.0,0.069023296
0.0,0.11557195
0.0,0.077910125
0.0,0.06059623
0.0,0.07088251
0.0,0.1350393
1.0,0.068388805
0.0,0.0820533
0.0,0.096417375
0.0,0.06963423
0.0,0.08623384
0.0,0.07565824
0.0,0.06665997
0.0,0.119988784
1.0,0.096096404
0.0,0.08187018
0.0,0.06580046
0.0,0.15970105
0.0,0.07492457
0.0,0.08695549
0.0,0.113247536
0.0,0.07425329
0.0,0.08469665
0.0,0.018100183
0.0,0.12486658
0.0,0.117158115
0.0,0.02514346
0.0,0.12727366
0.0,0.10491795
0.0,0.09681468
0.0,0.13509691
0.0,0.07318045
0.0,0.06958499
0.0,0.0921081
0.0,0.06702821
0.0,0.101091094
0.0,0.07790567
0.0,0.09910797
0.0,0.044322193
0.0,0.11682307
0.0,0.08856201
0.0,0.07860129
0.0,0.116856605
0.0,0.11744315
0.0,0.111768
0.0,0.08587372
0.0,0.059137605
0.0,0.10149208
0.0,0.05179089
0.0,0.07815805
0.0,0.04167371
0.0,0.10937047
0.0,0.09195885
0.0,0.07885435
0.0,0.12700194
0.0,0.0776661
0.0,0.04869469
0.0,0.07069712
0.0,0.10538309
0.0,0.09752782
0.0,0.085419305
0.0,0.09142612
0.0,0.14655475
0.0,0.05926991
0.0,0.11997402
1.0,0.102188855
0.0,0.066926904
0.0,0.043015495
0.0,0.07400148
0.0,0.08475364
0.0,0.07985867
0.0,0.060670216
0.0,0.040045638
0.0,0.0523149
0.0,0.08939302
0.0,0.019262392
0.0,0.09068088
0.0,0.086534426
0.0,0.12692912
0.0,0.09774864
0.0,0.13555965
0.0,0.08012602
0.0,0.08817322
0.0,0.15127377
0.0,0.13257162
0.0,0.13130903
0.0,0.04828768
0.0,0.08822051
0.0,0.11662386
0.0,0.09450273
0.0,0.087649316
0.0,0.038836416
0.0,0.1323634
0.0,0.061003707
0.0,0.012141544
0.0,0.08772468
0.0,0.07009739
1.0,0.063047074
0.0,0.062091794
0.0,0.04666314
0.0,0.045525193
0.0,0.087334976
0.0,0.105748445
0.0,0.10773218
0.0,0.10784747
0.0,0.048813123
0.0,0.09361737
0.0,0.11738767
0.0,0.06597706
0.0,0.0805905
0.0,0.113090776
0.0,0.023425154
0.0,0.085869834
0.0,0.1007329
0.0,0.15200844
0.0,0.056505226
0.0,0.08200513
0.0,0.05742087
0.0,0.09968576
0.0,0.08400603
0.0,0.07208378
0.0,0.14858784
0.0,0.11423555
0.0,0.12493734
0.0,0.10786287
0.0,0.06257646
0.0,0.017628774
0.0,0.1107901
0.0,0.09951499
0.0,0.06945097
0.0,0.13725992
0.0,0.12611946
0.0,0.11334889
0.0,0.017314855
0.0,0.11632795
0.0,0.08361095
0.0,0.06985757
0.0,0.040136106
0.0,0.11970305
0.0,0.070416495
0.0,0.066119164
0.0,0.11564025
0.0,0.07507881
0.0,0.07201821
0.0,0.13390446
0.0,0.09949305
0.0,0.0771843
0.0,0.076438315
0.0,0.08619554
0.0,0.10747038
0.0,0.05216381
0.0,0.062479842
0.0,0.077631176
0.0,0.12430928
0.0,0.10538922
0.0,0.08966915
1.0,0.14564432
0.0,0.107817896
0.0,0.036913477
0.0,0.08005208
0.0,0.07199801
1.0,0.11841279
0.0,0.06358112
0.0,0.07988602
0.0,0.049055032
0.0,0.102740034
0.0,0.122612946
0.0,0.064226225
0.0,0.07872905
0.0,0.1010053
0.0,0.09221252
0.0,0.06875712
0.0,0.07383392
0.0,0.07206794
0.0,0.099338934
0.0,0.13900688
0.0,0.10724127
0.0,0.09267214
0.0,0.06644204
0.0,0.114335306
0.0,0.104240604
0.0,0.05495292
0.0,0.13704187
0.0,0.06654683
0.0,0.08561829
0.0,0.087125406
0.0,0.10854607
0.0,0.10246407
0.0,0.042156693
0.0,0.060829192
0.0,0.09320289
0.0,0.10507882
0.0,0.059762035
0.0,0.09544981
0.0,0.120119356
0.0,0.11135432
0.0,0.06741215
0.0,0.10106974
0.0,0.040222745
1.0,0.07324712
0.0,0.10141627
0.0,0.08295526
1.0,0.08052025
0.0,0.14629465
0.0,0.11381008
0.0,0.06425781
0.0,0.07755829
0.0,0.049028423
0.0,0.09181704
0.0,0.077644356
0.0,0.05869196
0.0,0.13612884
0.0,0.084386975
0.0,0.116513506
0.0,0.07183746
0.0,0.09743037
0.0,0.119578965
0.0,0.08243598
0.0,0.04511073
0.0,0.13096833
0.0,0.102078035
0.0,0.13858557
0.0,0.14776132
0.0,0.08084137
0.0,0.10086763
0.0,0.072056286
0.0,0.073394656
0.0,0.08427603
0.0,0.04433079
0.0,0.05451022
0.0,0.0542501
0.0,0.110407785
0.0,0.052837033
1.0,0.0887194
0.0,0.07817631
0.0,0.07011015
0.0,0.07817516
0.0,0.09426688
0.0,0.11080986
0.0,0.117168255
1.0,0.051459633
0.0,0.07680021
1.0,0.048578892
0.0,0.080323316
0.0,0.056552693
0.0,0.11179388
0.0,0.066812925
0.0,0.11244063
0.0,0.09701404
0.0,0.11914361
0.0,0.06515741
0.0,0.12060102
0.0,0.05742128
1.0,0.09937805
0.0,0.08654006
0.0,0.07083924
0.0,0.08165261
0.0,0.06686762
0.0,0.05609949
0.0,0.08717265
0.0,0.1034476
0.0,0.11254762
0.0,0.09594865
0.0,0.07477924
0.0,0.10694586
0.0,0.0649557
0.0,0.089476585
0.0,0.06453229
0.0,0.0821211
0.0,0.11210117
0.0,0.08592513
1.0,0.09015581
0.0,0.09539974
0.0,0.115898825
1.0,0.09338978
0.0,0.07066035
0.0,0.0591546
0.0,0.13470928
0.0,0.14013916
0.0,0.067694396
0.0,0.06945786
0.0,0.1188949
0.0,0.07281308
0.0,0.09637699
0.0,0.045855306
0.0,0.079633504
0.0,0.08191249
0.0,0.011865636
0.0,0.07897556
0.0,0.07483626
0.0,0.022727221
0.0,0.07192829
0.0,0.082033485
0.0,0.11677461
0.0,0.08878817
0.0,0.10343635
0.0,0.112844005
0.0,0.11421034
0.0,0.06741312
0.0,0.097226396
0.0,0.1403162
0.0,0.0492743
0.0,0.116192296
0.0,0.11251368
0.0,0.0797293
0.0,0.06602773
0.0,0.088989966
0.0,0.081080705
0.0,0.073257245
0.0,0.07827585
0.0,0.09489025
0.0,0.10407497
0.0,0.09156601
0.0,0.07082755
0.0,0.11135143
0.0,0.06327974
0.0,0.11271435
0.0,0.10060842
0.0,0.07695517
0.0,0.088973716
0.0,0.11296498
1.0,0.0870098
0.0,0.07650121
0.0,0.070392594
0.0,0.054512884
0.0,0.14467873
0.0,0.059848927
0.0,0.079931095
0.0,0.06227048
0.0,0.11282329
0.0,0.1328806
0.0,0.059269045
0.0,0.09507073
0.0,0.14849278
0.0,0.08197186
0.0,0.08220421
0.0,0.07522234
0.0,0.09227575
0.0,0.115414396
0.0,0.0812676
0.0,0.14210597
0.0,0.10128057
1.0,0.07804813
0.0,0.13870665
0.0,0.068946965
0.0,0.07078609
0.0,0.11096053
0.0,0.10936549
0.0,0.070345566
0.0,0.07752486
0.0,0.054951727
0.0,0.088674754
0.0,0.032206357
0.0,0.05852919
0.0,0.078258105
0.0,0.12266622
0.0,0.055880312
0.0,0.044647656
0.0,0.08508207
0.0,0.037965275
0.0,0.11632734
0.0,0.11008632
0.0,0.060649015
0.0,0.10575038
0.0,0.108481675
0.0,0.07082747
0.0,0.03904357
0.0,0.09189241
0.0,0.076987885
0.0,0.11287533
0.0,0.09027615
0.0,0.07331415
0.0,0.06877684
0.0,0.06996077
0.0,0.06940318
0.0,0.08074271
0.0,0.07024489
0.0,0.106821805
1.0,0.0720834
0.0,0.07809554
0.0,0.10173366
0.0,0.09354874
0.0,0.09390749
0.0,0.093954116
0.0,0.079596736
0.0,0.062073648
0.0,0.1057313
0.0,0.06976277
0.0,0.0751796
0.0,0.08220702
0.0,0.057327166
0.0,0.10557676
0.0,0.082071066
0.0,0.04792608
0.0,0.15396982
0.0,0.03929296
0.0,0.07440268
0.0,0.110671565
1.0,0.08524231
0.0,0.13600656
0.0,0.093679845
0.0,0.11491388
0.0,0.06879235
0.0,0.121468484
0.0,0.13284312
0.0,0.0752072
0.0,0.07506556
0.0,0.09440927
0.0,0.106808685
0.0,0.061985772
0.0,0.06896385
0.0,0.060463965
1.0,0.0624476
0.0,0.107569456
0.0,0.056728248
0.0,0.09983448
0.0,0.08934001
0.0,0.1343717
0.0,0.06442756
0.0,0.06930208
0.0,0.094226986
0.0,0.11229526
0.0,0.066370904
0.0,0.0479094
0.0,0.10942037
0.0,0.039921034
0.0,0.044881612
0.0,0.046435915
0.0,0.082239814
0.0,0.105605006
0.0,0.17355734
0.0,0.06729546
0.0,0.044543266
0.0,0.011805898
0.0,0.10894397
0.0,0.058002062
0.0,0.11576914
0.0,0.088722
0.0,0.029124606
0.0,0.07505744
0.0,0.10113439
0.0,0.10199416
0.0,0.08557747
0.0,0.12597041
0.0,0.0918095
0.0,0.08846051
0.0,0.038674597
0.0,0.017732829
0.0,0.06271531
1.0,0.07518277
0.0,0.083082415
0.0,0.122111395
0.0,0.09530489
0.0,0.080289274
0.0,0.12227329
0.0,0.09975126
0.0,0.0856649
0.0,0.080689594
0.0,0.08099811
0.0,0.100824825
0.0,0.050246015
0.0,0.10551194
0.0,0.07924385
0.0,0.08451868
0.0,0.06196689
0.0,0.10567747
0.0,0.14422002
0.0,0.06295518
0.0,0.083595544
0.0,0.09337427
0.0,0.1350944
0.0,0.068344176
0.0,0.11817078
0.0,0.07238929
0.0,0.06882347
0.0,0.110061966
0.0,0.06889761
0.0,0.054168478
0.0,0.078865126
0.0,0.07941645
0.0,0.08331021
0.0,0.07803516
0.0,0.100665
0.0,0.07913428
0.0,0.08479637
0.0,0.11295973
0.0,0.07730617
0.0,0.069121085
0.0,0.08570692
0.0,0.09092088
0.0,0.099335074
0.0,0.103630126
0.0,0.062338352
0.0,0.14472742
0.0,0.09145928
0.0,0.09908208
0.0,0.09427321
0.0,0.11935178
0.0,0.11129086
1.0,0.08225797
0.0,0.064745024
0.0,0.065413274
0.0,0.03624398
0.0,0.06978827
0.0,0.11870034
1.0,0.070266366
0.0,0.123843275
0.0,0.08482516
0.0,0.08215021
0.0,0.12947078
0.0,0.08650681
0.0,0.08530456
0.0,0.107271135
0.0,0.11439401
0.0,0.09691061
0.0,0.07314068
0.0,0.08371998
0.0,0.07883546
0.0,0.07921142
0.0,0.09702991
0.0,0.09932783
0.0,0.13655008
0.0,0.061695553
0.0,0.09430264
0.0,0.12529722
0.0,0.08777203
0.0,0.081823215
0.0,0.09472795
0.0,0.066615865
0.0,0.092062086
0.0,0.09884328
0.0,0.12966187
1.0,0.05712984
0.0,0.11427535
0.0,0.09706693
0.0,0.14280534
0.0,0.05777051
0.0,0.10895688
0.0,0.07785887
0.0,0.116734974
0.0,0.07388673
0.0,0.0267979
0.0,0.051652346
0.0,0.099456124
0.0,0.056598015
0.0,0.044884898
0.0,0.0804133
0.0,0.09815766
0.0,0.038508933
0.0,0.08796795
0.0,0.02201508
0.0,0.035102047
0.0,0.06338807
0.0,0.10240204
0.0,0.105710305
0.0,0.10309973
0.0,0.12886563
0.0,0.08938311
0.0,0.09843903
0.0,0.07953172
0.0,0.10107827
2.0,0.067591764
0.0,0.047074746
0.0,0.15218085
0.0,0.08251971
0.0,0.12206869
0.0,0.08877185
0.0,0.08193566
0.0,0.06830254
0.0,0.090323515
0.0,0.06990719
0.0,0.06599312
0.0,0.13937244
0.0,0.1289089
0.0,0.073587395
0.0,0.056189373
0.0,0.110959575
0.0,0.061047282
0.0,0.07926763
0.0,0.1110709
0.0,0.047203384
0.0,0.06225414
0.0,0.08213494
0.0,0.117743395
0.0,0.11109235
0.0,0.06272762
0.0,0.10640554
0.0,0.12512761
0.0,0.07091095
0.0,0.06778777
0.0,0.05148872
0.0,0.050124858
0.0,0.0730709
0.0,0.12648918
0.0,0.07649219
0.0,0.06837997
0.0,0.06186627
0.0,0.101988025
0.0,0.114994675
0.0,0.09128165
0.0,0.0740948
0.0,0.12405823
0.0,0.105556
0.0,0.10936147
0.0,0.084368184
0.0,0.09769836
0.0,0.049194384
0.0,0.09986505
0.0,0.08652038
0.0,0.030189421
0.0,0.059740108
0.0,0.08889341
0.0,0.07094479
0.0,0.09950543
0.0,0.07031208
0.0,0.12532541
0.0,0.12481864
0.0,0.06475257
0.0,0.12269915
0.0,0.055357967
0.0,0.07334309
0.0,0.06328882
0.0,0.099526145
0.0,0.13974108
0.0,0.13684203
0.0,0.11640203
0.0,0.080159016
0.0,0.10247802
0.0,0.06736518
0.0,0.10897291
0.0,0.08090849
0.0,0.07085476
0.0,0.1290963
0.0,0.06819297
0.0,0.060489558
0.0,0.069678985
0.0,0.061390415
0.0,0.110764086
0.0,0.05683227
0.0,0.055240624
0.0,0.07267419
0.0,0.053475525
1.0,0.1344208
0.0,0.09094618
1.0,0.07755731
0.0,0.11109196
0.0,0.08570678
0.0,0.10032961
0.0,0.012073017
0.0,0.09921923
0.0,0.06924553
0.0,0.0448724
0.0,0.076714404
0.0,0.14466852
0.0,0.12090513
0.0,0.11300803
0.0,0.099075794
0.0,0.069607355
0.0,0.014940458
0.0,0.061630808
0.0,0.071820885
0.0,0.06218661
0.0,0.08953454
1.0,0.0669374
0.0,0.109904215
0.0,0.06246657
0.0,0.08048743
0.0,0.08847481
0.0,0.09263128
0.0,0.12301494
0.0,0.05075688
0.0,0.08570862
0.0,0.10035587
0.0,0.072051406
0.0,0.034870706
0.0,0.11017854
0.0,0.07371287
0.0,0.10309546
0.0,0.06265077
0.0,0.10822231
0.0,0.121324815
0.0,0.10260461
0.0,0.09383415
0.0,0.070935726
1.0,0.04195287
0.0,0.14285727
0.0,0.13219678
0.0,0.07577303
0.0,0.07513505
0.0,0.09750157
0.0,0.06403385
0.0,0.06795173
0.0,0.07411594
0.0,0.055986367
0.0,0.0839346
0.0,0.10222204
0.0,0.0821211
0.0,0.08976179
0.0,0.054074608
0.0,0.13430566
0.0,0.10208088
0.0,0.079216674
0.0,0.053508684
0.0,0.014124387
0.0,0.14289956
0.0,0.068334594
0.0,0.073486686
0.0,0.09809538
0.0,0.09124331
0.0,0.08787263
0.0,0.076522574
0.0,0.07878125
0.0,0.060110964
0.0,0.06424258
0.0,0.054844044
0.0,0.044578306
0.0,0.107048586
0.0,0.09290106
0.0,0.13098803
0.0,0.13585539
0.0,0.12215833
0.0,0.11910902
0.0,0.121559575
0.0,0.07017293
0.0,0.03802842
0.0,0.054119296
0.0,0.04195106
0.0,0.08007136
0.0,0.06398019
0.0,0.021245562
0.0,0.056376755
0.0,0.12808761
0.0,0.06753686
0.0,0.04254636
0.0,0.092685506
0.0,0.13597962
0.0,0.08493705
0.0,0.10452352
0.0,0.10845734
0.0,0.10002623
0.0,0.1521262
1.0,0.06669843
0.0,0.11170921
0.0,0.092763506
0.0,0.09072603
0.0,0.08344827
0.0,0.07654922
0.0,0.0696538
1.0,0.12342918
0.0,0.10504185
0.0,0.060992174
1.0,0.084443405
0.0,0.080155745
0.0,0.099727236
0.0,0.10292656
0.0,0.10323305
0.0,0.10969332
0.0,0.1268233
0.0,0.13677229
1.0,0.062579535
0.0,0.06856909
0.0,0.10726467
0.0,0.079378605
0.0,0.09106551
1.0,0.05943845
1.0,0.07015938
0.0,0.072528586
1.0,0.09515162
0.0,0.09113947
0.0,0.109249204
0.0,0.10397303
0.0,0.08013633
0.0,0.16861108
0.0,0.07669423
0.0,0.09647318
0.0,0.06273289
0.0,0.12818182
0.0,0.07041269
0.0,0.1225509
0.0,0.06462636
0.0,0.05664806
0.0,0.15215926
0.0,0.12545907
0.0,0.06439478
0.0,0.1176704
0.0,0.049665168
1.0,0.066955246
0.0,0.05825985
0.0,0.1255955
0.0,0.08795132
0.0,0.072476365
0.0,0.07788059
0.0,0.089564815
0.0,0.1019091
1.0,0.10419406
0.0,0.10241588
0.0,0.076521575
0.0,0.06701263
0.0,0.042777993
0.0,0.08700088
0.0,0.0953719
0.0,0.03821917
0.0,0.118697904
0.0,0.06494243
0.0,0.05700668
1.0,0.082865104
0.0,0.09526291
0.0,0.0952819
1.0,0.060839996
0.0,0.115828715
0.0,0.092568025
0.0,0.12650971
0.0,0.08240222
0.0,0.035002597
1.0,0.07444215
0.0,0.061179977
0.0,0.09966373
0.0,0.087812796
0.0,0.050228614
0.0,0.09286784
0.0,0.09060122
0.0,0.115642875
0.0,0.06812241
0.0,0.03251524
0.0,0.08082491
0.0,0.053327873
0.0,0.069735855
0.0,0.057011735
0.0,0.108240455
0.0,0.118017614
0.0,0.10467195
0.0,0.11423996
0.0,0.087229304
0.0,0.08220298
0.0,0.10600875
1.0,0.09285261
0.0,0.07490009
0.0,0.047248434
0.0,0.093893096
0.0,0.114817314
0.0,0.08960104
0.0,0.05689162
0.0,0.15720358
0.0,0.067029804
0.0,0.09572112
0.0,0.11365614
0.0,0.07535736
0.0,0.07904776
0.0,0.16924241
0.0,0.07334438
0.0,0.109185435
0.0,0.09343292
0.0,0.11537316
0.0,0.059717793
0.0,0.06006727
0.0,0.08120655
0.0,0.072477385
0.0,0.07630123
1.0,0.05524555
0.0,0.061426107
0.0,0.07603917
0.0,0.12624471
0.0,0.08106758
0.0,0.11555953
0.0,0.06598944
0.0,0.13269874
0.0,0.052814905
0.0,0.08957208
0.0,0.06991243
0.0,0.05750659
0.0,0.062487036
0.0,0.047932252
0.0,0.11578347
0.0,0.100120276
0.0,0.0476351
0.0,0.08958293
0.0,0.07946381
0.0,0.10307127
0.0,0.092537396
0.0,0.0151220225
0.0,0.013213476
0.0,0.031221783
0.0,0.06771464
0.0,0.064520195
0.0,0.053503532
0.0,0.1291667
0.0,0.13744436
0.0,0.04288079
0.0,0.05542188
0.0,0.080929965
0.0,0.0882012
0.0,0.10467534
0.0,0.067832075
0.0,0.10656976
0.0,0.1003137
0.0,0.1387683
0.0,0.07115971
0.0,0.07996384
0.0,0.06989269
0.0,0.093796015
1.0,0.101496115
0.0,0.114878595
0.0,0.11946626
1.0,0.11772091
0.0,0.09396355
0.0,0.040048778
0.0,0.0638422
0.0,0.010922478
1.0,0.08922585
0.0,0.09405161
0.0,0.08547896
0.0,0.04286921
0.0,0.05348202
0.0,0.09628239
0.0,0.07603758
0.0,0.11285203
0.0,0.12817466
0.0,0.07154864
0.0,0.13522676
0.0,0.08171435
0.0,0.046993278
0.0,0.09142664
0.0,0.07818291
0.0,0.042248577
0.0,0.072337255
0.0,0.06992842
1.0,0.058227524
0.0,0.117462024
0.0,0.06238141
0.0,0.05703931
0.0,0.06922515
0.0,0.09576367
0.0,0.11980583
0.0,0.07401723
0.0,0.15695152
0.0,0.04073833
0.0,0.096481025
0.0,0.027181398
0.0,0.097412646
0.0,0.11120832
0.0,0.056207757
0.0,0.018209146
0.0,0.04625373
0.0,0.10913606
0.0,0.105824634
0.0,0.072079964
0.0,0.09443189
1.0,0.087519616
0.0,0.060525626
0.0,0.10723861
0.0,0.0825475
0.0,0.1439622
1.0,0.07613993
0.0,0.078897886
1.0,0.060137313
0.0,0.06538208
0.0,0.08267876
0.0,0.071698435
0.0,0.09475831
0.0,0.09011416
0.0,0.095981345
0.0,0.12769374
0.0,0.055087954
0.0,0.07895607
0.0,0.11291312
0.0,0.09182981
0.0,0.038881518
0.0,0.04239701
0.0,0.062011033
0.0,0.07211163
0.0,0.10702452
0.0,0.0637272
0.0,0.081583515
0.0,0.08549746
0.0,0.14524983
0.0,0.08287876
0.0,0.11259166
0.0,0.11928772
0.0,0.13257667
0.0,0.08614075
0.0,0.10553838
0.0,0.081459224
0.0,0.08130532
0.0,0.06813053
0.0,0.078120366
0.0,0.108027734
0.0,0.14687638
0.0,0.062291954
0.0,0.08047112
0.0,0.06382064
0.0,0.0765919
0.0,0.041542485
0.0,0.084951065
0.0,0.09374227
0.0,0.11893617
0.0,0.106862485
0.0,0.10448265
1.0,0.07856414
0.0,0.08766729
0.0,0.1482741
0.0,0.09325755
0.0,0.046418637
0.0,0.07676517
0.0,0.10943795
0.0,0.0936653
0.0,0.10455522
0.0,0.09219825
0.0,0.07959595
0.0,0.090000466
0.0,0.020662494
0.0,0.1463404
0.0,0.1326446
0.0,0.056533538
0.0,0.055737153
0.0,0.07297297
0.0,0.10798843
0.0,0.11826585
0.0,0.07299882
0.0,0.10351088
0.0,0.11832375
0.0,0.12529202
0.0,0.12947577
0.0,0.067631446
0.0,0.11793323
0.0,0.13159882
0.0,0.051296838
1.0,0.07786511
0.0,0.07620783
0.0,0.09272472
0.0,0.105151445
0.0,0.11268963
0.0,0.09308286
0.0,0.09969976
0.0,0.041752815
0.0,0.052813895
0.0,0.07163896
0.0,0.091859385
0.0,0.05145388
0.0,0.115388505
0.0,0.09017195
0.0,0.10664151
0.0,0.13105673
0.0,0.070727214
0.0,0.14533144
0.0,0.0825713
0.0,0.119943015
0.0,0.058475297
0.0,0.09062564
0.0,0.08953523
0.0,0.07264391
0.0,0.09156335
0.0,0.09727154
0.0,0.10380604
0.0,0.09529966
0.0,0.07954305
0.0,0.13102193
0.0,0.08457905
0.0,0.123645276
0.0,0.08144941
0.0,0.10006726
0.0,0.04174654
0.0,0.070471235
0.0,0.12946245
0.0,0.094448425
0.0,0.08120024
0.0,0.084702894
0.0,0.118053496
0.0,0.13420857
0.0,0.084910646
0.0,0.1021051
0.0,0.080314584
0.0,0.1528105
0.0,0.07720988
0.0,0.10911384
0.0,0.07065506
0.0,0.04637984
0.0,0.08944246
0.0,0.12718111
0.0,0.05801256
0.0,0.11124592
0.0,0.11710751
0.0,0.10308842
0.0,0.0885499
0.0,0.0935872
0.0,0.052094214
0.0,0.1011667
1.0,0.07645288
0.0,0.09766748
0.0,0.09352938
0.0,0.092437
0.0,0.10125944
0.0,0.06378016
0.0,0.103426956
0.0,0.1181089
0.0,0.08895874
0.0,0.080712914
0.0,0.10898042
0.0,0.067377195
0.0,0.049940452
0.0,0.052557822
0.0,0.08460573
0.0,0.055655792
0.0,0.095013805
0.0,0.12138771
0.0,0.07448115
0.0,0.11141471
0.0,0.06415703
0.0,0.052410517
0.0,0.06310326
0.0,0.12169917
0.0,0.08810106
0.0,0.08376619
0.0,0.065412514
0.0,0.07959309
0.0,0.09073925
0.0,0.092540964
0.0,0.074480936
0.0,0.08451751
0.0,0.07126561
0.0,0.1231679
0.0,0.11166522
0.0,0.12399058
0.0,0.13230723
0.0,0.08342527
0.0,0.0897409
0.0,0.07834062
0.0,0.11085867
0.0,0.043535
0.0,0.07943328
0.0,0.09094386
1.0,0.15112947
0.0,0.08199819
0.0,0.07122151
0.0,0.0693501
0.0,0.116668195
0.0,0.03799003
0.0,0.07390971
0.0,0.08881389
0.0,0.06419897
0.0,0.1343785
1.0,0.07394396
0.0,0.051472593
0.0,0.09102705
0.0,0.092653036
0.0,0.056591444
0.0,0.06950363
0.0,0.078805074
0.0,0.11909539
0.0,0.105434164
0.0,0.1518706
0.0,0.15998225
0.0,0.077611044
0.0,0.11804702
0.0,0.08786301
0.0,0.069023445
0.0,0.07481963
0.0,0.10653338
0.0,0.106386214
0.0,0.022424461
1.0,0.116517976
0.0,0.07519718
0.0,0.10501928
0.0,0.09745813
0.0,0.109098285
0.0,0.078380845
0.0,0.030034393
0.0,0.060528237
0.0,0.1298186
0.0,0.12109316
0.0,0.049114414
0.0,0.10114283
0.0,0.047411244
0.0,0.10028288
0.0,0.055682287
0.0,0.1399748
0.0,0.120424405
0.0,0.11695221
0.0,0.1134135
0.0,0.1474965
0.0,0.06423367
0.0,0.084592015
0.0,0.092284575
1.0,0.06157141
0.0,0.0594916
0.0,0.077922314
0.0,0.066521704
0.0,0.09529285
0.0,0.063744664
0.0,0.13431066
0.0,0.11827056
0.0,0.064439975
0.0,0.082097955
0.0,0.08625312
0.0,0.12044717
0.0,0.115798704
0.0,0.07342574
0.0,0.09661679
1.0,0.08124695
0.0,0.049978353
0.0,0.06868415
0.0,0.06393393
0.0,0.12543109
0.0,0.09402179
0.0,0.07057694
0.0,0.08965941
0.0,0.07573319
0.0,0.05294138
0.0,0.013818805
0.0,0.080024794
0.0,0.065866664
0.0,0.08391435
0.0,0.11901052
0.0,0.067450546
0.0,0.07596854
0.0,0.09666522
0.0,0.09836173
0.0,0.069653474
0.0,0.072513714
0.0,0.07998199
0.0,0.08696753
0.0,0.05551043
0.0,0.07465324
0.0,0.082281485
0.0,0.07243895
0.0,0.03661187
0.0,0.09164997
0.0,0.100939654
0.0,0.066867456
0.0,0.063283905
0.0,0.08359218
0.0,0.017543994
0.0,0.10848874
0.0,0.04352764
0.0,0.081077226
0.0,0.055993564
0.0,0.016383287
0.0,0.10519567
0.0,0.11050512
0.0,0.115916654
0.0,0.07866494
1.0,0.086433455
0.0,0.069617346
0.0,0.098358355
0.0,0.06654102
0.0,0.075038314
0.0,0.080600284
0.0,0.12640159
0.0,0.055337247
0.0,0.10963711
0.0,0.09928379
0.0,0.06387116
0.0,0.067848235
0.0,0.08280815
0.0,0.06451764
0.0,0.102340266
0.0,0.10665247
0.0,0.08652758
0.0,0.0710546
0.0,0.07045861
0.0,0.060939718
0.0,0.11614779
1.0,0.06047044
0.0,0.05704015
0.0,0.12640986
0.0,0.055550717
0.0,0.11936368
0.0,0.08754403
0.0,0.15830165
0.0,0.13573861
0.0,0.08827275
0.0,0.1210662
0.0,0.13797799
0.0,0.035223052
0.0,0.07114422
0.0,0.10862146
0.0,0.06671869
0.0,0.0844527
0.0,0.076091915
0.0,0.047506247
0.0,0.074730776
0.0,0.091790885
0.0,0.03840182
0.0,0.091535255
0.0,0.09142028
0.0,0.04486446
0.0,0.081286475
0.0,0.12949689
0.0,0.058269836
0.0,0.053617578
0.0,0.078991264
0.0,0.09352956
0.0,0.04406641
0.0,0.046096917
0.0,0.12198147
0.0,0.06374161
0.0,0.03815429
0.0,0.088371806
0.0,0.10440458
0.0,0.072666064
0.0,0.0627139
0.0,0.05231252
0.0,0.11388866
0.0,0.074495584
0.0,0.054499406
0.0,0.107084654
0.0,0.078154325
0.0,0.1510846
0.0,0.02483182
1.0,0.11551747
0.0,0.098270476
0.0,0.12052088
0.0,0.09682987
0.0,0.08057944
0.0,0.07391593
0.0,0.076343045
0.0,0.119907334
0.0,0.07344855
0.0,0.11470929
0.0,0.09443268
0.0,0.10893509
0.0,0.087658
0.0,0.06520474
1.0,0.08069667
0.0,0.07300446
0.0,0.070022956
0.0,0.13753505
0.0,0.047847804
0.0,0.087665364
0.0,0.09979296
0.0,0.07616698
1.0,0.059776027
0.0,0.086203
0.0,0.061006136
0.0,0.067317925
0.0,0.09111497
0.0,0.084065355
0.0,0.019592814
0.0,0.061890922
0.0,0.11042592
0.0,0.06186739
0.0,0.089761615
0.0,0.06898345
0.0,0.124970436
0.0,0.059123438
1.0,0.058383297
0.0,0.10500376
0.0,0.09783122
0.0,0.10570612
0.0,0.11482194
0.0,0.03517587
0.0,0.12404626
0.0,0.06675117
0.0,0.013600011
0.0,0.04484348
0.0,0.08288392
0.0,0.034862295
0.0,0.013558131
0.0,0.091648355
0.0,0.06338493
0.0,0.07515605
0.0,0.08125304
0.0,0.10020656
0.0,0.09111077
0.0,0.09713161
0.0,0.061065916
0.0,0.04946614
0.0,0.07379415
0.0,0.09213912
0.0,0.07508634
0.0,0.02871131
0.0,0.08156696
0.0,0.0756911
0.0,0.03848195
0.0,0.047865078
0.0,0.08206641
0.0,0.10949109
0.0,0.09241174
0.0,0.08653329
0.0,0.04195085
0.0,0.068529174
0.0,0.05118657
0.0,0.061919805
0.0,0.10557062
0.0,0.041615695
0.0,0.071731456
0.0,0.087912366
0.0,0.13103017
0.0,0.059037752
0.0,0.12054511
0.0,0.09423272
0.0,0.07666867
0.0,0.08835192
0.0,0.101731524
0.0,0.13374585
0.0,0.07600137
0.0,0.109430484
0.0,0.07678403
0.0,0.09342486
0.0,0.11102867
0.0,0.07331585
0.0,0.12048873
0.0,0.10706014
0.0,0.055825353
0.0,0.10525109
0.0,0.058134153
1.0,0.06858625
0.0,0.089217514
0.0,0.051893912
0.0,0.07865082
0.0,0.07406181
0.0,0.09853883
0.0,0.085270725
0.0,0.07893023
0.0,0.054033533
0.0,0.084406555
0.0,0.04796236
0.0,0.061133582
0.0,0.026551083
0.0,0.082179815
0.0,0.039427295
0.0,0.08407864
0.0,0.08835101
0.0,0.08653478
0.0,0.06418818
0.0,0.12901805
0.0,0.11695299
0.0,0.0808434
0.0,0.1012615
0.0,0.11909769
1.0,0.09529121
1.0,0.06271611
1.0,0.08041017
0.0,0.020973915
0.0,0.14818944
0.0,0.04659207
0.0,0.084070705
0.0,0.07743487
0.0,0.06955738
0.0,0.08457931
0.0,0.080695905
0.0,0.04118039
0.0,0.041426577
0.0,0.07607102
0.0,0.098377675
0.0,0.09724946
0.0,0.11326517
0.0,0.08463656
0.0,0.10045366
0.0,0.13318102
0.0,0.07824953
0.0,0.06176029
0.0,0.11563138
0.0,0.11565247
0.0,0.045897808
0.0,0.10326525
0.0,0.06494108
0.0,0.077787496
0.0,0.08733833
0.0,0.05586482
0.0,0.10153647
0.0,0.056664877
0.0,0.10589977
0.0,0.07752424
0.0,0.0945894
0.0,0.093654566
0.0,0.07084924
0.0,0.10940143
0.0,0.11862412
0.0,0.10722606
0.0,0.049376473
0.0,0.14586213
0.0,0.122120306
0.0,0.10645889
0.0,0.13127075
0.0,0.12218979
0.0,0.13032977
0.0,0.10662951
0.0,0.09364597
0.0,0.064867884
0.0,0.058027692
0.0,0.08372831
0.0,0.081856385
0.0,0.04198143
0.0,0.09446959
0.0,0.01916168
0.0,0.09230911
0.0,0.10658267
0.0,0.07895321
0.0,0.071790546
0.0,0.08275279
0.0,0.038830973
0.0,0.10431927
0.0,0.10600832
0.0,0.081894666
0.0,0.07078179
0.0,0.1568146
0.0,0.05037661
0.0,0.10920868
0.0,0.07671936
0.0,0.08995396
0.0,0.0883062
0.0,0.0620403
0.0,0.054205026
0.0,0.10877317
0.0,0.07560834
0.0,0.09425454
0.0,0.038049985
0.0,0.06188859
0.0,0.08711587
0.0,0.094488084
0.0,0.108571336
0.0,0.08227419
0.0,0.022448957
0.0,0.13326903
0.0,0.08517986
0.0,0.06015449
0.0,0.076813966
0.0,0.10295606
0.0,0.05599139
0.0,0.099947944
0.0,0.017103724
0.0,0.08665777
0.0,0.06987126
0.0,0.13455777
0.0,0.06146241
0.0,0.04875726
0.0,0.06435117
0.0,0.09281036
0.0,0.102690876
0.0,0.08913612
0.0,0.080757916
0.0,0.12121703
0.0,0.05914721
0.0,0.11504253
1.0,0.09726459
0.0,0.08689864
0.0,0.049078338
0.0,0.10412004
0.0,0.05907887
0.0,0.058352016
0.0,0.090387605
0.0,0.06330935
0.0,0.10036951
0.0,0.123979054
0.0,0.08316004
0.0,0.09507805
0.0,0.04988778
0.0,0.093274966
0.0,0.09375295
0.0,0.092962235
0.0,0.06225981
0.0,0.09181127
0.0,0.10668739
0.0,0.10607444
0.0,0.056161705
0.0,0.09958482
0.0,0.07984508
0.0,0.09265438
0.0,0.10270195
0.0,0.09905258
0.0,0.051077995
0.0,0.076280564
0.0,0.0975588
0.0,0.094921544
0.0,0.08434531
0.0,0.076939374
0.0,0.061689463
0.0,0.068289086
0.0,0.08646301
0.0,0.09663291
0.0,0.094653495
0.0,0.050904196
0.0,0.0444899
0.0,0.072316095
0.0,0.07473563
0.0,0.086379275
0.0,0.117976986
0.0,0.14281103
0.0,0.1019676
0.0,0.07773215
0.0,0.06561673
0.0,0.1090209
0.0,0.10427003
0.0,0.06819258
0.0,0.085197896
0.0,0.10754481
0.0,0.075147845
0.0,0.059709936
0.0,0.07878762
0.0,0.0944325
0.0,0.089406386
0.0,0.10574229
0.0,0.079642326
0.0,0.13493873
0.0,0.11253128
0.0,0.080849044
0.0,0.055915736
0.0,0.06872578
0.0,0.13177156
0.0,0.08038451
0.0,0.077945985
0.0,0.0371396
0.0,0.13773717
0.0,0.08335076
0.0,0.059785463
0.0,0.082553126
0.0,0.12647027
0.0,0.0320085
1.0,0.09072621
0.0,0.08247231
0.0,0.066469304
0.0,0.09536649
0.0,0.069254465
0.0,0.04375512
0.0,0.09666163
0.0,0.104335435
0.0,0.077005655
0.0,0.12505247
0.0,0.15278612
0.0,0.089371964
0.0,0.10512159
0.0,0.11025437
0.0,0.077666596
0.0,0.08390136
0.0,0.08574721
0.0,0.12284229
0.0,0.108727716
0.0,0.109136894
0.0,0.015080883
0.0,0.10045486
0.0,0.0981901
1.0,0.053152554
0.0,0.12757936
0.0,0.10785566
0.0,0.09689832
0.0,0.07993589
0.0,0.12151182
0.0,0.0872364
0.0,0.083227344
0.0,0.104892336
0.0,0.06764812
0.0,0.062422294
0.0,0.08790765
0.0,0.07589594
0.0,0.030462492
0.0,0.08719928
0.0,0.09305049
1.0,0.0885811
1.0,0.0889808
0.0,0.11213952
1.0,0.14433432
0.0,0.1122116
0.0,0.08750023
2.0,0.07704473
0.0,0.0871833
0.0,0.0951214
0.0,0.07687217
0.0,0.102814965
0.0,0.08277589
0.0,0.12124344
0.0,0.10059404
0.0,0.07620607
0.0,0.1125645
1.0,0.082204856
0.0,0.09570209
0.0,0.14010319
0.0,0.12223015
0.0,0.059442148
0.0,0.11150235
0.0,0.0595633
0.0,0.06051724
0.0,0.07154045
0.0,0.0904462
0.0,0.12858519
0.0,0.08524211
0.0,0.055321574
0.0,0.10015614
0.0,0.0648169
0.0,0.080987446
0.0,0.09363729
0.0,0.064960875
1.0,0.08823976
0.0,0.080535494
0.0,0.108091235
0.0,0.079775244
0.0,0.08755741
0.0,0.09576974
0.0,0.06391357
0.0,0.016718922
0.0,0.07660689
0.0,0.05731842
1.0,0.06437023
0.0,0.057005078
0.0,0.078025505
1.0,0.08105569
0.0,0.074700356
0.0,0.10094461
0.0,0.113200404
0.0,0.07669513
0.0,0.13920264
0.0,0.0835976
0.0,0.0928585
0.0,0.106601775
1.0,0.07839959
0.0,0.05117534
0.0,0.10542627
2.0,0.05437127
0.0,0.073851876
0.0,0.08369877
0.0,0.036970664
0.0,0.040075876
0.0,0.09859307
0.0,0.14158197
0.0,0.07450223
0.0,0.06936796
0.0,0.082431994
1.0,0.1125492
0.0,0.049592964
0.0,0.07460812
0.0,0.077000976
0.0,0.08190751
0.0,0.019225072
0.0,0.059689693
0.0,0.055955194
0.0,0.08378485
0.0,0.059796225
0.0,0.09455975
0.0,0.12569441
0.0,0.09974302
0.0,0.045091048
0.0,0.08988482
0.0,0.09186427
1.0,0.11383447
0.0,0.083342195
0.0,0.08104575
0.0,0.1265434
0.0,0.059484053
1.0,0.020102102
0.0,0.08032429
0.0,0.12158264
0.0,0.09304401
0.0,0.08411902
0.0,0.0853515
0.0,0.08508519
0.0,0.059702646
0.0,0.0152480835
0.0,0.11377728
0.0,0.073607855
1.0,0.053621195
0.0,0.07229117
0.0,0.11105875
0.0,0.07337695
0.0,0.09105794
0.0,0.08030962
0.0,0.08802029
0.0,0.05226542
0.0,0.10822048
0.0,0.084332846
0.0,0.073016316
0.0,0.050362654
0.0,0.06787862
0.0,0.075627506
0.0,0.07892142
0.0,0.08226231
0.0,0.08086102
0.0,0.09626084
0.0,0.07116129
0.0,0.10509851
0.0,0.06428064
0.0,0.09335924
0.0,0.13722603
1.0,0.04572521
1.0,0.035360575
0.0,0.14632858
0.0,0.07007355
0.0,0.0900148
0.0,0.11768415
0.0,0.13466214
0.0,0.04506637
0.0,0.075683266
0.0,0.0572963
0.0,0.09707281
0.0,0.109332696
0.0,0.033562683
0.0,0.04852428
0.0,0.11863374
0.0,0.08475986
1.0,0.075048596
0.0,0.10795206
0.0,0.13246009
0.0,0.10275309
0.0,0.067528926
0.0,0.12596904
0.0,0.10555756
0.0,0.08719677
0.0,0.05309848
0.0,0.11154333
0.0,0.09489305
0.0,0.06927096
0.0,0.084287256
0.0,0.081521004
0.0,0.07812968
0.0,0.047918197
0.0,0.07468365
0.0,0.043509617
0.0,0.07348998
0.0,0.030210547
1.0,0.10494082
0.0,0.056203187
0.0,0.080692716
0.0,0.02915149
0.0,0.12275963
0.0,0.11451522
0.0,0.07273382
0.0,0.12823856
0.0,0.05847888
0.0,0.11993855
0.0,0.07110704
0.0,0.10057041
0.0,0.10936549
0.0,0.13559176
0.0,0.11955208
0.0,0.062070955
0.0,0.14734335
0.0,0.08827915
0.0,0.09116903
0.0,0.12671727
0.0,0.09906432
0.0,0.09509122
0.0,0.105406664
0.0,0.09193695
0.0,0.10726526
0.0,0.04507613
0.0,0.117037036
0.0,0.12145088
0.0,0.13051009
0.0,0.013512185
0.0,0.114440955
0.0,0.07956683
0.0,0.08265105
0.0,0.08119954
0.0,0.097039536
0.0,0.0812199
1.0,0.06515684
0.0,0.14331105
0.0,0.12445592
0.0,0.10865772
0.0,0.0636617
0.0,0.0704007
0.0,0.07864986
0.0,0.08176139
0.0,0.09131397
0.0,0.09585796
0.0,0.15048379
0.0,0.08328431
0.0,0.11905315
0.0,0.08434294
0.0,0.116689615
0.0,0.077627406
0.0,0.109735124
0.0,0.13824673
0.0,0.107876316
0.0,0.08660051
0.0,0.04491061
0.0,0.015279082
0.0,0.09653581
0.0,0.120612554
0.0,0.12586135
0.0,0.075894065
0.0,0.08767623
0.0,0.05731029
0.0,0.01378043
0.0,0.070948645
0.0,0.04013718
0.0,0.07718813
0.0,0.10990076
0.0,0.08119439
1.0,0.015427227
0.0,0.06347805
0.0,0.057955272
0.0,0.023143075
0.0,0.11750219
0.0,0.068047136
0.0,0.06398129
0.0,0.09168665
0.0,0.051541485
0.0,0.11463985
0.0,0.078812
0.0,0.011286338
0.0,0.04785725
0.0,0.105765894
0.0,0.07083339
0.0,0.09123367
0.0,0.061426137
0.0,0.06643708
0.0,0.100074455
1.0,0.06936581
0.0,0.035713635
0.0,0.09191525
0.0,0.09155789
0.0,0.08023579
0.0,0.080012545
0.0,0.050612677
0.0,0.082512
0.0,0.10849376
0.0,0.044771157
0.0,0.03721441
2.0,0.10670331
0.0,0.05732904
0.0,0.10073461
0.0,0.07629775
0.0,0.034782864
0.0,0.084447354
1.0,0.05603583
0.0,0.1119886
1.0,0.105468504
0.0,0.04186767
0.0,0.071139626
0.0,0.091392666
0.0,0.058381267
0.0,0.1599789
0.0,0.08560957
0.0,0.11459932
0.0,0.06614808
0.0,0.09576803
0.0,0.07538813
0.0,0.08351974
0.0,0.086588144
0.0,0.12761915
0.0,0.11941403
0.0,0.087288015
1.0,0.094538495
0.0,0.08168361
0.0,0.043534957
0.0,0.07441645
0.0,0.10736699
1.0,0.066096134
0.0,0.09765504
0.0,0.11854609
0.0,0.06571
0.0,0.08670983
0.0,0.083774894
0.0,0.05825238
0.0,0.08369021
1.0,0.032963183
0.0,0.06864235
0.0,0.07659212
0.0,0.04043983
0.0,0.08925955
0.0,0.10545598
0.0,0.06462376
0.0,0.13221194
0.0,0.06640009
0.0,0.07980224
0.0,0.13970971
0.0,0.07036921
0.0,0.123342164
0.0,0.05473369
0.0,0.05640585
0.0,0.07019181
0.0,0.08932327
0.0,0.014948026
0.0,0.06507242
0.0,0.08089
0.0,0.10383867
0.0,0.055044837
0.0,0.03544829
0.0,0.068447724
0.0,0.0729028
0.0,0.05733612
0.0,0.07089226
0.0,0.0726156
0.0,0.09088616
0.0,0.03848972
0.0,0.043417
0.0,0.09091306
0.0,0.0833172
1.0,0.10820531
0.0,0.07398758
0.0,0.11363053
0.0,0.121339105
0.0,0.037975796
0.0,0.06540983
0.0,0.08800478
0.0,0.09950332
0.0,0.10607656
0.0,0.06788592
0.0,0.122040436
0.0,0.111725055
1.0,0.07010011
0.0,0.1487837
0.0,0.07784237
0.0,0.14316532
0.0,0.1304124
0.0,0.06313376
0.0,0.07645742
0.0,0.020646106
0.0,0.06647535
0.0,0.064415894
0.0,0.07999796
0.0,0.11282776
0.0,0.065255314
0.0,0.08648532
1.0,0.08208324
0.0,0.069897085
0.0,0.07700147
0.0,0.11041073
0.0,0.08991856
1.0,0.080955036
0.0,0.07620338
1.0,0.1260204
0.0,0.06793598
0.0,0.10650072
0.0,0.09582186
0.0,0.0916065
0.0,0.12032462
0.0,0.13167724
0.0,0.08499945
0.0,0.09774244
0.0,0.044545773
0.0,0.0996135
0.0,0.0712821
0.0,0.05320432
0.0,0.07461598
0.0,0.06956638
0.0,0.08243807
0.0,0.09384688
0.0,0.096550606
0.0,0.050619736
0.0,0.067248896
0.0,0.11986243
0.0,0.100569524
0.0,0.06876276
0.0,0.0575255
0.0,0.09530567
0.0,0.03690716
0.0,0.05519007
0.0,0.06428778
0.0,0.06975628
0.0,0.036894206
0.0,0.039001174
0.0,0.09440585
0.0,0.08641067
0.0,0.08374927
0.0,0.047702804
0.0,0.08395353
0.0,0.103716485
3.0,0.033606704
0.0,0.094866656
0.0,0.07095029
0.0,0.09360449
0.0,0.06955798
0.0,0.10116044
0.0,0.08476116
0.0,0.09981311
0.0,0.077046886
0.0,0.11153364
0.0,0.04316629
0.0,0.0900259
0.0,0.08201221
0.0,0.07279223
0.0,0.056809105
0.0,0.1092165
0.0,0.091925666
0.0,0.012965487
0.0,0.14177293
0.0,0.07236567
0.0,0.07769276
0.0,0.060867433
0.0,0.08840603
0.0,0.07097337
0.0,0.063705325
0.0,0.14997482
0.0,0.097197264
1.0,0.08821243
2.0,0.08769191
0.0,0.09697794
0.0,0.099432886
0.0,0.07408114
0.0,0.08335277
0.0,0.0786712
0.0,0.09697381
0.0,0.11641282
0.0,0.07984351
0.0,0.061723713
0.0,0.052560855
0.0,0.040111933
0.0,0.09107134
0.0,0.018051399
0.0,0.12500814
0.0,0.08055428
0.0,0.09850059
0.0,0.09374584
0.0,0.102375455
0.0,0.07266255
0.0,0.0957455
0.0,0.040316895
0.0,0.08838536
0.0,0.049881928
0.0,0.10750874
0.0,0.095898606
0.0,0.108866595
0.0,0.08556904
0.0,0.051732603
0.0,0.12574932
0.0,0.114330046
0.0,0.08239961
0.0,0.067940176
1.0,0.13380083
1.0,0.084073916
0.0,0.06624195
0.0,0.052796938
0.0,0.09375478
0.0,0.08259544
0.0,0.0767221
0.0,0.09313087
0.0,0.012563089
0.0,0.12388414
0.0,0.09581857
0.0,0.13746415
0.0,0.06543669
0.0,0.11546848
0.0,0.05607384
0.0,0.054147586
0.0,0.09878052
0.0,0.14090614
0.0,0.14316532
0.0,0.04814535
0.0,0.06842452
0.0,0.08497665
0.0,0.11372724
0.0,0.13190003
0.0,0.08256635
0.0,0.090541214
0.0,0.072867036
0.0,0.103472166
0.0,0.08392859
0.0,0.081193775
0.0,0.085027374
0.0,0.060851675
0.0,0.06615771
0.0,0.11832048
0.0,0.13307542
0.0,0.073423356
0.0,0.06701097
0.0,0.048151873
0.0,0.12086783
0.0,0.08914849
0.0,0.07930069
0.0,0.07374661
0.0,0.07300356
0.0,0.016678989
0.0,0.12884039
0.0,0.068180285
0.0,0.06413958
0.0,0.06397147
0.0,0.04664679
0.0,0.07275409
0.0,0.11663166
0.0,0.09901869
0.0,0.0780514
0.0,0.060419537
0.0,0.12027078
0.0,0.13115826
0.0,0.06200803
0.0,0.038684003
0.0,0.0131696835
0.0,0.119147845
0.0,0.089363545
0.0,0.11561977
0.0,0.06284805
0.0,0.09158999
0.0,0.094258785
1.0,0.059164092
0.0,0.07312292
0.0,0.06740452
0.0,0.06495923
0.0,0.08618999
0.0,0.10118429
0.0,0.06919292
0.0,0.13216095
0.0,0.06784071
0.0,0.10251006
0.0,0.09028758
0.0,0.12817161
0.0,0.0840395
0.0,0.12595582
0.0,0.04379731
0.0,0.11499358
0.0,0.060916822
0.0,0.101772845
0.0,0.09758201
0.0,0.098998584
0.0,0.072054416
0.0,0.069065966
0.0,0.07228574
0.0,0.13740316
0.0,0.09595272
0.0,0.09264779
0.0,0.13101593
0.0,0.117839046
1.0,0.07065875
0.0,0.07472413
1.0,0.094241664
0.0,0.107432
0.0,0.064672574
0.0,0.08874264
0.0,0.12782018
0.0,0.07680692
0.0,0.123933926
0.0,0.12604219
0.0,0.12768772
0.0,0.08748618
0.0,0.06856866
0.0,0.08615186
0.0,0.013104797
0.0,0.12387035
0.0,0.1182683
1.0,0.07887986
0.0,0.08536857
0.0,0.08060565
0.0,0.1012783
0.0,0.021880107
0.0,0.13514192
0.0,0.10093689
0.0,0.07710517
0.0,0.114735305
0.0,0.14298137
0.0,0.036004435
0.0,0.10433663
0.0,0.13420227
0.0,0.06911663
0.0,0.117543265
0.0,0.062652715
0.0,0.09678572
0.0,0.068628564
0.0,0.06250605
0.0,0.03538127
0.0,0.12606488
0.0,0.05610643
0.0,0.15580156
0.0,0.036812473
0.0,0.07729409
2.0,0.11550411
0.0,0.11581701
0.0,0.0852691
0.0,0.089723684
0.0,0.1089838
0.0,0.045415502
0.0,0.05260102
0.0,0.09739709
0.0,0.12107789
0.0,0.09791581
0.0,0.06643835
0.0,0.1409587
0.0,0.09874986
0.0,0.086833276
0.0,0.0912576
0.0,0.07946867
0.0,0.11579001
0.0,0.122531086
0.0,0.01981805
0.0,0.08198585
0.0,0.06735856
0.0,0.074780025
0.0,0.13046934
0.0,0.14652354
0.0,0.11414078
0.0,0.06618031
0.0,0.071556695
1.0,0.114538595
0.0,0.08331859
1.0,0.057070542
0.0,0.099447116
0.0,0.076704964
0.0,0.11156441
0.0,0.094554566
0.0,0.056454904
0.0,0.11168798
0.0,0.08717972
0.0,0.101967216
0.0,0.06148926
0.0,0.066591874
0.0,0.08968187
1.0,0.090399005
0.0,0.042032495
0.0,0.08215293
0.0,0.09213641
0.0,0.09959831
0.0,0.06257909
0.0,0.10680448
0.0,0.061902978
0.0,0.13329357
0.0,0.022712603
0.0,0.012596849
0.0,0.08546887
0.0,0.09466038
0.0,0.09927626
0.0,0.10171576
0.0,0.05847952
0.0,0.11156311
0.0,0.10737805
0.0,0.07329278
0.0,0.034890298
1.0,0.09172653
0.0,0.07870111
0.0,0.10599132
0.0,0.07555915
0.0,0.11972023
0.0,0.08820352
0.0,0.11915151
0.0,0.09519489
0.0,0.09892917
0.0,0.09527417
0.0,0.060264323
0.0,0.07422651
0.0,0.122169405
0.0,0.08914392
0.0,0.088855214
0.0,0.108489
0.0,0.08815207
0.0,0.081864305
0.0,0.017162766
0.0,0.022518476
1.0,0.07447864
0.0,0.084712245
0.0,0.10219916
0.0,0.014026076
0.0,0.07223618
0.0,0.08725555
0.0,0.08761302
0.0,0.08958026
0.0,0.078557976
0.0,0.07737513
0.0,0.08107498
0.0,0.06789003
0.0,0.14970624
0.0,0.11119252
0.0,0.08497633
0.0,0.13451749
0.0,0.11707122
0.0,0.053511467
0.0,0.065542236
0.0,0.067432985
0.0,0.0943173
0.0,0.04123822
0.0,0.062547356
0.0,0.06428436
0.0,0.11603862
0.0,0.07724616
0.0,0.08512127
0.0,0.098092765
0.0,0.05924151
0.0,0.07188833
0.0,0.09233174
0.0,0.07507582
0.0,0.042374697
0.0,0.12190193
0.0,0.029054169
0.0,0.10174831
0.0,0.1236745
0.0,0.08848718
1.0,0.04682436
0.0,0.066546515
0.0,0.09773648
0.0,0.12040569
0.0,0.10656803
0.0,0.10326072
0.0,0.07372096
0.0,0.11505067
0.0,0.11256391
0.0,0.082152665
0.0,0.09225628
0.0,0.11722713
0.0,0.0809461
0.0,0.12138433
0.0,0.114132404
0.0,0.054216336
0.0,0.044980627
0.0,0.09745186
0.0,0.0660124
0.0,0.13760413
0.0,0.075635105
0.0,0.10061399
0.0,0.07343649
0.0,0.029595371
1.0,0.13261016
0.0,0.099796265
0.0,0.13976118
0.0,0.12576605
0.0,0.08562174
0.0,0.08325112
0.0,0.11957027
0.0,0.110189594
0.0,0.0753074
0.0,0.07035614
0.0,0.09705788
0.0,0.1074057
0.0,0.09449687
0.0,0.08874147
0.0,0.0484574
0.0,0.08621215
0.0,0.053315558
0.0,0.09526343
0.0,0.1512831
0.0,0.13806699
0.0,0.09592431
0.0,0.09543384
0.0,0.048989393
0.0,0.07905458
0.0,0.05030186
0.0,0.09150028
0.0,0.08274261
0.0,0.09752317
0.0,0.14729272
0.0,0.09405385
0.0,0.03517727
0.0,0.063407265
1.0,0.079017855
0.0,0.11199541
0.0,0.07458402
0.0,0.084320426
1.0,0.09278516
1.0,0.066736445
0.0,0.034562897
0.0,0.08335479
0.0,0.06848132
0.0,0.06576523
0.0,0.07433614
0.0,0.062493518
2.0,0.11425483
0.0,0.051553465
0.0,0.098241754
0.0,0.014764799
1.0,0.07351753
0.0,0.057138722
0.0,0.08194585
0.0,0.0893764
0.0,0.06962538
0.0,0.06955346
0.0,0.056212272
0.0,0.06711253
0.0,0.081715286
0.0,0.11370132
0.0,0.09416864
0.0,0.0906955
0.0,0.06543925
0.0,0.118819825
0.0,0.114129655
0.0,0.070686504
0.0,0.06684841
0.0,0.01779489
0.0,0.075267784
0.0,0.097770035
0.0,0.12552895
0.0,0.08910582
1.0,0.10022107
0.0,0.03436797
0.0,0.11025414
0.0,0.05544789
0.0,0.09457184
0.0,0.05892777
0.0,0.06806393
0.0,0.088268586
0.0,0.11301781
0.0,0.07254021
0.0,0.06111038
0.0,0.095511794
0.0,0.11368885
0.0,0.10758397
0.0,0.056563534
0.0,0.07669394
0.0,0.09613508
0.0,0.06863855
0.0,0.09573887
0.0,0.05538636
0.0,0.07267915
0.0,0.07642339
0.0,0.10263299
0.0,0.031851508
0.0,0.12107685
1.0,0.11147705
0.0,0.05208137
0.0,0.075443186
0.0,0.13794266
0.0,0.093141824
0.0,0.0643393
0.0,0.13446029
0.0,0.09211263
0.0,0.08735982
0.0,0.052444465
0.0,0.06404404
0.0,0.08623557
0.0,0.083980456
0.0,0.10673295
1.0,0.07760397
0.0,0.06132982
0.0,0.099049866
0.0,0.104673
0.0,0.068837635
0.0,0.09268761
0.0,0.074949734
0.0,0.069342
0.0,0.07058399
0.0,0.05234146
0.0,0.093194604
0.0,0.08473497
1.0,0.051217258
0.0,0.08106708
0.0,0.086263075
0.0,0.09735339
1.0,0.059987154
0.0,0.05614509
0.0,0.08940613
0.0,0.08796193
0.0,0.14043897
1.0,0.09639655
1.0,0.12132073
0.0,0.08044994
0.0,0.10529806
0.0,0.09123052
0.0,0.10161752
0.0,0.0754197
0.0,0.057341397
0.0,0.054271095
0.0,0.07093882
0.0,0.1273299
0.0,0.100953996
0.0,0.05203721
0.0,0.13247272
0.0,0.11158149
0.0,0.09065412
0.0,0.08056165
0.0,0.055847988
0.0,0.1265913
0.0,0.10827124
0.0,0.074349664
0.0,0.077032395
0.0,0.114663
0.0,0.077835806
0.0,0.075071074
0.0,0.09288706
0.0,0.09636693
0.0,0.08861068
0.0,0.015946142
0.0,0.08316712
0.0,0.08805272
0.0,0.078495204
0.0,0.062282242
0.0,0.059430186
0.0,0.11697973
0.0,0.07943396
1.0,0.07985547
0.0,0.1001903
0.0,0.086915314
0.0,0.08597615
0.0,0.08836007
0.0,0.062269725
0.0,0.086815
0.0,0.11886777
0.0,0.11817267
0.0,0.07320359
0.0,0.07194704
0.0,0.11271798
0.0,0.067170285
0.0,0.1160731
0.0,0.119371705
0.0,0.06643228
0.0,0.04769092
0.0,0.061860133
0.0,0.008076535
0.0,0.13921335
0.0,0.09668834
0.0,0.07270913
0.0,0.06569841
0.0,0.076810025
0.0,0.08525052
0.0,0.0722957
0.0,0.08472723
0.0,0.10891117
0.0,0.0727738
0.0,0.116537064
0.0,0.071824156
0.0,0.03726863
0.0,0.10225615
0.0,0.13441265
0.0,0.14451648
0.0,0.073687784
0.0,0.086269476
0.0,0.12303694
0.0,0.11567105
0.0,0.078499414
0.0,0.07945476
0.0,0.080175966
0.0,0.05039947
0.0,0.06325047
0.0,0.08663333
0.0,0.07671951
0.0,0.08048478
0.0,0.05545662
0.0,0.07169281
0.0,0.11704136
0.0,0.07620393
0.0,0.07690128
0.0,0.10513655
0.0,0.06680308
0.0,0.07715501
0.0,0.11856424
0.0,0.07191106
0.0,0.05985826
0.0,0.07048841
1.0,0.0637136
0.0,0.11088193
1.0,0.07920398
0.0,0.08822806
0.0,0.0660954
0.0,0.07389411
0.0,0.078356236
0.0,0.057097953
0.0,0.15687636
0.0,0.10711182
0.0,0.090165764
1.0,0.069547504
0.0,0.085127786
0.0,0.09840092
0.0,0.14314574
0.0,0.10900188
0.0,0.095730245
0.0,0.071831174
0.0,0.07967205
0.0,0.09829463
0.0,0.11142579
0.0,0.08546785
0.0,0.044890665
0.0,0.08066182
0.0,0.09035203
0.0,0.038590945
0.0,0.11364758
0.0,0.06012011
0.0,0.10746351
0.0,0.101153
0.0,0.057779185
0.0,0.051003605
0.0,0.093193576
0.0,0.12907436
0.0,0.059622023
0.0,0.05462133
0.0,0.095184766
0.0,0.11495507
0.0,0.082521915
0.0,0.094235525
0.0,0.09301269
0.0,0.089890376
0.0,0.06964353
0.0,0.10938314
0.0,0.06522798
0.0,0.05930864
0.0,0.057623427
0.0,0.058441594
0.0,0.14138572
0.0,0.042360112
0.0,0.07304719
0.0,0.12643942
0.0,0.077878885
0.0,0.08458046
0.0,0.06903646
0.0,0.079865545
0.0,0.110940844
0.0,0.15448524
0.0,0.07251292
0.0,0.07285155
0.0,0.08434789
0.0,0.1239831
0.0,0.121400535
0.0,0.1146729
0.0,0.08802463
0.0,0.04614795
0.0,0.076192066
0.0,0.09397773
0.0,0.11706416
0.0,0.09815036
0.0,0.031991925
0.0,0.103122495
0.0,0.089889236
0.0,0.1383606
0.0,0.07397598
0.0,0.080714494
0.0,0.08773068
0.0,0.07341443
0.0,0.07136363
0.0,0.086432755
0.0,0.12298233
0.0,0.13440785
0.0,0.12195169
0.0,0.12175298
1.0,0.06466701
0.0,0.09122452
0.0,0.110113986
0.0,0.060742207
1.0,0.10742995
0.0,0.0690022
0.0,0.08770427
0.0,0.044192057
0.0,0.14913318
0.0,0.08318999
0.0,0.038862444
0.0,0.07901635
0.0,0.07966839
0.0,0.10839711
0.0,0.07433199
0.0,0.094040215
0.0,0.087234855
0.0,0.088847
0.0,0.021244204
0.0,0.08058609
0.0,0.089818954
0.0,0.074518256
0.0,0.14147127
1.0,0.1358175
0.0,0.045302145
0.0,0.094011165
0.0,0.07909953
1.0,0.063983336
0.0,0.09375715
0.0,0.053169142
0.0,0.09371677
0.0,0.121125504
0.0,0.06938218
0.0,0.095626116
0.0,0.08833827
0.0,0.030307587
0.0,0.14913318
0.0,0.07458994
0.0,0.13157767
0.0,0.11483798
0.0,0.08093738
0.0,0.07934025
0.0,0.07419879
0.0,0.080307856
0.0,0.12012575
0.0,0.056343526
0.0,0.06448387
0.0,0.09625673
0.0,0.063269876
0.0,0.09213916
0.0,0.119376086
0.0,0.09518218
0.0,0.10008465
0.0,0.08484207
0.0,0.082079515
0.0,0.06728043
0.0,0.15514973
0.0,0.07751032
0.0,0.076730594
0.0,0.086639255
0.0,0.09951575
0.0,0.085296124
0.0,0.08869222
0.0,0.10455011
0.0,0.0757003
0.0,0.06326973
0.0,0.078268856
0.0,0.07960244
0.0,0.052825734
0.0,0.12324416
0.0,0.06274775
0.0,0.10549843
1.0,0.10100937
0.0,0.083527036
0.0,0.11642689
0.0,0.071251675
0.0,0.10497062
0.0,0.08321433
0.0,0.14455679
0.0,0.08181712
0.0,0.105194926
0.0,0.08028607
0.0,0.09856646
0.0,0.08504283
0.0,0.1237675
0.0,0.0749938
0.0,0.11091847
0.0,0.10546876
0.0,0.08559401
0.0,0.079205625
0.0,0.08258799
0.0,0.12706259
0.0,0.08313401
0.0,0.07988613
0.0,0.09403977
0.0,0.089567125
0.0,0.110248536
0.0,0.11284223
0.0,0.027657293
0.0,0.12230139
0.0,0.09943784
0.0,0.081313826
1.0,0.03618441
0.0,0.069612235
0.0,0.13146159
0.0,0.1300506
0.0,0.06852999
0.0,0.10768185
0.0,0.09543072
0.0,0.14438772
0.0,0.17612413
0.0,0.0668571
0.0,0.117596895
0.0,0.062549286
0.0,0.09387465
0.0,0.05840212
0.0,0.06251004
0.0,0.07892072
0.0,0.07898974
0.0,0.06322861
1.0,0.04837447
0.0,0.06836888
0.0,0.11516929
0.0,0.07577601
0.0,0.04346489
0.0,0.071950264
0.0,0.1393438
0.0,0.11932268
0.0,0.05495504
0.0,0.11169845
0.0,0.056412186
0.0,0.11875384
0.0,0.12337693
1.0,0.08363348
0.0,0.14801681
0.0,0.079739116
0.0,0.08774683
0.0,0.0744763
0.0,0.103858225
0.0,0.09611356
0.0,0.10128211
0.0,0.14935654
0.0,0.11890569
0.0,0.11157383
0.0,0.044023693
0.0,0.120609336
0.0,0.13058513
0.0,0.076930255
0.0,0.11895889
0.0,0.08950168
0.0,0.093874805
0.0,0.054581705
0.0,0.09613403
1.0,0.09629135
0.0,0.08779496
0.0,0.09710082
0.0,0.11545394
0.0,0.060843956
0.0,0.030604761
0.0,0.07000264
0.0,0.07110453
0.0,0.116689615
0.0,0.09363139
0.0,0.11972137
0.0,0.10997231
0.0,0.13305712
0.0,0.11531562
0.0,0.07579833
0.0,0.11282722
0.0,0.07618867
0.0,0.050611027
0.0,0.08017635
0.0,0.06571304
1.0,0.06791783
0.0,0.06640036
0.0,0.14779854
0.0,0.10269117
0.0,0.08958968
0.0,0.09479517
0.0,0.12811063
0.0,0.07445888
0.0,0.10573095
0.0,0.102017455
0.0,0.10523912
0.0,0.096678495
0.0,0.077906914
0.0,0.08372753
0.0,0.07209418
0.0,0.061516095
0.0,0.12721384
0.0,0.10285005
0.0,0.036557753
0.0,0.076724224
0.0,0.05941102
0.0,0.10529615
0.0,0.09006108
0.0,0.1255604
0.0,0.04782652
0.0,0.04525581
0.0,0.059934873
1.0,0.123674735
0.0,0.103564225
0.0,0.13747528
0.0,0.0760234
0.0,0.12803894
0.0,0.0636524
0.0,0.068184674
0.0,0.09394813
0.0,0.074481204
0.0,0.102150194
0.0,0.08144477
0.0,0.0881074
0.0,0.087940685
0.0,0.0961896
0.0,0.110436454
0.0,0.04969798
0.0,0.049669217
0.0,0.072121255
0.0,0.13022566
0.0,0.09597802
0.0,0.0953253
0.0,0.084133744
0.0,0.100110546
0.0,0.11728768
0.0,0.15949309
0.0,0.052235447
0.0,0.081191525
0.0,0.06874489
0.0,0.09432468
0.0,0.050995275
1.0,0.060861804
0.0,0.07390162
0.0,0.07613619
0.0,0.08031977
0.0,0.06771829
0.0,0.11437822
0.0,0.09354894
0.0,0.09713291
0.0,0.06020138
0.0,0.10777724
0.0,0.083156414
0.0,0.058394965
0.0,0.09079498
0.0,0.090639986
0.0,0.036767773
0.0,0.07718423
0.0,0.052629724
0.0,0.06920795
0.0,0.066646434
0.0,0.09142017
0.0,0.07338099
0.0,0.05175824
1.0,0.14094456
1.0,0.054181162
1.0,0.0730288
0.0,0.05584081
0.0,0.09585147
0.0,0.09097852
0.0,0.08826088
0.0,0.10498962
0.0,0.1097443
0.0,0.11784571
0.0,0.11195285
0.0,0.04869861
0.0,0.1296382
0.0,0.028272483
2.0,0.03891137
0.0,0.0627305
0.0,0.119174466
0.0,0.07364266
0.0,0.090396285
0.0,0.08790046
0.0,0.07475842
0.0,0.12418673
0.0,0.101106614
0.0,0.07548018
1.0,0.070224985
0.0,0.10588059
0.0,0.11462673
1.0,0.08497211
0.0,0.06931554
0.0,0.09666732
0.0,0.09053068
0.0,0.14669031
0.0,0.07175925
0.0,0.12880635
0.0,0.1404618
0.0,0.070099905
0.0,0.03915199
0.0,0.14667623
0.0,0.115767315
0.0,0.05208137
0.0,0.13559628
0.0,0.0838849
0.0,0.10843043
0.0,0.011560814
0.0,0.070133895
0.0,0.13021173
0.0,0.09664936
0.0,0.12041102
0.0,0.14438476
0.0,0.06890593
0.0,0.049972493
0.0,0.066197746
0.0,0.08853136
0.0,0.102559656
0.0,0.060415823
0.0,0.1052714
0.0,0.13891986
0.0,0.09284261
0.0,0.1688149
0.0,0.08059415
0.0,0.089268215
0.0,0.11425086
0.0,0.10388772
0.0,0.07483116
0.0,0.08077359
0.0,0.09749374
0.0,0.046151616
0.0,0.009654522
0.0,0.09037879
0.0,0.11143968
0.0,0.09131694
0.0,0.088117465
0.0,0.07841305
0.0,0.051297255
0.0,0.08770764
0.0,0.057962663
0.0,0.125209
0.0,0.022690162
0.0,0.08786865
0.0,0.13787775
0.0,0.107166536
0.0,0.088564545
0.0,0.066278
0.0,0.07746552
0.0,0.06931916
0.0,0.06325278
0.0,0.07278227
0.0,0.017720377
0.0,0.051874332
0.0,0.0994981
0.0,0.023334239
0.0,0.07843885
0.0,0.058124397
0.0,0.111290514
0.0,0.13252962
0.0,0.07607018
0.0,0.08340767
0.0,0.047673285
0.0,0.14572129
0.0,0.06570615
0.0,0.117135994
0.0,0.08677386
0.0,0.09475878
0.0,0.07517537
0.0,0.08226638
0.0,0.09561387
0.0,0.071281955
0.0,0.13523516
0.0,0.084284246
0.0,0.07347131
0.0,0.084973246
0.0,0.07396596
0.0,0.0791239
0.0,0.1101819
0.0,0.04785198
0.0,0.1000434
0.0,0.051718347
0.0,0.051263206
0.0,0.03632327
0.0,0.05401232
0.0,0.10437559
0.0,0.11050269
0.0,0.035332695
0.0,0.10583218
1.0,0.062498763
0.0,0.09045946
0.0,0.062428396
0.0,0.105103716
0.0,0.06163686
0.0,0.12780486
0.0,0.07127259
0.0,0.07770181
0.0,0.116116636
0.0,0.12156044
0.0,0.063240275
0.0,0.12185221
1.0,0.06393042
0.0,0.122512944
0.0,0.12392633
0.0,0.050929554
0.0,0.09856696
0.0,0.112692
0.0,0.05293373
0.0,0.082839996
0.0,0.048890937
0.0,0.05917401
0.0,0.094273254
0.0,0.04866644
0.0,0.08857389
0.0,0.07336131
2.0,0.10016132
0.0,0.069131814
0.0,0.11524351
0.0,0.14144182
0.0,0.06159674
0.0,0.109087154
0.0,0.07587749
0.0,0.0813734
0.0,0.08316657
0.0,0.068907246
0.0,0.05333076
0.0,0.081117
0.0,0.0856502
0.0,0.09489504
0.0,0.107081614
0.0,0.09692891
0.0,0.06326282
0.0,0.065093115
1.0,0.13557935
0.0,0.060855012
0.0,0.06666231
0.0,0.099513926
0.0,0.063076064
0.0,0.08096472
0.0,0.14332882
0.0,0.092993736
0.0,0.10031463
0.0,0.08082569
0.0,0.0685812
0.0,0.08030999
0.0,0.08573642
0.0,0.07191653
0.0,0.1091088
0.0,0.053682085
0.0,0.0836643
0.0,0.08458149
0.0,0.07368256
0.0,0.09264521
0.0,0.105500795
0.0,0.11243774
0.0,0.09657607
0.0,0.07114643
0.0,0.07616637
0.0,0.07350631
0.0,0.061988357
0.0,0.06325801
0.0,0.0733731
0.0,0.1044067
0.0,0.070571125
0.0,0.10554233
0.0,0.09138474
0.0,0.13147187
0.0,0.09554159
0.0,0.08554185
0.0,0.10022656
0.0,0.07830715
0.0,0.09960676
0.0,0.06843154
0.0,0.074411444
0.0,0.12138117
0.0,0.06424197
0.0,0.109645054
0.0,0.07278258
0.0,0.12794259
0.0,0.13978875
0.0,0.04474418
0.0,0.07526032
0.0,0.07181847
0.0,0.11579197
0.0,0.098185934
0.0,0.07879168
0.0,0.053518206
0.0,0.06747998
1.0,0.08337526
0.0,0.07662664
0.0,0.0716278
0.0,0.07806447
0.0,0.06861877
0.0,0.09443385
0.0,0.07378785
0.0,0.08349255
0.0,0.008083925
0.0,0.13739033
0.0,0.05409698
1.0,0.110794835
0.0,0.040745404
1.0,0.048998974
0.0,0.15258117
0.0,0.08681738
0.0,0.019562153
0.0,0.099544704
0.0,0.08772261
0.0,0.06832726
0.0,0.05428207
0.0,0.057840466
0.0,0.10105459
0.0,0.06737196
0.0,0.05150625
0.0,0.07612811
1.0,0.077775195
0.0,0.060273577
0.0,0.12669879
0.0,0.07774602
0.0,0.06493012
0.0,0.07661215
0.0,0.092929855
0.0,0.04292489
0.0,0.047139406
0.0,0.10617605
0.0,0.113093145
1.0,0.103301
0.0,0.08229506
0.0,0.11682126
0.0,0.08722249
0.0,0.1085907
0.0,0.083427206
0.0,0.08145283
0.0,0.1340137
0.0,0.04750552
0.0,0.07542731
0.0,0.10956916
2.0,0.08451714
0.0,0.06654309
0.0,0.1327885
0.0,0.106239356
0.0,0.06233452
0.0,0.086889476
0.0,0.057799798
0.0,0.10442948
0.0,0.1037586
0.0,0.076805726
0.0,0.030026374
0.0,0.05318073
0.0,0.09553769
0.0,0.122132674
0.0,0.07510113
0.0,0.07428451
0.0,0.06788877
0.0,0.07712694
0.0,0.054686602
0.0,0.075419374
0.0,0.0655095
0.0,0.048252095
0.0,0.10914801
0.0,0.1178903
0.0,0.071942545
0.0,0.09150168
0.0,0.09612087
0.0,0.06733735
0.0,0.113337055
0.0,0.14010167
0.0,0.019701093
0.0,0.06754195
0.0,0.14171465
0.0,0.07142669
0.0,0.07746035
1.0,0.053079735
0.0,0.072403274
0.0,0.11561487
0.0,0.050297424
0.0,0.12628996
0.0,0.06835239
0.0,0.084967166
0.0,0.086886145
0.0,0.111623004
0.0,0.087714866
0.0,0.078910075
1.0,0.056801155
0.0,0.11390188
0.0,0.06797583
0.0,0.06808123
1.0,0.047274128
0.0,0.10807026
0.0,0.13414459
0.0,0.100496784
0.0,0.088499285
1.0,0.10270636
0.0,0.06007131
0.0,0.046327777
0.0,0.114119396
0.0,0.13275507
0.0,0.117815085
0.0,0.06938207
0.0,0.07042521
0.0,0.19430327
0.0,0.096832275
0.0,0.06537935
0.0,0.113060415
0.0,0.062142756
0.0,0.08115844
0.0,0.11258103
0.0,0.113796756
0.0,0.08992885
0.0,0.057364356
0.0,0.07612236
0.0,0.08567838
0.0,0.06273672
0.0,0.10413364
0.0,0.04617136
0.0,0.081783265
0.0,0.06268242
0.0,0.10725853
0.0,0.07876703
0.0,0.12237151
0.0,0.08658598
0.0,0.08077381
0.0,0.093140185
0.0,0.06260324
0.0,0.10837158
0.0,0.09643898
0.0,0.13623379
0.0,0.02432166
0.0,0.09013216
0.0,0.013102536
0.0,0.05848263
0.0,0.09044506
0.0,0.09445119
0.0,0.044367872
0.0,0.058164794
0.0,0.07891064
0.0,0.097685434
0.0,0.077805564
0.0,0.10394106
0.0,0.032020543
0.0,0.0678634
0.0,0.09912475
0.0,0.12006628
0.0,0.076250635
0.0,0.13417867
1.0,0.06746415
0.0,0.14926258
0.0,0.08639604
0.0,0.088285804
0.0,0.07433595
0.0,0.08027549
0.0,0.06362077
1.0,0.12260257
0.0,0.052439503
0.0,0.113409705
0.0,0.072373986
0.0,0.059178013
0.0,0.06050984
0.0,0.104063004
0.0,0.08538498
0.0,0.10602068
0.0,0.10288527
0.0,0.08251381
0.0,0.06670944
0.0,0.0837045
1.0,0.05658053
0.0,0.083224945
0.0,0.08820905
0.0,0.06814578
0.0,0.101196066
0.0,0.06957805
0.0,0.07844046
0.0,0.10681628
0.0,0.035312064
0.0,0.05388248
0.0,0.08933483
0.0,0.109614655
0.0,0.13097976
0.0,0.114236124
0.0,0.1125524
0.0,0.07690139
0.0,0.07618128
0.0,0.05119356
0.0,0.11266602
0.0,0.13644211
0.0,0.1019934
0.0,0.08212823
0.0,0.13050069
0.0,0.057059724
0.0,0.043165557
0.0,0.083706416
0.0,0.092210054
0.0,0.071475156
0.0,0.054725002
0.0,0.08306616
0.0,0.119755395
0.0,0.052386105
0.0,0.08404231
0.0,0.079209365
0.0,0.066256486
0.0,0.06970654
0.0,0.094792336
0.0,0.04094529
0.0,0.079543725
0.0,0.085815355
0.0,0.09126585
0.0,0.11151439
0.0,0.12343371
0.0,0.06843451
0.0,0.07929343
0.0,0.045909837
0.0,0.118494496
0.0,0.065070756
0.0,0.081436984
0.0,0.06788425
0.0,0.09317736
0.0,0.073827125
1.0,0.05037771
0.0,0.08184432
0.0,0.05200279
1.0,0.043074258
0.0,0.072469845
0.0,0.084263995
0.0,0.13106835
0.0,0.07807886
0.0,0.08317569
0.0,0.12020152
0.0,0.12296627
0.0,0.10447523
0.0,0.06581693
0.0,0.06868385
0.0,0.093083665
0.0,0.049937453
0.0,0.08956764
0.0,0.064627565
0.0,0.093084104
0.0,0.066358864
0.0,0.058297615
0.0,0.023989238
0.0,0.08761131
0.0,0.07866753
1.0,0.08231692
0.0,0.0968235
0.0,0.08959493
0.0,0.12823984
0.0,0.122316144
0.0,0.10843019
0.0,0.10796189
0.0,0.04156316
0.0,0.13190958
0.0,0.12472716
0.0,0.10698105
0.0,0.071282856
0.0,0.05191641
0.0,0.036086895
0.0,0.09355989
0.0,0.09518068
0.0,0.057511047
0.0,0.084515736
0.0,0.07931958
0.0,0.10949127
0.0,0.08436919
0.0,0.07552736
0.0,0.07644236
0.0,0.11790287
0.0,0.06966661
0.0,0.080229506
0.0,0.085798785
0.0,0.119291306
0.0,0.119241744
0.0,0.08886998
0.0,0.10937626
0.0,0.056464702
0.0,0.09283455
1.0,0.05468089
0.0,0.11281151
0.0,0.11220409
0.0,0.050097585
0.0,0.13482219
0.0,0.115925275
0.0,0.119903706
0.0,0.054185297
0.0,0.061224513
0.0,0.058006074
0.0,0.06390452
0.0,0.07964869
0.0,0.11394439
0.0,0.10448639
0.0,0.013591894
0.0,0.07837746
0.0,0.09664197
0.0,0.06214597
0.0,0.05998043
1.0,0.10218062
0.0,0.09558511
0.0,0.079285964
0.0,0.08427428
0.0,0.08131346
0.0,0.112217754
0.0,0.101883136
0.0,0.054605592
0.0,0.11457629
0.0,0.086930774
0.0,0.05315396
0.0,0.09971364
0.0,0.06314861
0.0,0.08575473
0.0,0.1196861
0.0,0.016266514
0.0,0.089076295
0.0,0.061522666
0.0,0.05825946
0.0,0.108715355
0.0,0.08863337
0.0,0.09104921
0.0,0.099068925
0.0,0.06772413
0.0,0.07971756
0.0,0.12431719
0.0,0.10183048
0.0,0.05385417
0.0,0.09313013
0.0,0.08140719
1.0,0.10588513
0.0,0.078355715
0.0,0.07975421
0.0,0.072738014
0.0,0.05240042
0.0,0.063841134
0.0,0.085152686
0.0,0.03603197
0.0,0.10159865
0.0,0.118794225
0.0,0.08511039
0.0,0.061073124
0.0,0.14090018
0.0,0.056883186
0.0,0.0905377
0.0,0.12826785
0.0,0.1336228
0.0,0.108855486
0.0,0.07700237
0.0,0.08859154
0.0,0.13711825
0.0,0.09234448
0.0,0.10247531
0.0,0.09450543
0.0,0.102286234
0.0,0.09169842
0.0,0.094797224
0.0,0.07155197
0.0,0.03594948
0.0,0.102465004
0.0,0.10317586
0.0,0.09702602
0.0,0.08242983
0.0,0.110564224
0.0,0.09217557
0.0,0.07661068
0.0,0.076193064
0.0,0.07154012
0.0,0.123196565
0.0,0.08485206
0.0,0.06674236
0.0,0.092165574
0.0,0.08508069
0.0,0.10154087
0.0,0.094497815
0.0,0.047168218
0.0,0.13467562
0.0,0.06741286
0.0,0.09469895
1.0,0.05620169
0.0,0.08877866
0.0,0.110049605
0.0,0.048852906
0.0,0.13017835
0.0,0.0989773
0.0,0.07150511
0.0,0.09255571
0.0,0.09778209
0.0,0.0131931845
0.0,0.06492154
0.0,0.07961163
0.0,0.11543105
0.0,0.07997722
0.0,0.082486235
0.0,0.088038005
0.0,0.04971201
0.0,0.082427174
0.0,0.088823296
0.0,0.028982963
0.0,0.11331295
0.0,0.07771805
0.0,0.065866165
0.0,0.10218759
0.0,0.1262625
0.0,0.10832596
0.0,0.06028109
0.0,0.08917262
0.0,0.12785916
0.0,0.113333754
0.0,0.052657235
0.0,0.07557374
0.0,0.11893246
0.0,0.08993552
0.0,0.058229867
0.0,0.046202064
0.0,0.1151745
0.0,0.09964576
0.0,0.1046709
0.0,0.09735599
0.0,0.12207853
0.0,0.02723289
0.0,0.080819115
0.0,0.08888846
0.0,0.06058954
0.0,0.045963787
0.0,0.15201917
0.0,0.104899265
0.0,0.08238411
1.0,0.08969821
0.0,0.11280861
0.0,0.056682296
0.0,0.09795502
0.0,0.08812826
0.0,0.07701177
0.0,0.06640821
0.0,0.08976729
0.0,0.11181806
0.0,0.0543527
0.0,0.07803492
0.0,0.100705
0.0,0.09094033
0.0,0.08783545
0.0,0.08409155
0.0,0.07326144
0.0,0.099392526
0.0,0.049671896
0.0,0.09628299
0.0,0.098947495
0.0,0.10116048
0.0,0.015471864
0.0,0.08206782
0.0,0.1479194
0.0,0.07107355
0.0,0.108136505
0.0,0.12001505
0.0,0.090402976
0.0,0.07173906
0.0,0.09516066
0.0,0.09503384
0.0,0.08893043
0.0,0.108050324
0.0,0.06404533
0.0,0.08691217
0.0,0.05976933
0.0,0.06017232
0.0,0.07969335
0.0,0.07657145
0.0,0.099938504
0.0,0.07796624
0.0,0.11018124
0.0,0.09855643
0.0,0.071172826
1.0,0.03548966
0.0,0.098330475
0.0,0.107331306
0.0,0.056691337
0.0,0.041452244
0.0,0.069673635
0.0,0.13221118
0.0,0.12071911
0.0,0.06995542
0.0,0.11207877
0.0,0.14286558
0.0,0.0867162
0.0,0.11602186
0.0,0.10787431
0.0,0.09189311
0.0,0.07226176
1.0,0.085793346
0.0,0.0905917
0.0,0.0895195
0.0,0.10371624
0.0,0.07385913
0.0,0.05150311
0.0,0.08688718
0.0,0.040134884
0.0,0.121350676
0.0,0.05845125
0.0,0.05488046
0.0,0.15011042
0.0,0.113649584
0.0,0.08581523
0.0,0.0583452
0.0,0.11557391
0.0,0.06018258
0.0,0.10498631
0.0,0.064327456
0.0,0.01878182
0.0,0.07829599
0.0,0.08054517
0.0,0.055315904
0.0,0.067214854
0.0,0.026448654
0.0,0.05200986
0.0,0.08924194
0.0,0.05841039
0.0,0.059065025
0.0,0.08936291
0.0,0.09630571
0.0,0.06567827
0.0,0.03999154
0.0,0.10343161
0.0,0.07884745
0.0,0.117075406
0.0,0.09006946
0.0,0.11610842
0.0,0.11313937
0.0,0.11699656
0.0,0.07456521
1.0,0.114010915
0.0,0.08523772
0.0,0.08883215
0.0,0.10526055
0.0,0.037280437
1.0,0.044796742
0.0,0.036030084
0.0,0.06382464
0.0,0.10304486
0.0,0.07025268
0.0,0.029013744
0.0,0.07712842
0.0,0.11154247
0.0,0.030784847
0.0,0.11204634
0.0,0.121833645
0.0,0.09100494
0.0,0.105721824
0.0,0.12261961
0.0,0.07315573
0.0,0.070815325
0.0,0.10162598
0.0,0.07891011
0.0,0.062249567
0.0,0.08348271
1.0,0.11370829
0.0,0.13765462
0.0,0.11032839
0.0,0.12699026
0.0,0.09303618
0.0,0.086814374
0.0,0.071969
0.0,0.059101507
0.0,0.058401007
0.0,0.10750874
0.0,0.076584235
0.0,0.018281661
0.0,0.08276167
0.0,0.107073575
2.0,0.099678196
0.0,0.12611178
0.0,0.13801247
0.0,0.11210336
0.0,0.07142683
0.0,0.073109776
0.0,0.060067512
0.0,0.08135092
0.0,0.11416476
2.0,0.07511977
0.0,0.055820897
0.0,0.08298383
0.0,0.019420566
0.0,0.070379436
0.0,0.05593076
0.0,0.14688198
0.0,0.0596322
0.0,0.111391656
0.0,0.04318766
0.0,0.11538875
0.0,0.10325365
0.0,0.07154004
0.0,0.1368308
0.0,0.12028839
1.0,0.08148913
0.0,0.065670624
0.0,0.10684027
0.0,0.080541834
0.0,0.0972638
0.0,0.06448338
0.0,0.14881347
1.0,0.09487303
0.0,0.055495385
0.0,0.056175083
0.0,0.07542576
0.0,0.096980974
0.0,0.10848087
0.0,0.055267222
0.0,0.12244015
0.0,0.06497357
0.0,0.086754166
1.0,0.040421747
1.0,0.07054742
0.0,0.0994185
0.0,0.035561502
0.0,0.025523286
1.0,0.06937524
0.0,0.04885286
0.0,0.06686883
0.0,0.12407542
0.0,0.085091606
0.0,0.09739583
0.0,0.06458419
0.0,0.040439118
0.0,0.10380193
0.0,0.13860375
0.0,0.09266926
0.0,0.07865815
0.0,0.15122212
0.0,0.06878151
0.0,0.094310716
0.0,0.097065724
1.0,0.15117848
1.0,0.04783299
0.0,0.09049143
0.0,0.102755636
0.0,0.1227292
0.0,0.04776306
0.0,0.08391323
0.0,0.086655
0.0,0.08403636
0.0,0.09912064
0.0,0.093418844
0.0,0.0871818
0.0,0.05629124
0.0,0.12458824
0.0,0.092048705
0.0,0.04989788
0.0,0.09036806
0.0,0.09715769
0.0,0.12111167
1.0,0.09330592
0.0,0.102655925
0.0,0.109917946
0.0,0.06976957
0.0,0.07441448
0.0,0.04927631
0.0,0.104802795
0.0,0.093343854
0.0,0.06976122
0.0,0.046946414
0.0,0.09883369
0.0,0.023672735
0.0,0.13878638
0.0,0.031578436
0.0,0.07167427
0.0,0.07452733
0.0,0.09475623
0.0,0.037592687
0.0,0.10788283
0.0,0.04856392
0.0,0.082674004
0.0,0.0937037
0.0,0.10497915
0.0,0.058438893
0.0,0.1093407
0.0,0.08728978
0.0,0.12443245
0.0,0.030032925
0.0,0.05392462
1.0,0.094948456
0.0,0.12597963
0.0,0.0876176
0.0,0.087025106
0.0,0.1181118
1.0,0.03973364
0.0,0.13029262
0.0,0.09019767
0.0,0.12009055
0.0,0.1257952
0.0,0.080968395
0.0,0.08938089
0.0,0.0942851
0.0,0.043117054
0.0,0.066729285
0.0,0.076165184
0.0,0.09287749
0.0,0.07228986
0.0,0.06770198
0.0,0.06141937
1.0,0.097864605
0.0,0.09117316
0.0,0.06369437
1.0,0.087347224
0.0,0.09466135
0.0,0.067871094
1.0,0.0983271
0.0,0.13208613
1.0,0.086020276
0.0,0.11155779
0.0,0.099213794
0.0,0.077141106
0.0,0.09518665
0.0,0.12131776
0.0,0.09749353
1.0,0.08396262
0.0,0.038889676
0.0,0.093641475
0.0,0.054187182
1.0,0.059970394
1.0,0.06369014
0.0,0.14598212
0.0,0.113391325
0.0,0.11003457
0.0,0.05296726
0.0,0.10089668
0.0,0.07869972
0.0,0.0849852
0.0,0.118103944
0.0,0.11512858
1.0,0.070700616
0.0,0.07999618
0.0,0.07815287
0.0,0.068157904
0.0,0.09931182
0.0,0.03191187
0.0,0.075799994
0.0,0.10072985
0.0,0.104382336
0.0,0.0749488
0.0,0.11779587
1.0,0.09550706
0.0,0.13118306
0.0,0.050757315
0.0,0.072907194
0.0,0.1477033
0.0,0.06674755
0.0,0.0128118815
0.0,0.08615236
0.0,0.073337
0.0,0.12961037
0.0,0.10557457
0.0,0.047829784
0.0,0.11094386
0.0,0.13425893
1.0,0.080197245
0.0,0.109530404
0.0,0.116522975
0.0,0.08061895
0.0,0.10161774
0.0,0.07918765
0.0,0.08046602
0.0,0.03230489
0.0,0.07400187
0.0,0.08916026
0.0,0.06211159
0.0,0.13114193
0.0,0.09966964
0.0,0.07290657
0.0,0.08177473
0.0,0.114002
0.0,0.055934083
0.0,0.04790588
0.0,0.12446388
0.0,0.10423984
0.0,0.010605193
0.0,0.060529508
0.0,0.09225905
0.0,0.10621084
0.0,0.095322296
0.0,0.10657758
0.0,0.04333506
0.0,0.125588
0.0,0.1018097
0.0,0.06012157
0.0,0.1195115
0.0,0.08424505
0.0,0.09570323
0.0,0.07556034
1.0,0.093311615
0.0,0.103191555
0.0,0.13940297
0.0,0.055407416
0.0,0.074538685
0.0,0.0979669
0.0,0.07825169
0.0,0.07211223
0.0,0.08778879
0.0,0.06958304
0.0,0.07825732
1.0,0.15293318
0.0,0.07446476
0.0,0.115205154
0.0,0.08468133
0.0,0.10566649
1.0,0.061146278
0.0,0.06089324
0.0,0.11978915
0.0,0.07730299
0.0,0.110571794
0.0,0.07714484
0.0,0.08263974
0.0,0.105551764
0.0,0.11291565
0.0,0.15075174
0.0,0.107117206
0.0,0.08775788
0.0,0.11776774
0.0,0.10640384
0.0,0.043893505
0.0,0.09372626
0.0,0.11479597
0.0,0.08050735
0.0,0.06208608
0.0,0.101391226
0.0,0.09159451
0.0,0.06607971
0.0,0.14742449
0.0,0.092329316
0.0,0.101487115
0.0,0.07524875
0.0,0.069269955
0.0,0.09425229
0.0,0.11151006
0.0,0.07988472
0.0,0.069502436
0.0,0.10157937
0.0,0.11460757
0.0,0.09877711
0.0,0.047456212
0.0,0.08646258
0.0,0.10215616
0.0,0.1132014
1.0,0.0719095
0.0,0.066511884
0.0,0.110821724
0.0,0.07768041
0.0,0.044459663
0.0,0.11595933
0.0,0.06018997
0.0,0.07142763
0.0,0.10936199
0.0,0.03251627
0.0,0.047245372
0.0,0.099716894
0.0,0.10565817
0.0,0.11472234
0.0,0.08028929
0.0,0.074130096
0.0,0.11491635
0.0,0.11910428
0.0,0.04479988
0.0,0.08850853
0.0,0.10054924
0.0,0.056740314
0.0,0.09617894
0.0,0.12138447
0.0,0.08480003
0.0,0.0417561
0.0,0.046904426
1.0,0.058735073
0.0,0.11945282
0.0,0.09459317
0.0,0.11534706
0.0,0.047877632
0.0,0.07900378
0.0,0.10457591
0.0,0.09461652
0.0,0.074749984
0.0,0.09163523
0.0,0.06567697
0.0,0.071681686
0.0,0.022246085
0.0,0.09080221
0.0,0.090874046
0.0,0.09163763
0.0,0.111157425
0.0,0.047673002
0.0,0.0694621
0.0,0.08549653
0.0,0.100887634
0.0,0.07325892
0.0,0.083402604
0.0,0.020599868
0.0,0.115923256
0.0,0.0944511
0.0,0.07364537
0.0,0.07234569
0.0,0.07678392
0.0,0.084648
0.0,0.062294316
0.0,0.086300395
1.0,0.1038815
0.0,0.1297495
0.0,0.08104114
0.0,0.05975169
0.0,0.06347067
0.0,0.024487527
0.0,0.06892407
0.0,0.10338625
0.0,0.055746987
0.0,0.10019636
0.0,0.042027876
0.0,0.08806372
0.0,0.1391941
0.0,0.0662939
0.0,0.12008064
0.0,0.123036034
0.0,0.09154862
0.0,0.018296566
0.0,0.12526761
0.0,0.029403506
0.0,0.08325137
0.0,0.057238884
0.0,0.120948315
0.0,0.09704634
0.0,0.13743624
0.0,0.06750335
0.0,0.10619365
0.0,0.06471364
0.0,0.07267929
0.0,0.1182991
0.0,0.11824651
0.0,0.0673602
0.0,0.076020755
0.0,0.06520852
0.0,0.029120218
0.0,0.13079202
0.0,0.070080906
0.0,0.13619266
0.0,0.09738206
0.0,0.051949546
0.0,0.082414836
0.0,0.0759935
0.0,0.05011691
0.0,0.073814385
1.0,0.051217783
0.0,0.054098554
0.0,0.07286066
0.0,0.076214395
0.0,0.115135685
0.0,0.0800592
1.0,0.10918885
0.0,0.07283648
0.0,0.05058913
0.0,0.08629291
1.0,0.07707352
0.0,0.03250163
0.0,0.08454933
0.0,0.13455315
0.0,0.12298556
0.0,0.06705788
0.0,0.078611806
0.0,0.07880409
0.0,0.07430589
0.0,0.06122568
0.0,0.109514475
1.0,0.098944314
0.0,0.09999041
0.0,0.11652903
0.0,0.13747883
0.0,0.0770949
0.0,0.08500281
0.0,0.11685187
0.0,0.096565045
0.0,0.012246601
1.0,0.08337737
0.0,0.12927023
0.0,0.15472709
0.0,0.09336645
0.0,0.10525192
0.0,0.07973531
0.0,0.13212582
1.0,0.0692269
0.0,0.062064756
0.0,0.11031177
0.0,0.07934965
0.0,0.12174166
0.0,0.11916864
0.0,0.15591702
0.0,0.064492695
0.0,0.0781329
0.0,0.07320413
0.0,0.080385424
0.0,0.10928008
0.0,0.13621141
0.0,0.087384485
0.0,0.12622538
0.0,0.07435631
0.0,0.09117062
0.0,0.10523734
0.0,0.09527831
0.0,0.06703526
0.0,0.012905922
0.0,0.1054195
0.0,0.10809402
0.0,0.10267262
0.0,0.083900385
0.0,0.099141486
0.0,0.106917575
0.0,0.0526198
0.0,0.018601008
0.0,0.08155339
0.0,0.027054552
0.0,0.04609184
0.0,0.0824989
1.0,0.08013733
0.0,0.027435547
0.0,0.08020033
0.0,0.10935472
1.0,0.13606562
0.0,0.06691266
0.0,0.080218434
0.0,0.11975902
0.0,0.13722184
0.0,0.084857926
0.0,0.08776577
0.0,0.076727554
0.0,0.07366367
0.0,0.05947454
0.0,0.08721398
0.0,0.032916877
0.0,0.056330256
0.0,0.070854135
0.0,0.064690895
0.0,0.12046811
1.0,0.09586622
0.0,0.12625335
0.0,0.056898676
0.0,0.13121718
0.0,0.08127961
0.0,0.05515795
0.0,0.11331849
0.0,0.13375083
0.0,0.08002537
0.0,0.11731302
0.0,0.09927058
0.0,0.11556887
0.0,0.062559605
1.0,0.08608499
0.0,0.10737805
0.0,0.116847694
0.0,0.052007765
0.0,0.10435563
0.0,0.04574781
0.0,0.07988885
0.0,0.0699974
0.0,0.052655354
0.0,0.058484137
0.0,0.09982091
0.0,0.090897165
0.0,0.014554833
0.0,0.1013612
0.0,0.12648141
0.0,0.106703006
0.0,0.047490336
0.0,0.055865724
1.0,0.06344961
0.0,0.072590016
0.0,0.10945872
0.0,0.07214917
0.0,0.13710244
0.0,0.09249228
0.0,0.07252461
1.0,0.0767367
1.0,0.07431766
0.0,0.021144828
0.0,0.062460314
0.0,0.06307875
0.0,0.11533823
0.0,0.11953666
0.0,0.034416094
0.0,0.09032141
0.0,0.060690485
0.0,0.09661527
0.0,0.06002014
0.0,0.06575247
0.0,0.07844588
0.0,0.0899844
0.0,0.11054691
0.0,0.059535757
0.0,0.050179537
0.0,0.057226576
0.0,0.08220521
0.0,0.08625284
0.0,0.08676897
0.0,0.0552328
1.0,0.074955754
0.0,0.0915115
1.0,0.07956901
0.0,0.06401348
0.0,0.04415692
0.0,0.061484512
0.0,0.091101214
0.0,0.033649094
0.0,0.073180504
0.0,0.07073948
0.0,0.07455074
0.0,0.08551383
0.0,0.092506975
0.0,0.110005274
1.0,0.0524601
0.0,0.113312624
0.0,0.07715298
0.0,0.095262185
0.0,0.07332819
0.0,0.07770321
0.0,0.12871481
0.0,0.10381787
0.0,0.11632878
0.0,0.091843426
0.0,0.045720983
0.0,0.101096325
0.0,0.097319
0.0,0.07057521
0.0,0.016954357
0.0,0.066015765
0.0,0.054508723
0.0,0.08135259
0.0,0.107316546
0.0,0.099659376
0.0,0.10822551
0.0,0.070515335
0.0,0.07990385
0.0,0.12304865
0.0,0.108312346
0.0,0.04534537
0.0,0.089650854
0.0,0.05885226
0.0,0.07150335
0.0,0.059606045
0.0,0.07221882
0.0,0.0932626
0.0,0.10873583
0.0,0.09026152
0.0,0.11383523
0.0,0.05902044
0.0,0.06607006
0.0,0.041251242
0.0,0.12082208
0.0,0.106201164
0.0,0.07263411
0.0,0.11718108
0.0,0.08276646
0.0,0.068171754
0.0,0.12225168
0.0,0.06716899
0.0,0.09277655
0.0,0.09019225
0.0,0.050948977
0.0,0.096363686
0.0,0.12755737
0.0,0.09450629
0.0,0.10812962
0.0,0.0752267
0.0,0.05972994
0.0,0.104134984
0.0,0.06661589
0.0,0.051407125
0.0,0.11843162
0.0,0.09383171
0.0,0.06374942
0.0,0.05915859
0.0,0.08817431
0.0,0.063566655
0.0,0.07215509
0.0,0.044005476
0.0,0.11366093
0.0,0.094411656
0.0,0.06169664
0.0,0.08280927
0.0,0.068960555
0.0,0.1551578
0.0,0.11643242
0.0,0.081194125
1.0,0.06828704
0.0,0.08098996
0.0,0.12995273
0.0,0.13943058
0.0,0.09391985
0.0,0.051276308
1.0,0.053755343
0.0,0.09637278
0.0,0.0758947
0.0,0.06991512
0.0,0.12569542
0.0,0.055527374
0.0,0.103312895
0.0,0.11530194
0.0,0.100945145
0.0,0.09463614
0.0,0.042602226
0.0,0.09123757
0.0,0.060358576
0.0,0.071680695
0.0,0.078485
0.0,0.07568193
0.0,0.089518495
0.0,0.12630242
0.0,0.06965173
0.0,0.056763723
0.0,0.08708852
0.0,0.10911848
0.0,0.09704559
0.0,0.07331966
0.0,0.05987931
0.0,0.011965328
1.0,0.09541106
0.0,0.05654996
0.0,0.07918905
0.0,0.100163735
0.0,0.065701135
0.0,0.06676117
1.0,0.050983302
0.0,0.061159838
0.0,0.08925861
0.0,0.0707426
0.0,0.13201192
0.0,0.06833808
0.0,0.08997567
0.0,0.05980522
0.0,0.0925117
0.0,0.11953666
0.0,0.066135146
0.0,0.068653114
0.0,0.036832597
0.0,0.07351879
0.0,0.09205059
1.0,0.05263178
0.0,0.086226374
0.0,0.07546395
0.0,0.094916135
0.0,0.02718128
0.0,0.06685871
1.0,0.073816195
0.0,0.13480316
0.0,0.11788752
0.0,0.069578886
0.0,0.08500948
0.0,0.057928376
0.0,0.09395297
0.0,0.057142824
0.0,0.0675102
0.0,0.10011756
0.0,0.06502296
0.0,0.072745755
0.0,0.11221166
0.0,0.0841246
0.0,0.056882806
0.0,0.06439422
0.0,0.0641697
0.0,0.09880014
0.0,0.06716449
0.0,0.1401074
0.0,0.06610605
0.0,0.113713816
0.0,0.104932606
0.0,0.057099804
0.0,0.13823798
1.0,0.097288474
0.0,0.07001437
0.0,0.0908069
0.0,0.072941154
0.0,0.03728255
0.0,0.05700554
0.0,0.1285996
1.0,0.08209856
0.0,0.0904194
0.0,0.08212552
0.0,0.083123356
0.0,0.025526159
0.0,0.05867959
0.0,0.10296384
0.0,0.091373146
0.0,0.12864867
0.0,0.09181124
0.0,0.028621456
0.0,0.09143272
0.0,0.09390653
0.0,0.07544189
0.0,0.06390908
0.0,0.09686977
0.0,0.08408568
0.0,0.086990446
0.0,0.13632801
0.0,0.08933445
0.0,0.046869613
0.0,0.13914612
1.0,0.067497715
0.0,0.08037761
0.0,0.06103941
0.0,0.062705465
0.0,0.1347318
0.0,0.07457022
0.0,0.084144175
0.0,0.053927433
0.0,0.07878889
0.0,0.073674925
0.0,0.061209172
0.0,0.081243135
0.0,0.07867653
0.0,0.088253394
0.0,0.099684045
0.0,0.113768816
0.0,0.09364119
0.0,0.06604978
0.0,0.059416857
0.0,0.13765046
0.0,0.11843854
0.0,0.05674437
0.0,0.06615332
0.0,0.09778288
0.0,0.06894405
0.0,0.049143016
0.0,0.03711906
0.0,0.059789196
0.0,0.089959025
0.0,0.10710166
0.0,0.04881921
0.0,0.07094753
0.0,0.030046871
0.0,0.06847844
0.0,0.06251246
0.0,0.07240553
0.0,0.094295084
0.0,0.14513285
0.0,0.15756682
0.0,0.07873908
0.0,0.09758452
0.0,0.1079155
0.0,0.077626884
0.0,0.10391108
0.0,0.08699669
0.0,0.12204937
0.0,0.06442655
1.0,0.066148266
0.0,0.11792373
0.0,0.107822984
0.0,0.100800455
0.0,0.08579028
0.0,0.07942896
1.0,0.043642145
0.0,0.1101284
0.0,0.07699211
0.0,0.13408007
0.0,0.049746845
0.0,0.120996654
0.0,0.05537893
0.0,0.104200326
0.0,0.08985412
1.0,0.054902226
0.0,0.0995373
0.0,0.101417355
0.0,0.06818092
0.0,0.1199502
0.0,0.05700612
0.0,0.116806135
0.0,0.03351841
0.0,0.06780705
0.0,0.08067719
0.0,0.12521508
0.0,0.067045994
0.0,0.10653496
0.0,0.062948935
0.0,0.061476905
0.0,0.09154879
0.0,0.10466154
0.0,0.055146508
0.0,0.068536215
0.0,0.006089597
0.0,0.09053697
0.0,0.0844208
0.0,0.10129921
0.0,0.07899853
0.0,0.09419783
0.0,0.08115255
0.0,0.08277959
0.0,0.06277903
0.0,0.071456924
0.0,0.097852685
0.0,0.07712608
0.0,0.06297859
0.0,0.094947524
0.0,0.032495275
0.0,0.11879275
1.0,0.066865996
0.0,0.03685976
0.0,0.08683073
0.0,0.09031309
0.0,0.106063664
0.0,0.07965287
0.0,0.05066289
0.0,0.14012039
0.0,0.10417558
0.0,0.11260911
0.0,0.07110134
0.0,0.09919852
0.0,0.06274769
0.0,0.11962724
0.0,0.111610785
0.0,0.07141416
0.0,0.05416387
0.0,0.074859336
0.0,0.05267911
1.0,0.1251781
0.0,0.1380635
1.0,0.10504189
0.0,0.057675093
0.0,0.06866027
0.0,0.108950436
0.0,0.032699738
0.0,0.08795746
0.0,0.10558766
0.0,0.14766437
0.0,0.030534778
0.0,0.09118603
0.0,0.14145093
0.0,0.109886445
0.0,0.0717468
1.0,0.076326445
0.0,0.12221129
0.0,0.038805578
0.0,0.122806266
0.0,0.11937039
0.0,0.099074006
0.0,0.089850515
0.0,0.110033706
0.0,0.070901304
0.0,0.10659141
0.0,0.060797483
0.0,0.09013894
0.0,0.10850162
0.0,0.13049914
1.0,0.08257714
0.0,0.15333623
0.0,0.05831969
0.0,0.084609546
0.0,0.08174829
1.0,0.10318433
0.0,0.060902216
0.0,0.04656919
0.0,0.16054696
0.0,0.112609625
0.0,0.07009748
0.0,0.08141685
0.0,0.06484938
0.0,0.046720825
0.0,0.08467261
0.0,0.0789968
0.0,0.07655046
0.0,0.08361921
0.0,0.12958145
0.0,0.09012364
0.0,0.07970661
2.0,0.103418395
0.0,0.090068
0.0,0.087074816
0.0,0.04335239
0.0,0.062162656
0.0,0.07341434
0.0,0.1262946
0.0,0.10836845
0.0,0.1042321
0.0,0.08761187
0.0,0.10489999
0.0,0.06555741
0.0,0.045980807
0.0,0.041433096
0.0,0.09035175
0.0,0.063490905
0.0,0.041888427
0.0,0.111076094
0.0,0.041505747
0.0,0.08204802
0.0,0.058450066
0.0,0.07866678
0.0,0.057940878
0.0,0.031129302
0.0,0.087327525
0.0,0.08599268
0.0,0.07355402
0.0,0.12064937
0.0,0.13326207
0.0,0.050765216
0.0,0.106352665
0.0,0.034054954
0.0,0.06290786
0.0,0.06616754
0.0,0.031032413
0.0,0.08900736
0.0,0.08057536
1.0,0.08990844
0.0,0.076803476
0.0,0.06744328
0.0,0.053544354
0.0,0.09167493
0.0,0.041369144
0.0,0.060933135
0.0,0.05190443
0.0,0.11335151
0.0,0.096297726
0.0,0.06203391
0.0,0.10176702
0.0,0.10088386
0.0,0.04754792
0.0,0.10482546
0.0,0.060363356
0.0,0.019354148
0.0,0.10837225
0.0,0.09687056
0.0,0.07126573
0.0,0.08636803
0.0,0.079130806
0.0,0.03251592
0.0,0.091297954
2.0,0.09508379
0.0,0.07780565
1.0,0.053297598
0.0,0.074155
0.0,0.15238675
0.0,0.12147686
0.0,0.13261227
0.0,0.14235947
0.0,0.16197018
0.0,0.061292835
0.0,0.056247987
0.0,0.05942228
0.0,0.09412
0.0,0.08167724
0.0,0.14878877
0.0,0.09295975
1.0,0.039053738
0.0,0.0708881
0.0,0.09125911
0.0,0.040436108
0.0,0.037378088
0.0,0.060272556
0.0,0.1053938
0.0,0.06833567
0.0,0.09066971
0.0,0.07258062
0.0,0.081909284
0.0,0.07814407
0.0,0.06515718
0.0,0.12485417
0.0,0.027373385
1.0,0.0896422
0.0,0.07927273
0.0,0.11148324
0.0,0.06598228
0.0,0.015957536
0.0,0.06584782
0.0,0.06760831
0.0,0.08104941
0.0,0.12995021
0.0,0.10123168
0.0,0.067174256
0.0,0.122215256
0.0,0.08697435
0.0,0.08930259
0.0,0.080917485
0.0,0.04561264
0.0,0.08026554
0.0,0.045773707
0.0,0.10863951
0.0,0.12385934
0.0,0.06393533
0.0,0.11960052
0.0,0.03909688
1.0,0.05670983
0.0,0.058930606
0.0,0.06519752
0.0,0.08019409
1.0,0.074086435
0.0,0.11094643
0.0,0.042715844
0.0,0.07683217
0.0,0.09049598
0.0,0.1198933
0.0,0.10600681
0.0,0.09927532
0.0,0.08150445
0.0,0.084035054
0.0,0.08267126
0.0,0.13611323
0.0,0.07991177
0.0,0.12291277
0.0,0.07452598
0.0,0.06039144
0.0,0.100135036
0.0,0.078300156
0.0,0.1255831
0.0,0.08758336
0.0,0.07220197
0.0,0.06825717
0.0,0.115082555
0.0,0.11631755
0.0,0.122532606
0.0,0.07017818
0.0,0.09903971
0.0,0.09514522
0.0,0.063791014
0.0,0.12712358
0.0,0.089286566
0.0,0.08903375
0.0,0.0796794
0.0,0.03935436
1.0,0.072578266
0.0,0.09010352
0.0,0.09093848
0.0,0.059199944
0.0,0.050654206
0.0,0.105713636
0.0,0.095244445
0.0,0.035306305
0.0,0.11873983
0.0,0.083411574
0.0,0.06340243
0.0,0.09007672
0.0,0.084720425
0.0,0.06884432
0.0,0.06607725
0.0,0.042570926
0.0,0.09585774
0.0,0.06344427
0.0,0.106898665
0.0,0.08343238
0.0,0.02023913
0.0,0.08982458
0.0,0.11249587
0.0,0.1358976
0.0,0.076852195
0.0,0.092613876
0.0,0.059484042
0.0,0.12855066
0.0,0.0834935
0.0,0.09138583
0.0,0.075136185
0.0,0.10378619
0.0,0.13237175
0.0,0.11167656
0.0,0.092192516
0.0,0.0802336
0.0,0.019171387
0.0,0.013147792
0.0,0.13324568
0.0,0.12264378
0.0,0.09051897
0.0,0.120710336
0.0,0.086127296
0.0,0.094669
0.0,0.091684066
0.0,0.05706001
0.0,0.09810993
0.0,0.1063837
0.0,0.06945315
0.0,0.11951067
0.0,0.08768894
0.0,0.09280212
0.0,0.10729206
0.0,0.1136879
1.0,0.07752076
0.0,0.11496405
0.0,0.08583129
0.0,0.04194049
0.0,0.122234344
0.0,0.10243679
0.0,0.10667065
0.0,0.12786923
1.0,0.012471547
1.0,0.111043155
0.0,0.13375463
0.0,0.10698554
0.0,0.1020914
0.0,0.14764643
0.0,0.091937944
0.0,0.09988691
0.0,0.11205793
0.0,0.07720289
0.0,0.123081364
0.0,0.099803254
0.0,0.08617951
0.0,0.08151255
0.0,0.07706996
0.0,0.09208632
0.0,0.061375163
0.0,0.11623896
1.0,0.092360534
0.0,0.0870475
0.0,0.11558783
0.0,0.09523339
0.0,0.1067915
0.0,0.10102129
0.0,0.09320958
0.0,0.076167166
0.0,0.07793632
0.0,0.10101034
0.0,0.03788004
0.0,0.11535492
0.0,0.1098563
0.0,0.10032291
0.0,0.08771667
0.0,0.08071093
0.0,0.03396774
0.0,0.0915685
0.0,0.08460565
0.0,0.063056156
0.0,0.0808577
0.0,0.16294189
0.0,0.10488839
1.0,0.09844311
0.0,0.09878191
0.0,0.14471665
0.0,0.06841948
0.0,0.057585195
0.0,0.12519565
0.0,0.09032985
0.0,0.09905617
0.0,0.08714304
1.0,0.03247672
0.0,0.106222235
0.0,0.12685327
1.0,0.017786339
0.0,0.09166337
0.0,0.061304703
0.0,0.08525506
1.0,0.065041676
0.0,0.07391755
0.0,0.04591129
0.0,0.112521164
0.0,0.11415085
0.0,0.086497195
0.0,0.08116238
0.0,0.09009614
0.0,0.11068521
0.0,0.14372423
0.0,0.14935213
0.0,0.058652118
0.0,0.076032646
0.0,0.099443465
0.0,0.096116334
0.0,0.039804153
0.0,0.12131209
0.0,0.07945726
0.0,0.0654244
0.0,0.14548193
0.0,0.09070633
0.0,0.08156626
0.0,0.07904731
0.0,0.06944893
0.0,0.088420406
0.0,0.04680498
0.0,0.020129161
0.0,0.09500097
0.0,0.042014204
0.0,0.08454133
1.0,0.14710039
0.0,0.08976477
0.0,0.043810397
0.0,0.15949793
0.0,0.019620765
0.0,0.14238074
0.0,0.049861003
0.0,0.03740112
0.0,0.079380915
0.0,0.08585168
0.0,0.12856403
0.0,0.08295475
0.0,0.02578071
0.0,0.087929845
0.0,0.09652791
0.0,0.08765462
0.0,0.049018487
0.0,0.1327946
0.0,0.07820778
0.0,0.09056557
0.0,0.0701659
0.0,0.08011341
0.0,0.09837988
0.0,0.1020557
0.0,0.102261
0.0,0.14450993
0.0,0.06034144
0.0,0.08963632
0.0,0.086399935
0.0,0.09132941
0.0,0.078343645
1.0,0.06661388
0.0,0.07976821
0.0,0.05732714
0.0,0.078564286
0.0,0.05637478
0.0,0.085238814
0.0,0.08418598
0.0,0.114511676
0.0,0.061815828
0.0,0.10818284
0.0,0.062497824
0.0,0.08556561
1.0,0.0585469
0.0,0.13909233
0.0,0.051567934
0.0,0.06625119
0.0,0.115753986
0.0,0.0735872
0.0,0.07078522
0.0,0.096496254
0.0,0.06583363
0.0,0.095311254
0.0,0.094540745
0.0,0.069381855
0.0,0.11901691
0.0,0.068463705
0.0,0.10014588
0.0,0.076111324
0.0,0.061033502
0.0,0.10667388
0.0,0.08181502
0.0,0.041306756
0.0,0.06379034
0.0,0.09303263
0.0,0.06314302
0.0,0.10538895
0.0,0.08770835
0.0,0.06795171
0.0,0.13168259
0.0,0.14050427
0.0,0.09696287
0.0,0.0926254
1.0,0.09830698
0.0,0.08825853
1.0,0.13396192
0.0,0.09762706
0.0,0.10388997
0.0,0.15930161
0.0,0.06085816
0.0,0.1166848
0.0,0.087589145
0.0,0.1063714
0.0,0.065416664
0.0,0.06107327
0.0,0.10050567
1.0,0.061331514
0.0,0.105630815
0.0,0.08554522
0.0,0.045510538
0.0,0.1131397
1.0,0.09836058
0.0,0.09411031
1.0,0.06829601
0.0,0.06513575
2.0,0.08718903
0.0,0.086734824
0.0,0.052107602
0.0,0.06401834
0.0,0.11202951
0.0,0.07401546
0.0,0.111113355
0.0,0.14106706
0.0,0.09847507
0.0,0.06773886
0.0,0.04698296
0.0,0.116230726
0.0,0.08018325
0.0,0.06424526
0.0,0.08788015
0.0,0.056976024
0.0,0.10619251
0.0,0.09347102
0.0,0.112372026
0.0,0.10005781
0.0,0.08911449
0.0,0.08018916
0.0,0.11531791
0.0,0.095311075
0.0,0.084370196
0.0,0.11319069
0.0,0.09941828
0.0,0.096179195
0.0,0.101548016
0.0,0.07182822
0.0,0.045355618
0.0,0.07974739
0.0,0.08832898
2.0,0.03838136
0.0,0.052171323
0.0,0.09458058
0.0,0.08585149
0.0,0.10821558
0.0,0.03780264
0.0,0.07010832
0.0,0.095074765
0.0,0.10082853
0.0,0.073389
0.0,0.11611204
0.0,0.11145387
0.0,0.11863012
0.0,0.102032
0.0,0.06274812
0.0,0.059222702
0.0,0.08788363
0.0,0.07733863
0.0,0.10794558
0.0,0.13412486
0.0,0.068212904
0.0,0.014893988
0.0,0.09144679
0.0,0.053366043
0.0,0.1311836
0.0,0.09343118
0.0,0.08565234
0.0,0.06826907
0.0,0.04164038
0.0,0.078891374
0.0,0.06456968
0.0,0.07656362
0.0,0.09862408
0.0,0.12958337
0.0,0.08155347
0.0,0.07742715
0.0,0.06434177
0.0,0.14923659
0.0,0.06621935
0.0,0.0629847
1.0,0.09357816
0.0,0.07365271
0.0,0.14672934
0.0,0.095655024
0.0,0.08954868
0.0,0.09976557
0.0,0.05950753
0.0,0.10594001
0.0,0.10853437
0.0,0.08360191
0.0,0.06926811
0.0,0.04552749
0.0,0.10759641
0.0,0.09559142
0.0,0.0568993
0.0,0.094078206
0.0,0.121994644
1.0,0.092769235
1.0,0.09863186
0.0,0.086027175
0.0,0.013002165
0.0,0.09559609
0.0,0.092573784
0.0,0.09284012
0.0,0.0619328
0.0,0.09219876
0.0,0.075704955
0.0,0.10125536
0.0,0.076620884
0.0,0.082024
0.0,0.109511554
0.0,0.05909359
0.0,0.061866533
0.0,0.07752179
0.0,0.09381722
0.0,0.06851457
0.0,0.124854915
0.0,0.09725793
0.0,0.06692296
0.0,0.08080913
0.0,0.08419284
0.0,0.07618191
0.0,0.10462494
0.0,0.063193835
0.0,0.07484423
0.0,0.08005739
0.0,0.07415717
0.0,0.04538909
0.0,0.045550965
0.0,0.1308579
0.0,0.13911822
0.0,0.089263216
1.0,0.10888477
0.0,0.088949725
0.0,0.07515232
0.0,0.14363761
0.0,0.0799406
0.0,0.07828078
0.0,0.06646798
0.0,0.045221657
0.0,0.037331756
0.0,0.14132516
0.0,0.09103413
0.0,0.1435876
1.0,0.08787697
0.0,0.13776326
0.0,0.10500854
0.0,0.09106849
0.0,0.0757286
1.0,0.08443922
0.0,0.053112205
0.0,0.063921824
0.0,0.092651665
0.0,0.07196483
0.0,0.10074973
0.0,0.09470013
0.0,0.07791005
0.0,0.11121625
0.0,0.10547906
0.0,0.06542106
0.0,0.036227737
0.0,0.08446791
0.0,0.08448392
0.0,0.15637124
0.0,0.073834874
0.0,0.033105306
0.0,0.06369005
0.0,0.09673189
0.0,0.015017103
0.0,0.031835556
0.0,0.12377249
0.0,0.06745354
0.0,0.11813222
0.0,0.111497484
0.0,0.04897041
0.0,0.11116124
0.0,0.094211176
0.0,0.1393718
0.0,0.06868593
0.0,0.06592335
0.0,0.13625391
0.0,0.013742246
0.0,0.10621917
0.0,0.06934944
0.0,0.12765676
0.0,0.07612347
0.0,0.08305204
0.0,0.08806928
0.0,0.12783872
0.0,0.08908199
0.0,0.10173032
0.0,0.12417193
0.0,0.078374565
0.0,0.07682865
0.0,0.101263426
0.0,0.06437247
0.0,0.13856353
0.0,0.08983807
0.0,0.11730771
0.0,0.07804085
0.0,0.07606449
0.0,0.040252697
0.0,0.06075342
0.0,0.012162683
0.0,0.08193976
0.0,0.11059913
0.0,0.14978597
1.0,0.059559
0.0,0.07630108
0.0,0.09562773
0.0,0.052371122
0.0,0.07300988
0.0,0.08468947
1.0,0.041635096
0.0,0.12196711
0.0,0.07515913
0.0,0.11620105
0.0,0.14977029
1.0,0.061698083
0.0,0.13920619
0.0,0.059032742
0.0,0.049032655
0.0,0.11711575
1.0,0.11788893
0.0,0.078200385
0.0,0.07236377
0.0,0.077338666
0.0,0.074349806
0.0,0.12436231
0.0,0.07326738
0.0,0.0815095
0.0,0.0910585
0.0,0.100903995
0.0,0.078441545
1.0,0.07929502
0.0,0.080057085
0.0,0.074696414
0.0,0.08410458
0.0,0.1001698
0.0,0.07300018
0.0,0.073775746
0.0,0.09359932
0.0,0.029876657
0.0,0.065424085
0.0,0.11502963
0.0,0.13385166
0.0,0.0660421
0.0,0.06667219
0.0,0.07526294
0.0,0.08697763
0.0,0.05779635
0.0,0.05324376
0.0,0.08681493
0.0,0.056230344
0.0,0.04944402
0.0,0.06969576
0.0,0.04309963
0.0,0.10665847
0.0,0.090464935
0.0,0.07988164
0.0,0.093314216
0.0,0.11315734
0.0,0.050322156
0.0,0.102277406
0.0,0.0925203
0.0,0.084591895
0.0,0.11626196
0.0,0.11914933
0.0,0.08725237
0.0,0.06348659
0.0,0.06796926
0.0,0.11510736
0.0,0.11239212
0.0,0.06703526
0.0,0.08401714
0.0,0.053855583
0.0,0.1189779
0.0,0.061388336
0.0,0.10968757
0.0,0.059215248
0.0,0.057897765
0.0,0.09143247
0.0,0.045297675
0.0,0.12278475
0.0,0.036896706
0.0,0.061409738
0.0,0.07939516
0.0,0.08410992
0.0,0.067796506
0.0,0.08875573
0.0,0.10028658
0.0,0.077951096
0.0,0.13223965
0.0,0.1029388
0.0,0.09664411
0.0,0.068319514
0.0,0.11372412
0.0,0.09224682
0.0,0.16105847
0.0,0.033131376
0.0,0.10509608
0.0,0.11276986
0.0,0.12481084
0.0,0.063119404
0.0,0.031086924
0.0,0.12535132
0.0,0.10588872
0.0,0.016976232
0.0,0.07283268
0.0,0.05135052
0.0,0.11220631
1.0,0.06505923
0.0,0.1202639
0.0,0.124741375
0.0,0.117714345
0.0,0.071161404
0.0,0.05360968
0.0,0.07987253
0.0,0.09574554
0.0,0.12858362
0.0,0.07390962
0.0,0.069980524
0.0,0.08063654
0.0,0.05815452
0.0,0.06197098
1.0,0.084051445
0.0,0.082032844
0.0,0.07506257
0.0,0.07334095
1.0,0.06113294
0.0,0.10648305
0.0,0.08837728
0.0,0.073453
0.0,0.11108981
0.0,0.08868482
0.0,0.10126106
1.0,0.08615412
0.0,0.06977783
0.0,0.04732167
0.0,0.07097709
0.0,0.092440195
0.0,0.07330428
0.0,0.09772846
1.0,0.12120905
0.0,0.12873024
0.0,0.060183827
0.0,0.122478984
0.0,0.09600251
0.0,0.06945479
0.0,0.09039345
0.0,0.082859635
0.0,0.099115774
0.0,0.08701728
0.0,0.042607743
0.0,0.054376975
0.0,0.04398966
0.0,0.11199957
0.0,0.061721444
0.0,0.08942698
0.0,0.11733322
0.0,0.106643364
1.0,0.09707934
0.0,0.109102815
0.0,0.08289761
0.0,0.09458597
0.0,0.06545509
0.0,0.024794627
0.0,0.12687774
0.0,0.112606585
0.0,0.066098765
0.0,0.08767416
0.0,0.118285194
1.0,0.08668734
0.0,0.086800136
0.0,0.07416992
0.0,0.07340533
0.0,0.11623192
0.0,0.082734756
0.0,0.080161385
0.0,0.15312487
0.0,0.08746657
0.0,0.13117634
0.0,0.030591987
0.0,0.12038539
0.0,0.07559681
0.0,0.11146264
0.0,0.085614055
0.0,0.029904066
0.0,0.0830075
0.0,0.07048012
0.0,0.06865686
1.0,0.04633711
0.0,0.1293412
0.0,0.13493873
0.0,0.09591137
0.0,0.076165564
0.0,0.11281783
0.0,0.112072356
0.0,0.09723351
0.0,0.08507489
0.0,0.10001607
0.0,0.07207599
0.0,0.10527993
0.0,0.095867336
0.0,0.078466944
0.0,0.04539852
1.0,0.13984658
0.0,0.1124037
0.0,0.08980583
0.0,0.077047616
0.0,0.119906165
0.0,0.09234254
0.0,0.076442964
1.0,0.06592835
1.0,0.045030482
0.0,0.090163335
0.0,0.017683659
0.0,0.079429075
0.0,0.11993086
0.0,0.053924307
0.0,0.056841835
0.0,0.10408971
0.0,0.08998736
0.0,0.034707423
0.0,0.10515114
0.0,0.06774575
0.0,0.08743033
0.0,0.13643882
0.0,0.10910029
0.0,0.089976996
0.0,0.06649766
0.0,0.12707661
0.0,0.11700579
0.0,0.1162921
0.0,0.118740305
0.0,0.05049794
0.0,0.12428533
0.0,0.060819723
0.0,0.060728915
0.0,0.09901036
0.0,0.024850193
0.0,0.058627345
0.0,0.061947744
0.0,0.10038732
0.0,0.13690352
0.0,0.11286233
0.0,0.11466357
0.0,0.07820737
0.0,0.14071395
0.0,0.06729984
0.0,0.0644456
0.0,0.11370281
0.0,0.09333867
0.0,0.08295617
0.0,0.069314264
0.0,0.09718973
0.0,0.12054706
0.0,0.12668315
0.0,0.0268322
0.0,0.104799494
0.0,0.040719114
0.0,0.073093995
0.0,0.09414464
1.0,0.108250804
0.0,0.04135513
0.0,0.09106258
0.0,0.063227125
0.0,0.08112313
0.0,0.1237385
0.0,0.15931757
0.0,0.1077517
0.0,0.12628551
0.0,0.06217816
0.0,0.122292295
0.0,0.09617039
1.0,0.06712382
0.0,0.096498854
0.0,0.11906632
0.0,0.04225026
0.0,0.08627402
0.0,0.060498964
0.0,0.07083856
0.0,0.10852035
0.0,0.0653229
1.0,0.056800354
0.0,0.08873078
0.0,0.12045318
0.0,0.089177124
0.0,0.13858357
0.0,0.06708762
0.0,0.06545125
0.0,0.050366715
0.0,0.03325876
0.0,0.07987143
0.0,0.049168542
0.0,0.053877827
0.0,0.13343522
0.0,0.070307255
0.0,0.116037264
0.0,0.0804369
0.0,0.10036123
0.0,0.03560886
0.0,0.05321527
0.0,0.067709506
0.0,0.0996609
0.0,0.06561246
0.0,0.09585591
0.0,0.05602035
0.0,0.06634984
0.0,0.1048034
0.0,0.14070393
0.0,0.10016514
0.0,0.14708765
1.0,0.07089254
0.0,0.1027944
0.0,0.07783811
0.0,0.08856878
0.0,0.09432092
0.0,0.08554595
0.0,0.1022401
0.0,0.06858717
0.0,0.12400365
0.0,0.07275796
0.0,0.07270719
0.0,0.078861535
0.0,0.06681841
0.0,0.07010641
0.0,0.08980816
0.0,0.08252503
0.0,0.124356024
0.0,0.1005882
0.0,0.067256756
0.0,0.08101761
0.0,0.05315482
0.0,0.062625654
0.0,0.092099935
0.0,0.0662357
1.0,0.117887266
0.0,0.086927585
0.0,0.07834824
0.0,0.09140539
0.0,0.11765149
0.0,0.09382482
0.0,0.049339004
0.0,0.01828609
1.0,0.1220585
0.0,0.0487964
0.0,0.075237624
0.0,0.053168762
0.0,0.08654807
0.0,0.046662785
0.0,0.08937909
0.0,0.06588448
0.0,0.11905105
0.0,0.051984668
0.0,0.14296827
0.0,0.07111297
0.0,0.071403466
0.0,0.09581832
0.0,0.054372296
0.0,0.12982033
0.0,0.08617171
0.0,0.0975903
0.0,0.06452069
0.0,0.077648744
0.0,0.081169486
0.0,0.072433986
0.0,0.10481551
0.0,0.062492162
0.0,0.15660413
0.0,0.08192542
0.0,0.09524969
0.0,0.07164164
0.0,0.04620555
0.0,0.06973551
0.0,0.08591792
0.0,0.08367854
0.0,0.11638821
0.0,0.049753156
0.0,0.038985834
0.0,0.10445802
0.0,0.13003668
0.0,0.070909806
0.0,0.056313388
0.0,0.090498805
0.0,0.08833018
0.0,0.068217896
1.0,0.12059361
0.0,0.1374604
0.0,0.12870604
0.0,0.07171457
0.0,0.056603294
1.0,0.09259467
0.0,0.07572882
0.0,0.08689627
0.0,0.12546569
0.0,0.08322921
0.0,0.069662206
0.0,0.08581605
0.0,0.09462335
0.0,0.13070929
0.0,0.06762784
0.0,0.10494679
0.0,0.10555519
0.0,0.057334576
0.0,0.07197933
0.0,0.06975124
0.0,0.07228176
0.0,0.07802054
0.0,0.09293101
0.0,0.100171044
0.0,0.1014547
0.0,0.14333867
0.0,0.10050881
0.0,0.09305526
0.0,0.07936827
0.0,0.04188677
0.0,0.10241938
0.0,0.078599215
0.0,0.04033778
0.0,0.110625714
0.0,0.09499021
0.0,0.048245642
1.0,0.07096997
0.0,0.07146071
0.0,0.1498756
0.0,0.09316917
0.0,0.082192786
0.0,0.070980474
0.0,0.055462424
1.0,0.10859818
0.0,0.13411713
0.0,0.06834603
0.0,0.14359981
0.0,0.05777599
0.0,0.08346057
0.0,0.05414201
0.0,0.08557541
0.0,0.11377372
0.0,0.09026804
0.0,0.05726224
0.0,0.09034833
0.0,0.0985514
0.0,0.07442255
0.0,0.02700811
0.0,0.09287502
0.0,0.06210607
0.0,0.09606341
0.0,0.08676529
0.0,0.06607157
0.0,0.10389032
0.0,0.14720283
0.0,0.0725245
0.0,0.073404424
0.0,0.077249765
1.0,0.051334374
2.0,0.0702426
0.0,0.06819274
0.0,0.095935956
0.0,0.07241938
0.0,0.08652595
0.0,0.071537144
0.0,0.06364651
0.0,0.12861523
0.0,0.104573146
0.0,0.09953092
0.0,0.10812364
0.0,0.06947233
0.0,0.10814741
0.0,0.07850604
0.0,0.08051153
0.0,0.0760823
0.0,0.109709665
0.0,0.06525004
0.0,0.07786953
1.0,0.077698395
0.0,0.13203475
1.0,0.09740942
0.0,0.09687774
0.0,0.12198438
1.0,0.11443561
0.0,0.08228327
0.0,0.06462679
0.0,0.08586672
0.0,0.067494415
0.0,0.07570149
0.0,0.050526775
0.0,0.10930313
0.0,0.07710993
0.0,0.06963123
0.0,0.12500966
0.0,0.11538485
0.0,0.116235964
0.0,0.05039434
0.0,0.01938769
0.0,0.085350804
0.0,0.107569665
0.0,0.09809187
0.0,0.04976096
0.0,0.119861886
0.0,0.08713533
0.0,0.08266297
0.0,0.08614564
0.0,0.079888
0.0,0.07749454
0.0,0.07046905
0.0,0.08893879
0.0,0.08686725
0.0,0.10466359
0.0,0.06971255
0.0,0.12669861
0.0,0.082045905
0.0,0.08281866
0.0,0.01888279
0.0,0.11056067
0.0,0.1008118
0.0,0.08614726
0.0,0.11532467
0.0,0.079050705
0.0,0.092995
0.0,0.072807595
0.0,0.0944425
0.0,0.06399557
0.0,0.11027446
0.0,0.07735668
0.0,0.065754995
0.0,0.055672795
0.0,0.0735528
0.0,0.13138624
0.0,0.11274878
0.0,0.123495646
0.0,0.07225433
0.0,0.09577725
0.0,0.12273783
0.0,0.091696985
0.0,0.1308272
0.0,0.075783186
0.0,0.090505406
0.0,0.08435875
0.0,0.06474592
0.0,0.110729024
0.0,0.095269725
0.0,0.0922635
0.0,0.116559155
0.0,0.09517719
0.0,0.08504504
0.0,0.12611045
0.0,0.088328436
0.0,0.08843314
0.0,0.041280538
0.0,0.05254259
0.0,0.14956865
0.0,0.010814753
0.0,0.06107892
0.0,0.17345893
0.0,0.077933535
0.0,0.08410823
0.0,0.10317621
0.0,0.07784061
0.0,0.1021921
0.0,0.08137102
0.0,0.06797031
0.0,0.099433646
0.0,0.1166727
0.0,0.11061475
0.0,0.037489396
0.0,0.054395635
0.0,0.06459601
0.0,0.09112151
0.0,0.07486663
0.0,0.064114004
0.0,0.080281176
0.0,0.02604882
0.0,0.059622534
0.0,0.07682743
0.0,0.087947644
0.0,0.07045379
0.0,0.10631284
0.0,0.12323746
0.0,0.101221815
0.0,0.059900217
0.0,0.07629384
0.0,0.06255657
0.0,0.059771895
0.0,0.06901238
0.0,0.08483386
0.0,0.08953299
0.0,0.032725725
0.0,0.08441778
0.0,0.06824905
0.0,0.06089908
0.0,0.06572959
0.0,0.10317038
0.0,0.06999044
0.0,0.078342155
0.0,0.10502401
0.0,0.07027148
0.0,0.050821275
1.0,0.10045615
0.0,0.08736428
0.0,0.076774254
0.0,0.13400711
0.0,0.05578384
0.0,0.064874046
0.0,0.11290407
0.0,0.0836873
0.0,0.026076546
0.0,0.021084992
0.0,0.1396244
0.0,0.13615371
0.0,0.076372504
1.0,0.0861281
0.0,0.08259579
1.0,0.11837138
0.0,0.09213343
0.0,0.13174677
0.0,0.079077885
0.0,0.10514603
0.0,0.09684019
0.0,0.04355888
0.0,0.04722911
0.0,0.07061976
0.0,0.074361436
0.0,0.06471636
0.0,0.14416392
0.0,0.06263443
0.0,0.08428123
0.0,0.015786959
0.0,0.10829931
0.0,0.119460024
0.0,0.09025452
0.0,0.07602866
0.0,0.08902044
0.0,0.08636202
0.0,0.051093467
0.0,0.09256932
0.0,0.078243405
0.0,0.09166787
0.0,0.08963814
0.0,0.0842694
0.0,0.0948662
0.0,0.08968705
0.0,0.07120514
0.0,0.07419447
0.0,0.11609344
0.0,0.13399552
0.0,0.053900156
0.0,0.079441935
0.0,0.078275986
0.0,0.059498593
0.0,0.12479921
0.0,0.06640468
0.0,0.053423166
0.0,0.09612511
0.0,0.12328965
0.0,0.03828161
0.0,0.07862881
0.0,0.11763652
0.0,0.05971644
0.0,0.061954565
0.0,0.09663974
0.0,0.05588873
0.0,0.1325975
0.0,0.07629628
0.0,0.055120036
0.0,0.09868982
0.0,0.0676937
0.0,0.034527104
0.0,0.05120412
0.0,0.079087615
0.0,0.11577198
0.0,0.0735868
0.0,0.06750795
0.0,0.117685325
0.0,0.12521583
0.0,0.09124938
0.0,0.09896767
0.0,0.09915154
0.0,0.071510784
0.0,0.069147356
0.0,0.089156464
1.0,0.077611856
0.0,0.09267831
0.0,0.080809385
0.0,0.07885623
0.0,0.07870809
0.0,0.066776015
0.0,0.0828588
0.0,0.06650734
0.0,0.05590338
0.0,0.06351693
0.0,0.026024623
0.0,0.10195368
0.0,0.09931196
0.0,0.08940153
0.0,0.100306354
0.0,0.054106962
0.0,0.06829171
0.0,0.086123854
0.0,0.06637899
0.0,0.10933055
0.0,0.079703435
0.0,0.08521642
1.0,0.057171796
0.0,0.07413877
0.0,0.09609783
0.0,0.1564928
0.0,0.09794348
0.0,0.13195035
0.0,0.09170492
0.0,0.10496028
0.0,0.044614203
0.0,0.10431367
0.0,0.05691018
0.0,0.067657836
0.0,0.075460546
0.0,0.08295372
0.0,0.14507502
0.0,0.06731573
0.0,0.11188595
0.0,0.07672386
0.0,0.08326065
0.0,0.13176832
0.0,0.04247701
0.0,0.12650067
0.0,0.13068165
0.0,0.058714967
0.0,0.016486654
0.0,0.1529451
0.0,0.05616825
0.0,0.089317754
0.0,0.10212604
0.0,0.07298137
1.0,0.12255043
0.0,0.11866639
0.0,0.094130576
0.0,0.10685145
0.0,0.12057081
0.0,0.06785217
0.0,0.10008234
1.0,0.07570158
1.0,0.10103847
0.0,0.08553714
0.0,0.10635234
0.0,0.11105517
0.0,0.08826336
0.0,0.09652865
0.0,0.085926235
0.0,0.11425718
0.0,0.06763851
0.0,0.058224022
0.0,0.053789753
0.0,0.09317437
0.0,0.06480457
0.0,0.11578148
0.0,0.06709087
0.0,0.081348866
0.0,0.09879265
0.0,0.09721066
0.0,0.0505354
1.0,0.08032027
0.0,0.09672424
0.0,0.09007548
0.0,0.051272936
0.0,0.03663415
0.0,0.12583606
1.0,0.08093828
0.0,0.085780084
0.0,0.041667122
0.0,0.11563146
0.0,0.08026724
0.0,0.034145065
0.0,0.10793546
0.0,0.09720549
0.0,0.11102729
0.0,0.0625619
0.0,0.090925425
0.0,0.12018713
0.0,0.13530745
0.0,0.057438105
0.0,0.15825167
0.0,0.08485536
0.0,0.11127743
0.0,0.079119414
0.0,0.0808942
0.0,0.07863149
0.0,0.075424805
0.0,0.105715215
0.0,0.0911171
0.0,0.10535933
0.0,0.067686394
0.0,0.13190624
0.0,0.08830656
1.0,0.08228421
0.0,0.105399355
0.0,0.115730695
0.0,0.074953414
0.0,0.087067716
0.0,0.124265336
0.0,0.028761962
0.0,0.08638446
0.0,0.037495475
0.0,0.06669272
0.0,0.1328066
0.0,0.08675859
0.0,0.04939317
0.0,0.07929889
1.0,0.108569
0.0,0.07943551
0.0,0.03752684
0.0,0.15543568
0.0,0.07647695
1.0,0.094550505
0.0,0.10624643
0.0,0.06671093
0.0,0.0854788
0.0,0.05762016
0.0,0.08423005
0.0,0.11217375
0.0,0.16350973
0.0,0.1370332
0.0,0.1089562
0.0,0.07967133
0.0,0.065409265
0.0,0.07841238
0.0,0.10176835
0.0,0.029873194
0.0,0.072415926
0.0,0.09358676
0.0,0.07332361
0.0,0.08918463
0.0,0.058972437
0.0,0.070023134
0.0,0.13597476
0.0,0.07207783
0.0,0.13107136
0.0,0.07994415
0.0,0.042483218
0.0,0.057980772
0.0,0.052090064
0.0,0.09518295
0.0,0.10522848
0.0,0.0643452
0.0,0.079163976
0.0,0.07869488
0.0,0.12555735
0.0,0.059517507
0.0,0.09589088
0.0,0.06773271
0.0,0.09189253
0.0,0.13161592
0.0,0.11942357
1.0,0.05403714
0.0,0.14039235
0.0,0.07388455
0.0,0.05650645
0.0,0.1378509
0.0,0.07514349
0.0,0.11122799
0.0,0.059732176
0.0,0.07886873
0.0,0.08592148
0.0,0.017137008
0.0,0.10972722
0.0,0.11489914
0.0,0.12966447
0.0,0.12421145
0.0,0.06513435
0.0,0.08516345
0.0,0.14459434
0.0,0.058389258
0.0,0.077472724
0.0,0.120138176
0.0,0.1063281
0.0,0.07427082
0.0,0.06248233
0.0,0.09739483
0.0,0.044524454
0.0,0.073711574
0.0,0.052392703
0.0,0.094681665
0.0,0.05679338
0.0,0.06459253
0.0,0.078301
0.0,0.13485736
0.0,0.07622043
0.0,0.11256699
0.0,0.07050653
0.0,0.14328533
0.0,0.091920756
0.0,0.09225483
0.0,0.07958793
0.0,0.116931915
0.0,0.1302043
0.0,0.087188594
0.0,0.132056
0.0,0.08807246
0.0,0.12536363
0.0,0.06731534
0.0,0.08835621
0.0,0.14347768
0.0,0.11199559
0.0,0.09151444
0.0,0.07174719
0.0,0.081642315
0.0,0.080524996
0.0,0.08418547
0.0,0.10168836
0.0,0.13495263
0.0,0.096844785
0.0,0.05634479
0.0,0.087800406
0.0,0.063693695
0.0,0.082750104
0.0,0.075657934
0.0,0.060093284
0.0,0.069092296
0.0,0.11905161
0.0,0.06967357
0.0,0.082836896
0.0,0.07965559
0.0,0.022898141
0.0,0.10485313
0.0,0.085316315
0.0,0.031708583
0.0,0.05713243
0.0,0.09299591
0.0,0.08460496
0.0,0.07214843
0.0,0.07841701
0.0,0.04504901
0.0,0.057733633
0.0,0.08769015
0.0,0.07725647
0.0,0.09855452
0.0,0.07648526
0.0,0.029912023
0.0,0.12529972
0.0,0.050767433
0.0,0.12928835
0.0,0.08296761
0.0,0.0967638
0.0,0.09492229
0.0,0.109861456
0.0,0.04660528
0.0,0.12656942
0.0,0.12908968
0.0,0.045992166
0.0,0.0904636
0.0,0.09232214
0.0,0.04588537
0.0,0.07971125
0.0,0.13445102
0.0,0.08453742
0.0,0.086625606
0.0,0.068617046
0.0,0.0535831
0.0,0.08770379
0.0,0.0651243
0.0,0.06875862
0.0,0.10344434
0.0,0.055646572
0.0,0.06497565
0.0,0.05808148
0.0,0.09384198
0.0,0.09702991
0.0,0.0333156
0.0,0.056121215
0.0,0.0869813
0.0,0.13649161
0.0,0.07900478
0.0,0.077657595
0.0,0.04799012
0.0,0.1193963
0.0,0.16270474
0.0,0.09139439
0.0,0.10621036
0.0,0.12661426
0.0,0.07390346
0.0,0.09284343
0.0,0.04714226
0.0,0.10309091
1.0,0.10017109
1.0,0.086167455
0.0,0.11867459
0.0,0.06251633
0.0,0.07816552
0.0,0.07998458
0.0,0.070960306
0.0,0.09985755
0.0,0.09905397
0.0,0.083836734
1.0,0.07384248
0.0,0.09269707
0.0,0.067516446
0.0,0.01940655
0.0,0.09160069
0.0,0.13076381
0.0,0.08326585
0.0,0.07162627
0.0,0.11018746
0.0,0.110168085
1.0,0.08172886
0.0,0.07477936
0.0,0.11788021
0.0,0.0926557
1.0,0.05020213
0.0,0.086725414
0.0,0.068587705
0.0,0.06948275
0.0,0.06156284
0.0,0.09724145
0.0,0.09770684
2.0,0.08693416
0.0,0.06481585
0.0,0.068923704
0.0,0.08237284
0.0,0.07931511
0.0,0.061299354
0.0,0.09157903
0.0,0.044102967
0.0,0.06684882
0.0,0.08745894
0.0,0.06918621
1.0,0.03965316
0.0,0.095425576
0.0,0.05131257
0.0,0.08621422
0.0,0.038283534
0.0,0.08779739
0.0,0.061934642
0.0,0.03302569
0.0,0.1361985
0.0,0.111358754
0.0,0.06406868
0.0,0.07754331
0.0,0.07380671
0.0,0.12453514
0.0,0.008903599
0.0,0.0673868
0.0,0.111736804
0.0,0.09018791
1.0,0.07090213
1.0,0.054937642
0.0,0.09048105
0.0,0.023982376
0.0,0.043807626
0.0,0.07907409
1.0,0.04177988
0.0,0.07228867
0.0,0.09754182
0.0,0.08773572
0.0,0.096988395
0.0,0.112429
0.0,0.14642458
0.0,0.08208365
0.0,0.14831096
0.0,0.054102875
0.0,0.059341796
0.0,0.017775504
0.0,0.0331027
0.0,0.08051146
0.0,0.058619477
0.0,0.123185225
0.0,0.14076792
0.0,0.10369124
0.0,0.08843325
0.0,0.05729869
0.0,0.11377112
0.0,0.0797516
0.0,0.0824159
0.0,0.09882622
0.0,0.076232456
0.0,0.061835833
0.0,0.07831875
0.0,0.10551609
0.0,0.08323473
0.0,0.11586816
0.0,0.089713566
0.0,0.08289994
0.0,0.086874604
0.0,0.06740102
0.0,0.12489061
0.0,0.111069314
0.0,0.12034946
0.0,0.08050351
0.0,0.04904992
0.0,0.09400162
0.0,0.05982995
1.0,0.05999323
0.0,0.08874889
0.0,0.05256878
0.0,0.14373522
0.0,0.054367498
0.0,0.103719056
0.0,0.042225376
0.0,0.05048405
0.0,0.14271213
0.0,0.11415461
1.0,0.062354732
0.0,0.02684967
0.0,0.07801226
0.0,0.090446174
0.0,0.09047454
0.0,0.10869552
0.0,0.06780542
0.0,0.13221714
0.0,0.11966324
0.0,0.05700597
0.0,0.07087722
0.0,0.08942203
0.0,0.13204917
0.0,0.1118604
0.0,0.10939571
0.0,0.07783207
0.0,0.07499474
0.0,0.06934302
0.0,0.07594348
0.0,0.11538166
0.0,0.114344925
0.0,0.091748245
0.0,0.086679116
0.0,0.07384047
0.0,0.040792137
0.0,0.10225895
0.0,0.084351346
0.0,0.078399755
0.0,0.10422413
0.0,0.05881335
0.0,0.16777302
0.0,0.07937213
1.0,0.08106348
0.0,0.09044182
0.0,0.10624951
0.0,0.05656881
0.0,0.11343499
0.0,0.03994293
0.0,0.11444642
0.0,0.09542235
0.0,0.07556266
0.0,0.051094122
0.0,0.07932128
0.0,0.05358697
0.0,0.10763839
0.0,0.04623834
0.0,0.037865195
0.0,0.12446542
0.0,0.07896996
0.0,0.0907906
0.0,0.06436099
0.0,0.06507153
0.0,0.09577899
0.0,0.09242374
0.0,0.07762757
0.0,0.04398869
0.0,0.08924659
0.0,0.08444421
0.0,0.071212426
0.0,0.1435939
0.0,0.09229049
1.0,0.06862611
0.0,0.051125694
1.0,0.022889031
1.0,0.046129417
0.0,0.10459541
1.0,0.06025718
0.0,0.13595316
0.0,0.057912327
0.0,0.07076338
0.0,0.095197365
0.0,0.11411167
0.0,0.06413217
0.0,0.062667355
0.0,0.079947464
1.0,0.08118975
0.0,0.08548528
0.0,0.061940167
0.0,0.09466753
0.0,0.08860552
0.0,0.07698056
0.0,0.059321765
0.0,0.08287722
0.0,0.12526883
0.0,0.054073937
0.0,0.05088916
0.0,0.0633135
0.0,0.034092184
0.0,0.12417391
0.0,0.083200045
0.0,0.1248462
0.0,0.1050701
0.0,0.082850546
0.0,0.081177086
0.0,0.0652354
0.0,0.07242383
1.0,0.07068983
0.0,0.07991353
0.0,0.08691237
0.0,0.06925521
0.0,0.08335978
0.0,0.10496348
0.0,0.07670871
0.0,0.07974854
0.0,0.081159696
0.0,0.065156356
0.0,0.12715131
0.0,0.08422984
0.0,0.08437987
0.0,0.09962997
1.0,0.12790398
0.0,0.11878527
0.0,0.109526694
0.0,0.13048169
0.0,0.088929966
0.0,0.12539916
0.0,0.110835865
0.0,0.06572749
0.0,0.064999945
0.0,0.120689705
0.0,0.0949701
0.0,0.12394391
0.0,0.07694713
0.0,0.124415636
0.0,0.13371018
0.0,0.10988076
0.0,0.07736631
0.0,0.057055876
0.0,0.08999866
0.0,0.119647235
0.0,0.06418722
0.0,0.06918829
0.0,0.103383884
0.0,0.050111536
0.0,0.08341734
0.0,0.05294994
0.0,0.10137841
0.0,0.050553694
0.0,0.13347855
0.0,0.08432931
0.0,0.08039253
0.0,0.07033417
0.0,0.057608347
1.0,0.11696141
0.0,0.05566146
0.0,0.14072639
0.0,0.107361816
0.0,0.12645943
0.0,0.034804888
0.0,0.06935489
0.0,0.055957064
0.0,0.07505056
0.0,0.0869275
0.0,0.106539376
0.0,0.11516805
0.0,0.05979929
0.0,0.09691449
0.0,0.08813526
0.0,0.06416488
0.0,0.14268471
0.0,0.07187794
1.0,0.038438268
0.0,0.12721571
0.0,0.0883898
0.0,0.056852505
0.0,0.070414536
0.0,0.090018004
0.0,0.08568749
0.0,0.07041836
0.0,0.071637064
0.0,0.08533383
0.0,0.11753755
0.0,0.053816218
0.0,0.10742168
0.0,0.073579535
0.0,0.11091276
0.0,0.13776226
1.0,0.11254201
0.0,0.07070553
0.0,0.05332514
0.0,0.07412106
0.0,0.04709383
0.0,0.051814243
0.0,0.14153157
0.0,0.07037788
0.0,0.097216524
0.0,0.11219272
0.0,0.041415617
0.0,0.07903389
0.0,0.062966496
0.0,0.05317188
0.0,0.118959285
0.0,0.16218345
0.0,0.06616521
0.0,0.10583786
0.0,0.10731969
0.0,0.06712389
0.0,0.063041545
0.0,0.092266686
0.0,0.056306247
0.0,0.05894682
0.0,0.08964205
0.0,0.087059245
0.0,0.04518541
0.0,0.10550608
0.0,0.0534793
0.0,0.07763994
1.0,0.052828126
0.0,0.09810918
0.0,0.09386948
0.0,0.047835827
0.0,0.10156372
0.0,0.09954829
0.0,0.060573827
0.0,0.08952135
0.0,0.045520242
0.0,0.12983987
0.0,0.07281959
0.0,0.12292869
0.0,0.07158161
0.0,0.05775098
0.0,0.0832377
0.0,0.08151661
0.0,0.06287817
0.0,0.11246653
1.0,0.053418107
0.0,0.11549144
0.0,0.071307436
0.0,0.071930766
0.0,0.085268125
0.0,0.032109194
0.0,0.073013514
0.0,0.09306764
0.0,0.15589318
0.0,0.05742955
0.0,0.11302204
0.0,0.121661864
1.0,0.094400585
1.0,0.12357549
0.0,0.08640626
0.0,0.10813377
0.0,0.091525264
0.0,0.043851245
0.0,0.14206049
0.0,0.07372669
0.0,0.114774264
0.0,0.07561803
0.0,0.09765446
0.0,0.08693579
0.0,0.098480396
0.0,0.090719
0.0,0.107751414
0.0,0.1326136
0.0,0.09542972
0.0,0.08538282
0.0,0.047644198
0.0,0.06192912
0.0,0.08405912
0.0,0.06117878
0.0,0.06819276
0.0,0.112568334
0.0,0.07313965
0.0,0.053518996
0.0,0.056995183
0.0,0.13203903
0.0,0.06282783
0.0,0.15083429
0.0,0.079257496
0.0,0.09204839
0.0,0.13200384
0.0,0.01350915
0.0,0.08720341
0.0,0.08379243
0.0,0.06881629
0.0,0.0882738
0.0,0.051477917
0.0,0.05363585
0.0,0.15312363
0.0,0.08972587
0.0,0.08728743
0.0,0.06751704
0.0,0.03679697
0.0,0.0706508
0.0,0.08288571
0.0,0.065515056
0.0,0.11351218
0.0,0.066610165
0.0,0.13679777
0.0,0.06640394
0.0,0.099324346
0.0,0.08741522
0.0,0.07813825
0.0,0.07577711
0.0,0.06358874
0.0,0.07562414
0.0,0.05497264
1.0,0.10828782
0.0,0.10115993
0.0,0.06647476
0.0,0.07670999
0.0,0.1412717
0.0,0.110189855
0.0,0.08589795
0.0,0.083224446
0.0,0.0896817
0.0,0.075296775
0.0,0.049760178
0.0,0.05892718
0.0,0.14572643
0.0,0.08313647
0.0,0.11775445
0.0,0.07467925
0.0,0.018948978
0.0,0.13449657
0.0,0.15356538
0.0,0.07673785
1.0,0.062264528
0.0,0.09238952
0.0,0.08317117
0.0,0.070346974
0.0,0.12336331
0.0,0.0606394
0.0,0.104470745
0.0,0.109322265
0.0,0.15014765
0.0,0.06876866
0.0,0.0785411
0.0,0.10853989
0.0,0.054771196
0.0,0.09283911
0.0,0.11406931
0.0,0.093881115
2.0,0.0853042
0.0,0.08566181
0.0,0.12828763
0.0,0.09598585
0.0,0.104706585
0.0,0.068242766
0.0,0.09964826
0.0,0.10573059
1.0,0.1077009
0.0,0.13058868
0.0,0.12521517
0.0,0.12717077
0.0,0.09518227
0.0,0.0625347
0.0,0.07089194
1.0,0.03966989
0.0,0.09219027
0.0,0.09804649
0.0,0.10404817
0.0,0.082164496
0.0,0.13448003
0.0,0.1433723
0.0,0.0603972
0.0,0.1175556
0.0,0.069715746
0.0,0.104295194
0.0,0.111083664
0.0,0.1189868
0.0,0.038990464
0.0,0.080115736
0.0,0.08170915
0.0,0.10554457
0.0,0.07762455
0.0,0.05331099
1.0,0.087757915
0.0,0.051783986
0.0,0.047004975
0.0,0.08965805
0.0,0.08248114
0.0,0.113827474
0.0,0.056776606
0.0,0.106097
0.0,0.06828172
0.0,0.09585319
0.0,0.0515268
0.0,0.15958935
0.0,0.10440476
0.0,0.056028847
0.0,0.049574606
0.0,0.06681519
0.0,0.07992778
0.0,0.017045047
0.0,0.09978508
0.0,0.07724794
0.0,0.08566768
0.0,0.080165416
0.0,0.06975347
0.0,0.08391843
0.0,0.098409936
0.0,0.12679228
0.0,0.05069682
0.0,0.13364962
0.0,0.09201522
0.0,0.11587827
0.0,0.07213211
1.0,0.076372825
0.0,0.03774499
0.0,0.073274955
0.0,0.06664994
0.0,0.037919357
0.0,0.10184126
0.0,0.04629369
0.0,0.14075622
0.0,0.10716661
0.0,0.09822883
0.0,0.08972683
1.0,0.07818784
0.0,0.073978975
0.0,0.10725344
0.0,0.09568609
0.0,0.06800408
0.0,0.08493697
0.0,0.06647696
1.0,0.09385793
0.0,0.08607446
0.0,0.09934879
0.0,0.032363735
0.0,0.102053724
0.0,0.107929155
0.0,0.0607342
0.0,0.14842245
0.0,0.108296596
0.0,0.10312832
0.0,0.09242232
0.0,0.09971473
1.0,0.13259378
0.0,0.08875367
0.0,0.09375425
0.0,0.095434085
0.0,0.067535736
0.0,0.07233438
0.0,0.10587892
0.0,0.046888024
0.0,0.036815114
1.0,0.08376799
0.0,0.062005192
0.0,0.07243447
0.0,0.026649192
0.0,0.12236048
0.0,0.14494449
0.0,0.062166568
0.0,0.056581948
0.0,0.12714289
0.0,0.096857026
0.0,0.08577737
0.0,0.08936329
0.0,0.076707795
0.0,0.079819135
0.0,0.09805619
1.0,0.11552364
0.0,0.08998923
0.0,0.08270301
0.0,0.07658449
1.0,0.10265739
0.0,0.11288077
0.0,0.095140204
0.0,0.074871294
0.0,0.055189624
0.0,0.12746072
0.0,0.118148215
0.0,0.07066559
0.0,0.069983564
0.0,0.053235825
0.0,0.048316598
0.0,0.08793435
0.0,0.069799885
0.0,0.06922102
0.0,0.09454496
0.0,0.06291981
0.0,0.09180831
0.0,0.09260045
0.0,0.122908585
0.0,0.14301577
0.0,0.08156854
0.0,0.06147334
0.0,0.106036484
0.0,0.06969199
0.0,0.06580369
0.0,0.13396737
0.0,0.08100633
0.0,0.049785193
0.0,0.08544876
0.0,0.055724584
0.0,0.07854449
0.0,0.121022105
0.0,0.12851883
0.0,0.08796358
0.0,0.082412064
0.0,0.059168395
0.0,0.08611525
0.0,0.13065583
0.0,0.11539676
0.0,0.070191875
1.0,0.07434842
0.0,0.1264567
0.0,0.04869369
0.0,0.059164442
0.0,0.06901754
0.0,0.055572987
0.0,0.11263908
0.0,0.080501035
0.0,0.07877307
0.0,0.10161919
0.0,0.08261653
0.0,0.08378812
0.0,0.10334825
0.0,0.09147119
0.0,0.048906956
0.0,0.08274095
0.0,0.06633577
0.0,0.10716861
0.0,0.14888449
1.0,0.04776273
0.0,0.1163563
0.0,0.08471639
0.0,0.11432645
0.0,0.1309852
0.0,0.11861442
0.0,0.06697723
0.0,0.13136782
0.0,0.06779295
0.0,0.06564786
0.0,0.086520046
0.0,0.08698733
0.0,0.07536768
0.0,0.10302528
0.0,0.06572188
0.0,0.10958142
0.0,0.07147618
0.0,0.12551013
0.0,0.12934206
0.0,0.089659594
0.0,0.08128326
0.0,0.08032088
0.0,0.04537179
0.0,0.10708314
0.0,0.07210362
0.0,0.03672462
0.0,0.10346144
0.0,0.021895345
0.0,0.088045746
0.0,0.12632631
0.0,0.07564881
0.0,0.07183488
0.0,0.10482586
0.0,0.08226158
0.0,0.048291676
0.0,0.102799445
0.0,0.1359208
1.0,0.06698828
0.0,0.07443366
0.0,0.09563268
0.0,0.07184245
0.0,0.116016544
0.0,0.05749564
1.0,0.14980355
0.0,0.12407722
0.0,0.060447477
0.0,0.07525223
2.0,0.07998144
0.0,0.062555395
0.0,0.06148237
0.0,0.09632319
0.0,0.10373051
0.0,0.11263387
0.0,0.055165526
0.0,0.03744426
0.0,0.09857022
0.0,0.098599836
0.0,0.092209965
0.0,0.076203495
0.0,0.13925226
0.0,0.06224691
0.0,0.1277951
0.0,0.065897405
0.0,0.101885855
0.0,0.06077228
0.0,0.10131588
0.0,0.032599404
0.0,0.08547246
0.0,0.07478091
0.0,0.093684845
0.0,0.13720092
0.0,0.07988998
0.0,0.064410426
0.0,0.0996488
0.0,0.1189083
0.0,0.10421414
0.0,0.10756748
1.0,0.0759866
0.0,0.084418185
1.0,0.1260223
0.0,0.093490705
0.0,0.07099735
1.0,0.05656378
0.0,0.103299916
0.0,0.05189337
0.0,0.05114559
0.0,0.07946406
0.0,0.07373731
0.0,0.06560374
0.0,0.07923813
0.0,0.08267838
0.0,0.07692397
0.0,0.08898842
0.0,0.09237534
0.0,0.067427106
0.0,0.122247286
0.0,0.050967783
0.0,0.086174846
0.0,0.07095181
0.0,0.02130046
0.0,0.07388319
0.0,0.10846383
0.0,0.12650983
0.0,0.073335834
0.0,0.08541967
0.0,0.053528156
0.0,0.076406375
0.0,0.061396357
2.0,0.072290845
0.0,0.07303646
0.0,0.1273119
1.0,0.11262468
0.0,0.049023103
0.0,0.040972613
0.0,0.08461328
0.0,0.095406786
0.0,0.0827184
0.0,0.12722427
0.0,0.08737932
0.0,0.049422443
0.0,0.04325662
0.0,0.08313798
0.0,0.11061105
1.0,0.016500024
0.0,0.11535649
0.0,0.067119695
0.0,0.10244912
0.0,0.101853356
0.0,0.09004733
0.0,0.062418483
0.0,0.08329881
0.0,0.13612853
0.0,0.12876551
0.0,0.042013712
0.0,0.09569761
0.0,0.12447278
0.0,0.09169027
0.0,0.06959705
0.0,0.08961794
0.0,0.07074675
0.0,0.10387333
0.0,0.07851678
0.0,0.09571117
0.0,0.10441527
0.0,0.12439686
0.0,0.062494606
0.0,0.04696839
0.0,0.08769735
0.0,0.13152549
0.0,0.03555112
1.0,0.08886621
0.0,0.12097139
0.0,0.09284951
0.0,0.090046376
0.0,0.14509138
0.0,0.1457869
0.0,0.12960333
0.0,0.07252309
1.0,0.08571563
0.0,0.04984188
0.0,0.09181908
0.0,0.07446256
0.0,0.08262622
0.0,0.065998174
0.0,0.078726046
0.0,0.09024854
0.0,0.06743362
0.0,0.055284843
0.0,0.05051557
0.0,0.06101252
0.0,0.07716069
0.0,0.06183899
0.0,0.07133396
0.0,0.106218815
0.0,0.090794176
0.0,0.07518218
0.0,0.13100824
0.0,0.0620219
0.0,0.082251556
0.0,0.08530741
0.0,0.09222993
0.0,0.030777868
0.0,0.036136623
0.0,0.11543658
0.0,0.14479539
0.0,0.08709334
0.0,0.065206915
0.0,0.09685795
0.0,0.14659373
0.0,0.10999082
0.0,0.04019206
0.0,0.10819141
0.0,0.11473407
0.0,0.09401206
0.0,0.08015342
0.0,0.07115123
0.0,0.15673059
0.0,0.075529896
0.0,0.07001584
0.0,0.022698116
0.0,0.113574766
0.0,0.12050258
0.0,0.045403086
0.0,0.033400014
0.0,0.054714225
0.0,0.08424012
0.0,0.08786
0.0,0.07438161
0.0,0.068187274
0.0,0.05297719
0.0,0.08984178
0.0,0.07014978
0.0,0.10837021
0.0,0.101480365
0.0,0.10599599
0.0,0.10150425
0.0,0.076703645
0.0,0.070220426
0.0,0.11337338
0.0,0.078895286
0.0,0.05428647
0.0,0.018497556
0.0,0.04964961
0.0,0.08418128
0.0,0.089383155
0.0,0.13223729
0.0,0.050828945
0.0,0.0760196
0.0,0.099821225
0.0,0.060261406
0.0,0.065686725
0.0,0.10930845
0.0,0.053467583
1.0,0.08981332
0.0,0.08613161
0.0,0.1398614
0.0,0.034213454
0.0,0.10483081
0.0,0.090760216
0.0,0.08436591
0.0,0.09585038
0.0,0.05492033
0.0,0.06733075
0.0,0.10599599
0.0,0.114280336
0.0,0.08000276
0.0,0.09229714
0.0,0.0963026
0.0,0.05925592
0.0,0.07130813
1.0,0.13661925
0.0,0.09806928
0.0,0.08344915
0.0,0.037470184
0.0,0.0746835
0.0,0.07271974
0.0,0.13764833
0.0,0.11679836
0.0,0.09203261
1.0,0.05184673
0.0,0.11022257
0.0,0.12114447
0.0,0.07541623
0.0,0.10988388
0.0,0.052299835
0.0,0.08458157
0.0,0.071362756
0.0,0.02912042
0.0,0.12333046
0.0,0.13246372
1.0,0.082844146
0.0,0.109779924
0.0,0.106486455
0.0,0.09386921
0.0,0.05468642
0.0,0.14853698
0.0,0.05757226
0.0,0.09711601
0.0,0.09258096
0.0,0.089147955
0.0,0.15040271
0.0,0.114921056
0.0,0.13904302
0.0,0.04568492
0.0,0.11130768
0.0,0.14603257
0.0,0.0904995
0.0,0.0755509
0.0,0.10205951
0.0,0.094747014
0.0,0.05206142
0.0,0.07987705
0.0,0.121791884
0.0,0.08189693
0.0,0.06854947
0.0,0.11446825
0.0,0.08267379
0.0,0.10677314
0.0,0.09044911
1.0,0.08827162
0.0,0.07362595
0.0,0.06623526
0.0,0.07039479
0.0,0.07695293
0.0,0.06615292
0.0,0.052701723
0.0,0.058477417
0.0,0.070203505
0.0,0.07818672
0.0,0.057462692
0.0,0.101680264
0.0,0.10943842
1.0,0.07992438
0.0,0.091372386
0.0,0.074473105
0.0,0.09472013
0.0,0.054362316
0.0,0.10408728
0.0,0.091002285
0.0,0.055401564
1.0,0.08527717
0.0,0.098429315
0.0,0.08665188
0.0,0.057513762
0.0,0.08129417
0.0,0.12858029
1.0,0.11229141
0.0,0.07752937
0.0,0.14897253
0.0,0.06630573
0.0,0.060247112
0.0,0.090907134
0.0,0.114400014
0.0,0.11809513
0.0,0.041451406
0.0,0.083075605
0.0,0.10213057
0.0,0.0602313
0.0,0.09989048
0.0,0.07872167
0.0,0.066625014
0.0,0.07740481
0.0,0.052834578
0.0,0.06871051
0.0,0.11307457
0.0,0.0717327
0.0,0.093960345
0.0,0.13498916
0.0,0.112016045
0.0,0.0903288
1.0,0.09922072
0.0,0.08334513
0.0,0.06121771
0.0,0.049717274
0.0,0.13200192
0.0,0.1016599
0.0,0.05427697
0.0,0.034001924
0.0,0.09414781
0.0,0.13458909
0.0,0.0735447
0.0,0.08291985
0.0,0.09293908
0.0,0.09541538
0.0,0.08378055
0.0,0.114083216
0.0,0.06345878
0.0,0.08025836
0.0,0.072126105
0.0,0.113618694
0.0,0.15141694
0.0,0.05867886
0.0,0.08286034
1.0,0.05286424
0.0,0.07243093
0.0,0.029358367
0.0,0.11694354
0.0,0.06393567
0.0,0.119457886
0.0,0.104832985
0.0,0.10783137
0.0,0.08004914
0.0,0.050223943
0.0,0.06934659
0.0,0.05268064
0.0,0.11212124
0.0,0.064360075
0.0,0.09945318
0.0,0.07194265
0.0,0.11544002
1.0,0.116402306
0.0,0.050059997
0.0,0.096310906
0.0,0.0840752
0.0,0.077595614
0.0,0.06630187
0.0,0.116544925
0.0,0.078362405
0.0,0.09091115
0.0,0.09154798
0.0,0.08946705
0.0,0.0880145
0.0,0.0524768
0.0,0.082497716
1.0,0.12894225
0.0,0.06878779
1.0,0.06004433
0.0,0.091789186
0.0,0.08569323
0.0,0.0815427
0.0,0.08639215
1.0,0.10249415
0.0,0.038630094
0.0,0.11412432
0.0,0.039447926
0.0,0.12703075
0.0,0.081642255
0.0,0.06508573
0.0,0.08370215
0.0,0.08589403
0.0,0.08513507
0.0,0.10384255
0.0,0.113247804
0.0,0.07347565
0.0,0.054789793
0.0,0.06694722
0.0,0.08790356
0.0,0.09671188
1.0,0.08440669
0.0,0.1417613
0.0,0.08709928
0.0,0.14167532
1.0,0.056391854
0.0,0.12862201
0.0,0.080180064
0.0,0.09297387
0.0,0.07693614
0.0,0.063349456
0.0,0.07669734
0.0,0.11740776
0.0,0.097020745
0.0,0.1414794
0.0,0.0848693
0.0,0.09861831
0.0,0.033883724
0.0,0.08346087
0.0,0.06639381
0.0,0.038336866
0.0,0.088830665
0.0,0.086163834
0.0,0.103693835
0.0,0.06889765
0.0,0.055670775
0.0,0.108863115
0.0,0.102558315
0.0,0.07445589
0.0,0.064815216
0.0,0.06445282
0.0,0.10467404
0.0,0.12844072
1.0,0.09725697
0.0,0.13188066
0.0,0.052203104
0.0,0.08224508
0.0,0.15338024
0.0,0.08348821
0.0,0.080953605
0.0,0.082831666
0.0,0.11728723
0.0,0.065949775
0.0,0.11979344
0.0,0.12617601
0.0,0.05412962
0.0,0.102682605
0.0,0.086219445
0.0,0.12200791
2.0,0.094253235
0.0,0.103809625
0.0,0.07621923
0.0,0.057908714
0.0,0.062013164
0.0,0.09127399
0.0,0.055793688
0.0,0.08826961
0.0,0.13264105
0.0,0.09183718
0.0,0.0727589
0.0,0.13386211
0.0,0.0733154
0.0,0.070266016
0.0,0.10162021
0.0,0.080382794
0.0,0.06991742
0.0,0.10155893
0.0,0.070127636
0.0,0.06329459
0.0,0.018169578
0.0,0.056293145
0.0,0.06314754
0.0,0.07304886
0.0,0.063012786
0.0,0.09408888
0.0,0.08505408
0.0,0.049132206
0.0,0.07756848
0.0,0.0515868
0.0,0.08690554
0.0,0.11321325
0.0,0.05613576
0.0,0.06522137
0.0,0.07804595
0.0,0.06819379
0.0,0.10484988
0.0,0.09824628
0.0,0.13616776
1.0,0.07536434
0.0,0.08454718
0.0,0.07086
0.0,0.08552221
0.0,0.021140922
0.0,0.021584298
0.0,0.08528878
0.0,0.1521044
0.0,0.07090653
0.0,0.055541277
1.0,0.07236108
1.0,0.10407363
0.0,0.068551645
0.0,0.063872755
0.0,0.12443248
0.0,0.076214865
0.0,0.112323545
0.0,0.0613071
1.0,0.03230088
0.0,0.07547494
0.0,0.06972601
0.0,0.084222056
0.0,0.08860351
0.0,0.08950889
0.0,0.10048713
0.0,0.080053896
0.0,0.13160086
0.0,0.04011026
1.0,0.0851334
0.0,0.10839039
0.0,0.05913415
0.0,0.06360804
0.0,0.09286359
0.0,0.072765455
0.0,0.096884646
0.0,0.08912159
0.0,0.068337835
0.0,0.11412495
0.0,0.098055206
0.0,0.06436235
0.0,0.1201181
0.0,0.14493324
0.0,0.114794925
1.0,0.08346755
0.0,0.08295254
0.0,0.09195642
1.0,0.08815092
1.0,0.07504969
1.0,0.06089651
0.0,0.049861215
1.0,0.09476371
0.0,0.12304827
0.0,0.10370521
0.0,0.07043546
0.0,0.0995725
0.0,0.06475963
0.0,0.0770969
0.0,0.0748407
0.0,0.045329243
0.0,0.15418193
0.0,0.10475129
0.0,0.08864647
0.0,0.085995264
0.0,0.09239134
0.0,0.054743152
0.0,0.05824238
0.0,0.10357366
0.0,0.082689166
0.0,0.064431004
0.0,0.10602468
0.0,0.07764377
1.0,0.077816285
0.0,0.10672964
0.0,0.0832306
0.0,0.10957956
0.0,0.10287852
0.0,0.106166355
0.0,0.054025445
0.0,0.08174114
0.0,0.062376086
0.0,0.0668599
0.0,0.05877152
0.0,0.1032359
0.0,0.10094868
0.0,0.04913648
0.0,0.083700284
1.0,0.08685352
1.0,0.037065912
0.0,0.10979856
0.0,0.07579959
0.0,0.064674266
0.0,0.110524006
0.0,0.0594607
1.0,0.06405785
0.0,0.10855575
0.0,0.07964837
0.0,0.101171985
1.0,0.061434675
0.0,0.09412954
0.0,0.11453587
0.0,0.07813333
0.0,0.086091354
0.0,0.09219621
0.0,0.105389096
0.0,0.06661996
0.0,0.054125812
0.0,0.09495882
0.0,0.07937953
0.0,0.0817588
0.0,0.13164166
0.0,0.09331474
0.0,0.0912375
0.0,0.096131854
0.0,0.08828285
0.0,0.07388895
0.0,0.048588507
0.0,0.090696186
0.0,0.060708504
0.0,0.055650115
0.0,0.08064188
1.0,0.043307517
0.0,0.11354293
1.0,0.031790633
0.0,0.05680263
0.0,0.07270642
0.0,0.09609668
0.0,0.08593855
0.0,0.10227321
0.0,0.0911476
1.0,0.022820838
0.0,0.074194066
0.0,0.07965321
0.0,0.07911326
0.0,0.03679551
1.0,0.093504906
0.0,0.057569023
0.0,0.07784579
0.0,0.13003221
0.0,0.07938663
0.0,0.06588686
0.0,0.052627843
0.0,0.10244988
0.0,0.07332335
0.0,0.080920935
0.0,0.08528057
0.0,0.088559315
0.0,0.07115856
0.0,0.108440384
0.0,0.054107763
1.0,0.14270955
0.0,0.07258664
0.0,0.07711036
0.0,0.12290407
0.0,0.021951042
0.0,0.090439536
0.0,0.073533446
0.0,0.07614977
1.0,0.044111297
0.0,0.0647386
0.0,0.106575474
0.0,0.019740175
0.0,0.12246491
0.0,0.080284886
0.0,0.1250558
0.0,0.094294704
0.0,0.10838775
0.0,0.084364384
0.0,0.08949201
0.0,0.07643283
0.0,0.12322265
0.0,0.052497797
0.0,0.08327125
0.0,0.123628624
0.0,0.050423134
0.0,0.0736292
0.0,0.072603755
0.0,0.12520103
0.0,0.10861421
0.0,0.08431357
0.0,0.104591995
0.0,0.06464159
0.0,0.10208916
0.0,0.07178896
0.0,0.017204294
0.0,0.06370888
0.0,0.11587634
0.0,0.12202749
0.0,0.08490521
0.0,0.10923571
1.0,0.08720487
0.0,0.065005615
0.0,0.029286778
0.0,0.105784506
0.0,0.07621538
0.0,0.11453494
0.0,0.045518182
0.0,0.095179364
0.0,0.11474849
0.0,0.06232483
0.0,0.08813341
0.0,0.09772799
0.0,0.057613097
0.0,0.06993893
0.0,0.10364871
0.0,0.09875558
1.0,0.094323955
0.0,0.07311411
0.0,0.122789934
0.0,0.063928105
0.0,0.024077004
0.0,0.08918522
0.0,0.1023056
0.0,0.077267945
0.0,0.14917895
0.0,0.07308154
0.0,0.03393135
0.0,0.017006451
0.0,0.06944136
0.0,0.04682398
0.0,0.1229056
0.0,0.09655673
0.0,0.065044716
0.0,0.112621196
0.0,0.10382713
0.0,0.1162453
0.0,0.049866233
0.0,0.11735375
0.0,0.039725162
0.0,0.12051031
0.0,0.11261966
0.0,0.08271693
0.0,0.054771785
0.0,0.07371861
0.0,0.11513722
0.0,0.074522786
0.0,0.056319755
0.0,0.07181594
0.0,0.022370309
0.0,0.11755759
0.0,0.1267142
0.0,0.10407365
0.0,0.05258387
0.0,0.112436935
0.0,0.09604901
1.0,0.10913898
0.0,0.012914687
0.0,0.12739763
0.0,0.08680599
0.0,0.05615636
0.0,0.013174438
0.0,0.14770882
0.0,0.06278553
0.0,0.0740714
0.0,0.07462653
0.0,0.060897406
1.0,0.113442704
1.0,0.029316796
1.0,0.103225216
0.0,0.07472166
0.0,0.032508783
0.0,0.068820916
0.0,0.05575092
0.0,0.10584919
0.0,0.072482996
0.0,0.115868464
0.0,0.12720616
0.0,0.08777353
0.0,0.1306414
0.0,0.0978906
0.0,0.046046477
0.0,0.08915213
0.0,0.060819723
0.0,0.081222855
0.0,0.08750211
0.0,0.0920507
0.0,0.072768524
0.0,0.08330079
0.0,0.11543
0.0,0.11978601
0.0,0.07857332
0.0,0.10640767
1.0,0.08651714
0.0,0.07583134
0.0,0.09412896
0.0,0.080943264
0.0,0.02265427
0.0,0.016924195
0.0,0.027916364
0.0,0.10380451
0.0,0.0387716
0.0,0.053060997
0.0,0.11570396
0.0,0.06940547
0.0,0.08825202
0.0,0.01258729
0.0,0.12158833
0.0,0.059295744
0.0,0.12055528
0.0,0.08421157
0.0,0.082518905
0.0,0.11144449
0.0,0.11231211
0.0,0.07934899
0.0,0.08269808
0.0,0.103321984
0.0,0.082731605
0.0,0.066542484
0.0,0.057352226
0.0,0.14101909
0.0,0.07536655
0.0,0.10150185
0.0,0.059329048
0.0,0.13971058
0.0,0.067897186
1.0,0.09645055
0.0,0.1194921
0.0,0.13634813
1.0,0.1082794
0.0,0.0965947
0.0,0.10146009
0.0,0.12820572
0.0,0.075505845
0.0,0.033737723
0.0,0.11784621
0.0,0.08473901
0.0,0.07446703
0.0,0.079731286
0.0,0.1016267
0.0,0.09785067
0.0,0.09837292
0.0,0.120079674
0.0,0.032628823
0.0,0.12719086
0.0,0.084313706
0.0,0.062061988
0.0,0.066254176
0.0,0.092284486
0.0,0.10393972
0.0,0.096815236
0.0,0.11381482
0.0,0.04697837
0.0,0.054330386
0.0,0.05177231
0.0,0.06905292
0.0,0.13985205
0.0,0.06969839
0.0,0.08338942
0.0,0.056900088
0.0,0.06088781
0.0,0.089711174
0.0,0.06397856
0.0,0.07145531
0.0,0.10120053
0.0,0.13176122
0.0,0.05995551
0.0,0.11888835
0.0,0.11005929
0.0,0.07230288
0.0,0.04460042
0.0,0.09471399
0.0,0.0625184
0.0,0.1043526
0.0,0.036703717
0.0,0.08756083
0.0,0.054181837
0.0,0.058412395
0.0,0.10764304
0.0,0.08672645
0.0,0.104955204
0.0,0.07447825
0.0,0.062417205
0.0,0.105012394
0.0,0.07142331
0.0,0.0919764
0.0,0.06804891
0.0,0.067246236
0.0,0.14061096
0.0,0.11898507
0.0,0.10858456
0.0,0.12877524
0.0,0.07144427
0.0,0.10822636
0.0,0.07198503
0.0,0.10980359
0.0,0.056350175
0.0,0.09023467
0.0,0.15366969
0.0,0.09386948
0.0,0.05141595
0.0,0.08866666
0.0,0.096361846
0.0,0.07090247
0.0,0.13431677
0.0,0.10855575
0.0,0.09597361
0.0,0.11954481
0.0,0.035213362
0.0,0.097217426
0.0,0.14158165
0.0,0.07945359
0.0,0.07049778
0.0,0.078400895
0.0,0.08463426
0.0,0.09262794
0.0,0.06227584
0.0,0.074561134
0.0,0.09088078
0.0,0.07647891
0.0,0.06643988
0.0,0.07885811
0.0,0.118719555
0.0,0.10159768
0.0,0.03664994
0.0,0.040615514
0.0,0.074988306
0.0,0.078757495
0.0,0.07540543
0.0,0.08298118
0.0,0.052545384
0.0,0.043718856
0.0,0.095632315
0.0,0.04602648
0.0,0.115060605
0.0,0.06366304
0.0,0.08174083
0.0,0.075199895
0.0,0.0823162
0.0,0.110242225
0.0,0.016093908
0.0,0.11325016
0.0,0.07517483
1.0,0.09894583
0.0,0.11452937
0.0,0.11828263
0.0,0.06998006
0.0,0.099398494
0.0,0.13442752
0.0,0.098900676
0.0,0.04310704
0.0,0.09092437
0.0,0.10288586
0.0,0.09290022
0.0,0.09051646
0.0,0.07791724
0.0,0.11921602
0.0,0.13964048
0.0,0.08991957
0.0,0.05568847
0.0,0.10651606
0.0,0.0935633
0.0,0.07865395
0.0,0.08975075
0.0,0.10727106
0.0,0.06850797
0.0,0.09144299
0.0,0.10033398
0.0,0.05509586
0.0,0.10068543
0.0,0.06791493
0.0,0.10663234
0.0,0.09062866
1.0,0.11019009
1.0,0.080040745
0.0,0.13011625
0.0,0.08489142
0.0,0.05920446
0.0,0.08570717
0.0,0.096138455
0.0,0.06411292
0.0,0.10492665
0.0,0.04285811
0.0,0.12298456
0.0,0.050695345
0.0,0.13437808
0.0,0.053668622
0.0,0.114640094
0.0,0.07145601
0.0,0.061901856
0.0,0.06903447
0.0,0.13023345
0.0,0.074462645
0.0,0.093052104
0.0,0.09229593
0.0,0.059694447
0.0,0.1339688
0.0,0.11522103
0.0,0.09308575
0.0,0.06596773
0.0,0.12555765
0.0,0.09688626
0.0,0.08166414
0.0,0.10750395
0.0,0.04361039
0.0,0.060323086
0.0,0.13373116
0.0,0.06960873
0.0,0.11204302
0.0,0.12721442
0.0,0.13929236
0.0,0.075586535
0.0,0.046977103
0.0,0.0926044
0.0,0.066530205
0.0,0.09929958
0.0,0.05654679
0.0,0.06440468
0.0,0.076814756
0.0,0.05173506
0.0,0.074064285
1.0,0.07550783
0.0,0.054444276
0.0,0.0909642
0.0,0.013257995
0.0,0.071645945
0.0,0.0741603
0.0,0.07615491
0.0,0.081933156
0.0,0.08685226
0.0,0.09084654
0.0,0.13339208
0.0,0.04407014
0.0,0.0813906
0.0,0.06876395
0.0,0.0718322
1.0,0.09182035
0.0,0.12203572
0.0,0.14278324
0.0,0.07859689
0.0,0.09662983
0.0,0.06575355
0.0,0.055985782
0.0,0.08894475
0.0,0.07661035
0.0,0.0755493
0.0,0.014054764
0.0,0.076981485
0.0,0.04740661
0.0,0.076830134
0.0,0.15536536
1.0,0.095082656
0.0,0.0625271
0.0,0.0912776
0.0,0.072985284
0.0,0.11317911
0.0,0.084099434
0.0,0.077806175
0.0,0.120859794
0.0,0.01566633
0.0,0.0948371
0.0,0.08189255
0.0,0.067174576
1.0,0.06881438
0.0,0.1093004
0.0,0.07680039
0.0,0.083145946
0.0,0.10445655
0.0,0.11302347
0.0,0.10474712
0.0,0.056749918
0.0,0.08178385
0.0,0.07791607
0.0,0.10569853
0.0,0.12629758
0.0,0.13943493
0.0,0.06881632
0.0,0.11423212
0.0,0.074580856
0.0,0.09160218
0.0,0.06877774
0.0,0.049855605
0.0,0.08798875
0.0,0.09702857
0.0,0.037030164
0.0,0.10627115
0.0,0.054648012
0.0,0.11593224
0.0,0.07918821
0.0,0.12184689
0.0,0.11383795
0.0,0.07118591
0.0,0.099232554
0.0,0.06275704
0.0,0.11994611
0.0,0.083835036
0.0,0.07917294
0.0,0.10365804
0.0,0.10090226
0.0,0.09529608
0.0,0.1164794
0.0,0.11344795
0.0,0.12691107
0.0,0.090619154
0.0,0.028045965
0.0,0.08898203
0.0,0.09866697
0.0,0.07224913
0.0,0.065587886
0.0,0.076872796
0.0,0.09479447
0.0,0.10130496
0.0,0.12833478
1.0,0.07651032
1.0,0.07350407
0.0,0.055143327
0.0,0.07112586
0.0,0.075109296
0.0,0.1107648
0.0,0.07632223
0.0,0.04682804
0.0,0.08828048
0.0,0.042524222
0.0,0.1049765
0.0,0.038337752
0.0,0.13139684
0.0,0.102551885
0.0,0.09588309
0.0,0.07712639
0.0,0.106800005
0.0,0.09107496
0.0,0.0947894
0.0,0.07692633
0.0,0.071090676
0.0,0.05951179
0.0,0.066936046
0.0,0.051883176
0.0,0.12092773
0.0,0.082089305
0.0,0.07860528
0.0,0.06251797
0.0,0.1152938
0.0,0.115631655
0.0,0.1100469
0.0,0.10927625
0.0,0.071837924
0.0,0.06860882
0.0,0.07636556
0.0,0.118546546
0.0,0.074978545
0.0,0.09386129
0.0,0.0640249
0.0,0.03946329
0.0,0.06569096
0.0,0.13062511
0.0,0.07752163
0.0,0.1023076
0.0,0.06410146
0.0,0.051507715
0.0,0.10485848
0.0,0.123480484
0.0,0.10280178
0.0,0.07302326
0.0,0.074433945
0.0,0.07077748
0.0,0.07035724
0.0,0.07479957
0.0,0.11388866
0.0,0.013762666
0.0,0.07503833
0.0,0.04807882
0.0,0.106508695
0.0,0.082947746
1.0,0.08072739
1.0,0.069751024
1.0,0.08336036
0.0,0.07474459
0.0,0.0838851
0.0,0.048265718
0.0,0.07580276
0.0,0.0779951
0.0,0.0801421
0.0,0.07425039
0.0,0.09089576
0.0,0.057810053
0.0,0.05829503
1.0,0.11737882
0.0,0.09473163
0.0,0.10526635
0.0,0.08672856
0.0,0.117443234
0.0,0.10003743
1.0,0.09716274
0.0,0.08596125
0.0,0.09669539
0.0,0.05243034
0.0,0.06541281
0.0,0.11584515
0.0,0.12210117
0.0,0.08363825
0.0,0.08407732
0.0,0.10621365
0.0,0.08115901
0.0,0.09337099
0.0,0.0624082
0.0,0.09640827
1.0,0.108899176
0.0,0.13760413
0.0,0.12360334
0.0,0.11046023
0.0,0.07019204
0.0,0.020599082
0.0,0.053029884
0.0,0.015206768
0.0,0.073516056
0.0,0.091594666
0.0,0.09339689
0.0,0.07669767
0.0,0.06825087
0.0,0.048193656
0.0,0.08363823
0.0,0.14240898
0.0,0.098915346
1.0,0.083229326
0.0,0.088979885
0.0,0.122028306
0.0,0.12330605
0.0,0.08537108
0.0,0.07218773
0.0,0.083004564
0.0,0.078496754
0.0,0.11439368
0.0,0.084798224
0.0,0.09794336
0.0,0.15596095
0.0,0.077287436
0.0,0.11912791
0.0,0.086205386
0.0,0.11501916
0.0,0.09435054
0.0,0.073501684
0.0,0.0762422
0.0,0.09199558
0.0,0.11190809
0.0,0.084265396
0.0,0.082941994
0.0,0.047794685
0.0,0.09848474
0.0,0.09433482
0.0,0.08298577
0.0,0.11716471
0.0,0.091309816
0.0,0.036686305
0.0,0.10003286
0.0,0.07530871
0.0,0.09684174
0.0,0.13326658
0.0,0.10455524
1.0,0.073467694
0.0,0.15889257
0.0,0.09042843
0.0,0.12144104
0.0,0.04049412
0.0,0.07983065
0.0,0.06217008
0.0,0.04290033
1.0,0.10859678
0.0,0.06571605
0.0,0.09255198
0.0,0.09343858
0.0,0.083824165
0.0,0.078729555
0.0,0.08440567
0.0,0.09004855
0.0,0.08239508
0.0,0.08322167
0.0,0.07811653
0.0,0.12782061
0.0,0.07366417
0.0,0.11865739
0.0,0.04942131
0.0,0.10338512
0.0,0.07305308
0.0,0.10187264
0.0,0.086230755
0.0,0.1293594
0.0,0.05758673
1.0,0.086605
0.0,0.060970757
0.0,0.10270513
0.0,0.071481586
1.0,0.096787356
0.0,0.07001043
0.0,0.13671668
0.0,0.058653127
0.0,0.13747829
0.0,0.15119095
0.0,0.04150721
0.0,0.08216573
0.0,0.10897647
0.0,0.12486617
0.0,0.1112959
0.0,0.07883016
0.0,0.06780354
0.0,0.04718832
0.0,0.07713079
0.0,0.08141585
1.0,0.08060599
0.0,0.09663748
0.0,0.0665733
0.0,0.062905595
0.0,0.14291085
0.0,0.14551562
0.0,0.0775459
0.0,0.12849723
0.0,0.12463655
0.0,0.08019707
0.0,0.11979718
0.0,0.11989015
0.0,0.10084767
0.0,0.060170785
0.0,0.111270726
0.0,0.07516237
0.0,0.06012226
0.0,0.043449193
0.0,0.09360829
0.0,0.06873345
0.0,0.10401642
0.0,0.05550404
0.0,0.106757335
1.0,0.052855544
0.0,0.041165125
0.0,0.07483941
0.0,0.111368366
0.0,0.11386688
0.0,0.13728237
0.0,0.09847194
0.0,0.06343358
0.0,0.09011792
0.0,0.16192412
0.0,0.0921632
0.0,0.08948572
1.0,0.10793127
0.0,0.09596434
0.0,0.1243785
0.0,0.12577343
0.0,0.083051756
0.0,0.043815013
0.0,0.09607977
0.0,0.08249493
0.0,0.08387691
0.0,0.103922576
1.0,0.060008194
0.0,0.06968013
0.0,0.059569735
0.0,0.092235744
1.0,0.08891
0.0,0.062202595
0.0,0.16344
0.0,0.09984603
0.0,0.07583553
0.0,0.10452306
0.0,0.109014355
0.0,0.09550073
0.0,0.09610282
0.0,0.120075494
0.0,0.1513215
0.0,0.09565596
0.0,0.104679406
0.0,0.074615926
0.0,0.07852188
0.0,0.08335658
0.0,0.103673786
0.0,0.10174914
0.0,0.07443428
0.0,0.08737832
0.0,0.11031474
0.0,0.07276207
0.0,0.057472557
0.0,0.086056836
0.0,0.1319164
1.0,0.089439705
0.0,0.075109586
0.0,0.008980918
0.0,0.016688129
1.0,0.07872885
0.0,0.05715754
0.0,0.086807586
0.0,0.030433746
0.0,0.1178903
0.0,0.08191526
1.0,0.124569386
0.0,0.060768224
0.0,0.06808815
0.0,0.08473875
0.0,0.06566728
0.0,0.048177157
0.0,0.12315533
1.0,0.05578012
0.0,0.10655594
0.0,0.101817936
0.0,0.0644906
0.0,0.07460623
0.0,0.107822396
0.0,0.08048022
0.0,0.067942984
0.0,0.04602886
0.0,0.052580934
0.0,0.047244675
0.0,0.09753833
0.0,0.048288394
0.0,0.037978437
0.0,0.09242307
0.0,0.05151841
0.0,0.06315353
0.0,0.09123106
1.0,0.11624428
0.0,0.08423651
0.0,0.055922225
0.0,0.13521595
0.0,0.10425532
0.0,0.07034255
0.0,0.11053378
0.0,0.11720365
0.0,0.071611375
0.0,0.089475214
0.0,0.115921296
0.0,0.07461023
0.0,0.07033681
0.0,0.05288611
0.0,0.093118936
0.0,0.05625346
0.0,0.06421871
0.0,0.070204794
0.0,0.06703361
0.0,0.066367656
0.0,0.092987195
0.0,0.06853306
0.0,0.07846381
0.0,0.10205353
0.0,0.068141446
0.0,0.079064295
0.0,0.014514711
0.0,0.0663111
0.0,0.07989697
0.0,0.10389547
0.0,0.07246591
0.0,0.07825928
0.0,0.04840255
0.0,0.086771995
0.0,0.063313514
0.0,0.061070576
0.0,0.087151416
1.0,0.13008934
0.0,0.08193099
0.0,0.07384232
0.0,0.06701685
0.0,0.08762142
0.0,0.13168299
0.0,0.059665196
0.0,0.07147489
0.0,0.043608133
0.0,0.07237635
0.0,0.06621214
0.0,0.036437124
0.0,0.07620331
0.0,0.03237319
0.0,0.04468575
0.0,0.0886014
0.0,0.090934925
0.0,0.07280667
0.0,0.07924246
0.0,0.06728386
0.0,0.09554779
0.0,0.045916032
0.0,0.10458224
0.0,0.10851916
0.0,0.07844266
0.0,0.08416182
0.0,0.11075944
0.0,0.11968353
0.0,0.07717274
0.0,0.053854324
0.0,0.09318487
0.0,0.0642229
0.0,0.076908946
0.0,0.087277114
0.0,0.08179314
0.0,0.09498821
0.0,0.12849851
0.0,0.112628125
0.0,0.123298116
0.0,0.048754886
0.0,0.07858299
0.0,0.10423419
0.0,0.044559795
0.0,0.053128973
0.0,0.10823901
0.0,0.07487695
0.0,0.12580083
0.0,0.06269923
0.0,0.06360055
0.0,0.11975483
0.0,0.022554245
0.0,0.1413534
0.0,0.10264467
1.0,0.08353954
0.0,0.10089329
0.0,0.11944584
0.0,0.032423373
0.0,0.073744215
0.0,0.11345022
0.0,0.11515328
0.0,0.09838882
0.0,0.13682924
0.0,0.05736117
0.0,0.09218359
0.0,0.09464257
0.0,0.114527404
0.0,0.063722156
0.0,0.048536126
0.0,0.03717242
0.0,0.068283685
0.0,0.08059881
0.0,0.05174531
0.0,0.07641599
0.0,0.106204614
0.0,0.06339832
0.0,0.12843573
0.0,0.09675002
0.0,0.08208703
0.0,0.058415044
0.0,0.042707413
0.0,0.05440762
0.0,0.09178207
0.0,0.07170589
0.0,0.108851984
0.0,0.072738364
0.0,0.09831493
0.0,0.08550896
0.0,0.062511295
0.0,0.09620598
0.0,0.10961081
0.0,0.14966744
0.0,0.041267127
0.0,0.09175125
0.0,0.07722275
0.0,0.09362452
0.0,0.12247209
0.0,0.08297521
0.0,0.07158403
1.0,0.10591811
0.0,0.098703325
0.0,0.05009352
0.0,0.1114864
0.0,0.08406405
0.0,0.06458878
0.0,0.09310659
0.0,0.06022883
0.0,0.13094467
0.0,0.069640055
0.0,0.0738976
0.0,0.031839635
0.0,0.09160495
0.0,0.15091099
0.0,0.057976805
0.0,0.062183704
0.0,0.10130365
0.0,0.07662091
0.0,0.104271725
0.0,0.080739364
0.0,0.06950361
0.0,0.0834506
1.0,0.08943464
0.0,0.084557295
0.0,0.087296546
0.0,0.037972208
0.0,0.12694383
0.0,0.057798695
1.0,0.10273236
0.0,0.12510122
0.0,0.10790502
0.0,0.10767309
0.0,0.10821099
0.0,0.09325508
0.0,0.09689386
0.0,0.05848829
0.0,0.08752458
0.0,0.10234256
0.0,0.06773986
0.0,0.058721017
0.0,0.078477815
0.0,0.15878364
0.0,0.09156689
0.0,0.084579274
0.0,0.11279995
0.0,0.113760024
0.0,0.048264153
0.0,0.08059712
0.0,0.105921715
0.0,0.034969013
0.0,0.03956476
0.0,0.111021444
0.0,0.12485906
0.0,0.112905204
0.0,0.027971495
0.0,0.08259971
0.0,0.03364891
0.0,0.13178311
0.0,0.060272295
0.0,0.05225432
0.0,0.093538344
0.0,0.11172572
0.0,0.071479164
0.0,0.061993677
0.0,0.101918094
0.0,0.11193804
0.0,0.047607046
0.0,0.08204661
0.0,0.07507295
0.0,0.07579172
0.0,0.055603523
0.0,0.12627964
0.0,0.0661162
0.0,0.071758494
0.0,0.077169746
0.0,0.116281755
0.0,0.11823399
0.0,0.05088381
0.0,0.051078655
0.0,0.11444852
0.0,0.08883071
0.0,0.12552784
0.0,0.099332966
0.0,0.06602326
0.0,0.10044198
0.0,0.1449668
0.0,0.061866548
0.0,0.11948731
0.0,0.070378885
0.0,0.11164246
0.0,0.026038898
0.0,0.082824714
0.0,0.083026856
0.0,0.06839649
0.0,0.08733589
0.0,0.12038031
0.0,0.031134447
1.0,0.06349617
1.0,0.080160506
0.0,0.044770848
0.0,0.06147881
0.0,0.1019179
0.0,0.11444857
0.0,0.037496082
0.0,0.08631328
0.0,0.06955427
0.0,0.088716604
0.0,0.07666758
0.0,0.015912622
0.0,0.0970164
1.0,0.06582547
0.0,0.08605064
0.0,0.078380994
0.0,0.091457054
0.0,0.10191283
0.0,0.0760762
0.0,0.12460167
0.0,0.082628034
0.0,0.06938801
0.0,0.11327216
0.0,0.11943027
0.0,0.022754576
0.0,0.12365916
0.0,0.043287076
0.0,0.028190253
0.0,0.12092145
0.0,0.11910896
0.0,0.12282451
0.0,0.090921916
0.0,0.0782258
0.0,0.117226064
0.0,0.07117373
0.0,0.036460437
0.0,0.07472896
0.0,0.07186828
0.0,0.05308843
0.0,0.09899264
0.0,0.13564315
0.0,0.13591707
0.0,0.06159571
0.0,0.09251222
0.0,0.12229818
1.0,0.08804384
0.0,0.106725626
0.0,0.12365675
0.0,0.030275052
0.0,0.10085993
0.0,0.088330895
0.0,0.10143293
0.0,0.096456826
0.0,0.08933688
0.0,0.09086581
0.0,0.13182595
1.0,0.099154584
0.0,0.09634556
0.0,0.038316425
0.0,0.15031493
0.0,0.13365622
0.0,0.098738305
0.0,0.057773344
0.0,0.09078379
0.0,0.07303818
0.0,0.08664393
0.0,0.08538431
0.0,0.083159626
0.0,0.056578737
0.0,0.067268625
0.0,0.11701901
0.0,0.12560089
0.0,0.08297139
0.0,0.094937086
0.0,0.097418174
0.0,0.072757065
0.0,0.1111127
0.0,0.07310322
0.0,0.09101908
0.0,0.10025584
0.0,0.05063084
0.0,0.093957074
0.0,0.09838976
0.0,0.106301025
0.0,0.108965114
0.0,0.11185123
0.0,0.0979044
0.0,0.0886231
1.0,0.0881252
0.0,0.10793281
0.0,0.03759093
0.0,0.07892309
0.0,0.11603439
0.0,0.11903101
0.0,0.085374944
0.0,0.07715858
0.0,0.09739068
0.0,0.09180914
0.0,0.05713044
0.0,0.06367049
0.0,0.062425256
0.0,0.0973797
0.0,0.10544665
0.0,0.08539432
0.0,0.12293637
0.0,0.11166854
0.0,0.06246542
0.0,0.11860286
0.0,0.066178255
0.0,0.03738849
1.0,0.07294353
0.0,0.114511974
0.0,0.04592733
0.0,0.07768643
0.0,0.07046014
0.0,0.07691841
0.0,0.06157194
0.0,0.08673071
0.0,0.07093233
0.0,0.014631621
0.0,0.10089129
0.0,0.1136314
0.0,0.07567587
0.0,0.07253905
0.0,0.10740726
0.0,0.07588791
1.0,0.068082616
0.0,0.08992103
0.0,0.016664457
0.0,0.10850814
1.0,0.079134256
0.0,0.09316417
0.0,0.11377464
0.0,0.018734092
0.0,0.07457637
0.0,0.10629246
0.0,0.05108455
0.0,0.08169417
0.0,0.113713115
0.0,0.12683412
0.0,0.09607189
0.0,0.083508596
0.0,0.0431785
0.0,0.12900236
0.0,0.019701837
0.0,0.121701494
0.0,0.07370335
0.0,0.13828763
0.0,0.093159236
0.0,0.0623377
0.0,0.061403967
0.0,0.08583277
0.0,0.113321275
0.0,0.061910387
0.0,0.074654184
0.0,0.07664718
0.0,0.06340681
0.0,0.061098784
0.0,0.12525032
0.0,0.099902034
0.0,0.05727696
0.0,0.159628
0.0,0.09196852
0.0,0.065583445
0.0,0.078323945
0.0,0.07567168
0.0,0.101703614
0.0,0.06557494
0.0,0.08660685
0.0,0.07572662
0.0,0.09624044
0.0,0.12199258
0.0,0.09958413
0.0,0.11540441
0.0,0.06579098
0.0,0.055414245
0.0,0.045066804
0.0,0.11012989
0.0,0.055580154
0.0,0.089152105
0.0,0.09563432
0.0,0.08261761
0.0,0.085209414
0.0,0.11466237
0.0,0.1449531
0.0,0.07684186
0.0,0.111639954
0.0,0.061655954
1.0,0.08806836
0.0,0.075043894
0.0,0.050286166
0.0,0.057205256
0.0,0.110425316
0.0,0.08423175
0.0,0.033017445
0.0,0.09684035
0.0,0.06046424
0.0,0.11184115
0.0,0.098474644
0.0,0.121223554
0.0,0.06826629
0.0,0.08187918
0.0,0.06854483
0.0,0.029613927
0.0,0.09186357
0.0,0.06544702
0.0,0.10998841
0.0,0.05149196
0.0,0.07155611
0.0,0.12677285
0.0,0.09528571
0.0,0.080486126
0.0,0.1307495
0.0,0.12183957
0.0,0.098816395
0.0,0.05186216
0.0,0.11623912
0.0,0.090424806
0.0,0.06980967
0.0,0.11383822
0.0,0.08224528
0.0,0.051217575
0.0,0.10805808
0.0,0.07614523
0.0,0.083988324
0.0,0.06693335
0.0,0.08517182
0.0,0.0690547
0.0,0.08787404
0.0,0.12751725
0.0,0.080025636
0.0,0.02626393
0.0,0.115350604
0.0,0.083768144
0.0,0.062256083
0.0,0.09075606
0.0,0.07438874
0.0,0.08194114
0.0,0.0934217
0.0,0.07362088
0.0,0.052021928
0.0,0.05109461
0.0,0.077209204
0.0,0.10598214
0.0,0.048793796
0.0,0.050454415
0.0,0.11690131
0.0,0.046612702
0.0,0.12847123
0.0,0.122067265
0.0,0.067590535
0.0,0.08728646
0.0,0.039529026
1.0,0.05219209
0.0,0.06403324
0.0,0.08404806
0.0,0.09607308
0.0,0.09108063
0.0,0.08736451
0.0,0.0910483
0.0,0.110836685
0.0,0.12756877
0.0,0.14280364
0.0,0.061861005
0.0,0.08230028
0.0,0.13440035
0.0,0.07747176
0.0,0.07736142
0.0,0.10564608
0.0,0.090866804
2.0,0.09783677
0.0,0.114948735
0.0,0.12818228
0.0,0.14648117
0.0,0.07861407
0.0,0.077858314
0.0,0.090166196
0.0,0.08949368
0.0,0.019520925
0.0,0.09642445
0.0,0.08388354
0.0,0.06509456
0.0,0.07391417
0.0,0.10074128
0.0,0.12199316
0.0,0.059892334
0.0,0.13522518
0.0,0.1020484
0.0,0.07136665
0.0,0.14164943
0.0,0.10392805
0.0,0.12369013
0.0,0.10257289
0.0,0.13086908
0.0,0.12615623
0.0,0.10896873
0.0,0.08925851
0.0,0.088686466
0.0,0.082552694
0.0,0.08077764
0.0,0.075214885
0.0,0.08214299
0.0,0.06523487
0.0,0.12448934
0.0,0.085943446
0.0,0.052748963
0.0,0.046023145
0.0,0.09614977
0.0,0.010233248
0.0,0.073897496
0.0,0.13391614
1.0,0.08334422
0.0,0.108166955
0.0,0.0767561
0.0,0.100000545
1.0,0.07060924
0.0,0.057665374
0.0,0.10162932
0.0,0.07489736
0.0,0.07450575
0.0,0.0656634
2.0,0.13313809
0.0,0.079870835
0.0,0.046458893
0.0,0.12225416
0.0,0.09815766
0.0,0.018891588
0.0,0.11344795
0.0,0.08724507
0.0,0.064495355
0.0,0.08148096
0.0,0.08394764
0.0,0.110839665
0.0,0.08128369
0.0,0.12278522
0.0,0.11688982
0.0,0.07857845
0.0,0.08971057
0.0,0.074489936
0.0,0.042329814
0.0,0.06496676
0.0,0.0606949
0.0,0.0846629
0.0,0.0903959
0.0,0.0965853
0.0,0.066524334
0.0,0.15053228
0.0,0.081559144
0.0,0.09637205
0.0,0.07236405
0.0,0.07776274
0.0,0.09276423
0.0,0.05139671
0.0,0.05086152
0.0,0.06913901
0.0,0.0677532
0.0,0.07023096
0.0,0.069368504
0.0,0.075813785
0.0,0.094153196
0.0,0.09843321
0.0,0.095732
0.0,0.08853191
0.0,0.084837034
0.0,0.063327014
0.0,0.062895305
0.0,0.08806679
0.0,0.08142275
0.0,0.07209805
0.0,0.08970244
0.0,0.071233734
0.0,0.06716743
0.0,0.088907644
0.0,0.09698342
0.0,0.072322965
0.0,0.07272144
0.0,0.12128039
0.0,0.14579697
0.0,0.057114944
0.0,0.079732195
0.0,0.12427499
0.0,0.06683848
0.0,0.14624275
0.0,0.10690394
1.0,0.055750072
0.0,0.015346293
1.0,0.038241554
0.0,0.15508358
0.0,0.08576733
0.0,0.10832735
0.0,0.04499663
0.0,0.089065276
0.0,0.11577149
0.0,0.07704163
0.0,0.05653424
0.0,0.045016535
0.0,0.12975408
0.0,0.063871555
0.0,0.08539585
0.0,0.0916096
0.0,0.0999244
0.0,0.054323018
0.0,0.13288713
0.0,0.052295037
0.0,0.09738954
0.0,0.09185674
0.0,0.06774062
0.0,0.08637207
0.0,0.11984068
0.0,0.030320112
0.0,0.09468647
0.0,0.09627755
0.0,0.09308515
0.0,0.079594396
0.0,0.048179604
0.0,0.08013484
0.0,0.082716495
0.0,0.076844044
0.0,0.08052315
0.0,0.07899096
0.0,0.12963109
0.0,0.11252881
0.0,0.07694896
0.0,0.100291796
0.0,0.1563137
1.0,0.077528805
0.0,0.08021377
0.0,0.09698148
0.0,0.105840586
0.0,0.08716359
0.0,0.09548373
0.0,0.091239914
0.0,0.11701711
0.0,0.06697011
0.0,0.08359314
0.0,0.07189529
0.0,0.07839636
0.0,0.0657426
0.0,0.053219073
0.0,0.079327635
0.0,0.09889208
0.0,0.06642072
0.0,0.111649886
0.0,0.124301955
1.0,0.057504714
1.0,0.11434408
1.0,0.115785204
0.0,0.08533029
0.0,0.08582904
0.0,0.10509768
0.0,0.063992456
0.0,0.10544138
0.0,0.081608064
0.0,0.12057129
0.0,0.06671099
0.0,0.071564645
0.0,0.10050922
0.0,0.073692545
0.0,0.053994257
0.0,0.08804722
0.0,0.10799204
0.0,0.09179321
0.0,0.0863587
0.0,0.040092535
0.0,0.114763565
0.0,0.065836206
0.0,0.08554844
0.0,0.07848944
1.0,0.078693524
0.0,0.10126475
1.0,0.091497906
1.0,0.06708639
0.0,0.060418993
0.0,0.06719572
0.0,0.11243028
0.0,0.08643515
0.0,0.11051692
0.0,0.0578975
0.0,0.11178429
0.0,0.010060075
0.0,0.06766843
0.0,0.029798739
0.0,0.10306537
0.0,0.07363037
0.0,0.07243245
0.0,0.095031634
0.0,0.07672431
0.0,0.06854635
0.0,0.079953946
0.0,0.10880419
0.0,0.030419564
0.0,0.121190876
0.0,0.05177952
0.0,0.06980912
0.0,0.12379598
0.0,0.045483865
0.0,0.0590599
0.0,0.015479058
0.0,0.0862305
0.0,0.112239294
0.0,0.07379355
0.0,0.12232845
0.0,0.071813315
0.0,0.13674803
0.0,0.12828115
0.0,0.0708991
0.0,0.11587529
0.0,0.06550256
0.0,0.09249011
0.0,0.074129775
0.0,0.07060705
0.0,0.12997733
0.0,0.1292788
0.0,0.05359571
0.0,0.054226138
0.0,0.09966467
0.0,0.123405755
0.0,0.13643165
0.0,0.114002734
0.0,0.06161353
0.0,0.07832187
0.0,0.070206515
0.0,0.070199706
0.0,0.044175938
0.0,0.08682249
0.0,0.081227176
0.0,0.08670094
0.0,0.06606461
0.0,0.0797295
0.0,0.078814484
0.0,0.07500763
0.0,0.04812924
0.0,0.013261524
0.0,0.07205268
0.0,0.13101088
0.0,0.083594814
0.0,0.12761745
0.0,0.09377459
1.0,0.07893179
0.0,0.11397414
0.0,0.12243974
0.0,0.064156815
0.0,0.06358408
0.0,0.058446027
0.0,0.053498354
0.0,0.07738419
0.0,0.07739865
0.0,0.09280339
0.0,0.07923807
0.0,0.07565711
0.0,0.10200517
0.0,0.090427786
0.0,0.09550818
0.0,0.089428216
0.0,0.067919366
0.0,0.080122806
0.0,0.016483359
0.0,0.111279905
0.0,0.07750993
0.0,0.08205633
0.0,0.045913637
0.0,0.09328084
0.0,0.025925579
0.0,0.07114436
0.0,0.08099362
0.0,0.10005
0.0,0.022074513
0.0,0.0880055
0.0,0.028139394
0.0,0.09345892
0.0,0.089585155
1.0,0.121304855
0.0,0.08682317
0.0,0.10750023
0.0,0.048118018
0.0,0.07163395
0.0,0.11000813
0.0,0.14085068
0.0,0.07435842
1.0,0.029034462
0.0,0.10013193
0.0,0.11719041
0.0,0.103719056
0.0,0.082378656
0.0,0.10388571
0.0,0.11718566
0.0,0.04128799
0.0,0.018853437
0.0,0.13944176
0.0,0.09332781
0.0,0.09539676
0.0,0.015511798
0.0,0.12522554
0.0,0.08610775
0.0,0.09850968
0.0,0.09186907
0.0,0.09939918
0.0,0.07707472
0.0,0.082915284
0.0,0.08462086
0.0,0.051896967
1.0,0.09987719
0.0,0.08808293
0.0,0.109397516
0.0,0.09385946
0.0,0.07927106
0.0,0.08773447
0.0,0.088670485
0.0,0.105279624
0.0,0.06710847
0.0,0.117390804
0.0,0.056276172
0.0,0.09225123
0.0,0.14956799
0.0,0.0732322
0.0,0.13364388
0.0,0.0928276
0.0,0.089432545
0.0,0.09353188
0.0,0.10957217
0.0,0.118015304
0.0,0.04871603
0.0,0.10087157
0.0,0.067617096
0.0,0.026242735
0.0,0.06540562
0.0,0.09444502
0.0,0.055933747
0.0,0.15331668
0.0,0.1017455
0.0,0.10215614
0.0,0.0706751
0.0,0.09178931
0.0,0.09835331
0.0,0.0352029
0.0,0.108269565
0.0,0.095216766
0.0,0.10614158
0.0,0.06421006
0.0,0.11380891
0.0,0.07565065
0.0,0.05073544
0.0,0.026194852
1.0,0.066752896
0.0,0.06842012
0.0,0.072941914
0.0,0.08960709
0.0,0.040692154
0.0,0.069727115
0.0,0.13694999
0.0,0.0680597
0.0,0.071539395
0.0,0.087553196
0.0,0.0700115
0.0,0.05990363
0.0,0.101094514
0.0,0.11247334
0.0,0.077017024
0.0,0.14215219
0.0,0.0945933
0.0,0.09996839
0.0,0.06004151
0.0,0.07097306
0.0,0.08729536
0.0,0.08189644
0.0,0.057953324
0.0,0.08024611
0.0,0.11284242
0.0,0.048124462
0.0,0.05666461
0.0,0.07548493
0.0,0.07458573
0.0,0.13380846
1.0,0.045949005
0.0,0.077862546
0.0,0.063521765
0.0,0.049375895
0.0,0.06048255
0.0,0.0724466
0.0,0.10884168
0.0,0.06469832
0.0,0.06974607
0.0,0.09190196
0.0,0.091594905
0.0,0.088386364
0.0,0.11115467
0.0,0.100167364
0.0,0.07896386
0.0,0.11220593
0.0,0.09628161
0.0,0.07329767
0.0,0.0585452
0.0,0.112410076
1.0,0.06639391
0.0,0.10248081
0.0,0.07876692
0.0,0.07708352
0.0,0.060939223
1.0,0.08120893
0.0,0.032174405
0.0,0.15226941
0.0,0.08652283
0.0,0.09426105
0.0,0.08510654
0.0,0.09611409
0.0,0.10853903
0.0,0.060333543
0.0,0.121710196
0.0,0.06560381
0.0,0.10307975
0.0,0.13786224
0.0,0.116278425
0.0,0.05349247
0.0,0.080962695
0.0,0.07557632
0.0,0.08260798
0.0,0.14669193
0.0,0.06866523
0.0,0.06654883
0.0,0.07043199
0.0,0.10584419
0.0,0.13518068
0.0,0.07704946
0.0,0.04428895
0.0,0.1513547
0.0,0.06388709
0.0,0.106745854
0.0,0.08246669
0.0,0.06518136
0.0,0.05812516
0.0,0.12035747
0.0,0.07861966
0.0,0.11255186
0.0,0.13108842
0.0,0.13748886
0.0,0.09998138
0.0,0.049313717
0.0,0.110135645
0.0,0.07055583
0.0,0.09171258
0.0,0.12316564
0.0,0.10252404
0.0,0.10050687
0.0,0.1298837
0.0,0.09624571
0.0,0.089445084
0.0,0.06881632
0.0,0.07087007
0.0,0.042429976
0.0,0.06914907
0.0,0.06885417
0.0,0.06860166
0.0,0.043642685
0.0,0.09888601
0.0,0.12853001
0.0,0.093535714
0.0,0.09084253
0.0,0.14150113
0.0,0.08943512
0.0,0.092544235
0.0,0.058626506
0.0,0.13946447
0.0,0.058087535
0.0,0.12984458
0.0,0.07518512
0.0,0.08603422
0.0,0.050757434
0.0,0.12433679
1.0,0.10257758
0.0,0.10148579
0.0,0.118231654
0.0,0.088643596
0.0,0.10047172
0.0,0.027530013
0.0,0.1048006
0.0,0.10623011
0.0,0.05396391
0.0,0.17160054
0.0,0.091719024
0.0,0.034614503
0.0,0.105113216
0.0,0.08330222
0.0,0.060281277
0.0,0.09186351
0.0,0.1189935
0.0,0.096767604
1.0,0.078156
0.0,0.03339924
0.0,0.09112355
1.0,0.08815985
0.0,0.07705322
0.0,0.10676861
1.0,0.08963147
0.0,0.038014565
0.0,0.04084696
0.0,0.07493822
0.0,0.10785282
0.0,0.11283161
0.0,0.082332276
0.0,0.09466563
0.0,0.06481169
0.0,0.053695563
0.0,0.07379033
0.0,0.11496293
0.0,0.09794282
0.0,0.06654924
0.0,0.028261121
0.0,0.08792441
0.0,0.08519066
0.0,0.14619923
0.0,0.047981758
0.0,0.10032733
0.0,0.05243739
0.0,0.063278444
0.0,0.10523797
0.0,0.0687422
0.0,0.110734515
0.0,0.07888207
0.0,0.0931962
0.0,0.09950861
0.0,0.112347804
0.0,0.0781056
0.0,0.07722874
0.0,0.1147825
0.0,0.084320545
0.0,0.07392793
0.0,0.11126746
2.0,0.058376394
0.0,0.09171249
0.0,0.066706665
0.0,0.07507005
0.0,0.06421918
0.0,0.11454471
0.0,0.08083694
0.0,0.12853442
0.0,0.11695985
0.0,0.05971378
0.0,0.058506772
0.0,0.04285437
0.0,0.087786466
0.0,0.09495882
0.0,0.059039667
0.0,0.07869326
0.0,0.051982414
0.0,0.15095212
0.0,0.036225077
0.0,0.039431095
0.0,0.06482321
0.0,0.059394136
0.0,0.019290753
0.0,0.104661815
0.0,0.07476883
0.0,0.101760104
0.0,0.05556432
0.0,0.11660533
0.0,0.09235151
1.0,0.08184446
0.0,0.102663904
0.0,0.120292865
0.0,0.10294896
0.0,0.07242273
0.0,0.08488581
0.0,0.02265209
0.0,0.0670003
0.0,0.12879594
0.0,0.09264512
0.0,0.06770486
0.0,0.12518407
0.0,0.077561915
0.0,0.062403783
0.0,0.045408376
0.0,0.13267621
0.0,0.14853737
0.0,0.112853535
0.0,0.08616491
0.0,0.08339779
0.0,0.022651482
0.0,0.10767409
0.0,0.08409857
0.0,0.118987
0.0,0.021001458
0.0,0.08008602
0.0,0.08782582
0.0,0.07352471
0.0,0.05330892
0.0,0.09243341
0.0,0.092317894
0.0,0.027019627
0.0,0.059436366
0.0,0.07787443
0.0,0.11891777
0.0,0.124004476
0.0,0.09340693
1.0,0.060603887
0.0,0.09296589
0.0,0.12581092
0.0,0.06100528
1.0,0.06658686
0.0,0.14580365
0.0,0.030206406
0.0,0.14526649
0.0,0.07826764
0.0,0.074454
0.0,0.09230772
0.0,0.10606928
1.0,0.07287586
0.0,0.07340537
0.0,0.09918759
0.0,0.07072604
0.0,0.08765776
0.0,0.08637149
0.0,0.10981089
0.0,0.08435887
0.0,0.054027233
0.0,0.13593371
0.0,0.092200294
0.0,0.065803625
0.0,0.15035656
0.0,0.105218776
0.0,0.079518564
0.0,0.07525192
0.0,0.08819105
0.0,0.07478264
0.0,0.06962731
0.0,0.07022438
0.0,0.08430587
0.0,0.06406957
0.0,0.13497467
1.0,0.117164455
0.0,0.07187642
0.0,0.017913159
0.0,0.11659645
0.0,0.08541075
0.0,0.08446638
0.0,0.09166796
0.0,0.022963632
0.0,0.059926372
0.0,0.09085006
0.0,0.06402942
0.0,0.08103515
0.0,0.08623702
0.0,0.12671506
1.0,0.06421865
0.0,0.0677251
0.0,0.078021415
0.0,0.10272756
0.0,0.066059604
0.0,0.08933364
0.0,0.069550954
0.0,0.080642514
1.0,0.11282593
0.0,0.100110635
0.0,0.051856264
0.0,0.04072491
0.0,0.09879995
0.0,0.09880014
1.0,0.061497927
0.0,0.06024346
0.0,0.060447562
0.0,0.08206809
0.0,0.08863914
0.0,0.08988999
0.0,0.04791984
0.0,0.09668389
0.0,0.09989334
0.0,0.109459944
0.0,0.086395524
0.0,0.1022412
0.0,0.0840344
0.0,0.066874504
0.0,0.07624596
0.0,0.0064551737
0.0,0.10781425
0.0,0.056369632
0.0,0.064027265
1.0,0.091813385
0.0,0.111136146
0.0,0.084730625
0.0,0.091123916
0.0,0.09827915
0.0,0.073853284
0.0,0.12029335
0.0,0.05989689
0.0,0.06680882
0.0,0.08599399
0.0,0.06748111
0.0,0.09258531
0.0,0.11860003
0.0,0.07325597
0.0,0.015633704
1.0,0.07275574
0.0,0.098189
0.0,0.104895614
0.0,0.12950814
0.0,0.12452796
0.0,0.13256644
0.0,0.08903447
0.0,0.09201658
1.0,0.088579625
0.0,0.093091406
2.0,0.0997925
0.0,0.10096656
0.0,0.09898029
0.0,0.07885961
0.0,0.12892061
0.0,0.09311824
0.0,0.11526692
0.0,0.05658865
1.0,0.0389178
0.0,0.11508983
0.0,0.045592144
0.0,0.07240688
0.0,0.08345278
0.0,0.12637046
0.0,0.074658744
0.0,0.07568211
0.0,0.097065195
0.0,0.08790979
0.0,0.066388816
0.0,0.09317965
0.0,0.13205048
0.0,0.05433855
0.0,0.12204882
0.0,0.10790281
0.0,0.0848623
0.0,0.109146684
0.0,0.10688707
0.0,0.05925544
0.0,0.07348807
0.0,0.08873998
0.0,0.0570525
0.0,0.11005383
0.0,0.058693554
0.0,0.08008877
0.0,0.093603626
0.0,0.124655485
0.0,0.097305685
0.0,0.05869498
0.0,0.09714164
0.0,0.12497795
0.0,0.08034852
0.0,0.09047948
0.0,0.072664976
0.0,0.09140755
0.0,0.11727563
0.0,0.078633286
0.0,0.11442358
0.0,0.084244244
0.0,0.10264511
0.0,0.09966501
0.0,0.07517942
0.0,0.12163715
1.0,0.051099118
0.0,0.111883126
0.0,0.08486572
0.0,0.11395135
0.0,0.11702626
0.0,0.105913766
0.0,0.11020793
0.0,0.12514101
0.0,0.08427958
0.0,0.09923114
0.0,0.06329242
0.0,0.10255286
0.0,0.06526984
0.0,0.11541277
0.0,0.060425214
0.0,0.091413066
0.0,0.08844547
0.0,0.14053999
0.0,0.08733604
0.0,0.030838445
0.0,0.083880424
0.0,0.07514949
0.0,0.09040056
0.0,0.11116153
0.0,0.09582483
0.0,0.07435767
0.0,0.11347879
0.0,0.070525356
0.0,0.028113542
1.0,0.07478508
0.0,0.10089707
0.0,0.07737703
0.0,0.0882135
0.0,0.13019858
0.0,0.056092963
0.0,0.107248485
0.0,0.1343013
0.0,0.043179117
0.0,0.10562271
0.0,0.06804978
0.0,0.09548746
0.0,0.10380599
0.0,0.02068356
0.0,0.0842575
0.0,0.098832935
0.0,0.061359655
0.0,0.06443546
0.0,0.08073866
0.0,0.0898818
0.0,0.100128755
0.0,0.067359135
0.0,0.13062954
0.0,0.09007872
0.0,0.090930134
0.0,0.08707087
0.0,0.082810774
0.0,0.097275764
0.0,0.11675813
0.0,0.10153046
0.0,0.07664409
0.0,0.074360155
0.0,0.085292704
0.0,0.0874902
0.0,0.07186361
0.0,0.07546215
0.0,0.06507233
0.0,0.094694525
0.0,0.07480913
0.0,0.08490041
0.0,0.07502824
0.0,0.08810143
1.0,0.12758231
0.0,0.094322175
1.0,0.0811181
0.0,0.08217735
0.0,0.1290338
0.0,0.10452693
1.0,0.08621982
0.0,0.080613256
0.0,0.110200554
0.0,0.11437459
0.0,0.11154654
0.0,0.07209136
0.0,0.11190212
0.0,0.060423933
0.0,0.14158152
0.0,0.12412433
0.0,0.07437938
0.0,0.06709066
0.0,0.12546471
0.0,0.10608516
0.0,0.046348244
1.0,0.058748744
0.0,0.064404555
0.0,0.087947145
0.0,0.076051354
0.0,0.09202118
0.0,0.07967746
0.0,0.11445927
0.0,0.11140406
0.0,0.07894777
0.0,0.052314192
0.0,0.06624141
0.0,0.059863582
0.0,0.06547514
1.0,0.084673576
0.0,0.092201576
1.0,0.10451153
0.0,0.05888394
0.0,0.073253855
0.0,0.09842047
0.0,0.12316796
0.0,0.06691055
0.0,0.12682067
0.0,0.087685496
0.0,0.09844844
0.0,0.110019095
0.0,0.1194966
0.0,0.123871565
0.0,0.10614687
0.0,0.12485438
0.0,0.09343172
0.0,0.07229527
0.0,0.07489036
0.0,0.16701585
0.0,0.07909432
0.0,0.07790682
0.0,0.07155613
0.0,0.07104154
0.0,0.05992203
0.0,0.10082598
0.0,0.13934144
0.0,0.1416857
0.0,0.0662026
0.0,0.084529616
0.0,0.06783415
0.0,0.058980536
0.0,0.06814432
0.0,0.08146874
0.0,0.08659285
0.0,0.09970204
0.0,0.12957399
0.0,0.061315432
0.0,0.08582301
0.0,0.09335668
0.0,0.11888038
1.0,0.06833689
0.0,0.13956018
1.0,0.08780181
0.0,0.08289884
0.0,0.102622256
0.0,0.107890256
0.0,0.061074957
0.0,0.09194973
0.0,0.07956137
0.0,0.11273418
0.0,0.122732006
0.0,0.07429847
0.0,0.061376058
0.0,0.106280066
0.0,0.13146782
0.0,0.05348843
0.0,0.14988655
0.0,0.16105595
0.0,0.11952487
0.0,0.05107361
0.0,0.081634276
0.0,0.10969515
0.0,0.06727247
0.0,0.11207754
0.0,0.06568857
0.0,0.088522054
0.0,0.07929267
0.0,0.073326215
0.0,0.11555953
0.0,0.061736178
0.0,0.07100993
0.0,0.084092595
0.0,0.1337403
0.0,0.01006795
0.0,0.063502744
0.0,0.08863358
0.0,0.047465853
0.0,0.035079516
0.0,0.110696375
0.0,0.069084935
0.0,0.06724566
0.0,0.07575356
0.0,0.10567896
0.0,0.1268818
0.0,0.09173004
0.0,0.12591535
0.0,0.05382796
0.0,0.12062164
0.0,0.052280687
0.0,0.07899531
0.0,0.06810688
0.0,0.14817582
0.0,0.07391191
0.0,0.07881652
0.0,0.08083247
0.0,0.08638649
0.0,0.11278586
0.0,0.08894373
0.0,0.11635855
0.0,0.06974881
0.0,0.14670709
0.0,0.102914706
0.0,0.091119066
0.0,0.07565169
0.0,0.13508603
0.0,0.09139495
0.0,0.10421528
0.0,0.121291235
0.0,0.06909892
0.0,0.0706438
0.0,0.0994112
0.0,0.13646808
0.0,0.06356635
0.0,0.054010067
0.0,0.063165754
0.0,0.08841509
0.0,0.046870477
0.0,0.092984155
0.0,0.07367538
1.0,0.084232174
2.0,0.07301825
0.0,0.1223032
0.0,0.0746523
1.0,0.097653925
0.0,0.097734466
0.0,0.1207498
0.0,0.056716792
0.0,0.06819931
1.0,0.071934074
0.0,0.1080428
1.0,0.0986111
0.0,0.08637145
0.0,0.10970582
0.0,0.06663828
0.0,0.0811399
0.0,0.08134945
0.0,0.07464146
0.0,0.11309433
0.0,0.114181586
0.0,0.0659832
0.0,0.07019646
1.0,0.07089263
0.0,0.114794105
0.0,0.13178425
0.0,0.05145854
0.0,0.04647624
0.0,0.0884085
0.0,0.102308966
0.0,0.014704375
0.0,0.102884874
0.0,0.09050988
0.0,0.09894733
1.0,0.044810444
0.0,0.12448133
0.0,0.06061126
0.0,0.09362452
0.0,0.076427616
0.0,0.104026146
0.0,0.10703835
0.0,0.060616028
0.0,0.118915305
1.0,0.060601808
0.0,0.095194384
0.0,0.07429567
0.0,0.10166046
0.0,0.06474877
0.0,0.07207175
0.0,0.05959316
0.0,0.07456507
0.0,0.08573249
0.0,0.08474907
0.0,0.12054476
0.0,0.059597094
0.0,0.09640565
0.0,0.046199746
0.0,0.0527727
0.0,0.10512733
1.0,0.057000685
0.0,0.09460241
0.0,0.05904638
0.0,0.09864672
0.0,0.13546473
0.0,0.08435746
0.0,0.042833798
0.0,0.052042097
2.0,0.06573808
0.0,0.11254528
0.0,0.072328545
0.0,0.025053749
0.0,0.09026173
0.0,0.06781458
0.0,0.07835403
0.0,0.06289211
0.0,0.09786117
0.0,0.054586183
0.0,0.045671284
0.0,0.08430382
0.0,0.13310309
0.0,0.07956488
0.0,0.07286243
0.0,0.03335202
0.0,0.053740494
0.0,0.096007206
0.0,0.09400783
0.0,0.067739114
0.0,0.09233319
1.0,0.07825577
0.0,0.07557857
0.0,0.0889661
0.0,0.15084471
0.0,0.120031066
0.0,0.10034688
0.0,0.031179493
0.0,0.06698225
0.0,0.058892068
0.0,0.105837435
0.0,0.066745244
0.0,0.06899172
0.0,0.087820455
0.0,0.07453549
0.0,0.071232274
0.0,0.04067899
0.0,0.050091706
0.0,0.0967784
0.0,0.05488771
0.0,0.083369344
0.0,0.09430116
0.0,0.07299924
0.0,0.10499402
0.0,0.1348355
0.0,0.069799066
0.0,0.114920154
0.0,0.06998136
0.0,0.08944158
0.0,0.117265314
0.0,0.085815355
0.0,0.14796896
0.0,0.072181135
0.0,0.057904612
0.0,0.06882669
0.0,0.0851697
0.0,0.03218803
0.0,0.07757704
0.0,0.07726907
0.0,0.07410986
0.0,0.055405896
0.0,0.1525324
0.0,0.13480088
0.0,0.04866934
0.0,0.06498422
0.0,0.06186584
0.0,0.011567094
0.0,0.12861793
0.0,0.11134177
0.0,0.1069095
0.0,0.10704963
0.0,0.051387273
0.0,0.048256844
0.0,0.07399079
0.0,0.082461774
0.0,0.074045256
0.0,0.088919066
0.0,0.10948038
0.0,0.10626758
0.0,0.09063975
0.0,0.07246325
0.0,0.11958304
0.0,0.015312414
0.0,0.06753625
0.0,0.06905406
0.0,0.0688179
0.0,0.070751265
0.0,0.095705055
0.0,0.059606727
0.0,0.05583615
0.0,0.10129873
1.0,0.09604283
0.0,0.09209186
0.0,0.11357544
0.0,0.094698325
0.0,0.10501745
0.0,0.08486882
0.0,0.08204102
1.0,0.050604846
0.0,0.06506961
0.0,0.024643518
0.0,0.097956836
0.0,0.10564235
0.0,0.07845125
0.0,0.076213375
0.0,0.16157037
0.0,0.111991264
0.0,0.09804873
0.0,0.08621468
0.0,0.066034295
0.0,0.095309526
0.0,0.10293007
0.0,0.094640136
1.0,0.110002935
0.0,0.046303384
0.0,0.06393481
1.0,0.05068454
0.0,0.04031449
0.0,0.07441311
0.0,0.051299114
0.0,0.09700197
0.0,0.066078946
0.0,0.09850735
0.0,0.091719374
0.0,0.115677536
0.0,0.13743615
0.0,0.090097256
0.0,0.07692259
0.0,0.0704788
0.0,0.08507071
1.0,0.08629311
0.0,0.10728355
0.0,0.07791989
0.0,0.07973733
0.0,0.09735645
0.0,0.0301846
0.0,0.081196584
0.0,0.040047288
0.0,0.118700765
0.0,0.11816864
0.0,0.10245977
0.0,0.0991756
0.0,0.06772594
0.0,0.07117841
0.0,0.07799009
0.0,0.113380134
1.0,0.121756695
0.0,0.12787603
0.0,0.0489248
0.0,0.092183545
0.0,0.115244135
0.0,0.102546036
0.0,0.108518176
0.0,0.14430785
0.0,0.092507
0.0,0.10198462
0.0,0.13080862
0.0,0.08806086
0.0,0.049156092
0.0,0.091444194
0.0,0.04913976
0.0,0.081720546
0.0,0.03833565
0.0,0.08721764
0.0,0.08757082
0.0,0.124982595
0.0,0.08088002
0.0,0.078358814
0.0,0.067808144
0.0,0.08793492
0.0,0.09007174
0.0,0.11773388
0.0,0.06326394
1.0,0.06102896
0.0,0.09169321
0.0,0.07292747
0.0,0.11952954
0.0,0.060460564
0.0,0.022911198
0.0,0.06402374
1.0,0.015970081
0.0,0.052769277
0.0,0.06957045
0.0,0.084962994
1.0,0.11799488
0.0,0.08353237
1.0,0.108014286
0.0,0.067763895
0.0,0.10018212
0.0,0.06709939
0.0,0.09995342
0.0,0.07857332
0.0,0.07169563
0.0,0.15246849
0.0,0.12350869
0.0,0.08117001
0.0,0.10357094
0.0,0.09817643
0.0,0.080774635
0.0,0.071508564
0.0,0.052529387
0.0,0.12378105
0.0,0.08369751
0.0,0.09755893
0.0,0.08647414
0.0,0.14184439
0.0,0.07455065
0.0,0.056382522
0.0,0.068289414
1.0,0.051967137
0.0,0.090613626
0.0,0.1274606
0.0,0.021918917
0.0,0.103228025
0.0,0.07706081
0.0,0.100828625
0.0,0.10062248
0.0,0.10796066
0.0,0.10308705
1.0,0.015897954
0.0,0.09568548
0.0,0.07810001
0.0,0.079577304
0.0,0.08566935
0.0,0.059811823
0.0,0.10352665
0.0,0.051482804
0.0,0.08560029
0.0,0.08857603
1.0,0.030570252
0.0,0.062532194
0.0,0.020771604
0.0,0.08716964
0.0,0.12824894
0.0,0.07777466
0.0,0.061825573
0.0,0.085268326
0.0,0.12429227
0.0,0.09146857
0.0,0.051718336
0.0,0.062292058
0.0,0.01508999
0.0,0.1093072
0.0,0.06851297
0.0,0.12840089
0.0,0.053884313
0.0,0.08728125
0.0,0.08976568
0.0,0.09158042
0.0,0.11044006
0.0,0.13993229
0.0,0.09591916
0.0,0.0922961
0.0,0.07668643
0.0,0.15108995
0.0,0.114548534
0.0,0.13504474
0.0,0.112267904
0.0,0.13846427
0.0,0.05950082
0.0,0.033599727
0.0,0.07741074
0.0,0.058502838
0.0,0.08924636
0.0,0.06519295
0.0,0.088089675
0.0,0.094082154
0.0,0.071875475
0.0,0.07394565
0.0,0.10874249
0.0,0.08656629
0.0,0.10154198
0.0,0.07825943
0.0,0.075468086
0.0,0.072799556
0.0,0.093400314
0.0,0.09332563
0.0,0.06099216
0.0,0.08376523
0.0,0.09839572
0.0,0.05843453
0.0,0.09933841
0.0,0.09823475
0.0,0.0639251
0.0,0.043636173
0.0,0.06912556
0.0,0.07350414
0.0,0.08320558
0.0,0.06666774
0.0,0.13438515
0.0,0.096236885
0.0,0.15203688
0.0,0.14225212
0.0,0.08312121
0.0,0.12379515
0.0,0.035415683
0.0,0.13202997
0.0,0.058876906
0.0,0.1136937
0.0,0.12876397
0.0,0.06935086
0.0,0.1086706
0.0,0.08125119
1.0,0.064948484
0.0,0.05001328
0.0,0.078809336
0.0,0.099306375
0.0,0.058326393
0.0,0.08105139
0.0,0.042717822
0.0,0.084149435
0.0,0.06441755
0.0,0.10913705
0.0,0.06503017
0.0,0.0861167
1.0,0.039301254
0.0,0.082029514
0.0,0.10752855
0.0,0.13144901
0.0,0.08752754
0.0,0.043046888
0.0,0.08896752
0.0,0.10027738
0.0,0.061578635
0.0,0.09640266
0.0,0.08658925
0.0,0.05029071
0.0,0.124618694
0.0,0.16310576
0.0,0.09258727
0.0,0.07533671
0.0,0.09282735
0.0,0.07098364
0.0,0.07807942
0.0,0.09171052
0.0,0.10295299
0.0,0.09211707
0.0,0.06269854
0.0,0.09844802
1.0,0.0857357
0.0,0.083624154
0.0,0.09970627
0.0,0.072293445
0.0,0.08895999
0.0,0.046042383
0.0,0.056339603
0.0,0.106349595
0.0,0.105610244
0.0,0.09112227
0.0,0.085211664
0.0,0.14558686
0.0,0.056246553
0.0,0.09529169
0.0,0.11590469
0.0,0.13627926
0.0,0.07702391
0.0,0.01997238
0.0,0.016149905
0.0,0.13792421
0.0,0.080718726
1.0,0.016557535
0.0,0.09264673
0.0,0.102702364
0.0,0.11273712
0.0,0.087147735
0.0,0.116618805
0.0,0.09461081
0.0,0.113747984
0.0,0.089125454
0.0,0.06409271
0.0,0.0878369
0.0,0.07378055
0.0,0.13710245
1.0,0.073793285
0.0,0.07277633
0.0,0.08951779
0.0,0.058365345
0.0,0.11077354
0.0,0.06522652
0.0,0.076879025
0.0,0.09423391
0.0,0.068601035
0.0,0.09319058
0.0,0.09204021
0.0,0.104109414
0.0,0.07664681
0.0,0.0764772
0.0,0.09532061
0.0,0.10281597
0.0,0.09684691
0.0,0.13767996
0.0,0.03946503
0.0,0.06678642
0.0,0.10597469
0.0,0.055954155
0.0,0.08773074
0.0,0.096974105
0.0,0.062419586
0.0,0.12578599
0.0,0.01900456
0.0,0.12739012
0.0,0.09478881
0.0,0.08186288
0.0,0.07587559
0.0,0.086512744
0.0,0.11569635
0.0,0.07343001
1.0,0.07300463
0.0,0.07642964
0.0,0.057249013
0.0,0.014386334
0.0,0.09858742
0.0,0.07289346
0.0,0.094735354
0.0,0.077916496
0.0,0.06707436
0.0,0.109697975
0.0,0.07013102
0.0,0.07551139
0.0,0.09050679
0.0,0.101566344
0.0,0.0481665
0.0,0.0980237
0.0,0.07749559
0.0,0.09665476
0.0,0.06625846
0.0,0.063582174
0.0,0.12583515
0.0,0.12032419
0.0,0.0958629
0.0,0.09672862
0.0,0.11333697
0.0,0.12930876
0.0,0.05665518
0.0,0.0919766
0.0,0.0978633
0.0,0.06493483
0.0,0.12152416
0.0,0.05698839
0.0,0.032354746
0.0,0.096985
0.0,0.06123406
0.0,0.07043374
0.0,0.050720416
0.0,0.053698212
0.0,0.07688236
0.0,0.06583988
0.0,0.09866898
0.0,0.08015074
0.0,0.085952915
0.0,0.060795743
0.0,0.05099698
0.0,0.03337871
0.0,0.056916274
0.0,0.05504035
0.0,0.0742191
0.0,0.11657533
0.0,0.04728204
0.0,0.038353387
0.0,0.06658237
0.0,0.13425997
0.0,0.075267136
0.0,0.08237806
0.0,0.084362105
0.0,0.09290691
0.0,0.11186131
0.0,0.14377259
0.0,0.06818321
0.0,0.085957035
0.0,0.05038809
0.0,0.07040815
0.0,0.10857687
0.0,0.07531426
0.0,0.039180454
0.0,0.124312244
0.0,0.05810554
0.0,0.06939308
0.0,0.113236114
0.0,0.028322767
0.0,0.06421223
0.0,0.06042614
0.0,0.08938153
0.0,0.027500767
0.0,0.08981
0.0,0.075138584
0.0,0.10793384
0.0,0.06282558
0.0,0.05509059
0.0,0.080351606
0.0,0.08074267
0.0,0.061985653
0.0,0.1122659
0.0,0.09804326
0.0,0.08612418
1.0,0.07731287
0.0,0.05551477
0.0,0.07598312
0.0,0.10874641
0.0,0.10312004
0.0,0.07281598
0.0,0.053890135
0.0,0.041864187
0.0,0.10085
0.0,0.10098589
0.0,0.049968526
0.0,0.09661907
0.0,0.053062007
1.0,0.068465285
0.0,0.09136138
0.0,0.07897446
1.0,0.096618906
0.0,0.062892474
0.0,0.11197781
0.0,0.042848628
0.0,0.10167115
0.0,0.080245964
0.0,0.094083905
0.0,0.06567156
0.0,0.06450952
0.0,0.08760759
0.0,0.099359356
0.0,0.0856299
0.0,0.0650476
0.0,0.1305699
0.0,0.10116212
0.0,0.091287
0.0,0.09022725
0.0,0.06647034
0.0,0.091929786
0.0,0.045495287
0.0,0.07193879
0.0,0.07194598
0.0,0.10860595
0.0,0.07103529
0.0,0.08006657
0.0,0.14628838
0.0,0.14528066
0.0,0.017965939
0.0,0.08519225
0.0,0.072278336
0.0,0.067838356
0.0,0.11099752
0.0,0.10843371
0.0,0.09084253
0.0,0.12816767
0.0,0.0970034
0.0,0.09024258
0.0,0.10728048
0.0,0.116930015
0.0,0.07640456
0.0,0.112891264
0.0,0.079947576
0.0,0.069015265
0.0,0.13412204
0.0,0.117692366
0.0,0.10421446
0.0,0.031053293
0.0,0.09916872
0.0,0.07605393
0.0,0.15141594
0.0,0.10927841
0.0,0.052809455
0.0,0.08973192
0.0,0.075425796
0.0,0.10466955
0.0,0.12050867
0.0,0.081663474
0.0,0.023984497
0.0,0.1143476
0.0,0.12724842
0.0,0.06911294
0.0,0.078341365
0.0,0.13480386
0.0,0.06336107
0.0,0.06834551
0.0,0.10571754
0.0,0.09033853
0.0,0.12124388
0.0,0.08583306
0.0,0.10651951
0.0,0.11307444
0.0,0.098445326
0.0,0.089237705
0.0,0.06658549
0.0,0.07473361
0.0,0.057802472
0.0,0.12271714
0.0,0.12812611
0.0,0.10125898
0.0,0.101245075
0.0,0.08751622
0.0,0.08458149
0.0,0.06466286
0.0,0.08515184
0.0,0.10652825
0.0,0.05286822
0.0,0.065264866
1.0,0.14428502
0.0,0.023644459
0.0,0.062445126
0.0,0.05740373
0.0,0.072695054
0.0,0.06758973
0.0,0.10681671
0.0,0.1167288
0.0,0.09980797
0.0,0.07614215
0.0,0.07717324
0.0,0.08657795
0.0,0.05335673
1.0,0.06366427
0.0,0.14562987
0.0,0.07040705
0.0,0.016390428
0.0,0.07987779
0.0,0.08701592
1.0,0.09922565
0.0,0.076310635
0.0,0.0965772
1.0,0.07156072
0.0,0.056787763
0.0,0.04578841
0.0,0.07938786
0.0,0.07637377
0.0,0.12233172
0.0,0.044109877
0.0,0.04606065
0.0,0.0950463
0.0,0.057786927
0.0,0.0899435
0.0,0.082363725
0.0,0.086059436
0.0,0.10591493
0.0,0.07837507
0.0,0.08501175
0.0,0.07245103
0.0,0.0155906975
0.0,0.08244585
0.0,0.08103075
0.0,0.11860079
0.0,0.08976616
0.0,0.09801571
0.0,0.07488375
0.0,0.06389714
0.0,0.048949044
0.0,0.087705046
0.0,0.10413504
0.0,0.11938739
0.0,0.0741142
0.0,0.08149644
0.0,0.054344174
0.0,0.1447067
0.0,0.09696099
0.0,0.087044016
0.0,0.045444693
0.0,0.08035758
0.0,0.14361534
0.0,0.122033685
0.0,0.09104326
0.0,0.071858786
0.0,0.077044904
0.0,0.09650281
0.0,0.06935242
0.0,0.08811139
0.0,0.08842612
0.0,0.09777428
0.0,0.09103495
0.0,0.08714418
0.0,0.10302776
0.0,0.075388834
0.0,0.051264636
0.0,0.109734386
0.0,0.089690894
0.0,0.06656013
0.0,0.067221954
0.0,0.05999585
0.0,0.017841324
0.0,0.094515435
0.0,0.13212119
0.0,0.07942883
0.0,0.0838899
0.0,0.119472384
0.0,0.073635936
0.0,0.017956194
0.0,0.089368366
0.0,0.071861565
0.0,0.073379084
0.0,0.06238489
0.0,0.11664222
0.0,0.1345019
0.0,0.08597086
1.0,0.05762725
0.0,0.08280574
0.0,0.022902668
1.0,0.078189924
0.0,0.11033681
1.0,0.06974658
1.0,0.07644958
0.0,0.11891191
0.0,0.106648505
0.0,0.1016081
0.0,0.087063506
0.0,0.08335231
0.0,0.07232032
0.0,0.108485244
0.0,0.038954988
0.0,0.057820335
0.0,0.060071696
0.0,0.104158625
0.0,0.07422039
0.0,0.0846277
0.0,0.0998449
0.0,0.09103616
0.0,0.15017031
0.0,0.08462887
0.0,0.08260203
0.0,0.09197354
0.0,0.084903985
0.0,0.10804066
0.0,0.082846716
2.0,0.0977444
0.0,0.09125295
0.0,0.07849112
0.0,0.09392977
0.0,0.087632805
0.0,0.09431854
0.0,0.09108126
0.0,0.059085842
0.0,0.086672544
0.0,0.10433738
0.0,0.09868794
1.0,0.06086057
0.0,0.07138674
0.0,0.06814136
0.0,0.06679295
0.0,0.07650204
0.0,0.057397943
0.0,0.0765363
0.0,0.10107138
0.0,0.068691984
0.0,0.08698296
0.0,0.0748641
0.0,0.08259211
0.0,0.08601952
0.0,0.058908496
0.0,0.06493249
0.0,0.054197922
0.0,0.11645343
0.0,0.080045365
0.0,0.08782841
0.0,0.10991469
0.0,0.018695403
0.0,0.063712165
0.0,0.14292888
0.0,0.058681842
0.0,0.03286395
0.0,0.13602223
0.0,0.12810303
0.0,0.09331186
0.0,0.12131475
0.0,0.067279644
0.0,0.09625584
0.0,0.14332186
0.0,0.0705774
0.0,0.09724429
0.0,0.07895312
1.0,0.0672111
0.0,0.085074805
0.0,0.057892837
0.0,0.07632281
0.0,0.1186614
0.0,0.08793301
0.0,0.0955067
0.0,0.09983696
0.0,0.0640256
0.0,0.015111109
0.0,0.09302032
0.0,0.06376216
0.0,0.028528025
1.0,0.05497297
0.0,0.095047705
0.0,0.09389706
0.0,0.08053023
0.0,0.077979125
0.0,0.10240536
0.0,0.04946178
0.0,0.043723702
0.0,0.11435054
0.0,0.08712806
0.0,0.11508963
0.0,0.055114202
0.0,0.07768154
0.0,0.087032974
0.0,0.09365532
0.0,0.12586632
0.0,0.116287634
0.0,0.07885461
0.0,0.112720154
1.0,0.078398354
0.0,0.04420817
0.0,0.10210228
0.0,0.09605549
0.0,0.071945205
0.0,0.06716167
0.0,0.105973125
0.0,0.10637886
1.0,0.09755256
0.0,0.07935355
0.0,0.107513614
0.0,0.13710348
0.0,0.059410524
0.0,0.12782262
0.0,0.0746487
0.0,0.065104105
0.0,0.08378552
0.0,0.09793374
0.0,0.06313673
0.0,0.048039977
0.0,0.08200716
0.0,0.07488591
0.0,0.09688991
0.0,0.05187339
0.0,0.060236786
0.0,0.08961901
0.0,0.09354834
0.0,0.07507913
0.0,0.036912754
0.0,0.082762256
0.0,0.097576916
0.0,0.09207131
1.0,0.024574777
0.0,0.026661921
0.0,0.05421742
0.0,0.12620023
0.0,0.0331222
1.0,0.1321444
0.0,0.088497765
0.0,0.08416155
0.0,0.09635675
0.0,0.097315244
0.0,0.10609606
0.0,0.042982545
0.0,0.0687392
0.0,0.06041542
0.0,0.06999031
0.0,0.06757399
0.0,0.10680041
0.0,0.06339392
0.0,0.100278474
0.0,0.109001964
0.0,0.14402735
0.0,0.08618048
0.0,0.14253289
0.0,0.08243814
0.0,0.09815658
0.0,0.07968674
0.0,0.09559609
0.0,0.09405183
0.0,0.08652599
0.0,0.11472786
0.0,0.076477
0.0,0.07434176
1.0,0.078973696
0.0,0.08304043
0.0,0.015654331
0.0,0.0800201
0.0,0.08027754
0.0,0.10485083
0.0,0.089835614
0.0,0.09385288
0.0,0.08187102
0.0,0.10384916
0.0,0.063305214
0.0,0.08601074
0.0,0.035733983
0.0,0.06687693
0.0,0.108971275
0.0,0.105936244
0.0,0.07140294
0.0,0.025969286
0.0,0.12703884
0.0,0.088548884
0.0,0.1124127
1.0,0.08041425
0.0,0.042963937
0.0,0.09049309
0.0,0.053978242
0.0,0.13055249
0.0,0.082265206
0.0,0.060976516
0.0,0.099267125
0.0,0.10167377
0.0,0.0713108
0.0,0.058488067
0.0,0.075115494
0.0,0.11318502
0.0,0.079182215
0.0,0.014458509
0.0,0.09985876
0.0,0.074656285
0.0,0.10117768
0.0,0.14630531
0.0,0.12288845
0.0,0.06880244
0.0,0.07398363
0.0,0.082957245
0.0,0.025113367
0.0,0.11538644
0.0,0.07783942
1.0,0.11858024
0.0,0.013187486
0.0,0.040368505
0.0,0.059159648
0.0,0.13362181
0.0,0.08190751
0.0,0.054812726
0.0,0.013473279
0.0,0.031165974
0.0,0.09892216
0.0,0.103584595
0.0,0.08522126
0.0,0.091696575
0.0,0.04590144
0.0,0.14606073
0.0,0.14791223
0.0,0.0452799
0.0,0.06826662
0.0,0.081845745
0.0,0.05037176
0.0,0.032906912
0.0,0.12339063
0.0,0.04747983
0.0,0.09499967
0.0,0.086983934
0.0,0.101661384
0.0,0.06324629
0.0,0.011877286
0.0,0.069585435
0.0,0.08383288
0.0,0.09903093
0.0,0.07387308
0.0,0.16368373
0.0,0.027159119
0.0,0.13208762
0.0,0.11329677
0.0,0.06597874
0.0,0.05389042
0.0,0.103143886
0.0,0.08562221
0.0,0.073476665
0.0,0.06131793
0.0,0.08993269
0.0,0.018786898
0.0,0.121756054
0.0,0.10072099
0.0,0.09092005
0.0,0.11147834
0.0,0.07646227
0.0,0.050641175
0.0,0.07656787
0.0,0.06323634
0.0,0.08731561
0.0,0.11619188
0.0,0.074179225
0.0,0.12986061
0.0,0.08866446
0.0,0.122558
0.0,0.09529998
0.0,0.13018806
0.0,0.10770547
0.0,0.06473212
0.0,0.08191155
0.0,0.10287997
0.0,0.052058704
0.0,0.048181936
0.0,0.10125683
0.0,0.045871682
1.0,0.042221744
0.0,0.112914816
0.0,0.049614657
0.0,0.0714463
0.0,0.044876955
0.0,0.09012119
0.0,0.06753582
0.0,0.040475115
0.0,0.10980772
0.0,0.099867955
1.0,0.09187178
0.0,0.09901006
0.0,0.10754228
0.0,0.14016595
0.0,0.10456604
0.0,0.079006836
0.0,0.1097637
0.0,0.090731114
0.0,0.10670878
0.0,0.07960068
0.0,0.09912683
0.0,0.11358592
0.0,0.07189577
0.0,0.102980606
0.0,0.06390656
0.0,0.06458391
0.0,0.08657907
0.0,0.11248284
0.0,0.091426015
0.0,0.08407541
0.0,0.08150594
0.0,0.09574134
0.0,0.09999117
0.0,0.06390074
0.0,0.09947941
0.0,0.066849895
0.0,0.09710596
1.0,0.14241846
0.0,0.1281946
0.0,0.10215495
0.0,0.09736997
0.0,0.10169486
0.0,0.083664134
0.0,0.011600202
0.0,0.0933221
0.0,0.07543713
0.0,0.07083987
0.0,0.05018241
1.0,0.06270502
0.0,0.05882523
0.0,0.09142688
0.0,0.070356436
0.0,0.11294818
0.0,0.06328408
0.0,0.06048588
0.0,0.117008545
0.0,0.09488238
0.0,0.12395479
0.0,0.07233269
0.0,0.034216184
0.0,0.08795712
0.0,0.084733754
0.0,0.039904475
0.0,0.1409068
0.0,0.1046689
0.0,0.031232378
0.0,0.078505345
0.0,0.07756249
0.0,0.049393333
0.0,0.091987625
0.0,0.05798026
0.0,0.090502694
0.0,0.15811604
0.0,0.10472796
0.0,0.046479955
0.0,0.06945804
0.0,0.07987884
0.0,0.06571273
1.0,0.107402675
0.0,0.09250721
0.0,0.054935444
0.0,0.06827434
1.0,0.107165664
1.0,0.006656089
0.0,0.052108847
0.0,0.10939887
0.0,0.13420478
0.0,0.088566154
1.0,0.03143424
0.0,0.122838154
0.0,0.07899267
0.0,0.060835198
0.0,0.062792115
0.0,0.07772174
0.0,0.08230796
1.0,0.12615706
0.0,0.113135405
0.0,0.0657785
0.0,0.07822358
0.0,0.055139225
0.0,0.09527536
0.0,0.09941051
0.0,0.091577545
0.0,0.057829805
0.0,0.12641564
0.0,0.05063398
0.0,0.06520116
1.0,0.024289342
0.0,0.085280284
0.0,0.052286133
0.0,0.082436025
0.0,0.083149716
0.0,0.05598629
1.0,0.08425254
0.0,0.06217868
0.0,0.07545294
1.0,0.083493106
0.0,0.11774811
0.0,0.17078045
0.0,0.057940338
0.0,0.07391683
0.0,0.108847804
0.0,0.09424703
0.0,0.061517768
0.0,0.056901526
0.0,0.08324854
0.0,0.10211002
0.0,0.09713842
0.0,0.12305457
0.0,0.092726484
0.0,0.1046716
0.0,0.16013768
0.0,0.10873487
0.0,0.08092944
0.0,0.049554437
0.0,0.06106181
0.0,0.103079826
0.0,0.09235408
0.0,0.06931038
0.0,0.12047506
0.0,0.042902775
0.0,0.07588416
0.0,0.046823498
0.0,0.045104705
1.0,0.09208903
0.0,0.097249135
0.0,0.066906705
0.0,0.09777449
0.0,0.080467165
0.0,0.086961314
0.0,0.07604077
0.0,0.09675319
0.0,0.06963915
0.0,0.113285184
1.0,0.08298551
0.0,0.072239414
0.0,0.098736934
1.0,0.07398963
0.0,0.051293522
0.0,0.12572393
0.0,0.08534073
1.0,0.115202464
0.0,0.058483467
0.0,0.10542481
0.0,0.05926191
0.0,0.09986079
0.0,0.051826376
0.0,0.044112947
0.0,0.063226014
0.0,0.103926316
0.0,0.08999981
0.0,0.080060616
0.0,0.06281643
0.0,0.033757944
1.0,0.01090076
0.0,0.10997619
0.0,0.062144786
0.0,0.045738004
0.0,0.06426464
0.0,0.06176244
0.0,0.07809755
0.0,0.10449989
0.0,0.079764426
0.0,0.08970086
0.0,0.09396595
0.0,0.07249702
0.0,0.067836635
0.0,0.054744992
0.0,0.12608793
0.0,0.07213335
0.0,0.12439769
0.0,0.014365865
0.0,0.04327911
0.0,0.06279089
0.0,0.08241505
0.0,0.07227432
0.0,0.106207296
0.0,0.09734065
0.0,0.103656955
0.0,0.10153496
0.0,0.14836043
0.0,0.10711529
0.0,0.07185259
0.0,0.0839822
0.0,0.06032671
0.0,0.08140878
0.0,0.06224752
0.0,0.08132693
0.0,0.06423403
0.0,0.06837426
0.0,0.0696035
0.0,0.05067926
0.0,0.077894725
0.0,0.10222031
0.0,0.08144623
0.0,0.11902272
0.0,0.08647662
0.0,0.03938735
0.0,0.01727611
0.0,0.13959579
1.0,0.06310419
0.0,0.09250929
0.0,0.10340819
0.0,0.04751669
1.0,0.16020961
0.0,0.07407582
0.0,0.08216017
0.0,0.09556437
0.0,0.036548108
0.0,0.08625942
0.0,0.08127806
0.0,0.097348034
0.0,0.014987323
0.0,0.12192483
0.0,0.110501744
0.0,0.12293293
0.0,0.08744109
0.0,0.111711495
0.0,0.08078442
0.0,0.09213343
0.0,0.047380567
0.0,0.07396249
0.0,0.045775563
0.0,0.09649248
0.0,0.060688823
0.0,0.18078695
0.0,0.08397907
0.0,0.10225463
0.0,0.1200169
0.0,0.09199232
0.0,0.05535778
0.0,0.0870755
0.0,0.087588646
0.0,0.07921968
0.0,0.106594995
0.0,0.0745806
0.0,0.11000556
0.0,0.03412358
1.0,0.07728138
0.0,0.12731546
1.0,0.065226056
0.0,0.0784422
0.0,0.10504317
0.0,0.104404636
0.0,0.139136
0.0,0.09733385
0.0,0.066578746
0.0,0.10786608
0.0,0.04353086
0.0,0.06874525
0.0,0.11455345
0.0,0.09644014
0.0,0.07886557
0.0,0.06642422
0.0,0.11055128
1.0,0.040383928
0.0,0.06295623
0.0,0.06764172
0.0,0.09728865
0.0,0.07906676
0.0,0.091200635
0.0,0.060476378
0.0,0.09247817
0.0,0.09577298
0.0,0.059691746
0.0,0.07127259
0.0,0.04438965
0.0,0.1067344
0.0,0.10059485
0.0,0.09024872
0.0,0.1389219
0.0,0.090323344
0.0,0.09029346
0.0,0.08033846
0.0,0.09321256
0.0,0.034358628
0.0,0.08846907
0.0,0.11171824
0.0,0.08305512
0.0,0.1198128
0.0,0.04842461
0.0,0.06667941
0.0,0.07206548
0.0,0.065118805
0.0,0.14168315
0.0,0.06943414
0.0,0.08013144
0.0,0.09544565
0.0,0.08441438
0.0,0.075459935
0.0,0.048902713
0.0,0.09683975
0.0,0.0728748
0.0,0.07756794
0.0,0.05494812
0.0,0.07377775
0.0,0.05574942
0.0,0.07497924
0.0,0.089776516
2.0,0.09091608
0.0,0.1552968
0.0,0.042465255
0.0,0.106811106
0.0,0.07250042
0.0,0.0902822
0.0,0.09057252
0.0,0.052585736
0.0,0.086959235
0.0,0.039077014
0.0,0.08576414
0.0,0.08251751
1.0,0.046312146
0.0,0.09060042
0.0,0.110288575
0.0,0.054940224
0.0,0.09678955
0.0,0.07499921
0.0,0.10860385
0.0,0.09329896
0.0,0.1224699
0.0,0.08442804
0.0,0.07175312
0.0,0.11237894
0.0,0.08543024
0.0,0.097951114
0.0,0.07196562
0.0,0.08987863
0.0,0.0942637
0.0,0.08808854
0.0,0.13409181
0.0,0.12734148
0.0,0.14868224
0.0,0.017915038
0.0,0.11105289
0.0,0.06211075
0.0,0.07849329
0.0,0.03322295
0.0,0.059913084
0.0,0.06978246
0.0,0.071995944
1.0,0.0645515
0.0,0.040641766
0.0,0.0509733
0.0,0.08761699
0.0,0.063992426
0.0,0.046016954
0.0,0.080167904
0.0,0.0992233
0.0,0.08128413
0.0,0.06155562
0.0,0.096294604
0.0,0.063693255
0.0,0.03736366
0.0,0.06629953
0.0,0.03156105
0.0,0.08362533
0.0,0.111716
0.0,0.08272634
1.0,0.11625323
0.0,0.12868513
0.0,0.08427572
0.0,0.06920579
0.0,0.115053445
0.0,0.08448962
0.0,0.1022569
0.0,0.06579105
0.0,0.12998526
0.0,0.06378986
0.0,0.07671018
0.0,0.13140215
0.0,0.0823695
0.0,0.097856045
0.0,0.103149794
0.0,0.085066326
0.0,0.07916715
0.0,0.082070105
0.0,0.10232143
0.0,0.07197226
0.0,0.08661871
0.0,0.09055054
0.0,0.11715102
0.0,0.124928676
1.0,0.052947335
0.0,0.12629631
0.0,0.09450214
0.0,0.09586866
0.0,0.08918318
0.0,0.07708819
0.0,0.08214408
0.0,0.03917341
0.0,0.0578084
0.0,0.06260541
0.0,0.08677296
0.0,0.06735345
0.0,0.08116842
0.0,0.12250833
0.0,0.09358129
0.0,0.06610107
0.0,0.091389135
0.0,0.08826454
0.0,0.13256232
0.0,0.10490687
0.0,0.08437106
0.0,0.10704003
0.0,0.058314633
0.0,0.07679432
0.0,0.10861024
0.0,0.12778611
0.0,0.08670253
0.0,0.07832661
0.0,0.08072485
0.0,0.06567722
0.0,0.16044933
0.0,0.10402982
0.0,0.113073386
0.0,0.09824087
0.0,0.084625304
0.0,0.12334884
0.0,0.0816686
0.0,0.08079545
0.0,0.0875729
0.0,0.0705382
0.0,0.103582844
0.0,0.07815023
0.0,0.104537025
1.0,0.11905942
0.0,0.06837315
1.0,0.06774023
0.0,0.121717975
0.0,0.10385097
0.0,0.076164044
0.0,0.0632198
0.0,0.051506966
0.0,0.06639979
0.0,0.13352168
0.0,0.09882747
0.0,0.08688496
0.0,0.06947667
0.0,0.060878318
0.0,0.1335726
1.0,0.07042216
0.0,0.07691129
0.0,0.089679345
0.0,0.1120107
0.0,0.06612418
0.0,0.037984353
0.0,0.07034302
0.0,0.069557965
0.0,0.061870784
0.0,0.09350751
0.0,0.08770529
0.0,0.08697597
0.0,0.06906356
0.0,0.051088825
0.0,0.035404533
0.0,0.060242154
0.0,0.07808897
0.0,0.09002429
0.0,0.030901719
0.0,0.08790031
0.0,0.055467222
0.0,0.016172176
0.0,0.09381301
0.0,0.06833668
0.0,0.07627482
0.0,0.07006022
0.0,0.058806002
0.0,0.07871723
0.0,0.10676181
0.0,0.07837541
0.0,0.15585212
0.0,0.070385695
0.0,0.08252298
0.0,0.04758965
0.0,0.07044807
0.0,0.061317597
0.0,0.10239643
0.0,0.07609683
0.0,0.07350133
0.0,0.11322219
0.0,0.06783004
0.0,0.07964867
0.0,0.09378146
0.0,0.08706489
0.0,0.09486129
0.0,0.11080947
0.0,0.085953936
0.0,0.07310733
0.0,0.065078564
0.0,0.08563033
0.0,0.11220919
0.0,0.067531355
0.0,0.11433015
0.0,0.06371245
0.0,0.095458485
0.0,0.07145532
0.0,0.07483046
0.0,0.094236314
0.0,0.09457691
0.0,0.117879
0.0,0.09575805
0.0,0.117789105
0.0,0.09802735
0.0,0.014449081
0.0,0.07561135
0.0,0.07478815
0.0,0.078885525
0.0,0.08805011
0.0,0.08460343
0.0,0.05110823
0.0,0.069542
0.0,0.04006811
1.0,0.06118132
0.0,0.107003085
0.0,0.08915478
0.0,0.13291793
1.0,0.10306247
1.0,0.06998308
0.0,0.12265344
0.0,0.084204584
0.0,0.07905666
0.0,0.08272624
0.0,0.077478506
0.0,0.03996165
2.0,0.023712005
0.0,0.07484716
0.0,0.07840015
0.0,0.14750423
0.0,0.06779845
0.0,0.09079528
0.0,0.13737728
0.0,0.07268525
0.0,0.07830824
0.0,0.08673551
0.0,0.063135356
0.0,0.11133022
0.0,0.08704476
0.0,0.040748026
0.0,0.15184501
0.0,0.078761116
0.0,0.08775964
0.0,0.11895098
0.0,0.099925324
0.0,0.078204796
1.0,0.078221805
0.0,0.111788444
0.0,0.062938645
0.0,0.07015975
0.0,0.095722765
1.0,0.059979603
0.0,0.08012541
0.0,0.11808223
0.0,0.08130805
0.0,0.093750894
0.0,0.088462025
0.0,0.08778575
0.0,0.10951829
0.0,0.052442268
0.0,0.0772136
0.0,0.11026765
0.0,0.08771431
0.0,0.089171216
0.0,0.09737526
0.0,0.040602162
0.0,0.090708196
0.0,0.048747703
0.0,0.08912333
0.0,0.062308755
0.0,0.020849004
0.0,0.104785234
0.0,0.073128074
0.0,0.10732394
0.0,0.09086161
0.0,0.12825623
0.0,0.09019055
1.0,0.11912549
0.0,0.13214837
0.0,0.01872385
0.0,0.041871253
0.0,0.10490942
0.0,0.076177865
0.0,0.0554563
0.0,0.13510367
0.0,0.11800233
1.0,0.09305215
0.0,0.046754446
0.0,0.079746395
0.0,0.114839904
0.0,0.09612271
0.0,0.14347054
0.0,0.0826251
0.0,0.07829898
0.0,0.0959284
0.0,0.065039024
0.0,0.04592281
0.0,0.073688835
0.0,0.08102658
0.0,0.12038792
0.0,0.043656982
0.0,0.11732925
0.0,0.10166235
0.0,0.0908526
0.0,0.058709957
0.0,0.09427636
0.0,0.0629302
0.0,0.10485748
0.0,0.09372756
0.0,0.101609476
0.0,0.109089084
0.0,0.10297081
0.0,0.0668579
0.0,0.06046444
0.0,0.0708056
0.0,0.056694444
0.0,0.07017111
0.0,0.08595652
0.0,0.083165
0.0,0.118393056
0.0,0.10237851
0.0,0.08327298
0.0,0.108591944
0.0,0.078304395
0.0,0.12097577
0.0,0.11379317
0.0,0.10579394
0.0,0.14468902
0.0,0.10464565
0.0,0.062263284
0.0,0.08965731
0.0,0.094206125
0.0,0.07453713
0.0,0.0927507
0.0,0.06954565
1.0,0.1272713
0.0,0.0792162
0.0,0.06042709
0.0,0.056195457
0.0,0.12342335
0.0,0.12864885
0.0,0.05579092
0.0,0.088298514
0.0,0.043133985
0.0,0.10357928
0.0,0.088855915
0.0,0.09935841
0.0,0.13292775
0.0,0.09050386
0.0,0.11133022
0.0,0.06570085
0.0,0.09748174
0.0,0.0751319
0.0,0.061082765
0.0,0.054428585
0.0,0.0840483
0.0,0.03727482
0.0,0.087372236
0.0,0.060705144
0.0,0.0800593
0.0,0.09928696
0.0,0.06327244
0.0,0.070580766
0.0,0.11132684
0.0,0.043440927
0.0,0.068292215
0.0,0.11368885
0.0,0.07616328
0.0,0.085490555
0.0,0.067112125
0.0,0.064144656
0.0,0.03365281
0.0,0.0883432
0.0,0.11165058
0.0,0.11056633
0.0,0.101465896
0.0,0.0751543
0.0,0.09431388
0.0,0.04735578
0.0,0.06082085
0.0,0.0684178
0.0,0.08746776
1.0,0.015437486
0.0,0.12150617
0.0,0.061839446
0.0,0.06557236
0.0,0.065268286
0.0,0.08936911
0.0,0.08495526
0.0,0.072215304
0.0,0.07813599
0.0,0.0780767
0.0,0.058247477
1.0,0.07239799
0.0,0.15799017
0.0,0.08915751
0.0,0.13088599
0.0,0.09544442
0.0,0.10942942
0.0,0.09816061
0.0,0.08886142
1.0,0.062849484
0.0,0.06907591
0.0,0.12073184
1.0,0.08042735
0.0,0.07588176
0.0,0.098412886
0.0,0.09531398
0.0,0.061668303
0.0,0.124410205
0.0,0.13180053
0.0,0.068756446
0.0,0.074282125
0.0,0.073847584
0.0,0.1286871
0.0,0.10695583
0.0,0.0829809
0.0,0.08069075
0.0,0.09419761
0.0,0.09477381
0.0,0.061292484
0.0,0.10180364
0.0,0.14167343
0.0,0.109060265
0.0,0.07180796
0.0,0.10209851
0.0,0.072300516
0.0,0.05157887
0.0,0.06657111
0.0,0.08171511
0.0,0.0973972
0.0,0.023872156
0.0,0.07399589
0.0,0.117108464
0.0,0.072014555
0.0,0.13024107
0.0,0.111129545
0.0,0.124193065
1.0,0.107244134
0.0,0.11658656
0.0,0.0725327
0.0,0.09226706
0.0,0.087280296
0.0,0.06820093
0.0,0.114444345
0.0,0.09260303
0.0,0.09187658
0.0,0.104458295
0.0,0.0762163
0.0,0.09280932
0.0,0.064969905
0.0,0.12563701
0.0,0.07068187
0.0,0.06132641
0.0,0.124916464
0.0,0.04420312
0.0,0.09689739
0.0,0.12211367
0.0,0.10695825
0.0,0.08515525
0.0,0.09526173
0.0,0.119924515
2.0,0.036613937
0.0,0.104578875
0.0,0.090209454
0.0,0.0806769
1.0,0.069765694
0.0,0.04066805
0.0,0.08368261
0.0,0.065796174
0.0,0.08612789
1.0,0.08933893
0.0,0.064285554
0.0,0.10933355
0.0,0.07458354
0.0,0.068738036
0.0,0.10743569
0.0,0.10038471
0.0,0.047781
0.0,0.11953444
0.0,0.11910723
0.0,0.06811773
0.0,0.100576624
0.0,0.086818144
0.0,0.11531232
0.0,0.098792344
0.0,0.12331676
0.0,0.046606123
0.0,0.09064789
0.0,0.058429334
0.0,0.0578013
0.0,0.058458902
0.0,0.08827469
0.0,0.07236204
0.0,0.05992753
0.0,0.06108929
0.0,0.09640275
0.0,0.07093361
1.0,0.066239044
0.0,0.10773924
0.0,0.09427382
0.0,0.11239062
0.0,0.076972544
0.0,0.11910806
0.0,0.0689102
0.0,0.017324502
0.0,0.08094262
0.0,0.06981776
0.0,0.032369144
0.0,0.11265849
0.0,0.07459467
0.0,0.08090211
0.0,0.06577345
0.0,0.11420445
0.0,0.10564119
0.0,0.017320586
0.0,0.06378469
0.0,0.071332306
0.0,0.056728926
0.0,0.021083856
0.0,0.08219192
0.0,0.12343306
0.0,0.09879024
0.0,0.061093453
0.0,0.09444347
0.0,0.04966127
1.0,0.045252077
0.0,0.085709415
0.0,0.088694185
0.0,0.12684537
0.0,0.059979573
1.0,0.049375836
0.0,0.02348549
0.0,0.0959815
0.0,0.09889174
0.0,0.082920104
1.0,0.04321784
0.0,0.08024684
0.0,0.10211321
0.0,0.09787195
0.0,0.0792626
0.0,0.06636081
0.0,0.118846916
0.0,0.09412599
0.0,0.0765833
0.0,0.076162554
0.0,0.10686559
0.0,0.12408024
0.0,0.106217876
0.0,0.07865875
0.0,0.077042274
1.0,0.0891774
0.0,0.10744791
0.0,0.07438917
0.0,0.113324
0.0,0.11999633
0.0,0.056253836
0.0,0.11878714
0.0,0.078364834
0.0,0.07120418
0.0,0.10074582
0.0,0.08889702
0.0,0.07618427
0.0,0.051488698
0.0,0.08825958
0.0,0.055610072
0.0,0.076833986
0.0,0.07827802
0.0,0.06682642
0.0,0.1242358
0.0,0.091735885
0.0,0.109152876
0.0,0.06859225
0.0,0.08015093
0.0,0.085960105
0.0,0.06643802
0.0,0.09619873
0.0,0.08563778
0.0,0.09156296
0.0,0.083905324
0.0,0.054240927
0.0,0.15290283
1.0,0.14183722
0.0,0.08905387
0.0,0.020802481
0.0,0.08142666
0.0,0.101198114
0.0,0.08944839
0.0,0.056386974
0.0,0.0591803
0.0,0.08524615
0.0,0.121843584
0.0,0.10753289
0.0,0.06343508
0.0,0.07828255
0.0,0.08401166
0.0,0.1307005
0.0,0.10925168
0.0,0.13131833
0.0,0.06809778
0.0,0.13651158
0.0,0.12435217
0.0,0.1343007
0.0,0.061933182
0.0,0.10848442
0.0,0.04897489
0.0,0.09387727
0.0,0.07611448
0.0,0.13450183
1.0,0.092192166
0.0,0.07233127
0.0,0.06118981
0.0,0.101812616
0.0,0.049513433
0.0,0.08928266
0.0,0.13351262
0.0,0.13461618
0.0,0.12720844
0.0,0.08112612
0.0,0.05395336
0.0,0.12306461
0.0,0.0790111
0.0,0.06748552
1.0,0.06559227
0.0,0.09320524
0.0,0.06860774
0.0,0.06402741
0.0,0.093334846
0.0,0.08094002
0.0,0.07180804
0.0,0.12233429
0.0,0.085577086
0.0,0.076857015
0.0,0.096762806
0.0,0.08254153
0.0,0.12753919
0.0,0.07595271
0.0,0.11661352
0.0,0.13769916
0.0,0.12557364
0.0,0.09357734
0.0,0.13059385
0.0,0.0753762
0.0,0.088288456
1.0,0.039926976
0.0,0.085612245
0.0,0.013900966
0.0,0.10304638
0.0,0.08510252
0.0,0.09027695
0.0,0.07808003
0.0,0.094140805
0.0,0.087213024
0.0,0.14045703
0.0,0.1489666
0.0,0.06515897
0.0,0.07905556
0.0,0.12856403
0.0,0.099999495
0.0,0.06655045
0.0,0.07768417
0.0,0.07973459
0.0,0.10870299
0.0,0.07135131
0.0,0.06899254
0.0,0.060540203
0.0,0.08620715
0.0,0.11335024
0.0,0.06625237
0.0,0.14937644
0.0,0.055614833
0.0,0.071202576
0.0,0.072061405
0.0,0.07136029
1.0,0.06797701
0.0,0.055349424
0.0,0.07371029
0.0,0.085791744
0.0,0.07532245
0.0,0.07419382
0.0,0.10242832
0.0,0.09349157
1.0,0.07495877
0.0,0.07905869
0.0,0.07493219
0.0,0.06400598
0.0,0.08378079
0.0,0.11705813
0.0,0.03413432
0.0,0.08298727
0.0,0.05982667
0.0,0.1331332
0.0,0.0980273
0.0,0.100035526
0.0,0.11393249
0.0,0.040790543
1.0,0.07246366
0.0,0.12700194
0.0,0.07125986
1.0,0.059239663
0.0,0.10002346
0.0,0.10076691
0.0,0.076837614
0.0,0.096841365
0.0,0.059968907
0.0,0.101955205
0.0,0.04087251
0.0,0.11991897
0.0,0.07081627
0.0,0.089714974
0.0,0.08106155
0.0,0.07168772
0.0,0.10232699
0.0,0.11707672
0.0,0.1099748
0.0,0.07066391
0.0,0.07608117
0.0,0.104919195
0.0,0.07008592
0.0,0.07688893
0.0,0.07709744
0.0,0.07661517
0.0,0.14667128
0.0,0.13472457
0.0,0.076878935
0.0,0.13724609
0.0,0.034525383
0.0,0.083118975
0.0,0.076035224
0.0,0.043065652
0.0,0.07102741
0.0,0.078903794
0.0,0.0688133
0.0,0.07963933
0.0,0.10597815
0.0,0.022339374
1.0,0.020629723
0.0,0.086577825
0.0,0.07196646
0.0,0.07954255
0.0,0.06839727
0.0,0.07113008
0.0,0.06848785
0.0,0.0654517
0.0,0.13223423
0.0,0.039500613
0.0,0.08661094
0.0,0.08552627
0.0,0.1133344
0.0,0.03545497
0.0,0.13682236
0.0,0.10098753
0.0,0.14611632
0.0,0.10591015
0.0,0.0851026
1.0,0.08798751
0.0,0.099363595
0.0,0.10345736
0.0,0.036212437
1.0,0.090021804
0.0,0.04390929
0.0,0.08421356
0.0,0.12764531
0.0,0.09087985
0.0,0.09179443
0.0,0.15931249
0.0,0.014602006
1.0,0.08039062
0.0,0.1335753
0.0,0.100977995
1.0,0.06701129
0.0,0.088679835
0.0,0.0850718
0.0,0.030074663
0.0,0.07464977
0.0,0.07369419
0.0,0.10639629
0.0,0.04531178
0.0,0.08098772
0.0,0.06868938
0.0,0.11655326
0.0,0.103228375
0.0,0.06745788
0.0,0.039649807
0.0,0.042152733
0.0,0.047821973
0.0,0.045499235
0.0,0.13788462
0.0,0.1063535
0.0,0.055352632
0.0,0.10128098
0.0,0.07972229
0.0,0.12524061
0.0,0.09722647
0.0,0.07639461
0.0,0.088690825
0.0,0.09278852
0.0,0.07479222
0.0,0.11762813
0.0,0.09178294
0.0,0.047489464
0.0,0.092372075
0.0,0.12201664
0.0,0.110273115
0.0,0.09674744
0.0,0.08957566
1.0,0.08221176
0.0,0.115667306
0.0,0.07764771
0.0,0.035491448
0.0,0.056623634
0.0,0.12217255
0.0,0.05999731
0.0,0.087398276
0.0,0.085301876
0.0,0.089010015
1.0,0.0803064
0.0,0.106584445
0.0,0.11786658
0.0,0.1285063
0.0,0.11315729
1.0,0.1340395
0.0,0.0680837
0.0,0.08095208
0.0,0.060059823
1.0,0.04436119
0.0,0.13986842
0.0,0.09206653
0.0,0.09485537
1.0,0.053212363
0.0,0.070050806
0.0,0.12793353
0.0,0.08623523
1.0,0.094926566
0.0,0.11261362
0.0,0.12113414
0.0,0.082664445
0.0,0.124869116
0.0,0.07109646
0.0,0.069366634
0.0,0.061417233
0.0,0.069147915
0.0,0.07151003
0.0,0.085141465
0.0,0.10156585
0.0,0.10928002
0.0,0.081974715
0.0,0.06822728
0.0,0.055374082
0.0,0.114096954
1.0,0.11538319
0.0,0.07519197
1.0,0.09368791
0.0,0.09688414
0.0,0.0791911
0.0,0.107418835
0.0,0.07212165
0.0,0.038828947
0.0,0.10011162
0.0,0.051698264
0.0,0.08344833
0.0,0.0349516
0.0,0.085132554
0.0,0.14352463
0.0,0.070028275
0.0,0.08140136
0.0,0.058075637
1.0,0.0708413
0.0,0.11421717
0.0,0.092403285
0.0,0.08986841
0.0,0.052092947
0.0,0.024562722
0.0,0.07225357
0.0,0.07964818
0.0,0.042728107
0.0,0.12494482
0.0,0.10984488
1.0,0.11995434
0.0,0.10740306
0.0,0.084220946
0.0,0.085257456
0.0,0.14166433
0.0,0.1421538
0.0,0.12101639
0.0,0.08149834
0.0,0.055117182
0.0,0.0714151
0.0,0.07149353
0.0,0.09724125
0.0,0.07860676
0.0,0.076733075
0.0,0.07399034
0.0,0.076210365
0.0,0.16581604
0.0,0.09197931
0.0,0.07583282
0.0,0.05917237
1.0,0.07678676
0.0,0.1071015
0.0,0.061920337
0.0,0.07689857
0.0,0.117059276
0.0,0.0889218
0.0,0.08438733
0.0,0.10195181
0.0,0.053936437
0.0,0.035542306
0.0,0.083581775
0.0,0.09048086
0.0,0.06992799
0.0,0.107720055
0.0,0.07251607
1.0,0.06151586
0.0,0.07109161
0.0,0.10711256
0.0,0.063492544
1.0,0.0900683
0.0,0.07743357
0.0,0.121982515
0.0,0.09895144
0.0,0.093362644
0.0,0.07098971
0.0,0.058167208
0.0,0.102032974
0.0,0.07387415
0.0,0.10691228
0.0,0.11319865
1.0,0.06882769
0.0,0.05960123
0.0,0.146842
0.0,0.08976361
0.0,0.05107477
0.0,0.052559726
0.0,0.076814294
0.0,0.080851495
0.0,0.046143033
0.0,0.06744067
0.0,0.0766068
0.0,0.08272438
0.0,0.07339459
0.0,0.07286461
0.0,0.085677706
0.0,0.06571235
0.0,0.068562515
0.0,0.096849956
0.0,0.1201366
0.0,0.11515589
0.0,0.048810493
0.0,0.0579625
0.0,0.04258188
0.0,0.11383344
0.0,0.05716738
0.0,0.09124836
0.0,0.100598544
0.0,0.07369927
0.0,0.101841435
0.0,0.10266655
0.0,0.10359628
1.0,0.06363377
0.0,0.1032504
0.0,0.084859386
0.0,0.092213534
0.0,0.06810552
0.0,0.07940012
0.0,0.10762689
0.0,0.066684306
0.0,0.12750988
1.0,0.03519834
0.0,0.08501069
0.0,0.07957271
0.0,0.0965307
0.0,0.08702442
0.0,0.094559886
0.0,0.0988701
1.0,0.07897975
0.0,0.08738284
0.0,0.102662556
0.0,0.09909557
0.0,0.08385297
0.0,0.037359074
0.0,0.08005487
0.0,0.042505883
0.0,0.08843881
0.0,0.08146095
0.0,0.08067811
0.0,0.10117425
0.0,0.08941996
0.0,0.05363608
0.0,0.10472277
0.0,0.068972066
0.0,0.08114029
0.0,0.06673776
1.0,0.11161725
0.0,0.04456598
0.0,0.09370515
0.0,0.08368279
0.0,0.08727395
0.0,0.15309687
0.0,0.047284476
0.0,0.11159764
0.0,0.08979249
0.0,0.109136425
0.0,0.12170324
0.0,0.15509458
0.0,0.061938718
0.0,0.082747065
0.0,0.056017064
0.0,0.09262881
0.0,0.053880356
0.0,0.07271762
0.0,0.1238679
0.0,0.07719882
0.0,0.06432539
0.0,0.050275438
0.0,0.114279546
0.0,0.06511025
0.0,0.09743285
0.0,0.08909002
0.0,0.09960947
0.0,0.09041548
0.0,0.061464667
0.0,0.103729695
0.0,0.058650106
0.0,0.093051046
0.0,0.09439455
0.0,0.07310922
0.0,0.097002245
0.0,0.06716822
0.0,0.07104452
0.0,0.08935558
0.0,0.09897342
0.0,0.14834346
0.0,0.087541275
0.0,0.1090233
0.0,0.089907646
0.0,0.06743916
0.0,0.08965684
0.0,0.13255917
0.0,0.13153245
0.0,0.12621357
0.0,0.08768493
0.0,0.06716074
0.0,0.09375849
0.0,0.060536217
0.0,0.11620061
0.0,0.081881054
0.0,0.060721055
0.0,0.049209446
0.0,0.10490234
0.0,0.12423396
0.0,0.15223888
0.0,0.07632366
0.0,0.1016379
0.0,0.110008396
0.0,0.03344162
0.0,0.10925983
0.0,0.07473211
0.0,0.07000642
0.0,0.08354687
0.0,0.09136891
0.0,0.11905917
0.0,0.09748855
0.0,0.0869982
0.0,0.042297278
0.0,0.08802841
0.0,0.105984874
0.0,0.055308044
0.0,0.08090627
0.0,0.09407448
0.0,0.10457519
0.0,0.07164037
1.0,0.06139615
0.0,0.08320798
0.0,0.033490747
0.0,0.11917097
0.0,0.118727796
0.0,0.11887871
0.0,0.043406483
0.0,0.06779268
0.0,0.0686294
0.0,0.06802733
0.0,0.10279328
0.0,0.0513055
0.0,0.1191833
0.0,0.06712709
0.0,0.06408035
0.0,0.12561277
0.0,0.014361078
0.0,0.05495559
0.0,0.091249466
0.0,0.03496902
0.0,0.044221103
0.0,0.09060058
0.0,0.09561027
0.0,0.12695149
0.0,0.13718316
0.0,0.076029204
0.0,0.07092174
1.0,0.08526395
0.0,0.102063
0.0,0.11076459
0.0,0.09066574
0.0,0.07405664
0.0,0.09922927
0.0,0.11840093
0.0,0.07784777
0.0,0.103495136
0.0,0.07144626
0.0,0.09739035
0.0,0.077735715
0.0,0.093876526
0.0,0.053640224
0.0,0.123383045
0.0,0.14765745
1.0,0.07872464
1.0,0.057079956
0.0,0.03332608
0.0,0.11952566
0.0,0.07537223
0.0,0.06491055
0.0,0.09595187
0.0,0.0669063
0.0,0.08520065
0.0,0.10599968
0.0,0.07625056
0.0,0.096152365
0.0,0.08907938
0.0,0.054513544
0.0,0.087649606
0.0,0.06882452
0.0,0.08441065
0.0,0.113946564
0.0,0.09361273
0.0,0.08450971
0.0,0.072327085
0.0,0.1403549
0.0,0.080611914
0.0,0.116243504
0.0,0.07925399
0.0,0.09446394
0.0,0.1305171
0.0,0.1117672
0.0,0.07442507
0.0,0.09739244
0.0,0.09585959
0.0,0.107841656
0.0,0.051765077
0.0,0.063036434
0.0,0.063922055
0.0,0.06073856
0.0,0.08510444
0.0,0.07164268
0.0,0.018956004
0.0,0.107260704
0.0,0.08752306
0.0,0.051666237
0.0,0.051973455
0.0,0.039025422
0.0,0.10539561
1.0,0.07588324
0.0,0.079947755
0.0,0.05890153
0.0,0.09394525
0.0,0.14532393
0.0,0.08769528
0.0,0.11866933
0.0,0.014948397
0.0,0.06766151
0.0,0.064274155
0.0,0.0710483
0.0,0.06501095
0.0,0.08255281
0.0,0.09269897
0.0,0.08761835
0.0,0.093665734
0.0,0.08348876
0.0,0.10358613
0.0,0.051812604
0.0,0.06980912
0.0,0.11395648
0.0,0.05984633
0.0,0.0376453
0.0,0.0825472
0.0,0.10800666
0.0,0.09700972
0.0,0.11724952
0.0,0.11556162
0.0,0.08752131
0.0,0.06362711
0.0,0.08229016
1.0,0.11638657
0.0,0.07363927
0.0,0.09372608
0.0,0.089542486
0.0,0.057433464
0.0,0.10557928
0.0,0.070108384
0.0,0.08672687
0.0,0.06748941
0.0,0.07327685
0.0,0.07544083
0.0,0.09849505
0.0,0.07438734
0.0,0.061365332
0.0,0.08205232
0.0,0.09406829
0.0,0.10518825
0.0,0.11987686
0.0,0.08403632
0.0,0.052777193
0.0,0.062625475
0.0,0.1269308
0.0,0.062430315
0.0,0.11400923
1.0,0.07389831
0.0,0.09800332
0.0,0.091848835
0.0,0.085622266
0.0,0.065517165
0.0,0.024099838
0.0,0.073629655
0.0,0.11498722
0.0,0.13534342
0.0,0.07885522
0.0,0.080876924
0.0,0.09843624
0.0,0.091936454
0.0,0.1129667
0.0,0.063179195
0.0,0.1030253
0.0,0.069823585
0.0,0.07046717
0.0,0.05760208
0.0,0.056300085
0.0,0.10810905
0.0,0.07025807
0.0,0.07730038
0.0,0.09988019
0.0,0.04724563
0.0,0.03256551
0.0,0.08397209
0.0,0.09395882
0.0,0.12812148
0.0,0.10291024
0.0,0.09440024
0.0,0.07904769
0.0,0.0987691
0.0,0.06558457
0.0,0.05699097
0.0,0.03355519
0.0,0.14138125
0.0,0.10919106
0.0,0.07006542
0.0,0.05223029
0.0,0.15040958
0.0,0.072061375
0.0,0.07944281
0.0,0.08737016
0.0,0.14197032
0.0,0.07924741
0.0,0.048628904
0.0,0.056215048
0.0,0.08636313
0.0,0.08736667
0.0,0.07192605
0.0,0.07976532
0.0,0.076125026
0.0,0.06571787
0.0,0.05727147
0.0,0.10690894
0.0,0.12789463
0.0,0.15689965
0.0,0.16626842
0.0,0.025634274
0.0,0.118836485
0.0,0.07069063
0.0,0.064006284
0.0,0.12395494
0.0,0.084448665
0.0,0.07193966
0.0,0.06787899
0.0,0.06959358
0.0,0.081842564
1.0,0.056527916
0.0,0.06453735
0.0,0.09897697
0.0,0.08637442
0.0,0.094777174
0.0,0.12167051
0.0,0.08492403
0.0,0.04455948
0.0,0.107339345
0.0,0.08387411
0.0,0.06372322
0.0,0.06929357
0.0,0.07298849
0.0,0.12283157
0.0,0.113529526
0.0,0.063534126
0.0,0.057001747
1.0,0.12569033
0.0,0.046441473
0.0,0.12508902
0.0,0.07053602
0.0,0.107257046
1.0,0.06452576
0.0,0.07871616
0.0,0.08722775
0.0,0.093016796
0.0,0.042483553
0.0,0.086300865
0.0,0.061557703
0.0,0.054534256
0.0,0.12054126
0.0,0.103637114
0.0,0.117886364
0.0,0.11582112
0.0,0.09877508
0.0,0.110071465
1.0,0.08684781
0.0,0.040551953
0.0,0.10397501
0.0,0.070752904
0.0,0.09623351
0.0,0.14718604
0.0,0.07424027
0.0,0.07407395
0.0,0.08460222
0.0,0.051070265
0.0,0.10720096
0.0,0.077302456
0.0,0.08889925
0.0,0.13056318
0.0,0.07770784
0.0,0.084244505
0.0,0.051896237
0.0,0.048759654
0.0,0.12969904
1.0,0.08580017
0.0,0.12953524
0.0,0.067544594
0.0,0.015362921
0.0,0.14115992
0.0,0.15422392
0.0,0.07092567
0.0,0.07015956
0.0,0.07349808
0.0,0.044677854
0.0,0.051619858
0.0,0.08283358
1.0,0.10771954
0.0,0.07326329
0.0,0.09228787
0.0,0.0600792
0.0,0.021556947
0.0,0.08339705
0.0,0.07207394
0.0,0.093614206
0.0,0.04866747
0.0,0.11663455
0.0,0.01748409
0.0,0.05930857
0.0,0.04592386
0.0,0.044672325
0.0,0.11064463
1.0,0.06377703
0.0,0.07470985
0.0,0.047340527
0.0,0.10232538
0.0,0.12965074
0.0,0.09915279
0.0,0.083162144
0.0,0.034385428
0.0,0.11868177
0.0,0.112369776
0.0,0.12405599
0.0,0.08744822
1.0,0.06932649
1.0,0.081881836
0.0,0.062988274
0.0,0.09827331
0.0,0.050460417
0.0,0.06677138
0.0,0.13054669
0.0,0.0925731
0.0,0.07584021
0.0,0.08327693
0.0,0.061782178
0.0,0.07228217
0.0,0.06548794
0.0,0.08715093
0.0,0.16668883
0.0,0.062285002
0.0,0.1024964
0.0,0.092611074
1.0,0.053767648
0.0,0.07723028
0.0,0.06867438
0.0,0.064196214
0.0,0.11991122
0.0,0.13531186
0.0,0.0926553
0.0,0.10667879
0.0,0.09596102
1.0,0.079740256
0.0,0.07398945
0.0,0.08887112
0.0,0.06279879
0.0,0.09008836
0.0,0.070593186
0.0,0.100821316
0.0,0.08660558
0.0,0.10653523
0.0,0.075263426
0.0,0.017524505
0.0,0.13538378
0.0,0.08161388
0.0,0.10098325
0.0,0.10828433
0.0,0.054564584
0.0,0.05883447
0.0,0.07825482
0.0,0.09127499
0.0,0.122269936
0.0,0.10768506
0.0,0.08655587
0.0,0.07813355
0.0,0.11104103
0.0,0.12980932
0.0,0.0869033
0.0,0.06082626
0.0,0.103152744
0.0,0.15254635
0.0,0.13401286
0.0,0.07270792
0.0,0.092459574
0.0,0.07785813
0.0,0.10098325
0.0,0.062965505
0.0,0.08619803
0.0,0.07849204
0.0,0.08030323
0.0,0.078465566
0.0,0.06620589
0.0,0.120805286
0.0,0.1100192
0.0,0.11367446
0.0,0.14766678
0.0,0.077002555
0.0,0.08708526
0.0,0.093452945
0.0,0.057310905
0.0,0.08170872
0.0,0.07023931
0.0,0.1123948
0.0,0.084613115
0.0,0.09943687
0.0,0.13298588
0.0,0.05123671
0.0,0.105105124
0.0,0.085774645
0.0,0.081514314
0.0,0.08402872
0.0,0.09634283
0.0,0.09214905
0.0,0.09159379
0.0,0.12547302
0.0,0.060434926
0.0,0.13867058
0.0,0.11131114
0.0,0.07444994
0.0,0.038860723
0.0,0.11661942
0.0,0.057417255
0.0,0.10095722
0.0,0.09730067
0.0,0.10425671
0.0,0.09573477
0.0,0.11290257
0.0,0.05192183
0.0,0.008026593
0.0,0.07322469
0.0,0.07195208
0.0,0.07749097
0.0,0.1541217
1.0,0.13098226
0.0,0.07724954
0.0,0.05442023
0.0,0.12980309
0.0,0.0897589
0.0,0.07183323
0.0,0.09211536
0.0,0.13427338
0.0,0.12807032
0.0,0.09400812
0.0,0.13192622
0.0,0.068479195
0.0,0.04085447
0.0,0.067765445
0.0,0.14779854
0.0,0.102075726
0.0,0.13229837
0.0,0.11630266
0.0,0.15115112
0.0,0.07996926
0.0,0.08046172
0.0,0.088814616
0.0,0.05874128
0.0,0.034226555
0.0,0.122222684
0.0,0.07773145
0.0,0.10431464
0.0,0.11301762
0.0,0.13088514
1.0,0.04410614
0.0,0.1351243
0.0,0.06678816
0.0,0.080984704
0.0,0.111970656
0.0,0.10334928
1.0,0.087567225
0.0,0.07760174
0.0,0.104042865
0.0,0.01605664
2.0,0.057408355
0.0,0.072426975
0.0,0.07996636
0.0,0.06634216
0.0,0.14347064
0.0,0.1310308
0.0,0.10561417
0.0,0.06756866
0.0,0.083128884
0.0,0.08043836
0.0,0.0862082
0.0,0.08609517
0.0,0.115608744
0.0,0.094098754
0.0,0.06584404
0.0,0.034648888
0.0,0.11432421
0.0,0.08439508
0.0,0.05168435
0.0,0.09013517
0.0,0.118884206
0.0,0.0625544
0.0,0.04415908
0.0,0.05941344
0.0,0.06629575
0.0,0.08282675
0.0,0.11724725
0.0,0.06588306
0.0,0.09258515
0.0,0.052887447
0.0,0.056364432
0.0,0.10876484
0.0,0.036045283
0.0,0.10172988
0.0,0.084735595
1.0,0.10566772
0.0,0.11057575
0.0,0.10065003
0.0,0.10111327
0.0,0.013987018
0.0,0.07126253
0.0,0.05671817
0.0,0.07506442
0.0,0.046718575
0.0,0.09219454
0.0,0.07560161
0.0,0.07231789
0.0,0.076072976
0.0,0.10240861
0.0,0.055971753
0.0,0.14282048
0.0,0.037808266
0.0,0.0820695
0.0,0.09131822
0.0,0.012572509
0.0,0.0977944
0.0,0.04606908
0.0,0.079560384
0.0,0.11957748
1.0,0.10005561
0.0,0.094872355
0.0,0.08888006
0.0,0.054943956
0.0,0.035267033
0.0,0.09938707
0.0,0.08382848
0.0,0.0930616
0.0,0.106970996
0.0,0.080499515
0.0,0.13424438
0.0,0.101886876
1.0,0.10667174
1.0,0.07504042
1.0,0.115292065
0.0,0.10926207
0.0,0.10107316
0.0,0.06687046
0.0,0.08611835
0.0,0.07683829
0.0,0.068882935
0.0,0.05918243
0.0,0.08395053
0.0,0.086097345
0.0,0.11384845
0.0,0.13853464
0.0,0.09993462
0.0,0.07522912
0.0,0.049230453
0.0,0.0607688
0.0,0.042506907
1.0,0.092504725
0.0,0.07835414
0.0,0.09147403
0.0,0.046244025
0.0,0.08471897
0.0,0.049101137
1.0,0.087021746
0.0,0.09739268
0.0,0.07701074
0.0,0.1053523
0.0,0.09122047
0.0,0.10712811
0.0,0.10776809
0.0,0.09924942
0.0,0.0783429
0.0,0.086238936
0.0,0.084622554
0.0,0.072195835
0.0,0.08679987
0.0,0.091014355
0.0,0.0937513
0.0,0.065307215
0.0,0.08885943
0.0,0.05707544
0.0,0.09725614
0.0,0.06888983
0.0,0.08123124
0.0,0.09612266
0.0,0.1018332
1.0,0.06724574
0.0,0.06830146
0.0,0.06429586
1.0,0.07088837
0.0,0.08789702
0.0,0.049312543
0.0,0.08940494
0.0,0.076435216
0.0,0.07128364
0.0,0.07428747
0.0,0.1015715
1.0,0.08483195
0.0,0.012823885
0.0,0.13176398
1.0,0.041190427
0.0,0.084218636
0.0,0.13057312
0.0,0.05611482
0.0,0.059317537
0.0,0.053965557
0.0,0.092104346
0.0,0.111832134
0.0,0.08816674
0.0,0.08330012
0.0,0.07591929
0.0,0.14270785
0.0,0.101967655
0.0,0.10462841
0.0,0.06732587
0.0,0.12926166
0.0,0.07297276
0.0,0.08289732
0.0,0.07344461
0.0,0.079297416
0.0,0.06857124
0.0,0.15726759
0.0,0.10410509
0.0,0.06453989
0.0,0.09023738
0.0,0.11256724
0.0,0.06757911
0.0,0.019965
0.0,0.07672133
0.0,0.09258328
0.0,0.06853048
0.0,0.06587259
0.0,0.064581074
0.0,0.099404894
0.0,0.06589637
0.0,0.061132126
0.0,0.07224997
0.0,0.062600456
0.0,0.11807663
1.0,0.052734844
0.0,0.076686315
0.0,0.045765348
0.0,0.045099095
0.0,0.09484429
0.0,0.039191123
0.0,0.06580934
0.0,0.05433829
0.0,0.06386976
0.0,0.10155641
0.0,0.10211669
2.0,0.045045145
2.0,0.09070114
0.0,0.07016567
0.0,0.13657796
0.0,0.06985843
0.0,0.042176537
0.0,0.07647701
1.0,0.056006156
0.0,0.16963115
0.0,0.0668721
0.0,0.042951547
0.0,0.062242057
0.0,0.08061818
0.0,0.063709125
0.0,0.09943085
0.0,0.09884592
0.0,0.10299483
0.0,0.060431726
0.0,0.12870573
0.0,0.08863487
0.0,0.0620689
0.0,0.055131692
0.0,0.072085105
0.0,0.062274713
0.0,0.015305828
0.0,0.04356773
0.0,0.11560048
0.0,0.05404023
0.0,0.080151886
0.0,0.05602047
0.0,0.11316187
0.0,0.09516412
0.0,0.07858006
0.0,0.08364395
0.0,0.045796305
0.0,0.084669255
0.0,0.08277576
1.0,0.081714235
0.0,0.12744322
0.0,0.12233878
0.0,0.119795375
0.0,0.15791196
0.0,0.08613825
0.0,0.11805239
0.0,0.102844946
0.0,0.12452057
0.0,0.07787001
0.0,0.079315305
0.0,0.015600254
0.0,0.124530576
1.0,0.070645414
0.0,0.081322975
0.0,0.08679074
0.0,0.07367529
0.0,0.09732745
0.0,0.08507132
0.0,0.101162896
0.0,0.07812649
0.0,0.09201061
0.0,0.14206026
0.0,0.083382934
0.0,0.121279955
0.0,0.03732176
0.0,0.083120674
0.0,0.0856158
0.0,0.068239935
0.0,0.07727808
0.0,0.15695426
0.0,0.10580433
0.0,0.07169211
0.0,0.06285263
0.0,0.019508734
0.0,0.0975747
0.0,0.056815606
0.0,0.052297257
0.0,0.09164678
0.0,0.072977036
0.0,0.0985315
0.0,0.089377016
0.0,0.1207498
0.0,0.15287098
0.0,0.11800661
0.0,0.08554748
0.0,0.119069554
0.0,0.09551913
0.0,0.11206752
0.0,0.08089094
0.0,0.092177615
0.0,0.10987896
0.0,0.08964104
0.0,0.054210134
0.0,0.09057647
0.0,0.16104883
0.0,0.09848256
1.0,0.072410956
0.0,0.04975415
0.0,0.081157856
0.0,0.08421169
0.0,0.09999242
0.0,0.049348745
1.0,0.087575614
0.0,0.045411855
0.0,0.09817521
0.0,0.09471329
0.0,0.11578468
0.0,0.07644063
0.0,0.0729789
0.0,0.1344291
0.0,0.06663426
0.0,0.05468209
0.0,0.06334175
0.0,0.077203624
0.0,0.12819915
0.0,0.13178422
0.0,0.08785384
1.0,0.09616128
0.0,0.08167064
0.0,0.13125058
0.0,0.106214486
0.0,0.084853016
0.0,0.09436944
0.0,0.05519894
0.0,0.11079219
0.0,0.07718132
0.0,0.06285715
0.0,0.09852673
1.0,0.07916869
0.0,0.102737114
0.0,0.07449896
0.0,0.10050897
0.0,0.073570535
0.0,0.08724759
0.0,0.060703468
0.0,0.14492981
0.0,0.0708975
0.0,0.048783943
0.0,0.105141014
0.0,0.089626655
0.0,0.10610565
0.0,0.08270723
0.0,0.044206746
0.0,0.045211293
0.0,0.09124605
0.0,0.11205542
0.0,0.08959463
0.0,0.056753572
0.0,0.065311
0.0,0.07672192
0.0,0.055405788
0.0,0.08140874
1.0,0.1251925
0.0,0.13531695
0.0,0.05721198
0.0,0.069599055
0.0,0.07925606
0.0,0.12804888
0.0,0.08309963
0.0,0.09042108
0.0,0.105727166
0.0,0.090714484
0.0,0.10649676
0.0,0.060783092
0.0,0.1417719
0.0,0.16201632
0.0,0.05341909
0.0,0.071171194
0.0,0.06626144
0.0,0.04793184
0.0,0.07302843
0.0,0.13887346
0.0,0.0765824
1.0,0.060711008
0.0,0.08343333
0.0,0.10342523
0.0,0.04664246
0.0,0.058701713
0.0,0.056324884
0.0,0.09409976
0.0,0.11301824
0.0,0.062220797
1.0,0.081586525
0.0,0.056731008
0.0,0.11229203
0.0,0.061399326
1.0,0.06389991
0.0,0.046548933
0.0,0.03450459
0.0,0.1015301
0.0,0.045885332
0.0,0.08619803
0.0,0.06795212
0.0,0.11569213
0.0,0.12886278
0.0,0.049785275
0.0,0.083469585
0.0,0.08796503
0.0,0.071856335
0.0,0.106467366
0.0,0.1020339
0.0,0.12671462
0.0,0.14623639
0.0,0.10541089
0.0,0.113036804
0.0,0.09924294
0.0,0.06458312
0.0,0.10741612
0.0,0.10231282
0.0,0.07148361
0.0,0.015925344
0.0,0.07837754
0.0,0.0229969
0.0,0.109876916
0.0,0.08044097
0.0,0.13913915
0.0,0.07386734
0.0,0.06915319
0.0,0.14893356
0.0,0.14017032
0.0,0.10802168
0.0,0.07102113
0.0,0.05601692
0.0,0.08748486
0.0,0.06275309
0.0,0.132504
0.0,0.08081929
0.0,0.106128216
0.0,0.107076764
0.0,0.06481707
0.0,0.09739175
0.0,0.12109105
0.0,0.0728858
0.0,0.103392266
0.0,0.08765236
0.0,0.07011527
0.0,0.113332376
0.0,0.095066376
0.0,0.113840364
0.0,0.055133075
0.0,0.055578314
0.0,0.100708336
0.0,0.09239143
1.0,0.08134933
0.0,0.0790218
0.0,0.094482765
0.0,0.068445966
1.0,0.07508266
0.0,0.08662705
0.0,0.08517267
0.0,0.090282485
0.0,0.07187632
0.0,0.06248945
0.0,0.07202508
0.0,0.11348761
0.0,0.043660294
0.0,0.08711414
0.0,0.07212246
0.0,0.107095554
0.0,0.047392484
0.0,0.099482164
0.0,0.056717362
0.0,0.10033281
0.0,0.084477015
0.0,0.04221505
0.0,0.08768589
0.0,0.07285701
0.0,0.058523946
0.0,0.09269048
0.0,0.111557975
0.0,0.09918042
0.0,0.08085442
0.0,0.051549215
0.0,0.07304475
0.0,0.05586747
0.0,0.10566618
0.0,0.09271175
0.0,0.07342675
0.0,0.07456172
0.0,0.087746665
0.0,0.06466662
0.0,0.07249097
0.0,0.08868442
0.0,0.081914306
0.0,0.14104477
0.0,0.12771685
0.0,0.09617218
0.0,0.09536435
0.0,0.0953641
0.0,0.08242164
0.0,0.13509972
0.0,0.053008143
0.0,0.08086952
0.0,0.090193324
0.0,0.10687321
0.0,0.11383795
0.0,0.11999862
0.0,0.06292499
0.0,0.09740296
0.0,0.12086146
0.0,0.13588062
0.0,0.07647435
0.0,0.10368622
0.0,0.1493609
0.0,0.043744326
1.0,0.069966316
0.0,0.08301189
0.0,0.09542829
0.0,0.07441333
1.0,0.06308852
0.0,0.08999723
0.0,0.07351232
0.0,0.08924568
0.0,0.063944206
0.0,0.09179747
0.0,0.07378709
0.0,0.06616833
0.0,0.0886171
0.0,0.0851879
0.0,0.05307289
0.0,0.08974154
1.0,0.102157846
0.0,0.07138262
0.0,0.10808882
0.0,0.12601012
0.0,0.11266349
0.0,0.11236862
0.0,0.067550555
0.0,0.116196506
0.0,0.065961316
0.0,0.07311627
0.0,0.07327536
0.0,0.054453377
0.0,0.1195494
0.0,0.08695167
0.0,0.09413517
0.0,0.13992512
0.0,0.077234164
0.0,0.016712226
0.0,0.12284399
0.0,0.107927926
0.0,0.06962897
0.0,0.08084841
0.0,0.13186418
0.0,0.11458924
0.0,0.11263784
0.0,0.106760696
0.0,0.05431477
0.0,0.11414672
0.0,0.09697103
0.0,0.09262933
0.0,0.07951677
0.0,0.09748197
0.0,0.038940623
3.0,0.07240776
0.0,0.032799587
0.0,0.092777506
0.0,0.014889564
0.0,0.079597436
0.0,0.12012027
0.0,0.13296883
0.0,0.10597567
0.0,0.07474024
0.0,0.07050646
0.0,0.12803741
0.0,0.09429416
0.0,0.07452533
0.0,0.08669149
0.0,0.06983242
0.0,0.13664588
0.0,0.098602936
0.0,0.07495431
0.0,0.07878563
0.0,0.11645988
0.0,0.12898508
0.0,0.101075575
0.0,0.08436269
0.0,0.08497412
0.0,0.08036429
0.0,0.11358782
0.0,0.06791618
0.0,0.117422014
0.0,0.08029051
0.0,0.08091666
0.0,0.07720675
0.0,0.09288179
0.0,0.0865361
0.0,0.09280799
0.0,0.09239663
0.0,0.0743229
0.0,0.10493656
0.0,0.11896297
0.0,0.060802482
0.0,0.07423028
0.0,0.091112405
0.0,0.130806
0.0,0.056819167
0.0,0.05556011
0.0,0.1347131
0.0,0.06848106
0.0,0.069864996
0.0,0.07375489
0.0,0.07808461
0.0,0.11899435
0.0,0.07701041
0.0,0.06582544
0.0,0.09926933
0.0,0.06522969
0.0,0.07085593
0.0,0.119528025
0.0,0.096876375
0.0,0.09579939
0.0,0.09918336
0.0,0.07164772
0.0,0.055549353
0.0,0.022619415
0.0,0.08993779
1.0,0.057527214
0.0,0.05780137
0.0,0.07969304
0.0,0.03521813
0.0,0.06928049
0.0,0.08644069
0.0,0.09135899
0.0,0.08475299
0.0,0.07775399
0.0,0.117473006
0.0,0.07538984
0.0,0.07789434
0.0,0.08509793
1.0,0.07157304
0.0,0.08472111
0.0,0.08862601
0.0,0.09913959
0.0,0.09793456
0.0,0.086099766
0.0,0.12781073
0.0,0.10472487
0.0,0.0873957
0.0,0.019525941
0.0,0.09475817
0.0,0.13794284
0.0,0.085235804
0.0,0.071081474
0.0,0.14154246
0.0,0.06598055
1.0,0.10037961
0.0,0.098207004
0.0,0.09020756
0.0,0.06953593
0.0,0.08772041
0.0,0.12458029
0.0,0.10296565
0.0,0.10943498
0.0,0.05700997
0.0,0.10106312
0.0,0.024556879
0.0,0.13842022
1.0,0.11070819
0.0,0.07078202
0.0,0.07063113
0.0,0.055229273
0.0,0.10105528
0.0,0.04548404
0.0,0.06689307
0.0,0.119215675
0.0,0.101481184
0.0,0.064866774
0.0,0.03129066
0.0,0.10771913
0.0,0.15392366
0.0,0.07880909
0.0,0.07590459
0.0,0.103887945
0.0,0.082942724
0.0,0.094151735
1.0,0.06368549
0.0,0.1332991
0.0,0.07077053
0.0,0.07049355
0.0,0.07885486
0.0,0.07988663
0.0,0.07046925
0.0,0.08156364
0.0,0.039491016
0.0,0.10156593
0.0,0.10682104
0.0,0.11856752
0.0,0.07212291
0.0,0.08414428
0.0,0.0755633
0.0,0.07477744
0.0,0.085334666
0.0,0.10382339
0.0,0.08916199
0.0,0.060789175
0.0,0.08684069
0.0,0.06827761
0.0,0.061135434
0.0,0.13967204
0.0,0.116965316
0.0,0.037291795
0.0,0.123851895
1.0,0.07606763
0.0,0.039891616
0.0,0.08840592
0.0,0.05142718
1.0,0.07365065
0.0,0.13590427
0.0,0.047275342
0.0,0.10029246
0.0,0.15981169
0.0,0.053576164
1.0,0.08900136
0.0,0.06658143
0.0,0.07153558
0.0,0.09260085
0.0,0.07906623
0.0,0.11673988
0.0,0.06862332
0.0,0.11776728
0.0,0.08505092
1.0,0.0639835
0.0,0.1450516
0.0,0.102242395
0.0,0.089993194
0.0,0.08231449
0.0,0.026010158
0.0,0.06711473
0.0,0.088675685
0.0,0.09860289
0.0,0.10015972
0.0,0.066736445
0.0,0.09745625
0.0,0.090085655
0.0,0.033513546
0.0,0.091622576
0.0,0.14308299
0.0,0.04999343
0.0,0.055455744
0.0,0.06651809
0.0,0.07255186
0.0,0.0828511
0.0,0.059150353
0.0,0.08064067
0.0,0.086462684
0.0,0.09079924
0.0,0.095028445
0.0,0.06162822
0.0,0.06335816
0.0,0.08319598
0.0,0.11474239
0.0,0.08062481
0.0,0.07790065
0.0,0.115356214
0.0,0.035438955
0.0,0.098411486
0.0,0.10024415
0.0,0.049927704
0.0,0.04923387
0.0,0.02859386
0.0,0.06862871
0.0,0.10004738
1.0,0.055194125
0.0,0.124573395
0.0,0.1374497
0.0,0.079476416
0.0,0.08080501
0.0,0.11660758
0.0,0.067093045
0.0,0.11345114
0.0,0.097472675
0.0,0.14437924
0.0,0.09213816
0.0,0.10212984
0.0,0.08372919
0.0,0.07750841
0.0,0.09502543
0.0,0.10347234
0.0,0.07481523
0.0,0.124359824
0.0,0.052542515
0.0,0.10342042
0.0,0.120861895
0.0,0.07559832
0.0,0.12377125
0.0,0.10729324
0.0,0.088154994
0.0,0.05135205
0.0,0.048693888
1.0,0.12013485
0.0,0.060245086
1.0,0.13618
0.0,0.10879638
0.0,0.14515471
0.0,0.06326722
0.0,0.07633349
0.0,0.14372423
0.0,0.05072493
0.0,0.07825721
0.0,0.09561795
0.0,0.12445717
0.0,0.102079615
0.0,0.064457804
0.0,0.11542741
0.0,0.052738942
0.0,0.037166305
0.0,0.070120916
0.0,0.059895348
0.0,0.051700052
0.0,0.09374211
0.0,0.050949194
0.0,0.12864986
0.0,0.124424174
0.0,0.07585672
0.0,0.09845406
0.0,0.08548864
0.0,0.13807017
0.0,0.10509202
0.0,0.090927646
0.0,0.08210712
0.0,0.10328586
0.0,0.1104437
0.0,0.039375555
0.0,0.07194128
0.0,0.10552052
0.0,0.12125833
0.0,0.09609997
0.0,0.07346388
0.0,0.057567347
0.0,0.1428935
0.0,0.10051576
0.0,0.093450606
0.0,0.112339504
0.0,0.09401937
0.0,0.13983595
0.0,0.06509284
1.0,0.10079399
0.0,0.04161152
0.0,0.11881223
0.0,0.1073135
0.0,0.08666636
0.0,0.07652854
0.0,0.06345418
0.0,0.14214584
0.0,0.14134458
0.0,0.073303476
0.0,0.066997066
0.0,0.09683791
0.0,0.058353268
0.0,0.15089756
0.0,0.045679078
0.0,0.052284613
0.0,0.058544684
0.0,0.05351684
1.0,0.06892264
0.0,0.071077965
0.0,0.11906856
0.0,0.10504906
0.0,0.13068461
0.0,0.10138564
0.0,0.059938945
0.0,0.070785314
0.0,0.10134506
0.0,0.0786758
0.0,0.0699711
1.0,0.067788325
0.0,0.10185137
0.0,0.098525345
0.0,0.028909251
0.0,0.036675688
0.0,0.10642942
0.0,0.05775095
0.0,0.08554693
0.0,0.114334814
0.0,0.07312603
0.0,0.053796448
0.0,0.08679634
1.0,0.12486971
0.0,0.09573458
0.0,0.059623174
0.0,0.05171265
0.0,0.08143382
0.0,0.08235413
0.0,0.089680076
1.0,0.11866757
0.0,0.10164936
0.0,0.07110005
0.0,0.062448166
0.0,0.09709281
0.0,0.10307033
0.0,0.059916914
0.0,0.09047027
1.0,0.07465867
0.0,0.110480666
0.0,0.08213067
0.0,0.1322372
1.0,0.07455408
0.0,0.11765564
0.0,0.053999122
0.0,0.0644549
0.0,0.10797194
0.0,0.10758948
0.0,0.12233796
0.0,0.10460875
0.0,0.08143285
0.0,0.07088408
0.0,0.12239298
0.0,0.077519834
0.0,0.06043236
0.0,0.054222643
0.0,0.1315014
1.0,0.06596061
1.0,0.08802589
0.0,0.09047423
0.0,0.08072294
0.0,0.066661865
0.0,0.14239118
0.0,0.05340191
0.0,0.09423454
0.0,0.076309144
0.0,0.043786973
0.0,0.057099503
0.0,0.091536805
0.0,0.12836507
0.0,0.13511759
0.0,0.07827479
0.0,0.058959164
0.0,0.05263177
0.0,0.083749995
0.0,0.12276681
0.0,0.13564955
0.0,0.055820324
0.0,0.07747185
0.0,0.122224346
0.0,0.04218901
0.0,0.07310961
0.0,0.10803239
0.0,0.10065435
0.0,0.07502647
0.0,0.09066492
0.0,0.052509964
0.0,0.058304455
0.0,0.08141002
0.0,0.11067302
1.0,0.100209266
0.0,0.099648476
0.0,0.07467994
0.0,0.028161556
0.0,0.07496716
0.0,0.067166634
0.0,0.073253855
0.0,0.074717395
0.0,0.12812148
0.0,0.09198484
0.0,0.06400815
0.0,0.0555595
0.0,0.16060515
0.0,0.09160713
0.0,0.064274065
0.0,0.05534374
0.0,0.113837406
0.0,0.10968895
0.0,0.059289355
0.0,0.109201446
0.0,0.012331322
0.0,0.093122214
1.0,0.071451254
1.0,0.08827221
1.0,0.038341977
0.0,0.11667779
0.0,0.050302163
0.0,0.06207809
0.0,0.08420429
0.0,0.09090961
0.0,0.11360014
0.0,0.09689199
0.0,0.075140245
0.0,0.06843601
0.0,0.08752598
0.0,0.09173785
0.0,0.05324523
0.0,0.048422806
0.0,0.06712042
0.0,0.10593849
0.0,0.12948602
0.0,0.04460869
0.0,0.13970314
0.0,0.10738713
0.0,0.059125666
0.0,0.07470447
0.0,0.08012363
0.0,0.11083163
0.0,0.07116407
0.0,0.09828463
0.0,0.1354201
0.0,0.07467049
0.0,0.12228399
0.0,0.12730423
0.0,0.07913294
0.0,0.16714588
0.0,0.12425763
0.0,0.081533305
0.0,0.055904336
0.0,0.094030194
0.0,0.07978175
0.0,0.056130018
0.0,0.0619798
0.0,0.064407736
1.0,0.0903906
0.0,0.07357183
0.0,0.087761395
0.0,0.05646707
0.0,0.055251952
0.0,0.0980223
0.0,0.09209467
0.0,0.029820891
0.0,0.0908839
0.0,0.08296383
0.0,0.06702539
0.0,0.13564658
0.0,0.10396416
0.0,0.12465462
0.0,0.13941516
0.0,0.10280146
0.0,0.10651189
0.0,0.057348028
0.0,0.01522784
0.0,0.067577116
0.0,0.11345552
0.0,0.0731399
0.0,0.08328153
0.0,0.14251916
0.0,0.09663467
0.0,0.16415235
0.0,0.12684698
0.0,0.10095992
0.0,0.081820086
0.0,0.07266908
0.0,0.10514254
0.0,0.04496833
0.0,0.12800725
0.0,0.06469393
0.0,0.098232314
0.0,0.078877494
0.0,0.071650825
0.0,0.06648278
0.0,0.054899607
0.0,0.054713506
0.0,0.07642857
0.0,0.13504378
0.0,0.071121395
0.0,0.07323873
0.0,0.1024703
0.0,0.040994678
0.0,0.096498325
0.0,0.07003476
0.0,0.06850426
0.0,0.056375653
0.0,0.13477585
0.0,0.08748342
0.0,0.08487824
0.0,0.103770256
0.0,0.114985794
0.0,0.090090744
0.0,0.11050185
0.0,0.09130418
0.0,0.0750814
0.0,0.05303722
0.0,0.100825
0.0,0.094358034
0.0,0.05862536
0.0,0.088541366
0.0,0.080321416
0.0,0.05787258
0.0,0.059846073
0.0,0.08682501
0.0,0.089709245
0.0,0.032108128
0.0,0.07065168
0.0,0.09370442
0.0,0.11074513
0.0,0.090145126
0.0,0.08532059
0.0,0.078147896
0.0,0.07176893
0.0,0.106800154
0.0,0.04640033
0.0,0.07420488
0.0,0.08435221
0.0,0.06507695
0.0,0.0774862
0.0,0.05000244
0.0,0.06405764
0.0,0.04527144
0.0,0.06566529
0.0,0.021504223
0.0,0.09590569
0.0,0.11896922
0.0,0.08011693
0.0,0.054269154
0.0,0.06344335
0.0,0.07937372
1.0,0.079873145
0.0,0.08393016
0.0,0.09770432
0.0,0.06826357
0.0,0.088467896
0.0,0.059901804
0.0,0.07948985
0.0,0.12060703
0.0,0.0690074
0.0,0.06733091
0.0,0.084164724
0.0,0.0778722
0.0,0.051172316
0.0,0.0680578
0.0,0.014877393
0.0,0.11117738
0.0,0.07828938
0.0,0.12470117
0.0,0.062292013
0.0,0.11201589
0.0,0.07538461
0.0,0.020035813
0.0,0.13859786
0.0,0.14792913
0.0,0.052008137
0.0,0.09108434
0.0,0.0977506
0.0,0.08088556
0.0,0.13226734
0.0,0.06554965
0.0,0.06711656
0.0,0.113086864
0.0,0.115339465
1.0,0.11016036
0.0,0.09131008
0.0,0.06830267
0.0,0.08415985
0.0,0.06956206
0.0,0.048175927
1.0,0.07312703
0.0,0.124345884
0.0,0.059176408
0.0,0.087784514
1.0,0.06132995
0.0,0.11162202
0.0,0.1027499
0.0,0.08805814
0.0,0.08611194
0.0,0.10194417
0.0,0.10030688
0.0,0.07856613
0.0,0.06297491
0.0,0.082578674
0.0,0.1268928
0.0,0.11930683
0.0,0.056085207
0.0,0.11064537
0.0,0.09307061
0.0,0.09486998
0.0,0.09784102
0.0,0.06491716
0.0,0.09259051
0.0,0.1059706
0.0,0.093285054
0.0,0.09248215
0.0,0.123942226
0.0,0.04309295
0.0,0.07562574
0.0,0.0619642
0.0,0.062301386
0.0,0.08385685
0.0,0.042627335
0.0,0.10418947
0.0,0.1481599
1.0,0.0752878
0.0,0.06166551
0.0,0.07799275
0.0,0.09255193
0.0,0.08536328
0.0,0.078398615
0.0,0.13079241
0.0,0.09073092
0.0,0.07847604
0.0,0.07368436
1.0,0.08236182
0.0,0.09738608
0.0,0.09131521
0.0,0.1171327
0.0,0.15413758
0.0,0.10146721
0.0,0.06873764
0.0,0.04957054
1.0,0.14276186
0.0,0.09884321
0.0,0.10295837
0.0,0.048554577
0.0,0.07772181
0.0,0.11804933
0.0,0.10007067
0.0,0.056329396
0.0,0.084198646
0.0,0.12363632
0.0,0.08633278
0.0,0.040163055
0.0,0.106818594
0.0,0.106227726
0.0,0.07561347
0.0,0.054137982
0.0,0.018979238
0.0,0.086630896
0.0,0.08689957
0.0,0.044543438
0.0,0.070540525
0.0,0.09920722
0.0,0.074286975
0.0,0.11023671
0.0,0.105014496
0.0,0.0950929
0.0,0.05394037
0.0,0.13355343
0.0,0.09833629
0.0,0.06946153
0.0,0.08624654
0.0,0.07854211
0.0,0.062269293
1.0,0.075840466
0.0,0.07840538
0.0,0.08247599
0.0,0.08963194
0.0,0.10663627
0.0,0.05587706
0.0,0.06444842
0.0,0.040510904
0.0,0.091266416
0.0,0.09437776
0.0,0.038055718
0.0,0.089856
0.0,0.13074124
0.0,0.06397662
0.0,0.08354687
0.0,0.048775453
0.0,0.058732245
0.0,0.11129988
0.0,0.07093449
0.0,0.104941264
0.0,0.11601845
0.0,0.0789582
0.0,0.14602484
0.0,0.08257687
0.0,0.11901095
0.0,0.07829758
0.0,0.119627215
0.0,0.06305484
0.0,0.051132496
0.0,0.050391097
0.0,0.09208681
0.0,0.082645096
0.0,0.01794747
0.0,0.12688537
0.0,0.09348107
0.0,0.09126119
0.0,0.08582869
0.0,0.0948655
0.0,0.1303071
0.0,0.09205039
0.0,0.09716649
0.0,0.07088692
0.0,0.084216796
0.0,0.066425644
0.0,0.03962355
0.0,0.061609957
0.0,0.07309804
0.0,0.08292612
0.0,0.12829886
0.0,0.07254242
1.0,0.067507595
0.0,0.07405168
0.0,0.1455977
0.0,0.06971548
0.0,0.027724085
0.0,0.08519334
0.0,0.12232612
0.0,0.11525644
0.0,0.14178583
0.0,0.10008661
0.0,0.08470338
0.0,0.1263823
0.0,0.069229506
0.0,0.059056967
0.0,0.07264304
0.0,0.051282838
0.0,0.07115912
1.0,0.11476143
0.0,0.066257335
0.0,0.0942238
0.0,0.06874283
0.0,0.1262239
0.0,0.12454426
0.0,0.07827753
0.0,0.08867951
0.0,0.067549534
0.0,0.042608373
0.0,0.09532407
0.0,0.03558336
0.0,0.15212326
1.0,0.12038843
0.0,0.08565269
0.0,0.136964
0.0,0.1548169
0.0,0.132309
0.0,0.058819562
0.0,0.12996474
0.0,0.14065482
0.0,0.11964569
0.0,0.0706815
0.0,0.10565077
0.0,0.09069511
0.0,0.13303326
0.0,0.062424377
0.0,0.12298922
0.0,0.097322434
0.0,0.092991516
2.0,0.048511043
0.0,0.06271276
0.0,0.08465037
0.0,0.060077723
0.0,0.11505366
0.0,0.02043835
0.0,0.11795016
0.0,0.09536419
0.0,0.0658352
0.0,0.12681858
0.0,0.10902177
0.0,0.0138733005
0.0,0.089387625
0.0,0.08899854
0.0,0.09051709
0.0,0.1152115
0.0,0.08068563
0.0,0.070521876
0.0,0.04643202
0.0,0.10693754
0.0,0.11506219
0.0,0.033154286
0.0,0.09262988
0.0,0.08605318
0.0,0.0735635
0.0,0.07124702
0.0,0.07339585
0.0,0.09120477
0.0,0.07504686
0.0,0.084334515
0.0,0.08060884
1.0,0.089809164
0.0,0.04476026
0.0,0.038119227
1.0,0.07204488
0.0,0.122445345
0.0,0.041747957
0.0,0.110984236
0.0,0.08016966
0.0,0.09756884
0.0,0.077957764
0.0,0.07555072
0.0,0.08035155
0.0,0.084009476
0.0,0.09676723
0.0,0.07656543
0.0,0.07984405
0.0,0.116888314
1.0,0.10955634
0.0,0.08555366
0.0,0.056194413
0.0,0.048046164
0.0,0.07865189
0.0,0.12157447
0.0,0.05815072
0.0,0.069659054
0.0,0.09414464
0.0,0.06934729
0.0,0.062967084
2.0,0.08409418
0.0,0.083799586
0.0,0.09386308
0.0,0.13127689
0.0,0.13998595
0.0,0.07627747
0.0,0.07919392
0.0,0.07065649
0.0,0.06344982
0.0,0.12724344
0.0,0.09354633
0.0,0.07861638
0.0,0.04850474
0.0,0.08957875
0.0,0.06919574
0.0,0.033164024
0.0,0.054734502
1.0,0.099717304
0.0,0.015257458
0.0,0.075176835
0.0,0.14484125
0.0,0.09286056
0.0,0.06905658
0.0,0.10641427
0.0,0.056120705
0.0,0.07434013
0.0,0.15275928
0.0,0.072893634
0.0,0.10759713
0.0,0.11178047
0.0,0.096344806
0.0,0.12299201
0.0,0.13009675
1.0,0.093260705
0.0,0.07368718
0.0,0.07080447
0.0,0.07366073
0.0,0.031557806
0.0,0.06480327
0.0,0.08059746
0.0,0.098698504
0.0,0.07186031
0.0,0.10193323
0.0,0.12505631
0.0,0.13046788
0.0,0.082595296
0.0,0.09186436
0.0,0.120957054
0.0,0.049149062
0.0,0.06357432
0.0,0.07038288
0.0,0.12056316
0.0,0.07565016
0.0,0.05964713
0.0,0.118979625
0.0,0.07147836
0.0,0.08951322
0.0,0.071708724
0.0,0.05925219
0.0,0.1089865
0.0,0.0899456
0.0,0.05434938
0.0,0.08504114
0.0,0.09013498
0.0,0.07183039
0.0,0.0704794
0.0,0.06257873
0.0,0.08678536
0.0,0.079973295
0.0,0.0549721
0.0,0.083865926
0.0,0.036020372
0.0,0.10727247
0.0,0.13161592
1.0,0.08080014
0.0,0.103648186
0.0,0.06665651
0.0,0.07621383
0.0,0.048731375
0.0,0.0654757
0.0,0.07364398
0.0,0.048038453
0.0,0.06422258
0.0,0.124278314
1.0,0.058003005
0.0,0.10155694
0.0,0.0721804
0.0,0.097048074
0.0,0.092171356
0.0,0.1538405
0.0,0.08482957
0.0,0.09478619
0.0,0.08837741
0.0,0.11976074
0.0,0.10295184
0.0,0.04280218
0.0,0.12758784
0.0,0.06407244
0.0,0.07559513
0.0,0.1295264
0.0,0.07708727
0.0,0.07259373
0.0,0.090446696
0.0,0.12557529
0.0,0.061181378
0.0,0.06984456
0.0,0.048418224
0.0,0.08634835
0.0,0.15167305
0.0,0.09609212
0.0,0.06785364
0.0,0.09828531
0.0,0.034001414
0.0,0.052329633
0.0,0.10247719
0.0,0.069083616
0.0,0.14486818
0.0,0.12246817
0.0,0.08730242
0.0,0.08511597
0.0,0.043695807
0.0,0.058637787
0.0,0.14255174
0.0,0.13635588
0.0,0.09933844
1.0,0.0632703
1.0,0.096707314
0.0,0.086628705
0.0,0.08098038
0.0,0.06127168
0.0,0.05034844
0.0,0.019397007
0.0,0.11798695
0.0,0.0750569
0.0,0.07133299
0.0,0.111683615
1.0,0.039937846
0.0,0.057337992
0.0,0.06894262
0.0,0.07634097
0.0,0.10726229
0.0,0.078844555
0.0,0.09004618
1.0,0.0703184
0.0,0.06920677
0.0,0.08816025
0.0,0.07203382
0.0,0.1022055
0.0,0.13080943
0.0,0.086769715
0.0,0.100343674
0.0,0.09760249
0.0,0.09420581
0.0,0.075065866
0.0,0.04918226
0.0,0.081087336
1.0,0.099184945
1.0,0.035899997
0.0,0.08363943
0.0,0.030926129
0.0,0.1259012
0.0,0.06839841
0.0,0.043743398
0.0,0.12269456
0.0,0.06046185
0.0,0.09196535
0.0,0.07475628
0.0,0.10069477
1.0,0.11444494
0.0,0.11285434
0.0,0.092394605
0.0,0.11515389
0.0,0.029820964
0.0,0.12602696
0.0,0.08720325
0.0,0.05507771
0.0,0.11790292
0.0,0.07385864
1.0,0.110079706
0.0,0.06721059
0.0,0.10828666
0.0,0.055424735
0.0,0.0795449
0.0,0.08645097
0.0,0.07189714
1.0,0.07183926
0.0,0.085556105
0.0,0.11547423
0.0,0.0895679
0.0,0.09038189
0.0,0.06796795
0.0,0.07314509
0.0,0.06571831
0.0,0.055937335
0.0,0.10079159
0.0,0.08377797
0.0,0.12883301
2.0,0.100279525
0.0,0.09165093
0.0,0.10158281
0.0,0.09727024
0.0,0.08814724
0.0,0.07321576
1.0,0.036337625
0.0,0.0683934
0.0,0.092040844
0.0,0.078341275
0.0,0.089375034
0.0,0.08559427
0.0,0.070215136
0.0,0.08175929
0.0,0.047615264
0.0,0.01862711
0.0,0.084221154
0.0,0.09701039
0.0,0.15237503
1.0,0.084929116
0.0,0.06296989
0.0,0.10315023
0.0,0.06513559
0.0,0.06470135
0.0,0.108168736
1.0,0.04897414
0.0,0.053145315
0.0,0.09296787
0.0,0.0838424
0.0,0.07253168
0.0,0.083621085
0.0,0.07337471
0.0,0.07098834
0.0,0.07974675
0.0,0.08093687
0.0,0.12846519
0.0,0.12543611
0.0,0.08100067
0.0,0.098361894
0.0,0.09022614
0.0,0.115877196
0.0,0.09013047
0.0,0.065425925
0.0,0.08865334
0.0,0.04825374
0.0,0.096045
0.0,0.061252456
0.0,0.094669566
0.0,0.07211342
0.0,0.094346225
0.0,0.03810498
0.0,0.1334746
0.0,0.07895513
0.0,0.11989601
0.0,0.0973715
0.0,0.091083646
0.0,0.05476254
0.0,0.06918143
0.0,0.087142564
0.0,0.048502486
0.0,0.11986657
0.0,0.048884436
0.0,0.06273194
0.0,0.03681051
0.0,0.0786954
0.0,0.042406693
0.0,0.1107859
0.0,0.12365238
0.0,0.11703042
0.0,0.06715059
0.0,0.1225606
0.0,0.04093183
0.0,0.13088961
0.0,0.09308362
0.0,0.064614855
1.0,0.08097088
0.0,0.046540134
0.0,0.070894115
0.0,0.096887834
0.0,0.14510618
1.0,0.097196385
0.0,0.059275955
0.0,0.13239644
0.0,0.066907644
0.0,0.055569567
0.0,0.085032746
0.0,0.12614143
0.0,0.13831191
0.0,0.05771855
0.0,0.12585478
0.0,0.03858652
0.0,0.085022815
0.0,0.023327615
0.0,0.06640109
0.0,0.0947661
1.0,0.07872344
0.0,0.1171722
0.0,0.031013316
0.0,0.09861855
0.0,0.08062302
0.0,0.044310875
0.0,0.11016435
0.0,0.08461314
0.0,0.109968826
0.0,0.07024752
0.0,0.07348478
0.0,0.1426033
0.0,0.05424323
0.0,0.058661826
0.0,0.11710483
0.0,0.13643312
0.0,0.044819087
0.0,0.017406544
0.0,0.08702019
0.0,0.10103375
0.0,0.096221924
0.0,0.10328061
0.0,0.07430238
0.0,0.08039426
0.0,0.114442706
0.0,0.06383632
0.0,0.03976261
0.0,0.110596895
0.0,0.087725915
0.0,0.06706048
0.0,0.09762753
0.0,0.09707526
0.0,0.120862156
0.0,0.112430684
0.0,0.09301631
0.0,0.12669556
0.0,0.07761611
0.0,0.08243539
0.0,0.099540815
0.0,0.12514731
0.0,0.07697998
0.0,0.08864294
0.0,0.09264311
0.0,0.077181175
0.0,0.057538256
0.0,0.05546983
0.0,0.08697949
0.0,0.10451529
0.0,0.16662967
0.0,0.059520826
0.0,0.065846
0.0,0.034125973
0.0,0.10769538
0.0,0.05389098
0.0,0.08455181
0.0,0.062068794
0.0,0.11561525
0.0,0.09349944
0.0,0.062437728
0.0,0.073671184
0.0,0.08928918
0.0,0.13072956
0.0,0.07191425
0.0,0.115755424
0.0,0.086529434
0.0,0.050036453
0.0,0.09797281
1.0,0.13142414
0.0,0.06962032
0.0,0.08200975
0.0,0.11123887
0.0,0.065705396
0.0,0.11986131
0.0,0.05689805
0.0,0.10661128
0.0,0.054383032
0.0,0.14764933
0.0,0.11324967
0.0,0.013142232
0.0,0.1166237
1.0,0.11385266
0.0,0.096191965
0.0,0.068131864
0.0,0.12599279
0.0,0.098037
0.0,0.13269675
0.0,0.096985
0.0,0.03530878
0.0,0.07199991
0.0,0.1074866
0.0,0.12534663
0.0,0.061159708
0.0,0.06896661
0.0,0.11423558
0.0,0.041437227
0.0,0.08796717
0.0,0.076959826
0.0,0.029056787
0.0,0.10007866
0.0,0.1174018
0.0,0.12859221
0.0,0.08602639
0.0,0.06527207
0.0,0.10309438
0.0,0.053407565
0.0,0.035347737
0.0,0.103140645
0.0,0.057359528
0.0,0.09378492
0.0,0.07132005
0.0,0.07044311
0.0,0.07241712
0.0,0.079600945
0.0,0.11692084
0.0,0.10888718
0.0,0.073753536
0.0,0.11348577
0.0,0.07337807
0.0,0.049977306
0.0,0.07096024
0.0,0.057523485
0.0,0.10320733
0.0,0.077558435
0.0,0.04894662
0.0,0.121035434
0.0,0.10337565
0.0,0.11669933
0.0,0.12535581
0.0,0.09856218
0.0,0.10396731
0.0,0.13209634
0.0,0.085267596
0.0,0.090729
0.0,0.05658814
0.0,0.0368772
0.0,0.082963295
0.0,0.079107545
0.0,0.07796241
0.0,0.078652374
0.0,0.093122125
0.0,0.09608701
0.0,0.076334745
0.0,0.12022402
0.0,0.12478709
0.0,0.05860631
0.0,0.09491488
0.0,0.11648853
0.0,0.06361828
1.0,0.09656933
0.0,0.07088509
0.0,0.079521805
0.0,0.07403194
0.0,0.115995474
0.0,0.13742442
0.0,0.11721187
1.0,0.04451332
0.0,0.074341826
1.0,0.063234255
0.0,0.0893699
0.0,0.1290103
0.0,0.016682075
0.0,0.12719055
0.0,0.113010965
0.0,0.071597464
0.0,0.083313465
0.0,0.1190221
0.0,0.1112181
0.0,0.061792858
0.0,0.059267066
0.0,0.05446896
0.0,0.04844567
0.0,0.12126536
0.0,0.056098968
0.0,0.12390293
0.0,0.07638954
0.0,0.080862924
0.0,0.12329653
0.0,0.088493966
0.0,0.06555021
0.0,0.121215865
0.0,0.06770408
0.0,0.05340605
0.0,0.0617606
0.0,0.08536936
0.0,0.08190214
0.0,0.04738103
0.0,0.06890038
0.0,0.074517295
0.0,0.094055064
0.0,0.07400642
0.0,0.060133155
0.0,0.109897636
0.0,0.13424826
0.0,0.08343395
0.0,0.08824159
0.0,0.11790304
0.0,0.07761471
0.0,0.034344926
0.0,0.07970695
0.0,0.084240526
1.0,0.08142429
0.0,0.08989927
0.0,0.089676395
0.0,0.11836427
0.0,0.09597938
0.0,0.08616084
0.0,0.05984476
0.0,0.06951534
0.0,0.07770868
0.0,0.08037312
0.0,0.051130462
0.0,0.03054096
0.0,0.079890534
0.0,0.10031174
0.0,0.07702756
0.0,0.07715602
0.0,0.11886771
0.0,0.1181623
0.0,0.06533857
0.0,0.058012407
0.0,0.12393147
1.0,0.066533074
1.0,0.07878153
0.0,0.045412593
0.0,0.087265894
0.0,0.06674822
0.0,0.10502401
0.0,0.06418766
0.0,0.07372395
0.0,0.14513542
0.0,0.08883852
0.0,0.11333443
0.0,0.0705291
0.0,0.072188176
0.0,0.086209744
0.0,0.05512185
0.0,0.050352808
0.0,0.12904285
0.0,0.045067072
0.0,0.08854884
0.0,0.07488336
0.0,0.08363572
0.0,0.07271849
0.0,0.051853098
0.0,0.09032068
0.0,0.076876536
0.0,0.074733004
0.0,0.07727961
1.0,0.09310739
0.0,0.023333073
0.0,0.014192494
0.0,0.037968922
0.0,0.048582017
0.0,0.092127055
0.0,0.091964856
0.0,0.08254852
0.0,0.07222409
0.0,0.075583115
0.0,0.13257428
0.0,0.067590006
0.0,0.040362686
0.0,0.074520454
0.0,0.074981764
0.0,0.058901824
0.0,0.06239914
0.0,0.10579989
0.0,0.017093157
0.0,0.07356245
0.0,0.07465949
0.0,0.08389396
0.0,0.051986616
0.0,0.12209506
0.0,0.081141196
0.0,0.13103704
0.0,0.10327859
0.0,0.06788189
0.0,0.06772878
0.0,0.06661639
0.0,0.068991244
0.0,0.08658299
0.0,0.091907695
0.0,0.068970986
1.0,0.053975772
0.0,0.12290583
0.0,0.0802682
0.0,0.07371421
0.0,0.0916727
0.0,0.07618503
2.0,0.054338913
0.0,0.0708441
0.0,0.062550716
0.0,0.033428773
0.0,0.0764504
0.0,0.10015227
0.0,0.070433624
0.0,0.10440825
0.0,0.07217947
0.0,0.06065237
0.0,0.0968211
0.0,0.10743838
0.0,0.10640846
0.0,0.07742224
0.0,0.101425506
0.0,0.102939
0.0,0.1581261
0.0,0.11745021
0.0,0.035832964
0.0,0.07142235
0.0,0.09767563
0.0,0.12523727
0.0,0.10970111
0.0,0.11506653
0.0,0.09185551
0.0,0.07006839
0.0,0.09833322
0.0,0.11658267
0.0,0.11420783
0.0,0.102435395
0.0,0.082478896
0.0,0.05026321
0.0,0.07853693
0.0,0.06766677
0.0,0.06539302
0.0,0.08936031
0.0,0.094451234
0.0,0.051109497
0.0,0.1001378
0.0,0.0949195
0.0,0.11370438
0.0,0.13577394
0.0,0.047895215
0.0,0.09419774
0.0,0.110562935
0.0,0.07642624
0.0,0.09115833
0.0,0.01539231
0.0,0.06845696
0.0,0.042248376
0.0,0.0771585
0.0,0.09286645
0.0,0.08815571
0.0,0.079455554
0.0,0.11666214
0.0,0.023178142
0.0,0.07326123
0.0,0.11734237
0.0,0.12550426
0.0,0.11165614
0.0,0.11204997
0.0,0.07433215
0.0,0.084907696
0.0,0.08261304
0.0,0.07785988
0.0,0.087401845
0.0,0.07866036
0.0,0.094284385
0.0,0.112377755
0.0,0.02268698
0.0,0.05526273
0.0,0.14329642
0.0,0.088903464
1.0,0.09766084
0.0,0.056747984
0.0,0.14401768
0.0,0.06984638
0.0,0.10128057
0.0,0.07638252
0.0,0.09712036
0.0,0.0921334
0.0,0.05421215
0.0,0.07867248
0.0,0.06993766
0.0,0.06737806
0.0,0.065934666
0.0,0.07966071
0.0,0.11782056
0.0,0.13768235
1.0,0.10915014
0.0,0.06366991
0.0,0.08603942
0.0,0.105123214
0.0,0.07458896
0.0,0.10661998
0.0,0.08417472
0.0,0.07284923
0.0,0.06467383
0.0,0.09361461
0.0,0.10751246
0.0,0.12883796
0.0,0.10139591
0.0,0.03883149
0.0,0.06927491
0.0,0.08753812
0.0,0.06823468
0.0,0.078767784
0.0,0.1241338
0.0,0.071466245
0.0,0.1052095
0.0,0.11929716
0.0,0.060324512
0.0,0.08345605
0.0,0.03828147
0.0,0.095953494
0.0,0.045062788
0.0,0.08486873
0.0,0.09765798
0.0,0.1084696
0.0,0.110263124
0.0,0.09604301
0.0,0.09938139
1.0,0.11775027
0.0,0.10978115
0.0,0.039021768
0.0,0.13059142
0.0,0.07388062
0.0,0.15848514
0.0,0.060250316
0.0,0.13609496
0.0,0.052289523
0.0,0.0846301
0.0,0.09325964
0.0,0.084724665
0.0,0.0763934
0.0,0.051147163
1.0,0.01950805
0.0,0.06271889
0.0,0.07429293
0.0,0.122758344
0.0,0.1166924
0.0,0.16704494
0.0,0.05855783
0.0,0.091745205
0.0,0.054090273
0.0,0.074595936
0.0,0.09353362
0.0,0.087252475
0.0,0.07720988
0.0,0.119658306
0.0,0.07476715
0.0,0.015563579
0.0,0.06896868
0.0,0.09696756
0.0,0.10554291
0.0,0.09291085
0.0,0.09938364
1.0,0.104977295
0.0,0.092141755
0.0,0.052778903
0.0,0.0801438
0.0,0.11131434
0.0,0.0643088
0.0,0.10144422
1.0,0.08255057
0.0,0.13984881
0.0,0.13517591
0.0,0.11729481
0.0,0.03484622
0.0,0.08964293
0.0,0.09231578
0.0,0.059702363
0.0,0.09416022
0.0,0.15240924
0.0,0.11625409
0.0,0.08014329
0.0,0.105482236
0.0,0.083906785
0.0,0.07287027
0.0,0.10661055
0.0,0.121970184
0.0,0.09512841
0.0,0.106978446
0.0,0.08123192
0.0,0.10233395
0.0,0.052075163
0.0,0.110958144
0.0,0.094983414
0.0,0.07882702
0.0,0.068682276
0.0,0.08603271
0.0,0.07058546
0.0,0.13112955
0.0,0.10518489
0.0,0.12826133
0.0,0.059038866
0.0,0.038468767
0.0,0.08803542
0.0,0.08040714
0.0,0.062140487
0.0,0.11926309
0.0,0.10623601
0.0,0.08672132
0.0,0.013829774
0.0,0.07339691
0.0,0.10229472
0.0,0.06846437
1.0,0.0866311
0.0,0.04778567
0.0,0.07988442
0.0,0.07431177
0.0,0.09597489
0.0,0.06918822
0.0,0.061140724
0.0,0.13366115
0.0,0.08035513
0.0,0.10224259
0.0,0.10322805
0.0,0.07084402
0.0,0.13146327
0.0,0.053907663
0.0,0.07357718
0.0,0.11144396
0.0,0.07413149
0.0,0.1042241
0.0,0.10839532
0.0,0.120369464
0.0,0.10540654
0.0,0.08297208
0.0,0.08659269
0.0,0.09302677
0.0,0.09722856
0.0,0.12067054
0.0,0.062838
0.0,0.078233466
0.0,0.04953844
0.0,0.06836598
1.0,0.03728106
0.0,0.064363174
0.0,0.10682402
0.0,0.054514665
0.0,0.07677314
0.0,0.07975623
0.0,0.068767704
0.0,0.11780191
0.0,0.13359356
0.0,0.092845574
0.0,0.075720586
0.0,0.088046335
0.0,0.14391817
0.0,0.09163691
0.0,0.06479438
0.0,0.13639213
0.0,0.09392733
0.0,0.07935964
0.0,0.08071842
0.0,0.11641532
0.0,0.053944975
0.0,0.071033195
0.0,0.14994602
0.0,0.0667199
0.0,0.08234121
0.0,0.08095818
0.0,0.09602669
0.0,0.063658684
0.0,0.06969307
0.0,0.071119815
0.0,0.08761676
0.0,0.090602025
0.0,0.045743708
0.0,0.08220168
0.0,0.057486124
0.0,0.09119114
0.0,0.036200885
0.0,0.07993559
0.0,0.10586713
0.0,0.09444493
0.0,0.09593321
0.0,0.10516052
0.0,0.10895496
0.0,0.06483041
0.0,0.063091435
0.0,0.08489112
0.0,0.08758025
0.0,0.09202281
0.0,0.12052775
0.0,0.082848966
0.0,0.06821269
0.0,0.12321019
0.0,0.07722748
0.0,0.07997654
0.0,0.04252268
0.0,0.08016773
0.0,0.07013102
0.0,0.12030454
0.0,0.08130204
0.0,0.09506765
0.0,0.08487357
0.0,0.14334881
0.0,0.11061353
0.0,0.072906114
0.0,0.048904717
0.0,0.10478805
0.0,0.07641637
0.0,0.09243958
0.0,0.08555511
0.0,0.0798237
0.0,0.080334134
0.0,0.05558661
0.0,0.07509647
0.0,0.1200204
0.0,0.11040494
0.0,0.04570808
0.0,0.06550762
0.0,0.07826083
0.0,0.12542085
0.0,0.124832325
1.0,0.094719686
0.0,0.081852324
0.0,0.1019934
0.0,0.14079608
0.0,0.072365925
0.0,0.105771184
0.0,0.076614805
1.0,0.106411226
0.0,0.14086775
0.0,0.12457544
0.0,0.15182444
0.0,0.11210582
0.0,0.08422451
0.0,0.06805183
0.0,0.066972606
0.0,0.06270518
0.0,0.06531234
0.0,0.06852919
0.0,0.087159686
0.0,0.064360015
0.0,0.104925305
0.0,0.11996235
0.0,0.095650285
0.0,0.08821744
0.0,0.060192395
0.0,0.036301497
0.0,0.14268534
0.0,0.114206165
0.0,0.056171145
0.0,0.073362306
0.0,0.14393534
0.0,0.08209913
0.0,0.12015866
0.0,0.05949485
0.0,0.073714845
0.0,0.10464844
0.0,0.0849397
0.0,0.03473931
0.0,0.12399791
0.0,0.09544167
0.0,0.051303603
0.0,0.094707966
0.0,0.016573736
0.0,0.101214156
0.0,0.12529092
0.0,0.082845904
0.0,0.11505133
0.0,0.08045838
0.0,0.062807865
0.0,0.09076606
0.0,0.10203236
0.0,0.12926172
0.0,0.075173005
0.0,0.07608266
0.0,0.0894124
0.0,0.08748486
0.0,0.072141305
0.0,0.11423443
0.0,0.05348704
0.0,0.11166769
0.0,0.12690367
0.0,0.090252265
0.0,0.080502056
0.0,0.09581375
1.0,0.052994546
0.0,0.066775374
0.0,0.11122001
0.0,0.12734339
0.0,0.079495855
0.0,0.057960633
0.0,0.0957807
0.0,0.07595811
0.0,0.06382194
0.0,0.11312573
0.0,0.11113625
0.0,0.0765824
0.0,0.14344591
0.0,0.07305919
0.0,0.15498699
0.0,0.08394212
0.0,0.033737257
0.0,0.07706066
0.0,0.08038969
0.0,0.049370773
0.0,0.05688903
0.0,0.07737762
0.0,0.08361297
0.0,0.13317639
0.0,0.05737483
0.0,0.1599178
0.0,0.0902329
0.0,0.06684999
0.0,0.11118059
0.0,0.061591733
0.0,0.13673328
0.0,0.05893364
0.0,0.076260306
0.0,0.097133346
0.0,0.07418481
0.0,0.0873674
0.0,0.08058052
0.0,0.074173495
0.0,0.051986393
0.0,0.09455874
0.0,0.08900821
1.0,0.07448371
0.0,0.05016205
0.0,0.052605737
0.0,0.1033362
0.0,0.108563125
0.0,0.068381764
0.0,0.119149804
0.0,0.05708942
0.0,0.095747
0.0,0.07723118
0.0,0.054156005
0.0,0.100176536
0.0,0.0525591
0.0,0.1268055
0.0,0.09220737
0.0,0.051810525
0.0,0.104799844
0.0,0.080220535
0.0,0.06873674
0.0,0.07560564
0.0,0.12018657
0.0,0.122245364
0.0,0.036587548
0.0,0.08964574
0.0,0.044347994
0.0,0.05426209
0.0,0.054842137
0.0,0.09948473
0.0,0.03191659
0.0,0.14743713
0.0,0.09817432
0.0,0.049829938
0.0,0.10125676
0.0,0.08316284
0.0,0.12576719
0.0,0.0795542
0.0,0.058666006
1.0,0.08408546
0.0,0.07833268
0.0,0.07849918
0.0,0.0627591
0.0,0.08383886
0.0,0.093199514
0.0,0.0738414
0.0,0.055395447
0.0,0.0556206
0.0,0.0615002
0.0,0.082055256
0.0,0.09772991
0.0,0.10728096
0.0,0.092887044
0.0,0.03501771
0.0,0.1460461
0.0,0.07577632
0.0,0.09133163
0.0,0.06512317
0.0,0.10142906
0.0,0.078102544
0.0,0.07837227
0.0,0.07504386
0.0,0.10188578
0.0,0.074584946
0.0,0.10573498
0.0,0.118599184
0.0,0.087436125
0.0,0.06747539
0.0,0.073579006
0.0,0.09352769
0.0,0.054579534
0.0,0.044835933
0.0,0.087486655
0.0,0.10757574
0.0,0.042957567
0.0,0.08144328
0.0,0.053853787
0.0,0.059670016
0.0,0.08267761
0.0,0.060845584
0.0,0.09589563
0.0,0.11658495
0.0,0.07981234
0.0,0.09598738
0.0,0.11784436
1.0,0.09802557
0.0,0.08334951
0.0,0.13137984
0.0,0.10759336
0.0,0.073681615
0.0,0.09076132
1.0,0.05333727
1.0,0.046891343
0.0,0.068554536
0.0,0.074895106
0.0,0.14829798
0.0,0.08262642
0.0,0.128163
0.0,0.114465706
0.0,0.07230188
0.0,0.11113458
0.0,0.08578144
1.0,0.07277299
0.0,0.04506906
0.0,0.07425962
0.0,0.080424055
0.0,0.10975271
0.0,0.10567253
0.0,0.09892653
0.0,0.061330944
0.0,0.057717614
0.0,0.09752791
0.0,0.06478737
0.0,0.065299295
0.0,0.09019078
0.0,0.076741494
0.0,0.10421049
0.0,0.109054156
0.0,0.07296549
0.0,0.08205126
0.0,0.10049405
1.0,0.11872423
0.0,0.03649807
0.0,0.07650149
0.0,0.044547014
0.0,0.059919544
0.0,0.0450141
0.0,0.10532954
0.0,0.07828199
0.0,0.062544465
0.0,0.05593256
0.0,0.08743277
0.0,0.041213676
0.0,0.04125616
0.0,0.09754928
0.0,0.068507776
0.0,0.08658598
0.0,0.10227058
0.0,0.08849604
0.0,0.069887705
0.0,0.0708883
0.0,0.08120057
0.0,0.100334294
0.0,0.04265835
0.0,0.063905
0.0,0.11210718
0.0,0.09469478
0.0,0.071860485
0.0,0.060036916
0.0,0.07096985
0.0,0.058323238
0.0,0.09975354
0.0,0.04910404
0.0,0.072232425
0.0,0.016593592
0.0,0.069019675
0.0,0.13798955
0.0,0.01777848
0.0,0.0893526
0.0,0.056993347
1.0,0.12557217
0.0,0.103472956
0.0,0.11445408
0.0,0.0678188
0.0,0.09221296
0.0,0.08190952
0.0,0.043148614
1.0,0.06968058
0.0,0.11554052
0.0,0.05155488
0.0,0.06430309
0.0,0.09098485
0.0,0.12327369
0.0,0.051789097
0.0,0.07874041
0.0,0.06921343
0.0,0.08772324
0.0,0.0911905
0.0,0.09633461
0.0,0.10370563
0.0,0.06528449
0.0,0.112064555
0.0,0.051578484
0.0,0.07409315
0.0,0.09818015
0.0,0.087783284
0.0,0.05368997
0.0,0.07867664
0.0,0.10689838
0.0,0.058554314
0.0,0.09933626
0.0,0.11160283
0.0,0.047543366
0.0,0.093944326
0.0,0.11523293
0.0,0.086867526
0.0,0.053502038
0.0,0.08253817
0.0,0.06271336
0.0,0.05240437
0.0,0.07591114
0.0,0.10499049
0.0,0.038186923
0.0,0.06794214
0.0,0.12979944
0.0,0.097519636
0.0,0.047594402
0.0,0.072809346
0.0,0.13527167
0.0,0.09441391
0.0,0.060256764
0.0,0.10143702
0.0,0.12560523
0.0,0.09372086
0.0,0.06906846
0.0,0.10987854
0.0,0.07348854
0.0,0.0930569
0.0,0.06352945
0.0,0.07759815
0.0,0.068881
0.0,0.1062
0.0,0.100397415
0.0,0.15596095
0.0,0.01701991
0.0,0.07687503
0.0,0.078987814
0.0,0.1009039
0.0,0.058649573
0.0,0.14102356
0.0,0.062453628
0.0,0.1450639
0.0,0.10265196
0.0,0.032183442
0.0,0.081424735
0.0,0.09416128
0.0,0.08437798
0.0,0.06598115
1.0,0.08142617
0.0,0.058514345
0.0,0.07936195
1.0,0.05612433
0.0,0.087457895
0.0,0.06945194
0.0,0.098998204
0.0,0.12452663
0.0,0.073637165
0.0,0.10474923
0.0,0.12464235
0.0,0.12158676
0.0,0.11238949
0.0,0.13072596
0.0,0.07353934
0.0,0.09357899
0.0,0.059513547
0.0,0.07337139
0.0,0.059842262
0.0,0.06245418
0.0,0.09486385
0.0,0.066935346
0.0,0.07982593
0.0,0.09377065
0.0,0.07962156
0.0,0.07940317
0.0,0.08797465
0.0,0.10406643
0.0,0.12936254
0.0,0.08562215
0.0,0.09584211
0.0,0.06971495
0.0,0.094771296
0.0,0.10613318
0.0,0.095993266
0.0,0.13017668
0.0,0.06102451
0.0,0.08298215
0.0,0.07178375
0.0,0.09446389
0.0,0.08484785
0.0,0.117934436
0.0,0.089067355
0.0,0.11314083
0.0,0.072470054
0.0,0.047486383
0.0,0.04250932
0.0,0.078496754
0.0,0.08949818
0.0,0.097652085
0.0,0.06550866
0.0,0.13347457
0.0,0.0675345
0.0,0.071074426
0.0,0.12044057
0.0,0.07219393
0.0,0.09216551
0.0,0.07198359
0.0,0.13082169
0.0,0.07160352
0.0,0.11085653
0.0,0.1052598
0.0,0.07740747
0.0,0.07217909
0.0,0.109926015
0.0,0.122448005
0.0,0.08041231
0.0,0.06976609
0.0,0.11050245
0.0,0.0629267
0.0,0.067821465
0.0,0.07480483
0.0,0.10652769
0.0,0.09557779
1.0,0.09775181
0.0,0.12090043
0.0,0.08609082
0.0,0.09337511
0.0,0.09654405
0.0,0.112102345
0.0,0.042486593
0.0,0.06808844
0.0,0.106623106
0.0,0.08314934
0.0,0.14657682
0.0,0.11693278
0.0,0.12182467
0.0,0.09166433
0.0,0.032814223
0.0,0.0675078
0.0,0.08208649
0.0,0.031420566
0.0,0.06618165
0.0,0.08810988
0.0,0.09970617
0.0,0.038090575
0.0,0.09620107
0.0,0.08797117
0.0,0.04145863
0.0,0.07230276
0.0,0.06737279
0.0,0.11272013
1.0,0.12217502
0.0,0.03689966
0.0,0.08857249
0.0,0.07362109
0.0,0.11463624
0.0,0.08256824
0.0,0.11142005
1.0,0.11495866
0.0,0.05137375
0.0,0.061112188
0.0,0.07166795
0.0,0.07358957
0.0,0.098874986
1.0,0.08040712
0.0,0.07942765
0.0,0.110286735
0.0,0.15006542
0.0,0.06418113
0.0,0.060568023
0.0,0.11863323
0.0,0.090309046
0.0,0.0998971
0.0,0.12025229
0.0,0.035575267
0.0,0.0869155
0.0,0.08991918
0.0,0.057965416
0.0,0.09258202
0.0,0.07598017
0.0,0.12989226
0.0,0.07092279
0.0,0.11855186
0.0,0.090917826
0.0,0.03148553
0.0,0.092658535
0.0,0.07355112
0.0,0.05281648
0.0,0.031487364
0.0,0.08253433
1.0,0.03854268
0.0,0.052232932
0.0,0.060343828
0.0,0.09335392
0.0,0.05475891
0.0,0.07085042
1.0,0.058788072
0.0,0.10936979
0.0,0.051507775
0.0,0.08802514
0.0,0.07599984
0.0,0.12559666
0.0,0.07766476
0.0,0.1001192
0.0,0.06678273
0.0,0.08936338
0.0,0.07988811
0.0,0.10473555
0.0,0.13553934
0.0,0.08017266
0.0,0.0902092
0.0,0.10327913
0.0,0.09162648
0.0,0.09932575
0.0,0.083632246
0.0,0.11441256
0.0,0.08706726
0.0,0.07981177
0.0,0.04336089
1.0,0.11758282
0.0,0.091167726
0.0,0.09523511
0.0,0.08237237
0.0,0.13729829
0.0,0.06649652
0.0,0.11107901
0.0,0.08459057
0.0,0.07035307
0.0,0.071997814
0.0,0.0690444
0.0,0.05968241
0.0,0.1280169
0.0,0.08676624
0.0,0.12398112
0.0,0.08458373
0.0,0.13218613
0.0,0.0792923
0.0,0.08493711
0.0,0.08056253
0.0,0.079397604
0.0,0.07896063
0.0,0.08565056
0.0,0.13346666
0.0,0.08378049
0.0,0.097729534
0.0,0.07959372
0.0,0.083427005
0.0,0.07434743
0.0,0.03385723
0.0,0.06309503
0.0,0.092452735
0.0,0.090801515
0.0,0.06489864
0.0,0.07952848
0.0,0.061648734
0.0,0.08668932
0.0,0.09808448
0.0,0.12022445
0.0,0.114071324
0.0,0.09384715
0.0,0.039410025
0.0,0.07320291
0.0,0.07095543
0.0,0.09337261
0.0,0.07144964
0.0,0.097241096
0.0,0.089859694
0.0,0.06295071
0.0,0.08373967
0.0,0.08647299
0.0,0.10330349
0.0,0.074795894
0.0,0.07441734
0.0,0.07248851
0.0,0.12065501
0.0,0.099163875
0.0,0.12427686
0.0,0.12280861
0.0,0.08606379
0.0,0.110472344
0.0,0.071214296
0.0,0.07046754
1.0,0.0930054
0.0,0.090979576
0.0,0.06950636
0.0,0.023433428
0.0,0.10591237
0.0,0.07834641
0.0,0.0726321
0.0,0.053990252
0.0,0.096051164
0.0,0.09066676
0.0,0.03272554
0.0,0.068662204
0.0,0.09330937
0.0,0.047292367
0.0,0.062600635
0.0,0.08860172
0.0,0.07024684
0.0,0.057280757
0.0,0.0759013
0.0,0.03170147
0.0,0.08161719
0.0,0.10381071
0.0,0.041723866
0.0,0.122939706
0.0,0.054928135
1.0,0.07819484
0.0,0.09139419
0.0,0.08248549
0.0,0.0853575
0.0,0.06691483
1.0,0.043129545
0.0,0.07805416
0.0,0.07076301
0.0,0.120821215
0.0,0.12446429
0.0,0.12982906
0.0,0.09461392
0.0,0.06413368
0.0,0.019528173
0.0,0.111012444
0.0,0.087070376
0.0,0.009773511
0.0,0.09685836
0.0,0.096387126
0.0,0.051507283
0.0,0.094081484
0.0,0.09080388
0.0,0.104074225
0.0,0.09312526
0.0,0.060599856
0.0,0.16685174
0.0,0.18255886
0.0,0.059218522
0.0,0.080737606
0.0,0.06954573
0.0,0.061451066
0.0,0.051674984
0.0,0.14738968
0.0,0.06774926
0.0,0.1456821
0.0,0.1005591
0.0,0.08799265
0.0,0.0814706
0.0,0.07101504
0.0,0.11652543
0.0,0.032789096
0.0,0.11029744
0.0,0.09330478
0.0,0.11640205
0.0,0.09025244
0.0,0.10490106
0.0,0.11475374
0.0,0.069765076
0.0,0.0336492
0.0,0.06844325
0.0,0.102507904
0.0,0.066529095
0.0,0.11544192
0.0,0.11714147
0.0,0.09146914
0.0,0.08729898
0.0,0.07935324
1.0,0.067287356
0.0,0.08969372
0.0,0.08812274
0.0,0.081357226
0.0,0.10933717
0.0,0.06791674
0.0,0.034226734
0.0,0.09401247
0.0,0.10233912
0.0,0.0146516515
0.0,0.06775973
0.0,0.07421726
0.0,0.070206955
0.0,0.025791246
0.0,0.042928725
0.0,0.09434674
0.0,0.08755587
0.0,0.06743625
0.0,0.054679457
0.0,0.088103786
0.0,0.10800093
0.0,0.067718774
0.0,0.12115415
0.0,0.056297027
0.0,0.05692774
0.0,0.10088271
0.0,0.06556281
0.0,0.14489451
0.0,0.08975139
1.0,0.12798241
0.0,0.06803695
0.0,0.0686438
0.0,0.13221884
0.0,0.11431445
0.0,0.08706267
0.0,0.042223424
0.0,0.065419406
0.0,0.12638313
0.0,0.07138861
0.0,0.08484383
0.0,0.11227824
0.0,0.090480626
1.0,0.094653495
0.0,0.124235444
0.0,0.13873965
0.0,0.066587076
0.0,0.053393647
0.0,0.06703939
0.0,0.08280288
0.0,0.11095635
0.0,0.062829226
0.0,0.06748298
0.0,0.054068714
0.0,0.11067112
0.0,0.06841174
1.0,0.066021815
0.0,0.1291048
1.0,0.14424658
0.0,0.098821536
0.0,0.09694278
0.0,0.09656659
0.0,0.057677582
0.0,0.040146194
0.0,0.08381585
0.0,0.069721125
0.0,0.047031723
0.0,0.060300093
0.0,0.071985714
0.0,0.09118998
0.0,0.09349509
0.0,0.0466574
0.0,0.11113124
0.0,0.094433084
0.0,0.1063994
0.0,0.080765665
0.0,0.094093055
0.0,0.09724133
0.0,0.022763757
0.0,0.06623226
0.0,0.08776076
0.0,0.083054334
0.0,0.07872948
0.0,0.11826963
0.0,0.062664814
0.0,0.10754587
0.0,0.06343787
0.0,0.0859071
0.0,0.08668281
2.0,0.09485749
1.0,0.0764446
0.0,0.09267658
0.0,0.11600296
0.0,0.03637114
0.0,0.11030099
0.0,0.11327006
0.0,0.14819917
0.0,0.05247631
0.0,0.12079639
0.0,0.07111251
0.0,0.12981777
0.0,0.14113787
0.0,0.09522151
0.0,0.10523985
0.0,0.06870068
0.0,0.09366177
0.0,0.06920795
0.0,0.07758113
0.0,0.13554487
0.0,0.046515018
0.0,0.12717777
0.0,0.065118015
0.0,0.07553269
0.0,0.09920992
0.0,0.07948056
0.0,0.08183166
0.0,0.07225812
0.0,0.07660308
1.0,0.07551323
0.0,0.135378
0.0,0.1056038
0.0,0.068509474
0.0,0.08222136
0.0,0.08640762
0.0,0.13517833
0.0,0.058791872
0.0,0.09553234
0.0,0.09729107
0.0,0.09435727
0.0,0.066481434
0.0,0.06260202
0.0,0.06057104
0.0,0.0603378
0.0,0.10966942
0.0,0.1393266
0.0,0.11831303
0.0,0.06980649
0.0,0.09487808
0.0,0.106594354
0.0,0.024730587
0.0,0.029819477
0.0,0.0902655
0.0,0.04640744
0.0,0.06561219
0.0,0.12923528
0.0,0.088268965
0.0,0.07674587
0.0,0.06174373
0.0,0.07234616
0.0,0.092556745
0.0,0.11070278
0.0,0.061473634
0.0,0.07418175
0.0,0.08548528
0.0,0.0870138
0.0,0.19309402
0.0,0.07873868
0.0,0.089730546
0.0,0.06177468
0.0,0.07472157
0.0,0.09182663
0.0,0.040013283
0.0,0.06775897
0.0,0.07380393
0.0,0.089204535
0.0,0.09740898
1.0,0.08377216
0.0,0.06860544
0.0,0.10187978
0.0,0.14372766
0.0,0.113774404
0.0,0.08991046
0.0,0.07673628
0.0,0.10431802
0.0,0.021926224
1.0,0.045886822
0.0,0.051991176
0.0,0.110300854
0.0,0.10825349
0.0,0.09966275
0.0,0.07779761
0.0,0.09868686
0.0,0.10927069
0.0,0.066709526
0.0,0.07765006
0.0,0.09354892
0.0,0.09570802
0.0,0.13580549
0.0,0.05489788
0.0,0.0879484
0.0,0.10484728
0.0,0.09782019
0.0,0.06795609
0.0,0.08699582
0.0,0.10536897
0.0,0.061038624
0.0,0.051810108
0.0,0.085006356
0.0,0.04168292
0.0,0.067710474
0.0,0.13248245
0.0,0.08925113
0.0,0.13328902
0.0,0.07210943
0.0,0.060295235
0.0,0.07662927
0.0,0.107964054
0.0,0.055219635
0.0,0.086398825
0.0,0.09911057
0.0,0.033308472
0.0,0.03495127
0.0,0.12832902
0.0,0.14998311
0.0,0.11960252
0.0,0.079570755
0.0,0.060032994
0.0,0.08903737
0.0,0.11836766
0.0,0.12421705
0.0,0.083306774
0.0,0.08189903
0.0,0.1037811
0.0,0.07755411
0.0,0.11008753
0.0,0.119755626
0.0,0.08027059
0.0,0.0557346
0.0,0.07796325
0.0,0.08418001
0.0,0.07786624
0.0,0.07216434
0.0,0.0709186
0.0,0.076528594
0.0,0.0974289
0.0,0.06597799
0.0,0.12202498
0.0,0.05861077
0.0,0.07737552
1.0,0.10155317
0.0,0.09465633
0.0,0.040196955
0.0,0.06312284
0.0,0.083461106
0.0,0.046379067
0.0,0.038150813
0.0,0.11745021
0.0,0.07493237
0.0,0.063337944
0.0,0.0880142
0.0,0.10195127
0.0,0.15201358
0.0,0.08650074
0.0,0.10602736
0.0,0.08022649
0.0,0.0800815
0.0,0.077673815
0.0,0.083096206
0.0,0.060229976
0.0,0.06832645
0.0,0.08222274
0.0,0.07792181
0.0,0.08669168
0.0,0.11726593
0.0,0.08990165
0.0,0.059235904
0.0,0.051152423
0.0,0.12531976
0.0,0.05852654
0.0,0.0672658
0.0,0.080695674
0.0,0.09311933
0.0,0.05495086
0.0,0.013734902
0.0,0.0645476
0.0,0.14044464
0.0,0.025920073
0.0,0.063787125
1.0,0.05902735
0.0,0.081303455
0.0,0.07217049
0.0,0.08574827
0.0,0.07827059
0.0,0.08798854
0.0,0.05224935
0.0,0.02020367
0.0,0.09042518
0.0,0.09824159
0.0,0.02829283
0.0,0.10791583
0.0,0.1017274
0.0,0.056095637
0.0,0.080714166
0.0,0.10003171
0.0,0.086815245
0.0,0.054656625
0.0,0.07061648
0.0,0.056885343
0.0,0.12704514
0.0,0.05350417
0.0,0.084566526
0.0,0.07293992
0.0,0.051048618
0.0,0.08900395
0.0,0.1208738
0.0,0.11908937
1.0,0.08751125
0.0,0.09151931
0.0,0.12931949
0.0,0.10626915
0.0,0.08970843
0.0,0.12633938
0.0,0.07417093
0.0,0.15062448
0.0,0.08331376
0.0,0.06391067
0.0,0.11785897
0.0,0.12411066
0.0,0.073996
0.0,0.08458242
0.0,0.09957563
0.0,0.065809496
0.0,0.06811913
0.0,0.08915666
0.0,0.07299602
0.0,0.046678696
0.0,0.04168823
0.0,0.13091922
0.0,0.10024322
0.0,0.109191395
0.0,0.10734377
1.0,0.108367704
0.0,0.09615434
0.0,0.122053616
0.0,0.0681025
0.0,0.095535055
0.0,0.0755633
0.0,0.09293695
0.0,0.064372875
0.0,0.1070568
0.0,0.094355986
0.0,0.057652727
1.0,0.057106785
0.0,0.102849536
0.0,0.07890112
0.0,0.08599723
0.0,0.070307404
0.0,0.055373818
0.0,0.061629012
0.0,0.12409989
0.0,0.09706959
0.0,0.059140086
0.0,0.083498895
0.0,0.0921334
0.0,0.08869247
0.0,0.08586754
0.0,0.04815613
0.0,0.071657255
0.0,0.08720088
0.0,0.1360625
0.0,0.0709692
0.0,0.05720081
0.0,0.10085878
0.0,0.06059461
0.0,0.13567385
0.0,0.07396049
0.0,0.057212226
0.0,0.072108135
0.0,0.07192783
0.0,0.11223804
0.0,0.10290926
0.0,0.09325637
0.0,0.09981154
0.0,0.108854115
0.0,0.08730058
0.0,0.11221829
0.0,0.047838382
0.0,0.08444202
0.0,0.026062058
0.0,0.018439136
0.0,0.078657135
0.0,0.09931066
0.0,0.081309795
0.0,0.064572915
0.0,0.06999314
0.0,0.09099166
0.0,0.05517197
0.0,0.123819
0.0,0.09762376
0.0,0.0820023
0.0,0.06584531
0.0,0.12271425
0.0,0.055225994
0.0,0.10207125
0.0,0.094065465
0.0,0.086243644
0.0,0.08382584
0.0,0.15059604
0.0,0.12123662
0.0,0.11714331
0.0,0.076035134
0.0,0.053208493
0.0,0.1272389
0.0,0.059491046
0.0,0.079260215
0.0,0.07031049
0.0,0.07067513
0.0,0.10491725
0.0,0.08738207
0.0,0.07451964
0.0,0.07465216
0.0,0.075679004
0.0,0.06393902
0.0,0.065460674
0.0,0.13145605
0.0,0.09772578
0.0,0.09509299
0.0,0.11252296
0.0,0.102793224
1.0,0.11280807
0.0,0.10976548
0.0,0.09409571
0.0,0.07003577
0.0,0.06974943
0.0,0.09895026
0.0,0.088948414
0.0,0.11854502
0.0,0.07231279
0.0,0.07531984
0.0,0.110736944
0.0,0.08406878
0.0,0.10749739
0.0,0.07874581
0.0,0.06351427
0.0,0.06561676
0.0,0.10913872
0.0,0.06433513
0.0,0.09327881
0.0,0.06720533
0.0,0.08045804
0.0,0.13727556
0.0,0.053516366
0.0,0.08677241
0.0,0.09138301
0.0,0.08086427
0.0,0.07760229
0.0,0.069204785
0.0,0.06533464
0.0,0.08065263
0.0,0.082334906
0.0,0.09668106
0.0,0.056151006
0.0,0.13487463
0.0,0.081655614
0.0,0.07634057
0.0,0.07719684
0.0,0.06034446
0.0,0.09198618
0.0,0.07871017
0.0,0.08338821
0.0,0.082302086
0.0,0.0943296
0.0,0.09960724
0.0,0.12931052
0.0,0.064628854
0.0,0.08013137
0.0,0.107220896
0.0,0.14819844
0.0,0.048130624
0.0,0.013321156
0.0,0.07191583
0.0,0.109111995
0.0,0.12573954
0.0,0.07010169
0.0,0.095737964
0.0,0.0947953
0.0,0.09707522
0.0,0.1217463
0.0,0.11166043
0.0,0.044700615
0.0,0.06087951
0.0,0.076711655
0.0,0.10985787
0.0,0.11664951
0.0,0.10531912
0.0,0.0787765
0.0,0.15581505
0.0,0.05860599
0.0,0.036851287
0.0,0.06462214
0.0,0.06496617
0.0,0.036608472
0.0,0.06291668
0.0,0.122104146
1.0,0.055326298
0.0,0.09525251
0.0,0.10766198
0.0,0.105267935
0.0,0.054299336
0.0,0.10881628
0.0,0.10995199
0.0,0.11913131
0.0,0.064194806
0.0,0.13289022
0.0,0.121040225
0.0,0.0789424
0.0,0.06232737
0.0,0.11442287
0.0,0.07080437
0.0,0.070877485
0.0,0.06189731
0.0,0.06408346
0.0,0.10551214
0.0,0.11150953
0.0,0.085267454
0.0,0.08585708
0.0,0.09525564
0.0,0.07214819
0.0,0.060770195
0.0,0.0768138
0.0,0.06083975
0.0,0.09979781
0.0,0.058601297
0.0,0.09063661
0.0,0.13874204
0.0,0.1172427
0.0,0.08014596
0.0,0.13771756
0.0,0.06913122
0.0,0.06752542
0.0,0.09492903
0.0,0.0753458
1.0,0.08234713
0.0,0.054498382
0.0,0.07675288
0.0,0.07223108
0.0,0.0690154
0.0,0.12439653
0.0,0.07722016
0.0,0.03708376
0.0,0.089021735
1.0,0.04651118
0.0,0.05406325
0.0,0.059223056
0.0,0.11256557
0.0,0.07660202
0.0,0.09863031
0.0,0.063734315
0.0,0.06492941
0.0,0.095828444
0.0,0.054600812
0.0,0.12378695
0.0,0.064311124
0.0,0.11661108
0.0,0.06694394
0.0,0.015578221
0.0,0.05330991
0.0,0.07959134
0.0,0.112587504
0.0,0.09847375
0.0,0.12275545
0.0,0.072653785
0.0,0.116100416
0.0,0.059825584
1.0,0.09625485
0.0,0.115105875
0.0,0.08730389
0.0,0.08909981
0.0,0.093982615
0.0,0.10897912
0.0,0.060064547
0.0,0.058405686
0.0,0.1248503
0.0,0.07012476
0.0,0.07104779
0.0,0.092617035
0.0,0.067456596
0.0,0.13697582
0.0,0.079922095
0.0,0.0723281
0.0,0.0090731615
0.0,0.07884587
0.0,0.09425247
0.0,0.04658305
0.0,0.14374523
0.0,0.054359555
0.0,0.047599442
0.0,0.1199693
0.0,0.08464847
0.0,0.117784135
0.0,0.07920021
0.0,0.094486825
0.0,0.105682
1.0,0.1395084
0.0,0.094600566
0.0,0.065373346
0.0,0.07884153
0.0,0.087013304
0.0,0.060525104
0.0,0.0646669
0.0,0.051857118
0.0,0.07343779
0.0,0.08279838
0.0,0.073963135
0.0,0.081986934
0.0,0.06698145
0.0,0.083353445
0.0,0.04033024
0.0,0.1292305
0.0,0.12132331
0.0,0.07809332
0.0,0.05950685
0.0,0.10049911
1.0,0.10092574
0.0,0.049161673
0.0,0.056539442
0.0,0.09192133
0.0,0.0690891
0.0,0.040516958
0.0,0.057202037
0.0,0.06381782
0.0,0.13099563
0.0,0.0689807
1.0,0.08019744
0.0,0.08698846
0.0,0.06952181
0.0,0.046767846
0.0,0.05868127
0.0,0.080730215
0.0,0.10166107
0.0,0.15679793
0.0,0.06464472
0.0,0.06655286
0.0,0.10008608
0.0,0.06916551
1.0,0.12082021
0.0,0.11155364
0.0,0.12900443
0.0,0.104947016
0.0,0.081477806
0.0,0.0810046
0.0,0.14281537
0.0,0.08223115
0.0,0.093535714
0.0,0.10205876
0.0,0.015274711
0.0,0.07637705
0.0,0.10727247
0.0,0.13893574
0.0,0.096071824
0.0,0.0896233
0.0,0.08220892
0.0,0.07906337
0.0,0.1037613
0.0,0.07866584
0.0,0.0971484
0.0,0.053740326
0.0,0.09951599
0.0,0.111609936
0.0,0.115390375
0.0,0.057767905
0.0,0.06368528
0.0,0.07640636
0.0,0.08636626
0.0,0.036473054
0.0,0.07853751
0.0,0.12669075
0.0,0.1295935
1.0,0.052295133
0.0,0.10167525
0.0,0.11607285
0.0,0.079038754
0.0,0.07198084
0.0,0.07828386
0.0,0.06825743
0.0,0.08077186
0.0,0.103493504
0.0,0.10930118
0.0,0.07994787
0.0,0.048724324
0.0,0.087880574
0.0,0.09694703
0.0,0.066903755
0.0,0.08981681
0.0,0.06976915
0.0,0.059592463
0.0,0.11365565
0.0,0.042847037
1.0,0.11948765
1.0,0.074256815
0.0,0.07707075
0.0,0.081599526
0.0,0.08701193
0.0,0.044400044
0.0,0.10850457
0.0,0.1552105
0.0,0.12418282
0.0,0.07925897
1.0,0.04704343
0.0,0.063376285
0.0,0.05368033
0.0,0.06618915
0.0,0.1298848
0.0,0.058748912
0.0,0.1181216
0.0,0.08783828
0.0,0.084118105
0.0,0.06701908
0.0,0.11915077
0.0,0.09975459
0.0,0.05126945
0.0,0.10090183
0.0,0.051049545
0.0,0.059085473
0.0,0.053967
0.0,0.09767505
0.0,0.11230233
0.0,0.05390963
0.0,0.033221193
0.0,0.11422999
0.0,0.095450446
0.0,0.087441295
0.0,0.07907094
1.0,0.049952835
0.0,0.012538695
0.0,0.11637611
0.0,0.120271355
0.0,0.10091424
0.0,0.06745367
0.0,0.06395335
0.0,0.12582561
0.0,0.075751156
0.0,0.10550248
0.0,0.04609371
0.0,0.07878052
0.0,0.064088985
0.0,0.107898645
0.0,0.08129444
0.0,0.122244805
0.0,0.07450571
0.0,0.06738818
0.0,0.065664895
0.0,0.08043245
0.0,0.09627238
0.0,0.11996481
0.0,0.058882378
0.0,0.0862561
0.0,0.07617937
0.0,0.11928334
0.0,0.04847393
0.0,0.118817985
0.0,0.09729067
0.0,0.081018195
0.0,0.1413875
0.0,0.0958488
0.0,0.056013525
0.0,0.09767184
1.0,0.061550893
0.0,0.1232062
1.0,0.0931851
0.0,0.024198327
0.0,0.075732216
0.0,0.013121793
0.0,0.08929993
0.0,0.050742917
0.0,0.06374601
0.0,0.10830086
0.0,0.109536126
0.0,0.06025418
0.0,0.07557403
0.0,0.08061808
0.0,0.12523587
0.0,0.12299975
0.0,0.07297697
0.0,0.06355279
0.0,0.13065808
0.0,0.07003067
0.0,0.10530679
0.0,0.089147046
0.0,0.085269794
0.0,0.102450736
0.0,0.081289575
0.0,0.07735751
0.0,0.057065345
0.0,0.05617228
0.0,0.07463737
0.0,0.08607635
0.0,0.114088625
0.0,0.060492877
0.0,0.08432849
0.0,0.0556343
0.0,0.12213329
0.0,0.115961045
0.0,0.035694867
0.0,0.077803016
0.0,0.09426096
0.0,0.07084903
0.0,0.115212955
0.0,0.0814461
0.0,0.14077438
0.0,0.078166775
0.0,0.12129548
1.0,0.068130404
0.0,0.07595554
0.0,0.06767535
0.0,0.076297335
0.0,0.107914336
0.0,0.06646102
0.0,0.05570714
0.0,0.070206404
0.0,0.117962085
0.0,0.108856134
0.0,0.120757654
0.0,0.112185575
0.0,0.1389963
0.0,0.08285247
0.0,0.032576688
0.0,0.055578314
0.0,0.104075365
0.0,0.07701585
0.0,0.09665872
0.0,0.090153724
0.0,0.11612636
0.0,0.075573996
0.0,0.08151881
0.0,0.14367986
0.0,0.08229789
0.0,0.10214187
0.0,0.098818
0.0,0.102680504
0.0,0.09642854
0.0,0.121478625
0.0,0.15067928
0.0,0.117088586
0.0,0.16388452
0.0,0.05496264
0.0,0.07495479
0.0,0.013106085
0.0,0.15048243
2.0,0.052360933
0.0,0.08427396
0.0,0.06099924
0.0,0.062059738
0.0,0.059604283
0.0,0.08390579
0.0,0.09441544
0.0,0.13208777
0.0,0.06761916
0.0,0.09089103
0.0,0.10896267
0.0,0.05582304
0.0,0.04331402
0.0,0.054538883
0.0,0.10006897
0.0,0.11733333
0.0,0.082246654
0.0,0.0855668
0.0,0.119816855
0.0,0.08310916
0.0,0.05833489
0.0,0.07258851
0.0,0.066963345
0.0,0.04471089
0.0,0.12367933
0.0,0.082448035
0.0,0.022942482
0.0,0.10343635
0.0,0.12542182
0.0,0.04948038
0.0,0.07725875
0.0,0.09510986
0.0,0.09141438
0.0,0.05414799
0.0,0.06109558
0.0,0.06971059
0.0,0.051883742
0.0,0.082574345
0.0,0.08390531
0.0,0.065187246
0.0,0.051639345
0.0,0.10692617
0.0,0.06763451
0.0,0.058429334
0.0,0.083733544
0.0,0.13706757
0.0,0.12743922
0.0,0.11325167
0.0,0.08675623
0.0,0.12994702
0.0,0.102473795
0.0,0.04622791
0.0,0.08853761
0.0,0.042325374
0.0,0.05577448
0.0,0.08479071
0.0,0.062063407
0.0,0.073234126
0.0,0.06950646
0.0,0.13137305
0.0,0.06892561
0.0,0.112562
0.0,0.07749459
0.0,0.110232554
0.0,0.1471847
0.0,0.053478435
0.0,0.058679882
0.0,0.11494202
0.0,0.10222626
0.0,0.08512283
0.0,0.060946167
0.0,0.048419505
0.0,0.14392842
0.0,0.042842705
0.0,0.083727114
0.0,0.077431835
0.0,0.12916939
0.0,0.08413138
0.0,0.11978761
0.0,0.08125396
0.0,0.05841361
0.0,0.08211546
0.0,0.0937542
0.0,0.063480675
0.0,0.011554889
0.0,0.060356002
0.0,0.10585727
0.0,0.06914284
0.0,0.07153684
0.0,0.07865412
0.0,0.08322433
0.0,0.044086482
0.0,0.09566098
0.0,0.07206005
0.0,0.07702371
0.0,0.09811517
0.0,0.08840479
0.0,0.07304795
0.0,0.095974274
0.0,0.07603323
0.0,0.07527581
0.0,0.0753859
0.0,0.05350598
0.0,0.032230344
0.0,0.1374529
0.0,0.08876777
0.0,0.10502544
0.0,0.11452937
0.0,0.08442016
0.0,0.14790088
0.0,0.117019735
0.0,0.06489956
0.0,0.11268576
0.0,0.070794664
0.0,0.09417875
0.0,0.06852339
0.0,0.07797349
0.0,0.09931369
0.0,0.08667308
0.0,0.094504215
0.0,0.05680924
0.0,0.07345046
0.0,0.020446295
0.0,0.068879485
0.0,0.13127097
0.0,0.06548824
0.0,0.083545476
0.0,0.050276034
0.0,0.123958655
0.0,0.050497558
0.0,0.06851745
0.0,0.12269915
0.0,0.057442777
0.0,0.07242256
1.0,0.1265257
0.0,0.10540229
0.0,0.051567998
0.0,0.078458734
0.0,0.10037398
0.0,0.040473446
0.0,0.11060406
0.0,0.057632085
0.0,0.055635177
1.0,0.06302384
0.0,0.075672254
0.0,0.07410101
0.0,0.07950091
1.0,0.09450543
0.0,0.12915434
0.0,0.1076026
0.0,0.09253654
0.0,0.079715185
0.0,0.09496679
1.0,0.053827085
0.0,0.14643925
0.0,0.08362118
0.0,0.03203939
0.0,0.09080472
0.0,0.120013386
0.0,0.13115807
0.0,0.07383427
0.0,0.09010211
0.0,0.07241406
0.0,0.090351924
0.0,0.107264005
0.0,0.11442281
0.0,0.056813195
0.0,0.09776652
0.0,0.12374452
0.0,0.060316168
0.0,0.054424033
0.0,0.08453266
0.0,0.08386847
0.0,0.049856484
0.0,0.04530923
0.0,0.08397992
0.0,0.08218026
0.0,0.10358904
0.0,0.086842984
0.0,0.07118146
0.0,0.09497291
0.0,0.04639957
1.0,0.07026057
0.0,0.07394765
0.0,0.11104757
0.0,0.087245554
0.0,0.077680856
0.0,0.09052578
0.0,0.07133998
1.0,0.07500082
0.0,0.06989662
0.0,0.081807375
0.0,0.11193137
0.0,0.06620068
1.0,0.10192218
0.0,0.06640732
0.0,0.07567042
0.0,0.09231234
0.0,0.066381335
0.0,0.048065845
0.0,0.1255564
0.0,0.06968336
0.0,0.124533005
0.0,0.07974429
0.0,0.09859055
0.0,0.0918683
0.0,0.10468058
0.0,0.09392063
0.0,0.06263273
0.0,0.06594776
0.0,0.15377674
0.0,0.061170645
0.0,0.09241252
0.0,0.047430046
0.0,0.12746376
0.0,0.049145736
0.0,0.09791691
0.0,0.092285186
1.0,0.044895448
0.0,0.08142423
0.0,0.0481679
0.0,0.06114976
0.0,0.1289078
0.0,0.10330031
0.0,0.08646944
0.0,0.07102302
1.0,0.06890184
0.0,0.039224617
0.0,0.068558685
0.0,0.09678221
0.0,0.14326918
0.0,0.070026055
0.0,0.06961409
0.0,0.07746164
0.0,0.10919481
0.0,0.082096994
0.0,0.07804407
0.0,0.038155273
0.0,0.076009125
0.0,0.1414722
0.0,0.060046878
0.0,0.08046824
0.0,0.100171044
0.0,0.14404227
0.0,0.074393705
0.0,0.086248375
0.0,0.108537585
0.0,0.1560537
0.0,0.029755482
0.0,0.068557985
0.0,0.015664434
0.0,0.068495296
0.0,0.05033111
0.0,0.052455533
0.0,0.11173555
0.0,0.091276385
0.0,0.08407387
0.0,0.07823548
0.0,0.07548515
0.0,0.07249221
0.0,0.034026336
0.0,0.0932058
0.0,0.11196403
0.0,0.09651807
0.0,0.10520525
0.0,0.0851762
0.0,0.06550203
0.0,0.06673129
0.0,0.10021698
0.0,0.10026702
0.0,0.009827033
0.0,0.086375155
0.0,0.08558786
0.0,0.0992243
0.0,0.087848604
0.0,0.10508127
0.0,0.060816184
0.0,0.051974222
0.0,0.10388101
0.0,0.024307203
0.0,0.06517811
0.0,0.14307481
0.0,0.07547017
0.0,0.060844045
0.0,0.14754502
1.0,0.056303993
0.0,0.07947982
0.0,0.041812696
0.0,0.120242395
0.0,0.1261934
0.0,0.08082996
0.0,0.07632803
0.0,0.07374805
0.0,0.030919597
0.0,0.073569395
0.0,0.08669643
0.0,0.115309685
0.0,0.074726395
0.0,0.118880294
0.0,0.08318949
0.0,0.04700557
0.0,0.07265607
0.0,0.082729824
0.0,0.08535532
0.0,0.05139154
0.0,0.088059396
0.0,0.07844828
0.0,0.061510388
0.0,0.059773475
0.0,0.09091206
0.0,0.08468626
0.0,0.09097344
0.0,0.08945984
0.0,0.077665985
0.0,0.04723546
0.0,0.126715
0.0,0.04423037
0.0,0.113181084
0.0,0.093084015
0.0,0.06088035
0.0,0.098615564
0.0,0.107516274
0.0,0.051193524
0.0,0.062191535
0.0,0.08931953
0.0,0.121359155
0.0,0.09110288
0.0,0.11488714
0.0,0.06472539
0.0,0.0747205
0.0,0.079426154
0.0,0.07450115
0.0,0.096855775
0.0,0.11568427
0.0,0.07040723
1.0,0.043233845
0.0,0.08778186
0.0,0.06151203
0.0,0.076098844
0.0,0.081580326
0.0,0.09167664
0.0,0.09583916
0.0,0.08044846
0.0,0.068347566
0.0,0.08010204
0.0,0.05918877
0.0,0.07117685
0.0,0.13266711
0.0,0.12993485
0.0,0.06961705
0.0,0.07288933
0.0,0.085383065
0.0,0.10738649
0.0,0.08392955
0.0,0.11173454
0.0,0.1372144
0.0,0.067190625
0.0,0.0956468
0.0,0.048646078
0.0,0.0922862
0.0,0.091046646
0.0,0.05040162
0.0,0.09202503
0.0,0.1275886
0.0,0.12158844
0.0,0.07450844
0.0,0.104412034
0.0,0.07258918
0.0,0.1188128
0.0,0.05531622
0.0,0.07667059
0.0,0.08658454
0.0,0.08723186
0.0,0.11949828
0.0,0.094281465
0.0,0.10950252
0.0,0.0936024
0.0,0.07344682
0.0,0.090142205
0.0,0.05071824
0.0,0.1093152
0.0,0.07484047
0.0,0.08688577
0.0,0.122627296
0.0,0.115566805
0.0,0.15592995
0.0,0.07412652
0.0,0.080192775
0.0,0.08670586
0.0,0.14271042
0.0,0.10776938
0.0,0.09514715
0.0,0.13169998
0.0,0.1283488
0.0,0.096061215
0.0,0.07693279
1.0,0.07823564
0.0,0.11834502
0.0,0.057334438
0.0,0.13944665
0.0,0.10259945
1.0,0.082484305
0.0,0.14645495
0.0,0.11531678
0.0,0.081850275
0.0,0.06638007
0.0,0.11888477
0.0,0.06996596
0.0,0.14294967
0.0,0.060267728
0.0,0.11470598
0.0,0.051166583
0.0,0.07302491
0.0,0.077698156
0.0,0.10757979
0.0,0.11182414
0.0,0.12940644
0.0,0.04788267
0.0,0.0439443
0.0,0.048641674
0.0,0.13649023
0.0,0.1291753
0.0,0.06761097
0.0,0.08915971
0.0,0.10458454
0.0,0.059110247
0.0,0.11030012
0.0,0.05808598
0.0,0.09016808
0.0,0.09018816
0.0,0.071334995
0.0,0.14016087
0.0,0.08006109
0.0,0.06927737
0.0,0.05881481
0.0,0.068078265
0.0,0.088229954
0.0,0.17035665
0.0,0.055425238
0.0,0.08205144
0.0,0.075192325
0.0,0.06770003
0.0,0.11336586
0.0,0.07717363
0.0,0.058601074
0.0,0.08908626
0.0,0.107533865
0.0,0.08825764
0.0,0.08478379
0.0,0.0788093
0.0,0.07260568
0.0,0.046183053
0.0,0.12797356
0.0,0.06604889
0.0,0.10480929
0.0,0.121706076
1.0,0.13610868
0.0,0.112869784
0.0,0.112326
0.0,0.07247327
0.0,0.10982173
0.0,0.11297791
0.0,0.055438638
0.0,0.074837595
0.0,0.07237664
0.0,0.10035391
0.0,0.103643
0.0,0.093170494
0.0,0.0488258
1.0,0.10204076
0.0,0.079756185
0.0,0.11532151
0.0,0.108576484
0.0,0.07860416
0.0,0.07713106
0.0,0.10635964
0.0,0.12002377
0.0,0.09334466
0.0,0.07203255
0.0,0.11316854
0.0,0.10558379
0.0,0.03882792
0.0,0.10463646
0.0,0.10625101
0.0,0.14449319
0.0,0.062228557
0.0,0.0783692
0.0,0.16402172
0.0,0.05665175
0.0,0.09402026
0.0,0.08558759
0.0,0.05791929
0.0,0.1239359
0.0,0.024155665
0.0,0.0725475
0.0,0.07496466
0.0,0.06254187
0.0,0.049083367
0.0,0.08652073
1.0,0.046231903
0.0,0.1029973
0.0,0.057309825
0.0,0.07263624
0.0,0.15038516
0.0,0.06423145
0.0,0.014335619
0.0,0.083333686
0.0,0.0666844
0.0,0.08658582
0.0,0.060061283
0.0,0.070319474
0.0,0.053672984
0.0,0.091019
0.0,0.05797093
0.0,0.07075137
0.0,0.09187893
0.0,0.09274092
0.0,0.10821524
0.0,0.11431077
0.0,0.044320047
0.0,0.13536356
0.0,0.0973634
0.0,0.11335445
0.0,0.130564
0.0,0.10998972
0.0,0.11908594
0.0,0.06542374
0.0,0.117088
0.0,0.11180254
0.0,0.03482069
0.0,0.07861681
0.0,0.14108817
1.0,0.086232394
0.0,0.070968084
0.0,0.05936459
0.0,0.14008687
0.0,0.11927672
0.0,0.092481524
0.0,0.09660113
0.0,0.10763652
0.0,0.054918576
0.0,0.05534791
0.0,0.10355143
0.0,0.03870058
0.0,0.08288054
0.0,0.089239165
0.0,0.09145178
0.0,0.1362001
0.0,0.14024726
0.0,0.08788556
0.0,0.0918341
0.0,0.11761251
0.0,0.10793423
0.0,0.0648194
0.0,0.07518376
0.0,0.083267555
0.0,0.07114191
0.0,0.14198299
0.0,0.12447587
0.0,0.06438867
0.0,0.11830807
0.0,0.07275399
0.0,0.09414453
0.0,0.10894571
0.0,0.09190327
0.0,0.0862892
0.0,0.10930944
0.0,0.095612206
0.0,0.05442843
0.0,0.08429136
0.0,0.093980394
0.0,0.07722058
1.0,0.08234484
0.0,0.07148903
0.0,0.044929415
0.0,0.113181405
0.0,0.10595829
0.0,0.12652452
0.0,0.07405438
0.0,0.064244814
0.0,0.053261507
0.0,0.13302067
0.0,0.11866718
0.0,0.11885949
0.0,0.07141882
0.0,0.088836424
0.0,0.0734075
0.0,0.09432578
0.0,0.117935844
0.0,0.09744791
0.0,0.014054898
0.0,0.08154083
0.0,0.060872804
0.0,0.073295295
0.0,0.07348981
0.0,0.06878048
0.0,0.10830274
0.0,0.098959014
0.0,0.05738764
0.0,0.103015505
0.0,0.049012713
0.0,0.09778024
0.0,0.089103274
0.0,0.02787719
0.0,0.09779822
0.0,0.08980113
0.0,0.07612882
0.0,0.088657
0.0,0.09690331
0.0,0.08914465
0.0,0.0954041
0.0,0.06949919
0.0,0.096498646
0.0,0.14497784
0.0,0.11238242
0.0,0.0480363
0.0,0.09201522
0.0,0.059333786
0.0,0.12629424
0.0,0.14794995
0.0,0.081176564
0.0,0.13411994
0.0,0.065670095
0.0,0.07522284
1.0,0.050687417
0.0,0.091193356
0.0,0.09228444
0.0,0.086176164
0.0,0.080598116
0.0,0.088038884
0.0,0.07598578
0.0,0.12047446
0.0,0.056014888
1.0,0.07055272
0.0,0.06837185
0.0,0.06855771
0.0,0.0471059
0.0,0.12694536
0.0,0.09639402
0.0,0.07786366
0.0,0.12565258
0.0,0.10989137
0.0,0.098982066
0.0,0.09988214
0.0,0.06775336
0.0,0.099261895
1.0,0.07495134
0.0,0.12039957
0.0,0.06903857
0.0,0.07502441
0.0,0.10000312
0.0,0.10363615
0.0,0.10797528
0.0,0.06900855
0.0,0.077333555
0.0,0.037809554
0.0,0.07763753
0.0,0.07992995
0.0,0.08157941
0.0,0.0581233
0.0,0.083737515
0.0,0.09535362
0.0,0.07254017
0.0,0.090166256
0.0,0.0497003
0.0,0.027459903
0.0,0.08398308
0.0,0.06476343
0.0,0.11335751
0.0,0.0748809
0.0,0.13497476
0.0,0.07769871
0.0,0.077389754
0.0,0.06470965
0.0,0.059415184
0.0,0.14540887
0.0,0.08896332
0.0,0.027992023
0.0,0.062151454
0.0,0.06559228
0.0,0.112180576
0.0,0.12224285
0.0,0.113937706
0.0,0.0578996
0.0,0.053516507
0.0,0.09770968
0.0,0.041770697
0.0,0.066185296
0.0,0.07922013
0.0,0.052153915
0.0,0.056698635
0.0,0.03417178
0.0,0.08244017
0.0,0.13265623
0.0,0.11808144
0.0,0.053673677
0.0,0.11103619
0.0,0.107301526
0.0,0.12693074
0.0,0.085251376
0.0,0.09853662
0.0,0.07168722
0.0,0.07321679
0.0,0.076270856
0.0,0.08171606
0.0,0.07583101
0.0,0.0781842
0.0,0.116658546
0.0,0.017155126
0.0,0.11386428
0.0,0.095693804
0.0,0.093258634
0.0,0.12887916
0.0,0.08080971
0.0,0.05899764
0.0,0.088295944
0.0,0.08708038
0.0,0.08250724
0.0,0.10236635
0.0,0.06575187
0.0,0.079474784
0.0,0.019681672
0.0,0.08654621
0.0,0.093448624
0.0,0.074772835
0.0,0.04061968
0.0,0.067311406
0.0,0.06938245
0.0,0.08602086
0.0,0.07824688
0.0,0.08713105
0.0,0.05965265
0.0,0.096928544
0.0,0.07867199
0.0,0.08630751
0.0,0.03654779
0.0,0.08646
0.0,0.065087564
0.0,0.11292596
0.0,0.076238096
0.0,0.14269368
0.0,0.09458058
0.0,0.07590373
0.0,0.04925713
0.0,0.0661267
0.0,0.07589079
0.0,0.03663832
0.0,0.117065474
0.0,0.07430201
1.0,0.061241593
0.0,0.06914899
0.0,0.09718063
0.0,0.12388113
0.0,0.09109299
0.0,0.12218656
0.0,0.077761404
0.0,0.10377887
0.0,0.08996761
0.0,0.11444415
0.0,0.12219885
0.0,0.083364986
0.0,0.07566998
0.0,0.060651097
0.0,0.04956286
0.0,0.07418548
1.0,0.108526096
0.0,0.09052749
0.0,0.11991179
0.0,0.09284672
0.0,0.09040515
0.0,0.1370223
0.0,0.06378387
0.0,0.055515487
0.0,0.13100116
0.0,0.07568078
0.0,0.07428125
0.0,0.09064863
0.0,0.12503994
0.0,0.11447548
0.0,0.070304826
0.0,0.08958852
0.0,0.106380835
0.0,0.07536487
0.0,0.11907421
0.0,0.085066244
0.0,0.0973268
0.0,0.10014071
0.0,0.07445762
0.0,0.07909402
0.0,0.07848693
0.0,0.030829763
0.0,0.09818444
0.0,0.10525862
0.0,0.0644303
0.0,0.09273484
0.0,0.09897414
0.0,0.087252334
0.0,0.11090768
0.0,0.121024355
0.0,0.053479455
0.0,0.11320132
0.0,0.111151695
0.0,0.15724115
0.0,0.053355254
0.0,0.06704088
0.0,0.06615825
0.0,0.029253615
0.0,0.11221513
0.0,0.059727162
0.0,0.06539729
0.0,0.12709858
0.0,0.08473857
0.0,0.06962475
0.0,0.13788663
0.0,0.042448968
0.0,0.083508074
0.0,0.08661497
0.0,0.107403494
0.0,0.11274824
0.0,0.060675208
0.0,0.05337663
0.0,0.07840452
0.0,0.07817975
0.0,0.12892012
0.0,0.09433819
0.0,0.111287594
0.0,0.1426215
0.0,0.08725162
0.0,0.11242221
0.0,0.119106576
0.0,0.09267939
0.0,0.11722098
0.0,0.13292114
0.0,0.07770277
0.0,0.12235074
0.0,0.12476936
0.0,0.058724195
0.0,0.12337163
0.0,0.09328775
0.0,0.11140605
0.0,0.11713655
0.0,0.08185504
0.0,0.11479512
0.0,0.10477289
0.0,0.08865182
0.0,0.08095911
0.0,0.08053507
0.0,0.08706236
0.0,0.09132928
0.0,0.13474308
0.0,0.038202897
0.0,0.09199539
0.0,0.113561876
0.0,0.07351301
0.0,0.09037469
0.0,0.015533855
0.0,0.06949186
0.0,0.0828848
0.0,0.08407612
0.0,0.06517638
0.0,0.08755712
0.0,0.11544618
0.0,0.06335921
0.0,0.04986205
0.0,0.08457445
0.0,0.14092584
0.0,0.07878242
0.0,0.09840782
0.0,0.104078665
1.0,0.0632405
0.0,0.10045768
0.0,0.097827256
0.0,0.07724835
0.0,0.0846088
0.0,0.056787547
0.0,0.15792878
1.0,0.07430573
0.0,0.05307365
0.0,0.042902112
0.0,0.047176205
0.0,0.0867213
0.0,0.013497406
0.0,0.06434826
0.0,0.068195
0.0,0.03838063
0.0,0.07791553
1.0,0.09784652
0.0,0.09717363
0.0,0.117277674
0.0,0.08051219
0.0,0.07343015
0.0,0.10190592
0.0,0.065801434
0.0,0.09401852
0.0,0.08805507
0.0,0.10904831
0.0,0.04411769
1.0,0.06861368
0.0,0.09757727
0.0,0.055242598
0.0,0.08130935
0.0,0.08315267
0.0,0.043124713
0.0,0.062562615
0.0,0.031223278
0.0,0.11073657
0.0,0.05483262
0.0,0.08344948
0.0,0.08334979
0.0,0.073990405
0.0,0.05653412
0.0,0.104105935
0.0,0.081053354
0.0,0.12974113
0.0,0.08037994
0.0,0.059477616
0.0,0.10995283
0.0,0.11476991
0.0,0.058438808
0.0,0.048125565
0.0,0.09429747
0.0,0.05715742
0.0,0.09566495
0.0,0.13350128
0.0,0.09223917
0.0,0.08797755
0.0,0.08234837
0.0,0.092436865
0.0,0.0228501
0.0,0.06273074
0.0,0.04713472
0.0,0.08127318
0.0,0.13397849
0.0,0.13093823
0.0,0.1069431
0.0,0.07485159
0.0,0.088627204
0.0,0.07049885
0.0,0.05430304
0.0,0.06684033
0.0,0.08321385
0.0,0.06908691
0.0,0.09531294
0.0,0.058027957
0.0,0.06855392
0.0,0.09085253
0.0,0.03568194
0.0,0.087949745
0.0,0.1112591
0.0,0.10525167
0.0,0.07776847
0.0,0.11075047
0.0,0.09614583
0.0,0.07111726
1.0,0.111256905
0.0,0.09569716
0.0,0.048870858
0.0,0.06726991
0.0,0.04458785
0.0,0.10260317
0.0,0.044799604
0.0,0.11823284
0.0,0.11635591
0.0,0.07814117
0.0,0.07372043
0.0,0.09214602
0.0,0.084762365
0.0,0.060066123
1.0,0.101578064
0.0,0.06937401
0.0,0.06444323
0.0,0.050277006
0.0,0.11373285
0.0,0.12695405
0.0,0.093897484
0.0,0.07826273
0.0,0.14832897
0.0,0.06888922
0.0,0.049581997
0.0,0.13660657
1.0,0.06184359
0.0,0.07393045
0.0,0.064561784
1.0,0.050938092
0.0,0.027807165
0.0,0.1284674
0.0,0.06357517
0.0,0.089621894
1.0,0.120823465
0.0,0.107484266
0.0,0.08183215
1.0,0.095404945
0.0,0.084717155
0.0,0.07242076
0.0,0.07261719
0.0,0.08360499
0.0,0.09547182
0.0,0.11985686
0.0,0.10809732
0.0,0.07840875
0.0,0.1021033
0.0,0.10328529
0.0,0.0757364
0.0,0.025910828
0.0,0.09402094
0.0,0.09895894
0.0,0.13756643
0.0,0.11821564
0.0,0.12168664
0.0,0.076835856
0.0,0.09393813
0.0,0.08007281
0.0,0.069038205
0.0,0.08277875
0.0,0.08906324
0.0,0.16711006
0.0,0.14657702
0.0,0.08853721
0.0,0.077473685
0.0,0.08003659
0.0,0.08430599
0.0,0.11912129
0.0,0.14558287
0.0,0.11160496
0.0,0.09980664
0.0,0.107145585
0.0,0.09052574
0.0,0.092377976
0.0,0.026047956
0.0,0.106511615
1.0,0.06718246
0.0,0.14116131
0.0,0.10588392
0.0,0.10426165
0.0,0.095342234
0.0,0.04642701
0.0,0.085526764
0.0,0.066624746
0.0,0.094716795
1.0,0.096550606
0.0,0.06577
0.0,0.07790323
0.0,0.08963965
0.0,0.081762135
1.0,0.10327497
0.0,0.097490154
0.0,0.098637596
0.0,0.10220038
0.0,0.07066917
0.0,0.12701315
0.0,0.09002653
0.0,0.11836433
0.0,0.13771053
0.0,0.07849958
0.0,0.1455315
0.0,0.06673342
0.0,0.16136356
0.0,0.07008572
0.0,0.12536196
0.0,0.0904246
0.0,0.057116006
0.0,0.06374641
0.0,0.12524031
0.0,0.053704105
0.0,0.09316608
0.0,0.102241375
0.0,0.026764914
0.0,0.054885812
0.0,0.05100458
0.0,0.11138685
0.0,0.10212599
0.0,0.1000704
0.0,0.042470925
0.0,0.08180416
0.0,0.09328677
0.0,0.115827754
1.0,0.09832855
0.0,0.07955457
0.0,0.07849606
0.0,0.11817506
0.0,0.113998875
0.0,0.105366535
0.0,0.07777858
0.0,0.06681936
0.0,0.113089725
0.0,0.07978072
0.0,0.09023955
0.0,0.083690256
0.0,0.11281582
0.0,0.08234988
0.0,0.1278749
0.0,0.11578195
2.0,0.029863816
0.0,0.036645498
0.0,0.040561844
0.0,0.11514375
0.0,0.0447534
0.0,0.108648166
0.0,0.08307131
0.0,0.081927866
0.0,0.09572303
0.0,0.12357358
0.0,0.09704781
0.0,0.029444678
0.0,0.0545557
0.0,0.098586395
0.0,0.06913206
1.0,0.11097127
0.0,0.042187512
1.0,0.074415706
0.0,0.06278005
0.0,0.093377784
0.0,0.11584499
0.0,0.062014893
0.0,0.09291207
0.0,0.0925366
0.0,0.01375038
0.0,0.1413875
0.0,0.087499045
0.0,0.06600947
0.0,0.09173018
0.0,0.09086022
0.0,0.09240331
0.0,0.06713679
0.0,0.059643548
0.0,0.07909843
0.0,0.09809466
0.0,0.012075273
0.0,0.05161559
0.0,0.13261631
0.0,0.10478308
0.0,0.065611236
0.0,0.09742398
0.0,0.0717142
0.0,0.12199648
0.0,0.06136179
0.0,0.098582275
0.0,0.08447093
0.0,0.070657924
0.0,0.10975823
0.0,0.14541984
0.0,0.11082334
0.0,0.07847989
0.0,0.07273644
0.0,0.06640075
0.0,0.10232468
0.0,0.103978686
0.0,0.12791908
0.0,0.06934792
0.0,0.07553782
0.0,0.11612422
0.0,0.087998025
0.0,0.087357074
0.0,0.08310619
0.0,0.08916478
0.0,0.07698574
0.0,0.103584446
0.0,0.11689358
0.0,0.10095094
0.0,0.100794956
0.0,0.06252939
0.0,0.061104015
0.0,0.08727384
0.0,0.1021842
0.0,0.13674001
0.0,0.072249115
0.0,0.068138294
0.0,0.05908515
0.0,0.11054538
0.0,0.089608565
0.0,0.07021387
0.0,0.10223469
0.0,0.04851211
0.0,0.05434539
0.0,0.12321234
0.0,0.05157642
0.0,0.07493226
0.0,0.11022212
0.0,0.055557184
0.0,0.10773965
0.0,0.11197477
0.0,0.08327123
0.0,0.106233224
0.0,0.093627326
0.0,0.12783362
1.0,0.01938624
0.0,0.09895172
0.0,0.06428484
0.0,0.090488926
0.0,0.061202154
0.0,0.117280975
0.0,0.090701595
0.0,0.09303258
0.0,0.081235714
0.0,0.15798655
0.0,0.10988205
0.0,0.06987944
0.0,0.047314685
0.0,0.07411749
0.0,0.06718089
0.0,0.06429811
0.0,0.09647891
1.0,0.049026586
0.0,0.033328682
0.0,0.10773824
0.0,0.048821725
0.0,0.12582706
0.0,0.09370594
0.0,0.07595487
0.0,0.11486764
0.0,0.11368552
0.0,0.059091166
0.0,0.097126424
0.0,0.13048138
0.0,0.0620948
0.0,0.07095709
0.0,0.03935896
0.0,0.09395134
0.0,0.089529276
0.0,0.021087712
0.0,0.15351538
0.0,0.14269568
0.0,0.07562444
0.0,0.14842945
0.0,0.06540139
0.0,0.11102295
1.0,0.09698123
0.0,0.06214212
0.0,0.09375787
0.0,0.07475387
0.0,0.16595605
0.0,0.16542721
0.0,0.05748104
0.0,0.056070313
0.0,0.06087553
0.0,0.079366036
0.0,0.10046571
0.0,0.06181303
0.0,0.09799515
0.0,0.09740633
0.0,0.0889013
0.0,0.07312414
0.0,0.13700512
0.0,0.05556909
0.0,0.12308999
0.0,0.07262157
0.0,0.082809806
0.0,0.07096244
0.0,0.05383263
0.0,0.0941688
0.0,0.06966611
0.0,0.12199758
0.0,0.06411287
0.0,0.08481333
0.0,0.06651263
0.0,0.07099554
0.0,0.08656253
0.0,0.12986265
0.0,0.09556282
0.0,0.07875937
0.0,0.08024889
0.0,0.064358205
0.0,0.083352625
0.0,0.07971363
0.0,0.10843019
0.0,0.048300494
0.0,0.0690317
1.0,0.061239403
0.0,0.09079164
0.0,0.061833296
0.0,0.092869654
0.0,0.048439726
0.0,0.082321145
0.0,0.0987472
0.0,0.08243046
0.0,0.07693106
1.0,0.090107866
0.0,0.14116715
0.0,0.10709926
0.0,0.043226045
0.0,0.10261002
0.0,0.06691023
0.0,0.13085182
0.0,0.07849269
0.0,0.05497361
0.0,0.033922765
0.0,0.084457725
0.0,0.06888515
0.0,0.085687205
0.0,0.07432272
0.0,0.11396303
0.0,0.043920323
0.0,0.082147494
0.0,0.115980536
0.0,0.061680447
0.0,0.098779835
0.0,0.022520319
0.0,0.13555509
0.0,0.08942692
0.0,0.12646617
0.0,0.098625794
0.0,0.06788349
0.0,0.07909188
0.0,0.023442384
0.0,0.11150445
0.0,0.11231722
0.0,0.08420603
0.0,0.09719087
0.0,0.024026226
0.0,0.10998849
1.0,0.08415915
0.0,0.049712628
0.0,0.027657945
0.0,0.076754816
0.0,0.018091658
0.0,0.041002616
0.0,0.10375648
0.0,0.102464214
0.0,0.10377741
1.0,0.10232687
0.0,0.09631644
0.0,0.08491251
0.0,0.06863336
0.0,0.07195886
0.0,0.08370083
0.0,0.053234518
0.0,0.053953566
0.0,0.09019004
0.0,0.12224093
0.0,0.056765698
0.0,0.05816048
0.0,0.099509016
0.0,0.109610654
0.0,0.11023918
0.0,0.095763326
1.0,0.07853271
0.0,0.08426492
0.0,0.141431
0.0,0.07166467
1.0,0.0923994
0.0,0.10555275
0.0,0.1034776
0.0,0.079274505
0.0,0.084461585
0.0,0.1294201
0.0,0.08856954
0.0,0.09382686
0.0,0.1435102
1.0,0.0742562
0.0,0.077707864
0.0,0.07065648
0.0,0.111776635
0.0,0.0551916
0.0,0.09488541
0.0,0.11245069
0.0,0.11301013
0.0,0.11974024
1.0,0.059217814
0.0,0.04767024
0.0,0.06655589
0.0,0.07120268
0.0,0.08911389
0.0,0.032028764
0.0,0.07674305
0.0,0.0690389
0.0,0.052590728
0.0,0.10300253
0.0,0.027752727
0.0,0.066622235
0.0,0.14899334
0.0,0.1163269
0.0,0.11063851
0.0,0.096556686
0.0,0.08324695
0.0,0.08108565
0.0,0.08809434
0.0,0.07694107
0.0,0.07261176
0.0,0.06642894
0.0,0.1847349
0.0,0.1230941
0.0,0.09426681
1.0,0.083684385
0.0,0.0691998
0.0,0.08011015
0.0,0.11073499
0.0,0.10840347
0.0,0.14799882
0.0,0.10847731
0.0,0.09104161
0.0,0.11531043
0.0,0.14207071
0.0,0.048010264
0.0,0.070179895
0.0,0.119308144
0.0,0.089938775
0.0,0.05767757
0.0,0.094175875
0.0,0.060788207
0.0,0.10114283
0.0,0.088268965
0.0,0.09012534
0.0,0.07717473
0.0,0.08463642
0.0,0.10146205
1.0,0.1369833
0.0,0.07049103
0.0,0.07440396
0.0,0.05515553
0.0,0.09719379
0.0,0.084966905
0.0,0.11948668
0.0,0.0794376
0.0,0.06920665
0.0,0.01767705
0.0,0.051114358
0.0,0.06944214
0.0,0.059665363
0.0,0.060700543
0.0,0.073518686
0.0,0.14524442
0.0,0.10639915
0.0,0.06697018
0.0,0.05850645
0.0,0.08015154
0.0,0.089508906
0.0,0.10475133
0.0,0.11277774
0.0,0.105340086
0.0,0.055304486
0.0,0.10703863
0.0,0.11093114
0.0,0.047150645
0.0,0.09564878
0.0,0.064634375
0.0,0.12177185
0.0,0.06684068
0.0,0.13192886
0.0,0.081638716
0.0,0.10085043
0.0,0.08087526
0.0,0.12597862
0.0,0.079463944
0.0,0.13001604
0.0,0.10842275
0.0,0.057090953
0.0,0.07672454
1.0,0.0862184
0.0,0.053122677
0.0,0.08388022
0.0,0.066407576
0.0,0.095865965
0.0,0.054080848
1.0,0.07677692
0.0,0.120849505
0.0,0.10373968
0.0,0.06852275
0.0,0.06938652
0.0,0.07333795
0.0,0.09799664
0.0,0.08693353
0.0,0.070906065
0.0,0.06886878
0.0,0.11958067
0.0,0.12506677
0.0,0.056747727
0.0,0.08703136
0.0,0.12721717
0.0,0.113495804
0.0,0.08134507
0.0,0.070014805
0.0,0.10044746
0.0,0.080174364
0.0,0.11149126
0.0,0.067257136
0.0,0.1040903
0.0,0.06449255
0.0,0.11830325
0.0,0.112827815
0.0,0.09169876
0.0,0.047545
0.0,0.08062962
0.0,0.093215585
0.0,0.05449889
0.0,0.12333446
0.0,0.10912524
0.0,0.12525624
0.0,0.07051769
0.0,0.08159912
0.0,0.070585355
1.0,0.06782069
0.0,0.10780194
0.0,0.12320652
0.0,0.10870099
0.0,0.0907121
0.0,0.107878245
0.0,0.098229624
0.0,0.07514838
1.0,0.08784969
1.0,0.09131794
0.0,0.10733244
0.0,0.09814156
0.0,0.063968234
0.0,0.10691434
0.0,0.07184243
0.0,0.061915908
0.0,0.06294781
0.0,0.09792914
0.0,0.09778901
0.0,0.090309694
0.0,0.111016914
0.0,0.112717874
0.0,0.115352415
0.0,0.13946821
0.0,0.068447724
0.0,0.1329363
0.0,0.094393134
0.0,0.11862633
0.0,0.08316472
0.0,0.06585712
0.0,0.034831986
0.0,0.12019049
0.0,0.09259568
0.0,0.12969346
0.0,0.06183386
0.0,0.10158715
0.0,0.118185885
0.0,0.14672267
1.0,0.058816433
0.0,0.031010011
0.0,0.1322609
0.0,0.06927967
0.0,0.081646815
0.0,0.07747974
0.0,0.11704789
0.0,0.16699779
0.0,0.05079993
0.0,0.10545784
0.0,0.06301899
0.0,0.10615061
1.0,0.11612694
0.0,0.06731242
0.0,0.14393745
0.0,0.10288926
0.0,0.06814487
0.0,0.10315557
0.0,0.0911347
0.0,0.0692266
0.0,0.05907474
0.0,0.092411354
1.0,0.055547606
0.0,0.08927426
0.0,0.0895415
0.0,0.14333855
0.0,0.041410312
0.0,0.10691337
0.0,0.03371217
0.0,0.119776756
0.0,0.09313902
0.0,0.12497941
0.0,0.108596966
0.0,0.11263779
0.0,0.047687203
0.0,0.09319487
1.0,0.053942416
0.0,0.09781632
1.0,0.08831959
0.0,0.12515035
0.0,0.11852458
0.0,0.12656948
0.0,0.095332325
0.0,0.08940131
0.0,0.049282923
0.0,0.08585677
0.0,0.07438502
1.0,0.10277203
0.0,0.084133245
0.0,0.076115504
0.0,0.117170185
0.0,0.08618027
0.0,0.09646895
0.0,0.10978866
0.0,0.11496395
0.0,0.076693244
0.0,0.07481822
0.0,0.08628603
0.0,0.069274515
0.0,0.115439795
0.0,0.14985523
0.0,0.10697786
0.0,0.055893794
0.0,0.11453008
0.0,0.12998594
0.0,0.10216566
0.0,0.04460784
0.0,0.080469504
0.0,0.12681882
0.0,0.08861469
0.0,0.101578206
0.0,0.033563986
0.0,0.07704029
0.0,0.05811646
0.0,0.107206784
0.0,0.08809709
0.0,0.04807859
0.0,0.05445821
0.0,0.13182381
0.0,0.06454883
0.0,0.0683026
0.0,0.09464135
0.0,0.089743815
0.0,0.112727195
0.0,0.034430876
0.0,0.09498124
0.0,0.05483228
0.0,0.10501004
0.0,0.0939935
0.0,0.12174874
0.0,0.12437648
0.0,0.08832829
0.0,0.0872877
0.0,0.078919336
0.0,0.12149919
0.0,0.056363706
0.0,0.0783131
0.0,0.0865071
0.0,0.07799138
0.0,0.11700905
0.0,0.083714575
0.0,0.07283386
0.0,0.1425025
0.0,0.03488308
0.0,0.0876383
0.0,0.063182384
0.0,0.12740898
0.0,0.100278735
0.0,0.105587006
0.0,0.10396059
0.0,0.098869465
0.0,0.104322925
0.0,0.091761656
0.0,0.11826238
0.0,0.0846909
0.0,0.0763839
0.0,0.0811937
0.0,0.062094074
0.0,0.087133855
0.0,0.09769589
0.0,0.09514229
1.0,0.050787672
0.0,0.07132587
0.0,0.10482114
0.0,0.11720991
0.0,0.10549705
0.0,0.09193325
0.0,0.10824192
0.0,0.060223803
1.0,0.05651521
0.0,0.11869782
0.0,0.104056284
0.0,0.051760636
0.0,0.054571543
0.0,0.11857583
0.0,0.05952311
0.0,0.09447189
0.0,0.10910474
0.0,0.0885
0.0,0.116497226
0.0,0.0939888
0.0,0.05823788
0.0,0.083452545
0.0,0.06862149
0.0,0.047218457
0.0,0.1137162
1.0,0.07698974
0.0,0.08117186
0.0,0.105426796
0.0,0.062469818
0.0,0.05796612
0.0,0.08837486
0.0,0.049713455
0.0,0.08268384
0.0,0.065814294
0.0,0.046070933
0.0,0.06586421
0.0,0.11835225
0.0,0.11051813
0.0,0.06248769
0.0,0.07665555
0.0,0.12539993
0.0,0.09798295
0.0,0.14239524
0.0,0.063782
0.0,0.06124818
0.0,0.084101416
0.0,0.10177136
0.0,0.06579572
0.0,0.07706002
0.0,0.08585162
0.0,0.05828704
1.0,0.081426755
0.0,0.071732394
0.0,0.073846295
0.0,0.086986214
0.0,0.088432446
0.0,0.10465867
0.0,0.135119
0.0,0.08659698
0.0,0.09600274
0.0,0.10748345
0.0,0.0579603
0.0,0.13870169
0.0,0.0757906
0.0,0.08476653
1.0,0.066528685
0.0,0.13396105
0.0,0.079134256
0.0,0.053781804
0.0,0.043994598
0.0,0.037549198
1.0,0.083199486
0.0,0.08787624
0.0,0.08944
0.0,0.07128104
0.0,0.048214883
0.0,0.08304374
0.0,0.11362422
0.0,0.07701557
0.0,0.11659045
0.0,0.085767716
0.0,0.09184803
0.0,0.14425558
0.0,0.09065611
0.0,0.08100757
0.0,0.07300958
0.0,0.10511963
0.0,0.0697441
0.0,0.07318984
0.0,0.12100197
0.0,0.11846616
0.0,0.07431897
0.0,0.121143065
0.0,0.085848466
0.0,0.11492223
0.0,0.08014864
0.0,0.11501782
0.0,0.064741716
0.0,0.07715243
0.0,0.11530859
0.0,0.07022418
0.0,0.09415663
0.0,0.08214859
1.0,0.10970786
0.0,0.0749572
0.0,0.07105054
0.0,0.08822289
0.0,0.10210199
0.0,0.093550034
0.0,0.07406231
0.0,0.11926201
0.0,0.06948124
0.0,0.1058183
0.0,0.077194735
0.0,0.13131051
0.0,0.07846859
0.0,0.09737099
0.0,0.06802026
0.0,0.09629212
0.0,0.10352591
0.0,0.10898827
0.0,0.07549153
0.0,0.07187728
0.0,0.0699537
0.0,0.1024725
0.0,0.09174385
0.0,0.13491026
0.0,0.07227642
0.0,0.12843016
0.0,0.051469438
0.0,0.10606136
0.0,0.0772921
0.0,0.06722517
0.0,0.12866148
0.0,0.12529396
0.0,0.11279317
0.0,0.05262149
0.0,0.061379906
0.0,0.050668206
0.0,0.08809844
0.0,0.0695612
0.0,0.098423496
0.0,0.09131674
0.0,0.029570233
0.0,0.05326049
0.0,0.059199873
0.0,0.07949913
0.0,0.076545276
0.0,0.10029627
0.0,0.05612404
0.0,0.07466618
0.0,0.12979539
0.0,0.06119296
0.0,0.055030733
0.0,0.07589661
1.0,0.08955577
0.0,0.11625775
0.0,0.06204391
0.0,0.09013371
0.0,0.09192264
0.0,0.09791495
0.0,0.058002505
0.0,0.11630898
1.0,0.085209005
0.0,0.024423158
0.0,0.07366795
0.0,0.080402315
0.0,0.08504575
0.0,0.0854607
0.0,0.12027775
0.0,0.05332781
0.0,0.09996877
0.0,0.10710771
1.0,0.09907724
0.0,0.06781822
0.0,0.08568189
0.0,0.11712689
0.0,0.10341786
0.0,0.078383684
0.0,0.13440935
0.0,0.09541266
0.0,0.107096195
0.0,0.10189484
0.0,0.09421511
0.0,0.06396137
0.0,0.04699181
0.0,0.038529027
0.0,0.11138069
0.0,0.093688734
0.0,0.10476088
0.0,0.11185459
0.0,0.07759528
0.0,0.14021182
0.0,0.053191002
0.0,0.12824816
0.0,0.07486686
0.0,0.09024276
0.0,0.10660778
0.0,0.07696449
0.0,0.116606966
0.0,0.09771718
0.0,0.06716356
0.0,0.111469604
0.0,0.11353188
1.0,0.097860664
0.0,0.08606533
0.0,0.06572893
0.0,0.06990177
0.0,0.0567868
0.0,0.068333685
0.0,0.070560604
0.0,0.09953711
0.0,0.05281453
0.0,0.059785604
0.0,0.06870491
0.0,0.083443195
0.0,0.12306622
0.0,0.08011807
0.0,0.1647879
0.0,0.07313748
0.0,0.10339113
0.0,0.098772325
0.0,0.09534139
0.0,0.08033021
0.0,0.14605595
1.0,0.06981787
0.0,0.12010773
0.0,0.10364586
0.0,0.118045755
0.0,0.08326926
0.0,0.031208884
0.0,0.086646885
0.0,0.07573426
0.0,0.07359269
0.0,0.0871124
0.0,0.087228686
0.0,0.08926666
0.0,0.10174759
0.0,0.06370812
0.0,0.085124455
0.0,0.09575047
0.0,0.08365119
0.0,0.09869288
0.0,0.09842092
0.0,0.05152974
0.0,0.055332933
0.0,0.04813726
0.0,0.14118053
0.0,0.09137225
0.0,0.061787393
0.0,0.0831072
0.0,0.13369118
0.0,0.09188482
0.0,0.061644707
0.0,0.10808789
0.0,0.09498656
0.0,0.012540692
0.0,0.0544425
1.0,0.11396651
0.0,0.066660844
0.0,0.09006405
0.0,0.05477065
0.0,0.074294165
0.0,0.1072626
0.0,0.07590781
0.0,0.13591704
1.0,0.110854544
0.0,0.0747645
0.0,0.014713654
0.0,0.091534235
0.0,0.065165475
1.0,0.057142414
0.0,0.10944085
0.0,0.117390886
0.0,0.08159005
0.0,0.098134026
0.0,0.08602405
0.0,0.13729127
0.0,0.06892335
0.0,0.08772625
1.0,0.07027898
0.0,0.081518635
0.0,0.07433747
0.0,0.06732998
0.0,0.06457073
0.0,0.059379566
0.0,0.056753397
0.0,0.058547612
0.0,0.1258765
0.0,0.078847826
0.0,0.07545996
0.0,0.07719527
0.0,0.08019935
0.0,0.12844455
0.0,0.10655652
0.0,0.032888804
0.0,0.060218506
0.0,0.10994174
0.0,0.088038065
0.0,0.0903901
0.0,0.073611856
0.0,0.088393256
0.0,0.12628117
0.0,0.09404183
1.0,0.067486465
0.0,0.08484063
0.0,0.09266653
0.0,0.0887437
0.0,0.05521279
0.0,0.04094078
0.0,0.09924483
0.0,0.06948359
0.0,0.1362928
0.0,0.046205234
0.0,0.12431944
0.0,0.06393673
0.0,0.12353104
0.0,0.047921967
0.0,0.10744386
0.0,0.153627
0.0,0.0299577
0.0,0.09832735
0.0,0.0871188
0.0,0.06938781
0.0,0.099817485
0.0,0.05547767
0.0,0.12523213
0.0,0.05599617
0.0,0.071162626
0.0,0.07151271
0.0,0.105304986
0.0,0.07998705
0.0,0.090715244
0.0,0.09104435
1.0,0.0649983
0.0,0.115799695
0.0,0.08939628
0.0,0.07960205
0.0,0.09844164
0.0,0.08411123
0.0,0.10718652
0.0,0.0691494
0.0,0.07849999
0.0,0.09284823
0.0,0.13152109
0.0,0.090415046
0.0,0.055372115
0.0,0.060869146
0.0,0.1564244
0.0,0.102350004
0.0,0.10288836
0.0,0.15697461
0.0,0.07894346
0.0,0.0929002
0.0,0.07977245
0.0,0.08629514
1.0,0.07411406
0.0,0.07359083
0.0,0.06757864
0.0,0.055996113
0.0,0.06123359
0.0,0.109283954
0.0,0.06529904
0.0,0.08185478
0.0,0.07599334
0.0,0.06554474
0.0,0.070058875
0.0,0.09475085
0.0,0.099542856
0.0,0.038210575
0.0,0.082136855
0.0,0.06479373
0.0,0.07576239
0.0,0.07837541
0.0,0.08855669
0.0,0.09991346
0.0,0.061035335
0.0,0.10873215
0.0,0.08810051
0.0,0.11949819
0.0,0.1368204
0.0,0.09549005
0.0,0.03205065
0.0,0.04548326
1.0,0.13336505
0.0,0.08861679
0.0,0.1004729
0.0,0.06917885
0.0,0.04358115
0.0,0.098333195
0.0,0.08422858
0.0,0.054747984
0.0,0.1324882
0.0,0.04367588
0.0,0.0981952
0.0,0.058521934
0.0,0.14805263
0.0,0.0700086
1.0,0.064174056
0.0,0.067238316
0.0,0.10194779
0.0,0.11115991
1.0,0.071096204
0.0,0.07792272
0.0,0.07449246
0.0,0.06588377
0.0,0.090087846
0.0,0.073813505
0.0,0.09351139
0.0,0.08547105
0.0,0.14256383
0.0,0.09725359
0.0,0.07546492
0.0,0.07654898
0.0,0.08717647
0.0,0.06863242
0.0,0.068932764
0.0,0.06056834
0.0,0.076779045
0.0,0.07346034
0.0,0.08662612
0.0,0.07769823
0.0,0.13926537
0.0,0.053730026
0.0,0.09242894
0.0,0.11410435
0.0,0.07601722
0.0,0.07354232
0.0,0.1079983
0.0,0.058419667
0.0,0.08769359
0.0,0.1023986
0.0,0.14718771
0.0,0.102148056
0.0,0.0714642
0.0,0.08020342
0.0,0.088881
0.0,0.109893784
0.0,0.07617439
0.0,0.027388204
0.0,0.07129725
0.0,0.09911393
0.0,0.084275045
0.0,0.11631808
0.0,0.06598504
0.0,0.067640156
0.0,0.075464234
0.0,0.08677783
0.0,0.0667749
0.0,0.07559659
0.0,0.099057704
0.0,0.10278298
0.0,0.11456629
0.0,0.15650514
0.0,0.07126474
0.0,0.085020564
1.0,0.09319647
0.0,0.013385536
0.0,0.07952253
0.0,0.08026422
0.0,0.057621066
0.0,0.11492922
0.0,0.0922655
0.0,0.13312893
0.0,0.06414412
0.0,0.08862859
0.0,0.12758742
1.0,0.064659655
0.0,0.051846474
0.0,0.073452234
0.0,0.07675789
0.0,0.06386562
0.0,0.08241558
0.0,0.06406341
0.0,0.08943802
0.0,0.018195147
0.0,0.09755791
0.0,0.08904067
0.0,0.07231129
0.0,0.08565232
0.0,0.07228338
0.0,0.058723353
0.0,0.0845554
0.0,0.10188044
0.0,0.07582877
0.0,0.14243639
0.0,0.109547384
0.0,0.09128017
0.0,0.07337765
0.0,0.13016295
1.0,0.05821056
0.0,0.07045682
0.0,0.09847551
0.0,0.11315704
1.0,0.07762827
0.0,0.06341147
0.0,0.05597999
0.0,0.11364438
0.0,0.14257056
0.0,0.12059907
0.0,0.07811617
0.0,0.06807179
0.0,0.050112646
0.0,0.13513763
0.0,0.09511235
0.0,0.050490912
0.0,0.120445795
0.0,0.14507702
0.0,0.073816955
0.0,0.07080601
0.0,0.07618436
0.0,0.07053452
0.0,0.11860563
0.0,0.110674076
0.0,0.06641955
0.0,0.065945856
0.0,0.12582694
0.0,0.12041037
0.0,0.088058345
0.0,0.05670495
0.0,0.034168407
0.0,0.09298757
0.0,0.027702162
0.0,0.07795204
0.0,0.061989468
0.0,0.092290424
0.0,0.069884054
0.0,0.076799005
0.0,0.12397802
0.0,0.14735386
0.0,0.07131119
0.0,0.07826318
0.0,0.041236274
0.0,0.11078535
0.0,0.13045992
0.0,0.094439305
0.0,0.12407865
0.0,0.115462646
0.0,0.09510759
0.0,0.12442575
0.0,0.14024115
0.0,0.123012334
0.0,0.103036284
0.0,0.10966414
0.0,0.06428033
0.0,0.07975556
0.0,0.07567399
0.0,0.09524883
0.0,0.068384536
0.0,0.04945166
0.0,0.14658685
0.0,0.095928974
0.0,0.11312815
1.0,0.09192387
0.0,0.12584409
0.0,0.08417843
0.0,0.044406712
0.0,0.14426695
0.0,0.12604535
0.0,0.112988845
0.0,0.03251155
0.0,0.08096868
0.0,0.067637525
0.0,0.14790611
0.0,0.07461317
0.0,0.04045686
0.0,0.06309613
0.0,0.054741155
0.0,0.12355755
0.0,0.0616546
0.0,0.051025927
0.0,0.119929634
0.0,0.06465722
0.0,0.052993584
0.0,0.07041566
0.0,0.11948435
0.0,0.055442765
0.0,0.09965574
0.0,0.053147294
0.0,0.13032001
0.0,0.1347808
0.0,0.13110827
0.0,0.11734712
2.0,0.053222068
0.0,0.0880865
0.0,0.08351666
0.0,0.12619954
0.0,0.19213215
0.0,0.07684756
0.0,0.06737115
0.0,0.07075238
0.0,0.04611114
0.0,0.114186704
0.0,0.11684014
0.0,0.047125965
0.0,0.08053603
0.0,0.1037752
0.0,0.10723728
0.0,0.11901631
0.0,0.09537763
0.0,0.042594984
0.0,0.047261618
0.0,0.05559378
0.0,0.038028706
0.0,0.036183868
0.0,0.104759105
0.0,0.0975747
0.0,0.08497521
0.0,0.044547047
0.0,0.105623215
0.0,0.056061063
0.0,0.111662395
0.0,0.067403026
0.0,0.092136286
0.0,0.09601107
0.0,0.056418613
0.0,0.12523551
0.0,0.118563674
0.0,0.08305439
0.0,0.083332576
0.0,0.112786666
0.0,0.099185035
0.0,0.066028364
0.0,0.113258064
0.0,0.057507593
0.0,0.07030139
0.0,0.05901725
0.0,0.061295
0.0,0.09319374
0.0,0.05946141
0.0,0.12141953
0.0,0.080474555
0.0,0.08925559
0.0,0.08541989
0.0,0.042217083
0.0,0.052841105
0.0,0.049059153
0.0,0.14416903
0.0,0.13612956
0.0,0.086896
0.0,0.070452556
0.0,0.07401016
1.0,0.03222555
0.0,0.046586692
0.0,0.09929383
0.0,0.117664225
0.0,0.07379805
0.0,0.07846755
0.0,0.04685654
0.0,0.10641059
0.0,0.024846217
0.0,0.075961694
0.0,0.038357686
0.0,0.08004403
0.0,0.052427415
0.0,0.04184035
0.0,0.095707014
0.0,0.07051817
0.0,0.0682211
0.0,0.10336796
0.0,0.055457756
0.0,0.04167713
0.0,0.09617777
0.0,0.12626924
0.0,0.11514491
0.0,0.039682414
0.0,0.06514845
0.0,0.06316339
0.0,0.084072635
0.0,0.09066916
0.0,0.12549642
0.0,0.0681498
1.0,0.082170665
0.0,0.11338705
0.0,0.11120206
0.0,0.083312556
0.0,0.095359325
0.0,0.06993186
0.0,0.10990442
0.0,0.053175937
0.0,0.08700534
0.0,0.13139682
0.0,0.10216773
0.0,0.06972668
0.0,0.10349215
0.0,0.11960628
0.0,0.07596745
0.0,0.10316366
0.0,0.09156813
0.0,0.06705933
0.0,0.14028266
0.0,0.073870406
0.0,0.10179383
0.0,0.06193841
0.0,0.04589785
0.0,0.058493897
0.0,0.08871041
0.0,0.062010635
0.0,0.09056423
0.0,0.09779913
0.0,0.07729623
0.0,0.105979845
0.0,0.060011216
0.0,0.04411281
0.0,0.06861435
0.0,0.12236083
0.0,0.077596664
0.0,0.05624772
0.0,0.05308281
0.0,0.06410758
1.0,0.053323742
0.0,0.082922325
0.0,0.057931483
0.0,0.13870981
0.0,0.094374746
0.0,0.11977856
0.0,0.059781384
0.0,0.10857066
0.0,0.10416215
0.0,0.074634895
0.0,0.06736052
0.0,0.15340751
0.0,0.054945726
0.0,0.09133734
0.0,0.08631036
0.0,0.10110189
0.0,0.06775188
0.0,0.103938706
0.0,0.1448032
0.0,0.097871184
0.0,0.079412
0.0,0.050424412
0.0,0.069226086
0.0,0.06348851
0.0,0.11146952
0.0,0.088096984
0.0,0.078178585
0.0,0.100138515
0.0,0.13099977
0.0,0.12056537
0.0,0.09374584
0.0,0.06362995
0.0,0.15266037
0.0,0.07454864
0.0,0.11045788
0.0,0.021012556
0.0,0.13975924
0.0,0.08527538
0.0,0.057126302
0.0,0.070479855
0.0,0.114939034
0.0,0.08204217
1.0,0.06068467
0.0,0.06261862
0.0,0.06628837
0.0,0.0907028
0.0,0.07394325
0.0,0.07976507
0.0,0.07529873
0.0,0.06919657
0.0,0.07238065
0.0,0.115574576
0.0,0.11664439
0.0,0.067684874
0.0,0.07131127
0.0,0.09322463
1.0,0.07670352
0.0,0.017639555
0.0,0.12240498
0.0,0.078025095
0.0,0.07514675
0.0,0.14323725
0.0,0.11367072
0.0,0.07762585
0.0,0.056658395
0.0,0.072791055
0.0,0.0911051
0.0,0.10005649
0.0,0.16523138
0.0,0.13412665
0.0,0.13622184
0.0,0.10575914
0.0,0.074489936
0.0,0.085359536
0.0,0.076186195
0.0,0.0692116
0.0,0.053567506
0.0,0.09810735
0.0,0.08259815
0.0,0.12771685
0.0,0.11370647
0.0,0.08031188
0.0,0.116308816
0.0,0.065957084
0.0,0.07799909
0.0,0.05637853
0.0,0.115510166
0.0,0.10593559
0.0,0.11319169
0.0,0.07517618
0.0,0.06367714
0.0,0.07436019
0.0,0.11654248
0.0,0.08365143
0.0,0.060079243
0.0,0.094895996
0.0,0.09559712
0.0,0.094267525
0.0,0.071711734
0.0,0.14677364
0.0,0.113751456
0.0,0.06662613
0.0,0.08351385
0.0,0.1120165
0.0,0.074952
0.0,0.042150132
0.0,0.070403285
0.0,0.12579538
0.0,0.12614286
0.0,0.08247874
0.0,0.10686495
0.0,0.072654165
0.0,0.08554199
0.0,0.062949955
0.0,0.08022469
0.0,0.10529298
0.0,0.08488421
0.0,0.041160956
0.0,0.11305503
0.0,0.06857203
0.0,0.053919062
0.0,0.13499735
0.0,0.08753702
0.0,0.121017285
0.0,0.09865731
0.0,0.06890693
0.0,0.12716368
0.0,0.12976429
0.0,0.07207369
0.0,0.1301665
0.0,0.10685043
0.0,0.09426825
0.0,0.123103224
0.0,0.06479564
0.0,0.06567614
0.0,0.08289975
1.0,0.04843827
0.0,0.069934726
0.0,0.09296352
0.0,0.11821967
0.0,0.06915444
0.0,0.059020456
0.0,0.04071389
0.0,0.07814689
0.0,0.13862102
0.0,0.063001186
0.0,0.11783638
0.0,0.07127536
0.0,0.087987855
0.0,0.065460145
0.0,0.14014895
0.0,0.103151515
0.0,0.09998093
0.0,0.06453001
0.0,0.07696207
0.0,0.08513982
0.0,0.08632017
0.0,0.12553933
0.0,0.04740887
0.0,0.13753866
0.0,0.090916716
0.0,0.13103633
0.0,0.09077937
0.0,0.10780415
0.0,0.050855406
0.0,0.04012786
0.0,0.08690819
0.0,0.06307047
0.0,0.044131808
0.0,0.061918065
0.0,0.15700126
0.0,0.050648205
0.0,0.11977653
0.0,0.13508068
0.0,0.12328054
0.0,0.08095212
0.0,0.07037563
0.0,0.08046636
0.0,0.070735544
0.0,0.09916418
0.0,0.073359735
0.0,0.08778131
0.0,0.09097244
0.0,0.09266879
0.0,0.09563516
0.0,0.055700384
0.0,0.08020562
0.0,0.14158152
0.0,0.08859238
1.0,0.08496358
0.0,0.083474495
0.0,0.05214123
0.0,0.062062282
0.0,0.08242997
0.0,0.117139265
0.0,0.100719064
0.0,0.09700895
0.0,0.1246493
0.0,0.060984917
0.0,0.13661899
0.0,0.06958197
0.0,0.10209809
0.0,0.10161284
0.0,0.08866142
0.0,0.07335722
1.0,0.081751496
0.0,0.11562948
0.0,0.080719806
0.0,0.061083257
0.0,0.06893771
0.0,0.11502555
0.0,0.0650954
0.0,0.047291264
0.0,0.091732346
0.0,0.12937894
0.0,0.0763577
0.0,0.09614402
0.0,0.053328663
0.0,0.101949036
0.0,0.10880858
1.0,0.09981318
0.0,0.10909306
0.0,0.07586367
0.0,0.0893489
0.0,0.061181728
0.0,0.109851114
0.0,0.049054205
0.0,0.1399076
0.0,0.06859284
0.0,0.11570584
0.0,0.10421461
0.0,0.10573311
0.0,0.05333946
0.0,0.09032494
0.0,0.0781443
0.0,0.050465785
0.0,0.11633985
0.0,0.09066486
0.0,0.098396346
0.0,0.09033689
0.0,0.1160809
0.0,0.10625704
0.0,0.07509443
0.0,0.09629314
0.0,0.055608403
0.0,0.11369798
0.0,0.105328135
0.0,0.11233141
0.0,0.067428805
0.0,0.111712806
1.0,0.0739372
0.0,0.04975102
0.0,0.12403156
0.0,0.07366288
0.0,0.040386297
0.0,0.08385639
0.0,0.12257565
0.0,0.11028897
0.0,0.010957763
0.0,0.09551301
0.0,0.07640295
0.0,0.0846136
0.0,0.019236086
0.0,0.06992982
0.0,0.07813357
0.0,0.063705355
0.0,0.07128263
0.0,0.079535194
0.0,0.101225525
0.0,0.092750385
0.0,0.121054485
0.0,0.061554987
0.0,0.048720725
0.0,0.10006067
0.0,0.0948486
0.0,0.05557867
0.0,0.10107316
0.0,0.03880577
0.0,0.063453995
0.0,0.114436455
0.0,0.095044896
0.0,0.078684315
0.0,0.08511758
0.0,0.12024286
0.0,0.0815644
0.0,0.062453393
0.0,0.09565961
0.0,0.04021749
0.0,0.14521156
0.0,0.07737304
0.0,0.09555642
0.0,0.063032426
0.0,0.038957458
0.0,0.14669926
0.0,0.046167992
0.0,0.09848138
0.0,0.069431365
0.0,0.062203042
0.0,0.11072002
0.0,0.0658928
0.0,0.1349664
0.0,0.13404731
0.0,0.0713007
0.0,0.059344795
0.0,0.14184482
0.0,0.081944875
0.0,0.10270609
0.0,0.04758241
0.0,0.09231318
0.0,0.08771682
0.0,0.07735393
0.0,0.061395083
0.0,0.09219645
0.0,0.08603029
0.0,0.11620357
0.0,0.13428485
0.0,0.15460555
0.0,0.0566313
0.0,0.05762711
0.0,0.015349111
0.0,0.08335684
0.0,0.032710075
0.0,0.066191226
0.0,0.107052535
0.0,0.010961693
0.0,0.07246596
0.0,0.04234519
0.0,0.08764333
1.0,0.0844456
0.0,0.08060615
0.0,0.089175954
0.0,0.09545746
0.0,0.06331657
0.0,0.021649737
0.0,0.084795356
0.0,0.11277467
0.0,0.09019793
0.0,0.07948985
0.0,0.12143252
0.0,0.10876132
0.0,0.059172697
0.0,0.09677976
0.0,0.09318189
0.0,0.07296726
0.0,0.07151777
0.0,0.098277785
0.0,0.12496046
0.0,0.10439953
0.0,0.05654207
0.0,0.08240582
0.0,0.051438317
0.0,0.0804137
0.0,0.08876057
0.0,0.09292908
0.0,0.08091677
0.0,0.12866323
0.0,0.09491106
0.0,0.10804955
0.0,0.094758466
0.0,0.095686205
0.0,0.10170694
0.0,0.04776575
0.0,0.04988356
0.0,0.10678819
0.0,0.07534086
0.0,0.07029411
0.0,0.0770967
0.0,0.15185428
0.0,0.07100031
0.0,0.087887734
0.0,0.070533864
0.0,0.07763477
0.0,0.09659551
0.0,0.06934504
1.0,0.095528536
0.0,0.07006243
0.0,0.09501213
0.0,0.06742579
0.0,0.054162256
0.0,0.051599853
0.0,0.05597409
0.0,0.078398466
0.0,0.075359486
0.0,0.08339916
0.0,0.14672041
0.0,0.07579685
0.0,0.067916125
0.0,0.09314276
0.0,0.063419424
0.0,0.117383465
1.0,0.0680626
0.0,0.07983084
0.0,0.119944446
0.0,0.09279938
0.0,0.09763554
0.0,0.03399288
1.0,0.067835115
0.0,0.090247855
0.0,0.10792821
0.0,0.08130043
0.0,0.121216014
0.0,0.10750223
0.0,0.061557747
0.0,0.105400406
0.0,0.098669775
0.0,0.08153375
0.0,0.08411632
0.0,0.053585157
0.0,0.13368373
0.0,0.120393455
0.0,0.08118112
0.0,0.045114473
0.0,0.10862159
0.0,0.081024185
0.0,0.06449577
0.0,0.05103629
0.0,0.08507529
0.0,0.078657195
1.0,0.076023765
0.0,0.107436255
0.0,0.1003342
0.0,0.12235698
0.0,0.0745688
0.0,0.052376516
0.0,0.06625158
0.0,0.07226062
0.0,0.11140289
0.0,0.108855695
0.0,0.10080598
0.0,0.1041079
1.0,0.06350465
0.0,0.062968165
0.0,0.11330006
0.0,0.052296296
0.0,0.08015154
0.0,0.028041434
0.0,0.1106841
0.0,0.049083415
0.0,0.06258473
0.0,0.10141417
0.0,0.037751447
0.0,0.088153206
0.0,0.08591907
0.0,0.12159079
0.0,0.033934385
0.0,0.11900198
0.0,0.027192073
0.0,0.054462075
0.0,0.06764233
0.0,0.041634034
0.0,0.0631291
1.0,0.05880205
0.0,0.074939445
0.0,0.03904746
1.0,0.10512753
0.0,0.086686596
0.0,0.13432717
0.0,0.12237752
0.0,0.092083365
0.0,0.14778326
0.0,0.08297853
0.0,0.11485231
0.0,0.10097439
0.0,0.106266916
0.0,0.03957228
0.0,0.08201235
0.0,0.104064494
0.0,0.05361175
0.0,0.14049132
0.0,0.08169176
0.0,0.026837356
0.0,0.084851295
0.0,0.061821092
0.0,0.07208959
0.0,0.07517325
0.0,0.02907152
0.0,0.054921966
0.0,0.13887703
0.0,0.082320966
0.0,0.08368197
0.0,0.07050972
0.0,0.07159637
0.0,0.09365827
0.0,0.070363514
0.0,0.05133731
0.0,0.044618264
0.0,0.063861534
0.0,0.101165
0.0,0.061111663
0.0,0.13160676
0.0,0.09049598
0.0,0.108219296
1.0,0.06817734
0.0,0.08160322
0.0,0.07074388
0.0,0.09792078
0.0,0.19309402
0.0,0.09012005
1.0,0.12212397
0.0,0.10528259
0.0,0.08237233
0.0,0.050673835
0.0,0.113956235
0.0,0.07616168
0.0,0.060753014
0.0,0.08045597
0.0,0.11039546
0.0,0.06821741
0.0,0.06323917
0.0,0.095745265
0.0,0.083503
0.0,0.083604656
0.0,0.09443746
0.0,0.08463844
0.0,0.10734838
0.0,0.09480911
2.0,0.06417947
0.0,0.081093505
0.0,0.09639903
0.0,0.06686405
0.0,0.08772357
0.0,0.06865827
0.0,0.11377041
0.0,0.07716794
0.0,0.052714415
0.0,0.057419665
0.0,0.083159864
0.0,0.097968
0.0,0.059707686
1.0,0.11522065
0.0,0.027243286
0.0,0.11785897
0.0,0.09827444
0.0,0.07618816
0.0,0.087323695
0.0,0.08935234
1.0,0.0603355
0.0,0.07070631
0.0,0.07244753
0.0,0.056426443
0.0,0.07404411
0.0,0.062782235
0.0,0.09520755
0.0,0.09185666
0.0,0.070797235
0.0,0.07503026
0.0,0.09180925
0.0,0.12269915
0.0,0.10661769
0.0,0.10456514
1.0,0.09940449
0.0,0.060320426
0.0,0.08597175
0.0,0.08062898
0.0,0.12399895
0.0,0.07552698
0.0,0.048474833
0.0,0.043022797
0.0,0.080867246
0.0,0.12358701
0.0,0.12192994
0.0,0.033193886
0.0,0.059004925
0.0,0.045055725
0.0,0.08384647
0.0,0.08191696
1.0,0.06491529
0.0,0.07247168
0.0,0.06088311
0.0,0.08891385
0.0,0.108298846
0.0,0.12405862
0.0,0.11110361
0.0,0.10744117
0.0,0.054443356
1.0,0.09282309
0.0,0.06954055
0.0,0.07910028
0.0,0.14246655
1.0,0.07172454
0.0,0.0561088
0.0,0.034228172
0.0,0.04411176
0.0,0.110724956
0.0,0.10417288
1.0,0.071863465
0.0,0.09350283
0.0,0.06767487
0.0,0.1444674
0.0,0.1292431
0.0,0.13146594
0.0,0.11966082
0.0,0.08432939
0.0,0.07368627
0.0,0.09931916
0.0,0.077945314
0.0,0.11455878
0.0,0.08774649
0.0,0.057859555
0.0,0.04966169
0.0,0.09340673
0.0,0.098076485
0.0,0.06353168
0.0,0.117266126
0.0,0.14259732
0.0,0.08614141
0.0,0.06702024
0.0,0.11672192
0.0,0.07272439
1.0,0.083355784
0.0,0.10854198
0.0,0.054214217
0.0,0.11526766
0.0,0.023054998
0.0,0.098517686
0.0,0.100298345
0.0,0.063999444
0.0,0.121187374
0.0,0.06022883
0.0,0.074567124
0.0,0.09126146
0.0,0.11881487
0.0,0.05775704
0.0,0.05241377
0.0,0.08488972
0.0,0.048059452
0.0,0.08835841
0.0,0.08939773
0.0,0.07082713
0.0,0.0731547
0.0,0.07289165
0.0,0.13071677
0.0,0.12843211
0.0,0.097695544
1.0,0.10051976
0.0,0.07157553
0.0,0.10090041
0.0,0.08111516
0.0,0.07508824
0.0,0.08426323
0.0,0.08595508
0.0,0.090421095
0.0,0.14643909
0.0,0.108618245
0.0,0.049065374
0.0,0.062796846
0.0,0.08861072
0.0,0.081857204
0.0,0.106189825
0.0,0.10943571
0.0,0.10956603
0.0,0.080860995
0.0,0.06519553
0.0,0.094673716
0.0,0.09884604
0.0,0.040559642
0.0,0.10882261
0.0,0.047773667
0.0,0.12735753
0.0,0.0687884
0.0,0.09536972
2.0,0.08636515
0.0,0.12721172
0.0,0.08015955
0.0,0.09570209
0.0,0.09874268
0.0,0.08411798
0.0,0.07022922
0.0,0.044549353
0.0,0.06367054
1.0,0.055068426
0.0,0.092068985
0.0,0.15624098
0.0,0.064250514
0.0,0.085256375
0.0,0.08292817
0.0,0.11254464
1.0,0.03370537
0.0,0.09220718
0.0,0.07347642
0.0,0.11778256
1.0,0.068062715
0.0,0.074871555
0.0,0.12431067
0.0,0.07604106
0.0,0.1433308
0.0,0.07397157
0.0,0.13081151
0.0,0.09007971
0.0,0.06568049
0.0,0.083004095
0.0,0.07291472
0.0,0.07443556
0.0,0.05312586
0.0,0.087658
1.0,0.15325695
0.0,0.087899745
0.0,0.12564357
0.0,0.08051992
0.0,0.061559655
0.0,0.08251189
0.0,0.09367104
0.0,0.06814029
1.0,0.106631316
0.0,0.13223284
0.0,0.09222527
0.0,0.07635561
0.0,0.042567413
0.0,0.06356323
0.0,0.064200595
0.0,0.13216753
0.0,0.13966975
0.0,0.047604367
1.0,0.058710627
0.0,0.05443261
0.0,0.097279705
0.0,0.03520112
0.0,0.08479932
0.0,0.06673377
0.0,0.08096455
0.0,0.12859288
0.0,0.07899426
0.0,0.097968325
0.0,0.06273135
1.0,0.09320987
0.0,0.0779599
0.0,0.09804034
0.0,0.07958068
0.0,0.08090855
0.0,0.04384123
0.0,0.13013348
0.0,0.12765138
0.0,0.091756776
0.0,0.13421027
0.0,0.085724965
0.0,0.085702404
0.0,0.049385067
0.0,0.06730297
0.0,0.08318842
0.0,0.099020064
0.0,0.1452733
0.0,0.113814175
0.0,0.08657411
0.0,0.055933014
0.0,0.052243255
0.0,0.022684494
0.0,0.11292793
0.0,0.07067567
0.0,0.06542661
0.0,0.08119559
0.0,0.15010595
0.0,0.062835425
0.0,0.09996632
0.0,0.15237872
0.0,0.090529904
0.0,0.051618136
0.0,0.063675046
0.0,0.079292044
0.0,0.11564001
0.0,0.057280578
0.0,0.08964562
0.0,0.11651617
0.0,0.101483345
0.0,0.087087296
0.0,0.092977464
0.0,0.06592546
0.0,0.13838115
0.0,0.103691936
0.0,0.092731066
0.0,0.12458014
0.0,0.05127127
0.0,0.14016087
0.0,0.105345964
0.0,0.08100732
0.0,0.07914307
0.0,0.08201207
0.0,0.08604346
1.0,0.0698
0.0,0.11490495
0.0,0.13038616
0.0,0.07214074
1.0,0.09119503
0.0,0.04851692
0.0,0.12200043
0.0,0.09375876
0.0,0.1302523
0.0,0.015976312
0.0,0.094626054
0.0,0.058357276
0.0,0.06805517
0.0,0.08392039
0.0,0.06942418
0.0,0.071905576
0.0,0.14536262
0.0,0.05976128
0.0,0.057515875
0.0,0.12169987
0.0,0.110008575
0.0,0.100999355
1.0,0.13154148
0.0,0.12853752
1.0,0.09353663
0.0,0.017705757
1.0,0.056082904
0.0,0.035035275
0.0,0.10478701
0.0,0.073028885
0.0,0.07180056
0.0,0.07987787
0.0,0.12627062
0.0,0.07110603
0.0,0.05555766
0.0,0.059602465
0.0,0.10715008
0.0,0.061934926
0.0,0.06892456
0.0,0.072504394
0.0,0.042227574
0.0,0.08639631
0.0,0.12027167
0.0,0.072677895
0.0,0.0913689
0.0,0.15335123
0.0,0.11641362
0.0,0.086610325
0.0,0.10116222
0.0,0.060779467
0.0,0.09196916
0.0,0.09211691
0.0,0.0516227
0.0,0.14904505
0.0,0.074020386
0.0,0.085389
0.0,0.110431135
0.0,0.018426005
0.0,0.059335556
0.0,0.08411546
0.0,0.03161036
1.0,0.06847995
0.0,0.06109491
0.0,0.078413986
0.0,0.015669588
0.0,0.12056414
0.0,0.07429434
0.0,0.08253947
0.0,0.1233846
0.0,0.07597535
0.0,0.1030839
1.0,0.060712412
0.0,0.050045412
0.0,0.095435426
0.0,0.07132603
0.0,0.10180856
0.0,0.13799362
0.0,0.060100015
0.0,0.08450945
0.0,0.1286632
0.0,0.06424123
0.0,0.03896112
0.0,0.07465908
0.0,0.10467254
0.0,0.13103579
0.0,0.07193065
0.0,0.06837566
0.0,0.09314789
0.0,0.097798616
0.0,0.10892633
0.0,0.09493152
0.0,0.08252294
0.0,0.056605708
0.0,0.10137375
0.0,0.07880373
0.0,0.099784605
0.0,0.10782167
0.0,0.11377261
0.0,0.15754282
0.0,0.11453382
0.0,0.047916986
0.0,0.083559796
0.0,0.047317326
0.0,0.08642385
0.0,0.08350772
0.0,0.08614217
0.0,0.078832604
0.0,0.109218836
0.0,0.10192526
0.0,0.060125485
0.0,0.03222711
0.0,0.0989996
2.0,0.1461692
0.0,0.04228272
0.0,0.088997245
0.0,0.051161557
0.0,0.15478504
0.0,0.08975425
1.0,0.10174833
0.0,0.12177748
0.0,0.052090276
0.0,0.09672161
0.0,0.10807408
0.0,0.08064386
0.0,0.051588103
0.0,0.05766595
0.0,0.075882845
0.0,0.08499262
0.0,0.07010203
0.0,0.085778326
0.0,0.1279536
0.0,0.081009865
0.0,0.13155127
0.0,0.09507875
0.0,0.055559687
0.0,0.10256883
0.0,0.097105265
0.0,0.09268381
0.0,0.08289957
0.0,0.07482136
0.0,0.08698995
0.0,0.12167507
0.0,0.055278435
0.0,0.071252435
0.0,0.13862628
0.0,0.041292883
0.0,0.122142464
0.0,0.08303972
0.0,0.07421839
0.0,0.070048265
0.0,0.08400599
0.0,0.070200644
0.0,0.07684741
0.0,0.09370214
0.0,0.12190204
2.0,0.07625816
0.0,0.11283373
0.0,0.11908267
0.0,0.07612764
0.0,0.14933515
0.0,0.107297435
0.0,0.075742796
0.0,0.11315478
0.0,0.08006972
0.0,0.0763327
0.0,0.11175167
0.0,0.10598369
0.0,0.050590806
0.0,0.07827111
0.0,0.0736114
0.0,0.13068336
0.0,0.049362984
0.0,0.05502206
0.0,0.08402021
0.0,0.060266722
0.0,0.11024609
0.0,0.042530023
0.0,0.05101455
0.0,0.07199409
1.0,0.065138966
0.0,0.047918927
0.0,0.11395026
1.0,0.06682926
0.0,0.06542046
0.0,0.08880534
0.0,0.089813665
0.0,0.07556441
0.0,0.14428604
0.0,0.068157986
0.0,0.09071663
0.0,0.06870989
0.0,0.07643979
1.0,0.09591587
1.0,0.03272244
1.0,0.08567814
0.0,0.09044406
0.0,0.07016097
0.0,0.044781417
0.0,0.068396896
0.0,0.050614536
0.0,0.07909523
0.0,0.046121784
0.0,0.07268584
0.0,0.07228948
0.0,0.0931982
0.0,0.038253628
0.0,0.13893515
0.0,0.08913264
0.0,0.08807737
0.0,0.13945599
0.0,0.091244176
0.0,0.13521421
0.0,0.12521523
0.0,0.098828435
0.0,0.13969988
1.0,0.10075471
0.0,0.11233254
0.0,0.066380575
0.0,0.0731191
0.0,0.05837495
0.0,0.06442938
0.0,0.00836251
0.0,0.0812632
0.0,0.06992629
0.0,0.01347033
0.0,0.088969365
0.0,0.07332031
0.0,0.08598829
0.0,0.072965726
0.0,0.058292862
0.0,0.048770953
0.0,0.11799111
0.0,0.081950426
0.0,0.05594095
0.0,0.06614267
0.0,0.05521699
2.0,0.10094136
0.0,0.062323686
0.0,0.11130487
0.0,0.08615082
0.0,0.14282759
0.0,0.086404964
0.0,0.1129583
0.0,0.054340284
0.0,0.09497974
0.0,0.07647771
0.0,0.029251551
0.0,0.08048267
1.0,0.0641375
0.0,0.08848713
0.0,0.09137319
0.0,0.15282714
0.0,0.012806756
0.0,0.07356156
0.0,0.09922534
0.0,0.07297409
0.0,0.07509632
0.0,0.0704477
0.0,0.067493856
0.0,0.088065565
0.0,0.060379665
0.0,0.08699206
0.0,0.10450473
0.0,0.09685166
0.0,0.11765489
0.0,0.063682094
0.0,0.04556349
0.0,0.12428015
0.0,0.10540169
0.0,0.067587316
0.0,0.050995275
0.0,0.1092683
0.0,0.075376704
0.0,0.0913074
0.0,0.060192425
0.0,0.08857171
0.0,0.070941836
0.0,0.07782113
1.0,0.10050337
0.0,0.08077461
0.0,0.051000044
0.0,0.05957216
0.0,0.10191146
0.0,0.10106015
0.0,0.080875576
0.0,0.08224677
0.0,0.07933359
0.0,0.14217186
0.0,0.10462863
0.0,0.07166217
0.0,0.10461302
0.0,0.07255387
0.0,0.080757916
0.0,0.06368648
1.0,0.12630728
0.0,0.07540341
0.0,0.073984474
0.0,0.06605141
0.0,0.0745049
0.0,0.063588105
1.0,0.079422675
0.0,0.09014526
0.0,0.08073097
0.0,0.09223311
0.0,0.072399855
0.0,0.08085139
0.0,0.063975066
0.0,0.06715674
0.0,0.13854428
0.0,0.07356531
0.0,0.09192378
0.0,0.06700689
0.0,0.022902247
0.0,0.10287997
0.0,0.111692026
0.0,0.097026855
0.0,0.038495146
0.0,0.089370474
1.0,0.11603721
0.0,0.07549292
0.0,0.04053814
0.0,0.072150715
0.0,0.07967583
0.0,0.04294108
0.0,0.06147658
0.0,0.06470292
0.0,0.06163962
0.0,0.100398876
1.0,0.06147117
0.0,0.07701581
0.0,0.07330877
0.0,0.12140042
0.0,0.09198187
0.0,0.09437117
0.0,0.06479189
0.0,0.12183783
0.0,0.07053824
0.0,0.059998296
0.0,0.052889854
0.0,0.098546885
0.0,0.07653845
0.0,0.05859829
0.0,0.052897144
0.0,0.122771785
0.0,0.07316772
0.0,0.1135308
0.0,0.045280624
0.0,0.11039975
0.0,0.1342463
0.0,0.068951584
0.0,0.050501697
1.0,0.06312818
0.0,0.09273343
0.0,0.06594476
0.0,0.056003805
0.0,0.10277901
0.0,0.08567585
0.0,0.05934397
0.0,0.066431634
0.0,0.060454898
0.0,0.11502341
0.0,0.056513526
0.0,0.07934954
0.0,0.044896327
0.0,0.091532424
0.0,0.088579506
0.0,0.07689497
0.0,0.09829998
0.0,0.09120221
0.0,0.09652713
0.0,0.089071035
0.0,0.06739554
0.0,0.093718916
0.0,0.12389224
0.0,0.07211644
0.0,0.046959206
1.0,0.109416135
0.0,0.03562897
0.0,0.088301316
0.0,0.10434792
0.0,0.1151758
0.0,0.15475082
0.0,0.113165595
0.0,0.07166658
0.0,0.07615491
0.0,0.08396238
0.0,0.07929038
0.0,0.104800045
0.0,0.08779283
0.0,0.058754932
0.0,0.043594733
1.0,0.096918054
0.0,0.09961332
0.0,0.064091735
0.0,0.144397
0.0,0.11920496
0.0,0.072270304
0.0,0.06789647
1.0,0.0969973
0.0,0.07744731
0.0,0.089833125
0.0,0.06377435
0.0,0.06295985
0.0,0.050900728
0.0,0.116822764
0.0,0.055357464
0.0,0.07493769
0.0,0.101078995
0.0,0.079008386
0.0,0.056774415
0.0,0.079521045
0.0,0.113218814
0.0,0.04584513
0.0,0.060256563
0.0,0.06839551
0.0,0.07416738
0.0,0.09949359
0.0,0.10305287
0.0,0.06995237
0.0,0.10446532
0.0,0.06817138
0.0,0.062515706
0.0,0.08225297
0.0,0.08644768
0.0,0.108699776
0.0,0.15052858
0.0,0.05651486
0.0,0.12670223
0.0,0.08069702
0.0,0.057728417
0.0,0.10161532
0.0,0.14100757
0.0,0.07385359
0.0,0.10006809
0.0,0.1022168
0.0,0.08434326
0.0,0.12230349
0.0,0.024137273
0.0,0.091329955
0.0,0.09324812
0.0,0.1069675
1.0,0.07354653
0.0,0.09955627
0.0,0.074109614
0.0,0.066487774
0.0,0.0805349
0.0,0.09070839
2.0,0.05980023
0.0,0.06707903
0.0,0.03423968
0.0,0.10400447
0.0,0.13126218
0.0,0.09855255
0.0,0.10600238
0.0,0.07699418
1.0,0.1022335
0.0,0.07229783
0.0,0.10593559
0.0,0.08663213
0.0,0.058787975
0.0,0.077285945
0.0,0.1261158
0.0,0.07278146
0.0,0.119961604
0.0,0.13390319
0.0,0.093126036
0.0,0.15359056
0.0,0.057217587
0.0,0.093537405
0.0,0.08910812
0.0,0.073705316
0.0,0.1347614
0.0,0.12505509
0.0,0.08692754
0.0,0.042097386
0.0,0.06755883
0.0,0.05350537
0.0,0.0559707
0.0,0.05070585
0.0,0.11018397
0.0,0.097358406
0.0,0.06833543
0.0,0.1485874
0.0,0.03518585
0.0,0.056976773
1.0,0.098883465
0.0,0.124016896
0.0,0.12893718
0.0,0.071057685
0.0,0.07146529
0.0,0.10389032
1.0,0.07662346
1.0,0.07115974
1.0,0.084561124
0.0,0.08351664
0.0,0.07446247
0.0,0.091164574
0.0,0.050348774
0.0,0.15351939
0.0,0.10395521
0.0,0.104420744
0.0,0.059990298
0.0,0.060620103
0.0,0.08999953
0.0,0.12918864
0.0,0.10126746
0.0,0.059027154
1.0,0.10997467
0.0,0.026775438
0.0,0.059770126
0.0,0.04983723
0.0,0.08080873
0.0,0.08400352
0.0,0.09795632
0.0,0.06977011
0.0,0.07392041
0.0,0.033902522
0.0,0.0745039
0.0,0.09791481
0.0,0.080826536
2.0,0.0954254
0.0,0.08622993
0.0,0.11310822
0.0,0.121507995
0.0,0.049588546
0.0,0.10983988
0.0,0.13303316
0.0,0.14674893
0.0,0.17878401
0.0,0.05873062
0.0,0.045464657
0.0,0.13095815
0.0,0.085255444
0.0,0.11561002
0.0,0.04602706
0.0,0.102582134
0.0,0.06643767
0.0,0.09974398
0.0,0.14333326
0.0,0.111947484
0.0,0.10296458
0.0,0.0669781
0.0,0.07431564
0.0,0.12823214
0.0,0.09866342
0.0,0.04434154
0.0,0.10190179
0.0,0.072626956
0.0,0.09578957
0.0,0.052016865
0.0,0.100767106
0.0,0.09089084
0.0,0.08046224
0.0,0.08901757
0.0,0.063852645
0.0,0.10493474
0.0,0.059561484
1.0,0.047812827
0.0,0.0698472
0.0,0.052718237
0.0,0.096627966
0.0,0.12322941
0.0,0.1412377
0.0,0.062236536
0.0,0.09134139
0.0,0.07982106
0.0,0.082775086
0.0,0.082772344
0.0,0.07562495
1.0,0.10093373
0.0,0.098385654
0.0,0.09946653
0.0,0.083525404
0.0,0.10195482
0.0,0.09524633
0.0,0.07736017
0.0,0.098789915
0.0,0.07058332
0.0,0.078706264
1.0,0.038498037
0.0,0.06369738
0.0,0.039687693
0.0,0.060740992
0.0,0.099478036
0.0,0.11639203
0.0,0.051839713
1.0,0.04538554
0.0,0.075282626
0.0,0.108393155
0.0,0.105670065
0.0,0.084861286
0.0,0.037885778
0.0,0.077557325
0.0,0.08721816
0.0,0.09119409
0.0,0.10136207
0.0,0.10249522
0.0,0.08328672
0.0,0.090396374
0.0,0.018899113
0.0,0.051762067
0.0,0.04460217
0.0,0.12426806
0.0,0.11642273
0.0,0.11934194
0.0,0.15224352
0.0,0.085132495
1.0,0.1075542
0.0,0.11686399
0.0,0.079484224
0.0,0.07060389
0.0,0.0876779
0.0,0.108840644
0.0,0.04991906
0.0,0.08392991
0.0,0.04887441
0.0,0.11226111
0.0,0.033102978
0.0,0.11080374
0.0,0.075967655
0.0,0.087225124
0.0,0.051986888
0.0,0.083187625
0.0,0.0623757
0.0,0.06977381
0.0,0.11874875
0.0,0.06786568
0.0,0.100437835
0.0,0.07091893
0.0,0.09146534
0.0,0.05941847
0.0,0.084227756
0.0,0.079365164
1.0,0.09685846
0.0,0.06313796
0.0,0.10280214
0.0,0.06845474
0.0,0.06663078
1.0,0.13465618
0.0,0.08003531
0.0,0.081449896
0.0,0.01889448
0.0,0.1385977
0.0,0.13245706
0.0,0.078227624
0.0,0.053177714
0.0,0.06680339
0.0,0.020453695
0.0,0.10782484
0.0,0.09824564
0.0,0.057641003
0.0,0.074228905
0.0,0.04737974
0.0,0.10889733
0.0,0.09392576
0.0,0.122448675
1.0,0.10724367
0.0,0.103478774
0.0,0.07200185
0.0,0.09359704
0.0,0.13051267
0.0,0.053087443
0.0,0.07176202
0.0,0.09634044
0.0,0.07543621
0.0,0.07985444
0.0,0.101952925
0.0,0.11059051
0.0,0.063658684
0.0,0.11929318
0.0,0.11122142
0.0,0.061734427
0.0,0.13146256
0.0,0.020216879
0.0,0.1073135
0.0,0.103004254
0.0,0.08878567
0.0,0.14219347
0.0,0.08779934
0.0,0.08986029
0.0,0.10038332
1.0,0.072115205
0.0,0.08328745
0.0,0.11618193
0.0,0.118342906
0.0,0.11309962
0.0,0.060940675
0.0,0.07452415
0.0,0.07767906
0.0,0.083036214
0.0,0.061865855
0.0,0.01471028
0.0,0.09217994
1.0,0.05473539
0.0,0.05601446
0.0,0.09143238
0.0,0.07559663
0.0,0.02810617
0.0,0.10693698
0.0,0.11251577
0.0,0.07257854
0.0,0.077838995
0.0,0.07993033
0.0,0.089978546
0.0,0.03930568
0.0,0.089439176
0.0,0.0605114
0.0,0.108665444
0.0,0.12499374
0.0,0.087810285
0.0,0.07957964
0.0,0.10548525
0.0,0.16203801
0.0,0.14695117
0.0,0.12449557
0.0,0.086333096
0.0,0.10107856
0.0,0.069759086
0.0,0.11763553
0.0,0.05029047
0.0,0.078061655
0.0,0.09208009
0.0,0.057247758
0.0,0.118264385
0.0,0.0928984
0.0,0.14041892
0.0,0.0916449
0.0,0.07027969
0.0,0.09250225
0.0,0.082684174
0.0,0.15611026
0.0,0.064564034
0.0,0.1053842
0.0,0.10518484
0.0,0.13046241
0.0,0.10630229
0.0,0.07618268
0.0,0.10172607
0.0,0.08477886
0.0,0.08771248
0.0,0.066522
0.0,0.07776665
0.0,0.073425725
0.0,0.08317581
0.0,0.09179327
0.0,0.07758984
0.0,0.12635356
1.0,0.09437794
0.0,0.07402001
0.0,0.080345474
0.0,0.083508134
0.0,0.050978307
0.0,0.12285913
0.0,0.041436978
0.0,0.076174535
0.0,0.093654566
0.0,0.057850808
0.0,0.06621863
0.0,0.0700115
0.0,0.11757696
0.0,0.0818236
0.0,0.06667188
0.0,0.019746304
0.0,0.13089731
0.0,0.07154892
0.0,0.09080987
0.0,0.06293147
0.0,0.044057462
0.0,0.051548686
0.0,0.10133202
0.0,0.08266993
0.0,0.13202795
0.0,0.120670825
0.0,0.03260082
0.0,0.12769648
0.0,0.022664793
0.0,0.09146866
0.0,0.10673644
0.0,0.087851204
0.0,0.08491913
0.0,0.11317272
0.0,0.06250101
0.0,0.11462443
0.0,0.09384135
0.0,0.084209666
0.0,0.12370245
0.0,0.121487774
0.0,0.059695914
0.0,0.07954285
0.0,0.12428009
0.0,0.10832242
0.0,0.100237556
0.0,0.08524959
0.0,0.11721449
0.0,0.039366864
0.0,0.059855405
0.0,0.05923044
0.0,0.12965463
0.0,0.10046068
0.0,0.111106336
1.0,0.035526343
0.0,0.10367913
0.0,0.09840869
0.0,0.062954806
0.0,0.10208597
0.0,0.07662365
0.0,0.07693407
3.0,0.039901804
0.0,0.051660083
0.0,0.10263375
0.0,0.09886418
0.0,0.057530098
0.0,0.08542289
0.0,0.071645975
0.0,0.101388685
0.0,0.106868014
0.0,0.06233706
0.0,0.08095519
0.0,0.06785281
0.0,0.06857255
0.0,0.11385969
0.0,0.120279215
0.0,0.14455885
0.0,0.05726668
0.0,0.12235086
1.0,0.08126173
0.0,0.10285471
0.0,0.108719885
0.0,0.054242387
0.0,0.08274111
0.0,0.086161986
0.0,0.11176598
0.0,0.11160589
0.0,0.1284737
0.0,0.12358412
0.0,0.10942446
1.0,0.039396666
0.0,0.08390278
0.0,0.07586512
0.0,0.09849467
0.0,0.06013093
0.0,0.015732154
0.0,0.09317903
0.0,0.08916116
0.0,0.05769018
0.0,0.10002367
0.0,0.083803564
1.0,0.07935877
0.0,0.088038296
0.0,0.086723685
0.0,0.1069545
0.0,0.045399923
0.0,0.09267943
0.0,0.060915645
0.0,0.09253435
0.0,0.06555268
0.0,0.0468119
0.0,0.09936845
1.0,0.10889681
0.0,0.08835466
0.0,0.08109099
0.0,0.086283706
0.0,0.09576399
0.0,0.12157783
0.0,0.10760178
0.0,0.10686847
0.0,0.112115815
0.0,0.10489774
1.0,0.086046
0.0,0.0699968
0.0,0.0821407
0.0,0.068433724
0.0,0.08326994
1.0,0.09508564
0.0,0.06586492
0.0,0.071168706
0.0,0.054148298
1.0,0.100840434
0.0,0.07578881
0.0,0.10862814
0.0,0.13607119
0.0,0.09358758
0.0,0.11292144
0.0,0.079890355
1.0,0.11163117
1.0,0.13233313
0.0,0.08874218
0.0,0.06899996
0.0,0.102987364
0.0,0.1209803
0.0,0.06133093
0.0,0.14330134
0.0,0.04857741
0.0,0.08154215
0.0,0.07624407
0.0,0.09172795
0.0,0.14824428
0.0,0.034014218
0.0,0.07482132
0.0,0.08200975
0.0,0.06932261
0.0,0.08837931
0.0,0.10449767
0.0,0.10643457
0.0,0.11445566
0.0,0.06146348
0.0,0.0765588
0.0,0.07536378
0.0,0.06671952
0.0,0.1051552
0.0,0.11049387
0.0,0.09770684
0.0,0.100374155
0.0,0.07756188
0.0,0.09131445
0.0,0.10462519
0.0,0.06763
0.0,0.0681247
0.0,0.01847227
0.0,0.11489177
0.0,0.063677296
0.0,0.12768105
0.0,0.07643848
1.0,0.0945359
0.0,0.0955417
0.0,0.10889219
0.0,0.109972574
0.0,0.07153844
0.0,0.13545518
0.0,0.08644096
0.0,0.07174341
0.0,0.058693975
0.0,0.111425124
0.0,0.09879383
0.0,0.068730436
0.0,0.10253817
0.0,0.05716832
0.0,0.05844193
0.0,0.12934181
0.0,0.05962002
0.0,0.07452611
0.0,0.108405426
0.0,0.048997313
0.0,0.067596465
0.0,0.084024616
0.0,0.044991095
0.0,0.09231639
0.0,0.10716886
0.0,0.08196176
0.0,0.086923
0.0,0.12719236
0.0,0.11159155
0.0,0.12633881
0.0,0.06269058
1.0,0.13182649
0.0,0.0839813
0.0,0.05599761
0.0,0.08912186
0.0,0.093627594
0.0,0.07509707
0.0,0.08515245
0.0,0.07149909
0.0,0.09011072
0.0,0.12268461
0.0,0.05768592
0.0,0.10090868
0.0,0.0638891
0.0,0.07199088
1.0,0.05643056
0.0,0.110341944
0.0,0.06469339
0.0,0.09759053
0.0,0.057487525
0.0,0.010315195
1.0,0.07540165
0.0,0.07730917
0.0,0.08538677
0.0,0.04756689
0.0,0.12797612
0.0,0.08357743
0.0,0.086602226
1.0,0.036270373
0.0,0.10387923
0.0,0.061276615
0.0,0.11397667
0.0,0.10303682
0.0,0.041421976
0.0,0.09853619
0.0,0.0749299
0.0,0.11596544
0.0,0.101889424
0.0,0.085024156
0.0,0.10074385
0.0,0.06909653
0.0,0.120928824
0.0,0.1251124
0.0,0.066056736
0.0,0.056521315
0.0,0.12739904
0.0,0.07181938
0.0,0.07759539
1.0,0.09625067
0.0,0.11969808
0.0,0.08824489
0.0,0.09267713
0.0,0.09040564
0.0,0.12747987
0.0,0.123865865
0.0,0.06719338
0.0,0.08150394
0.0,0.09853303
0.0,0.10830514
1.0,0.06094861
0.0,0.08824245
0.0,0.060902532
0.0,0.06577842
0.0,0.10939032
0.0,0.10129129
0.0,0.059583254
0.0,0.07160229
0.0,0.079606906
0.0,0.06673126
0.0,0.07275675
0.0,0.08290947
0.0,0.08936074
0.0,0.07962854
0.0,0.012475371
0.0,0.094342664
0.0,0.09368065
0.0,0.06858297
0.0,0.123496056
0.0,0.08896708
0.0,0.11411825
0.0,0.10528354
0.0,0.07810515
0.0,0.09232038
0.0,0.121872544
0.0,0.08068375
0.0,0.09648903
0.0,0.046280004
0.0,0.10706796
0.0,0.0510142
0.0,0.09589959
1.0,0.04549904
0.0,0.08587679
0.0,0.115455896
0.0,0.069761
0.0,0.10253944
0.0,0.1395991
0.0,0.09724216
0.0,0.075717375
0.0,0.08135476
0.0,0.083186835
0.0,0.09110919
0.0,0.096879244
0.0,0.11882317
1.0,0.058419418
0.0,0.025262857
0.0,0.12967235
1.0,0.10096863
0.0,0.07541689
0.0,0.13860458
0.0,0.13667305
0.0,0.07876005
0.0,0.12424874
0.0,0.08600354
0.0,0.06832883
0.0,0.07498965
0.0,0.12746902
0.0,0.09791817
0.0,0.10019791
0.0,0.07167125
0.0,0.097671464
0.0,0.07588672
0.0,0.08321163
0.0,0.10407016
0.0,0.07609892
0.0,0.08169785
0.0,0.08551288
1.0,0.12246672
0.0,0.063742034
0.0,0.05375541
0.0,0.081359185
0.0,0.06232419
0.0,0.077226855
0.0,0.0752839
0.0,0.105162196
0.0,0.12349005
0.0,0.07284249
0.0,0.045231327
0.0,0.096388526
0.0,0.08410752
1.0,0.014318472
0.0,0.05726362
0.0,0.08916626
0.0,0.110582575
0.0,0.096263364
0.0,0.06664453
0.0,0.097529605
0.0,0.06993824
0.0,0.07807454
0.0,0.07170006
0.0,0.1374922
0.0,0.07566998
0.0,0.06440811
0.0,0.07975718
0.0,0.047495894
0.0,0.08245814
0.0,0.09567261
0.0,0.07678771
0.0,0.067851484
0.0,0.09901879
0.0,0.099020846
0.0,0.11053708
0.0,0.055591807
0.0,0.03896147
0.0,0.0689886
0.0,0.097586945
0.0,0.108920984
0.0,0.06374243
0.0,0.12538582
0.0,0.11445081
0.0,0.12708634
0.0,0.10591073
0.0,0.10610418
0.0,0.094960794
0.0,0.07935785
0.0,0.115577966
0.0,0.072342
0.0,0.057492156
0.0,0.112391554
0.0,0.095396236
0.0,0.123820096
1.0,0.099971086
0.0,0.10754627
0.0,0.111304075
1.0,0.050464004
1.0,0.074433446
0.0,0.10206251
0.0,0.08124741
0.0,0.06002681
0.0,0.10005206
0.0,0.08425692
0.0,0.107230484
0.0,0.062243957
0.0,0.11034544
0.0,0.061247755
0.0,0.07137813
0.0,0.077307954
0.0,0.1135295
0.0,0.06960677
0.0,0.07579865
0.0,0.055756744
1.0,0.06195479
1.0,0.09688853
1.0,0.10150292
0.0,0.11542502
0.0,0.106286325
0.0,0.066256866
0.0,0.12706174
0.0,0.05303
0.0,0.08269656
0.0,0.08731705
0.0,0.029159393
0.0,0.07205565
0.0,0.0581036
0.0,0.1266069
0.0,0.040018752
0.0,0.1095333
0.0,0.09849274
0.0,0.12206974
0.0,0.13658023
0.0,0.08465525
0.0,0.09459218
0.0,0.08210097
0.0,0.050181188
0.0,0.091375545
0.0,0.11534439
0.0,0.042637073
0.0,0.0717417
1.0,0.110375725
0.0,0.09722596
0.0,0.09525614
0.0,0.12418531
0.0,0.10480887
0.0,0.070165336
0.0,0.08486283
0.0,0.071917094
2.0,0.06251654
0.0,0.06414457
0.0,0.11370075
0.0,0.04798938
0.0,0.13289492
0.0,0.09763677
0.0,0.11349738
0.0,0.016318846
0.0,0.0892597
0.0,0.04197372
0.0,0.10291402
0.0,0.03909759
0.0,0.11588985
0.0,0.019631797
0.0,0.06790062
0.0,0.057439655
0.0,0.11080482
0.0,0.13111582
0.0,0.07776493
0.0,0.07921418
0.0,0.109490015
0.0,0.06603493
0.0,0.036290154
0.0,0.09051493
0.0,0.09189065
0.0,0.05845249
0.0,0.088972926
0.0,0.07389552
0.0,0.057460994
0.0,0.12556912
0.0,0.042626947
0.0,0.061902743
1.0,0.13032061
0.0,0.0802843
0.0,0.15939018
0.0,0.091442905
0.0,0.07434229
0.0,0.09954694
0.0,0.11699747
0.0,0.052752472
0.0,0.019246453
0.0,0.13137132
0.0,0.07429452
0.0,0.08476271
0.0,0.11079726
0.0,0.04424944
0.0,0.08770904
0.0,0.08824563
0.0,0.10676686
0.0,0.072213255
0.0,0.11494846
0.0,0.0743586
0.0,0.08414663
0.0,0.06858092
0.0,0.042793736
0.0,0.06619258
0.0,0.13510755
0.0,0.08254352
0.0,0.09801253
0.0,0.081460364
0.0,0.060971834
0.0,0.06879801
0.0,0.042920098
0.0,0.089679435
0.0,0.04673112
0.0,0.08009712
0.0,0.07817842
0.0,0.08640514
0.0,0.116886705
0.0,0.07536103
0.0,0.08772771
0.0,0.08075118
0.0,0.031456538
0.0,0.06709758
0.0,0.0666071
1.0,0.088350296
0.0,0.056078613
0.0,0.08175122
0.0,0.10595195
0.0,0.09638846
0.0,0.10737784
0.0,0.12268941
0.0,0.05085463
0.0,0.09493023
0.0,0.0702361
0.0,0.123735845
0.0,0.07626078
1.0,0.07538396
0.0,0.088550314
0.0,0.085575834
0.0,0.09303414
0.0,0.056403242
0.0,0.10041585
0.0,0.080801584
0.0,0.09146078
0.0,0.07338145
0.0,0.10022212
0.0,0.120742254
1.0,0.0601226
0.0,0.07174346
0.0,0.07666491
0.0,0.09760597
0.0,0.08499185
0.0,0.057250895
0.0,0.08482552
0.0,0.076398544
0.0,0.08826631
0.0,0.09001498
0.0,0.068972476
0.0,0.104099035
1.0,0.08452746
0.0,0.082947396
0.0,0.054614082
0.0,0.12696096
0.0,0.08473792
0.0,0.08518461
0.0,0.03552615
0.0,0.07720377
0.0,0.07870996
0.0,0.12173179
0.0,0.11589266
0.0,0.0983046
0.0,0.08940737
0.0,0.06696051
0.0,0.06953991
0.0,0.0917966
0.0,0.063484654
0.0,0.069248326
0.0,0.07451513
0.0,0.09894179
0.0,0.0838659
0.0,0.06876169
0.0,0.084794365
0.0,0.057844285
0.0,0.039478052
0.0,0.13411699
0.0,0.066749796
0.0,0.047369882
0.0,0.059765995
1.0,0.062558025
0.0,0.12199753
0.0,0.06574741
0.0,0.07109332
0.0,0.08623651
0.0,0.105576634
0.0,0.115326405
0.0,0.10068471
0.0,0.08541998
0.0,0.07614879
0.0,0.089425445
0.0,0.06268125
0.0,0.076654375
1.0,0.09757205
0.0,0.08047323
0.0,0.06006883
0.0,0.08526514
0.0,0.09288792
0.0,0.07018782
1.0,0.08090504
0.0,0.0791817
0.0,0.10666974
0.0,0.069903
0.0,0.14178425
0.0,0.096373685
0.0,0.12569153
0.0,0.09600832
0.0,0.10092314
0.0,0.10247836
0.0,0.06882728
0.0,0.08307552
0.0,0.13047394
0.0,0.079331495
0.0,0.08462861
0.0,0.14322518
1.0,0.09571062
0.0,0.12710254
1.0,0.065306656
0.0,0.13566975
1.0,0.06461912
0.0,0.08598685
0.0,0.092482276
0.0,0.105949074
0.0,0.061840728
0.0,0.081052236
0.0,0.040030535
0.0,0.09129314
1.0,0.08969073
0.0,0.073139496
0.0,0.07045181
0.0,0.102397375
0.0,0.10761902
0.0,0.07814345
0.0,0.13084902
0.0,0.08925172
0.0,0.12291421
1.0,0.058902908
0.0,0.10099962
1.0,0.098112315
0.0,0.0438887
0.0,0.15076718
0.0,0.020640304
0.0,0.037279155
0.0,0.0844108
1.0,0.10692867
0.0,0.10940787
0.0,0.13697636
1.0,0.10862959
0.0,0.08065948
0.0,0.12901135
0.0,0.08520876
0.0,0.122911334
0.0,0.08551567
0.0,0.084964275
0.0,0.12829617
0.0,0.060402557
0.0,0.12131203
0.0,0.049508356
0.0,0.11789421
0.0,0.058011495
0.0,0.06645836
0.0,0.120630845
0.0,0.09322359
0.0,0.09302567
0.0,0.048495956
0.0,0.09825291
0.0,0.072792545
0.0,0.052314788
0.0,0.11608439
0.0,0.046129085
0.0,0.072688885
0.0,0.09117077
0.0,0.1672194
0.0,0.038698956
0.0,0.08832064
0.0,0.12794583
0.0,0.11084511
0.0,0.107535325
0.0,0.084317245
0.0,0.09591672
0.0,0.12046001
0.0,0.0645437
0.0,0.061965026
0.0,0.13498043
0.0,0.06316046
0.0,0.11624117
1.0,0.07160378
0.0,0.15007927
0.0,0.103791885
1.0,0.08823166
0.0,0.106317505
0.0,0.08314928
0.0,0.082320854
0.0,0.11532662
0.0,0.16188946
0.0,0.06595586
0.0,0.08168334
0.0,0.06698008
0.0,0.08282718
0.0,0.10626069
0.0,0.09928325
0.0,0.07300063
0.0,0.06619544
0.0,0.13560458
0.0,0.076873414
0.0,0.050667793
0.0,0.067907386
0.0,0.05767309
0.0,0.10312788
0.0,0.09156017
0.0,0.08171696
0.0,0.085706614
0.0,0.05316651
0.0,0.080794975
0.0,0.079946205
0.0,0.074982084
0.0,0.07365088
1.0,0.09051564
1.0,0.047315925
0.0,0.08477785
0.0,0.08601056
0.0,0.06806606
0.0,0.17268175
1.0,0.073716745
0.0,0.13708757
0.0,0.07800651
0.0,0.124104
0.0,0.01914919
0.0,0.08890213
0.0,0.09376609
0.0,0.08083832
0.0,0.09969146
0.0,0.07240298
0.0,0.009581441
0.0,0.05631593
0.0,0.082151175
0.0,0.06862149
0.0,0.07496761
0.0,0.046403132
0.0,0.07702795
0.0,0.04225546
0.0,0.06090576
0.0,0.12121263
0.0,0.13224457
0.0,0.098241076
0.0,0.07181549
0.0,0.07487488
0.0,0.100324675
0.0,0.0650599
0.0,0.05693708
0.0,0.05096495
0.0,0.06058635
0.0,0.08565195
0.0,0.10823707
0.0,0.110903926
0.0,0.07446247
0.0,0.114650235
0.0,0.09724033
0.0,0.029707478
0.0,0.068828724
0.0,0.020575428
0.0,0.09503918
0.0,0.072667345
0.0,0.056333747
1.0,0.052460525
0.0,0.13218297
0.0,0.07661148
0.0,0.07743763
0.0,0.08872991
0.0,0.084423035
0.0,0.08662606
0.0,0.056373812
0.0,0.0596927
0.0,0.11104127
0.0,0.06634909
0.0,0.07591509
0.0,0.08396432
0.0,0.114290774
0.0,0.13164906
0.0,0.026345937
0.0,0.06910194
0.0,0.09237082
0.0,0.06792545
0.0,0.12752356
0.0,0.080568664
0.0,0.0945768
0.0,0.1248877
0.0,0.07230325
0.0,0.1336364
0.0,0.04713511
1.0,0.069857106
0.0,0.064161405
0.0,0.051119078
1.0,0.055897485
0.0,0.078552715
0.0,0.072280556
0.0,0.08388338
0.0,0.09722814
0.0,0.07104044
0.0,0.06628824
0.0,0.09925307
0.0,0.098570034
0.0,0.068705596
0.0,0.13050346
0.0,0.07872922
0.0,0.05178232
0.0,0.05384345
0.0,0.06973804
0.0,0.07046754
0.0,0.13109241
0.0,0.09504965
0.0,0.13368477
0.0,0.08392775
0.0,0.054980636
0.0,0.068907574
0.0,0.06206662
0.0,0.110887855
0.0,0.10144909
0.0,0.110118896
0.0,0.06530647
0.0,0.12406545
0.0,0.043264005
0.0,0.076281674
0.0,0.09435972
0.0,0.14391777
0.0,0.044169463
0.0,0.052406944
0.0,0.061079036
0.0,0.08512494
0.0,0.038988363
0.0,0.11090295
0.0,0.048253313
0.0,0.10945846
0.0,0.13060749
0.0,0.093615696
0.0,0.07605393
0.0,0.037586644
0.0,0.06925922
0.0,0.07082066
0.0,0.13898307
0.0,0.07868561
0.0,0.04624234
0.0,0.09480145
0.0,0.06300065
0.0,0.071821295
0.0,0.051964656
0.0,0.06438526
0.0,0.06600153
0.0,0.05892839
0.0,0.09173337
0.0,0.069770135
0.0,0.0675322
0.0,0.060819723
0.0,0.09497802
0.0,0.10109063
0.0,0.09737696
0.0,0.067140155
0.0,0.068643674
0.0,0.0694047
0.0,0.087439194
0.0,0.10741584
0.0,0.10903801
0.0,0.076764956
0.0,0.0672957
0.0,0.1121206
0.0,0.039879218
0.0,0.07969271
0.0,0.11727294
0.0,0.087191775
0.0,0.09776673
0.0,0.099137634
0.0,0.10419986
0.0,0.0890904
0.0,0.13777515
0.0,0.08454226
0.0,0.07440425
1.0,0.114657834
0.0,0.055965815
1.0,0.08572918
0.0,0.07104454
0.0,0.0934488
0.0,0.039994773
0.0,0.024945889
1.0,0.078903794
0.0,0.044708032
0.0,0.07304067
0.0,0.11246508
0.0,0.115145184
0.0,0.06439435
1.0,0.082711644
0.0,0.09254734
0.0,0.0917643
0.0,0.076076604
0.0,0.09035285
0.0,0.14437105
0.0,0.06978873
0.0,0.07648373
0.0,0.0799112
0.0,0.051850155
0.0,0.10709098
0.0,0.10021034
0.0,0.09547644
0.0,0.078996025
0.0,0.12077859
0.0,0.10791007
0.0,0.116969496
0.0,0.043177344
0.0,0.051500235
0.0,0.11039499
0.0,0.079504386
0.0,0.067603074
1.0,0.09092045
1.0,0.07217073
0.0,0.10381646
0.0,0.107435204
0.0,0.11400787
0.0,0.078387514
0.0,0.08260723
0.0,0.07429498
0.0,0.055666264
0.0,0.05057344
0.0,0.092612416
0.0,0.09615223
0.0,0.049890768
0.0,0.1269276
0.0,0.06727354
0.0,0.06433464
0.0,0.06343908
0.0,0.09019491
0.0,0.07574876
1.0,0.06762074
0.0,0.076946326
0.0,0.07850006
0.0,0.07702859
0.0,0.10067513
1.0,0.099413805
0.0,0.122337
0.0,0.15089558
0.0,0.09129046
0.0,0.124478415
0.0,0.08197196
0.0,0.08026755
0.0,0.06440737
0.0,0.05679399
0.0,0.07973577
0.0,0.10844695
0.0,0.09967159
0.0,0.11685123
0.0,0.09050839
0.0,0.050808698
0.0,0.05211445
0.0,0.059119787
0.0,0.08918982
0.0,0.13547513
0.0,0.129522
0.0,0.12874083
0.0,0.07852891
0.0,0.12866566
0.0,0.092539005
0.0,0.1039916
0.0,0.09256977
0.0,0.0976266
0.0,0.1172595
0.0,0.096288264
0.0,0.14773944
0.0,0.07512251
0.0,0.05341132
0.0,0.06558967
0.0,0.11863988
1.0,0.122637
0.0,0.07048528
0.0,0.09542225
0.0,0.08147113
0.0,0.063851394
0.0,0.05840301
0.0,0.12562756
0.0,0.072410904
0.0,0.11255645
0.0,0.09455837
0.0,0.06469635
0.0,0.05387585
0.0,0.0498398
0.0,0.09493595
0.0,0.06685822
0.0,0.06230587
0.0,0.048405632
0.0,0.09371612
0.0,0.060990937
0.0,0.12265426
0.0,0.05200407
0.0,0.090316966
0.0,0.07889136
0.0,0.0666263
0.0,0.079014674
0.0,0.12649822
0.0,0.11251027
0.0,0.050528474
0.0,0.08163173
0.0,0.055234145
0.0,0.048049852
0.0,0.071037665
0.0,0.0111089125
0.0,0.10399299
0.0,0.083516404
0.0,0.07419447
0.0,0.07859041
0.0,0.11419737
0.0,0.050990425
0.0,0.058641773
0.0,0.071156204
0.0,0.09693529
0.0,0.04874517
0.0,0.11182126
0.0,0.1574611
0.0,0.07107061
0.0,0.091184676
0.0,0.102930605
1.0,0.061246324
0.0,0.052841634
0.0,0.08849051
0.0,0.0794713
0.0,0.09159794
0.0,0.113223344
0.0,0.10921545
0.0,0.058617365
0.0,0.086868495
1.0,0.08574766
0.0,0.13004905
0.0,0.08142916
0.0,0.06936108
0.0,0.12578931
1.0,0.075200446
0.0,0.1119851
0.0,0.07033138
0.0,0.079227574
0.0,0.07887302
0.0,0.06075207
2.0,0.10536209
0.0,0.084099054
0.0,0.080838636
0.0,0.09167847
0.0,0.050297067
0.0,0.07555954
0.0,0.07367327
0.0,0.1087503
0.0,0.020565085
0.0,0.12736993
0.0,0.06080718
0.0,0.06295164
0.0,0.089328974
0.0,0.08910361
0.0,0.08288734
0.0,0.052294202
0.0,0.08730677
0.0,0.07729695
1.0,0.108084336
0.0,0.09601558
0.0,0.056815904
0.0,0.08216557
0.0,0.08478396
0.0,0.021453306
1.0,0.0501434
0.0,0.061972976
0.0,0.08525654
0.0,0.05517205
0.0,0.1234993
0.0,0.015421446
0.0,0.06045787
0.0,0.061425727
0.0,0.095873415
0.0,0.09235197
1.0,0.06847242
0.0,0.123134255
0.0,0.046147127
0.0,0.08637124
0.0,0.084984876
0.0,0.065229334
0.0,0.053129684
0.0,0.09368329
0.0,0.043599587
0.0,0.11821479
0.0,0.09959106
0.0,0.094064996
1.0,0.0796268
0.0,0.014249346
0.0,0.1043143
0.0,0.13751388
0.0,0.09025392
0.0,0.061831765
0.0,0.1003109
0.0,0.08546164
0.0,0.13021213
0.0,0.07811736
0.0,0.079015575
0.0,0.08463959
0.0,0.06825061
0.0,0.0856804
0.0,0.08546151
0.0,0.03328089
0.0,0.0200098
0.0,0.0948759
0.0,0.06724444
0.0,0.10312832
0.0,0.090938866
0.0,0.05291634
0.0,0.048277065
0.0,0.06850637
0.0,0.10542737
0.0,0.07522995
0.0,0.054749902
0.0,0.03888762
0.0,0.076511286
0.0,0.08804533
0.0,0.05379642
0.0,0.073176496
0.0,0.09024955
0.0,0.08398937
0.0,0.07143846
0.0,0.07236767
0.0,0.12318646
0.0,0.06580968
0.0,0.0979947
0.0,0.08760962
0.0,0.09100081
0.0,0.096665636
0.0,0.06506165
0.0,0.08866222
0.0,0.06439924
0.0,0.048239224
0.0,0.0733477
0.0,0.06204391
0.0,0.05800411
0.0,0.054057192
0.0,0.091357335
0.0,0.07045446
0.0,0.123003125
0.0,0.06689123
0.0,0.07394875
0.0,0.0627426
0.0,0.058691733
0.0,0.12672156
0.0,0.10205555
0.0,0.1408785
0.0,0.072859794
0.0,0.080656745
0.0,0.13886711
0.0,0.046974346
0.0,0.08558428
0.0,0.08846359
0.0,0.060764223
0.0,0.08789633
0.0,0.11308832
0.0,0.07632961
0.0,0.124103144
0.0,0.069152616
0.0,0.09901095
0.0,0.07966444
0.0,0.11677389
0.0,0.10126304
0.0,0.10218613
0.0,0.06286607
0.0,0.13204108
0.0,0.094170466
0.0,0.079845116
0.0,0.0721581
0.0,0.12899148
0.0,0.08309137
0.0,0.098646745
0.0,0.07368732
1.0,0.117625125
0.0,0.10361095
1.0,0.09663605
0.0,0.12102992
0.0,0.051890336
0.0,0.08829346
0.0,0.05835229
0.0,0.09291223
0.0,0.079753295
0.0,0.09165862
0.0,0.09065559
0.0,0.073741384
0.0,0.048966296
0.0,0.10682086
0.0,0.11600441
0.0,0.116781354
0.0,0.08675667
0.0,0.04339415
0.0,0.06317004
0.0,0.07787662
0.0,0.118680984
0.0,0.11145382
0.0,0.07963654
0.0,0.12627493
2.0,0.073634975
0.0,0.09479297
0.0,0.076803945
0.0,0.08967884
0.0,0.095573306
0.0,0.15884866
0.0,0.070436835
0.0,0.099582165
0.0,0.053759918
0.0,0.08754042
0.0,0.09452306
0.0,0.06375281
0.0,0.09434649
0.0,0.05115126
1.0,0.0746814
0.0,0.049304336
0.0,0.06897873
0.0,0.09713231
0.0,0.047376603
0.0,0.07700263
0.0,0.09461135
0.0,0.06349831
0.0,0.05719729
0.0,0.12914608
0.0,0.0800085
1.0,0.09009038
0.0,0.115126684
0.0,0.039164286
0.0,0.10136246
0.0,0.12009737
0.0,0.10298837
0.0,0.081125274
0.0,0.069624454
0.0,0.08870994
0.0,0.10053932
0.0,0.05570142
0.0,0.122625545
0.0,0.06326225
0.0,0.017187927
0.0,0.110957116
0.0,0.09197468
0.0,0.07978814
0.0,0.082077876
0.0,0.035829
0.0,0.07927677
0.0,0.07514523
0.0,0.06290357
0.0,0.07809839
0.0,0.087931626
0.0,0.0979925
0.0,0.08034128
0.0,0.12268034
0.0,0.09947659
0.0,0.082701996
0.0,0.09501095
0.0,0.077114
0.0,0.11127985
0.0,0.09092487
0.0,0.11471602
0.0,0.07578978
0.0,0.08805068
0.0,0.10274966
0.0,0.070553035
0.0,0.076732844
0.0,0.09920741
0.0,0.09347813
0.0,0.064146005
0.0,0.10346824
0.0,0.0556802
0.0,0.016447103
0.0,0.10014132
0.0,0.050912242
0.0,0.055492766
0.0,0.05857505
0.0,0.08830877
0.0,0.109589174
0.0,0.10084113
0.0,0.07010024
0.0,0.029776616
0.0,0.09147345
0.0,0.1018486
0.0,0.10821161
0.0,0.06574027
0.0,0.075348884
0.0,0.07527354
0.0,0.012967113
0.0,0.100041635
0.0,0.12684946
0.0,0.06922937
0.0,0.10625592
0.0,0.0804365
0.0,0.07307948
0.0,0.1300962
0.0,0.10493724
0.0,0.09693247
2.0,0.084544815
0.0,0.07170837
1.0,0.13257958
0.0,0.07860164
0.0,0.1298136
0.0,0.05493217
0.0,0.07009999
0.0,0.048438545
0.0,0.08102677
0.0,0.13482736
0.0,0.11711299
0.0,0.08453383
0.0,0.08693716
0.0,0.08926025
0.0,0.10258253
0.0,0.0676902
0.0,0.054405935
1.0,0.08493717
0.0,0.025935786
0.0,0.1362123
0.0,0.08867594
0.0,0.070600405
0.0,0.115392
0.0,0.08642225
0.0,0.0890346
0.0,0.074250676
0.0,0.08464639
0.0,0.11067993
0.0,0.0634832
0.0,0.06792836
0.0,0.06760651
0.0,0.12735453
0.0,0.113256745
0.0,0.064937584
0.0,0.084329024
0.0,0.12326179
0.0,0.11099011
0.0,0.088002324
0.0,0.11539489
0.0,0.0754963
0.0,0.055278316
0.0,0.06096435
0.0,0.09952904
0.0,0.07196093
0.0,0.08117299
1.0,0.07773625
0.0,0.07245492
0.0,0.076336525
0.0,0.097950906
0.0,0.044316746
0.0,0.053107623
0.0,0.07776722
0.0,0.058414795
0.0,0.07397112
0.0,0.084079646
0.0,0.07013563
0.0,0.09464762
0.0,0.09276693
0.0,0.097129576
0.0,0.102459475
0.0,0.060277298
0.0,0.10023196
0.0,0.085651875
0.0,0.0652122
0.0,0.12336419
0.0,0.07355596
0.0,0.039007843
0.0,0.110215686
0.0,0.017950526
0.0,0.052138943
1.0,0.08619671
0.0,0.023339547
0.0,0.07398099
0.0,0.10248161
1.0,0.054730248
0.0,0.061765064
0.0,0.09095596
0.0,0.116220914
0.0,0.12278308
0.0,0.07491536
0.0,0.061332084
0.0,0.07498366
0.0,0.09647426
0.0,0.07641738
0.0,0.0706572
0.0,0.0741695
0.0,0.060581785
0.0,0.038021345
0.0,0.08258065
0.0,0.04972313
0.0,0.11805589
0.0,0.09259798
0.0,0.054996498
0.0,0.112423345
0.0,0.07213075
0.0,0.07667267
0.0,0.082079515
0.0,0.08114756
0.0,0.037363064
0.0,0.10493386
0.0,0.12241487
0.0,0.08085039
0.0,0.12588556
0.0,0.082512274
0.0,0.10403629
0.0,0.07812157
0.0,0.087835744
0.0,0.08936399
0.0,0.03243211
0.0,0.10486393
0.0,0.059968848
1.0,0.12179813
0.0,0.060419537
0.0,0.09389421
0.0,0.10379554
0.0,0.12418051
1.0,0.0939581
0.0,0.07170148
2.0,0.069931276
0.0,0.06614308
0.0,0.11169256
0.0,0.08923289
0.0,0.08571418
0.0,0.07733005
0.0,0.056790687
0.0,0.13996673
0.0,0.089492604
0.0,0.077293076
0.0,0.09075502
0.0,0.048830245
0.0,0.06438607
0.0,0.08903434
0.0,0.04820388
0.0,0.07680911
0.0,0.050021425
0.0,0.03822496
0.0,0.123720884
0.0,0.09179117
0.0,0.038982574
0.0,0.056206055
0.0,0.06652221
0.0,0.10484673
0.0,0.08444202
0.0,0.093806475
0.0,0.06500261
0.0,0.06296572
0.0,0.12349918
0.0,0.04926826
0.0,0.119121715
1.0,0.067091666
0.0,0.12537111
0.0,0.019088568
0.0,0.07854251
0.0,0.08897819
0.0,0.14099562
0.0,0.09645186
0.0,0.0834386
0.0,0.046339802
0.0,0.075945
1.0,0.07365801
0.0,0.07433073
0.0,0.10205467
0.0,0.047735978
0.0,0.09644795
0.0,0.077834226
0.0,0.049148314
0.0,0.09446642
0.0,0.08914137
0.0,0.06214289
0.0,0.086526506
0.0,0.06345926
0.0,0.08986545
0.0,0.062887676
0.0,0.049337145
0.0,0.0677745
0.0,0.07459876
0.0,0.060999986
0.0,0.07896206
0.0,0.1467449
0.0,0.08577755
0.0,0.03906682
0.0,0.08389959
0.0,0.13460016
1.0,0.05902203
0.0,0.12829758
0.0,0.06741473
0.0,0.045337945
0.0,0.08521445
0.0,0.06858171
0.0,0.10437082
0.0,0.13826656
0.0,0.07364054
0.0,0.08076246
0.0,0.083145455
0.0,0.13385665
0.0,0.06708648
0.0,0.07465294
0.0,0.12097105
0.0,0.08329496
0.0,0.08734974
0.0,0.101356804
0.0,0.09798279
0.0,0.08878413
0.0,0.054772947
0.0,0.09744175
0.0,0.08842089
0.0,0.05964426
0.0,0.053982235
0.0,0.09331066
0.0,0.07877109
0.0,0.13025706
0.0,0.0840604
0.0,0.04991599
0.0,0.076789424
0.0,0.018664133
0.0,0.052562784
0.0,0.070671305
0.0,0.09728393
0.0,0.09019767
0.0,0.06406207
0.0,0.0757739
0.0,0.07934038
0.0,0.083351694
0.0,0.11453215
0.0,0.1326957
0.0,0.07819354
0.0,0.075602256
2.0,0.07676929
0.0,0.075421356
0.0,0.018156882
0.0,0.088670924
0.0,0.13945982
0.0,0.072789244
0.0,0.12347133
0.0,0.06702578
0.0,0.121609375
0.0,0.07255062
0.0,0.08680315
0.0,0.13381721
0.0,0.059742942
0.0,0.06838207
1.0,0.082199804
1.0,0.09457179
0.0,0.070066206
1.0,0.08410399
0.0,0.12967381
0.0,0.02122087
0.0,0.09439752
0.0,0.069279835
0.0,0.061326485
0.0,0.09519148
0.0,0.06802386
1.0,0.097081006
0.0,0.068718344
0.0,0.074873075
0.0,0.08830399
0.0,0.13276155
0.0,0.11989901
0.0,0.09118073
0.0,0.06484374
0.0,0.117993444
0.0,0.07238137
0.0,0.048121035
0.0,0.10160805
0.0,0.09019762
0.0,0.09804883
0.0,0.068914406
0.0,0.08945507
0.0,0.057839774
0.0,0.097067416
0.0,0.0620374
0.0,0.114737846
0.0,0.058677617
0.0,0.082030654
0.0,0.12042532
0.0,0.08799782
0.0,0.05707797
0.0,0.10277043
0.0,0.10615117
0.0,0.07527789
0.0,0.024857083
0.0,0.09834262
0.0,0.09392518
0.0,0.08495504
0.0,0.13517588
1.0,0.065025054
0.0,0.08525188
0.0,0.06562516
0.0,0.08134677
0.0,0.078941725
0.0,0.09574442
0.0,0.120444156
0.0,0.013992868
0.0,0.09253301
0.0,0.13011326
0.0,0.07348451
0.0,0.12996803
0.0,0.11912402
0.0,0.0888
0.0,0.14253736
0.0,0.084176905
0.0,0.087549105
0.0,0.0926152
0.0,0.101132125
0.0,0.08351473
0.0,0.10170087
0.0,0.095321685
0.0,0.09588677
0.0,0.13332483
0.0,0.09472492
0.0,0.07306426
0.0,0.05674233
1.0,0.07677751
0.0,0.11274806
0.0,0.10559942
0.0,0.0759135
0.0,0.05026132
0.0,0.12452796
0.0,0.08357289
0.0,0.07898465
0.0,0.06265549
0.0,0.06122825
0.0,0.029825713
0.0,0.109869055
0.0,0.040570065
0.0,0.08045849
0.0,0.06376983
0.0,0.046488345
0.0,0.053410646
0.0,0.06231523
0.0,0.054358814
0.0,0.12869608
0.0,0.062233094
0.0,0.079959184
0.0,0.06925034
0.0,0.08485257
0.0,0.13751124
0.0,0.10279028
0.0,0.06296022
0.0,0.04086643
0.0,0.07433997
0.0,0.11926343
0.0,0.12662093
0.0,0.082746394
0.0,0.082183376
0.0,0.12033853
0.0,0.017638292
0.0,0.0063833646
0.0,0.06661464
0.0,0.05239922
0.0,0.15648127
0.0,0.10708312
0.0,0.13866138
0.0,0.115104616
0.0,0.12703708
0.0,0.09629635
0.0,0.06256141
0.0,0.09073469
0.0,0.060984746
0.0,0.11869635
0.0,0.11818997
1.0,0.13044983
0.0,0.07979758
0.0,0.013315028
0.0,0.087472014
0.0,0.05183253
0.0,0.04915695
0.0,0.078985594
0.0,0.1132865
0.0,0.08934913
0.0,0.11047759
1.0,0.14432855
0.0,0.08328363
0.0,0.11801564
0.0,0.07014185
0.0,0.05809007
0.0,0.062206425
0.0,0.13344929
0.0,0.119609274
0.0,0.120162785
0.0,0.07486942
1.0,0.124770105
1.0,0.08720504
0.0,0.06114705
0.0,0.034367263
0.0,0.063031234
0.0,0.049571972
0.0,0.06858252
0.0,0.10662043
0.0,0.094212115
0.0,0.06996698
0.0,0.05099827
0.0,0.08544705
0.0,0.06957655
0.0,0.09880714
0.0,0.10348169
0.0,0.11053023
0.0,0.075760536
0.0,0.053216524
0.0,0.08361754
0.0,0.12198057
0.0,0.107592076
0.0,0.12936842
0.0,0.07588045
0.0,0.089722976
0.0,0.06148253
0.0,0.07833358
0.0,0.11573853
0.0,0.07662818
0.0,0.09023391
0.0,0.08609318
0.0,0.11922727
0.0,0.06523524
0.0,0.071770094
1.0,0.10636349
0.0,0.07900503
0.0,0.051079676
0.0,0.08854234
1.0,0.06452466
0.0,0.083556175
0.0,0.057991
0.0,0.08625215
0.0,0.08831506
0.0,0.07707334
0.0,0.07140703
1.0,0.08983197
0.0,0.08313243
0.0,0.05020838
0.0,0.115615085
0.0,0.077037446
1.0,0.03604165
0.0,0.12059674
0.0,0.07031778
0.0,0.110534415
0.0,0.10654141
0.0,0.10417273
0.0,0.10951552
0.0,0.085602015
0.0,0.07414849
0.0,0.10384065
0.0,0.041187882
0.0,0.037633084
0.0,0.06747223
0.0,0.073757686
0.0,0.10872966
1.0,0.13764645
0.0,0.105891444
0.0,0.07419995
0.0,0.080180846
0.0,0.07527832
0.0,0.068146095
0.0,0.084489785
0.0,0.10775139
0.0,0.04351574
0.0,0.12526847
0.0,0.10306597
0.0,0.018702103
0.0,0.06697966
0.0,0.03736426
0.0,0.09881705
0.0,0.09887126
0.0,0.10514939
0.0,0.077578284
0.0,0.06951554
0.0,0.08508758
0.0,0.05064299
0.0,0.09429639
0.0,0.093444794
1.0,0.085590124
0.0,0.100782864
0.0,0.098516345
0.0,0.0431199
0.0,0.11461121
0.0,0.04488496
1.0,0.09144208
0.0,0.06574761
0.0,0.035993405
0.0,0.052837133
0.0,0.07168298
1.0,0.054552317
0.0,0.07984295
0.0,0.117308825
0.0,0.071402036
1.0,0.09323272
0.0,0.06269722
0.0,0.028205514
0.0,0.10802933
0.0,0.05891455
0.0,0.117490314
0.0,0.111938946
0.0,0.066264905
0.0,0.14794566
0.0,0.02351354
0.0,0.14434895
0.0,0.082078576
0.0,0.11849664
0.0,0.10749664
0.0,0.0683336
0.0,0.10364999
0.0,0.118195236
0.0,0.08395123
0.0,0.1144137
0.0,0.09226627
0.0,0.1068888
0.0,0.1375715
0.0,0.075739495
0.0,0.106514536
0.0,0.08524804
0.0,0.105394654
0.0,0.12229107
0.0,0.12162155
0.0,0.1249652
0.0,0.08341223
0.0,0.08927718
0.0,0.07979272
0.0,0.08076279
0.0,0.085901126
0.0,0.11378406
0.0,0.08200204
0.0,0.104222834
0.0,0.0722404
0.0,0.090546675
0.0,0.087838724
0.0,0.08821212
0.0,0.12956129
0.0,0.06103065
0.0,0.05806719
0.0,0.116117686
0.0,0.054098655
0.0,0.117898874
0.0,0.13223977
0.0,0.10864917
0.0,0.09950702
0.0,0.10534699
0.0,0.08773633
0.0,0.063105695
0.0,0.09299365
0.0,0.09040243
0.0,0.09217174
0.0,0.15852983
0.0,0.036757205
2.0,0.04760724
0.0,0.12527686
0.0,0.07608578
0.0,0.083737195
0.0,0.02282482
0.0,0.0850604
0.0,0.08995986
0.0,0.06842296
0.0,0.09403235
0.0,0.1202117
1.0,0.049680315
0.0,0.07926143
0.0,0.10451968
0.0,0.10546433
0.0,0.11473842
0.0,0.10224132
0.0,0.103689834
0.0,0.117118984
0.0,0.084789656
0.0,0.08125528
0.0,0.08496034
0.0,0.080030024
0.0,0.0876616
1.0,0.10667126
0.0,0.09365416
0.0,0.0869904
0.0,0.102257706
0.0,0.13874856
0.0,0.0890073
0.0,0.07597745
0.0,0.12712528
0.0,0.06464131
0.0,0.060142618
0.0,0.090936705
0.0,0.111730754
0.0,0.08459843
0.0,0.064232625
0.0,0.09011745
0.0,0.07822949
0.0,0.081363976
0.0,0.06926444
0.0,0.02937113
0.0,0.09720229
0.0,0.066313
0.0,0.1379634
0.0,0.06973749
0.0,0.12891594
0.0,0.09353248
0.0,0.06294849
0.0,0.08468904
0.0,0.095687345
0.0,0.17287563
0.0,0.07434388
0.0,0.11068212
0.0,0.07413423
0.0,0.109873824
0.0,0.08327143
0.0,0.12161065
0.0,0.09214026
0.0,0.07816942
0.0,0.10155752
0.0,0.09061405
0.0,0.09553489
0.0,0.07612628
0.0,0.064601064
0.0,0.06139911
0.0,0.094960675
0.0,0.16218956
0.0,0.064203136
0.0,0.05848001
0.0,0.06841976
0.0,0.104009435
0.0,0.08147775
0.0,0.11272696
0.0,0.080366895
0.0,0.08441454
0.0,0.10461908
0.0,0.095510975
0.0,0.10936353
0.0,0.07626949
0.0,0.099485695
0.0,0.08611745
0.0,0.049104065
0.0,0.07715273
0.0,0.07226169
0.0,0.094241954
0.0,0.14542222
0.0,0.09402542
0.0,0.07536856
0.0,0.14634953
0.0,0.09136114
0.0,0.07409827
0.0,0.06388587
1.0,0.08856016
0.0,0.11460613
0.0,0.056378733
0.0,0.10625237
0.0,0.13548549
0.0,0.1463241
0.0,0.112994716
0.0,0.12070771
0.0,0.04969246
0.0,0.06594767
0.0,0.015761904
0.0,0.09845443
0.0,0.08639536
1.0,0.058842074
0.0,0.14045408
0.0,0.07483585
0.0,0.077666745
0.0,0.09328018
0.0,0.059381932
0.0,0.043221593
0.0,0.08752045
0.0,0.08025675
0.0,0.06668326
0.0,0.061647296
0.0,0.11031729
0.0,0.05285902
0.0,0.10146132
0.0,0.07227562
0.0,0.12435748
0.0,0.07327838
0.0,0.018409204
0.0,0.056444015
0.0,0.06510021
0.0,0.080185525
0.0,0.06127171
0.0,0.051048875
0.0,0.057851814
0.0,0.11387715
0.0,0.08774854
0.0,0.09513864
0.0,0.11770339
1.0,0.08626968
0.0,0.10525629
0.0,0.058511138
0.0,0.06634013
0.0,0.08216669
0.0,0.05789525
0.0,0.10603785
0.0,0.10187886
0.0,0.06327881
0.0,0.021062337
0.0,0.08873895
0.0,0.06050456
0.0,0.092391476
0.0,0.120550685
0.0,0.14250739
0.0,0.0936255
0.0,0.04219757
0.0,0.05636521
0.0,0.1105883
0.0,0.050843466
0.0,0.029752353
0.0,0.07534558
0.0,0.11966581
0.0,0.08039154
0.0,0.09653887
0.0,0.09498115
0.0,0.08077523
0.0,0.12585087
0.0,0.08584642
0.0,0.12292444
0.0,0.09521581
0.0,0.084043086
0.0,0.061755344
0.0,0.10159116
0.0,0.07402774
0.0,0.111752786
0.0,0.09685148
0.0,0.08409464
0.0,0.06323166
0.0,0.093167365
0.0,0.031107245
0.0,0.061956014
0.0,0.079211704
0.0,0.06811367
0.0,0.09430183
0.0,0.10434703
0.0,0.08865687
0.0,0.10423894
0.0,0.078388974
0.0,0.1240769
0.0,0.06899796
0.0,0.05213722
0.0,0.10504875
0.0,0.1254846
0.0,0.04263685
0.0,0.10224405
0.0,0.091365956
0.0,0.08186747
0.0,0.07755715
0.0,0.06265401
0.0,0.10780194
0.0,0.053692978
0.0,0.09177373
0.0,0.11761991
0.0,0.04676651
0.0,0.04882708
0.0,0.09700754
0.0,0.06467468
0.0,0.11586559
1.0,0.06290561
0.0,0.09490826
0.0,0.122233525
0.0,0.08717785
0.0,0.029616816
0.0,0.09584565
0.0,0.014579777
0.0,0.053983882
0.0,0.117901914
0.0,0.112002
0.0,0.053524867
0.0,0.12766492
0.0,0.12184027
0.0,0.0801495
0.0,0.100065276
0.0,0.02026676
0.0,0.09892362
0.0,0.11121526
0.0,0.123575404
0.0,0.05928711
0.0,0.06732417
0.0,0.06106162
0.0,0.08255134
0.0,0.077506565
0.0,0.072707504
0.0,0.015776198
0.0,0.03590105
0.0,0.109140255
0.0,0.104562946
0.0,0.06427086
0.0,0.066979036
0.0,0.037963174
0.0,0.13360734
0.0,0.09933029
0.0,0.13090079
0.0,0.11477243
0.0,0.120521285
0.0,0.075824596
0.0,0.07624702
0.0,0.065139815
0.0,0.051478803
0.0,0.060437188
0.0,0.09679155
0.0,0.08151424
0.0,0.121598214
0.0,0.0497177
0.0,0.113893196
0.0,0.09531396
0.0,0.08866732
0.0,0.059119802
0.0,0.121697575
0.0,0.06277227
0.0,0.08528967
0.0,0.090675734
0.0,0.081639335
0.0,0.076081485
0.0,0.08513085
0.0,0.103440665
0.0,0.11374812
1.0,0.09485686
0.0,0.086375386
0.0,0.09075658
0.0,0.051330116
0.0,0.069878355
0.0,0.07139513
0.0,0.07243375
0.0,0.10692005
0.0,0.17271829
0.0,0.07683358
0.0,0.0691136
0.0,0.12545717
0.0,0.038173396
0.0,0.10022513
0.0,0.114072636
0.0,0.050326332
0.0,0.08614849
0.0,0.12492987
0.0,0.050538257
0.0,0.064987235
0.0,0.079938985
1.0,0.11130047
0.0,0.12026261
0.0,0.07670568
0.0,0.053679757
1.0,0.042492863
0.0,0.07316613
0.0,0.099822745
0.0,0.11157003
0.0,0.11934598
0.0,0.09676163
0.0,0.083916724
0.0,0.040307157
0.0,0.10565938
0.0,0.1295822
0.0,0.091398984
0.0,0.086800694
0.0,0.0720443
0.0,0.112632394
0.0,0.07734254
0.0,0.096017666
0.0,0.14057747
0.0,0.0105820075
0.0,0.10861483
0.0,0.09148151
0.0,0.065131895
0.0,0.06368151
0.0,0.09486876
0.0,0.07124075
0.0,0.095486075
0.0,0.097479604
0.0,0.122529216
0.0,0.09596473
0.0,0.072032034
0.0,0.05633364
0.0,0.07693007
0.0,0.12972733
0.0,0.11119488
0.0,0.07162681
0.0,0.077802315
0.0,0.061360504
0.0,0.08310976
0.0,0.058574114
0.0,0.10656224
0.0,0.094015785
0.0,0.05232664
0.0,0.027844926
0.0,0.064497985
0.0,0.10124551
0.0,0.061640475
0.0,0.117714174
0.0,0.093501106
0.0,0.021665774
0.0,0.08798043
0.0,0.06691065
0.0,0.019051932
0.0,0.03820376
0.0,0.11373168
1.0,0.09604713
0.0,0.11518414
0.0,0.12720789
0.0,0.10572563
0.0,0.068297885
0.0,0.072029576
0.0,0.0432641
1.0,0.08405499
0.0,0.08009538
0.0,0.07514249
0.0,0.05946087
0.0,0.14326969
0.0,0.058758266
1.0,0.0803137
0.0,0.064499184
0.0,0.079518355
0.0,0.10119693
0.0,0.08614802
0.0,0.06408263
0.0,0.09959385
0.0,0.052702427
0.0,0.045098513
0.0,0.116435
0.0,0.06382518
0.0,0.06918558
0.0,0.081652164
0.0,0.07074519
0.0,0.08536062
0.0,0.1168612
1.0,0.07020881
0.0,0.13878629
0.0,0.06989042
0.0,0.109322265
0.0,0.087417245
0.0,0.05868169
0.0,0.072355315
0.0,0.09612484
0.0,0.038559426
0.0,0.06624511
0.0,0.07404504
0.0,0.093367495
0.0,0.066594824
0.0,0.13022873
0.0,0.089813665
0.0,0.048475318
0.0,0.08936739
0.0,0.07195016
0.0,0.12834108
0.0,0.054796547
0.0,0.072211914
0.0,0.07958436
0.0,0.066708
0.0,0.11844066
0.0,0.111743435
0.0,0.070938416
0.0,0.09114908
0.0,0.102225944
0.0,0.12820342
0.0,0.09208004
0.0,0.12264513
0.0,0.14139175
0.0,0.08623786
0.0,0.075930566
0.0,0.11972628
0.0,0.14037006
0.0,0.037766427
0.0,0.075253986
1.0,0.06346094
0.0,0.10250756
0.0,0.0638573
0.0,0.107360944
0.0,0.07483028
0.0,0.1301153
0.0,0.03773073
0.0,0.0886145
0.0,0.101026304
0.0,0.09828623
0.0,0.05145664
0.0,0.09368272
0.0,0.034019303
0.0,0.09760091
0.0,0.080621175
0.0,0.08959767
0.0,0.06397958
0.0,0.09088312
0.0,0.083654
0.0,0.07956451
0.0,0.07258622
0.0,0.148135
0.0,0.089215174
0.0,0.109407164
0.0,0.114933796
0.0,0.092944905
0.0,0.052832007
0.0,0.0761503
0.0,0.060251318
0.0,0.12894899
1.0,0.058644794
0.0,0.08027721
0.0,0.096053
0.0,0.10283132
0.0,0.075273976
0.0,0.13937987
0.0,0.09306995
0.0,0.10833435
0.0,0.09182009
0.0,0.0400933
0.0,0.10501585
0.0,0.017777234
0.0,0.050050925
0.0,0.06595908
0.0,0.075690754
1.0,0.047693864
0.0,0.067902885
0.0,0.072709896
0.0,0.046013348
0.0,0.05828066
0.0,0.035626408
0.0,0.12684472
1.0,0.09454884
0.0,0.019165756
0.0,0.07128802
0.0,0.07448617
1.0,0.063721806
0.0,0.12424324
0.0,0.06417008
0.0,0.10153434
0.0,0.063988365
0.0,0.10432802
0.0,0.07211844
0.0,0.078916885
0.0,0.070686474
0.0,0.047174856
0.0,0.0904377
0.0,0.07855425
0.0,0.08357552
0.0,0.05891663
0.0,0.11547225
0.0,0.06477238
0.0,0.07381826
0.0,0.03529414
0.0,0.10115262
1.0,0.07116216
0.0,0.08038987
0.0,0.09158617
0.0,0.12301072
0.0,0.073525205
0.0,0.124707595
0.0,0.07803702
0.0,0.07680647
0.0,0.07651123
0.0,0.07257117
0.0,0.089721784
0.0,0.07828666
0.0,0.10103404
0.0,0.061846346
0.0,0.09705147
0.0,0.08658609
0.0,0.16168536
0.0,0.08286856
0.0,0.11630898
0.0,0.12533201
0.0,0.0918214
0.0,0.1309594
0.0,0.13700286
0.0,0.03102916
0.0,0.08694902
0.0,0.086538
0.0,0.06299883
0.0,0.05502584
0.0,0.049805958
0.0,0.122528575
0.0,0.1233299
0.0,0.042999405
0.0,0.08081015
0.0,0.08405275
0.0,0.11667268
0.0,0.08664056
1.0,0.07641231
0.0,0.049808
0.0,0.07448381
0.0,0.13652612
0.0,0.07880253
0.0,0.09435596
0.0,0.11674488
0.0,0.13045003
1.0,0.0882272
0.0,0.07685953
0.0,0.085915685
0.0,0.06545239
0.0,0.1274924
0.0,0.13663393
0.0,0.0412131
0.0,0.1013404
0.0,0.1517433
0.0,0.08855593
0.0,0.08114122
0.0,0.07720508
0.0,0.103545904
0.0,0.061473884
0.0,0.0846782
0.0,0.068987
0.0,0.07986572
0.0,0.07155332
0.0,0.07352575
0.0,0.10864803
0.0,0.057794258
0.0,0.056279123
0.0,0.14561339
0.0,0.07916416
0.0,0.09769873
0.0,0.042966887
0.0,0.033354826
0.0,0.057372246
0.0,0.065677
0.0,0.03595483
0.0,0.10108237
0.0,0.056958776
0.0,0.094282046
0.0,0.09183156
0.0,0.09790911
0.0,0.09321216
0.0,0.084337115
1.0,0.0771618
0.0,0.1283165
0.0,0.10276166
0.0,0.049979474
0.0,0.09256723
0.0,0.06699991
0.0,0.11745816
0.0,0.06411949
0.0,0.11070173
0.0,0.13816063
0.0,0.10439351
0.0,0.10514332
0.0,0.09324181
0.0,0.104760826
0.0,0.07000075
0.0,0.060806587
0.0,0.12754948
0.0,0.10808505
0.0,0.114598855
0.0,0.06826365
0.0,0.0743701
0.0,0.0563597
0.0,0.07067951
0.0,0.09047387
0.0,0.044560708
0.0,0.07255534
0.0,0.057042476
0.0,0.1307404
0.0,0.055900272
0.0,0.09705948
0.0,0.079880685
0.0,0.07589442
0.0,0.07881373
0.0,0.053620927
0.0,0.08240177
0.0,0.077488385
0.0,0.107790396
0.0,0.07744129
0.0,0.1389963
0.0,0.069054306
0.0,0.13223045
0.0,0.07380281
0.0,0.05734349
0.0,0.10735721
0.0,0.083239846
0.0,0.06851967
0.0,0.077133045
0.0,0.106645145
0.0,0.03630516
0.0,0.08441865
0.0,0.1233222
0.0,0.06978664
0.0,0.09228523
0.0,0.06778015
0.0,0.086441964
1.0,0.049847692
0.0,0.09262203
0.0,0.10126555
0.0,0.064803
1.0,0.08275839
0.0,0.036848795
0.0,0.09706469
0.0,0.12485399
0.0,0.11511968
1.0,0.047372557
0.0,0.07683622
0.0,0.11074568
0.0,0.06945552
0.0,0.06276329
0.0,0.0321411
0.0,0.08187416
0.0,0.09575513
0.0,0.10340612
0.0,0.13928208
0.0,0.07829112
0.0,0.07155562
0.0,0.1275473
0.0,0.09377886
0.0,0.08205357
0.0,0.07253969
0.0,0.06670787
0.0,0.067563824
0.0,0.08850135
0.0,0.09202108
0.0,0.121001706
0.0,0.086520255
0.0,0.104385845
0.0,0.078308895
0.0,0.087757416
0.0,0.05840478
0.0,0.07524654
0.0,0.06487964
0.0,0.06479802
0.0,0.09769365
0.0,0.089404464
0.0,0.082680374
0.0,0.059887208
0.0,0.123678446
0.0,0.05133457
0.0,0.09253212
0.0,0.08079081
0.0,0.11609001
0.0,0.10725242
0.0,0.13587955
0.0,0.08373496
0.0,0.10357287
0.0,0.09831622
0.0,0.073288865
0.0,0.05837403
0.0,0.09485921
0.0,0.085474655
0.0,0.04679186
0.0,0.060225468
0.0,0.117729135
0.0,0.057948984
0.0,0.07330445
0.0,0.097864956
0.0,0.0758827
1.0,0.056736376
0.0,0.09516096
0.0,0.082173504
0.0,0.042057376
0.0,0.13915493
0.0,0.087589025
0.0,0.106545195
0.0,0.0641654
0.0,0.082996175
0.0,0.058727372
0.0,0.06921803
0.0,0.12903042
0.0,0.076264255
0.0,0.070169784
0.0,0.09016062
0.0,0.056032024
0.0,0.069931656
0.0,0.11687076
0.0,0.15244503
0.0,0.07587789
0.0,0.061389316
0.0,0.079110056
0.0,0.09690994
0.0,0.062686644
0.0,0.058302063
0.0,0.08082356
0.0,0.060466316
0.0,0.13874933
0.0,0.13274843
0.0,0.032988947
0.0,0.12179737
0.0,0.06275183
0.0,0.033840872
0.0,0.08405039
0.0,0.08180047
0.0,0.08812536
0.0,0.14511599
0.0,0.13156271
0.0,0.10065425
0.0,0.04007623
0.0,0.099228725
0.0,0.08426934
0.0,0.07216237
0.0,0.08326388
0.0,0.056056973
0.0,0.051051967
0.0,0.061169796
0.0,0.07763231
0.0,0.105610974
0.0,0.03880937
0.0,0.077632755
0.0,0.103845
0.0,0.06796795
0.0,0.08746135
0.0,0.12590547
0.0,0.100237414
0.0,0.10013627
0.0,0.111509025
0.0,0.063755654
0.0,0.0410874
0.0,0.12202784
0.0,0.16523138
0.0,0.06385721
0.0,0.09206867
0.0,0.09395622
0.0,0.088504076
0.0,0.112728275
0.0,0.059271365
0.0,0.06014735
0.0,0.029857486
0.0,0.040802468
0.0,0.08077833
0.0,0.10538149
0.0,0.070199706
0.0,0.09697214
0.0,0.1196421
0.0,0.051280722
0.0,0.112527415
0.0,0.0937715
1.0,0.105785206
0.0,0.08451882
0.0,0.06510538
0.0,0.114623204
0.0,0.10336624
0.0,0.07009785
0.0,0.11701
0.0,0.1335327
0.0,0.09035171
0.0,0.08202772
0.0,0.13203081
0.0,0.14600857
0.0,0.09966406
1.0,0.08984568
0.0,0.069734976
0.0,0.092285275
1.0,0.090485126
0.0,0.061349124
0.0,0.023155808
0.0,0.08789683
0.0,0.07844177
0.0,0.073127046
0.0,0.032777432
0.0,0.069137774
0.0,0.041977115
0.0,0.08239983
0.0,0.06919665
0.0,0.09569743
0.0,0.10097954
0.0,0.0468022
0.0,0.056448027
0.0,0.09124897
0.0,0.041405763
0.0,0.08563982
0.0,0.07785501
0.0,0.067422606
0.0,0.10162101
0.0,0.12758036
1.0,0.13021591
0.0,0.054953024
0.0,0.057841126
1.0,0.04883779
0.0,0.103420965
0.0,0.07990385
0.0,0.037269745
0.0,0.08301791
0.0,0.07312818
0.0,0.069458686
0.0,0.019959385
0.0,0.047174506
0.0,0.13396877
0.0,0.09182617
0.0,0.09230153
0.0,0.0951579
0.0,0.102581054
0.0,0.09134147
0.0,0.11297392
0.0,0.051319774
0.0,0.13064511
0.0,0.050113566
0.0,0.09085505
0.0,0.12198621
0.0,0.076161355
0.0,0.07554485
0.0,0.097538255
0.0,0.0579582
0.0,0.038825586
0.0,0.124076694
0.0,0.067356184
0.0,0.08048804
0.0,0.06775409
0.0,0.07868205
0.0,0.07111229
0.0,0.06550315
0.0,0.098179564
0.0,0.11610363
0.0,0.07650054
0.0,0.08970244
0.0,0.13171597
0.0,0.08723781
0.0,0.089096025
0.0,0.07696827
0.0,0.09686936
0.0,0.053542454
0.0,0.13113646
0.0,0.113590635
0.0,0.13081476
0.0,0.09839825
0.0,0.05646927
0.0,0.070321485
0.0,0.11296078
0.0,0.10106617
0.0,0.1081773
1.0,0.08721976
0.0,0.11062044
0.0,0.06965092
0.0,0.098685816
0.0,0.08004731
0.0,0.12483685
0.0,0.05499554
0.0,0.12019568
0.0,0.069202654
0.0,0.08379887
0.0,0.029161286
1.0,0.08490759
0.0,0.07889156
0.0,0.1128611
0.0,0.07393105
0.0,0.10658988
0.0,0.09939174
1.0,0.07982372
0.0,0.069335766
0.0,0.08332034
0.0,0.13827886
0.0,0.08712062
0.0,0.11560169
0.0,0.04902448
0.0,0.098505944
0.0,0.03674937
0.0,0.100677624
0.0,0.0777696
0.0,0.0770625
1.0,0.10254352
0.0,0.07564881
0.0,0.122398935
0.0,0.09243241
0.0,0.12177199
0.0,0.04564039
0.0,0.068792455
0.0,0.06336898
0.0,0.08980347
0.0,0.10566049
0.0,0.10503065
0.0,0.13077955
0.0,0.0957397
0.0,0.045475595
0.0,0.10366398
1.0,0.09429592
0.0,0.06584784
0.0,0.089332044
0.0,0.13543148
0.0,0.054193333
0.0,0.11551832
0.0,0.10876682
0.0,0.099345826
0.0,0.09650688
0.0,0.05366701
0.0,0.098188624
0.0,0.114447914
0.0,0.08540705
0.0,0.034725077
0.0,0.044121824
0.0,0.07935892
0.0,0.05533966
0.0,0.12820175
0.0,0.035666894
0.0,0.13913836
0.0,0.05267357
0.0,0.057964183
0.0,0.041212566
0.0,0.087196186
0.0,0.048517928
0.0,0.02438042
1.0,0.064808585
0.0,0.08870895
0.0,0.14948177
0.0,0.07759953
0.0,0.10154603
0.0,0.08057237
0.0,0.069806784
0.0,0.093923524
0.0,0.05321107
0.0,0.09708616
0.0,0.12281227
0.0,0.07955386
0.0,0.056400403
0.0,0.039000627
0.0,0.12965164
0.0,0.057815067
0.0,0.06702578
0.0,0.14343558
0.0,0.10434225
0.0,0.10189135
0.0,0.098406486
0.0,0.09330227
0.0,0.035868745
0.0,0.06213095
0.0,0.048800986
0.0,0.1231926
0.0,0.09927953
0.0,0.14227687
0.0,0.086491406
0.0,0.06983492
0.0,0.06915675
0.0,0.07594496
1.0,0.0435804
0.0,0.06952071
0.0,0.06953454
0.0,0.13092169
0.0,0.08996889
0.0,0.11110361
0.0,0.06345357
0.0,0.1188854
0.0,0.09585319
0.0,0.07511884
0.0,0.06172218
0.0,0.094390295
0.0,0.06860666
0.0,0.05119819
0.0,0.06748838
0.0,0.08094205
1.0,0.08645041
0.0,0.10515099
0.0,0.06935447
0.0,0.12923831
0.0,0.051634356
0.0,0.07355859
0.0,0.012964913
1.0,0.104654826
0.0,0.070911326
0.0,0.08816647
0.0,0.09787067
0.0,0.087768
1.0,0.07125818
0.0,0.098815076
0.0,0.0743133
0.0,0.084017724
0.0,0.14575844
0.0,0.13276583
0.0,0.078429334
0.0,0.04898484
0.0,0.10866891
0.0,0.010687616
0.0,0.10677085
0.0,0.083711386
0.0,0.06265469
0.0,0.12070006
0.0,0.06652294
0.0,0.06305017
0.0,0.07481394
0.0,0.039116263
0.0,0.12799776
0.0,0.082860544
0.0,0.07784955
0.0,0.119515575
1.0,0.058013294
0.0,0.083954975
0.0,0.082418256
0.0,0.09552209
0.0,0.052534997
0.0,0.11671499
0.0,0.099779636
0.0,0.062800385
0.0,0.11569439
0.0,0.10429233
0.0,0.08409741
0.0,0.06978865
0.0,0.14306508
0.0,0.07566334
0.0,0.07416727
0.0,0.08811923
0.0,0.08945973
0.0,0.13322906
0.0,0.13546911
0.0,0.13607098
0.0,0.11470713
0.0,0.05879658
0.0,0.0705857
0.0,0.11847644
0.0,0.090513244
0.0,0.009830113
0.0,0.10385451
0.0,0.066697255
0.0,0.020981617
0.0,0.111425094
0.0,0.09175514
0.0,0.043474227
0.0,0.022989659
1.0,0.090485275
0.0,0.12914045
0.0,0.050494812
0.0,0.09865359
0.0,0.101353034
0.0,0.07505588
0.0,0.103191756
0.0,0.085843734
0.0,0.12920928
0.0,0.0888518
0.0,0.05882705
0.0,0.09031895
0.0,0.054067656
0.0,0.08513377
0.0,0.10260694
0.0,0.09792867
0.0,0.034703974
0.0,0.11921073
0.0,0.06884766
0.0,0.09020266
0.0,0.06756941
0.0,0.07878552
0.0,0.10353519
0.0,0.08440615
0.0,0.09224126
0.0,0.046196148
0.0,0.091545865
0.0,0.059003264
0.0,0.099020064
0.0,0.07101069
0.0,0.08706726
0.0,0.09790717
0.0,0.111860424
0.0,0.077228956
0.0,0.1252298
0.0,0.1641812
0.0,0.05117949
0.0,0.10005158
0.0,0.071578346
0.0,0.029384647
0.0,0.06208053
0.0,0.08727318
2.0,0.048684437
0.0,0.07172812
0.0,0.10780135
0.0,0.11942189
0.0,0.12052772
0.0,0.03714163
0.0,0.09447712
0.0,0.14879437
0.0,0.0761635
0.0,0.046220504
0.0,0.06409892
0.0,0.11227042
0.0,0.068271995
0.0,0.07368673
0.0,0.10134559
0.0,0.056860544
0.0,0.119117685
0.0,0.10892724
0.0,0.09676504
0.0,0.1087713
0.0,0.08529575
0.0,0.08187422
0.0,0.0807298
0.0,0.10986038
0.0,0.09264402
0.0,0.10422058
0.0,0.13816147
0.0,0.08038379
0.0,0.069477335
0.0,0.054995358
0.0,0.064592145
1.0,0.051644232
0.0,0.095270135
0.0,0.118088655
0.0,0.08335489
1.0,0.06687738
0.0,0.058037616
0.0,0.08224336
0.0,0.11597811
0.0,0.07707432
0.0,0.036223106
0.0,0.092734516
0.0,0.07050787
0.0,0.051470112
0.0,0.07798126
0.0,0.045470685
0.0,0.13435754
0.0,0.077799425
0.0,0.09170169
0.0,0.07718088
0.0,0.064826116
0.0,0.051240854
0.0,0.07317309
0.0,0.06465262
0.0,0.13842061
0.0,0.10501985
0.0,0.13351895
0.0,0.05302728
0.0,0.07170373
0.0,0.089807086
0.0,0.12766206
0.0,0.07892901
0.0,0.14284497
0.0,0.13902988
0.0,0.041866492
0.0,0.115598276
0.0,0.09360063
0.0,0.07069641
0.0,0.076868154
0.0,0.13253945
1.0,0.07828505
0.0,0.09480034
0.0,0.11438026
0.0,0.12487341
0.0,0.069939844
0.0,0.097943805
0.0,0.109231204
0.0,0.08608635
0.0,0.06492473
0.0,0.128991
0.0,0.13630652
0.0,0.080805376
0.0,0.13529685
0.0,0.071681805
0.0,0.1171934
0.0,0.08238576
0.0,0.07925319
0.0,0.049316257
0.0,0.14358397
0.0,0.099042825
0.0,0.09787358
0.0,0.08646074
0.0,0.08143675
1.0,0.08616776
0.0,0.025422854
0.0,0.06505799
0.0,0.08326313
1.0,0.06075863
1.0,0.07578799
0.0,0.11830113
0.0,0.07517146
0.0,0.10765658
0.0,0.085523725
0.0,0.09338981
0.0,0.016295612
0.0,0.07294633
0.0,0.06143876
0.0,0.070984945
0.0,0.11582839
0.0,0.10835975
0.0,0.11892529
0.0,0.06182525
0.0,0.09242713
0.0,0.10461092
0.0,0.09106067
0.0,0.07528862
0.0,0.086988166
0.0,0.10092336
0.0,0.07324065
0.0,0.05481756
0.0,0.07693803
0.0,0.08597189
1.0,0.11435976
0.0,0.06106369
0.0,0.07992814
0.0,0.07667306
0.0,0.08619322
0.0,0.08303774
0.0,0.13880979
0.0,0.10183801
0.0,0.07549753
0.0,0.034976702
0.0,0.07136805
0.0,0.102420256
0.0,0.15702549
0.0,0.09956184
0.0,0.083876744
0.0,0.07751239
1.0,0.049550857
0.0,0.07493095
0.0,0.05677956
0.0,0.07016261
0.0,0.11932939
0.0,0.083098024
0.0,0.07812917
0.0,0.066593334
0.0,0.15701565
0.0,0.10640514
0.0,0.094353914
0.0,0.11026741
0.0,0.08275835
0.0,0.1330142
0.0,0.047997892
0.0,0.028899837
0.0,0.083005205
0.0,0.08373648
0.0,0.08063821
0.0,0.09803735
0.0,0.06136893
0.0,0.1384717
0.0,0.0918341
0.0,0.06911319
0.0,0.07306921
0.0,0.14989406
0.0,0.0905323
0.0,0.093911946
0.0,0.08920764
0.0,0.08627219
0.0,0.12092012
0.0,0.08184977
0.0,0.12010418
0.0,0.07921378
0.0,0.13239549
0.0,0.0055778176
0.0,0.014626284
0.0,0.13538386
0.0,0.034675594
0.0,0.07535054
0.0,0.088310935
0.0,0.04704444
0.0,0.08833018
0.0,0.13106798
0.0,0.14876446
0.0,0.119440146
1.0,0.08976688
0.0,0.07513292
0.0,0.10207397
0.0,0.08110822
0.0,0.040375628
0.0,0.07292228
0.0,0.112664245
0.0,0.10034688
0.0,0.1198871
0.0,0.063843735
0.0,0.08088915
0.0,0.079534434
0.0,0.08701465
0.0,0.06536955
0.0,0.031032918
0.0,0.07269069
0.0,0.091855995
0.0,0.051472176
0.0,0.06970207
0.0,0.08397736
0.0,0.10961521
0.0,0.12179226
0.0,0.1075091
0.0,0.042649057
0.0,0.086053796
0.0,0.09951402
0.0,0.059743285
0.0,0.12924016
0.0,0.10357761
0.0,0.06301908
0.0,0.101674765
0.0,0.08015776
0.0,0.0723081
0.0,0.12625973
0.0,0.050709706
0.0,0.03840126
0.0,0.14630885
0.0,0.019671462
0.0,0.034246046
0.0,0.048616365
0.0,0.08267809
0.0,0.04464989
0.0,0.08253093
0.0,0.06706093
0.0,0.061777774
0.0,0.09456735
0.0,0.067418635
0.0,0.106534705
0.0,0.038993914
0.0,0.15251002
0.0,0.10864047
0.0,0.09054308
0.0,0.08864732
0.0,0.06623282
0.0,0.12123879
1.0,0.06245028
0.0,0.07035936
0.0,0.054929927
0.0,0.0783361
0.0,0.062405374
0.0,0.09849706
0.0,0.09969034
0.0,0.07995244
0.0,0.07133719
0.0,0.07544803
0.0,0.111928456
0.0,0.0903901
0.0,0.0398494
0.0,0.08273114
0.0,0.09628503
0.0,0.11746247
0.0,0.10671196
0.0,0.05491745
0.0,0.1242584
0.0,0.024955157
0.0,0.10478246
0.0,0.12382467
0.0,0.08316657
0.0,0.07541826
0.0,0.08033754
0.0,0.06882925
0.0,0.08279668
0.0,0.063693635
0.0,0.06416156
0.0,0.111881204
0.0,0.15608443
0.0,0.060136996
0.0,0.08083237
0.0,0.15339227
1.0,0.038973697
0.0,0.08713679
0.0,0.09042537
0.0,0.047418572
1.0,0.074536785
0.0,0.0648386
0.0,0.12984098
0.0,0.124919794
0.0,0.09605906
0.0,0.008104064
0.0,0.022700157
0.0,0.1227469
0.0,0.089639544
0.0,0.037037175
0.0,0.05664675
0.0,0.12867565
0.0,0.050635673
0.0,0.072796725
0.0,0.072891116
1.0,0.05467281
0.0,0.0837467
0.0,0.117412806
0.0,0.0928883
0.0,0.066336684
0.0,0.07081028
0.0,0.108373724
0.0,0.05809756
0.0,0.0653712
0.0,0.104293
0.0,0.0794265
0.0,0.09129743
0.0,0.07077639
0.0,0.064145885
0.0,0.074794754
0.0,0.06602861
0.0,0.1036152
0.0,0.06868326
0.0,0.08495052
0.0,0.059129823
0.0,0.10583919
0.0,0.091310926
0.0,0.13650633
0.0,0.06217324
0.0,0.07899742
0.0,0.026207121
0.0,0.08834
0.0,0.06268872
0.0,0.06035478
0.0,0.051334765
0.0,0.08407287
0.0,0.114531115
0.0,0.1021765
0.0,0.11580793
0.0,0.10219151
0.0,0.071928
0.0,0.052437615
0.0,0.109685056
0.0,0.11964695
0.0,0.04925371
0.0,0.05874405
0.0,0.10581437
0.0,0.099824056
0.0,0.08364475
0.0,0.08332592
0.0,0.13624595
1.0,0.117714286
0.0,0.048462573
0.0,0.06733945
1.0,0.09454456
0.0,0.08215019
0.0,0.104818135
0.0,0.13766143
0.0,0.092524186
0.0,0.08233899
0.0,0.08752642
0.0,0.08761079
0.0,0.078539416
0.0,0.13681155
0.0,0.11051236
0.0,0.06707985
0.0,0.06098134
0.0,0.060916618
0.0,0.07735731
0.0,0.0793251
0.0,0.121538386
0.0,0.091690406
0.0,0.052484307
0.0,0.10780194
0.0,0.12553418
0.0,0.07629231
0.0,0.047959298
0.0,0.06649272
0.0,0.07724859
1.0,0.0780783
1.0,0.06827965
0.0,0.099862665
0.0,0.09979262
0.0,0.08852657
0.0,0.12966415
0.0,0.062266253
0.0,0.11874815
0.0,0.10222702
0.0,0.09461288
0.0,0.112723485
1.0,0.08510491
0.0,0.09050521
0.0,0.07634643
0.0,0.0884692
0.0,0.10748398
0.0,0.07924909
0.0,0.09914213
0.0,0.09556022
0.0,0.105866455
0.0,0.0880612
0.0,0.092286706
0.0,0.039365202
0.0,0.12410628
0.0,0.062083032
0.0,0.06057823
0.0,0.09819975
0.0,0.06661411
0.0,0.09381042
0.0,0.08161601
0.0,0.061240047
0.0,0.11506798
0.0,0.04944653
0.0,0.09370321
0.0,0.06926876
0.0,0.11924973
0.0,0.056020122
0.0,0.09960446
0.0,0.09985039
0.0,0.09585319
0.0,0.059310336
0.0,0.061117593
0.0,0.09650762
0.0,0.070842266
0.0,0.112729184
0.0,0.10853867
0.0,0.1044765
0.0,0.06959187
0.0,0.045591995
0.0,0.1284734
0.0,0.08847365
0.0,0.04866465
0.0,0.08352086
0.0,0.11178562
0.0,0.069655895
0.0,0.07747141
0.0,0.12290595
0.0,0.06377812
0.0,0.06398895
0.0,0.03486441
0.0,0.053100787
0.0,0.07770082
1.0,0.07685247
0.0,0.0949873
0.0,0.08789314
0.0,0.07462786
0.0,0.12477528
0.0,0.10835262
0.0,0.08716243
0.0,0.098636255
0.0,0.09520891
0.0,0.071509436
0.0,0.07241496
1.0,0.07367794
0.0,0.06854071
0.0,0.087361194
1.0,0.08928935
0.0,0.12936534
0.0,0.08071813
1.0,0.07417114
0.0,0.043151885
0.0,0.09873983
0.0,0.084290795
0.0,0.08690282
0.0,0.12928456
0.0,0.07032801
0.0,0.062010486
0.0,0.107264005
0.0,0.121838585
0.0,0.092573434
0.0,0.10228343
0.0,0.08154275
0.0,0.07506565
0.0,0.09254651
0.0,0.015081243
0.0,0.07789547
0.0,0.10990914
0.0,0.057958797
0.0,0.10247802
0.0,0.078075506
0.0,0.097102
0.0,0.08522256
0.0,0.09180993
0.0,0.06797638
0.0,0.105765894
0.0,0.11963098
0.0,0.046378877
0.0,0.10517165
0.0,0.05954446
0.0,0.10422967
0.0,0.12903744
0.0,0.018106192
0.0,0.1034621
0.0,0.061836217
0.0,0.08432931
0.0,0.08658616
0.0,0.047629863
0.0,0.10227175
0.0,0.09934365
0.0,0.08042451
0.0,0.058785282
0.0,0.122520015
0.0,0.14234695
1.0,0.10929297
0.0,0.12122564
0.0,0.024150051
0.0,0.05160285
0.0,0.084449105
0.0,0.033510324
0.0,0.058501873
0.0,0.10974496
0.0,0.043751806
0.0,0.058928177
0.0,0.08068069
0.0,0.07211811
0.0,0.059917886
0.0,0.046420127
0.0,0.08067152
0.0,0.09129016
0.0,0.030134028
0.0,0.08945057
0.0,0.08032724
0.0,0.081455335
0.0,0.07216191
0.0,0.13302545
1.0,0.057921953
0.0,0.10116506
0.0,0.10285583
0.0,0.07115411
0.0,0.040537387
0.0,0.11952632
0.0,0.014653286
0.0,0.06480874
0.0,0.057275295
0.0,0.09304847
0.0,0.077070184
0.0,0.121883936
0.0,0.09051585
0.0,0.1216927
0.0,0.07862723
0.0,0.12112501
0.0,0.058935806
0.0,0.07369419
0.0,0.13735843
0.0,0.055885535
0.0,0.11952432
0.0,0.07420227
0.0,0.06676735
0.0,0.09008686
0.0,0.14701407
0.0,0.058059122
1.0,0.07036617
0.0,0.060267065
0.0,0.0714937
0.0,0.11651037
0.0,0.08613139
0.0,0.041486368
0.0,0.068095684
0.0,0.049421888
0.0,0.051304325
0.0,0.08455796
0.0,0.08314662
0.0,0.0829419
1.0,0.09057483
0.0,0.07387587
0.0,0.08137222
0.0,0.09147915
0.0,0.09359568
0.0,0.09389141
0.0,0.084483296
0.0,0.07820935
1.0,0.08095233
0.0,0.065368064
0.0,0.08265968
0.0,0.055604465
0.0,0.120586276
0.0,0.06247804
0.0,0.06666018
0.0,0.07335512
0.0,0.06892542
0.0,0.08556651
0.0,0.04071629
0.0,0.10929926
0.0,0.08683048
0.0,0.04241345
0.0,0.06176228
0.0,0.05810389
1.0,0.04415989
0.0,0.14547236
0.0,0.090413496
0.0,0.07369962
0.0,0.08847739
0.0,0.10911624
0.0,0.09335207
0.0,0.10377625
0.0,0.04706247
0.0,0.070973076
0.0,0.1023186
0.0,0.08444576
0.0,0.12037799
0.0,0.057474613
0.0,0.080037594
1.0,0.09820457
0.0,0.07807491
0.0,0.09386883
0.0,0.101103336
0.0,0.09838371
1.0,0.120723486
0.0,0.05504506
0.0,0.09334737
0.0,0.13625178
0.0,0.09137001
0.0,0.055626914
0.0,0.12967293
1.0,0.013644487
1.0,0.07979871
0.0,0.098675966
0.0,0.075438544
0.0,0.08594367
0.0,0.11890167
0.0,0.08611409
0.0,0.09239196
0.0,0.0862516
0.0,0.10668485
0.0,0.11878071
0.0,0.11242487
0.0,0.11583046
0.0,0.11544426
0.0,0.092079476
1.0,0.05513397
0.0,0.10366746
0.0,0.0844773
0.0,0.12394749
0.0,0.11737597
0.0,0.092036456
0.0,0.09870436
0.0,0.07733819
0.0,0.15574172
0.0,0.039417364
0.0,0.095066875
0.0,0.05030011
0.0,0.10017486
0.0,0.07574717
0.0,0.13798194
0.0,0.10476802
0.0,0.058415294
0.0,0.107084654
0.0,0.1309215
0.0,0.08853605
1.0,0.10121679
0.0,0.029962314
0.0,0.0763544
0.0,0.069978155
0.0,0.030246453
0.0,0.084802575
0.0,0.118913636
0.0,0.09546126
0.0,0.0784399
0.0,0.082109764
0.0,0.12637568
0.0,0.06538596
0.0,0.1115994
0.0,0.086767815
0.0,0.07677447
0.0,0.096594214
0.0,0.08802703
0.0,0.13373728
0.0,0.064864054
0.0,0.048999205
0.0,0.15641141
0.0,0.09589669
0.0,0.08754969
0.0,0.09877607
0.0,0.09921157
0.0,0.09866211
0.0,0.07209798
0.0,0.0613494
0.0,0.09032112
0.0,0.14262578
0.0,0.09320331
0.0,0.09139635
0.0,0.112295
1.0,0.08426504
0.0,0.08293794
0.0,0.15297648
0.0,0.050719984
0.0,0.08181615
0.0,0.10621894
0.0,0.09957927
0.0,0.13959154
0.0,0.102260314
0.0,0.09923511
1.0,0.1312972
0.0,0.061476845
0.0,0.09872771
0.0,0.09896913
0.0,0.08686342
0.0,0.06918299
1.0,0.11382975
0.0,0.109268665
0.0,0.11558783
0.0,0.09412373
0.0,0.08833282
0.0,0.082139306
0.0,0.092253
0.0,0.104865134
0.0,0.08499667
0.0,0.045956403
0.0,0.07377448
0.0,0.047530208
0.0,0.092372075
0.0,0.11103733
0.0,0.086849175
0.0,0.05135445
0.0,0.12011194
0.0,0.10765967
0.0,0.089068785
0.0,0.05589963
0.0,0.120499246
0.0,0.08891661
0.0,0.08749694
0.0,0.08700536
0.0,0.088883206
0.0,0.07717808
0.0,0.13513158
0.0,0.07228784
0.0,0.13677555
0.0,0.084874034
0.0,0.13409461
0.0,0.08542387
0.0,0.0767517
0.0,0.081064336
0.0,0.045870326
0.0,0.05903115
0.0,0.09769652
0.0,0.09094156
1.0,0.03953138
0.0,0.08826736
0.0,0.06520102
0.0,0.014666204
0.0,0.01283237
0.0,0.05626505
0.0,0.05124194
0.0,0.08017924
0.0,0.064170785
0.0,0.12496689
0.0,0.09805404
0.0,0.07129529
1.0,0.073286034
0.0,0.06615502
0.0,0.046294406
0.0,0.095348574
0.0,0.089333475
0.0,0.098261245
0.0,0.073648155
0.0,0.057187025
0.0,0.07606454
0.0,0.050659195
0.0,0.099452876
0.0,0.102204524
0.0,0.07005588
0.0,0.044653215
0.0,0.04078741
0.0,0.047294013
0.0,0.053344913
0.0,0.04589504
0.0,0.04967045
0.0,0.075717986
0.0,0.06355253
0.0,0.11087112
0.0,0.12414037
0.0,0.06150351
1.0,0.05082439
0.0,0.033997856
0.0,0.054206952
0.0,0.087029696
0.0,0.047241397
0.0,0.072973
0.0,0.09460469
0.0,0.111636974
0.0,0.0851587
0.0,0.097780064
0.0,0.11594053
0.0,0.11264026
0.0,0.090000406
0.0,0.0766121
0.0,0.065119475
0.0,0.0204553
0.0,0.014485491
0.0,0.0559302
0.0,0.07249947
0.0,0.07213515
1.0,0.08807023
0.0,0.12054764
0.0,0.08656833
0.0,0.054264005
0.0,0.05962745
0.0,0.09173899
1.0,0.06946173
0.0,0.13519529
0.0,0.11970844
0.0,0.06327479
0.0,0.09908215
0.0,0.074707106
0.0,0.048183408
0.0,0.06847877
0.0,0.11370682
0.0,0.08298369
0.0,0.057793967
0.0,0.0779505
0.0,0.0592516
0.0,0.062648185
0.0,0.121631674
0.0,0.10895787
0.0,0.05488678
0.0,0.050782565
0.0,0.08935443
0.0,0.12558746
0.0,0.07804437
0.0,0.10967246
0.0,0.011616498
0.0,0.064230576
0.0,0.050149903
0.0,0.086203784
0.0,0.06034419
0.0,0.07425223
0.0,0.06569797
0.0,0.078244865
0.0,0.05543814
0.0,0.075873256
1.0,0.11721056
0.0,0.07635803
0.0,0.10679471
0.0,0.068136185
0.0,0.07445109
0.0,0.10778926
0.0,0.09312533
0.0,0.06449093
0.0,0.07511769
0.0,0.10737062
0.0,0.057342052
0.0,0.058489032
0.0,0.071550794
0.0,0.09613499
0.0,0.0474838
0.0,0.13386431
0.0,0.03296234
1.0,0.09302072
0.0,0.08941342
0.0,0.088511676
0.0,0.066876166
0.0,0.09209493
1.0,0.045072198
0.0,0.06472511
0.0,0.13647412
0.0,0.0985808
0.0,0.11682794
0.0,0.0622868
0.0,0.08843306
0.0,0.09423189
0.0,0.12070058
0.0,0.106642604
0.0,0.08908518
0.0,0.07749947
0.0,0.09926722
0.0,0.058062833
0.0,0.07829424
0.0,0.09234148
0.0,0.07234224
0.0,0.09126337
0.0,0.11447343
0.0,0.12173574
0.0,0.06993466
0.0,0.13001049
0.0,0.08484976
1.0,0.10022274
0.0,0.118513815
0.0,0.06374297
0.0,0.048342083
0.0,0.064633295
0.0,0.09816742
0.0,0.083943605
0.0,0.13332917
0.0,0.09691151
0.0,0.09915047
0.0,0.068924055
0.0,0.084034234
0.0,0.0709049
0.0,0.09349984
0.0,0.042365305
0.0,0.08104736
0.0,0.0440449
0.0,0.0804608
0.0,0.045669258
0.0,0.07964818
0.0,0.09864103
0.0,0.08144419
0.0,0.015746588
0.0,0.111625746
1.0,0.07337044
0.0,0.071968794
0.0,0.11229109
0.0,0.065734886
0.0,0.092173815
0.0,0.078782775
0.0,0.058407385
0.0,0.061305724
0.0,0.14447257
0.0,0.11653393
0.0,0.09164503
0.0,0.1056153
0.0,0.078975596
0.0,0.070541546
0.0,0.124580964
0.0,0.069753684
0.0,0.0944738
0.0,0.029609198
0.0,0.11843509
0.0,0.0787113
0.0,0.10849386
0.0,0.09526291
0.0,0.045784373
0.0,0.061660934
0.0,0.07665065
0.0,0.08162147
0.0,0.036206894
0.0,0.087266475
0.0,0.12639807
0.0,0.13134457
0.0,0.11700905
0.0,0.07903057
0.0,0.11959579
0.0,0.08421169
0.0,0.121145256
0.0,0.075242
0.0,0.09747356
0.0,0.0767517
0.0,0.13047037
0.0,0.12804523
0.0,0.12428749
0.0,0.050494775
0.0,0.08512098
0.0,0.09326568
0.0,0.089083605
0.0,0.090342686
0.0,0.11827202
0.0,0.06919158
0.0,0.078345664
0.0,0.11696306
0.0,0.09626704
0.0,0.09176318
0.0,0.06533975
0.0,0.09243405
0.0,0.102700874
0.0,0.08423852
0.0,0.10938476
0.0,0.048041865
0.0,0.07304028
0.0,0.11290951
0.0,0.06639543
1.0,0.07901978
0.0,0.09611528
0.0,0.11431925
0.0,0.060535267
0.0,0.08907519
0.0,0.06271062
0.0,0.09564392
0.0,0.10202743
0.0,0.07903188
0.0,0.08833907
1.0,0.08876561
0.0,0.076287076
0.0,0.03757377
0.0,0.11170007
0.0,0.04807632
0.0,0.106149554
1.0,0.06663272
0.0,0.10609619
1.0,0.07712628
0.0,0.122360334
0.0,0.10711703
0.0,0.091519766
0.0,0.066483416
0.0,0.09762962
0.0,0.058208063
0.0,0.07917319
0.0,0.08813366
0.0,0.09307842
0.0,0.12837863
0.0,0.104552574
0.0,0.0782777
0.0,0.059179608
0.0,0.06140022
0.0,0.13644326
1.0,0.07069979
0.0,0.09414525
0.0,0.14972416
0.0,0.05408919
0.0,0.13211113
0.0,0.10984168
0.0,0.10612133
0.0,0.107674606
0.0,0.07545612
0.0,0.069617994
0.0,0.084757805
0.0,0.14037979
0.0,0.14603777
0.0,0.1300779
0.0,0.08813112
0.0,0.06417813
0.0,0.01674339
0.0,0.09553013
0.0,0.0855351
0.0,0.049080525
0.0,0.12029364
1.0,0.09173606
0.0,0.08691465
0.0,0.063982636
0.0,0.07004436
0.0,0.07857423
0.0,0.050778423
0.0,0.08485016
0.0,0.13448757
0.0,0.09509961
0.0,0.09437794
0.0,0.074617475
0.0,0.07032084
0.0,0.06437034
0.0,0.085460946
0.0,0.045818083
0.0,0.0868635
0.0,0.11150421
0.0,0.08971472
0.0,0.0908257
0.0,0.093451634
0.0,0.056269974
0.0,0.11822105
0.0,0.089484826
0.0,0.058214698
0.0,0.10054076
0.0,0.07060089
0.0,0.08519446
0.0,0.096945
0.0,0.05292853
0.0,0.09065801
0.0,0.10543999
0.0,0.086259335
0.0,0.10309088
0.0,0.06376958
0.0,0.033330917
0.0,0.078137055
0.0,0.073866956
1.0,0.062043183
0.0,0.07411357
0.0,0.11489092
0.0,0.078352645
0.0,0.07673551
0.0,0.057258897
0.0,0.09278765
0.0,0.0924364
0.0,0.17084324
0.0,0.11180014
0.0,0.07682571
0.0,0.06933902
0.0,0.105992734
0.0,0.06143645
0.0,0.08809753
0.0,0.11241994
0.0,0.078546554
0.0,0.038527098
0.0,0.08780543
0.0,0.06709669
0.0,0.059904
0.0,0.06967689
0.0,0.108001
0.0,0.0875709
0.0,0.08379719
1.0,0.12744504
0.0,0.0716442
0.0,0.081063196
0.0,0.09592065
0.0,0.08360687
0.0,0.12153943
0.0,0.06490341
0.0,0.08912176
0.0,0.0423071
0.0,0.105708815
0.0,0.11261416
0.0,0.0975747
0.0,0.022262514
0.0,0.080028385
0.0,0.12145473
0.0,0.080332525
0.0,0.101582855
0.0,0.10288615
0.0,0.10259576
0.0,0.084723435
0.0,0.08005556
0.0,0.11392315
0.0,0.067900196
0.0,0.04451348
0.0,0.1319656
0.0,0.089418024
0.0,0.11957013
0.0,0.12638213
0.0,0.12229311
0.0,0.045146137
0.0,0.12408716
0.0,0.089045
0.0,0.08027392
0.0,0.060801238
0.0,0.07370634
0.0,0.034827583
0.0,0.1214834
0.0,0.076070346
0.0,0.038196713
1.0,0.017982515
0.0,0.13123502
0.0,0.10128153
0.0,0.019863293
0.0,0.06475779
0.0,0.06597042
1.0,0.09089437
0.0,0.09441328
0.0,0.0584544
0.0,0.13425754
0.0,0.076965585
0.0,0.06403965
0.0,0.08368947
0.0,0.06707863
0.0,0.05820257
0.0,0.06719281
0.0,0.13401663
0.0,0.089574605
0.0,0.09545925
0.0,0.10074447
0.0,0.08209954
0.0,0.08002323
0.0,0.14039868
0.0,0.06377946
0.0,0.08054959
0.0,0.06850545
0.0,0.08020708
0.0,0.08626847
0.0,0.07496092
0.0,0.059119392
0.0,0.011816267
1.0,0.04359749
0.0,0.05049876
0.0,0.08582004
0.0,0.062617294
0.0,0.08336298
0.0,0.032016993
0.0,0.054696877
0.0,0.11862695
0.0,0.0708601
0.0,0.09214839
0.0,0.07519444
0.0,0.07410265
0.0,0.064524546
0.0,0.036574397
0.0,0.09670116
0.0,0.055365436
0.0,0.17130284
0.0,0.05819964
0.0,0.07298995
0.0,0.119806744
0.0,0.077153906
0.0,0.0981027
0.0,0.078010455
0.0,0.06252619
0.0,0.07716873
0.0,0.115541264
0.0,0.05280342
0.0,0.07829487
0.0,0.08425051
0.0,0.071786456
0.0,0.092730865
0.0,0.055398248
0.0,0.07652858
0.0,0.08379899
0.0,0.07476125
0.0,0.019713428
0.0,0.10670865
0.0,0.11935303
0.0,0.05973639
0.0,0.11436303
0.0,0.058092657
0.0,0.09994296
0.0,0.064119354
0.0,0.09010978
0.0,0.09914846
0.0,0.02345389
0.0,0.15465109
0.0,0.083661065
0.0,0.061337393
0.0,0.07197858
0.0,0.08578183
0.0,0.12090199
0.0,0.069117635
0.0,0.112150624
1.0,0.05288557
0.0,0.07244124
0.0,0.09082217
0.0,0.0686773
0.0,0.07377321
2.0,0.11112112
0.0,0.13686469
0.0,0.1119264
0.0,0.088449225
0.0,0.045736358
0.0,0.09553291
0.0,0.060028285
0.0,0.07350316
0.0,0.09297861
0.0,0.115129314
0.0,0.08147985
0.0,0.08352743
0.0,0.110619046
0.0,0.065714166
0.0,0.12366922
0.0,0.05445657
0.0,0.046424933
0.0,0.076034516
0.0,0.06856418
0.0,0.085388556
0.0,0.11821119
0.0,0.08453327
0.0,0.066707045
0.0,0.11435575
0.0,0.048902713
0.0,0.11341206
0.0,0.11645249
0.0,0.13738228
0.0,0.11390889
0.0,0.0850263
0.0,0.08352739
0.0,0.11754582
0.0,0.05688686
0.0,0.08500757
0.0,0.07891525
0.0,0.07611572
0.0,0.031768613
0.0,0.13650672
0.0,0.104722716
0.0,0.06312547
0.0,0.11784905
0.0,0.069774926
0.0,0.07621363
0.0,0.07823971
0.0,0.083784804
0.0,0.10710089
0.0,0.08030512
0.0,0.13215996
0.0,0.07545812
0.0,0.11617556
0.0,0.06593394
0.0,0.038193077
0.0,0.1250685
0.0,0.08039681
0.0,0.12784304
0.0,0.12498194
0.0,0.058495656
0.0,0.09183447
0.0,0.13474365
0.0,0.11160291
0.0,0.11307657
0.0,0.09580863
0.0,0.07663212
0.0,0.07320379
0.0,0.08998655
0.0,0.123958774
0.0,0.08226787
0.0,0.052756168
0.0,0.09511231
0.0,0.07441224
0.0,0.110500716
0.0,0.11151854
0.0,0.088619
0.0,0.072991684
0.0,0.09083982
0.0,0.10424473
0.0,0.063605815
0.0,0.041046
0.0,0.08352649
0.0,0.06297022
1.0,0.09463684
0.0,0.07500426
0.0,0.06596234
0.0,0.094469436
0.0,0.04364363
0.0,0.06923422
0.0,0.0395154
0.0,0.12006398
0.0,0.09018718
0.0,0.09443329
0.0,0.13964123
0.0,0.06542082
0.0,0.075139426
0.0,0.045618176
0.0,0.091518804
0.0,0.06155556
0.0,0.062839516
0.0,0.07232103
0.0,0.10419106
0.0,0.087809026
0.0,0.07543675
0.0,0.09496009
0.0,0.10757092
0.0,0.09740858
0.0,0.09331077
0.0,0.07041349
0.0,0.0781872
0.0,0.1249638
0.0,0.06244385
0.0,0.08653028
0.0,0.07114804
1.0,0.11371783
0.0,0.0804834
0.0,0.10776321
0.0,0.04356128
0.0,0.14393666
0.0,0.073305346
0.0,0.074200206
0.0,0.07964936
0.0,0.099823676
1.0,0.012990792
0.0,0.10821867
0.0,0.0432684
0.0,0.09636222
0.0,0.041226383
0.0,0.07979769
0.0,0.0885901
0.0,0.06575866
0.0,0.094273195
0.0,0.02022845
0.0,0.020521495
0.0,0.12770492
0.0,0.053422898
0.0,0.110712446
0.0,0.0972203
0.0,0.08884399
0.0,0.10304638
0.0,0.07398406
0.0,0.07857789
0.0,0.08257102
0.0,0.052394826
0.0,0.11030606
0.0,0.08063856
0.0,0.08034808
0.0,0.12819926
0.0,0.029615058
0.0,0.10032506
0.0,0.10502812
0.0,0.14908263
0.0,0.12840946
0.0,0.12202307
0.0,0.08298383
1.0,0.05212435
0.0,0.08336664
0.0,0.09840984
0.0,0.11961917
1.0,0.06429552
0.0,0.14894776
0.0,0.106317475
0.0,0.09054308
0.0,0.060890075
0.0,0.077718556
0.0,0.12708148
1.0,0.077764034
0.0,0.09617823
0.0,0.10759072
0.0,0.09452639
0.0,0.084207356
0.0,0.10708552
0.0,0.07784072
0.0,0.09515202
0.0,0.082362235
0.0,0.09982239
0.0,0.083927356
3.0,0.0842793
0.0,0.091106124
0.0,0.05293315
0.0,0.05372207
0.0,0.08504824
0.0,0.08960132
0.0,0.107706726
0.0,0.08837079
0.0,0.10079214
0.0,0.08811324
0.0,0.019381097
0.0,0.14753585
0.0,0.07890797
0.0,0.07857588
0.0,0.10580832
0.0,0.044750154
0.0,0.08850357
0.0,0.15998024
0.0,0.08995195
0.0,0.052386057
0.0,0.10683186
0.0,0.07419817
0.0,0.12553233
0.0,0.07791897
0.0,0.08995272
0.0,0.08565896
0.0,0.09683047
0.0,0.11002135
0.0,0.0761538
0.0,0.047561757
0.0,0.099101126
0.0,0.066986814
0.0,0.13656054
1.0,0.042193417
0.0,0.05983677
0.0,0.13803384
1.0,0.030777179
0.0,0.071650945
0.0,0.061130024
0.0,0.08112628
0.0,0.08014898
0.0,0.07478832
0.0,0.08105169
0.0,0.064302035
0.0,0.0754733
0.0,0.053908333
0.0,0.13025545
0.0,0.10242824
0.0,0.09089342
0.0,0.09699674
0.0,0.095302865
0.0,0.011635691
0.0,0.110478505
0.0,0.08990049
0.0,0.07183808
0.0,0.056251206
0.0,0.06652589
0.0,0.09383728
0.0,0.15103164
0.0,0.10501896
0.0,0.05535646
0.0,0.08072689
0.0,0.06318188
0.0,0.07392372
0.0,0.076086
0.0,0.08530383
0.0,0.046447694
0.0,0.0898634
0.0,0.063807264
0.0,0.04636591
0.0,0.084882416
0.0,0.06444809
0.0,0.06570493
0.0,0.09193349
0.0,0.06278424
0.0,0.10752958
1.0,0.088597916
0.0,0.05901684
0.0,0.11531051
0.0,0.04645424
0.0,0.07450024
0.0,0.08795016
0.0,0.10274795
0.0,0.10385976
0.0,0.07507111
0.0,0.13869901
0.0,0.09554904
0.0,0.09128161
0.0,0.08146081
0.0,0.07582114
0.0,0.05851485
0.0,0.10067686
0.0,0.06370973
0.0,0.08796618
0.0,0.0743414
0.0,0.07856129
0.0,0.095674254
0.0,0.107747
0.0,0.08090504
0.0,0.0731639
0.0,0.09831856
0.0,0.15192144
0.0,0.016285483
0.0,0.09337529
0.0,0.05781402
0.0,0.087202355
0.0,0.06905123
0.0,0.11196275
0.0,0.08311273
0.0,0.03615237
0.0,0.045027927
0.0,0.079269744
0.0,0.0838901
0.0,0.08286033
0.0,0.13669132
0.0,0.09288826
0.0,0.04638706
1.0,0.11337813
0.0,0.117132336
0.0,0.113276646
0.0,0.12222216
0.0,0.055985954
0.0,0.074403144
0.0,0.10128267
0.0,0.11385961
0.0,0.13699804
0.0,0.10666463
0.0,0.13094223
0.0,0.05908598
1.0,0.07636968
0.0,0.024164042
0.0,0.09473899
0.0,0.1325105
0.0,0.04207845
0.0,0.11245932
0.0,0.090504766
0.0,0.107382044
0.0,0.07712959
0.0,0.04744611
0.0,0.07368223
1.0,0.052039716
0.0,0.09206229
0.0,0.06774373
0.0,0.076058395
1.0,0.066711135
0.0,0.073975585
0.0,0.082292475
0.0,0.06355656
0.0,0.07052426
0.0,0.1270804
0.0,0.084536895
0.0,0.07690207
1.0,0.09550948
0.0,0.13188465
0.0,0.11064373
0.0,0.059419915
0.0,0.08582376
0.0,0.088904314
0.0,0.05404938
0.0,0.076154396
0.0,0.092979014
0.0,0.10877861
0.0,0.10242016
0.0,0.10811536
1.0,0.07326292
0.0,0.09003082
0.0,0.09436296
0.0,0.07587836
0.0,0.06972562
0.0,0.083338976
0.0,0.085744284
0.0,0.06252696
0.0,0.060273834
0.0,0.09867373
0.0,0.096632406
0.0,0.06772203
0.0,0.06945251
0.0,0.07413766
0.0,0.12773702
0.0,0.08532631
0.0,0.011828471
0.0,0.08932975
0.0,0.13242687
0.0,0.090994224
0.0,0.013273139
0.0,0.07317668
0.0,0.07915288
0.0,0.09622369
1.0,0.111895934
0.0,0.042240724
0.0,0.056042273
0.0,0.06533334
0.0,0.10884778
0.0,0.07096242
0.0,0.09703465
0.0,0.0724453
0.0,0.06718104
0.0,0.0955582
0.0,0.114866324
0.0,0.075583525
0.0,0.08357492
0.0,0.101302326
1.0,0.0946957
0.0,0.053301267
0.0,0.081465006
1.0,0.089579046
0.0,0.06241277
0.0,0.08971913
0.0,0.08976886
0.0,0.13070637
0.0,0.1131055
0.0,0.11935338
0.0,0.077977024
0.0,0.08124648
0.0,0.14303046
0.0,0.101275064
0.0,0.124271706
0.0,0.06961778
0.0,0.09589212
0.0,0.09640425
0.0,0.14962411
0.0,0.10007718
0.0,0.09649943
0.0,0.07173797
2.0,0.015665673
0.0,0.10941311
1.0,0.064172514
0.0,0.11898822
0.0,0.059512325
0.0,0.08496444
0.0,0.12175077
0.0,0.11967645
0.0,0.017805994
0.0,0.09228887
0.0,0.08211957
0.0,0.132924
0.0,0.040427644
0.0,0.11154276
0.0,0.07989457
0.0,0.039214004
0.0,0.05709049
0.0,0.07300283
0.0,0.064057454
0.0,0.06515544
0.0,0.059138156
0.0,0.01003252
0.0,0.07171878
0.0,0.052842386
0.0,0.089489
0.0,0.05410837
0.0,0.06573213
0.0,0.08676211
0.0,0.061251495
0.0,0.0482513
0.0,0.06314764
0.0,0.067132294
0.0,0.11511329
0.0,0.09126437
0.0,0.085245095
0.0,0.055478968
0.0,0.08356301
1.0,0.039604
0.0,0.09223622
0.0,0.05244933
0.0,0.077245384
0.0,0.13721748
0.0,0.07758485
0.0,0.0819004
0.0,0.09527977
0.0,0.090545535
0.0,0.10320251
0.0,0.071678676
0.0,0.11819659
0.0,0.063477494
0.0,0.0982956
0.0,0.13590994
0.0,0.11069096
0.0,0.042513862
1.0,0.057426933
0.0,0.11717046
0.0,0.107797384
0.0,0.0862595
0.0,0.088654526
0.0,0.067836635
0.0,0.10679588
0.0,0.07940162
0.0,0.06368261
0.0,0.10520029
0.0,0.05216212
0.0,0.10602063
0.0,0.072397485
0.0,0.13838331
0.0,0.1007777
0.0,0.08184865
0.0,0.058419388
0.0,0.11973002
0.0,0.04974758
0.0,0.11032566
0.0,0.06985797
0.0,0.057639368
0.0,0.1172746
2.0,0.05680729
0.0,0.1108667
0.0,0.045172893
0.0,0.11545268
0.0,0.13207363
0.0,0.071195416
0.0,0.0834781
0.0,0.051871277
0.0,0.08358148
0.0,0.077230394
0.0,0.059821136
0.0,0.113887355
0.0,0.091508925
0.0,0.11558466
0.0,0.022100307
0.0,0.090504184
0.0,0.07612276
0.0,0.08071342
0.0,0.09375577
0.0,0.1157363
0.0,0.095582396
0.0,0.13784765
0.0,0.10857475
0.0,0.13232777
0.0,0.013937059
0.0,0.11166167
0.0,0.08991961
0.0,0.06831648
0.0,0.05593839
0.0,0.12539868
0.0,0.066430636
0.0,0.06954611
0.0,0.13431604
0.0,0.07824081
0.0,0.11045307
0.0,0.092877656
0.0,0.09995873
0.0,0.08400995
0.0,0.1137779
0.0,0.080797516
0.0,0.06890696
0.0,0.15150991
0.0,0.07472427
0.0,0.14547302
0.0,0.07357294
0.0,0.1253019
0.0,0.12533656
0.0,0.08417267
0.0,0.11859415
0.0,0.071623296
0.0,0.090768546
0.0,0.12568499
0.0,0.13661532
0.0,0.05904441
0.0,0.08451043
0.0,0.058396246
0.0,0.10268067
1.0,0.108738005
0.0,0.080097556
0.0,0.08857633
0.0,0.11156521
0.0,0.13272691
0.0,0.087693036
0.0,0.036422532
0.0,0.065763585
0.0,0.036733665
0.0,0.094784856
0.0,0.09452907
0.0,0.10381703
0.0,0.09440774
0.0,0.117860876
0.0,0.13546894
0.0,0.13384274
0.0,0.080768436
0.0,0.072732136
0.0,0.11129189
0.0,0.13243616
0.0,0.120199084
0.0,0.13526148
0.0,0.068751246
1.0,0.08063462
0.0,0.07337816
0.0,0.082832515
0.0,0.061443128
0.0,0.06531723
0.0,0.10930772
0.0,0.11789545
0.0,0.11697669
0.0,0.11491939
0.0,0.084719636
0.0,0.069079354
0.0,0.08779358
0.0,0.08601343
0.0,0.09006611
0.0,0.10883584
0.0,0.10206655
0.0,0.07037479
0.0,0.109594926
0.0,0.07392569
0.0,0.12038571
0.0,0.09396816
0.0,0.08119536
0.0,0.07841275
0.0,0.110466495
0.0,0.08528431
0.0,0.09766886
0.0,0.14289667
0.0,0.12080791
0.0,0.12206677
0.0,0.10475161
0.0,0.043432944
0.0,0.09932494
0.0,0.08350393
0.0,0.06354486
0.0,0.087232694
0.0,0.05008731
0.0,0.10760754
0.0,0.059899703
0.0,0.08635817
0.0,0.1180636
0.0,0.10661881
0.0,0.068625495
0.0,0.058700606
0.0,0.10739986
0.0,0.08451874
0.0,0.10578811
0.0,0.080020234
0.0,0.06192416
0.0,0.07792198
0.0,0.08492144
0.0,0.06375746
0.0,0.082716435
0.0,0.09986843
0.0,0.041846193
1.0,0.08730939
0.0,0.10954294
0.0,0.10269791
0.0,0.0933772
0.0,0.0728023
0.0,0.11944063
0.0,0.079498455
0.0,0.04734128
0.0,0.12842697
0.0,0.11891097
0.0,0.11844396
0.0,0.085790604
0.0,0.07664221
0.0,0.07212664
0.0,0.116455324
0.0,0.06222802
0.0,0.09218663
0.0,0.09552191
0.0,0.06809438
0.0,0.10998521
0.0,0.08272253
0.0,0.097030535
0.0,0.07012978
0.0,0.046670392
0.0,0.05439933
0.0,0.09307763
0.0,0.049874462
0.0,0.026770327
0.0,0.13741069
0.0,0.14597175
0.0,0.0870283
0.0,0.07483249
0.0,0.043173216
0.0,0.06566947
0.0,0.011496589
0.0,0.082851276
0.0,0.10880686
0.0,0.11271032
0.0,0.113067046
0.0,0.13122939
0.0,0.07800138
0.0,0.0409972
0.0,0.02009205
0.0,0.099324845
0.0,0.13425997
0.0,0.09494848
0.0,0.059285257
0.0,0.12133627
0.0,0.0531714
0.0,0.10743494
0.0,0.07275678
0.0,0.08000021
0.0,0.081005715
0.0,0.099858195
0.0,0.05579499
0.0,0.060115866
0.0,0.12790005
0.0,0.115681455
0.0,0.067006715
0.0,0.034544032
0.0,0.12063947
0.0,0.07091386
0.0,0.10139323
0.0,0.14933573
0.0,0.102285795
0.0,0.056404978
0.0,0.07287588
0.0,0.11102216
0.0,0.10564731
0.0,0.07071789
0.0,0.09132216
0.0,0.077471554
0.0,0.09181954
0.0,0.06550286
0.0,0.08530725
2.0,0.051685706
0.0,0.08170348
0.0,0.09415749
0.0,0.07488209
0.0,0.0785101
0.0,0.12015012
0.0,0.1181643
0.0,0.075596124
0.0,0.082643874
0.0,0.08871506
0.0,0.09878902
0.0,0.07637479
1.0,0.092916384
0.0,0.079779126
0.0,0.07444967
0.0,0.10684468
0.0,0.068509325
0.0,0.080650784
0.0,0.08956461
0.0,0.08671781
0.0,0.087327816
0.0,0.0716138
0.0,0.10893724
0.0,0.066439725
0.0,0.104572415
0.0,0.06668231
0.0,0.10443702
0.0,0.09228488
0.0,0.09201974
0.0,0.09919516
0.0,0.083611995
0.0,0.07849892
0.0,0.06856657
0.0,0.054285977
0.0,0.11068906
0.0,0.067079656
0.0,0.06091537
0.0,0.055136703
0.0,0.07140736
0.0,0.043889087
0.0,0.074129894
0.0,0.090825245
0.0,0.10519868
0.0,0.06007068
0.0,0.09674883
0.0,0.12003027
0.0,0.03747836
0.0,0.057440024
0.0,0.0980901
0.0,0.13569024
0.0,0.084023535
0.0,0.0994149
0.0,0.065802544
0.0,0.055225138
0.0,0.066697344
0.0,0.04280503
0.0,0.050643906
0.0,0.10239733
0.0,0.104545996
0.0,0.08650879
0.0,0.073008694
0.0,0.0956925
0.0,0.06430924
1.0,0.085057385
0.0,0.08144738
0.0,0.08022882
0.0,0.074677646
0.0,0.05326193
0.0,0.06655722
0.0,0.08511394
0.0,0.06397261
0.0,0.079972364
0.0,0.050593726
0.0,0.09019877
0.0,0.10026937
0.0,0.07526875
0.0,0.067059845
0.0,0.07579002
0.0,0.034446016
0.0,0.112380356
0.0,0.07532026
0.0,0.0864241
0.0,0.11132565
0.0,0.06975821
0.0,0.09128851
0.0,0.090718985
0.0,0.060759474
0.0,0.10191272
0.0,0.07973018
0.0,0.09028097
0.0,0.06940654
0.0,0.040658202
0.0,0.1591283
0.0,0.1079924
0.0,0.09346407
0.0,0.12406527
0.0,0.07652637
0.0,0.07784991
0.0,0.092991695
0.0,0.12004558
0.0,0.045084856
0.0,0.047627117
0.0,0.039050695
0.0,0.09405793
0.0,0.07115934
0.0,0.08424712
0.0,0.05705993
0.0,0.08549078
0.0,0.070922114
0.0,0.097966366
0.0,0.08335732
0.0,0.07497381
0.0,0.07839215
0.0,0.0596887
0.0,0.069587976
0.0,0.018449606
0.0,0.08332729
0.0,0.105497375
0.0,0.15063527
0.0,0.12250856
0.0,0.0787951
1.0,0.036580116
0.0,0.04906603
0.0,0.11235514
0.0,0.08219024
0.0,0.070228465
0.0,0.06948963
1.0,0.058671642
0.0,0.12556522
1.0,0.090955615
0.0,0.09455164
0.0,0.13866214
0.0,0.14935718
0.0,0.07300385
0.0,0.09485867
0.0,0.090170056
0.0,0.09886244
0.0,0.08166926
0.0,0.098994665
0.0,0.035226807
0.0,0.12190077
0.0,0.045517378
0.0,0.107908934
0.0,0.058515728
0.0,0.1017236
0.0,0.14027534
0.0,0.07786251
0.0,0.08686135
0.0,0.08177254
0.0,0.03996364
0.0,0.121061176
0.0,0.1053945
0.0,0.018975534
0.0,0.11950486
0.0,0.12434482
0.0,0.090804696
0.0,0.116811454
0.0,0.0763902
0.0,0.043225363
0.0,0.08109449
0.0,0.14033054
0.0,0.08245177
0.0,0.14645565
0.0,0.057680856
0.0,0.11109974
0.0,0.069071576
0.0,0.102718964
0.0,0.07520688
0.0,0.059589863
0.0,0.121769235
0.0,0.06787077
0.0,0.12863925
0.0,0.077766486
0.0,0.062102854
0.0,0.08024321
0.0,0.111475214
0.0,0.09391268
0.0,0.098849505
1.0,0.054240167
0.0,0.08381446
0.0,0.06681305
0.0,0.08360432
0.0,0.08201538
0.0,0.09833859
0.0,0.10092488
0.0,0.05563373
0.0,0.12828913
0.0,0.084537216
0.0,0.09611618
0.0,0.06823795
0.0,0.08096826
0.0,0.06569167
0.0,0.0584803
0.0,0.1017016
0.0,0.08006102
0.0,0.105041094
0.0,0.07698521
0.0,0.117119685
0.0,0.07262739
0.0,0.10490509
0.0,0.03268284
0.0,0.13251859
0.0,0.14682788
1.0,0.08188863
0.0,0.07018543
0.0,0.07320452
0.0,0.11794611
0.0,0.09367138
0.0,0.029017832
0.0,0.1134102
0.0,0.096978426
0.0,0.05776938
0.0,0.14875275
1.0,0.087622695
0.0,0.049927093
1.0,0.05056229
0.0,0.066609755
0.0,0.05916505
0.0,0.07481512
0.0,0.033444054
0.0,0.13959423
0.0,0.057098564
0.0,0.048912436
0.0,0.15689084
0.0,0.11486493
0.0,0.037645433
0.0,0.065114446
0.0,0.14638631
0.0,0.059921212
0.0,0.084118225
0.0,0.10816879
0.0,0.064298816
0.0,0.080261365
0.0,0.11384997
0.0,0.107294925
0.0,0.0919174
0.0,0.11004016
0.0,0.066869214
0.0,0.093449295
0.0,0.0909557
0.0,0.117944874
0.0,0.15391365
0.0,0.15103164
0.0,0.1262055
0.0,0.067648835
0.0,0.080447026
0.0,0.13418749
0.0,0.042651255
0.0,0.118808836
1.0,0.099993154
1.0,0.10256345
0.0,0.019059887
0.0,0.09223972
0.0,0.050499942
0.0,0.06512406
0.0,0.10235937
0.0,0.07647526
0.0,0.063312925
0.0,0.07793595
0.0,0.10701653
0.0,0.13340618
0.0,0.06821512
0.0,0.11343402
0.0,0.07070424
0.0,0.07255961
0.0,0.06775159
0.0,0.13524258
0.0,0.08688675
0.0,0.14561339
0.0,0.037927017
0.0,0.1000689
0.0,0.06272413
0.0,0.10447478
0.0,0.07694689
1.0,0.057130784
1.0,0.058409028
0.0,0.0750282
0.0,0.08281488
0.0,0.078198515
0.0,0.056136712
0.0,0.08094083
0.0,0.09079251
0.0,0.013697628
0.0,0.053878315
0.0,0.121061295
0.0,0.08970873
0.0,0.12080575
0.0,0.06376425
0.0,0.11836043
0.0,0.121019214
0.0,0.12942192
0.0,0.07575241
0.0,0.09412877
0.0,0.09040243
0.0,0.100067735
0.0,0.086774476
0.0,0.068229936
1.0,0.07086802
0.0,0.09069433
0.0,0.108294815
0.0,0.022657208
0.0,0.11190738
0.0,0.11818059
1.0,0.13956845
0.0,0.07196804
0.0,0.103341445
0.0,0.124982506
0.0,0.085532084
0.0,0.09104376
0.0,0.062977776
0.0,0.09138343
0.0,0.094148934
0.0,0.100165546
0.0,0.048588436
0.0,0.10361209
0.0,0.032462753
0.0,0.081395775
0.0,0.11124834
0.0,0.09314568
0.0,0.08587283
0.0,0.019359142
0.0,0.0653106
0.0,0.09202796
0.0,0.11288082
0.0,0.13136467
0.0,0.098700315
0.0,0.06986731
0.0,0.075803176
0.0,0.085566044
0.0,0.061987694
1.0,0.101660244
0.0,0.06759908
0.0,0.06529451
0.0,0.088302895
0.0,0.094652474
0.0,0.10367549
0.0,0.09504662
0.0,0.10059166
0.0,0.093257904
0.0,0.1303713
0.0,0.13260013
0.0,0.08381561
0.0,0.05566848
0.0,0.14597219
0.0,0.0978853
0.0,0.07162032
0.0,0.05654424
0.0,0.04840111
1.0,0.111101784
0.0,0.08310033
1.0,0.09579249
0.0,0.08186641
0.0,0.12514499
0.0,0.0707629
0.0,0.06633036
0.0,0.062404215
0.0,0.09116659
0.0,0.08624922
0.0,0.09151922
0.0,0.036561407
0.0,0.09174446
0.0,0.04949384
0.0,0.08812787
0.0,0.104126714
0.0,0.08973889
0.0,0.08085756
0.0,0.11122916
0.0,0.022591563
0.0,0.066701226
0.0,0.09118447
0.0,0.078477815
0.0,0.060199168
0.0,0.062444057
0.0,0.09411998
0.0,0.0486285
0.0,0.06103845
0.0,0.10337876
0.0,0.082110286
0.0,0.07931211
0.0,0.12323787
0.0,0.08010512
0.0,0.05536199
0.0,0.07165797
0.0,0.10032712
0.0,0.09625115
0.0,0.11514546
0.0,0.06396848
0.0,0.08315116
0.0,0.09443498
0.0,0.0715906
0.0,0.11643059
0.0,0.10553979
0.0,0.082932286
0.0,0.09491417
0.0,0.06579532
0.0,0.08141491
0.0,0.10731849
0.0,0.013711697
0.0,0.08568956
0.0,0.07525474
0.0,0.098020755
0.0,0.055204865
0.0,0.08216273
0.0,0.047913056
0.0,0.091769464
1.0,0.07016922
0.0,0.10027838
0.0,0.07845642
0.0,0.053079277
0.0,0.110651255
0.0,0.11208262
0.0,0.13452771
0.0,0.09663324
0.0,0.11141622
1.0,0.103167795
0.0,0.075112954
0.0,0.11104474
0.0,0.03954882
0.0,0.10352912
0.0,0.11518033
0.0,0.13601038
1.0,0.07607055
1.0,0.07028818
1.0,0.056888014
0.0,0.04759354
0.0,0.10414015
0.0,0.07249788
0.0,0.059212733
0.0,0.06598063
0.0,0.09727483
0.0,0.09777817
0.0,0.08721916
0.0,0.04624063
0.0,0.087563485
0.0,0.06176698
0.0,0.0675278
0.0,0.04600378
0.0,0.09990568
0.0,0.05872415
0.0,0.07469088
0.0,0.07454313
0.0,0.072253816
0.0,0.089842856
0.0,0.07301529
0.0,0.039081708
0.0,0.0822687
1.0,0.06605869
0.0,0.11201412
0.0,0.061672255
0.0,0.041218966
0.0,0.086118676
0.0,0.12335463
0.0,0.116670534
0.0,0.09773249
0.0,0.11447114
0.0,0.106687106
0.0,0.07821271
0.0,0.093600765
0.0,0.09527638
0.0,0.08965647
0.0,0.11569834
0.0,0.09750947
0.0,0.07378595
0.0,0.07586747
0.0,0.07559347
0.0,0.08509136
0.0,0.09477713
0.0,0.061092928
0.0,0.07095871
1.0,0.100432634
0.0,0.07080817
0.0,0.029279001
0.0,0.08084629
0.0,0.13137501
0.0,0.07137574
0.0,0.067126945
0.0,0.16493228
0.0,0.06964838
0.0,0.055746164
0.0,0.14045386
0.0,0.11123659
0.0,0.07140846
0.0,0.09688303
0.0,0.11574438
0.0,0.1283303
0.0,0.091346726
0.0,0.06674073
0.0,0.09750931
0.0,0.097213954
0.0,0.07499077
0.0,0.07720151
0.0,0.041750275
0.0,0.10524773
0.0,0.11347018
0.0,0.13480672
0.0,0.06761097
0.0,0.117103934
0.0,0.06711215
0.0,0.07726741
0.0,0.11928749
0.0,0.12117992
0.0,0.058074072
0.0,0.078383945
0.0,0.059095986
0.0,0.08745535
0.0,0.05608531
0.0,0.07451211
0.0,0.06955604
0.0,0.13728729
0.0,0.07698368
0.0,0.06204308
0.0,0.086183086
0.0,0.08805675
0.0,0.07852115
0.0,0.109973356
0.0,0.08854665
0.0,0.07101099
0.0,0.07514179
0.0,0.11495657
0.0,0.08672666
0.0,0.08577706
0.0,0.06189306
0.0,0.09388519
0.0,0.11964527
0.0,0.06377005
0.0,0.04119718
0.0,0.14556128
0.0,0.070322946
0.0,0.1203251
0.0,0.07714894
0.0,0.08100006
0.0,0.14863445
0.0,0.050030883
0.0,0.08432915
0.0,0.06772991
0.0,0.05405562
0.0,0.06594245
0.0,0.10272756
0.0,0.033386327
0.0,0.12601776
0.0,0.09007698
0.0,0.09383334
0.0,0.031049887
0.0,0.120459095
0.0,0.06670784
1.0,0.08215815
0.0,0.064292565
0.0,0.058060367
0.0,0.074285045
0.0,0.06523367
0.0,0.07879983
0.0,0.14724232
0.0,0.07236049
0.0,0.05816288
1.0,0.035903156
1.0,0.079988934
1.0,0.07998794
0.0,0.09648406
0.0,0.09741634
0.0,0.07379256
0.0,0.059400354
0.0,0.07649051
0.0,0.07271881
0.0,0.10605927
1.0,0.044348456
0.0,0.14508063
1.0,0.1466926
0.0,0.082590945
0.0,0.13407674
0.0,0.09862777
0.0,0.04710963
0.0,0.11418294
0.0,0.12765713
0.0,0.0837349
0.0,0.124768235
0.0,0.07488518
0.0,0.088772014
0.0,0.100820355
0.0,0.112484604
0.0,0.067555495
0.0,0.047109663
0.0,0.075982854
0.0,0.06753659
0.0,0.068388805
0.0,0.07201253
0.0,0.086625814
0.0,0.09008471
0.0,0.13062076
0.0,0.103365034
0.0,0.08367323
0.0,0.06735146
0.0,0.073074974
1.0,0.10458474
0.0,0.071337804
0.0,0.07435342
0.0,0.11935799
0.0,0.13000801
0.0,0.082190454
0.0,0.11360323
0.0,0.03378249
0.0,0.07931459
0.0,0.07339053
0.0,0.01673283
0.0,0.06365064
0.0,0.09289413
0.0,0.10380262
1.0,0.096295245
0.0,0.0438025
0.0,0.09227749
0.0,0.07508065
0.0,0.13258666
0.0,0.118206
0.0,0.0935144
0.0,0.06868139
0.0,0.076879025
0.0,0.08059981
0.0,0.087478936
0.0,0.14691998
0.0,0.076989226
0.0,0.07139334
0.0,0.08346225
0.0,0.11810814
1.0,0.08070037
0.0,0.097429626
0.0,0.11505468
0.0,0.09411967
0.0,0.04019164
0.0,0.11932038
0.0,0.08578236
0.0,0.058175154
0.0,0.11819248
0.0,0.09690248
0.0,0.063090384
0.0,0.0752759
0.0,0.12918994
0.0,0.09750336
0.0,0.09988795
0.0,0.038509853
0.0,0.074704535
0.0,0.07180214
0.0,0.07415185
0.0,0.06746887
0.0,0.06260926
0.0,0.056954946
0.0,0.11272731
0.0,0.060229346
1.0,0.06041415
1.0,0.09328997
0.0,0.13135196
0.0,0.110528484
0.0,0.088310264
1.0,0.078895554
0.0,0.081554614
1.0,0.07523612
2.0,0.019276569
0.0,0.08133492
0.0,0.06081626
0.0,0.098366864
0.0,0.083502665
0.0,0.07781398
0.0,0.06063933
0.0,0.103359535
0.0,0.09531839
0.0,0.059818514
0.0,0.09003219
1.0,0.07596249
0.0,0.05646142
0.0,0.114597954
0.0,0.06814314
0.0,0.09141284
0.0,0.06512935
1.0,0.12274248
0.0,0.10722245
0.0,0.07864247
0.0,0.09014295
0.0,0.07984144
0.0,0.094029434
0.0,0.12607639
0.0,0.112739995
0.0,0.097286776
0.0,0.07062426
0.0,0.062186494
0.0,0.11392478
0.0,0.060407035
0.0,0.11765461
0.0,0.052983843
0.0,0.07366547
0.0,0.041029565
0.0,0.1393558
0.0,0.10275024
0.0,0.0689218
0.0,0.08458252
0.0,0.11832953
0.0,0.09528588
0.0,0.08256261
1.0,0.058836855
0.0,0.12465459
0.0,0.12210085
0.0,0.09813206
0.0,0.08759256
0.0,0.06790434
0.0,0.09120564
0.0,0.0719374
0.0,0.053091493
0.0,0.07190098
0.0,0.095118724
0.0,0.08088614
0.0,0.13249436
0.0,0.06654973
0.0,0.10446547
0.0,0.066679604
0.0,0.010621803
0.0,0.0717798
0.0,0.063251205
0.0,0.09458065
0.0,0.11978824
0.0,0.089268595
1.0,0.10460973
0.0,0.09052566
0.0,0.09554851
0.0,0.07376857
0.0,0.11895988
0.0,0.08729187
0.0,0.12257866
1.0,0.04193979
0.0,0.07198386
0.0,0.073305085
0.0,0.080302976
0.0,0.10452638
0.0,0.05098356
0.0,0.10704195
0.0,0.12580654
0.0,0.09498178
0.0,0.073989384
0.0,0.0730203
0.0,0.08772234
0.0,0.07038855
0.0,0.13418116
0.0,0.065541975
0.0,0.11110337
0.0,0.121113464
0.0,0.06966362
0.0,0.13334636
0.0,0.12791927
0.0,0.06965706
0.0,0.13119769
0.0,0.1321502
0.0,0.103286
0.0,0.10835582
0.0,0.16545153
0.0,0.07816094
0.0,0.07760455
0.0,0.09372227
0.0,0.10939522
0.0,0.104126096
0.0,0.09103812
0.0,0.10825475
0.0,0.08751507
0.0,0.03894806
0.0,0.06668809
0.0,0.09214617
0.0,0.055410743
0.0,0.076585546
0.0,0.08935481
0.0,0.08319477
0.0,0.07448081
0.0,0.09755817
0.0,0.041349296
0.0,0.071569085
0.0,0.07082938
0.0,0.116684444
0.0,0.07494208
0.0,0.067302324
0.0,0.06318805
0.0,0.058210157
0.0,0.07567771
0.0,0.07410449
0.0,0.09393758
0.0,0.02127221
0.0,0.09472895
0.0,0.11562501
0.0,0.13263285
0.0,0.03651964
0.0,0.020477526
0.0,0.061941363
0.0,0.072156034
0.0,0.12306499
0.0,0.1267235
0.0,0.072540894
0.0,0.06464052
0.0,0.093295395
0.0,0.07551261
0.0,0.071180515
0.0,0.07870899
0.0,0.09396211
0.0,0.09322585
0.0,0.12867504
0.0,0.05477974
0.0,0.04274179
0.0,0.07988727
0.0,0.017160174
0.0,0.066063225
1.0,0.068561465
0.0,0.07332148
0.0,0.07682955
0.0,0.10352791
0.0,0.104644045
0.0,0.08556729
0.0,0.06064861
0.0,0.0679767
0.0,0.111686066
0.0,0.050774015
0.0,0.06856802
0.0,0.08657878
0.0,0.071782485
0.0,0.06638193
0.0,0.07129319
0.0,0.1251377
0.0,0.04832027
0.0,0.05090104
0.0,0.07223835
0.0,0.099109486
0.0,0.051453732
0.0,0.08571565
0.0,0.08610533
0.0,0.09526479
0.0,0.14988598
0.0,0.070185795
0.0,0.08897149
0.0,0.085500196
0.0,0.10772098
0.0,0.11419165
0.0,0.050100736
0.0,0.09976327
0.0,0.078905374
0.0,0.08512894
0.0,0.06683179
0.0,0.13884574
0.0,0.06712197
0.0,0.10636757
0.0,0.12249174
0.0,0.13843666
0.0,0.12840995
0.0,0.15527502
1.0,0.066340625
0.0,0.040337488
0.0,0.14624399
0.0,0.063856006
0.0,0.097710475
0.0,0.056313094
0.0,0.09807499
0.0,0.06555771
0.0,0.06218138
0.0,0.08703418
0.0,0.15166466
0.0,0.0728788
0.0,0.07243654
0.0,0.08021964
0.0,0.10660234
0.0,0.121971525
1.0,0.059034474
0.0,0.080082774
0.0,0.07190187
0.0,0.07011824
0.0,0.12176746
0.0,0.12340499
0.0,0.11068579
0.0,0.09895021
0.0,0.08435008
0.0,0.06697046
0.0,0.07784913
1.0,0.06501445
0.0,0.08010634
0.0,0.06570214
0.0,0.06827901
0.0,0.06768034
0.0,0.07321106
0.0,0.056984257
0.0,0.09828425
0.0,0.08771512
0.0,0.051951315
0.0,0.055939578
0.0,0.076791406
0.0,0.08691026
0.0,0.0656059
0.0,0.06684921
0.0,0.08593638
0.0,0.078522265
0.0,0.07688652
0.0,0.12884375
0.0,0.07842673
0.0,0.09970099
1.0,0.156869
0.0,0.11897971
0.0,0.0814614
0.0,0.078115076
0.0,0.099107504
0.0,0.116416566
0.0,0.06844006
0.0,0.144367
0.0,0.0114644
0.0,0.13547002
1.0,0.06670745
0.0,0.054925635
0.0,0.102939785
0.0,0.13355094
1.0,0.09048213
0.0,0.075566374
0.0,0.07754065
0.0,0.10531518
0.0,0.12206456
0.0,0.109346874
1.0,0.0848083
0.0,0.0571738
0.0,0.08811019
1.0,0.10046609
0.0,0.07200608
0.0,0.08578716
0.0,0.087963626
0.0,0.09210327
0.0,0.13879514
0.0,0.045047984
0.0,0.089759946
0.0,0.061023492
0.0,0.09617901
0.0,0.082621135
0.0,0.042770978
0.0,0.06783166
0.0,0.110973224
0.0,0.087404236
0.0,0.06270827
0.0,0.07709382
0.0,0.06049697
0.0,0.09811002
0.0,0.05246345
0.0,0.11682129
0.0,0.07821327
0.0,0.09477711
0.0,0.07074462
0.0,0.109819375
1.0,0.095017724
0.0,0.09350503
0.0,0.113392726
1.0,0.11484918
0.0,0.093027286
0.0,0.0769563
0.0,0.058582243
0.0,0.07933168
0.0,0.104099035
0.0,0.10557621
1.0,0.041102722
0.0,0.12807775
0.0,0.1049296
0.0,0.07655896
0.0,0.0785159
0.0,0.07119759
0.0,0.10426218
0.0,0.060134646
0.0,0.08504067
0.0,0.055444244
0.0,0.11065022
0.0,0.07642702
0.0,0.07856217
0.0,0.08259489
0.0,0.10917588
0.0,0.103287555
0.0,0.082779646
0.0,0.06797166
0.0,0.06879442
0.0,0.049964104
0.0,0.101745814
0.0,0.07550219
0.0,0.06506773
0.0,0.13435188
0.0,0.079046704
1.0,0.0816213
0.0,0.06684084
0.0,0.08972646
0.0,0.12938623
0.0,0.07864538
0.0,0.058593683
0.0,0.05605689
0.0,0.09725336
0.0,0.008171256
0.0,0.10650456
0.0,0.12544131
0.0,0.06353518
0.0,0.08653936
0.0,0.05545281
0.0,0.073305786
0.0,0.058935385
0.0,0.06603015
0.0,0.10126096
0.0,0.09189556
0.0,0.038108032
0.0,0.08323407
0.0,0.068317294
0.0,0.057257667
1.0,0.12031231
0.0,0.08839513
0.0,0.079997614
0.0,0.10779692
0.0,0.12173341
0.0,0.08913484
0.0,0.06151595
0.0,0.06197593
0.0,0.08589744
0.0,0.11266602
0.0,0.10288794
0.0,0.09289805
0.0,0.09310694
0.0,0.09593081
0.0,0.07449001
0.0,0.10544814
0.0,0.10353805
0.0,0.109414
0.0,0.10339956
0.0,0.084493995
0.0,0.12562338
0.0,0.07035417
0.0,0.073632285
0.0,0.071504
0.0,0.087712616
0.0,0.08914611
0.0,0.11791035
0.0,0.07653037
0.0,0.04830926
0.0,0.03530043
0.0,0.07913024
0.0,0.098344706
0.0,0.058461327
0.0,0.11933856
0.0,0.0790445
0.0,0.09045385
0.0,0.07002908
0.0,0.13476337
0.0,0.11047732
0.0,0.11074212
0.0,0.0734595
0.0,0.079847895
0.0,0.10606622
0.0,0.060010355
0.0,0.11641701
0.0,0.10907407
0.0,0.07913226
0.0,0.13734901
0.0,0.09401417
0.0,0.07391646
0.0,0.04098764
0.0,0.0628178
0.0,0.1108592
0.0,0.08279701
0.0,0.09616289
0.0,0.06923789
0.0,0.080286324
0.0,0.08296733
0.0,0.07731827
0.0,0.08908497
0.0,0.09544405
0.0,0.1262451
0.0,0.13988794
0.0,0.026133146
0.0,0.0950311
0.0,0.07742879
0.0,0.09045972
0.0,0.12427559
2.0,0.15680158
1.0,0.08083363
0.0,0.082793005
0.0,0.101550795
0.0,0.070405364
1.0,0.112894975
0.0,0.022157904
1.0,0.083039604
0.0,0.10962655
0.0,0.1345055
0.0,0.07048901
0.0,0.048283443
0.0,0.08342016
0.0,0.1281823
0.0,0.032052808
0.0,0.1267174
0.0,0.08301185
0.0,0.05300463
0.0,0.12009175
0.0,0.09262264
1.0,0.046956994
0.0,0.081661314
0.0,0.107967556
0.0,0.076100804
0.0,0.066904455
0.0,0.13489076
0.0,0.08473889
0.0,0.09129131
0.0,0.07771863
0.0,0.072750226
0.0,0.113332376
0.0,0.060712513
0.0,0.06935261
0.0,0.12825039
0.0,0.05767676
0.0,0.06789709
0.0,0.121752396
0.0,0.109687254
0.0,0.072987214
0.0,0.07590611
0.0,0.07131736
0.0,0.03949027
0.0,0.14993416
0.0,0.05347012
0.0,0.13769281
0.0,0.08254756
0.0,0.078186266
0.0,0.083235875
0.0,0.059815116
0.0,0.105539314
0.0,0.076755695
0.0,0.054466035
0.0,0.059765097
0.0,0.06836145
0.0,0.1302007
1.0,0.10001872
0.0,0.08531502
0.0,0.08697327
0.0,0.09755768
0.0,0.08132187
0.0,0.110938415
0.0,0.11086419
0.0,0.11929165
0.0,0.15051138
0.0,0.07445203
0.0,0.07443771
0.0,0.0844577
0.0,0.066502295
0.0,0.114076525
0.0,0.056203093
0.0,0.0958079
0.0,0.077816635
0.0,0.06079954
0.0,0.048834182
0.0,0.12455237
0.0,0.089018166
0.0,0.057762243
0.0,0.1060016
1.0,0.08260806
0.0,0.118301526
0.0,0.07295686
0.0,0.10558834
0.0,0.100565135
0.0,0.06202474
0.0,0.06321575
0.0,0.06983447
1.0,0.08088348
0.0,0.0874375
0.0,0.10360818
0.0,0.06480009
0.0,0.114528604
0.0,0.086561315
0.0,0.10037717
0.0,0.12009568
0.0,0.09590936
0.0,0.11930985
0.0,0.100967064
1.0,0.08530794
0.0,0.05683509
0.0,0.06490579
0.0,0.082668506
0.0,0.044099234
0.0,0.04383685
0.0,0.07230082
0.0,0.06183539
0.0,0.068481594
0.0,0.089654036
0.0,0.10312181
0.0,0.11821871
0.0,0.07944854
2.0,0.07599302
0.0,0.12762663
0.0,0.07159521
0.0,0.09266841
0.0,0.12715644
0.0,0.11754803
0.0,0.063042775
0.0,0.070445344
0.0,0.09113969
0.0,0.0931452
0.0,0.07553984
0.0,0.06681704
0.0,0.06336575
0.0,0.09272567
0.0,0.08005426
0.0,0.12998833
0.0,0.13387357
0.0,0.056626968
0.0,0.07592773
0.0,0.106692575
0.0,0.12745781
0.0,0.13256261
0.0,0.08459728
0.0,0.11542772
0.0,0.06482933
0.0,0.06502861
0.0,0.09659223
0.0,0.050968513
0.0,0.07712549
0.0,0.05960849
0.0,0.042927466
0.0,0.12446741
0.0,0.070074454
0.0,0.05875213
0.0,0.10584846
0.0,0.060640875
0.0,0.11609369
0.0,0.050104596
0.0,0.05936997
0.0,0.0938845
0.0,0.088770196
0.0,0.06366163
0.0,0.075377025
0.0,0.09240161
0.0,0.11370357
0.0,0.054678366
0.0,0.08075449
0.0,0.08774474
0.0,0.06807916
0.0,0.096419625
0.0,0.11705908
0.0,0.12785435
0.0,0.1463754
0.0,0.0590569
1.0,0.038364425
0.0,0.10406777
0.0,0.08864516
0.0,0.05987042
0.0,0.06227274
0.0,0.06445888
0.0,0.053365637
0.0,0.07840548
0.0,0.14498694
0.0,0.07611227
0.0,0.11561354
0.0,0.14012362
0.0,0.10935988
0.0,0.083056435
0.0,0.097248
0.0,0.1074765
0.0,0.08668546
0.0,0.090733476
0.0,0.063719876
0.0,0.031019883
0.0,0.074466124
0.0,0.015489144
0.0,0.091949955
0.0,0.0826553
0.0,0.07468723
0.0,0.0809554
0.0,0.069753565
0.0,0.071700945
0.0,0.11590789
0.0,0.07194851
0.0,0.09372884
0.0,0.08714692
0.0,0.1400817
0.0,0.10023406
0.0,0.03702669
0.0,0.07885796
0.0,0.02603691
0.0,0.108647674
0.0,0.06424705
0.0,0.04921475
0.0,0.040490694
0.0,0.11526324
0.0,0.07972425
0.0,0.113837026
0.0,0.11736732
0.0,0.070661485
0.0,0.14740719
1.0,0.14341544
0.0,0.1269753
0.0,0.16415387
0.0,0.073226616
0.0,0.07671702
0.0,0.057557933
0.0,0.1367393
0.0,0.046207547
0.0,0.0879823
1.0,0.0740327
0.0,0.11968233
0.0,0.06137294
0.0,0.07349641
0.0,0.08426817
0.0,0.11393871
0.0,0.07896499
0.0,0.10121438
0.0,0.08777083
0.0,0.09681406
0.0,0.10926879
0.0,0.14256266
0.0,0.11806067
0.0,0.10810155
0.0,0.09877951
0.0,0.111998744
1.0,0.07228974
0.0,0.0141733
0.0,0.0744234
0.0,0.076227315
0.0,0.13178654
0.0,0.08788493
0.0,0.047920596
0.0,0.12022655
0.0,0.06814411
1.0,0.06180681
0.0,0.08081896
0.0,0.08558679
0.0,0.045081634
0.0,0.07223821
0.0,0.05872085
0.0,0.13268739
0.0,0.04319318
0.0,0.082213715
0.0,0.05984065
0.0,0.080118604
0.0,0.12870845
0.0,0.07131039
0.0,0.08331879
0.0,0.053837612
0.0,0.09536683
0.0,0.1071013
0.0,0.112465836
0.0,0.11489196
0.0,0.12948887
0.0,0.13277239
0.0,0.077420376
0.0,0.08625407
0.0,0.0821989
0.0,0.039788365
0.0,0.10346558
1.0,0.10466241
0.0,0.093256176
0.0,0.12136433
0.0,0.06668189
0.0,0.069395036
0.0,0.08970676
0.0,0.113355316
0.0,0.085443914
0.0,0.027989822
0.0,0.076023564
0.0,0.102611825
0.0,0.1068353
0.0,0.10106902
0.0,0.067562245
0.0,0.092266485
0.0,0.07131903
0.0,0.07133263
0.0,0.08957121
0.0,0.099217795
0.0,0.07758525
1.0,0.08194173
0.0,0.11100636
0.0,0.07640988
0.0,0.08693302
0.0,0.08368568
1.0,0.113450654
0.0,0.08181291
0.0,0.078599066
0.0,0.089441605
0.0,0.08598149
0.0,0.065303214
0.0,0.07584316
0.0,0.0718209
0.0,0.08673698
0.0,0.12119368
0.0,0.13591996
0.0,0.06900957
0.0,0.07857358
0.0,0.057472736
0.0,0.10330135
0.0,0.12577234
0.0,0.098259136
0.0,0.09187181
0.0,0.08388642
0.0,0.09031169
0.0,0.093757555
0.0,0.016636485
0.0,0.054464985
0.0,0.018837271
0.0,0.113192685
0.0,0.047773313
0.0,0.049057502
0.0,0.09716376
0.0,0.10357158
0.0,0.12186746
0.0,0.09592495
0.0,0.12694195
0.0,0.12789124
0.0,0.0891995
0.0,0.06785836
0.0,0.123989105
1.0,0.049256705
0.0,0.07278378
0.0,0.1300477
0.0,0.06589637
0.0,0.12026768
0.0,0.067145996
0.0,0.026704501
0.0,0.09367931
0.0,0.07528381
0.0,0.06076266
0.0,0.08764733
0.0,0.086889565
0.0,0.1221643
0.0,0.14516619
0.0,0.14224154
0.0,0.07605611
0.0,0.053038508
0.0,0.10300276
0.0,0.08738665
0.0,0.117681876
0.0,0.07581565
0.0,0.13096371
0.0,0.022987828
1.0,0.12762387
0.0,0.08638517
0.0,0.05363994
1.0,0.068526246
0.0,0.075172946
0.0,0.08526792
0.0,0.1055557
0.0,0.06735811
0.0,0.10016837
1.0,0.09219557
0.0,0.094121374
0.0,0.030109014
2.0,0.079097494
0.0,0.06405936
0.0,0.106796086
0.0,0.07505338
0.0,0.09178866
0.0,0.088905156
0.0,0.09938544
0.0,0.12697966
0.0,0.10230599
0.0,0.07368288
0.0,0.06258586
0.0,0.057227995
0.0,0.087867625
0.0,0.09288368
0.0,0.085777186
0.0,0.06548941
0.0,0.044278316
0.0,0.10005895
0.0,0.10155581
0.0,0.08296523
0.0,0.07528166
0.0,0.10315218
0.0,0.11832547
0.0,0.07995906
0.0,0.11176139
0.0,0.12835696
0.0,0.044801846
0.0,0.10175673
0.0,0.1062503
0.0,0.05681116
0.0,0.08754963
0.0,0.10165265
0.0,0.07295126
0.0,0.044051707
0.0,0.068777904
0.0,0.11055703
0.0,0.08126884
0.0,0.0873249
0.0,0.07326418
0.0,0.11549893
0.0,0.05193716
0.0,0.06331657
0.0,0.10374436
0.0,0.10438378
0.0,0.07825025
0.0,0.10380928
0.0,0.07189661
0.0,0.07887927
0.0,0.07592678
0.0,0.075865805
0.0,0.076107875
0.0,0.10613662
0.0,0.082018934
0.0,0.05328518
0.0,0.09008634
0.0,0.059974525
0.0,0.07209136
0.0,0.11637317
0.0,0.14554843
0.0,0.054964345
0.0,0.12890927
0.0,0.07128367
0.0,0.1545912
0.0,0.05415567
0.0,0.08935277
0.0,0.11262168
0.0,0.1175273
0.0,0.08118011
0.0,0.09748793
0.0,0.074952416
0.0,0.1014508
0.0,0.05860275
0.0,0.082205154
0.0,0.06567341
0.0,0.0641813
0.0,0.09634896
0.0,0.090006694
0.0,0.12082819
0.0,0.07831455
0.0,0.15322468
0.0,0.08712312
0.0,0.116637714
0.0,0.06551296
0.0,0.07448589
0.0,0.06779505
0.0,0.10649351
0.0,0.090894975
0.0,0.071462445
0.0,0.06953268
0.0,0.10511778
0.0,0.049688704
0.0,0.03746377
0.0,0.064545795
0.0,0.05947216
0.0,0.040184863
0.0,0.076795876
0.0,0.032181278
0.0,0.075267196
0.0,0.08146314
0.0,0.08635498
0.0,0.10309506
0.0,0.13571005
0.0,0.08453133
0.0,0.10258194
0.0,0.09780179
0.0,0.09073387
0.0,0.095753714
0.0,0.073947445
0.0,0.07866424
0.0,0.073076695
0.0,0.09090936
0.0,0.09711406
0.0,0.036449697
0.0,0.059189584
0.0,0.07262493
0.0,0.08564803
0.0,0.08065488
0.0,0.068928406
0.0,0.0907555
0.0,0.06590452
1.0,0.06625162
0.0,0.10812279
0.0,0.09168726
0.0,0.11718818
0.0,0.07611557
0.0,0.0630242
0.0,0.067891456
0.0,0.057853706
0.0,0.07222884
0.0,0.06685001
0.0,0.089978546
0.0,0.06392847
0.0,0.084367335
1.0,0.10256091
0.0,0.09582497
0.0,0.13489404
0.0,0.08858058
0.0,0.05689108
0.0,0.06840051
0.0,0.113203645
0.0,0.12178921
0.0,0.07686333
0.0,0.12258515
0.0,0.13614634
0.0,0.05973652
0.0,0.011011992
0.0,0.08054137
0.0,0.07122116
0.0,0.08917551
0.0,0.069017455
0.0,0.091025874
0.0,0.056416113
0.0,0.058155432
0.0,0.07404147
0.0,0.088299796
0.0,0.1025276
0.0,0.072267905
0.0,0.07352913
0.0,0.11097404
0.0,0.087357074
0.0,0.10234156
0.0,0.07999675
0.0,0.08152318
0.0,0.15859406
0.0,0.049630273
0.0,0.09908215
0.0,0.0813536
0.0,0.06043657
0.0,0.08879344
0.0,0.072478935
0.0,0.11742218
0.0,0.09394726
0.0,0.06416142
0.0,0.08387919
0.0,0.11530848
0.0,0.08040986
0.0,0.03456003
0.0,0.08714856
0.0,0.06603582
0.0,0.112130895
0.0,0.08291758
0.0,0.09734924
0.0,0.08389552
0.0,0.049214832
0.0,0.06424558
0.0,0.0959096
0.0,0.10889596
0.0,0.035498142
0.0,0.1190821
0.0,0.06638207
0.0,0.07333632
0.0,0.07101067
0.0,0.103972584
0.0,0.071499154
0.0,0.07020931
0.0,0.12226279
0.0,0.0394882
0.0,0.09451343
0.0,0.070907995
0.0,0.08663013
0.0,0.08368279
0.0,0.09613034
0.0,0.06172729
0.0,0.07214275
0.0,0.045792602
0.0,0.049608376
0.0,0.073215984
0.0,0.071289144
0.0,0.059453994
0.0,0.08818379
0.0,0.07028949
0.0,0.062768914
0.0,0.051139846
0.0,0.083793595
0.0,0.13740751
0.0,0.11295889
0.0,0.111107506
0.0,0.118632495
0.0,0.067500405
0.0,0.12899207
0.0,0.12635309
0.0,0.05803143
0.0,0.1282847
0.0,0.059743427
0.0,0.11474105
0.0,0.09338506
0.0,0.059748355
0.0,0.071856596
0.0,0.051004544
1.0,0.115586534
0.0,0.108257875
1.0,0.03104119
0.0,0.09174422
0.0,0.07661794
0.0,0.119665354
0.0,0.059903473
0.0,0.11330366
0.0,0.056156307
0.0,0.0553608
0.0,0.12529041
0.0,0.062256247
0.0,0.04561452
0.0,0.0879489
0.0,0.090973526
0.0,0.042200096
0.0,0.019863425
0.0,0.058835384
0.0,0.116139814
0.0,0.09353246
0.0,0.083687976
0.0,0.055191875
0.0,0.08810694
0.0,0.07857098
0.0,0.06244751
0.0,0.09285389
0.0,0.10969264
0.0,0.10706157
0.0,0.08101719
0.0,0.09972158
0.0,0.036297057
0.0,0.014746891
0.0,0.08046897
0.0,0.07858643
0.0,0.0628585
0.0,0.054907158
0.0,0.091398984
0.0,0.07372574
0.0,0.096844874
1.0,0.06864184
0.0,0.09332454
0.0,0.07318538
0.0,0.09667364
0.0,0.100787476
0.0,0.10641379
0.0,0.0854675
0.0,0.064209156
0.0,0.057121508
0.0,0.04829911
0.0,0.083668545
0.0,0.09586254
0.0,0.13660674
0.0,0.13936855
0.0,0.10532273
0.0,0.11439455
0.0,0.0974915
0.0,0.10190694
0.0,0.15234262
0.0,0.10489844
0.0,0.087610364
0.0,0.05701773
0.0,0.11956807
0.0,0.06587238
0.0,0.09601922
0.0,0.068389095
0.0,0.06596975
0.0,0.06925293
0.0,0.03666027
0.0,0.09345023
0.0,0.05584908
0.0,0.10768908
0.0,0.10750326
0.0,0.08103813
0.0,0.12284088
0.0,0.12246514
0.0,0.10172793
0.0,0.093183205
0.0,0.058256574
0.0,0.073931314
0.0,0.06806434
0.0,0.08871603
0.0,0.08380626
0.0,0.100305736
0.0,0.11969368
0.0,0.10021332
0.0,0.073368974
0.0,0.015839614
0.0,0.075000644
0.0,0.10418117
0.0,0.1281529
0.0,0.09417659
0.0,0.05690965
0.0,0.077113174
0.0,0.07671149
0.0,0.121350154
0.0,0.06323546
0.0,0.082427256
0.0,0.14487243
0.0,0.09038717
0.0,0.08345851
0.0,0.085302345
0.0,0.10115407
0.0,0.10076187
0.0,0.06200839
1.0,0.08711365
0.0,0.10693048
0.0,0.10188549
0.0,0.1021062
0.0,0.04405954
0.0,0.13026983
0.0,0.09220113
0.0,0.12840813
0.0,0.11142387
0.0,0.06454009
0.0,0.11322507
0.0,0.10561984
0.0,0.059219707
0.0,0.08922373
0.0,0.118974715
0.0,0.13132729
0.0,0.058723185
0.0,0.121744156
0.0,0.056400403
0.0,0.11095751
0.0,0.066161364
0.0,0.070556335
0.0,0.09876587
0.0,0.009313258
0.0,0.08141348
0.0,0.06649697
0.0,0.05308552
0.0,0.111554176
0.0,0.07196612
0.0,0.07561945
0.0,0.115330145
0.0,0.01911594
0.0,0.10859564
0.0,0.054945726
0.0,0.048949525
0.0,0.058680847
0.0,0.12445144
0.0,0.1252393
0.0,0.1122754
0.0,0.094145164
0.0,0.1242507
0.0,0.072445646
0.0,0.048288196
0.0,0.09266706
0.0,0.11297145
0.0,0.11095439
0.0,0.08263406
0.0,0.08993908
0.0,0.08158953
0.0,0.052619535
1.0,0.09694361
0.0,0.07864086
0.0,0.015897961
0.0,0.08123804
0.0,0.030459747
0.0,0.10945381
0.0,0.103115566
0.0,0.065386474
0.0,0.040937148
0.0,0.0768674
1.0,0.04041293
0.0,0.06524887
0.0,0.05553782
0.0,0.0957997
0.0,0.08213653
0.0,0.08066107
0.0,0.11394145
0.0,0.041062016
0.0,0.077081904
1.0,0.050261077
0.0,0.08245118
0.0,0.085212216
0.0,0.09362924
0.0,0.09186408
0.0,0.069744155
0.0,0.079282746
0.0,0.071698606
0.0,0.07627795
0.0,0.12208647
0.0,0.08762424
0.0,0.09535189
0.0,0.15117797
0.0,0.05403973
0.0,0.06726946
0.0,0.10491414
0.0,0.07573787
1.0,0.09712429
0.0,0.11328367
0.0,0.08178689
0.0,0.12350848
0.0,0.06102912
0.0,0.09380062
0.0,0.038017347
0.0,0.0831398
0.0,0.08993217
0.0,0.06441399
0.0,0.08580138
0.0,0.11105406
0.0,0.11587233
0.0,0.0959196
0.0,0.07342147
0.0,0.12968363
0.0,0.1391002
0.0,0.12178997
0.0,0.0786157
0.0,0.09503132
0.0,0.086201444
0.0,0.09891379
0.0,0.0638876
0.0,0.15140662
0.0,0.0937271
0.0,0.09691593
0.0,0.094462186
0.0,0.08395425
0.0,0.097833246
0.0,0.05628488
0.0,0.0761265
0.0,0.059060913
0.0,0.063510515
0.0,0.02305036
0.0,0.076820865
0.0,0.07055546
0.0,0.062983885
0.0,0.09492111
0.0,0.053958893
0.0,0.048646927
1.0,0.068365104
0.0,0.058063745
0.0,0.08390194
0.0,0.08688453
0.0,0.08251727
0.0,0.11663455
0.0,0.069019675
0.0,0.068814926
0.0,0.07015396
0.0,0.100629225
0.0,0.1220421
0.0,0.09735121
0.0,0.10056041
0.0,0.06979123
0.0,0.07032383
0.0,0.0774754
0.0,0.029162996
0.0,0.09085032
0.0,0.12537028
0.0,0.089614116
0.0,0.08696606
0.0,0.078252584
0.0,0.08146868
0.0,0.10108596
0.0,0.051180173
0.0,0.073604025
0.0,0.102351345
0.0,0.10888225
0.0,0.09298234
0.0,0.14386131
0.0,0.06088485
0.0,0.121910326
0.0,0.07007082
0.0,0.079724915
0.0,0.07632999
0.0,0.06260638
0.0,0.088631004
0.0,0.012796172
0.0,0.051539224
0.0,0.078312345
0.0,0.030877031
0.0,0.12756409
0.0,0.060918696
0.0,0.08272369
0.0,0.09613265
0.0,0.096802175
0.0,0.16678771
0.0,0.07835534
1.0,0.083423026
0.0,0.05399262
0.0,0.06577677
0.0,0.08463035
0.0,0.03904187
0.0,0.12493844
0.0,0.10056713
0.0,0.093922
0.0,0.065492876
0.0,0.10054296
0.0,0.12797835
1.0,0.08727729
0.0,0.07584889
0.0,0.05400417
0.0,0.10868581
0.0,0.102099136
0.0,0.08984255
0.0,0.09822438
0.0,0.11108115
0.0,0.10835654
0.0,0.060346663
0.0,0.12308729
0.0,0.079172656
0.0,0.10358007
0.0,0.076648824
0.0,0.106247865
0.0,0.1259759
0.0,0.067945845
0.0,0.09215969
0.0,0.13483807
0.0,0.10414216
0.0,0.11198563
0.0,0.10039792
0.0,0.11121155
0.0,0.09882747
0.0,0.0726198
0.0,0.06682062
0.0,0.0704387
1.0,0.06238349
0.0,0.06774412
0.0,0.09470234
0.0,0.112941146
0.0,0.09400677
0.0,0.1363226
0.0,0.11763679
0.0,0.07181172
0.0,0.030504951
0.0,0.118398026
0.0,0.115354344
0.0,0.10327507
0.0,0.085106775
0.0,0.07068878
0.0,0.1273272
0.0,0.094256334
0.0,0.054026242
0.0,0.065977216
0.0,0.050155114
0.0,0.06725631
0.0,0.09476437
0.0,0.060146432
0.0,0.02358664
0.0,0.13270143
0.0,0.03241587
0.0,0.098782666
0.0,0.10357928
0.0,0.062828146
0.0,0.10685293
0.0,0.14633854
0.0,0.068663284
0.0,0.08292284
0.0,0.08236632
0.0,0.12346579
1.0,0.076068655
1.0,0.08706564
0.0,0.038719203
0.0,0.08115936
0.0,0.1019378
0.0,0.12069661
0.0,0.13954276
0.0,0.10083832
0.0,0.054903835
0.0,0.084928855
0.0,0.11183742
0.0,0.11346218
0.0,0.08364308
0.0,0.07589001
0.0,0.12579262
0.0,0.08789905
0.0,0.09085725
0.0,0.051699214
0.0,0.113574766
0.0,0.07724306
0.0,0.104463875
0.0,0.083538584
0.0,0.0875558
0.0,0.050782274
0.0,0.10693245
0.0,0.073843196
0.0,0.04770759
0.0,0.09243511
0.0,0.12611322
0.0,0.11577502
0.0,0.042533934
0.0,0.08625479
0.0,0.08781359
0.0,0.10124764
0.0,0.08643733
0.0,0.1178479
0.0,0.075574785
0.0,0.07943377
0.0,0.068776235
0.0,0.06673333
1.0,0.06622259
0.0,0.08796707
0.0,0.05935634
0.0,0.0805628
0.0,0.11703251
0.0,0.14573032
0.0,0.11827205
0.0,0.060451556
0.0,0.06399813
0.0,0.11617546
0.0,0.0870388
0.0,0.08048553
0.0,0.035224974
0.0,0.04999437
0.0,0.08554854
0.0,0.08472881
0.0,0.05301181
0.0,0.085533306
0.0,0.0788358
0.0,0.08138425
0.0,0.108430505
0.0,0.034885526
0.0,0.0957373
0.0,0.050911237
0.0,0.09921119
0.0,0.061093483
0.0,0.064037785
0.0,0.052456
0.0,0.08603896
0.0,0.039791383
0.0,0.11002896
0.0,0.056798674
0.0,0.103940114
0.0,0.090433136
0.0,0.0433557
0.0,0.07048663
0.0,0.06897807
0.0,0.082434826
0.0,0.074014574
0.0,0.061166283
0.0,0.09902521
0.0,0.070552565
0.0,0.0830089
0.0,0.16456164
3.0,0.09404616
0.0,0.11537753
0.0,0.07940185
0.0,0.06869893
0.0,0.07375471
0.0,0.14108178
0.0,0.09324226
0.0,0.058757316
0.0,0.07788828
0.0,0.119100615
0.0,0.07294513
0.0,0.07933092
0.0,0.06242137
0.0,0.06252805
0.0,0.09703523
0.0,0.10609533
0.0,0.124886446
0.0,0.1253724
2.0,0.1027684
0.0,0.084666386
0.0,0.113941185
0.0,0.057037324
0.0,0.13546374
0.0,0.088459626
0.0,0.0927898
0.0,0.06937395
0.0,0.069687754
0.0,0.04713534
0.0,0.07392189
0.0,0.08278294
0.0,0.06816309
0.0,0.13107869
0.0,0.1273236
0.0,0.095556214
0.0,0.08205719
0.0,0.0799789
0.0,0.055130564
0.0,0.073371336
0.0,0.075663
0.0,0.078939095
0.0,0.0644029
0.0,0.06571898
0.0,0.08842355
0.0,0.08826025
1.0,0.07898966
0.0,0.06743066
0.0,0.024084432
0.0,0.06448181
0.0,0.059752956
2.0,0.018746428
0.0,0.049701344
1.0,0.10168679
0.0,0.068829186
0.0,0.07648714
0.0,0.119949535
0.0,0.09425959
0.0,0.113324866
0.0,0.07469565
0.0,0.11786793
0.0,0.07424547
1.0,0.07382339
0.0,0.11439963
0.0,0.122968726
0.0,0.098202646
0.0,0.12797369
0.0,0.08861387
0.0,0.07504489
0.0,0.08263016
0.0,0.0743414
0.0,0.065951504
0.0,0.070187524
0.0,0.0654226
0.0,0.08018308
0.0,0.079633296
0.0,0.06862079
0.0,0.12781079
0.0,0.07564251
0.0,0.07361189
0.0,0.11665829
0.0,0.053976752
0.0,0.11174925
0.0,0.08640716
0.0,0.07862708
0.0,0.14053926
0.0,0.12380743
0.0,0.09169322
0.0,0.0701785
0.0,0.07528037
0.0,0.052413728
1.0,0.054779306
0.0,0.0660561
1.0,0.07842185
0.0,0.10781199
0.0,0.11342215
1.0,0.09053333
0.0,0.111725695
0.0,0.08339815
0.0,0.06468355
0.0,0.10761794
0.0,0.080802836
0.0,0.10857527
0.0,0.10608786
0.0,0.072390586
0.0,0.10783402
0.0,0.078619
0.0,0.05728835
0.0,0.11132263
0.0,0.062550806
0.0,0.046404615
0.0,0.07419978
0.0,0.0665372
0.0,0.11936029
0.0,0.099264875
0.0,0.12115669
0.0,0.05432979
0.0,0.047315
0.0,0.11868274
0.0,0.07779636
0.0,0.10679674
0.0,0.11642628
0.0,0.102361985
0.0,0.054176126
0.0,0.14012703
1.0,0.103732854
0.0,0.080738306
0.0,0.054273088
0.0,0.083239645
0.0,0.11751746
0.0,0.049160898
1.0,0.056622297
0.0,0.063786775
0.0,0.093757935
0.0,0.1601192
0.0,0.08118605
0.0,0.048274048
0.0,0.043800045
0.0,0.09016916
0.0,0.09165804
0.0,0.07144657
0.0,0.075342566
0.0,0.14561756
0.0,0.14431223
0.0,0.07226756
0.0,0.11900326
0.0,0.07912296
0.0,0.01466582
0.0,0.083081566
0.0,0.071489505
0.0,0.10031913
0.0,0.11281582
0.0,0.094507575
0.0,0.14680052
0.0,0.07429455
0.0,0.061866153
0.0,0.07296806
0.0,0.056961548
0.0,0.0837462
0.0,0.084129654
0.0,0.09825741
0.0,0.034844775
0.0,0.01654729
0.0,0.07908656
0.0,0.06123136
0.0,0.05679318
0.0,0.08221156
0.0,0.10320322
0.0,0.11357829
0.0,0.08335297
0.0,0.09644154
0.0,0.052524075
0.0,0.10090347
0.0,0.101970084
0.0,0.08803269
0.0,0.0848842
0.0,0.05639801
1.0,0.096315816
0.0,0.10057229
0.0,0.098273456
0.0,0.056097776
0.0,0.066891424
1.0,0.08543474
0.0,0.052402772
0.0,0.12226192
0.0,0.120736524
0.0,0.12843527
0.0,0.09707804
0.0,0.11002948
0.0,0.09724835
0.0,0.06581205
0.0,0.086491674
0.0,0.07097482
0.0,0.12470298
0.0,0.071845084
0.0,0.12639327
0.0,0.040130254
0.0,0.06401626
0.0,0.100173526
0.0,0.07137186
0.0,0.063111775
0.0,0.079554155
0.0,0.13059083
1.0,0.11579351
1.0,0.07776864
0.0,0.07242376
0.0,0.0846186
0.0,0.121915065
0.0,0.05079373
0.0,0.084668025
0.0,0.07052322
0.0,0.1112295
0.0,0.10857666
0.0,0.07280547
0.0,0.060825683
0.0,0.10224201
0.0,0.044897057
0.0,0.07078555
0.0,0.065366894
0.0,0.1043576
0.0,0.060498964
0.0,0.15279415
0.0,0.07541137
0.0,0.13733138
0.0,0.079378486
0.0,0.099295676
0.0,0.097083546
0.0,0.049511366
0.0,0.0577531
0.0,0.12219786
0.0,0.072084986
0.0,0.06086806
1.0,0.1001987
0.0,0.13561678
0.0,0.055403676
0.0,0.08318878
0.0,0.0697412
0.0,0.06448817
0.0,0.07186639
0.0,0.10809142
0.0,0.018697975
0.0,0.07444818
0.0,0.04793113
0.0,0.12818344
0.0,0.12803298
0.0,0.044080473
0.0,0.06969749
0.0,0.100041896
0.0,0.11110189
0.0,0.019405749
0.0,0.07541128
0.0,0.08909112
0.0,0.066600285
0.0,0.070162594
0.0,0.06144767
0.0,0.10361004
0.0,0.08247634
0.0,0.088906854
0.0,0.096518524
0.0,0.06778626
0.0,0.04942462
0.0,0.07217565
0.0,0.1255229
0.0,0.08239128
0.0,0.09458135
0.0,0.10132375
0.0,0.13842733
0.0,0.08754871
0.0,0.016880577
0.0,0.07365272
0.0,0.11725491
0.0,0.06871359
0.0,0.047231723
0.0,0.07880452
0.0,0.06999678
0.0,0.0753265
0.0,0.03268577
0.0,0.10032219
0.0,0.08549922
0.0,0.08752698
0.0,0.07162077
0.0,0.106498994
0.0,0.06635654
0.0,0.08878042
0.0,0.10047148
0.0,0.076307744
0.0,0.06708073
0.0,0.012741733
0.0,0.10785865
0.0,0.0134255905
0.0,0.10157903
0.0,0.061394583
0.0,0.116479345
0.0,0.14478464
0.0,0.12936673
0.0,0.067429066
0.0,0.10828567
0.0,0.120449446
0.0,0.09454575
0.0,0.09657396
0.0,0.035623245
0.0,0.05666231
0.0,0.028474195
0.0,0.09366524
0.0,0.062249165
0.0,0.07802337
0.0,0.13649027
0.0,0.12917706
0.0,0.12415514
0.0,0.058866028
0.0,0.095235094
0.0,0.070446454
0.0,0.010668542
0.0,0.069067314
0.0,0.10492448
0.0,0.14449273
0.0,0.036597423
0.0,0.10608104
0.0,0.110116504
0.0,0.07259034
0.0,0.08760692
0.0,0.050776996
0.0,0.062582515
0.0,0.08767828
0.0,0.07688372
0.0,0.08902942
0.0,0.104025155
0.0,0.07782213
0.0,0.07802411
0.0,0.07171387
0.0,0.043355927
0.0,0.08543043
0.0,0.09311664
0.0,0.05610885
0.0,0.079953544
0.0,0.05541023
0.0,0.083139606
0.0,0.06755268
0.0,0.013163418
0.0,0.09372501
0.0,0.12639894
0.0,0.10558786
0.0,0.025568668
0.0,0.10862068
1.0,0.10620917
0.0,0.08113835
0.0,0.056214284
0.0,0.04689161
0.0,0.09979029
0.0,0.12018803
0.0,0.09702901
0.0,0.0707176
0.0,0.098272584
0.0,0.05193078
0.0,0.05532962
0.0,0.066442974
0.0,0.089221016
0.0,0.053332873
0.0,0.0760424
0.0,0.105579
1.0,0.05170782
0.0,0.09101438
0.0,0.08284229
0.0,0.07626133
0.0,0.10090618
0.0,0.09880565
0.0,0.111632556
0.0,0.11019422
0.0,0.10902361
0.0,0.061722506
0.0,0.11726571
0.0,0.08184442
0.0,0.10755012
0.0,0.04718461
0.0,0.106261395
0.0,0.10696666
0.0,0.05868891
0.0,0.10638799
0.0,0.09656064
0.0,0.120761745
0.0,0.053608544
0.0,0.07686381
1.0,0.11165539
0.0,0.09133719
0.0,0.077114664
0.0,0.13216157
0.0,0.13387494
0.0,0.1012277
0.0,0.117971815
0.0,0.053316914
0.0,0.08776131
0.0,0.0323097
1.0,0.17542517
0.0,0.10269593
0.0,0.08144316
0.0,0.050932724
1.0,0.09423162
0.0,0.1060224
0.0,0.10823219
0.0,0.058990043
0.0,0.12615171
0.0,0.056838207
0.0,0.12194038
0.0,0.13788807
0.0,0.086920805
0.0,0.11064943
0.0,0.14674033
0.0,0.08016966
0.0,0.06931934
0.0,0.066642955
0.0,0.09577056
0.0,0.08446068
0.0,0.0969367
0.0,0.12005262
0.0,0.036949728
0.0,0.10482249
0.0,0.120773755
0.0,0.076586
0.0,0.09319065
0.0,0.061607666
0.0,0.09369211
0.0,0.061755214
0.0,0.11070162
0.0,0.059914213
0.0,0.05596958
0.0,0.038997456
0.0,0.0940658
0.0,0.088103935
1.0,0.039683294
0.0,0.056288797
0.0,0.091009624
0.0,0.07837247
0.0,0.115708515
0.0,0.1584608
0.0,0.07381368
0.0,0.079625845
0.0,0.10200938
0.0,0.105646886
1.0,0.078011125
0.0,0.12837802
0.0,0.06376512
0.0,0.09704448
0.0,0.079463884
0.0,0.07995725
0.0,0.07198408
0.0,0.0579748
0.0,0.09775032
0.0,0.070363715
0.0,0.079670206
0.0,0.10681778
0.0,0.047862317
0.0,0.09545675
0.0,0.037309308
0.0,0.07058629
0.0,0.07859035
0.0,0.07463077
0.0,0.09334615
0.0,0.10927109
0.0,0.07518707
0.0,0.11857294
0.0,0.11365237
0.0,0.083104625
0.0,0.07644136
0.0,0.07634789
0.0,0.074605964
0.0,0.09583081
0.0,0.11406426
0.0,0.11049181
0.0,0.064844124
0.0,0.09090692
0.0,0.04606789
0.0,0.08765884
0.0,0.10754278
0.0,0.079353854
0.0,0.12115109
0.0,0.05278039
0.0,0.09926249
0.0,0.065634064
0.0,0.11025748
0.0,0.108196385
0.0,0.12322941
0.0,0.07211868
0.0,0.1171038
0.0,0.10160374
0.0,0.036931098
0.0,0.08058478
1.0,0.067342244
0.0,0.06746229
1.0,0.09495199
0.0,0.104038104
0.0,0.04177272
0.0,0.0927224
0.0,0.09044872
0.0,0.08581478
0.0,0.044111677
0.0,0.05084522
0.0,0.081195205
0.0,0.09618653
0.0,0.015658712
0.0,0.08863631
0.0,0.07726999
0.0,0.079355516
0.0,0.04542565
0.0,0.10021292
0.0,0.097104385
0.0,0.07532557
0.0,0.12337569
0.0,0.13958581
0.0,0.08195011
0.0,0.09925118
0.0,0.1117079
0.0,0.10536166
0.0,0.092035115
0.0,0.035341088
0.0,0.08017658
0.0,0.08227668
0.0,0.07789363
0.0,0.10146464
0.0,0.09234999
0.0,0.10481259
0.0,0.06267581
0.0,0.08380466
0.0,0.08700032
0.0,0.07468459
0.0,0.11201105
0.0,0.13435818
0.0,0.108685836
0.0,0.09091485
0.0,0.09185442
0.0,0.058911897
0.0,0.050706185
0.0,0.08257297
0.0,0.042845707
0.0,0.083466835
0.0,0.06720482
0.0,0.122151375
1.0,0.072342515
0.0,0.122398175
1.0,0.08726631
0.0,0.105575025
1.0,0.1472757
0.0,0.08453965
0.0,0.08782871
0.0,0.103399515
0.0,0.089143306
0.0,0.11828093
0.0,0.07278659
0.0,0.06835598
0.0,0.10475878
0.0,0.08166468
0.0,0.13159859
0.0,0.059526827
0.0,0.11910902
0.0,0.067039765
0.0,0.05688012
0.0,0.07544896
0.0,0.11265076
0.0,0.108402304
0.0,0.08514928
0.0,0.049223296
1.0,0.08586644
0.0,0.07705379
0.0,0.101008214
0.0,0.08736938
0.0,0.15190327
0.0,0.096302226
0.0,0.05512038
0.0,0.086226806
0.0,0.11746326
2.0,0.068375096
0.0,0.10625101
0.0,0.08570163
0.0,0.14278764
0.0,0.10296796
1.0,0.0897876
0.0,0.08526723
0.0,0.11016293
0.0,0.0668483
0.0,0.019318152
0.0,0.11134909
0.0,0.07685241
0.0,0.08651551
0.0,0.0710423
0.0,0.09299378
0.0,0.101748094
1.0,0.08021411
0.0,0.09362452
0.0,0.09089938
0.0,0.034107264
0.0,0.08459004
0.0,0.103989646
0.0,0.061277755
0.0,0.076786995
0.0,0.061646737
0.0,0.0812069
0.0,0.10589308
0.0,0.09278993
0.0,0.07993757
0.0,0.082489364
0.0,0.076711014
0.0,0.063553
0.0,0.08429992
0.0,0.11893617
0.0,0.06738034
0.0,0.053837687
0.0,0.07745494
0.0,0.114194214
0.0,0.08277927
0.0,0.089637175
0.0,0.048432924
1.0,0.07384406
1.0,0.116084695
0.0,0.054171994
0.0,0.11273609
0.0,0.081073746
0.0,0.07114825
0.0,0.07067176
1.0,0.092411
0.0,0.1339765
0.0,0.08691785
0.0,0.09449658
0.0,0.063722886
0.0,0.070552565
0.0,0.053001698
0.0,0.1076675
0.0,0.09748216
0.0,0.11952019
0.0,0.10426635
0.0,0.072531596
0.0,0.12688725
0.0,0.09945527
0.0,0.11647787
1.0,0.07823736
0.0,0.12369266
0.0,0.10159369
0.0,0.014958443
0.0,0.04319662
0.0,0.09633291
0.0,0.043375954
0.0,0.045858957
0.0,0.051173646
1.0,0.078759
0.0,0.123230994
0.0,0.080417305
0.0,0.11548486
0.0,0.08164623
0.0,0.100088775
0.0,0.11186075
0.0,0.10475578
0.0,0.11891692
0.0,0.09202009
0.0,0.10280577
0.0,0.0732947
0.0,0.08998438
0.0,0.11207306
0.0,0.09273509
0.0,0.08786654
0.0,0.10448634
0.0,0.079765506
0.0,0.07477492
0.0,0.012594518
0.0,0.091449276
0.0,0.09913092
1.0,0.08080129
0.0,0.11946184
0.0,0.064196125
0.0,0.07304787
0.0,0.10578953
0.0,0.048390493
0.0,0.08451479
0.0,0.060307167
0.0,0.09777698
0.0,0.06140681
0.0,0.036268167
0.0,0.06496718
1.0,0.10142026
0.0,0.057691596
0.0,0.08615953
0.0,0.070191406
0.0,0.095052235
0.0,0.07822425
0.0,0.072531626
0.0,0.090755895
0.0,0.114318214
0.0,0.093291864
0.0,0.094043806
0.0,0.08641303
1.0,0.0964437
0.0,0.08081721
0.0,0.085305616
0.0,0.074283645
0.0,0.03952976
0.0,0.06117668
0.0,0.09483936
0.0,0.07860142
0.0,0.105781324
0.0,0.04967238
0.0,0.069173194
0.0,0.11693247
0.0,0.08641971
0.0,0.1025646
0.0,0.08347804
0.0,0.0884215
0.0,0.0497375
0.0,0.01828276
0.0,0.12521219
0.0,0.08094257
0.0,0.11769986
0.0,0.0769218
0.0,0.09474295
0.0,0.056893684
0.0,0.09562956
0.0,0.08792326
0.0,0.09632317
0.0,0.052146405
0.0,0.13338903
0.0,0.06787348
0.0,0.064228274
0.0,0.06768659
0.0,0.13813917
0.0,0.11853821
0.0,0.12266958
0.0,0.07098877
0.0,0.08517874
0.0,0.091260016
0.0,0.12403567
0.0,0.11070218
0.0,0.011431952
0.0,0.05272491
0.0,0.09614164
0.0,0.073003575
0.0,0.10608668
0.0,0.0390272
0.0,0.08001056
0.0,0.09964239
0.0,0.07481979
1.0,0.07430497
0.0,0.04626015
0.0,0.07556996
0.0,0.045548916
0.0,0.12966035
0.0,0.13243918
0.0,0.08159081
0.0,0.12332372
0.0,0.04064345
0.0,0.14182906
0.0,0.08093317
0.0,0.092312515
0.0,0.09429367
0.0,0.08541255
0.0,0.090975955
0.0,0.05703345
0.0,0.15714994
0.0,0.066219784
0.0,0.09017808
0.0,0.05462369
0.0,0.077982605
0.0,0.07627684
0.0,0.07687448
0.0,0.07453414
0.0,0.07877293
0.0,0.07323978
0.0,0.018033857
0.0,0.08095272
0.0,0.12711903
0.0,0.065254144
0.0,0.13755582
0.0,0.08479697
0.0,0.09410836
0.0,0.061295994
0.0,0.0917515
0.0,0.07714464
0.0,0.08344471
0.0,0.060148425
0.0,0.059526913
0.0,0.035872757
0.0,0.09093171
0.0,0.085705124
0.0,0.09744024
0.0,0.08558304
1.0,0.0930585
0.0,0.08704368
0.0,0.06884379
0.0,0.087746225
0.0,0.1035503
0.0,0.083747655
0.0,0.023176301
0.0,0.08387652
0.0,0.09607954
0.0,0.10975323
0.0,0.09217981
0.0,0.09215037
0.0,0.06987656
0.0,0.05968281
0.0,0.10471907
0.0,0.111102335
0.0,0.11032463
0.0,0.061975397
0.0,0.06581581
0.0,0.036404353
0.0,0.05310129
0.0,0.09302768
0.0,0.12829584
0.0,0.07501806
0.0,0.097906545
0.0,0.08088286
0.0,0.09214026
0.0,0.047415912
0.0,0.089302674
0.0,0.06854179
0.0,0.06417891
0.0,0.119890094
0.0,0.06847592
0.0,0.07477803
0.0,0.09153513
0.0,0.08924338
0.0,0.0969548
0.0,0.071604654
0.0,0.12602563
0.0,0.07844925
0.0,0.10458935
0.0,0.12700129
0.0,0.045387812
0.0,0.124213025
0.0,0.06555296
0.0,0.10449496
0.0,0.07457651
0.0,0.077762365
0.0,0.11392983
0.0,0.04683742
0.0,0.035218418
0.0,0.073020846
0.0,0.07506959
0.0,0.06466671
0.0,0.09158654
0.0,0.086526155
0.0,0.041478444
0.0,0.10718115
0.0,0.06356432
0.0,0.041507736
0.0,0.08107715
0.0,0.08922236
0.0,0.06557916
0.0,0.1002669
0.0,0.11527151
0.0,0.11273908
0.0,0.074439324
0.0,0.0826133
0.0,0.11783227
0.0,0.069588386
0.0,0.08966054
0.0,0.10721494
0.0,0.13635518
0.0,0.1566875
0.0,0.10733118
0.0,0.09249824
0.0,0.03518107
0.0,0.12625778
0.0,0.082326934
0.0,0.057899572
0.0,0.0960896
0.0,0.11826402
0.0,0.0732196
0.0,0.092814386
0.0,0.14007396
0.0,0.008829653
0.0,0.069929555
0.0,0.10957478
0.0,0.06949516
0.0,0.09211757
0.0,0.012830131
0.0,0.11070896
0.0,0.08190952
0.0,0.050309323
0.0,0.11266749
0.0,0.0714995
0.0,0.083870985
0.0,0.044456862
0.0,0.10897361
0.0,0.098750025
0.0,0.11027464
0.0,0.089063
0.0,0.03421696
0.0,0.057774227
0.0,0.044654727
0.0,0.063050054
0.0,0.1141548
0.0,0.06950968
0.0,0.15191521
0.0,0.10602559
0.0,0.087007806
0.0,0.09725943
0.0,0.02689637
0.0,0.11324014
0.0,0.14929971
0.0,0.041558266
0.0,0.054583088
0.0,0.08355526
0.0,0.09328379
0.0,0.09011356
0.0,0.14996913
0.0,0.071141325
0.0,0.073067814
0.0,0.09193097
0.0,0.11420407
0.0,0.12823984
0.0,0.09482898
1.0,0.036694556
0.0,0.10113453
0.0,0.06496741
0.0,0.17742191
0.0,0.078272775
0.0,0.09876587
0.0,0.09037155
0.0,0.08037172
0.0,0.17486848
0.0,0.06279625
0.0,0.13288024
0.0,0.13017808
0.0,0.090937
0.0,0.09961455
0.0,0.12314045
0.0,0.08136287
0.0,0.09328361
0.0,0.07609518
0.0,0.098620385
0.0,0.1085705
0.0,0.065457866
0.0,0.07293241
0.0,0.07466314
0.0,0.091425315
0.0,0.1277121
0.0,0.04314316
0.0,0.08958882
0.0,0.071992956
0.0,0.052756272
0.0,0.0814714
0.0,0.07163429
0.0,0.050393067
0.0,0.0874276
0.0,0.05943522
0.0,0.0918411
0.0,0.083552726
0.0,0.067204244
0.0,0.13229604
0.0,0.070737116
0.0,0.057388213
0.0,0.124206185
0.0,0.049489427
0.0,0.074304506
0.0,0.095262274
0.0,0.062632434
0.0,0.12580186
0.0,0.1082642
0.0,0.05916333
0.0,0.089143604
0.0,0.06283729
0.0,0.061255552
0.0,0.09354113
0.0,0.10759485
0.0,0.07889916
0.0,0.113671534
0.0,0.106738046
0.0,0.099787004
0.0,0.088788524
0.0,0.023251604
0.0,0.10127883
0.0,0.05609395
0.0,0.076485895
0.0,0.07953279
0.0,0.066612735
0.0,0.08653375
0.0,0.14685859
0.0,0.09230048
0.0,0.06261655
0.0,0.06879586
0.0,0.13499968
0.0,0.06276016
0.0,0.11160983
0.0,0.05430085
0.0,0.09046929
0.0,0.108188
0.0,0.11119623
0.0,0.06490269
0.0,0.08247711
0.0,0.15012483
0.0,0.109898
0.0,0.13672929
0.0,0.07116415
0.0,0.062227756
0.0,0.060217485
0.0,0.116511196
0.0,0.07892174
0.0,0.065852456
0.0,0.10473341
0.0,0.051284585
0.0,0.110723555
0.0,0.11509363
1.0,0.06270567
0.0,0.08183166
0.0,0.09013279
0.0,0.10111327
0.0,0.018390765
0.0,0.10487078
0.0,0.084231734
0.0,0.09804642
0.0,0.10011627
0.0,0.067774594
0.0,0.07668708
0.0,0.117037535
0.0,0.09288766
0.0,0.10913549
0.0,0.10049431
0.0,0.13084717
0.0,0.04099472
1.0,0.07276844
0.0,0.1258597
0.0,0.1026686
0.0,0.111231014
0.0,0.08466649
0.0,0.080905855
0.0,0.07821024
0.0,0.0985043
0.0,0.09991735
0.0,0.08951013
0.0,0.08300352
0.0,0.1218749
0.0,0.12642607
0.0,0.15585683
1.0,0.063479446
0.0,0.117363095
0.0,0.041470274
0.0,0.056897104
1.0,0.08392327
1.0,0.07905607
0.0,0.07189661
0.0,0.0813581
0.0,0.092189
0.0,0.08026449
0.0,0.09645131
0.0,0.031939156
0.0,0.06554068
0.0,0.11436884
0.0,0.021388885
0.0,0.08311499
0.0,0.083754726
0.0,0.075995095
0.0,0.09343679
0.0,0.06995517
0.0,0.13518049
0.0,0.07249719
0.0,0.052248575
0.0,0.09772478
0.0,0.094155446
0.0,0.06342018
0.0,0.06592932
0.0,0.1249975
0.0,0.09088343
0.0,0.082602665
0.0,0.08697269
0.0,0.07084892
0.0,0.06838225
0.0,0.115365595
1.0,0.02778285
0.0,0.086828575
0.0,0.057021715
0.0,0.1400036
0.0,0.07454112
0.0,0.071710065
0.0,0.09853747
0.0,0.032671355
0.0,0.05952883
0.0,0.0903354
0.0,0.06266691
0.0,0.13575032
0.0,0.069475316
0.0,0.10456584
0.0,0.07533144
0.0,0.10642843
0.0,0.0612977
0.0,0.05549339
0.0,0.094833
0.0,0.06320137
0.0,0.09358193
0.0,0.043062244
0.0,0.07851864
0.0,0.04473172
0.0,0.13046868
0.0,0.087327644
0.0,0.118574694
0.0,0.062242296
0.0,0.039946828
0.0,0.1024332
0.0,0.07129074
0.0,0.10744222
0.0,0.1279696
0.0,0.12755138
0.0,0.06881019
0.0,0.0874379
0.0,0.074521735
0.0,0.078046605
0.0,0.06553014
0.0,0.09854144
0.0,0.09928334
0.0,0.108044244
0.0,0.101054415
0.0,0.12221701
0.0,0.08479912
0.0,0.09580386
0.0,0.07556005
0.0,0.054517135
0.0,0.096079014
0.0,0.094297916
0.0,0.015631663
0.0,0.054015785
0.0,0.10806841
0.0,0.043157008
0.0,0.073451094
0.0,0.035823885
0.0,0.08813433
0.0,0.06551598
0.0,0.07179882
0.0,0.07558513
0.0,0.069915384
0.0,0.11297414
1.0,0.05799736
0.0,0.09698115
0.0,0.06360844
0.0,0.053409077
0.0,0.053929787
1.0,0.0885306
0.0,0.09747749
0.0,0.15151496
0.0,0.09144053
0.0,0.0687403
0.0,0.09741279
0.0,0.062076695
0.0,0.10060132
1.0,0.07941648
0.0,0.09593188
0.0,0.05964437
0.0,0.13041595
0.0,0.06151221
0.0,0.016399082
0.0,0.124263026
0.0,0.1152201
0.0,0.084586166
0.0,0.14239882
0.0,0.07055564
0.0,0.056022953
0.0,0.09896234
0.0,0.096620634
0.0,0.084458165
0.0,0.052233703
1.0,0.079762824
0.0,0.07106565
0.0,0.09034721
0.0,0.06449368
0.0,0.104833305
0.0,0.1008468
0.0,0.09629378
0.0,0.05900678
0.0,0.12060671
0.0,0.08092205
0.0,0.13025147
1.0,0.09451526
0.0,0.073537566
0.0,0.0798505
1.0,0.06041902
0.0,0.09134781
1.0,0.07746212
0.0,0.07226494
0.0,0.09573427
0.0,0.12461382
0.0,0.11230764
0.0,0.12017636
0.0,0.08133056
0.0,0.072795235
0.0,0.088446446
0.0,0.09248525
0.0,0.07071673
0.0,0.07426847
0.0,0.04306135
0.0,0.11681711
0.0,0.07599984
0.0,0.08170398
0.0,0.061300844
0.0,0.09861761
0.0,0.052165553
0.0,0.08592574
0.0,0.10043189
0.0,0.07563887
0.0,0.064452514
0.0,0.084695965
0.0,0.07846919
0.0,0.13710552
0.0,0.09783001
0.0,0.047753964
0.0,0.109795496
0.0,0.08266969
0.0,0.03335359
0.0,0.078296065
1.0,0.072342485
0.0,0.016447823
0.0,0.07358004
0.0,0.07497522
0.0,0.054263655
0.0,0.055675104
0.0,0.08891834
0.0,0.09474295
0.0,0.11055426
0.0,0.051847387
0.0,0.08276774
0.0,0.08917914
0.0,0.06472682
0.0,0.083336964
0.0,0.034966037
0.0,0.035801806
0.0,0.06351493
0.0,0.11815655
0.0,0.111741014
0.0,0.105119005
0.0,0.061804026
0.0,0.07603629
0.0,0.07925277
0.0,0.08284709
0.0,0.0660237
0.0,0.07682402
0.0,0.111495994
0.0,0.069211006
0.0,0.09921001
0.0,0.10323042
0.0,0.08956598
0.0,0.11917003
0.0,0.08132129
0.0,0.0904576
0.0,0.0959363
0.0,0.10085392
0.0,0.09458744
0.0,0.11210814
0.0,0.09479351
0.0,0.12129456
0.0,0.0840701
0.0,0.096001916
0.0,0.11062068
0.0,0.032684244
0.0,0.06953369
0.0,0.0717652
0.0,0.14165649
0.0,0.05870678
0.0,0.110717565
1.0,0.0848093
0.0,0.085688904
0.0,0.095302664
0.0,0.07642416
1.0,0.043451823
0.0,0.057163958
0.0,0.09058619
1.0,0.040876273
0.0,0.0921334
0.0,0.03609801
0.0,0.048582807
0.0,0.09586473
0.0,0.10039115
0.0,0.09071462
0.0,0.05956834
0.0,0.066915944
0.0,0.08226696
0.0,0.10012472
0.0,0.115764946
0.0,0.027689695
0.0,0.043495037
0.0,0.093811624
0.0,0.0985553
0.0,0.11488506
0.0,0.140023
0.0,0.039062947
0.0,0.075701095
0.0,0.026901668
0.0,0.036656097
0.0,0.11557948
0.0,0.06464978
1.0,0.13431686
0.0,0.09753879
0.0,0.14439663
0.0,0.043525286
1.0,0.09959508
0.0,0.06226349
0.0,0.07114109
0.0,0.08626664
0.0,0.063690506
0.0,0.08804949
0.0,0.094480135
0.0,0.088690534
0.0,0.053180527
0.0,0.06555623
0.0,0.08217729
0.0,0.074210696
0.0,0.06315118
0.0,0.06769236
0.0,0.11385787
1.0,0.07163747
0.0,0.08592136
0.0,0.06679163
0.0,0.04855305
0.0,0.07415641
0.0,0.016703017
0.0,0.12848504
0.0,0.06951438
0.0,0.076981224
0.0,0.0841506
0.0,0.083082855
1.0,0.061586842
0.0,0.08441842
0.0,0.09009872
0.0,0.09987172
0.0,0.06488591
1.0,0.037999984
0.0,0.105211824
0.0,0.09561734
0.0,0.115557164
0.0,0.1035174
0.0,0.10440389
0.0,0.116089895
0.0,0.09457285
0.0,0.13266233
0.0,0.097730234
0.0,0.15202941
0.0,0.063067324
0.0,0.11033802
0.0,0.08506998
0.0,0.103428856
0.0,0.05325681
0.0,0.0915737
1.0,0.08225434
0.0,0.083664455
0.0,0.07280037
0.0,0.041867398
1.0,0.07529634
0.0,0.09032903
0.0,0.07719122
0.0,0.05911213
0.0,0.10006997
0.0,0.122677594
0.0,0.08226231
0.0,0.083497524
0.0,0.046504628
0.0,0.107126355
0.0,0.086369514
0.0,0.11340079
0.0,0.07743396
1.0,0.1308176
0.0,0.073356695
0.0,0.080238424
0.0,0.06510495
0.0,0.08229228
0.0,0.06682538
0.0,0.1275597
0.0,0.08196078
0.0,0.12388072
0.0,0.11504187
0.0,0.08849704
0.0,0.10389369
0.0,0.09760928
0.0,0.05021968
0.0,0.093821466
0.0,0.067590244
0.0,0.08562478
0.0,0.09050766
0.0,0.11570046
0.0,0.06662767
0.0,0.051194
0.0,0.116987236
0.0,0.04084163
0.0,0.08805679
0.0,0.09040088
0.0,0.070822924
0.0,0.06565126
0.0,0.0651176
0.0,0.02085323
0.0,0.06848429
0.0,0.09199785
0.0,0.03922504
0.0,0.10423782
0.0,0.11342961
0.0,0.0816805
0.0,0.08001346
0.0,0.06861674
0.0,0.11004832
0.0,0.105538025
0.0,0.069143765
1.0,0.068304606
0.0,0.06785864
0.0,0.093750425
1.0,0.103553556
0.0,0.11921593
0.0,0.05414259
0.0,0.08724409
0.0,0.07695018
0.0,0.12650079
0.0,0.13898245
1.0,0.053751692
0.0,0.1437269
0.0,0.055746935
0.0,0.106091104
0.0,0.08962792
0.0,0.15091394
0.0,0.08389737
0.0,0.04394409
0.0,0.076035984
0.0,0.13757004
0.0,0.08845828
0.0,0.09917232
0.0,0.09740963
0.0,0.10155041
0.0,0.119724825
0.0,0.06220239
0.0,0.07280912
0.0,0.09492548
0.0,0.10206309
1.0,0.07630689
0.0,0.01661386
0.0,0.1251559
0.0,0.11439248
0.0,0.07687697
0.0,0.09943344
0.0,0.13244696
0.0,0.072393775
0.0,0.10847883
0.0,0.12598285
0.0,0.07458331
0.0,0.07515458
0.0,0.08691192
0.0,0.08625868
0.0,0.028272478
0.0,0.11663068
0.0,0.10562804
0.0,0.06094274
0.0,0.11028842
0.0,0.08937655
0.0,0.09495921
0.0,0.050395925
0.0,0.11728992
0.0,0.06358389
0.0,0.12095968
1.0,0.055076607
0.0,0.06408141
0.0,0.062114537
0.0,0.10303918
0.0,0.0486127
0.0,0.10116702
0.0,0.064540826
0.0,0.06592046
0.0,0.13955024
0.0,0.07720125
0.0,0.07293898
0.0,0.11218143
0.0,0.09100707
0.0,0.079264075
0.0,0.089320354
0.0,0.04599141
1.0,0.04658339
0.0,0.069648355
0.0,0.086392865
0.0,0.08342756
0.0,0.08855303
0.0,0.13733871
0.0,0.11548486
0.0,0.06143309
0.0,0.05955414
0.0,0.08991035
0.0,0.0884401
1.0,0.13510394
0.0,0.12953179
0.0,0.12093422
0.0,0.059894804
0.0,0.11332114
1.0,0.050546195
0.0,0.077257834
0.0,0.06713906
0.0,0.15789369
0.0,0.072141655
0.0,0.078551084
0.0,0.07616426
0.0,0.09218316
0.0,0.019956887
0.0,0.113574766
0.0,0.07844405
0.0,0.07414832
0.0,0.083012365
0.0,0.036907546
0.0,0.11547558
0.0,0.07082235
0.0,0.06779544
0.0,0.06953204
0.0,0.11786273
0.0,0.045829423
0.0,0.074939445
0.0,0.065533176
1.0,0.05161224
0.0,0.090026915
0.0,0.12978819
0.0,0.07869157
0.0,0.094686516
0.0,0.045974735
0.0,0.11368516
0.0,0.10056236
0.0,0.042934753
0.0,0.0918306
0.0,0.071592055
0.0,0.06338937
0.0,0.066594176
0.0,0.08268678
0.0,0.055497833
0.0,0.092953175
0.0,0.08621895
0.0,0.09267567
0.0,0.08090292
0.0,0.083312154
0.0,0.14545992
0.0,0.06261187
0.0,0.09497528
0.0,0.11427238
0.0,0.11798129
0.0,0.08701463
0.0,0.07274851
0.0,0.07121285
0.0,0.123553365
0.0,0.07980313
0.0,0.09735172
0.0,0.06517897
0.0,0.12867174
1.0,0.08946186
0.0,0.08733727
0.0,0.053912327
0.0,0.081758216
0.0,0.10106716
0.0,0.12325042
0.0,0.111300945
0.0,0.17155066
1.0,0.056496955
1.0,0.052817598
0.0,0.110987306
0.0,0.07285248
0.0,0.06415211
0.0,0.09406184
0.0,0.09334372
0.0,0.100285314
0.0,0.102663584
0.0,0.101825096
0.0,0.047912028
0.0,0.07211402
0.0,0.033186726
0.0,0.09563103
0.0,0.053733893
0.0,0.0778435
0.0,0.05967245
0.0,0.08564166
0.0,0.07253457
0.0,0.08294743
0.0,0.09426811
0.0,0.08774148
0.0,0.056716494
0.0,0.10685991
0.0,0.12576236
0.0,0.09556922
0.0,0.061509438
0.0,0.01697403
0.0,0.12897715
0.0,0.08454862
0.0,0.04614955
1.0,0.044460274
0.0,0.1453176
0.0,0.09861467
0.0,0.09435877
0.0,0.11268625
0.0,0.092938945
0.0,0.089870445
0.0,0.0826263
0.0,0.021896102
0.0,0.08487841
0.0,0.017374171
0.0,0.0959285
0.0,0.11786138
0.0,0.07904631
0.0,0.09657156
0.0,0.06466437
0.0,0.07416501
0.0,0.035464514
0.0,0.10874195
0.0,0.10384181
0.0,0.12753347
0.0,0.10024233
0.0,0.07462913
0.0,0.10547967
0.0,0.054670997
0.0,0.018121332
1.0,0.054689627
0.0,0.06500523
0.0,0.10189943
0.0,0.07932453
0.0,0.11339441
0.0,0.109190665
0.0,0.046108074
1.0,0.115070045
0.0,0.11603704
0.0,0.09436944
0.0,0.0694264
0.0,0.09632317
0.0,0.07184027
0.0,0.018637307
0.0,0.06415394
0.0,0.05609728
0.0,0.037455857
0.0,0.105345465
1.0,0.15619013
0.0,0.078248106
0.0,0.053805146
1.0,0.058386903
0.0,0.0995833
2.0,0.05485317
0.0,0.08753505
0.0,0.052120812
0.0,0.060264766
0.0,0.06880295
0.0,0.060399
0.0,0.068064824
0.0,0.056537487
0.0,0.08394464
0.0,0.072939605
0.0,0.060159598
0.0,0.12571827
0.0,0.06600866
0.0,0.08542
0.0,0.11282297
0.0,0.044648297
0.0,0.027253484
0.0,0.074360125
0.0,0.092715725
0.0,0.058971874
0.0,0.087267354
0.0,0.07630116
0.0,0.060596764
0.0,0.15683728
0.0,0.11136451
1.0,0.09137088
0.0,0.075061984
0.0,0.058270212
0.0,0.07498805
0.0,0.052555818
0.0,0.072071284
0.0,0.07842703
0.0,0.07301501
0.0,0.074454196
0.0,0.10115773
0.0,0.080562666
0.0,0.13019691
0.0,0.09730719
0.0,0.09908874
0.0,0.018245833
0.0,0.09157634
0.0,0.10654156
0.0,0.15312046
0.0,0.06391881
0.0,0.09183261
0.0,0.07782825
0.0,0.07458843
0.0,0.065274045
0.0,0.120837696
0.0,0.07472921
0.0,0.054578364
0.0,0.111794226
0.0,0.043891765
0.0,0.12690282
0.0,0.08839899
0.0,0.09029477
0.0,0.07580064
0.0,0.13537681
0.0,0.0758304
0.0,0.09114584
0.0,0.05495318
0.0,0.11469917
0.0,0.09779764
0.0,0.09276965
0.0,0.0906418
0.0,0.07027247
0.0,0.07965266
0.0,0.076122105
0.0,0.080837674
0.0,0.09664738
0.0,0.06748477
0.0,0.04915626
0.0,0.09742607
0.0,0.09640174
0.0,0.070626296
0.0,0.061609972
0.0,0.12113082
0.0,0.10753627
0.0,0.08218526
0.0,0.044404183
1.0,0.072057664
0.0,0.13724008
0.0,0.10987419
0.0,0.061857242
0.0,0.11618678
0.0,0.044837892
0.0,0.07189494
0.0,0.06969268
0.0,0.07430072
0.0,0.07529498
0.0,0.07162005
0.0,0.09873991
0.0,0.13684216
0.0,0.12242389
0.0,0.07518754
0.0,0.14149065
0.0,0.0068261446
0.0,0.059161395
0.0,0.079204604
0.0,0.083128765
0.0,0.07121593
0.0,0.1145564
0.0,0.10602943
0.0,0.07501688
0.0,0.10718179
0.0,0.053220242
0.0,0.100009054
0.0,0.11182382
0.0,0.08396734
0.0,0.10229263
0.0,0.059085716
0.0,0.05858705
1.0,0.10586469
0.0,0.11041002
0.0,0.05981342
0.0,0.1328276
0.0,0.08477015
0.0,0.07835777
0.0,0.057429466
0.0,0.1308054
0.0,0.06294205
0.0,0.0702888
0.0,0.06272253
0.0,0.07939009
0.0,0.06964373
0.0,0.08950609
0.0,0.095138706
0.0,0.060488954
0.0,0.09656502
0.0,0.07836257
0.0,0.09635448
0.0,0.09334099
0.0,0.07557969
0.0,0.15105075
0.0,0.08329818
0.0,0.04187826
0.0,0.09295089
0.0,0.09887925
0.0,0.080814876
0.0,0.06989299
0.0,0.096996024
0.0,0.10229887
0.0,0.12426101
0.0,0.10794733
1.0,0.10081973
0.0,0.06907239
0.0,0.1332512
0.0,0.10515209
1.0,0.10702028
0.0,0.12005523
0.0,0.076284036
0.0,0.056007758
0.0,0.12876858
0.0,0.111393325
0.0,0.10525182
0.0,0.08850606
0.0,0.09015368
0.0,0.020691492
0.0,0.09489527
0.0,0.09190118
0.0,0.06502781
0.0,0.08239472
0.0,0.06451592
0.0,0.05587721
0.0,0.10433536
0.0,0.09210727
1.0,0.13100949
0.0,0.09777917
0.0,0.097208895
0.0,0.0664448
0.0,0.08641846
1.0,0.056882452
0.0,0.09439278
0.0,0.12760314
0.0,0.08668655
0.0,0.0752993
1.0,0.08045186
0.0,0.08970228
0.0,0.10258387
0.0,0.14209399
0.0,0.07726955
0.0,0.085064426
0.0,0.10059986
0.0,0.07481257
0.0,0.062937275
0.0,0.08137674
0.0,0.057755664
0.0,0.08604469
0.0,0.11333078
0.0,0.073828325
0.0,0.11884907
0.0,0.07640204
0.0,0.107368186
0.0,0.0692116
0.0,0.08254834
0.0,0.11797828
0.0,0.08724255
0.0,0.043017134
0.0,0.048117097
0.0,0.1326919
0.0,0.0440776
0.0,0.086855575
0.0,0.13457061
1.0,0.09163636
0.0,0.12625293
0.0,0.055949673
0.0,0.09035444
0.0,0.088606626
0.0,0.07908705
0.0,0.075648606
0.0,0.055466402
0.0,0.13439952
0.0,0.0735297
0.0,0.09756666
0.0,0.1619997
0.0,0.0829957
2.0,0.031121014
0.0,0.09921037
0.0,0.07839081
0.0,0.010429932
0.0,0.0949994
0.0,0.11976662
0.0,0.13545805
0.0,0.046944376
0.0,0.13180546
0.0,0.07110978
0.0,0.07887372
0.0,0.11721799
0.0,0.07875248
0.0,0.08868854
0.0,0.096442476
0.0,0.10598439
0.0,0.11490029
0.0,0.055297628
0.0,0.04665592
0.0,0.07602197
0.0,0.066288926
0.0,0.0609566
0.0,0.064469665
0.0,0.1126412
0.0,0.07545959
0.0,0.08324818
0.0,0.09018728
0.0,0.10469673
0.0,0.076016985
0.0,0.099360965
0.0,0.06798991
0.0,0.09940326
0.0,0.070862316
0.0,0.15090804
0.0,0.12593104
0.0,0.059136212
0.0,0.15317114
0.0,0.08341777
0.0,0.06283658
0.0,0.0894101
0.0,0.081323385
0.0,0.07296987
0.0,0.089419134
0.0,0.03766318
0.0,0.1167244
0.0,0.09998329
0.0,0.046224758
0.0,0.073371895
0.0,0.090281904
0.0,0.10949986
0.0,0.08404607
0.0,0.11789854
0.0,0.07501706
0.0,0.081128255
0.0,0.0653721
0.0,0.06480985
0.0,0.094869524
0.0,0.08936983
0.0,0.10319205
0.0,0.018239345
0.0,0.055731624
0.0,0.06824147
0.0,0.0861985
0.0,0.05136339
0.0,0.094661325
0.0,0.091501325
0.0,0.08768117
1.0,0.12280325
0.0,0.013031865
0.0,0.067919105
0.0,0.05816288
0.0,0.0626476
0.0,0.0877865
0.0,0.06904048
0.0,0.09815581
0.0,0.077230796
0.0,0.1328099
0.0,0.07841083
0.0,0.061502017
0.0,0.07055741
0.0,0.10827109
0.0,0.09091923
0.0,0.08542955
0.0,0.06942531
0.0,0.05605855
0.0,0.060023006
0.0,0.094040334
0.0,0.12163454
0.0,0.044569805
0.0,0.083720125
1.0,0.09073367
0.0,0.068365164
0.0,0.08644446
0.0,0.061220046
0.0,0.0813399
0.0,0.09087335
0.0,0.11134856
0.0,0.10013546
0.0,0.08126741
0.0,0.10226171
0.0,0.0943761
0.0,0.14113729
0.0,0.09370442
0.0,0.16019025
0.0,0.040693533
0.0,0.07336831
0.0,0.10374552
0.0,0.11898036
0.0,0.07493333
0.0,0.10594844
0.0,0.09612896
0.0,0.097534046
0.0,0.115671605
0.0,0.111237355
0.0,0.1271361
0.0,0.06781165
0.0,0.0871505
0.0,0.072022766
0.0,0.13367368
0.0,0.10603605
0.0,0.10530737
0.0,0.0909441
0.0,0.10786333
0.0,0.07607348
1.0,0.08074708
0.0,0.08984084
0.0,0.08629626
0.0,0.065950595
0.0,0.13127667
0.0,0.08846019
0.0,0.05822834
0.0,0.11521284
0.0,0.07705269
0.0,0.1328149
0.0,0.06424642
0.0,0.06917674
0.0,0.09849274
0.0,0.100340895
0.0,0.09897853
0.0,0.13516136
0.0,0.122232914
0.0,0.09330472
0.0,0.0575486
0.0,0.014472395
0.0,0.12813091
0.0,0.062343556
0.0,0.013707952
0.0,0.05238215
0.0,0.079848275
0.0,0.12588958
0.0,0.06789295
0.0,0.07086052
0.0,0.075314656
0.0,0.079840206
0.0,0.06326825
0.0,0.062059056
0.0,0.075800136
0.0,0.106926575
0.0,0.04254645
0.0,0.110540636
0.0,0.13140772
0.0,0.12038947
0.0,0.08253754
0.0,0.09897621
0.0,0.060420748
0.0,0.07586038
0.0,0.11278134
0.0,0.0432055
0.0,0.08834851
0.0,0.065367065
0.0,0.10341051
0.0,0.0599878
0.0,0.07042718
0.0,0.12083216
0.0,0.090597555
0.0,0.07878341
0.0,0.09721066
0.0,0.103318
0.0,0.07541324
1.0,0.0595728
0.0,0.06219557
0.0,0.11666614
0.0,0.1118859
0.0,0.14122738
0.0,0.074764766
0.0,0.079559505
0.0,0.05401031
0.0,0.10427679
0.0,0.061089914
0.0,0.09316066
0.0,0.101
0.0,0.12233916
0.0,0.13149855
0.0,0.12238511
0.0,0.059
0.0,0.0953438
0.0,0.09456009
0.0,0.06740836
0.0,0.09315042
0.0,0.10842593
0.0,0.097985566
0.0,0.10691649
0.0,0.059295703
0.0,0.06796379
0.0,0.039205197
0.0,0.11062076
0.0,0.113080285
0.0,0.08647852
0.0,0.062549524
0.0,0.049562067
0.0,0.11582002
0.0,0.113403924
0.0,0.060222395
0.0,0.042149186
0.0,0.11858148
0.0,0.1261282
0.0,0.058545507
0.0,0.053858433
0.0,0.102869175
0.0,0.03073961
0.0,0.11645846
0.0,0.06567031
0.0,0.09074576
0.0,0.05324645
0.0,0.08803641
0.0,0.11167568
0.0,0.11442309
0.0,0.14724967
0.0,0.06256263
0.0,0.09304017
0.0,0.11466584
0.0,0.09635739
0.0,0.14645022
0.0,0.10598426
0.0,0.0850797
0.0,0.09316914
0.0,0.10037506
0.0,0.0605286
0.0,0.054628223
0.0,0.07327929
0.0,0.1056816
0.0,0.08140276
0.0,0.06897016
0.0,0.09760951
0.0,0.124551564
0.0,0.055053763
0.0,0.1118994
0.0,0.11601483
0.0,0.06422096
0.0,0.05111982
1.0,0.07121317
0.0,0.053590704
0.0,0.055313505
0.0,0.07457506
0.0,0.08582153
0.0,0.0672569
0.0,0.08931665
0.0,0.0840786
0.0,0.07114977
0.0,0.076422155
1.0,0.067723535
0.0,0.041412763
0.0,0.046113558
0.0,0.09852804
0.0,0.08443412
0.0,0.13115251
0.0,0.120775424
0.0,0.06591002
0.0,0.08848637
0.0,0.112724185
0.0,0.06390598
0.0,0.11265245
0.0,0.08292853
0.0,0.12271989
0.0,0.14130312
0.0,0.05970763
0.0,0.080014646
0.0,0.10089649
0.0,0.12472677
0.0,0.08391467
0.0,0.058818623
0.0,0.07218267
0.0,0.055336457
0.0,0.09027217
0.0,0.11319285
0.0,0.09468209
0.0,0.12230784
0.0,0.081150964
0.0,0.104923554
0.0,0.10296033
0.0,0.07463459
0.0,0.120320745
0.0,0.032800637
0.0,0.06635864
0.0,0.07057498
0.0,0.08283985
0.0,0.11498738
0.0,0.074864045
0.0,0.05560188
0.0,0.117142
0.0,0.117364325
0.0,0.094694555
0.0,0.09883454
0.0,0.122486986
0.0,0.11912731
0.0,0.058603782
0.0,0.081214994
0.0,0.115025684
0.0,0.020588554
0.0,0.12822345
0.0,0.15558882
0.0,0.1082992
0.0,0.12349479
0.0,0.062352624
0.0,0.07453328
0.0,0.080632575
0.0,0.07731523
0.0,0.12624958
0.0,0.061929077
0.0,0.10727643
0.0,0.09250517
0.0,0.015615108
1.0,0.08668401
0.0,0.05765864
0.0,0.036046267
0.0,0.081399776
0.0,0.1369755
0.0,0.0848794
0.0,0.057652395
0.0,0.09638984
0.0,0.10858844
1.0,0.13067736
0.0,0.09542972
0.0,0.12175437
0.0,0.10530187
0.0,0.05994915
0.0,0.07265022
0.0,0.100118466
0.0,0.078429334
0.0,0.120232046
0.0,0.10334391
0.0,0.1438152
0.0,0.06361657
0.0,0.09293274
0.0,0.07707448
0.0,0.06104209
0.0,0.08783883
0.0,0.14320716
0.0,0.084673256
0.0,0.040371913
0.0,0.094768725
0.0,0.081966296
0.0,0.10818519
0.0,0.14295948
0.0,0.07986012
0.0,0.13375631
0.0,0.10015041
0.0,0.08976941
0.0,0.05299184
0.0,0.094832934
0.0,0.07889916
0.0,0.09906247
0.0,0.08229334
0.0,0.052062836
0.0,0.012698009
0.0,0.06639311
0.0,0.061822947
0.0,0.07336607
0.0,0.061965175
0.0,0.09876587
0.0,0.11735277
0.0,0.06270131
0.0,0.057346277
0.0,0.10470007
0.0,0.05092277
0.0,0.09557602
0.0,0.104283705
0.0,0.07438981
0.0,0.045898005
1.0,0.08224442
0.0,0.100455865
0.0,0.053785753
0.0,0.079693235
0.0,0.083362624
0.0,0.112465456
0.0,0.08191192
0.0,0.0719231
0.0,0.09645363
0.0,0.07718482
0.0,0.02592247
0.0,0.079688594
0.0,0.120731026
0.0,0.11578556
0.0,0.04498879
0.0,0.08384355
0.0,0.100433975
0.0,0.07460077
0.0,0.12281092
0.0,0.045634218
0.0,0.09449415
0.0,0.059032377
0.0,0.0840012
0.0,0.09213585
0.0,0.13672084
0.0,0.11525725
0.0,0.08862967
0.0,0.13632199
0.0,0.10623834
0.0,0.03041532
0.0,0.0440589
0.0,0.095093146
0.0,0.06345251
0.0,0.089242995
0.0,0.087622404
0.0,0.06761004
0.0,0.10197665
0.0,0.090601444
0.0,0.089542314
0.0,0.081181504
0.0,0.108661145
0.0,0.060871843
0.0,0.089845866
0.0,0.09559691
0.0,0.096939564
0.0,0.11719971
0.0,0.074002594
0.0,0.050077353
0.0,0.07396151
0.0,0.02315392
0.0,0.08267162
0.0,0.031843193
0.0,0.036895465
0.0,0.08127402
0.0,0.11826388
0.0,0.07231255
0.0,0.101224825
0.0,0.036715504
0.0,0.08488055
0.0,0.069428615
0.0,0.09079906
0.0,0.12738076
0.0,0.06315085
0.0,0.045104362
0.0,0.06625219
1.0,0.095836714
0.0,0.07805204
0.0,0.05931765
0.0,0.11804412
0.0,0.067877375
0.0,0.10594225
0.0,0.054214887
0.0,0.07612559
0.0,0.06033714
0.0,0.10447015
0.0,0.08217885
0.0,0.06807763
0.0,0.07823482
1.0,0.03638108
0.0,0.045029365
0.0,0.110908635
0.0,0.1057135
0.0,0.09211281
0.0,0.048970174
0.0,0.093351424
0.0,0.08431747
0.0,0.15955056
0.0,0.0869982
0.0,0.08624416
0.0,0.04958884
1.0,0.09715977
0.0,0.108696766
0.0,0.06823626
0.0,0.0679052
0.0,0.088897526
0.0,0.10032793
0.0,0.069365844
0.0,0.04733575
0.0,0.08078042
0.0,0.06338412
0.0,0.085201636
0.0,0.11111066
1.0,0.10125184
0.0,0.09154558
0.0,0.067593455
0.0,0.081352666
0.0,0.037741404
0.0,0.11321644
0.0,0.101720154
0.0,0.091723114
0.0,0.044622883
0.0,0.04782552
0.0,0.11375541
0.0,0.09419572
0.0,0.12334842
0.0,0.09120062
0.0,0.0718775
0.0,0.11399855
0.0,0.07721014
0.0,0.12522371
0.0,0.12713598
0.0,0.08243755
0.0,0.09433482
0.0,0.123585895
0.0,0.08583538
0.0,0.049395595
0.0,0.06036848
0.0,0.02824759
0.0,0.101281
0.0,0.069892086
0.0,0.05721643
0.0,0.11988135
0.0,0.065164
0.0,0.10845602
0.0,0.084789895
0.0,0.095989004
0.0,0.1206286
0.0,0.09841913
0.0,0.070347816
0.0,0.100358054
0.0,0.079753585
0.0,0.082786694
0.0,0.13713838
0.0,0.07578633
0.0,0.02535859
0.0,0.06717218
0.0,0.09158855
0.0,0.07700226
0.0,0.07995156
0.0,0.09795637
0.0,0.08242164
0.0,0.080231234
0.0,0.07717392
0.0,0.08110814
1.0,0.092312254
0.0,0.053709917
0.0,0.07676067
0.0,0.0667582
0.0,0.08717344
0.0,0.091043435
0.0,0.11538922
0.0,0.10398761
0.0,0.059236273
0.0,0.06172461
0.0,0.08568943
0.0,0.07520543
0.0,0.09532175
0.0,0.11006714
0.0,0.11089132
0.0,0.087350786
0.0,0.120071486
0.0,0.065779924
0.0,0.10212234
0.0,0.06831537
0.0,0.074697256
0.0,0.092159644
0.0,0.06046297
1.0,0.08256923
0.0,0.14093637
0.0,0.05198322
0.0,0.084096566
0.0,0.054435723
0.0,0.10152126
0.0,0.09195287
0.0,0.037385963
0.0,0.07138755
0.0,0.10309288
0.0,0.11426693
0.0,0.0859106
0.0,0.09479514
0.0,0.089516744
0.0,0.04060536
0.0,0.06713644
0.0,0.10611205
0.0,0.015548966
0.0,0.15959434
0.0,0.03898143
0.0,0.054980595
0.0,0.11045541
0.0,0.087645635
0.0,0.11457258
0.0,0.14829811
0.0,0.076180585
0.0,0.12738775
0.0,0.13058265
0.0,0.13208462
0.0,0.1154087
0.0,0.09517235
0.0,0.12406883
0.0,0.0771243
0.0,0.055034235
0.0,0.09761877
0.0,0.058261544
0.0,0.08384737
0.0,0.06772749
0.0,0.07990385
0.0,0.09952937
0.0,0.017316943
1.0,0.09146244
0.0,0.036388054
0.0,0.07341954
0.0,0.077719815
0.0,0.07004035
0.0,0.16916706
0.0,0.10431638
0.0,0.016669273
0.0,0.081738494
1.0,0.013908087
0.0,0.10301067
0.0,0.08844541
0.0,0.04982041
0.0,0.1154676
0.0,0.0773279
0.0,0.10430069
0.0,0.06876112
0.0,0.09556485
0.0,0.057727344
0.0,0.04901795
0.0,0.09504879
0.0,0.07190604
0.0,0.064407595
0.0,0.06357963
0.0,0.071473114
0.0,0.09548839
0.0,0.07315708
0.0,0.043295622
0.0,0.080950886
0.0,0.070276216
1.0,0.09572548
0.0,0.1321912
0.0,0.11890768
0.0,0.0692965
0.0,0.099246204
0.0,0.07512597
0.0,0.06817777
0.0,0.10185647
0.0,0.0671747
0.0,0.0615173
0.0,0.12128953
0.0,0.12790634
0.0,0.048507877
0.0,0.10577296
0.0,0.042838108
0.0,0.09654361
0.0,0.13590266
0.0,0.08987769
0.0,0.09575333
0.0,0.077543445
0.0,0.035430346
0.0,0.076485366
0.0,0.11947791
0.0,0.08293071
0.0,0.074961655
0.0,0.076480076
0.0,0.1257774
0.0,0.10177886
0.0,0.04708878
0.0,0.080359764
0.0,0.041527662
0.0,0.045135193
0.0,0.08924483
0.0,0.054827597
0.0,0.05874129
0.0,0.05621372
0.0,0.092206806
0.0,0.12197932
0.0,0.09307718
0.0,0.10383124
0.0,0.0853643
0.0,0.09029846
0.0,0.07727113
0.0,0.087128416
0.0,0.08807039
0.0,0.030461976
0.0,0.08295958
0.0,0.06599366
0.0,0.13268988
0.0,0.09427031
0.0,0.08336209
0.0,0.068529435
0.0,0.08890457
0.0,0.093431026
0.0,0.15500791
0.0,0.0840279
0.0,0.08436647
0.0,0.08661338
1.0,0.07375012
0.0,0.09658484
0.0,0.13647994
0.0,0.097397834
0.0,0.069720134
0.0,0.061808005
0.0,0.08677019
0.0,0.049649257
0.0,0.10309472
0.0,0.021429336
0.0,0.07240341
0.0,0.108284906
0.0,0.0842875
0.0,0.051029112
0.0,0.06946776
0.0,0.055947993
0.0,0.0761599
0.0,0.10606323
0.0,0.084523596
0.0,0.027257774
0.0,0.07700147
0.0,0.0766315
0.0,0.096094385
0.0,0.1458245
0.0,0.083961494
0.0,0.06560112
0.0,0.07825283
0.0,0.058535807
0.0,0.10008195
0.0,0.103984535
0.0,0.07209509
0.0,0.089314304
0.0,0.10118851
0.0,0.11113577
0.0,0.1263665
1.0,0.100563556
0.0,0.08650608
0.0,0.11295367
0.0,0.014412611
0.0,0.11592757
0.0,0.08212521
0.0,0.046435893
0.0,0.11024126
0.0,0.12746708
0.0,0.0574803
0.0,0.07428269
0.0,0.09333467
0.0,0.033972893
0.0,0.075774625
0.0,0.06355568
0.0,0.0802833
0.0,0.05204684
0.0,0.13591276
0.0,0.12896648
0.0,0.07757045
0.0,0.105768695
0.0,0.08474152
0.0,0.053310774
0.0,0.07414036
0.0,0.01353409
0.0,0.11723722
0.0,0.08693824
0.0,0.04731577
0.0,0.13475762
0.0,0.12764122
0.0,0.06603173
0.0,0.14025004
0.0,0.09606
0.0,0.07556897
0.0,0.05843647
0.0,0.065171696
0.0,0.06524728
0.0,0.08779165
0.0,0.11900076
1.0,0.095471136
0.0,0.063933484
0.0,0.072411664
0.0,0.05791349
0.0,0.09332303
0.0,0.10600848
0.0,0.079888016
0.0,0.06925709
0.0,0.0769288
0.0,0.09716825
0.0,0.059779562
0.0,0.12245767
0.0,0.05931175
0.0,0.080733165
0.0,0.0935843
0.0,0.07009439
0.0,0.08924194
0.0,0.06294189
0.0,0.04559449
0.0,0.07163395
0.0,0.085840255
0.0,0.11975343
0.0,0.14092416
0.0,0.08772462
0.0,0.05298742
0.0,0.09111014
1.0,0.062048137
0.0,0.10990301
0.0,0.10433021
0.0,0.082416214
0.0,0.10147949
0.0,0.0684178
0.0,0.08155559
0.0,0.047863893
0.0,0.11077581
1.0,0.08682352
0.0,0.11407677
0.0,0.13515066
0.0,0.13418512
0.0,0.08218264
0.0,0.09560473
0.0,0.096966125
0.0,0.1052178
0.0,0.15399355
0.0,0.12784898
0.0,0.050158463
0.0,0.065373845
0.0,0.041455943
0.0,0.07139952
0.0,0.029023292
0.0,0.083725855
0.0,0.09625296
0.0,0.044680804
0.0,0.07641995
0.0,0.096145675
0.0,0.10425626
0.0,0.11291842
0.0,0.08927956
0.0,0.08880682
0.0,0.11723945
0.0,0.07011019
0.0,0.0833298
0.0,0.06001944
0.0,0.08288826
0.0,0.09920743
0.0,0.08865613
1.0,0.11693283
1.0,0.04933044
0.0,0.10052997
0.0,0.1072065
0.0,0.10506278
0.0,0.084894314
0.0,0.087794125
0.0,0.06863981
0.0,0.14072555
0.0,0.105234005
0.0,0.06269545
0.0,0.06622439
0.0,0.077596836
0.0,0.07634829
0.0,0.085432544
0.0,0.10788074
0.0,0.07263608
0.0,0.0747679
0.0,0.094668165
0.0,0.03203318
0.0,0.08266187
0.0,0.053551823
1.0,0.07603267
0.0,0.1101509
0.0,0.05953353
0.0,0.05121523
0.0,0.107228436
0.0,0.09785053
0.0,0.076683134
0.0,0.08321746
0.0,0.06648949
0.0,0.107562326
0.0,0.08636503
0.0,0.10031157
0.0,0.065438434
0.0,0.06156297
0.0,0.06683753
0.0,0.13506815
0.0,0.12539904
0.0,0.13342777
0.0,0.095228076
0.0,0.09987593
0.0,0.10335441
0.0,0.06384789
0.0,0.07945705
0.0,0.09519048
0.0,0.07734777
0.0,0.06701359
0.0,0.069102496
0.0,0.11474239
0.0,0.034285173
1.0,0.08970591
0.0,0.10116044
0.0,0.07045588
0.0,0.12266005
0.0,0.073243976
0.0,0.10349284
0.0,0.061688375
0.0,0.04023345
0.0,0.07356296
0.0,0.098189585
0.0,0.08782884
0.0,0.10137996
1.0,0.05711195
0.0,0.08781384
1.0,0.11881552
0.0,0.084573865
0.0,0.05281037
0.0,0.07889394
0.0,0.10076917
1.0,0.16977067
0.0,0.13639686
0.0,0.06561585
0.0,0.08549559
0.0,0.09364568
0.0,0.14573614
1.0,0.10421717
0.0,0.0880325
0.0,0.08823212
0.0,0.11342225
0.0,0.08675884
1.0,0.084222615
0.0,0.053164314
0.0,0.061225124
0.0,0.07130842
0.0,0.06516235
0.0,0.09973913
0.0,0.085663594
0.0,0.090574116
0.0,0.092807546
0.0,0.120109454
0.0,0.08401732
0.0,0.12593296
0.0,0.09407612
0.0,0.080471866
0.0,0.1461973
1.0,0.13537464
0.0,0.08013739
0.0,0.10922538
0.0,0.14193687
0.0,0.09785019
0.0,0.052854672
0.0,0.071454726
0.0,0.060258847
0.0,0.08701476
0.0,0.116872124
0.0,0.10436917
0.0,0.10877307
2.0,0.10807784
1.0,0.117768355
0.0,0.04181052
0.0,0.066461794
0.0,0.08599633
0.0,0.050255183
0.0,0.09280002
0.0,0.08678675
1.0,0.045817252
0.0,0.08558365
1.0,0.11625891
0.0,0.14264296
0.0,0.08477393
0.0,0.07193828
0.0,0.10951484
0.0,0.12836814
0.0,0.10333416
1.0,0.06598455
0.0,0.08014264
0.0,0.09864371
0.0,0.08819851
0.0,0.094705075
0.0,0.06060568
0.0,0.059682395
0.0,0.09002142
0.0,0.12948602
0.0,0.12058113
0.0,0.06779295
3.0,0.08129341
0.0,0.08953126
0.0,0.07014071
0.0,0.07189661
0.0,0.059655834
0.0,0.042167388
0.0,0.13575996
0.0,0.072882496
0.0,0.047077015
0.0,0.07872693
0.0,0.091129005
0.0,0.08478522
0.0,0.07710672
0.0,0.067621745
0.0,0.13713367
0.0,0.08961502
0.0,0.10455372
0.0,0.070553005
0.0,0.061017033
0.0,0.0666202
0.0,0.101781674
0.0,0.08486758
0.0,0.07499635
0.0,0.012231865
0.0,0.06523394
0.0,0.071068935
0.0,0.060501385
0.0,0.08387931
0.0,0.08619308
0.0,0.05976323
0.0,0.1296555
0.0,0.060578436
0.0,0.048099987
0.0,0.068526186
0.0,0.109681
0.0,0.107836075
0.0,0.0914913
0.0,0.10271382
0.0,0.062147632
0.0,0.07204059
0.0,0.07571348
0.0,0.11991356
0.0,0.08523981
0.0,0.11147564
0.0,0.061932534
0.0,0.044097394
0.0,0.076460846
0.0,0.075179815
0.0,0.08398422
0.0,0.10087544
0.0,0.12180486
0.0,0.07653701
0.0,0.07556441
0.0,0.13924846
1.0,0.07519111
0.0,0.0811805
0.0,0.0828119
0.0,0.121989615
0.0,0.09004092
0.0,0.07791306
0.0,0.084390014
1.0,0.10204942
0.0,0.067325324
0.0,0.08397075
0.0,0.047576353
0.0,0.07463847
0.0,0.13909328
0.0,0.12648615
0.0,0.04245838
0.0,0.048621662
0.0,0.08901115
0.0,0.113411814
0.0,0.042911135
0.0,0.059741035
0.0,0.1249969
0.0,0.06828893
0.0,0.077932954
0.0,0.08969438
0.0,0.113043
0.0,0.126486
0.0,0.031729843
0.0,0.10865252
0.0,0.12848234
0.0,0.069442324
0.0,0.04974535
0.0,0.14628538
0.0,0.0593699
1.0,0.045836493
0.0,0.09250918
0.0,0.05257363
0.0,0.13290857
0.0,0.0947824
0.0,0.113417715
0.0,0.09942459
0.0,0.08649567
0.0,0.12927623
0.0,0.057452653
0.0,0.10057586
0.0,0.04261902
0.0,0.10778449
0.0,0.07385899
0.0,0.15238397
1.0,0.02263429
0.0,0.085935295
0.0,0.16604781
0.0,0.07464237
0.0,0.10518095
1.0,0.08156031
0.0,0.09004852
0.0,0.073700555
0.0,0.07641647
0.0,0.13615075
0.0,0.083613925
0.0,0.07607094
0.0,0.07645348
0.0,0.1159885
0.0,0.10655192
0.0,0.036671624
0.0,0.12381319
0.0,0.08836915
0.0,0.097228274
0.0,0.09532891
0.0,0.06639599
0.0,0.08404277
0.0,0.078094944
0.0,0.07023096
0.0,0.05954402
0.0,0.09953177
0.0,0.09934154
0.0,0.14695853
0.0,0.06889814
0.0,0.10693071
0.0,0.15032683
0.0,0.09047577
0.0,0.078135006
0.0,0.11335445
0.0,0.11474923
0.0,0.08395836
0.0,0.10423012
0.0,0.12078182
0.0,0.07646415
0.0,0.07847673
0.0,0.13390628
0.0,0.102944694
0.0,0.109323755
0.0,0.10645137
0.0,0.058815677
0.0,0.030433746
0.0,0.107776366
0.0,0.094501875
0.0,0.12989895
0.0,0.0806786
0.0,0.010215448
0.0,0.073520474
0.0,0.102924615
0.0,0.09670026
0.0,0.07860922
0.0,0.07195229
0.0,0.084732145
0.0,0.09478511
0.0,0.10672771
0.0,0.07507281
0.0,0.11256724
0.0,0.05719905
0.0,0.058814332
0.0,0.07561422
0.0,0.038513873
0.0,0.07713518
0.0,0.06805915
0.0,0.053802505
0.0,0.09070402
0.0,0.08340867
0.0,0.07071369
0.0,0.08154386
0.0,0.06803703
0.0,0.06309354
1.0,0.08910361
0.0,0.069511384
0.0,0.095315576
0.0,0.12382718
0.0,0.121590644
0.0,0.15044211
0.0,0.100365154
0.0,0.14395808
0.0,0.06687664
0.0,0.053271707
0.0,0.082868844
0.0,0.112565465
0.0,0.06816904
0.0,0.072354764
0.0,0.115475446
0.0,0.10052079
0.0,0.09000622
1.0,0.0857553
0.0,0.117180936
0.0,0.055439856
0.0,0.07211459
0.0,0.06459911
0.0,0.10495505
0.0,0.06770143
0.0,0.01670947
0.0,0.06405869
0.0,0.11722802
0.0,0.026744515
0.0,0.070701756
1.0,0.09560072
0.0,0.13887157
0.0,0.115925886
1.0,0.08062806
0.0,0.09684559
0.0,0.09633713
0.0,0.13236904
0.0,0.1209175
0.0,0.06572138
0.0,0.09310268
0.0,0.08190374
0.0,0.03775115
0.0,0.1207477
0.0,0.12830436
0.0,0.13263048
0.0,0.06809737
0.0,0.08980499
0.0,0.05829642
2.0,0.080041945
0.0,0.09559041
0.0,0.08936217
0.0,0.06776645
0.0,0.11241873
1.0,0.103287846
0.0,0.08418572
0.0,0.057480834
0.0,0.06594064
0.0,0.11368638
0.0,0.05389661
0.0,0.12280153
0.0,0.06484036
0.0,0.06487191
0.0,0.073256806
0.0,0.08117957
0.0,0.08702772
0.0,0.07892129
1.0,0.08315566
0.0,0.100056924
0.0,0.11942175
0.0,0.0851732
0.0,0.09968799
0.0,0.058776625
0.0,0.082204565
0.0,0.09331547
0.0,0.10587892
0.0,0.08570678
0.0,0.10369097
0.0,0.076772735
0.0,0.10831085
0.0,0.10508899
0.0,0.124523535
0.0,0.093823835
0.0,0.063276
0.0,0.10670878
0.0,0.08442442
0.0,0.10846613
0.0,0.100865096
0.0,0.08533361
0.0,0.0917836
0.0,0.05452033
0.0,0.11603403
0.0,0.09380254
0.0,0.08393728
0.0,0.06936571
0.0,0.050812162
0.0,0.082147844
0.0,0.0919174
0.0,0.11382307
1.0,0.06908232
0.0,0.0860235
0.0,0.11188569
0.0,0.067760244
0.0,0.08055005
0.0,0.06262219
0.0,0.066804595
0.0,0.070959985
0.0,0.07004847
0.0,0.15132296
0.0,0.044105534
0.0,0.11255508
0.0,0.1029456
0.0,0.087799124
0.0,0.10313179
0.0,0.05083841
0.0,0.062388845
0.0,0.08384159
0.0,0.08397559
0.0,0.14533287
0.0,0.0619577
0.0,0.095678814
0.0,0.059756763
0.0,0.06311214
0.0,0.12574801
0.0,0.07458368
0.0,0.078153394
0.0,0.067039445
0.0,0.059323445
1.0,0.14333224
0.0,0.037020013
0.0,0.09109984
0.0,0.03392076
0.0,0.09959677
0.0,0.09269807
1.0,0.10283828
0.0,0.10489261
0.0,0.10042275
0.0,0.053303886
0.0,0.08585362
0.0,0.08550285
0.0,0.056627348
0.0,0.116964504
0.0,0.11681034
1.0,0.11052124
0.0,0.07827543
0.0,0.07566136
0.0,0.09825593
0.0,0.08136169
0.0,0.080141306
0.0,0.11601486
0.0,0.05416166
1.0,0.093356416
0.0,0.11182483
0.0,0.104267724
0.0,0.059827182
0.0,0.09462917
0.0,0.082901806
0.0,0.063424066
0.0,0.08211465
0.0,0.077416144
0.0,0.09319589
0.0,0.06561094
0.0,0.091030955
0.0,0.095531836
0.0,0.022513216
0.0,0.11051205
0.0,0.09305648
0.0,0.0900869
0.0,0.10717006
0.0,0.13241084
0.0,0.096792296
0.0,0.1229247
0.0,0.09394388
0.0,0.020667767
0.0,0.113869816
0.0,0.058037627
0.0,0.0701248
0.0,0.107708186
0.0,0.114946105
0.0,0.07282685
0.0,0.07320787
0.0,0.101177126
0.0,0.06644003
0.0,0.11226817
0.0,0.08512212
1.0,0.10149404
0.0,0.0736716
0.0,0.16035217
0.0,0.09875676
0.0,0.06903684
1.0,0.081760064
0.0,0.09755191
0.0,0.096533
0.0,0.065556146
0.0,0.07148426
0.0,0.09013477
0.0,0.05510566
0.0,0.05874866
0.0,0.063906774
0.0,0.08263575
0.0,0.09940878
0.0,0.055192336
0.0,0.079331435
0.0,0.08658753
0.0,0.074207865
0.0,0.10419061
0.0,0.16545153
0.0,0.067608975
0.0,0.06627816
0.0,0.104883835
1.0,0.050160866
0.0,0.12000057
0.0,0.066447586
0.0,0.10535265
0.0,0.08846536
0.0,0.087872274
0.0,0.06523142
0.0,0.06204252
0.0,0.07922296
0.0,0.06389612
0.0,0.021205997
0.0,0.036541834
0.0,0.08704553
0.0,0.08162334
0.0,0.09540674
0.0,0.058910787
0.0,0.10451733
0.0,0.04617843
0.0,0.06029621
0.0,0.07324373
0.0,0.05391094
0.0,0.11168703
0.0,0.15973765
0.0,0.056262795
0.0,0.09045801
0.0,0.11808753
0.0,0.07230006
0.0,0.096261136
0.0,0.09460503
0.0,0.05989489
0.0,0.06638684
1.0,0.07459558
0.0,0.084166795
0.0,0.07654078
0.0,0.13640875
0.0,0.079173
0.0,0.096619695
1.0,0.07776285
0.0,0.085724175
0.0,0.1288787
0.0,0.12549013
0.0,0.058332764
0.0,0.13484353
0.0,0.094196424
0.0,0.07824983
0.0,0.062778346
0.0,0.09077662
0.0,0.11337029
0.0,0.07166574
0.0,0.10580794
0.0,0.12986061
0.0,0.07459449
0.0,0.1284173
0.0,0.07606855
0.0,0.038953856
0.0,0.09503777
0.0,0.13006236
0.0,0.051493924
0.0,0.048515417
0.0,0.04594341
0.0,0.12757093
0.0,0.118155114
1.0,0.10864363
0.0,0.12769113
0.0,0.120754346
0.0,0.06097935
0.0,0.119992614
0.0,0.12558106
0.0,0.059034444
0.0,0.09784767
0.0,0.042133763
0.0,0.06507835
0.0,0.11761744
0.0,0.09851177
0.0,0.060545888
0.0,0.09139925
0.0,0.054900955
1.0,0.115509614
0.0,0.11070901
0.0,0.05683024
0.0,0.057584163
0.0,0.09808476
0.0,0.12468943
1.0,0.05781959
0.0,0.057027888
0.0,0.07757016
0.0,0.14603299
0.0,0.087338954
0.0,0.108382374
0.0,0.06154699
0.0,0.046368197
0.0,0.1415762
0.0,0.11335086
0.0,0.0625031
0.0,0.13117242
0.0,0.06353429
0.0,0.09896545
0.0,0.057584807
0.0,0.07857047
0.0,0.0698609
0.0,0.08350312
0.0,0.09883579
0.0,0.098699704
0.0,0.08570155
0.0,0.08926751
0.0,0.10133718
0.0,0.08494894
0.0,0.061488234
0.0,0.08203843
0.0,0.07569814
0.0,0.05142881
0.0,0.12758675
0.0,0.076047786
0.0,0.094897486
0.0,0.07968131
0.0,0.069375284
0.0,0.07903299
0.0,0.06887557
0.0,0.08158319
0.0,0.0841973
0.0,0.08278006
0.0,0.09550312
0.0,0.10885123
0.0,0.11627854
0.0,0.054570034
0.0,0.120882474
0.0,0.071338706
0.0,0.017184403
0.0,0.09503254
0.0,0.09775649
0.0,0.116405465
0.0,0.07240735
0.0,0.08782412
0.0,0.091950834
0.0,0.14757507
0.0,0.09985674
0.0,0.097782575
1.0,0.07728244
0.0,0.08846958
0.0,0.08639334
0.0,0.053161032
0.0,0.04601772
0.0,0.061427835
0.0,0.060529307
0.0,0.12996072
0.0,0.11656049
0.0,0.047820468
0.0,0.1112941
0.0,0.09829286
0.0,0.0692547
1.0,0.09147413
0.0,0.056965593
0.0,0.06645642
0.0,0.12950218
0.0,0.0326575
0.0,0.0917643
0.0,0.09476698
0.0,0.03482486
0.0,0.14938617
0.0,0.06006057
0.0,0.09697413
0.0,0.07864825
0.0,0.04972321
0.0,0.05323835
0.0,0.08728891
0.0,0.106391236
0.0,0.12596585
0.0,0.11042084
0.0,0.06577185
0.0,0.06297695
0.0,0.08490132
0.0,0.0801779
0.0,0.06299491
0.0,0.07893695
0.0,0.054738104
0.0,0.09081767
0.0,0.03806775
0.0,0.08770935
0.0,0.054501824
0.0,0.081524074
0.0,0.078679346
0.0,0.06891787
0.0,0.11570769
1.0,0.066984944
1.0,0.011255413
0.0,0.09022513
0.0,0.06553246
0.0,0.021148931
0.0,0.09981801
0.0,0.10807681
0.0,0.113431826
0.0,0.06321721
0.0,0.06726281
0.0,0.10922275
0.0,0.11664361
0.0,0.08632937
0.0,0.06953868
0.0,0.08758955
0.0,0.07000486
0.0,0.08281646
1.0,0.10939681
0.0,0.0882149
0.0,0.06349278
0.0,0.05179893
0.0,0.09869325
0.0,0.085703045
0.0,0.11699357
0.0,0.08680548
0.0,0.109477326
0.0,0.07835831
0.0,0.08826884
0.0,0.10533386
0.0,0.06562737
0.0,0.052492466
0.0,0.074216425
0.0,0.10361886
0.0,0.06916958
0.0,0.056206256
0.0,0.13359559
0.0,0.048535917
0.0,0.06223155
1.0,0.07316072
0.0,0.06308467
0.0,0.09573986
0.0,0.08434212
0.0,0.078032374
0.0,0.108661085
0.0,0.079841614
0.0,0.13031042
1.0,0.03904439
0.0,0.1130492
0.0,0.09144288
0.0,0.0718345
1.0,0.076654814
0.0,0.1188651
0.0,0.085563086
0.0,0.08672972
0.0,0.0995579
0.0,0.152899
0.0,0.041355543
0.0,0.07545697
0.0,0.07925117
0.0,0.07828808
0.0,0.06343204
0.0,0.06633839
0.0,0.107191905
0.0,0.07904546
1.0,0.04338729
0.0,0.088875175
0.0,0.09024211
0.0,0.05330982
0.0,0.09769557
0.0,0.05420548
0.0,0.11778826
0.0,0.11411208
1.0,0.14087625
1.0,0.06299187
0.0,0.069109894
0.0,0.09318429
0.0,0.11118631
0.0,0.078109354
0.0,0.1287346
0.0,0.045181856
1.0,0.0982278
0.0,0.062234994
0.0,0.08118975
0.0,0.13492355
0.0,0.02554895
0.0,0.072745785
0.0,0.10565548
0.0,0.13390267
0.0,0.10787626
0.0,0.06978321
0.0,0.07270365
0.0,0.070544645
0.0,0.101542324
0.0,0.09677591
0.0,0.15362829
0.0,0.098502606
0.0,0.084915854
0.0,0.080772094
1.0,0.053161792
0.0,0.105146274
0.0,0.062741086
0.0,0.107345745
0.0,0.07299155
0.0,0.11061704
0.0,0.17095451
0.0,0.08993065
0.0,0.10872844
0.0,0.10084877
0.0,0.08179598
0.0,0.089375824
0.0,0.11209558
0.0,0.12598453
0.0,0.049682505
0.0,0.09581142
0.0,0.10482541
0.0,0.119203225
0.0,0.047289513
0.0,0.12077292
0.0,0.07822487
0.0,0.08764516
0.0,0.06743984
1.0,0.086434305
0.0,0.09609468
0.0,0.085066006
0.0,0.07318283
0.0,0.11269444
0.0,0.08366334
0.0,0.04546407
0.0,0.076244675
0.0,0.08286556
0.0,0.06821251
0.0,0.10047864
0.0,0.051855993
0.0,0.06351911
0.0,0.10596221
0.0,0.08624675
0.0,0.10472639
0.0,0.08282925
0.0,0.10054306
0.0,0.123235315
0.0,0.07575195
0.0,0.08095081
0.0,0.059056208
0.0,0.091703266
0.0,0.11297594
0.0,0.11953564
0.0,0.09796873
0.0,0.047414027
0.0,0.076975495
0.0,0.11831664
0.0,0.099635646
1.0,0.08853689
0.0,0.12249122
0.0,0.097383246
0.0,0.05893089
0.0,0.10018074
0.0,0.081858374
0.0,0.10973449
0.0,0.12311646
0.0,0.05018715
0.0,0.09878316
0.0,0.065457456
0.0,0.114567794
0.0,0.08190788
0.0,0.09373824
0.0,0.08262819
0.0,0.09787793
0.0,0.08625701
0.0,0.07673811
0.0,0.1037878
0.0,0.114482276
0.0,0.09246631
0.0,0.078192905
0.0,0.08640867
0.0,0.12345072
0.0,0.06584046
0.0,0.11784433
1.0,0.060301933
0.0,0.12640557
0.0,0.11648618
0.0,0.08213674
0.0,0.080197535
0.0,0.10977665
0.0,0.0706312
0.0,0.076730624
0.0,0.09473854
0.0,0.077415206
0.0,0.097008765
1.0,0.09837397
0.0,0.08623398
0.0,0.10624191
0.0,0.09240939
0.0,0.11853572
0.0,0.057178706
0.0,0.10890234
0.0,0.10155569
0.0,0.11401352
0.0,0.09637168
0.0,0.058195714
0.0,0.11520153
0.0,0.1535405
0.0,0.04969793
0.0,0.010558403
1.0,0.11330644
0.0,0.113510445
0.0,0.10876728
0.0,0.037356436
0.0,0.10909517
0.0,0.111058086
0.0,0.01964191
0.0,0.05666285
0.0,0.056239717
0.0,0.077738546
0.0,0.09701291
0.0,0.119196005
0.0,0.1180135
0.0,0.085087486
0.0,0.12841754
0.0,0.12936404
0.0,0.10771255
0.0,0.062173698
0.0,0.13421513
0.0,0.1034957
1.0,0.1339527
0.0,0.08013362
0.0,0.06491634
0.0,0.105333805
0.0,0.06947127
1.0,0.059322074
0.0,0.13614011
0.0,0.103281006
0.0,0.11511477
0.0,0.086339206
0.0,0.074038826
0.0,0.07432744
1.0,0.044035144
0.0,0.029601885
1.0,0.16650552
0.0,0.10690761
0.0,0.088531025
0.0,0.098667726
0.0,0.11077291
0.0,0.10858251
0.0,0.08127896
0.0,0.052175306
0.0,0.14528066
0.0,0.09651434
0.0,0.10699293
0.0,0.11866814
0.0,0.0662297
0.0,0.10592069
0.0,0.085826755
0.0,0.08454887
0.0,0.12299415
0.0,0.09359773
0.0,0.0712255
0.0,0.06236929
0.0,0.085361004
0.0,0.06462377
0.0,0.10672334
0.0,0.069981694
0.0,0.116666585
0.0,0.08493561
0.0,0.14590815
0.0,0.079278246
0.0,0.054358765
0.0,0.077303804
0.0,0.09032498
0.0,0.07127835
0.0,0.074984804
0.0,0.094303586
0.0,0.08479681
0.0,0.07476328
0.0,0.10208084
0.0,0.061079707
0.0,0.1193809
0.0,0.030349055
0.0,0.094317704
0.0,0.12229661
0.0,0.14421676
0.0,0.03325825
0.0,0.08656342
1.0,0.113948956
0.0,0.14419128
1.0,0.048690427
0.0,0.07173571
0.0,0.06752273
0.0,0.10414494
0.0,0.080616064
0.0,0.0799079
0.0,0.120918795
0.0,0.07534357
0.0,0.08409035
0.0,0.087341145
0.0,0.060605578
0.0,0.05324523
0.0,0.040767655
1.0,0.08919935
0.0,0.08578178
0.0,0.052055873
0.0,0.07910752
0.0,0.10682972
0.0,0.08008513
0.0,0.061478443
0.0,0.08061311
0.0,0.107262984
0.0,0.057525802
0.0,0.096816644
0.0,0.09261913
0.0,0.07236089
0.0,0.051346663
0.0,0.09591919
0.0,0.08853731
0.0,0.0614649
0.0,0.046019346
0.0,0.07448518
0.0,0.12358701
0.0,0.088268965
0.0,0.1199395
0.0,0.073303506
0.0,0.11895373
1.0,0.1276738
0.0,0.086186685
0.0,0.09829593
0.0,0.10962707
0.0,0.10904701
0.0,0.12020459
0.0,0.08483746
0.0,0.07019991
0.0,0.097193554
0.0,0.09819848
0.0,0.12030815
0.0,0.07255606
0.0,0.077106275
0.0,0.14123982
0.0,0.13140114
0.0,0.075892836
0.0,0.089980856
0.0,0.07184613
0.0,0.08126539
0.0,0.10007599
0.0,0.059600048
0.0,0.09609526
0.0,0.07310348
0.0,0.10630265
0.0,0.06689902
0.0,0.063152745
1.0,0.064865924
0.0,0.08957659
0.0,0.09505917
0.0,0.10753351
0.0,0.11505377
0.0,0.06604299
0.0,0.08847876
0.0,0.08559028
0.0,0.068234585
0.0,0.088123955
0.0,0.07578868
0.0,0.08494608
0.0,0.089735776
0.0,0.06491913
0.0,0.057829972
0.0,0.062028483
0.0,0.073218726
0.0,0.09056948
0.0,0.11641479
0.0,0.083737716
0.0,0.06221433
0.0,0.050967664
0.0,0.08850633
0.0,0.037494294
0.0,0.10208417
0.0,0.07926657
0.0,0.06688787
0.0,0.10733783
0.0,0.103868924
0.0,0.12746197
0.0,0.07765161
0.0,0.07471825
0.0,0.0417161
0.0,0.07695715
0.0,0.06007022
0.0,0.10205677
0.0,0.1293515
0.0,0.11434929
0.0,0.0718995
0.0,0.11817022
0.0,0.10679358
0.0,0.08184397
0.0,0.10212214
0.0,0.09862059
1.0,0.11151184
0.0,0.12801123
0.0,0.06568547
0.0,0.13494265
0.0,0.12937917
1.0,0.04926288
0.0,0.103222094
0.0,0.07374045
0.0,0.03256468
0.0,0.113619424
0.0,0.11402152
0.0,0.08647785
0.0,0.122186765
0.0,0.01577823
0.0,0.08301632
0.0,0.14060552
0.0,0.117839016
0.0,0.04396338
0.0,0.052584685
0.0,0.14993007
1.0,0.06540997
0.0,0.0845222
0.0,0.13703428
0.0,0.08002289
0.0,0.13003944
0.0,0.10242075
0.0,0.08070412
0.0,0.07847191
0.0,0.06297506
0.0,0.086867794
0.0,0.123093426
0.0,0.09200982
0.0,0.11574035
0.0,0.108497635
0.0,0.079601765
0.0,0.06968105
0.0,0.12079976
0.0,0.115428954
0.0,0.06633316
0.0,0.1030356
0.0,0.07980127
0.0,0.12341479
0.0,0.09871667
0.0,0.05966178
0.0,0.05064243
0.0,0.06060224
0.0,0.083623715
0.0,0.08063921
1.0,0.09328012
0.0,0.06792526
0.0,0.1137383
0.0,0.1178731
0.0,0.07404839
0.0,0.086402714
0.0,0.08434524
0.0,0.112526424
0.0,0.096895434
0.0,0.1444397
0.0,0.06921056
0.0,0.10642437
0.0,0.04352846
0.0,0.0930636
0.0,0.112632796
1.0,0.07099354
0.0,0.04943209
0.0,0.112646274
0.0,0.033881333
0.0,0.08089721
0.0,0.11545857
0.0,0.08070354
0.0,0.10063772
0.0,0.07188242
0.0,0.063464075
0.0,0.049914837
1.0,0.06320337
0.0,0.0759053
0.0,0.055643003
0.0,0.07562673
0.0,0.10389221
1.0,0.12734275
0.0,0.050094333
0.0,0.07446036
0.0,0.07416179
0.0,0.06859456
0.0,0.011614504
0.0,0.095598415
0.0,0.08723216
0.0,0.10560798
0.0,0.10656234
0.0,0.07330092
0.0,0.08987593
0.0,0.06431596
0.0,0.08274849
0.0,0.060830817
0.0,0.10784723
0.0,0.15185948
0.0,0.075379685
0.0,0.08470142
0.0,0.1474046
0.0,0.041451998
0.0,0.09603834
0.0,0.1284211
0.0,0.1431091
0.0,0.086519286
0.0,0.07038439
0.0,0.096005164
0.0,0.08494298
0.0,0.069231175
0.0,0.083394215
0.0,0.04021983
0.0,0.08064836
0.0,0.05749853
0.0,0.072299205
0.0,0.06752086
0.0,0.08057767
0.0,0.086949185
0.0,0.10771127
0.0,0.062201336
0.0,0.116394475
0.0,0.06630743
0.0,0.058575008
0.0,0.09981949
0.0,0.094746426
0.0,0.09906134
0.0,0.07424651
0.0,0.057036195
0.0,0.114986725
0.0,0.011320656
0.0,0.11421167
0.0,0.05705276
0.0,0.07406288
0.0,0.07674168
0.0,0.13097773
0.0,0.06828297
0.0,0.124206744
0.0,0.075590014
0.0,0.12847003
0.0,0.081896454
0.0,0.097747564
0.0,0.049206257
0.0,0.12839672
0.0,0.08501996
1.0,0.047961697
0.0,0.10314445
0.0,0.08617399
0.0,0.055705536
0.0,0.08596728
0.0,0.07812403
0.0,0.105149865
0.0,0.118013784
0.0,0.09898612
0.0,0.07981274
0.0,0.04815364
0.0,0.073783204
0.0,0.10924449
0.0,0.10030186
0.0,0.06761094
0.0,0.09869895
0.0,0.09489993
0.0,0.08627402
0.0,0.051169313
0.0,0.08320458
0.0,0.062539086
0.0,0.09762557
0.0,0.12456214
0.0,0.089906685
0.0,0.124464825
0.0,0.14164943
0.0,0.056570847
0.0,0.072439104
0.0,0.08849034
0.0,0.09125732
0.0,0.10276088
0.0,0.06717201
0.0,0.034710567
0.0,0.112554245
0.0,0.11058832
0.0,0.11976402
0.0,0.11626379
0.0,0.12621504
0.0,0.097462915
0.0,0.038907204
0.0,0.0764804
0.0,0.08007333
0.0,0.093835294
0.0,0.094796136
0.0,0.108205594
0.0,0.05811978
0.0,0.09005701
1.0,0.08624181
0.0,0.11757657
0.0,0.07740481
0.0,0.08095841
0.0,0.11524628
0.0,0.06714169
0.0,0.070594326
0.0,0.06031338
0.0,0.1409423
0.0,0.05756573
0.0,0.03245534
0.0,0.10077929
0.0,0.053808108
0.0,0.100334436
0.0,0.06552359
0.0,0.084631555
0.0,0.07068935
0.0,0.105347246
0.0,0.09901152
0.0,0.07521398
0.0,0.08274202
0.0,0.09899153
0.0,0.08817658
0.0,0.0793628
0.0,0.17126209
0.0,0.09917943
0.0,0.11106942
0.0,0.08592992
0.0,0.046908967
1.0,0.0626301
0.0,0.12178134
0.0,0.0793572
0.0,0.05949912
0.0,0.12011836
0.0,0.09948273
0.0,0.02145806
0.0,0.07391189
0.0,0.03524412
1.0,0.079869986
0.0,0.11775274
0.0,0.07844967
0.0,0.14179662
0.0,0.08669898
0.0,0.0976564
0.0,0.055277117
0.0,0.057613086
0.0,0.14056683
0.0,0.1497905
0.0,0.09571217
0.0,0.07412872
0.0,0.049474467
0.0,0.094427414
0.0,0.009059292
0.0,0.09173436
0.0,0.1065999
0.0,0.08699669
0.0,0.10273893
0.0,0.021879628
0.0,0.12660621
0.0,0.10923806
0.0,0.11216143
0.0,0.11635594
0.0,0.11938195
0.0,0.03417396
0.0,0.08880801
0.0,0.06004814
0.0,0.094784155
0.0,0.108769774
0.0,0.050704047
0.0,0.07260502
0.0,0.067619406
0.0,0.101244494
0.0,0.061942723
0.0,0.13278796
0.0,0.09647833
0.0,0.082673416
0.0,0.07199615
0.0,0.118631735
0.0,0.05897744
0.0,0.09403201
0.0,0.070340365
0.0,0.079235055
0.0,0.10893584
0.0,0.071165174
0.0,0.03768386
0.0,0.09873157
0.0,0.061200023
0.0,0.08640791
0.0,0.1177059
0.0,0.07460006
0.0,0.062270675
0.0,0.05935232
0.0,0.07300768
0.0,0.14015433
0.0,0.10780181
0.0,0.07850909
0.0,0.098743156
0.0,0.075242236
0.0,0.08584124
0.0,0.077339515
0.0,0.053547457
0.0,0.08676989
0.0,0.10421016
0.0,0.06102224
0.0,0.13736944
0.0,0.07020044
0.0,0.048149034
0.0,0.050225668
0.0,0.06815212
0.0,0.083868004
0.0,0.09316212
0.0,0.115052566
0.0,0.0872349
0.0,0.075383425
0.0,0.07360001
0.0,0.08475154
0.0,0.06270551
0.0,0.056661878
0.0,0.09747149
1.0,0.1361073
0.0,0.062064636
0.0,0.08214761
0.0,0.09812219
0.0,0.07399785
0.0,0.075693406
0.0,0.073583886
0.0,0.093118355
0.0,0.11687154
0.0,0.057903383
0.0,0.07617777
0.0,0.115272306
0.0,0.097866684
0.0,0.12426
0.0,0.0764807
0.0,0.14245076
0.0,0.08028196
0.0,0.13658245
0.0,0.06619615
0.0,0.10684149
0.0,0.052507572
0.0,0.08923219
1.0,0.109771155
0.0,0.12839375
0.0,0.06792557
0.0,0.08613472
0.0,0.091424614
0.0,0.074019976
0.0,0.089237
0.0,0.11962633
0.0,0.09813082
0.0,0.07404433
0.0,0.10474344
0.0,0.073042035
0.0,0.15413524
0.0,0.048770793
0.0,0.054353684
0.0,0.06866582
0.0,0.10805377
0.0,0.079671726
0.0,0.08444139
0.0,0.07641395
0.0,0.07929322
0.0,0.12395192
0.0,0.09417744
0.0,0.10645594
0.0,0.12190527
0.0,0.11484401
0.0,0.05570131
0.0,0.07802471
0.0,0.052412257
0.0,0.09958646
0.0,0.12631714
0.0,0.07523398
0.0,0.09423674
0.0,0.10998673
0.0,0.059971765
1.0,0.11635036
0.0,0.08956866
0.0,0.10191447
0.0,0.089270554
0.0,0.08424945
0.0,0.086804025
0.0,0.063944295
0.0,0.08913906
0.0,0.04561663
0.0,0.054607857
0.0,0.09827052
0.0,0.089786746
0.0,0.043066505
0.0,0.07889119
0.0,0.096909985
0.0,0.036004923
0.0,0.09973037
0.0,0.093473695
0.0,0.08083164
0.0,0.013301505
0.0,0.06101811
0.0,0.06148702
0.0,0.07832613
0.0,0.07113031
1.0,0.07860896
0.0,0.10427319
0.0,0.085091725
0.0,0.06721541
0.0,0.14324835
0.0,0.080658644
0.0,0.06568179
0.0,0.09753291
0.0,0.10606061
0.0,0.11148699
0.0,0.10348075
0.0,0.06280766
0.0,0.011063159
0.0,0.085794345
0.0,0.0710388
0.0,0.051804908
0.0,0.07817667
0.0,0.08797835
0.0,0.07468746
0.0,0.049984433
0.0,0.05787713
0.0,0.048204962
0.0,0.06285666
0.0,0.10796277
0.0,0.10272436
0.0,0.101669915
0.0,0.0761514
0.0,0.07423892
0.0,0.06311831
0.0,0.062255416
0.0,0.0861773
0.0,0.11791757
0.0,0.06980677
0.0,0.108528085
0.0,0.06992609
0.0,0.07802277
0.0,0.12366471
0.0,0.07659654
0.0,0.06320738
0.0,0.060333975
0.0,0.08714431
0.0,0.07677579
0.0,0.13098016
0.0,0.12551904
0.0,0.095725544
0.0,0.09468875
0.0,0.068093196
0.0,0.03566078
0.0,0.08062856
0.0,0.074448906
0.0,0.13034612
0.0,0.064121984
0.0,0.08131194
0.0,0.03789116
0.0,0.07544883
0.0,0.07340762
0.0,0.08902262
0.0,0.034941763
0.0,0.090975955
0.0,0.08357054
0.0,0.11068088
0.0,0.1037905
0.0,0.15811846
0.0,0.14232202
0.0,0.08926462
0.0,0.05480035
0.0,0.15244934
1.0,0.07248564
0.0,0.060638156
1.0,0.06023342
0.0,0.07903461
0.0,0.1242443
0.0,0.06666007
1.0,0.14000888
0.0,0.09577975
0.0,0.0703762
0.0,0.10163221
0.0,0.08026305
1.0,0.06338562
0.0,0.09632652
0.0,0.034508027
0.0,0.07497304
0.0,0.068807706
0.0,0.115219936
0.0,0.077993944
0.0,0.07711187
0.0,0.1157934
0.0,0.07539856
0.0,0.08580056
1.0,0.097681284
0.0,0.13380952
0.0,0.12577793
0.0,0.09764068
0.0,0.09622084
0.0,0.0770729
1.0,0.14069533
0.0,0.1035786
0.0,0.09935478
0.0,0.082960606
0.0,0.08687187
0.0,0.072124146
0.0,0.083376534
0.0,0.057646006
0.0,0.09365235
0.0,0.0891076
0.0,0.06712669
0.0,0.07480319
0.0,0.11265436
0.0,0.05791574
0.0,0.078533724
0.0,0.13541453
0.0,0.056151915
0.0,0.06723572
0.0,0.109278485
0.0,0.09179798
0.0,0.070588015
0.0,0.07386234
0.0,0.1344878
0.0,0.13624047
0.0,0.017780371
0.0,0.021296915
0.0,0.08172503
0.0,0.042934142
0.0,0.077205
0.0,0.073974706
0.0,0.106416635
0.0,0.08871927
0.0,0.062154893
1.0,0.06874138
0.0,0.067155235
0.0,0.071941726
1.0,0.098492
0.0,0.09704911
1.0,0.084130496
0.0,0.06032283
0.0,0.07247479
0.0,0.08477409
0.0,0.12705404
0.0,0.044265386
0.0,0.13591091
0.0,0.06918322
0.0,0.08473784
0.0,0.056215424
0.0,0.09322649
0.0,0.115902334
0.0,0.014512144
0.0,0.113825195
0.0,0.1018586
0.0,0.10282185
0.0,0.14513938
0.0,0.059101846
0.0,0.05583092
0.0,0.1026315
0.0,0.08205412
0.0,0.09362951
0.0,0.05850977
1.0,0.03817692
0.0,0.08379719
0.0,0.12057802
0.0,0.10657977
0.0,0.07247275
0.0,0.073781185
0.0,0.074993916
0.0,0.105256885
0.0,0.07469586
0.0,0.14672388
0.0,0.113697365
0.0,0.06055998
0.0,0.13207486
0.0,0.09219115
0.0,0.0635259
0.0,0.08451751
0.0,0.06267892
0.0,0.08436698
0.0,0.10996743
0.0,0.07270017
0.0,0.09504086
0.0,0.059110895
0.0,0.096674
0.0,0.07330222
0.0,0.092761055
0.0,0.0687034
0.0,0.027663736
0.0,0.10756427
0.0,0.068882175
0.0,0.08935957
0.0,0.071476385
0.0,0.05859484
0.0,0.08782369
1.0,0.09451726
0.0,0.062599294
0.0,0.118881345
0.0,0.08078199
0.0,0.109655514
0.0,0.065903954
0.0,0.09691172
0.0,0.10970975
0.0,0.09301542
0.0,0.057510182
0.0,0.122641094
0.0,0.087742105
0.0,0.10291289
0.0,0.05818872
0.0,0.0787743
0.0,0.07305455
0.0,0.0978311
0.0,0.106661774
0.0,0.0820924
0.0,0.07157959
0.0,0.06592156
0.0,0.103146814
1.0,0.07972124
0.0,0.041344285
0.0,0.049312428
0.0,0.10072228
0.0,0.1115221
0.0,0.092695475
0.0,0.06665578
0.0,0.08402193
0.0,0.07205124
0.0,0.0834002
0.0,0.08399381
0.0,0.104587555
0.0,0.09355773
0.0,0.11911385
0.0,0.07691428
0.0,0.08079749
0.0,0.09837301
0.0,0.11548467
0.0,0.056339912
0.0,0.06793232
0.0,0.059175573
0.0,0.07251641
0.0,0.06828116
0.0,0.09962232
0.0,0.11846848
0.0,0.08371244
0.0,0.06405891
0.0,0.071147
0.0,0.12800853
1.0,0.064642206
1.0,0.13259128
0.0,0.054351505
0.0,0.058720972
0.0,0.08229055
0.0,0.13979888
0.0,0.08049234
0.0,0.04850503
0.0,0.069437824
0.0,0.0666943
0.0,0.092623785
0.0,0.05602318
0.0,0.07511825
0.0,0.084774174
0.0,0.0883704
0.0,0.09938911
0.0,0.10961902
0.0,0.12789859
0.0,0.11748412
0.0,0.12617096
1.0,0.05948319
0.0,0.050982125
0.0,0.10657032
0.0,0.056540843
0.0,0.14067517
0.0,0.0687724
0.0,0.07333417
0.0,0.08569755
0.0,0.08657484
0.0,0.15104544
0.0,0.097419195
0.0,0.07670672
0.0,0.09562356
0.0,0.06143923
0.0,0.10386348
0.0,0.103721805
0.0,0.090302005
0.0,0.07222791
0.0,0.065451235
0.0,0.087486446
0.0,0.087296195
1.0,0.088024884
0.0,0.05558229
0.0,0.09798407
0.0,0.13028169
0.0,0.07644646
0.0,0.0664364
0.0,0.12535807
0.0,0.104335606
0.0,0.08927734
0.0,0.07809852
0.0,0.11966672
0.0,0.12126622
0.0,0.08062008
0.0,0.06669302
0.0,0.09914988
0.0,0.11589056
0.0,0.102137946
0.0,0.09935599
0.0,0.09546276
0.0,0.11880776
0.0,0.08757704
0.0,0.07332931
0.0,0.1695575
0.0,0.021701518
0.0,0.056531582
0.0,0.07438908
0.0,0.15093854
0.0,0.07057691
0.0,0.039525107
0.0,0.10869361
0.0,0.13703221
0.0,0.110760815
0.0,0.11477029
0.0,0.07535713
0.0,0.11721835
0.0,0.11557951
0.0,0.067192614
0.0,0.05903464
0.0,0.06845081
0.0,0.08857433
0.0,0.120536916
2.0,0.07618671
0.0,0.025452692
0.0,0.068601936
1.0,0.13375421
0.0,0.056330994
0.0,0.11234966
1.0,0.09218957
0.0,0.12057449
0.0,0.06220218
0.0,0.068401314
0.0,0.11126648
0.0,0.0993734
0.0,0.086125515
0.0,0.07248264
0.0,0.07520391
0.0,0.11281383
0.0,0.10173337
0.0,0.06974908
0.0,0.116229564
0.0,0.06892152
0.0,0.07942078
0.0,0.044851348
0.0,0.10982228
0.0,0.08032364
0.0,0.076813176
0.0,0.061465442
0.0,0.06960291
1.0,0.084787875
0.0,0.029103303
0.0,0.10665608
0.0,0.112112656
0.0,0.0805648
0.0,0.09603124
0.0,0.100506894
0.0,0.08346866
0.0,0.07722218
1.0,0.079795904
0.0,0.08397299
0.0,0.07713647
0.0,0.12644482
0.0,0.113287665
0.0,0.055885494
0.0,0.08595665
0.0,0.06715928
0.0,0.08509375
0.0,0.07940539
1.0,0.049866054
0.0,0.07103902
0.0,0.10383579
0.0,0.08294674
0.0,0.069993824
0.0,0.059959915
0.0,0.087714575
0.0,0.065452375
0.0,0.1556791
0.0,0.09310512
0.0,0.13389881
0.0,0.1151744
1.0,0.07952146
0.0,0.09162867
0.0,0.0830598
0.0,0.08016901
0.0,0.039720956
0.0,0.12382727
0.0,0.10852283
0.0,0.11694588
0.0,0.15482613
0.0,0.14966606
0.0,0.0449397
0.0,0.084540725
0.0,0.09587748
0.0,0.06290561
0.0,0.04609282
0.0,0.09542801
1.0,0.10151843
0.0,0.05178774
0.0,0.05631629
0.0,0.05318167
0.0,0.06533611
0.0,0.12112989
0.0,0.13981384
0.0,0.05606804
0.0,0.1175037
0.0,0.118383035
0.0,0.07791142
0.0,0.07859333
0.0,0.11908298
0.0,0.10317859
0.0,0.0851015
0.0,0.09994084
0.0,0.08149279
0.0,0.06539427
0.0,0.07335171
0.0,0.06125754
0.0,0.08908509
0.0,0.058383185
1.0,0.07856781
0.0,0.09574239
0.0,0.09804871
0.0,0.100220226
0.0,0.09263545
0.0,0.12866968
0.0,0.066444956
0.0,0.08242403
0.0,0.089377254
0.0,0.063157745
0.0,0.16528386
0.0,0.033123694
0.0,0.08982679
0.0,0.086492985
0.0,0.01604187
0.0,0.12582679
0.0,0.07202536
0.0,0.09297449
0.0,0.06263688
0.0,0.06076627
0.0,0.080024034
0.0,0.12811412
0.0,0.062324204
0.0,0.12308902
0.0,0.09017393
0.0,0.061807208
0.0,0.08296579
0.0,0.08886041
0.0,0.0662356
1.0,0.08072412
0.0,0.0599922
0.0,0.067754075
0.0,0.030807594
0.0,0.059625037
0.0,0.07529359
0.0,0.12988017
0.0,0.07745924
0.0,0.039651345
0.0,0.077266306
0.0,0.098974794
0.0,0.08345489
0.0,0.080350146
0.0,0.09545352
0.0,0.07987794
0.0,0.10228901
0.0,0.07356285
0.0,0.087095745
0.0,0.098998725
0.0,0.053456917
0.0,0.13053384
0.0,0.078277774
0.0,0.13395242
0.0,0.074890964
0.0,0.12013987
0.0,0.077711605
0.0,0.04728125
0.0,0.015840642
0.0,0.08890203
0.0,0.12141391
0.0,0.0913904
0.0,0.11303449
0.0,0.0669143
1.0,0.055922706
0.0,0.12648188
0.0,0.11543534
0.0,0.106597714
0.0,0.12376464
0.0,0.04402636
0.0,0.049549118
0.0,0.066448696
0.0,0.079015166
0.0,0.0864309
0.0,0.083127
0.0,0.09526291
0.0,0.03530974
0.0,0.035236575
0.0,0.13192949
0.0,0.093657106
0.0,0.033655263
0.0,0.061134428
0.0,0.09189477
0.0,0.14150362
0.0,0.100401275
0.0,0.09117164
0.0,0.10564663
0.0,0.07431947
0.0,0.07695961
0.0,0.017340641
0.0,0.07461408
0.0,0.061792947
0.0,0.094374925
0.0,0.13425997
0.0,0.072933726
0.0,0.056385104
0.0,0.11266674
0.0,0.10191311
0.0,0.09735873
1.0,0.06061506
0.0,0.09809468
0.0,0.07001475
0.0,0.07441425
1.0,0.04755111
0.0,0.077795245
0.0,0.08519824
0.0,0.14146514
0.0,0.080205835
0.0,0.08769266
0.0,0.06496378
0.0,0.034384165
0.0,0.095363736
0.0,0.147392
0.0,0.08534582
0.0,0.062143955
0.0,0.055960413
0.0,0.094815664
0.0,0.08277382
0.0,0.09824892
0.0,0.06668945
0.0,0.0848659
0.0,0.08888155
0.0,0.07268358
0.0,0.11867838
0.0,0.077401124
0.0,0.047668125
0.0,0.08078779
0.0,0.11256246
0.0,0.05095427
0.0,0.04867403
0.0,0.13073473
0.0,0.06344156
0.0,0.073868945
0.0,0.074585795
0.0,0.07065064
0.0,0.07085372
0.0,0.07544279
0.0,0.052855466
0.0,0.032964874
0.0,0.09979057
0.0,0.105627544
0.0,0.06813748
0.0,0.07968164
0.0,0.103422195
0.0,0.10438378
0.0,0.058712125
0.0,0.060374927
0.0,0.03229511
0.0,0.099385396
0.0,0.07130276
0.0,0.09441733
0.0,0.107678816
0.0,0.08002035
0.0,0.07557151
0.0,0.1346938
0.0,0.052032184
0.0,0.07748233
0.0,0.088094965
0.0,0.1464153
0.0,0.079087496
0.0,0.16739312
0.0,0.12885405
1.0,0.08355201
0.0,0.06933464
0.0,0.1040569
0.0,0.0705795
1.0,0.018612701
0.0,0.08897722
0.0,0.069502585
0.0,0.07033571
0.0,0.11582737
1.0,0.086409636
0.0,0.11420603
2.0,0.07325567
0.0,0.080243915
0.0,0.118653685
0.0,0.05979638
0.0,0.051814727
0.0,0.12426083
0.0,0.057798777
0.0,0.056961138
0.0,0.07861134
0.0,0.0701745
0.0,0.10726229
0.0,0.10169813
1.0,0.07205911
0.0,0.11606192
0.0,0.0932964
0.0,0.06041107
0.0,0.068533555
0.0,0.031918786
0.0,0.081503786
0.0,0.08112479
0.0,0.05884791
0.0,0.06223191
0.0,0.065422215
0.0,0.10347932
1.0,0.08002094
1.0,0.0988888
0.0,0.07636913
0.0,0.07291446
0.0,0.07728886
0.0,0.040073592
0.0,0.08198396
0.0,0.054898836
0.0,0.08453
0.0,0.055046543
0.0,0.12559944
0.0,0.076322004
0.0,0.110659614
0.0,0.0727385
0.0,0.08554144
0.0,0.06601026
0.0,0.067498714
0.0,0.100705
1.0,0.0565733
0.0,0.09061224
0.0,0.08465394
0.0,0.055765573
0.0,0.06035553
0.0,0.059797708
0.0,0.0889236
0.0,0.06834721
0.0,0.105484344
0.0,0.10033913
0.0,0.086178675
0.0,0.078687
0.0,0.10241586
0.0,0.08501544
0.0,0.09173366
0.0,0.13608503
0.0,0.11389287
0.0,0.07041799
0.0,0.08097741
0.0,0.11466647
0.0,0.08137311
0.0,0.09381359
0.0,0.10129163
0.0,0.066187106
0.0,0.13424964
0.0,0.1178982
0.0,0.08325898
0.0,0.12801366
0.0,0.1156214
0.0,0.11191416
0.0,0.047297746
0.0,0.05995321
0.0,0.06125462
0.0,0.09407236
2.0,0.084563985
0.0,0.06323064
0.0,0.08089551
0.0,0.1442134
0.0,0.073911875
0.0,0.06712389
0.0,0.0641923
0.0,0.112582855
1.0,0.08592458
1.0,0.08658059
0.0,0.012562238
0.0,0.0411139
0.0,0.12766047
0.0,0.02545626
0.0,0.13501322
0.0,0.109891266
0.0,0.04260886
0.0,0.089541435
0.0,0.062237367
0.0,0.038090974
0.0,0.113661475
0.0,0.108285755
0.0,0.14256476
0.0,0.07173123
0.0,0.08732205
0.0,0.07660607
0.0,0.11832437
0.0,0.11920487
0.0,0.10747409
0.0,0.111909136
0.0,0.0939121
0.0,0.09813431
0.0,0.09866093
0.0,0.10101913
0.0,0.13379742
0.0,0.05822583
0.0,0.038062077
0.0,0.09496165
0.0,0.12919992
0.0,0.070310354
0.0,0.04930488
0.0,0.08108942
1.0,0.072604366
0.0,0.12675257
0.0,0.044935316
0.0,0.039718278
0.0,0.09518951
0.0,0.12531096
0.0,0.13533144
0.0,0.054941572
0.0,0.08626032
0.0,0.077360466
0.0,0.13453653
0.0,0.08211663
0.0,0.09525389
0.0,0.100478426
0.0,0.07249944
0.0,0.09384688
0.0,0.1181854
0.0,0.08129014
0.0,0.02061132
0.0,0.10815012
0.0,0.077029586
0.0,0.102812484
0.0,0.116251454
0.0,0.06789641
0.0,0.12552257
0.0,0.06800784
0.0,0.0842873
0.0,0.023813978
0.0,0.09463675
0.0,0.13693051
0.0,0.077589326
0.0,0.05768648
0.0,0.07240298
0.0,0.08522524
0.0,0.09895153
0.0,0.1230573
0.0,0.085336074
0.0,0.06970238
0.0,0.09120971
0.0,0.047721844
0.0,0.13058622
1.0,0.06686191
0.0,0.06654166
0.0,0.025192495
0.0,0.11148999
0.0,0.067916065
0.0,0.08591485
1.0,0.0570851
0.0,0.0852779
0.0,0.084836766
0.0,0.09186848
0.0,0.08931254
0.0,0.015261213
0.0,0.091835305
0.0,0.13324276
1.0,0.13143441
0.0,0.060013734
0.0,0.060637146
0.0,0.101603836
0.0,0.11814374
0.0,0.118901044
0.0,0.100637935
0.0,0.04042293
0.0,0.09437606
0.0,0.06908382
0.0,0.07201499
0.0,0.08716272
0.0,0.11161092
0.0,0.119149804
1.0,0.018949067
0.0,0.06486016
0.0,0.14260912
0.0,0.07861777
0.0,0.13335495
0.0,0.12172776
0.0,0.10696125
0.0,0.08778412
0.0,0.09450358
0.0,0.12603416
0.0,0.075869024
0.0,0.10512159
0.0,0.07976113
0.0,0.11327684
0.0,0.07472766
0.0,0.13340405
0.0,0.13004738
0.0,0.11717504
0.0,0.07624273
0.0,0.12520103
0.0,0.08292663
0.0,0.06985227
0.0,0.058861718
0.0,0.08057104
0.0,0.068714835
0.0,0.07819197
0.0,0.093202114
0.0,0.05273419
0.0,0.07583361
0.0,0.06512711
0.0,0.04601015
0.0,0.07801124
0.0,0.07980111
0.0,0.09187628
1.0,0.08110375
0.0,0.04826428
0.0,0.08119358
0.0,0.086072475
0.0,0.13564165
0.0,0.11667944
1.0,0.04861261
0.0,0.094736844
0.0,0.09534803
0.0,0.047989354
0.0,0.099237904
0.0,0.13717806
0.0,0.10530709
0.0,0.07096253
0.0,0.08791897
0.0,0.120141156
0.0,0.08478557
0.0,0.13540575
1.0,0.10902771
0.0,0.096094936
0.0,0.08950642
0.0,0.010529851
0.0,0.09085011
0.0,0.06267312
0.0,0.06719399
0.0,0.1085979
0.0,0.11738529
0.0,0.12979558
0.0,0.08258132
1.0,0.083614565
0.0,0.101070315
0.0,0.04459826
0.0,0.04034068
0.0,0.08413166
0.0,0.068891525
0.0,0.04841931
0.0,0.072453454
0.0,0.096997805
0.0,0.036876883
0.0,0.13286954
0.0,0.11851761
0.0,0.02638847
0.0,0.056282893
0.0,0.06473502
0.0,0.11898272
0.0,0.113880485
0.0,0.14301102
0.0,0.027886203
0.0,0.0995353
0.0,0.047018338
0.0,0.08278178
0.0,0.094394326
0.0,0.019512549
0.0,0.080556884
1.0,0.097803116
0.0,0.06608871
0.0,0.12544547
0.0,0.08892271
0.0,0.11383301
0.0,0.13388576
0.0,0.044619933
0.0,0.10264197
0.0,0.10817105
0.0,0.06176907
0.0,0.10344484
0.0,0.12236042
0.0,0.054379635
0.0,0.10447478
0.0,0.13178425
0.0,0.107772306
0.0,0.10306589
0.0,0.10412386
0.0,0.11479818
0.0,0.07423165
0.0,0.11343602
0.0,0.13308994
0.0,0.042346075
0.0,0.08643049
0.0,0.13188452
0.0,0.06560099
0.0,0.077687986
0.0,0.08747174
0.0,0.07597415
0.0,0.1069431
0.0,0.10182257
0.0,0.04020963
0.0,0.10050855
0.0,0.09547405
0.0,0.078374475
0.0,0.06404692
0.0,0.09372104
1.0,0.093715094
0.0,0.0155980075
0.0,0.08863117
0.0,0.063566566
0.0,0.12038324
0.0,0.08056751
0.0,0.09962593
0.0,0.09291245
0.0,0.13041861
0.0,0.048059143
0.0,0.11913844
0.0,0.0831933
0.0,0.10872272
0.0,0.109037235
0.0,0.09723836
0.0,0.07670945
0.0,0.068239175
0.0,0.135534
0.0,0.0902167
1.0,0.061234
1.0,0.124985516
0.0,0.063130796
0.0,0.088704616
0.0,0.017690558
0.0,0.11199057
0.0,0.09989941
0.0,0.07081708
1.0,0.08741791
0.0,0.06489084
0.0,0.09773284
0.0,0.08675325
0.0,0.06975275
0.0,0.08805333
1.0,0.08240981
0.0,0.06718987
0.0,0.11791246
0.0,0.064100415
0.0,0.051902823
0.0,0.036034405
0.0,0.063337415
0.0,0.08294674
0.0,0.084275804
0.0,0.11457296
0.0,0.09636856
0.0,0.04522419
0.0,0.020142449
0.0,0.13015194
0.0,0.07877019
0.0,0.08623523
0.0,0.17084324
0.0,0.07019631
0.0,0.11745827
0.0,0.14041409
0.0,0.08240623
1.0,0.07769671
0.0,0.12175818
0.0,0.051423468
0.0,0.0902138
0.0,0.06336181
0.0,0.10060468
0.0,0.049589857
0.0,0.07550268
0.0,0.06084361
0.0,0.09859765
0.0,0.08048685
0.0,0.077232346
0.0,0.09639264
0.0,0.07541553
0.0,0.08244243
0.0,0.10403825
0.0,0.10492228
0.0,0.04553607
0.0,0.080178455
0.0,0.10038033
0.0,0.08506767
0.0,0.08529234
0.0,0.07946645
0.0,0.1075221
0.0,0.062296737
0.0,0.12643267
0.0,0.082979895
0.0,0.09347008
0.0,0.07630525
0.0,0.08476148
0.0,0.058455825
0.0,0.0906793
0.0,0.0886882
0.0,0.08254663
0.0,0.05931697
0.0,0.0615268
0.0,0.07430543
0.0,0.046486683
0.0,0.09588388
0.0,0.078182764
0.0,0.11811431
0.0,0.12929313
0.0,0.09732329
0.0,0.07444513
0.0,0.13793933
0.0,0.0631713
0.0,0.084032446
0.0,0.064408645
0.0,0.11488961
0.0,0.1220297
0.0,0.09097457
0.0,0.07655586
0.0,0.07582479
0.0,0.039910004
0.0,0.013123821
0.0,0.14030495
0.0,0.0353285
0.0,0.05595761
0.0,0.025964202
0.0,0.064314395
0.0,0.08583326
0.0,0.14085445
0.0,0.101979464
1.0,0.1315174
0.0,0.13028131
0.0,0.07918703
0.0,0.020609103
0.0,0.10641757
0.0,0.12898472
0.0,0.07495978
2.0,0.08460577
0.0,0.0742234
0.0,0.090654336
0.0,0.07382657
0.0,0.08679451
0.0,0.0667346
0.0,0.06163727
0.0,0.06713333
0.0,0.060936898
0.0,0.023123745
0.0,0.08533489
0.0,0.10663627
0.0,0.07571727
0.0,0.050967127
0.0,0.068861485
0.0,0.10638399
0.0,0.095463924
0.0,0.07837604
0.0,0.11037399
0.0,0.10641229
0.0,0.08992971
1.0,0.07175341
0.0,0.07667116
0.0,0.018446198
0.0,0.09552175
1.0,0.064017974
0.0,0.06508486
0.0,0.05571817
0.0,0.12718178
0.0,0.06387006
0.0,0.13175751
0.0,0.055100195
0.0,0.09362719
0.0,0.065444835
0.0,0.047019213
0.0,0.09214303
0.0,0.055738535
0.0,0.084368765
0.0,0.103755906
0.0,0.103471674
0.0,0.080590755
0.0,0.123059504
0.0,0.016478833
0.0,0.05159568
0.0,0.07098183
0.0,0.14068994
0.0,0.08951631
0.0,0.07308388
0.0,0.12135178
0.0,0.10512104
0.0,0.06778141
0.0,0.10484688
0.0,0.08692574
1.0,0.050283097
1.0,0.06595017
0.0,0.068476096
0.0,0.072119124
0.0,0.08790488
0.0,0.11363257
0.0,0.07333256
0.0,0.08250718
0.0,0.10214993
0.0,0.05712924
0.0,0.1277572
0.0,0.045508534
0.0,0.100879095
0.0,0.08422977
0.0,0.09292635
0.0,0.112514004
0.0,0.10106598
0.0,0.059604824
0.0,0.117384255
0.0,0.062803105
0.0,0.09784055
0.0,0.16184524
0.0,0.07636137
0.0,0.08440104
0.0,0.098597296
0.0,0.06305061
0.0,0.019182134
0.0,0.12556289
1.0,0.043247547
0.0,0.12529148
0.0,0.09450426
0.0,0.065780446
0.0,0.13494265
1.0,0.09420121
0.0,0.074047655
0.0,0.09822454
0.0,0.07217322
0.0,0.08216706
0.0,0.073799126
0.0,0.08882323
0.0,0.093244076
0.0,0.059244618
0.0,0.063952774
0.0,0.082447425
0.0,0.11303015
0.0,0.06901388
0.0,0.117941216
0.0,0.08444472
0.0,0.071358725
0.0,0.07260732
0.0,0.0604564
0.0,0.14296344
0.0,0.08311667
1.0,0.13546416
0.0,0.11231851
0.0,0.09777628
0.0,0.102013394
0.0,0.07999881
0.0,0.13011415
0.0,0.046530858
0.0,0.09008984
0.0,0.058387585
0.0,0.067848735
0.0,0.06999581
0.0,0.13483872
0.0,0.07977833
0.0,0.1254008
0.0,0.08843508
0.0,0.08500056
0.0,0.09043841
0.0,0.12010965
0.0,0.09667177
0.0,0.12834108
0.0,0.1631948
0.0,0.07387252
0.0,0.081276104
0.0,0.067515545
0.0,0.09040056
0.0,0.14470097
0.0,0.07635528
0.0,0.09545475
0.0,0.06939833
0.0,0.059217464
0.0,0.09669316
0.0,0.12030795
0.0,0.055357
0.0,0.108063355
0.0,0.120694965
0.0,0.14297818
0.0,0.07424005
0.0,0.093669616
0.0,0.09632535
0.0,0.078518935
0.0,0.098108105
0.0,0.13327408
0.0,0.08622857
0.0,0.07956106
0.0,0.05569953
0.0,0.09006658
0.0,0.0692815
0.0,0.12266128
0.0,0.08403818
0.0,0.12464767
0.0,0.036326304
1.0,0.114837684
0.0,0.051515907
0.0,0.08936085
0.0,0.16189185
0.0,0.09815766
0.0,0.08969124
0.0,0.0729388
0.0,0.11415719
0.0,0.086022474
0.0,0.10383777
0.0,0.013608937
0.0,0.07313896
0.0,0.06383156
0.0,0.13756719
0.0,0.06620778
0.0,0.017028386
0.0,0.06423351
0.0,0.059486166
0.0,0.071219265
0.0,0.069720514
0.0,0.09441159
1.0,0.09539073
0.0,0.087517485
0.0,0.07564812
0.0,0.08757787
0.0,0.06667401
0.0,0.08896973
0.0,0.065359786
0.0,0.09384202
0.0,0.06632957
0.0,0.07162664
0.0,0.04371794
1.0,0.115859926
0.0,0.11228062
0.0,0.06009583
0.0,0.121266454
0.0,0.07299903
0.0,0.13572277
0.0,0.070235364
0.0,0.10300219
0.0,0.11188865
0.0,0.09120051
0.0,0.087420575
0.0,0.062076904
0.0,0.10168109
1.0,0.07780655
0.0,0.09594023
0.0,0.104945995
0.0,0.08506881
0.0,0.11719896
0.0,0.07735644
0.0,0.10437216
0.0,0.1123244
0.0,0.13198492
1.0,0.03849801
0.0,0.10016149
0.0,0.0739842
0.0,0.15536186
0.0,0.11994782
0.0,0.1165929
0.0,0.074279964
0.0,0.09596589
0.0,0.05345439
0.0,0.08526316
0.0,0.099843144
0.0,0.07483758
0.0,0.067776695
0.0,0.0469838
0.0,0.046753198
0.0,0.07938201
0.0,0.09273063
0.0,0.105078965
0.0,0.023272607
0.0,0.1080522
0.0,0.0849118
0.0,0.076458566
0.0,0.08547052
0.0,0.016940635
0.0,0.07889631
0.0,0.072071284
0.0,0.08836753
0.0,0.098865315
0.0,0.05676854
0.0,0.08823366
0.0,0.086998366
0.0,0.068167105
0.0,0.11664937
0.0,0.10005327
0.0,0.07917976
0.0,0.13091691
0.0,0.12081021
0.0,0.06456256
0.0,0.10046425
0.0,0.09891858
0.0,0.06464805
0.0,0.06978572
0.0,0.103412434
0.0,0.05588038
0.0,0.097817644
0.0,0.07783536
0.0,0.050987765
0.0,0.09628405
0.0,0.05701364
0.0,0.065060504
0.0,0.11713326
0.0,0.07110955
0.0,0.0652709
0.0,0.08186575
0.0,0.015052598
0.0,0.10342424
0.0,0.06525587
0.0,0.061077785
0.0,0.055665255
0.0,0.039670058
0.0,0.052796863
0.0,0.056298006
0.0,0.06301873
0.0,0.105281636
0.0,0.11104236
0.0,0.080438934
0.0,0.08447953
0.0,0.06748008
0.0,0.044891607
0.0,0.051238082
0.0,0.11348587
0.0,0.11172279
0.0,0.09894636
0.0,0.055386376
0.0,0.0710849
0.0,0.085935764
0.0,0.076373376
1.0,0.08258844
0.0,0.1008582
0.0,0.13258047
0.0,0.09488393
0.0,0.08312159
1.0,0.08207238
0.0,0.1497785
0.0,0.0757173
0.0,0.065010004
0.0,0.11548065
0.0,0.11422436
1.0,0.10747937
0.0,0.09466166
0.0,0.098630734
0.0,0.05655221
0.0,0.08529403
0.0,0.08655609
0.0,0.091838956
0.0,0.0833637
0.0,0.07603294
0.0,0.08717217
0.0,0.12965736
0.0,0.10471538
1.0,0.07765423
1.0,0.06038149
0.0,0.06713913
0.0,0.089401096
0.0,0.04918894
0.0,0.06862472
0.0,0.043519974
0.0,0.14911593
0.0,0.049266983
0.0,0.08496393
0.0,0.05928172
0.0,0.07486297
0.0,0.11439194
0.0,0.11786102
0.0,0.100360945
0.0,0.08909032
0.0,0.087908275
0.0,0.12531021
0.0,0.07938621
0.0,0.096983865
0.0,0.11675279
0.0,0.09784825
0.0,0.092011355
0.0,0.06048503
0.0,0.064329974
0.0,0.10802325
0.0,0.08389198
0.0,0.08324765
0.0,0.09313645
0.0,0.106758
0.0,0.10959373
0.0,0.1543728
0.0,0.04756364
0.0,0.068123125
0.0,0.083131
2.0,0.0517633
0.0,0.13537315
0.0,0.07223008
0.0,0.10201969
0.0,0.044864334
0.0,0.08604321
0.0,0.10786868
0.0,0.046212792
0.0,0.13233855
0.0,0.1341937
0.0,0.15030268
0.0,0.06030366
0.0,0.10533924
0.0,0.07375306
0.0,0.11031211
0.0,0.082278974
0.0,0.09740387
0.0,0.07586797
0.0,0.06655402
0.0,0.09327538
1.0,0.14006284
0.0,0.099516705
0.0,0.15050903
0.0,0.11900005
0.0,0.113235444
0.0,0.06693206
0.0,0.087898344
0.0,0.04697857
1.0,0.09564139
0.0,0.046705414
0.0,0.058629274
0.0,0.09566632
0.0,0.0816662
0.0,0.01780337
0.0,0.066022456
0.0,0.13063689
0.0,0.113326296
0.0,0.07376787
0.0,0.11592235
0.0,0.12699407
1.0,0.05456046
1.0,0.032974873
0.0,0.07650402
0.0,0.1388679
0.0,0.12679845
0.0,0.07399288
0.0,0.12457084
0.0,0.1239954
0.0,0.057317626
0.0,0.088540755
1.0,0.11763623
0.0,0.047289886
0.0,0.11825985
0.0,0.09842704
0.0,0.12669824
2.0,0.068628974
0.0,0.094108336
0.0,0.12492987
0.0,0.06734748
0.0,0.10792731
0.0,0.121342115
0.0,0.07639369
0.0,0.12573202
0.0,0.11588299
0.0,0.0461591
0.0,0.016770758
0.0,0.05933581
0.0,0.056588437
0.0,0.04619673
0.0,0.07346567
0.0,0.061804276
0.0,0.089939766
0.0,0.0779749
0.0,0.06410613
0.0,0.122960635
0.0,0.09463598
0.0,0.08531089
0.0,0.078947976
0.0,0.06246416
0.0,0.12063355
0.0,0.015562852
0.0,0.06721541
0.0,0.11384975
0.0,0.06974317
0.0,0.056813113
0.0,0.05208502
0.0,0.095712855
0.0,0.061634745
1.0,0.095160715
0.0,0.065728895
0.0,0.04540132
0.0,0.09249139
0.0,0.07919779
0.0,0.08044242
0.0,0.11889878
0.0,0.068699636
0.0,0.12554017
0.0,0.1073964
0.0,0.10444206
0.0,0.07784818
0.0,0.10172474
0.0,0.10902127
0.0,0.09345433
0.0,0.07050431
0.0,0.04344597
0.0,0.08245377
0.0,0.06677526
0.0,0.11729017
0.0,0.116079964
0.0,0.109386876
0.0,0.07247085
1.0,0.084573
0.0,0.048041258
0.0,0.09780897
0.0,0.09998176
0.0,0.08987066
0.0,0.12512141
0.0,0.13154477
0.0,0.06782308
0.0,0.06463396
0.0,0.10116989
0.0,0.09664619
0.0,0.07649726
0.0,0.10879983
0.0,0.09315364
0.0,0.08459395
0.0,0.103747845
0.0,0.12414425
0.0,0.18655588
0.0,0.14353192
0.0,0.06918299
0.0,0.04704128
0.0,0.014849044
0.0,0.046862118
0.0,0.07034208
0.0,0.11777352
0.0,0.14522396
0.0,0.08757537
0.0,0.112860635
0.0,0.1193181
0.0,0.02905588
0.0,0.06377505
0.0,0.07681255
1.0,0.08164144
0.0,0.05589129
0.0,0.10441382
0.0,0.05044781
0.0,0.13690336
0.0,0.091210164
0.0,0.10872411
0.0,0.05601812
0.0,0.058085013
0.0,0.09354174
0.0,0.098535255
0.0,0.12686153
0.0,0.07151088
0.0,0.13878496
0.0,0.074728906
0.0,0.07045569
0.0,0.09399696
0.0,0.08403656
0.0,0.076184526
0.0,0.07748798
0.0,0.06514361
0.0,0.07127126
0.0,0.12631167
0.0,0.08227019
0.0,0.06543806
0.0,0.011467976
0.0,0.12311875
0.0,0.08154396
0.0,0.05432293
0.0,0.09654547
0.0,0.12175138
0.0,0.11967331
0.0,0.093767434
0.0,0.08360039
0.0,0.06920294
0.0,0.07526664
0.0,0.07690759
0.0,0.11085349
0.0,0.073662415
0.0,0.047275964
0.0,0.080321305
0.0,0.09084746
0.0,0.08314252
0.0,0.07736736
0.0,0.06622556
0.0,0.06199526
0.0,0.13176565
0.0,0.0364609
0.0,0.05616059
0.0,0.10029765
0.0,0.10322325
1.0,0.04724019
0.0,0.0905396
0.0,0.09203185
0.0,0.08723086
0.0,0.10710868
0.0,0.080165245
0.0,0.081548184
0.0,0.12308574
0.0,0.060101107
0.0,0.08931773
0.0,0.060099803
0.0,0.12770891
0.0,0.10357035
0.0,0.103261136
0.0,0.049139034
0.0,0.080337375
0.0,0.11078648
0.0,0.10286741
0.0,0.0907401
0.0,0.09907315
0.0,0.10737431
0.0,0.08312042
0.0,0.11163748
0.0,0.097761646
0.0,0.08560489
0.0,0.08566666
0.0,0.0855307
0.0,0.061897475
0.0,0.10663141
0.0,0.0645954
0.0,0.06668628
0.0,0.0700491
0.0,0.11073285
0.0,0.06426329
0.0,0.090160646
0.0,0.1061057
0.0,0.108928286
0.0,0.08057287
0.0,0.10180466
0.0,0.13734113
0.0,0.07193061
0.0,0.0730741
0.0,0.18065539
0.0,0.07422873
0.0,0.0687461
0.0,0.06634719
0.0,0.050527856
0.0,0.057540987
0.0,0.06310854
0.0,0.07302093
0.0,0.09302558
0.0,0.07665539
0.0,0.0753258
0.0,0.14824584
0.0,0.07869398
0.0,0.09884493
0.0,0.06401771
0.0,0.10424585
0.0,0.07076095
0.0,0.10186033
0.0,0.12870868
0.0,0.08900711
0.0,0.123503536
0.0,0.07143968
0.0,0.08352592
0.0,0.081771255
0.0,0.045391396
1.0,0.121833295
0.0,0.068338275
0.0,0.07245686
0.0,0.046244778
0.0,0.10541415
0.0,0.11013168
0.0,0.1255191
0.0,0.08737292
0.0,0.12047483
0.0,0.05558783
0.0,0.103162855
0.0,0.08143963
0.0,0.08583531
0.0,0.08959168
0.0,0.08503901
0.0,0.07588625
0.0,0.06533581
0.0,0.10767533
0.0,0.10982846
0.0,0.10345598
0.0,0.105410434
0.0,0.09260023
0.0,0.07619334
0.0,0.042013742
0.0,0.14822716
0.0,0.07662472
0.0,0.08606404
1.0,0.09998016
0.0,0.048391484
0.0,0.09908586
0.0,0.08173325
0.0,0.05440509
0.0,0.06313346
0.0,0.12622175
0.0,0.11972671
0.0,0.05231102
0.0,0.088198744
0.0,0.11613923
0.0,0.10285579
0.0,0.07172304
0.0,0.08882526
0.0,0.100927405
0.0,0.07271076
0.0,0.06832313
1.0,0.1404065
0.0,0.13554758
0.0,0.1259976
0.0,0.06384529
0.0,0.0941494
0.0,0.10560685
0.0,0.12653415
0.0,0.083576195
0.0,0.07028351
0.0,0.06976526
0.0,0.09324123
0.0,0.100523785
0.0,0.1459291
0.0,0.12082202
0.0,0.113530695
0.0,0.05334358
0.0,0.08883204
0.0,0.117975526
0.0,0.09736806
0.0,0.11616756
0.0,0.083963275
0.0,0.07093354
0.0,0.07052971
0.0,0.10195443
0.0,0.10047083
0.0,0.09816908
0.0,0.07597654
0.0,0.066012494
0.0,0.065158054
0.0,0.089097366
1.0,0.071294546
0.0,0.075232886
0.0,0.11836884
0.0,0.06251213
0.0,0.06709928
0.0,0.11217921
0.0,0.13009964
0.0,0.09184881
0.0,0.16203801
1.0,0.10062145
0.0,0.08598116
0.0,0.104892135
0.0,0.06124583
0.0,0.07980656
1.0,0.039817367
0.0,0.103827
0.0,0.09864287
0.0,0.09745857
0.0,0.10631466
0.0,0.11997425
1.0,0.053537577
0.0,0.049162295
0.0,0.097657904
0.0,0.09844645
0.0,0.086555846
0.0,0.08504847
0.0,0.09820235
0.0,0.07574915
0.0,0.08788393
0.0,0.07411832
0.0,0.010375996
0.0,0.12458486
0.0,0.1231689
0.0,0.074592486
0.0,0.055510655
0.0,0.07913779
0.0,0.09244965
0.0,0.06270472
0.0,0.06941579
0.0,0.051027093
0.0,0.05326062
0.0,0.041921917
0.0,0.06768868
0.0,0.08325997
0.0,0.13938549
0.0,0.07288116
0.0,0.10252223
0.0,0.07310892
0.0,0.07512713
0.0,0.053058617
0.0,0.11310102
0.0,0.08176498
0.0,0.070960306
0.0,0.040306352
0.0,0.07907042
0.0,0.100466885
0.0,0.075984225
0.0,0.08750854
0.0,0.12466755
0.0,0.07044612
0.0,0.066103905
0.0,0.070178986
0.0,0.0946092
0.0,0.12695895
0.0,0.09084551
0.0,0.0726188
0.0,0.08089651
0.0,0.064703494
1.0,0.108683266
0.0,0.123027645
0.0,0.09846537
0.0,0.06776341
0.0,0.13520268
0.0,0.11496183
0.0,0.05055603
0.0,0.1293399
0.0,0.12835307
0.0,0.08842377
0.0,0.10189164
0.0,0.047470354
0.0,0.08492164
0.0,0.10382641
0.0,0.07016226
0.0,0.11062316
0.0,0.030135574
0.0,0.076251216
0.0,0.1061288
0.0,0.12349399
0.0,0.078122266
0.0,0.07669942
0.0,0.086871
0.0,0.10994083
0.0,0.07752486
0.0,0.047549397
0.0,0.054836933
0.0,0.11164315
0.0,0.054920435
0.0,0.11313252
0.0,0.052414253
1.0,0.081324086
0.0,0.06947402
0.0,0.111363456
0.0,0.10435628
0.0,0.059451714
0.0,0.09023529
0.0,0.08521
0.0,0.16406558
0.0,0.13932753
0.0,0.044694647
0.0,0.13716102
0.0,0.0808599
0.0,0.07913499
0.0,0.063732535
0.0,0.079919316
0.0,0.087754674
0.0,0.04066136
0.0,0.115998484
0.0,0.08009702
0.0,0.13495697
0.0,0.08433623
0.0,0.04097955
0.0,0.07856972
0.0,0.0968024
0.0,0.102674015
0.0,0.09006658
0.0,0.09681002
0.0,0.085461736
0.0,0.106027864
0.0,0.048417337
0.0,0.15169422
0.0,0.1076204
0.0,0.0704122
0.0,0.08739811
0.0,0.052200537
0.0,0.08927711
0.0,0.11632945
0.0,0.071043655
0.0,0.08887915
0.0,0.058466822
0.0,0.07072142
0.0,0.1196028
0.0,0.12779431
0.0,0.11507114
0.0,0.09325595
0.0,0.11538254
0.0,0.011999382
0.0,0.09086276
0.0,0.08578749
0.0,0.100923024
1.0,0.044330876
0.0,0.020793317
0.0,0.08543996
0.0,0.089739904
0.0,0.09796646
0.0,0.1277984
0.0,0.07286325
0.0,0.11465551
0.0,0.11979789
0.0,0.08708353
0.0,0.09201597
0.0,0.1232488
0.0,0.07630236
0.0,0.06592533
0.0,0.09387382
0.0,0.1000464
1.0,0.08928479
0.0,0.07511044
0.0,0.06655202
0.0,0.07737634
0.0,0.081568465
0.0,0.054131955
0.0,0.123860426
0.0,0.08276139
0.0,0.07713314
1.0,0.012358223
0.0,0.053433493
0.0,0.12145117
0.0,0.072671555
0.0,0.13041595
0.0,0.06379509
0.0,0.05405812
0.0,0.06644291
0.0,0.123154745
0.0,0.10055543
0.0,0.12684217
0.0,0.10081769
0.0,0.07927078
0.0,0.07002963
0.0,0.059560787
0.0,0.114462815
0.0,0.078537166
0.0,0.11486679
0.0,0.042063884
0.0,0.07446909
0.0,0.07319089
0.0,0.098404706
0.0,0.08098246
0.0,0.07935317
0.0,0.089099854
0.0,0.051004555
0.0,0.05632013
0.0,0.08473681
0.0,0.07243404
0.0,0.07138755
0.0,0.104502656
0.0,0.092672646
0.0,0.108202524
0.0,0.07667507
0.0,0.070421115
0.0,0.13103479
0.0,0.07287592
0.0,0.07869604
0.0,0.1016984
0.0,0.08001808
0.0,0.07260471
0.0,0.1091795
1.0,0.032087833
0.0,0.082485765
0.0,0.05791777
0.0,0.07275536
0.0,0.07841484
0.0,0.11531463
0.0,0.05673742
0.0,0.10441113
0.0,0.03810767
0.0,0.09241891
1.0,0.08394452
0.0,0.11487298
0.0,0.010085805
0.0,0.09432463
0.0,0.080703184
0.0,0.08155331
0.0,0.1367495
0.0,0.10301575
0.0,0.11299531
0.0,0.07005675
0.0,0.10347986
0.0,0.069016054
0.0,0.10582875
1.0,0.08874728
0.0,0.096900955
0.0,0.08419405
0.0,0.1200169
0.0,0.06670681
0.0,0.09898752
0.0,0.083391145
0.0,0.10832805
0.0,0.1203878
0.0,0.14491785
0.0,0.127073
0.0,0.07128303
0.0,0.059523907
1.0,0.06696082
0.0,0.0827606
0.0,0.062103994
0.0,0.06794961
0.0,0.06393538
0.0,0.085788555
0.0,0.069374874
0.0,0.10468972
0.0,0.09726605
0.0,0.058857
0.0,0.049669113
0.0,0.1324539
0.0,0.08292082
0.0,0.094352834
0.0,0.11814892
0.0,0.13011995
0.0,0.07134274
0.0,0.116669476
0.0,0.01551233
0.0,0.10912919
0.0,0.08828578
0.0,0.0586391
0.0,0.10933853
0.0,0.109036714
0.0,0.12046151
0.0,0.06746795
0.0,0.079834566
0.0,0.023670431
0.0,0.09215872
0.0,0.07857557
1.0,0.096487805
0.0,0.05557279
0.0,0.08051495
0.0,0.07407463
0.0,0.09591249
0.0,0.08186886
1.0,0.093002155
0.0,0.082627796
0.0,0.089389116
0.0,0.05210256
0.0,0.11881354
0.0,0.0766963
0.0,0.10237746
0.0,0.08928718
0.0,0.06559089
0.0,0.123714544
0.0,0.013949472
0.0,0.08721764
0.0,0.10417099
0.0,0.040890474
0.0,0.14933515
0.0,0.0912749
0.0,0.06832332
0.0,0.08862183
0.0,0.088704735
0.0,0.096598916
0.0,0.08473216
0.0,0.12792476
0.0,0.0792017
0.0,0.06131859
0.0,0.10887267
0.0,0.12229912
1.0,0.11950047
0.0,0.069994345
0.0,0.097617336
0.0,0.092953905
0.0,0.046015322
0.0,0.027461449
1.0,0.072704256
0.0,0.09556237
0.0,0.05954413
0.0,0.059997622
0.0,0.06535811
0.0,0.119541965
0.0,0.015744448
0.0,0.05290842
0.0,0.11206512
1.0,0.11961726
0.0,0.06461493
0.0,0.05629524
1.0,0.07624933
0.0,0.06578381
0.0,0.122007295
1.0,0.09231991
0.0,0.02437474
0.0,0.13146625
1.0,0.12664461
1.0,0.063533776
1.0,0.10046147
0.0,0.09627339
0.0,0.06017944
0.0,0.11544629
0.0,0.05565339
0.0,0.06462667
0.0,0.09393029
0.0,0.06977138
0.0,0.081000656
0.0,0.05466654
0.0,0.097411044
0.0,0.09260641
0.0,0.09007549
0.0,0.0906063
0.0,0.093276896
0.0,0.08314555
0.0,0.07874195
0.0,0.083477736
0.0,0.108276844
0.0,0.099196106
0.0,0.08261109
0.0,0.10489189
0.0,0.095335916
0.0,0.08265802
0.0,0.0818941
0.0,0.123526946
0.0,0.0807058
0.0,0.012671612
0.0,0.10205745
0.0,0.07822285
0.0,0.0483426
0.0,0.10175288
0.0,0.07841675
0.0,0.105526805
0.0,0.0989292
0.0,0.13045065
0.0,0.075124875
0.0,0.08205154
0.0,0.04886297
0.0,0.124791734
0.0,0.09759416
0.0,0.0935389
0.0,0.08134803
0.0,0.1267212
0.0,0.07806671
0.0,0.042107623
0.0,0.12594807
0.0,0.08607801
0.0,0.059536
0.0,0.07739769
0.0,0.08579232
0.0,0.100912794
0.0,0.06907436
0.0,0.13696328
0.0,0.09459536
0.0,0.058772683
0.0,0.1279247
0.0,0.0394499
0.0,0.05810845
0.0,0.08353799
0.0,0.12542182
0.0,0.10060814
0.0,0.10717034
0.0,0.1393689
0.0,0.08048217
0.0,0.096672826
0.0,0.03675206
0.0,0.09448926
0.0,0.09544246
0.0,0.03187701
0.0,0.07272938
0.0,0.0652043
0.0,0.0752319
0.0,0.079183914
0.0,0.11247592
0.0,0.061377447
0.0,0.13595852
0.0,0.09950754
0.0,0.083460905
0.0,0.06686263
0.0,0.08736036
0.0,0.09548293
0.0,0.10005118
0.0,0.10404353
0.0,0.080140725
0.0,0.07573677
0.0,0.06377626
0.0,0.07990918
0.0,0.05458142
0.0,0.05947176
0.0,0.09290637
0.0,0.08788015
0.0,0.1242116
1.0,0.118937284
0.0,0.075721815
0.0,0.087392256
0.0,0.10819319
0.0,0.046399172
0.0,0.07137863
0.0,0.05347442
1.0,0.067931935
0.0,0.055371985
0.0,0.13695581
0.0,0.15269563
0.0,0.121157765
0.0,0.09326607
0.0,0.061168425
0.0,0.054729722
0.0,0.13489106
0.0,0.091705844
0.0,0.113379136
0.0,0.060062572
0.0,0.1267387
1.0,0.11116476
0.0,0.08679916
0.0,0.10295854
0.0,0.109940015
0.0,0.095032066
0.0,0.059636977
0.0,0.10688727
0.0,0.09951991
0.0,0.067322485
0.0,0.08545852
0.0,0.027428444
0.0,0.07334501
0.0,0.06284805
0.0,0.030085377
0.0,0.05410921
0.0,0.1089879
0.0,0.12726283
0.0,0.08161003
0.0,0.043326024
0.0,0.081945695
0.0,0.071377136
0.0,0.09714289
0.0,0.096973896
0.0,0.07638812
0.0,0.14066333
0.0,0.07712183
1.0,0.075807385
0.0,0.14338703
0.0,0.07052811
1.0,0.09222263
0.0,0.10720124
0.0,0.096520506
0.0,0.11111662
0.0,0.05767419
0.0,0.12860279
0.0,0.06328741
0.0,0.05451347
0.0,0.060250603
0.0,0.0912934
0.0,0.08441597
0.0,0.066198185
0.0,0.08738361
0.0,0.08900565
0.0,0.10349975
0.0,0.06835333
0.0,0.077317275
0.0,0.09269437
0.0,0.104808845
0.0,0.08578688
0.0,0.0386243
0.0,0.13533913
0.0,0.07352151
0.0,0.09478671
0.0,0.098216064
0.0,0.09874558
0.0,0.06650299
0.0,0.060224522
0.0,0.09325404
0.0,0.12587777
0.0,0.0608334
0.0,0.04755823
0.0,0.06606357
0.0,0.081590846
0.0,0.13997881
0.0,0.09414193
0.0,0.09381238
0.0,0.046276495
0.0,0.059080783
0.0,0.11896008
0.0,0.118620954
0.0,0.10693096
0.0,0.053979106
0.0,0.12676263
0.0,0.0624406
0.0,0.078839295
0.0,0.03356288
0.0,0.09627637
0.0,0.09405127
0.0,0.06896847
0.0,0.13433756
0.0,0.096217565
0.0,0.12213804
0.0,0.07597669
0.0,0.14101909
0.0,0.12912478
1.0,0.066866264
0.0,0.09980883
0.0,0.09617848
0.0,0.067507416
0.0,0.042567413
0.0,0.06408804
0.0,0.0675759
0.0,0.16038276
0.0,0.08493628
0.0,0.06781073
0.0,0.074205525
0.0,0.08385347
0.0,0.11516726
0.0,0.04253298
0.0,0.04938721
0.0,0.13615972
0.0,0.01689894
0.0,0.0530923
0.0,0.060936257
0.0,0.12352023
1.0,0.071629405
0.0,0.057244126
0.0,0.08449992
0.0,0.061928105
0.0,0.064296775
0.0,0.05726937
0.0,0.120317504
0.0,0.052115254
0.0,0.11752719
0.0,0.11918742
0.0,0.12361238
0.0,0.080310136
0.0,0.13929464
0.0,0.11615175
0.0,0.09303261
0.0,0.1402494
0.0,0.122096345
0.0,0.06628312
0.0,0.07106324
0.0,0.10072334
0.0,0.13109273
0.0,0.059070066
0.0,0.08657188
0.0,0.056189977
0.0,0.13867213
0.0,0.060726974
0.0,0.06575485
0.0,0.0751202
0.0,0.10627688
0.0,0.096963495
0.0,0.111264355
0.0,0.1183523
1.0,0.052583605
0.0,0.043116383
0.0,0.045919217
0.0,0.13523474
0.0,0.11664147
0.0,0.110899724
0.0,0.14075357
0.0,0.04572539
0.0,0.05336205
0.0,0.09945318
0.0,0.10674524
0.0,0.093628354
0.0,0.09146133
0.0,0.08433725
0.0,0.03988922
0.0,0.046894148
0.0,0.14665017
0.0,0.1013534
0.0,0.010890146
0.0,0.068499476
0.0,0.060463633
0.0,0.08362433
0.0,0.024802592
0.0,0.0405129
0.0,0.075674355
0.0,0.05247721
0.0,0.10783636
0.0,0.048424885
0.0,0.109364346
0.0,0.07552698
0.0,0.076172754
0.0,0.10052335
0.0,0.07123177
0.0,0.07558387
0.0,0.09195806
0.0,0.08500429
0.0,0.07603283
0.0,0.09840532
0.0,0.07348111
0.0,0.12964372
0.0,0.13176355
0.0,0.0799659
0.0,0.098922044
0.0,0.08613853
0.0,0.0127266925
0.0,0.09806477
0.0,0.11034394
0.0,0.09451285
0.0,0.077599816
0.0,0.078014515
0.0,0.04642901
0.0,0.11881091
0.0,0.08743517
0.0,0.073167175
0.0,0.07061785
0.0,0.07332145
0.0,0.05713649
0.0,0.04887856
0.0,0.09735316
2.0,0.031468324
0.0,0.06426977
0.0,0.14352915
0.0,0.06679802
0.0,0.08181287
0.0,0.083072826
0.0,0.12927753
0.0,0.0927638
0.0,0.09852067
0.0,0.092030466
0.0,0.07544106
0.0,0.08065942
0.0,0.089969255
0.0,0.10516142
0.0,0.113015816
0.0,0.08320786
0.0,0.078728676
0.0,0.08235218
0.0,0.07751122
0.0,0.05724447
1.0,0.08321038
0.0,0.06711742
0.0,0.07688692
0.0,0.08435493
0.0,0.12035414
0.0,0.06760056
0.0,0.13539651
0.0,0.10375146
0.0,0.01415553
0.0,0.08393504
0.0,0.111376435
0.0,0.07811569
0.0,0.08012201
0.0,0.06459669
0.0,0.06833098
0.0,0.07704365
0.0,0.07720539
2.0,0.113915734
0.0,0.1352484
0.0,0.0755395
0.0,0.053451538
0.0,0.08296156
0.0,0.07098372
0.0,0.094408594
0.0,0.05666577
0.0,0.12042199
0.0,0.105640665
1.0,0.04856546
0.0,0.04434996
0.0,0.075796
0.0,0.09319838
0.0,0.077548504
0.0,0.069357224
0.0,0.08049927
0.0,0.07727375
0.0,0.0815066
0.0,0.062465288
0.0,0.10447358
0.0,0.08253532
0.0,0.06898009
0.0,0.10157048
0.0,0.11141147
0.0,0.084714666
0.0,0.069899954
0.0,0.12509821
0.0,0.08826585
0.0,0.071832344
0.0,0.068113506
0.0,0.085374616
0.0,0.11058508
0.0,0.08470592
0.0,0.06546333
0.0,0.06491384
0.0,0.06823893
0.0,0.14294586
0.0,0.07734552
0.0,0.13004187
0.0,0.08843702
2.0,0.031416282
0.0,0.1296049
0.0,0.06435088
1.0,0.09751145
0.0,0.074754424
0.0,0.10798241
0.0,0.07133416
0.0,0.13217135
0.0,0.054902054
0.0,0.15498695
0.0,0.064384446
0.0,0.06716237
0.0,0.08787446
0.0,0.045642022
0.0,0.044718746
0.0,0.09776691
0.0,0.06448366
0.0,0.102728985
0.0,0.09722299
0.0,0.10131607
0.0,0.09515858
0.0,0.086210646
0.0,0.043356124
0.0,0.06430099
0.0,0.07223931
0.0,0.06019452
0.0,0.031744704
0.0,0.076090135
0.0,0.080956504
0.0,0.15527524
0.0,0.08911434
0.0,0.06561286
0.0,0.118292496
0.0,0.12734202
0.0,0.07449893
0.0,0.08037795
0.0,0.108429834
0.0,0.07554971
0.0,0.114832155
0.0,0.088167794
0.0,0.0798096
0.0,0.08573713
0.0,0.09364697
0.0,0.07823531
0.0,0.11557077
1.0,0.07294174
0.0,0.069363825
0.0,0.10803147
0.0,0.07736862
0.0,0.10060559
0.0,0.08877168
0.0,0.080285996
0.0,0.09325595
0.0,0.052298527
0.0,0.0991513
0.0,0.048681907
0.0,0.06876777
0.0,0.15217778
0.0,0.07591661
0.0,0.08506179
0.0,0.12793536
0.0,0.092519104
0.0,0.09430696
0.0,0.084107876
0.0,0.08856489
0.0,0.07722023
0.0,0.07339691
0.0,0.056315456
0.0,0.129085
0.0,0.03739814
0.0,0.10363659
0.0,0.048441906
0.0,0.12454159
0.0,0.11644666
0.0,0.10450921
0.0,0.06510432
0.0,0.07951373
0.0,0.11279212
0.0,0.10604258
0.0,0.062603645
0.0,0.11058521
0.0,0.0798899
0.0,0.12923239
0.0,0.06439313
0.0,0.07131488
0.0,0.09589024
0.0,0.12986699
0.0,0.08529549
1.0,0.13862601
0.0,0.084625944
0.0,0.05727386
0.0,0.054606475
0.0,0.07486274
0.0,0.06601896
1.0,0.08345151
0.0,0.09322333
0.0,0.104892835
0.0,0.09539032
0.0,0.10013501
0.0,0.10726188
0.0,0.078961834
0.0,0.115903884
0.0,0.08786689
0.0,0.09326669
0.0,0.118928716
0.0,0.13385026
0.0,0.05948509
0.0,0.13862374
0.0,0.1068808
0.0,0.11202644
0.0,0.093560964
0.0,0.06880611
0.0,0.08306618
0.0,0.11874928
0.0,0.09668066
0.0,0.09498357
0.0,0.14272879
0.0,0.06537028
1.0,0.073298894
0.0,0.083801545
0.0,0.14676368
0.0,0.06955496
0.0,0.07817637
0.0,0.12192841
1.0,0.086142145
0.0,0.075348854
0.0,0.11792789
1.0,0.031633973
0.0,0.07137882
0.0,0.13050188
0.0,0.066952564
0.0,0.08497143
0.0,0.10111838
0.0,0.04903621
1.0,0.09321607
0.0,0.0779211
0.0,0.08014876
0.0,0.11302597
0.0,0.059787087
0.0,0.10683477
0.0,0.108688526
0.0,0.08786314
0.0,0.113758564
0.0,0.10930749
0.0,0.08078877
0.0,0.09089847
0.0,0.09285741
0.0,0.06512314
0.0,0.07395814
0.0,0.06874171
0.0,0.15930459
0.0,0.13906825
0.0,0.06363676
0.0,0.10451938
0.0,0.080252185
0.0,0.114088625
0.0,0.11095857
0.0,0.053569548
0.0,0.11470781
0.0,0.06633504
1.0,0.09159761
0.0,0.107052535
0.0,0.050264362
0.0,0.087929115
0.0,0.11751177
0.0,0.05578201
0.0,0.05252365
0.0,0.11053942
1.0,0.08775206
0.0,0.123926476
0.0,0.096838735
0.0,0.07640036
0.0,0.11517939
0.0,0.084295
0.0,0.09029264
0.0,0.016664982
0.0,0.069938496
0.0,0.10981039
0.0,0.08372015
0.0,0.056547247
0.0,0.047713928
0.0,0.09933602
0.0,0.047721844
0.0,0.08492269
0.0,0.084015004
0.0,0.07562955
0.0,0.12875572
0.0,0.081340216
0.0,0.05609442
0.0,0.09978606
0.0,0.051304497
0.0,0.119189724
0.0,0.09410228
0.0,0.085110515
0.0,0.07519134
0.0,0.10729206
0.0,0.08168353
0.0,0.057162434
0.0,0.09306859
0.0,0.051901683
0.0,0.124305636
0.0,0.06404637
0.0,0.07322742
0.0,0.07255266
0.0,0.050447907
0.0,0.08189285
0.0,0.108414784
0.0,0.10549637
0.0,0.06693311
0.0,0.12853943
0.0,0.0772746
0.0,0.0847266
0.0,0.09672876
0.0,0.07269454
0.0,0.09330957
0.0,0.09838
0.0,0.12464392
0.0,0.08721385
0.0,0.096662596
0.0,0.07814057
0.0,0.07113172
0.0,0.14271042
1.0,0.12621924
0.0,0.07623301
0.0,0.0661226
0.0,0.17932472
0.0,0.066626936
0.0,0.07483665
1.0,0.08911453
0.0,0.07827307
0.0,0.08800562
0.0,0.071777456
0.0,0.083147734
0.0,0.06030422
0.0,0.052686244
0.0,0.11553975
0.0,0.088973954
0.0,0.069346
0.0,0.10747097
0.0,0.14156651
0.0,0.06637006
0.0,0.06565308
0.0,0.095133945
0.0,0.060069233
0.0,0.06770317
0.0,0.08001655
0.0,0.10175358
0.0,0.066704154
0.0,0.0967205
0.0,0.07682763
0.0,0.10024862
0.0,0.060298815
0.0,0.044910245
0.0,0.08244728
0.0,0.07231641
0.0,0.04937034
0.0,0.01737147
0.0,0.111801
0.0,0.06074713
0.0,0.06075458
0.0,0.08190491
0.0,0.11540394
0.0,0.057939675
0.0,0.10269049
0.0,0.07467788
0.0,0.05279879
0.0,0.09149356
0.0,0.06574115
0.0,0.10477741
0.0,0.12201143
0.0,0.074622795
0.0,0.12523665
1.0,0.07755337
0.0,0.07837748
0.0,0.087048166
0.0,0.07978825
0.0,0.09700093
1.0,0.07821677
0.0,0.076210216
0.0,0.05380983
0.0,0.12199078
0.0,0.12984946
0.0,0.14537421
0.0,0.088983454
0.0,0.06755403
0.0,0.08696301
0.0,0.07694086
0.0,0.07054673
0.0,0.11137219
0.0,0.07558346
0.0,0.12484953
0.0,0.11738778
0.0,0.11906169
0.0,0.17160054
0.0,0.06975865
0.0,0.09959216
0.0,0.07518605
1.0,0.08186521
0.0,0.094053
0.0,0.06576238
0.0,0.072953165
0.0,0.10012358
0.0,0.10254717
0.0,0.09514361
0.0,0.099292696
0.0,0.06350017
0.0,0.07408827
0.0,0.14068103
0.0,0.063628264
0.0,0.05287402
0.0,0.062387597
0.0,0.07429069
0.0,0.12140557
0.0,0.091305986
0.0,0.0824954
0.0,0.08263997
0.0,0.08657279
0.0,0.05628661
0.0,0.102641165
0.0,0.063265204
0.0,0.06514072
0.0,0.0839695
0.0,0.09531221
0.0,0.12222289
0.0,0.101982534
0.0,0.09811517
0.0,0.10570141
0.0,0.14614436
0.0,0.09281394
0.0,0.0602141
0.0,0.07802478
0.0,0.06076466
0.0,0.073243625
0.0,0.069380745
0.0,0.051837303
0.0,0.05210113
0.0,0.08472578
0.0,0.079323836
0.0,0.11541742
0.0,0.07831369
0.0,0.072260186
1.0,0.06891224
0.0,0.077372745
0.0,0.0762209
0.0,0.0068628974
0.0,0.080199026
0.0,0.13492174
0.0,0.07455095
0.0,0.13924761
0.0,0.09533098
0.0,0.07626691
0.0,0.07447942
0.0,0.14583929
0.0,0.120205276
0.0,0.07334547
0.0,0.06271702
0.0,0.06771554
0.0,0.08200863
0.0,0.06356884
0.0,0.07723566
0.0,0.110611185
0.0,0.06034911
0.0,0.08599158
0.0,0.06351937
0.0,0.06635475
0.0,0.09580681
0.0,0.08784471
0.0,0.11065544
0.0,0.08216628
0.0,0.11553666
0.0,0.06022722
0.0,0.09574257
0.0,0.100212276
0.0,0.091632366
0.0,0.08874209
0.0,0.07682845
0.0,0.095973015
0.0,0.070915736
0.0,0.044013724
0.0,0.06958464
0.0,0.052068584
0.0,0.09421917
1.0,0.12477469
1.0,0.08518254
0.0,0.077766895
0.0,0.10299851
0.0,0.1367451
0.0,0.07977129
1.0,0.09678828
0.0,0.09832865
0.0,0.104845606
0.0,0.06751146
0.0,0.11680288
0.0,0.06150803
0.0,0.12863283
0.0,0.10761122
0.0,0.06694007
0.0,0.084028825
0.0,0.04528286
0.0,0.110058025
0.0,0.09064867
0.0,0.06847371
0.0,0.081548125
0.0,0.07686517
0.0,0.06933324
0.0,0.049751732
0.0,0.116668925
0.0,0.05392976
0.0,0.033220585
0.0,0.10618836
0.0,0.13246231
0.0,0.08367649
0.0,0.072470576
0.0,0.101186484
0.0,0.06961399
0.0,0.09156612
0.0,0.114538245
0.0,0.10769843
0.0,0.039163623
0.0,0.13258347
0.0,0.11646235
1.0,0.0789074
1.0,0.061131395
0.0,0.10320145
0.0,0.010267281
0.0,0.09514034
0.0,0.05683059
0.0,0.12539402
0.0,0.10591755
0.0,0.05553385
0.0,0.11983691
0.0,0.09047434
0.0,0.06979882
0.0,0.070132956
0.0,0.107449956
0.0,0.06679359
0.0,0.09448119
0.0,0.11739707
0.0,0.090921916
0.0,0.07148245
0.0,0.12066691
0.0,0.057908766
0.0,0.074749544
0.0,0.06426377
0.0,0.071218066
0.0,0.091868654
0.0,0.1451031
0.0,0.1289251
0.0,0.07300507
0.0,0.16266428
0.0,0.102653235
1.0,0.117935255
0.0,0.076325335
0.0,0.0823265
1.0,0.12726511
0.0,0.10087696
1.0,0.076605156
0.0,0.09128004
0.0,0.07158697
0.0,0.11175838
0.0,0.08554489
0.0,0.12814194
0.0,0.07500274
0.0,0.12821257
0.0,0.12207713
0.0,0.064778775
0.0,0.07898627
0.0,0.074484065
0.0,0.11280635
0.0,0.0787128
0.0,0.050042838
0.0,0.07675096
0.0,0.073364004
0.0,0.059537787
0.0,0.055751294
0.0,0.061410177
0.0,0.093540624
1.0,0.06692351
0.0,0.07034575
0.0,0.13050225
0.0,0.12960623
0.0,0.09506579
0.0,0.096913636
0.0,0.12622349
0.0,0.08043908
0.0,0.115621895
0.0,0.10757312
1.0,0.09293026
0.0,0.070832334
1.0,0.10069092
0.0,0.07003312
0.0,0.099565044
0.0,0.108143255
0.0,0.06079283
0.0,0.10158932
0.0,0.07487543
2.0,0.11416054
0.0,0.08300273
0.0,0.10851378
1.0,0.09638584
0.0,0.0717639
0.0,0.06200911
1.0,0.09276074
0.0,0.07615173
0.0,0.07784618
0.0,0.09694167
0.0,0.13195425
0.0,0.09338689
0.0,0.06952479
0.0,0.10809405
0.0,0.11639631
0.0,0.08787077
0.0,0.08751039
0.0,0.0920739
0.0,0.09129123
0.0,0.077717215
0.0,0.056815606
0.0,0.100966275
0.0,0.062694535
0.0,0.11124502
0.0,0.041342553
0.0,0.061805867
0.0,0.08527083
0.0,0.09369052
0.0,0.116924465
1.0,0.01699392
0.0,0.09198609
0.0,0.054635648
1.0,0.05787964
0.0,0.08836774
0.0,0.12030944
1.0,0.083367355
0.0,0.11279777
0.0,0.06106506
0.0,0.043540552
0.0,0.0840764
0.0,0.08809593
0.0,0.090782575
0.0,0.04856481
0.0,0.092823945
0.0,0.10820683
0.0,0.07609288
0.0,0.14332227
0.0,0.09312402
0.0,0.08793953
0.0,0.12019158
0.0,0.084459975
0.0,0.10333396
0.0,0.1213205
0.0,0.12056882
0.0,0.08489025
0.0,0.07589636
0.0,0.09228345
0.0,0.075715765
0.0,0.076033264
0.0,0.05770636
0.0,0.13063546
0.0,0.13161604
0.0,0.120691314
0.0,0.015549344
0.0,0.06289785
0.0,0.11145012
0.0,0.09935641
0.0,0.10292153
0.0,0.08733175
0.0,0.118269995
0.0,0.14328879
0.0,0.07455931
0.0,0.06355014
0.0,0.07569842
0.0,0.10663386
0.0,0.08056565
0.0,0.09472551
0.0,0.057345238
0.0,0.07331393
0.0,0.077136636
0.0,0.108344585
0.0,0.07181673
0.0,0.089140885
0.0,0.047462285
0.0,0.06599625
0.0,0.058424264
0.0,0.088259995
0.0,0.06804136
0.0,0.11115037
0.0,0.06580813
0.0,0.019045006
0.0,0.11607252
0.0,0.149121
0.0,0.13771522
0.0,0.09701251
0.0,0.14932781
0.0,0.06778578
1.0,0.105907604
0.0,0.056768633
0.0,0.047766104
0.0,0.14565128
0.0,0.0123864
0.0,0.08630708
0.0,0.09055044
0.0,0.08442853
0.0,0.090976864
0.0,0.13523136
0.0,0.122222744
0.0,0.08590475
0.0,0.13368376
1.0,0.121920705
0.0,0.1120314
0.0,0.062303077
0.0,0.10524455
0.0,0.12610537
0.0,0.09189525
0.0,0.07341921
0.0,0.079216674
0.0,0.115445025
0.0,0.05365277
1.0,0.053637512
0.0,0.105723485
0.0,0.06606512
0.0,0.080131195
0.0,0.06888622
0.0,0.054109402
0.0,0.07396324
0.0,0.050827578
0.0,0.056421317
0.0,0.07042887
0.0,0.035763014
0.0,0.05372083
0.0,0.094724245
0.0,0.062357172
0.0,0.15524344
0.0,0.10505392
0.0,0.12358701
0.0,0.16832832
0.0,0.062724546
0.0,0.07846672
0.0,0.09408128
0.0,0.068814844
0.0,0.055839665
0.0,0.08099623
1.0,0.09305428
0.0,0.060327027
0.0,0.051784582
0.0,0.0928732
0.0,0.13345997
0.0,0.07958501
0.0,0.091334224
0.0,0.089649126
0.0,0.11467276
0.0,0.13458829
0.0,0.11964464
0.0,0.0323912
0.0,0.13641582
0.0,0.1268814
0.0,0.10638434
0.0,0.14081864
0.0,0.063956
0.0,0.08711751
0.0,0.11611639
0.0,0.13523261
0.0,0.092673555
0.0,0.104912244
1.0,0.117266715
0.0,0.059481815
0.0,0.090153165
0.0,0.09799014
0.0,0.103467375
0.0,0.08514088
0.0,0.035739385
0.0,0.15539828
0.0,0.041079447
0.0,0.111797266
0.0,0.06834884
0.0,0.09988379
0.0,0.039849278
1.0,0.105412215
0.0,0.08783063
0.0,0.0944201
0.0,0.055861276
0.0,0.053490408
0.0,0.14084813
0.0,0.12092897
0.0,0.079289496
0.0,0.06924421
0.0,0.015621647
0.0,0.08309902
0.0,0.10196252
0.0,0.08099293
1.0,0.11392937
0.0,0.12840278
0.0,0.0589954
0.0,0.078228205
0.0,0.106659845
0.0,0.094178386
0.0,0.08845642
0.0,0.07274867
0.0,0.07575533
0.0,0.100192584
0.0,0.10196989
0.0,0.021276208
0.0,0.08887199
1.0,0.07284641
0.0,0.10837674
0.0,0.101462655
0.0,0.085730344
0.0,0.03788997
0.0,0.094961405
0.0,0.07574041
0.0,0.07467649
0.0,0.0802548
0.0,0.05373169
0.0,0.15271309
0.0,0.05794879
0.0,0.109016955
0.0,0.096850924
0.0,0.07265818
0.0,0.07637744
0.0,0.077518545
0.0,0.04974734
0.0,0.120412804
0.0,0.07863723
0.0,0.124652244
0.0,0.06724319
0.0,0.046962857
0.0,0.10240278
0.0,0.078327544
0.0,0.048321135
0.0,0.14084747
0.0,0.0900519
1.0,0.086445905
0.0,0.08201051
0.0,0.121521205
0.0,0.087941065
0.0,0.1363143
0.0,0.08045727
0.0,0.12981294
0.0,0.021586074
1.0,0.091664135
0.0,0.051952343
1.0,0.07192238
0.0,0.08407235
0.0,0.11060446
0.0,0.10411105
0.0,0.10191688
0.0,0.105192184
0.0,0.08826282
0.0,0.08310944
0.0,0.066201314
0.0,0.09809267
0.0,0.09188088
0.0,0.048451424
0.0,0.018491961
0.0,0.116050184
0.0,0.10609457
0.0,0.05423109
0.0,0.07613674
0.0,0.10824048
0.0,0.07500984
0.0,0.092965364
0.0,0.060219064
0.0,0.03331868
0.0,0.074002296
0.0,0.14585404
0.0,0.054003164
0.0,0.047292322
1.0,0.123400666
0.0,0.07485223
0.0,0.10706183
0.0,0.06624141
0.0,0.12988885
0.0,0.10584043
0.0,0.13029753
0.0,0.074277125
0.0,0.05649534
0.0,0.055575334
0.0,0.06598428
0.0,0.13530654
0.0,0.11240236
0.0,0.10013627
0.0,0.07322049
0.0,0.09552733
0.0,0.07853959
0.0,0.08948836
0.0,0.072116405
0.0,0.08094469
0.0,0.038206056
0.0,0.0441371
0.0,0.01658032
0.0,0.06359716
0.0,0.088511035
0.0,0.0880442
0.0,0.09946907
0.0,0.08132975
0.0,0.0883314
0.0,0.098855466
0.0,0.12896709
0.0,0.07330187
0.0,0.06912367
0.0,0.021301901
0.0,0.04946358
0.0,0.11011435
0.0,0.089237
0.0,0.04542293
0.0,0.09306256
0.0,0.07396257
0.0,0.05107276
0.0,0.016148472
0.0,0.09430116
0.0,0.126226
0.0,0.059593797
0.0,0.050346542
0.0,0.087205246
0.0,0.12674522
0.0,0.049058717
0.0,0.08697199
0.0,0.047613017
0.0,0.098667756
0.0,0.06274558
0.0,0.08438184
0.0,0.14073038
0.0,0.103919476
0.0,0.062139526
0.0,0.06809073
0.0,0.10004204
0.0,0.051996827
0.0,0.056346588
0.0,0.13187316
0.0,0.08484292
0.0,0.085641235
0.0,0.096505865
0.0,0.052362494
0.0,0.08094977
0.0,0.11576083
0.0,0.11023639
0.0,0.091514334
0.0,0.03968861
0.0,0.10697286
0.0,0.044145446
0.0,0.13148852
0.0,0.13533296
0.0,0.11908594
0.0,0.071009316
0.0,0.12461769
0.0,0.0657902
0.0,0.08472204
0.0,0.09449799
0.0,0.06306444
0.0,0.07283263
0.0,0.1241317
0.0,0.04832602
0.0,0.07673246
1.0,0.09605132
0.0,0.08455036
0.0,0.08330222
0.0,0.059620515
1.0,0.08424555
0.0,0.08337399
0.0,0.12058558
0.0,0.091178164
0.0,0.047660716
0.0,0.13267191
0.0,0.07723912
0.0,0.10636273
0.0,0.037050158
0.0,0.07390523
0.0,0.07568536
0.0,0.064895004
0.0,0.06525178
0.0,0.0725162
0.0,0.114925005
0.0,0.07125874
0.0,0.11266475
0.0,0.12895845
0.0,0.041475832
0.0,0.069891185
0.0,0.052173764
0.0,0.07728422
0.0,0.12008683
0.0,0.0764949
0.0,0.09051741
0.0,0.08390206
0.0,0.13985151
0.0,0.11893804
0.0,0.06602093
0.0,0.05487447
0.0,0.105342746
0.0,0.07560566
0.0,0.11128601
1.0,0.052165627
0.0,0.066222005
0.0,0.05962151
0.0,0.07208687
0.0,0.04188791
1.0,0.08317767
0.0,0.064452425
0.0,0.06674281
0.0,0.11514688
0.0,0.038157728
0.0,0.092517436
0.0,0.062753715
0.0,0.11275714
0.0,0.027231745
0.0,0.09753651
0.0,0.070826
0.0,0.103901915
0.0,0.103782974
0.0,0.05649007
0.0,0.09430039
0.0,0.06852574
0.0,0.08144333
0.0,0.0744205
0.0,0.1293239
0.0,0.07036378
0.0,0.09744405
0.0,0.051150456
0.0,0.09477763
0.0,0.0306567
0.0,0.09061453
0.0,0.10153143
1.0,0.044808608
0.0,0.10022174
1.0,0.096046194
0.0,0.06144735
0.0,0.08391625
0.0,0.078582644
0.0,0.10978003
0.0,0.11889972
1.0,0.09181534
0.0,0.10771851
0.0,0.03179574
0.0,0.1041699
0.0,0.082071066
0.0,0.060572714
0.0,0.10616709
0.0,0.06582076
0.0,0.13296315
0.0,0.11532154
0.0,0.05013204
0.0,0.107478395
0.0,0.070695974
0.0,0.17793748
0.0,0.11779815
0.0,0.060959205
0.0,0.07403618
0.0,0.13836093
0.0,0.07801422
0.0,0.12912197
0.0,0.07554944
0.0,0.08926351
0.0,0.06689881
0.0,0.05456897
0.0,0.11408422
0.0,0.09302758
0.0,0.083596244
0.0,0.03527053
0.0,0.13137226
0.0,0.122243784
0.0,0.094067596
1.0,0.10728748
0.0,0.06341098
0.0,0.119819775
0.0,0.10266216
1.0,0.078853205
0.0,0.13081214
0.0,0.05997846
0.0,0.07014192
0.0,0.12757473
0.0,0.07961078
0.0,0.036502473
0.0,0.032828834
0.0,0.14094311
0.0,0.07793539
0.0,0.12435214
0.0,0.11620326
0.0,0.08473093
0.0,0.08457105
0.0,0.11674822
0.0,0.12576069
0.0,0.07226684
0.0,0.10254961
0.0,0.08955577
0.0,0.13430412
0.0,0.07662915
0.0,0.14027204
0.0,0.036036443
0.0,0.04203453
0.0,0.032491993
0.0,0.04120897
0.0,0.11919317
0.0,0.020062257
0.0,0.033750884
0.0,0.07575071
0.0,0.12526196
0.0,0.08306174
0.0,0.06862394
0.0,0.061268043
0.0,0.085016325
0.0,0.07413821
0.0,0.11642406
0.0,0.058113493
0.0,0.037891984
0.0,0.08087973
0.0,0.07667818
0.0,0.09783757
0.0,0.077859595
0.0,0.068454124
0.0,0.10603292
0.0,0.0873446
0.0,0.044505317
0.0,0.073246524
0.0,0.09791784
0.0,0.07574467
0.0,0.10951973
0.0,0.08269705
0.0,0.11631553
0.0,0.072659485
0.0,0.030661933
0.0,0.088909715
0.0,0.121232025
0.0,0.112890296
0.0,0.076965034
0.0,0.07669893
1.0,0.096483186
0.0,0.0659629
0.0,0.10313204
0.0,0.12208647
0.0,0.037201926
0.0,0.112011984
0.0,0.079942755
0.0,0.0762161
0.0,0.07014896
0.0,0.07593301
0.0,0.091932416
0.0,0.1304718
0.0,0.08399998
0.0,0.058842886
0.0,0.09069125
0.0,0.11604427
0.0,0.16665521
0.0,0.08201669
0.0,0.09834461
0.0,0.10075456
0.0,0.06748238
0.0,0.1308351
0.0,0.12476264
0.0,0.07143082
0.0,0.08325104
0.0,0.057093322
0.0,0.1036236
0.0,0.103597715
0.0,0.09392791
0.0,0.089467496
0.0,0.05467456
0.0,0.09217465
0.0,0.09299713
0.0,0.06792578
0.0,0.1550315
0.0,0.094202615
0.0,0.06948611
0.0,0.11102359
0.0,0.09200761
0.0,0.05779987
0.0,0.08691442
0.0,0.07923231
0.0,0.049877994
0.0,0.12312686
1.0,0.111247934
0.0,0.081658415
0.0,0.058635857
0.0,0.07195781
0.0,0.06979441
0.0,0.096470304
0.0,0.07818332
0.0,0.062549375
0.0,0.05477937
0.0,0.07416975
0.0,0.07320647
0.0,0.08424354
0.0,0.044490125
0.0,0.11701988
0.0,0.05540246
0.0,0.09431487
0.0,0.07264453
0.0,0.047906306
0.0,0.11097931
0.0,0.07184803
0.0,0.067264706
0.0,0.0775395
0.0,0.07399845
0.0,0.057527
0.0,0.14454657
0.0,0.039015163
0.0,0.08321901
0.0,0.12787767
0.0,0.0832726
0.0,0.105706446
0.0,0.10630377
0.0,0.09808647
0.0,0.0456405
0.0,0.07522218
0.0,0.117620416
0.0,0.0449323
0.0,0.068038
0.0,0.06935189
0.0,0.13053977
0.0,0.0432042
0.0,0.063582554
0.0,0.10832823
0.0,0.092377864
0.0,0.09470929
0.0,0.10440035
0.0,0.124424234
0.0,0.047635112
0.0,0.08873473
0.0,0.0734347
0.0,0.05255865
0.0,0.0814198
0.0,0.08261507
0.0,0.09747177
0.0,0.063626364
0.0,0.12124321
0.0,0.060946733
0.0,0.04568007
0.0,0.07702519
0.0,0.11452358
0.0,0.11124502
0.0,0.10558514
1.0,0.050550066
0.0,0.069694124
0.0,0.123997115
0.0,0.13635953
0.0,0.08296104
0.0,0.07649577
0.0,0.12529181
0.0,0.05555504
0.0,0.06764864
0.0,0.052011855
0.0,0.11316187
0.0,0.07292661
0.0,0.07784024
0.0,0.097350724
0.0,0.08930059
0.0,0.08236872
0.0,0.035188437
0.0,0.08515492
0.0,0.06724207
0.0,0.08698405
0.0,0.08125679
0.0,0.08759738
0.0,0.1251261
0.0,0.1296033
0.0,0.091634944
0.0,0.13703509
0.0,0.07093933
0.0,0.069858536
0.0,0.121200204
0.0,0.07885354
0.0,0.07387775
0.0,0.06567169
0.0,0.058229133
0.0,0.13102321
0.0,0.058248058
0.0,0.066062436
0.0,0.09593515
0.0,0.066752724
0.0,0.07902464
0.0,0.08265148
0.0,0.080901295
0.0,0.105144694
1.0,0.0741518
0.0,0.057189763
0.0,0.10852069
0.0,0.04169795
0.0,0.08754264
0.0,0.11219908
0.0,0.09391658
0.0,0.08192299
0.0,0.120269746
0.0,0.097674415
0.0,0.05384856
0.0,0.115224056
1.0,0.11308112
0.0,0.08221517
0.0,0.05307256
0.0,0.099730186
0.0,0.012127519
0.0,0.06877125
0.0,0.11846096
0.0,0.10445361
0.0,0.11835871
0.0,0.07708748
0.0,0.14071395
0.0,0.1015552
0.0,0.14327733
0.0,0.0999088
0.0,0.08231137
0.0,0.052773505
0.0,0.07506447
0.0,0.0756645
0.0,0.087158896
0.0,0.09200841
0.0,0.015401516
0.0,0.0858059
0.0,0.106149144
0.0,0.10905148
0.0,0.09393546
0.0,0.024136081
0.0,0.05902358
0.0,0.13104792
0.0,0.056924295
0.0,0.037864644
0.0,0.06303549
0.0,0.07193119
0.0,0.08251582
0.0,0.0928212
0.0,0.06704645
0.0,0.1118499
0.0,0.08155152
0.0,0.06355147
0.0,0.06534265
0.0,0.11926099
0.0,0.08090961
0.0,0.048370562
0.0,0.08579999
0.0,0.05024608
0.0,0.10432795
0.0,0.072950035
0.0,0.111317925
0.0,0.05140029
0.0,0.07920529
0.0,0.11931656
0.0,0.14218636
0.0,0.1160778
0.0,0.07093184
0.0,0.09639427
0.0,0.055915736
0.0,0.085969806
0.0,0.05449434
0.0,0.08981235
0.0,0.08902246
0.0,0.09317823
0.0,0.10117645
0.0,0.047566928
0.0,0.103642374
0.0,0.050906844
0.0,0.04277724
0.0,0.086410336
0.0,0.088817045
0.0,0.11952948
0.0,0.04525251
0.0,0.12515554
0.0,0.14483391
0.0,0.066090465
0.0,0.09789606
0.0,0.1006867
0.0,0.114573665
0.0,0.083105974
0.0,0.074618205
0.0,0.06099024
0.0,0.09693795
0.0,0.10310386
0.0,0.12137163
0.0,0.09379738
0.0,0.09618424
0.0,0.06811169
0.0,0.01306012
0.0,0.040740933
0.0,0.048351407
0.0,0.09214839
0.0,0.06406634
0.0,0.086186975
0.0,0.1282056
0.0,0.095365785
0.0,0.06918649
0.0,0.0950518
0.0,0.055349596
0.0,0.1542623
0.0,0.062384132
0.0,0.116216235
0.0,0.12907146
0.0,0.06459366
0.0,0.06649385
0.0,0.06175464
0.0,0.09062144
0.0,0.1457124
0.0,0.051757745
1.0,0.09227349
0.0,0.0742266
0.0,0.06814296
0.0,0.08573691
0.0,0.114461154
0.0,0.05329395
0.0,0.06717353
0.0,0.091196924
0.0,0.04240162
0.0,0.13481344
0.0,0.104229845
0.0,0.061208546
0.0,0.0644139
0.0,0.09082605
1.0,0.089918904
0.0,0.08733583
0.0,0.11779039
0.0,0.11023792
0.0,0.09230332
0.0,0.1033143
0.0,0.102056965
0.0,0.03952292
0.0,0.087524936
0.0,0.09515069
1.0,0.09448025
0.0,0.06643756
0.0,0.084257685
0.0,0.06944567
0.0,0.062314905
0.0,0.1350376
0.0,0.08853869
0.0,0.049367856
0.0,0.09488532
0.0,0.0711998
0.0,0.12768136
0.0,0.06324282
0.0,0.05916876
0.0,0.1452153
0.0,0.0663734
0.0,0.092327796
0.0,0.11666934
0.0,0.08783432
0.0,0.0896832
0.0,0.09600684
0.0,0.033179343
0.0,0.13837883
0.0,0.073702015
0.0,0.05971825
0.0,0.071325235
0.0,0.09488402
0.0,0.070300296
0.0,0.09376417
0.0,0.0799095
0.0,0.06665948
1.0,0.014782297
0.0,0.15414684
0.0,0.14868383
0.0,0.09648284
0.0,0.082873546
0.0,0.11673258
0.0,0.10827228
0.0,0.11685037
0.0,0.09836171
0.0,0.092022344
0.0,0.05909232
0.0,0.04162643
0.0,0.0765841
0.0,0.10192038
0.0,0.055644687
0.0,0.06797165
0.0,0.03188596
0.0,0.016958965
0.0,0.09795417
0.0,0.08758664
0.0,0.047179814
0.0,0.061081585
0.0,0.108693115
0.0,0.04222537
0.0,0.12344507
0.0,0.113630995
0.0,0.06541095
0.0,0.136007
0.0,0.067455985
0.0,0.10221695
0.0,0.11973864
0.0,0.09236567
0.0,0.11394607
0.0,0.093670994
0.0,0.09780584
1.0,0.08754796
0.0,0.05465644
0.0,0.07232348
0.0,0.12113336
0.0,0.063460924
0.0,0.12484623
0.0,0.0780802
0.0,0.120791264
0.0,0.10090067
0.0,0.06827558
0.0,0.15428394
0.0,0.060597386
0.0,0.06505064
0.0,0.060736068
0.0,0.09429562
0.0,0.07066734
0.0,0.1211994
0.0,0.15087509
0.0,0.07518308
0.0,0.12952591
0.0,0.12831596
0.0,0.103941806
0.0,0.049073983
0.0,0.108417116
0.0,0.07381
1.0,0.066912524
0.0,0.14879899
0.0,0.10226224
0.0,0.048108827
0.0,0.034995027
0.0,0.06449079
0.0,0.12549911
0.0,0.1489487
0.0,0.059486337
0.0,0.10121657
0.0,0.10962336
0.0,0.09349964
0.0,0.060145687
0.0,0.07909502
0.0,0.06070069
0.0,0.094765335
0.0,0.10587933
0.0,0.11274709
0.0,0.019256873
0.0,0.07383163
0.0,0.14432842
0.0,0.124663
0.0,0.013268444
0.0,0.022657927
0.0,0.083668545
0.0,0.092092365
0.0,0.0753016
0.0,0.08800107
0.0,0.10358438
0.0,0.11430099
0.0,0.1082668
0.0,0.12542182
0.0,0.061613794
0.0,0.049562257
0.0,0.10591558
0.0,0.06153757
0.0,0.085683405
0.0,0.09019255
0.0,0.1422812
0.0,0.14553818
0.0,0.086756855
0.0,0.10799722
0.0,0.09307598
0.0,0.07879795
0.0,0.05015202
1.0,0.06476274
1.0,0.052708533
0.0,0.08243828
0.0,0.08657907
0.0,0.06934438
0.0,0.12999369
0.0,0.08006117
0.0,0.07163105
0.0,0.090063274
0.0,0.0145896105
0.0,0.049742788
0.0,0.06674523
0.0,0.04852311
0.0,0.07267783
1.0,0.024285618
0.0,0.08168231
0.0,0.10191863
0.0,0.08229338
0.0,0.075288154
0.0,0.11359925
0.0,0.12393147
0.0,0.092699945
0.0,0.13491383
1.0,0.074590705
0.0,0.115623415
0.0,0.106474064
0.0,0.11531546
0.0,0.054322746
0.0,0.09688735
0.0,0.09557159
0.0,0.0404717
0.0,0.046621583
0.0,0.088311695
0.0,0.10552854
0.0,0.025064036
0.0,0.044067346
0.0,0.14918132
0.0,0.09835873
0.0,0.07553314
0.0,0.08344278
0.0,0.094136275
0.0,0.08182692
0.0,0.11330652
0.0,0.097329184
0.0,0.10914457
0.0,0.1193581
0.0,0.088499576
0.0,0.09795366
0.0,0.04672174
0.0,0.08111644
0.0,0.05831562
0.0,0.08873312
0.0,0.08541686
0.0,0.09803987
0.0,0.079203546
0.0,0.07879547
0.0,0.054738652
0.0,0.0948903
0.0,0.09026606
0.0,0.13104317
0.0,0.08823963
0.0,0.07763218
0.0,0.066218995
0.0,0.089449495
0.0,0.14364617
0.0,0.08014788
0.0,0.09375769
0.0,0.0775611
0.0,0.06854595
0.0,0.020813176
0.0,0.071239226
0.0,0.12419827
0.0,0.08922577
0.0,0.102748826
0.0,0.088293925
0.0,0.09307494
0.0,0.11647912
0.0,0.019797932
0.0,0.038910765
0.0,0.09418899
0.0,0.09349306
0.0,0.058539573
0.0,0.076248236
0.0,0.08628832
0.0,0.11783076
0.0,0.022525506
0.0,0.06066213
0.0,0.079101115
1.0,0.063427985
0.0,0.12430365
0.0,0.07483706
0.0,0.09267992
0.0,0.113433614
0.0,0.13338235
0.0,0.10647391
0.0,0.09696069
0.0,0.054390475
0.0,0.10901903
1.0,0.07937278
0.0,0.0881287
0.0,0.09197052
0.0,0.07740906
0.0,0.09604624
0.0,0.06613829
0.0,0.09122421
0.0,0.0983899
0.0,0.10443155
0.0,0.06559519
0.0,0.11553149
0.0,0.08117047
0.0,0.066728584
0.0,0.11284153
0.0,0.128073
0.0,0.0744291
0.0,0.0763749
0.0,0.068408325
0.0,0.05594255
0.0,0.14003474
0.0,0.08239216
0.0,0.105284974
0.0,0.054793596
0.0,0.12902738
0.0,0.06888231
0.0,0.11344286
0.0,0.08789224
0.0,0.12059562
0.0,0.08190132
0.0,0.05031015
1.0,0.096329235
0.0,0.04491574
0.0,0.091015965
0.0,0.1132673
0.0,0.09365691
0.0,0.104625516
0.0,0.08769184
0.0,0.12899375
0.0,0.074978955
0.0,0.07109949
0.0,0.07615856
0.0,0.11256289
0.0,0.065226
0.0,0.06736522
0.0,0.054465763
0.0,0.041929465
0.0,0.0650947
0.0,0.10559929
0.0,0.06942701
0.0,0.115965635
0.0,0.13358712
0.0,0.06343273
0.0,0.15656698
0.0,0.08626188
0.0,0.08646545
0.0,0.11067402
1.0,0.11979098
0.0,0.063362174
0.0,0.11041189
0.0,0.089636534
0.0,0.10396996
0.0,0.07892389
0.0,0.12794492
0.0,0.06547268
0.0,0.059165657
0.0,0.06578603
0.0,0.06335337
0.0,0.07389491
0.0,0.083915904
0.0,0.06709725
0.0,0.12155511
0.0,0.116229616
0.0,0.0804849
0.0,0.064389944
0.0,0.07209355
0.0,0.070081204
0.0,0.079661205
0.0,0.12803814
0.0,0.071179494
0.0,0.052372172
0.0,0.14352302
0.0,0.06664937
0.0,0.0775354
0.0,0.06538582
0.0,0.05693249
0.0,0.062859446
0.0,0.0666793
0.0,0.105237365
0.0,0.09773948
0.0,0.091363385
0.0,0.0813259
0.0,0.01781695
0.0,0.069512755
0.0,0.078548744
0.0,0.045875676
0.0,0.05573386
0.0,0.12493937
0.0,0.077656075
0.0,0.085947014
0.0,0.068727225
0.0,0.08292742
0.0,0.08274194
0.0,0.07990735
0.0,0.08537008
0.0,0.08267288
0.0,0.0764069
0.0,0.08251973
0.0,0.063653916
0.0,0.12164841
0.0,0.100329176
0.0,0.08046955
0.0,0.06643095
0.0,0.06749354
0.0,0.078252435
0.0,0.068599775
0.0,0.07987299
0.0,0.06753267
0.0,0.047480114
0.0,0.088033535
0.0,0.12792881
0.0,0.043451358
0.0,0.07016144
0.0,0.07174346
0.0,0.031605516
0.0,0.07838583
0.0,0.090491086
0.0,0.08354679
0.0,0.12160815
0.0,0.08463753
0.0,0.063696094
0.0,0.07990819
0.0,0.13474551
0.0,0.03819907
2.0,0.014401475
0.0,0.010802539
0.0,0.13246353
0.0,0.05873523
0.0,0.077141255
0.0,0.09021844
0.0,0.09793656
0.0,0.079901636
0.0,0.07707059
0.0,0.087595955
0.0,0.12268081
0.0,0.11725198
0.0,0.12847897
0.0,0.13573445
0.0,0.07889901
0.0,0.07150307
0.0,0.04953979
0.0,0.06831889
1.0,0.09701885
0.0,0.028512495
0.0,0.12039541
0.0,0.08093141
0.0,0.10962085
0.0,0.096035525
0.0,0.10146578
0.0,0.05891639
0.0,0.05009543
0.0,0.05429536
0.0,0.08377062
0.0,0.1239596
0.0,0.06740248
1.0,0.12635592
0.0,0.0807201
0.0,0.10886909
0.0,0.11321625
0.0,0.0661304
0.0,0.13670193
0.0,0.06910526
0.0,0.07801738
0.0,0.13288578
0.0,0.084153004
0.0,0.101435564
0.0,0.11316883
0.0,0.08023735
0.0,0.08632138
0.0,0.06852089
0.0,0.07296849
1.0,0.10188187
0.0,0.066131316
0.0,0.16273691
0.0,0.12754396
0.0,0.052751932
0.0,0.056907333
0.0,0.10924027
0.0,0.053261407
0.0,0.04442444
0.0,0.115470216
0.0,0.07510392
0.0,0.091631725
0.0,0.10117756
0.0,0.09287028
0.0,0.016533906
0.0,0.106904656
0.0,0.08032867
0.0,0.111132644
0.0,0.05499145
0.0,0.10589659
0.0,0.03839608
0.0,0.08943888
0.0,0.09147607
0.0,0.05503883
0.0,0.11415213
0.0,0.1145297
0.0,0.08105119
0.0,0.062421773
0.0,0.10710275
0.0,0.116849646
0.0,0.10137338
0.0,0.034702167
0.0,0.10918382
0.0,0.10697133
0.0,0.10389399
1.0,0.06692456
0.0,0.08566825
0.0,0.087293655
0.0,0.119002976
0.0,0.050357815
0.0,0.084442034
0.0,0.06978875
0.0,0.05547238
0.0,0.09404692
0.0,0.13287577
0.0,0.048763722
0.0,0.053270385
0.0,0.06770992
0.0,0.08784511
0.0,0.1004481
0.0,0.07642004
0.0,0.0931735
0.0,0.065052345
0.0,0.05679602
0.0,0.08507764
0.0,0.08614819
0.0,0.063161016
0.0,0.089485995
0.0,0.10917515
0.0,0.007456599
0.0,0.106978804
0.0,0.12413865
0.0,0.013543631
0.0,0.08386678
0.0,0.05661059
0.0,0.1260659
0.0,0.073452935
0.0,0.06440646
0.0,0.108179
0.0,0.08052691
0.0,0.08532399
0.0,0.102966174
0.0,0.07530294
0.0,0.07257143
0.0,0.1098701
0.0,0.08098992
0.0,0.07087478
0.0,0.08278349
0.0,0.090243265
0.0,0.034172274
0.0,0.065172814
0.0,0.10682628
0.0,0.098021686
0.0,0.10764278
0.0,0.15212823
0.0,0.14749196
0.0,0.11504568
0.0,0.06808795
0.0,0.14600387
0.0,0.07620654
0.0,0.08865778
0.0,0.07196933
0.0,0.10106699
0.0,0.09244954
0.0,0.08853434
0.0,0.111777276
0.0,0.09996722
0.0,0.044571705
0.0,0.12454925
0.0,0.06656857
0.0,0.11846856
0.0,0.096381515
0.0,0.03998213
0.0,0.09619332
0.0,0.090088576
0.0,0.07340162
0.0,0.09041543
0.0,0.114648975
0.0,0.075362004
0.0,0.10979029
0.0,0.024054132
0.0,0.052702174
0.0,0.09145559
0.0,0.09434471
0.0,0.10155162
0.0,0.0677086
0.0,0.11577065
0.0,0.10933806
0.0,0.043173496
0.0,0.09200315
0.0,0.036172897
0.0,0.12716098
0.0,0.1356268
0.0,0.068495065
0.0,0.12721081
0.0,0.054029465
0.0,0.08620631
0.0,0.08544847
1.0,0.07663119
0.0,0.072084986
0.0,0.0772501
0.0,0.063611835
0.0,0.10746154
0.0,0.025131427
0.0,0.08295554
0.0,0.083591305
0.0,0.038838677
0.0,0.1272051
0.0,0.043700054
0.0,0.052912913
0.0,0.06912632
0.0,0.06531461
0.0,0.07845561
2.0,0.08876753
0.0,0.058018897
0.0,0.06821928
0.0,0.0570616
0.0,0.064296424
0.0,0.14498508
0.0,0.11684379
0.0,0.017096875
0.0,0.08894099
0.0,0.07731418
0.0,0.079460666
0.0,0.06250569
0.0,0.08682506
0.0,0.08009645
0.0,0.083895564
0.0,0.12727469
0.0,0.111617334
0.0,0.09005121
0.0,0.07410339
1.0,0.04829976
0.0,0.082565606
0.0,0.09972332
0.0,0.014617911
0.0,0.065173805
0.0,0.07508502
0.0,0.105379775
0.0,0.12303119
0.0,0.12414949
0.0,0.13682757
0.0,0.05515207
0.0,0.10037884
0.0,0.07908499
0.0,0.08669835
0.0,0.06122536
0.0,0.04069849
0.0,0.14243788
0.0,0.10981545
0.0,0.058667473
0.0,0.0732749
0.0,0.07324771
0.0,0.11367278
0.0,0.113200516
0.0,0.049699947
0.0,0.076854356
0.0,0.07338176
0.0,0.09153301
0.0,0.079168394
0.0,0.09329867
0.0,0.079230785
0.0,0.08988124
0.0,0.10408732
0.0,0.08978431
0.0,0.10337578
0.0,0.092727214
1.0,0.045281455
0.0,0.06698765
0.0,0.017930584
0.0,0.07713759
0.0,0.10996641
0.0,0.121110775
0.0,0.07412796
0.0,0.11644125
0.0,0.07367013
0.0,0.11987066
0.0,0.15202941
0.0,0.06787129
0.0,0.07453726
0.0,0.03948616
0.0,0.084572636
0.0,0.08107887
0.0,0.067051575
0.0,0.082689285
1.0,0.09670095
0.0,0.089203775
0.0,0.07269866
0.0,0.012597209
0.0,0.12569743
0.0,0.01991789
0.0,0.08030633
0.0,0.122292295
0.0,0.07592402
0.0,0.11702997
0.0,0.0797152
1.0,0.074139
0.0,0.09295437
0.0,0.10674685
0.0,0.15671968
0.0,0.09767095
0.0,0.062709175
0.0,0.13468876
0.0,0.09990982
0.0,0.06239972
0.0,0.12220972
0.0,0.108650625
0.0,0.074533604
0.0,0.079655565
0.0,0.051372625
0.0,0.059923057
0.0,0.04376777
0.0,0.11579503
0.0,0.0696362
0.0,0.077550985
0.0,0.124474354
0.0,0.07217991
0.0,0.061975192
0.0,0.07154842
0.0,0.084629156
0.0,0.09638255
0.0,0.05265181
0.0,0.07824753
0.0,0.057519194
0.0,0.09818682
0.0,0.08876719
0.0,0.13477983
0.0,0.057639286
0.0,0.07288411
0.0,0.102997795
0.0,0.057021033
0.0,0.103404544
0.0,0.07355785
0.0,0.10893768
0.0,0.09691401
0.0,0.063187584
0.0,0.06932299
0.0,0.103561655
0.0,0.087226145
0.0,0.032449752
0.0,0.09182847
0.0,0.111474946
0.0,0.12195021
0.0,0.09373833
0.0,0.059997953
0.0,0.06778232
0.0,0.092693135
0.0,0.017564837
0.0,0.10836729
0.0,0.053462908
0.0,0.08511478
0.0,0.07240997
1.0,0.07177978
0.0,0.06231862
0.0,0.0146721145
0.0,0.110399835
0.0,0.07060269
0.0,0.10783216
0.0,0.07705714
0.0,0.09493424
0.0,0.051393326
0.0,0.089283735
0.0,0.0811751
0.0,0.10393189
0.0,0.06288956
0.0,0.08503331
0.0,0.11163354
0.0,0.10848874
0.0,0.07574201
0.0,0.08354894
0.0,0.071910635
0.0,0.10667185
0.0,0.08364716
0.0,0.07548781
0.0,0.062835574
0.0,0.11703285
0.0,0.1019998
0.0,0.08987923
0.0,0.10334985
0.0,0.12029028
0.0,0.06473443
1.0,0.093348265
0.0,0.095397055
0.0,0.08082514
0.0,0.08120953
0.0,0.078399815
1.0,0.050392512
0.0,0.0652039
0.0,0.090656236
0.0,0.067995
0.0,0.12391989
0.0,0.07844177
0.0,0.06805339
0.0,0.067261584
0.0,0.0631954
0.0,0.093684465
0.0,0.09244165
0.0,0.12993275
0.0,0.11674063
0.0,0.08716129
0.0,0.05654826
1.0,0.03359142
0.0,0.06758628
0.0,0.12434618
0.0,0.011450447
0.0,0.06108122
1.0,0.05117067
0.0,0.05113508
0.0,0.07727113
0.0,0.109183274
0.0,0.09354049
0.0,0.08804755
0.0,0.09174028
0.0,0.058901154
0.0,0.0469999
0.0,0.042568438
0.0,0.056814387
0.0,0.09261379
1.0,0.10055162
0.0,0.11159751
0.0,0.09395187
0.0,0.06327386
0.0,0.07051483
0.0,0.046805248
0.0,0.10768924
0.0,0.089972064
0.0,0.113785684
0.0,0.11668695
0.0,0.08900607
0.0,0.082548246
1.0,0.070259936
0.0,0.07164966
1.0,0.07498993
0.0,0.09432726
0.0,0.09734077
0.0,0.08699335
0.0,0.06984604
0.0,0.09890261
0.0,0.08564626
0.0,0.10520736
0.0,0.110582866
0.0,0.07700424
0.0,0.09554473
0.0,0.08332334
0.0,0.070220694
0.0,0.1465927
0.0,0.11397966
0.0,0.114728875
0.0,0.107428744
0.0,0.10427978
0.0,0.09329887
0.0,0.06653252
0.0,0.08791867
0.0,0.10381356
0.0,0.06223069
0.0,0.10487098
1.0,0.120706454
0.0,0.08806918
0.0,0.08926636
0.0,0.1363171
0.0,0.082189634
0.0,0.13005418
0.0,0.09280423
0.0,0.063147284
0.0,0.1107718
0.0,0.11593921
0.0,0.08697499
0.0,0.07684494
0.0,0.08039945
0.0,0.106989466
0.0,0.072897166
0.0,0.05394711
0.0,0.062371504
1.0,0.11890479
0.0,0.07597586
0.0,0.075779036
0.0,0.063791476
0.0,0.10086147
0.0,0.11374939
0.0,0.09756363
0.0,0.017293211
0.0,0.069667704
0.0,0.107489005
0.0,0.07538518
0.0,0.08634769
0.0,0.12075938
0.0,0.05626752
0.0,0.101273954
0.0,0.078085035
0.0,0.1289089
0.0,0.06517449
0.0,0.060260385
0.0,0.086746514
0.0,0.05396782
0.0,0.09098406
0.0,0.09736864
0.0,0.017429035
0.0,0.07732884
0.0,0.11386298
0.0,0.10808835
0.0,0.13275535
0.0,0.04964258
0.0,0.08127374
0.0,0.12584776
0.0,0.092036895
0.0,0.058928724
0.0,0.11584046
0.0,0.08459246
1.0,0.11785287
0.0,0.10239582
0.0,0.08450848
0.0,0.062284008
0.0,0.13030545
0.0,0.13016234
0.0,0.11037031
0.0,0.13036017
0.0,0.1085703
0.0,0.111183554
0.0,0.100770086
0.0,0.10511612
0.0,0.09877986
0.0,0.056076273
0.0,0.074194066
0.0,0.07802839
0.0,0.042329755
0.0,0.07654035
0.0,0.12613904
0.0,0.103318416
0.0,0.10507338
0.0,0.090612024
0.0,0.073161215
0.0,0.08035869
0.0,0.16179582
0.0,0.08070118
0.0,0.10311008
0.0,0.07007406
0.0,0.050248295
0.0,0.09143002
0.0,0.06672157
0.0,0.085622795
0.0,0.072073966
0.0,0.04284396
0.0,0.056207556
0.0,0.09385702
0.0,0.04672391
0.0,0.06071447
0.0,0.11316861
0.0,0.068712965
0.0,0.020134771
0.0,0.09062183
0.0,0.12264963
0.0,0.0957095
0.0,0.060972124
0.0,0.09731691
0.0,0.09313372
0.0,0.08367906
0.0,0.058460407
0.0,0.07969105
0.0,0.072417565
0.0,0.07960296
0.0,0.062502205
0.0,0.06790787
0.0,0.06776477
0.0,0.12434322
0.0,0.15346074
0.0,0.10888895
1.0,0.058806814
0.0,0.04498166
0.0,0.069064006
0.0,0.11587493
0.0,0.101807036
0.0,0.09118794
0.0,0.08286066
0.0,0.110908635
0.0,0.087203205
0.0,0.019125473
0.0,0.09620322
0.0,0.03119263
0.0,0.08951315
0.0,0.1001412
0.0,0.077139005
0.0,0.09829895
0.0,0.057220165
0.0,0.13338162
0.0,0.054802768
0.0,0.10501585
0.0,0.06355368
1.0,0.050541364
0.0,0.06572222
1.0,0.09359617
0.0,0.1349822
0.0,0.09892917
0.0,0.10256648
0.0,0.08992532
0.0,0.09000111
0.0,0.06384357
0.0,0.06582745
0.0,0.08190712
0.0,0.067644395
0.0,0.083222225
1.0,0.07348574
0.0,0.09605347
1.0,0.09702882
0.0,0.09174553
0.0,0.13900068
0.0,0.0841503
0.0,0.089412525
0.0,0.10145642
0.0,0.079111636
0.0,0.07501854
0.0,0.08347243
0.0,0.09015563
0.0,0.06138027
0.0,0.0795563
0.0,0.08790379
0.0,0.117933065
0.0,0.08818419
0.0,0.08037371
0.0,0.098353736
0.0,0.13722612
0.0,0.05567448
0.0,0.09779731
0.0,0.07519606
2.0,0.06523814
0.0,0.041692544
0.0,0.072575405
0.0,0.056085605
0.0,0.10301835
0.0,0.07720156
0.0,0.12941661
0.0,0.088484004
0.0,0.13802598
0.0,0.061462175
0.0,0.066608705
0.0,0.083039366
0.0,0.09064385
0.0,0.08344136
1.0,0.07981398
0.0,0.0900802
1.0,0.11954379
0.0,0.12881286
0.0,0.080268696
0.0,0.12621357
0.0,0.06946226
0.0,0.10742721
1.0,0.021341603
0.0,0.05400797
0.0,0.056163605
0.0,0.09681064
0.0,0.1017974
0.0,0.10662435
0.0,0.08474277
0.0,0.0532815
0.0,0.1344247
0.0,0.09254739
0.0,0.08681193
0.0,0.07228696
0.0,0.065441914
0.0,0.052917793
0.0,0.11103704
0.0,0.13124359
0.0,0.010309457
0.0,0.08462857
0.0,0.08879797
0.0,0.05244687
0.0,0.11716393
0.0,0.091321096
1.0,0.06995759
0.0,0.0841243
0.0,0.08306491
0.0,0.08310804
0.0,0.048494115
0.0,0.10468053
0.0,0.1175278
0.0,0.07074778
0.0,0.08951239
0.0,0.118670575
0.0,0.117466815
0.0,0.11770261
0.0,0.11829247
0.0,0.10316841
0.0,0.07953474
0.0,0.06235512
0.0,0.07315263
0.0,0.08247149
0.0,0.10805496
0.0,0.12178875
0.0,0.073573746
0.0,0.102127865
0.0,0.05589618
0.0,0.099967435
0.0,0.10557543
0.0,0.07813568
1.0,0.105611
0.0,0.055328436
0.0,0.0907059
0.0,0.06912401
0.0,0.09503102
0.0,0.104746744
0.0,0.11431565
0.0,0.08913469
0.0,0.11728536
0.0,0.08914611
0.0,0.07447851
0.0,0.07308095
0.0,0.06582382
0.0,0.061773177
0.0,0.053972684
0.0,0.072606094
0.0,0.08881529
0.0,0.052425414
0.0,0.07627886
0.0,0.07959977
0.0,0.04763979
0.0,0.11526277
0.0,0.011375118
0.0,0.054327667
0.0,0.09093839
0.0,0.08246716
0.0,0.06188093
0.0,0.08876148
0.0,0.06505147
0.0,0.06848798
1.0,0.036376648
0.0,0.07841985
0.0,0.13147594
0.0,0.11770836
0.0,0.07699305
0.0,0.07931447
0.0,0.0960554
0.0,0.114874765
0.0,0.0475004
0.0,0.054260433
0.0,0.1426887
0.0,0.07000322
0.0,0.058653966
0.0,0.13030194
0.0,0.07895296
0.0,0.07898495
0.0,0.104552224
0.0,0.09169668
0.0,0.06402799
0.0,0.11735493
0.0,0.09788932
0.0,0.06457153
0.0,0.065655336
0.0,0.08227919
0.0,0.10350819
0.0,0.0828726
0.0,0.083335936
0.0,0.0830185
0.0,0.08143464
0.0,0.09224707
0.0,0.07092129
0.0,0.08763767
0.0,0.07209355
0.0,0.06682181
0.0,0.06524366
0.0,0.08029053
0.0,0.070549704
0.0,0.059898287
0.0,0.08268593
0.0,0.12084683
0.0,0.08760335
0.0,0.07420229
0.0,0.06814574
1.0,0.03421233
0.0,0.016490899
0.0,0.13421664
0.0,0.060634296
0.0,0.038913105
0.0,0.095603816
0.0,0.102254756
0.0,0.099480316
0.0,0.09422023
0.0,0.09253994
0.0,0.10968791
0.0,0.09400466
0.0,0.10267568
0.0,0.07138214
1.0,0.072993025
0.0,0.1440984
0.0,0.12765938
0.0,0.0749527
0.0,0.06957215
0.0,0.107856974
0.0,0.086965024
0.0,0.083463594
0.0,0.07689431
0.0,0.101874925
0.0,0.11883269
0.0,0.06315838
0.0,0.11301123
0.0,0.08856755
0.0,0.084582336
0.0,0.09291951
0.0,0.095738605
0.0,0.09675374
2.0,0.05242664
0.0,0.08681826
1.0,0.08746586
0.0,0.14553998
0.0,0.124382064
0.0,0.074678145
0.0,0.064646795
0.0,0.06826982
0.0,0.052577727
0.0,0.1402784
0.0,0.12350551
0.0,0.09158702
1.0,0.09302786
0.0,0.10714385
0.0,0.05273698
0.0,0.059167843
0.0,0.089416444
0.0,0.09986814
0.0,0.119034074
0.0,0.06373989
0.0,0.13196632
2.0,0.08891311
0.0,0.07787881
0.0,0.12111182
0.0,0.12174224
0.0,0.07258782
0.0,0.10865878
0.0,0.13001455
0.0,0.086955175
0.0,0.014894834
0.0,0.118818924
0.0,0.08670478
0.0,0.09854106
1.0,0.03574096
0.0,0.106320895
0.0,0.10780101
0.0,0.101241164
0.0,0.08862732
0.0,0.091583565
0.0,0.0938791
0.0,0.08601335
0.0,0.07081035
0.0,0.10342859
0.0,0.10759285
1.0,0.105081216
0.0,0.092224345
0.0,0.069919825
0.0,0.0817187
0.0,0.089026526
1.0,0.044883914
0.0,0.06304383
0.0,0.079345755
0.0,0.093149304
0.0,0.09047417
0.0,0.07072506
0.0,0.037646662
0.0,0.094342805
0.0,0.10143358
0.0,0.082924515
0.0,0.09436834
0.0,0.07814777
1.0,0.048156887
0.0,0.08391057
0.0,0.05611292
1.0,0.068757705
0.0,0.03257869
0.0,0.10463157
0.0,0.066653565
0.0,0.06480108
0.0,0.04074105
0.0,0.061333884
0.0,0.058321778
0.0,0.12260005
0.0,0.032581784
0.0,0.08413379
1.0,0.10708092
0.0,0.119955026
0.0,0.09778461
0.0,0.055578314
0.0,0.09898655
0.0,0.11458435
0.0,0.07566865
0.0,0.05760722
0.0,0.127427
1.0,0.09647445
0.0,0.09474141
0.0,0.08816214
0.0,0.07017365
0.0,0.061191503
0.0,0.06692577
0.0,0.11660496
0.0,0.099726096
0.0,0.081357285
0.0,0.04685308
1.0,0.03759905
0.0,0.09158121
0.0,0.05061409
0.0,0.070887625
1.0,0.093047716
0.0,0.13531695
0.0,0.091083065
0.0,0.08905247
0.0,0.09493542
0.0,0.09157427
0.0,0.08154544
0.0,0.11681123
0.0,0.09195197
0.0,0.08122489
0.0,0.067234024
0.0,0.13946623
0.0,0.07728145
2.0,0.10920366
0.0,0.02758056
0.0,0.08350794
0.0,0.07060012
0.0,0.1079324
0.0,0.049897082
0.0,0.06411512
0.0,0.053816475
0.0,0.10168955
0.0,0.07268618
0.0,0.07032352
0.0,0.051096715
0.0,0.10530056
0.0,0.117695004
0.0,0.13700238
0.0,0.053630274
0.0,0.1287331
0.0,0.06899819
0.0,0.14665186
0.0,0.11808829
0.0,0.056602903
0.0,0.059263464
0.0,0.09852734
0.0,0.13917072
0.0,0.099547766
0.0,0.06925437
0.0,0.089344084
1.0,0.09100446
0.0,0.08469803
1.0,0.061067097
0.0,0.09089082
0.0,0.044014048
0.0,0.06798521
0.0,0.10286988
0.0,0.12235925
0.0,0.11555953
0.0,0.07345337
0.0,0.06271797
0.0,0.085654564
0.0,0.11415482
0.0,0.071693785
0.0,0.054381005
0.0,0.11436797
0.0,0.07922264
0.0,0.06897694
0.0,0.1287126
0.0,0.14464283
0.0,0.050972693
0.0,0.1118075
0.0,0.1183893
0.0,0.06251338
1.0,0.05892597
0.0,0.06820936
0.0,0.09455261
0.0,0.09093319
0.0,0.048711803
0.0,0.11453775
0.0,0.11710548
0.0,0.07393077
0.0,0.036493998
0.0,0.0579616
1.0,0.048120987
0.0,0.042877898
0.0,0.09794095
0.0,0.08247123
0.0,0.055054143
0.0,0.13164036
0.0,0.11800765
0.0,0.07192653
0.0,0.09436993
0.0,0.1062426
0.0,0.087342076
0.0,0.1261851
0.0,0.08348797
0.0,0.04667853
0.0,0.051087946
0.0,0.09406473
0.0,0.039747447
0.0,0.14293177
0.0,0.06710323
0.0,0.079355255
0.0,0.084383026
0.0,0.05763739
0.0,0.08522491
0.0,0.0980539
0.0,0.05614426
0.0,0.066739246
0.0,0.12547305
1.0,0.083775975
0.0,0.041084725
0.0,0.095520906
0.0,0.094364196
0.0,0.05457467
0.0,0.11415159
0.0,0.053188033
0.0,0.06093283
0.0,0.026682626
0.0,0.07636373
0.0,0.10481891
0.0,0.049848925
0.0,0.05789764
0.0,0.11263059
0.0,0.07480606
0.0,0.07362349
0.0,0.07442635
0.0,0.07651687
0.0,0.06740782
0.0,0.082698435
0.0,0.0787043
0.0,0.11291993
0.0,0.11226282
1.0,0.079336226
0.0,0.12085123
0.0,0.1329947
0.0,0.088293925
0.0,0.071198404
0.0,0.112645715
0.0,0.06790969
0.0,0.09777428
0.0,0.068765394
0.0,0.06593847
0.0,0.044056483
0.0,0.09443593
0.0,0.06394536
0.0,0.105583385
0.0,0.091080256
0.0,0.13778031
0.0,0.11090631
0.0,0.05486026
0.0,0.06371787
0.0,0.051451415
0.0,0.09597816
0.0,0.09587104
0.0,0.110489175
0.0,0.0944016
0.0,0.069122404
0.0,0.057136025
0.0,0.09460454
0.0,0.084877595
0.0,0.123937674
0.0,0.13189603
0.0,0.052949432
0.0,0.06570237
0.0,0.093406506
0.0,0.114415914
0.0,0.05675839
0.0,0.119774185
0.0,0.049844064
0.0,0.105465084
0.0,0.045205463
0.0,0.043981362
1.0,0.115887776
0.0,0.09416988
0.0,0.10580963
0.0,0.06264759
0.0,0.10105504
0.0,0.083112925
0.0,0.06349231
0.0,0.06315341
0.0,0.051778346
0.0,0.06826713
0.0,0.024314139
0.0,0.049952753
0.0,0.050033268
0.0,0.06311269
0.0,0.07933433
0.0,0.115491554
0.0,0.08938601
0.0,0.06790091
1.0,0.08684331
0.0,0.069409356
0.0,0.09545641
0.0,0.05756776
0.0,0.13232096
0.0,0.1117505
0.0,0.11187555
0.0,0.113764636
0.0,0.069442324
0.0,0.1038096
0.0,0.07837796
0.0,0.08199717
0.0,0.075419396
0.0,0.099507116
0.0,0.07601628
0.0,0.06553896
0.0,0.058740985
0.0,0.10338228
0.0,0.11167052
0.0,0.06357514
0.0,0.10917588
0.0,0.10355425
0.0,0.14560929
0.0,0.08384279
0.0,0.07947621
1.0,0.026643176
0.0,0.13249667
0.0,0.036772825
0.0,0.100670666
0.0,0.12799181
1.0,0.10224791
0.0,0.06218661
0.0,0.061438207
0.0,0.10927182
0.0,0.077514514
0.0,0.07669935
0.0,0.08158495
0.0,0.12936044
0.0,0.049400456
0.0,0.09522351
0.0,0.082334355
0.0,0.0681465
0.0,0.13180926
1.0,0.07547204
0.0,0.12453013
0.0,0.076175116
0.0,0.1177968
0.0,0.09035371
0.0,0.12742147
0.0,0.14365715
0.0,0.07632816
2.0,0.07863513
0.0,0.093730226
0.0,0.11830457
0.0,0.04394122
0.0,0.104989916
0.0,0.10402654
0.0,0.08323554
0.0,0.06314646
0.0,0.08145967
0.0,0.079162315
0.0,0.09241186
0.0,0.10014325
0.0,0.07934873
0.0,0.07640102
0.0,0.10653328
0.0,0.08366148
0.0,0.09383037
0.0,0.054783225
0.0,0.0910366
0.0,0.058426797
0.0,0.053402774
0.0,0.09491113
0.0,0.07261117
0.0,0.07809578
1.0,0.12682399
0.0,0.059250467
0.0,0.061222147
0.0,0.0149576515
0.0,0.047970366
0.0,0.09224243
0.0,0.06092217
0.0,0.09434195
0.0,0.058950197
0.0,0.08003876
0.0,0.06680173
0.0,0.09541425
0.0,0.036023255
0.0,0.07661857
0.0,0.078915305
0.0,0.06932702
0.0,0.09734908
0.0,0.106443405
0.0,0.0981099
0.0,0.05943261
0.0,0.07816181
0.0,0.10541129
0.0,0.089053616
0.0,0.08572154
0.0,0.07346934
0.0,0.053855326
0.0,0.034876823
0.0,0.08065211
0.0,0.081076205
0.0,0.08979623
0.0,0.07222853
1.0,0.12703732
0.0,0.10076489
0.0,0.10054009
0.0,0.059848554
0.0,0.13535985
0.0,0.07684622
0.0,0.15897408
0.0,0.052164957
0.0,0.100758314
0.0,0.11924422
0.0,0.08197356
0.0,0.10830948
0.0,0.07435257
1.0,0.06312919
0.0,0.1285717
0.0,0.11304338
0.0,0.03956761
0.0,0.06464199
0.0,0.13800909
0.0,0.07135447
0.0,0.10907499
0.0,0.05302508
0.0,0.10682465
0.0,0.11763954
0.0,0.08943325
0.0,0.076342955
0.0,0.07769443
0.0,0.06573866
0.0,0.060921993
0.0,0.075355895
0.0,0.073832706
0.0,0.09621121
0.0,0.10861322
0.0,0.08665746
0.0,0.1308557
0.0,0.13697688
0.0,0.09116499
0.0,0.068971016
1.0,0.11948805
0.0,0.074440196
0.0,0.09460007
0.0,0.052617945
0.0,0.11509995
1.0,0.12933281
0.0,0.051057458
0.0,0.10733466
0.0,0.05444708
0.0,0.095218085
0.0,0.098257616
0.0,0.14988002
0.0,0.08228885
0.0,0.12403771
0.0,0.10385944
0.0,0.09206435
0.0,0.115903996
0.0,0.08806187
0.0,0.06599556
0.0,0.07078974
0.0,0.10863891
0.0,0.08083449
0.0,0.10676393
0.0,0.07121998
0.0,0.09195851
0.0,0.10148719
0.0,0.06376632
0.0,0.08638483
0.0,0.1588517
1.0,0.0767176
0.0,0.14465652
0.0,0.11302277
0.0,0.020924399
0.0,0.10677215
0.0,0.11114982
0.0,0.075573094
0.0,0.051681567
0.0,0.045627125
0.0,0.11857167
0.0,0.057187296
0.0,0.08753725
0.0,0.11217127
0.0,0.0979051
0.0,0.123691306
0.0,0.04211909
0.0,0.10919629
0.0,0.07972912
0.0,0.08841665
0.0,0.07714295
0.0,0.13075268
0.0,0.05391688
0.0,0.10387501
0.0,0.100413695
0.0,0.09666619
0.0,0.12223869
0.0,0.13620672
0.0,0.07524078
0.0,0.072607994
0.0,0.09089084
0.0,0.103565454
0.0,0.08879031
0.0,0.11183931
0.0,0.10058094
0.0,0.10805725
0.0,0.10980646
0.0,0.062269073
0.0,0.056537326
1.0,0.01222646
0.0,0.06674157
0.0,0.14548367
0.0,0.08005899
0.0,0.093803905
0.0,0.066500455
0.0,0.07775505
0.0,0.083284885
0.0,0.061861757
0.0,0.06883631
0.0,0.058835566
0.0,0.103719525
0.0,0.1059024
0.0,0.05672227
0.0,0.06444428
0.0,0.055770013
0.0,0.13004187
0.0,0.10106714
0.0,0.1310631
0.0,0.053943522
0.0,0.08146936
0.0,0.06376647
0.0,0.07915968
0.0,0.050542604
0.0,0.11755364
0.0,0.10413491
0.0,0.14266859
0.0,0.09252228
0.0,0.08160466
0.0,0.06460159
0.0,0.081461005
0.0,0.069355406
0.0,0.13812625
0.0,0.1085093
1.0,0.09396182
0.0,0.09244193
0.0,0.07909472
0.0,0.08761133
0.0,0.14515977
0.0,0.015453055
0.0,0.074300274
0.0,0.06524047
1.0,0.087171696
0.0,0.08398332
0.0,0.07118513
0.0,0.04585187
0.0,0.06655288
0.0,0.016975341
0.0,0.0416469
0.0,0.08134231
0.0,0.13158232
1.0,0.10344681
0.0,0.09919033
0.0,0.09248984
0.0,0.0687403
0.0,0.07122798
0.0,0.047757197
1.0,0.08927852
0.0,0.12859157
0.0,0.10308467
0.0,0.037651725
0.0,0.064903684
0.0,0.13461655
0.0,0.092950955
0.0,0.10943753
0.0,0.12368099
0.0,0.103522405
0.0,0.04407488
0.0,0.12603876
0.0,0.12561065
0.0,0.094825566
0.0,0.08613522
0.0,0.035859663
0.0,0.06402258
0.0,0.103365034
0.0,0.085035995
0.0,0.056631655
0.0,0.06458839
0.0,0.089512944
0.0,0.084704265
0.0,0.11977384
0.0,0.13097176
0.0,0.06582087
0.0,0.07107856
0.0,0.10211308
0.0,0.06450589
0.0,0.084690735
0.0,0.1210481
1.0,0.061731953
1.0,0.028738245
0.0,0.06685279
0.0,0.092559084
0.0,0.08439212
0.0,0.06560442
0.0,0.112574935
0.0,0.10366697
0.0,0.115834765
0.0,0.08772051
0.0,0.068168305
0.0,0.07554499
1.0,0.015128636
0.0,0.09017831
0.0,0.11934049
1.0,0.034536917
0.0,0.12304923
0.0,0.05247136
0.0,0.099318266
0.0,0.03608298
0.0,0.09536108
0.0,0.07038628
0.0,0.040721804
0.0,0.07987048
0.0,0.06493091
0.0,0.110056765
0.0,0.087164626
0.0,0.08783895
0.0,0.12448145
0.0,0.070610456
0.0,0.119297564
0.0,0.115344
0.0,0.08965064
0.0,0.10622173
0.0,0.11084403
0.0,0.07739024
0.0,0.09950946
0.0,0.086652786
0.0,0.10952268
0.0,0.09495393
0.0,0.11279444
0.0,0.106034204
0.0,0.12493773
0.0,0.14048274
0.0,0.051122904
0.0,0.08656136
0.0,0.039930515
0.0,0.040712543
0.0,0.06386857
0.0,0.017018475
0.0,0.096402496
0.0,0.102028444
0.0,0.07662441
0.0,0.021616237
0.0,0.04676789
0.0,0.09562769
0.0,0.062115632
0.0,0.09887491
0.0,0.04858838
0.0,0.1213674
0.0,0.076168835
0.0,0.05716956
0.0,0.09181989
0.0,0.10781255
0.0,0.10337565
0.0,0.043557324
0.0,0.089090884
0.0,0.046177514
0.0,0.11198929
0.0,0.07068266
0.0,0.06348862
0.0,0.13321099
0.0,0.050674535
0.0,0.15167305
0.0,0.03500348
0.0,0.11871316
0.0,0.114372626
0.0,0.124969184
0.0,0.15565994
0.0,0.054225076
0.0,0.06018291
0.0,0.11506359
0.0,0.10063023
0.0,0.10890187
0.0,0.07288338
0.0,0.07117907
0.0,0.06013407
0.0,0.058847714
0.0,0.092285186
0.0,0.044765726
0.0,0.11341111
0.0,0.117897585
1.0,0.050407387
0.0,0.1119627
0.0,0.078378096
0.0,0.1290722
1.0,0.13887915
0.0,0.042884357
0.0,0.09452008
0.0,0.089978695
0.0,0.0668965
0.0,0.090917274
0.0,0.0707655
0.0,0.0796358
1.0,0.11595463
0.0,0.122770116
0.0,0.09833409
0.0,0.04215941
0.0,0.1110887
0.0,0.08641971
0.0,0.07881445
0.0,0.07912137
1.0,0.10469865
0.0,0.10315604
0.0,0.099027835
0.0,0.04163757
0.0,0.0846633
0.0,0.10220123
0.0,0.05660382
0.0,0.06960729
0.0,0.060684048
0.0,0.07489122
0.0,0.0831115
1.0,0.10183301
0.0,0.08355233
0.0,0.07993513
0.0,0.10387407
0.0,0.061889637
0.0,0.1064056
0.0,0.1095043
0.0,0.0720461
0.0,0.06083244
0.0,0.09999933
0.0,0.080931954
0.0,0.08622023
0.0,0.092843935
0.0,0.052923307
0.0,0.103694335
0.0,0.07582844
0.0,0.1045464
0.0,0.07036649
0.0,0.074835636
0.0,0.08445865
0.0,0.03474864
0.0,0.05098492
0.0,0.06912189
0.0,0.036285203
0.0,0.064843826
0.0,0.06590323
0.0,0.0695088
0.0,0.07166094
0.0,0.09799445
0.0,0.07939819
0.0,0.058224022
0.0,0.09953697
0.0,0.0684278
0.0,0.048815276
0.0,0.11646837
0.0,0.060130287
0.0,0.096697494
1.0,0.010093873
0.0,0.0576779
0.0,0.031367157
0.0,0.086992875
0.0,0.089353666
0.0,0.11916038
0.0,0.08701098
0.0,0.101140276
0.0,0.081663266
0.0,0.05738701
0.0,0.08143091
0.0,0.06844002
0.0,0.14606741
0.0,0.14251997
0.0,0.081121214
0.0,0.0906822
0.0,0.067529395
0.0,0.050303433
0.0,0.0567608
0.0,0.060548775
0.0,0.054341387
0.0,0.07391642
0.0,0.075863704
0.0,0.054768752
0.0,0.060948506
0.0,0.119554505
0.0,0.11221412
0.0,0.07720649
0.0,0.079173736
0.0,0.11015206
0.0,0.13670287
0.0,0.05295466
0.0,0.11273018
0.0,0.06921587
0.0,0.0898529
0.0,0.07057987
0.0,0.11350149
0.0,0.08273738
0.0,0.06531227
0.0,0.070679374
0.0,0.13286045
0.0,0.06584253
0.0,0.08794972
0.0,0.13763036
0.0,0.10388425
1.0,0.08580725
0.0,0.08359854
0.0,0.07937679
0.0,0.13343853
0.0,0.111352384
0.0,0.072521925
0.0,0.054819718
1.0,0.07000102
0.0,0.06973164
0.0,0.09823477
0.0,0.07727515
1.0,0.12487278
0.0,0.06035452
0.0,0.072028175
0.0,0.06314416
0.0,0.13585952
0.0,0.052137427
0.0,0.093819454
0.0,0.08138153
0.0,0.09778169
0.0,0.09212583
1.0,0.07840804
0.0,0.0820533
0.0,0.087825485
0.0,0.1205091
1.0,0.021840647
0.0,0.10920636
0.0,0.067589216
0.0,0.109715946
0.0,0.07909565
0.0,0.066138364
0.0,0.11821085
0.0,0.086340524
0.0,0.110226646
0.0,0.07309074
1.0,0.018759174
0.0,0.08604646
0.0,0.11916245
0.0,0.03232753
0.0,0.08789683
0.0,0.09120129
0.0,0.045138247
0.0,0.10271042
0.0,0.07053095
0.0,0.061101846
0.0,0.018433332
0.0,0.12436267
0.0,0.14181525
0.0,0.058575846
0.0,0.11030396
0.0,0.09916222
0.0,0.122424215
0.0,0.14804839
0.0,0.15205145
0.0,0.08390757
0.0,0.06953925
0.0,0.072404824
0.0,0.08148855
0.0,0.09091894
0.0,0.078453064
0.0,0.059922885
0.0,0.077062815
0.0,0.083979875
0.0,0.08670964
0.0,0.08178853
0.0,0.0603633
0.0,0.12294651
0.0,0.051535647
0.0,0.0960483
0.0,0.02608376
0.0,0.085227594
0.0,0.10048257
0.0,0.08057782
0.0,0.044957083
0.0,0.09630036
0.0,0.10290347
0.0,0.086813405
0.0,0.098853014
0.0,0.08419475
0.0,0.103447124
0.0,0.0994367
0.0,0.04899597
0.0,0.094891965
0.0,0.10530252
0.0,0.13754289
0.0,0.06857739
0.0,0.124925934
0.0,0.07377399
0.0,0.09697496
0.0,0.108726
0.0,0.07792954
0.0,0.086412236
0.0,0.054700386
0.0,0.10236797
0.0,0.08743525
0.0,0.062419318
0.0,0.07173159
0.0,0.12668519
0.0,0.04276229
0.0,0.072894834
0.0,0.07943328
0.0,0.0734312
0.0,0.100033954
0.0,0.0627401
0.0,0.0960219
0.0,0.13248599
0.0,0.08815235
0.0,0.06168305
0.0,0.09389961
0.0,0.05702344
0.0,0.06364727
0.0,0.09054348
0.0,0.039842125
0.0,0.10397187
0.0,0.11116882
0.0,0.09148997
0.0,0.09198429
0.0,0.081870064
0.0,0.083123475
0.0,0.06116376
0.0,0.06409381
0.0,0.0840119
0.0,0.07350451
0.0,0.082976356
0.0,0.060571186
0.0,0.090073586
0.0,0.11640544
0.0,0.12218446
0.0,0.093319
0.0,0.07714028
0.0,0.03220756
0.0,0.09861874
0.0,0.07393075
0.0,0.10729669
0.0,0.074948855
0.0,0.046089336
0.0,0.10183102
0.0,0.08661274
0.0,0.076630585
0.0,0.15647043
0.0,0.09733297
0.0,0.1322908
0.0,0.074444026
0.0,0.07844171
0.0,0.04732265
0.0,0.09439401
0.0,0.0835291
0.0,0.14177196
0.0,0.09352194
0.0,0.08985356
0.0,0.059822235
0.0,0.08729917
0.0,0.09645881
0.0,0.1001761
0.0,0.07650667
0.0,0.06030491
0.0,0.109068766
0.0,0.10681258
0.0,0.063492134
0.0,0.07416479
0.0,0.08722899
0.0,0.0821949
0.0,0.11623893
0.0,0.079429604
0.0,0.09464979
0.0,0.07998695
0.0,0.05205688
0.0,0.06782066
0.0,0.05798735
0.0,0.10471855
0.0,0.08494402
0.0,0.088613376
0.0,0.09759997
0.0,0.11280732
0.0,0.064627536
0.0,0.13317844
0.0,0.107948355
0.0,0.082873955
0.0,0.10363114
0.0,0.08539711
0.0,0.08684816
0.0,0.054334015
0.0,0.11938412
0.0,0.087029055
0.0,0.14142758
1.0,0.08414958
0.0,0.067477025
0.0,0.13884978
0.0,0.054308735
1.0,0.13250144
0.0,0.08885269
0.0,0.10222702
0.0,0.091521576
0.0,0.1421235
0.0,0.10218861
0.0,0.094087735
0.0,0.017739052
0.0,0.111631915
0.0,0.07378475
0.0,0.10782959
0.0,0.08381561
0.0,0.07297464
0.0,0.08542648
0.0,0.13364612
0.0,0.057604417
0.0,0.10121976
0.0,0.032441683
0.0,0.07565559
0.0,0.031055698
0.0,0.11018376
0.0,0.08663554
0.0,0.109107755
0.0,0.07388101
0.0,0.09210626
0.0,0.06616262
0.0,0.073280305
0.0,0.05139535
0.0,0.08439359
0.0,0.08072735
0.0,0.117630176
0.0,0.054585
0.0,0.09460656
0.0,0.07706584
0.0,0.09383359
0.0,0.06979394
0.0,0.07732274
0.0,0.09332668
0.0,0.080951035
0.0,0.08599459
0.0,0.13861376
0.0,0.092984065
0.0,0.081044
0.0,0.11413243
0.0,0.06555385
0.0,0.042058572
0.0,0.10079594
0.0,0.08166533
0.0,0.10105658
0.0,0.08604157
0.0,0.07571012
0.0,0.05553455
0.0,0.08846271
0.0,0.081154294
0.0,0.073241
0.0,0.055737484
0.0,0.074485466
1.0,0.061285295
0.0,0.054619238
0.0,0.12329359
0.0,0.09373073
1.0,0.1104949
0.0,0.04623726
0.0,0.014190782
0.0,0.06554321
0.0,0.12600304
0.0,0.11664514
0.0,0.10353628
0.0,0.10538113
0.0,0.09223336
0.0,0.06668053
0.0,0.13835922
0.0,0.10484608
0.0,0.088136524
0.0,0.10546146
0.0,0.13417485
0.0,0.12482834
0.0,0.023512483
0.0,0.10665583
0.0,0.11872545
0.0,0.08161217
0.0,0.11323844
0.0,0.07847816
0.0,0.061236262
0.0,0.08045353
1.0,0.08400709
0.0,0.078310445
0.0,0.06739941
0.0,0.05944063
0.0,0.12075112
0.0,0.056968365
0.0,0.057536118
0.0,0.050124057
0.0,0.109324716
0.0,0.12226043
0.0,0.05408518
0.0,0.075140946
0.0,0.09007393
0.0,0.06517878
0.0,0.084399745
0.0,0.095232844
0.0,0.06640783
0.0,0.09334328
0.0,0.10826743
0.0,0.084070705
0.0,0.059274953
0.0,0.101235785
0.0,0.115531564
0.0,0.11974352
0.0,0.07730124
0.0,0.115917064
0.0,0.0921295
0.0,0.06670387
0.0,0.107106864
0.0,0.12736209
0.0,0.08295756
1.0,0.06134134
1.0,0.0628147
0.0,0.11486627
1.0,0.094328135
0.0,0.10953025
0.0,0.10280445
0.0,0.1045427
1.0,0.10371782
0.0,0.07512921
0.0,0.11638255
0.0,0.07983893
0.0,0.07017419
0.0,0.08895202
0.0,0.08076042
0.0,0.06837566
0.0,0.09084067
0.0,0.04252629
0.0,0.14578313
0.0,0.08736436
0.0,0.09488242
0.0,0.06656965
0.0,0.06806882
0.0,0.08183757
0.0,0.05396826
0.0,0.10780494
0.0,0.056170717
0.0,0.098716505
0.0,0.037125655
0.0,0.057751063
0.0,0.048535615
0.0,0.028655507
0.0,0.053189557
0.0,0.06923228
0.0,0.037972208
0.0,0.09170597
0.0,0.08580244
0.0,0.16220221
0.0,0.092780136
0.0,0.11190855
0.0,0.08848998
0.0,0.06937219
0.0,0.08378782
1.0,0.12506951
0.0,0.08123384
0.0,0.06107701
0.0,0.13181926
0.0,0.068038896
0.0,0.11514194
0.0,0.10045368
0.0,0.109649554
0.0,0.07469289
0.0,0.051560856
0.0,0.07857924
0.0,0.08163628
0.0,0.08120814
0.0,0.12127955
0.0,0.058368657
0.0,0.063313596
0.0,0.075809285
0.0,0.1513911
0.0,0.07188576
0.0,0.09092491
0.0,0.10610694
0.0,0.11216362
0.0,0.083650194
0.0,0.10970812
0.0,0.07022621
0.0,0.07349743
0.0,0.083173744
0.0,0.016024973
0.0,0.068263695
0.0,0.08557063
0.0,0.06652162
0.0,0.06755351
0.0,0.11513686
0.0,0.094436556
0.0,0.05687143
0.0,0.116149254
0.0,0.119076625
0.0,0.068409845
0.0,0.11472149
0.0,0.08539931
0.0,0.06926832
0.0,0.11156604
0.0,0.08569654
0.0,0.034813978
0.0,0.079205304
0.0,0.08345983
0.0,0.06555424
0.0,0.049023584
0.0,0.11622161
0.0,0.15082085
0.0,0.04096724
0.0,0.07089543
0.0,0.15576077
0.0,0.10648945
1.0,0.09320576
1.0,0.07497483
0.0,0.020977978
0.0,0.079417996
0.0,0.091213256
0.0,0.09434595
0.0,0.08985737
0.0,0.07397205
0.0,0.059578553
0.0,0.06034275
0.0,0.0674832
0.0,0.1087503
0.0,0.08768104
0.0,0.07046844
0.0,0.084890835
0.0,0.05486502
0.0,0.12767506
0.0,0.085959695
1.0,0.073137596
1.0,0.10294752
0.0,0.05784241
0.0,0.07013239
0.0,0.08141816
0.0,0.014308732
0.0,0.090022236
0.0,0.1016331
0.0,0.09291958
0.0,0.08799211
0.0,0.10745503
0.0,0.051077206
0.0,0.07991798
0.0,0.055458073
0.0,0.09059468
0.0,0.11096053
0.0,0.071819015
0.0,0.098050766
0.0,0.1504783
0.0,0.12998024
2.0,0.05963746
1.0,0.09584083
0.0,0.112738244
0.0,0.07932359
0.0,0.056531437
0.0,0.12641512
0.0,0.10210048
0.0,0.07748362
0.0,0.07530931
1.0,0.08934039
0.0,0.14166595
0.0,0.0941765
0.0,0.056413017
0.0,0.05428626
0.0,0.12700725
0.0,0.13995863
0.0,0.058376756
0.0,0.12079397
0.0,0.04370583
0.0,0.08387894
0.0,0.06658314
0.0,0.1391703
0.0,0.11994267
0.0,0.1336077
0.0,0.055521365
0.0,0.07996883
0.0,0.042604726
0.0,0.08765794
0.0,0.15174411
0.0,0.08728471
0.0,0.089101195
0.0,0.040898878
0.0,0.057346087
0.0,0.13114622
0.0,0.108318955
0.0,0.086646795
0.0,0.06339351
0.0,0.13937482
0.0,0.08561402
0.0,0.08969979
0.0,0.031742897
0.0,0.08242849
0.0,0.07349436
0.0,0.07960153
0.0,0.14188094
0.0,0.07775362
0.0,0.053481176
0.0,0.08772696
0.0,0.07429455
0.0,0.12089977
0.0,0.095766135
0.0,0.087972246
0.0,0.06419
0.0,0.039848648
0.0,0.0903658
0.0,0.08167894
0.0,0.12949437
0.0,0.10153235
0.0,0.07459995
1.0,0.095901966
0.0,0.110118814
0.0,0.08188468
0.0,0.08053434
0.0,0.075913265
0.0,0.037013456
0.0,0.033495452
0.0,0.053680856
0.0,0.09145352
0.0,0.094855525
0.0,0.09976612
0.0,0.086806156
0.0,0.13880901
0.0,0.07009091
0.0,0.13186964
0.0,0.13067524
0.0,0.11570813
0.0,0.061101757
0.0,0.06367493
0.0,0.07177338
0.0,0.07234053
0.0,0.0925424
0.0,0.09486107
0.0,0.084919095
0.0,0.09260955
0.0,0.08969383
0.0,0.12972176
0.0,0.077460386
0.0,0.057358585
0.0,0.10467898
0.0,0.10988095
0.0,0.08751872
0.0,0.14250894
0.0,0.07601769
1.0,0.064138696
1.0,0.10269093
0.0,0.06226334
0.0,0.07430147
0.0,0.07971319
0.0,0.113332674
0.0,0.0507318
0.0,0.10238676
0.0,0.08965231
0.0,0.10394007
0.0,0.13315727
0.0,0.06149096
0.0,0.09186423
0.0,0.10054416
1.0,0.1065231
0.0,0.068284534
0.0,0.12139938
1.0,0.11028618
0.0,0.07568947
0.0,0.13136223
0.0,0.065452166
1.0,0.031176385
0.0,0.11172431
0.0,0.04741934
0.0,0.08082962
0.0,0.072593115
0.0,0.0512498
1.0,0.046565585
0.0,0.062207267
0.0,0.10726643
0.0,0.07907149
0.0,0.14400977
0.0,0.12924108
0.0,0.086855784
0.0,0.056729574
0.0,0.124648735
0.0,0.0658444
0.0,0.069451
0.0,0.07293955
0.0,0.07950103
0.0,0.089111835
0.0,0.08979908
0.0,0.124261126
0.0,0.09982358
0.0,0.08403107
0.0,0.11998243
0.0,0.13666268
0.0,0.038840953
0.0,0.059163034
0.0,0.10339264
0.0,0.098081864
0.0,0.11173555
1.0,0.057115555
0.0,0.1136531
0.0,0.10250977
0.0,0.13777396
0.0,0.12884727
0.0,0.09992976
0.0,0.09391965
0.0,0.064077035
0.0,0.12044042
0.0,0.09294734
0.0,0.12317574
0.0,0.08241373
0.0,0.11819963
0.0,0.055380803
0.0,0.0298971
1.0,0.083147116
0.0,0.07539493
1.0,0.10197497
0.0,0.03411517
0.0,0.07102472
0.0,0.053171717
0.0,0.07822742
0.0,0.06415772
0.0,0.04927483
0.0,0.108375534
0.0,0.096349396
0.0,0.11618282
0.0,0.047094516
0.0,0.151406
0.0,0.11580803
0.0,0.09125095
0.0,0.07629302
0.0,0.06283264
0.0,0.120556004
0.0,0.05901843
0.0,0.077207364
0.0,0.099628896
0.0,0.06705298
0.0,0.07152456
0.0,0.06774178
0.0,0.100781955
0.0,0.039894164
0.0,0.06940965
0.0,0.046703584
1.0,0.09714344
0.0,0.14028068
0.0,0.10746315
0.0,0.12846287
1.0,0.10667348
0.0,0.0723247
0.0,0.1320343
0.0,0.09846574
0.0,0.09666207
0.0,0.07911458
0.0,0.07797358
0.0,0.07539002
0.0,0.05387789
0.0,0.03265958
0.0,0.16318727
0.0,0.04762297
0.0,0.0801485
0.0,0.097408
0.0,0.124862745
0.0,0.108331434
0.0,0.08294625
0.0,0.08592333
0.0,0.077780835
0.0,0.086410336
0.0,0.112345584
0.0,0.054310158
0.0,0.09595638
0.0,0.020476941
0.0,0.09295789
0.0,0.114361316
0.0,0.09030573
0.0,0.10515598
0.0,0.11647826
0.0,0.08840293
0.0,0.038210128
0.0,0.04387078
0.0,0.1010756
0.0,0.15055186
0.0,0.096441604
0.0,0.09544362
0.0,0.068337776
0.0,0.099028304
0.0,0.08569538
0.0,0.07170365
0.0,0.024277948
0.0,0.14625472
0.0,0.12712349
0.0,0.11521875
0.0,0.08720296
0.0,0.075603805
0.0,0.079555795
0.0,0.07362646
0.0,0.08045894
0.0,0.13122901
0.0,0.06989409
0.0,0.060174014
0.0,0.19309402
0.0,0.0665983
0.0,0.121415384
0.0,0.09407345
0.0,0.08168241
0.0,0.052636776
0.0,0.120135285
0.0,0.12729466
0.0,0.09573365
0.0,0.119089566
0.0,0.07952395
1.0,0.08700418
0.0,0.0847516
0.0,0.12922493
0.0,0.124179564
1.0,0.10299539
0.0,0.076040916
0.0,0.09391886
0.0,0.10101421
0.0,0.09030467
0.0,0.07496108
0.0,0.10878997
0.0,0.12483408
0.0,0.15433331
0.0,0.09338008
0.0,0.08922645
0.0,0.065716095
0.0,0.07528049
0.0,0.06662615
0.0,0.07424135
0.0,0.09843823
0.0,0.11124364
0.0,0.07812402
0.0,0.053250957
0.0,0.07999523
0.0,0.06780666
0.0,0.08377861
0.0,0.09559598
0.0,0.1023942
0.0,0.1228101
0.0,0.105554536
0.0,0.07027034
0.0,0.1213398
1.0,0.09093575
0.0,0.08377046
0.0,0.08126563
0.0,0.08106944
0.0,0.066913456
0.0,0.08181596
0.0,0.06311012
0.0,0.12496097
0.0,0.097190104
0.0,0.070447244
0.0,0.09827776
0.0,0.13459566
0.0,0.09014873
0.0,0.06097602
0.0,0.11567426
0.0,0.018732926
0.0,0.07981647
0.0,0.054164656
0.0,0.052155506
0.0,0.08589627
0.0,0.087573886
1.0,0.08891059
0.0,0.06803393
0.0,0.09656175
0.0,0.091625825
0.0,0.08210336
0.0,0.10002251
0.0,0.016286818
0.0,0.0879733
0.0,0.07922632
0.0,0.08649388
0.0,0.07891449
0.0,0.054898284
0.0,0.07452433
2.0,0.11200013
1.0,0.07306676
0.0,0.09422529
0.0,0.091530085
1.0,0.055152453
0.0,0.0840867
0.0,0.09889938
0.0,0.083898626
0.0,0.053500164
0.0,0.11576848
1.0,0.11211181
0.0,0.17035514
0.0,0.08204794
0.0,0.11744312
0.0,0.06384861
0.0,0.08128442
0.0,0.10455607
0.0,0.1652101
0.0,0.075863324
0.0,0.07320024
0.0,0.09399611
0.0,0.0434218
0.0,0.11976074
0.0,0.10882437
0.0,0.013482174
0.0,0.10720533
1.0,0.07065562
0.0,0.05192468
0.0,0.12472897
0.0,0.10067734
0.0,0.07008354
0.0,0.015034092
0.0,0.14239614
0.0,0.08465271
0.0,0.115082934
0.0,0.07297387
0.0,0.059799887
0.0,0.09030245
0.0,0.06508129
0.0,0.08861389
0.0,0.103963986
1.0,0.07081975
0.0,0.06620494
0.0,0.07537503
0.0,0.094852835
0.0,0.073748715
1.0,0.11118949
0.0,0.079251885
0.0,0.15949775
0.0,0.08334458
0.0,0.07417548
0.0,0.017471138
0.0,0.051807895
0.0,0.07865884
0.0,0.13022354
1.0,0.10011135
0.0,0.070397146
0.0,0.08817442
0.0,0.1111008
0.0,0.071210645
0.0,0.07145246
0.0,0.06242024
0.0,0.11245103
0.0,0.058941763
1.0,0.07210357
0.0,0.14170034
0.0,0.06537905
0.0,0.06700969
0.0,0.102411315
1.0,0.090256765
0.0,0.09289083
0.0,0.123781726
0.0,0.05461011
0.0,0.06460393
0.0,0.048812576
0.0,0.08035245
0.0,0.06595196
0.0,0.15858784
0.0,0.09142562
0.0,0.11594296
0.0,0.07440522
0.0,0.083354235
0.0,0.05451101
0.0,0.10041168
0.0,0.08354894
0.0,0.10842528
0.0,0.05850946
0.0,0.064677596
0.0,0.15642
0.0,0.091449164
0.0,0.08269299
0.0,0.11298901
0.0,0.12039389
0.0,0.079362854
0.0,0.13809384
0.0,0.07441965
0.0,0.08677197
1.0,0.0940504
0.0,0.13595529
0.0,0.12080667
1.0,0.06266383
0.0,0.12184053
0.0,0.06116465
0.0,0.13098945
0.0,0.1059274
0.0,0.104726665
0.0,0.080366455
0.0,0.08384775
0.0,0.1368362
0.0,0.067910105
0.0,0.08567068
0.0,0.08340532
0.0,0.10588342
0.0,0.045220196
0.0,0.08044399
0.0,0.0715885
0.0,0.10857387
0.0,0.09980166
0.0,0.10346086
0.0,0.11862574
0.0,0.066886544
0.0,0.053492155
0.0,0.07247569
0.0,0.076911055
0.0,0.078694314
0.0,0.05611423
0.0,0.07656057
0.0,0.09951224
0.0,0.058813896
0.0,0.06428197
0.0,0.077608086
0.0,0.11143354
1.0,0.0541869
0.0,0.102889955
0.0,0.072836466
0.0,0.06496967
0.0,0.106004305
0.0,0.106823556
0.0,0.11025548
0.0,0.080403805
0.0,0.14623813
0.0,0.06728716
0.0,0.08437605
0.0,0.11553859
0.0,0.057941623
0.0,0.053296402
0.0,0.068646096
0.0,0.15104301
0.0,0.11326082
0.0,0.06858007
0.0,0.037826892
0.0,0.03316156
0.0,0.13181162
0.0,0.101490624
0.0,0.08841794
0.0,0.113616854
0.0,0.11254759
0.0,0.06286261
0.0,0.09295809
0.0,0.09496251
0.0,0.08293158
0.0,0.07467808
0.0,0.030214753
0.0,0.07146268
0.0,0.08541922
0.0,0.05833514
0.0,0.09569086
0.0,0.045199662
0.0,0.1115375
0.0,0.044580303
0.0,0.08038048
0.0,0.10896438
0.0,0.09041317
0.0,0.06871344
0.0,0.106523454
0.0,0.07151566
0.0,0.09957547
0.0,0.059178423
0.0,0.06878743
0.0,0.11827535
0.0,0.049048144
0.0,0.079280704
0.0,0.09031221
0.0,0.06967281
0.0,0.10507588
0.0,0.091907434
0.0,0.08701606
0.0,0.06429986
0.0,0.14387415
0.0,0.07987935
0.0,0.091496855
0.0,0.06502957
0.0,0.11804491
0.0,0.09420819
0.0,0.04618019
0.0,0.029877946
0.0,0.08796002
0.0,0.07261091
0.0,0.09001841
1.0,0.07959214
0.0,0.0833201
1.0,0.07838439
0.0,0.15761138
0.0,0.1603523
0.0,0.05983409
0.0,0.11503968
0.0,0.12170465
0.0,0.059715204
0.0,0.057930004
0.0,0.11616908
1.0,0.06722771
0.0,0.13572785
0.0,0.0973663
0.0,0.076809295
0.0,0.104988664
0.0,0.098574124
0.0,0.06423829
0.0,0.07632834
0.0,0.07661842
0.0,0.09241659
0.0,0.06302931
0.0,0.06519485
0.0,0.1025755
0.0,0.108745836
0.0,0.066894665
0.0,0.10850796
0.0,0.09751754
0.0,0.064603224
1.0,0.07499131
0.0,0.09728325
0.0,0.08759936
0.0,0.10023445
0.0,0.13056804
0.0,0.1201366
0.0,0.02510655
0.0,0.076594345
0.0,0.11161249
0.0,0.12439457
0.0,0.04238349
0.0,0.117355876
0.0,0.071918264
0.0,0.04564039
0.0,0.0695751
0.0,0.04122313
0.0,0.08913007
0.0,0.039263546
1.0,0.05240391
0.0,0.1017081
0.0,0.07351206
0.0,0.07916579
0.0,0.12295612
0.0,0.11428208
0.0,0.098194666
0.0,0.09327378
0.0,0.09736741
1.0,0.08135304
0.0,0.09092051
0.0,0.114293985
0.0,0.078752086
0.0,0.10022465
0.0,0.08735074
0.0,0.021712547
0.0,0.037136897
0.0,0.08913089
0.0,0.085082635
0.0,0.07490393
0.0,0.100037575
0.0,0.093805045
0.0,0.14031179
1.0,0.08070414
0.0,0.059946477
0.0,0.050503217
0.0,0.05740154
0.0,0.114778124
0.0,0.110278875
0.0,0.11323696
0.0,0.10731493
0.0,0.07342015
0.0,0.08928539
0.0,0.10745582
0.0,0.12091257
0.0,0.078298174
0.0,0.073426634
0.0,0.048355583
0.0,0.11331792
0.0,0.10995949
0.0,0.11128858
0.0,0.066618554
1.0,0.1191164
0.0,0.095356055
0.0,0.07300925
0.0,0.06949811
0.0,0.07771765
0.0,0.07355696
0.0,0.12985127
1.0,0.09599148
0.0,0.07117318
0.0,0.10090298
0.0,0.101277545
0.0,0.043938715
0.0,0.06415228
0.0,0.087871104
0.0,0.09319873
0.0,0.063045725
0.0,0.08737576
0.0,0.06040685
0.0,0.09332277
0.0,0.07422726
0.0,0.0795781
0.0,0.09009455
0.0,0.14301606
0.0,0.071498066
0.0,0.116255306
0.0,0.07954904
0.0,0.10270865
0.0,0.07777822
0.0,0.05307332
0.0,0.09604468
1.0,0.06670167
0.0,0.07888329
0.0,0.095434815
0.0,0.0791649
0.0,0.10656953
0.0,0.09878632
0.0,0.030100144
0.0,0.070808135
0.0,0.07988442
0.0,0.098697394
0.0,0.084060244
0.0,0.08957668
0.0,0.110572875
0.0,0.12757069
0.0,0.08180265
0.0,0.08257757
0.0,0.09502464
0.0,0.04758637
0.0,0.06014302
2.0,0.06983079
0.0,0.036496576
0.0,0.078494415
0.0,0.07754028
0.0,0.061517823
0.0,0.05183891
0.0,0.04748849
0.0,0.16245009
0.0,0.1038684
0.0,0.09458832
0.0,0.08490739
0.0,0.05897612
0.0,0.09229173
1.0,0.08346974
0.0,0.03313817
0.0,0.07871103
0.0,0.09726259
0.0,0.10384852
0.0,0.022387553
1.0,0.09896116
0.0,0.068415225
0.0,0.13398328
0.0,0.08235946
0.0,0.12520094
0.0,0.1418891
0.0,0.07135703
0.0,0.13048415
0.0,0.08115027
0.0,0.111658
0.0,0.074392304
0.0,0.09478942
0.0,0.08740707
0.0,0.13707468
0.0,0.12144428
0.0,0.0944411
0.0,0.12701127
0.0,0.055343527
0.0,0.10321319
0.0,0.08088562
0.0,0.11161818
0.0,0.07539541
0.0,0.07773421
0.0,0.11660991
0.0,0.10729769
0.0,0.081857026
0.0,0.031845298
0.0,0.13013032
0.0,0.121518426
0.0,0.11943638
0.0,0.06462467
0.0,0.10013811
0.0,0.07937497
2.0,0.066684976
0.0,0.03768801
0.0,0.08431317
0.0,0.089682
0.0,0.07370771
0.0,0.08546327
0.0,0.08907594
0.0,0.086461216
0.0,0.08136012
0.0,0.1252666
0.0,0.08954744
0.0,0.06999855
0.0,0.07753847
0.0,0.11114115
1.0,0.07970338
0.0,0.085231416
0.0,0.03716962
0.0,0.050274286
0.0,0.06791048
0.0,0.12780696
0.0,0.018847527
0.0,0.07372655
0.0,0.024650682
0.0,0.063447386
0.0,0.13332954
1.0,0.082376175
0.0,0.07024963
0.0,0.08258212
0.0,0.06636209
0.0,0.072755605
0.0,0.08051445
0.0,0.109429546
0.0,0.053711772
0.0,0.0692508
0.0,0.09899141
0.0,0.085446924
0.0,0.09255101
0.0,0.095512845
0.0,0.08061806
0.0,0.11685324
0.0,0.100756295
0.0,0.04610327
0.0,0.07684646
0.0,0.065893084
0.0,0.091118224
0.0,0.078230366
0.0,0.055313636
0.0,0.09763086
0.0,0.0895544
0.0,0.09795826
0.0,0.11558127
0.0,0.06940746
0.0,0.02506899
0.0,0.12058087
0.0,0.14507052
0.0,0.106609985
0.0,0.09646046
0.0,0.07223421
0.0,0.07201387
0.0,0.024847806
0.0,0.09855607
0.0,0.10528239
0.0,0.08110296
0.0,0.10022567
0.0,0.116097756
0.0,0.10529022
0.0,0.080283895
0.0,0.115573086
0.0,0.1155641
0.0,0.14094338
0.0,0.0431589
0.0,0.096041545
0.0,0.06827367
0.0,0.090915024
0.0,0.06512655
0.0,0.10036892
0.0,0.045925044
0.0,0.0700849
0.0,0.057804856
0.0,0.08265875
0.0,0.07824199
0.0,0.064076945
0.0,0.117376894
0.0,0.08742581
0.0,0.08923053
0.0,0.08957772
0.0,0.096554756
0.0,0.04472849
0.0,0.14302202
0.0,0.11041747
0.0,0.08832787
0.0,0.11745183
0.0,0.051432956
0.0,0.0458969
0.0,0.092128135
0.0,0.11551204
0.0,0.07939723
0.0,0.11830965
1.0,0.09458248
0.0,0.05406106
0.0,0.114532866
0.0,0.068920024
0.0,0.09587371
0.0,0.086122744
0.0,0.06273602
1.0,0.10377891
0.0,0.074779555
0.0,0.08529744
0.0,0.07247393
0.0,0.11502325
0.0,0.05580368
0.0,0.06366549
0.0,0.092075616
0.0,0.12223691
0.0,0.08647472
0.0,0.0914523
0.0,0.062489897
0.0,0.100487076
0.0,0.0615905
1.0,0.12351711
0.0,0.14205575
1.0,0.07053213
0.0,0.10346499
0.0,0.10352063
0.0,0.08746198
0.0,0.073065445
0.0,0.07132229
0.0,0.09299666
0.0,0.09941314
0.0,0.06796172
0.0,0.10492733
0.0,0.04555466
0.0,0.10965358
0.0,0.07150981
0.0,0.084155254
1.0,0.068013966
0.0,0.12744741
0.0,0.105728276
0.0,0.0991778
0.0,0.114220954
0.0,0.06996892
0.0,0.0897564
0.0,0.08309563
0.0,0.13183758
0.0,0.08019872
0.0,0.14083081
1.0,0.061020058
0.0,0.0732512
0.0,0.013449516
0.0,0.076291114
0.0,0.062396508
0.0,0.0968114
0.0,0.0945843
0.0,0.12257302
1.0,0.042936187
0.0,0.08303422
0.0,0.05620225
0.0,0.06353674
0.0,0.06592968
0.0,0.069878824
0.0,0.07090745
0.0,0.10302678
0.0,0.09381607
0.0,0.07561328
0.0,0.07707827
0.0,0.08374997
0.0,0.0468148
0.0,0.0461719
0.0,0.046461195
0.0,0.08742583
0.0,0.06559372
0.0,0.115484945
0.0,0.016757576
0.0,0.09128718
0.0,0.11193542
0.0,0.08079607
0.0,0.10503694
0.0,0.039329693
0.0,0.06852408
0.0,0.09525982
0.0,0.097378254
0.0,0.104709536
0.0,0.09517605
1.0,0.050676517
0.0,0.07193867
0.0,0.06484421
0.0,0.11199094
0.0,0.04428428
0.0,0.064451374
0.0,0.07984624
0.0,0.106258556
0.0,0.11861694
0.0,0.075851515
0.0,0.071047895
0.0,0.06034704
0.0,0.0836851
0.0,0.041749638
0.0,0.0826963
0.0,0.05935518
0.0,0.045158207
0.0,0.113179356
1.0,0.0948788
0.0,0.10975951
0.0,0.12310384
0.0,0.10669545
0.0,0.08405958
0.0,0.08261436
0.0,0.14366773
0.0,0.07888581
0.0,0.10264261
0.0,0.04324206
0.0,0.10457576
0.0,0.0778314
0.0,0.08605298
0.0,0.07263684
0.0,0.09092699
0.0,0.117309555
0.0,0.07171823
0.0,0.06187984
0.0,0.12084674
0.0,0.09359048
0.0,0.09765826
1.0,0.09319598
0.0,0.09304918
0.0,0.08826983
0.0,0.10430768
0.0,0.070726156
0.0,0.07742394
0.0,0.05236982
0.0,0.068535216
0.0,0.10697837
1.0,0.10806856
0.0,0.10098322
0.0,0.048108105
0.0,0.08754808
0.0,0.10634582
0.0,0.06285212
0.0,0.051752195
0.0,0.0624384
0.0,0.06972565
0.0,0.0787192
0.0,0.11696498
0.0,0.05941938
0.0,0.05145529
0.0,0.08914694
0.0,0.11738196
0.0,0.062293306
0.0,0.08651419
0.0,0.075258166
1.0,0.067800805
0.0,0.06135088
0.0,0.06777802
0.0,0.087841235
0.0,0.08191706
0.0,0.08219079
0.0,0.097782046
0.0,0.096892476
0.0,0.15394458
0.0,0.07444948
0.0,0.099984124
0.0,0.045957297
0.0,0.09036847
0.0,0.051939797
0.0,0.07239944
0.0,0.08352205
0.0,0.057590287
0.0,0.09070571
0.0,0.0650297
0.0,0.080479905
0.0,0.061265543
0.0,0.089274324
1.0,0.08497049
0.0,0.08388919
0.0,0.100287825
0.0,0.065647334
0.0,0.074919775
0.0,0.12873611
0.0,0.07998665
0.0,0.065403715
0.0,0.15337853
1.0,0.075927995
0.0,0.06823856
0.0,0.13353288
0.0,0.091567785
0.0,0.1089106
0.0,0.06482772
1.0,0.0711457
0.0,0.0668847
0.0,0.09374971
0.0,0.07886129
0.0,0.0907006
0.0,0.09200263
1.0,0.083906926
0.0,0.106797814
0.0,0.08531241
0.0,0.034940645
0.0,0.07829698
0.0,0.04587371
1.0,0.11149416
0.0,0.14953494
0.0,0.094239324
0.0,0.093380384
0.0,0.13076259
0.0,0.08539072
0.0,0.08773139
0.0,0.12169981
0.0,0.11018048
0.0,0.07061547
0.0,0.11312658
0.0,0.09850613
1.0,0.10477042
0.0,0.13501441
0.0,0.14385119
0.0,0.15519117
0.0,0.08079852
0.0,0.043262705
0.0,0.09075838
0.0,0.094433405
0.0,0.043323193
0.0,0.14256978
0.0,0.08553429
0.0,0.11261228
0.0,0.09416056
0.0,0.0737825
0.0,0.07824068
0.0,0.08807678
0.0,0.035696566
0.0,0.11896241
0.0,0.10728093
0.0,0.09733174
0.0,0.09983131
0.0,0.10607618
0.0,0.015761431
0.0,0.08224466
0.0,0.10860634
0.0,0.10280891
0.0,0.088542044
0.0,0.048037227
0.0,0.09995159
0.0,0.08858842
0.0,0.064919844
0.0,0.053459413
0.0,0.12390334
0.0,0.07699976
0.0,0.06420023
0.0,0.06981052
0.0,0.09320587
0.0,0.16307132
0.0,0.08918132
0.0,0.06297349
0.0,0.048864473
0.0,0.077450335
0.0,0.08161746
0.0,0.040539727
0.0,0.10695422
0.0,0.07837608
0.0,0.068586804
0.0,0.07637006
0.0,0.07597177
0.0,0.09512079
0.0,0.11215904
0.0,0.09157333
0.0,0.09093488
0.0,0.10544884
0.0,0.09775978
0.0,0.13124365
0.0,0.10263855
0.0,0.07417692
0.0,0.083705574
0.0,0.08891398
0.0,0.080854945
0.0,0.10250322
0.0,0.092948645
0.0,0.085041225
0.0,0.1468188
0.0,0.11880311
0.0,0.11451719
0.0,0.090253085
0.0,0.10157753
0.0,0.08608733
0.0,0.06560445
0.0,0.04435639
0.0,0.07620393
0.0,0.066332474
0.0,0.070577905
0.0,0.06941018
0.0,0.060379665
0.0,0.12965207
0.0,0.10837445
0.0,0.114634655
0.0,0.09582065
0.0,0.07762615
0.0,0.08817843
0.0,0.056814738
0.0,0.0580818
0.0,0.1102334
0.0,0.06160533
0.0,0.092271745
0.0,0.07645831
0.0,0.057473242
0.0,0.08563472
0.0,0.0817308
0.0,0.13025992
1.0,0.10417867
0.0,0.09279512
0.0,0.070184775
0.0,0.074384555
0.0,0.050522473
0.0,0.07009282
0.0,0.12173379
0.0,0.08313376
1.0,0.059064798
1.0,0.107005686
0.0,0.082115695
0.0,0.11349572
0.0,0.0964242
0.0,0.061480846
0.0,0.066467926
0.0,0.13806993
1.0,0.07022151
0.0,0.039253477
0.0,0.034689795
0.0,0.092540905
0.0,0.077041045
0.0,0.13145782
0.0,0.07427096
0.0,0.07341361
0.0,0.1432843
0.0,0.12299843
0.0,0.06578506
1.0,0.09052941
0.0,0.1011841
0.0,0.09549411
0.0,0.09035748
0.0,0.033692434
0.0,0.07589616
0.0,0.05106309
0.0,0.068970636
0.0,0.067923546
0.0,0.094989955
0.0,0.092111096
0.0,0.044569656
0.0,0.040107965
0.0,0.111981064
0.0,0.07252186
0.0,0.07689017
0.0,0.05116958
0.0,0.08600703
0.0,0.071859576
0.0,0.012766218
0.0,0.06279161
0.0,0.10728674
0.0,0.084172755
0.0,0.020880206
0.0,0.07176118
0.0,0.0506912
0.0,0.07294659
0.0,0.046248835
0.0,0.052125186
0.0,0.0923182
0.0,0.0740652
0.0,0.05912369
1.0,0.037500367
0.0,0.11900357
0.0,0.1171446
0.0,0.04435899
0.0,0.09290695
1.0,0.075641975
1.0,0.068140015
0.0,0.06098073
0.0,0.1032379
0.0,0.0673452
0.0,0.104895815
0.0,0.06684823
0.0,0.07614663
0.0,0.0670625
1.0,0.08188431
0.0,0.07502242
0.0,0.11900967
0.0,0.12436676
0.0,0.09076013
0.0,0.12372912
0.0,0.118148014
0.0,0.07637957
0.0,0.08154698
0.0,0.05372426
0.0,0.071542606
0.0,0.10683054
0.0,0.087382026
0.0,0.11321546
0.0,0.047249302
0.0,0.11181358
0.0,0.0955182
0.0,0.08888155
0.0,0.03825679
0.0,0.11382791
0.0,0.14567713
0.0,0.062396538
0.0,0.0938293
0.0,0.0731691
0.0,0.0658656
0.0,0.048947364
0.0,0.036635976
0.0,0.1246795
0.0,0.10773528
0.0,0.09928673
0.0,0.12923096
0.0,0.1042675
0.0,0.039024185
0.0,0.08623569
0.0,0.079241134
0.0,0.084429055
0.0,0.12643535
0.0,0.09155384
0.0,0.071752064
0.0,0.102442674
0.0,0.08555952
0.0,0.11761024
0.0,0.10526517
0.0,0.015573601
0.0,0.07264576
0.0,0.048859756
0.0,0.09343564
0.0,0.119948104
0.0,0.07939125
0.0,0.069058456
0.0,0.111282185
0.0,0.07392929
0.0,0.1203243
0.0,0.091349885
0.0,0.09174158
0.0,0.07624802
0.0,0.10323711
0.0,0.05474703
0.0,0.09682682
1.0,0.07617548
0.0,0.12815267
0.0,0.067069516
0.0,0.059739612
0.0,0.11051176
0.0,0.118768476
0.0,0.09068179
0.0,0.052161276
0.0,0.078399815
0.0,0.026597068
0.0,0.10349269
0.0,0.06471863
0.0,0.101915225
0.0,0.07069166
0.0,0.08807149
0.0,0.07641379
1.0,0.07384248
0.0,0.09255651
0.0,0.08802308
0.0,0.09454877
1.0,0.055060744
0.0,0.09198986
0.0,0.09184618
0.0,0.057545446
1.0,0.082048215
0.0,0.10528079
0.0,0.12642233
0.0,0.08168336
0.0,0.078205116
0.0,0.07851204
0.0,0.06253934
0.0,0.08046153
0.0,0.0398477
0.0,0.1320975
0.0,0.012652762
0.0,0.074682295
0.0,0.09221208
0.0,0.044921115
0.0,0.10959741
0.0,0.11622241
0.0,0.06346819
0.0,0.10858236
0.0,0.081960626
0.0,0.1443442
0.0,0.120429575
0.0,0.05136286
0.0,0.04577028
1.0,0.082462445
0.0,0.062513694
0.0,0.07484402
0.0,0.13026296
0.0,0.07707915
0.0,0.10625843
0.0,0.10303066
0.0,0.116423704
0.0,0.10874366
0.0,0.09990568
0.0,0.08331593
0.0,0.106245995
0.0,0.09996338
0.0,0.1075052
0.0,0.08514138
0.0,0.07799264
0.0,0.08456161
0.0,0.08889679
0.0,0.044459663
0.0,0.11859237
0.0,0.09528312
0.0,0.058386445
0.0,0.12238423
0.0,0.13752013
0.0,0.07173031
0.0,0.10085122
0.0,0.109624036
0.0,0.07456762
0.0,0.07590528
0.0,0.01949512
0.0,0.06512932
0.0,0.060085345
0.0,0.14611845
0.0,0.08207627
0.0,0.09810244
0.0,0.081360735
0.0,0.09107438
0.0,0.13767952
0.0,0.13828708
1.0,0.059669007
0.0,0.10804278
0.0,0.08634203
0.0,0.07463493
0.0,0.06169389
0.0,0.04458885
0.0,0.12915002
0.0,0.08530711
0.0,0.08831942
0.0,0.04410175
0.0,0.0771081
0.0,0.05576237
0.0,0.097835116
0.0,0.03179275
0.0,0.108147666
0.0,0.10156172
0.0,0.1097358
0.0,0.07159125
0.0,0.10714024
0.0,0.14000969
0.0,0.08186727
0.0,0.056618746
0.0,0.083711565
0.0,0.11513404
0.0,0.05237176
1.0,0.058329135
0.0,0.056882374
0.0,0.10849109
0.0,0.087900184
1.0,0.07495156
0.0,0.06799913
0.0,0.07643272
0.0,0.04115605
0.0,0.09878042
0.0,0.054524336
0.0,0.088698834
0.0,0.07051128
0.0,0.10245276
0.0,0.047779497
0.0,0.037790556
1.0,0.06258747
0.0,0.03196062
0.0,0.0968198
0.0,0.081983805
0.0,0.022671463
0.0,0.08787441
0.0,0.062183097
0.0,0.12329944
0.0,0.04257597
0.0,0.074854404
0.0,0.106560715
0.0,0.13853475
0.0,0.070923835
0.0,0.071337566
0.0,0.123912916
0.0,0.12453996
0.0,0.073729485
0.0,0.17131916
0.0,0.08619677
0.0,0.0476988
0.0,0.10232614
0.0,0.05196597
0.0,0.08286868
0.0,0.06737239
0.0,0.14012608
0.0,0.11766518
0.0,0.0752941
2.0,0.0615666
0.0,0.05778624
0.0,0.08848946
0.0,0.12839982
0.0,0.05703228
0.0,0.07926309
0.0,0.071419984
0.0,0.13286583
0.0,0.065656744
0.0,0.0713207
0.0,0.06525569
0.0,0.08860962
1.0,0.078871176
0.0,0.12976615
0.0,0.14190471
0.0,0.06710037
0.0,0.0974664
0.0,0.0804705
0.0,0.09153297
1.0,0.061050616
0.0,0.078252286
0.0,0.048007675
0.0,0.10723163
0.0,0.113543525
0.0,0.11936294
0.0,0.111934274
0.0,0.058765233
0.0,0.11906643
0.0,0.08992797
0.0,0.06897995
0.0,0.12956199
0.0,0.12520431
0.0,0.09924855
0.0,0.107328594
0.0,0.0895617
0.0,0.08765901
0.0,0.05926393
0.0,0.06665707
0.0,0.08296086
1.0,0.09470137
0.0,0.12119593
0.0,0.10807562
2.0,0.11044422
0.0,0.090886205
0.0,0.08377909
0.0,0.10646625
0.0,0.06745496
0.0,0.07582877
0.0,0.05957689
0.0,0.12985176
0.0,0.13421683
0.0,0.06377505
0.0,0.045457177
0.0,0.08762135
0.0,0.09091581
0.0,0.070044726
0.0,0.011910481
0.0,0.06522983
0.0,0.06984136
0.0,0.09176577
0.0,0.05201163
0.0,0.075452216
0.0,0.05262955
0.0,0.030682944
0.0,0.06962588
1.0,0.06696312
0.0,0.11097349
0.0,0.09972396
0.0,0.08751425
0.0,0.10095169
0.0,0.08034647
0.0,0.08758084
0.0,0.058765806
0.0,0.06939408
0.0,0.1071438
0.0,0.08097451
0.0,0.068154156
0.0,0.12636128
0.0,0.06419711
1.0,0.06911805
0.0,0.101060584
0.0,0.0592744
0.0,0.111271866
0.0,0.09661329
0.0,0.13308775
0.0,0.078927025
0.0,0.09472777
0.0,0.11297355
0.0,0.068399504
0.0,0.06504975
1.0,0.06473679
0.0,0.081835695
0.0,0.089680396
0.0,0.11476373
0.0,0.07014739
0.0,0.052307107
0.0,0.073315814
0.0,0.12003064
0.0,0.05763071
0.0,0.06206255
0.0,0.06930246
0.0,0.08200277
0.0,0.104083575
0.0,0.020520534
0.0,0.10997661
0.0,0.05757369
0.0,0.047764964
0.0,0.07694087
0.0,0.09601199
0.0,0.10929251
0.0,0.08226638
0.0,0.09664296
0.0,0.10727426
0.0,0.076646596
0.0,0.09103358
0.0,0.057139814
0.0,0.11335294
0.0,0.087782964
0.0,0.10627465
0.0,0.07406607
0.0,0.040865008
0.0,0.109163985
0.0,0.07490656
0.0,0.07068935
0.0,0.09094715
0.0,0.06404765
0.0,0.10782929
0.0,0.05887108
0.0,0.09033614
0.0,0.101032466
0.0,0.059837185
0.0,0.078222476
0.0,0.06823815
0.0,0.1098668
0.0,0.059387144
0.0,0.113657415
0.0,0.089111775
0.0,0.14389735
1.0,0.07933232
0.0,0.07965135
0.0,0.044129945
0.0,0.08000252
0.0,0.0697805
0.0,0.08105239
0.0,0.063934386
0.0,0.07414206
0.0,0.106010675
0.0,0.056697637
0.0,0.085855156
0.0,0.08776265
0.0,0.062151514
0.0,0.10766329
0.0,0.10553375
0.0,0.14393292
0.0,0.07830995
0.0,0.05774275
0.0,0.048976153
0.0,0.12096646
0.0,0.083688416
0.0,0.11717929
0.0,0.07129266
0.0,0.13297789
0.0,0.12370965
0.0,0.11092204
0.0,0.10225661
0.0,0.09643091
0.0,0.14107203
0.0,0.11560412
0.0,0.05922764
0.0,0.076393224
0.0,0.108905666
0.0,0.092145905
0.0,0.065454446
0.0,0.073484585
0.0,0.06479858
0.0,0.088295504
0.0,0.08569501
0.0,0.11724781
0.0,0.07769665
0.0,0.059544686
0.0,0.15956438
0.0,0.052344557
1.0,0.056468997
1.0,0.09328063
1.0,0.05002078
0.0,0.015146681
0.0,0.12385573
0.0,0.11520416
0.0,0.11084863
0.0,0.11976014
0.0,0.12804364
0.0,0.10703187
0.0,0.13685703
0.0,0.061599825
0.0,0.09179242
0.0,0.045874473
0.0,0.06849983
1.0,0.04883558
0.0,0.08992265
0.0,0.07621916
0.0,0.0710328
0.0,0.08995808
0.0,0.059581254
0.0,0.08565983
0.0,0.08935984
0.0,0.13736989
0.0,0.098714106
0.0,0.08276725
0.0,0.09409068
0.0,0.13350274
0.0,0.117907025
0.0,0.05382298
0.0,0.11722182
0.0,0.06747972
0.0,0.073978975
0.0,0.09385306
0.0,0.07621619
0.0,0.0839663
0.0,0.054127403
0.0,0.12947796
0.0,0.07375696
0.0,0.03649197
0.0,0.059534833
1.0,0.08868486
0.0,0.118136495
0.0,0.06350243
0.0,0.11411099
0.0,0.10267271
0.0,0.05028855
0.0,0.095257185
2.0,0.12615272
0.0,0.099731825
0.0,0.072423
0.0,0.121111065
1.0,0.10081185
0.0,0.08988825
1.0,0.10035781
0.0,0.11796889
1.0,0.085309446
0.0,0.04787131
0.0,0.09793446
0.0,0.08760235
0.0,0.08644572
0.0,0.111290805
0.0,0.06238077
0.0,0.048516005
0.0,0.095119566
0.0,0.07131005
0.0,0.11229821
0.0,0.10295414
0.0,0.15421239
0.0,0.14718601
0.0,0.07311134
0.0,0.09350769
0.0,0.109707735
0.0,0.119573206
0.0,0.097281694
0.0,0.08457939
0.0,0.046491835
0.0,0.09036738
0.0,0.06662448
0.0,0.07346484
0.0,0.11786439
0.0,0.10897278
0.0,0.08419597
0.0,0.11755804
0.0,0.08869945
0.0,0.10099849
0.0,0.08513531
0.0,0.13089943
0.0,0.1243265
0.0,0.07187603
1.0,0.08807665
0.0,0.0578127
0.0,0.05588383
0.0,0.08380916
0.0,0.11950594
0.0,0.10906162
0.0,0.08062781
0.0,0.06276894
0.0,0.112799786
0.0,0.111678876
0.0,0.12496392
0.0,0.112820335
0.0,0.07588556
0.0,0.07482214
0.0,0.08152808
0.0,0.119013384
0.0,0.05947064
0.0,0.10609816
0.0,0.08824801
0.0,0.12391764
0.0,0.0655304
0.0,0.068305634
0.0,0.06352435
0.0,0.054333717
0.0,0.053748142
0.0,0.08047597
0.0,0.10059164
0.0,0.0967871
0.0,0.092247
0.0,0.084143035
0.0,0.08980537
0.0,0.10949986
0.0,0.08678501
0.0,0.123328134
1.0,0.118311904
0.0,0.09211792
0.0,0.08885659
0.0,0.084230706
0.0,0.1018319
0.0,0.06601138
0.0,0.13667597
0.0,0.1407622
0.0,0.16033317
0.0,0.07477594
0.0,0.07931459
0.0,0.10943166
0.0,0.11529045
0.0,0.09750445
0.0,0.057448324
0.0,0.04971469
0.0,0.084407076
0.0,0.06730417
0.0,0.0839399
0.0,0.109749176
0.0,0.09444228
0.0,0.04518989
0.0,0.0960704
0.0,0.08487242
0.0,0.11957711
0.0,0.12121
0.0,0.037853993
0.0,0.051612597
0.0,0.12432519
0.0,0.09803618
0.0,0.09683319
0.0,0.07437384
0.0,0.058127653
0.0,0.066669285
0.0,0.06593932
0.0,0.01399784
0.0,0.06280697
0.0,0.09453813
0.0,0.0968434
0.0,0.0828657
0.0,0.10298773
0.0,0.0742076
0.0,0.068192706
0.0,0.06712586
1.0,0.074356414
0.0,0.094895944
0.0,0.094182834
0.0,0.13705628
0.0,0.07298949
0.0,0.13948604
0.0,0.104537174
0.0,0.09324005
0.0,0.071015105
1.0,0.089217424
0.0,0.13678448
0.0,0.13603573
0.0,0.12144338
0.0,0.10878946
0.0,0.09664149
0.0,0.12561807
0.0,0.05815291
0.0,0.10373197
0.0,0.108152434
0.0,0.09582986
0.0,0.093687035
0.0,0.07174986
0.0,0.067415565
0.0,0.080558345
0.0,0.09342499
0.0,0.082176834
0.0,0.06971619
0.0,0.09872889
0.0,0.116831146
0.0,0.106291346
0.0,0.09397074
0.0,0.10806588
0.0,0.111871846
0.0,0.088394836
0.0,0.07599761
0.0,0.09536358
0.0,0.08392705
0.0,0.071295604
0.0,0.08392611
0.0,0.07552997
0.0,0.016990451
0.0,0.08912169
0.0,0.13195191
0.0,0.019269833
0.0,0.0809219
0.0,0.0546102
0.0,0.09936947
0.0,0.048681233
0.0,0.11407935
0.0,0.039101653
0.0,0.04620528
0.0,0.06814333
0.0,0.09536533
0.0,0.0878228
0.0,0.055970754
0.0,0.108264714
0.0,0.044806354
0.0,0.07013083
0.0,0.1002583
1.0,0.08414338
1.0,0.07965261
0.0,0.08627735
0.0,0.08130859
0.0,0.09369021
0.0,0.1007951
0.0,0.081933156
0.0,0.05590791
0.0,0.09832522
0.0,0.09828812
0.0,0.05577525
0.0,0.060805585
0.0,0.10168889
0.0,0.11234832
0.0,0.10000393
0.0,0.066418156
1.0,0.086624324
0.0,0.1185808
0.0,0.10175561
0.0,0.08717454
0.0,0.074032575
0.0,0.0882255
0.0,0.13766678
0.0,0.1353056
1.0,0.051887058
0.0,0.04202523
0.0,0.067640044
0.0,0.08232839
0.0,0.10879566
0.0,0.13143688
1.0,0.06740651
0.0,0.06752611
0.0,0.09956488
0.0,0.06864398
0.0,0.0910144
0.0,0.07075481
0.0,0.10035559
0.0,0.07718979
0.0,0.069599405
0.0,0.09041543
0.0,0.06760662
0.0,0.047867656
0.0,0.09124583
0.0,0.11489947
0.0,0.06391649
0.0,0.07474665
0.0,0.083372325
0.0,0.13522549
0.0,0.09338691
0.0,0.08275701
0.0,0.0356481
0.0,0.10053958
0.0,0.017718112
0.0,0.06733839
0.0,0.05075222
0.0,0.07784039
0.0,0.045261227
0.0,0.016210647
0.0,0.11985891
0.0,0.06227087
0.0,0.03925612
0.0,0.084931485
0.0,0.07689002
0.0,0.11896763
0.0,0.09478958
0.0,0.06546997
0.0,0.07488479
0.0,0.09583634
0.0,0.09369579
0.0,0.10217928
0.0,0.07758239
0.0,0.082090795
0.0,0.12362915
0.0,0.08447629
0.0,0.12535994
0.0,0.12027373
0.0,0.13652879
0.0,0.09520163
0.0,0.07130366
0.0,0.11155611
0.0,0.112110764
0.0,0.10626814
0.0,0.09675385
0.0,0.10740568
0.0,0.03504474
0.0,0.055247564
0.0,0.1278586
0.0,0.014354984
0.0,0.08854297
0.0,0.01787144
0.0,0.08757157
0.0,0.08130427
0.0,0.06554794
0.0,0.085465714
0.0,0.03668356
0.0,0.081399344
0.0,0.05180335
0.0,0.042318948
0.0,0.10739638
0.0,0.05909122
0.0,0.06658992
0.0,0.08731946
0.0,0.121925354
0.0,0.09177102
0.0,0.07936848
0.0,0.090224855
0.0,0.05505547
0.0,0.088092424
1.0,0.08353186
0.0,0.08638636
0.0,0.091696635
0.0,0.060220443
0.0,0.07797009
0.0,0.0804546
0.0,0.103479415
0.0,0.12763457
0.0,0.044681042
0.0,0.10464819
0.0,0.05051516
0.0,0.056733765
0.0,0.048612457
0.0,0.066258505
0.0,0.10346037
0.0,0.109900594
0.0,0.06372087
0.0,0.12557447
0.0,0.079644136
0.0,0.066249505
0.0,0.09556692
1.0,0.11073251
0.0,0.051118724
0.0,0.11714669
0.0,0.0931803
0.0,0.14050207
0.0,0.12906663
0.0,0.099688634
0.0,0.14743711
0.0,0.06918977
0.0,0.09335214
0.0,0.06835182
0.0,0.071329
0.0,0.084230326
0.0,0.10751136
0.0,0.082712665
0.0,0.067702174
0.0,0.097495645
0.0,0.08948988
0.0,0.13184658
0.0,0.090464294
0.0,0.10397209
0.0,0.08973342
0.0,0.084359035
0.0,0.084119126
0.0,0.1032139
0.0,0.08120382
0.0,0.123994894
0.0,0.07715468
1.0,0.08293628
1.0,0.064208314
1.0,0.089510664
0.0,0.071293935
1.0,0.09793818
0.0,0.09837493
0.0,0.12799382
0.0,0.101577386
0.0,0.11439832
0.0,0.091036364
0.0,0.15317313
0.0,0.075894855
0.0,0.061757997
0.0,0.070961826
0.0,0.11705475
0.0,0.04106739
0.0,0.060031533
0.0,0.09423278
0.0,0.055868242
0.0,0.074122176
0.0,0.098033234
0.0,0.05758886
0.0,0.15033795
0.0,0.13768938
1.0,0.07771666
0.0,0.14627938
0.0,0.085953735
0.0,0.07870445
1.0,0.09942753
0.0,0.07187222
0.0,0.06544588
0.0,0.10719531
0.0,0.103859164
0.0,0.16614768
0.0,0.10329703
0.0,0.09419577
1.0,0.08334477
0.0,0.07717536
0.0,0.07864398
0.0,0.06952635
0.0,0.06322148
0.0,0.07709609
0.0,0.091073096
0.0,0.07358066
0.0,0.1174062
0.0,0.11357211
0.0,0.07671096
0.0,0.13051286
0.0,0.13866279
0.0,0.09571646
0.0,0.03939686
0.0,0.12311071
0.0,0.13810864
2.0,0.10972571
0.0,0.06817892
0.0,0.09562887
0.0,0.11782635
0.0,0.103993215
0.0,0.13278922
0.0,0.03862155
0.0,0.12203063
0.0,0.10950062
0.0,0.1196397
0.0,0.050416235
0.0,0.11578479
0.0,0.023907868
0.0,0.06800915
0.0,0.06773466
0.0,0.09242615
0.0,0.09529546
0.0,0.10205759
0.0,0.023306116
0.0,0.14530048
1.0,0.09405502
0.0,0.09215648
0.0,0.08930932
0.0,0.08472352
0.0,0.08545699
0.0,0.11630424
0.0,0.07035216
0.0,0.08063913
0.0,0.10889071
0.0,0.103533566
0.0,0.10012568
1.0,0.10162627
0.0,0.123923525
1.0,0.053759255
0.0,0.06937173
0.0,0.07704953
0.0,0.10750034
1.0,0.09769906
0.0,0.13566308
0.0,0.07257798
0.0,0.10851034
0.0,0.10282771
0.0,0.041504916
0.0,0.11302207
0.0,0.051516827
0.0,0.104403645
0.0,0.10547856
0.0,0.11096278
0.0,0.014843649
0.0,0.14115638
0.0,0.0521818
0.0,0.06603592
0.0,0.02679194
0.0,0.06723261
0.0,0.050454088
0.0,0.09473305
0.0,0.041208852
0.0,0.05653118
0.0,0.10209997
0.0,0.14217412
0.0,0.11442833
0.0,0.055335414
0.0,0.09302061
0.0,0.087518096
0.0,0.058879446
0.0,0.08253628
0.0,0.08975302
0.0,0.12004229
0.0,0.06913288
0.0,0.06244239
0.0,0.099042594
0.0,0.120589204
0.0,0.06407914
0.0,0.06693951
0.0,0.05480031
0.0,0.10471188
0.0,0.1271635
1.0,0.04505404
0.0,0.05256746
0.0,0.06529039
0.0,0.077532366
0.0,0.1292225
0.0,0.018639205
0.0,0.086759
0.0,0.061010573
0.0,0.09623659
1.0,0.05797252
0.0,0.09056857
0.0,0.14071395
0.0,0.11157061
0.0,0.06454367
0.0,0.08994004
0.0,0.05956397
0.0,0.07032712
0.0,0.14620368
1.0,0.12648124
0.0,0.08503879
0.0,0.12893684
0.0,0.09323259
0.0,0.082535535
0.0,0.12571071
0.0,0.058082145
0.0,0.10696232
0.0,0.08975178
0.0,0.08994971
0.0,0.054447353
0.0,0.12552625
1.0,0.09733353
0.0,0.07676025
0.0,0.055681966
1.0,0.052245185
0.0,0.06389708
0.0,0.019273913
0.0,0.012162821
0.0,0.057098225
0.0,0.061165188
0.0,0.084998414
0.0,0.082480215
0.0,0.10702582
0.0,0.037624177
1.0,0.07271291
0.0,0.114360854
0.0,0.1290996
1.0,0.12271796
0.0,0.1054932
0.0,0.09064241
0.0,0.07935661
1.0,0.03503584
0.0,0.084758915
0.0,0.06577414
0.0,0.08444715
0.0,0.07447199
0.0,0.051633634
0.0,0.088577345
0.0,0.065373845
0.0,0.10755712
0.0,0.07231065
0.0,0.046977416
0.0,0.041690554
0.0,0.13285351
0.0,0.07560759
0.0,0.076043926
0.0,0.091677025
0.0,0.08266957
0.0,0.056670688
0.0,0.12307749
0.0,0.09827774
0.0,0.018806277
0.0,0.102336556
0.0,0.12762819
0.0,0.06693877
0.0,0.080650784
0.0,0.053592235
0.0,0.081046246
0.0,0.11051805
0.0,0.108033195
0.0,0.083298154
0.0,0.06737745
0.0,0.09684264
0.0,0.05889521
0.0,0.040425986
0.0,0.11121182
0.0,0.017615993
0.0,0.026676547
0.0,0.1286498
0.0,0.11318502
1.0,0.048128422
0.0,0.049458086
0.0,0.074209705
0.0,0.09469417
0.0,0.06580256
0.0,0.07893734
0.0,0.06641814
0.0,0.06310131
0.0,0.062367402
1.0,0.07414733
1.0,0.09226477
0.0,0.04383403
0.0,0.023010332
0.0,0.090140015
0.0,0.09309392
0.0,0.08099623
0.0,0.11535357
0.0,0.09172064
0.0,0.09364775
0.0,0.059884496
0.0,0.042840794
0.0,0.06079151
0.0,0.049477994
0.0,0.08478905
0.0,0.09200385
0.0,0.07398321
1.0,0.07759932
1.0,0.12830691
0.0,0.15276602
0.0,0.07849892
0.0,0.085415415
0.0,0.055908814
0.0,0.05433894
0.0,0.082124695
0.0,0.08493519
0.0,0.08279713
0.0,0.036267873
0.0,0.06734944
0.0,0.07996225
0.0,0.08685033
0.0,0.11801899
0.0,0.06620501
0.0,0.04683155
0.0,0.07433928
0.0,0.0757746
0.0,0.090248756
0.0,0.112869516
1.0,0.055305198
0.0,0.062190644
0.0,0.057476394
0.0,0.06880287
0.0,0.118728
0.0,0.13322125
0.0,0.08074435
0.0,0.12288051
0.0,0.12393106
0.0,0.09464444
0.0,0.11291422
0.0,0.054065105
0.0,0.094574004
0.0,0.13971367
0.0,0.06427846
0.0,0.12600695
0.0,0.08991425
0.0,0.13040437
0.0,0.09713138
0.0,0.064517274
0.0,0.0751324
0.0,0.06628907
1.0,0.07878852
0.0,0.11644389
1.0,0.10492921
0.0,0.074887894
0.0,0.09904852
0.0,0.06122825
0.0,0.1301011
0.0,0.06544672
0.0,0.059555717
0.0,0.106947914
0.0,0.06089793
0.0,0.098854974
0.0,0.060244538
0.0,0.11572509
0.0,0.09761272
0.0,0.12053905
0.0,0.10167493
0.0,0.05676908
0.0,0.05378401
0.0,0.10927887
0.0,0.10900838
0.0,0.11601035
0.0,0.081363045
0.0,0.13386947
0.0,0.091521665
0.0,0.13655561
0.0,0.043952912
0.0,0.04512485
0.0,0.12589227
0.0,0.12781294
0.0,0.07897603
0.0,0.043439757
0.0,0.08043439
0.0,0.060892805
0.0,0.10630041
0.0,0.0641087
0.0,0.096059754
0.0,0.07286714
0.0,0.07344409
0.0,0.03920828
0.0,0.082803726
0.0,0.08776621
0.0,0.053209875
0.0,0.09600196
0.0,0.12107145
0.0,0.079468325
0.0,0.07629192
0.0,0.07261579
0.0,0.101799704
0.0,0.07301801
0.0,0.104776084
1.0,0.08944254
0.0,0.10600962
0.0,0.09722994
0.0,0.06706861
0.0,0.06566782
0.0,0.09530662
0.0,0.07531715
0.0,0.056941234
0.0,0.09105631
0.0,0.11212359
0.0,0.055357464
0.0,0.0754188
0.0,0.09761431
0.0,0.11791097
1.0,0.14409642
0.0,0.10162653
1.0,0.08442718
0.0,0.10443397
0.0,0.06801582
0.0,0.06496163
0.0,0.08577448
0.0,0.074257664
0.0,0.010817451
0.0,0.07340239
0.0,0.08828534
0.0,0.075082265
0.0,0.06489188
0.0,0.082947806
0.0,0.081646875
0.0,0.044707544
0.0,0.044205017
0.0,0.069710456
1.0,0.09972779
0.0,0.06305446
0.0,0.10517807
0.0,0.0751357
0.0,0.0863614
0.0,0.07800466
0.0,0.08624095
0.0,0.06942635
0.0,0.0871767
0.0,0.074154966
0.0,0.026335713
0.0,0.041599445
0.0,0.07126528
0.0,0.06478186
0.0,0.018228529
0.0,0.11065096
0.0,0.0750646
0.0,0.08800016
0.0,0.14880589
0.0,0.10892764
0.0,0.10118161
0.0,0.09047477
0.0,0.092555866
0.0,0.09129806
0.0,0.12472169
0.0,0.063909754
0.0,0.060129255
0.0,0.08969565
0.0,0.07362396
0.0,0.08573523
0.0,0.025666496
0.0,0.06878492
0.0,0.090242796
0.0,0.108595096
0.0,0.09673513
0.0,0.09850472
0.0,0.061592247
0.0,0.10303373
0.0,0.1168185
0.0,0.1151392
0.0,0.07070648
0.0,0.081799455
0.0,0.087712154
0.0,0.06564699
0.0,0.03625282
0.0,0.06708709
1.0,0.08443644
0.0,0.017388178
0.0,0.10110985
0.0,0.113473594
0.0,0.08680096
0.0,0.06832968
0.0,0.09793666
0.0,0.115030654
0.0,0.075325504
0.0,0.09053847
0.0,0.012542402
0.0,0.054777738
0.0,0.052551057
0.0,0.09237884
0.0,0.07470219
0.0,0.107316546
0.0,0.07368402
0.0,0.07673017
0.0,0.078308314
0.0,0.10601808
0.0,0.12009273
0.0,0.05526398
0.0,0.06396174
0.0,0.118986405
0.0,0.103694655
0.0,0.0852467
0.0,0.06410182
0.0,0.15182783
0.0,0.07900646
0.0,0.052283444
1.0,0.05633987
0.0,0.08969652
0.0,0.05367044
0.0,0.14470954
0.0,0.067639515
2.0,0.02259082
0.0,0.09190141
0.0,0.13628712
0.0,0.14516106
1.0,0.0795696
0.0,0.073906586
0.0,0.07314349
0.0,0.064888865
0.0,0.04216765
0.0,0.09897178
0.0,0.12127385
0.0,0.07478049
0.0,0.0919992
0.0,0.09658404
0.0,0.053716578
0.0,0.035945047
0.0,0.14443885
0.0,0.058967344
0.0,0.10446527
0.0,0.09479521
1.0,0.08787898
0.0,0.063704625
0.0,0.11079573
0.0,0.09098466
0.0,0.12422336
0.0,0.080602646
0.0,0.09070672
0.0,0.056034938
0.0,0.059667356
0.0,0.07518168
0.0,0.020431686
0.0,0.081689626
0.0,0.068493746
0.0,0.0890017
0.0,0.04154723
1.0,0.11704025
0.0,0.113705546
0.0,0.1167237
0.0,0.08522093
0.0,0.07037026
0.0,0.13907701
0.0,0.07402686
0.0,0.120019935
0.0,0.06315245
0.0,0.078118
0.0,0.06429154
0.0,0.09456219
0.0,0.0662118
0.0,0.09240046
0.0,0.05429382
0.0,0.09615432
0.0,0.0968277
0.0,0.062586814
0.0,0.087840185
0.0,0.08036879
0.0,0.08853149
0.0,0.057678174
0.0,0.107200086
0.0,0.09435767
0.0,0.08972961
0.0,0.060700368
0.0,0.035583604
0.0,0.13493946
0.0,0.097345084
1.0,0.051803436
1.0,0.07628075
0.0,0.06816876
0.0,0.07662898
0.0,0.042344317
0.0,0.05136819
0.0,0.09936677
0.0,0.11083478
0.0,0.065058924
0.0,0.15095384
0.0,0.07959171
0.0,0.12448118
0.0,0.160028
0.0,0.1053896
0.0,0.11722595
0.0,0.04119188
0.0,0.08834354
0.0,0.07730456
0.0,0.060225025
0.0,0.099984646
0.0,0.10048756
0.0,0.08242062
0.0,0.033927716
0.0,0.07475221
0.0,0.09403948
0.0,0.033217907
0.0,0.118726745
0.0,0.076474905
1.0,0.085338496
0.0,0.11326079
0.0,0.06645264
0.0,0.018082809
0.0,0.068123154
0.0,0.048113864
0.0,0.074176416
0.0,0.07920438
0.0,0.118417904
1.0,0.09247738
0.0,0.12887277
0.0,0.063800886
0.0,0.09342735
0.0,0.14283252
0.0,0.0806946
0.0,0.123512454
0.0,0.11846537
0.0,0.11248536
0.0,0.021563949
0.0,0.10878985
0.0,0.06685969
0.0,0.06216796
0.0,0.1237123
1.0,0.057339303
0.0,0.034568056
0.0,0.06876695
0.0,0.08739111
0.0,0.0940765
0.0,0.10834174
0.0,0.09208233
0.0,0.07809826
0.0,0.11286761
0.0,0.13399522
0.0,0.1118034
0.0,0.106985636
0.0,0.055569276
0.0,0.04752825
0.0,0.09225738
0.0,0.09231545
0.0,0.079970874
0.0,0.10877167
0.0,0.08892943
0.0,0.13020238
0.0,0.056231495
0.0,0.093689136
0.0,0.08505986
1.0,0.031107794
0.0,0.120355174
0.0,0.10566588
0.0,0.07915324
0.0,0.110913366
0.0,0.0495426
0.0,0.11837034
0.0,0.09786843
0.0,0.11614959
0.0,0.068378046
0.0,0.14009893
0.0,0.09400036
0.0,0.06868005
0.0,0.11584067
0.0,0.09257816
0.0,0.07204598
0.0,0.07805969
0.0,0.08544656
0.0,0.10954268
0.0,0.086151205
0.0,0.107350476
0.0,0.10015595
0.0,0.06783793
0.0,0.11415586
0.0,0.06623399
0.0,0.05926988
0.0,0.09059608
0.0,0.14359958
0.0,0.10694262
0.0,0.046703488
0.0,0.097065866
0.0,0.14320545
0.0,0.08084507
0.0,0.06444391
0.0,0.06152076
0.0,0.16549468
0.0,0.0728302
0.0,0.124566354
0.0,0.06614859
0.0,0.047452725
0.0,0.035778876
0.0,0.09383495
0.0,0.050608225
0.0,0.06071435
0.0,0.062085487
1.0,0.083460666
0.0,0.07889484
0.0,0.07345836
0.0,0.08945845
0.0,0.114581645
0.0,0.04407276
0.0,0.1381477
0.0,0.07772176
0.0,0.09862069
0.0,0.029071962
0.0,0.044448245
0.0,0.10045481
0.0,0.111665644
0.0,0.08793121
0.0,0.038167726
1.0,0.07632248
0.0,0.07624947
0.0,0.10784577
0.0,0.049469925
0.0,0.1410944
0.0,0.104038104
0.0,0.070911326
0.0,0.07015973
0.0,0.13327688
0.0,0.15893373
0.0,0.11734687
0.0,0.107412666
0.0,0.07036504
0.0,0.11838114
0.0,0.08395295
0.0,0.05090626
0.0,0.0483949
1.0,0.04963716
0.0,0.07951216
0.0,0.06350531
0.0,0.05525198
0.0,0.10710028
0.0,0.07446281
0.0,0.09660541
0.0,0.087902345
0.0,0.09587552
0.0,0.078535095
0.0,0.10910791
0.0,0.081315376
0.0,0.08336183
0.0,0.06441807
0.0,0.05833428
0.0,0.085949674
0.0,0.06472476
0.0,0.07701779
1.0,0.12823091
0.0,0.07064659
0.0,0.13399848
0.0,0.052767128
0.0,0.12942751
0.0,0.016535869
0.0,0.09983543
0.0,0.12355068
0.0,0.090118304
0.0,0.13282405
0.0,0.0477085
0.0,0.12791146
0.0,0.059020005
0.0,0.11819659
0.0,0.09685679
0.0,0.080600806
0.0,0.10266787
0.0,0.07077009
0.0,0.1251073
0.0,0.037923325
0.0,0.061151948
1.0,0.06336062
0.0,0.07786868
0.0,0.08313477
0.0,0.01781479
0.0,0.077264704
0.0,0.10903097
0.0,0.07288234
0.0,0.09798178
0.0,0.115998656
1.0,0.07858758
0.0,0.1041888
0.0,0.08820943
0.0,0.12799898
0.0,0.07008447
0.0,0.044512756
0.0,0.08942258
0.0,0.07721909
0.0,0.11674767
0.0,0.09015798
0.0,0.13662581
0.0,0.07619971
0.0,0.04635585
0.0,0.09293941
0.0,0.051325135
0.0,0.06416396
0.0,0.08515273
0.0,0.10791573
0.0,0.065262325
0.0,0.058538333
0.0,0.0790588
0.0,0.15146032
0.0,0.059595942
0.0,0.074122176
0.0,0.06195748
0.0,0.11962675
0.0,0.06610931
0.0,0.12031862
1.0,0.14511237
0.0,0.072168715
0.0,0.07572373
0.0,0.0789945
0.0,0.08978728
0.0,0.11790031
0.0,0.10201852
0.0,0.061773386
0.0,0.07556491
0.0,0.094761625
0.0,0.08166143
0.0,0.08681655
0.0,0.07046607
0.0,0.055004
0.0,0.119474776
0.0,0.10261975
1.0,0.1265797
2.0,0.02005802
0.0,0.10916844
0.0,0.08338797
0.0,0.11117661
0.0,0.083471864
0.0,0.1344457
1.0,0.12632684
0.0,0.049092848
0.0,0.101293266
0.0,0.06887387
0.0,0.084312685
0.0,0.1330542
0.0,0.115259826
0.0,0.06855921
0.0,0.12169134
0.0,0.11820823
0.0,0.044656686
0.0,0.095957935
0.0,0.104213566
0.0,0.051820755
0.0,0.063467406
0.0,0.13969618
0.0,0.07967074
0.0,0.09066847
0.0,0.10717908
0.0,0.08486048
0.0,0.079747304
0.0,0.13561037
0.0,0.13715668
1.0,0.07398081
0.0,0.12847055
0.0,0.07534747
0.0,0.058242213
0.0,0.057165787
0.0,0.06947243
0.0,0.10487506
0.0,0.13471079
0.0,0.085721165
0.0,0.07988678
0.0,0.07414563
0.0,0.083480604
0.0,0.043275796
0.0,0.07863958
0.0,0.03359651
0.0,0.098212525
0.0,0.096065454
0.0,0.08827898
0.0,0.011202512
0.0,0.034224857
0.0,0.11422918
0.0,0.1149032
0.0,0.07875851
0.0,0.115404435
0.0,0.10058147
0.0,0.07228021
0.0,0.068789184
0.0,0.08793026
0.0,0.12894699
0.0,0.07389979
0.0,0.13191773
0.0,0.09272511
0.0,0.12941647
0.0,0.14314574
0.0,0.093737975
1.0,0.042322062
0.0,0.11558042
0.0,0.058538318
0.0,0.08822356
0.0,0.10631869
0.0,0.111595005
0.0,0.10536358
0.0,0.08861494
0.0,0.09143624
0.0,0.11801969
0.0,0.12480015
0.0,0.10392322
0.0,0.10296288
0.0,0.07001507
0.0,0.054826368
0.0,0.083177984
0.0,0.1295767
0.0,0.029251043
0.0,0.062180296
0.0,0.08445339
0.0,0.09570284
0.0,0.08480581
0.0,0.07279362
1.0,0.067057766
0.0,0.1419727
0.0,0.080454044
0.0,0.021090295
0.0,0.055748105
0.0,0.061112948
0.0,0.08673452
0.0,0.0788485
0.0,0.07867518
0.0,0.0699821
0.0,0.118027575
0.0,0.0951449
0.0,0.09312637
0.0,0.12348542
0.0,0.05967188
0.0,0.10512758
0.0,0.104942314
0.0,0.11422482
0.0,0.06634081
0.0,0.055555526
0.0,0.13135387
0.0,0.08287967
0.0,0.068714656
0.0,0.09141028
0.0,0.11205104
0.0,0.038507722
0.0,0.10258976
0.0,0.06174514
0.0,0.11002182
0.0,0.07146243
0.0,0.10907639
0.0,0.06909975
0.0,0.09213215
0.0,0.0725383
0.0,0.117164426
0.0,0.102121264
0.0,0.0852291
0.0,0.0882236
0.0,0.0967131
0.0,0.118295774
0.0,0.08483443
0.0,0.072867125
0.0,0.08985592
0.0,0.07839163
0.0,0.010032927
0.0,0.098527744
0.0,0.074381575
0.0,0.026421119
0.0,0.10254643
0.0,0.081520654
0.0,0.08184998
0.0,0.13556044
0.0,0.078867584
0.0,0.06399084
0.0,0.061091736
0.0,0.100825526
0.0,0.062472038
0.0,0.09862152
0.0,0.045121916
0.0,0.047067665
0.0,0.091849804
0.0,0.067279115
0.0,0.116133
0.0,0.08237863
0.0,0.07889141
0.0,0.08150717
0.0,0.083428316
0.0,0.062458973
0.0,0.048158437
0.0,0.06593418
0.0,0.06812527
0.0,0.10758336
0.0,0.06993913
0.0,0.09645264
0.0,0.0857589
0.0,0.1044974
0.0,0.07386292
0.0,0.1140568
0.0,0.1041079
0.0,0.10288286
0.0,0.07691855
0.0,0.109137364
0.0,0.1030245
0.0,0.05694745
0.0,0.10732271
1.0,0.09632057
0.0,0.108929686
0.0,0.07203825
0.0,0.09048649
0.0,0.088654295
0.0,0.07640772
0.0,0.054015603
0.0,0.04933997
0.0,0.068318106
0.0,0.13353872
0.0,0.096227266
0.0,0.10033817
0.0,0.078272626
0.0,0.08694628
0.0,0.08821235
0.0,0.084502
0.0,0.05685253
0.0,0.07173696
0.0,0.110531226
0.0,0.08716438
0.0,0.12689245
0.0,0.0843357
0.0,0.094038606
0.0,0.11952657
0.0,0.077344455
1.0,0.086110525
0.0,0.11466275
0.0,0.08990118
0.0,0.07735399
0.0,0.072129324
0.0,0.118514664
0.0,0.12443598
0.0,0.06750528
1.0,0.06598405
0.0,0.06749669
0.0,0.10540244
0.0,0.09928055
1.0,0.049107388
0.0,0.07075899
0.0,0.08815632
0.0,0.058583695
0.0,0.058323085
0.0,0.1057248
0.0,0.090153426
0.0,0.08738738
0.0,0.04300695
0.0,0.05349033
0.0,0.014295161
0.0,0.10915756
0.0,0.11025932
0.0,0.06987696
0.0,0.08264379
0.0,0.117893085
0.0,0.0538907
0.0,0.04856305
0.0,0.07548966
0.0,0.08134635
0.0,0.0922959
0.0,0.10127123
0.0,0.051767755
0.0,0.05014597
0.0,0.08564287
0.0,0.13518326
0.0,0.08931452
0.0,0.07743263
0.0,0.067803584
0.0,0.043280102
0.0,0.049431596
0.0,0.11527607
0.0,0.079298556
0.0,0.11891998
0.0,0.08929978
0.0,0.092777304
0.0,0.06810231
0.0,0.09165222
1.0,0.10977495
0.0,0.07286038
0.0,0.078352466
0.0,0.11250821
0.0,0.087095745
0.0,0.0907367
0.0,0.09833455
0.0,0.112278156
0.0,0.06287663
0.0,0.09366517
0.0,0.111537635
0.0,0.071248464
0.0,0.082588166
0.0,0.0731438
0.0,0.064843886
0.0,0.03989979
0.0,0.044465616
0.0,0.08264675
0.0,0.05884209
0.0,0.08936025
0.0,0.09143017
0.0,0.071631595
0.0,0.09191922
0.0,0.11544618
0.0,0.10479578
0.0,0.058321223
0.0,0.097849414
0.0,0.091086164
0.0,0.10788676
0.0,0.06738738
1.0,0.043295003
0.0,0.09828234
0.0,0.06984484
0.0,0.012508478
0.0,0.11518639
0.0,0.057864163
0.0,0.11528731
1.0,0.08227215
0.0,0.103063285
0.0,0.10409968
0.0,0.11984111
0.0,0.10656976
0.0,0.11566292
0.0,0.08020304
0.0,0.09720515
1.0,0.07047268
0.0,0.08906749
0.0,0.093497925
0.0,0.06943944
0.0,0.016537398
1.0,0.1072539
0.0,0.079600304
0.0,0.1241127
0.0,0.066000804
0.0,0.07939615
0.0,0.11255948
0.0,0.08138464
0.0,0.089090146
1.0,0.07263977
0.0,0.092130065
0.0,0.08550766
0.0,0.10772756
0.0,0.0693479
0.0,0.06062428
0.0,0.08560287
0.0,0.1460177
0.0,0.04705227
0.0,0.11835789
1.0,0.121409915
0.0,0.13477938
0.0,0.072519645
0.0,0.10208193
0.0,0.09728286
0.0,0.058416504
0.0,0.0671606
0.0,0.09495282
0.0,0.05383843
0.0,0.1517834
0.0,0.10106094
1.0,0.112949036
0.0,0.030167282
0.0,0.054126136
0.0,0.09639914
0.0,0.07926989
0.0,0.050058324
0.0,0.07298772
0.0,0.078941196
0.0,0.08739519
0.0,0.08683464
0.0,0.019350983
1.0,0.06350406
0.0,0.10905733
0.0,0.113760896
0.0,0.07516333
1.0,0.08198626
0.0,0.14486976
1.0,0.090237156
0.0,0.12783636
0.0,0.12382792
0.0,0.09028728
0.0,0.038551383
0.0,0.05791284
0.0,0.093060955
0.0,0.045390174
0.0,0.05139901
0.0,0.11803196
0.0,0.07504729
0.0,0.12864022
0.0,0.07361112
0.0,0.050259616
0.0,0.12480367
0.0,0.10177177
0.0,0.06674494
0.0,0.07910532
0.0,0.12209882
0.0,0.10059269
0.0,0.031640295
0.0,0.10683548
0.0,0.11134824
0.0,0.05626612
0.0,0.09686795
0.0,0.04220367
0.0,0.1259082
0.0,0.13407288
1.0,0.07642139
0.0,0.08209525
0.0,0.08561641
0.0,0.103276744
0.0,0.059810583
0.0,0.12093883
0.0,0.10713854
0.0,0.04846105
0.0,0.07992993
0.0,0.0930498
0.0,0.07413833
0.0,0.093450546
0.0,0.0616576
0.0,0.097985685
0.0,0.06609341
0.0,0.08654557
0.0,0.09787506
0.0,0.075156644
0.0,0.14541005
0.0,0.10267237
0.0,0.10530272
0.0,0.04558868
0.0,0.13150607
0.0,0.10410604
0.0,0.13168582
0.0,0.08463987
0.0,0.061884
0.0,0.099884145
0.0,0.0607966
0.0,0.10362995
0.0,0.123051524
0.0,0.08586153
0.0,0.098520786
0.0,0.06680399
0.0,0.09103402
0.0,0.08362423
0.0,0.111214206
0.0,0.11995211
0.0,0.09115323
0.0,0.11240724
0.0,0.096212335
0.0,0.09220942
0.0,0.09588505
0.0,0.069965675
0.0,0.107145384
0.0,0.06864832
0.0,0.102791995
1.0,0.11079425
0.0,0.08567515
0.0,0.06947793
0.0,0.07212315
0.0,0.10429898
0.0,0.09959256
0.0,0.087244324
0.0,0.08732215
0.0,0.07130492
0.0,0.07307495
0.0,0.056095943
0.0,0.03809177
0.0,0.067880355
0.0,0.05964261
0.0,0.054280385
0.0,0.09167093
0.0,0.06117585
0.0,0.07588145
0.0,0.0648212
0.0,0.07711286
0.0,0.103887945
0.0,0.06728614
0.0,0.10182102
1.0,0.08157599
0.0,0.057607908
0.0,0.12305507
0.0,0.07928855
1.0,0.06844697
0.0,0.07564029
0.0,0.08658827
0.0,0.09603177
0.0,0.09406984
0.0,0.1249702
0.0,0.043466818
0.0,0.06353147
0.0,0.073115595
0.0,0.07747736
0.0,0.09414209
0.0,0.07831295
0.0,0.04748756
0.0,0.040148646
0.0,0.08195488
0.0,0.097389124
0.0,0.0715085
0.0,0.09514341
0.0,0.059786174
0.0,0.084986135
0.0,0.09477083
0.0,0.12550426
0.0,0.06833816
0.0,0.11571315
0.0,0.08886089
0.0,0.055446967
0.0,0.073379606
0.0,0.14038295
0.0,0.04586475
0.0,0.103529565
0.0,0.058814347
0.0,0.019372698
0.0,0.08260676
0.0,0.07436136
0.0,0.13215606
0.0,0.08891834
0.0,0.12622198
0.0,0.07740192
0.0,0.092782155
0.0,0.06909666
1.0,0.10199445
0.0,0.02003096
0.0,0.07850976
0.0,0.06875104
0.0,0.078059986
0.0,0.04566983
0.0,0.08673028
0.0,0.07167743
0.0,0.048242558
0.0,0.050322875
0.0,0.09506561
0.0,0.100706436
0.0,0.079752155
0.0,0.107305184
0.0,0.050648034
1.0,0.07375783
0.0,0.077760994
0.0,0.07673882
1.0,0.03901957
0.0,0.09941013
0.0,0.09449799
0.0,0.08381925
0.0,0.06333343
1.0,0.063542776
0.0,0.08596771
0.0,0.07283746
0.0,0.14269347
0.0,0.06053229
0.0,0.058885947
0.0,0.06814385
0.0,0.01505562
0.0,0.034326706
0.0,0.11114982
0.0,0.06855195
0.0,0.12703057
0.0,0.13403663
0.0,0.06996618
0.0,0.0769088
0.0,0.13750792
0.0,0.081859834
1.0,0.08591653
0.0,0.06473994
0.0,0.08641441
1.0,0.07026573
0.0,0.07535354
0.0,0.13161147
0.0,0.11892815
0.0,0.109255664
0.0,0.09310444
0.0,0.07412725
0.0,0.1294269
0.0,0.09740512
0.0,0.087634996
0.0,0.07682219
0.0,0.0128653385
0.0,0.07850336
0.0,0.09508181
0.0,0.11201931
0.0,0.06714094
0.0,0.05510449
1.0,0.0863229
0.0,0.08457427
0.0,0.14194961
0.0,0.08282542
0.0,0.11731517
0.0,0.12082398
0.0,0.06872675
0.0,0.08723918
0.0,0.062562555
0.0,0.12002603
1.0,0.07193733
0.0,0.08694914
0.0,0.09462285
0.0,0.09788297
0.0,0.13537128
0.0,0.089798495
0.0,0.086439535
0.0,0.056267023
0.0,0.066526555
0.0,0.08812629
0.0,0.07456832
0.0,0.061703097
0.0,0.057200305
0.0,0.07605201
0.0,0.087347746
0.0,0.061732013
0.0,0.0635159
0.0,0.088324204
0.0,0.042073645
0.0,0.055672288
0.0,0.018976085
0.0,0.07899949
0.0,0.04543163
0.0,0.084764674
0.0,0.08342241
0.0,0.063364804
0.0,0.08298027
0.0,0.09617403
0.0,0.053223133
0.0,0.083158635
0.0,0.11631442
0.0,0.10641379
0.0,0.065209836
0.0,0.07543035
0.0,0.08842391
0.0,0.1168427
0.0,0.06616076
0.0,0.0774838
0.0,0.024609217
0.0,0.0132085625
0.0,0.07685456
0.0,0.07976083
0.0,0.020345107
0.0,0.082815155
0.0,0.08204049
0.0,0.08890817
0.0,0.014453554
1.0,0.08272259
0.0,0.11080424
0.0,0.13196357
0.0,0.097626224
0.0,0.055319995
0.0,0.068156525
0.0,0.08130464
0.0,0.061514452
0.0,0.08250767
0.0,0.091427386
0.0,0.06213037
0.0,0.11582135
0.0,0.09150046
0.0,0.06386714
0.0,0.10974124
0.0,0.10211058
0.0,0.10534067
0.0,0.09153323
0.0,0.08482221
0.0,0.08763897
0.0,0.051635332
0.0,0.053953566
0.0,0.120306745
0.0,0.099015325
0.0,0.15106651
0.0,0.073062025
0.0,0.07513887
0.0,0.064560615
0.0,0.05412923
0.0,0.116014525
0.0,0.07895181
0.0,0.05916244
0.0,0.06277513
0.0,0.11344914
0.0,0.08455818
0.0,0.030907627
0.0,0.061495874
0.0,0.063202664
0.0,0.081369214
0.0,0.11270229
0.0,0.018852115
0.0,0.13851596
0.0,0.14397176
0.0,0.06462898
0.0,0.060785033
0.0,0.09931625
0.0,0.083523095
0.0,0.08685541
0.0,0.09999866
0.0,0.048900776
0.0,0.071406245
0.0,0.075425886
0.0,0.11869168
0.0,0.097242534
0.0,0.077131175
0.0,0.12207882
1.0,0.035525337
0.0,0.07570622
0.0,0.12578206
0.0,0.105915986
1.0,0.061944332
0.0,0.11032842
0.0,0.09828955
0.0,0.075809516
0.0,0.14028694
0.0,0.1046681
0.0,0.048787713
0.0,0.078151435
0.0,0.09761433
0.0,0.10757443
0.0,0.07752682
0.0,0.033458322
0.0,0.06573365
1.0,0.07932536
0.0,0.11164735
0.0,0.080317974
0.0,0.07370737
0.0,0.089208834
0.0,0.07086973
0.0,0.10420172
0.0,0.08854445
0.0,0.055576246
0.0,0.128171
0.0,0.14362615
1.0,0.08589445
0.0,0.014921129
0.0,0.07439481
0.0,0.058290236
1.0,0.13329884
0.0,0.070840575
0.0,0.071897104
0.0,0.0723633
0.0,0.082390435
0.0,0.07530977
0.0,0.06533807
0.0,0.115306854
0.0,0.09133109
0.0,0.071993046
0.0,0.15016995
0.0,0.11531334
0.0,0.13524003
0.0,0.08701044
0.0,0.11789646
0.0,0.075359955
0.0,0.08154182
0.0,0.066350475
0.0,0.12684508
0.0,0.09248016
0.0,0.0973071
0.0,0.06698931
0.0,0.05655423
0.0,0.0682374
0.0,0.1451741
0.0,0.087750345
0.0,0.08643801
0.0,0.08095197
0.0,0.09016288
0.0,0.06261632
0.0,0.07892443
0.0,0.07503541
0.0,0.028312465
0.0,0.09732497
0.0,0.058451
0.0,0.07535399
0.0,0.13582045
0.0,0.09627231
0.0,0.11800005
0.0,0.13239713
0.0,0.09843225
0.0,0.052261457
0.0,0.0921324
0.0,0.08838932
0.0,0.08236231
0.0,0.09803293
0.0,0.061102238
0.0,0.10307405
0.0,0.09207816
0.0,0.059117828
0.0,0.068102404
0.0,0.116821066
0.0,0.09801739
0.0,0.13784441
1.0,0.07021584
0.0,0.115320794
0.0,0.07533488
0.0,0.06427265
0.0,0.12574303
0.0,0.067159735
0.0,0.07597039
0.0,0.05262478
0.0,0.027132377
0.0,0.10555738
0.0,0.10399827
0.0,0.05228641
0.0,0.039909843
0.0,0.12709706
0.0,0.113698035
0.0,0.08079574
0.0,0.14601578
0.0,0.09910831
0.0,0.09480079
0.0,0.08594146
0.0,0.093932346
0.0,0.101438664
0.0,0.04979991
1.0,0.08990143
0.0,0.08152598
0.0,0.16079824
0.0,0.08732877
0.0,0.054881584
0.0,0.06258956
0.0,0.08727659
0.0,0.064439006
0.0,0.09969058
0.0,0.07280837
0.0,0.053470377
0.0,0.07392726
0.0,0.12660557
0.0,0.08944067
0.0,0.09180376
0.0,0.13808
0.0,0.088705316
0.0,0.09489581
0.0,0.06200938
0.0,0.0928434
0.0,0.13948274
0.0,0.08107709
0.0,0.093272895
0.0,0.08156122
0.0,0.13115826
0.0,0.061603304
0.0,0.11686285
0.0,0.119569495
0.0,0.08917843
0.0,0.1391155
0.0,0.09883944
0.0,0.10387343
0.0,0.13367607
0.0,0.0825157
0.0,0.06016565
0.0,0.13339368
0.0,0.070555866
0.0,0.11368329
0.0,0.06337508
0.0,0.10626679
0.0,0.08879518
0.0,0.082581334
0.0,0.019907868
1.0,0.06682991
0.0,0.07516576
0.0,0.11114523
0.0,0.09948586
0.0,0.1304621
0.0,0.09961189
0.0,0.11292448
0.0,0.094578214
0.0,0.04088437
0.0,0.057177782
0.0,0.09424321
0.0,0.08298739
0.0,0.09151481
0.0,0.06838429
0.0,0.09491606
0.0,0.13169369
0.0,0.11068199
0.0,0.10506418
0.0,0.11584606
0.0,0.069429845
0.0,0.13100693
0.0,0.08161472
0.0,0.06490865
0.0,0.11909681
0.0,0.040181376
0.0,0.09047952
0.0,0.069579795
0.0,0.09007509
0.0,0.092406325
0.0,0.07741783
0.0,0.08494359
0.0,0.09837777
0.0,0.086402595
0.0,0.015609049
0.0,0.020683566
0.0,0.093870774
0.0,0.049123477
0.0,0.06349501
0.0,0.079585195
0.0,0.05645734
0.0,0.14220116
0.0,0.10687999
0.0,0.109368
0.0,0.06835617
0.0,0.08482459
0.0,0.1240108
0.0,0.060114633
0.0,0.10332649
0.0,0.032058407
0.0,0.121422105
0.0,0.09968312
0.0,0.08217576
0.0,0.026051864
0.0,0.05481786
0.0,0.06137569
0.0,0.059316106
0.0,0.13968313
0.0,0.09121342
0.0,0.102833696
0.0,0.09600194
0.0,0.06674844
0.0,0.04622101
0.0,0.12814882
0.0,0.11827056
0.0,0.12146791
0.0,0.07814941
0.0,0.08984208
0.0,0.096323214
0.0,0.14179616
0.0,0.08849051
0.0,0.067917876
0.0,0.022030778
0.0,0.040380355
0.0,0.098229036
0.0,0.061625104
0.0,0.077781916
0.0,0.12087925
0.0,0.14843601
0.0,0.124110185
0.0,0.08276336
0.0,0.063962914
0.0,0.056538187
0.0,0.07522557
0.0,0.11183528
0.0,0.07414178
0.0,0.0841696
0.0,0.03752685
0.0,0.11877049
0.0,0.07886326
0.0,0.026261088
0.0,0.10431211
0.0,0.11557154
0.0,0.11370541
0.0,0.08008482
0.0,0.07258529
0.0,0.1352947
1.0,0.1268671
0.0,0.085404254
0.0,0.06766298
0.0,0.064796105
0.0,0.08503689
0.0,0.11278214
0.0,0.08705972
0.0,0.08330018
0.0,0.08392161
0.0,0.10025218
0.0,0.07298255
0.0,0.10028785
0.0,0.062023025
0.0,0.05870745
0.0,0.040718988
1.0,0.07186921
0.0,0.09034057
0.0,0.09835317
0.0,0.08259489
0.0,0.0731879
0.0,0.07969316
0.0,0.032556128
0.0,0.12256896
0.0,0.07156245
0.0,0.07406061
0.0,0.08730785
0.0,0.07924947
0.0,0.105000205
0.0,0.061434455
0.0,0.094346315
0.0,0.07154226
0.0,0.10296576
0.0,0.080665536
0.0,0.019391537
0.0,0.044796515
0.0,0.04213989
0.0,0.053478
0.0,0.1319601
0.0,0.058124647
0.0,0.08273491
1.0,0.06386814
0.0,0.037135392
0.0,0.07139055
0.0,0.09008391
0.0,0.08575698
1.0,0.0655349
0.0,0.044185355
0.0,0.13812327
0.0,0.03806058
0.0,0.094628766
0.0,0.08251092
0.0,0.09257276
0.0,0.1252551
0.0,0.079605386
0.0,0.084950015
0.0,0.10522713
0.0,0.07639286
0.0,0.07476016
0.0,0.07911651
0.0,0.120187424
0.0,0.06588793
0.0,0.12448311
0.0,0.10935058
0.0,0.11031579
0.0,0.098008886
0.0,0.036447834
0.0,0.050429184
0.0,0.054870714
1.0,0.067678064
0.0,0.085807376
0.0,0.10868249
0.0,0.099542946
0.0,0.049778048
0.0,0.1339534
0.0,0.1418069
0.0,0.07629915
0.0,0.12933287
0.0,0.09559787
0.0,0.060928125
0.0,0.057527408
0.0,0.11189052
0.0,0.09031587
0.0,0.09893903
0.0,0.094667256
0.0,0.06626819
0.0,0.0764098
0.0,0.084017284
0.0,0.111956984
0.0,0.12278645
0.0,0.12359992
0.0,0.0634638
0.0,0.10521567
0.0,0.07081435
0.0,0.13928229
0.0,0.071988426
0.0,0.1031294
0.0,0.061768215
0.0,0.077892885
0.0,0.07006166
0.0,0.06287448
0.0,0.08349235
0.0,0.045831606
0.0,0.08764831
0.0,0.082450055
0.0,0.12179484
0.0,0.043123826
0.0,0.0947434
0.0,0.09000464
0.0,0.10066767
0.0,0.1167015
0.0,0.04774449
0.0,0.059339784
0.0,0.10040326
0.0,0.0641323
0.0,0.088052005
0.0,0.121690005
0.0,0.081472754
0.0,0.092943974
1.0,0.05206004
0.0,0.10968783
1.0,0.1141471
0.0,0.06107059
0.0,0.10561551
0.0,0.09374687
0.0,0.12825017
0.0,0.12928557
0.0,0.1526604
0.0,0.114734344
0.0,0.0864693
0.0,0.061092652
0.0,0.05884766
0.0,0.08784362
0.0,0.1051059
2.0,0.054030985
0.0,0.14323434
0.0,0.07861608
0.0,0.10910224
0.0,0.05075557
0.0,0.10215144
0.0,0.069419
0.0,0.07194505
0.0,0.093741015
0.0,0.10149299
0.0,0.059170637
0.0,0.070499584
0.0,0.08667971
0.0,0.086719505
0.0,0.05330211
0.0,0.09039231
0.0,0.08919892
0.0,0.09567943
0.0,0.0744384
2.0,0.079857565
0.0,0.054074477
0.0,0.11875611
0.0,0.16136354
1.0,0.07937883
0.0,0.13052419
0.0,0.091856875
0.0,0.0506981
0.0,0.11059257
0.0,0.062431015
0.0,0.112026036
0.0,0.14993249
0.0,0.11726688
0.0,0.076607555
0.0,0.041648164
0.0,0.13334295
0.0,0.067158565
0.0,0.09168109
0.0,0.10101106
0.0,0.06415321
0.0,0.113619566
0.0,0.026241608
0.0,0.118918456
1.0,0.04113233
0.0,0.040300757
0.0,0.12264618
1.0,0.0644609
0.0,0.05926619
0.0,0.0761114
0.0,0.050114248
0.0,0.09369972
0.0,0.09098263
0.0,0.070669994
0.0,0.08053285
0.0,0.1384498
0.0,0.097214386
0.0,0.028626705
0.0,0.09934827
0.0,0.105963774
1.0,0.09120451
0.0,0.13195035
1.0,0.075175405
0.0,0.062164985
0.0,0.13800292
0.0,0.08497605
0.0,0.112822756
0.0,0.065825075
0.0,0.092457235
0.0,0.0878573
0.0,0.05980796
0.0,0.10160151
0.0,0.06292866
0.0,0.0785727
0.0,0.064713985
0.0,0.11117802
0.0,0.088943325
0.0,0.09523597
0.0,0.09549814
0.0,0.14115897
1.0,0.074011914
0.0,0.027805738
0.0,0.11763321
0.0,0.07535525
0.0,0.11907475
0.0,0.054628693
0.0,0.07260471
0.0,0.08434485
0.0,0.06951141
0.0,0.09486711
0.0,0.12285887
0.0,0.06702722
0.0,0.068782434
0.0,0.105999075
0.0,0.090461574
0.0,0.082141146
0.0,0.042896252
0.0,0.098867886
0.0,0.10383399
0.0,0.030486383
0.0,0.13331486
0.0,0.053944252
0.0,0.12101177
0.0,0.08870269
0.0,0.14404227
0.0,0.074518
0.0,0.10898665
0.0,0.098104596
0.0,0.07990385
2.0,0.05994626
0.0,0.07489586
0.0,0.08999607
0.0,0.13126913
0.0,0.069433995
0.0,0.10236723
0.0,0.05298085
0.0,0.08608166
0.0,0.10776383
0.0,0.13836175
0.0,0.07736398
0.0,0.06994993
0.0,0.102269456
0.0,0.08332588
0.0,0.059294984
0.0,0.091057986
0.0,0.061209917
0.0,0.08678478
0.0,0.07444106
0.0,0.045592874
0.0,0.08254014
0.0,0.12724745
0.0,0.082956016
0.0,0.09107411
0.0,0.10919728
1.0,0.07794825
0.0,0.1035267
0.0,0.06774315
0.0,0.07421627
0.0,0.12814333
0.0,0.087705605
0.0,0.11563344
0.0,0.09417282
0.0,0.07233807
0.0,0.12303254
0.0,0.056366824
0.0,0.07790949
0.0,0.106679045
0.0,0.14187792
0.0,0.1207494
0.0,0.07803275
0.0,0.050832134
0.0,0.11821615
0.0,0.08239456
0.0,0.07359341
0.0,0.07515781
0.0,0.11242428
0.0,0.05811136
0.0,0.06623887
0.0,0.102870554
0.0,0.09047473
0.0,0.06257192
0.0,0.020683566
0.0,0.091825336
0.0,0.057794232
0.0,0.067356795
0.0,0.07120652
0.0,0.053126656
0.0,0.091139555
0.0,0.06441684
0.0,0.06976815
0.0,0.094640024
0.0,0.06720982
0.0,0.07882756
0.0,0.115686834
1.0,0.038316865
0.0,0.072138555
0.0,0.07946082
0.0,0.13485132
0.0,0.11006595
0.0,0.06187497
0.0,0.08742066
0.0,0.085696295
0.0,0.0853138
0.0,0.036940485
0.0,0.05216431
0.0,0.11684588
0.0,0.050030597
0.0,0.11141506
0.0,0.07473156
0.0,0.096322685
0.0,0.09098753
0.0,0.12712294
0.0,0.11346829
0.0,0.09961208
0.0,0.07363248
0.0,0.085510895
0.0,0.04786469
0.0,0.12036043
0.0,0.052446216
0.0,0.10827989
0.0,0.05084944
0.0,0.08673743
0.0,0.07892901
0.0,0.08676355
0.0,0.08506231
0.0,0.10961552
0.0,0.12437049
0.0,0.08991573
0.0,0.088842615
0.0,0.09419464
0.0,0.14439934
0.0,0.06725723
0.0,0.10451858
0.0,0.08961544
0.0,0.119609304
0.0,0.13921656
0.0,0.08964795
0.0,0.060487483
0.0,0.06548988
0.0,0.105526306
0.0,0.051047437
0.0,0.07991655
0.0,0.119143076
1.0,0.088853456
0.0,0.06602617
0.0,0.08841754
1.0,0.09006242
1.0,0.06026787
0.0,0.09573552
1.0,0.07596591
0.0,0.08958504
0.0,0.063011855
0.0,0.093143
1.0,0.11256831
0.0,0.08315259
0.0,0.07294896
1.0,0.081931554
0.0,0.049544927
0.0,0.08000194
0.0,0.10913143
0.0,0.13960126
0.0,0.13210493
0.0,0.0883003
0.0,0.085972935
0.0,0.10436407
0.0,0.07116339
0.0,0.109495156
0.0,0.08816216
0.0,0.07325096
0.0,0.10113222
0.0,0.11540518
0.0,0.08905965
0.0,0.05231736
0.0,0.112569675
0.0,0.06415927
0.0,0.10629041
0.0,0.06830664
0.0,0.09497118
0.0,0.07459001
0.0,0.12203657
0.0,0.063744254
0.0,0.040473223
0.0,0.06675669
0.0,0.090178
0.0,0.10588215
0.0,0.1343465
0.0,0.08199471
1.0,0.09123935
0.0,0.06634174
0.0,0.08866884
0.0,0.06869164
0.0,0.014707861
0.0,0.089198366
0.0,0.042249557
0.0,0.116432115
0.0,0.077100545
0.0,0.11465395
0.0,0.0910027
0.0,0.07298751
0.0,0.058483746
0.0,0.035596266
0.0,0.0612926
0.0,0.053280167
0.0,0.09832689
0.0,0.13995424
0.0,0.08848675
0.0,0.06865012
0.0,0.0811405
0.0,0.061631422
0.0,0.13281357
0.0,0.08156922
0.0,0.13477199
0.0,0.07773225
0.0,0.058108117
0.0,0.10915943
0.0,0.101988465
0.0,0.14971183
0.0,0.12079662
0.0,0.11736089
0.0,0.09322305
1.0,0.085346244
0.0,0.07945821
0.0,0.11341649
1.0,0.06408535
0.0,0.09007986
0.0,0.08175701
0.0,0.10425286
0.0,0.081372604
0.0,0.054148827
0.0,0.09598022
0.0,0.072742686
0.0,0.1127129
0.0,0.08840042
0.0,0.050099805
0.0,0.09453115
0.0,0.1133043
0.0,0.113329485
0.0,0.08907247
0.0,0.09557216
0.0,0.12579124
0.0,0.10842166
1.0,0.06709709
0.0,0.14302665
0.0,0.06513545
0.0,0.0703532
0.0,0.11506798
0.0,0.12896813
0.0,0.052893538
0.0,0.08114505
0.0,0.018401489
0.0,0.02013051
0.0,0.06729007
0.0,0.071119465
0.0,0.078545935
0.0,0.059791137
1.0,0.06819515
0.0,0.0711219
0.0,0.11281571
0.0,0.05418545
0.0,0.05117062
0.0,0.053463876
0.0,0.12271346
0.0,0.068482526
0.0,0.07108759
0.0,0.09056589
0.0,0.09307574
0.0,0.13360623
0.0,0.08841754
0.0,0.09475711
0.0,0.07924822
1.0,0.092561066
0.0,0.08581142
0.0,0.06981401
0.0,0.057676345
0.0,0.062954925
0.0,0.07118483
0.0,0.08898464
1.0,0.065335155
0.0,0.09910388
0.0,0.11550929
0.0,0.11985223
0.0,0.068859056
0.0,0.109427564
0.0,0.13489515
0.0,0.07368237
0.0,0.11593008
1.0,0.08332896
0.0,0.08973406
0.0,0.08776031
0.0,0.091461025
0.0,0.0793231
0.0,0.08480464
0.0,0.09130847
0.0,0.09720167
0.0,0.04945659
0.0,0.083780944
0.0,0.048172746
1.0,0.057602193
0.0,0.059034966
0.0,0.027332652
0.0,0.11800985
0.0,0.06347906
0.0,0.07575212
0.0,0.06365797
0.0,0.11480938
0.0,0.13739257
0.0,0.13552763
0.0,0.08047776
0.0,0.08666833
0.0,0.123247445
0.0,0.14092396
0.0,0.084448725
0.0,0.030693641
0.0,0.06082249
0.0,0.0976614
0.0,0.016744515
0.0,0.08952511
0.0,0.033879798
0.0,0.13363643
0.0,0.09725313
0.0,0.110946774
0.0,0.075038865
0.0,0.041008275
0.0,0.051301338
0.0,0.09399296
0.0,0.090065554
0.0,0.136004
0.0,0.10354358
0.0,0.042649373
0.0,0.12849294
0.0,0.124328785
0.0,0.11320947
0.0,0.06865221
0.0,0.102702044
1.0,0.079739474
0.0,0.04836461
0.0,0.09040883
0.0,0.07958837
0.0,0.10546197
0.0,0.014009172
0.0,0.10186509
0.0,0.044112075
0.0,0.050323814
0.0,0.0793903
0.0,0.07391783
0.0,0.10977102
0.0,0.13533944
0.0,0.100127585
0.0,0.050509453
0.0,0.10944058
0.0,0.07020044
0.0,0.08263841
0.0,0.087481
0.0,0.07165363
0.0,0.05110733
0.0,0.13698775
0.0,0.06443646
0.0,0.10982626
0.0,0.047462028
0.0,0.13627993
0.0,0.05119709
0.0,0.095046796
0.0,0.08672773
0.0,0.11921391
0.0,0.102994755
0.0,0.091317564
0.0,0.14404227
0.0,0.10562694
0.0,0.06960142
0.0,0.094246715
0.0,0.08429715
0.0,0.10879153
0.0,0.06312312
0.0,0.061122492
0.0,0.084921725
0.0,0.08300835
0.0,0.056702882
0.0,0.11489155
0.0,0.07741818
0.0,0.11431121
0.0,0.07393327
0.0,0.09471176
0.0,0.08674246
0.0,0.15294313
0.0,0.09334337
1.0,0.07619813
0.0,0.055877432
0.0,0.08936979
0.0,0.10426904
0.0,0.014777639
0.0,0.10260669
0.0,0.08722544
0.0,0.043588363
0.0,0.07881796
0.0,0.03805374
0.0,0.08362812
0.0,0.0811129
0.0,0.071971096
0.0,0.076131105
0.0,0.06822575
0.0,0.047502667
1.0,0.07961457
0.0,0.09141498
0.0,0.09002669
0.0,0.06538151
0.0,0.052208915
0.0,0.14785503
0.0,0.086048834
0.0,0.10830933
0.0,0.11329712
0.0,0.09344435
0.0,0.13812013
0.0,0.08996413
0.0,0.08764091
0.0,0.021455158
0.0,0.096993364
0.0,0.083697796
0.0,0.09537397
0.0,0.09226345
0.0,0.06082655
0.0,0.13218331
0.0,0.11602313
0.0,0.10187517
0.0,0.025827404
1.0,0.04043896
0.0,0.0897665
0.0,0.10391267
0.0,0.086266614
0.0,0.053809714
0.0,0.14039288
0.0,0.043332282
0.0,0.066868894
0.0,0.1310948
0.0,0.074850425
0.0,0.07626567
0.0,0.08672821
0.0,0.08332282
0.0,0.07245399
0.0,0.16197473
0.0,0.08617662
0.0,0.12737001
0.0,0.13275471
1.0,0.05041758
0.0,0.11800067
0.0,0.08523264
0.0,0.106693976
0.0,0.10317995
0.0,0.056192107
0.0,0.09900725
0.0,0.059640832
0.0,0.04420352
0.0,0.15173613
0.0,0.102871336
0.0,0.042804345
0.0,0.09789212
0.0,0.060396537
0.0,0.071018174
0.0,0.0851149
0.0,0.054960597
0.0,0.07074746
0.0,0.09021771
0.0,0.0964434
0.0,0.12451347
0.0,0.07977931
0.0,0.06346444
0.0,0.1261466
0.0,0.10362543
0.0,0.09645494
0.0,0.06778564
0.0,0.059184648
1.0,0.09715028
0.0,0.13058533
0.0,0.1252795
0.0,0.07465408
0.0,0.09198679
1.0,0.10545377
0.0,0.07174693
0.0,0.10192759
0.0,0.014581411
1.0,0.06441417
0.0,0.099062994
0.0,0.09018724
0.0,0.13503544
0.0,0.13496388
0.0,0.0984014
0.0,0.063309714
0.0,0.055225268
0.0,0.079783216
1.0,0.11914231
0.0,0.08995694
0.0,0.10511009
0.0,0.056271944
0.0,0.09996103
0.0,0.1306201
0.0,0.11151969
0.0,0.07108142
0.0,0.119203225
0.0,0.06572094
0.0,0.078285836
0.0,0.08804376
0.0,0.071468055
0.0,0.079665154
0.0,0.044384316
0.0,0.061847024
0.0,0.05342185
1.0,0.11771305
0.0,0.08270971
1.0,0.050403714
0.0,0.09095793
0.0,0.04120084
0.0,0.044509277
0.0,0.13346131
0.0,0.11499703
0.0,0.044820502
0.0,0.08814913
0.0,0.12006959
0.0,0.05980756
0.0,0.07620855
0.0,0.07588615
0.0,0.046922207
0.0,0.067224935
0.0,0.04577382
0.0,0.08315697
0.0,0.13827792
0.0,0.03736651
0.0,0.03810727
0.0,0.08447031
0.0,0.04904259
0.0,0.06392768
0.0,0.10060219
0.0,0.0880405
0.0,0.12767357
0.0,0.1170899
0.0,0.08163846
1.0,0.057941027
0.0,0.13670199
0.0,0.0742939
0.0,0.04592794
0.0,0.100615166
0.0,0.1058712
0.0,0.06516531
0.0,0.08678974
0.0,0.05379386
0.0,0.12432615
0.0,0.058246363
0.0,0.029984996
0.0,0.07785037
0.0,0.11749138
0.0,0.10382737
0.0,0.085665554
0.0,0.10006129
0.0,0.107201904
0.0,0.08955884
0.0,0.07496208
0.0,0.09217948
0.0,0.104284555
0.0,0.07799991
0.0,0.109928764
0.0,0.056061424
0.0,0.10514623
0.0,0.07135357
0.0,0.08123564
0.0,0.064027496
0.0,0.07568658
0.0,0.11962105
0.0,0.08800644
0.0,0.09829348
0.0,0.071302876
2.0,0.07273852
0.0,0.07764105
0.0,0.11688871
0.0,0.09707649
0.0,0.116479814
0.0,0.08029452
0.0,0.11701982
0.0,0.10137157
0.0,0.08934806
0.0,0.027191438
0.0,0.12595117
0.0,0.079629496
0.0,0.08045531
0.0,0.12892085
0.0,0.08878298
0.0,0.12798025
0.0,0.1093487
0.0,0.053396385
0.0,0.10693642
0.0,0.07870246
0.0,0.033270933
0.0,0.10292523
0.0,0.115414396
0.0,0.091891415
0.0,0.079649314
0.0,0.062424645
0.0,0.03989995
0.0,0.06746405
0.0,0.03683228
0.0,0.05428582
0.0,0.03526857
0.0,0.09815813
0.0,0.09927645
0.0,0.0703298
0.0,0.07301064
0.0,0.09778745
0.0,0.06235732
0.0,0.06858602
1.0,0.046897985
0.0,0.09213798
0.0,0.05064801
0.0,0.081896596
0.0,0.11699538
0.0,0.10450953
0.0,0.053839944
0.0,0.06149395
0.0,0.08528577
0.0,0.06835702
0.0,0.027233375
0.0,0.019939622
0.0,0.11237861
0.0,0.089685015
0.0,0.113617934
0.0,0.11079679
0.0,0.095322505
0.0,0.04773278
0.0,0.052582026
0.0,0.116541706
0.0,0.044673722
0.0,0.05782345
0.0,0.0417325
0.0,0.09122126
0.0,0.07097643
0.0,0.117720485
0.0,0.043009914
0.0,0.10427928
0.0,0.0790523
0.0,0.09759043
0.0,0.08524294
0.0,0.07934241
0.0,0.13983767
0.0,0.14628538
0.0,0.07231238
0.0,0.03236091
0.0,0.0829125
0.0,0.072397076
0.0,0.08615345
0.0,0.10509688
0.0,0.08515462
0.0,0.05743278
0.0,0.09106679
0.0,0.062172767
0.0,0.124855004
0.0,0.06860882
1.0,0.110826485
1.0,0.12083677
0.0,0.060707983
0.0,0.11900201
1.0,0.09676567
0.0,0.06473744
0.0,0.13009436
0.0,0.09690179
0.0,0.09296787
0.0,0.10472898
0.0,0.14648013
0.0,0.12460473
0.0,0.05827274
0.0,0.06284304
0.0,0.008620801
0.0,0.044742092
0.0,0.10602538
1.0,0.0721807
0.0,0.14023529
1.0,0.10113632
0.0,0.07368112
0.0,0.107153095
0.0,0.07121217
0.0,0.114186265
0.0,0.096574485
0.0,0.094269976
