ClaimNb,Predicted
0.0,0.048267476
0.0,0.08605519
0.0,0.075607136
0.0,0.062063128
0.0,0.07292906
0.0,0.04842462
0.0,0.057904307
0.0,0.04396294
0.0,0.054247808
0.0,0.08965051
0.0,0.06744231
0.0,0.039828524
0.0,0.044488564
0.0,0.039709974
0.0,0.10940852
0.0,0.05476084
0.0,0.062746055
0.0,0.06951609
0.0,0.075233854
0.0,0.060642276
0.0,0.055465173
0.0,0.050114952
0.0,0.051856622
0.0,0.058190383
0.0,0.05080676
0.0,0.048965644
0.0,0.0975387
0.0,0.060298815
0.0,0.040981445
0.0,0.028619265
0.0,0.089815825
0.0,0.04942507
0.0,0.05821063
0.0,0.067494236
0.0,0.056798648
0.0,0.034041833
0.0,0.07736637
0.0,0.08866672
0.0,0.114998326
0.0,0.073798865
0.0,0.068052314
0.0,0.048440337
0.0,0.089159414
0.0,0.041144345
0.0,0.083093554
1.0,0.059077334
0.0,0.04003233
0.0,0.04061805
0.0,0.0420553
0.0,0.08154441
0.0,0.098871894
0.0,0.056312114
0.0,0.077777594
0.0,0.037867695
0.0,0.08229985
0.0,0.052173488
0.0,0.0710771
0.0,0.0781356
0.0,0.05507553
0.0,0.065337665
0.0,0.056103125
0.0,0.06488586
0.0,0.03241896
0.0,0.056438122
0.0,0.05664429
0.0,0.06536746
0.0,0.040546995
0.0,0.05884526
0.0,0.037876446
0.0,0.067480564
0.0,0.036861762
0.0,0.057448708
0.0,0.043820247
1.0,0.052062638
0.0,0.04933797
0.0,0.054160006
0.0,0.05532944
0.0,0.055208128
0.0,0.05147154
0.0,0.0646991
0.0,0.06991265
0.0,0.073608555
0.0,0.06304338
0.0,0.056776933
0.0,0.062626995
0.0,0.06526115
0.0,0.072983876
1.0,0.04721497
0.0,0.061998986
0.0,0.041319355
0.0,0.038952593
0.0,0.033300247
0.0,0.06721168
0.0,0.048839375
0.0,0.04156241
0.0,0.06376328
0.0,0.047638938
0.0,0.053481877
0.0,0.041919507
0.0,0.06529814
0.0,0.050999388
0.0,0.059040133
0.0,0.063375525
0.0,0.026766682
0.0,0.08133244
0.0,0.03877578
0.0,0.07625762
0.0,0.06226444
0.0,0.08726554
0.0,0.026952412
0.0,0.015570222
1.0,0.06259931
0.0,0.056801494
0.0,0.05651661
0.0,0.065085545
0.0,0.072063796
0.0,0.021150833
0.0,0.065520756
0.0,0.083330944
0.0,0.050555356
0.0,0.041367456
0.0,0.07472508
0.0,0.07248399
0.0,0.07552846
0.0,0.040691406
0.0,0.068649136
0.0,0.056258757
0.0,0.015930744
0.0,0.06280893
0.0,0.042309172
0.0,0.065457255
0.0,0.059250552
0.0,0.07926585
0.0,0.048576206
0.0,0.09415324
0.0,0.045338474
0.0,0.07957977
0.0,0.047725134
0.0,0.07239673
0.0,0.042151526
0.0,0.0423336
0.0,0.10208485
0.0,0.08059412
0.0,0.069373384
0.0,0.041332144
0.0,0.055991333
0.0,0.02284417
0.0,0.07191315
0.0,0.06943746
0.0,0.071914524
0.0,0.024981648
0.0,0.04082769
0.0,0.06489013
0.0,0.05378048
2.0,0.07035689
0.0,0.06897893
0.0,0.06723897
0.0,0.046581842
0.0,0.077331476
0.0,0.037790395
0.0,0.07215363
0.0,0.068092674
0.0,0.06884494
0.0,0.06906794
0.0,0.07476084
0.0,0.062807806
0.0,0.04553978
0.0,0.054778025
0.0,0.04362889
0.0,0.054726254
0.0,0.0703302
0.0,0.05188337
0.0,0.057148807
0.0,0.04745257
0.0,0.07464171
0.0,0.06391969
0.0,0.028130433
0.0,0.083357215
0.0,0.039283108
0.0,0.056119367
0.0,0.103637636
0.0,0.007855473
0.0,0.039419748
0.0,0.06503383
0.0,0.050165832
0.0,0.060721446
0.0,0.09369863
0.0,0.04988985
0.0,0.0743762
0.0,0.06957912
0.0,0.03349497
1.0,0.056008983
0.0,0.08174898
0.0,0.041380875
0.0,0.039224606
0.0,0.08525459
0.0,0.059929714
0.0,0.056372978
0.0,0.062263165
0.0,0.07983571
0.0,0.07205193
0.0,0.04859067
0.0,0.08997436
0.0,0.06621236
0.0,0.06760554
0.0,0.064754374
0.0,0.042947367
1.0,0.037924834
0.0,0.06762329
1.0,0.041838363
0.0,0.072321855
0.0,0.06205468
0.0,0.05119753
0.0,0.05548906
0.0,0.049029425
0.0,0.060241353
0.0,0.056311026
0.0,0.043304946
0.0,0.04256783
0.0,0.059288777
0.0,0.07236895
0.0,0.037439093
0.0,0.035867207
0.0,0.07181107
0.0,0.053242132
0.0,0.053400613
0.0,0.092847824
0.0,0.049066566
0.0,0.037201565
0.0,0.021801468
0.0,0.058536895
0.0,0.06677984
0.0,0.08163056
0.0,0.07401622
0.0,0.039464258
0.0,0.0804327
0.0,0.00910714
0.0,0.072874226
0.0,0.0760364
0.0,0.11664492
0.0,0.053609896
0.0,0.04064717
0.0,0.08624165
0.0,0.042455517
0.0,0.04920438
0.0,0.08416898
2.0,0.044899777
0.0,0.06729114
0.0,0.04945851
0.0,0.07533376
0.0,0.044675194
0.0,0.09227106
0.0,0.030563926
0.0,0.06440947
0.0,0.07595876
0.0,0.055167563
0.0,0.09543721
0.0,0.059678268
0.0,0.054461844
0.0,0.062955484
0.0,0.06744836
0.0,0.03707696
0.0,0.042766795
0.0,0.07465985
0.0,0.05937113
0.0,0.040032778
0.0,0.032513287
0.0,0.07771292
0.0,0.08120613
0.0,0.10707806
0.0,0.045542333
0.0,0.051244423
0.0,0.044056084
0.0,0.048731364
0.0,0.037444983
0.0,0.079732746
0.0,0.09816744
0.0,0.048713382
1.0,0.046942685
0.0,0.0397042
0.0,0.09173575
0.0,0.041726053
0.0,0.054835312
0.0,0.034571756
0.0,0.07231537
0.0,0.031041235
0.0,0.053747118
0.0,0.04674895
0.0,0.05461649
0.0,0.045240685
0.0,0.04148628
0.0,0.098689914
0.0,0.06725307
1.0,0.051399
0.0,0.050981008
0.0,0.026734723
0.0,0.043281432
0.0,0.057197552
0.0,0.06694968
0.0,0.04398978
0.0,0.07600062
0.0,0.052634068
0.0,0.046881996
0.0,0.05258684
0.0,0.044848338
0.0,0.046150185
0.0,0.06950719
0.0,0.045209356
0.0,0.06474709
0.0,0.036896486
0.0,0.044337697
0.0,0.04345191
0.0,0.055579133
0.0,0.040045932
0.0,0.026339762
0.0,0.064584345
0.0,0.07931818
0.0,0.059122182
0.0,0.06446596
0.0,0.014596068
0.0,0.059748713
0.0,0.035538018
0.0,0.0326536
0.0,0.046930287
0.0,0.05310209
0.0,0.066106565
0.0,0.080102175
0.0,0.088538304
0.0,0.07498505
0.0,0.085956156
0.0,0.044345573
0.0,0.05844225
0.0,0.085918576
0.0,0.037234113
0.0,0.039825097
0.0,0.09442931
0.0,0.0807431
0.0,0.07138032
0.0,0.03862656
0.0,0.09701145
0.0,0.044559404
0.0,0.05438088
0.0,0.043799493
0.0,0.041414116
0.0,0.034413837
0.0,0.039038796
0.0,0.059168477
0.0,0.053963974
0.0,0.03313028
0.0,0.05243119
0.0,0.07831533
0.0,0.06988202
0.0,0.06317365
0.0,0.0993489
0.0,0.06324828
1.0,0.05962802
0.0,0.027217142
0.0,0.03550652
0.0,0.06281203
0.0,0.059527993
0.0,0.06989992
0.0,0.061377373
0.0,0.110475294
0.0,0.035147034
0.0,0.0660781
0.0,0.033097956
0.0,0.043100104
0.0,0.070910126
0.0,0.06250152
0.0,0.059162326
0.0,0.070921384
0.0,0.0037019341
0.0,0.060018927
0.0,0.04702688
0.0,0.041305605
0.0,0.08321373
0.0,0.04772081
0.0,0.06518756
0.0,0.08588138
0.0,0.08963809
1.0,0.0035557433
0.0,0.047919247
0.0,0.043451887
0.0,0.03769552
0.0,0.069394395
0.0,0.085410364
0.0,0.03417714
0.0,0.04383174
0.0,0.042616807
0.0,0.058206953
0.0,0.05981144
0.0,0.07321775
0.0,0.081270546
0.0,0.062336836
0.0,0.03559153
0.0,0.046945885
0.0,0.043482177
0.0,0.03908185
0.0,0.06091113
0.0,0.098691516
0.0,0.07039892
1.0,0.037030943
0.0,0.043242104
0.0,0.07580224
0.0,0.07203066
0.0,0.062779725
1.0,0.044835657
0.0,0.07021284
0.0,0.06235732
0.0,0.08225646
1.0,0.06787304
0.0,0.052182384
0.0,0.0073711043
0.0,0.08247642
0.0,0.07916097
0.0,0.04791174
0.0,0.0523047
0.0,0.023023266
0.0,0.030817585
0.0,0.051632546
0.0,0.02622741
0.0,0.071132585
0.0,0.076036796
0.0,0.061268408
1.0,0.081378624
0.0,0.07510497
0.0,0.052219957
0.0,0.04495631
1.0,0.007872051
0.0,0.086599216
0.0,0.08240399
0.0,0.046834864
0.0,0.036820006
0.0,0.0297436
0.0,0.061553534
0.0,0.050274163
0.0,0.08030367
0.0,0.044066958
0.0,0.06791344
0.0,0.07163339
0.0,0.061263587
0.0,0.07026434
0.0,0.0075942245
0.0,0.09297605
0.0,0.051179904
0.0,0.08627013
0.0,0.04176005
0.0,0.041624468
0.0,0.06735014
0.0,0.0625995
0.0,0.06261776
0.0,0.06315332
0.0,0.0781866
0.0,0.034640122
0.0,0.04785668
0.0,0.033195257
0.0,0.059928473
0.0,0.042130105
0.0,0.047163237
0.0,0.06486028
0.0,0.05935552
0.0,0.07634635
0.0,0.05467896
0.0,0.05756658
0.0,0.054222
0.0,0.071807355
0.0,0.03410368
0.0,0.04956058
0.0,0.04338389
1.0,0.02955725
1.0,0.0647206
0.0,0.09683296
0.0,0.06838046
0.0,0.060784828
0.0,0.038185276
0.0,0.07513323
0.0,0.040425275
1.0,0.03719549
1.0,0.06977868
0.0,0.0734835
0.0,0.059303876
0.0,0.038773634
0.0,0.06732182
0.0,0.078888476
0.0,0.085692376
0.0,0.045336787
0.0,0.058941737
0.0,0.038176347
0.0,0.08311168
0.0,0.046509095
0.0,0.098565236
0.0,0.107292265
0.0,0.057422895
0.0,0.034307536
1.0,0.049220055
0.0,0.053742427
0.0,0.05780279
0.0,0.079880014
0.0,0.07884057
0.0,0.0604726
0.0,0.06397115
0.0,0.062786534
0.0,0.047782972
0.0,0.078400895
0.0,0.055386785
0.0,0.03808788
0.0,0.04639342
0.0,0.059541166
0.0,0.05954369
0.0,0.06345312
0.0,0.04991536
0.0,0.06393198
0.0,0.060671315
0.0,0.06281516
1.0,0.04754808
0.0,0.06863164
0.0,0.03902601
1.0,0.06408926
0.0,0.029520981
0.0,0.08854162
0.0,0.06420041
0.0,0.029683903
0.0,0.06667768
0.0,0.0413988
0.0,0.048903435
0.0,0.08481711
0.0,0.05969291
0.0,0.06053082
0.0,0.045410782
0.0,0.0768892
0.0,0.0518287
0.0,0.08651559
0.0,0.036634613
0.0,0.03317135
0.0,0.09509376
0.0,0.077625185
0.0,0.056560434
0.0,0.03572613
0.0,0.055287175
0.0,0.07480647
0.0,0.05494642
0.0,0.061368387
0.0,0.058382157
0.0,0.060219638
0.0,0.08165713
0.0,0.07101111
0.0,0.06593417
0.0,0.030988054
0.0,0.04895446
0.0,0.04054535
0.0,0.05858118
1.0,0.033842873
0.0,0.035401754
0.0,0.06341935
0.0,0.075534865
0.0,0.064424336
0.0,0.034437608
0.0,0.057811335
0.0,0.041235734
0.0,0.062869325
0.0,0.06723237
0.0,0.05594023
0.0,0.08114048
0.0,0.056132898
0.0,0.06835878
0.0,0.06179442
0.0,0.052680757
0.0,0.066719584
0.0,0.09519559
0.0,0.107592285
0.0,0.0523582
0.0,0.063255265
0.0,0.076972455
0.0,0.09164293
0.0,0.045146883
0.0,0.035515547
0.0,0.073365755
0.0,0.08083289
0.0,0.072514854
0.0,0.11048262
0.0,0.08371266
0.0,0.04952637
0.0,0.035156094
0.0,0.07592164
0.0,0.03571325
0.0,0.05155643
0.0,0.05730884
0.0,0.046604067
0.0,0.05702563
0.0,0.048434332
0.0,0.068088055
0.0,0.038108125
0.0,0.0058841933
0.0,0.036811896
0.0,0.061888695
0.0,0.05607023
0.0,0.049015306
0.0,0.0444702
0.0,0.050826292
0.0,0.06927134
0.0,0.050927017
0.0,0.053742196
0.0,0.056644738
0.0,0.06801909
0.0,0.07857189
0.0,0.047245968
0.0,0.058336157
0.0,0.0714245
0.0,0.008855695
0.0,0.051731125
0.0,0.063920334
0.0,0.06378007
0.0,0.016630402
0.0,0.07634017
0.0,0.04650212
0.0,0.040801533
0.0,0.03937058
0.0,0.04986735
0.0,0.07331137
0.0,0.043569203
0.0,0.07207361
0.0,0.06330108
0.0,0.08294803
0.0,0.05766117
0.0,0.030110737
0.0,0.041813232
0.0,0.036684774
0.0,0.09453703
1.0,0.071063295
0.0,0.046880934
1.0,0.07227213
0.0,0.049522877
0.0,0.06437218
0.0,0.100900725
0.0,0.031242326
0.0,0.036025405
0.0,0.06755986
0.0,0.03463662
0.0,0.054872088
0.0,0.07613555
0.0,0.020331524
0.0,0.045990895
0.0,0.026948756
0.0,0.049522877
1.0,0.04677466
0.0,0.028085325
0.0,0.026344316
0.0,0.095391184
0.0,0.044017594
0.0,0.07794706
0.0,0.036756486
0.0,0.059572943
0.0,0.04543473
0.0,0.053070433
0.0,0.059021864
0.0,0.009006238
0.0,0.0807533
0.0,0.09058286
0.0,0.06415042
0.0,0.05586266
0.0,0.038272683
0.0,0.04174038
0.0,0.049617305
0.0,0.08155508
0.0,0.07025811
0.0,0.020204924
0.0,0.067426816
0.0,0.03441739
0.0,0.10616778
0.0,0.07084187
0.0,0.08254675
1.0,0.033938363
0.0,0.07166779
0.0,0.06264971
0.0,0.05490586
0.0,0.071107864
0.0,0.089233845
0.0,0.042793345
0.0,0.068033785
0.0,0.05368065
0.0,0.048933633
0.0,0.069196306
0.0,0.0819288
0.0,0.0457662
0.0,0.04858976
0.0,0.042456843
0.0,0.043121852
0.0,0.05956158
0.0,0.047427356
0.0,0.043927234
0.0,0.061018836
0.0,0.05934397
0.0,0.04807953
0.0,0.058647506
0.0,0.028708354
0.0,0.08818823
0.0,0.072931156
0.0,0.04721447
0.0,0.030346103
0.0,0.050953615
0.0,0.069337405
0.0,0.06490837
0.0,0.06139814
0.0,0.05987821
0.0,0.10030817
0.0,0.05442778
1.0,0.051574364
0.0,0.034973443
0.0,0.0064496845
0.0,0.047065713
0.0,0.07348938
0.0,0.04968914
0.0,0.07176948
0.0,0.06728203
0.0,0.0655198
0.0,0.03003299
0.0,0.07399069
0.0,0.06512681
0.0,0.06894892
0.0,0.033182565
0.0,0.072841585
0.0,0.080888584
0.0,0.050859556
0.0,0.052759226
0.0,0.029716773
0.0,0.01106469
0.0,0.05512787
0.0,0.04321473
0.0,0.027195873
0.0,0.027725507
0.0,0.051515292
0.0,0.04458175
0.0,0.041390117
0.0,0.07293456
0.0,0.066156186
0.0,0.083431974
0.0,0.07484316
0.0,0.040879995
1.0,0.08770697
0.0,0.06742868
0.0,0.06862734
0.0,0.055362098
1.0,0.0535006
0.0,0.096276924
0.0,0.06572512
0.0,0.077404484
0.0,0.052229345
0.0,0.10126125
0.0,0.045951042
0.0,0.040191025
0.0,0.07747982
0.0,0.045221515
0.0,0.055710714
0.0,0.039909862
0.0,0.05149066
0.0,0.056824386
0.0,0.07075768
0.0,0.055368513
0.0,0.049525827
0.0,0.035953593
0.0,0.047154557
0.0,0.0649189
0.0,0.04349399
0.0,0.05714604
0.0,0.033856675
0.0,0.05942768
0.0,0.07384924
0.0,0.043268815
0.0,0.027147576
0.0,0.030768586
0.0,0.0440701
0.0,0.038141046
0.0,0.0054636793
0.0,0.057420403
0.0,0.04813323
0.0,0.03962207
0.0,0.04352402
0.0,0.04360177
0.0,0.036256164
0.0,0.039559364
0.0,0.051601376
0.0,0.03529618
0.0,0.051679373
0.0,0.04338608
0.0,0.1056546
0.0,0.04569679
0.0,0.037843455
0.0,0.047501422
0.0,0.060590424
0.0,0.039744146
0.0,0.0893036
0.0,0.07101372
0.0,0.051646043
0.0,0.03824428
0.0,0.034637686
0.0,0.06015997
0.0,0.047551073
0.0,0.06668577
0.0,0.04727699
0.0,0.04985777
1.0,0.053172465
0.0,0.07432155
0.0,0.065035984
1.0,0.02745409
0.0,0.05460602
0.0,0.06681532
0.0,0.046854272
0.0,0.06994733
0.0,0.07334842
0.0,0.06343972
0.0,0.048763745
0.0,0.056589298
0.0,0.071819946
0.0,0.08508142
0.0,0.050709076
0.0,0.065978006
0.0,0.044128254
0.0,0.07401636
0.0,0.060616575
1.0,0.05776314
0.0,0.075115815
0.0,0.05148267
0.0,0.039177127
0.0,0.058182728
0.0,0.06869831
0.0,0.028366085
0.0,0.034981895
0.0,0.00934781
0.0,0.10327928
0.0,0.047920525
0.0,0.075556666
0.0,0.046899695
0.0,0.03936692
0.0,0.056602873
0.0,0.057815123
0.0,0.06996029
0.0,0.03676069
0.0,0.06909248
0.0,0.062527426
0.0,0.038393736
0.0,0.04899437
0.0,0.06391818
2.0,0.04901893
0.0,0.06936793
0.0,0.037668254
0.0,0.045102708
0.0,0.043972157
0.0,0.056751326
0.0,0.057129
0.0,0.070427395
0.0,0.05555039
0.0,0.10227765
0.0,0.04373249
0.0,0.04979515
0.0,0.06472125
0.0,0.07729671
0.0,0.073312804
0.0,0.069600515
0.0,0.06990214
0.0,0.056484632
1.0,0.0510835
0.0,0.045235574
0.0,0.040669642
0.0,0.07620215
0.0,0.060429942
0.0,0.0401878
0.0,0.030857118
0.0,0.07298626
0.0,0.04327847
0.0,0.087973125
0.0,0.05382008
0.0,0.07825346
0.0,0.03786452
0.0,0.06800521
0.0,0.04185277
0.0,0.06340669
0.0,0.05645901
0.0,0.07416227
0.0,0.04794065
1.0,0.04047083
0.0,0.0601308
0.0,0.080200285
0.0,0.059975024
0.0,0.0808028
0.0,0.059108905
0.0,0.064358786
0.0,0.046907444
0.0,0.045345403
0.0,0.08655442
0.0,0.044753283
0.0,0.0812478
1.0,0.038358957
0.0,0.039409216
0.0,0.036411043
0.0,0.05817249
0.0,0.043151204
0.0,0.055993028
0.0,0.048095513
0.0,0.06565798
0.0,0.058377355
0.0,0.040906925
0.0,0.08954236
0.0,0.035288993
0.0,0.037368372
0.0,0.08080445
0.0,0.010253128
0.0,0.05762648
0.0,0.092834234
0.0,0.08204751
0.0,0.06897115
0.0,0.046805985
0.0,0.060361832
0.0,0.054884464
1.0,0.07128368
0.0,0.04883078
0.0,0.054808855
0.0,0.0747151
0.0,0.05502319
0.0,0.036295656
0.0,0.04484951
0.0,0.040764194
0.0,0.05777803
0.0,0.045538306
0.0,0.099141486
0.0,0.056734227
0.0,0.032743316
0.0,0.0685172
0.0,0.04548169
1.0,0.08524841
0.0,0.041941904
0.0,0.038399372
0.0,0.043888755
0.0,0.049001098
0.0,0.065838076
2.0,0.10185933
0.0,0.04644309
0.0,0.045795813
0.0,0.09251608
0.0,0.058878504
0.0,0.0799447
0.0,0.04719424
0.0,0.078769535
0.0,0.06547717
0.0,0.003312091
0.0,0.049200498
0.0,0.07756541
0.0,0.039294563
0.0,0.06818617
0.0,0.046495147
0.0,0.07442877
0.0,0.031200329
0.0,0.060486645
0.0,0.09639402
0.0,0.050227165
0.0,0.04271633
0.0,0.07039862
0.0,0.051265392
0.0,0.04337915
0.0,0.046170678
0.0,0.07340606
0.0,0.026267499
0.0,0.05831274
0.0,0.042779177
0.0,0.00870881
0.0,0.033526994
0.0,0.077414006
0.0,0.034573127
1.0,0.03086031
0.0,0.082142554
0.0,0.056636002
0.0,0.06816735
1.0,0.07734217
0.0,0.051761646
0.0,0.08253274
0.0,0.06369114
0.0,0.03513202
0.0,0.044060696
0.0,0.035221733
0.0,0.043314125
0.0,0.065534145
0.0,0.065182194
0.0,0.058219526
0.0,0.043247815
0.0,0.029837726
0.0,0.044721965
0.0,0.03288238
0.0,0.04563669
0.0,0.09707864
0.0,0.03812439
0.0,0.030034823
0.0,0.045978487
0.0,0.062664084
0.0,0.05879846
0.0,0.05111057
0.0,0.03716136
0.0,0.07791912
0.0,0.057506166
0.0,0.05312905
0.0,0.07791988
0.0,0.037621055
0.0,0.0514885
0.0,0.060506783
0.0,0.075821124
0.0,0.07479578
0.0,0.04310781
1.0,0.061196245
0.0,0.06818477
0.0,0.03439244
0.0,0.0632503
1.0,0.067749456
0.0,0.10933788
0.0,0.026566818
0.0,0.06979507
0.0,0.09211917
0.0,0.04538844
0.0,0.095749944
0.0,0.05585033
0.0,0.043365356
0.0,0.057543814
0.0,0.076868355
0.0,0.0647396
0.0,0.06566495
0.0,0.047416873
0.0,0.041205317
0.0,0.06522576
0.0,0.03966672
0.0,0.050434835
0.0,0.051332943
0.0,0.040839188
0.0,0.06675567
0.0,0.03755676
0.0,0.030744176
0.0,0.08222179
0.0,0.065265924
0.0,0.071437255
0.0,0.04529196
0.0,0.03998074
0.0,0.07667969
0.0,0.009499192
0.0,0.04448533
0.0,0.06510364
0.0,0.058794394
0.0,0.055010125
0.0,0.068297066
0.0,0.052712303
0.0,0.034960244
0.0,0.054538194
0.0,0.041797046
0.0,0.07148136
0.0,0.08179818
0.0,0.06089523
0.0,0.06412276
0.0,0.07714473
0.0,0.04607793
1.0,0.043186158
0.0,0.035450608
0.0,0.084599175
0.0,0.03532294
0.0,0.041673858
0.0,0.034478784
0.0,0.083314836
0.0,0.057328615
0.0,0.0443319
0.0,0.049653105
0.0,0.04951728
0.0,0.07861188
0.0,0.055169445
0.0,0.11294193
0.0,0.042071156
0.0,0.04475725
0.0,0.06394283
0.0,0.04060101
0.0,0.058013417
0.0,0.046288945
0.0,0.027989388
0.0,0.07855039
0.0,0.051020607
0.0,0.065714166
0.0,0.07930986
0.0,0.08999687
0.0,0.039042808
0.0,0.09715472
0.0,0.099045
0.0,0.03979682
0.0,0.07955137
0.0,0.0045128153
0.0,0.092731774
0.0,0.08511829
0.0,0.055633
0.0,0.07690898
0.0,0.049292818
0.0,0.05146248
0.0,0.034843132
0.0,0.062917486
0.0,0.07445517
0.0,0.04311592
0.0,0.06495489
0.0,0.03554572
0.0,0.08470802
0.0,0.040553104
0.0,0.07302667
0.0,0.07102811
0.0,0.06655143
0.0,0.07305015
0.0,0.09763428
0.0,0.06635132
0.0,0.059139933
0.0,0.066681065
0.0,0.056729898
0.0,0.03647963
0.0,0.067855336
0.0,0.076842576
0.0,0.07838316
0.0,0.044081524
0.0,0.048557907
0.0,0.07636509
0.0,0.008879665
0.0,0.07285805
0.0,0.06788984
0.0,0.088963985
0.0,0.057576135
0.0,0.04948329
0.0,0.10157923
0.0,0.055197008
0.0,0.0511578
0.0,0.07699591
0.0,0.07728241
0.0,0.03056045
0.0,0.07460657
0.0,0.035240076
0.0,0.050758827
0.0,0.072009504
0.0,0.0482118
0.0,0.06822984
0.0,0.084414825
0.0,0.054722313
0.0,0.057001434
0.0,0.03983002
0.0,0.051616006
0.0,0.07441716
0.0,0.066010796
0.0,0.034407873
1.0,0.058952432
0.0,0.08284052
0.0,0.043372646
0.0,0.05620252
0.0,0.06278787
0.0,0.048308328
0.0,0.043201275
0.0,0.07175742
0.0,0.059992816
0.0,0.050647683
0.0,0.065425456
0.0,0.04656587
0.0,0.06393233
0.0,0.054778915
0.0,0.045466207
0.0,0.03498178
0.0,0.058813125
0.0,0.07325896
0.0,0.09536888
0.0,0.05461525
1.0,0.05604219
0.0,0.036907006
0.0,0.03621398
0.0,0.046561908
0.0,0.0448376
0.0,0.038892012
0.0,0.036531806
0.0,0.04138332
0.0,0.04902711
0.0,0.076340385
0.0,0.062408246
0.0,0.05276958
0.0,0.08202267
0.0,0.057859857
0.0,0.058555193
0.0,0.06734353
0.0,0.072961204
0.0,0.047663115
0.0,0.035141956
0.0,0.08452517
0.0,0.046390146
0.0,0.06650594
0.0,0.06988054
0.0,0.038741644
0.0,0.036174923
0.0,0.053952664
0.0,0.048880424
0.0,0.0614281
0.0,0.073991396
0.0,0.04394187
0.0,0.0062194704
0.0,0.045363463
0.0,0.070949346
0.0,0.0868306
0.0,0.09279427
0.0,0.038333394
0.0,0.07219334
0.0,0.04332683
0.0,0.041194964
0.0,0.06510568
0.0,0.047633216
0.0,0.038861018
0.0,0.06669738
0.0,0.06908828
0.0,0.0057181
0.0,0.04032799
0.0,0.070594914
0.0,0.053976275
0.0,0.0498021
0.0,0.047594402
0.0,0.077489756
0.0,0.03836085
0.0,0.02901261
0.0,0.10824071
0.0,0.038815293
0.0,0.08181067
0.0,0.04764647
0.0,0.05535138
0.0,0.010620714
0.0,0.043653674
0.0,0.082625784
0.0,0.04422131
0.0,0.068282574
0.0,0.07504378
0.0,0.005849791
0.0,0.0788844
0.0,0.069609046
0.0,0.07410714
0.0,0.07037363
0.0,0.05929819
0.0,0.042827204
0.0,0.052911498
0.0,0.065025456
0.0,0.058780182
0.0,0.037471667
0.0,0.11211397
0.0,0.043625772
0.0,0.03333265
0.0,0.07543319
0.0,0.07046831
0.0,0.06230819
0.0,0.09870389
0.0,0.06380218
0.0,0.07613204
0.0,0.028970554
0.0,0.05907012
0.0,0.035683617
0.0,0.06606201
0.0,0.060651183
1.0,0.07461639
0.0,0.07234924
0.0,0.06865742
0.0,0.05508898
0.0,0.096068546
0.0,0.03284178
0.0,0.067578
0.0,0.070063666
0.0,0.06698564
0.0,0.03596359
0.0,0.083465815
0.0,0.060812097
0.0,0.07359663
0.0,0.06520778
0.0,0.054387648
0.0,0.057763018
0.0,0.04030911
0.0,0.096952416
0.0,0.023867859
0.0,0.045411777
0.0,0.07028362
0.0,0.040987037
0.0,0.070587784
0.0,0.09709352
0.0,0.084001884
0.0,0.08300872
0.0,0.06267333
0.0,0.04687214
0.0,0.08840236
0.0,0.0483214
0.0,0.0766509
0.0,0.07973565
0.0,0.029775891
0.0,0.10853008
1.0,0.060772844
0.0,0.057878304
0.0,0.046723276
0.0,0.063677065
0.0,0.0742806
0.0,0.03798235
0.0,0.07289908
0.0,0.07220422
0.0,0.037285164
0.0,0.047729194
0.0,0.04802889
0.0,0.06489041
0.0,0.05707997
0.0,0.07011691
0.0,0.041223228
0.0,0.04062546
0.0,0.073899575
0.0,0.06312005
0.0,0.07266158
0.0,0.050033435
0.0,0.057899572
0.0,0.03279922
0.0,0.057657056
0.0,0.081040174
0.0,0.09525578
0.0,0.04288259
0.0,0.06354917
0.0,0.040297087
0.0,0.045909695
0.0,0.086782195
0.0,0.062990256
1.0,0.07286184
0.0,0.07004917
0.0,0.07906257
0.0,0.071046636
0.0,0.046235967
0.0,0.058162604
0.0,0.007985775
0.0,0.07933962
0.0,0.08121805
0.0,0.061424788
0.0,0.04468397
0.0,0.029972382
0.0,0.058561686
0.0,0.02733875
0.0,0.053306952
0.0,0.032560453
0.0,0.09379579
0.0,0.0841167
0.0,0.035884645
0.0,0.05042167
0.0,0.0051794974
1.0,0.038041912
0.0,0.05669984
0.0,0.06790298
0.0,0.061037052
0.0,0.05557821
0.0,0.06615335
0.0,0.053900942
0.0,0.07106178
0.0,0.054457076
0.0,0.07488968
0.0,0.065330565
0.0,0.034160472
0.0,0.05041732
0.0,0.03921652
0.0,0.041416604
0.0,0.037610795
0.0,0.10291196
0.0,0.03875888
0.0,0.070191674
0.0,0.054162618
0.0,0.073456064
0.0,0.038881343
0.0,0.062625356
0.0,0.033740763
0.0,0.06669398
0.0,0.049824733
0.0,0.06554515
0.0,0.067616664
0.0,0.08988555
0.0,0.07476647
0.0,0.05254191
0.0,0.07779471
0.0,0.0668035
0.0,0.06544047
0.0,0.086916
1.0,0.03045102
0.0,0.03985932
0.0,0.041028664
1.0,0.035470646
0.0,0.10252641
0.0,0.046613768
0.0,0.049692564
1.0,0.07463191
0.0,0.031036276
0.0,0.042692572
0.0,0.049832065
0.0,0.058314756
0.0,0.012221027
0.0,0.06438074
0.0,0.042682484
0.0,0.04817548
0.0,0.057572454
0.0,0.059036274
0.0,0.04373706
0.0,0.075079955
0.0,0.063561656
0.0,0.07714478
0.0,0.043119848
0.0,0.06502359
0.0,0.030894183
0.0,0.060302366
0.0,0.06771969
0.0,0.054043494
0.0,0.04340013
1.0,0.04874984
0.0,0.029397953
0.0,0.048163123
0.0,0.04239331
0.0,0.043032184
0.0,0.047317054
0.0,0.07434266
0.0,0.07061813
0.0,0.04496776
0.0,0.07404903
0.0,0.0562491
0.0,0.056540802
0.0,0.07412859
0.0,0.05806207
0.0,0.09967546
1.0,0.0655724
0.0,0.05687562
0.0,0.03963459
0.0,0.057092804
0.0,0.06639153
0.0,0.041152485
0.0,0.057926137
0.0,0.032070357
0.0,0.07254389
0.0,0.062219
0.0,0.047274485
0.0,0.03302084
0.0,0.07598207
0.0,0.043134667
0.0,0.05403861
0.0,0.030359607
0.0,0.056393493
0.0,0.045796357
0.0,0.03471033
0.0,0.038792554
0.0,0.071865745
0.0,0.056975454
0.0,0.058917165
0.0,0.08651908
0.0,0.033004027
0.0,0.05833538
0.0,0.06721899
0.0,0.035809904
0.0,0.0588076
0.0,0.03615468
0.0,0.056625415
0.0,0.05852802
0.0,0.045552
0.0,0.058895268
0.0,0.09029363
0.0,0.047490753
0.0,0.05582067
0.0,0.04376562
0.0,0.054013014
0.0,0.0502309
0.0,0.035749014
0.0,0.047546856
0.0,0.071928926
0.0,0.040399972
0.0,0.062321354
0.0,0.055156015
0.0,0.0744043
0.0,0.08701177
0.0,0.035001393
0.0,0.058210976
0.0,0.038979813
0.0,0.07148537
0.0,0.073644474
0.0,0.05779554
0.0,0.040282726
0.0,0.058162645
0.0,0.039333407
0.0,0.06920833
0.0,0.028257018
0.0,0.07409385
0.0,0.040535394
0.0,0.064907864
0.0,0.049555074
0.0,0.056345917
0.0,0.046666123
1.0,0.051846474
0.0,0.06843087
0.0,0.06372043
0.0,0.07794829
0.0,0.0566491
0.0,0.03790945
0.0,0.03954603
0.0,0.035990488
0.0,0.07746199
0.0,0.017658481
0.0,0.06648977
0.0,0.065946944
0.0,0.057420716
0.0,0.051232133
0.0,0.039655175
0.0,0.08518979
0.0,0.058453552
0.0,0.049456283
0.0,0.058408637
0.0,0.037742797
0.0,0.051875405
0.0,0.058409445
0.0,0.07392338
0.0,0.070153296
0.0,0.060252313
0.0,0.066778496
0.0,0.07802262
0.0,0.075101204
0.0,0.08986333
0.0,0.056378976
0.0,0.04431442
0.0,0.04577624
0.0,0.0538926
0.0,0.030744718
0.0,0.09152411
0.0,0.028889813
0.0,0.034609776
0.0,0.10189819
0.0,0.0454532
0.0,0.04098938
0.0,0.06538311
0.0,0.039317094
0.0,0.06841207
0.0,0.040663436
0.0,0.062102024
0.0,0.048078157
0.0,0.03917821
0.0,0.03610639
0.0,0.053200338
0.0,0.034654845
0.0,0.050845973
0.0,0.061772794
0.0,0.079178624
0.0,0.07298841
0.0,0.08678143
0.0,0.036675032
0.0,0.054559223
0.0,0.048955232
0.0,0.04584357
0.0,0.07883395
0.0,0.06472678
0.0,0.02806525
0.0,0.047396995
0.0,0.039801944
0.0,0.071484685
0.0,0.047702484
0.0,0.08730427
0.0,0.08489917
0.0,0.055215765
0.0,0.058938462
0.0,0.056877095
0.0,0.036405906
0.0,0.06619532
0.0,0.07073369
0.0,0.06123581
0.0,0.061634157
0.0,0.08545088
0.0,0.06253855
0.0,0.049131185
0.0,0.08150937
0.0,0.061565556
0.0,0.06297226
0.0,0.033805422
0.0,0.124691896
0.0,0.058982786
0.0,0.035884414
0.0,0.028123055
0.0,0.056669228
0.0,0.045642283
0.0,0.07688361
0.0,0.06814008
0.0,0.062133703
0.0,0.0059832605
1.0,0.043068662
0.0,0.06542504
0.0,0.061174233
0.0,0.064272776
0.0,0.061564572
0.0,0.039297637
0.0,0.053748693
0.0,0.06129817
0.0,0.09044941
0.0,0.04364077
0.0,0.050815023
0.0,0.050185904
1.0,0.046381056
0.0,0.03446066
0.0,0.08950217
0.0,0.048042163
0.0,0.048907377
0.0,0.07220692
0.0,0.05575337
0.0,0.043686222
0.0,0.041822284
0.0,0.04229599
0.0,0.025174508
0.0,0.031920414
0.0,0.032352787
0.0,0.05931857
0.0,0.0537766
0.0,0.048556544
0.0,0.006171706
0.0,0.036560368
0.0,0.05557423
0.0,0.08681102
0.0,0.07121338
0.0,0.07197077
0.0,0.06618788
0.0,0.021963382
0.0,0.041381426
0.0,0.031443357
0.0,0.05605804
0.0,0.05410614
0.0,0.034468953
0.0,0.054696266
0.0,0.06103231
0.0,0.041936353
0.0,0.057968095
0.0,0.040529624
0.0,0.038814098
0.0,0.040121336
0.0,0.022749532
0.0,0.059950367
0.0,0.081299655
0.0,0.07362581
0.0,0.007761537
0.0,0.057573196
0.0,0.051096596
0.0,0.058815803
0.0,0.044292472
0.0,0.028859647
0.0,0.04593056
0.0,0.069407
0.0,0.022339184
0.0,0.036290783
0.0,0.049164414
0.0,0.057639286
0.0,0.040404297
0.0,0.08687146
0.0,0.082707874
0.0,0.10843733
0.0,0.06529111
0.0,0.067057185
0.0,0.072009504
1.0,0.05655728
0.0,0.06689591
0.0,0.070969895
0.0,0.047313794
0.0,0.052316185
0.0,0.03788266
1.0,0.0774975
0.0,0.0705667
0.0,0.049019527
0.0,0.067381516
0.0,0.03550183
0.0,0.06727037
0.0,0.05141899
1.0,0.044766665
1.0,0.058717012
0.0,0.07796563
0.0,0.041439597
0.0,0.06589313
0.0,0.03925389
0.0,0.08040818
0.0,0.06129237
0.0,0.052030347
0.0,0.085552394
0.0,0.028265348
0.0,0.06009066
0.0,0.08037341
0.0,0.08731755
0.0,0.056575917
0.0,0.043622952
0.0,0.038346127
0.0,0.0612752
0.0,0.066611975
0.0,0.08303002
0.0,0.08004695
0.0,0.064709544
0.0,0.073836595
0.0,0.06369855
0.0,0.03721852
0.0,0.053783137
0.0,0.024149407
0.0,0.040517133
0.0,0.051952306
0.0,0.040772263
0.0,0.029224323
0.0,0.055197205
0.0,0.039637897
0.0,0.028703358
0.0,0.056123983
0.0,0.054428026
0.0,0.06386238
0.0,0.07999593
1.0,0.080717884
0.0,0.12674026
0.0,0.06643876
0.0,0.045839936
0.0,0.06915289
0.0,0.03983031
1.0,0.042154662
0.0,0.065734915
0.0,0.0063780705
0.0,0.0569337
1.0,0.069135964
0.0,0.06523277
0.0,0.072267756
0.0,0.07154951
0.0,0.06935797
0.0,0.06463798
0.0,0.025307529
0.0,0.08505501
0.0,0.039071985
0.0,0.10123631
0.0,0.05283794
0.0,0.048427843
0.0,0.04880804
0.0,0.06117448
0.0,0.053068258
0.0,0.07316794
1.0,0.06493325
0.0,0.073456064
0.0,0.055422504
1.0,0.07332312
0.0,0.06293258
0.0,0.05450797
0.0,0.05073873
0.0,0.076411895
0.0,0.04886106
0.0,0.028083082
0.0,0.056352098
0.0,0.03343853
0.0,0.036288407
0.0,0.09211272
0.0,0.05198841
0.0,0.075196125
0.0,0.05209112
0.0,0.0447172
0.0,0.04449132
0.0,0.047809042
0.0,0.030590566
0.0,0.05799479
0.0,0.083462134
0.0,0.079009965
0.0,0.07667734
0.0,0.060102437
0.0,0.058204815
0.0,0.044894703
0.0,0.03650285
0.0,0.021802414
0.0,0.06444174
0.0,0.030789405
0.0,0.06157784
0.0,0.033639356
0.0,0.070076294
0.0,0.0043349187
0.0,0.058252573
0.0,0.105962716
0.0,0.040677488
0.0,0.052382983
0.0,0.045870252
0.0,0.039309163
0.0,0.087501526
0.0,0.060567793
0.0,0.078037806
0.0,0.042895056
0.0,0.053403948
0.0,0.043014128
0.0,0.040508382
0.0,0.049002454
0.0,0.07039605
0.0,0.04035014
0.0,0.042891037
1.0,0.06103554
0.0,0.09169996
0.0,0.05086796
0.0,0.03900294
0.0,0.0507403
0.0,0.037581608
0.0,0.07487664
0.0,0.048424147
0.0,0.06344716
0.0,0.0847711
0.0,0.0804882
0.0,0.0069320244
0.0,0.07668498
0.0,0.04372827
0.0,0.058532346
0.0,0.038305994
0.0,0.08968361
0.0,0.09007412
0.0,0.055454317
0.0,0.044188064
0.0,0.10297763
0.0,0.07290219
0.0,0.07501674
0.0,0.07253626
0.0,0.07246619
0.0,0.06636426
0.0,0.0524616
0.0,0.07964057
0.0,0.09726945
0.0,0.040140063
0.0,0.029733725
0.0,0.084466115
0.0,0.057841692
0.0,0.070149325
0.0,0.064051285
0.0,0.07413732
0.0,0.038451612
0.0,0.057297707
0.0,0.08547443
0.0,0.069586046
0.0,0.034186486
0.0,0.042474937
0.0,0.102509275
0.0,0.075029045
0.0,0.058149762
0.0,0.03723683
0.0,0.042122655
0.0,0.0708104
0.0,0.033505794
0.0,0.025594413
0.0,0.045984153
0.0,0.074823715
0.0,0.0332326
0.0,0.05378124
0.0,0.043203592
0.0,0.03963591
0.0,0.059562802
0.0,0.10082649
0.0,0.043523602
0.0,0.05840463
0.0,0.055732477
0.0,0.03443229
0.0,0.07130711
1.0,0.07299778
0.0,0.052506234
0.0,0.06299725
0.0,0.094592355
1.0,0.06714316
0.0,0.067271955
0.0,0.05590159
0.0,0.06629058
0.0,0.07626244
0.0,0.043985464
0.0,0.05292346
0.0,0.06369986
1.0,0.08687629
0.0,0.08260014
0.0,0.033097357
0.0,0.03635195
0.0,0.041383725
0.0,0.041576758
0.0,0.04163584
0.0,0.066357754
0.0,0.0332885
0.0,0.06662602
0.0,0.10301526
0.0,0.06491857
0.0,0.056728706
0.0,0.092476256
0.0,0.05809972
0.0,0.07289906
0.0,0.049082294
0.0,0.032172043
0.0,0.07995732
1.0,0.021423982
0.0,0.06990615
0.0,0.043363806
0.0,0.023958046
0.0,0.049976446
0.0,0.085682936
0.0,0.078334026
0.0,0.04393524
0.0,0.05897567
0.0,0.058019545
0.0,0.031937115
0.0,0.05052252
0.0,0.02247524
1.0,0.069812015
0.0,0.08504094
0.0,0.0686716
0.0,0.034873225
0.0,0.08523723
0.0,0.115154624
0.0,0.03823608
0.0,0.05385945
0.0,0.047657855
0.0,0.049259514
0.0,0.065310724
1.0,0.059736006
0.0,0.06884274
0.0,0.07615834
0.0,0.036582027
0.0,0.07283405
0.0,0.055155084
0.0,0.08500911
0.0,0.04269147
0.0,0.08051138
0.0,0.010416105
0.0,0.067635156
0.0,0.06045611
0.0,0.02267967
0.0,0.03734071
0.0,0.033466667
0.0,0.045472734
0.0,0.059317946
0.0,0.030290676
0.0,0.050122805
0.0,0.06878238
0.0,0.07583964
0.0,0.048348147
0.0,0.035895746
0.0,0.069963306
0.0,0.062551014
0.0,0.061609443
0.0,0.07079294
0.0,0.08505611
0.0,0.07797435
0.0,0.06930048
0.0,0.04565321
0.0,0.076331794
0.0,0.05600188
0.0,0.073107556
0.0,0.08207932
0.0,0.032495
0.0,0.0532037
0.0,0.062035907
0.0,0.031638138
0.0,0.082083985
0.0,0.050586537
0.0,0.07770462
1.0,0.0072032306
0.0,0.05977101
0.0,0.060887128
0.0,0.03636712
0.0,0.065612346
0.0,0.07252504
0.0,0.058419347
0.0,0.058536977
0.0,0.053288728
0.0,0.04671811
0.0,0.0686771
0.0,0.04782293
0.0,0.048284385
0.0,0.05468354
0.0,0.029559625
0.0,0.04837965
0.0,0.056016598
0.0,0.097417526
0.0,0.06716215
0.0,0.045914695
0.0,0.059649434
0.0,0.09979643
0.0,0.053878162
0.0,0.053524747
0.0,0.06950785
0.0,0.031865194
0.0,0.08409749
0.0,0.07634017
0.0,0.037324682
0.0,0.06319655
0.0,0.04013209
0.0,0.04129253
0.0,0.033345018
0.0,0.052812964
0.0,0.06243173
0.0,0.042266168
0.0,0.047700003
0.0,0.04091948
0.0,0.058641773
0.0,0.055881005
0.0,0.05356781
0.0,0.04597958
0.0,0.051866405
0.0,0.08282286
0.0,0.03883816
0.0,0.083514646
0.0,0.08259833
0.0,0.05491876
0.0,0.05738494
0.0,0.05947332
0.0,0.03626305
0.0,0.053771444
0.0,0.057219673
0.0,0.04607849
0.0,0.032886248
0.0,0.08157342
0.0,0.03745746
0.0,0.07602775
0.0,0.04774472
0.0,0.0526332
0.0,0.06892414
0.0,0.06993926
0.0,0.057770893
0.0,0.0916087
0.0,0.04776331
0.0,0.031949487
0.0,0.0766933
0.0,0.06478021
0.0,0.07534296
0.0,0.05213611
0.0,0.036033574
0.0,0.073655955
0.0,0.07319921
0.0,0.043936484
0.0,0.08385147
0.0,0.030377796
0.0,0.072025575
0.0,0.07214372
0.0,0.07838419
1.0,0.04401028
0.0,0.040772095
0.0,0.049680825
0.0,0.047377955
0.0,0.061927956
1.0,0.051533964
0.0,0.025094029
0.0,0.07741792
0.0,0.036751263
0.0,0.039818507
0.0,0.04228756
0.0,0.06983692
0.0,0.044263486
0.0,0.058995273
0.0,0.04320284
0.0,0.044023357
0.0,0.029608866
0.0,0.0889048
0.0,0.039961956
0.0,0.08971609
0.0,0.078609765
0.0,0.06964914
0.0,0.049441025
0.0,0.08689579
0.0,0.065819964
1.0,0.03413976
0.0,0.07002963
0.0,0.05669904
0.0,0.05509503
0.0,0.030360658
0.0,0.08055491
0.0,0.041652434
0.0,0.053170588
0.0,0.039216958
0.0,0.07368855
0.0,0.049495444
1.0,0.060693003
0.0,0.043555215
0.0,0.047665015
0.0,0.04258209
0.0,0.074748114
1.0,0.03208957
0.0,0.050698306
2.0,0.046248138
0.0,0.03299756
0.0,0.07900649
0.0,0.102503315
0.0,0.0472054
0.0,0.05000703
0.0,0.06137556
0.0,0.040495597
0.0,0.057178516
0.0,0.009370562
0.0,0.08494918
0.0,0.07224157
0.0,0.046800382
0.0,0.03404267
0.0,0.06591768
0.0,0.054254975
0.0,0.071291216
0.0,0.1021255
0.0,0.040561013
0.0,0.08401222
0.0,0.05367878
0.0,0.05743553
0.0,0.019837573
0.0,0.079280406
0.0,0.07120869
0.0,0.042659502
0.0,0.049299482
0.0,0.068221346
0.0,0.040993817
0.0,0.032597322
0.0,0.06560809
0.0,0.0800062
0.0,0.042797007
0.0,0.06594805
0.0,0.052895024
0.0,0.041255645
0.0,0.06225506
0.0,0.06169348
0.0,0.07371783
0.0,0.044841513
0.0,0.050913617
0.0,0.05530794
0.0,0.077240005
0.0,0.031088874
0.0,0.060446065
0.0,0.038674403
0.0,0.06113714
0.0,0.035593975
0.0,0.07461801
0.0,0.046228748
0.0,0.06388521
0.0,0.03697315
0.0,0.06903136
0.0,0.07508158
0.0,0.07442371
0.0,0.062256645
0.0,0.101392865
0.0,0.067169435
0.0,0.054445326
0.0,0.065734334
0.0,0.06917465
1.0,0.042445395
0.0,0.06763409
0.0,0.06475482
0.0,0.08847791
0.0,0.043881815
0.0,0.07617279
0.0,0.08267732
0.0,0.09150063
0.0,0.082042694
0.0,0.07367573
0.0,0.037346054
0.0,0.057101697
0.0,0.0583074
0.0,0.09192479
0.0,0.06971741
0.0,0.08137381
0.0,0.06609297
1.0,0.051698882
0.0,0.076051
0.0,0.033275153
0.0,0.083416745
0.0,0.042705763
0.0,0.065918416
0.0,0.06242539
0.0,0.066037536
0.0,0.045638934
0.0,0.03583264
0.0,0.0063486802
0.0,0.044181228
0.0,0.036227174
0.0,0.071554445
1.0,0.042273667
0.0,0.08169989
0.0,0.07342121
0.0,0.029021353
0.0,0.10591197
0.0,0.028594835
0.0,0.050946448
0.0,0.0843272
0.0,0.07256266
0.0,0.05669831
0.0,0.07853636
0.0,0.074066356
1.0,0.07428276
0.0,0.044820596
0.0,0.034070592
0.0,0.052373443
0.0,0.040397312
0.0,0.038460687
0.0,0.031115582
0.0,0.060679533
0.0,0.07159434
0.0,0.07421416
0.0,0.05509385
0.0,0.09545782
0.0,0.049956493
0.0,0.05439976
0.0,0.04901844
0.0,0.08133362
0.0,0.05619862
1.0,0.07505481
0.0,0.09400641
0.0,0.06596341
0.0,0.066226274
1.0,0.057302404
0.0,0.01131889
0.0,0.075331986
0.0,0.04159167
0.0,0.028981969
0.0,0.07581234
0.0,0.063147716
0.0,0.047512524
0.0,0.073261335
0.0,0.022463514
0.0,0.063648246
0.0,0.051557586
0.0,0.041022778
0.0,0.05463893
0.0,0.06819193
0.0,0.044641748
0.0,0.04934139
0.0,0.028615076
0.0,0.034919143
0.0,0.082333565
0.0,0.04719659
0.0,0.042480517
0.0,0.0703094
0.0,0.074447915
0.0,0.082689516
0.0,0.07117851
0.0,0.05429496
0.0,0.07251441
0.0,0.06809343
0.0,0.106761865
0.0,0.029249737
0.0,0.051939204
0.0,0.06573957
0.0,0.0491459
0.0,0.09849885
0.0,0.06528388
0.0,0.07256987
0.0,0.071618825
0.0,0.06371195
0.0,0.054564364
0.0,0.05419584
0.0,0.05016541
0.0,0.040103815
0.0,0.02347745
0.0,0.047683246
0.0,0.05063673
0.0,0.052138768
0.0,0.043219097
0.0,0.04406622
0.0,0.04865516
0.0,0.07598115
0.0,0.080567546
0.0,0.0683388
1.0,0.07294499
0.0,0.006187491
0.0,0.05581077
0.0,0.084136754
0.0,0.05484972
0.0,0.065474816
0.0,0.049254898
0.0,0.046754703
0.0,0.06437367
0.0,0.05796091
0.0,0.07992843
1.0,0.049309533
0.0,0.03527714
0.0,0.058909733
0.0,0.03252273
0.0,0.061601058
0.0,0.098518014
0.0,0.005667825
0.0,0.066670686
0.0,0.0515897
0.0,0.052494593
0.0,0.03559265
0.0,0.06962047
0.0,0.012501412
0.0,0.03826145
0.0,0.0657615
0.0,0.07303093
0.0,0.024172455
0.0,0.07854054
0.0,0.08455095
0.0,0.068229936
0.0,0.041519344
0.0,0.04048464
0.0,0.064367995
0.0,0.10148583
0.0,0.03810796
0.0,0.04433888
1.0,0.07835863
0.0,0.06904744
0.0,0.040579807
0.0,0.06370399
0.0,0.06393759
0.0,0.07241465
0.0,0.05749997
0.0,0.031879537
0.0,0.048666857
0.0,0.052415915
0.0,0.045120493
0.0,0.052894898
0.0,0.07419274
0.0,0.055216186
0.0,0.088233694
0.0,0.071180806
0.0,0.03927605
0.0,0.074911535
0.0,0.05735406
0.0,0.04679083
0.0,0.062027313
0.0,0.052718688
1.0,0.06685563
1.0,0.049911395
0.0,0.054171942
0.0,0.07593955
0.0,0.07324577
0.0,0.0410521
0.0,0.0406154
0.0,0.035625022
0.0,0.042578936
0.0,0.064339496
0.0,0.05207196
0.0,0.03752863
0.0,0.04721194
0.0,0.057116687
0.0,0.06837265
0.0,0.07321724
0.0,0.07248364
0.0,0.0947116
0.0,0.02968751
0.0,0.06997814
0.0,0.042603865
0.0,0.04239885
0.0,0.033427194
0.0,0.06568798
0.0,0.023689294
0.0,0.067021415
0.0,0.03905709
0.0,0.046400398
0.0,0.05636536
0.0,0.0809698
0.0,0.034999315
0.0,0.0619098
0.0,0.06110065
0.0,0.07364317
0.0,0.07339896
0.0,0.093754694
0.0,0.07408792
0.0,0.0069223493
0.0,0.066180386
0.0,0.07353932
0.0,0.030870128
0.0,0.063012004
0.0,0.0627346
0.0,0.060750637
0.0,0.055088215
0.0,0.08437283
0.0,0.047361523
0.0,0.04504156
0.0,0.07463624
0.0,0.040453833
0.0,0.06581737
0.0,0.07560833
0.0,0.0900857
0.0,0.040028334
0.0,0.034620512
0.0,0.050378516
0.0,0.060860265
2.0,0.052669667
0.0,0.009915501
0.0,0.035788774
0.0,0.105921745
0.0,0.067181975
0.0,0.03447405
0.0,0.058478683
0.0,0.04870889
0.0,0.056262206
0.0,0.07282728
0.0,0.03916861
0.0,0.05349677
0.0,0.08361532
0.0,0.03197634
0.0,0.03503301
0.0,0.05465021
0.0,0.09568119
0.0,0.061451975
0.0,0.08094039
0.0,0.049070917
0.0,0.062917605
0.0,0.080601916
0.0,0.05380091
0.0,0.057562202
0.0,0.06724152
0.0,0.055821083
0.0,0.035821877
0.0,0.03704146
0.0,0.061567698
0.0,0.048243847
0.0,0.04458836
0.0,0.07766621
0.0,0.041461002
0.0,0.03901185
0.0,0.03943558
0.0,0.07642711
0.0,0.06541744
0.0,0.08226599
0.0,0.05183311
0.0,0.064810164
0.0,0.044408493
0.0,0.040075123
1.0,0.045119505
0.0,0.10052422
1.0,0.04321608
0.0,0.085416965
0.0,0.0805978
0.0,0.06707839
1.0,0.048277088
0.0,0.03912175
0.0,0.07151249
0.0,0.07349699
1.0,0.0648237
0.0,0.03434072
0.0,0.044799432
0.0,0.013020069
0.0,0.06897144
0.0,0.040911976
0.0,0.037100296
1.0,0.0500618
0.0,0.090645865
1.0,0.03388396
0.0,0.08112245
0.0,0.06758628
0.0,0.09787475
0.0,0.09721256
0.0,0.060885765
0.0,0.054816566
0.0,0.054874938
0.0,0.026520917
0.0,0.051159557
0.0,0.0059932712
0.0,0.062494174
0.0,0.07503612
0.0,0.058194324
0.0,0.08056029
0.0,0.03599368
0.0,0.08056153
0.0,0.040968865
0.0,0.043807346
0.0,0.04982963
0.0,0.08621714
0.0,0.043174453
0.0,0.009027193
0.0,0.07175836
0.0,0.024154168
0.0,0.03748491
0.0,0.047627844
0.0,0.04002632
0.0,0.04878369
0.0,0.07865275
0.0,0.051044468
0.0,0.081749834
0.0,0.056246378
0.0,0.042644553
0.0,0.05188419
0.0,0.060718752
0.0,0.054732688
0.0,0.0662975
0.0,0.063284464
0.0,0.06616584
1.0,0.04461495
0.0,0.033560857
0.0,0.045599952
0.0,0.039673824
0.0,0.059371173
0.0,0.06380282
0.0,0.019012269
0.0,0.038706128
0.0,0.08847975
0.0,0.07112078
0.0,0.063669614
0.0,0.08710484
0.0,0.0506166
0.0,0.038199116
0.0,0.06945828
0.0,0.06886477
0.0,0.037719615
0.0,0.041857816
0.0,0.05964949
0.0,0.047150545
0.0,0.0454449
0.0,0.0224821
0.0,0.074554436
0.0,0.07718149
0.0,0.041293357
0.0,0.06807935
0.0,0.0471876
0.0,0.078289196
0.0,0.053247847
0.0,0.081819855
0.0,0.0548659
0.0,0.0369359
0.0,0.04385501
0.0,0.08949135
0.0,0.058186583
0.0,0.04908435
0.0,0.078034155
0.0,0.06485562
0.0,0.07046805
0.0,0.039803196
1.0,0.045901135
0.0,0.046219062
0.0,0.04367689
0.0,0.04805992
0.0,0.059221234
0.0,0.044429734
0.0,0.047462966
1.0,0.04337394
0.0,0.051072467
0.0,0.09166157
0.0,0.056423753
0.0,0.051254906
0.0,0.06880361
0.0,0.061621815
0.0,0.048981044
0.0,0.064568885
0.0,0.0471848
0.0,0.06948
0.0,0.06860493
0.0,0.11245806
0.0,0.04938987
0.0,0.075656906
0.0,0.080654725
0.0,0.046278812
0.0,0.026440924
1.0,0.08840948
0.0,0.048225228
0.0,0.05516229
0.0,0.063451804
0.0,0.083427995
0.0,0.04632739
0.0,0.059790395
0.0,0.035040237
0.0,0.03485501
0.0,0.075721815
0.0,0.044001196
0.0,0.066085435
0.0,0.06719596
0.0,0.05601048
0.0,0.072399005
1.0,0.037847865
0.0,0.06273154
0.0,0.053006183
0.0,0.05034724
0.0,0.05102746
0.0,0.062113278
0.0,0.089371115
0.0,0.03889982
0.0,0.024330795
0.0,0.04804112
0.0,0.057269257
0.0,0.0626261
0.0,0.05438089
0.0,0.037753463
0.0,0.0960478
0.0,0.051323824
0.0,0.071675315
0.0,0.04269771
0.0,0.06558088
0.0,0.040393673
0.0,0.0414459
0.0,0.024819752
0.0,0.08468424
0.0,0.07542919
0.0,0.055366054
0.0,0.04693284
0.0,0.033712924
0.0,0.039178137
0.0,0.04210645
0.0,0.055607714
0.0,0.049331453
0.0,0.07213426
0.0,0.085560635
0.0,0.054628104
0.0,0.07987607
0.0,0.04614792
0.0,0.043365758
0.0,0.058080416
0.0,0.072040655
0.0,0.03802858
1.0,0.058054637
0.0,0.03959472
0.0,0.052240603
0.0,0.041426852
1.0,0.042045876
0.0,0.06378171
0.0,0.047151625
0.0,0.0486259
0.0,0.07028079
0.0,0.039651506
0.0,0.017792057
0.0,0.04434243
0.0,0.08022152
0.0,0.07544416
0.0,0.08036036
0.0,0.056436993
0.0,0.070406206
0.0,0.114647664
0.0,0.06583194
0.0,0.04491982
0.0,0.060695622
0.0,0.053684518
0.0,0.04823423
0.0,0.03543354
0.0,0.050019145
0.0,0.0635826
0.0,0.07143822
0.0,0.052707314
0.0,0.07251615
0.0,0.0529307
0.0,0.051953085
0.0,0.041910313
0.0,0.06464482
0.0,0.029198866
0.0,0.07045248
0.0,0.076366305
0.0,0.059232812
0.0,0.054482244
0.0,0.07745377
0.0,0.060064405
0.0,0.06110438
0.0,0.055204917
0.0,0.05840254
0.0,0.061314028
0.0,0.04527824
1.0,0.0654229
0.0,0.004258694
1.0,0.046072066
0.0,0.06652386
0.0,0.056921974
0.0,0.03959877
0.0,0.042097844
0.0,0.051545184
0.0,0.053945154
0.0,0.06187183
0.0,0.030607797
0.0,0.04668071
0.0,0.059956156
0.0,0.07408355
0.0,0.045860223
0.0,0.058148418
0.0,0.08371376
0.0,0.08010428
0.0,0.07857354
0.0,0.022008551
0.0,0.08871595
0.0,0.067521565
0.0,0.02893829
0.0,0.03281182
0.0,0.07356363
0.0,0.06558318
0.0,0.06314215
0.0,0.04753246
0.0,0.08044085
0.0,0.053564362
0.0,0.07041746
0.0,0.07342826
0.0,0.010014859
0.0,0.042388633
0.0,0.05520621
0.0,0.0612862
0.0,0.042138383
1.0,0.08961457
0.0,0.0074624643
0.0,0.04186052
1.0,0.038557056
0.0,0.0705413
0.0,0.055923387
0.0,0.06397511
0.0,0.048151158
0.0,0.06960158
0.0,0.050178822
0.0,0.07219547
0.0,0.07420098
0.0,0.035088673
0.0,0.072433785
0.0,0.06006071
0.0,0.07060244
0.0,0.083498165
0.0,0.08122491
0.0,0.034434807
0.0,0.07918225
0.0,0.040693793
0.0,0.07425138
0.0,0.042792857
0.0,0.04444883
1.0,0.047616422
0.0,0.08971489
0.0,0.09206365
1.0,0.04025095
0.0,0.056102924
0.0,0.08069639
0.0,0.0660011
0.0,0.04878421
0.0,0.08175609
0.0,0.04963341
0.0,0.043900996
0.0,0.08615759
0.0,0.04571307
0.0,0.04979179
1.0,0.07214573
0.0,0.026394516
0.0,0.04129838
0.0,0.044462524
1.0,0.05594391
0.0,0.07130753
0.0,0.07552927
0.0,0.053564798
0.0,0.048688907
0.0,0.10158041
0.0,0.07342723
0.0,0.04243003
0.0,0.057756793
1.0,0.05295923
0.0,0.05981961
0.0,0.0735961
0.0,0.06873066
0.0,0.06059604
0.0,0.079528764
0.0,0.08821836
0.0,0.085992984
0.0,0.06552504
0.0,0.03794297
0.0,0.07056158
0.0,0.054780427
0.0,0.04199765
0.0,0.06589963
0.0,0.029096635
1.0,0.040813684
0.0,0.052563526
0.0,0.07223645
0.0,0.06592516
0.0,0.061240513
0.0,0.05280642
0.0,0.05982737
0.0,0.041403018
0.0,0.075129196
0.0,0.055966683
0.0,0.06849049
1.0,0.069837615
0.0,0.038235772
0.0,0.055152506
0.0,0.06502474
0.0,0.07589533
0.0,0.04053149
0.0,0.075501055
0.0,0.04258861
0.0,0.06592961
0.0,0.066699065
0.0,0.09010181
0.0,0.053302005
0.0,0.084554896
0.0,0.0617452
0.0,0.07045509
0.0,0.05712554
1.0,0.08642002
0.0,0.050354358
0.0,0.048415836
0.0,0.058689356
0.0,0.044714022
0.0,0.07762039
1.0,0.054694504
0.0,0.040423557
0.0,0.05396256
1.0,0.06611148
0.0,0.0446642
0.0,0.05351989
0.0,0.04709182
0.0,0.08069194
0.0,0.078351565
0.0,0.041610654
0.0,0.05106745
0.0,0.050776415
0.0,0.06398175
0.0,0.035788365
0.0,0.030383619
0.0,0.049500518
0.0,0.075694814
0.0,0.069404125
0.0,0.047095962
0.0,0.08149493
0.0,0.043876395
0.0,0.039814282
0.0,0.04270114
0.0,0.032808322
0.0,0.0478984
0.0,0.023381207
0.0,0.04795468
0.0,0.045150936
0.0,0.055359244
0.0,0.06280953
0.0,0.05254081
0.0,0.07801965
0.0,0.06322282
0.0,0.06576837
0.0,0.03852414
0.0,0.08039039
0.0,0.04542514
1.0,0.007304447
1.0,0.039219335
0.0,0.041685715
0.0,0.03651797
0.0,0.050846823
0.0,0.069736525
0.0,0.048997454
0.0,0.055678025
0.0,0.06444055
0.0,0.08434318
0.0,0.0345375
0.0,0.053971734
0.0,0.08771294
0.0,0.03333055
0.0,0.064181894
0.0,0.05877948
0.0,0.08832591
0.0,0.053052623
0.0,0.057222266
0.0,0.065904394
0.0,0.07221903
0.0,0.045940395
0.0,0.07314544
0.0,0.077356145
0.0,0.046008155
0.0,0.04637757
0.0,0.08812585
0.0,0.06663126
0.0,0.041361205
1.0,0.061465148
1.0,0.048594322
0.0,0.016693732
0.0,0.07326717
0.0,0.042999692
0.0,0.0664853
0.0,0.050289005
0.0,0.06216774
0.0,0.074506015
0.0,0.057244685
0.0,0.09932904
0.0,0.051143788
0.0,0.09503995
0.0,0.10994615
0.0,0.044701435
0.0,0.03778024
1.0,0.02809091
0.0,0.04499751
0.0,0.073868714
0.0,0.035516597
0.0,0.086310685
0.0,0.0725184
0.0,0.026859723
0.0,0.025179029
0.0,0.04785855
0.0,0.06392015
1.0,0.042957496
0.0,0.039599903
1.0,0.04664662
0.0,0.0695747
0.0,0.033483267
0.0,0.04745222
0.0,0.040986292
0.0,0.05717061
0.0,0.05398093
0.0,0.04189442
0.0,0.0504252
0.0,0.096406594
1.0,0.032291308
0.0,0.034796543
0.0,0.048489273
0.0,0.082684904
0.0,0.06772029
0.0,0.04802343
0.0,0.04923605
0.0,0.0902431
0.0,0.07234338
0.0,0.03896699
0.0,0.04920167
1.0,0.04860459
0.0,0.04838798
0.0,0.032251682
1.0,0.06286414
0.0,0.06878663
0.0,0.059554994
0.0,0.029861474
0.0,0.08402993
0.0,0.07515161
0.0,0.042764515
0.0,0.04587558
0.0,0.039064616
0.0,0.035545815
0.0,0.02993279
0.0,0.034456734
0.0,0.07506381
0.0,0.0804852
0.0,0.046059433
0.0,0.038718246
0.0,0.040783774
0.0,0.049938522
0.0,0.04747364
0.0,0.047163036
0.0,0.085807234
0.0,0.10616
0.0,0.051412787
1.0,0.08116869
0.0,0.06372501
1.0,0.039981976
0.0,0.039476342
0.0,0.09686661
0.0,0.06245086
0.0,0.09090869
0.0,0.018901743
0.0,0.04504621
0.0,0.061851077
0.0,0.077615574
0.0,0.02914821
0.0,0.043144982
0.0,0.04461684
0.0,0.06423164
0.0,0.0817797
0.0,0.047876287
0.0,0.07167183
0.0,0.05570726
0.0,0.06581579
0.0,0.031282935
0.0,0.058262587
0.0,0.045790724
0.0,0.0926498
0.0,0.049493533
0.0,0.052990593
0.0,0.05456461
1.0,0.05328338
0.0,0.04529953
0.0,0.0573756
0.0,0.105691224
0.0,0.056088842
0.0,0.0660654
0.0,0.05692823
0.0,0.06885485
1.0,0.040607505
0.0,0.03762693
0.0,0.04732191
0.0,0.05277504
0.0,0.05007339
0.0,0.06760438
0.0,0.06336027
0.0,0.049229845
1.0,0.06938245
0.0,0.022121398
0.0,0.04652807
0.0,0.047583386
0.0,0.049500708
0.0,0.054516237
0.0,0.044866644
0.0,0.038437184
0.0,0.054074295
0.0,0.018341588
0.0,0.0760159
0.0,0.06489239
0.0,0.047948297
0.0,0.03795816
0.0,0.07692475
0.0,0.05665573
0.0,0.053813294
0.0,0.036309462
0.0,0.097417526
0.0,0.058552474
0.0,0.070157945
0.0,0.08268191
0.0,0.053545468
0.0,0.029226372
0.0,0.01999955
0.0,0.065343395
0.0,0.038749505
0.0,0.08250992
0.0,0.04756518
0.0,0.04175613
0.0,0.051080357
0.0,0.10017515
0.0,0.046666056
0.0,0.046028852
0.0,0.0722707
1.0,0.05889555
0.0,0.005774726
0.0,0.0045044585
0.0,0.06609205
0.0,0.04385771
0.0,0.018776612
0.0,0.036432598
0.0,0.07182532
0.0,0.05901162
0.0,0.056074347
0.0,0.053765446
0.0,0.055392344
0.0,0.028305303
0.0,0.058366653
0.0,0.042967707
0.0,0.0733788
0.0,0.05554712
0.0,0.047739528
0.0,0.05062653
0.0,0.06305644
0.0,0.07865177
0.0,0.053198077
0.0,0.05077633
0.0,0.06554068
1.0,0.06247521
0.0,0.07157263
0.0,0.028573204
0.0,0.051117737
0.0,0.06592128
0.0,0.0578531
0.0,0.0611084
0.0,0.056425706
0.0,0.04162402
0.0,0.064890906
0.0,0.109565094
0.0,0.055805072
0.0,0.04767905
0.0,0.08994439
0.0,0.054338343
0.0,0.051145483
0.0,0.05771819
0.0,0.075990096
0.0,0.06405722
0.0,0.0762233
0.0,0.044563703
0.0,0.06632307
0.0,0.06100301
0.0,0.047664978
0.0,0.07337373
0.0,0.07273327
0.0,0.058573987
0.0,0.10097104
0.0,0.051664073
0.0,0.045170125
0.0,0.06644608
0.0,0.053579666
0.0,0.092444405
0.0,0.068153195
0.0,0.09151533
0.0,0.009615245
0.0,0.073368065
0.0,0.06585281
0.0,0.06619982
0.0,0.0893281
0.0,0.056445133
0.0,0.050551176
0.0,0.03610249
0.0,0.05601872
0.0,0.07134137
0.0,0.057758678
0.0,0.050421152
0.0,0.04957944
0.0,0.05457084
0.0,0.08341388
0.0,0.036968328
0.0,0.051618036
0.0,0.0058831554
0.0,0.08175157
0.0,0.055143878
0.0,0.07311799
0.0,0.06077989
0.0,0.07382663
0.0,0.023093283
0.0,0.025378488
0.0,0.037786655
0.0,0.05793042
0.0,0.062118713
0.0,0.03761388
0.0,0.032667533
0.0,0.056812167
0.0,0.07085691
1.0,0.06788479
0.0,0.060841724
0.0,0.072221845
0.0,0.03517036
0.0,0.08342877
0.0,0.008878132
0.0,0.059836112
0.0,0.084829204
0.0,0.059998423
0.0,0.091587305
0.0,0.058930017
0.0,0.095739014
0.0,0.04631553
0.0,0.043968268
0.0,0.039956305
0.0,0.08703028
0.0,0.022059692
0.0,0.06320176
0.0,0.09348876
0.0,0.03116801
0.0,0.054215096
0.0,0.048054866
0.0,0.04353198
0.0,0.09054564
0.0,0.055949233
0.0,0.039625328
0.0,0.03452772
0.0,0.07102652
0.0,0.060989834
0.0,0.09405654
0.0,0.071025535
0.0,0.06513271
0.0,0.07111002
0.0,0.020264585
0.0,0.008009
0.0,0.06439642
0.0,0.052033424
0.0,0.03965582
0.0,0.091771826
0.0,0.04057293
0.0,0.0626451
0.0,0.049823333
1.0,0.047329545
0.0,0.082345955
0.0,0.03169399
0.0,0.039459966
0.0,0.031707305
0.0,0.055306897
0.0,0.04892409
1.0,0.10016175
0.0,0.0716903
0.0,0.07425889
0.0,0.061963636
0.0,0.046328228
0.0,0.071185976
0.0,0.07668112
0.0,0.041284144
0.0,0.064422175
0.0,0.073335916
0.0,0.058023974
1.0,0.077236414
0.0,0.055138662
0.0,0.08123529
0.0,0.040456254
0.0,0.032621168
0.0,0.06964374
0.0,0.048031386
0.0,0.06976401
0.0,0.035154037
0.0,0.045484953
0.0,0.054172147
1.0,0.06063077
0.0,0.054027013
0.0,0.05121009
0.0,0.057625405
0.0,0.0711777
0.0,0.054467063
0.0,0.055561434
0.0,0.062214106
0.0,0.060049128
0.0,0.06625778
0.0,0.05415532
0.0,0.049866423
0.0,0.05411153
0.0,0.030749762
0.0,0.041927334
0.0,0.077619016
0.0,0.08160089
0.0,0.041970722
0.0,0.042930026
1.0,0.06419302
0.0,0.042041786
0.0,0.08304293
0.0,0.07608725
0.0,0.06988512
0.0,0.045819633
0.0,0.060635194
0.0,0.04291762
0.0,0.055891663
0.0,0.05110706
0.0,0.090291716
0.0,0.018459106
0.0,0.077760495
1.0,0.041703936
0.0,0.077060536
0.0,0.11410979
0.0,0.0045926725
0.0,0.042982984
0.0,0.05990837
0.0,0.05983637
0.0,0.07669145
0.0,0.065201506
0.0,0.056255043
0.0,0.07020062
0.0,0.039941426
0.0,0.114637084
0.0,0.058494817
0.0,0.09500644
0.0,0.06457596
0.0,0.05203123
0.0,0.10971414
0.0,0.038847614
0.0,0.041002244
0.0,0.03160514
0.0,0.041144
0.0,0.04739434
0.0,0.038737893
0.0,0.048677217
0.0,0.11077434
0.0,0.041294083
0.0,0.06401727
0.0,0.06943077
0.0,0.08474172
0.0,0.05532965
0.0,0.049169715
0.0,0.06402707
0.0,0.03215377
0.0,0.051288486
0.0,0.03481718
0.0,0.061633967
0.0,0.058705647
0.0,0.0715379
0.0,0.07233203
2.0,0.06519838
0.0,0.031963535
0.0,0.041630276
0.0,0.080513954
0.0,0.0701742
0.0,0.07320558
0.0,0.06710187
0.0,0.0342315
0.0,0.07768539
0.0,0.039886996
1.0,0.054368615
0.0,0.050130773
0.0,0.08034151
0.0,0.053167444
0.0,0.06351377
0.0,0.061397865
0.0,0.07911469
0.0,0.062105607
0.0,0.0826288
0.0,0.0817635
1.0,0.038334016
0.0,0.050916553
0.0,0.06612687
0.0,0.09120401
0.0,0.07280766
0.0,0.072318785
0.0,0.03925477
0.0,0.06647293
0.0,0.08867408
0.0,0.075424284
0.0,0.06671824
0.0,0.085441895
0.0,0.030481832
0.0,0.048720583
0.0,0.061641254
1.0,0.037615225
0.0,0.037509844
0.0,0.04044658
0.0,0.074713215
0.0,0.07552151
0.0,0.112891905
0.0,0.06993704
0.0,0.08021088
0.0,0.040688787
0.0,0.07499644
1.0,0.04537546
0.0,0.052002087
0.0,0.049676348
0.0,0.0075819436
0.0,0.08540731
0.0,0.061717547
0.0,0.046997346
0.0,0.053640172
0.0,0.079379134
0.0,0.050214387
0.0,0.04493865
0.0,0.08385527
0.0,0.056197226
0.0,0.049404755
0.0,0.0320758
0.0,0.060480792
0.0,0.08377977
0.0,0.08027566
0.0,0.032561973
0.0,0.0815996
0.0,0.05564376
0.0,0.06179429
0.0,0.03923932
0.0,0.089651346
0.0,0.06669277
0.0,0.0458493
0.0,0.04434558
0.0,0.042544402
0.0,0.07241872
0.0,0.09223385
0.0,0.027054667
1.0,0.06516092
0.0,0.06810279
0.0,0.036259554
0.0,0.061684374
0.0,0.045696706
0.0,0.056982886
0.0,0.08015712
0.0,0.04137219
0.0,0.056911536
0.0,0.059814263
1.0,0.07495674
0.0,0.06639143
0.0,0.07627544
0.0,0.08138297
0.0,0.07470352
0.0,0.08104128
0.0,0.075280525
0.0,0.0625194
1.0,0.066632226
0.0,0.06565361
0.0,0.049816776
0.0,0.053031884
0.0,0.046834763
0.0,0.047869973
0.0,0.06365522
0.0,0.08149131
0.0,0.05853003
0.0,0.071633026
0.0,0.057136096
0.0,0.0719243
0.0,0.036196414
0.0,0.052374944
0.0,0.033829052
1.0,0.043314673
0.0,0.07047042
0.0,0.0058058207
0.0,0.053800732
0.0,0.071541294
0.0,0.068210565
0.0,0.07660556
0.0,0.084787264
0.0,0.04784162
0.0,0.0567005
0.0,0.068242915
0.0,0.07310487
0.0,0.07796351
0.0,0.033927247
0.0,0.0842666
0.0,0.033449307
0.0,0.06338393
0.0,0.0766554
0.0,0.07577885
0.0,0.06617625
0.0,0.03353987
0.0,0.038054302
0.0,0.070729
0.0,0.031951863
1.0,0.054514598
0.0,0.03216706
0.0,0.056405634
0.0,0.031422492
0.0,0.047516476
0.0,0.053418312
0.0,0.12790005
0.0,0.056158222
0.0,0.05282148
0.0,0.07051037
0.0,0.05082897
0.0,0.022502918
0.0,0.03350809
0.0,0.06718597
0.0,0.084378704
0.0,0.067559406
0.0,0.0746902
0.0,0.05037668
0.0,0.041686043
0.0,0.047652762
0.0,0.089597754
0.0,0.0845479
1.0,0.044109784
0.0,0.07299284
0.0,0.064832725
0.0,0.0323336
0.0,0.04231489
0.0,0.039383385
0.0,0.044685993
0.0,0.07992389
1.0,0.04860964
0.0,0.067244954
0.0,0.06343244
0.0,0.045976378
0.0,0.08185494
0.0,0.075461
0.0,0.05677298
0.0,0.047092058
0.0,0.009501892
0.0,0.06347925
0.0,0.04844431
0.0,0.04294229
0.0,0.06278409
0.0,0.04571329
1.0,0.05466774
0.0,0.08359206
0.0,0.07770647
0.0,0.008176014
0.0,0.044763867
0.0,0.041543655
0.0,0.046980362
0.0,0.023649741
0.0,0.049277637
0.0,0.038823485
0.0,0.040748753
0.0,0.06625061
0.0,0.098152556
0.0,0.08452563
0.0,0.072242685
0.0,0.037476547
0.0,0.07122849
0.0,0.04730493
0.0,0.05512408
0.0,0.052698202
0.0,0.049201142
0.0,0.080647536
0.0,0.024079442
0.0,0.060201094
0.0,0.04721578
0.0,0.06326734
0.0,0.049891137
0.0,0.03576228
0.0,0.0456935
0.0,0.11475076
1.0,0.07269679
0.0,0.051775
1.0,0.04465317
0.0,0.046174157
0.0,0.04525153
0.0,0.040642288
0.0,0.07376203
0.0,0.052899025
0.0,0.05456522
0.0,0.069712885
0.0,0.055246644
0.0,0.090574145
0.0,0.062315185
0.0,0.08009473
0.0,0.047529835
0.0,0.10048408
0.0,0.056163657
0.0,0.03093655
0.0,0.03074126
0.0,0.08169538
0.0,0.016179133
0.0,0.06551053
0.0,0.06334153
0.0,0.0757528
0.0,0.08196571
0.0,0.08467418
1.0,0.06904841
0.0,0.04272486
1.0,0.069256976
0.0,0.060664922
0.0,0.05413352
0.0,0.06607696
0.0,0.033977825
0.0,0.058475826
0.0,0.036324814
0.0,0.06555315
0.0,0.07976967
0.0,0.07124585
0.0,0.040514883
0.0,0.04202489
0.0,0.035996497
0.0,0.038381655
0.0,0.057583407
0.0,0.05905449
0.0,0.048945602
0.0,0.0513898
0.0,0.040968396
0.0,0.07062493
0.0,0.07497604
0.0,0.047838964
0.0,0.039130248
0.0,0.063355885
0.0,0.05489038
0.0,0.05958972
0.0,0.046865813
0.0,0.076800905
0.0,0.06551306
0.0,0.05910093
0.0,0.08416898
0.0,0.110663705
0.0,0.06471999
0.0,0.05340433
0.0,0.062481407
0.0,0.05209888
0.0,0.07026665
0.0,0.07532198
0.0,0.07723352
0.0,0.06479783
0.0,0.042408444
0.0,0.03788591
0.0,0.06583954
0.0,0.056207478
0.0,0.086793534
0.0,0.04686121
0.0,0.047636338
1.0,0.039308913
0.0,0.028635714
0.0,0.06538953
0.0,0.05241824
0.0,0.058842845
0.0,0.0472863
0.0,0.06366075
0.0,0.043754436
0.0,0.06584164
0.0,0.06475095
0.0,0.082401596
0.0,0.059910357
0.0,0.03962444
0.0,0.047620963
0.0,0.025839834
0.0,0.045650154
0.0,0.03380128
0.0,0.060144454
0.0,0.017590385
0.0,0.07760335
0.0,0.0744047
0.0,0.07947253
0.0,0.054830905
0.0,0.094773196
0.0,0.049998235
0.0,0.063788645
0.0,0.043809623
0.0,0.07268949
0.0,0.052867465
0.0,0.05738463
0.0,0.08173728
0.0,0.04271509
0.0,0.049733408
0.0,0.069763795
1.0,0.062757574
0.0,0.049354356
0.0,0.095600374
1.0,0.03024018
0.0,0.06884394
1.0,0.09457551
0.0,0.059214316
0.0,0.07296626
0.0,0.059308838
0.0,0.06082442
2.0,0.09607168
0.0,0.022485895
0.0,0.045780256
0.0,0.05406678
0.0,0.068947144
0.0,0.06296651
0.0,0.048906796
0.0,0.054019675
0.0,0.069759056
0.0,0.030685708
0.0,0.056923725
0.0,0.058612976
0.0,0.06711992
0.0,0.050457265
0.0,0.055391777
0.0,0.047943633
1.0,0.08730294
0.0,0.050606344
0.0,0.04719209
0.0,0.040580485
0.0,0.06324819
0.0,0.06894642
0.0,0.060376655
0.0,0.043610856
0.0,0.07511687
0.0,0.04038231
0.0,0.060729235
0.0,0.03970541
0.0,0.059179947
0.0,0.04060126
0.0,0.048030723
0.0,0.060282413
0.0,0.051119052
0.0,0.072337426
0.0,0.07096458
0.0,0.08246516
0.0,0.060930274
0.0,0.006099047
0.0,0.038839288
0.0,0.03566836
0.0,0.046336934
0.0,0.049987957
0.0,0.05840315
0.0,0.086711235
0.0,0.058858518
0.0,0.040306166
0.0,0.054904617
0.0,0.046201073
0.0,0.05545051
0.0,0.05074219
0.0,0.07691129
1.0,0.033212133
0.0,0.037784375
0.0,0.08057009
0.0,0.03454371
0.0,0.049411565
0.0,0.06326397
0.0,0.07658854
0.0,0.041766644
0.0,0.09459461
0.0,0.038502783
0.0,0.08623932
0.0,0.07271685
0.0,0.04485409
0.0,0.049357407
0.0,0.04629255
0.0,0.050296478
0.0,0.09155525
0.0,0.042900905
0.0,0.05868927
0.0,0.09122704
0.0,0.052478977
0.0,0.050217573
0.0,0.09227546
0.0,0.0373486
0.0,0.052220404
0.0,0.059212763
0.0,0.031430855
0.0,0.028937185
0.0,0.025970468
0.0,0.028225958
0.0,0.057990905
0.0,0.058102492
0.0,0.071583584
0.0,0.0714362
0.0,0.041527346
0.0,0.08189002
0.0,0.091989204
0.0,0.049695753
0.0,0.06404261
0.0,0.04803211
0.0,0.069842614
0.0,0.076021045
0.0,0.048397623
0.0,0.061975412
0.0,0.07640117
0.0,0.02294508
0.0,0.082819715
0.0,0.05631989
1.0,0.056265544
0.0,0.030768
0.0,0.051107623
0.0,0.07599031
0.0,0.110622734
0.0,0.033633716
0.0,0.038014818
0.0,0.07201857
0.0,0.06714091
0.0,0.039062127
0.0,0.0050049494
0.0,0.09829869
0.0,0.008366986
0.0,0.031088946
0.0,0.061921977
1.0,0.054601803
0.0,0.07936721
0.0,0.05881276
0.0,0.05114131
0.0,0.05586591
0.0,0.071636766
0.0,0.047740802
0.0,0.082235396
0.0,0.041452523
0.0,0.05745068
0.0,0.046159297
0.0,0.061020304
0.0,0.055937376
0.0,0.052389305
0.0,0.08134801
1.0,0.04993657
0.0,0.10986814
0.0,0.06344654
0.0,0.045237333
0.0,0.045485854
0.0,0.051394284
0.0,0.09488228
0.0,0.06762342
0.0,0.061599955
0.0,0.054502368
0.0,0.052298702
0.0,0.063832
0.0,0.071202
0.0,0.06828341
0.0,0.040796503
0.0,0.06601507
0.0,0.034972683
0.0,0.04082551
0.0,0.06353144
0.0,0.06896336
0.0,0.040074967
0.0,0.038847513
0.0,0.043295383
0.0,0.052512757
0.0,0.06261332
0.0,0.040414944
0.0,0.04087364
0.0,0.0666759
0.0,0.06651152
0.0,0.052289065
0.0,0.029121779
0.0,0.063101426
0.0,0.06729811
0.0,0.09023109
0.0,0.047879606
0.0,0.078005604
0.0,0.092209466
0.0,0.04154424
0.0,0.07191854
0.0,0.041116368
0.0,0.049141448
0.0,0.04282411
0.0,0.06474206
0.0,0.048444122
0.0,0.07530853
0.0,0.08125326
1.0,0.032562938
0.0,0.07986952
0.0,0.10571754
0.0,0.039263006
0.0,0.059849527
0.0,0.059245832
0.0,0.091510445
0.0,0.05896483
0.0,0.056199007
0.0,0.08047526
1.0,0.06253397
0.0,0.09016174
0.0,0.051481575
0.0,0.06543953
0.0,0.08067192
0.0,0.06749601
0.0,0.06864619
0.0,0.024106342
0.0,0.083869584
0.0,0.04379449
0.0,0.08923666
0.0,0.057199404
0.0,0.048985284
0.0,0.08146759
0.0,0.099747546
0.0,0.0676419
0.0,0.057330884
0.0,0.04029017
0.0,0.03922642
0.0,0.042140424
0.0,0.07251451
0.0,0.043577142
0.0,0.06705351
0.0,0.13290094
0.0,0.07454272
0.0,0.046438746
0.0,0.051607516
0.0,0.016140243
0.0,0.012745829
0.0,0.06402661
0.0,0.052759867
0.0,0.03508552
0.0,0.042433325
0.0,0.047792986
0.0,0.08116341
0.0,0.056599837
0.0,0.0412597
0.0,0.07202724
0.0,0.07999885
0.0,0.0841166
0.0,0.043838784
0.0,0.057081673
0.0,0.07093099
0.0,0.045245476
0.0,0.084408484
0.0,0.054112844
0.0,0.069730386
0.0,0.057034496
0.0,0.07307957
0.0,0.063822754
0.0,0.040119693
0.0,0.06076611
0.0,0.057826318
0.0,0.07948845
0.0,0.058802806
0.0,0.07143509
0.0,0.06483764
0.0,0.07216124
0.0,0.07118325
0.0,0.08057704
0.0,0.052108586
0.0,0.060700282
0.0,0.07867289
0.0,0.05267866
0.0,0.09700416
0.0,0.045570202
0.0,0.04017014
0.0,0.06389361
0.0,0.04503835
0.0,0.06869392
0.0,0.016558649
0.0,0.051509764
0.0,0.037052825
0.0,0.035546
0.0,0.030848091
0.0,0.0668461
0.0,0.038997643
0.0,0.07933607
0.0,0.05637134
0.0,0.076883845
0.0,0.055298947
0.0,0.08685814
0.0,0.044068344
0.0,0.058002837
0.0,0.05241204
0.0,0.037511766
0.0,0.05902634
0.0,0.04451108
0.0,0.041391984
0.0,0.06567334
0.0,0.051067915
0.0,0.035700295
0.0,0.044707693
0.0,0.009673272
0.0,0.104096755
0.0,0.0917684
0.0,0.05645155
0.0,0.03963296
0.0,0.03746686
0.0,0.083377294
0.0,0.048235036
0.0,0.06272523
0.0,0.06434804
0.0,0.054150157
0.0,0.040937364
0.0,0.07765632
0.0,0.058521923
0.0,0.066214964
0.0,0.06871888
0.0,0.06726974
2.0,0.06745172
0.0,0.034433123
0.0,0.052938804
0.0,0.06950536
0.0,0.051021654
0.0,0.09510918
0.0,0.09471083
1.0,0.07740751
0.0,0.03977175
0.0,0.022266107
0.0,0.07134796
0.0,0.037800856
0.0,0.036227807
0.0,0.04188062
0.0,0.053290036
0.0,0.049672157
0.0,0.039915763
0.0,0.04852022
0.0,0.066099584
0.0,0.054019958
0.0,0.043716773
0.0,0.059417732
0.0,0.06348237
0.0,0.041163594
0.0,0.04126435
1.0,0.093314216
0.0,0.08043763
0.0,0.04329428
0.0,0.05330337
0.0,0.0564645
0.0,0.045198143
0.0,0.06257027
0.0,0.05883725
0.0,0.037398063
0.0,0.035084207
0.0,0.038017485
0.0,0.058223523
0.0,0.027613195
0.0,0.07455163
0.0,0.05661286
0.0,0.040533733
0.0,0.061224308
0.0,0.032397464
0.0,0.067920856
1.0,0.031707097
0.0,0.052695945
0.0,0.07180395
0.0,0.048232485
0.0,0.0755122
0.0,0.037601396
0.0,0.10120762
0.0,0.04310112
0.0,0.048007242
0.0,0.056185007
0.0,0.06971742
0.0,0.039274164
0.0,0.051686298
0.0,0.043834396
0.0,0.061567713
0.0,0.049340557
0.0,0.045237087
0.0,0.05868628
0.0,0.05213899
0.0,0.060307886
0.0,0.058646653
0.0,0.06886466
0.0,0.051766433
0.0,0.04726163
0.0,0.064012356
0.0,0.06546397
0.0,0.032150697
0.0,0.043715417
0.0,0.055725433
0.0,0.053274564
0.0,0.029844385
0.0,0.056847896
0.0,0.059949823
1.0,0.023169301
0.0,0.091500744
0.0,0.058967937
0.0,0.017210735
0.0,0.06417166
0.0,0.05563243
0.0,0.043812413
0.0,0.044685885
0.0,0.06674994
0.0,0.09275273
0.0,0.058554746
0.0,0.054874167
0.0,0.061561257
0.0,0.043384064
0.0,0.033944335
0.0,0.059529155
0.0,0.06567445
0.0,0.06185584
0.0,0.03083712
0.0,0.04332625
0.0,0.047379144
0.0,0.06688828
0.0,0.03792641
0.0,0.06567086
0.0,0.07438482
0.0,0.06251401
0.0,0.047921166
0.0,0.07428173
0.0,0.032724712
0.0,0.0334887
2.0,0.06880044
0.0,0.06480131
0.0,0.07252068
0.0,0.045729987
0.0,0.04556252
0.0,0.047517132
0.0,0.06283947
0.0,0.054002624
0.0,0.05947268
0.0,0.048946314
0.0,0.04861525
0.0,0.038009807
0.0,0.04660799
0.0,0.08535969
0.0,0.027097791
0.0,0.06961479
0.0,0.069747776
0.0,0.058109723
0.0,0.05633716
0.0,0.029595723
0.0,0.059875615
0.0,0.044586245
0.0,0.046321888
1.0,0.056542866
0.0,0.057179227
0.0,0.03995319
0.0,0.06561933
0.0,0.07295084
0.0,0.036826238
0.0,0.053680368
0.0,0.095847264
0.0,0.054907735
0.0,0.09269799
0.0,0.054477673
0.0,0.08097787
0.0,0.040709883
1.0,0.03629841
0.0,0.048766304
0.0,0.071582906
0.0,0.046148703
0.0,0.049071398
0.0,0.069391616
0.0,0.050410874
0.0,0.040568285
0.0,0.088061154
0.0,0.031400766
0.0,0.054123115
0.0,0.05294346
0.0,0.044710442
0.0,0.04387143
0.0,0.066856235
0.0,0.063248895
0.0,0.066298485
1.0,0.03892166
0.0,0.04564303
0.0,0.05109144
0.0,0.04002308
0.0,0.04353915
0.0,0.0627763
0.0,0.050617844
0.0,0.045593686
0.0,0.065984204
0.0,0.079548776
0.0,0.045602646
0.0,0.112489805
0.0,0.083252266
0.0,0.040930904
0.0,0.07862245
0.0,0.06307197
0.0,0.040733427
0.0,0.0782537
1.0,0.07675438
0.0,0.058593526
1.0,0.046555124
0.0,0.05240582
0.0,0.07830107
0.0,0.045861218
0.0,0.07470295
0.0,0.052961186
0.0,0.048054684
0.0,0.05837432
0.0,0.047497187
0.0,0.0918903
0.0,0.06079306
0.0,0.07337
0.0,0.041090004
0.0,0.087847054
0.0,0.046274357
0.0,0.05688941
0.0,0.064673774
0.0,0.042064436
0.0,0.08525385
0.0,0.07248094
0.0,0.04281845
0.0,0.054229524
0.0,0.04524701
0.0,0.06420556
0.0,0.064882845
0.0,0.051542025
0.0,0.06289177
0.0,0.06439599
0.0,0.07098115
0.0,0.05810133
0.0,0.057069726
0.0,0.07903617
0.0,0.05836142
0.0,0.06599531
0.0,0.07487558
0.0,0.07682946
0.0,0.060827944
0.0,0.040404394
0.0,0.06174654
0.0,0.042189755
0.0,0.061326135
0.0,0.06626327
0.0,0.03219852
0.0,0.042522132
0.0,0.029171987
0.0,0.03659034
0.0,0.04763987
0.0,0.047299515
0.0,0.065928444
0.0,0.022727054
0.0,0.047530025
0.0,0.06768807
0.0,0.04973674
0.0,0.060877055
0.0,0.05501995
0.0,0.06703398
0.0,0.07066809
0.0,0.06984708
0.0,0.08050006
0.0,0.04349985
0.0,0.06307349
0.0,0.047827937
0.0,0.052280836
0.0,0.05635067
0.0,0.055208184
0.0,0.07430102
0.0,0.04727416
0.0,0.060661104
0.0,0.045381017
2.0,0.059093
0.0,0.047825165
0.0,0.052421477
0.0,0.06351572
0.0,0.09767334
0.0,0.061198257
0.0,0.07871188
0.0,0.07113589
0.0,0.08179179
0.0,0.048464365
0.0,0.088657886
0.0,0.008428581
0.0,0.072651535
0.0,0.036093295
0.0,0.06429683
1.0,0.052654073
0.0,0.043813426
0.0,0.06718707
0.0,0.048609827
0.0,0.03415073
0.0,0.05949058
0.0,0.053745054
0.0,0.053968463
0.0,0.040613092
0.0,0.057434916
0.0,0.054722797
0.0,0.054995738
0.0,0.034528427
0.0,0.065391116
0.0,0.057800375
0.0,0.033723433
0.0,0.044853523
0.0,0.07167478
0.0,0.068781696
0.0,0.054311067
0.0,0.05411104
0.0,0.060361657
0.0,0.07855028
0.0,0.075315446
0.0,0.108827956
1.0,0.042843502
0.0,0.047577973
0.0,0.06260726
0.0,0.037897747
0.0,0.03702176
0.0,0.042823322
0.0,0.058717754
0.0,0.05332349
0.0,0.048873212
0.0,0.04674845
0.0,0.039176438
0.0,0.03333371
1.0,0.01597532
0.0,0.039819285
0.0,0.057351623
0.0,0.0552915
0.0,0.058327533
0.0,0.07301393
0.0,0.04624888
0.0,0.021327533
0.0,0.05606741
0.0,0.08443803
0.0,0.05351458
0.0,0.06369782
0.0,0.040888123
0.0,0.06643342
0.0,0.059669092
0.0,0.0070875185
0.0,0.091680706
0.0,0.036228515
0.0,0.05764114
0.0,0.037520736
0.0,0.06619113
0.0,0.079398744
0.0,0.04777125
0.0,0.03038866
0.0,0.0551395
0.0,0.05171815
0.0,0.095290944
0.0,0.04107167
0.0,0.04171952
0.0,0.06393739
0.0,0.04000487
3.0,0.0489302
0.0,0.05963281
0.0,0.054018013
0.0,0.05247909
0.0,0.04518651
0.0,0.058153175
0.0,0.09136073
0.0,0.08880917
0.0,0.021395138
0.0,0.097053505
0.0,0.09397255
0.0,0.06867897
1.0,0.050929762
1.0,0.044717923
0.0,0.03767606
0.0,0.06765564
0.0,0.05524853
1.0,0.044076174
0.0,0.096081786
0.0,0.089401394
0.0,0.043083973
0.0,0.061231155
0.0,0.097239636
0.0,0.10275326
0.0,0.04831753
0.0,0.03032737
0.0,0.03850642
0.0,0.0580274
0.0,0.055660583
0.0,0.052579544
0.0,0.085018516
0.0,0.0442098
0.0,0.06672464
0.0,0.047616035
0.0,0.063626684
0.0,0.053965904
0.0,0.047454435
0.0,0.048741058
0.0,0.052761037
0.0,0.0921868
0.0,0.062298194
0.0,0.05481829
0.0,0.07797766
0.0,0.075328015
0.0,0.07601634
0.0,0.032630533
0.0,0.07366314
0.0,0.026905613
0.0,0.029997466
0.0,0.08051854
0.0,0.07702492
0.0,0.049277425
0.0,0.03861457
0.0,0.04072726
2.0,0.037561428
0.0,0.068649106
0.0,0.036178254
0.0,0.045090374
0.0,0.069750026
0.0,0.042300083
1.0,0.032565303
1.0,0.0318229
0.0,0.06414125
0.0,0.08447681
0.0,0.0530123
0.0,0.007055993
0.0,0.05351597
0.0,0.10565933
0.0,0.042522762
0.0,0.08201211
0.0,0.038330816
0.0,0.057371043
0.0,0.08870243
0.0,0.07357946
0.0,0.059953526
0.0,0.02882459
0.0,0.071633235
0.0,0.04066302
0.0,0.041009635
0.0,0.075610206
0.0,0.0071728425
0.0,0.023778435
0.0,0.007860745
1.0,0.059705123
0.0,0.03678126
0.0,0.065047726
0.0,0.09725962
0.0,0.05960545
0.0,0.06810187
0.0,0.06112045
0.0,0.06429808
0.0,0.049788907
0.0,0.026279049
0.0,0.06309666
0.0,0.03676553
0.0,0.059775513
0.0,0.029444974
0.0,0.050680336
0.0,0.07493697
0.0,0.07304661
0.0,0.04334158
0.0,0.04531068
0.0,0.08342718
0.0,0.050719667
1.0,0.07555565
1.0,0.08611028
0.0,0.0060105775
0.0,0.081136435
0.0,0.035261266
0.0,0.040892813
0.0,0.07060409
0.0,0.07240312
0.0,0.054364815
0.0,0.04428318
0.0,0.0512873
0.0,0.030678466
0.0,0.03872467
0.0,0.0682108
0.0,0.08062525
0.0,0.070862986
0.0,0.05943118
1.0,0.08978976
0.0,0.04463733
0.0,0.056482907
0.0,0.050207984
0.0,0.017897928
0.0,0.08052182
0.0,0.05487753
0.0,0.031775985
0.0,0.039226934
0.0,0.05782574
0.0,0.04371082
0.0,0.06827029
0.0,0.036283094
0.0,0.04264242
0.0,0.07043401
0.0,0.044728182
0.0,0.05961881
0.0,0.06726628
0.0,0.0747944
0.0,0.03161776
0.0,0.061490405
0.0,0.08735953
0.0,0.044677086
0.0,0.07912741
0.0,0.0684612
0.0,0.059495956
0.0,0.0713083
0.0,0.028512958
0.0,0.05053458
0.0,0.039284334
0.0,0.066564664
0.0,0.0402464
0.0,0.06190469
0.0,0.0745458
0.0,0.058982447
0.0,0.036816232
0.0,0.07387113
0.0,0.048034627
1.0,0.06154454
0.0,0.037192997
0.0,0.08664006
0.0,0.07862526
1.0,0.05173633
0.0,0.07709907
0.0,0.05371892
0.0,0.08114081
1.0,0.047276504
0.0,0.03904734
0.0,0.008863032
0.0,0.06537169
0.0,0.031057935
0.0,0.058955595
0.0,0.06313411
0.0,0.05208266
0.0,0.03765958
0.0,0.07904594
0.0,0.07770429
0.0,0.09399498
0.0,0.07228796
0.0,0.09354848
0.0,0.04236205
0.0,0.08260721
0.0,0.09290308
0.0,0.060293984
0.0,0.0493549
0.0,0.042022485
0.0,0.06858825
0.0,0.06456707
0.0,0.06903457
0.0,0.060844246
0.0,0.07231149
0.0,0.048725765
0.0,0.076071344
0.0,0.054987896
0.0,0.05831908
0.0,0.05585527
0.0,0.060924143
0.0,0.046179175
0.0,0.051811058
0.0,0.058680624
0.0,0.06346516
0.0,0.057751216
0.0,0.057327535
0.0,0.04339682
0.0,0.033604495
0.0,0.009441121
0.0,0.06475855
0.0,0.061889403
0.0,0.008221665
0.0,0.050975185
0.0,0.056264915
0.0,0.049957722
0.0,0.069499366
0.0,0.05474147
0.0,0.086227156
0.0,0.051654294
0.0,0.050225273
0.0,0.076493084
0.0,0.10240915
0.0,0.047893927
0.0,0.0506017
0.0,0.037837032
0.0,0.052816212
0.0,0.08251062
0.0,0.049048264
0.0,0.057124995
1.0,0.037690148
0.0,0.037067812
1.0,0.03588871
0.0,0.03287912
0.0,0.060357656
0.0,0.08712291
0.0,0.05588015
0.0,0.033268195
0.0,0.040780175
0.0,0.040547542
0.0,0.08018805
0.0,0.009518753
0.0,0.09155722
0.0,0.079083405
0.0,0.08286181
0.0,0.09602483
0.0,0.064764686
0.0,0.086712286
0.0,0.075024106
0.0,0.043275334
0.0,0.064237095
0.0,0.05596487
0.0,0.05067578
0.0,0.037201263
0.0,0.05759704
0.0,0.06191851
0.0,0.007317803
0.0,0.04974457
0.0,0.05346301
0.0,0.041642275
0.0,0.019080747
0.0,0.056892816
0.0,0.042603195
0.0,0.0809412
0.0,0.029389475
1.0,0.0676067
0.0,0.042956695
0.0,0.06110881
0.0,0.038061
0.0,0.007147478
0.0,0.030959135
0.0,0.045299727
0.0,0.06438821
0.0,0.04489378
0.0,0.04097607
0.0,0.030466778
0.0,0.05057566
0.0,0.046474934
0.0,0.05286584
0.0,0.030693129
0.0,0.07698886
0.0,0.053494796
0.0,0.08732467
0.0,0.046268884
0.0,0.05303292
0.0,0.03734016
0.0,0.057693798
0.0,0.04401622
0.0,0.05284667
0.0,0.05263257
0.0,0.100016445
0.0,0.04959855
0.0,0.05729298
0.0,0.059051674
0.0,0.07155192
0.0,0.06998406
0.0,0.057192
0.0,0.06146361
0.0,0.030749653
0.0,0.07648103
0.0,0.09245326
0.0,0.05029963
0.0,0.051142834
0.0,0.08352736
0.0,0.059483785
0.0,0.0633584
0.0,0.0848589
0.0,0.047641516
0.0,0.059849612
1.0,0.08249892
0.0,0.047200114
0.0,0.05792828
0.0,0.05876494
0.0,0.07178879
0.0,0.07777284
0.0,0.050592493
0.0,0.07460936
0.0,0.047584757
0.0,0.008335424
0.0,0.041129075
0.0,0.077019945
0.0,0.09737833
0.0,0.06440027
1.0,0.08225995
0.0,0.048309095
0.0,0.0060605304
0.0,0.06045131
0.0,0.059416797
0.0,0.07675264
0.0,0.06483137
0.0,0.054664534
0.0,0.044385374
0.0,0.05404174
0.0,0.027830027
0.0,0.04255138
0.0,0.056741018
1.0,0.065873355
0.0,0.00561562
0.0,0.0069890385
0.0,0.006510888
0.0,0.0675617
0.0,0.031331945
0.0,0.035261735
0.0,0.05893436
0.0,0.040907606
2.0,0.026794003
0.0,0.049123526
0.0,0.04905817
0.0,0.051407088
0.0,0.04040765
0.0,0.052149683
0.0,0.08180687
0.0,0.072335035
0.0,0.06998642
0.0,0.06698616
0.0,0.06040191
0.0,0.04908757
0.0,0.06549875
0.0,0.040883895
0.0,0.051988486
1.0,0.07811483
0.0,0.06223627
1.0,0.031066792
0.0,0.004910865
0.0,0.08110358
0.0,0.038855255
0.0,0.07384211
0.0,0.046762407
0.0,0.043234218
0.0,0.020261932
0.0,0.04597958
2.0,0.05514617
0.0,0.069882825
0.0,0.050788775
0.0,0.04880263
0.0,0.069167666
0.0,0.03533057
0.0,0.046283625
0.0,0.07541563
0.0,0.031122765
0.0,0.05966522
0.0,0.06306262
0.0,0.06591434
0.0,0.04272212
0.0,0.03380874
0.0,0.04305482
0.0,0.04814691
0.0,0.08166083
1.0,0.07324949
0.0,0.048545014
0.0,0.08664234
0.0,0.042713307
0.0,0.06513556
0.0,0.068981044
0.0,0.042720724
0.0,0.054444056
0.0,0.04860117
0.0,0.04597658
0.0,0.05091381
0.0,0.06620006
0.0,0.048796296
0.0,0.056349825
1.0,0.06548201
0.0,0.07227416
0.0,0.062785186
0.0,0.068791024
0.0,0.05193763
1.0,0.047758132
1.0,0.06644435
0.0,0.04865883
0.0,0.062652804
0.0,0.051363315
0.0,0.043562368
0.0,0.052182294
0.0,0.04055411
0.0,0.063708395
0.0,0.052830458
1.0,0.05684956
0.0,0.061828755
0.0,0.064126156
0.0,0.04942277
0.0,0.06554599
0.0,0.035637934
0.0,0.06655753
0.0,0.04959831
0.0,0.07309496
0.0,0.061852347
0.0,0.06444511
0.0,0.053447995
0.0,0.08045399
0.0,0.040739886
0.0,0.046763957
0.0,0.027829722
0.0,0.059718378
0.0,0.014937516
1.0,0.04189384
0.0,0.08883253
0.0,0.081967935
0.0,0.09799342
0.0,0.0079991445
0.0,0.03994337
0.0,0.03427601
1.0,0.080397554
0.0,0.04336161
0.0,0.062542796
0.0,0.093941525
0.0,0.040766235
0.0,0.07423471
0.0,0.04946895
0.0,0.037780285
0.0,0.093843475
0.0,0.043612573
0.0,0.053930636
0.0,0.050865788
0.0,0.033824336
0.0,0.06541485
0.0,0.022748642
1.0,0.051483884
0.0,0.039749056
0.0,0.07715943
0.0,0.028537923
0.0,0.060491838
0.0,0.07551996
0.0,0.03061373
0.0,0.06109118
0.0,0.05136253
0.0,0.03654403
0.0,0.03637305
0.0,0.073878825
0.0,0.06937431
0.0,0.08428485
0.0,0.055156108
0.0,0.06150105
0.0,0.05018626
0.0,0.089283004
0.0,0.07381044
0.0,0.07247199
0.0,0.06986951
0.0,0.030724209
0.0,0.050083574
0.0,0.03299122
0.0,0.072069004
0.0,0.038767286
0.0,0.04123935
0.0,0.037577048
0.0,0.04291318
0.0,0.040612802
0.0,0.028717602
0.0,0.042138826
1.0,0.047484152
0.0,0.05972957
1.0,0.05903253
0.0,0.10991999
0.0,0.064057074
0.0,0.06337607
0.0,0.07546927
0.0,0.03729018
0.0,0.067695685
0.0,0.09605998
0.0,0.075739585
0.0,0.03841089
0.0,0.04395631
0.0,0.059787203
0.0,0.009676373
0.0,0.08655721
0.0,0.04341174
0.0,0.04678532
0.0,0.048387032
0.0,0.040865377
0.0,0.07572633
0.0,0.051928565
0.0,0.057612468
0.0,0.08511021
0.0,0.048131324
0.0,0.038677152
0.0,0.048871454
0.0,0.038656853
0.0,0.036147982
0.0,0.029433154
0.0,0.04693353
0.0,0.059139736
0.0,0.046598904
0.0,0.06566515
1.0,0.07565519
0.0,0.08114412
0.0,0.025079316
0.0,0.048504833
0.0,0.050658107
0.0,0.1046558
0.0,0.042954475
0.0,0.05651924
0.0,0.03867256
0.0,0.057175342
0.0,0.08764624
0.0,0.05232267
0.0,0.05995355
0.0,0.056911334
0.0,0.04930114
0.0,0.073464386
0.0,0.057249967
0.0,0.035422288
0.0,0.094077915
0.0,0.00624183
0.0,0.044486795
0.0,0.0494141
0.0,0.06445167
0.0,0.06280964
0.0,0.081937686
0.0,0.06764561
0.0,0.021516845
0.0,0.07476309
0.0,0.021748591
0.0,0.07850048
0.0,0.07152035
0.0,0.049086902
0.0,0.04411582
0.0,0.0707382
0.0,0.097633325
0.0,0.039501082
0.0,0.036769807
0.0,0.0381365
0.0,0.08793781
0.0,0.039041553
0.0,0.06350732
0.0,0.058524225
0.0,0.0321854
0.0,0.07218835
0.0,0.054704417
0.0,0.05450489
0.0,0.059126932
0.0,0.062521055
0.0,0.07144887
1.0,0.04681325
1.0,0.038254622
0.0,0.07754113
0.0,0.047981907
0.0,0.04982584
0.0,0.06564918
0.0,0.06747667
0.0,0.047189623
0.0,0.07184181
0.0,0.05498799
0.0,0.051263902
0.0,0.061986156
0.0,0.05359409
0.0,0.036722288
0.0,0.061026327
0.0,0.009015265
0.0,0.07296141
0.0,0.049883608
1.0,0.06441813
0.0,0.07905211
0.0,0.05141508
0.0,0.020617213
0.0,0.011295932
0.0,0.041359954
0.0,0.0839848
0.0,0.042475373
0.0,0.043864746
0.0,0.08630159
0.0,0.02888511
0.0,0.07115958
0.0,0.08572824
0.0,0.06870743
0.0,0.056758188
0.0,0.08042152
0.0,0.07625845
0.0,0.05294302
0.0,0.07572723
0.0,0.044218592
0.0,0.031946033
0.0,0.063266136
0.0,0.08673987
0.0,0.05250214
0.0,0.039656952
0.0,0.051094573
0.0,0.06755709
0.0,0.045646124
0.0,0.06309649
0.0,0.07013981
0.0,0.04580432
0.0,0.056019496
0.0,0.07431523
0.0,0.04398113
0.0,0.049038827
0.0,0.079847895
0.0,0.07808117
0.0,0.030540407
0.0,0.028435925
0.0,0.049400292
0.0,0.051939696
0.0,0.03958629
0.0,0.05533197
0.0,0.05447131
0.0,0.07687272
0.0,0.047727305
0.0,0.051185664
0.0,0.030884005
0.0,0.09390243
0.0,0.095567465
0.0,0.077059194
0.0,0.08305138
0.0,0.07217644
0.0,0.01790053
0.0,0.03842258
0.0,0.06765565
1.0,0.06444723
0.0,0.041490767
0.0,0.0496523
0.0,0.045565866
0.0,0.034568865
0.0,0.034413196
1.0,0.04122948
0.0,0.09017907
0.0,0.034503166
0.0,0.04771215
0.0,0.057460472
0.0,0.05236181
0.0,0.0670358
0.0,0.06962901
1.0,0.009750861
1.0,0.06102854
0.0,0.026449986
0.0,0.04731262
0.0,0.060524385
0.0,0.08325187
1.0,0.037947603
0.0,0.07807253
0.0,0.052942403
0.0,0.083321154
0.0,0.049769312
0.0,0.06250566
0.0,0.050327294
0.0,0.07346243
0.0,0.07911262
0.0,0.057878565
0.0,0.03802109
0.0,0.041987717
0.0,0.050919395
0.0,0.089536764
0.0,0.06990439
0.0,0.034121588
0.0,0.07122987
0.0,0.06550219
0.0,0.044274144
1.0,0.048154764
0.0,0.07232341
0.0,0.02053187
0.0,0.040423896
0.0,0.10646488
0.0,0.05465553
0.0,0.042817052
0.0,0.042535353
0.0,0.052501377
1.0,0.048278827
0.0,0.07561615
0.0,0.066719234
0.0,0.06902853
1.0,0.051370613
0.0,0.08406355
0.0,0.05087514
0.0,0.046530448
0.0,0.08461425
0.0,0.047881115
0.0,0.047877017
0.0,0.051582802
0.0,0.06641724
0.0,0.058159843
0.0,0.08046007
0.0,0.039811578
0.0,0.011247784
0.0,0.051373824
0.0,0.073180504
0.0,0.07531183
0.0,0.03568611
0.0,0.014371825
0.0,0.04764338
0.0,0.043544434
0.0,0.06009764
0.0,0.062344372
0.0,0.0062113144
0.0,0.05900723
0.0,0.093300164
0.0,0.048665404
0.0,0.06922346
0.0,0.06982991
0.0,0.05359152
0.0,0.06736561
0.0,0.04571936
0.0,0.062027756
0.0,0.04798519
0.0,0.061396882
0.0,0.06667363
0.0,0.051811058
0.0,0.06861325
0.0,0.06811232
0.0,0.04252282
0.0,0.08058466
0.0,0.04708282
0.0,0.04575591
0.0,0.037729762
0.0,0.06277308
0.0,0.0789545
0.0,0.060396668
0.0,0.052784212
0.0,0.046730552
0.0,0.046170413
0.0,0.067447186
0.0,0.058551803
0.0,0.061805587
0.0,0.049294204
0.0,0.07822785
0.0,0.055850755
0.0,0.07409463
0.0,0.027606461
0.0,0.06562424
0.0,0.06414067
0.0,0.045599874
0.0,0.07783113
0.0,0.094494484
0.0,0.05259371
0.0,0.035101913
0.0,0.063704476
0.0,0.06144011
0.0,0.03353782
0.0,0.05284715
0.0,0.08107462
0.0,0.062012646
0.0,0.08201946
0.0,0.054279674
0.0,0.060106393
0.0,0.07968666
0.0,0.07219971
0.0,0.03878671
0.0,0.06883627
0.0,0.06420209
0.0,0.056715712
0.0,0.08620681
0.0,0.046980307
0.0,0.044483222
0.0,0.09286733
0.0,0.056599446
0.0,0.050004195
0.0,0.08618825
0.0,0.06426013
0.0,0.06852534
0.0,0.048071817
0.0,0.006866773
0.0,0.08417141
0.0,0.06839145
0.0,0.00849118
0.0,0.048963472
0.0,0.08289113
0.0,0.05078215
0.0,0.058146507
0.0,0.05073764
0.0,0.077522516
0.0,0.07950727
0.0,0.05167432
0.0,0.04771635
0.0,0.05986247
0.0,0.06755107
0.0,0.04414331
0.0,0.054026667
0.0,0.07784009
0.0,0.047730207
0.0,0.032406628
0.0,0.07225622
0.0,0.04286281
0.0,0.050271455
0.0,0.04356214
0.0,0.06681414
0.0,0.03881731
0.0,0.076849684
0.0,0.03897066
0.0,0.040503815
0.0,0.029062435
0.0,0.051634334
0.0,0.04488223
0.0,0.06737931
0.0,0.04975842
0.0,0.033654075
0.0,0.04435975
0.0,0.08880697
0.0,0.05596994
0.0,0.06841809
0.0,0.06399499
0.0,0.039053485
1.0,0.0066212234
0.0,0.060982868
0.0,0.034374617
0.0,0.018892873
1.0,0.03928761
0.0,0.068214156
0.0,0.033471383
0.0,0.06149829
0.0,0.040370267
0.0,0.032918118
0.0,0.0449168
1.0,0.04831867
0.0,0.04896681
0.0,0.052733973
0.0,0.047961928
0.0,0.028952133
0.0,0.036373787
0.0,0.05889201
0.0,0.06705188
0.0,0.046105184
0.0,0.050260313
0.0,0.047090854
0.0,0.09163241
0.0,0.03660384
0.0,0.055173047
0.0,0.059233658
0.0,0.04496587
0.0,0.048027195
0.0,0.0465206
0.0,0.041920148
0.0,0.040511694
0.0,0.05541048
0.0,0.056302086
0.0,0.05500527
0.0,0.060095903
0.0,0.055638507
0.0,0.042240057
0.0,0.04088746
0.0,0.071180396
0.0,0.060177356
0.0,0.04102886
0.0,0.07709205
0.0,0.06612722
0.0,0.039736047
0.0,0.040448952
0.0,0.07521526
0.0,0.056291454
0.0,0.053952895
0.0,0.0644945
0.0,0.060889147
0.0,0.06473795
0.0,0.039402638
0.0,0.031442143
0.0,0.05140127
0.0,0.08135177
0.0,0.049714297
0.0,0.055229366
0.0,0.08711668
0.0,0.075762175
0.0,0.05922071
0.0,0.059712753
0.0,0.0500329
0.0,0.0880442
0.0,0.06444256
0.0,0.06282671
0.0,0.057085197
0.0,0.09841059
0.0,0.055022098
0.0,0.0779096
0.0,0.03311702
0.0,0.032895334
0.0,0.04234774
0.0,0.07079242
0.0,0.06627958
0.0,0.07269899
0.0,0.078946225
1.0,0.07358088
0.0,0.048920404
0.0,0.017167531
0.0,0.05222907
0.0,0.039951906
0.0,0.050835185
0.0,0.042494163
0.0,0.06610583
0.0,0.049622677
0.0,0.049385585
0.0,0.040221862
0.0,0.04308564
0.0,0.007807201
0.0,0.045423504
0.0,0.08776311
0.0,0.05695838
0.0,0.05152228
0.0,0.056822486
0.0,0.09665446
0.0,0.072298445
0.0,0.057854824
0.0,0.05474691
0.0,0.057705726
0.0,0.042677447
0.0,0.06684269
1.0,0.10088528
0.0,0.08249843
1.0,0.050971586
0.0,0.054894984
0.0,0.08863105
0.0,0.058845807
0.0,0.041397136
0.0,0.03411673
0.0,0.063302726
0.0,0.07432014
0.0,0.050501026
0.0,0.044043146
0.0,0.08150826
0.0,0.037347354
0.0,0.07167608
0.0,0.0745346
0.0,0.08509453
0.0,0.031966414
0.0,0.04810347
0.0,0.045508347
0.0,0.048034307
0.0,0.042666987
0.0,0.05636408
0.0,0.064954974
0.0,0.06115962
0.0,0.028970508
0.0,0.05810532
0.0,0.028469829
0.0,0.008465924
0.0,0.07204668
0.0,0.056075417
0.0,0.052918274
0.0,0.06082284
1.0,0.053810984
0.0,0.046005458
0.0,0.07658759
0.0,0.06950666
0.0,0.052609928
0.0,0.063107416
0.0,0.035519883
0.0,0.092953786
0.0,0.04367391
0.0,0.057456255
0.0,0.042392604
0.0,0.041039027
0.0,0.08700067
0.0,0.059121802
0.0,0.04263194
0.0,0.080609515
0.0,0.07651271
0.0,0.031657
0.0,0.07076135
0.0,0.06432795
0.0,0.04738513
0.0,0.008125888
0.0,0.041447107
0.0,0.052909695
0.0,0.057297517
0.0,0.08077529
1.0,0.08163831
0.0,0.07020168
0.0,0.055548243
0.0,0.09590414
0.0,0.07745458
0.0,0.09701071
0.0,0.07749796
0.0,0.090595804
1.0,0.045860726
0.0,0.07481226
0.0,0.06983555
0.0,0.00671357
0.0,0.040816274
0.0,0.057096753
0.0,0.10305078
0.0,0.07586121
0.0,0.08080528
0.0,0.032385126
0.0,0.037582614
0.0,0.034004956
0.0,0.06007294
0.0,0.06669099
0.0,0.078752354
0.0,0.05570078
0.0,0.09691925
0.0,0.08593136
0.0,0.07431606
0.0,0.059208103
0.0,0.024783362
0.0,0.063720606
0.0,0.07651825
0.0,0.073104784
0.0,0.068196416
0.0,0.06461363
0.0,0.07022174
0.0,0.089007765
0.0,0.07875002
0.0,0.043392763
0.0,0.045438454
0.0,0.09477128
0.0,0.033631567
0.0,0.06239935
0.0,0.05145794
1.0,0.06200002
0.0,0.04838379
0.0,0.057329763
0.0,0.062428858
0.0,0.08038594
0.0,0.059683688
0.0,0.044723317
0.0,0.056982085
0.0,0.04386074
0.0,0.07176517
0.0,0.0680975
0.0,0.08004109
0.0,0.04179849
0.0,0.06478384
0.0,0.022743078
0.0,0.0740096
0.0,0.053764135
0.0,0.046669994
0.0,0.075045094
0.0,0.05476601
0.0,0.053260263
0.0,0.053151526
0.0,0.056087732
0.0,0.026190037
0.0,0.07299522
0.0,0.06973523
0.0,0.050198037
0.0,0.029359024
0.0,0.04172483
0.0,0.007433151
1.0,0.06252984
0.0,0.051056262
0.0,0.0440773
0.0,0.06729965
0.0,0.058878027
0.0,0.022541655
0.0,0.077342466
0.0,0.07142976
0.0,0.06072851
0.0,0.06307035
0.0,0.050232172
0.0,0.06879752
0.0,0.062056113
0.0,0.080346815
0.0,0.04459019
0.0,0.036864594
0.0,0.05495723
0.0,0.04871559
0.0,0.08637366
0.0,0.088867925
0.0,0.065833755
0.0,0.057892118
0.0,0.035224587
0.0,0.04898012
0.0,0.0747311
0.0,0.04649853
0.0,0.061478913
0.0,0.056768566
0.0,0.038856227
0.0,0.07156751
0.0,0.10319599
0.0,0.054272387
0.0,0.066347554
0.0,0.066831104
0.0,0.0553847
0.0,0.06990522
0.0,0.086104
0.0,0.09490445
0.0,0.008174872
0.0,0.05043949
0.0,0.0607966
1.0,0.07892908
0.0,0.04314739
0.0,0.0091715455
0.0,0.047447138
0.0,0.05377253
0.0,0.03635585
0.0,0.050114583
0.0,0.028895896
0.0,0.03404126
1.0,0.07519179
0.0,0.035606604
0.0,0.008370031
0.0,0.048430994
1.0,0.03498817
0.0,0.07505674
0.0,0.047617942
0.0,0.05127336
0.0,0.053794116
1.0,0.088245966
0.0,0.016036103
0.0,0.029652962
0.0,0.050705377
0.0,0.05861098
0.0,0.060945775
0.0,0.07817779
0.0,0.060402974
0.0,0.09020169
0.0,0.04728649
0.0,0.06610806
0.0,0.05238553
0.0,0.030662658
0.0,0.044652298
1.0,0.055454727
0.0,0.07936047
0.0,0.091330804
0.0,0.036740996
0.0,0.050555754
0.0,0.07168866
0.0,0.07318204
0.0,0.052552536
0.0,0.07297081
0.0,0.0766041
0.0,0.060582362
0.0,0.056246098
0.0,0.05097713
0.0,0.067659944
1.0,0.041378118
0.0,0.052970618
0.0,0.0461742
0.0,0.075884365
0.0,0.05352231
0.0,0.052480467
0.0,0.054872833
0.0,0.054316558
0.0,0.042707942
1.0,0.041359954
0.0,0.038255032
1.0,0.05842095
0.0,0.036252942
0.0,0.047009014
0.0,0.029379478
0.0,0.043015186
0.0,0.090014115
0.0,0.06339809
0.0,0.045101307
0.0,0.05795545
0.0,0.049502123
0.0,0.06400652
0.0,0.03183581
0.0,0.04833132
0.0,0.036423538
0.0,0.08524467
0.0,0.0782713
1.0,0.05274743
0.0,0.06744148
0.0,0.0645279
0.0,0.05855258
0.0,0.04263769
0.0,0.06092898
0.0,0.079056785
0.0,0.09132514
0.0,0.045607157
0.0,0.06450923
0.0,0.07966396
0.0,0.055879097
0.0,0.08069504
0.0,0.092971034
0.0,0.057949733
0.0,0.048171334
0.0,0.06429319
0.0,0.07340395
0.0,0.054419294
0.0,0.016743861
0.0,0.058675896
0.0,0.06462009
0.0,0.051789988
0.0,0.06746866
0.0,0.10221763
0.0,0.036253486
0.0,0.06357217
0.0,0.05799201
0.0,0.05900778
0.0,0.04943782
0.0,0.0367869
0.0,0.080092594
0.0,0.09048925
0.0,0.06437861
0.0,0.05024949
0.0,0.09009661
0.0,0.043184314
0.0,0.074258566
0.0,0.06759469
0.0,0.031137861
0.0,0.053974796
0.0,0.057543635
0.0,0.03867171
0.0,0.07925606
0.0,0.06990105
0.0,0.03681416
0.0,0.048936397
0.0,0.059381478
0.0,0.053916916
0.0,0.09376903
0.0,0.051738538
0.0,0.06276925
0.0,0.09362058
1.0,0.009435747
0.0,0.03746221
0.0,0.044852965
0.0,0.05089002
0.0,0.028432054
0.0,0.03647843
1.0,0.0377217
0.0,0.08591513
0.0,0.04157434
0.0,0.05265215
0.0,0.03674254
0.0,0.040488336
0.0,0.057115786
0.0,0.059102833
0.0,0.046640694
0.0,0.033308893
0.0,0.07564089
0.0,0.061711792
0.0,0.057421923
0.0,0.03846423
0.0,0.05301024
0.0,0.05504031
0.0,0.06038725
0.0,0.062446825
0.0,0.028825277
0.0,0.09210143
0.0,0.08002636
0.0,0.041826814
0.0,0.088226795
0.0,0.07020697
0.0,0.077445686
0.0,0.07055198
1.0,0.005983717
0.0,0.07739849
0.0,0.07620802
0.0,0.035722807
1.0,0.061181277
0.0,0.045551345
0.0,0.047312982
0.0,0.030649457
0.0,0.07041305
0.0,0.055198982
1.0,0.04153794
0.0,0.054336153
0.0,0.07220577
0.0,0.06305134
1.0,0.04035459
0.0,0.079305604
0.0,0.097881526
0.0,0.043855198
0.0,0.07343894
0.0,0.06883181
0.0,0.03902557
0.0,0.034438755
0.0,0.07849026
0.0,0.034414575
0.0,0.061849162
1.0,0.03620572
0.0,0.060021088
0.0,0.09234162
0.0,0.033546586
0.0,0.03964398
0.0,0.048607253
0.0,0.05436037
0.0,0.062493563
0.0,0.061408944
0.0,0.088438265
0.0,0.04320418
0.0,0.048692264
0.0,0.046927143
0.0,0.05762424
0.0,0.06364958
0.0,0.07646837
1.0,0.073482744
0.0,0.039968632
0.0,0.049431384
0.0,0.033788145
0.0,0.041805238
0.0,0.07661681
0.0,0.038087886
0.0,0.04445661
0.0,0.056588788
0.0,0.05646189
0.0,0.071390785
0.0,0.086804524
0.0,0.08058876
0.0,0.03555145
0.0,0.048478346
0.0,0.052780163
0.0,0.009643797
0.0,0.06373887
0.0,0.041930094
0.0,0.04553507
0.0,0.06671007
0.0,0.054170158
1.0,0.08398977
0.0,0.05948672
0.0,0.081857964
0.0,0.0726569
0.0,0.033872254
0.0,0.059258603
0.0,0.0041713757
1.0,0.101755686
0.0,0.04082761
0.0,0.07421503
0.0,0.06505126
0.0,0.08492525
0.0,0.026340459
0.0,0.046139196
0.0,0.055464897
0.0,0.07746522
1.0,0.07237303
0.0,0.043020334
0.0,0.032342978
0.0,0.046506867
1.0,0.028557962
0.0,0.06873537
0.0,0.09005727
0.0,0.07723848
0.0,0.05168312
0.0,0.082320906
0.0,0.0370632
0.0,0.05509586
0.0,0.055812072
0.0,0.05010255
0.0,0.034029946
0.0,0.07782096
0.0,0.055667896
0.0,0.037224587
0.0,0.07082307
0.0,0.06126832
0.0,0.07121451
0.0,0.040775295
0.0,0.09029025
0.0,0.042524293
0.0,0.060620695
0.0,0.054096915
1.0,0.048830934
0.0,0.051674273
0.0,0.07482566
0.0,0.06488925
0.0,0.03771786
0.0,0.051971793
0.0,0.035314202
0.0,0.06256379
0.0,0.049083382
0.0,0.07088367
0.0,0.07017835
0.0,0.058705308
0.0,0.06317091
0.0,0.06527979
0.0,0.04601724
0.0,0.055289216
0.0,0.07127544
0.0,0.054340012
0.0,0.08206375
0.0,0.07024496
0.0,0.06206974
0.0,0.061082385
0.0,0.04214129
0.0,0.033271573
1.0,0.043746278
0.0,0.056639753
0.0,0.06408648
1.0,0.04763224
0.0,0.049240723
0.0,0.034733962
0.0,0.009047404
0.0,0.07214778
0.0,0.04957788
0.0,0.051522784
0.0,0.082107686
0.0,0.041461457
0.0,0.03612367
0.0,0.038696945
0.0,0.051290885
0.0,0.061875504
0.0,0.061118905
0.0,0.07108739
0.0,0.046989053
0.0,0.03566804
0.0,0.07301776
0.0,0.019283079
0.0,0.10535609
0.0,0.04480453
0.0,0.058198653
0.0,0.0073303613
0.0,0.07436757
0.0,0.07339188
0.0,0.06502713
0.0,0.04670842
0.0,0.077415295
0.0,0.04439746
0.0,0.039733574
0.0,0.06357548
0.0,0.07291949
0.0,0.046037894
0.0,0.029487526
0.0,0.04210177
0.0,0.04140659
1.0,0.058335755
0.0,0.052494057
0.0,0.09178363
0.0,0.06170317
0.0,0.081460424
0.0,0.058180023
0.0,0.05196996
0.0,0.035599068
0.0,0.06369234
0.0,0.09581679
0.0,0.04571285
0.0,0.04719012
0.0,0.061721623
0.0,0.078900106
0.0,0.044585682
0.0,0.08282866
0.0,0.07929095
1.0,0.04232374
0.0,0.04122729
0.0,0.03196268
0.0,0.08844233
0.0,0.069841065
0.0,0.07173222
0.0,0.05693897
0.0,0.07685304
0.0,0.054107066
0.0,0.05314083
0.0,0.054966755
0.0,0.047961205
0.0,0.06459934
0.0,0.095386595
0.0,0.05062942
0.0,0.048169382
0.0,0.068100356
0.0,0.03773127
0.0,0.06413507
0.0,0.07431011
0.0,0.07859434
0.0,0.06803911
0.0,0.08625695
0.0,0.07095848
0.0,0.049311683
0.0,0.044854
0.0,0.04589621
0.0,0.052368525
0.0,0.0672133
0.0,0.072099954
0.0,0.048278194
0.0,0.06374474
0.0,0.053899385
0.0,0.09228294
0.0,0.075180314
0.0,0.067273945
0.0,0.057956778
0.0,0.057159025
0.0,0.045946803
0.0,0.093476325
0.0,0.05940626
0.0,0.05597772
0.0,0.046073414
0.0,0.069428764
0.0,0.06956293
0.0,0.088062756
1.0,0.041729655
0.0,0.08169635
0.0,0.06384789
0.0,0.08438136
0.0,0.06615986
0.0,0.054391783
0.0,0.044066276
0.0,0.075521454
0.0,0.045236178
0.0,0.031562623
0.0,0.04280993
0.0,0.07051636
0.0,0.01866955
0.0,0.04972653
0.0,0.038058493
0.0,0.048200916
0.0,0.061635215
0.0,0.04627152
0.0,0.074465685
0.0,0.04701399
0.0,0.06085253
0.0,0.035777785
0.0,0.033164658
0.0,0.08029607
0.0,0.06525259
0.0,0.0744134
0.0,0.047809556
0.0,0.059384014
0.0,0.054713313
0.0,0.05244579
0.0,0.04046429
0.0,0.07687239
0.0,0.04052575
0.0,0.053845927
0.0,0.07837277
0.0,0.06679587
0.0,0.06181652
0.0,0.05296793
0.0,0.048154213
0.0,0.059540227
0.0,0.041565888
0.0,0.05323043
0.0,0.033127103
0.0,0.050379563
0.0,0.037918877
0.0,0.05067108
0.0,0.085875526
0.0,0.038272463
0.0,0.090909645
0.0,0.021433348
0.0,0.0902431
0.0,0.06287577
0.0,0.07017282
0.0,0.054764394
0.0,0.046151794
0.0,0.06948545
0.0,0.044541337
0.0,0.07453835
0.0,0.05131181
0.0,0.038550574
0.0,0.048090238
0.0,0.043352783
0.0,0.07067929
0.0,0.05587273
0.0,0.10698681
0.0,0.07425082
1.0,0.046388187
0.0,0.008008419
0.0,0.07305757
0.0,0.04720476
0.0,0.07393697
0.0,0.033219595
1.0,0.087381445
0.0,0.06074438
0.0,0.057775177
0.0,0.052394487
0.0,0.091779426
0.0,0.073743075
1.0,0.06305034
0.0,0.06277059
0.0,0.039838135
0.0,0.05396607
0.0,0.053489298
0.0,0.08207429
0.0,0.027742539
0.0,0.05261793
0.0,0.048319373
0.0,0.0056931213
0.0,0.035386972
0.0,0.060832236
0.0,0.075702265
0.0,0.0699732
0.0,0.11464783
0.0,0.066720024
0.0,0.080895126
0.0,0.06515052
0.0,0.07877421
0.0,0.045835324
0.0,0.05160102
0.0,0.044343572
0.0,0.040144254
0.0,0.030950883
0.0,0.061030142
0.0,0.043106187
1.0,0.018337276
0.0,0.056734495
0.0,0.07329486
0.0,0.056203753
0.0,0.072067626
0.0,0.06375048
0.0,0.08674796
0.0,0.0070538367
0.0,0.038826972
0.0,0.046521753
0.0,0.04305873
0.0,0.038651053
0.0,0.07194968
0.0,0.043120805
0.0,0.041451395
0.0,0.04377902
0.0,0.07885982
0.0,0.044446647
0.0,0.04386963
0.0,0.06722384
0.0,0.058412954
0.0,0.06713991
0.0,0.048183396
0.0,0.0409299
0.0,0.07377598
0.0,0.050084934
0.0,0.06106538
0.0,0.021633849
1.0,0.04677807
0.0,0.0486913
0.0,0.02761392
0.0,0.03687208
0.0,0.06487284
0.0,0.07800681
0.0,0.03986969
0.0,0.090275764
1.0,0.039474156
0.0,0.05570131
0.0,0.041407578
0.0,0.05922894
0.0,0.044790067
1.0,0.05748426
0.0,0.032789547
0.0,0.060252182
0.0,0.074116185
0.0,0.010349121
1.0,0.051541768
0.0,0.044040814
0.0,0.08576921
0.0,0.039409027
0.0,0.04589483
0.0,0.07392797
0.0,0.070066586
0.0,0.06825035
1.0,0.08551471
0.0,0.0556579
0.0,0.081324816
0.0,0.075559765
0.0,0.059765138
0.0,0.09066717
0.0,0.06575583
0.0,0.038276162
0.0,0.04154495
0.0,0.058429684
0.0,0.03518457
0.0,0.050869923
0.0,0.064331904
0.0,0.07256067
0.0,0.06693508
0.0,0.04777257
0.0,0.04255891
0.0,0.048692875
0.0,0.05506131
0.0,0.11027761
0.0,0.05600534
0.0,0.056300502
0.0,0.066571906
0.0,0.0722233
0.0,0.05130101
0.0,0.054870334
0.0,0.0543885
0.0,0.05040638
0.0,0.031144833
0.0,0.0471703
0.0,0.04114826
0.0,0.040669642
0.0,0.05926009
0.0,0.051788334
0.0,0.03471579
0.0,0.08125028
0.0,0.04910417
0.0,0.0478348
0.0,0.047047257
0.0,0.03497782
0.0,0.08009263
0.0,0.08258864
0.0,0.054269128
0.0,0.05157797
0.0,0.08473594
0.0,0.056311995
0.0,0.07151367
0.0,0.07427558
0.0,0.06765985
0.0,0.08131945
0.0,0.052325044
0.0,0.07113854
0.0,0.04051379
0.0,0.05406039
0.0,0.057254214
0.0,0.076854795
0.0,0.005948509
0.0,0.05481012
0.0,0.0643927
1.0,0.021086792
0.0,0.070996925
0.0,0.04471769
0.0,0.08124482
0.0,0.05735768
0.0,0.04818614
0.0,0.08187957
0.0,0.06957898
0.0,0.039935037
0.0,0.044231415
0.0,0.06007301
0.0,0.031005317
0.0,0.06125371
0.0,0.06587926
0.0,0.070981115
0.0,0.07704982
0.0,0.04482332
0.0,0.069143765
0.0,0.0701365
0.0,0.04966621
0.0,0.058054388
0.0,0.06489719
0.0,0.067479014
0.0,0.05843144
1.0,0.097968906
0.0,0.06541348
0.0,0.091156766
0.0,0.029455822
0.0,0.10621246
0.0,0.033248365
0.0,0.07583181
0.0,0.05657144
0.0,0.06904863
0.0,0.050345365
1.0,0.07353495
0.0,0.04286285
0.0,0.03397835
0.0,0.06573257
0.0,0.07004879
0.0,0.046873603
0.0,0.068547376
0.0,0.0636936
0.0,0.040698413
0.0,0.032703184
0.0,0.060099
0.0,0.025233679
0.0,0.10881529
0.0,0.05913951
1.0,0.07070971
0.0,0.020653492
0.0,0.0532447
0.0,0.049597602
0.0,0.06572638
0.0,0.043395802
0.0,0.049591925
0.0,0.024373759
0.0,0.07486062
0.0,0.049173124
0.0,0.035388827
0.0,0.049551483
0.0,0.08121031
0.0,0.07270177
0.0,0.06829964
0.0,0.03846423
0.0,0.046290845
1.0,0.008104689
0.0,0.043435656
0.0,0.051566657
0.0,0.057784766
0.0,0.054560132
0.0,0.034761574
0.0,0.03191123
0.0,0.06601992
0.0,0.061678316
0.0,0.07046923
0.0,0.031784654
0.0,0.07237224
0.0,0.06823294
0.0,0.083843455
2.0,0.031377994
0.0,0.07679706
0.0,0.05971512
0.0,0.05605871
0.0,0.00943657
0.0,0.04610404
0.0,0.06315339
0.0,0.064242765
0.0,0.07495054
1.0,0.10320753
0.0,0.041695893
0.0,0.090251
0.0,0.07298177
0.0,0.058128983
0.0,0.062417176
0.0,0.04280658
0.0,0.06102819
0.0,0.07652495
0.0,0.07004105
0.0,0.038144976
0.0,0.056576297
0.0,0.042194232
0.0,0.0053059803
0.0,0.054717068
0.0,0.0570344
0.0,0.07563355
0.0,0.071584426
0.0,0.046845704
0.0,0.03477269
0.0,0.07312578
0.0,0.05018801
0.0,0.046217307
0.0,0.047217064
0.0,0.07666008
0.0,0.06363753
0.0,0.049813237
0.0,0.07169261
0.0,0.05051792
0.0,0.06868047
0.0,0.027258411
0.0,0.04632432
0.0,0.042411953
0.0,0.048045382
0.0,0.068717785
0.0,0.0455582
0.0,0.05157251
0.0,0.07979122
0.0,0.084496856
0.0,0.056254692
0.0,0.047897704
0.0,0.07337354
0.0,0.04489451
0.0,0.035148147
0.0,0.06022422
0.0,0.053605475
0.0,0.05850221
0.0,0.06057358
1.0,0.060153287
0.0,0.04988759
0.0,0.069611534
0.0,0.04165542
0.0,0.052107804
0.0,0.056197934
0.0,0.07198211
0.0,0.0929274
0.0,0.045082428
0.0,0.042281568
0.0,0.06247619
0.0,0.07261724
0.0,0.07531304
0.0,0.03647887
0.0,0.062055804
0.0,0.08899954
0.0,0.052403446
0.0,0.038093228
1.0,0.045135632
0.0,0.07696482
0.0,0.038486004
0.0,0.030619716
0.0,0.056146722
1.0,0.05939105
0.0,0.047584996
0.0,0.0494386
0.0,0.08041412
0.0,0.061154604
0.0,0.07102821
0.0,0.030166864
0.0,0.05280181
0.0,0.06805281
0.0,0.039600123
0.0,0.02662431
0.0,0.07898124
0.0,0.069122136
0.0,0.045039564
0.0,0.057454914
0.0,0.06474821
0.0,0.07110907
0.0,0.065949194
0.0,0.029668923
0.0,0.035704926
0.0,0.06625182
0.0,0.056880068
0.0,0.045234863
0.0,0.052583717
0.0,0.06974148
0.0,0.063368514
0.0,0.054739915
0.0,0.044331077
0.0,0.040271416
0.0,0.060031332
0.0,0.060709182
0.0,0.07639097
0.0,0.044165302
0.0,0.08250335
0.0,0.043494828
0.0,0.059571493
1.0,0.034227062
0.0,0.038889103
0.0,0.078172214
0.0,0.07770058
0.0,0.05336696
0.0,0.04131896
0.0,0.036884375
0.0,0.049885012
0.0,0.11234751
0.0,0.044918425
0.0,0.066897854
0.0,0.035575088
0.0,0.061509494
0.0,0.054868292
0.0,0.097630486
0.0,0.075160585
0.0,0.088371426
0.0,0.05877448
0.0,0.06853398
0.0,0.04250273
0.0,0.055896793
0.0,0.026305716
0.0,0.046232097
0.0,0.064468406
0.0,0.03894805
1.0,0.04470541
0.0,0.0930751
0.0,0.008553698
0.0,0.043350026
0.0,0.041327238
0.0,0.082648285
0.0,0.069707185
0.0,0.054602467
0.0,0.036983076
0.0,0.06137143
1.0,0.06967324
0.0,0.039582442
0.0,0.05685379
0.0,0.07072504
0.0,0.047715973
0.0,0.059579533
0.0,0.08128977
0.0,0.056007076
0.0,0.044176128
0.0,0.05346491
0.0,0.075170495
0.0,0.060009066
0.0,0.051486388
0.0,0.03241148
1.0,0.05783914
0.0,0.082894415
0.0,0.048820548
0.0,0.07591618
0.0,0.064846225
0.0,0.048201215
0.0,0.054448366
0.0,0.09215437
0.0,0.037054118
0.0,0.09093545
0.0,0.044382453
1.0,0.037077058
0.0,0.06841934
0.0,0.05401344
0.0,0.10069724
0.0,0.04459831
0.0,0.038075503
0.0,0.05613011
0.0,0.05527016
0.0,0.046867646
1.0,0.060201034
0.0,0.0724505
0.0,0.07936612
0.0,0.050219383
0.0,0.07124945
0.0,0.06696842
1.0,0.04415968
0.0,0.10060876
0.0,0.04164438
0.0,0.054630462
0.0,0.063532606
0.0,0.045325138
0.0,0.06672041
0.0,0.057505112
0.0,0.034029167
0.0,0.07806981
0.0,0.016841695
0.0,0.044148818
0.0,0.033116996
0.0,0.0452093
0.0,0.08900535
0.0,0.027058022
0.0,0.051853
0.0,0.03069689
0.0,0.07849226
0.0,0.067909785
0.0,0.041531056
0.0,0.049639754
0.0,0.04781302
0.0,0.073846735
0.0,0.06599921
0.0,0.066439725
0.0,0.08121383
0.0,0.045544714
0.0,0.05067811
0.0,0.08749026
0.0,0.06481838
0.0,0.052471407
0.0,0.046726998
0.0,0.041912325
0.0,0.06296293
0.0,0.060871843
0.0,0.07672602
0.0,0.08006466
0.0,0.044861555
0.0,0.048473403
0.0,0.059334666
0.0,0.03653538
0.0,0.048254788
0.0,0.05206359
0.0,0.059914827
0.0,0.04926575
0.0,0.040709436
0.0,0.029445058
0.0,0.040050518
0.0,0.08079374
0.0,0.07241693
0.0,0.08812114
0.0,0.028639108
0.0,0.070831574
0.0,0.03453266
0.0,0.056526743
0.0,0.07650915
0.0,0.050271742
0.0,0.048298594
0.0,0.049455278
0.0,0.10283823
0.0,0.09384916
0.0,0.07990678
0.0,0.0360018
0.0,0.046882655
0.0,0.07044706
0.0,0.052725803
0.0,0.037519548
0.0,0.06429207
0.0,0.06139255
0.0,0.06881012
0.0,0.12352203
0.0,0.081289425
0.0,0.07466109
0.0,0.06532034
0.0,0.03513939
0.0,0.07149725
0.0,0.0491641
0.0,0.03972057
0.0,0.052252375
0.0,0.054602414
0.0,0.0311795
0.0,0.071530186
1.0,0.037639286
0.0,0.04175331
0.0,0.053172745
0.0,0.06361323
0.0,0.07020831
0.0,0.043679964
0.0,0.05081958
0.0,0.08954625
0.0,0.052908406
0.0,0.05157278
0.0,0.061897486
0.0,0.07234384
0.0,0.052864112
0.0,0.06932943
0.0,0.03929408
0.0,0.0526365
1.0,0.05132571
0.0,0.06529011
0.0,0.00445301
0.0,0.069037266
0.0,0.073525205
0.0,0.08349187
0.0,0.037158422
0.0,0.08867222
0.0,0.04500691
0.0,0.034175362
0.0,0.04926999
0.0,0.032567687
0.0,0.08643259
0.0,0.06245543
0.0,0.06979228
0.0,0.09775791
0.0,0.058828216
0.0,0.073881574
0.0,0.060610898
0.0,0.08627032
0.0,0.07559057
0.0,0.057468202
0.0,0.045627747
0.0,0.059370905
0.0,0.06113647
0.0,0.06806573
1.0,0.08163257
0.0,0.045548815
0.0,0.0661992
0.0,0.07825397
0.0,0.083751336
0.0,0.059436817
0.0,0.0847194
0.0,0.037942618
0.0,0.07517663
0.0,0.03491859
0.0,0.08366424
0.0,0.055302665
0.0,0.0071117715
0.0,0.09421014
0.0,0.009205396
0.0,0.0658945
0.0,0.051625654
0.0,0.041775405
0.0,0.073566206
0.0,0.06468293
0.0,0.07070337
0.0,0.03990194
0.0,0.061434954
0.0,0.03091435
0.0,0.033676423
0.0,0.048174884
0.0,0.03617826
0.0,0.046827167
0.0,0.06001462
0.0,0.0678634
0.0,0.047572415
0.0,0.09304933
0.0,0.07601858
0.0,0.04684258
0.0,0.07363209
0.0,0.05332163
0.0,0.056300636
0.0,0.07972303
0.0,0.0764566
0.0,0.044227123
0.0,0.035697486
0.0,0.04469067
0.0,0.06971101
0.0,0.06989837
0.0,0.051954437
0.0,0.05145654
0.0,0.04555746
0.0,0.03803896
0.0,0.056141514
0.0,0.06491574
0.0,0.065890096
0.0,0.062065214
0.0,0.014437876
0.0,0.05589554
0.0,0.050300855
0.0,0.07034807
0.0,0.07138238
0.0,0.071253665
0.0,0.08202329
0.0,0.057090424
0.0,0.06855882
0.0,0.0801779
0.0,0.057343982
0.0,0.06551915
1.0,0.05099839
1.0,0.053206816
0.0,0.08166648
0.0,0.05017942
0.0,0.032669563
0.0,0.06755147
1.0,0.04817369
0.0,0.0624107
0.0,0.029945081
1.0,0.049073294
0.0,0.049811717
0.0,0.07969939
0.0,0.033514895
0.0,0.07645756
0.0,0.03059802
0.0,0.037912685
0.0,0.02620917
0.0,0.06430622
0.0,0.090945676
0.0,0.051100712
0.0,0.04841341
1.0,0.062207107
0.0,0.05783106
0.0,0.025517391
0.0,0.040426508
0.0,0.052059285
0.0,0.055155728
0.0,0.032695107
0.0,0.072132744
0.0,0.08755915
0.0,0.07115418
0.0,0.059948865
0.0,0.034060102
0.0,0.095766224
0.0,0.058080498
0.0,0.02552058
0.0,0.04933111
0.0,0.042780727
0.0,0.058651254
0.0,0.0751515
0.0,0.038271543
0.0,0.083824724
0.0,0.03980162
0.0,0.050081916
0.0,0.03554309
0.0,0.03225798
0.0,0.039512016
0.0,0.06572888
0.0,0.039421223
0.0,0.03736661
0.0,0.038814887
0.0,0.03129387
0.0,0.06380086
0.0,0.08422195
0.0,0.041620042
0.0,0.08022748
0.0,0.03618643
0.0,0.058810685
0.0,0.029402453
0.0,0.0828026
0.0,0.034136683
0.0,0.058426216
0.0,0.060667265
0.0,0.040117625
0.0,0.051403474
0.0,0.06006747
0.0,0.051590882
0.0,0.0786457
0.0,0.04259382
0.0,0.072524086
1.0,0.07506941
0.0,0.026332365
0.0,0.034360766
0.0,0.037839413
0.0,0.066233695
0.0,0.06621963
0.0,0.034088045
0.0,0.038514808
0.0,0.0053204037
1.0,0.014894905
0.0,0.06023756
0.0,0.048720386
0.0,0.044712976
0.0,0.05512829
0.0,0.050607212
0.0,0.072703235
0.0,0.005597489
0.0,0.06322012
0.0,0.03913622
0.0,0.054704923
0.0,0.06082461
0.0,0.068238445
0.0,0.06448587
0.0,0.07224558
0.0,0.0074619553
0.0,0.056193125
0.0,0.05272056
0.0,0.07340526
0.0,0.038131062
0.0,0.0063133715
0.0,0.0468382
0.0,0.035977244
0.0,0.047523536
0.0,0.043303818
0.0,0.06556615
1.0,0.04447818
0.0,0.027268272
1.0,0.05857544
0.0,0.04109408
0.0,0.061488383
0.0,0.070125535
0.0,0.049011182
1.0,0.061200038
0.0,0.015303866
0.0,0.04776033
0.0,0.06659662
0.0,0.035395123
0.0,0.096221074
0.0,0.0524405
0.0,0.048709273
0.0,0.060297966
0.0,0.059588727
0.0,0.036519527
0.0,0.0071136877
0.0,0.062728226
0.0,0.08132428
0.0,0.069624715
0.0,0.059882954
0.0,0.05968063
0.0,0.043068692
1.0,0.04204287
0.0,0.051720455
0.0,0.082030654
0.0,0.08976646
0.0,0.05979564
0.0,0.07744672
0.0,0.058484666
0.0,0.043349404
0.0,0.070317164
0.0,0.04038976
0.0,0.05556109
0.0,0.0595589
0.0,0.049610943
0.0,0.011448694
0.0,0.05404483
0.0,0.052640203
1.0,0.07004603
0.0,0.078480154
0.0,0.0637131
0.0,0.08205393
0.0,0.039581988
0.0,0.063228525
0.0,0.07585634
0.0,0.035332065
0.0,0.07465048
0.0,0.06569629
0.0,0.06808679
0.0,0.06197472
0.0,0.076400585
0.0,0.08283238
0.0,0.057481095
0.0,0.07381555
0.0,0.053629622
0.0,0.055258248
0.0,0.010809969
0.0,0.038554333
0.0,0.05259104
0.0,0.0739976
0.0,0.06509764
0.0,0.040950347
0.0,0.063730106
0.0,0.08637147
0.0,0.053916864
0.0,0.041072257
0.0,0.036220968
0.0,0.063329704
0.0,0.049630877
1.0,0.06458819
0.0,0.0553404
0.0,0.04029256
0.0,0.06650873
0.0,0.071041696
0.0,0.057442065
0.0,0.052774623
0.0,0.058281355
0.0,0.02807134
1.0,0.07296004
0.0,0.07124029
0.0,0.05222354
0.0,0.07803051
0.0,0.053700812
0.0,0.0631691
0.0,0.06882938
0.0,0.062035773
0.0,0.086310826
0.0,0.048662886
0.0,0.061798602
0.0,0.05677122
0.0,0.052012973
0.0,0.06098918
0.0,0.03970596
0.0,0.04729416
0.0,0.047162373
0.0,0.052071713
0.0,0.07118211
0.0,0.02034305
0.0,0.043519363
0.0,0.06518674
0.0,0.093714826
0.0,0.039557103
1.0,0.07370887
0.0,0.043416254
0.0,0.06666075
0.0,0.03460292
0.0,0.052152917
1.0,0.058783952
0.0,0.0905649
0.0,0.07165913
0.0,0.07864696
0.0,0.036771536
0.0,0.057128206
0.0,0.05347392
0.0,0.05304172
0.0,0.052501664
0.0,0.04883389
0.0,0.07371386
0.0,0.048068505
0.0,0.048843134
0.0,0.05443775
0.0,0.039514676
0.0,0.060511887
0.0,0.022429846
0.0,0.038339052
0.0,0.07195975
0.0,0.07344759
0.0,0.049898893
0.0,0.0543615
0.0,0.064103976
0.0,0.053343248
0.0,0.054895326
0.0,0.043034736
0.0,0.050180376
0.0,0.050173603
0.0,0.057450913
0.0,0.029912394
0.0,0.07216852
0.0,0.08118956
0.0,0.040985726
0.0,0.058437943
0.0,0.06521875
0.0,0.04470805
1.0,0.06258253
0.0,0.03639092
0.0,0.043578845
0.0,0.037387542
0.0,0.04282711
0.0,0.0708365
0.0,0.04314288
0.0,0.105303854
0.0,0.050172087
0.0,0.048231624
0.0,0.043883782
0.0,0.042718116
0.0,0.08320772
0.0,0.031681508
0.0,0.050299246
0.0,0.06370107
0.0,0.040951334
0.0,0.038051724
0.0,0.0808647
0.0,0.052353606
0.0,0.050829004
0.0,0.03940108
0.0,0.035378635
0.0,0.03691426
0.0,0.06015224
0.0,0.032160066
0.0,0.060382124
1.0,0.043198638
0.0,0.101424515
0.0,0.03440975
0.0,0.046742745
0.0,0.07019221
0.0,0.025790116
0.0,0.04680268
1.0,0.06969048
0.0,0.07774633
0.0,0.036639523
0.0,0.059931073
0.0,0.055492423
0.0,0.0538694
0.0,0.033073977
0.0,0.0151778925
1.0,0.06833929
0.0,0.05890695
0.0,0.04696933
0.0,0.06705661
0.0,0.029999506
0.0,0.035372835
0.0,0.03957359
0.0,0.07105306
0.0,0.046675622
0.0,0.07440768
0.0,0.072255954
0.0,0.052609038
0.0,0.06976474
0.0,0.03343813
0.0,0.074268274
0.0,0.03238103
0.0,0.033617634
0.0,0.064627536
0.0,0.06275826
0.0,0.06313541
0.0,0.051658604
0.0,0.052322347
0.0,0.055811275
0.0,0.06875216
0.0,0.04204317
0.0,0.07432699
0.0,0.056683026
0.0,0.04161153
0.0,0.035389528
0.0,0.06758251
0.0,0.053098038
0.0,0.037559286
0.0,0.055777818
0.0,0.06415215
0.0,0.04792759
0.0,0.06010248
0.0,0.060723383
0.0,0.061533637
0.0,0.054754365
0.0,0.06207794
0.0,0.08755958
0.0,0.07526019
0.0,0.074418545
0.0,0.08577342
0.0,0.03297665
0.0,0.03963614
1.0,0.043265842
0.0,0.045222163
0.0,0.03980205
0.0,0.06307116
0.0,0.007506386
0.0,0.07774533
0.0,0.08534238
0.0,0.051847648
0.0,0.08383452
0.0,0.073455505
0.0,0.06491657
0.0,0.07108036
0.0,0.043204222
0.0,0.01501318
0.0,0.06915578
1.0,0.08167162
0.0,0.04777147
0.0,0.05744976
0.0,0.06557757
0.0,0.043438878
0.0,0.067261115
0.0,0.04191704
0.0,0.010657804
0.0,0.050488744
0.0,0.055363007
0.0,0.07799264
0.0,0.0795314
0.0,0.030442512
0.0,0.04452441
0.0,0.07553537
0.0,0.05523891
0.0,0.07973936
0.0,0.10923952
0.0,0.030817755
0.0,0.060266647
0.0,0.058650833
0.0,0.035347365
0.0,0.065888435
0.0,0.04360411
0.0,0.03689606
0.0,0.043538153
0.0,0.061388876
1.0,0.045472525
0.0,0.10362987
0.0,0.058329314
1.0,0.064567804
0.0,0.06593353
0.0,0.07163091
0.0,0.057695847
0.0,0.035184264
0.0,0.08144298
1.0,0.047911342
0.0,0.06918109
0.0,0.07633642
0.0,0.084144056
1.0,0.05331225
0.0,0.055879258
0.0,0.025630472
0.0,0.06027135
0.0,0.04431453
0.0,0.0331828
0.0,0.06952993
0.0,0.06582401
0.0,0.07256245
0.0,0.061961375
0.0,0.0645498
0.0,0.038334556
0.0,0.06112096
0.0,0.044051338
0.0,0.03572808
0.0,0.04703401
0.0,0.035526074
0.0,0.04625769
0.0,0.0519599
0.0,0.055000827
0.0,0.055389926
0.0,0.048059613
0.0,0.011357645
1.0,0.062048167
2.0,0.080067314
0.0,0.02790027
0.0,0.04293125
0.0,0.078995086
0.0,0.05172755
0.0,0.052038424
0.0,0.04917919
0.0,0.0777137
0.0,0.054310936
0.0,0.06206526
0.0,0.076915085
0.0,0.053231295
0.0,0.035116125
0.0,0.05625382
0.0,0.07379264
0.0,0.066857114
0.0,0.07555951
0.0,0.055789296
0.0,0.062152788
1.0,0.062388357
0.0,0.073953524
1.0,0.055111233
0.0,0.052532353
0.0,0.071471184
0.0,0.09020515
0.0,0.032124095
0.0,0.04451902
0.0,0.028612703
0.0,0.053345487
0.0,0.040108655
0.0,0.076217845
0.0,0.07137998
0.0,0.0603789
0.0,0.05876774
0.0,0.048488
0.0,0.049413368
0.0,0.08997533
0.0,0.059418924
0.0,0.041312657
0.0,0.064167514
0.0,0.06969434
0.0,0.041421868
0.0,0.087101996
0.0,0.039483175
0.0,0.03359431
0.0,0.04362163
0.0,0.052328024
0.0,0.053344343
0.0,0.036464654
0.0,0.05672673
0.0,0.030610468
0.0,0.053340398
0.0,0.054203115
0.0,0.038222723
0.0,0.08749472
0.0,0.069705874
0.0,0.061122913
1.0,0.045919083
0.0,0.06791948
0.0,0.062924206
0.0,0.034150653
0.0,0.049036466
0.0,0.062194664
0.0,0.040729903
0.0,0.12547284
0.0,0.033029944
0.0,0.077783264
0.0,0.080905855
0.0,0.07136339
0.0,0.084839016
0.0,0.085361734
0.0,0.058158
0.0,0.03503594
0.0,0.055284828
0.0,0.08228624
0.0,0.045523107
0.0,0.07329784
0.0,0.03335898
0.0,0.09640381
0.0,0.06766464
0.0,0.090999946
0.0,0.06167236
0.0,0.03323368
0.0,0.043526478
0.0,0.047136504
0.0,0.08993496
0.0,0.06881983
0.0,0.07336047
0.0,0.043609902
0.0,0.06282752
0.0,0.07099445
0.0,0.05934519
0.0,0.06240582
0.0,0.06914564
1.0,0.030280076
0.0,0.059746932
0.0,0.065675735
0.0,0.038579125
0.0,0.06315886
0.0,0.06813386
0.0,0.046228856
0.0,0.0780237
0.0,0.035657234
0.0,0.060343295
0.0,0.03774635
0.0,0.062086318
0.0,0.047360066
0.0,0.068305165
0.0,0.05565948
0.0,0.057192422
0.0,0.046187565
0.0,0.069463335
0.0,0.06716761
0.0,0.03546044
0.0,0.041821796
0.0,0.06399011
0.0,0.04807654
0.0,0.08153404
0.0,0.037455887
0.0,0.06372473
0.0,0.04184335
0.0,0.08017566
0.0,0.07131471
1.0,0.05759357
0.0,0.044337153
0.0,0.05109635
0.0,0.08222556
0.0,0.07037123
0.0,0.044628616
0.0,0.05838466
0.0,0.05798995
0.0,0.06147224
0.0,0.06570339
0.0,0.08056517
0.0,0.052693218
0.0,0.051854916
0.0,0.048746448
0.0,0.080216214
0.0,0.072711125
0.0,0.057366762
0.0,0.06456288
0.0,0.05113992
0.0,0.04817702
0.0,0.056877423
0.0,0.059446383
0.0,0.051135533
0.0,0.087498
0.0,0.06016759
0.0,0.057018355
0.0,0.056540832
0.0,0.11034136
0.0,0.069767855
0.0,0.04807899
0.0,0.05567043
0.0,0.047870763
0.0,0.039872788
0.0,0.054991633
1.0,0.06513134
0.0,0.063877404
0.0,0.06739019
0.0,0.0834814
0.0,0.037157483
0.0,0.06597557
1.0,0.060271867
0.0,0.07608237
0.0,0.05863225
1.0,0.01455838
0.0,0.07912571
0.0,0.045542963
1.0,0.028794285
0.0,0.027167454
0.0,0.050031215
0.0,0.07053043
0.0,0.049410954
0.0,0.06563751
0.0,0.061980378
0.0,0.07558958
0.0,0.05759321
1.0,0.060298026
0.0,0.062361035
0.0,0.06599989
0.0,0.056124024
0.0,0.044811003
0.0,0.046998546
0.0,0.079487115
0.0,0.038846
0.0,0.048505668
0.0,0.054283775
0.0,0.071752064
1.0,0.030444123
0.0,0.055638626
0.0,0.07739035
0.0,0.02262932
0.0,0.07567054
0.0,0.038217165
0.0,0.07653073
0.0,0.05629068
0.0,0.033595875
0.0,0.07374397
1.0,0.08505542
0.0,0.041464195
0.0,0.038779497
1.0,0.060425818
0.0,0.05703781
0.0,0.08218081
0.0,0.044555567
0.0,0.04612207
0.0,0.042875435
0.0,0.059060406
0.0,0.055134255
0.0,0.038126845
0.0,0.0479118
0.0,0.06130263
0.0,0.03273954
0.0,0.059520442
0.0,0.059282698
0.0,0.037219882
0.0,0.07076932
0.0,0.07400918
0.0,0.03726627
0.0,0.05085742
0.0,0.035733916
0.0,0.06538997
0.0,0.0965682
0.0,0.042637557
0.0,0.04173302
0.0,0.077765964
0.0,0.06899409
0.0,0.0068744654
0.0,0.05605478
0.0,0.06114874
0.0,0.0625388
0.0,0.08482235
0.0,0.07192671
0.0,0.04213777
0.0,0.057154447
0.0,0.037479486
0.0,0.04719337
0.0,0.079418585
0.0,0.051293805
0.0,0.036257066
0.0,0.048973024
0.0,0.07212642
0.0,0.08297892
0.0,0.04747433
0.0,0.06478006
0.0,0.06631766
0.0,0.08598382
0.0,0.06057452
0.0,0.07333094
0.0,0.052831404
0.0,0.11151955
0.0,0.039147288
0.0,0.05893495
0.0,0.050815724
0.0,0.05541838
0.0,0.045070898
0.0,0.058838427
0.0,0.0783664
1.0,0.044840787
0.0,0.037996206
0.0,0.059426744
0.0,0.0703861
0.0,0.08231512
0.0,0.04438765
0.0,0.045657717
0.0,0.05719777
0.0,0.09955477
0.0,0.005085669
0.0,0.04478303
0.0,0.04581525
0.0,0.047546167
0.0,0.072405085
0.0,0.07848813
0.0,0.06364005
0.0,0.053571835
0.0,0.062739156
0.0,0.044003356
0.0,0.05368746
0.0,0.059144896
0.0,0.053381734
1.0,0.04735266
0.0,0.07405164
0.0,0.07008089
0.0,0.03558667
0.0,0.0685994
0.0,0.0733187
1.0,0.08279316
0.0,0.05578616
0.0,0.05274738
0.0,0.046817414
0.0,0.038639363
0.0,0.04084087
0.0,0.03448888
0.0,0.0643941
0.0,0.04533431
0.0,0.07264266
0.0,0.08919673
0.0,0.035877556
0.0,0.08777056
0.0,0.068076886
0.0,0.037137873
0.0,0.08934033
0.0,0.09348582
0.0,0.06325365
0.0,0.0371857
0.0,0.00562026
0.0,0.08264288
0.0,0.008223399
0.0,0.08861625
0.0,0.094976485
0.0,0.010991002
0.0,0.043443173
0.0,0.03694437
0.0,0.052268535
1.0,0.05499807
0.0,0.04300893
0.0,0.037565626
0.0,0.06683907
0.0,0.023567421
0.0,0.08917056
0.0,0.07565269
0.0,0.06219545
0.0,0.05529706
0.0,0.07935591
0.0,0.11072865
0.0,0.041923545
0.0,0.024505364
0.0,0.06953756
0.0,0.046129704
0.0,0.049360406
1.0,0.069090895
0.0,0.028393244
0.0,0.06554049
0.0,0.048533246
0.0,0.04262079
0.0,0.041673463
0.0,0.026267298
0.0,0.061346196
0.0,0.060963053
0.0,0.05257928
0.0,0.051627796
0.0,0.08106824
0.0,0.035242807
0.0,0.07197139
0.0,0.066696905
0.0,0.08113772
0.0,0.07905922
0.0,0.0075665438
0.0,0.064100266
0.0,0.03573781
0.0,0.06530183
0.0,0.05646562
0.0,0.06646823
0.0,0.04249344
0.0,0.0714136
0.0,0.082138956
0.0,0.06309186
0.0,0.064614005
0.0,0.056038264
0.0,0.061468255
0.0,0.04528841
0.0,0.05431042
0.0,0.057597674
0.0,0.029232323
0.0,0.036677264
0.0,0.08779312
0.0,0.04102403
0.0,0.009415413
0.0,0.055150915
0.0,0.050949898
0.0,0.067944616
0.0,0.08479729
0.0,0.049543332
0.0,0.045639887
0.0,0.05506487
0.0,0.03435455
0.0,0.029028654
0.0,0.07506053
1.0,0.06699783
0.0,0.06662386
0.0,0.0711
0.0,0.049935013
0.0,0.057921607
0.0,0.083759815
0.0,0.06669991
0.0,0.07905911
0.0,0.054059587
0.0,0.047463294
0.0,0.07469994
0.0,0.07233105
0.0,0.006039318
0.0,0.049636215
0.0,0.06795706
0.0,0.064683564
0.0,0.05432272
0.0,0.05280876
0.0,0.07768133
0.0,0.053422704
0.0,0.048170887
0.0,0.069717005
0.0,0.04907058
0.0,0.06407065
0.0,0.04995322
0.0,0.056517407
0.0,0.06794449
0.0,0.063528925
0.0,0.06258552
0.0,0.050430708
0.0,0.055945016
0.0,0.06010695
0.0,0.037433058
0.0,0.05535547
0.0,0.058750506
1.0,0.041985273
1.0,0.04620984
0.0,0.082840316
0.0,0.04812194
1.0,0.048561104
1.0,0.055899166
0.0,0.028324928
0.0,0.08074469
0.0,0.049433812
0.0,0.052374568
0.0,0.074062556
0.0,0.047070727
0.0,0.067879595
0.0,0.047550168
0.0,0.07297093
0.0,0.04680247
0.0,0.0436996
0.0,0.06874918
0.0,0.008288042
0.0,0.048885554
0.0,0.06538806
0.0,0.060923155
0.0,0.08291716
0.0,0.04607547
0.0,0.073794216
0.0,0.03321918
0.0,0.043340415
0.0,0.05982864
1.0,0.048749145
0.0,0.049322903
0.0,0.039820965
0.0,0.072200395
0.0,0.06402789
0.0,0.06465924
0.0,0.05064666
0.0,0.060471736
0.0,0.068946026
0.0,0.049172178
0.0,0.041442066
0.0,0.032264158
0.0,0.08317804
0.0,0.055018544
0.0,0.052020762
0.0,0.07215211
0.0,0.058604315
0.0,0.051552497
0.0,0.022084925
0.0,0.08737974
0.0,0.041946962
0.0,0.037117124
0.0,0.06703775
0.0,0.08954776
1.0,0.06432022
0.0,0.039459243
0.0,0.057718743
0.0,0.06350867
1.0,0.042044684
0.0,0.06649216
0.0,0.08300179
0.0,0.04645566
0.0,0.082183614
0.0,0.006448479
0.0,0.047428228
0.0,0.057138316
0.0,0.07391182
0.0,0.072302185
0.0,0.049044907
0.0,0.07277701
0.0,0.047013763
0.0,0.06278833
0.0,0.02852464
0.0,0.044178635
0.0,0.071786575
0.0,0.05446048
0.0,0.029005334
0.0,0.038541116
0.0,0.039469507
0.0,0.054794118
0.0,0.059278686
0.0,0.058288775
0.0,0.041969
0.0,0.08393582
0.0,0.05170284
0.0,0.037987676
0.0,0.04927046
0.0,0.07987337
0.0,0.04194207
0.0,0.08499426
0.0,0.045629628
0.0,0.005706872
0.0,0.0029255273
0.0,0.060614537
0.0,0.034927137
0.0,0.05462571
0.0,0.06322782
0.0,0.045003936
0.0,0.03840106
0.0,0.041252255
0.0,0.02465636
0.0,0.008057056
0.0,0.06787757
0.0,0.060305327
0.0,0.052484218
0.0,0.11760774
0.0,0.061981
0.0,0.038731456
0.0,0.045981348
0.0,0.04508734
0.0,0.08410192
0.0,0.057295464
0.0,0.0665547
0.0,0.038560927
0.0,0.0446447
0.0,0.08570641
0.0,0.089115515
0.0,0.06069901
0.0,0.089921884
0.0,0.026348934
0.0,0.06614723
0.0,0.05613125
0.0,0.0320436
0.0,0.03962478
0.0,0.038211223
0.0,0.07892494
0.0,0.08102586
0.0,0.028080845
0.0,0.08647303
0.0,0.09529875
0.0,0.028109327
0.0,0.062310327
1.0,0.03765396
0.0,0.04692966
0.0,0.034754746
1.0,0.055066653
0.0,0.08573294
0.0,0.049042873
0.0,0.0633079
0.0,0.056089886
0.0,0.025500156
0.0,0.045659546
0.0,0.062643185
0.0,0.06042563
0.0,0.07711422
0.0,0.0580593
0.0,0.07318375
0.0,0.062186256
0.0,0.08983653
0.0,0.0652357
0.0,0.03910902
0.0,0.06836025
0.0,0.10022579
0.0,0.07225867
0.0,0.05805267
0.0,0.05625165
0.0,0.04446388
0.0,0.062028717
0.0,0.0667621
0.0,0.06524821
0.0,0.044743314
0.0,0.043581307
0.0,0.038541798
0.0,0.07638803
0.0,0.07788672
0.0,0.104782805
0.0,0.0669161
0.0,0.04534588
0.0,0.055798035
0.0,0.06201646
0.0,0.06741836
1.0,0.051180344
1.0,0.05700108
0.0,0.06528108
0.0,0.052429013
0.0,0.06001861
2.0,0.07256653
0.0,0.037755784
0.0,0.030974662
0.0,0.04613606
0.0,0.023489436
0.0,0.040039077
0.0,0.0949291
0.0,0.05178246
0.0,0.08046786
0.0,0.054083362
0.0,0.054104075
0.0,0.08068621
0.0,0.081663474
0.0,0.016777668
0.0,0.081085786
0.0,0.049016662
0.0,0.055730697
0.0,0.042957608
0.0,0.06617385
0.0,0.07462742
0.0,0.028271412
0.0,0.086264476
0.0,0.052814
0.0,0.06430779
0.0,0.056667633
1.0,0.041806795
0.0,0.03525809
0.0,0.08697966
0.0,0.056468852
1.0,0.082693025
0.0,0.048065685
0.0,0.040499788
0.0,0.043480065
0.0,0.09838155
0.0,0.067470685
0.0,0.06553692
0.0,0.090340704
0.0,0.037214186
0.0,0.035683684
0.0,0.075524375
0.0,0.019386701
0.0,0.060418025
0.0,0.048435878
1.0,0.052277207
0.0,0.054299258
0.0,0.036491137
0.0,0.044378266
0.0,0.06193798
0.0,0.041068595
0.0,0.037895244
0.0,0.08329452
0.0,0.06854872
1.0,0.03903982
0.0,0.07516372
0.0,0.06019782
0.0,0.05457948
0.0,0.04619565
0.0,0.042248186
0.0,0.054090813
0.0,0.06545298
0.0,0.04703706
0.0,0.08265977
0.0,0.03635864
0.0,0.07589039
0.0,0.04429425
1.0,0.07471907
0.0,0.044576477
0.0,0.03916017
0.0,0.035405554
0.0,0.06260732
0.0,0.071337596
0.0,0.04882007
0.0,0.0840295
0.0,0.058377173
0.0,0.053072397
0.0,0.06661036
0.0,0.04918716
0.0,0.10532457
0.0,0.037315596
0.0,0.03581883
0.0,0.044377066
0.0,0.059217334
0.0,0.023759138
0.0,0.038006607
0.0,0.036932234
0.0,0.05522029
0.0,0.060771815
0.0,0.06450589
0.0,0.06005292
0.0,0.0810791
0.0,0.07351778
0.0,0.03977858
0.0,0.08002972
0.0,0.035759408
0.0,0.056403417
0.0,0.025935564
0.0,0.0439603
0.0,0.054985944
0.0,0.06033222
0.0,0.039951086
0.0,0.053691633
0.0,0.039090693
0.0,0.071374245
0.0,0.045786425
0.0,0.035409328
0.0,0.07905576
0.0,0.030256074
0.0,0.044330657
0.0,0.07578293
0.0,0.083657995
0.0,0.10863573
0.0,0.052648738
0.0,0.055928215
0.0,0.059993587
0.0,0.07445896
0.0,0.043248795
0.0,0.07224868
0.0,0.03697755
0.0,0.070540234
0.0,0.07604425
0.0,0.028388398
0.0,0.06672525
0.0,0.038180295
0.0,0.05357573
0.0,0.055629168
0.0,0.04535348
0.0,0.043854393
0.0,0.057794712
0.0,0.043405965
0.0,0.08845393
0.0,0.04155594
0.0,0.045578755
0.0,0.0751782
0.0,0.038483508
0.0,0.051685583
0.0,0.041965336
1.0,0.05373101
0.0,0.06286075
0.0,0.007858662
0.0,0.08859657
0.0,0.04841669
0.0,0.029389909
0.0,0.06051711
0.0,0.04760766
0.0,0.09080491
0.0,0.047173098
0.0,0.057418294
0.0,0.05970911
0.0,0.040179547
0.0,0.09033112
0.0,0.05396036
0.0,0.048467323
0.0,0.09793351
0.0,0.048392937
0.0,0.043652665
0.0,0.069103055
0.0,0.08154589
0.0,0.079134166
0.0,0.0580674
0.0,0.023640703
0.0,0.040097315
0.0,0.09634526
0.0,0.03436923
0.0,0.03703004
0.0,0.08751327
0.0,0.06526211
0.0,0.04874854
0.0,0.06591761
0.0,0.082129315
0.0,0.05902679
0.0,0.00816523
0.0,0.03568365
0.0,0.06998526
1.0,0.05220818
0.0,0.096118495
0.0,0.066390574
0.0,0.08858508
0.0,0.05523546
0.0,0.053176574
0.0,0.056303
0.0,0.043520056
0.0,0.11721416
0.0,0.06041316
1.0,0.06096381
0.0,0.081242606
0.0,0.060817346
0.0,0.046713274
0.0,0.058987048
0.0,0.065479465
0.0,0.03714818
0.0,0.08369504
0.0,0.09557289
0.0,0.04278391
0.0,0.05553332
0.0,0.057568803
0.0,0.058870196
0.0,0.065261096
0.0,0.07054304
0.0,0.0651321
0.0,0.06215953
0.0,0.004369703
0.0,0.050439294
0.0,0.045935314
0.0,0.032581247
0.0,0.04200603
0.0,0.046959177
0.0,0.07041994
0.0,0.074229665
0.0,0.071369246
0.0,0.0527608
0.0,0.08623809
0.0,0.06888129
0.0,0.054171048
0.0,0.07371579
0.0,0.06696737
0.0,0.037662875
1.0,0.07143025
0.0,0.061057895
0.0,0.02878602
0.0,0.04557603
0.0,0.07948479
0.0,0.036429208
0.0,0.07459231
0.0,0.06440005
0.0,0.057748474
0.0,0.038420603
0.0,0.062003832
0.0,0.043578513
0.0,0.048533246
0.0,0.049323644
0.0,0.08049653
0.0,0.06594183
0.0,0.07056167
0.0,0.043924607
0.0,0.04180827
0.0,0.083944365
0.0,0.06627865
0.0,0.055749223
0.0,0.056921635
0.0,0.03977958
0.0,0.041415576
0.0,0.090707004
0.0,0.04329717
0.0,0.08770617
0.0,0.05998063
0.0,0.08330403
0.0,0.06829948
0.0,0.067359075
0.0,0.038721163
0.0,0.027621971
0.0,0.06612112
0.0,0.055180546
0.0,0.048897818
0.0,0.06522653
0.0,0.062457472
0.0,0.03598131
0.0,0.05886093
0.0,0.05386027
0.0,0.03727057
0.0,0.05121848
0.0,0.07262299
0.0,0.060019944
0.0,0.04808115
0.0,0.10028431
0.0,0.063933834
0.0,0.07620798
0.0,0.03852078
0.0,0.042280823
0.0,0.04433466
0.0,0.08411878
0.0,0.05222048
0.0,0.049071435
0.0,0.06442167
0.0,0.048460644
0.0,0.023155347
0.0,0.04159516
0.0,0.07838352
0.0,0.039930534
0.0,0.07632157
0.0,0.056334715
0.0,0.039524257
0.0,0.03457606
0.0,0.0895405
0.0,0.06545051
0.0,0.07500377
0.0,0.055851713
0.0,0.06267312
0.0,0.047730915
0.0,0.067894496
0.0,0.08298106
0.0,0.0581802
0.0,0.057465076
0.0,0.046418093
0.0,0.03577971
0.0,0.02135054
0.0,0.081162535
0.0,0.08318378
0.0,0.055626303
0.0,0.038598057
0.0,0.03566415
0.0,0.04544864
0.0,0.06570148
0.0,0.045693547
0.0,0.081735685
0.0,0.057018153
0.0,0.056607004
0.0,0.058769364
0.0,0.04830274
0.0,0.0687802
0.0,0.034525227
0.0,0.03556525
0.0,0.054166734
0.0,0.059648298
0.0,0.04583469
0.0,0.07807249
0.0,0.038092483
0.0,0.048930563
0.0,0.027152678
0.0,0.064575225
0.0,0.03989485
0.0,0.047712162
0.0,0.043547757
0.0,0.04495676
0.0,0.0417825
0.0,0.052853916
0.0,0.08523491
0.0,0.0908709
0.0,0.07001502
0.0,0.040359065
0.0,0.033448298
0.0,0.08055032
0.0,0.08421322
0.0,0.04843216
0.0,0.034540813
0.0,0.09749752
0.0,0.06608816
0.0,0.07229343
0.0,0.030249337
0.0,0.043652758
0.0,0.06781545
0.0,0.07695142
0.0,0.04786201
0.0,0.07927473
0.0,0.09190362
0.0,0.034989946
0.0,0.06550228
0.0,0.06988171
0.0,0.065829456
0.0,0.07691944
0.0,0.043307476
0.0,0.054881286
0.0,0.07507124
0.0,0.05384652
0.0,0.0948936
0.0,0.031215
0.0,0.07067953
0.0,0.072852075
1.0,0.090790994
1.0,0.031701684
0.0,0.04659576
0.0,0.049901567
0.0,0.024049923
0.0,0.06289832
0.0,0.07218794
1.0,0.04656402
0.0,0.057108313
0.0,0.07027067
0.0,0.058439728
0.0,0.0404182
0.0,0.04820758
0.0,0.04646266
0.0,0.054263666
0.0,0.060984235
0.0,0.053006902
0.0,0.05123531
0.0,0.0646611
0.0,0.110894784
0.0,0.08602699
0.0,0.04652661
0.0,0.090335205
0.0,0.07444699
0.0,0.069774196
0.0,0.049732555
0.0,0.078417495
0.0,0.05475084
0.0,0.069949865
0.0,0.043969933
0.0,0.098690055
0.0,0.061861742
0.0,0.09101421
0.0,0.05285573
0.0,0.084766105
1.0,0.07715687
0.0,0.029611181
0.0,0.08976175
0.0,0.03696311
0.0,0.083160184
0.0,0.061171666
0.0,0.06870572
0.0,0.081264615
0.0,0.094912015
0.0,0.06492043
0.0,0.037987303
0.0,0.0589755
0.0,0.041534197
0.0,0.020585198
0.0,0.071401
0.0,0.092414126
0.0,0.052116685
0.0,0.051558644
0.0,0.083759815
0.0,0.05235497
0.0,0.089296035
0.0,0.011868364
0.0,0.033429272
0.0,0.06309356
0.0,0.045791086
0.0,0.047220923
0.0,0.06172056
0.0,0.03871245
0.0,0.07799809
0.0,0.07324221
0.0,0.058051635
0.0,0.027733758
0.0,0.051437017
0.0,0.041809104
0.0,0.08201991
0.0,0.048168533
0.0,0.057740696
0.0,0.043441612
0.0,0.07535697
0.0,0.11920902
0.0,0.050256044
0.0,0.04568753
0.0,0.057410847
0.0,0.051545147
0.0,0.046148427
0.0,0.07341032
0.0,0.052867517
0.0,0.078596964
0.0,0.073098615
0.0,0.07507603
0.0,0.102383584
0.0,0.041914403
0.0,0.054475438
0.0,0.0546647
0.0,0.08091299
0.0,0.07238962
0.0,0.05745338
0.0,0.02844375
0.0,0.049939416
1.0,0.057996754
0.0,0.06250045
0.0,0.050417848
0.0,0.059504665
0.0,0.049442936
0.0,0.060717247
0.0,0.034712404
0.0,0.034044042
0.0,0.049957007
0.0,0.08842384
0.0,0.04391442
0.0,0.05085229
0.0,0.05756397
0.0,0.08830504
0.0,0.060532752
0.0,0.031352643
0.0,0.080255374
0.0,0.07262488
0.0,0.04448405
0.0,0.038661182
0.0,0.04450413
0.0,0.06545551
0.0,0.04485318
0.0,0.07723953
1.0,0.04571571
0.0,0.008409488
0.0,0.10624404
0.0,0.0869695
0.0,0.061568946
0.0,0.05581125
0.0,0.06442844
0.0,0.081223324
0.0,0.062271535
0.0,0.076397434
0.0,0.07673368
0.0,0.06448641
0.0,0.06853713
0.0,0.06236712
0.0,0.06852297
0.0,0.054750346
0.0,0.027836848
0.0,0.07499764
0.0,0.051106706
0.0,0.03421484
0.0,0.04567873
0.0,0.0838282
0.0,0.070326656
0.0,0.0769229
0.0,0.030428965
0.0,0.06089038
0.0,0.043534562
0.0,0.052454494
0.0,0.05648058
0.0,0.036367267
0.0,0.062163517
0.0,0.051810045
0.0,0.06531768
0.0,0.03744261
0.0,0.055554412
0.0,0.09651655
0.0,0.04964709
0.0,0.06343084
0.0,0.05121705
0.0,0.068317965
0.0,0.07011488
0.0,0.08086591
0.0,0.028447669
0.0,0.098145306
0.0,0.07231444
0.0,0.062068127
0.0,0.062270734
1.0,0.0845969
0.0,0.046885595
0.0,0.049905017
0.0,0.032744754
0.0,0.05059597
0.0,0.06588675
0.0,0.061972708
0.0,0.055772472
0.0,0.034762893
0.0,0.07889702
1.0,0.08236801
0.0,0.07191082
0.0,0.048640966
0.0,0.041285027
0.0,0.07559982
0.0,0.04294157
0.0,0.052605063
0.0,0.056734417
0.0,0.076002106
0.0,0.05404603
0.0,0.062878706
0.0,0.04906527
0.0,0.05674126
1.0,0.08803634
0.0,0.056441553
0.0,0.07724177
0.0,0.07182532
0.0,0.06048418
1.0,0.041748684
0.0,0.051434476
0.0,0.03553672
0.0,0.038232602
0.0,0.070256665
0.0,0.07357408
0.0,0.051864635
0.0,0.050934594
0.0,0.038580816
0.0,0.034426227
0.0,0.061491974
0.0,0.07925425
0.0,0.04633353
0.0,0.055405207
0.0,0.058664847
0.0,0.056028135
0.0,0.050912146
0.0,0.05970972
0.0,0.044980615
0.0,0.08574392
0.0,0.008648107
0.0,0.05322056
0.0,0.08105923
0.0,0.05356071
0.0,0.04629974
0.0,0.016593607
0.0,0.053327277
0.0,0.0697583
0.0,0.03857369
0.0,0.08217801
0.0,0.047137167
0.0,0.044952847
0.0,0.046402812
0.0,0.04198278
0.0,0.055678144
0.0,0.06447969
0.0,0.038450345
0.0,0.118818924
0.0,0.067687504
0.0,0.035642736
0.0,0.03746281
0.0,0.034364134
0.0,0.039234467
0.0,0.05726067
0.0,0.026778739
0.0,0.050723538
0.0,0.06103839
0.0,0.06316283
0.0,0.05428181
0.0,0.068416335
0.0,0.047142237
2.0,0.08261326
0.0,0.065232255
0.0,0.050687004
0.0,0.0060482896
0.0,0.08836854
0.0,0.034393832
0.0,0.033870205
0.0,0.07117224
0.0,0.04206533
0.0,0.05429206
0.0,0.030526094
0.0,0.07208792
0.0,0.076195285
0.0,0.060397647
0.0,0.0664872
0.0,0.05234386
0.0,0.0661909
0.0,0.06865518
0.0,0.08048102
0.0,0.0826649
0.0,0.053875938
0.0,0.07294482
1.0,0.046384472
1.0,0.057267796
1.0,0.04685212
0.0,0.054387648
1.0,0.04769558
0.0,0.050398365
0.0,0.05081129
0.0,0.06426103
0.0,0.049799092
0.0,0.017504528
0.0,0.00614235
0.0,0.07908759
0.0,0.07385718
0.0,0.03949063
0.0,0.05633533
0.0,0.05585921
0.0,0.05684631
0.0,0.060304653
0.0,0.09610259
0.0,0.03798543
0.0,0.06442864
0.0,0.03742374
0.0,0.05092646
0.0,0.044936113
0.0,0.06145123
0.0,0.06600381
0.0,0.056249518
0.0,0.06523826
0.0,0.046577375
0.0,0.040210385
0.0,0.03312649
0.0,0.048877303
0.0,0.066971324
0.0,0.0698608
0.0,0.058367614
0.0,0.050785143
0.0,0.049787305
0.0,0.07331262
0.0,0.058293
0.0,0.038352124
0.0,0.0616475
0.0,0.03597237
0.0,0.033998456
0.0,0.036651842
0.0,0.061353993
0.0,0.034135845
0.0,0.053465072
0.0,0.078345925
0.0,0.05050914
0.0,0.05751608
0.0,0.053303085
0.0,0.078203775
0.0,0.03865788
0.0,0.03027983
0.0,0.08862342
0.0,0.07129363
0.0,0.07418966
0.0,0.06455891
0.0,0.0639128
1.0,0.029684836
1.0,0.055684235
0.0,0.05990013
0.0,0.048546936
0.0,0.037984796
0.0,0.04041033
0.0,0.044108666
0.0,0.05129026
0.0,0.07590944
0.0,0.036645778
0.0,0.06778506
0.0,0.051041488
0.0,0.03016716
0.0,0.09418755
1.0,0.10988896
0.0,0.05912637
0.0,0.079438165
0.0,0.040856104
0.0,0.059797622
0.0,0.05802216
0.0,0.04619675
0.0,0.040352244
0.0,0.09328726
0.0,0.057511047
0.0,0.08235611
0.0,0.006838404
0.0,0.048312105
0.0,0.07055199
0.0,0.05041924
0.0,0.059659332
0.0,0.07236867
0.0,0.043548662
0.0,0.05563811
0.0,0.04256102
0.0,0.050156813
0.0,0.065002255
0.0,0.047719844
0.0,0.07238492
0.0,0.058496643
1.0,0.04845011
0.0,0.029223286
0.0,0.04043389
0.0,0.04975944
0.0,0.05859054
0.0,0.07767213
1.0,0.040557135
0.0,0.0632458
0.0,0.0533122
0.0,0.06979789
1.0,0.049678147
0.0,0.069698624
0.0,0.07211398
0.0,0.056493588
0.0,0.053276278
0.0,0.059325583
0.0,0.06554791
0.0,0.04129383
0.0,0.05284007
0.0,0.025761643
0.0,0.039907884
1.0,0.03823881
0.0,0.067189135
0.0,0.03831219
0.0,0.046841204
0.0,0.07108778
0.0,0.0795985
0.0,0.041543625
0.0,0.0033567017
0.0,0.049933784
0.0,0.06753612
0.0,0.05717039
0.0,0.042931467
0.0,0.043538116
0.0,0.071201324
0.0,0.05455562
0.0,0.07135737
0.0,0.056496523
0.0,0.054382227
0.0,0.053770214
0.0,0.07400233
0.0,0.05099587
0.0,0.067038834
0.0,0.08303214
0.0,0.074109875
0.0,0.046742998
0.0,0.075377524
0.0,0.04426564
0.0,0.055086955
0.0,0.07282379
0.0,0.060576383
0.0,0.049358442
0.0,0.049710825
0.0,0.07287661
0.0,0.09361358
0.0,0.043961495
0.0,0.052038673
0.0,0.05008281
0.0,0.05273699
0.0,0.038293906
0.0,0.056938328
0.0,0.050896745
0.0,0.067984186
0.0,0.046250466
0.0,0.04104477
0.0,0.053456113
0.0,0.023110583
1.0,0.036477212
0.0,0.060743757
0.0,0.009817727
0.0,0.041482102
0.0,0.06004811
0.0,0.054989234
0.0,0.06276398
2.0,0.041292254
0.0,0.041897148
0.0,0.04094946
0.0,0.072838426
1.0,0.03768129
0.0,0.030948574
0.0,0.037309904
0.0,0.053543612
0.0,0.05676375
0.0,0.085085765
0.0,0.039616346
0.0,0.08324623
1.0,0.007406739
0.0,0.06668873
0.0,0.049260747
0.0,0.0706405
0.0,0.0073326896
0.0,0.055098344
1.0,0.046841085
0.0,0.07382366
0.0,0.04822632
0.0,0.10903479
0.0,0.065966554
0.0,0.080014706
0.0,0.043400574
0.0,0.04558921
0.0,0.04529035
0.0,0.0743344
0.0,0.083593674
0.0,0.03619165
0.0,0.05499911
0.0,0.036359854
0.0,0.038378727
0.0,0.11788763
0.0,0.08058877
0.0,0.043726265
0.0,0.043485746
0.0,0.07032722
0.0,0.006493557
0.0,0.07161399
0.0,0.04736971
0.0,0.053151805
0.0,0.067648545
0.0,0.0657351
0.0,0.061106727
0.0,0.05166321
0.0,0.03929239
0.0,0.04817445
0.0,0.06851604
0.0,0.07819134
0.0,0.054593954
0.0,0.053342026
0.0,0.10026674
0.0,0.077089
0.0,0.043736454
0.0,0.053654857
0.0,0.03684744
0.0,0.06809851
0.0,0.057682037
0.0,0.04045855
0.0,0.014070669
0.0,0.04489619
0.0,0.029908642
0.0,0.069705755
1.0,0.054685455
0.0,0.05845995
0.0,0.080545366
0.0,0.045419227
1.0,0.034934465
0.0,0.047232475
0.0,0.08082117
0.0,0.059968706
0.0,0.06761165
0.0,0.0748473
0.0,0.05627809
0.0,0.058328368
0.0,0.083490595
0.0,0.043137606
0.0,0.032638073
0.0,0.008194011
0.0,0.023487499
0.0,0.084506765
0.0,0.07880156
0.0,0.050547834
0.0,0.059216797
0.0,0.039008502
0.0,0.058879767
0.0,0.06337698
0.0,0.073829874
0.0,0.030574385
0.0,0.027674759
0.0,0.038728807
0.0,0.06580548
0.0,0.041739687
0.0,0.030941868
0.0,0.06080689
0.0,0.065002285
0.0,0.04000074
0.0,0.049443137
0.0,0.056943163
0.0,0.059583597
0.0,0.06783211
0.0,0.053416707
1.0,0.045410402
0.0,0.05093661
0.0,0.07416186
0.0,0.06290688
0.0,0.06317489
0.0,0.039299473
0.0,0.06719844
0.0,0.0400441
0.0,0.06229733
0.0,0.06745708
0.0,0.09461573
0.0,0.060574304
0.0,0.064500935
0.0,0.050049245
1.0,0.04739991
0.0,0.07690827
0.0,0.0536513
1.0,0.06330802
0.0,0.076745994
0.0,0.06775467
0.0,0.06482701
0.0,0.0592463
0.0,0.0871318
0.0,0.04860364
0.0,0.09312069
0.0,0.049788468
0.0,0.05535902
0.0,0.076716885
0.0,0.06570916
0.0,0.05415048
0.0,0.031859126
0.0,0.060626015
0.0,0.06256745
0.0,0.044451054
0.0,0.07336595
0.0,0.038466465
0.0,0.046482835
0.0,0.03606891
0.0,0.07535429
0.0,0.058185223
0.0,0.061641034
0.0,0.032355905
0.0,0.0437459
0.0,0.06524162
0.0,0.0544714
1.0,0.045789655
0.0,0.024632381
0.0,0.037441045
0.0,0.09646304
0.0,0.039374202
1.0,0.07642968
0.0,0.08944818
0.0,0.052158453
0.0,0.059972167
0.0,0.035364248
1.0,0.06366909
0.0,0.06106404
0.0,0.086685166
0.0,0.05512611
0.0,0.052467253
0.0,0.08333377
0.0,0.05398643
0.0,0.05567233
0.0,0.057493664
0.0,0.04655062
0.0,0.049650677
0.0,0.04571732
0.0,0.038822457
0.0,0.081561364
0.0,0.045121722
0.0,0.062803015
0.0,0.05805721
0.0,0.04998516
0.0,0.079362705
0.0,0.059888422
0.0,0.059896547
1.0,0.06390762
0.0,0.06528925
0.0,0.09051752
0.0,0.017575536
0.0,0.050085664
0.0,0.036522105
0.0,0.07654993
0.0,0.0077423677
0.0,0.037379242
0.0,0.056160633
0.0,0.040776998
0.0,0.07850756
0.0,0.06252056
0.0,0.039977517
0.0,0.03614862
0.0,0.04310344
0.0,0.046101864
0.0,0.045130596
0.0,0.066866726
0.0,0.049154267
0.0,0.06359722
0.0,0.029242473
0.0,0.05062873
0.0,0.08373943
1.0,0.0053385766
0.0,0.056930836
0.0,0.062381975
1.0,0.049984574
0.0,0.038441464
0.0,0.06263184
0.0,0.05186157
0.0,0.081536554
0.0,0.0149769215
0.0,0.08046222
0.0,0.006971797
0.0,0.021956507
0.0,0.08866841
0.0,0.057347864
0.0,0.045092374
0.0,0.06727315
0.0,0.050921567
1.0,0.043506578
0.0,0.04995977
0.0,0.040978905
0.0,0.067813285
0.0,0.04118695
0.0,0.0480092
1.0,0.06968317
0.0,0.03860682
0.0,0.07917264
0.0,0.049517
0.0,0.071394056
0.0,0.06349189
0.0,0.08362079
1.0,0.11862166
0.0,0.07535352
0.0,0.054443263
0.0,0.048413202
0.0,0.07210463
0.0,0.05716527
0.0,0.03354464
0.0,0.050176047
0.0,0.049618736
0.0,0.048416376
0.0,0.07601831
0.0,0.051232696
0.0,0.0352674
0.0,0.04379708
0.0,0.06702761
0.0,0.08830449
0.0,0.057029653
0.0,0.03242793
0.0,0.0702426
0.0,0.058687396
0.0,0.05959462
0.0,0.042129867
0.0,0.007087867
2.0,0.030192316
0.0,0.036065307
0.0,0.06452007
0.0,0.07766869
0.0,0.057387516
0.0,0.048522357
0.0,0.042986438
0.0,0.06140265
0.0,0.09098667
0.0,0.045442015
0.0,0.05356886
0.0,0.06555455
0.0,0.037532747
0.0,0.062005904
0.0,0.04870481
0.0,0.028465254
0.0,0.041975394
2.0,0.029393952
0.0,0.035586387
0.0,0.056215838
0.0,0.051487923
0.0,0.044878412
0.0,0.06266453
0.0,0.06030211
0.0,0.11032813
0.0,0.06764783
0.0,0.04654383
0.0,0.03233616
0.0,0.064242885
0.0,0.06897671
1.0,0.063695334
0.0,0.04340873
0.0,0.03508469
0.0,0.072275974
0.0,0.066566855
0.0,0.036119156
0.0,0.05301972
0.0,0.038487628
0.0,0.061799414
0.0,0.059036247
0.0,0.03930367
0.0,0.06238974
0.0,0.07801115
0.0,0.061432436
0.0,0.07878816
0.0,0.054050684
0.0,0.039222885
0.0,0.03808814
0.0,0.03742112
0.0,0.03915986
1.0,0.069879055
1.0,0.03751743
0.0,0.08933884
0.0,0.08193501
0.0,0.084989294
0.0,0.051390152
0.0,0.070365526
0.0,0.04270053
0.0,0.05403248
0.0,0.10960068
0.0,0.063729845
0.0,0.087240495
0.0,0.07140052
0.0,0.029814977
1.0,0.08116378
0.0,0.058212988
0.0,0.023692768
0.0,0.05098465
0.0,0.06825296
0.0,0.06432335
0.0,0.073405474
0.0,0.031531062
0.0,0.03791858
0.0,0.04977164
0.0,0.073287345
0.0,0.049115703
0.0,0.046614327
0.0,0.068913236
0.0,0.06298202
0.0,0.04291431
1.0,0.025837807
0.0,0.0430411
0.0,0.042571045
0.0,0.04748103
0.0,0.061659142
0.0,0.08914611
0.0,0.062539905
0.0,0.047528632
0.0,0.051372685
0.0,0.06339605
0.0,0.04012937
0.0,0.063541986
0.0,0.04448475
0.0,0.037573796
0.0,0.06597368
0.0,0.04305903
0.0,0.082207896
0.0,0.08510475
0.0,0.052930526
0.0,0.03362828
0.0,0.035317484
0.0,0.05520883
1.0,0.05697722
0.0,0.05371596
0.0,0.06162196
0.0,0.064138785
0.0,0.047633477
0.0,0.06721796
0.0,0.03994375
0.0,0.03892356
0.0,0.04143117
0.0,0.04646658
0.0,0.070286185
0.0,0.07314639
0.0,0.068397835
0.0,0.05777993
0.0,0.06328252
0.0,0.061833695
0.0,0.038376912
0.0,0.06532798
0.0,0.042873155
0.0,0.05027244
0.0,0.05834577
0.0,0.06918271
1.0,0.06883942
0.0,0.063543715
0.0,0.05849345
0.0,0.04469048
0.0,0.050018597
0.0,0.06596641
0.0,0.024148174
0.0,0.045201197
0.0,0.04088371
0.0,0.042120907
0.0,0.048802115
0.0,0.04047717
0.0,0.06931155
0.0,0.04244885
0.0,0.06712884
0.0,0.06450161
0.0,0.023042738
0.0,0.06498662
0.0,0.06593833
0.0,0.04834327
0.0,0.05807986
0.0,0.04065128
0.0,0.07421326
0.0,0.023732597
0.0,0.04689331
0.0,0.060786538
0.0,0.036605846
0.0,0.06603507
0.0,0.05821385
0.0,0.049338274
0.0,0.08562745
0.0,0.103994526
0.0,0.045759708
0.0,0.049885187
0.0,0.08493395
0.0,0.036033917
0.0,0.055690635
0.0,0.080030784
0.0,0.04731836
0.0,0.07690256
0.0,0.07118815
0.0,0.059118208
0.0,0.08518047
0.0,0.04683483
0.0,0.027689278
0.0,0.05984372
0.0,0.05333831
0.0,0.101211965
0.0,0.03941632
0.0,0.03969326
0.0,0.06792089
0.0,0.05296342
0.0,0.059118364
0.0,0.057121847
0.0,0.038190294
0.0,0.062304772
0.0,0.06884965
0.0,0.040091883
0.0,0.06981964
1.0,0.053447306
0.0,0.071132265
0.0,0.05174642
0.0,0.037988055
0.0,0.042859502
0.0,0.041679136
0.0,0.06559402
0.0,0.07002779
0.0,0.071458116
0.0,0.07656533
0.0,0.033028893
0.0,0.07358846
0.0,0.052869357
0.0,0.030636664
0.0,0.038674165
0.0,0.052763756
0.0,0.052217294
0.0,0.08876772
0.0,0.04336858
0.0,0.036744885
0.0,0.064978436
0.0,0.081572115
0.0,0.074178696
0.0,0.07897079
0.0,0.07084052
0.0,0.07460163
0.0,0.07736579
0.0,0.032331984
0.0,0.04480958
0.0,0.042005457
0.0,0.087479606
0.0,0.07313177
0.0,0.073756546
0.0,0.040079765
0.0,0.06737661
0.0,0.05169473
0.0,0.039645232
0.0,0.04107315
0.0,0.033013206
0.0,0.05509775
1.0,0.041647855
0.0,0.060031608
0.0,0.06366345
0.0,0.020162787
0.0,0.071890816
0.0,0.08053995
0.0,0.053288717
0.0,0.032758135
0.0,0.02617389
0.0,0.03205876
0.0,0.07438977
0.0,0.027462326
0.0,0.06917915
0.0,0.06811817
0.0,0.05355279
0.0,0.04172557
0.0,0.037108842
0.0,0.045981456
0.0,0.06758343
0.0,0.0878807
0.0,0.07048128
0.0,0.07498709
0.0,0.08395696
0.0,0.10099541
0.0,0.056963503
0.0,0.06505734
0.0,0.045448605
0.0,0.07650687
0.0,0.06296988
0.0,0.0416946
0.0,0.050774343
0.0,0.046370972
0.0,0.04632043
0.0,0.089449964
0.0,0.05581532
0.0,0.05393317
0.0,0.05701065
0.0,0.07643516
0.0,0.08234951
0.0,0.06875787
0.0,0.08423378
0.0,0.09352403
0.0,0.037870675
0.0,0.060640052
0.0,0.06670078
0.0,0.09644059
0.0,0.038636673
0.0,0.08201313
0.0,0.0624677
0.0,0.08031102
0.0,0.036490414
0.0,0.031330943
0.0,0.094052255
0.0,0.043762874
0.0,0.056910533
0.0,0.07698559
0.0,0.051154215
0.0,0.06426041
0.0,0.03960132
0.0,0.08650532
0.0,0.058613926
0.0,0.052992094
0.0,0.06984887
0.0,0.09863186
0.0,0.046122972
0.0,0.071419895
0.0,0.06518863
0.0,0.04133252
0.0,0.034438837
0.0,0.0070051905
0.0,0.048019044
0.0,0.036978554
1.0,0.073992684
0.0,0.04200873
0.0,0.059782527
0.0,0.07286594
1.0,0.040775802
0.0,0.056016583
0.0,0.052394014
0.0,0.103215575
0.0,0.07188072
0.0,0.088101394
0.0,0.03755345
0.0,0.047146227
0.0,0.008167929
0.0,0.040471196
0.0,0.051848363
0.0,0.06921318
0.0,0.089001045
0.0,0.05321963
0.0,0.086082116
0.0,0.055638865
0.0,0.03980837
0.0,0.029781608
0.0,0.061075076
0.0,0.041204344
0.0,0.040643103
0.0,0.04948329
0.0,0.056730248
0.0,0.03388854
0.0,0.08780304
0.0,0.08406842
0.0,0.07711098
0.0,0.073065825
0.0,0.0705
0.0,0.03491468
0.0,0.074356616
0.0,0.059076063
0.0,0.08022179
0.0,0.07547273
0.0,0.036841527
0.0,0.051722072
0.0,0.082207955
0.0,0.07243473
0.0,0.04667017
0.0,0.05313979
0.0,0.062912054
0.0,0.032881394
0.0,0.034922656
0.0,0.044207007
0.0,0.010622476
0.0,0.06542179
0.0,0.06894183
0.0,0.05831466
0.0,0.04532116
0.0,0.0762321
0.0,0.045175478
0.0,0.038689453
0.0,0.077248365
0.0,0.058119368
0.0,0.050212428
1.0,0.0074504074
0.0,0.093513146
0.0,0.045975525
0.0,0.030796131
0.0,0.042417698
0.0,0.07797767
0.0,0.076114446
0.0,0.04082083
0.0,0.03410507
0.0,0.045921624
0.0,0.046363898
0.0,0.10944249
0.0,0.007264193
0.0,0.057389826
0.0,0.054149084
0.0,0.042336646
0.0,0.060821623
0.0,0.06391922
0.0,0.043457285
0.0,0.008197895
0.0,0.04713228
0.0,0.0729531
0.0,0.0068137352
0.0,0.0054403804
0.0,0.034127664
0.0,0.024351837
0.0,0.09989143
0.0,0.0066488436
0.0,0.043656413
0.0,0.062413067
0.0,0.034496345
0.0,0.032627843
0.0,0.035459585
0.0,0.06972489
0.0,0.04099842
0.0,0.09486315
0.0,0.018621055
0.0,0.06807867
0.0,0.049006883
0.0,0.03680431
0.0,0.0602174
0.0,0.07035936
0.0,0.025122056
0.0,0.079164654
0.0,0.06930329
0.0,0.07362581
0.0,0.073736146
0.0,0.053498454
0.0,0.044263087
0.0,0.085049614
0.0,0.09255825
0.0,0.03980541
0.0,0.04822301
0.0,0.064015314
0.0,0.04941715
0.0,0.08187449
0.0,0.056242328
0.0,0.07297993
1.0,0.07254834
0.0,0.062785335
0.0,0.044901036
0.0,0.09110558
0.0,0.041629918
0.0,0.03466899
0.0,0.074964136
0.0,0.052767377
0.0,0.034227323
0.0,0.059375208
0.0,0.035119843
0.0,0.049114037
0.0,0.04948486
0.0,0.053031858
1.0,0.04528951
0.0,0.04928243
0.0,0.04439909
0.0,0.07511302
0.0,0.04296359
0.0,0.051605016
0.0,0.06592074
0.0,0.086847976
0.0,0.05555244
0.0,0.05715194
0.0,0.08896299
0.0,0.06466407
0.0,0.084405065
0.0,0.05733795
0.0,0.043526582
0.0,0.09960567
0.0,0.04155484
0.0,0.05968891
0.0,0.04732686
0.0,0.033514064
0.0,0.044110127
0.0,0.07314181
0.0,0.066737495
0.0,0.055047818
0.0,0.059566908
0.0,0.06098364
0.0,0.04865152
0.0,0.005751338
0.0,0.04688185
0.0,0.041335672
0.0,0.0656746
0.0,0.08033739
0.0,0.055927493
0.0,0.04615811
0.0,0.092776574
0.0,0.029305274
0.0,0.04281644
0.0,0.07933649
0.0,0.05825067
0.0,0.045393378
0.0,0.059284944
0.0,0.036785215
0.0,0.049130917
0.0,0.052559428
0.0,0.06025862
0.0,0.050923426
1.0,0.052843597
0.0,0.05363672
0.0,0.0822452
1.0,0.03341697
0.0,0.07162145
0.0,0.06908029
0.0,0.07397762
0.0,0.042700604
0.0,0.048712313
0.0,0.088797845
0.0,0.044433802
0.0,0.09622741
0.0,0.038284995
0.0,0.036198065
0.0,0.058420196
0.0,0.04027683
0.0,0.08257438
0.0,0.03306166
0.0,0.09500708
0.0,0.042533875
0.0,0.064562894
0.0,0.063852675
0.0,0.040762756
0.0,0.037146337
0.0,0.05003625
0.0,0.056683335
0.0,0.09508793
0.0,0.092969656
0.0,0.043035783
0.0,0.063038915
0.0,0.09879894
0.0,0.07426613
0.0,0.035201054
0.0,0.055326376
0.0,0.06959989
0.0,0.078035235
0.0,0.036175087
0.0,0.016521335
0.0,0.04401366
0.0,0.050311
0.0,0.0594032
0.0,0.06284436
0.0,0.05455445
1.0,0.03094293
0.0,0.06695558
0.0,0.050262
0.0,0.058777213
0.0,0.03868964
0.0,0.07714622
0.0,0.04566205
0.0,0.039806046
0.0,0.1034397
0.0,0.051915903
0.0,0.0767681
0.0,0.05656348
0.0,0.080078155
0.0,0.05738189
0.0,0.022066241
0.0,0.036095645
0.0,0.06285988
0.0,0.03534273
1.0,0.044916477
0.0,0.052195188
0.0,0.046994086
0.0,0.039096955
0.0,0.048697684
0.0,0.057017744
0.0,0.0672203
0.0,0.057583958
0.0,0.061298594
0.0,0.038895797
0.0,0.053727478
0.0,0.03081262
0.0,0.044225562
0.0,0.0821833
0.0,0.06431495
0.0,0.041311093
0.0,0.056285363
0.0,0.03751269
0.0,0.076581016
0.0,0.06173562
0.0,0.040900555
0.0,0.061780248
0.0,0.020925855
0.0,0.07121268
1.0,0.059043214
0.0,0.068855345
1.0,0.07221755
0.0,0.03192288
0.0,0.036554992
0.0,0.069749825
0.0,0.012009811
0.0,0.07471401
0.0,0.051554747
0.0,0.11329234
0.0,0.061585594
0.0,0.07078076
0.0,0.06527705
0.0,0.06816624
0.0,0.06484837
0.0,0.043961737
1.0,0.026903382
0.0,0.052135512
1.0,0.051113885
0.0,0.09399086
0.0,0.08862031
1.0,0.0352184
1.0,0.048278056
0.0,0.059879154
0.0,0.037374787
0.0,0.09630184
0.0,0.064890034
0.0,0.04391919
0.0,0.07335675
0.0,0.08274693
0.0,0.04812599
0.0,0.053546384
0.0,0.039333127
0.0,0.08602814
0.0,0.067556314
0.0,0.054755934
0.0,0.049061887
0.0,0.068023816
0.0,0.063465826
0.0,0.050201412
0.0,0.058077633
0.0,0.03828964
0.0,0.059156742
1.0,0.084827386
0.0,0.07181789
0.0,0.07641574
0.0,0.041129142
0.0,0.051413767
0.0,0.06236382
0.0,0.060508642
0.0,0.04824663
0.0,0.043814752
0.0,0.08630402
0.0,0.042876825
0.0,0.06707788
0.0,0.05746376
0.0,0.0692301
0.0,0.056821417
0.0,0.034300886
0.0,0.09504503
0.0,0.061543733
0.0,0.052340426
0.0,0.05564287
0.0,0.080511615
0.0,0.02905025
0.0,0.045054685
0.0,0.04958857
0.0,0.07940431
0.0,0.038700793
0.0,0.07054237
0.0,0.055222083
0.0,0.057203703
0.0,0.06370888
0.0,0.049379535
0.0,0.047233343
0.0,0.08397521
0.0,0.037246924
0.0,0.04035335
0.0,0.05724721
0.0,0.06221737
0.0,0.06851996
0.0,0.047593288
0.0,0.051960718
0.0,0.03191961
0.0,0.06350355
0.0,0.08234055
2.0,0.035127647
0.0,0.052513234
0.0,0.0386599
0.0,0.042428643
0.0,0.041192587
0.0,0.04261382
0.0,0.08331883
1.0,0.05136241
0.0,0.07343975
0.0,0.06407852
0.0,0.04512696
0.0,0.05448379
0.0,0.079416975
0.0,0.045212477
0.0,0.09545131
0.0,0.053052977
0.0,0.05334124
0.0,0.059241556
0.0,0.064149
0.0,0.062436063
0.0,0.06068082
0.0,0.05588247
0.0,0.06753944
0.0,0.09410335
0.0,0.087764405
0.0,0.0625836
0.0,0.06032838
0.0,0.045124613
0.0,0.05242919
0.0,0.07388798
0.0,0.039725978
0.0,0.064961925
0.0,0.073055305
0.0,0.08313009
0.0,0.074654184
0.0,0.09240049
0.0,0.06944938
0.0,0.03288623
0.0,0.058078423
0.0,0.043830633
0.0,0.037431523
0.0,0.053775944
0.0,0.048935592
0.0,0.04374003
0.0,0.05901508
0.0,0.0341529
0.0,0.03775285
0.0,0.08380602
0.0,0.059667654
0.0,0.05275198
0.0,0.07759354
0.0,0.04842447
0.0,0.05254656
0.0,0.01934904
0.0,0.07057198
0.0,0.0637179
0.0,0.051189926
0.0,0.066246815
0.0,0.058859825
0.0,0.07141074
0.0,0.07689644
0.0,0.107998654
0.0,0.09218307
0.0,0.044642143
0.0,0.041032538
1.0,0.02384484
0.0,0.0741466
1.0,0.038068566
0.0,0.046308704
0.0,0.06415731
0.0,0.055120997
0.0,0.01855189
0.0,0.034808382
0.0,0.07497361
0.0,0.04300327
0.0,0.034990832
0.0,0.043214995
0.0,0.06558784
0.0,0.0891828
0.0,0.045997143
0.0,0.05127736
0.0,0.043846678
0.0,0.04775326
0.0,0.052049644
0.0,0.06839694
0.0,0.023924861
0.0,0.041076194
0.0,0.040182296
0.0,0.03968882
0.0,0.07018123
0.0,0.053898603
0.0,0.063311964
0.0,0.049392886
0.0,0.042117443
0.0,0.07107681
0.0,0.063934505
0.0,0.04250866
0.0,0.045401353
0.0,0.065967746
0.0,0.047031455
0.0,0.041397907
0.0,0.055187665
0.0,0.05294287
0.0,0.04271663
0.0,0.06259932
0.0,0.044376023
0.0,0.074919
0.0,0.052678544
0.0,0.078908704
0.0,0.042458735
0.0,0.09372322
0.0,0.050506853
0.0,0.04671531
0.0,0.034865644
0.0,0.059134603
0.0,0.050991
0.0,0.09268883
0.0,0.08295536
0.0,0.06343778
0.0,0.07604623
0.0,0.055829253
0.0,0.050731592
0.0,0.052354567
0.0,0.07885459
0.0,0.061640814
0.0,0.0658555
0.0,0.0776685
0.0,0.07005383
1.0,0.057382837
0.0,0.078855574
0.0,0.057449706
0.0,0.050148778
0.0,0.04732158
0.0,0.0651594
0.0,0.062399216
0.0,0.04482016
0.0,0.048776582
0.0,0.042753562
0.0,0.030560188
0.0,0.021308992
0.0,0.088842906
0.0,0.03800979
0.0,0.0691684
0.0,0.06896197
0.0,0.06847278
0.0,0.016349252
0.0,0.053902626
0.0,0.07063879
0.0,0.06386495
0.0,0.055847958
0.0,0.036662575
0.0,0.049357228
0.0,0.04772328
0.0,0.06305558
0.0,0.04280539
0.0,0.07721964
0.0,0.06357725
0.0,0.054320466
0.0,0.045461804
0.0,0.058556773
0.0,0.044555556
0.0,0.043801423
0.0,0.05389129
0.0,0.06884965
0.0,0.04920933
0.0,0.028269842
0.0,0.05912321
0.0,0.04936555
0.0,0.05821839
0.0,0.06078448
0.0,0.04594551
0.0,0.057791848
0.0,0.07391755
0.0,0.06219917
0.0,0.04526452
0.0,0.0570605
0.0,0.049321927
0.0,0.03571586
1.0,0.08515571
1.0,0.038133737
0.0,0.050153643
0.0,0.04601601
0.0,0.071495846
0.0,0.08982424
0.0,0.033305243
0.0,0.06601994
0.0,0.07268511
0.0,0.03870844
0.0,0.0492417
1.0,0.073808
0.0,0.06758711
0.0,0.053508773
0.0,0.056952097
0.0,0.036697187
0.0,0.07608005
0.0,0.045696102
0.0,0.07924586
0.0,0.046562586
0.0,0.040956732
0.0,0.047655307
0.0,0.03401018
0.0,0.10053328
0.0,0.067419134
0.0,0.052431002
0.0,0.059563287
0.0,0.04748234
1.0,0.047123425
0.0,0.053416986
0.0,0.03889205
0.0,0.100008816
0.0,0.048039634
0.0,0.043621954
0.0,0.0810716
0.0,0.04954392
0.0,0.05315254
0.0,0.0826378
0.0,0.070090234
0.0,0.038323335
0.0,0.03558744
0.0,0.009677083
0.0,0.06310692
0.0,0.07686588
0.0,0.063360296
0.0,0.062485874
0.0,0.060742207
0.0,0.053066842
0.0,0.061462145
0.0,0.040083036
0.0,0.07690089
0.0,0.047623415
1.0,0.07983042
0.0,0.09047391
0.0,0.03831871
0.0,0.03958504
0.0,0.06395786
0.0,0.056895122
0.0,0.06396253
0.0,0.044986043
0.0,0.07123129
0.0,0.09884698
0.0,0.046660356
0.0,0.051038444
0.0,0.06841561
0.0,0.0617346
0.0,0.08043876
0.0,0.05428419
1.0,0.06902553
0.0,0.078969814
0.0,0.04235385
1.0,0.025455132
0.0,0.04587632
0.0,0.035938416
0.0,0.047107644
0.0,0.06412001
0.0,0.08919973
0.0,0.078490555
0.0,0.090686806
0.0,0.07027265
0.0,0.056188397
0.0,0.100755095
0.0,0.09221864
0.0,0.038953297
0.0,0.071235694
0.0,0.04108321
0.0,0.072617725
0.0,0.0489918
0.0,0.017315779
0.0,0.08164374
0.0,0.06375769
0.0,0.08743196
0.0,0.027490253
0.0,0.08336433
0.0,0.045984294
0.0,0.047944114
0.0,0.048077535
0.0,0.06744209
0.0,0.06216888
0.0,0.06924839
0.0,0.05792259
0.0,0.04909334
0.0,0.07122805
0.0,0.08246217
0.0,0.04674282
0.0,0.07229229
0.0,0.038282532
0.0,0.06948558
0.0,0.0310172
0.0,0.06316428
0.0,0.024185937
0.0,0.09630659
0.0,0.075495854
0.0,0.08239543
0.0,0.077855535
0.0,0.10287202
0.0,0.082497075
0.0,0.030163873
0.0,0.05376043
0.0,0.08856565
0.0,0.07147992
0.0,0.039099213
0.0,0.06279149
0.0,0.05402793
0.0,0.08290218
0.0,0.044479124
0.0,0.068994865
0.0,0.036661692
0.0,0.07803475
0.0,0.07530288
0.0,0.048561893
0.0,0.051524185
0.0,0.047188647
0.0,0.05265947
0.0,0.059756108
0.0,0.037293095
0.0,0.06859868
0.0,0.0709737
0.0,0.051540844
0.0,0.047726087
0.0,0.0639855
0.0,0.059585217
0.0,0.07140694
0.0,0.0809688
0.0,0.0577251
0.0,0.068772525
0.0,0.028670158
0.0,0.06316793
0.0,0.038613338
0.0,0.07931326
0.0,0.055836298
0.0,0.046670537
0.0,0.048810728
0.0,0.069950104
0.0,0.0786834
1.0,0.06568995
0.0,0.04737904
0.0,0.07169792
0.0,0.06449579
0.0,0.06058346
0.0,0.07007375
0.0,0.04233481
0.0,0.07248001
0.0,0.05899948
0.0,0.040136617
0.0,0.026041169
0.0,0.026495093
0.0,0.069463834
0.0,0.056623187
0.0,0.10516779
0.0,0.051567614
0.0,0.05211114
0.0,0.053744167
0.0,0.041415792
0.0,0.045827784
0.0,0.060433514
0.0,0.069664665
0.0,0.04953381
0.0,0.027566418
0.0,0.0065762345
0.0,0.041952655
0.0,0.046090994
0.0,0.067143574
0.0,0.045764826
0.0,0.067626
0.0,0.049522877
0.0,0.059170056
0.0,0.082365766
0.0,0.00458155
0.0,0.053007737
0.0,0.05056711
0.0,0.044642188
2.0,0.07808124
0.0,0.059314962
0.0,0.009610107
0.0,0.050962314
0.0,0.01982255
0.0,0.0713207
0.0,0.044076815
0.0,0.05380933
0.0,0.028737944
0.0,0.050032314
0.0,0.06437315
0.0,0.067788005
0.0,0.040104207
0.0,0.04593721
0.0,0.04791854
0.0,0.0692305
0.0,0.060767498
0.0,0.060072653
0.0,0.058410335
2.0,0.04914523
0.0,0.06098406
0.0,0.086551614
0.0,0.028856674
0.0,0.012678914
0.0,0.043704808
0.0,0.06467236
0.0,0.057493117
0.0,0.040147305
0.0,0.048698194
0.0,0.06977421
0.0,0.059354134
0.0,0.039177146
0.0,0.049201142
0.0,0.06884766
0.0,0.041299567
0.0,0.07144597
0.0,0.072954476
0.0,0.08318771
0.0,0.069163576
0.0,0.07073042
0.0,0.063409686
0.0,0.06577724
0.0,0.046079908
0.0,0.09502593
0.0,0.04791198
0.0,0.08420707
0.0,0.06472767
0.0,0.05603706
0.0,0.04289982
0.0,0.034810077
0.0,0.08592402
0.0,0.052647747
0.0,0.047078237
0.0,0.05669708
0.0,0.061302014
0.0,0.066209145
0.0,0.031394713
0.0,0.06978286
0.0,0.04810681
0.0,0.055199586
0.0,0.05768688
0.0,0.08621284
0.0,0.040999163
0.0,0.0274874
0.0,0.07356117
0.0,0.059184715
0.0,0.077687114
0.0,0.04220889
0.0,0.08056599
0.0,0.09787373
0.0,0.047879506
0.0,0.05430169
0.0,0.04356529
0.0,0.077532865
0.0,0.06714425
0.0,0.05997202
0.0,0.06302622
0.0,0.052509803
0.0,0.0362796
1.0,0.04634293
0.0,0.03228027
0.0,0.0671887
0.0,0.070104636
0.0,0.035852887
0.0,0.055995606
0.0,0.056434825
0.0,0.038487576
0.0,0.038673002
1.0,0.083615184
0.0,0.036901437
0.0,0.07146466
0.0,0.059311427
0.0,0.08526593
0.0,0.036443725
0.0,0.069845274
0.0,0.0531751
0.0,0.07789303
0.0,0.05228985
0.0,0.056455966
0.0,0.09365077
0.0,0.06888149
0.0,0.079948515
0.0,0.023308456
0.0,0.07320137
0.0,0.073867835
0.0,0.036924515
0.0,0.07236149
0.0,0.053793214
0.0,0.0657486
0.0,0.041314114
0.0,0.058415685
0.0,0.02785484
0.0,0.060928863
0.0,0.08204647
0.0,0.039646666
0.0,0.03167234
0.0,0.05031154
0.0,0.07763697
0.0,0.045663714
0.0,0.057428014
0.0,0.10027738
0.0,0.05241859
0.0,0.008531229
0.0,0.044727094
0.0,0.033695456
0.0,0.07251441
0.0,0.050262216
1.0,0.0364349
0.0,0.0424996
0.0,0.0893917
0.0,0.040066965
0.0,0.079377994
0.0,0.040506974
1.0,0.005059102
0.0,0.08294553
0.0,0.051388085
0.0,0.04314351
0.0,0.04916946
0.0,0.07948367
0.0,0.08406027
0.0,0.036517587
0.0,0.060548242
0.0,0.018854665
0.0,0.009474263
0.0,0.035588477
0.0,0.07467793
0.0,0.05472312
0.0,0.057072256
0.0,0.0625514
0.0,0.06863937
0.0,0.06554612
0.0,0.063745484
0.0,0.0683547
0.0,0.07326792
0.0,0.05236156
0.0,0.02919346
0.0,0.057513695
0.0,0.05600196
0.0,0.055634167
0.0,0.060319707
1.0,0.047410432
0.0,0.04199969
0.0,0.06523251
0.0,0.06431663
0.0,0.08137686
0.0,0.09718123
0.0,0.07462263
0.0,0.07426105
0.0,0.08056085
0.0,0.08363428
0.0,0.07271685
0.0,0.05277712
2.0,0.04950727
0.0,0.054565404
0.0,0.0735511
0.0,0.08713342
0.0,0.06320969
0.0,0.04174261
0.0,0.07606434
1.0,0.056589082
0.0,0.0705357
0.0,0.057096004
0.0,0.08189444
0.0,0.041865762
0.0,0.034666058
0.0,0.035093386
0.0,0.019438358
0.0,0.08703023
0.0,0.059494223
0.0,0.0449654
0.0,0.079921775
0.0,0.0749383
0.0,0.036061462
0.0,0.056848586
0.0,0.079403
0.0,0.026833512
0.0,0.0756641
0.0,0.051442668
0.0,0.052391067
0.0,0.056996923
0.0,0.036962915
0.0,0.0379531
0.0,0.039711338
0.0,0.05782734
0.0,0.053397123
0.0,0.06517343
0.0,0.064248
0.0,0.043456994
0.0,0.038890734
0.0,0.051020876
0.0,0.054556128
0.0,0.025003545
0.0,0.079576015
0.0,0.061594214
0.0,0.07497379
0.0,0.04041523
0.0,0.032995634
0.0,0.081912935
0.0,0.062460434
0.0,0.0563808
0.0,0.06846715
0.0,0.0584855
0.0,0.056575716
0.0,0.056605466
0.0,0.051032558
0.0,0.06795656
0.0,0.03860377
0.0,0.10018705
0.0,0.050450936
0.0,0.070894286
0.0,0.06042935
0.0,0.06233966
1.0,0.0536026
0.0,0.059588596
0.0,0.043333814
0.0,0.081046306
0.0,0.061822742
0.0,0.037282694
0.0,0.042689577
0.0,0.049888946
0.0,0.07478166
0.0,0.036610026
0.0,0.07278253
0.0,0.025322799
0.0,0.050303947
0.0,0.04721956
0.0,0.057315357
0.0,0.06373192
1.0,0.0403194
0.0,0.063703395
0.0,0.05258141
0.0,0.008007594
0.0,0.02511463
0.0,0.046018623
0.0,0.08209835
0.0,0.03903607
0.0,0.05779098
0.0,0.08908863
0.0,0.033143252
0.0,0.034685634
0.0,0.05937079
0.0,0.07697563
0.0,0.05565445
0.0,0.04054479
0.0,0.031527657
0.0,0.06241664
0.0,0.0520471
0.0,0.085831106
0.0,0.054646797
0.0,0.04910788
0.0,0.05754026
0.0,0.044178676
0.0,0.07601354
0.0,0.050985526
0.0,0.048525296
0.0,0.07644971
0.0,0.050584678
0.0,0.04504983
0.0,0.039772984
0.0,0.067655995
1.0,0.05521484
0.0,0.04973502
0.0,0.055942085
0.0,0.045393288
0.0,0.018823646
0.0,0.050967235
0.0,0.0717341
0.0,0.0864405
0.0,0.054118495
0.0,0.065708995
0.0,0.04818111
0.0,0.02707848
0.0,0.03499323
0.0,0.0565759
0.0,0.05161832
0.0,0.07063211
0.0,0.046385303
0.0,0.067458525
0.0,0.04236389
0.0,0.075787395
0.0,0.06945913
0.0,0.07313135
1.0,0.05135619
0.0,0.044193245
0.0,0.036478575
0.0,0.053451985
0.0,0.095108
0.0,0.08635691
0.0,0.07863258
0.0,0.08232287
0.0,0.05436549
0.0,0.068866596
0.0,0.04300122
1.0,0.038029686
0.0,0.06991929
0.0,0.073006235
0.0,0.08330669
1.0,0.021733548
0.0,0.050982125
0.0,0.063019454
0.0,0.05390008
1.0,0.059706178
1.0,0.03878422
0.0,0.055502094
0.0,0.075095974
0.0,0.04519715
0.0,0.043821666
0.0,0.10798208
0.0,0.04672172
0.0,0.07204548
0.0,0.04227659
0.0,0.07107356
0.0,0.045088556
0.0,0.044509456
0.0,0.08194644
0.0,0.06452961
0.0,0.04865384
0.0,0.052771457
0.0,0.049272258
0.0,0.06897978
1.0,0.061580513
0.0,0.0698205
0.0,0.060767703
0.0,0.0379388
1.0,0.07244846
0.0,0.046329387
0.0,0.039847624
0.0,0.038797658
0.0,0.07089878
0.0,0.06420055
0.0,0.06317841
0.0,0.06684381
0.0,0.0056437636
0.0,0.040646687
0.0,0.09306058
0.0,0.034409925
0.0,0.065714605
0.0,0.062660754
0.0,0.07782988
0.0,0.0652419
0.0,0.05102371
0.0,0.10315791
0.0,0.059344284
1.0,0.062033348
0.0,0.05752015
0.0,0.03772816
0.0,0.054296903
0.0,0.011679115
0.0,0.06243478
0.0,0.07401518
0.0,0.0508564
0.0,0.030469945
0.0,0.058478337
0.0,0.066911094
0.0,0.05196944
0.0,0.052115355
0.0,0.027634224
0.0,0.0680068
0.0,0.054352336
0.0,0.05473408
0.0,0.0052808155
0.0,0.10441327
0.0,0.05612504
0.0,0.093595855
0.0,0.052906252
0.0,0.03365333
0.0,0.0707372
0.0,0.052416492
0.0,0.063245416
0.0,0.052803874
0.0,0.07859844
0.0,0.046993256
0.0,0.062409583
0.0,0.0942225
0.0,0.06388476
0.0,0.046831146
0.0,0.053626463
0.0,0.09404807
0.0,0.06027576
0.0,0.08250894
0.0,0.05691071
0.0,0.027642593
0.0,0.08026584
0.0,0.057755113
0.0,0.064900406
0.0,0.006920623
0.0,0.05463338
0.0,0.04010221
0.0,0.07916187
0.0,0.06088903
0.0,0.068961844
0.0,0.09419355
0.0,0.062425002
0.0,0.079258025
0.0,0.053341873
0.0,0.018446928
0.0,0.04357014
0.0,0.05551914
0.0,0.08126673
0.0,0.06259708
0.0,0.037660576
0.0,0.068821765
0.0,0.06753206
0.0,0.08210101
0.0,0.060542915
0.0,0.06825761
0.0,0.06461454
0.0,0.049163032
1.0,0.03650922
0.0,0.025594858
0.0,0.04096939
0.0,0.061650116
0.0,0.05621718
0.0,0.040907323
0.0,0.034096055
0.0,0.08135049
0.0,0.066155806
0.0,0.04747013
0.0,0.05649402
0.0,0.07245356
0.0,0.03747633
0.0,0.061621346
0.0,0.041205317
0.0,0.072740585
0.0,0.04147334
0.0,0.0570497
0.0,0.069319054
0.0,0.04426173
0.0,0.04094772
0.0,0.037099056
1.0,0.046795674
0.0,0.06786271
0.0,0.073574446
0.0,0.047880508
0.0,0.05058709
0.0,0.046703987
0.0,0.06105286
0.0,0.06623557
0.0,0.051391624
0.0,0.07501407
0.0,0.05839502
0.0,0.070094444
0.0,0.07870479
0.0,0.073874615
0.0,0.067293584
0.0,0.10062999
1.0,0.05209322
0.0,0.05521108
0.0,0.057211053
0.0,0.039085306
0.0,0.04308841
1.0,0.0071036033
0.0,0.06751084
0.0,0.06864022
0.0,0.0552712
0.0,0.06564122
0.0,0.053613782
0.0,0.06529067
0.0,0.062982865
0.0,0.068928026
0.0,0.0494196
0.0,0.08979677
0.0,0.06800856
0.0,0.0877503
0.0,0.053816307
0.0,0.055133693
0.0,0.08048797
0.0,0.07903879
0.0,0.05060661
0.0,0.016400209
0.0,0.046254415
0.0,0.09155436
0.0,0.061230876
0.0,0.04293066
1.0,0.0709461
0.0,0.039005842
0.0,0.097274326
0.0,0.041588776
0.0,0.04815961
0.0,0.052214976
0.0,0.03298551
0.0,0.06791315
0.0,0.0756911
0.0,0.047915798
0.0,0.06817521
0.0,0.06506575
0.0,0.062081076
0.0,0.053806376
0.0,0.046820205
0.0,0.04293248
0.0,0.0684918
0.0,0.090637654
0.0,0.057649016
0.0,0.059710648
0.0,0.08470503
0.0,0.07788687
0.0,0.03932011
0.0,0.067030095
0.0,0.058576934
1.0,0.07125421
0.0,0.04696317
1.0,0.028455578
0.0,0.0570141
0.0,0.07045843
0.0,0.051764227
0.0,0.047863983
0.0,0.057096563
0.0,0.068296924
0.0,0.050705194
0.0,0.07249999
0.0,0.049364123
0.0,0.04827542
0.0,0.007843545
0.0,0.0360199
0.0,0.04765041
0.0,0.054893546
0.0,0.049367573
0.0,0.06848989
0.0,0.0150888385
0.0,0.076480776
0.0,0.08091731
0.0,0.04609885
0.0,0.06290111
0.0,0.04826575
0.0,0.029043227
1.0,0.045395456
1.0,0.06346259
0.0,0.04647767
0.0,0.048482485
0.0,0.08270348
0.0,0.05703088
0.0,0.06824485
0.0,0.05680045
0.0,0.10105285
0.0,0.05136944
0.0,0.0707444
0.0,0.04753584
0.0,0.055926573
0.0,0.053645786
0.0,0.074622974
0.0,0.049645256
0.0,0.06865957
0.0,0.021944497
0.0,0.06423915
0.0,0.051389784
0.0,0.060229
0.0,0.06601992
0.0,0.041477535
0.0,0.07072325
0.0,0.044658452
0.0,0.07117264
0.0,0.08080815
0.0,0.077025965
0.0,0.08348045
0.0,0.083478756
0.0,0.07695073
0.0,0.089736715
0.0,0.03826158
0.0,0.068744786
0.0,0.08795889
0.0,0.05959533
0.0,0.0897855
0.0,0.054359034
0.0,0.03712808
0.0,0.050656766
0.0,0.042194605
0.0,0.06980047
0.0,0.05768226
0.0,0.048372798
0.0,0.052446444
0.0,0.06928426
0.0,0.07844121
0.0,0.085073024
0.0,0.08861389
0.0,0.008874433
0.0,0.039347213
0.0,0.031112185
0.0,0.026619766
0.0,0.05048966
0.0,0.04222421
0.0,0.075390235
0.0,0.069543935
0.0,0.07914712
0.0,0.05094323
0.0,0.059865195
0.0,0.06718838
0.0,0.060699485
0.0,0.06786141
0.0,0.07052065
0.0,0.052640453
1.0,0.03851366
0.0,0.046538346
0.0,0.1031466
0.0,0.057126056
0.0,0.07298841
0.0,0.05549667
0.0,0.07352903
0.0,0.064972706
0.0,0.0859541
0.0,0.07073548
0.0,0.05325597
0.0,0.028406726
0.0,0.05239935
0.0,0.07264261
0.0,0.03920284
0.0,0.04356447
0.0,0.038150024
0.0,0.08064563
0.0,0.039863057
0.0,0.09171332
0.0,0.05812458
0.0,0.07775201
0.0,0.062819906
0.0,0.041979346
0.0,0.03208478
0.0,0.06451238
0.0,0.06334036
0.0,0.05554435
0.0,0.07047051
0.0,0.06558054
0.0,0.03886794
0.0,0.08096042
0.0,0.046448093
0.0,0.06632963
0.0,0.055297945
0.0,0.019790173
0.0,0.08550921
0.0,0.059625603
0.0,0.03805209
1.0,0.0073268074
0.0,0.060114417
1.0,0.0742653
0.0,0.038989756
0.0,0.086827666
0.0,0.056384433
0.0,0.06129168
0.0,0.088294536
0.0,0.056531813
0.0,0.06684792
0.0,0.09219937
0.0,0.0726727
0.0,0.07539156
0.0,0.086172506
1.0,0.043261334
0.0,0.07448942
0.0,0.056140553
0.0,0.06602773
0.0,0.043368995
1.0,0.06353235
0.0,0.033949718
0.0,0.048351258
0.0,0.07917445
0.0,0.049960792
0.0,0.011372141
0.0,0.059717238
0.0,0.052150432
0.0,0.052004665
0.0,0.051819336
0.0,0.13107492
0.0,0.06389519
0.0,0.053139225
0.0,0.076856025
0.0,0.029504657
0.0,0.08752093
0.0,0.042663284
0.0,0.06551899
0.0,0.053394374
0.0,0.053744607
0.0,0.0393899
0.0,0.07553002
1.0,0.08323375
0.0,0.049273998
0.0,0.028179005
0.0,0.07262346
0.0,0.054648116
0.0,0.039733063
0.0,0.06950314
0.0,0.05179162
0.0,0.051389627
0.0,0.038216278
0.0,0.05714559
0.0,0.047734067
0.0,0.0709579
0.0,0.050410453
0.0,0.073834695
0.0,0.060355183
0.0,0.077923834
0.0,0.055992242
0.0,0.06529471
0.0,0.02516835
0.0,0.089313686
0.0,0.0611375
0.0,0.039062425
0.0,0.03700819
0.0,0.0357393
0.0,0.02387936
0.0,0.06642902
0.0,0.06646723
0.0,0.09262041
0.0,0.06925749
0.0,0.03269177
0.0,0.057068583
0.0,0.067369595
0.0,0.080295935
0.0,0.0620809
0.0,0.08087195
0.0,0.03198363
0.0,0.07791679
1.0,0.05012549
0.0,0.032173846
0.0,0.034380574
0.0,0.053024776
0.0,0.05536475
0.0,0.09107748
0.0,0.04475978
0.0,0.06504285
0.0,0.03525443
0.0,0.049072675
0.0,0.07149223
0.0,0.003833896
0.0,0.06737846
0.0,0.06273197
1.0,0.048289485
0.0,0.05972809
0.0,0.07754191
0.0,0.07521119
0.0,0.052284017
0.0,0.06100487
0.0,0.070535615
0.0,0.062240157
0.0,0.061586548
0.0,0.06562713
0.0,0.08119943
1.0,0.04718571
0.0,0.033265032
0.0,0.07676153
0.0,0.05305691
0.0,0.06834175
0.0,0.037962314
0.0,0.059026
0.0,0.042750597
0.0,0.07675317
0.0,0.08071692
0.0,0.073669165
0.0,0.04529937
0.0,0.045940604
0.0,0.04937777
0.0,0.049643077
0.0,0.07612869
0.0,0.066521324
0.0,0.039168313
0.0,0.07743372
0.0,0.093546174
0.0,0.042431515
0.0,0.055673044
0.0,0.069428384
0.0,0.027670972
0.0,0.0727261
0.0,0.037784062
0.0,0.06599308
0.0,0.058513995
0.0,0.036341332
0.0,0.048292663
0.0,0.07253631
0.0,0.053905323
0.0,0.048109297
0.0,0.06817905
0.0,0.06797451
0.0,0.05640487
0.0,0.041514456
0.0,0.07772956
0.0,0.056982953
1.0,0.049101394
0.0,0.07336582
1.0,0.04258731
0.0,0.049468935
0.0,0.077475235
0.0,0.053808328
0.0,0.05349343
0.0,0.052791677
0.0,0.02651254
0.0,0.050780386
0.0,0.04536329
0.0,0.037991136
0.0,0.03845317
0.0,0.06523714
0.0,0.0681163
0.0,0.04555179
1.0,0.05214665
0.0,0.055332154
0.0,0.049853716
0.0,0.047392145
0.0,0.05035396
0.0,0.041513328
0.0,0.060333125
0.0,0.055894207
0.0,0.06815017
0.0,0.042573318
0.0,0.044342242
0.0,0.05264815
0.0,0.07006734
0.0,0.06695498
0.0,0.008704696
0.0,0.122865394
0.0,0.084018484
0.0,0.035323102
0.0,0.045437705
0.0,0.057513133
0.0,0.056434866
0.0,0.06277655
0.0,0.040307082
0.0,0.06258798
0.0,0.03685865
0.0,0.052472595
0.0,0.044041246
0.0,0.06883256
0.0,0.044444177
0.0,0.04193938
0.0,0.04887624
0.0,0.054622453
0.0,0.03317918
0.0,0.07667759
0.0,0.08155117
0.0,0.0740049
0.0,0.081892885
0.0,0.06691856
0.0,0.06273001
0.0,0.09094004
1.0,0.04202535
0.0,0.036224112
0.0,0.03441553
0.0,0.077858016
0.0,0.067702614
0.0,0.073654585
0.0,0.03868526
0.0,0.04999623
0.0,0.054324456
0.0,0.043899655
1.0,0.07895507
0.0,0.043809153
0.0,0.061592307
0.0,0.07919003
0.0,0.08977446
0.0,0.062773496
0.0,0.013204923
0.0,0.0708117
1.0,0.08899741
0.0,0.062430896
0.0,0.068389475
0.0,0.05779255
0.0,0.07400268
0.0,0.08502525
0.0,0.07061598
0.0,0.05519984
0.0,0.07264899
0.0,0.0395561
0.0,0.04493712
0.0,0.044888213
0.0,0.07071831
0.0,0.0055325925
0.0,0.0876308
0.0,0.04154004
0.0,0.044519275
0.0,0.0565651
0.0,0.046597946
0.0,0.050696626
1.0,0.047770657
0.0,0.058835004
0.0,0.061257716
0.0,0.07549897
0.0,0.051273644
0.0,0.09019858
0.0,0.0863644
0.0,0.0574884
1.0,0.066739805
0.0,0.044639565
0.0,0.007932808
0.0,0.03358207
0.0,0.09476337
0.0,0.07583038
0.0,0.081000715
0.0,0.032993007
0.0,0.046258826
0.0,0.050915897
0.0,0.050357226
1.0,0.052415468
0.0,0.06295395
0.0,0.062563255
0.0,0.07420236
0.0,0.060533836
0.0,0.07605527
0.0,0.04179071
0.0,0.072135925
0.0,0.0439384
0.0,0.035011902
1.0,0.042526614
0.0,0.049600817
0.0,0.06887823
0.0,0.06632748
0.0,0.048785094
0.0,0.016345434
0.0,0.0930818
0.0,0.038697343
0.0,0.064931944
1.0,0.065022945
0.0,0.047519118
1.0,0.048123386
0.0,0.054303087
0.0,0.09250821
0.0,0.06965746
0.0,0.071028434
0.0,0.030095106
0.0,0.07792651
0.0,0.06907443
0.0,0.05381056
0.0,0.05082787
0.0,0.044856012
0.0,0.04363875
0.0,0.049211454
0.0,0.06479391
0.0,0.0793035
0.0,0.052047223
0.0,0.07619597
0.0,0.08028952
0.0,0.047492463
0.0,0.07385647
0.0,0.03443374
0.0,0.070818014
0.0,0.057993766
0.0,0.05799176
0.0,0.053802427
0.0,0.06309992
0.0,0.062154625
0.0,0.03093374
0.0,0.022315815
0.0,0.042517792
0.0,0.04748273
0.0,0.05555452
0.0,0.04294104
1.0,0.075318694
0.0,0.08735045
0.0,0.046042852
1.0,0.046222642
0.0,0.09418607
0.0,0.07691562
0.0,0.062991425
0.0,0.068315536
0.0,0.068107374
0.0,0.055211592
0.0,0.06877233
0.0,0.04387848
0.0,0.048159726
0.0,0.05951437
0.0,0.050939355
2.0,0.050637893
0.0,0.07187147
0.0,0.05519536
0.0,0.07241826
1.0,0.05661409
0.0,0.03338573
0.0,0.056738798
0.0,0.0562271
0.0,0.033104714
0.0,0.03556409
0.0,0.05779773
0.0,0.032020573
0.0,0.059595447
0.0,0.067500904
0.0,0.050153848
0.0,0.05884352
0.0,0.04893264
0.0,0.04350209
0.0,0.098693
0.0,0.093412586
0.0,0.045641717
0.0,0.101293124
0.0,0.056028243
0.0,0.057171866
0.0,0.04404884
0.0,0.057002656
1.0,0.048207376
0.0,0.05598243
0.0,0.07527351
0.0,0.042437747
0.0,0.059630778
0.0,0.061013527
0.0,0.05375501
0.0,0.050782308
0.0,0.053775728
0.0,0.05689355
0.0,0.049936477
0.0,0.06631575
0.0,0.036844876
0.0,0.06240926
0.0,0.06235875
0.0,0.040070325
0.0,0.076879464
1.0,0.042110063
0.0,0.03807858
0.0,0.054713026
0.0,0.0673027
0.0,0.044998817
1.0,0.022958087
0.0,0.06722932
0.0,0.06960825
0.0,0.06747654
0.0,0.06309341
0.0,0.047337264
0.0,0.057032224
0.0,0.065504245
0.0,0.08305186
0.0,0.06957198
0.0,0.055297155
0.0,0.04292581
0.0,0.04137101
0.0,0.055810608
0.0,0.07109583
0.0,0.09118085
0.0,0.039782714
0.0,0.059044834
0.0,0.045570932
0.0,0.07511899
0.0,0.06278728
0.0,0.04806367
0.0,0.056327663
0.0,0.08144535
1.0,0.06421719
0.0,0.07440746
1.0,0.043913916
0.0,0.06727988
0.0,0.05182183
0.0,0.10774648
0.0,0.04026433
0.0,0.053039707
0.0,0.040927216
0.0,0.058199417
0.0,0.067816876
0.0,0.13635582
0.0,0.042171873
0.0,0.07712029
0.0,0.09102225
0.0,0.03635238
0.0,0.04909664
0.0,0.04865841
0.0,0.056874156
0.0,0.06732107
0.0,0.06796463
0.0,0.04406469
0.0,0.040203236
0.0,0.06706265
0.0,0.08441388
0.0,0.070040554
0.0,0.039637443
0.0,0.08921894
1.0,0.0061180093
0.0,0.06819551
0.0,0.07299976
0.0,0.056860488
0.0,0.035685048
0.0,0.069662906
0.0,0.03167503
0.0,0.04344156
0.0,0.051599406
0.0,0.06885768
1.0,0.05279403
0.0,0.08208798
0.0,0.08381055
0.0,0.06311111
0.0,0.036800854
0.0,0.088474475
0.0,0.06212997
0.0,0.038738336
0.0,0.038625527
0.0,0.104671076
0.0,0.0049400916
0.0,0.029375177
0.0,0.06950295
0.0,0.0478784
0.0,0.045232035
0.0,0.029952172
0.0,0.058867134
0.0,0.066548176
0.0,0.036681697
0.0,0.04428838
0.0,0.059124567
0.0,0.07474295
0.0,0.0331267
0.0,0.008673769
0.0,0.04811845
1.0,0.06370974
0.0,0.06297926
0.0,0.08033779
0.0,0.042823374
1.0,0.053241372
0.0,0.047820285
1.0,0.0731744
0.0,0.05117771
0.0,0.029701572
1.0,0.057117283
0.0,0.036351062
0.0,0.08152998
0.0,0.059333842
0.0,0.09764326
0.0,0.06999704
0.0,0.06965987
0.0,0.08901475
0.0,0.0642212
0.0,0.03731113
0.0,0.09681251
0.0,0.049246736
0.0,0.0696708
0.0,0.045527514
0.0,0.064073265
0.0,0.052141603
0.0,0.058787834
0.0,0.067024104
0.0,0.037838608
0.0,0.040156245
0.0,0.095991686
0.0,0.053042088
1.0,0.049420085
0.0,0.065302126
0.0,0.025366299
0.0,0.063979276
0.0,0.060271405
0.0,0.056978703
0.0,0.056912217
0.0,0.09473622
0.0,0.05222044
0.0,0.044226035
0.0,0.060509495
0.0,0.056148946
0.0,0.069569
0.0,0.041737597
0.0,0.04102534
0.0,0.048567474
0.0,0.05110767
0.0,0.080965556
0.0,0.071310185
0.0,0.057358447
0.0,0.0501201
0.0,0.009251222
0.0,0.0769162
0.0,0.08505489
0.0,0.0671235
1.0,0.06617913
0.0,0.04594403
0.0,0.062001914
0.0,0.06513854
0.0,0.016572084
0.0,0.049605276
0.0,0.06351442
0.0,0.048338406
0.0,0.078279376
1.0,0.07645946
0.0,0.045295276
0.0,0.04036809
0.0,0.065302856
0.0,0.09403905
0.0,0.03635172
0.0,0.097481295
0.0,0.053248912
0.0,0.008510658
0.0,0.056577966
1.0,0.10139828
0.0,0.04880955
0.0,0.070695534
0.0,0.06419533
0.0,0.043133873
0.0,0.03693005
0.0,0.039138068
0.0,0.05285645
0.0,0.044235054
0.0,0.049522877
0.0,0.038908113
0.0,0.069286175
0.0,0.079687536
0.0,0.027276145
0.0,0.041379098
0.0,0.080416955
0.0,0.06284944
0.0,0.041016772
0.0,0.045041077
0.0,0.07109751
0.0,0.03460824
0.0,0.06765309
0.0,0.047861926
0.0,0.048730295
0.0,0.055361927
0.0,0.032129593
0.0,0.065882154
0.0,0.042386174
0.0,0.0540831
0.0,0.046009824
0.0,0.11666561
0.0,0.052270878
0.0,0.07935682
0.0,0.042303976
0.0,0.051003143
0.0,0.05809763
0.0,0.071784556
0.0,0.03792309
0.0,0.06374852
0.0,0.032122713
0.0,0.06413931
0.0,0.036980256
0.0,0.057468638
0.0,0.042436652
0.0,0.05104457
0.0,0.060852878
0.0,0.09661596
0.0,0.07810079
0.0,0.046455424
0.0,0.07955112
0.0,0.0780974
0.0,0.07508335
0.0,0.07877909
0.0,0.07597906
0.0,0.051339354
0.0,0.06449994
0.0,0.046407327
0.0,0.0646463
0.0,0.050448798
0.0,0.050753236
0.0,0.058176123
0.0,0.03276037
0.0,0.056126863
0.0,0.08451227
0.0,0.038794328
0.0,0.062006656
0.0,0.049735732
0.0,0.06727815
0.0,0.078145325
0.0,0.020733654
0.0,0.0045643696
1.0,0.060399406
0.0,0.0611488
0.0,0.057107534
0.0,0.06890947
0.0,0.04285484
0.0,0.050558753
0.0,0.08454812
0.0,0.052597836
0.0,0.084566325
0.0,0.046790298
0.0,0.086372666
0.0,0.05979222
0.0,0.018826805
0.0,0.088679194
0.0,0.04853511
2.0,0.034491
0.0,0.045106865
0.0,0.066237845
0.0,0.052594326
0.0,0.043063197
0.0,0.04992481
0.0,0.080437705
0.0,0.04836867
0.0,0.04759642
0.0,0.07184503
0.0,0.074650556
0.0,0.06408196
0.0,0.10065103
0.0,0.079394616
0.0,0.054962445
0.0,0.06629529
0.0,0.062346928
0.0,0.06626778
0.0,0.045850854
0.0,0.09882935
1.0,0.016905807
0.0,0.060172107
0.0,0.05232267
0.0,0.04413261
0.0,0.056581542
0.0,0.06021977
0.0,0.0479089
0.0,0.033052772
0.0,0.059141118
0.0,0.061299324
0.0,0.057698406
0.0,0.06875246
1.0,0.061529532
0.0,0.09103727
0.0,0.043896172
0.0,0.05277294
0.0,0.021568093
0.0,0.0802685
0.0,0.024076544
0.0,0.06822447
0.0,0.047096897
0.0,0.0077433717
0.0,0.021775967
0.0,0.03602263
0.0,0.03181162
0.0,0.056510374
0.0,0.021826318
0.0,0.046432193
0.0,0.03177899
0.0,0.06861985
0.0,0.04753679
0.0,0.043982685
0.0,0.061684284
0.0,0.042675514
0.0,0.053434797
0.0,0.056787033
0.0,0.047195047
0.0,0.050804302
0.0,0.06723726
0.0,0.07781439
0.0,0.044842884
0.0,0.051988065
0.0,0.0758581
0.0,0.06376693
0.0,0.04643186
0.0,0.063668214
0.0,0.04823423
0.0,0.072848275
0.0,0.05290881
1.0,0.03349122
0.0,0.047988817
0.0,0.08949962
0.0,0.06639615
0.0,0.06330158
0.0,0.04156241
0.0,0.07101458
0.0,0.06369491
0.0,0.051196955
0.0,0.025009954
0.0,0.050851792
0.0,0.05027208
0.0,0.071253546
0.0,0.053667575
0.0,0.045425117
0.0,0.03953696
0.0,0.033786647
1.0,0.057807986
0.0,0.045062635
0.0,0.043962374
1.0,0.045874856
0.0,0.024873387
0.0,0.05118243
0.0,0.064333566
0.0,0.0669214
0.0,0.055203628
0.0,0.059830893
0.0,0.030276055
0.0,0.03959757
0.0,0.07325236
0.0,0.038003936
0.0,0.039143458
0.0,0.08787492
0.0,0.0340071
0.0,0.04053155
0.0,0.061435774
0.0,0.029130341
0.0,0.08486368
0.0,0.06957165
0.0,0.08608325
0.0,0.054314613
0.0,0.021824434
0.0,0.03828288
0.0,0.04073965
0.0,0.062725455
0.0,0.07318848
0.0,0.061098304
0.0,0.04791254
0.0,0.06541095
0.0,0.080565766
0.0,0.04908158
0.0,0.051025756
0.0,0.06207282
0.0,0.08443542
0.0,0.05843772
0.0,0.03420011
0.0,0.06156824
0.0,0.06427117
0.0,0.059862953
0.0,0.06832001
0.0,0.030776782
0.0,0.06526502
0.0,0.05799117
0.0,0.0649776
0.0,0.05306465
0.0,0.070344195
0.0,0.09479756
0.0,0.064250484
0.0,0.06296908
0.0,0.020814199
0.0,0.062118005
0.0,0.06817096
0.0,0.06629709
0.0,0.03967212
0.0,0.084911056
0.0,0.08884418
0.0,0.061471347
0.0,0.0604966
0.0,0.062075187
0.0,0.04377286
0.0,0.04229262
0.0,0.05230838
0.0,0.08188246
0.0,0.08813089
0.0,0.1011192
0.0,0.03583564
0.0,0.061846036
0.0,0.099749595
0.0,0.077088855
0.0,0.07637933
0.0,0.09989043
0.0,0.008558051
0.0,0.05186701
0.0,0.083547026
0.0,0.067243256
0.0,0.05454094
0.0,0.053437877
0.0,0.061549984
0.0,0.053198334
0.0,0.06516619
0.0,0.06935688
0.0,0.048338097
0.0,0.05361322
0.0,0.047055874
0.0,0.08889571
0.0,0.06340037
0.0,0.100146234
0.0,0.050192475
0.0,0.05636623
0.0,0.05374012
0.0,0.04821864
0.0,0.047570214
0.0,0.039401494
0.0,0.051788233
0.0,0.009743276
0.0,0.084765784
0.0,0.06626173
0.0,0.06818123
0.0,0.04668259
0.0,0.046560455
0.0,0.008329702
0.0,0.054593094
0.0,0.05287547
0.0,0.05230051
0.0,0.031131538
0.0,0.04794167
0.0,0.055004902
0.0,0.040614292
0.0,0.07448056
1.0,0.07663369
0.0,0.008403787
0.0,0.046064507
0.0,0.069074035
1.0,0.06663886
0.0,0.06307817
0.0,0.056853384
0.0,0.070269704
0.0,0.04290998
0.0,0.050611846
0.0,0.06823742
0.0,0.052815106
0.0,0.052752007
1.0,0.049288988
0.0,0.052242957
0.0,0.06302712
1.0,0.044374965
0.0,0.050535567
0.0,0.065027796
0.0,0.035447724
0.0,0.06651254
0.0,0.09013507
0.0,0.1015753
0.0,0.043532714
0.0,0.073117584
0.0,0.06049106
0.0,0.04027227
1.0,0.040092383
0.0,0.070594124
0.0,0.035776827
0.0,0.06283971
0.0,0.074632935
0.0,0.054845158
0.0,0.060133297
0.0,0.034837425
0.0,0.05404031
0.0,0.058944885
0.0,0.048031684
0.0,0.06299369
0.0,0.06320346
0.0,0.009437808
0.0,0.07101758
0.0,0.041585088
0.0,0.05755132
0.0,0.07794085
0.0,0.03000472
0.0,0.030361446
0.0,0.053086214
0.0,0.043072574
1.0,0.06895107
0.0,0.034927886
0.0,0.062205978
0.0,0.07931213
0.0,0.049665738
0.0,0.05068732
0.0,0.048495308
0.0,0.05985967
0.0,0.10402632
0.0,0.05569709
0.0,0.018823516
0.0,0.04361403
0.0,0.041696977
0.0,0.07609656
0.0,0.08655252
0.0,0.07763792
0.0,0.09000035
0.0,0.078686774
0.0,0.036471993
0.0,0.06855429
0.0,0.0714183
0.0,0.09672493
0.0,0.07292611
0.0,0.07942881
0.0,0.07178771
0.0,0.044491336
0.0,0.097501636
0.0,0.069200166
0.0,0.047302134
0.0,0.055965096
0.0,0.07347889
0.0,0.040680718
0.0,0.055034563
0.0,0.05796761
0.0,0.049364395
0.0,0.06355282
0.0,0.05687109
0.0,0.07736972
0.0,0.059749823
0.0,0.07551013
0.0,0.053015612
0.0,0.059655096
0.0,0.049870014
0.0,0.045990415
0.0,0.059201863
0.0,0.109466806
0.0,0.08141208
0.0,0.02821201
0.0,0.0473656
0.0,0.04561515
0.0,0.06489302
0.0,0.033142146
0.0,0.07691879
0.0,0.057377897
0.0,0.020925894
0.0,0.056711115
0.0,0.077914044
0.0,0.07737839
0.0,0.042623747
0.0,0.062005192
0.0,0.050785568
0.0,0.054588433
0.0,0.050130773
0.0,0.056743342
0.0,0.040126733
0.0,0.05512795
0.0,0.062801085
0.0,0.065620884
0.0,0.066527605
0.0,0.055361055
0.0,0.05543252
0.0,0.03312618
0.0,0.049571984
0.0,0.035827924
0.0,0.023895593
0.0,0.04323269
1.0,0.06061666
0.0,0.03826031
0.0,0.0496632
0.0,0.04226859
0.0,0.09033398
0.0,0.07458904
0.0,0.02170171
0.0,0.061244924
0.0,0.04204973
0.0,0.075644225
0.0,0.03660314
1.0,0.08328939
0.0,0.078703925
0.0,0.057861734
1.0,0.044279434
0.0,0.03871867
0.0,0.079470485
0.0,0.07618082
0.0,0.075387955
0.0,0.0660102
0.0,0.08006659
0.0,0.04780593
0.0,0.042063586
1.0,0.07738898
0.0,0.0683563
0.0,0.035848826
0.0,0.060667064
0.0,0.006076886
0.0,0.06603384
0.0,0.043078396
0.0,0.0368779
0.0,0.056425624
0.0,0.07569835
0.0,0.06553621
0.0,0.035473444
0.0,0.04896757
1.0,0.027004976
0.0,0.048306633
0.0,0.00906587
0.0,0.09277748
0.0,0.1014747
0.0,0.038516104
1.0,0.042445034
0.0,0.046092797
0.0,0.06470724
0.0,0.09330337
0.0,0.029910034
0.0,0.04209862
0.0,0.03259496
0.0,0.06435099
0.0,0.04960025
0.0,0.041648213
0.0,0.026531737
0.0,0.04508815
0.0,0.050585113
0.0,0.05610805
0.0,0.037440654
0.0,0.044278957
0.0,0.060183324
0.0,0.0488424
0.0,0.0758091
0.0,0.0726595
0.0,0.061120495
0.0,0.0418351
0.0,0.055285923
0.0,0.09337164
0.0,0.07143849
0.0,0.042429186
0.0,0.07440542
0.0,0.0817733
0.0,0.058719084
0.0,0.044157445
0.0,0.061487265
0.0,0.08219412
0.0,0.043219242
0.0,0.073111184
0.0,0.06846413
0.0,0.076367915
0.0,0.08438321
0.0,0.05056951
0.0,0.06838104
0.0,0.08625872
0.0,0.028592026
0.0,0.029897656
0.0,0.044826217
0.0,0.06660427
0.0,0.03999746
0.0,0.038545143
0.0,0.048301347
0.0,0.05058452
0.0,0.077700324
0.0,0.038413282
0.0,0.042987216
0.0,0.06009649
1.0,0.022049818
0.0,0.04295088
0.0,0.05377638
0.0,0.054438032
0.0,0.059682738
0.0,0.07419976
0.0,0.052863456
0.0,0.007320776
0.0,0.040444728
0.0,0.08642649
0.0,0.040962007
0.0,0.007292451
1.0,0.066357754
0.0,0.05009591
0.0,0.020736601
0.0,0.041709267
0.0,0.064023376
0.0,0.059822705
0.0,0.059409235
0.0,0.08191968
0.0,0.06654383
0.0,0.07286084
0.0,0.040582854
0.0,0.057876993
0.0,0.04370757
0.0,0.04049077
0.0,0.075428694
0.0,0.039779413
0.0,0.06508497
0.0,0.054300398
0.0,0.026251879
0.0,0.06541353
0.0,0.063037306
0.0,0.065871954
0.0,0.084461324
0.0,0.06473372
0.0,0.090510845
0.0,0.03921907
0.0,0.05637677
0.0,0.064913
0.0,0.06468408
0.0,0.052414365
1.0,0.09255851
2.0,0.06947281
0.0,0.082510665
0.0,0.07157099
0.0,0.06975754
0.0,0.036112897
0.0,0.066473916
0.0,0.04305707
0.0,0.051630728
0.0,0.03928499
0.0,0.052643076
0.0,0.091962144
0.0,0.06777711
0.0,0.06425903
0.0,0.06210974
0.0,0.053822376
1.0,0.051721394
2.0,0.038933244
0.0,0.07851167
0.0,0.034109388
0.0,0.045928635
0.0,0.07779604
0.0,0.049361713
0.0,0.09383905
0.0,0.055196337
0.0,0.040105984
0.0,0.07560137
0.0,0.04432163
1.0,0.04359591
0.0,0.04280603
0.0,0.04621709
0.0,0.050883155
0.0,0.059841804
0.0,0.063192844
0.0,0.0689193
0.0,0.04172851
0.0,0.036065944
0.0,0.04132446
0.0,0.049922977
0.0,0.065616556
0.0,0.04552733
0.0,0.04159189
0.0,0.08164549
0.0,0.07052823
0.0,0.056851093
0.0,0.07702837
0.0,0.053157456
0.0,0.051071737
0.0,0.041923497
0.0,0.05415128
0.0,0.069596715
0.0,0.03774682
0.0,0.06774937
0.0,0.046990924
0.0,0.0528935
0.0,0.036157843
0.0,0.04665961
0.0,0.04195462
0.0,0.07341142
0.0,0.05668585
0.0,0.050679997
0.0,0.04997852
0.0,0.047503866
0.0,0.050385475
0.0,0.08605134
1.0,0.06097291
0.0,0.07968007
0.0,0.045220952
0.0,0.051220052
0.0,0.090866745
0.0,0.060274497
0.0,0.031095412
0.0,0.078614615
0.0,0.011164997
0.0,0.051321868
0.0,0.07638335
0.0,0.041845165
0.0,0.05302398
0.0,0.07796336
0.0,0.042269394
0.0,0.05783397
0.0,0.0953991
0.0,0.0704106
0.0,0.046313763
0.0,0.08479309
0.0,0.03440601
0.0,0.05444964
0.0,0.017925233
0.0,0.04344386
1.0,0.028965486
1.0,0.05281681
0.0,0.05480674
0.0,0.039761607
0.0,0.039603624
0.0,0.0953358
0.0,0.056933604
0.0,0.05757204
0.0,0.03952128
0.0,0.017394347
0.0,0.041737907
0.0,0.070981726
0.0,0.088209234
1.0,0.063582115
0.0,0.050811656
0.0,0.047772057
0.0,0.076684155
0.0,0.062611155
0.0,0.05113173
0.0,0.05640768
1.0,0.09142052
0.0,0.06857255
0.0,0.054778144
0.0,0.0443196
0.0,0.052645363
0.0,0.030644065
0.0,0.07566401
0.0,0.07492963
0.0,0.051540367
0.0,0.063079916
0.0,0.042015534
0.0,0.04919875
0.0,0.04320731
0.0,0.06217158
0.0,0.046759628
0.0,0.047134202
1.0,0.032055717
0.0,0.05473095
0.0,0.04374542
0.0,0.04493548
0.0,0.05214546
0.0,0.035919785
0.0,0.032277513
0.0,0.059274092
0.0,0.051445577
0.0,0.10113714
1.0,0.034513637
0.0,0.051546104
0.0,0.037432604
0.0,0.03814994
0.0,0.063641004
0.0,0.006525761
0.0,0.07455228
0.0,0.03467819
0.0,0.068955705
0.0,0.07643394
0.0,0.049902365
0.0,0.0549039
0.0,0.1034849
0.0,0.07450969
0.0,0.050828595
0.0,0.06614543
0.0,0.035498817
0.0,0.06659788
0.0,0.04638662
0.0,0.06308036
0.0,0.037892442
0.0,0.04936728
0.0,0.05751036
0.0,0.046302564
0.0,0.051284045
0.0,0.057500463
0.0,0.055270094
0.0,0.03559423
0.0,0.060134415
0.0,0.070924245
0.0,0.033235706
0.0,0.045671936
0.0,0.040963948
0.0,0.05937307
0.0,0.060473926
0.0,0.045835026
0.0,0.022156257
0.0,0.0698407
0.0,0.08038165
1.0,0.056129243
0.0,0.061221812
0.0,0.055383537
0.0,0.053622298
0.0,0.028920673
0.0,0.055380356
0.0,0.070919946
0.0,0.06922648
0.0,0.04749695
0.0,0.054541107
0.0,0.050303206
0.0,0.0618862
0.0,0.006978289
0.0,0.06085893
0.0,0.10072373
0.0,0.10564074
0.0,0.06949413
0.0,0.04861671
0.0,0.06414215
0.0,0.047496542
0.0,0.053203024
0.0,0.047879092
0.0,0.057131395
0.0,0.08507624
0.0,0.055042736
0.0,0.066173665
0.0,0.06489909
0.0,0.09795499
0.0,0.06630686
0.0,0.08705412
0.0,0.052215025
0.0,0.04156658
0.0,0.042168204
0.0,0.03683265
0.0,0.044000648
0.0,0.033966646
0.0,0.055424236
0.0,0.054263666
0.0,0.06721338
0.0,0.0696502
0.0,0.055829827
0.0,0.04699562
0.0,0.04364894
1.0,0.006799879
0.0,0.08900145
0.0,0.042489097
0.0,0.042766593
0.0,0.054339938
0.0,0.07032918
0.0,0.07955025
0.0,0.05304172
0.0,0.07277535
0.0,0.038269684
0.0,0.046146028
0.0,0.053252123
1.0,0.036404785
0.0,0.051507898
0.0,0.03783103
0.0,0.05232352
0.0,0.072678626
1.0,0.08157507
0.0,0.09465444
0.0,0.04407715
0.0,0.059918284
0.0,0.07625449
0.0,0.053474814
0.0,0.057098307
0.0,0.08420565
0.0,0.08756434
0.0,0.043551754
0.0,0.079950914
0.0,0.07096294
0.0,0.054284357
0.0,0.06829072
0.0,0.0652053
0.0,0.054878667
0.0,0.07025509
0.0,0.08658509
0.0,0.08310251
0.0,0.053647872
0.0,0.0563656
0.0,0.081658706
0.0,0.03155771
0.0,0.060247943
0.0,0.051094756
0.0,0.11454174
0.0,0.01816744
0.0,0.054827753
0.0,0.08545866
0.0,0.04253955
0.0,0.06882142
0.0,0.05188831
0.0,0.047359593
0.0,0.04696183
1.0,0.060313065
0.0,0.03986889
0.0,0.052749276
0.0,0.05224921
0.0,0.045624025
0.0,0.050621342
0.0,0.048120745
0.0,0.031136852
0.0,0.069082946
0.0,0.07187185
0.0,0.0063785417
0.0,0.042655494
0.0,0.065538585
0.0,0.058709845
0.0,0.08715151
0.0,0.02951994
0.0,0.059553146
0.0,0.08707114
0.0,0.08468496
0.0,0.06732645
0.0,0.07189947
0.0,0.056864947
0.0,0.054805968
0.0,0.08107176
0.0,0.048540663
0.0,0.08766202
0.0,0.044043284
0.0,0.07165609
0.0,0.0450129
0.0,0.068434685
0.0,0.053678412
0.0,0.0423689
0.0,0.10328322
0.0,0.050441086
0.0,0.08090246
0.0,0.06718838
0.0,0.0805004
0.0,0.08140466
0.0,0.06389033
0.0,0.078715704
0.0,0.053406037
0.0,0.07230191
0.0,0.05629057
0.0,0.057683207
0.0,0.018954914
0.0,0.053548694
0.0,0.05842602
0.0,0.03892617
0.0,0.05390525
0.0,0.042394623
0.0,0.043932408
2.0,0.054606464
0.0,0.05451872
0.0,0.03948971
0.0,0.04205462
0.0,0.04496778
1.0,0.053652965
0.0,0.0660953
0.0,0.06082648
0.0,0.06872276
0.0,0.050018743
0.0,0.04882887
0.0,0.045614913
0.0,0.03560762
0.0,0.033129267
0.0,0.076551065
0.0,0.053940654
0.0,0.035043336
0.0,0.036296755
0.0,0.05200764
0.0,0.06461871
0.0,0.08267531
0.0,0.060972214
0.0,0.04785579
0.0,0.057801344
0.0,0.07507721
0.0,0.05320853
0.0,0.10035707
0.0,0.05908863
0.0,0.056899518
0.0,0.063126884
0.0,0.050225213
0.0,0.072443865
0.0,0.067371026
0.0,0.03456429
0.0,0.054285485
0.0,0.01364085
0.0,0.039780494
0.0,0.02988311
0.0,0.07625842
0.0,0.065873794
0.0,0.053716987
0.0,0.07109243
0.0,0.039368723
0.0,0.04220232
0.0,0.053846467
0.0,0.070568174
0.0,0.05686564
0.0,0.05447106
0.0,0.03320656
0.0,0.057080857
0.0,0.017982876
0.0,0.037672296
0.0,0.050488684
0.0,0.090547994
0.0,0.056870356
0.0,0.07663739
0.0,0.054833584
0.0,0.04387446
0.0,0.04304036
0.0,0.038832102
0.0,0.06538492
0.0,0.04707889
0.0,0.06440315
1.0,0.07680951
0.0,0.050732065
0.0,0.048913054
0.0,0.067594826
0.0,0.07783872
0.0,0.040310904
0.0,0.03719292
0.0,0.034908503
0.0,0.07160064
0.0,0.054667596
0.0,0.05322769
0.0,0.096634895
0.0,0.06944777
0.0,0.07212525
0.0,0.083058015
1.0,0.041890822
0.0,0.044303186
0.0,0.0726461
0.0,0.06924238
0.0,0.06267841
0.0,0.059509743
0.0,0.031872127
0.0,0.043595742
0.0,0.04316075
0.0,0.05343329
0.0,0.07987872
0.0,0.07119304
0.0,0.036064573
0.0,0.04805222
0.0,0.010654694
0.0,0.05346975
0.0,0.048007872
0.0,0.065690815
0.0,0.02111712
0.0,0.05615762
0.0,0.041883193
0.0,0.029909698
0.0,0.06333946
0.0,0.036965277
0.0,0.053071372
0.0,0.07395437
0.0,0.048338097
0.0,0.054639973
0.0,0.03787649
0.0,0.053407893
0.0,0.04932317
0.0,0.05850303
0.0,0.03046263
0.0,0.034748126
0.0,0.08174139
0.0,0.028000206
0.0,0.05144224
0.0,0.048767604
0.0,0.07286268
0.0,0.055501565
0.0,0.10515568
0.0,0.054153927
0.0,0.06355908
1.0,0.053299822
0.0,0.054760996
0.0,0.014319694
0.0,0.06432729
0.0,0.06462038
0.0,0.06321379
0.0,0.05844614
0.0,0.05066715
0.0,0.08313659
0.0,0.10282183
0.0,0.06810276
0.0,0.061720505
0.0,0.039275616
1.0,0.041750237
0.0,0.062948234
0.0,0.053381097
0.0,0.0682857
0.0,0.039554715
0.0,0.05472041
0.0,0.06383135
0.0,0.07878217
0.0,0.054059796
0.0,0.08857414
0.0,0.054541394
0.0,0.06871015
0.0,0.06106816
0.0,0.04648523
0.0,0.016303897
0.0,0.041722193
0.0,0.013052164
0.0,0.056007624
0.0,0.04679651
0.0,0.035687633
0.0,0.072813734
0.0,0.04137583
0.0,0.08685638
0.0,0.08399181
0.0,0.06509855
0.0,0.05216161
0.0,0.10070948
0.0,0.04543461
0.0,0.062486798
0.0,0.08605115
0.0,0.036236662
1.0,0.058573876
0.0,0.024232032
0.0,0.042157136
0.0,0.094438225
0.0,0.08313568
0.0,0.053988297
0.0,0.05959945
0.0,0.04384424
0.0,0.035433218
0.0,0.04299579
0.0,0.05377329
0.0,0.047476217
0.0,0.10204229
0.0,0.072130024
0.0,0.08900923
0.0,0.03786189
0.0,0.0360312
0.0,0.05130771
0.0,0.029991502
0.0,0.04660081
1.0,0.06012937
0.0,0.048029244
0.0,0.04181744
0.0,0.06995564
0.0,0.060028285
0.0,0.05277138
0.0,0.039322004
1.0,0.037293013
0.0,0.02052628
0.0,0.054438137
0.0,0.077854976
0.0,0.086441495
0.0,0.034840107
0.0,0.074919894
0.0,0.058061197
0.0,0.039209373
1.0,0.051279254
0.0,0.047480024
0.0,0.039258868
0.0,0.086458266
0.0,0.050168652
0.0,0.07230405
0.0,0.041746475
0.0,0.062779844
0.0,0.04432132
0.0,0.048647925
0.0,0.056660824
1.0,0.07573687
0.0,0.065984175
0.0,0.0059330873
0.0,0.0735748
0.0,0.038587246
0.0,0.067109406
0.0,0.070608266
0.0,0.009623456
0.0,0.053707227
0.0,0.051350802
0.0,0.060434192
0.0,0.040086016
0.0,0.049104776
0.0,0.08350899
0.0,0.046695393
0.0,0.009570591
0.0,0.040415645
0.0,0.052903578
0.0,0.04462488
0.0,0.09325348
0.0,0.079134196
0.0,0.060511902
0.0,0.04659648
0.0,0.078713834
0.0,0.07421866
0.0,0.08131342
0.0,0.099926256
0.0,0.029665712
0.0,0.081637844
0.0,0.026613072
0.0,0.08118212
0.0,0.065197386
0.0,0.059183657
2.0,0.0076692365
0.0,0.042972654
0.0,0.07084632
0.0,0.08296712
0.0,0.06848099
0.0,0.07029777
0.0,0.060150776
0.0,0.057747193
0.0,0.10089605
0.0,0.0318012
0.0,0.053033553
0.0,0.048168615
0.0,0.030424314
0.0,0.057991583
0.0,0.074353956
0.0,0.009215981
0.0,0.046232983
0.0,0.06420825
0.0,0.05777216
0.0,0.037674587
0.0,0.050237607
0.0,0.08294676
0.0,0.050296176
1.0,0.047471702
0.0,0.077662796
0.0,0.043544956
0.0,0.08316577
0.0,0.045113727
0.0,0.07706496
0.0,0.066364005
0.0,0.07376191
0.0,0.030012647
0.0,0.055218082
0.0,0.046216495
0.0,0.056464016
0.0,0.023936786
0.0,0.0696971
0.0,0.059007667
0.0,0.04402546
0.0,0.068717524
0.0,0.046634767
0.0,0.033714436
0.0,0.07570055
0.0,0.05146756
0.0,0.044931248
0.0,0.038580824
0.0,0.01820432
0.0,0.05183901
0.0,0.05018095
0.0,0.06462226
0.0,0.098957285
0.0,0.074282795
0.0,0.06294714
0.0,0.03632077
0.0,0.09561369
0.0,0.049681842
0.0,0.040956087
0.0,0.058129236
0.0,0.040113788
0.0,0.09163009
0.0,0.04167034
0.0,0.09420004
0.0,0.043783393
0.0,0.046078548
0.0,0.045108944
0.0,0.032061305
0.0,0.044779964
0.0,0.037664976
0.0,0.061437692
0.0,0.047208227
0.0,0.04945428
0.0,0.05497121
0.0,0.078370884
0.0,0.039113086
0.0,0.009011633
0.0,0.06775013
0.0,0.05855778
0.0,0.07962357
0.0,0.04397656
0.0,0.03008395
0.0,0.05823835
0.0,0.03853601
0.0,0.07221265
0.0,0.04529172
0.0,0.093284525
0.0,0.03619638
0.0,0.05475126
0.0,0.043565027
0.0,0.01355296
0.0,0.046884805
0.0,0.06335121
0.0,0.061495006
0.0,0.055423204
1.0,0.04135395
0.0,0.06911482
0.0,0.09270562
0.0,0.067364305
0.0,0.090038374
1.0,0.04217636
0.0,0.045901123
0.0,0.066422775
0.0,0.050913565
0.0,0.040471967
0.0,0.044338234
0.0,0.038752545
0.0,0.074494064
0.0,0.03543886
0.0,0.048052967
0.0,0.07581225
0.0,0.057153493
0.0,0.10006043
0.0,0.09759486
0.0,0.028863603
1.0,0.01936595
0.0,0.104585856
0.0,0.049077272
0.0,0.077129334
0.0,0.049261354
0.0,0.08886261
0.0,0.018546203
0.0,0.055957545
0.0,0.052729625
0.0,0.08074221
0.0,0.053640187
1.0,0.045600254
0.0,0.043561496
0.0,0.054929707
0.0,0.03505352
0.0,0.08781163
0.0,0.035215568
0.0,0.065884
0.0,0.09685356
0.0,0.04671262
1.0,0.04781138
0.0,0.033418197
0.0,0.04829992
0.0,0.054592133
0.0,0.048314787
0.0,0.040123917
0.0,0.07337389
0.0,0.06170985
0.0,0.05612563
0.0,0.0648061
0.0,0.08979379
0.0,0.01684645
0.0,0.08432
1.0,0.03710208
0.0,0.061631307
0.0,0.038080614
0.0,0.056921702
0.0,0.051532
0.0,0.05514785
0.0,0.046029836
0.0,0.049896225
0.0,0.06057927
0.0,0.06569133
0.0,0.044535972
0.0,0.054751884
1.0,0.05234095
0.0,0.05169464
0.0,0.045671545
0.0,0.043607518
0.0,0.053106558
0.0,0.069898784
0.0,0.03847253
0.0,0.02127876
0.0,0.056586683
0.0,0.07401782
0.0,0.023921072
0.0,0.06276691
0.0,0.046877313
0.0,0.08060242
0.0,0.07508459
0.0,0.03452745
0.0,0.074232474
0.0,0.065723
0.0,0.052649327
0.0,0.035277173
0.0,0.08465876
0.0,0.06400601
0.0,0.04732097
0.0,0.048584383
0.0,0.053064767
0.0,0.051550433
0.0,0.07031428
0.0,0.048832156
0.0,0.074241996
0.0,0.052941002
0.0,0.051843803
0.0,0.039590806
0.0,0.040863506
1.0,0.05248627
0.0,0.07413404
0.0,0.07091075
0.0,0.07018828
0.0,0.09506615
0.0,0.05220121
0.0,0.05793212
0.0,0.042041786
0.0,0.0355515
0.0,0.04971548
0.0,0.051213726
0.0,0.04506637
0.0,0.07322047
0.0,0.03871396
0.0,0.06755912
0.0,0.036929287
0.0,0.046941824
0.0,0.065947086
0.0,0.047501467
0.0,0.061092872
0.0,0.099452995
0.0,0.08604477
0.0,0.05259736
0.0,0.06081076
0.0,0.037529908
0.0,0.0947046
1.0,0.04547157
0.0,0.0543707
0.0,0.071955994
0.0,0.071992755
0.0,0.08231282
0.0,0.0981681
0.0,0.07956522
0.0,0.061475277
0.0,0.046474136
0.0,0.057332482
0.0,0.09221483
0.0,0.0817215
0.0,0.060164932
0.0,0.06436329
0.0,0.045085512
0.0,0.07930082
0.0,0.04309523
0.0,0.036916133
0.0,0.05550993
0.0,0.07531579
0.0,0.044998668
0.0,0.06208956
0.0,0.067773506
0.0,0.018653937
0.0,0.05120861
0.0,0.052018058
1.0,0.09068845
0.0,0.04054734
0.0,0.052225623
1.0,0.063911125
1.0,0.081508994
0.0,0.060537487
0.0,0.079489484
0.0,0.061271403
0.0,0.058762122
0.0,0.035320178
0.0,0.030283066
0.0,0.046797447
0.0,0.04978149
0.0,0.049302857
0.0,0.06319814
0.0,0.04942065
0.0,0.056877002
0.0,0.05367384
0.0,0.045995675
0.0,0.03319801
0.0,0.10852423
0.0,0.046127062
0.0,0.032988295
0.0,0.065644234
0.0,0.046501614
0.0,0.039342187
0.0,0.051742066
0.0,0.038878366
0.0,0.053907022
0.0,0.06601712
0.0,0.034490474
0.0,0.044762574
0.0,0.06786
0.0,0.046622172
0.0,0.051102214
0.0,0.08760663
0.0,0.074019924
0.0,0.063727476
0.0,0.05317731
0.0,0.059900504
0.0,0.073294036
0.0,0.08678147
0.0,0.05854104
0.0,0.047640175
0.0,0.05946884
0.0,0.061385233
0.0,0.051187836
1.0,0.03900019
0.0,0.04186715
0.0,0.088152915
0.0,0.066175826
0.0,0.06134756
0.0,0.02603145
1.0,0.07421108
0.0,0.09846523
0.0,0.07863216
0.0,0.047142
0.0,0.06746946
0.0,0.033145037
0.0,0.075893104
0.0,0.054928187
0.0,0.048013136
0.0,0.07217103
0.0,0.054579273
0.0,0.06927963
0.0,0.07253664
0.0,0.08244349
0.0,0.05204742
0.0,0.038688503
0.0,0.05024428
0.0,0.06724468
0.0,0.056291427
0.0,0.06737536
0.0,0.038541514
0.0,0.05748703
0.0,0.036519065
0.0,0.07186096
0.0,0.0069137034
0.0,0.059474
0.0,0.08514443
0.0,0.041934654
0.0,0.05831135
0.0,0.043170676
0.0,0.018463084
0.0,0.071644746
0.0,0.046855517
0.0,0.071158096
0.0,0.07059827
0.0,0.07916624
0.0,0.086436406
0.0,0.029734036
0.0,0.053685695
0.0,0.05244853
0.0,0.062021192
0.0,0.039468512
0.0,0.03895423
0.0,0.041082796
0.0,0.033707034
0.0,0.039423462
0.0,0.062486902
0.0,0.07938841
0.0,0.043876868
0.0,0.04950885
0.0,0.039360058
0.0,0.030968865
0.0,0.055917747
0.0,0.06427101
0.0,0.0538233
0.0,0.068135515
0.0,0.06902436
0.0,0.061891705
0.0,0.05289857
0.0,0.105501756
0.0,0.08678855
0.0,0.054708056
0.0,0.06844609
0.0,0.07446
0.0,0.05546471
0.0,0.048976805
0.0,0.05958503
0.0,0.04269208
0.0,0.04560619
0.0,0.061384384
0.0,0.047068506
0.0,0.048831575
0.0,0.060020942
0.0,0.074942835
0.0,0.063284524
0.0,0.07600035
0.0,0.040734272
0.0,0.07156524
0.0,0.008839802
0.0,0.036476757
0.0,0.076254815
0.0,0.082655616
0.0,0.040857583
0.0,0.045022644
0.0,0.057594806
1.0,0.058541108
0.0,0.042400498
0.0,0.030168893
0.0,0.026133059
0.0,0.043818347
0.0,0.031732008
0.0,0.06693479
0.0,0.036688115
0.0,0.0896166
0.0,0.03764451
0.0,0.09478402
0.0,0.072365254
0.0,0.07395716
0.0,0.050950192
0.0,0.029807685
0.0,0.027737241
0.0,0.055234157
0.0,0.04690003
0.0,0.11408144
0.0,0.03576871
0.0,0.0270468
0.0,0.037412234
0.0,0.06903758
0.0,0.0777437
0.0,0.068141185
0.0,0.06233027
0.0,0.029980635
0.0,0.0059635043
0.0,0.049853478
0.0,0.06982642
0.0,0.012125431
0.0,0.063342445
1.0,0.052852213
0.0,0.048763104
0.0,0.09452377
0.0,0.084846556
0.0,0.07646606
0.0,0.07801596
0.0,0.04239221
0.0,0.04069484
0.0,0.089582756
0.0,0.04582432
0.0,0.04656502
0.0,0.029470291
0.0,0.06216737
1.0,0.037009723
0.0,0.0079650115
0.0,0.040758073
0.0,0.044293232
0.0,0.08397681
0.0,0.04475274
0.0,0.062921256
1.0,0.04979509
0.0,0.030983975
0.0,0.076398104
0.0,0.053353347
0.0,0.036671247
0.0,0.0890962
0.0,0.057682753
0.0,0.05806765
0.0,0.046761267
0.0,0.043023575
0.0,0.039989833
0.0,0.047023706
0.0,0.054175466
0.0,0.05138202
0.0,0.045257237
0.0,0.07942449
0.0,0.039378934
0.0,0.0665814
0.0,0.059313957
0.0,0.04756815
0.0,0.057546627
0.0,0.044734027
0.0,0.065326795
0.0,0.0067173163
0.0,0.077902436
0.0,0.04850208
0.0,0.08604489
0.0,0.040859085
0.0,0.056680106
1.0,0.05658432
0.0,0.058231287
0.0,0.03674019
0.0,0.068080194
0.0,0.05392175
0.0,0.071389526
0.0,0.019153714
0.0,0.052411705
0.0,0.06975089
0.0,0.045751035
0.0,0.04666306
0.0,0.06773634
0.0,0.043036863
0.0,0.061519615
0.0,0.042204686
0.0,0.0486017
0.0,0.053967655
0.0,0.08265067
1.0,0.058991306
0.0,0.04733907
0.0,0.049189247
0.0,0.03921694
0.0,0.05463106
0.0,0.03816517
0.0,0.052873604
0.0,0.07678531
1.0,0.057766154
0.0,0.061396003
0.0,0.032822814
0.0,0.07732934
0.0,0.04690297
0.0,0.063703895
0.0,0.0720241
0.0,0.043601718
0.0,0.049492992
0.0,0.007799015
0.0,0.08194159
0.0,0.07315598
0.0,0.0062486855
0.0,0.13386695
0.0,0.081888005
0.0,0.07348574
0.0,0.09795632
0.0,0.03980518
0.0,0.04693623
0.0,0.056476217
0.0,0.043723922
0.0,0.083049186
0.0,0.04988739
0.0,0.051313117
0.0,0.036509663
0.0,0.07028178
0.0,0.054070212
0.0,0.053318936
0.0,0.07074155
0.0,0.063377686
0.0,0.0720965
0.0,0.056976665
0.0,0.054481648
0.0,0.061693303
0.0,0.036109976
0.0,0.060619075
0.0,0.030778427
0.0,0.069625415
0.0,0.053115714
0.0,0.05207514
0.0,0.07678346
0.0,0.0496311
0.0,0.03870465
0.0,0.05239273
0.0,0.062565945
0.0,0.04852061
0.0,0.036310542
0.0,0.050940655
0.0,0.10693846
0.0,0.047530774
0.0,0.06437117
1.0,0.0495542
0.0,0.03733016
0.0,0.027730465
0.0,0.055474576
0.0,0.04052323
0.0,0.051128484
0.0,0.0434058
0.0,0.034357287
0.0,0.037900493
0.0,0.048959084
0.0,0.017751737
0.0,0.05413726
0.0,0.05410614
0.0,0.06905394
0.0,0.044201963
0.0,0.06789023
0.0,0.05896712
0.0,0.08158867
0.0,0.100928895
0.0,0.06600428
0.0,0.0809588
0.0,0.04082546
0.0,0.050865192
0.0,0.06899736
0.0,0.050802376
0.0,0.05247969
0.0,0.033550296
0.0,0.06339467
0.0,0.045502577
0.0,0.009121346
0.0,0.07264675
0.0,0.048671428
1.0,0.04499972
0.0,0.041607164
0.0,0.039336607
0.0,0.04380182
0.0,0.04546913
0.0,0.064194165
0.0,0.049830247
0.0,0.07112433
0.0,0.029709844
0.0,0.05803626
0.0,0.09651296
0.0,0.046636313
0.0,0.057022285
0.0,0.07895599
0.0,0.014982
0.0,0.0628886
0.0,0.05963988
0.0,0.09811531
0.0,0.03142261
0.0,0.040367447
0.0,0.03787195
0.0,0.07121813
0.0,0.059425198
0.0,0.03963735
0.0,0.08702671
0.0,0.063901074
0.0,0.07284358
0.0,0.054267626
0.0,0.0479016
0.0,0.008564236
0.0,0.08259937
0.0,0.0694879
0.0,0.05357504
0.0,0.07838497
0.0,0.06817994
0.0,0.060679924
0.0,0.006771935
0.0,0.0548741
0.0,0.06175312
0.0,0.04006807
0.0,0.034025818
0.0,0.073404126
0.0,0.05919135
0.0,0.029697536
0.0,0.049351558
0.0,0.04602837
0.0,0.050161764
0.0,0.081773326
0.0,0.076066375
0.0,0.058342762
0.0,0.06329133
0.0,0.048032865
0.0,0.059380885
0.0,0.037683427
0.0,0.0401895
0.0,0.05380281
0.0,0.09735827
0.0,0.059241895
0.0,0.07745267
1.0,0.09810525
0.0,0.07497718
0.0,0.028189164
0.0,0.07496517
0.0,0.054555256
1.0,0.065192394
0.0,0.043804556
0.0,0.035325907
0.0,0.027645044
0.0,0.06272489
0.0,0.085059434
0.0,0.040349647
0.0,0.040030204
0.0,0.06655075
0.0,0.054705106
0.0,0.045244798
0.0,0.049959198
0.0,0.048694793
0.0,0.08389382
0.0,0.09875902
0.0,0.087078534
0.0,0.06225261
0.0,0.05948654
0.0,0.083481126
0.0,0.06435266
0.0,0.042347196
0.0,0.103370726
0.0,0.057807073
0.0,0.06265286
0.0,0.054028176
0.0,0.0794397
0.0,0.068568006
0.0,0.033062797
0.0,0.05007432
0.0,0.041962747
0.0,0.084038705
0.0,0.0462121
0.0,0.040752105
0.0,0.07590845
0.0,0.071920455
0.0,0.04832881
0.0,0.049617093
0.0,0.025731646
1.0,0.056183387
0.0,0.08268932
0.0,0.080640435
1.0,0.04898837
0.0,0.0922054
0.0,0.057007387
0.0,0.051257472
0.0,0.07988015
0.0,0.04162052
0.0,0.07750339
0.0,0.0450176
0.0,0.040517733
0.0,0.093649715
0.0,0.040599503
0.0,0.06802967
0.0,0.057053264
0.0,0.05920758
0.0,0.06466554
0.0,0.04578829
0.0,0.033691566
0.0,0.08418877
0.0,0.07415682
0.0,0.08072023
0.0,0.099517465
0.0,0.038103145
0.0,0.062436685
0.0,0.038518693
0.0,0.050522126
0.0,0.056756996
0.0,0.027735198
0.0,0.03879714
0.0,0.033213075
0.0,0.06052441
0.0,0.04082287
1.0,0.0503994
0.0,0.047324307
0.0,0.049329195
0.0,0.053017154
0.0,0.044440214
0.0,0.0777172
0.0,0.07642339
1.0,0.0445081
0.0,0.0511438
1.0,0.044318944
0.0,0.03832792
0.0,0.03955514
0.0,0.068412825
0.0,0.045331694
0.0,0.10257773
0.0,0.07204148
0.0,0.081020065
0.0,0.06370639
0.0,0.07145635
0.0,0.03746863
1.0,0.08563096
0.0,0.0732486
0.0,0.047609814
0.0,0.064723596
0.0,0.042107694
0.0,0.035614703
0.0,0.05087988
0.0,0.07568366
0.0,0.06498782
0.0,0.07723864
0.0,0.06936839
0.0,0.088111326
0.0,0.062157217
0.0,0.06655687
0.0,0.036928773
0.0,0.04675682
0.0,0.061062712
0.0,0.06815836
1.0,0.053134017
0.0,0.07277162
0.0,0.08237537
1.0,0.07241853
0.0,0.043829903
0.0,0.041760758
0.0,0.078127
0.0,0.07864913
0.0,0.042137522
0.0,0.054386117
0.0,0.09700909
0.0,0.050936937
0.0,0.070657894
0.0,0.02988195
0.0,0.05461412
0.0,0.06992827
0.0,0.0051926533
0.0,0.06479295
0.0,0.035367858
0.0,0.023905486
0.0,0.032584775
0.0,0.051290065
0.0,0.08265731
0.0,0.062315438
0.0,0.06573761
0.0,0.07208574
0.0,0.08881415
0.0,0.042124644
0.0,0.06702553
0.0,0.090858355
0.0,0.03865604
0.0,0.0676688
0.0,0.06417225
0.0,0.04652877
0.0,0.03575935
0.0,0.059615143
0.0,0.05715758
0.0,0.03949222
0.0,0.05850345
0.0,0.05725835
0.0,0.075247206
0.0,0.04808744
0.0,0.04446689
0.0,0.07211439
0.0,0.043124415
0.0,0.07614151
0.0,0.058495026
0.0,0.047361806
0.0,0.06661609
0.0,0.072353624
1.0,0.080897324
0.0,0.037448823
0.0,0.047922194
0.0,0.043074854
0.0,0.07532442
0.0,0.04217663
0.0,0.04934377
0.0,0.0503482
0.0,0.044318058
0.0,0.064425536
0.0,0.041481134
0.0,0.073388286
0.0,0.09302908
0.0,0.060783017
0.0,0.048542142
0.0,0.055736754
0.0,0.059442133
0.0,0.11554193
0.0,0.044653405
0.0,0.09393822
0.0,0.057325087
1.0,0.054148957
0.0,0.09681371
0.0,0.062492996
0.0,0.038979813
0.0,0.08300645
0.0,0.05452418
0.0,0.045055352
0.0,0.05125207
0.0,0.040179126
0.0,0.05387919
0.0,0.021649633
0.0,0.048358962
0.0,0.053719137
0.0,0.07871769
0.0,0.033591963
0.0,0.027874365
0.0,0.061524823
0.0,0.028315105
0.0,0.09055687
0.0,0.10910463
0.0,0.039190993
0.0,0.072834834
0.0,0.056366447
0.0,0.050958745
0.0,0.026244318
0.0,0.05862543
0.0,0.057870798
0.0,0.068887316
0.0,0.04816889
0.0,0.04415673
0.0,0.040060688
0.0,0.037549276
0.0,0.039990682
0.0,0.061219286
0.0,0.04751327
0.0,0.06504811
1.0,0.06885919
0.0,0.06948683
0.0,0.069944866
0.0,0.04754924
0.0,0.050414167
0.0,0.065154895
0.0,0.06903192
0.0,0.05309419
0.0,0.056977153
0.0,0.04748077
0.0,0.05550785
0.0,0.047271974
0.0,0.042661536
0.0,0.07452728
0.0,0.05703327
0.0,0.043584123
0.0,0.08537276
0.0,0.03338221
0.0,0.042263057
0.0,0.08948587
1.0,0.059108693
0.0,0.0822719
0.0,0.06325633
0.0,0.0519502
0.0,0.042867593
0.0,0.07382852
0.0,0.091021344
0.0,0.03680273
0.0,0.049969405
0.0,0.05445761
0.0,0.071962
0.0,0.050725777
0.0,0.05505909
0.0,0.03544012
1.0,0.036580883
0.0,0.059483517
0.0,0.035542686
0.0,0.066613756
0.0,0.06659996
0.0,0.07982751
0.0,0.04175802
0.0,0.045564197
0.0,0.07679267
0.0,0.06323228
0.0,0.03767385
0.0,0.033907615
0.0,0.08142413
0.0,0.038080905
0.0,0.037091665
0.0,0.043847617
0.0,0.057946235
0.0,0.06574416
0.0,0.105188504
0.0,0.05742785
0.0,0.03514931
0.0,0.005207891
0.0,0.06784563
0.0,0.040152017
0.0,0.067368835
0.0,0.05645166
0.0,0.0184129
0.0,0.04354731
0.0,0.05369527
0.0,0.07369926
0.0,0.048450753
0.0,0.071491465
0.0,0.0543264
0.0,0.06686354
0.0,0.03528466
0.0,0.00623322
0.0,0.043201253
1.0,0.043419432
0.0,0.058618426
0.0,0.07029465
0.0,0.054543473
0.0,0.037860863
0.0,0.08131811
0.0,0.052765742
0.0,0.056643024
0.0,0.038250707
0.0,0.044285633
0.0,0.06722272
0.0,0.0303315
0.0,0.0718492
0.0,0.060884938
0.0,0.048455156
0.0,0.04478225
0.0,0.07176608
0.0,0.077637844
0.0,0.06390735
0.0,0.051602498
0.0,0.05447632
0.0,0.097571775
0.0,0.034963813
0.0,0.096368924
0.0,0.049826883
0.0,0.052321862
0.0,0.06925187
0.0,0.051543254
0.0,0.036687776
0.0,0.040719144
0.0,0.06070982
0.0,0.048792098
0.0,0.07291985
0.0,0.06277622
0.0,0.06908266
0.0,0.0638219
0.0,0.050836727
0.0,0.06768142
0.0,0.046059247
0.0,0.05896781
0.0,0.053376198
0.0,0.057722267
0.0,0.050269753
0.0,0.051989973
0.0,0.08960754
0.0,0.0653025
0.0,0.0656223
0.0,0.06902254
0.0,0.0668713
0.0,0.056523174
1.0,0.04790931
0.0,0.041659653
0.0,0.048999302
0.0,0.022322651
0.0,0.05500447
0.0,0.07220632
1.0,0.060181864
0.0,0.09228639
0.0,0.04779333
0.0,0.061448608
0.0,0.07651541
0.0,0.039841354
0.0,0.060368337
0.0,0.087322585
0.0,0.057920918
0.0,0.07040708
0.0,0.0550692
0.0,0.05370139
0.0,0.061497223
0.0,0.044837363
0.0,0.057023183
0.0,0.08080179
0.0,0.08954044
0.0,0.04207838
0.0,0.05966326
0.0,0.08556453
0.0,0.0539432
0.0,0.0734116
0.0,0.04640364
0.0,0.040772233
0.0,0.056443505
0.0,0.070231244
0.0,0.06987993
1.0,0.038385607
0.0,0.0801022
0.0,0.06653987
0.0,0.08876313
0.0,0.04075202
0.0,0.07404652
0.0,0.05365468
0.0,0.056419477
0.0,0.042140655
0.0,0.016527355
0.0,0.05417977
0.0,0.06757863
0.0,0.042734854
0.0,0.04193411
0.0,0.051535156
0.0,0.04732191
0.0,0.018559447
0.0,0.058296002
0.0,0.010232199
0.0,0.037933208
0.0,0.046936966
0.0,0.07391945
0.0,0.05015874
0.0,0.05656095
0.0,0.07878818
0.0,0.044324473
0.0,0.0826626
0.0,0.07689404
0.0,0.0691135
2.0,0.03302822
0.0,0.03648737
0.0,0.06363575
0.0,0.056741394
0.0,0.06353391
0.0,0.059804223
0.0,0.044677366
0.0,0.031723443
0.0,0.049097225
0.0,0.035446063
0.0,0.047593564
0.0,0.082065016
0.0,0.07157557
0.0,0.0480659
0.0,0.04095689
0.0,0.07379837
0.0,0.064376205
0.0,0.051428653
0.0,0.070836335
0.0,0.038389616
0.0,0.04593965
0.0,0.03966883
0.0,0.07523877
0.0,0.07785722
0.0,0.038430184
0.0,0.06440683
0.0,0.08342062
0.0,0.038980156
0.0,0.04899963
0.0,0.021865865
0.0,0.032207392
0.0,0.054988764
0.0,0.091954604
0.0,0.05553688
0.0,0.05200444
0.0,0.04144664
0.0,0.074006744
0.0,0.062088005
0.0,0.078820385
0.0,0.04354997
0.0,0.08057149
0.0,0.08522177
0.0,0.0669147
0.0,0.063298754
0.0,0.08538103
0.0,0.032791175
0.0,0.07453741
0.0,0.07500853
0.0,0.0102936495
0.0,0.037206452
0.0,0.04664759
0.0,0.05812387
0.0,0.062799454
0.0,0.0501701
0.0,0.066058844
0.0,0.06936204
0.0,0.031573724
0.0,0.096985504
0.0,0.038671646
0.0,0.06298133
0.0,0.04606732
0.0,0.0666095
0.0,0.08305366
0.0,0.083015986
0.0,0.048986416
0.0,0.04923872
0.0,0.06077402
0.0,0.051653184
0.0,0.082341656
0.0,0.034024842
0.0,0.04223735
0.0,0.09761705
0.0,0.045885444
0.0,0.035026398
0.0,0.0635525
0.0,0.04234342
0.0,0.07726592
0.0,0.045429636
0.0,0.03866831
0.0,0.045792274
0.0,0.03880304
1.0,0.08263682
0.0,0.07078283
1.0,0.054559328
0.0,0.0786364
0.0,0.06946362
0.0,0.05901421
0.0,0.014402183
0.0,0.07398046
0.0,0.035946976
0.0,0.026666403
0.0,0.053925686
0.0,0.09417614
0.0,0.057197604
0.0,0.078083776
0.0,0.048260506
0.0,0.047872588
0.0,0.0079736225
0.0,0.05970054
0.0,0.04012241
0.0,0.05066639
0.0,0.051198907
1.0,0.055574644
0.0,0.08486119
0.0,0.037872303
0.0,0.03952895
0.0,0.05662084
0.0,0.05313797
0.0,0.085349396
0.0,0.031582188
0.0,0.05181306
0.0,0.061647456
0.0,0.043388356
0.0,0.016684907
0.0,0.06458702
0.0,0.038445048
0.0,0.059078798
0.0,0.0431367
0.0,0.063404486
0.0,0.0823191
0.0,0.07874786
0.0,0.0731483
0.0,0.04654325
1.0,0.022656918
0.0,0.09618305
0.0,0.09368281
0.0,0.04447256
0.0,0.06607103
0.0,0.060805585
0.0,0.045274224
0.0,0.047693487
0.0,0.045416888
0.0,0.034958728
0.0,0.056060113
0.0,0.072469935
0.0,0.03866839
0.0,0.050904185
0.0,0.032693673
0.0,0.07989904
0.0,0.07302246
0.0,0.052634392
0.0,0.03565199
0.0,0.006645953
0.0,0.07937482
0.0,0.060758576
0.0,0.041047137
0.0,0.06259821
0.0,0.058809295
0.0,0.05018892
0.0,0.048348814
0.0,0.04478965
0.0,0.049771663
0.0,0.046136037
0.0,0.035811834
0.0,0.03850034
0.0,0.09323916
0.0,0.07017641
0.0,0.08027272
0.0,0.09234237
0.0,0.07719753
0.0,0.086335875
0.0,0.078944325
0.0,0.05396804
0.0,0.042621642
0.0,0.04520848
0.0,0.02733692
0.0,0.0404571
0.0,0.032167923
0.0,0.01772036
0.0,0.038671628
0.0,0.08508418
0.0,0.034992132
0.0,0.025884144
0.0,0.06628755
0.0,0.095281854
0.0,0.049599294
0.0,0.08735103
0.0,0.08682096
0.0,0.0605387
0.0,0.08458673
1.0,0.049853038
0.0,0.0733925
0.0,0.06510898
0.0,0.05385181
0.0,0.06265905
0.0,0.06393666
0.0,0.043859996
1.0,0.0723587
0.0,0.06124621
0.0,0.045311168
1.0,0.041805714
0.0,0.047241405
0.0,0.06912006
0.0,0.06828261
0.0,0.08272363
0.0,0.06490686
0.0,0.0824552
0.0,0.09213501
1.0,0.05124447
0.0,0.048270356
0.0,0.060188506
0.0,0.048058007
0.0,0.06931486
1.0,0.04662735
1.0,0.04860768
0.0,0.04451365
1.0,0.057590082
0.0,0.091299236
0.0,0.08102123
0.0,0.07466099
0.0,0.04265871
0.0,0.10042758
0.0,0.05910104
0.0,0.0659067
0.0,0.036363617
0.0,0.07724634
0.0,0.035852253
0.0,0.072367184
0.0,0.04839918
0.0,0.04283707
0.0,0.099171415
0.0,0.07175285
0.0,0.047350097
0.0,0.075558215
0.0,0.042092036
1.0,0.04850901
0.0,0.043061648
0.0,0.11415736
0.0,0.077498525
0.0,0.057066865
0.0,0.06460287
0.0,0.05177194
0.0,0.06399606
1.0,0.0802266
0.0,0.06550125
0.0,0.05123084
0.0,0.058463264
0.0,0.036125332
0.0,0.06684224
0.0,0.049859054
0.0,0.030625083
0.0,0.0684652
0.0,0.04130336
0.0,0.031858213
1.0,0.044729143
0.0,0.059999052
0.0,0.0697992
1.0,0.04918803
0.0,0.056839924
0.0,0.050117724
0.0,0.08627373
0.0,0.053615853
0.0,0.030182844
1.0,0.055825688
0.0,0.04470589
0.0,0.057707515
0.0,0.055694886
0.0,0.034208924
0.0,0.057315003
0.0,0.063026935
0.0,0.076561645
0.0,0.04913177
0.0,0.030211296
0.0,0.04716697
0.0,0.045656998
0.0,0.044329196
0.0,0.02172786
0.0,0.064576
0.0,0.08456987
0.0,0.06118351
0.0,0.04979699
0.0,0.051300924
0.0,0.05146405
0.0,0.055113584
1.0,0.06032333
0.0,0.037532263
0.0,0.034142617
0.0,0.07623233
0.0,0.06939486
0.0,0.05340381
0.0,0.036737666
0.0,0.099996276
0.0,0.048466697
0.0,0.07079082
0.0,0.05474669
0.0,0.052303888
0.0,0.057758003
0.0,0.08470188
0.0,0.037168186
0.0,0.072157495
0.0,0.048666462
0.0,0.07229898
0.0,0.027515858
0.0,0.051913664
0.0,0.055947363
0.0,0.053823225
0.0,0.06031489
1.0,0.043333523
0.0,0.05077098
0.0,0.06402652
0.0,0.09607546
0.0,0.035549227
0.0,0.066074945
0.0,0.04248928
0.0,0.09761005
0.0,0.04592458
0.0,0.053181987
0.0,0.068098314
0.0,0.024901275
0.0,0.044754412
0.0,0.02553705
0.0,0.065356
0.0,0.058750145
0.0,0.027588656
0.0,0.07493494
0.0,0.055739254
0.0,0.08102826
0.0,0.08697452
0.0,0.005546495
0.0,0.0062674317
0.0,0.017732583
0.0,0.034620132
0.0,0.03985401
0.0,0.04189433
0.0,0.07807097
0.0,0.092943996
0.0,0.027967941
0.0,0.045100875
0.0,0.06245924
0.0,0.062278114
0.0,0.0500473
0.0,0.043340642
0.0,0.080212526
0.0,0.0570605
0.0,0.09285509
0.0,0.05251138
0.0,0.060011055
0.0,0.050314814
0.0,0.08059062
1.0,0.061090425
0.0,0.071940914
0.0,0.11416721
1.0,0.057758402
0.0,0.04201894
0.0,0.036740698
0.0,0.03845066
0.0,0.005553553
1.0,0.0691008
0.0,0.050317645
0.0,0.048780523
0.0,0.01649816
0.0,0.0328837
0.0,0.051778235
0.0,0.07563658
0.0,0.05396162
0.0,0.08027264
0.0,0.055352766
0.0,0.08682124
0.0,0.07724571
0.0,0.04012682
0.0,0.053308386
0.0,0.054808646
0.0,0.028009608
0.0,0.05625951
0.0,0.04361121
1.0,0.046838872
0.0,0.060200762
0.0,0.046553373
0.0,0.035184175
0.0,0.066534825
0.0,0.0652115
0.0,0.073761955
0.0,0.0483961
0.0,0.09721564
0.0,0.029165687
0.0,0.04602952
0.0,0.009715801
0.0,0.09353411
0.0,0.07327377
0.0,0.025273647
0.0,0.005580534
0.0,0.04169342
0.0,0.070784
0.0,0.08465578
0.0,0.034873616
0.0,0.053562522
1.0,0.056838557
0.0,0.052908093
0.0,0.06526947
0.0,0.0394332
0.0,0.092506245
1.0,0.06831349
0.0,0.071616195
1.0,0.04425844
0.0,0.045751907
0.0,0.054551877
0.0,0.053050473
0.0,0.055651374
0.0,0.109174214
0.0,0.07384334
0.0,0.0796527
0.0,0.041215103
0.0,0.04743232
0.0,0.06330851
0.0,0.07117953
0.0,0.021957785
0.0,0.02799014
0.0,0.037456688
0.0,0.05777902
0.0,0.06352341
0.0,0.051350802
0.0,0.060815416
0.0,0.045301236
0.0,0.10592013
0.0,0.055033054
0.0,0.07791495
0.0,0.07433864
0.0,0.08201289
0.0,0.059211858
0.0,0.071727775
0.0,0.07434353
0.0,0.053740747
0.0,0.06006598
0.0,0.06187866
0.0,0.081960484
0.0,0.0700783
0.0,0.035453804
0.0,0.045092456
0.0,0.047782984
0.0,0.04170873
0.0,0.017489644
0.0,0.056029953
0.0,0.06656806
0.0,0.06251839
0.0,0.07420933
0.0,0.0673938
1.0,0.038502984
0.0,0.06594033
0.0,0.076707706
0.0,0.051191058
0.0,0.03480494
0.0,0.050495185
0.0,0.064050615
0.0,0.07112853
0.0,0.05279728
0.0,0.05585186
0.0,0.046838716
0.0,0.06704843
0.0,0.0066748983
0.0,0.10266809
0.0,0.07769752
0.0,0.041818865
0.0,0.045064695
0.0,0.03868074
0.0,0.06957022
0.0,0.0654238
0.0,0.05052593
0.0,0.095600374
0.0,0.087366216
0.0,0.06431637
0.0,0.072257295
0.0,0.046166867
0.0,0.07498137
0.0,0.07270625
0.0,0.041363355
1.0,0.072285466
0.0,0.055639435
0.0,0.054204006
0.0,0.070597254
0.0,0.078234
0.0,0.06361314
0.0,0.07355182
0.0,0.024803579
0.0,0.04942648
0.0,0.054714616
0.0,0.06393207
0.0,0.052660022
0.0,0.08159221
0.0,0.06512081
0.0,0.08546202
0.0,0.08314906
0.0,0.05531985
0.0,0.1077096
0.0,0.06451589
0.0,0.0808787
0.0,0.04067259
0.0,0.060308836
0.0,0.05020359
0.0,0.04651136
0.0,0.06796271
0.0,0.07325518
0.0,0.06272269
0.0,0.06203907
0.0,0.0574231
0.0,0.07512047
0.0,0.0643939
0.0,0.07653732
0.0,0.07189899
0.0,0.06256897
0.0,0.037672367
0.0,0.04163894
0.0,0.108915225
0.0,0.065995276
0.0,0.042278104
0.0,0.056547463
0.0,0.07175326
0.0,0.08106777
0.0,0.059837
0.0,0.084100015
0.0,0.076948926
0.0,0.0949456
0.0,0.06928855
0.0,0.07104901
0.0,0.04365638
0.0,0.036639374
0.0,0.05063159
0.0,0.098900326
0.0,0.033763383
0.0,0.07699339
0.0,0.084091395
0.0,0.081436574
0.0,0.045808535
0.0,0.06511311
0.0,0.034151204
0.0,0.06871906
1.0,0.05477347
0.0,0.06967893
0.0,0.07574155
0.0,0.06287201
0.0,0.051260162
0.0,0.04524032
0.0,0.0703125
0.0,0.06373682
0.0,0.048873387
0.0,0.050485797
0.0,0.055325586
0.0,0.054506216
0.0,0.03331612
0.0,0.039247356
0.0,0.067698434
0.0,0.037073337
0.0,0.07861735
0.0,0.058693975
0.0,0.057656385
0.0,0.06993648
0.0,0.058598977
0.0,0.036333404
0.0,0.04293918
0.0,0.07017009
0.0,0.07415546
0.0,0.049993202
0.0,0.059313927
0.0,0.04447902
0.0,0.064641185
0.0,0.053717908
0.0,0.04714518
0.0,0.053170726
0.0,0.033843808
0.0,0.062112376
0.0,0.08185494
0.0,0.077735305
0.0,0.0839649
0.0,0.053171147
0.0,0.05549593
0.0,0.033748545
0.0,0.06729748
0.0,0.018979441
0.0,0.035827685
0.0,0.07058669
1.0,0.11189345
0.0,0.043326724
0.0,0.04233056
0.0,0.04704173
0.0,0.07738902
0.0,0.03421772
0.0,0.05185164
0.0,0.051415607
0.0,0.041656654
0.0,0.07409673
1.0,0.044699527
0.0,0.037626203
0.0,0.0653243
0.0,0.048410676
0.0,0.044669867
0.0,0.0422725
0.0,0.039472982
0.0,0.066448785
0.0,0.06364518
0.0,0.08200249
0.0,0.090703666
0.0,0.06267985
0.0,0.09936902
0.0,0.055005915
0.0,0.059884567
0.0,0.05642023
0.0,0.062522024
0.0,0.06256657
0.0,0.016798882
1.0,0.06498531
0.0,0.06676742
0.0,0.061591793
0.0,0.0560332
0.0,0.07381551
0.0,0.05285485
0.0,0.029112512
0.0,0.0507502
0.0,0.07444797
0.0,0.077692464
0.0,0.03786852
0.0,0.048336588
0.0,0.052656032
0.0,0.077128395
0.0,0.043872893
0.0,0.08962728
0.0,0.07464141
0.0,0.07499469
0.0,0.06725009
0.0,0.10682786
0.0,0.047537833
0.0,0.03751225
0.0,0.071637884
1.0,0.046219148
0.0,0.043752953
0.0,0.04968907
0.0,0.038757227
0.0,0.062545806
0.0,0.052697226
0.0,0.084040664
0.0,0.057490498
0.0,0.058411937
0.0,0.050811462
0.0,0.045752913
0.0,0.08241018
0.0,0.06559841
0.0,0.056997545
0.0,0.05013761
1.0,0.051541753
0.0,0.029966794
0.0,0.056401372
0.0,0.0533541
0.0,0.076865
0.0,0.062446468
0.0,0.052567422
0.0,0.05075722
0.0,0.056799382
0.0,0.03494481
0.0,0.008406681
0.0,0.063197725
0.0,0.051941186
0.0,0.05429272
0.0,0.07826938
0.0,0.044285506
0.0,0.056322735
0.0,0.08930737
0.0,0.054137778
0.0,0.0534411
0.0,0.07269509
0.0,0.057482067
0.0,0.051475205
0.0,0.04844156
0.0,0.047135662
0.0,0.06521004
0.0,0.04140765
0.0,0.03274049
0.0,0.058902092
0.0,0.06265382
0.0,0.04093063
0.0,0.04427644
0.0,0.06860945
0.0,0.006302567
0.0,0.047924925
0.0,0.028019685
0.0,0.04494392
0.0,0.04686787
0.0,0.0075400784
0.0,0.048482798
0.0,0.04918561
0.0,0.060856797
0.0,0.044429675
1.0,0.05757498
0.0,0.062432446
0.0,0.06685109
0.0,0.05229677
0.0,0.053627767
0.0,0.05326466
0.0,0.102761045
0.0,0.04506675
0.0,0.062123735
0.0,0.057725623
0.0,0.04256084
0.0,0.053268824
0.0,0.08125059
0.0,0.04479029
0.0,0.0487567
0.0,0.08049173
0.0,0.041883435
0.0,0.037250813
0.0,0.051151056
0.0,0.041475587
0.0,0.0655968
1.0,0.046084445
0.0,0.034571074
0.0,0.06687827
0.0,0.040969323
0.0,0.09735251
0.0,0.05883611
0.0,0.117382094
0.0,0.060310993
0.0,0.062477056
0.0,0.06756477
0.0,0.07955541
0.0,0.0267503
0.0,0.047755387
0.0,0.07973991
0.0,0.05110582
0.0,0.052172642
0.0,0.047326904
0.0,0.036172412
0.0,0.040848136
0.0,0.07110968
0.0,0.030042328
0.0,0.05965255
0.0,0.04794913
0.0,0.03062763
0.0,0.059438534
0.0,0.05900823
0.0,0.043189146
0.0,0.037569515
0.0,0.044416457
0.0,0.06330191
0.0,0.016338803
0.0,0.016060606
0.0,0.086408466
0.0,0.042249776
0.0,0.03921004
0.0,0.05495483
0.0,0.073309176
0.0,0.054164656
0.0,0.035340868
0.0,0.045587536
0.0,0.060203504
0.0,0.05090438
0.0,0.03374493
0.0,0.055316802
0.0,0.04155279
0.0,0.099989675
0.0,0.027916504
1.0,0.08566735
0.0,0.06983767
0.0,0.081749365
0.0,0.07299164
0.0,0.034643766
0.0,0.04250332
0.0,0.052538164
0.0,0.068097755
0.0,0.047302626
0.0,0.06351869
0.0,0.06712732
0.0,0.07394279
0.0,0.054337397
0.0,0.043896977
1.0,0.057316426
0.0,0.04643938
0.0,0.05495584
0.0,0.079883195
0.0,0.042946916
0.0,0.05966888
0.0,0.0547375
0.0,0.05153382
1.0,0.04853469
0.0,0.05194164
0.0,0.04919429
0.0,0.05364168
0.0,0.055300977
0.0,0.05355996
0.0,0.011725664
0.0,0.036102332
0.0,0.057758223
0.0,0.050783582
0.0,0.06802135
0.0,0.056406993
0.0,0.09682659
0.0,0.039317794
1.0,0.05208599
0.0,0.06077351
0.0,0.06469746
0.0,0.07211909
0.0,0.06578001
0.0,0.028408006
0.0,0.08835276
0.0,0.046269096
0.0,0.006177998
0.0,0.042479593
0.0,0.056944355
0.0,0.03363804
0.0,0.007395894
0.0,0.04911472
0.0,0.048596986
0.0,0.052611884
0.0,0.042219047
0.0,0.050530832
0.0,0.04859372
0.0,0.07476726
0.0,0.031879693
0.0,0.033212174
0.0,0.046942934
0.0,0.063622326
0.0,0.05586258
0.0,0.019726183
0.0,0.07124086
0.0,0.06758053
0.0,0.034875527
0.0,0.03949645
0.0,0.062484503
0.0,0.08773154
0.0,0.04285157
0.0,0.05580027
0.0,0.02637247
0.0,0.061595697
0.0,0.02713413
0.0,0.05134162
0.0,0.06511614
0.0,0.030730963
0.0,0.04773261
0.0,0.08768865
0.0,0.08093767
0.0,0.038955674
0.0,0.06641952
0.0,0.06080341
0.0,0.05145578
0.0,0.07149467
0.0,0.0721276
0.0,0.076147445
0.0,0.0649139
0.0,0.08533418
0.0,0.03312757
0.0,0.047868423
0.0,0.057365943
0.0,0.04956526
0.0,0.06462131
0.0,0.06786388
0.0,0.05132319
0.0,0.059632897
0.0,0.04311591
1.0,0.031331033
0.0,0.06245214
0.0,0.04236195
0.0,0.041928105
0.0,0.04326022
0.0,0.069248624
0.0,0.081562765
0.0,0.070883654
0.0,0.04690116
0.0,0.061926007
0.0,0.039691053
0.0,0.036808524
0.0,0.022972574
0.0,0.053811252
0.0,0.039623722
0.0,0.06096128
0.0,0.050094537
0.0,0.042331256
0.0,0.05943162
0.0,0.08198357
0.0,0.075147524
0.0,0.053413115
0.0,0.064523086
0.0,0.05813367
1.0,0.064140804
1.0,0.038274024
1.0,0.04923348
0.0,0.0065919794
0.0,0.0816177
0.0,0.022928897
0.0,0.046562508
0.0,0.052746046
0.0,0.04204223
0.0,0.057166494
0.0,0.07708249
0.0,0.037176106
0.0,0.03433109
0.0,0.045503035
0.0,0.08260014
0.0,0.10290632
0.0,0.054557715
0.0,0.0618504
0.0,0.061592557
0.0,0.08294674
0.0,0.04350414
0.0,0.038415134
0.0,0.07215313
0.0,0.05798116
0.0,0.037739746
0.0,0.06958864
0.0,0.06366909
0.0,0.0516103
0.0,0.051907673
0.0,0.04443287
0.0,0.0533648
0.0,0.02806687
0.0,0.07195466
0.0,0.049973182
0.0,0.056465134
0.0,0.04412236
0.0,0.049235467
0.0,0.08116633
0.0,0.091880575
0.0,0.07029235
0.0,0.036324482
0.0,0.08241637
0.0,0.0808608
0.0,0.0526028
0.0,0.07839832
0.0,0.071339265
0.0,0.09278029
0.0,0.0923771
0.0,0.055404916
0.0,0.03229802
0.0,0.020468673
0.0,0.052261446
0.0,0.05931663
0.0,0.042918622
0.0,0.07140052
0.0,0.0077943676
0.0,0.06591109
0.0,0.07306485
0.0,0.05650761
0.0,0.03908892
0.0,0.056938153
0.0,0.0376271
0.0,0.08256982
0.0,0.060375735
0.0,0.049622253
0.0,0.036173027
0.0,0.09794119
0.0,0.025328776
0.0,0.085943446
0.0,0.058685325
0.0,0.062309287
0.0,0.048216354
0.0,0.03157624
0.0,0.041005615
0.0,0.057313364
0.0,0.047329444
0.0,0.075955935
0.0,0.03630348
0.0,0.03808686
0.0,0.057489358
0.0,0.05941575
0.0,0.07074958
0.0,0.054148078
0.0,0.00681251
0.0,0.087646134
0.0,0.06498313
0.0,0.039022103
0.0,0.054914884
0.0,0.0626084
0.0,0.041449044
0.0,0.07523616
0.0,0.0068145865
0.0,0.058940668
0.0,0.05138202
0.0,0.096736
0.0,0.03974845
0.0,0.038237896
0.0,0.051933125
0.0,0.04865101
0.0,0.052015103
0.0,0.05054863
0.0,0.07790816
0.0,0.07353509
0.0,0.03487142
0.0,0.069603674
1.0,0.054857045
0.0,0.058107562
0.0,0.037892733
0.0,0.0862192
0.0,0.06609328
0.0,0.04214403
0.0,0.05250512
0.0,0.044263802
0.0,0.054318316
0.0,0.09136223
0.0,0.041995533
0.0,0.042546775
0.0,0.037438057
0.0,0.09665296
0.0,0.05144315
0.0,0.07258508
0.0,0.04957807
0.0,0.07148465
0.0,0.07269492
0.0,0.07198832
0.0,0.038170923
0.0,0.064331554
0.0,0.048920497
0.0,0.052762095
0.0,0.06343533
0.0,0.067270964
0.0,0.03730798
0.0,0.059147194
0.0,0.079336904
0.0,0.07350989
0.0,0.05705311
0.0,0.06332116
0.0,0.03856694
0.0,0.05480712
0.0,0.07452993
0.0,0.049017552
0.0,0.07452412
0.0,0.04125002
0.0,0.034057956
0.0,0.05074052
0.0,0.050529134
0.0,0.0527593
0.0,0.07661648
0.0,0.087323174
0.0,0.055940725
0.0,0.04770576
0.0,0.042883653
0.0,0.07034758
0.0,0.07025194
0.0,0.04357881
0.0,0.07206656
0.0,0.084035315
0.0,0.04243908
0.0,0.041622356
0.0,0.05400481
0.0,0.055287175
0.0,0.06981711
0.0,0.072855674
0.0,0.06314621
0.0,0.119207144
0.0,0.073482886
0.0,0.062198594
0.0,0.041800395
0.0,0.048136387
0.0,0.05705876
0.0,0.057859015
0.0,0.04801879
0.0,0.027126387
0.0,0.07718397
0.0,0.07241486
0.0,0.030785164
0.0,0.07545452
0.0,0.07208859
0.0,0.016140752
1.0,0.07015055
0.0,0.058734052
0.0,0.037055142
0.0,0.06582276
0.0,0.04621332
0.0,0.021350663
0.0,0.046875436
0.0,0.07733085
0.0,0.050180327
0.0,0.08083636
0.0,0.08730437
0.0,0.046582595
0.0,0.055168603
0.0,0.08588855
0.0,0.059160493
0.0,0.057166576
0.0,0.049949586
0.0,0.06756324
0.0,0.06943405
0.0,0.050779235
0.0,0.008538888
0.0,0.059623897
0.0,0.07584367
1.0,0.049794618
0.0,0.08350302
0.0,0.0755424
0.0,0.058423582
0.0,0.046612136
0.0,0.06835672
0.0,0.047149926
0.0,0.03926
0.0,0.10812351
0.0,0.049486075
0.0,0.050821565
0.0,0.067781866
0.0,0.04189959
0.0,0.022457276
0.0,0.061181903
0.0,0.053327225
1.0,0.052989416
1.0,0.055587485
0.0,0.08344206
1.0,0.06656639
0.0,0.08335638
0.0,0.08399185
2.0,0.059694305
0.0,0.04880314
0.0,0.065845296
0.0,0.043490194
0.0,0.07197887
0.0,0.07273701
0.0,0.0734127
0.0,0.07864041
0.0,0.06711562
0.0,0.061876714
1.0,0.058726814
0.0,0.045154564
0.0,0.0894717
0.0,0.06342477
0.0,0.047408298
0.0,0.09979745
0.0,0.041929934
0.0,0.03940061
0.0,0.041505914
0.0,0.050579756
0.0,0.093403295
0.0,0.06348098
0.0,0.046618715
0.0,0.064857684
0.0,0.04475741
0.0,0.072411716
0.0,0.05620978
0.0,0.047055177
1.0,0.05081495
0.0,0.055039354
0.0,0.06082497
0.0,0.0441024
0.0,0.04406245
0.0,0.07429207
0.0,0.04418763
0.0,0.0060353368
0.0,0.037908237
0.0,0.048641846
1.0,0.049699355
0.0,0.049409494
0.0,0.06226211
1.0,0.040531278
0.0,0.048619714
0.0,0.058699712
0.0,0.0725198
0.0,0.06363701
0.0,0.08847231
0.0,0.058538068
0.0,0.067424096
0.0,0.07322695
1.0,0.06508731
0.0,0.023448315
0.0,0.060939513
2.0,0.03781022
0.0,0.05329517
0.0,0.06394553
0.0,0.030324964
0.0,0.05280166
0.0,0.066913195
0.0,0.07828927
0.0,0.05134834
0.0,0.03493908
0.0,0.057416774
1.0,0.07541923
0.0,0.03380031
0.0,0.05929641
0.0,0.059797622
0.0,0.046873692
0.0,0.005092981
0.0,0.044080745
0.0,0.054312255
0.0,0.05480938
0.0,0.040654052
0.0,0.05201683
0.0,0.07758246
0.0,0.055049405
0.0,0.032227065
0.0,0.056136496
0.0,0.05701232
1.0,0.07791406
0.0,0.07347889
0.0,0.054028638
0.0,0.06994383
0.0,0.04372832
1.0,0.009693122
0.0,0.054188773
0.0,0.087567896
0.0,0.047557663
0.0,0.05129334
0.0,0.06666742
0.0,0.061917443
0.0,0.03856632
0.0,0.007435948
0.0,0.088066936
0.0,0.04187874
1.0,0.030535936
0.0,0.06499068
0.0,0.07024526
0.0,0.053749934
0.0,0.05186875
0.0,0.045204177
0.0,0.057701487
0.0,0.044344194
0.0,0.082864136
0.0,0.04671762
0.0,0.056866724
0.0,0.03642736
0.0,0.05226153
0.0,0.058131173
0.0,0.04516133
0.0,0.048635006
0.0,0.060037576
0.0,0.084016725
0.0,0.061032135
0.0,0.06338212
0.0,0.048744183
0.0,0.07497726
0.0,0.07770844
1.0,0.036775123
1.0,0.026425075
0.0,0.068678424
0.0,0.0381594
0.0,0.07176363
0.0,0.070604295
0.0,0.091025114
0.0,0.027789276
0.0,0.041759554
0.0,0.037187196
0.0,0.04569118
0.0,0.061197106
0.0,0.011793171
0.0,0.030782491
0.0,0.095895454
0.0,0.038364965
1.0,0.042479776
0.0,0.07502482
0.0,0.08969055
0.0,0.059346505
0.0,0.036967658
0.0,0.08559941
0.0,0.063004114
0.0,0.056950737
0.0,0.048983954
0.0,0.07933962
0.0,0.058381543
0.0,0.04547347
0.0,0.047384564
0.0,0.03640923
0.0,0.04543764
0.0,0.044062577
0.0,0.06555049
0.0,0.035475567
0.0,0.04557489
0.0,0.032107584
1.0,0.10271405
0.0,0.044518337
0.0,0.053169586
0.0,0.020820338
0.0,0.06882984
0.0,0.07139949
0.0,0.053404927
0.0,0.06964892
0.0,0.03586317
0.0,0.06546874
0.0,0.040174104
0.0,0.060344577
0.0,0.05452418
0.0,0.081171595
0.0,0.07542506
0.0,0.047769655
0.0,0.077654764
0.0,0.054641716
0.0,0.047324333
0.0,0.07164464
0.0,0.07409445
0.0,0.063570686
0.0,0.06663962
0.0,0.06848454
0.0,0.071130365
0.0,0.041632447
0.0,0.094763726
0.0,0.08756453
0.0,0.069030486
0.0,0.0089567
0.0,0.062490866
0.0,0.058198072
0.0,0.083288126
0.0,0.046228483
0.0,0.06611792
0.0,0.051081333
1.0,0.033626325
0.0,0.09583006
0.0,0.09545548
0.0,0.06697262
0.0,0.051870745
0.0,0.056488577
0.0,0.05204957
0.0,0.046468586
0.0,0.049862012
0.0,0.081446595
0.0,0.10359761
0.0,0.056817368
0.0,0.09515699
0.0,0.072743446
0.0,0.06029355
0.0,0.046990678
0.0,0.06422964
0.0,0.08999242
0.0,0.059184365
0.0,0.037149128
0.0,0.048650138
0.0,0.0075976797
0.0,0.06076611
0.0,0.086010724
0.0,0.06782231
0.0,0.053291522
0.0,0.08278622
0.0,0.03797001
0.0,0.009378859
0.0,0.043661274
0.0,0.035489544
0.0,0.04916941
0.0,0.0811937
0.0,0.041898455
1.0,0.0054674214
0.0,0.047058083
0.0,0.039447363
0.0,0.029488776
0.0,0.077078596
0.0,0.052946948
0.0,0.04300159
0.0,0.04956735
0.0,0.049713716
0.0,0.0769624
0.0,0.055995952
0.0,0.0086282
0.0,0.036624063
0.0,0.05651646
0.0,0.046734862
0.0,0.07108973
0.0,0.03395363
0.0,0.042074315
0.0,0.079094775
1.0,0.04811999
0.0,0.026028408
0.0,0.038151905
0.0,0.05957056
0.0,0.05831196
0.0,0.049835652
0.0,0.029526718
0.0,0.063827515
0.0,0.078440875
0.0,0.01952241
0.0,0.027059313
2.0,0.0535572
0.0,0.039252933
0.0,0.06771073
0.0,0.0504084
0.0,0.010266792
0.0,0.04019875
1.0,0.041769482
0.0,0.068598285
1.0,0.0566885
0.0,0.026335625
0.0,0.07278898
0.0,0.068202384
0.0,0.052271213
0.0,0.12536776
0.0,0.05612437
0.0,0.064277984
0.0,0.046319988
0.0,0.06512351
0.0,0.037789773
0.0,0.043397192
0.0,0.06849167
0.0,0.08234682
0.0,0.06756292
0.0,0.06653311
1.0,0.056967985
0.0,0.05554346
0.0,0.033471584
0.0,0.049428947
0.0,0.07769619
1.0,0.047886364
0.0,0.06199789
0.0,0.071790874
0.0,0.048338696
0.0,0.065752536
0.0,0.038867727
0.0,0.03655262
0.0,0.04731543
1.0,0.012850624
0.0,0.056121804
0.0,0.059231684
0.0,0.04123766
0.0,0.06717344
0.0,0.0838965
0.0,0.057275742
0.0,0.07078889
0.0,0.05460999
0.0,0.05901801
0.0,0.08805801
0.0,0.04181398
0.0,0.10155763
0.0,0.041817322
0.0,0.03238897
0.0,0.050735947
0.0,0.049863525
0.0,0.008771052
0.0,0.04404595
0.0,0.050218508
0.0,0.08111143
0.0,0.0461374
0.0,0.024315786
0.0,0.045120377
0.0,0.05779896
0.0,0.03915143
0.0,0.046818264
0.0,0.06873387
0.0,0.05495749
0.0,0.038517572
0.0,0.019725816
0.0,0.051058322
0.0,0.060931668
1.0,0.06622755
0.0,0.058079585
0.0,0.051928803
0.0,0.060273275
0.0,0.02020162
0.0,0.049080804
0.0,0.05999489
0.0,0.05199745
0.0,0.068110295
0.0,0.0531706
0.0,0.08345917
0.0,0.065749526
1.0,0.057012185
0.0,0.07842662
0.0,0.040975846
0.0,0.09122704
0.0,0.07077141
0.0,0.032134343
0.0,0.0657373
0.0,0.009188692
0.0,0.041876003
0.0,0.051212348
0.0,0.0667578
0.0,0.116264455
0.0,0.055360697
0.0,0.065998584
1.0,0.060010027
0.0,0.048778757
0.0,0.058803394
0.0,0.06841315
0.0,0.04341433
1.0,0.052246857
0.0,0.046022
1.0,0.05283167
0.0,0.04309324
0.0,0.06028316
0.0,0.06752665
0.0,0.06060077
0.0,0.07920559
0.0,0.082085505
0.0,0.061324656
0.0,0.054365113
0.0,0.046527162
0.0,0.072534636
0.0,0.0502839
0.0,0.035993233
0.0,0.041046727
0.0,0.0458036
0.0,0.060842216
0.0,0.055012785
0.0,0.077964306
0.0,0.03427753
0.0,0.0439653
0.0,0.092589915
0.0,0.09059377
0.0,0.072664954
0.0,0.035503328
0.0,0.04170676
0.0,0.02649625
0.0,0.057392344
0.0,0.04361987
0.0,0.04389316
0.0,0.02533589
0.0,0.028947046
0.0,0.06344769
0.0,0.053430602
0.0,0.0894106
0.0,0.028500445
0.0,0.054481074
0.0,0.06751851
3.0,0.029813826
0.0,0.104608126
0.0,0.045539
0.0,0.056705218
0.0,0.06397699
0.0,0.05779029
0.0,0.051613595
0.0,0.058758773
0.0,0.07290099
0.0,0.07253339
0.0,0.031914387
0.0,0.051099483
0.0,0.054995254
0.0,0.051574305
0.0,0.05408238
0.0,0.07673906
0.0,0.055420402
0.0,0.0053872047
0.0,0.07505518
0.0,0.045060046
0.0,0.056976937
0.0,0.043070808
0.0,0.062691726
0.0,0.04026382
0.0,0.05593871
0.0,0.10528068
0.0,0.06750412
1.0,0.055560403
2.0,0.055872798
0.0,0.071628384
0.0,0.056141663
0.0,0.039442115
0.0,0.076611444
0.0,0.043589994
0.0,0.0639246
0.0,0.06758151
0.0,0.07461657
0.0,0.05217068
0.0,0.037387997
0.0,0.018960651
0.0,0.056536194
0.0,0.008768371
0.0,0.0846368
0.0,0.06727824
0.0,0.049392283
0.0,0.073192544
0.0,0.072736286
0.0,0.047479432
0.0,0.057161506
0.0,0.024947822
0.0,0.049139336
0.0,0.038757265
0.0,0.07902259
0.0,0.06445938
0.0,0.07571003
0.0,0.047580164
0.0,0.022933468
0.0,0.08455018
0.0,0.07985905
0.0,0.06983239
0.0,0.060936607
1.0,0.08111472
1.0,0.063809484
0.0,0.0330542
0.0,0.03984481
0.0,0.075084
0.0,0.06221725
0.0,0.05234599
0.0,0.052781485
0.0,0.005239787
0.0,0.08988349
0.0,0.058202095
0.0,0.08547199
0.0,0.045087256
0.0,0.056643035
0.0,0.033483777
0.0,0.037626814
0.0,0.057937134
0.0,0.077424586
0.0,0.09122704
0.0,0.052919395
0.0,0.03814965
0.0,0.051467314
0.0,0.07592709
0.0,0.067794636
0.0,0.048221216
0.0,0.08430101
0.0,0.05104532
0.0,0.06453412
0.0,0.060356174
0.0,0.040602423
0.0,0.050561816
0.0,0.045368988
0.0,0.03573739
0.0,0.071608916
0.0,0.07066992
0.0,0.06274073
0.0,0.056810092
0.0,0.04329881
0.0,0.06662589
0.0,0.041557305
0.0,0.052203648
0.0,0.047300406
0.0,0.052528083
0.0,0.0054184003
0.0,0.058368824
0.0,0.056361582
0.0,0.046338357
0.0,0.046528973
0.0,0.022305634
0.0,0.053462245
0.0,0.069049
0.0,0.0592786
0.0,0.051055655
0.0,0.044637438
0.0,0.08079205
0.0,0.08034557
0.0,0.053727016
0.0,0.035303764
0.0,0.011694858
0.0,0.08593718
0.0,0.06463496
0.0,0.07600035
0.0,0.045235682
0.0,0.067437105
0.0,0.063460596
1.0,0.05356564
0.0,0.04633586
0.0,0.06696079
0.0,0.036508907
0.0,0.078662574
0.0,0.057430767
0.0,0.053540602
0.0,0.07513856
0.0,0.04604514
0.0,0.062427055
0.0,0.041326627
0.0,0.07877855
0.0,0.06573608
0.0,0.066698775
0.0,0.03449814
0.0,0.06191024
0.0,0.048984982
0.0,0.08532726
0.0,0.05592723
0.0,0.0643971
0.0,0.04336893
0.0,0.037113886
0.0,0.048628535
0.0,0.090806186
0.0,0.074307345
0.0,0.04829789
0.0,0.096391216
0.0,0.060586363
1.0,0.05557275
0.0,0.07494911
1.0,0.05833154
0.0,0.06317112
0.0,0.045709856
0.0,0.071376964
0.0,0.10081603
0.0,0.055561807
0.0,0.07762805
0.0,0.069953606
0.0,0.07342063
0.0,0.05204752
0.0,0.056703936
0.0,0.047644608
0.0,0.008707917
0.0,0.06511041
0.0,0.06860277
1.0,0.05004655
0.0,0.058174945
0.0,0.044214208
0.0,0.056017224
0.0,0.008939756
0.0,0.078051314
0.0,0.06613174
0.0,0.048391912
0.0,0.07414211
0.0,0.09183051
0.0,0.023059264
0.0,0.054778066
0.0,0.08450189
0.0,0.04363201
0.0,0.06900477
0.0,0.04349549
0.0,0.07260845
0.0,0.043713063
0.0,0.05787782
0.0,0.02927782
0.0,0.07835194
0.0,0.034285188
0.0,0.07615496
0.0,0.037118647
0.0,0.04627897
2.0,0.052039072
0.0,0.09429787
0.0,0.07564087
0.0,0.043250084
0.0,0.076787576
0.0,0.043733742
0.0,0.044740085
0.0,0.058278326
0.0,0.07028691
0.0,0.07360712
0.0,0.057069506
0.0,0.09013906
0.0,0.064864606
0.0,0.07347018
0.0,0.068289384
0.0,0.06273222
0.0,0.09018499
0.0,0.08856066
0.0,0.0048473235
0.0,0.059137564
0.0,0.040690854
0.0,0.052770298
0.0,0.079605505
0.0,0.070109114
0.0,0.06887324
0.0,0.05250119
0.0,0.044291146
1.0,0.058922067
0.0,0.047312193
1.0,0.033511188
0.0,0.060915735
0.0,0.045873553
0.0,0.055087637
0.0,0.0842795
0.0,0.05498453
0.0,0.06578512
0.0,0.04714454
0.0,0.055764776
0.0,0.061134808
0.0,0.038677067
0.0,0.056982763
1.0,0.0550335
0.0,0.03307479
0.0,0.068541214
0.0,0.060179852
0.0,0.0827516
0.0,0.041048292
0.0,0.07921696
0.0,0.04159901
0.0,0.11291603
0.0,0.006438205
0.0,0.0076567545
0.0,0.049868327
0.0,0.07176241
0.0,0.062992446
0.0,0.061760895
0.0,0.04053155
0.0,0.08039714
0.0,0.07048128
0.0,0.04964445
0.0,0.020209465
1.0,0.041184995
0.0,0.05840322
0.0,0.06913997
0.0,0.052365366
0.0,0.08405493
0.0,0.06977023
0.0,0.06080898
0.0,0.063013114
0.0,0.06983642
0.0,0.073418915
0.0,0.04424726
0.0,0.04185176
0.0,0.07841204
0.0,0.08109456
0.0,0.057791393
0.0,0.08362106
0.0,0.06417793
0.0,0.043338638
0.0,0.0068567283
0.0,0.009121025
1.0,0.061033852
0.0,0.051662225
0.0,0.073055096
0.0,0.005406771
0.0,0.0538591
0.0,0.08066719
0.0,0.057836577
0.0,0.07121718
0.0,0.050782807
0.0,0.063933425
0.0,0.04779888
0.0,0.044322327
0.0,0.10787709
0.0,0.07504004
0.0,0.05956546
0.0,0.08622738
0.0,0.09940108
0.0,0.046108887
0.0,0.052778576
0.0,0.043773986
0.0,0.0659225
0.0,0.042749733
0.0,0.03820073
0.0,0.042718176
0.0,0.046270818
0.0,0.0564415
0.0,0.061386462
0.0,0.07192205
0.0,0.038255587
0.0,0.05327935
0.0,0.06965184
0.0,0.05935924
0.0,0.029739382
0.0,0.11336699
0.0,0.018608319
0.0,0.05913889
0.0,0.06321064
0.0,0.060491838
1.0,0.023317866
0.0,0.05390963
0.0,0.052769568
0.0,0.077064395
0.0,0.08671897
0.0,0.068337135
0.0,0.058318637
0.0,0.06844288
0.0,0.058853395
0.0,0.039161608
0.0,0.0763704
0.0,0.07079817
0.0,0.04855939
0.0,0.08368694
0.0,0.06378771
0.0,0.041936953
0.0,0.0371061
0.0,0.060638692
0.0,0.054628666
0.0,0.06275482
0.0,0.07144597
0.0,0.056179877
0.0,0.039582517
0.0,0.023387609
1.0,0.11596575
0.0,0.09724496
0.0,0.07812202
0.0,0.10042538
0.0,0.050009202
0.0,0.059555817
0.0,0.07093334
0.0,0.08413278
0.0,0.05493759
0.0,0.038135417
0.0,0.051651042
0.0,0.048204742
0.0,0.057364658
0.0,0.06479484
0.0,0.03187011
0.0,0.0567703
0.0,0.05235675
0.0,0.07674363
0.0,0.10825643
0.0,0.10384876
0.0,0.048470348
0.0,0.07369938
0.0,0.028715186
0.0,0.036811456
0.0,0.023960099
0.0,0.07573801
0.0,0.042417374
0.0,0.057816185
0.0,0.07160393
0.0,0.05797903
0.0,0.020967666
0.0,0.04675285
1.0,0.05995727
0.0,0.067337975
0.0,0.045933846
0.0,0.05416232
1.0,0.08190534
1.0,0.05406753
0.0,0.029931806
0.0,0.054065168
0.0,0.04418762
0.0,0.047068294
0.0,0.06166924
0.0,0.047223344
2.0,0.06613562
0.0,0.043853
0.0,0.0642292
0.0,0.007899117
1.0,0.04359248
0.0,0.030051319
0.0,0.04470168
0.0,0.04270668
0.0,0.051154505
0.0,0.048839815
0.0,0.036016084
0.0,0.04248869
0.0,0.051365644
0.0,0.08531093
0.0,0.06829485
0.0,0.06738905
0.0,0.045219906
0.0,0.07287289
0.0,0.10618955
0.0,0.044634555
0.0,0.0504711
0.0,0.009346807
0.0,0.048811145
0.0,0.059611477
0.0,0.07560261
0.0,0.062549405
1.0,0.07578293
0.0,0.028209576
0.0,0.060566865
0.0,0.03547046
0.0,0.06113545
0.0,0.04244234
0.0,0.040102582
0.0,0.04451263
0.0,0.07113698
0.0,0.06029088
0.0,0.03814461
0.0,0.053920235
0.0,0.08350899
0.0,0.07641917
0.0,0.038794745
0.0,0.057201616
0.0,0.05902914
0.0,0.042335324
0.0,0.07153798
0.0,0.040810764
0.0,0.05664821
0.0,0.0496926
0.0,0.07228583
0.0,0.013371139
0.0,0.07927239
1.0,0.06804406
0.0,0.025372753
0.0,0.057536915
0.0,0.06649253
0.0,0.07206084
0.0,0.05112741
0.0,0.11594637
0.0,0.07794864
0.0,0.059242755
0.0,0.03288182
0.0,0.052406244
0.0,0.06429747
0.0,0.054564282
0.0,0.059805363
1.0,0.062572345
0.0,0.055595305
0.0,0.064498216
0.0,0.06714092
0.0,0.04086906
0.0,0.047689736
0.0,0.050326645
0.0,0.044362005
0.0,0.05029428
0.0,0.03999338
0.0,0.043219138
0.0,0.061265253
1.0,0.03326313
0.0,0.05281644
0.0,0.04818715
0.0,0.057857305
1.0,0.040520128
0.0,0.0505108
0.0,0.074786924
0.0,0.050942343
0.0,0.065396294
1.0,0.04278501
1.0,0.07307741
0.0,0.06381892
0.0,0.08502861
0.0,0.061744537
0.0,0.058865607
0.0,0.04995884
0.0,0.058300883
0.0,0.036496487
0.0,0.02963607
0.0,0.09300865
0.0,0.09537124
0.0,0.03388219
0.0,0.08073622
0.0,0.07000369
0.0,0.051828675
0.0,0.051824674
0.0,0.045277894
0.0,0.07577605
0.0,0.06647861
0.0,0.049685266
0.0,0.042796295
0.0,0.059275024
0.0,0.048825774
0.0,0.063409336
0.0,0.0689822
0.0,0.075732686
0.0,0.04863104
0.0,0.005412033
0.0,0.059762333
0.0,0.04845749
0.0,0.05754004
0.0,0.038271807
0.0,0.044100445
0.0,0.06691603
0.0,0.06726891
1.0,0.057213236
0.0,0.08382598
0.0,0.043009616
0.0,0.046180435
0.0,0.0646648
0.0,0.03736171
0.0,0.060165033
0.0,0.06790496
0.0,0.07428008
0.0,0.061810452
0.0,0.051647656
0.0,0.070440255
0.0,0.049874485
0.0,0.084826335
0.0,0.08629957
0.0,0.040650185
0.0,0.03775266
0.0,0.043062665
0.0,0.00741938
0.0,0.09047814
0.0,0.074762054
0.0,0.05889757
0.0,0.035308845
0.0,0.048529126
0.0,0.08392947
0.0,0.048399862
0.0,0.06484571
0.0,0.06748874
0.0,0.048184384
0.0,0.07022622
0.0,0.042642124
0.0,0.03290657
0.0,0.06302436
0.0,0.09979003
0.0,0.07196588
0.0,0.036547888
0.0,0.0669673
0.0,0.08228433
0.0,0.066557966
0.0,0.049149156
0.0,0.072777085
0.0,0.041764192
0.0,0.044693995
0.0,0.050127942
0.0,0.06065117
0.0,0.05084954
0.0,0.06028516
0.0,0.04824557
0.0,0.04330132
0.0,0.08576904
0.0,0.049946085
0.0,0.056838423
0.0,0.05463832
0.0,0.047419406
0.0,0.060793005
0.0,0.063499
0.0,0.054348033
0.0,0.034820143
0.0,0.052809514
1.0,0.036905874
0.0,0.07749374
1.0,0.044826604
0.0,0.04289341
0.0,0.051695995
0.0,0.03631752
0.0,0.061210442
0.0,0.03748868
0.0,0.09745683
0.0,0.05409427
0.0,0.053510994
1.0,0.024351977
0.0,0.04806575
0.0,0.07548061
0.0,0.08540493
0.0,0.0534404
0.0,0.055710077
0.0,0.05423609
0.0,0.038944867
0.0,0.08717726
0.0,0.08647084
0.0,0.046746943
0.0,0.027156956
0.0,0.046193317
0.0,0.0904482
0.0,0.028260738
0.0,0.079081014
0.0,0.039543033
0.0,0.075962305
0.0,0.07243072
0.0,0.036354955
0.0,0.041623555
0.0,0.05733489
0.0,0.07308276
0.0,0.045284435
0.0,0.03626884
0.0,0.05275905
0.0,0.08436816
0.0,0.052752346
0.0,0.06623156
0.0,0.06341108
0.0,0.06572148
0.0,0.035563774
0.0,0.08193546
0.0,0.044190876
0.0,0.040384207
0.0,0.032622445
0.0,0.03816679
0.0,0.09667278
0.0,0.024313433
0.0,0.047957215
0.0,0.07454079
0.0,0.049976222
0.0,0.066951096
0.0,0.03368673
0.0,0.03645809
0.0,0.056932792
0.0,0.09210626
0.0,0.043952744
0.0,0.038898226
0.0,0.047457762
0.0,0.07302586
0.0,0.085369915
0.0,0.071799465
0.0,0.060851067
0.0,0.03121777
0.0,0.04709073
0.0,0.05900875
0.0,0.06525808
0.0,0.071943454
0.0,0.037298866
0.0,0.09254117
0.0,0.054554373
0.0,0.07456933
0.0,0.046389237
0.0,0.04982857
0.0,0.06976416
0.0,0.034751292
0.0,0.040603258
0.0,0.0604078
0.0,0.07283831
0.0,0.08628521
0.0,0.07329264
0.0,0.10467149
1.0,0.043906763
0.0,0.04963799
0.0,0.058658525
0.0,0.046120353
1.0,0.07435778
0.0,0.051423125
0.0,0.0721421
0.0,0.033186235
0.0,0.08840365
0.0,0.0742525
0.0,0.034915812
0.0,0.047869325
0.0,0.06088157
0.0,0.065266795
0.0,0.041125014
0.0,0.06760643
0.0,0.054993298
0.0,0.04346153
0.0,0.011695683
0.0,0.05947187
0.0,0.070907675
0.0,0.03658563
0.0,0.08176303
1.0,0.10771112
0.0,0.033288397
0.0,0.06455463
0.0,0.05612579
1.0,0.06727906
0.0,0.07467939
0.0,0.04888977
0.0,0.055903163
0.0,0.06688611
0.0,0.05095342
0.0,0.06288873
0.0,0.06631176
0.0,0.014465205
0.0,0.08840365
0.0,0.03897048
0.0,0.07720123
0.0,0.06532044
0.0,0.045828484
0.0,0.061073355
0.0,0.04762941
0.0,0.061344326
0.0,0.07145124
0.0,0.03699853
0.0,0.04336212
0.0,0.067882195
0.0,0.0519798
0.0,0.072407395
0.0,0.07780994
0.0,0.062013946
0.0,0.08860311
0.0,0.05208142
0.0,0.056196168
0.0,0.04563077
0.0,0.09746631
0.0,0.05825467
0.0,0.04688904
0.0,0.035359073
0.0,0.06214637
0.0,0.07201414
0.0,0.05357637
0.0,0.06479916
0.0,0.047043186
0.0,0.03727688
0.0,0.052782074
0.0,0.054972574
0.0,0.04381887
0.0,0.0719911
0.0,0.03388177
0.0,0.0646593
1.0,0.06442016
0.0,0.04337094
0.0,0.07816608
0.0,0.07168944
0.0,0.07199019
0.0,0.048486046
0.0,0.07797576
0.0,0.05220201
0.0,0.06808667
0.0,0.043275714
0.0,0.052763063
0.0,0.06691023
0.0,0.07668856
0.0,0.046157096
0.0,0.08172405
0.0,0.07680981
0.0,0.061348975
0.0,0.0366218
0.0,0.057996947
0.0,0.07137821
0.0,0.05240712
0.0,0.057604335
0.0,0.0650641
0.0,0.0667952
0.0,0.055949513
0.0,0.074259914
0.0,0.018765643
0.0,0.094509125
0.0,0.06017149
0.0,0.049518
1.0,0.051663246
0.0,0.039485283
0.0,0.07918048
0.0,0.08999637
0.0,0.04163201
0.0,0.056472365
0.0,0.061016973
0.0,0.079387665
0.0,0.108075984
0.0,0.041616153
0.0,0.08510157
0.0,0.04138853
0.0,0.05892923
0.0,0.040056676
0.0,0.0332666
0.0,0.050883193
0.0,0.046842467
0.0,0.04042215
1.0,0.037252963
0.0,0.055345796
0.0,0.07750241
0.0,0.053167142
0.0,0.035371568
0.0,0.049172927
0.0,0.094561145
0.0,0.0666041
0.0,0.05241844
0.0,0.080305204
0.0,0.0333513
0.0,0.06263091
0.0,0.07236127
1.0,0.058520123
0.0,0.08660458
0.0,0.05193358
0.0,0.039470337
0.0,0.049569655
0.0,0.053299554
0.0,0.048938543
0.0,0.06748098
0.0,0.09752024
0.0,0.07924227
0.0,0.058511917
0.0,0.052922048
0.0,0.08190921
0.0,0.07655236
0.0,0.04304507
0.0,0.07853449
0.0,0.068257935
0.0,0.061314292
0.0,0.058309138
0.0,0.054530263
1.0,0.06404264
0.0,0.05456362
0.0,0.06873361
0.0,0.073703125
0.0,0.039419137
0.0,0.015650919
0.0,0.046472374
0.0,0.03535179
0.0,0.06029355
0.0,0.07656196
0.0,0.11487544
0.0,0.091946006
0.0,0.06928267
0.0,0.08960194
0.0,0.046690002
0.0,0.084763035
0.0,0.067377545
0.0,0.047834482
0.0,0.04080231
0.0,0.052831203
1.0,0.040974937
0.0,0.035097793
0.0,0.075897865
0.0,0.06311505
0.0,0.05906194
0.0,0.065817125
0.0,0.08755958
0.0,0.060531773
0.0,0.070767745
0.0,0.05780716
0.0,0.073968746
0.0,0.06679908
0.0,0.057509072
0.0,0.04900019
0.0,0.055358414
0.0,0.044021532
0.0,0.068554424
0.0,0.07291839
0.0,0.025162902
0.0,0.062128846
0.0,0.036607165
0.0,0.061062
0.0,0.06721927
0.0,0.05776742
0.0,0.040131517
0.0,0.04279116
0.0,0.03784802
1.0,0.08877693
0.0,0.05900419
0.0,0.08337777
0.0,0.077831775
0.0,0.09296492
0.0,0.038589906
0.0,0.046558224
0.0,0.07196233
0.0,0.0472064
0.0,0.06498264
0.0,0.05193582
0.0,0.04391195
0.0,0.08064317
0.0,0.06356482
0.0,0.07207732
0.0,0.044976648
0.0,0.049438458
0.0,0.057167012
0.0,0.07580598
0.0,0.07497686
0.0,0.077671684
0.0,0.05162312
0.0,0.067375764
0.0,0.08875526
0.0,0.098787844
0.0,0.044655725
0.0,0.053352624
0.0,0.03585026
0.0,0.064706504
0.0,0.03598426
1.0,0.04401134
0.0,0.048679598
0.0,0.042709064
0.0,0.06512595
0.0,0.062100235
0.0,0.08512177
0.0,0.07523759
0.0,0.06250085
0.0,0.048114356
0.0,0.068081886
0.0,0.041446887
0.0,0.033951897
0.0,0.07047698
0.0,0.07291524
0.0,0.02340769
0.0,0.075794734
0.0,0.035838768
0.0,0.042442653
0.0,0.034421265
0.0,0.060421698
0.0,0.044319868
0.0,0.03834849
1.0,0.08625806
1.0,0.04107883
1.0,0.056061916
0.0,0.04980584
0.0,0.056768227
0.0,0.057671204
0.0,0.05527124
0.0,0.07237788
0.0,0.07185094
0.0,0.06162847
0.0,0.064461395
0.0,0.04459876
0.0,0.07326266
0.0,0.015682565
2.0,0.03217129
0.0,0.044709854
0.0,0.09388244
0.0,0.048293516
0.0,0.05315206
0.0,0.048765965
0.0,0.05110288
0.0,0.06138324
0.0,0.06574429
0.0,0.047729254
1.0,0.052780814
0.0,0.0777813
0.0,0.07850748
1.0,0.049354017
0.0,0.037591554
0.0,0.05747608
0.0,0.06571733
0.0,0.08137947
0.0,0.03340647
0.0,0.087424286
0.0,0.08903912
0.0,0.04622316
0.0,0.032876447
0.0,0.078342415
0.0,0.09533952
0.0,0.03711147
0.0,0.078156896
0.0,0.059553944
0.0,0.055434898
0.0,0.0067376257
0.0,0.048863493
0.0,0.08083883
0.0,0.067138776
0.0,0.06875436
0.0,0.09008321
0.0,0.05228753
0.0,0.029536314
0.0,0.046159662
0.0,0.059280198
0.0,0.06308237
0.0,0.048589133
0.0,0.057940558
0.0,0.09506443
0.0,0.070931494
0.0,0.08559528
0.0,0.07982591
0.0,0.06280389
0.0,0.074072726
0.0,0.06477538
0.0,0.05645462
0.0,0.047362257
0.0,0.059896432
0.0,0.03176557
0.0,0.0083119385
0.0,0.05861959
0.0,0.07888562
0.0,0.06187019
0.0,0.04605526
0.0,0.048131462
0.0,0.040070202
0.0,0.04862892
0.0,0.03667681
0.0,0.06948971
0.0,0.010959654
0.0,0.04798842
0.0,0.065255485
0.0,0.06768007
0.0,0.063901715
0.0,0.044177435
0.0,0.053983673
0.0,0.05120711
0.0,0.039899684
0.0,0.044424526
0.0,0.015002682
0.0,0.03750118
0.0,0.05148629
0.0,0.0086836815
0.0,0.058470305
0.0,0.03929601
0.0,0.067903176
0.0,0.08200597
0.0,0.05578887
0.0,0.03721708
0.0,0.038428865
0.0,0.08780618
0.0,0.045803994
0.0,0.070284076
0.0,0.063236654
0.0,0.073696
0.0,0.0628997
0.0,0.049767405
0.0,0.06350662
0.0,0.030156525
0.0,0.073350504
0.0,0.043670706
0.0,0.04705511
0.0,0.052317407
0.0,0.051510673
0.0,0.051460985
0.0,0.083236374
0.0,0.040332142
0.0,0.06594968
0.0,0.045225687
0.0,0.037255395
0.0,0.032071564
0.0,0.034045026
0.0,0.082348175
0.0,0.09543705
0.0,0.03183775
0.0,0.06358594
1.0,0.041506816
0.0,0.059099086
0.0,0.04005805
0.0,0.074768595
0.0,0.035713688
0.0,0.07816966
0.0,0.04124076
0.0,0.04416585
0.0,0.062055714
0.0,0.07361814
0.0,0.033965297
0.0,0.083333135
1.0,0.052814856
0.0,0.07594735
0.0,0.07719626
0.0,0.03518331
0.0,0.07906348
0.0,0.043479692
0.0,0.04078892
0.0,0.06040607
0.0,0.036710132
0.0,0.04132423
0.0,0.05798146
0.0,0.044112243
0.0,0.072449185
0.0,0.045087785
2.0,0.0400619
0.0,0.042899832
0.0,0.066824414
0.0,0.114560746
0.0,0.040379327
0.0,0.075469345
0.0,0.067779034
0.0,0.04483918
0.0,0.050241094
0.0,0.04562194
0.0,0.04584374
0.0,0.044764474
0.0,0.066704296
0.0,0.0591125
0.0,0.0562015
0.0,0.087940514
0.0,0.041635267
0.0,0.04306511
1.0,0.08375355
0.0,0.04999759
0.0,0.04766983
0.0,0.06656327
0.0,0.060022116
0.0,0.042114362
0.0,0.07715571
0.0,0.052375253
0.0,0.07011219
0.0,0.05425068
0.0,0.06310177
0.0,0.060994808
0.0,0.047156177
0.0,0.062494516
0.0,0.08311701
0.0,0.020379309
0.0,0.045752496
0.0,0.056897454
0.0,0.05714345
0.0,0.055897526
0.0,0.08566727
0.0,0.08343233
0.0,0.06064734
0.0,0.057123058
0.0,0.05397854
0.0,0.05097251
0.0,0.043453295
0.0,0.05052634
0.0,0.044149995
0.0,0.073410824
0.0,0.051832285
0.0,0.061465677
0.0,0.0601376
0.0,0.08369588
0.0,0.053310383
0.0,0.06427775
0.0,0.051585987
0.0,0.045049377
0.0,0.0473893
0.0,0.045370623
0.0,0.0620624
0.0,0.07235311
0.0,0.040335298
0.0,0.09057991
0.0,0.059487827
0.0,0.080849156
0.0,0.06760943
0.0,0.03588036
0.0,0.05549852
0.0,0.050050832
0.0,0.062287737
0.0,0.06343152
0.0,0.058593012
0.0,0.03573267
0.0,0.04414812
1.0,0.041203313
0.0,0.06055816
0.0,0.04858691
0.0,0.0405376
0.0,0.050128587
0.0,0.051582925
0.0,0.0483549
0.0,0.061766066
0.0,0.0035083636
0.0,0.08229216
0.0,0.040327698
1.0,0.06938358
0.0,0.023374151
1.0,0.046983086
0.0,0.10611342
0.0,0.05323538
0.0,0.006012277
0.0,0.07874328
0.0,0.050736107
0.0,0.04483449
0.0,0.039595865
0.0,0.045836315
0.0,0.05611677
0.0,0.041906618
0.0,0.041948244
0.0,0.047826476
1.0,0.068682745
0.0,0.048278816
0.0,0.07989695
0.0,0.03640791
0.0,0.04893077
0.0,0.047148645
0.0,0.056902744
0.0,0.03168147
0.0,0.048099227
0.0,0.07358113
0.0,0.11540826
1.0,0.0606654
0.0,0.07054621
0.0,0.05741115
0.0,0.068457775
0.0,0.097687036
0.0,0.059557777
0.0,0.060624324
0.0,0.08001434
0.0,0.034699894
0.0,0.062084984
0.0,0.07556228
2.0,0.06587219
0.0,0.046460733
0.0,0.07235739
0.0,0.08410549
0.0,0.05230142
0.0,0.069423154
0.0,0.046941612
0.0,0.06524559
0.0,0.060340304
0.0,0.047210827
0.0,0.026326045
0.0,0.037403315
0.0,0.048917532
0.0,0.08349617
0.0,0.066776365
0.0,0.04081334
0.0,0.061443947
0.0,0.056890942
0.0,0.040490884
0.0,0.05268063
0.0,0.039522957
0.0,0.035164967
0.0,0.092476234
0.0,0.071892135
0.0,0.04015711
0.0,0.07302817
0.0,0.051670082
0.0,0.050668545
0.0,0.056581475
0.0,0.09244275
0.0,0.0062271385
0.0,0.048736036
0.0,0.06777406
0.0,0.042791825
0.0,0.053608004
1.0,0.044606235
0.0,0.05061823
0.0,0.07461774
0.0,0.04342208
0.0,0.07725732
0.0,0.061707277
0.0,0.05609458
0.0,0.055534776
0.0,0.061574303
0.0,0.0553142
0.0,0.041802566
1.0,0.037850726
0.0,0.058009587
0.0,0.048062235
0.0,0.04032774
1.0,0.031249411
0.0,0.07784588
0.0,0.08041374
0.0,0.06399452
0.0,0.045680843
1.0,0.081289425
0.0,0.040768754
0.0,0.040413015
0.0,0.058822576
0.0,0.08289664
0.0,0.069993876
0.0,0.048574895
0.0,0.057563532
0.0,0.12340669
0.0,0.06369884
0.0,0.046639938
0.0,0.0914467
0.0,0.040291738
0.0,0.058733393
0.0,0.058634948
0.0,0.079333216
0.0,0.04732027
0.0,0.04179651
0.0,0.04166423
0.0,0.060566016
0.0,0.04295728
0.0,0.05371911
0.0,0.020584807
0.0,0.04780622
0.0,0.037076525
0.0,0.072864756
0.0,0.046068475
0.0,0.104099184
0.0,0.06885533
0.0,0.050628223
0.0,0.04700545
0.0,0.04700706
0.0,0.063278385
0.0,0.05317244
0.0,0.08727509
0.0,0.008714776
0.0,0.05226597
0.0,0.0061016474
0.0,0.040564843
0.0,0.05095765
0.0,0.059802
0.0,0.0409221
0.0,0.05193684
0.0,0.07830787
0.0,0.0646385
0.0,0.057730153
0.0,0.055668507
0.0,0.027496407
0.0,0.05733307
0.0,0.08480482
0.0,0.06817733
0.0,0.048908297
0.0,0.09143357
1.0,0.048255213
0.0,0.07591594
0.0,0.051571675
0.0,0.059325326
0.0,0.04817708
0.0,0.056298986
0.0,0.057948515
1.0,0.07128615
0.0,0.042783204
0.0,0.06920492
0.0,0.02953228
0.0,0.048656426
0.0,0.02858059
0.0,0.07016828
0.0,0.08301822
0.0,0.06353218
0.0,0.0852959
0.0,0.05768218
0.0,0.046369247
0.0,0.048454788
1.0,0.04308005
0.0,0.043981604
0.0,0.0638909
0.0,0.06068963
0.0,0.06377684
0.0,0.044767424
0.0,0.051633976
0.0,0.069625616
0.0,0.019274212
0.0,0.038049713
0.0,0.06586363
0.0,0.081450656
0.0,0.07697489
0.0,0.07426629
0.0,0.04834327
0.0,0.061601132
0.0,0.04845245
0.0,0.07091136
0.0,0.06290942
0.0,0.120097026
0.0,0.05978897
0.0,0.046472464
0.0,0.08703293
0.0,0.049072627
0.0,0.03535956
0.0,0.063327484
0.0,0.0573862
0.0,0.04674913
0.0,0.037330627
0.0,0.05545199
0.0,0.058873042
0.0,0.044007145
0.0,0.055626515
0.0,0.06094521
0.0,0.05828169
0.0,0.058663826
0.0,0.063286684
0.0,0.03154176
0.0,0.048222445
0.0,0.062823385
0.0,0.05187976
0.0,0.07608007
0.0,0.0923331
0.0,0.03596179
0.0,0.05351823
0.0,0.030849805
0.0,0.06050938
0.0,0.06559705
0.0,0.04562007
0.0,0.03823634
0.0,0.06492365
0.0,0.041845724
1.0,0.044132262
0.0,0.045912955
0.0,0.027337044
1.0,0.019166382
0.0,0.045592666
0.0,0.07166101
0.0,0.10025687
0.0,0.058890425
0.0,0.0411415
0.0,0.071567684
0.0,0.07121754
0.0,0.054084055
0.0,0.04298207
0.0,0.054204047
0.0,0.058494873
0.0,0.023120392
0.0,0.06755336
0.0,0.050253995
0.0,0.05739396
0.0,0.0315488
0.0,0.043177284
0.0,0.00862067
0.0,0.06508452
0.0,0.054904986
1.0,0.069212176
0.0,0.06506792
0.0,0.04420522
0.0,0.081694484
0.0,0.07601492
0.0,0.058946107
0.0,0.062441524
0.0,0.033736773
0.0,0.06698212
0.0,0.070958495
0.0,0.052146614
0.0,0.047659002
0.0,0.0332011
0.0,0.028578272
0.0,0.06707444
0.0,0.06347501
0.0,0.043120496
0.0,0.068119906
0.0,0.053271517
0.0,0.07224544
0.0,0.060397964
0.0,0.05257858
0.0,0.053518943
0.0,0.08157179
0.0,0.034548704
0.0,0.04963173
0.0,0.048024643
0.0,0.06541373
0.0,0.057245355
0.0,0.07339674
0.0,0.09071478
0.0,0.041297138
0.0,0.06918172
1.0,0.040623203
0.0,0.071857244
0.0,0.053817924
0.0,0.040872548
0.0,0.08366172
0.0,0.056797363
0.0,0.06989147
0.0,0.062332466
0.0,0.06256745
0.0,0.039302137
0.0,0.043575156
0.0,0.04033286
0.0,0.06283267
0.0,0.0404618
0.0,0.0086379275
0.0,0.044886567
0.0,0.07682845
0.0,0.044717893
0.0,0.039590616
1.0,0.07064706
0.0,0.06338934
0.0,0.049363077
0.0,0.040569797
0.0,0.06346886
0.0,0.06470741
0.0,0.10201347
0.0,0.04718147
0.0,0.09311074
0.0,0.05776445
0.0,0.044181593
0.0,0.07104437
0.0,0.036390293
0.0,0.050545953
0.0,0.0746552
0.0,0.006641809
0.0,0.054723825
0.0,0.03421776
0.0,0.04887877
0.0,0.060091548
0.0,0.063537486
0.0,0.048779465
0.0,0.07608055
0.0,0.049301
0.0,0.052685592
0.0,0.079321206
0.0,0.08911903
0.0,0.06370645
0.0,0.06230651
0.0,0.06308139
1.0,0.08861229
0.0,0.052245237
0.0,0.06362934
0.0,0.06605645
0.0,0.053739928
0.0,0.041241407
0.0,0.05919839
0.0,0.031792574
0.0,0.059185125
0.0,0.06493431
0.0,0.061573967
0.0,0.04439816
0.0,0.0893677
0.0,0.03921759
0.0,0.050788183
0.0,0.08786444
0.0,0.08404663
0.0,0.07704512
0.0,0.047037195
0.0,0.051919565
0.0,0.10257602
0.0,0.07462431
0.0,0.04858928
0.0,0.06937593
0.0,0.060676206
0.0,0.055100158
0.0,0.058676764
0.0,0.050283514
0.0,0.033230968
0.0,0.06812676
0.0,0.07824524
0.0,0.054096036
0.0,0.053249486
0.0,0.06481908
0.0,0.0749722
0.0,0.04825666
0.0,0.060161505
0.0,0.05281601
0.0,0.083320774
0.0,0.05267571
0.0,0.062779695
0.0,0.0534258
0.0,0.06101066
0.0,0.06488543
0.0,0.07038773
0.0,0.039543495
0.0,0.0832054
0.0,0.05539047
0.0,0.074783534
1.0,0.043281093
0.0,0.032274928
0.0,0.061161924
0.0,0.036703505
0.0,0.08774719
0.0,0.06301354
0.0,0.0442986
0.0,0.07002051
0.0,0.058360446
0.0,0.0065224944
0.0,0.030417178
0.0,0.050904073
0.0,0.07774987
0.0,0.042951144
0.0,0.06657292
0.0,0.047122933
0.0,0.02965801
0.0,0.07692713
0.0,0.06708648
0.0,0.010519638
0.0,0.06413759
0.0,0.04612272
0.0,0.05255395
0.0,0.048597127
0.0,0.07113145
0.0,0.056201927
0.0,0.042846955
0.0,0.04394169
0.0,0.069401726
0.0,0.057936773
0.0,0.031226806
0.0,0.03725807
0.0,0.08809929
0.0,0.060470786
0.0,0.048087053
0.0,0.03468025
0.0,0.08635135
0.0,0.066973
0.0,0.08589584
0.0,0.055195246
0.0,0.08752072
0.0,0.023930155
0.0,0.042337112
0.0,0.055904724
0.0,0.04825885
0.0,0.03622879
0.0,0.08176966
0.0,0.07484935
0.0,0.05304187
1.0,0.054654095
0.0,0.071920596
0.0,0.035649262
0.0,0.07465194
0.0,0.0568486
0.0,0.07685271
0.0,0.054544616
0.0,0.05519481
0.0,0.067261435
0.0,0.043348476
0.0,0.05359185
0.0,0.06737817
0.0,0.044981614
0.0,0.07262927
0.0,0.058324713
0.0,0.053995185
0.0,0.046969242
0.0,0.04106745
0.0,0.061972857
0.0,0.065745026
0.0,0.05622301
0.0,0.0090824375
0.0,0.05961847
0.0,0.10095703
0.0,0.062906735
0.0,0.08101195
0.0,0.07483207
0.0,0.07081607
0.0,0.038559042
0.0,0.047274206
0.0,0.051199578
0.0,0.060911216
0.0,0.061852377
0.0,0.047655944
0.0,0.04441616
0.0,0.054889593
0.0,0.04430549
0.0,0.054586455
0.0,0.055040244
0.0,0.04890866
0.0,0.06096836
0.0,0.06609136
0.0,0.055211578
0.0,0.053000104
1.0,0.03147915
0.0,0.053574592
0.0,0.07731447
0.0,0.043538675
0.0,0.042366564
0.0,0.044159405
0.0,0.08380652
0.0,0.0588829
0.0,0.049955197
0.0,0.06275299
0.0,0.07545537
0.0,0.07033584
0.0,0.07979153
0.0,0.06415405
0.0,0.07184685
0.0,0.054309096
1.0,0.050917525
0.0,0.06214886
0.0,0.06060117
0.0,0.080256484
0.0,0.052961364
0.0,0.029578328
0.0,0.0558032
0.0,0.028659593
0.0,0.0842603
0.0,0.04269935
0.0,0.036450226
0.0,0.09974607
0.0,0.075623795
0.0,0.06576752
0.0,0.042750403
0.0,0.08464685
0.0,0.050106265
0.0,0.06766
0.0,0.05816051
0.0,0.006284861
0.0,0.046506446
0.0,0.0390128
0.0,0.034112453
0.0,0.037643448
0.0,0.024470959
0.0,0.040313922
0.0,0.05193586
0.0,0.039802674
0.0,0.0587653
0.0,0.050576527
0.0,0.04542447
0.0,0.04897461
0.0,0.03505879
0.0,0.070324406
0.0,0.048809327
0.0,0.06579393
0.0,0.060343154
0.0,0.07674912
0.0,0.08596158
0.0,0.1064108
0.0,0.059837826
1.0,0.06225586
0.0,0.051281504
0.0,0.06399807
0.0,0.05575935
0.0,0.020441659
1.0,0.044986375
0.0,0.03649828
0.0,0.04890777
0.0,0.05902237
0.0,0.05583068
0.0,0.01783043
0.0,0.040396158
0.0,0.06833181
0.0,0.025184413
0.0,0.07600909
0.0,0.0629189
0.0,0.047628626
0.0,0.09202191
0.0,0.1032912
0.0,0.061417393
0.0,0.04714435
0.0,0.07277569
0.0,0.04898837
0.0,0.054719836
0.0,0.0629282
1.0,0.08311984
0.0,0.073270366
0.0,0.0587654
0.0,0.08437376
0.0,0.09221164
0.0,0.04036664
0.0,0.05532085
0.0,0.044192057
0.0,0.038002938
0.0,0.07902259
0.0,0.043525256
0.0,0.006066903
0.0,0.06476282
0.0,0.059016995
2.0,0.057186846
0.0,0.0954756
0.0,0.0828737
0.0,0.088455066
0.0,0.05864057
0.0,0.052330934
0.0,0.043366585
0.0,0.07681512
0.0,0.061285615
2.0,0.046309397
0.0,0.037246987
0.0,0.049759798
0.0,0.0077112047
0.0,0.04682181
0.0,0.04714887
0.0,0.09751261
0.0,0.053678323
0.0,0.060988933
0.0,0.045184836
0.0,0.09535921
0.0,0.09761319
0.0,0.045090757
0.0,0.06758796
0.0,0.073983
1.0,0.05174499
0.0,0.05955843
0.0,0.08179185
0.0,0.07266837
0.0,0.05207479
0.0,0.03503332
0.0,0.07824673
1.0,0.05921674
0.0,0.03930131
0.0,0.053463288
0.0,0.03866936
0.0,0.068912104
0.0,0.07293748
0.0,0.035787493
0.0,0.07946476
0.0,0.04674719
0.0,0.048180994
1.0,0.034587108
1.0,0.056154836
0.0,0.06111076
0.0,0.021954298
0.0,0.019875428
1.0,0.05523163
0.0,0.03679931
0.0,0.042065702
0.0,0.07233569
0.0,0.059999395
0.0,0.046587057
0.0,0.035928488
0.0,0.019811388
0.0,0.06710248
0.0,0.102886446
0.0,0.090914726
0.0,0.051015306
0.0,0.08281782
0.0,0.04393131
0.0,0.074778795
0.0,0.063165456
1.0,0.08244463
1.0,0.023347562
0.0,0.06643846
0.0,0.06966231
0.0,0.077773646
0.0,0.043784425
0.0,0.065181375
0.0,0.059116445
0.0,0.051976204
0.0,0.05656394
0.0,0.06519357
0.0,0.0651725
0.0,0.042111307
0.0,0.09560621
0.0,0.057628307
0.0,0.03258572
0.0,0.044235393
0.0,0.07281372
0.0,0.06682409
1.0,0.06843909
0.0,0.06520174
0.0,0.067854725
0.0,0.042807255
0.0,0.04310154
0.0,0.050382905
0.0,0.069702946
0.0,0.06582494
0.0,0.04978574
0.0,0.032018304
0.0,0.058533546
0.0,0.019083746
0.0,0.078634076
0.0,0.021987457
0.0,0.038317148
0.0,0.0566088
0.0,0.06265215
0.0,0.0162247
0.0,0.06489907
0.0,0.044062138
0.0,0.06450269
0.0,0.055337433
0.0,0.0656299
0.0,0.02857894
0.0,0.07863912
0.0,0.062189724
0.0,0.081765994
0.0,0.026529297
0.0,0.035121784
1.0,0.07595905
0.0,0.08715711
0.0,0.054406233
0.0,0.056880202
0.0,0.08834876
1.0,0.024423845
0.0,0.07970194
0.0,0.07411339
0.0,0.06446579
0.0,0.07470848
0.0,0.054629683
0.0,0.062483907
0.0,0.07955018
0.0,0.03914024
0.0,0.04697737
0.0,0.03805924
0.0,0.050060675
0.0,0.07612719
0.0,0.04705631
0.0,0.04359463
1.0,0.06244236
0.0,0.07351769
0.0,0.04789897
1.0,0.04283327
0.0,0.059314467
0.0,0.046317536
1.0,0.064530194
0.0,0.075272806
1.0,0.063514635
0.0,0.059348386
0.0,0.07149827
0.0,0.040894285
0.0,0.04066346
0.0,0.080476955
0.0,0.05353358
1.0,0.050302424
0.0,0.022187144
0.0,0.057336953
0.0,0.0404585
1.0,0.049701676
1.0,0.044206936
0.0,0.07052606
0.0,0.065651625
0.0,0.08212525
0.0,0.038989265
0.0,0.059579547
0.0,0.05691417
0.0,0.04585807
0.0,0.068816766
0.0,0.07478841
1.0,0.04651858
0.0,0.051549386
0.0,0.058106385
0.0,0.050379563
0.0,0.060347844
0.0,0.017430132
0.0,0.042240694
0.0,0.073224455
0.0,0.07831423
0.0,0.04150915
0.0,0.08449198
1.0,0.07740878
0.0,0.0766886
0.0,0.05098645
0.0,0.03827211
0.0,0.102857456
0.0,0.05647565
0.0,0.008897827
0.0,0.055459764
0.0,0.057008557
0.0,0.08867078
0.0,0.078030735
0.0,0.038939398
0.0,0.07472852
0.0,0.07631389
1.0,0.04071336
0.0,0.07927951
0.0,0.07142533
0.0,0.04233458
0.0,0.06196473
0.0,0.04744465
0.0,0.06995874
0.0,0.017813722
0.0,0.048724137
0.0,0.04899741
0.0,0.052044194
0.0,0.06365267
0.0,0.04699916
0.0,0.03644848
0.0,0.040820777
0.0,0.07211506
0.0,0.044003725
0.0,0.024787545
0.0,0.07043692
0.0,0.06535404
0.0,0.004986238
0.0,0.03593731
0.0,0.077444136
0.0,0.08004303
0.0,0.07407234
0.0,0.06586734
0.0,0.03417173
0.0,0.09136447
0.0,0.06821373
0.0,0.048839886
0.0,0.06978667
0.0,0.05279106
0.0,0.06891641
0.0,0.05303312
1.0,0.05745609
0.0,0.064395055
0.0,0.08383294
0.0,0.03427683
0.0,0.04742974
0.0,0.052061692
0.0,0.059333958
0.0,0.04051646
0.0,0.08446143
0.0,0.04130274
0.0,0.060854837
1.0,0.11994788
0.0,0.062088747
0.0,0.067946106
0.0,0.06515662
0.0,0.061136264
1.0,0.043449745
0.0,0.050243057
0.0,0.09382744
0.0,0.06830075
0.0,0.08664622
0.0,0.05345086
0.0,0.05178858
0.0,0.06750109
0.0,0.06883357
0.0,0.08664531
0.0,0.05531601
0.0,0.04938098
0.0,0.0676131
0.0,0.07142126
0.0,0.034122996
0.0,0.047845215
0.0,0.060276866
0.0,0.06347512
0.0,0.03301066
0.0,0.06517334
0.0,0.05437275
0.0,0.03209325
0.0,0.08617993
0.0,0.043334194
0.0,0.064636454
0.0,0.039384082
0.0,0.04599546
0.0,0.058949705
0.0,0.056007598
0.0,0.052432366
0.0,0.046833925
0.0,0.07000058
0.0,0.08522116
0.0,0.09475024
0.0,0.035191808
0.0,0.06372103
0.0,0.06775543
0.0,0.06631976
1.0,0.06417742
0.0,0.030642092
0.0,0.0757458
0.0,0.051672757
0.0,0.04311883
0.0,0.07090007
0.0,0.03938961
0.0,0.04672378
0.0,0.08621977
0.0,0.024365218
0.0,0.03785707
0.0,0.06513645
0.0,0.07280141
0.0,0.07119516
0.0,0.04516968
0.0,0.05826563
0.0,0.06030195
0.0,0.08657725
0.0,0.021235336
0.0,0.045546275
0.0,0.07668496
0.0,0.03430829
0.0,0.055373926
0.0,0.08466145
0.0,0.044849683
0.0,0.03270239
0.0,0.03346662
1.0,0.038819015
0.0,0.077059284
0.0,0.046549577
0.0,0.069489755
0.0,0.036575723
0.0,0.06144585
0.0,0.062431373
0.0,0.051155653
0.0,0.046092696
0.0,0.08146039
0.0,0.05286298
0.0,0.04554838
0.0,0.019765474
0.0,0.055457305
0.0,0.054923944
0.0,0.05537102
0.0,0.057193324
0.0,0.037350647
0.0,0.066370934
0.0,0.049313918
0.0,0.0743151
0.0,0.05024136
0.0,0.058679044
0.0,0.007206288
0.0,0.06895911
0.0,0.06545985
0.0,0.04544078
0.0,0.03908238
0.0,0.056323513
0.0,0.074144356
0.0,0.047507618
0.0,0.0431374
1.0,0.079702884
0.0,0.07783439
0.0,0.053089276
0.0,0.04697334
0.0,0.036424704
0.0,0.034340933
0.0,0.042992156
0.0,0.059768133
0.0,0.033755787
0.0,0.06959129
0.0,0.038916927
0.0,0.053762984
0.0,0.09602721
0.0,0.04309806
0.0,0.08245064
0.0,0.08199129
0.0,0.06404069
0.0,0.0074726017
0.0,0.06440053
0.0,0.022082325
0.0,0.045605768
0.0,0.025419187
0.0,0.07180193
0.0,0.065004036
0.0,0.079324454
0.0,0.052743707
0.0,0.06351118
0.0,0.030223565
0.0,0.03963747
0.0,0.06073708
0.0,0.06890995
0.0,0.051057443
0.0,0.050106496
0.0,0.06852976
0.0,0.040148072
0.0,0.08678143
0.0,0.052017026
0.0,0.07168541
0.0,0.05797415
0.0,0.044597525
0.0,0.052213833
0.0,0.05440308
0.0,0.044142395
0.0,0.05801952
1.0,0.03701205
0.0,0.056923844
0.0,0.0693041
0.0,0.061756242
0.0,0.07806784
0.0,0.05099827
1.0,0.06905519
0.0,0.05980796
0.0,0.041005008
0.0,0.05330897
1.0,0.063335046
0.0,0.026081806
0.0,0.060474966
0.0,0.076719835
0.0,0.077630736
0.0,0.04819193
0.0,0.046524256
0.0,0.042167168
0.0,0.045854747
0.0,0.049655363
0.0,0.075616926
1.0,0.05455354
0.0,0.06108716
0.0,0.0792519
0.0,0.090348065
0.0,0.049817607
0.0,0.05493674
0.0,0.07779788
0.0,0.061451435
0.0,0.00906708
1.0,0.07719122
0.0,0.07531807
0.0,0.05633857
0.0,0.04886882
0.0,0.068934254
0.0,0.07458877
0.0,0.076791644
1.0,0.044729315
0.0,0.04482723
0.0,0.053956874
0.0,0.04802493
0.0,0.069028065
0.0,0.07084623
0.0,0.10277965
0.0,0.043442387
0.0,0.044840015
0.0,0.045237668
0.0,0.040447064
0.0,0.077053316
0.0,0.09692815
0.0,0.05267052
0.0,0.06997646
0.0,0.051741052
0.0,0.06324098
0.0,0.060890976
0.0,0.075856015
0.0,0.050203603
0.0,0.0072016027
0.0,0.096923456
0.0,0.061182518
0.0,0.06948707
0.0,0.045184333
0.0,0.07675963
0.0,0.084717356
0.0,0.037238285
0.0,0.009957476
0.0,0.0646797
0.0,0.016755905
0.0,0.038488373
0.0,0.06278077
1.0,0.040519454
0.0,0.034697883
0.0,0.053690173
0.0,0.061109405
1.0,0.08776076
0.0,0.03716916
0.0,0.04682583
0.0,0.053655893
0.0,0.078934066
0.0,0.044337463
0.0,0.062707484
0.0,0.054785
0.0,0.045760844
0.0,0.035985358
0.0,0.05780327
0.0,0.027218679
0.0,0.048843868
0.0,0.038972396
0.0,0.028780675
0.0,0.08190499
1.0,0.059391886
0.0,0.083863385
0.0,0.043361105
0.0,0.06993776
0.0,0.07591408
0.0,0.044840038
0.0,0.07106682
0.0,0.09664497
0.0,0.040239513
0.0,0.08410758
0.0,0.0767928
0.0,0.058824625
0.0,0.052197825
1.0,0.07349489
0.0,0.07048128
0.0,0.065242216
0.0,0.042957578
0.0,0.061689757
0.0,0.03109487
0.0,0.066097066
0.0,0.034068402
0.0,0.037848625
0.0,0.043657828
0.0,0.05186099
0.0,0.059633594
0.0,0.009191791
0.0,0.07550374
0.0,0.07467989
0.0,0.08395113
0.0,0.030696347
0.0,0.04706928
1.0,0.047043063
0.0,0.035019156
0.0,0.056220584
0.0,0.07021288
0.0,0.08891228
0.0,0.041769233
0.0,0.04146468
1.0,0.039878882
1.0,0.056530815
0.0,0.008857253
0.0,0.03801493
0.0,0.044766836
0.0,0.070217416
0.0,0.07932907
0.0,0.020949047
0.0,0.0699991
0.0,0.045743443
0.0,0.057960965
0.0,0.032265335
0.0,0.03938564
0.0,0.03911675
0.0,0.056894198
0.0,0.078693494
0.0,0.036582716
0.0,0.037014578
0.0,0.047385797
0.0,0.058764122
0.0,0.071995325
0.0,0.057897363
0.0,0.042359203
1.0,0.04693078
0.0,0.05098582
1.0,0.052920833
0.0,0.05080148
0.0,0.030610293
0.0,0.035899192
0.0,0.06881333
0.0,0.022862542
0.0,0.049337167
0.0,0.059832517
0.0,0.05298978
0.0,0.060268603
0.0,0.062204022
0.0,0.089727744
1.0,0.06123952
0.0,0.07941796
0.0,0.06442142
0.0,0.0657897
0.0,0.044221114
0.0,0.030639827
0.0,0.083653145
0.0,0.08070449
0.0,0.104357824
0.0,0.058875516
0.0,0.03261906
0.0,0.06371629
0.0,0.05155455
0.0,0.051685482
0.0,0.009317327
0.0,0.049019188
0.0,0.056487393
0.0,0.051564444
0.0,0.06647154
0.0,0.05112181
0.0,0.06225114
0.0,0.046294615
0.0,0.046680186
0.0,0.067774445
0.0,0.045533832
0.0,0.028150372
0.0,0.069539145
0.0,0.05147874
0.0,0.047971603
0.0,0.03129187
0.0,0.04978785
0.0,0.07414093
0.0,0.0734027
0.0,0.057450637
0.0,0.07256266
0.0,0.040262736
0.0,0.05339165
0.0,0.017227616
0.0,0.070006125
0.0,0.073274046
0.0,0.040946677
0.0,0.056871604
0.0,0.0541733
0.0,0.048959035
0.0,0.09666255
0.0,0.042871438
0.0,0.061932474
0.0,0.06963531
0.0,0.025488436
0.0,0.05959144
0.0,0.07896614
0.0,0.056204353
0.0,0.06874084
0.0,0.062013637
0.0,0.06489256
0.0,0.05906274
0.0,0.055580433
0.0,0.04212626
0.0,0.070428
0.0,0.08065728
0.0,0.045609564
0.0,0.041669447
0.0,0.06542848
0.0,0.043973163
0.0,0.045780256
0.0,0.033382848
0.0,0.06992857
0.0,0.04580027
0.0,0.052497946
0.0,0.05940047
0.0,0.04559219
0.0,0.08921857
0.0,0.08378464
0.0,0.05118243
1.0,0.045397468
0.0,0.051549718
0.0,0.07946409
0.0,0.09889611
0.0,0.07268265
0.0,0.04132582
1.0,0.041050307
0.0,0.05238331
0.0,0.059677955
0.0,0.059470553
0.0,0.09569296
0.0,0.050123867
0.0,0.066722065
0.0,0.072765194
0.0,0.050415225
0.0,0.05370002
0.0,0.026201123
0.0,0.05030565
0.0,0.047270037
0.0,0.055328026
0.0,0.04258144
0.0,0.065312654
0.0,0.049768627
0.0,0.075126596
0.0,0.056216564
0.0,0.03663473
0.0,0.06857321
0.0,0.058330454
0.0,0.044526704
0.0,0.056698542
0.0,0.03585543
0.0,0.009546872
1.0,0.050939355
0.0,0.04672935
0.0,0.050049424
0.0,0.062222116
0.0,0.04106874
0.0,0.046038553
1.0,0.041411053
0.0,0.04535231
0.0,0.06572551
0.0,0.03880367
0.0,0.052417316
0.0,0.048917793
0.0,0.04515446
0.0,0.028590152
0.0,0.05049231
0.0,0.07932907
0.0,0.035666954
0.0,0.045980655
0.0,0.030887783
0.0,0.045586232
0.0,0.07947001
1.0,0.056151997
0.0,0.041238025
0.0,0.04449272
0.0,0.048967183
0.0,0.009043975
0.0,0.034038264
1.0,0.043132845
0.0,0.10590084
0.0,0.08231877
0.0,0.050213717
0.0,0.049460433
0.0,0.039609622
0.0,0.052448943
0.0,0.036364716
0.0,0.034342397
0.0,0.09112852
0.0,0.044542618
0.0,0.054454908
0.0,0.08744109
0.0,0.062187176
0.0,0.04271212
0.0,0.047222577
0.0,0.040045094
0.0,0.09139404
0.0,0.054486725
0.0,0.05034197
0.0,0.053565335
0.0,0.0702346
0.0,0.058770765
0.0,0.030866418
0.0,0.094414495
1.0,0.08971611
0.0,0.043960646
0.0,0.058636095
0.0,0.034887053
0.0,0.03444157
0.0,0.03721384
0.0,0.0791112
1.0,0.050313734
0.0,0.086917676
0.0,0.05839151
0.0,0.049768887
0.0,0.027846374
0.0,0.046316557
0.0,0.06144666
0.0,0.066808656
0.0,0.067543946
0.0,0.050054614
0.0,0.025693074
0.0,0.061729524
0.0,0.07322101
0.0,0.05481109
0.0,0.031536896
0.0,0.058979746
0.0,0.058840334
0.0,0.05274934
0.0,0.07897663
0.0,0.051484633
0.0,0.03441114
0.0,0.09684065
1.0,0.042156905
0.0,0.083234586
0.0,0.044473104
0.0,0.054224066
0.0,0.093134165
0.0,0.052268434
0.0,0.060785554
0.0,0.036196224
0.0,0.044976853
0.0,0.052288253
0.0,0.05181442
0.0,0.056445066
0.0,0.048412174
0.0,0.053159308
0.0,0.09571573
0.0,0.06040525
0.0,0.05339049
0.0,0.027503239
0.0,0.053046197
0.0,0.06525525
0.0,0.07184034
0.0,0.044391796
0.0,0.049925573
0.0,0.057846423
0.0,0.049975827
0.0,0.04041078
0.0,0.029740063
0.0,0.045272693
0.0,0.07736769
0.0,0.08573331
0.0,0.030877216
0.0,0.049514376
0.0,0.027676936
0.0,0.048356123
0.0,0.05727984
0.0,0.04253706
0.0,0.045202777
0.0,0.07365184
0.0,0.09581866
0.0,0.05708951
0.0,0.070461825
0.0,0.06607608
0.0,0.05526605
0.0,0.056195322
0.0,0.057079606
0.0,0.0721425
0.0,0.041195817
1.0,0.05153415
0.0,0.06857507
0.0,0.08512986
0.0,0.052136768
0.0,0.061171256
0.0,0.042979028
1.0,0.039210815
0.0,0.054436553
0.0,0.068762496
0.0,0.07937853
0.0,0.040503234
0.0,0.075815804
0.0,0.037602905
0.0,0.06393236
0.0,0.052128166
1.0,0.049631905
0.0,0.05372885
0.0,0.054721102
0.0,0.039179873
0.0,0.06586861
0.0,0.044018894
0.0,0.07251617
0.0,0.019433271
0.0,0.042654224
0.0,0.039799865
0.0,0.10578012
0.0,0.048287243
0.0,0.067175604
0.0,0.04001976
0.0,0.047374196
0.0,0.05426169
0.0,0.06862662
0.0,0.036867917
0.0,0.0500673
0.0,0.0030115433
0.0,0.08807485
0.0,0.062133614
0.0,0.07869968
0.0,0.05160647
0.0,0.06353986
0.0,0.059973124
0.0,0.07726382
0.0,0.046049014
0.0,0.06329921
0.0,0.070999414
0.0,0.043721057
0.0,0.043264017
0.0,0.07689538
0.0,0.03098512
0.0,0.08488205
1.0,0.041150004
0.0,0.028773712
0.0,0.060690068
0.0,0.04335566
0.0,0.07515917
0.0,0.036889184
0.0,0.037474453
0.0,0.0736868
0.0,0.06885275
0.0,0.069843695
0.0,0.04096759
0.0,0.06885765
0.0,0.050641757
0.0,0.08376914
0.0,0.060220357
0.0,0.056983933
0.0,0.03593027
0.0,0.049644828
0.0,0.031409424
1.0,0.08118549
0.0,0.06455352
1.0,0.06303068
0.0,0.048801847
0.0,0.04776781
0.0,0.06374934
0.0,0.02630357
0.0,0.060629398
0.0,0.06569858
0.0,0.089968845
0.0,0.03031099
0.0,0.07632728
0.0,0.077277474
0.0,0.083407
0.0,0.05817901
1.0,0.05025075
0.0,0.07549373
0.0,0.026221784
0.0,0.056378156
0.0,0.06595081
0.0,0.07434672
0.0,0.060230438
0.0,0.065766014
0.0,0.045907635
0.0,0.05784794
0.0,0.046770245
0.0,0.0633153
0.0,0.083708435
0.0,0.0623553
1.0,0.045064732
0.0,0.094921
0.0,0.0380518
0.0,0.06229096
0.0,0.06017558
1.0,0.07018565
0.0,0.04009196
0.0,0.038277704
0.0,0.11849076
0.0,0.07066529
0.0,0.050440233
0.0,0.05730817
0.0,0.041267883
0.0,0.03411521
0.0,0.059185494
0.0,0.045252737
0.0,0.041498978
0.0,0.056230288
0.0,0.087769285
0.0,0.04727115
0.0,0.061786022
2.0,0.06546381
0.0,0.051960953
0.0,0.07789062
0.0,0.03956429
0.0,0.043830257
0.0,0.05397091
0.0,0.05894334
0.0,0.07768987
0.0,0.08867711
0.0,0.056783132
0.0,0.07262448
0.0,0.040712405
0.0,0.0319091
0.0,0.02768417
0.0,0.055428438
0.0,0.05178705
0.0,0.037475653
0.0,0.08088533
0.0,0.0357461
0.0,0.05475165
0.0,0.03909415
0.0,0.06550664
0.0,0.034332745
0.0,0.025485726
0.0,0.054905903
0.0,0.057320222
0.0,0.057460845
0.0,0.06589552
0.0,0.091104016
0.0,0.035173506
0.0,0.06767697
0.0,0.03670046
0.0,0.048227437
0.0,0.047426872
0.0,0.027390847
0.0,0.07508011
0.0,0.054795947
1.0,0.061402608
0.0,0.045588963
0.0,0.04087943
0.0,0.049612634
0.0,0.061990086
0.0,0.0375266
0.0,0.05237502
0.0,0.043401103
0.0,0.07700925
0.0,0.05582139
0.0,0.035576124
0.0,0.080753565
0.0,0.085329376
0.0,0.028138615
0.0,0.06240868
0.0,0.04027849
0.0,0.007232465
0.0,0.07124029
0.0,0.061436214
0.0,0.053880602
0.0,0.06877882
0.0,0.07801213
0.0,0.034099426
0.0,0.07029612
2.0,0.08712752
0.0,0.04808431
1.0,0.037294872
0.0,0.044137217
0.0,0.09046738
0.0,0.07118062
0.0,0.073971584
0.0,0.07790065
0.0,0.08693217
0.0,0.047252707
0.0,0.03170544
0.0,0.038572513
0.0,0.06071231
0.0,0.046890225
0.0,0.090181366
0.0,0.06588523
1.0,0.03617769
0.0,0.038539134
0.0,0.043548018
0.0,0.02478595
0.0,0.01449493
0.0,0.041995663
0.0,0.0854703
0.0,0.035043493
0.0,0.06101479
0.0,0.06978715
0.0,0.03434708
0.0,0.051813256
0.0,0.04080955
0.0,0.06992814
0.0,0.018883316
1.0,0.05164109
0.0,0.066719964
0.0,0.07266998
0.0,0.03985497
0.0,0.008103944
0.0,0.058269367
0.0,0.050405405
0.0,0.048090983
0.0,0.08554528
0.0,0.07077863
0.0,0.053571515
0.0,0.09974555
0.0,0.06483025
0.0,0.052440166
0.0,0.04460933
0.0,0.025025219
0.0,0.07445159
0.0,0.038401004
0.0,0.07181794
0.0,0.07865444
0.0,0.04956507
0.0,0.06942504
0.0,0.03166483
1.0,0.043369293
0.0,0.04470765
0.0,0.054458857
0.0,0.04859226
1.0,0.04816852
0.0,0.068354756
0.0,0.03306471
0.0,0.075225465
0.0,0.09425395
0.0,0.061512705
0.0,0.0647342
0.0,0.06185096
0.0,0.044045992
0.0,0.07086603
0.0,0.054662123
0.0,0.082988024
0.0,0.04632572
0.0,0.0690177
0.0,0.051016912
0.0,0.049126077
0.0,0.06641673
0.0,0.0466346
0.0,0.10729094
0.0,0.046712905
0.0,0.051576223
0.0,0.041492213
0.0,0.07535122
0.0,0.07167834
0.0,0.07811854
0.0,0.0462778
0.0,0.065936096
0.0,0.06129538
0.0,0.051561482
0.0,0.10209268
0.0,0.06614824
0.0,0.07152301
0.0,0.04413488
0.0,0.028347926
1.0,0.056498088
0.0,0.053069904
0.0,0.070915416
0.0,0.042805947
0.0,0.03247963
0.0,0.09126255
0.0,0.069819584
0.0,0.02427267
0.0,0.07342121
0.0,0.04702892
0.0,0.057647064
0.0,0.0671455
0.0,0.04212459
0.0,0.02631992
0.0,0.058798768
0.0,0.033547375
0.0,0.071765564
0.0,0.054554097
0.0,0.066973165
0.0,0.0523666
0.0,0.009675731
0.0,0.067027554
0.0,0.062153973
0.0,0.07644814
0.0,0.045913763
0.0,0.06060123
0.0,0.04234989
0.0,0.09378061
0.0,0.059422877
0.0,0.06072916
0.0,0.053667318
0.0,0.059709694
0.0,0.08620999
0.0,0.06969083
0.0,0.068237156
0.0,0.06886694
0.0,0.005299846
0.0,0.007890778
0.0,0.09088354
0.0,0.104662664
0.0,0.05913676
0.0,0.089699745
0.0,0.06394217
0.0,0.06025333
0.0,0.050155044
0.0,0.04829492
0.0,0.06923611
0.0,0.05862044
0.0,0.044017185
0.0,0.092734784
0.0,0.07257751
0.0,0.05051209
0.0,0.063442074
0.0,0.060777046
1.0,0.04791311
0.0,0.087436356
0.0,0.049925167
0.0,0.04040213
0.0,0.08755937
0.0,0.071373224
0.0,0.07975611
0.0,0.09319316
1.0,0.007291439
1.0,0.09667147
0.0,0.0811129
0.0,0.058828805
0.0,0.10269548
0.0,0.08082017
0.0,0.05225554
0.0,0.068666555
0.0,0.07587161
0.0,0.056607503
0.0,0.07431126
0.0,0.055699557
0.0,0.045169275
0.0,0.06697803
0.0,0.049658276
0.0,0.06587939
0.0,0.046829067
0.0,0.09262536
1.0,0.044483833
0.0,0.054313734
0.0,0.066843964
0.0,0.07342989
0.0,0.053910453
0.0,0.07268168
0.0,0.069758676
0.0,0.060934152
0.0,0.03825204
0.0,0.06369972
0.0,0.039159123
0.0,0.07178663
0.0,0.06905806
0.0,0.075426206
0.0,0.04445999
0.0,0.049229443
0.0,0.03525178
0.0,0.051137093
0.0,0.04390133
0.0,0.049499515
0.0,0.048968583
0.0,0.06174183
0.0,0.05383575
1.0,0.059419304
0.0,0.064510025
0.0,0.08897115
0.0,0.048752572
0.0,0.04364211
0.0,0.0663653
0.0,0.060262583
0.0,0.076072685
0.0,0.06720008
1.0,0.020573113
0.0,0.08635943
0.0,0.085105985
1.0,0.010615428
0.0,0.05645998
0.0,0.050284162
0.0,0.04884905
1.0,0.04444582
0.0,0.050612196
0.0,0.029711572
0.0,0.059164487
0.0,0.08298751
0.0,0.05259572
0.0,0.05209333
0.0,0.06625244
0.0,0.07663388
0.0,0.0882369
0.0,0.08948588
0.0,0.050942123
0.0,0.041811347
0.0,0.046702184
0.0,0.08127078
0.0,0.023246521
0.0,0.12728447
0.0,0.05572007
0.0,0.05928151
0.0,0.080940366
0.0,0.08346158
0.0,0.054871734
0.0,0.05640112
0.0,0.05153721
0.0,0.07219499
0.0,0.03983704
0.0,0.007052384
0.0,0.065112025
0.0,0.026271462
0.0,0.06635815
1.0,0.08084438
0.0,0.0710171
0.0,0.029970974
0.0,0.10928104
0.0,0.010393377
0.0,0.07876771
0.0,0.032561027
0.0,0.023040086
0.0,0.058180533
0.0,0.06560657
0.0,0.08534895
0.0,0.042088583
0.0,0.016569508
0.0,0.051311187
0.0,0.048172805
0.0,0.0766115
0.0,0.04889165
0.0,0.088090956
0.0,0.041159973
0.0,0.060418155
0.0,0.03214205
0.0,0.045394912
0.0,0.062278572
0.0,0.058848877
0.0,0.06735432
0.0,0.080877945
0.0,0.0508456
0.0,0.065066054
0.0,0.06927425
0.0,0.061377183
0.0,0.04224044
1.0,0.045810174
0.0,0.04804339
0.0,0.069626376
0.0,0.060011186
0.0,0.036462273
0.0,0.061595183
0.0,0.054338846
0.0,0.06321133
0.0,0.056167424
0.0,0.059504353
0.0,0.041509785
0.0,0.076496124
1.0,0.049081076
0.0,0.10887384
0.0,0.030614037
0.0,0.043079752
0.0,0.08136007
0.0,0.058973547
0.0,0.0503888
0.0,0.058275852
0.0,0.0478685
0.0,0.060449854
0.0,0.0656969
0.0,0.07080363
0.0,0.07247631
0.0,0.052059993
0.0,0.08063698
0.0,0.041735604
0.0,0.0547607
0.0,0.06805272
0.0,0.05202441
0.0,0.03838273
0.0,0.03859725
0.0,0.061312653
0.0,0.05888398
0.0,0.059685398
0.0,0.04323363
0.0,0.06257276
0.0,0.07248061
0.0,0.06944307
0.0,0.049835972
0.0,0.054255076
1.0,0.07031359
0.0,0.058279604
1.0,0.08610995
0.0,0.054344326
0.0,0.07794316
0.0,0.0952874
0.0,0.041270897
0.0,0.06333734
0.0,0.044899337
0.0,0.075750545
0.0,0.05475951
0.0,0.044487398
0.0,0.06246097
1.0,0.043902148
0.0,0.07145324
0.0,0.046397235
0.0,0.029724142
0.0,0.08802948
1.0,0.053735368
0.0,0.08333659
1.0,0.040213197
0.0,0.041746035
2.0,0.048072126
0.0,0.052330233
0.0,0.028931666
0.0,0.04437803
0.0,0.06900281
0.0,0.031597294
0.0,0.06602395
0.0,0.09715419
0.0,0.081464715
0.0,0.045265395
0.0,0.02073407
0.0,0.07382414
0.0,0.052649226
0.0,0.04625739
0.0,0.055342525
0.0,0.03483785
0.0,0.073165365
0.0,0.049885426
0.0,0.0672053
0.0,0.07046466
0.0,0.06982228
0.0,0.046373416
0.0,0.07386773
0.0,0.0576328
0.0,0.052681986
0.0,0.075892575
0.0,0.054177366
0.0,0.0544547
0.0,0.066829465
0.0,0.038359303
0.0,0.033090826
0.0,0.053665243
0.0,0.06794198
2.0,0.0264824
0.0,0.03673681
0.0,0.06072114
0.0,0.05497116
0.0,0.0790078
0.0,0.033981957
0.0,0.036186628
0.0,0.060061228
0.0,0.07287376
0.0,0.051337115
0.0,0.07304179
0.0,0.09361291
0.0,0.08286667
0.0,0.07780635
0.0,0.03746964
0.0,0.04638823
0.0,0.06255115
0.0,0.040968962
0.0,0.05686358
0.0,0.072018094
0.0,0.049432
0.0,0.008071911
0.0,0.07240481
0.0,0.043304533
0.0,0.08710854
0.0,0.058521293
0.0,0.05139225
0.0,0.052545507
0.0,0.027066682
0.0,0.058870196
0.0,0.050249502
0.0,0.044079904
0.0,0.07091545
0.0,0.07772434
0.0,0.04301501
0.0,0.062064324
0.0,0.04419843
0.0,0.09603515
0.0,0.035341877
0.0,0.04128059
1.0,0.07102282
0.0,0.048387818
0.0,0.077610195
0.0,0.054068096
0.0,0.057463624
0.0,0.061237972
0.0,0.04577107
0.0,0.06784093
0.0,0.0678397
0.0,0.054468088
0.0,0.05398061
0.0,0.03676062
0.0,0.07297851
0.0,0.053951174
0.0,0.05011039
0.0,0.09008114
0.0,0.07298403
1.0,0.051935278
1.0,0.08155347
0.0,0.06423085
0.0,0.0063170935
0.0,0.059868205
0.0,0.07538849
0.0,0.06124888
0.0,0.052611433
0.0,0.057631575
0.0,0.04152572
0.0,0.085809544
0.0,0.061255362
0.0,0.050881214
0.0,0.06554782
0.0,0.030402858
0.0,0.029191697
0.0,0.048080117
0.0,0.053316154
0.0,0.045213386
0.0,0.075149566
0.0,0.05248372
0.0,0.06276685
0.0,0.060988788
0.0,0.064815275
0.0,0.059485402
0.0,0.062054884
0.0,0.057469364
0.0,0.072840564
0.0,0.04931011
0.0,0.036179677
0.0,0.03617928
0.0,0.037727855
0.0,0.07927294
0.0,0.09819773
0.0,0.07911964
1.0,0.078799605
0.0,0.05453519
0.0,0.04853696
0.0,0.0763745
0.0,0.0825264
0.0,0.057224695
0.0,0.050798647
0.0,0.03756689
0.0,0.029764295
0.0,0.11683602
0.0,0.07236579
0.0,0.0696041
1.0,0.071578056
0.0,0.091372885
0.0,0.06381152
0.0,0.05058105
0.0,0.035306938
1.0,0.042637356
0.0,0.037498496
0.0,0.039509043
0.0,0.06202755
0.0,0.058071442
0.0,0.066774435
0.0,0.07762668
0.0,0.04241265
0.0,0.093454175
0.0,0.07542594
0.0,0.04717806
0.0,0.027426364
0.0,0.045363016
0.0,0.07408689
0.0,0.08476077
0.0,0.054690555
0.0,0.03831029
0.0,0.06262667
0.0,0.059048086
0.0,0.009921355
0.0,0.03471216
0.0,0.07157533
0.0,0.044642918
0.0,0.071399994
0.0,0.0674702
0.0,0.0337559
0.0,0.07446267
0.0,0.056921065
0.0,0.10203721
0.0,0.046539046
0.0,0.04190339
0.0,0.08481525
0.0,0.00577267
0.0,0.06742334
0.0,0.050209362
0.0,0.0863341
0.0,0.042741496
0.0,0.06416246
0.0,0.048613533
0.0,0.0690961
0.0,0.06932063
0.0,0.06987323
0.0,0.09348707
0.0,0.049292855
0.0,0.057753433
0.0,0.06426038
0.0,0.04968843
0.0,0.08685806
0.0,0.071807735
0.0,0.08012059
0.0,0.058517303
0.0,0.056516167
0.0,0.020486806
0.0,0.035046693
0.0,0.0042505385
0.0,0.053938504
0.0,0.07754971
0.0,0.08448727
1.0,0.04937061
0.0,0.049773574
0.0,0.053868324
0.0,0.026713334
0.0,0.038901843
0.0,0.06120484
1.0,0.031404376
0.0,0.07186084
0.0,0.060066067
0.0,0.068164036
0.0,0.07270244
1.0,0.039834175
0.0,0.0900335
0.0,0.050731823
0.0,0.031247996
0.0,0.11156854
1.0,0.07656059
0.0,0.04384786
0.0,0.041854415
0.0,0.056190833
0.0,0.05180881
0.0,0.078446075
0.0,0.032308698
0.0,0.04363665
0.0,0.0578363
0.0,0.06513426
0.0,0.06784782
1.0,0.06198979
0.0,0.05385972
0.0,0.0702179
0.0,0.065170355
0.0,0.080361724
0.0,0.04132233
0.0,0.052386805
0.0,0.066225104
0.0,0.03009291
0.0,0.0634587
0.0,0.08347683
0.0,0.08295064
0.0,0.046672866
0.0,0.026096161
0.0,0.045983396
0.0,0.061203554
0.0,0.037451267
0.0,0.054807287
0.0,0.05522935
0.0,0.031017961
0.0,0.04455702
0.0,0.051082138
0.0,0.02815801
0.0,0.07832568
0.0,0.06432637
0.0,0.036686473
0.0,0.07768478
0.0,0.074709475
0.0,0.038273625
0.0,0.053982608
0.0,0.060667224
0.0,0.056865424
0.0,0.07734837
0.0,0.0802624
0.0,0.052794132
0.0,0.057117328
0.0,0.054600682
0.0,0.07666739
0.0,0.06326792
0.0,0.039992787
0.0,0.06465444
0.0,0.0429582
0.0,0.07709437
0.0,0.052072406
0.0,0.09218282
0.0,0.041709505
0.0,0.04933365
0.0,0.07133022
0.0,0.030777194
0.0,0.06833678
0.0,0.031191485
0.0,0.037753426
0.0,0.06089565
0.0,0.057472423
0.0,0.051613398
0.0,0.0531996
0.0,0.058586266
0.0,0.057941277
0.0,0.067938946
0.0,0.073115766
0.0,0.0797152
0.0,0.052861415
0.0,0.06505019
0.0,0.0615256
0.0,0.117175266
0.0,0.026737444
0.0,0.069527976
0.0,0.08340383
0.0,0.13439259
0.0,0.041079134
0.0,0.039707247
0.0,0.07405853
0.0,0.04748559
0.0,0.009848898
0.0,0.054152004
0.0,0.051317696
0.0,0.079557344
1.0,0.047047637
0.0,0.079467185
0.0,0.078082584
0.0,0.07031956
0.0,0.03649193
0.0,0.04774506
0.0,0.041072894
0.0,0.05393227
0.0,0.07995072
0.0,0.05198841
0.0,0.05987299
0.0,0.04512059
0.0,0.051436733
0.0,0.045211952
1.0,0.03970509
0.0,0.053781148
0.0,0.056693565
0.0,0.057633266
1.0,0.040905304
0.0,0.08063279
0.0,0.066710226
0.0,0.04861737
0.0,0.07697953
0.0,0.047528848
0.0,0.087809384
1.0,0.04328296
0.0,0.058736306
0.0,0.028314125
0.0,0.051618233
0.0,0.06702998
0.0,0.05530297
0.0,0.07291201
1.0,0.07419472
0.0,0.084266685
0.0,0.038493283
0.0,0.097621754
0.0,0.05751744
0.0,0.04484608
0.0,0.057457007
0.0,0.07501205
0.0,0.04905307
0.0,0.04988374
0.0,0.04213644
0.0,0.034319922
0.0,0.03944911
0.0,0.06889962
0.0,0.029357161
0.0,0.06613138
0.0,0.071768165
0.0,0.058572605
1.0,0.075923346
0.0,0.055431675
0.0,0.06276691
0.0,0.0779749
0.0,0.04352373
0.0,0.01053757
0.0,0.07832928
0.0,0.077389926
0.0,0.038308956
0.0,0.072667606
0.0,0.076771066
1.0,0.046305392
0.0,0.049001858
0.0,0.051670775
0.0,0.038858138
0.0,0.078823
0.0,0.051517982
0.0,0.03991485
0.0,0.07099107
0.0,0.040060956
0.0,0.06795824
0.0,0.029388782
0.0,0.0981235
0.0,0.055745672
0.0,0.07531135
0.0,0.048730273
0.0,0.013496981
0.0,0.04780036
0.0,0.06531654
0.0,0.05044557
1.0,0.047296673
0.0,0.070893474
0.0,0.119207144
0.0,0.06535736
0.0,0.06322877
0.0,0.07139729
0.0,0.105607554
0.0,0.06784637
0.0,0.07569922
0.0,0.07912597
0.0,0.054705292
0.0,0.0797568
0.0,0.06218237
0.0,0.042859815
0.0,0.029936124
1.0,0.08657861
0.0,0.07238845
0.0,0.06386741
0.0,0.0474841
0.0,0.05985676
0.0,0.04626154
0.0,0.05593967
1.0,0.042380992
1.0,0.0374993
0.0,0.05174706
0.0,0.0052331705
0.0,0.038551915
0.0,0.07421908
0.0,0.047573075
0.0,0.038956188
0.0,0.06654959
0.0,0.063726045
0.0,0.027750412
0.0,0.080608375
0.0,0.04943683
0.0,0.047066253
0.0,0.066756465
0.0,0.06380483
0.0,0.06365422
0.0,0.05061066
0.0,0.072017744
0.0,0.06861579
0.0,0.06863431
0.0,0.06828554
0.0,0.030618344
0.0,0.06251371
0.0,0.044988412
0.0,0.03500343
0.0,0.05644383
0.0,0.006809256
0.0,0.044212237
0.0,0.03958118
0.0,0.06574738
0.0,0.10015681
0.0,0.10472567
0.0,0.086270295
0.0,0.056424856
0.0,0.065566406
0.0,0.03937009
0.0,0.047563694
0.0,0.081371754
0.0,0.05417654
0.0,0.05074611
0.0,0.0411162
0.0,0.08060238
0.0,0.07007695
0.0,0.07835224
0.0,0.010610454
0.0,0.08384647
0.0,0.020439599
0.0,0.041379876
0.0,0.0872736
1.0,0.062260877
0.0,0.02770711
0.0,0.05432917
0.0,0.026579248
0.0,0.06569064
0.0,0.07466145
0.0,0.09256835
0.0,0.077907115
0.0,0.07549434
0.0,0.047909535
0.0,0.07548891
0.0,0.061426897
1.0,0.052813105
0.0,0.06809435
0.0,0.0952521
0.0,0.030017814
0.0,0.049113955
0.0,0.038037557
0.0,0.040559903
0.0,0.08592538
0.0,0.051469635
1.0,0.047415767
0.0,0.052601174
0.0,0.07526861
0.0,0.057851966
0.0,0.08718849
0.0,0.040660962
0.0,0.04477098
0.0,0.034913264
0.0,0.035105493
0.0,0.061047763
0.0,0.025771663
0.0,0.04618389
0.0,0.07925999
0.0,0.050975803
0.0,0.070671625
0.0,0.062542394
0.0,0.05853974
0.0,0.029294774
0.0,0.03852541
0.0,0.053498212
0.0,0.08098451
0.0,0.060959596
0.0,0.0611193
0.0,0.0468864
0.0,0.034761865
0.0,0.06029499
0.0,0.09423719
0.0,0.0671876
0.0,0.11569097
1.0,0.045788467
0.0,0.05758993
0.0,0.04800224
0.0,0.04335264
0.0,0.060965553
0.0,0.06282623
0.0,0.041295305
0.0,0.06731727
0.0,0.084301144
0.0,0.08131735
0.0,0.048706867
0.0,0.04941676
0.0,0.033563707
0.0,0.056848492
0.0,0.054646824
0.0,0.10014702
0.0,0.068642266
0.0,0.061490756
0.0,0.041289397
0.0,0.06116335
0.0,0.041373197
0.0,0.056580327
0.0,0.070605725
0.0,0.049818035
1.0,0.08777171
0.0,0.05423238
0.0,0.051633853
0.0,0.04627203
0.0,0.07455337
0.0,0.046233974
0.0,0.03647234
0.0,0.005765613
1.0,0.07319366
0.0,0.03011926
0.0,0.039266422
0.0,0.038348988
0.0,0.057416007
0.0,0.039811578
0.0,0.055342894
0.0,0.054648623
0.0,0.07372929
0.0,0.027034543
0.0,0.09070709
0.0,0.05003754
0.0,0.05479464
0.0,0.066108756
0.0,0.042942595
0.0,0.0650984
0.0,0.06262356
0.0,0.04349199
0.0,0.047518685
0.0,0.05987647
0.0,0.03809101
0.0,0.059232783
0.0,0.09209708
0.0,0.045198187
0.0,0.093857795
0.0,0.04558006
0.0,0.07079142
0.0,0.049146086
0.0,0.019698253
0.0,0.039541524
0.0,0.043723673
0.0,0.050808202
0.0,0.053150497
0.0,0.030191956
0.0,0.0341402
0.0,0.067190975
0.0,0.07718666
0.0,0.066939525
0.0,0.050177336
0.0,0.049490817
0.0,0.061007433
0.0,0.05198022
1.0,0.073292136
0.0,0.0898411
0.0,0.08050175
0.0,0.05571324
0.0,0.04793191
1.0,0.057050243
0.0,0.05448156
0.0,0.06286373
0.0,0.081203684
0.0,0.05200205
0.0,0.043944675
0.0,0.0725882
0.0,0.07194968
0.0,0.09227401
0.0,0.04082405
0.0,0.0739987
0.0,0.08212078
0.0,0.042643905
0.0,0.048504464
0.0,0.051235408
0.0,0.042444557
0.0,0.03936325
0.0,0.055974916
0.0,0.04181684
0.0,0.072983965
0.0,0.08757305
0.0,0.061393633
0.0,0.06559322
0.0,0.05505191
0.0,0.03410971
0.0,0.055179838
0.0,0.046614014
0.0,0.029598003
0.0,0.052091356
0.0,0.06188229
0.0,0.038112395
1.0,0.04677874
0.0,0.061684757
0.0,0.09921389
0.0,0.071923986
0.0,0.056839965
0.0,0.05670953
0.0,0.035457674
1.0,0.06684307
0.0,0.09463039
0.0,0.048447497
0.0,0.09286733
0.0,0.049067877
0.0,0.0533938
0.0,0.039729577
0.0,0.053991735
0.0,0.074232265
0.0,0.059830066
0.0,0.047597453
0.0,0.072822936
0.0,0.064711936
0.0,0.054226007
0.0,0.030233238
0.0,0.050190523
0.0,0.035226874
0.0,0.05226385
0.0,0.05356159
0.0,0.037824385
0.0,0.062831275
0.0,0.10092267
0.0,0.042738847
0.0,0.04336153
0.0,0.041751303
1.0,0.039464314
2.0,0.060249854
0.0,0.05808281
0.0,0.06314245
0.0,0.05123851
0.0,0.06560443
0.0,0.048050653
0.0,0.034507856
0.0,0.086583525
0.0,0.050933443
0.0,0.05765208
0.0,0.08291355
0.0,0.031438723
0.0,0.057628457
0.0,0.052959256
0.0,0.04497973
0.0,0.044030998
0.0,0.060860526
0.0,0.036701247
0.0,0.054661706
1.0,0.043205816
0.0,0.091894194
1.0,0.05640016
0.0,0.057526436
0.0,0.07817075
1.0,0.08975248
0.0,0.061967567
0.0,0.04738548
0.0,0.06971626
0.0,0.046288934
0.0,0.05196141
0.0,0.030576129
0.0,0.06014269
0.0,0.047715098
0.0,0.032458033
0.0,0.07142695
0.0,0.083566114
0.0,0.0761357
0.0,0.03753431
0.0,0.0074313683
0.0,0.07027423
0.0,0.07939403
0.0,0.093445286
0.0,0.04343169
0.0,0.06776887
0.0,0.049044777
0.0,0.045287825
0.0,0.05593903
0.0,0.07211063
0.0,0.072200276
0.0,0.05530024
0.0,0.054292914
0.0,0.07298586
0.0,0.064458035
0.0,0.041045308
0.0,0.06711547
0.0,0.061102252
0.0,0.048487756
0.0,0.008910722
0.0,0.07906597
0.0,0.048160482
0.0,0.042983733
0.0,0.07184544
0.0,0.060535885
0.0,0.07257536
0.0,0.046788625
0.0,0.05145875
0.0,0.044832855
0.0,0.076079175
0.0,0.05399983
0.0,0.042605426
0.0,0.02376085
0.0,0.053305082
0.0,0.09142484
0.0,0.08429031
0.0,0.08255151
0.0,0.058633134
0.0,0.06351998
0.0,0.07696632
0.0,0.038767368
0.0,0.0683904
0.0,0.051238094
0.0,0.06468327
0.0,0.05245775
0.0,0.056899652
0.0,0.08223005
0.0,0.0472483
0.0,0.04509591
0.0,0.091251835
0.0,0.06850212
0.0,0.04213967
0.0,0.061366692
0.0,0.05159964
0.0,0.044269502
0.0,0.039372213
0.0,0.034822583
0.0,0.10668342
0.0,0.0047451165
0.0,0.041165657
0.0,0.11153625
0.0,0.064624295
0.0,0.051289707
0.0,0.062772706
0.0,0.042653237
0.0,0.06182644
0.0,0.049289376
0.0,0.03959539
0.0,0.06758883
0.0,0.06873488
0.0,0.06769291
0.0,0.025877861
0.0,0.038842935
0.0,0.049883164
0.0,0.060297593
0.0,0.03225539
0.0,0.049528025
0.0,0.071806006
0.0,0.016421657
0.0,0.039148275
0.0,0.049150117
0.0,0.05332583
0.0,0.05621911
0.0,0.06276707
0.0,0.074999265
0.0,0.07403501
0.0,0.039747614
0.0,0.0632104
0.0,0.061777804
0.0,0.05523088
0.0,0.06473096
0.0,0.063123725
0.0,0.044095397
0.0,0.02176146
0.0,0.05553251
0.0,0.030735454
0.0,0.04741232
0.0,0.03731691
0.0,0.065288424
0.0,0.06738137
0.0,0.05441701
0.0,0.05413352
0.0,0.059789967
0.0,0.046574853
1.0,0.07076004
0.0,0.064765185
0.0,0.06250596
0.0,0.07274565
0.0,0.028319465
0.0,0.047968674
0.0,0.08635311
0.0,0.06546934
0.0,0.016881205
0.0,0.010658231
0.0,0.096283816
0.0,0.076051265
0.0,0.037919268
1.0,0.063960195
0.0,0.039854676
1.0,0.09807302
0.0,0.051185507
0.0,0.066429146
0.0,0.058750045
0.0,0.08366469
0.0,0.064276956
0.0,0.03738691
0.0,0.026900938
0.0,0.03865075
0.0,0.07526197
0.0,0.059592377
0.0,0.091342255
0.0,0.0550519
0.0,0.05320503
0.0,0.006506199
0.0,0.06489641
0.0,0.060634367
0.0,0.06241384
0.0,0.055504516
0.0,0.051328965
0.0,0.10306164
0.0,0.044739805
0.0,0.07232003
0.0,0.05733724
0.0,0.054961853
0.0,0.060980484
0.0,0.04397805
0.0,0.061752237
0.0,0.09240976
0.0,0.05068739
0.0,0.05222003
0.0,0.08569113
0.0,0.092308626
0.0,0.035741813
0.0,0.050583087
0.0,0.069755994
0.0,0.054112885
0.0,0.08682762
0.0,0.04656141
0.0,0.024178276
0.0,0.06660264
0.0,0.063326046
0.0,0.031273812
0.0,0.04748806
0.0,0.08878021
0.0,0.042637892
0.0,0.043657858
0.0,0.048424423
0.0,0.047185294
0.0,0.07708481
0.0,0.041119188
0.0,0.027506322
0.0,0.06678575
0.0,0.041989498
0.0,0.024232622
0.0,0.03557379
0.0,0.051788446
0.0,0.06165097
0.0,0.061414845
0.0,0.042659022
0.0,0.087138094
0.0,0.07697093
0.0,0.057242803
0.0,0.06909561
0.0,0.06835914
0.0,0.042973958
0.0,0.037841715
0.0,0.059882894
1.0,0.04709785
0.0,0.05407979
0.0,0.038251266
0.0,0.0431184
0.0,0.041062605
0.0,0.04335266
0.0,0.060584284
0.0,0.04246237
0.0,0.043890335
0.0,0.045718957
0.0,0.01171213
0.0,0.06296087
0.0,0.05738668
0.0,0.055278674
0.0,0.07252457
0.0,0.026755912
0.0,0.048958767
0.0,0.06338644
0.0,0.050429773
0.0,0.083314344
0.0,0.052787613
0.0,0.04530997
1.0,0.04685709
0.0,0.05603968
0.0,0.049802847
0.0,0.10043074
0.0,0.08812379
0.0,0.08122203
0.0,0.051061764
0.0,0.07309691
0.0,0.03302827
0.0,0.07017019
0.0,0.0401688
0.0,0.05301876
0.0,0.03815133
0.0,0.043459814
0.0,0.08560631
0.0,0.04446655
0.0,0.06043219
0.0,0.06782681
0.0,0.08559712
0.0,0.08269979
0.0,0.029924305
0.0,0.08816843
0.0,0.08800258
0.0,0.040712494
0.0,0.005540698
0.0,0.0864076
0.0,0.035388373
0.0,0.05161256
0.0,0.06187968
0.0,0.06475723
1.0,0.07393151
0.0,0.07504341
0.0,0.05142306
0.0,0.075148165
0.0,0.100491434
0.0,0.0495252
0.0,0.06549507
1.0,0.051019866
1.0,0.05450281
0.0,0.053876467
0.0,0.0704119
0.0,0.0625715
0.0,0.058061212
0.0,0.07357385
0.0,0.07075066
0.0,0.066247985
0.0,0.051534407
0.0,0.036904886
0.0,0.03600633
0.0,0.054553173
0.0,0.049295545
0.0,0.08196856
0.0,0.06762687
0.0,0.04296613
0.0,0.063790806
0.0,0.08239545
0.0,0.038476188
1.0,0.051117018
0.0,0.056418642
0.0,0.065158024
0.0,0.027512958
0.0,0.03219782
0.0,0.07130249
1.0,0.049456388
0.0,0.06298449
0.0,0.03565527
0.0,0.0961753
0.0,0.04535096
0.0,0.030669589
0.0,0.06625762
0.0,0.059204813
0.0,0.058786012
0.0,0.039092194
0.0,0.070086256
0.0,0.07449857
0.0,0.06490495
0.0,0.040242918
0.0,0.119469166
0.0,0.06158806
0.0,0.067575596
0.0,0.044917356
0.0,0.047373585
0.0,0.053740326
0.0,0.043606937
0.0,0.08518209
0.0,0.07126821
0.0,0.06383841
0.0,0.053159434
0.0,0.08129508
0.0,0.050473027
1.0,0.061804526
0.0,0.059315216
0.0,0.066611245
0.0,0.05585342
0.0,0.049076416
0.0,0.08826503
0.0,0.023183674
0.0,0.06735352
0.0,0.02597248
0.0,0.036850233
0.0,0.077091664
0.0,0.052578427
0.0,0.047647502
0.0,0.051869545
1.0,0.09244908
0.0,0.05352124
0.0,0.03253855
0.0,0.10686666
0.0,0.060147464
1.0,0.073535375
0.0,0.0733434
0.0,0.04089022
0.0,0.08027028
0.0,0.038418896
0.0,0.043495595
0.0,0.059970792
0.0,0.114725046
0.0,0.09526262
0.0,0.0787904
0.0,0.05780068
0.0,0.04364204
0.0,0.06018888
0.0,0.05975411
0.0,0.017029652
0.0,0.038692396
0.0,0.049504757
0.0,0.054247357
0.0,0.03873828
0.0,0.05555423
0.0,0.048245214
0.0,0.09293771
0.0,0.045595273
0.0,0.0833829
0.0,0.061784342
0.0,0.034934
0.0,0.04097481
0.0,0.055072248
0.0,0.060966413
0.0,0.07282758
0.0,0.034356304
0.0,0.055969566
0.0,0.045997497
0.0,0.0707621
0.0,0.065592766
0.0,0.060493626
0.0,0.04110325
0.0,0.057687253
0.0,0.08668068
0.0,0.08422214
1.0,0.034244757
0.0,0.11189847
0.0,0.038511347
0.0,0.038450547
0.0,0.09495699
0.0,0.054469895
0.0,0.060195323
0.0,0.043927014
0.0,0.049482584
0.0,0.07580688
0.0,0.012006804
0.0,0.07783363
0.0,0.098063625
0.0,0.08860502
0.0,0.07451083
0.0,0.03292658
0.0,0.05418858
0.0,0.08620763
0.0,0.037411697
0.0,0.03856622
0.0,0.068403825
0.0,0.06418907
0.0,0.051909428
0.0,0.032294873
0.0,0.07185649
0.0,0.042420268
0.0,0.056919314
0.0,0.041896835
0.0,0.06655121
0.0,0.041218344
0.0,0.05048369
0.0,0.05342137
0.0,0.08764202
0.0,0.044510104
0.0,0.060594354
0.0,0.051969785
0.0,0.10059331
0.0,0.058340803
0.0,0.06347265
0.0,0.057562545
0.0,0.07775614
0.0,0.07193284
0.0,0.05520405
0.0,0.07648856
0.0,0.067516275
0.0,0.06258177
0.0,0.06419019
0.0,0.056201927
0.0,0.08928337
0.0,0.06308746
0.0,0.07057427
0.0,0.039124817
0.0,0.042619877
0.0,0.04100621
0.0,0.052805312
0.0,0.058710825
0.0,0.08296411
0.0,0.05778514
0.0,0.025303178
0.0,0.07015373
0.0,0.048598956
0.0,0.054942295
0.0,0.06593946
0.0,0.03907528
0.0,0.02974809
0.0,0.081404746
0.0,0.0402819
0.0,0.04709327
0.0,0.047746234
0.0,0.0226016
0.0,0.07425085
0.0,0.052967742
0.0,0.024504371
0.0,0.047880374
0.0,0.058550823
0.0,0.064258434
0.0,0.06418783
0.0,0.04503776
0.0,0.034514364
0.0,0.041141547
0.0,0.066888504
0.0,0.066472955
0.0,0.042499036
0.0,0.04666581
0.0,0.027164709
0.0,0.062330477
0.0,0.03497368
0.0,0.08582567
0.0,0.046187118
0.0,0.08055831
0.0,0.06766674
0.0,0.06322786
0.0,0.039589256
0.0,0.09916591
0.0,0.0775147
0.0,0.034629595
0.0,0.049398962
0.0,0.069341764
0.0,0.036770247
0.0,0.069206595
0.0,0.094985545
0.0,0.04247462
0.0,0.044870753
0.0,0.0617544
0.0,0.036933336
0.0,0.048758026
0.0,0.036093794
0.0,0.06428338
0.0,0.09659146
0.0,0.03929789
0.0,0.04520282
0.0,0.03990115
0.0,0.050524026
0.0,0.05554896
0.0,0.017533924
0.0,0.046190605
0.0,0.04213473
0.0,0.09794091
0.0,0.03353451
0.0,0.03951294
0.0,0.03746361
0.0,0.08276628
0.0,0.099769905
0.0,0.06519889
0.0,0.081744164
0.0,0.070110105
0.0,0.046604723
0.0,0.053925633
0.0,0.026776679
0.0,0.07030288
1.0,0.07426402
1.0,0.08190644
0.0,0.073510006
0.0,0.044924125
0.0,0.04120237
0.0,0.063031055
0.0,0.04505909
0.0,0.06384485
0.0,0.054239623
0.0,0.05112828
1.0,0.049105104
0.0,0.06227942
0.0,0.03684173
0.0,0.02247091
0.0,0.06545702
0.0,0.071565256
0.0,0.054793764
0.0,0.045298755
0.0,0.07023148
0.0,0.07113875
1.0,0.042824373
0.0,0.06946902
0.0,0.07939715
0.0,0.055915054
1.0,0.03626744
0.0,0.070875406
0.0,0.03492627
0.0,0.050636057
0.0,0.04792487
0.0,0.045020357
0.0,0.0717601
2.0,0.055458523
0.0,0.04859591
0.0,0.07670656
0.0,0.05753018
0.0,0.047205772
0.0,0.041352667
0.0,0.058020182
0.0,0.040944725
0.0,0.04655362
0.0,0.052594926
0.0,0.050595753
1.0,0.036081344
0.0,0.089299485
0.0,0.038590863
0.0,0.0728526
0.0,0.014137047
0.0,0.080074854
0.0,0.039610803
0.0,0.028697308
0.0,0.077909954
0.0,0.10123487
0.0,0.048496775
0.0,0.04507985
0.0,0.0452072
0.0,0.07047742
0.0,0.003501356
0.0,0.03958329
0.0,0.08943984
0.0,0.06337029
1.0,0.045638725
1.0,0.03543075
0.0,0.054890066
0.0,0.013273912
0.0,0.029073419
0.0,0.058524445
1.0,0.03007138
0.0,0.05264452
0.0,0.07252281
0.0,0.05219163
0.0,0.060253847
0.0,0.07212825
0.0,0.10721829
0.0,0.039392974
0.0,0.09923672
0.0,0.028208649
0.0,0.035660595
0.0,0.009328601
0.0,0.027492166
0.0,0.07024409
0.0,0.036350388
0.0,0.07451822
0.0,0.08818865
0.0,0.06872299
0.0,0.05034
0.0,0.048291445
0.0,0.07083424
0.0,0.039934058
0.0,0.04071126
0.0,0.07248922
0.0,0.051391587
0.0,0.05054791
0.0,0.06719607
0.0,0.09174888
0.0,0.046536982
0.0,0.08243179
0.0,0.05008638
0.0,0.048145972
0.0,0.056714345
0.0,0.05068454
0.0,0.076003216
0.0,0.08316831
0.0,0.07142123
0.0,0.06161171
0.0,0.043768313
0.0,0.05643551
0.0,0.042448007
1.0,0.029054398
0.0,0.06272797
0.0,0.040154085
0.0,0.10193114
0.0,0.03926761
0.0,0.08794911
0.0,0.036797732
0.0,0.04282819
0.0,0.084848806
0.0,0.08079998
1.0,0.03461873
0.0,0.014154822
0.0,0.052746814
0.0,0.05099827
0.0,0.043938935
0.0,0.06996274
0.0,0.052625082
0.0,0.07272218
0.0,0.08611055
0.0,0.04170294
0.0,0.055231247
0.0,0.057344556
0.0,0.08031123
0.0,0.051708914
0.0,0.0895011
0.0,0.036677822
0.0,0.06123914
0.0,0.044030182
0.0,0.055400006
0.0,0.080712184
0.0,0.07575085
0.0,0.05803013
0.0,0.06496056
0.0,0.044788152
0.0,0.036713693
0.0,0.061728172
0.0,0.0672295
0.0,0.052180406
0.0,0.0685735
0.0,0.050569728
0.0,0.111005984
0.0,0.047451608
1.0,0.041067056
0.0,0.07101409
0.0,0.072728164
0.0,0.0336819
0.0,0.061947018
0.0,0.03186328
0.0,0.047164813
0.0,0.05254577
0.0,0.064377494
0.0,0.03492509
0.0,0.035852775
0.0,0.04258469
0.0,0.05576173
0.0,0.02897591
0.0,0.023635227
0.0,0.060895056
0.0,0.048200354
0.0,0.061659113
0.0,0.047086768
0.0,0.045912102
0.0,0.084685266
0.0,0.064402655
0.0,0.031711865
0.0,0.024229154
0.0,0.05529151
0.0,0.062464114
0.0,0.049432244
0.0,0.09386586
0.0,0.05346775
1.0,0.06610143
0.0,0.032606844
1.0,0.026755344
1.0,0.041220568
0.0,0.06103199
1.0,0.043457285
0.0,0.09416141
0.0,0.04571577
0.0,0.040411428
0.0,0.0666876
0.0,0.082855724
0.0,0.059633907
0.0,0.044384867
0.0,0.059824944
1.0,0.062778346
0.0,0.07996908
0.0,0.035757113
0.0,0.06770014
0.0,0.055445816
0.0,0.038325626
0.0,0.03564542
0.0,0.06978753
0.0,0.07148639
0.0,0.036499776
0.0,0.038746677
0.0,0.04630424
0.0,0.022588676
0.0,0.073491454
0.0,0.052472785
0.0,0.07281346
0.0,0.07175312
0.0,0.056395456
0.0,0.045434758
0.0,0.041426715
0.0,0.062955946
1.0,0.0431018
0.0,0.04993605
0.0,0.04086254
0.0,0.069058456
0.0,0.053890236
0.0,0.08251412
0.0,0.078836545
0.0,0.069409184
0.0,0.06228974
0.0,0.040751163
0.0,0.07190494
0.0,0.074652106
0.0,0.07978721
0.0,0.06753303
1.0,0.07250963
0.0,0.07733749
0.0,0.07363606
0.0,0.07158625
0.0,0.046357144
0.0,0.0683792
0.0,0.08976267
0.0,0.054152288
0.0,0.049327478
0.0,0.07291133
0.0,0.075791985
0.0,0.06834444
0.0,0.045301337
0.0,0.102865376
0.0,0.08304158
0.0,0.086915605
0.0,0.06207445
0.0,0.04657259
0.0,0.057879064
0.0,0.06728909
0.0,0.036787625
0.0,0.06418968
0.0,0.063864045
0.0,0.041642245
0.0,0.054390628
0.0,0.03644986
0.0,0.07784152
0.0,0.03379551
0.0,0.05995544
0.0,0.08204073
0.0,0.047742467
0.0,0.047265675
0.0,0.043264955
1.0,0.07868816
0.0,0.03773836
0.0,0.078908116
0.0,0.07094305
0.0,0.084857546
0.0,0.020699209
0.0,0.043553166
0.0,0.05386547
0.0,0.04668043
0.0,0.052825645
0.0,0.06153437
0.0,0.07297667
0.0,0.04516588
0.0,0.064701565
0.0,0.056683227
0.0,0.03225109
0.0,0.07254939
0.0,0.04587301
1.0,0.021676738
0.0,0.07790409
0.0,0.07958296
0.0,0.045209106
0.0,0.054179717
0.0,0.068224125
0.0,0.06821868
0.0,0.05322462
0.0,0.0401239
0.0,0.060077954
0.0,0.06752413
0.0,0.04230935
0.0,0.04600165
0.0,0.051193453
0.0,0.091469765
0.0,0.07430497
1.0,0.06559049
0.0,0.05212593
0.0,0.04348606
0.0,0.05905103
0.0,0.03585343
0.0,0.030935694
0.0,0.087863855
0.0,0.05617452
0.0,0.079767525
0.0,0.06940644
0.0,0.034855187
0.0,0.06235949
0.0,0.051631834
0.0,0.020976786
0.0,0.07792545
0.0,0.0808787
0.0,0.037878804
0.0,0.055874143
0.0,0.07713507
0.0,0.047408815
0.0,0.04067012
0.0,0.068020634
0.0,0.027850782
0.0,0.04581844
0.0,0.054334104
0.0,0.0543478
0.0,0.04299116
0.0,0.05728216
0.0,0.042895157
0.0,0.069736525
1.0,0.042660944
0.0,0.06319214
0.0,0.0627023
0.0,0.041632786
0.0,0.07026119
0.0,0.07762015
0.0,0.04865782
0.0,0.07160677
0.0,0.042827018
0.0,0.08352253
0.0,0.049171217
0.0,0.06505886
0.0,0.041041836
0.0,0.036476426
0.0,0.047022484
0.0,0.07178272
0.0,0.035053246
0.0,0.06580198
1.0,0.038637586
0.0,0.06380725
0.0,0.057405017
0.0,0.056045532
0.0,0.045316644
0.0,0.031101974
0.0,0.06258301
0.0,0.07360133
0.0,0.09999427
0.0,0.037361853
0.0,0.075206704
0.0,0.07041782
1.0,0.062525846
1.0,0.069421895
0.0,0.070802025
0.0,0.06599411
0.0,0.0547575
0.0,0.04894509
0.0,0.085903496
0.0,0.050216615
0.0,0.080688015
0.0,0.0414304
0.0,0.07060813
0.0,0.066192046
0.0,0.061822772
0.0,0.057739638
0.0,0.048325744
0.0,0.06927161
0.0,0.083246
0.0,0.09786467
0.0,0.035444904
0.0,0.0460653
0.0,0.078733765
0.0,0.04387078
0.0,0.05055714
0.0,0.07731921
0.0,0.043835334
0.0,0.047147464
0.0,0.04888264
0.0,0.08496932
0.0,0.03551592
0.0,0.09068689
0.0,0.04881814
0.0,0.042873666
0.0,0.086601034
0.0,0.010085714
0.0,0.07212487
0.0,0.04556815
0.0,0.054992996
0.0,0.044750243
0.0,0.0390405
0.0,0.042181868
0.0,0.09031856
0.0,0.07333786
0.0,0.06469302
0.0,0.042502653
0.0,0.022748398
0.0,0.057190187
0.0,0.049360793
0.0,0.052853752
0.0,0.06439622
0.0,0.04382723
0.0,0.08103257
0.0,0.03825237
0.0,0.069232345
0.0,0.0481552
0.0,0.047776602
0.0,0.06783094
0.0,0.04742054
0.0,0.045469806
0.0,0.034829427
1.0,0.052459635
0.0,0.05902071
0.0,0.041263998
0.0,0.07076247
0.0,0.08903986
0.0,0.06863421
0.0,0.047258507
0.0,0.06579873
0.0,0.068395376
0.0,0.056091383
0.0,0.030218435
0.0,0.041282292
0.0,0.08118658
0.0,0.045154274
0.0,0.086850375
0.0,0.05357141
0.0,0.0145077985
0.0,0.070421115
0.0,0.07477061
0.0,0.053808775
1.0,0.040255785
0.0,0.05842432
0.0,0.0657855
0.0,0.04997366
0.0,0.08940643
0.0,0.056833137
0.0,0.057026662
0.0,0.07320246
0.0,0.105782636
0.0,0.04298312
0.0,0.04348842
0.0,0.060212344
0.0,0.03544376
0.0,0.06063755
0.0,0.064298436
0.0,0.09602309
2.0,0.05346297
0.0,0.05250801
0.0,0.06976298
0.0,0.060455073
0.0,0.0645281
0.0,0.05249303
0.0,0.09372148
0.0,0.053702667
1.0,0.066154875
0.0,0.06762406
0.0,0.075240545
0.0,0.060657892
0.0,0.06779444
0.0,0.039362893
0.0,0.04014392
1.0,0.029498847
0.0,0.045606516
0.0,0.050753936
0.0,0.06554454
0.0,0.07544621
0.0,0.073513776
0.0,0.09563288
0.0,0.05105473
0.0,0.08628186
0.0,0.03860382
0.0,0.0696655
0.0,0.052745163
0.0,0.100949615
0.0,0.023104347
0.0,0.03776974
0.0,0.05328879
0.0,0.06848899
0.0,0.057848077
0.0,0.041673392
1.0,0.052670546
0.0,0.03269737
0.0,0.038224615
0.0,0.050089773
0.0,0.060084686
0.0,0.07352184
0.0,0.03473007
0.0,0.07595099
0.0,0.04806486
0.0,0.058691483
0.0,0.037671227
0.0,0.09122278
0.0,0.060278475
0.0,0.03904278
0.0,0.043256983
0.0,0.0483336
0.0,0.05405098
0.0,0.005391175
0.0,0.051854037
0.0,0.046897896
0.0,0.03903608
0.0,0.050464243
0.0,0.041173283
0.0,0.06458651
0.0,0.06498911
0.0,0.06062279
0.0,0.0442307
0.0,0.07704709
0.0,0.053080317
0.0,0.057479315
0.0,0.04361038
1.0,0.048667297
0.0,0.02057568
0.0,0.0831071
0.0,0.029755985
0.0,0.017104695
0.0,0.044050843
0.0,0.040007073
0.0,0.08050144
0.0,0.08512861
0.0,0.07738686
0.0,0.05683166
1.0,0.054502994
0.0,0.058433667
0.0,0.059352577
0.0,0.070457034
0.0,0.051992193
0.0,0.052108895
0.0,0.040349502
1.0,0.04841312
0.0,0.06384313
0.0,0.083008565
0.0,0.029874021
0.0,0.06385691
0.0,0.072479665
0.0,0.048991684
0.0,0.095067605
0.0,0.0640683
0.0,0.061905384
0.0,0.053860925
0.0,0.06759236
1.0,0.077043355
0.0,0.066620186
0.0,0.050991338
0.0,0.059475362
0.0,0.048828185
0.0,0.042881813
0.0,0.06680646
0.0,0.029629238
0.0,0.038276326
1.0,0.039628804
0.0,0.053705
0.0,0.06319615
0.0,0.021994723
0.0,0.08996263
0.0,0.095641956
0.0,0.042446043
0.0,0.03848175
0.0,0.07325487
0.0,0.07033571
0.0,0.038976755
0.0,0.043137595
0.0,0.04052633
0.0,0.049925357
0.0,0.07030365
1.0,0.07466433
0.0,0.059612866
0.0,0.072632186
0.0,0.049973994
1.0,0.06632988
0.0,0.072611324
0.0,0.066224016
0.0,0.030884078
0.0,0.042477082
0.0,0.07428265
0.0,0.06300862
0.0,0.053157393
0.0,0.053618792
0.0,0.047614627
0.0,0.035117514
0.0,0.056598205
0.0,0.07440485
0.0,0.041759014
0.0,0.07231527
0.0,0.04293674
0.0,0.063267104
0.0,0.08983463
0.0,0.080304146
0.0,0.09751821
0.0,0.04903797
0.0,0.03944397
0.0,0.05753395
0.0,0.056557547
0.0,0.045359515
0.0,0.09146896
0.0,0.05274088
0.0,0.037560478
0.0,0.067634046
0.0,0.036552254
0.0,0.057703827
0.0,0.067304075
0.0,0.08234521
0.0,0.06711282
0.0,0.044643953
0.0,0.036494844
0.0,0.047885463
0.0,0.07173554
0.0,0.060068786
0.0,0.044064574
1.0,0.055662204
0.0,0.0849818
0.0,0.042055644
0.0,0.04358086
0.0,0.038380884
0.0,0.039922025
0.0,0.045129523
0.0,0.047291014
0.0,0.04400323
0.0,0.07515273
0.0,0.054845612
0.0,0.052381746
0.0,0.057488702
0.0,0.06888415
0.0,0.02486467
0.0,0.044502757
0.0,0.04324771
0.0,0.07457079
0.0,0.07211252
1.0,0.031962626
0.0,0.079630025
0.0,0.05134478
0.0,0.07692516
0.0,0.08183607
0.0,0.0832921
0.0,0.034396175
0.0,0.08184771
0.0,0.045591056
0.0,0.06581832
0.0,0.059969794
0.0,0.08223864
0.0,0.06096711
0.0,0.06438233
0.0,0.045638867
0.0,0.07040718
0.0,0.054099403
0.0,0.09604924
0.0,0.075370714
0.0,0.061023884
0.0,0.040073976
0.0,0.049646582
0.0,0.034610488
0.0,0.07306931
0.0,0.04778295
0.0,0.027545074
0.0,0.08118708
0.0,0.007575602
0.0,0.053173225
0.0,0.09249736
0.0,0.06597607
0.0,0.0534223
0.0,0.06682727
0.0,0.06407206
0.0,0.03195258
0.0,0.072071426
0.0,0.065257534
1.0,0.04730353
0.0,0.050072208
0.0,0.06466479
0.0,0.043097947
0.0,0.08329287
0.0,0.038494192
1.0,0.10517997
0.0,0.07319024
0.0,0.042938724
0.0,0.060272068
2.0,0.042164735
0.0,0.03438318
0.0,0.05583487
0.0,0.050042216
0.0,0.065641165
0.0,0.06598823
0.0,0.03245017
0.0,0.020467013
0.0,0.054774355
0.0,0.08045052
0.0,0.055007264
0.0,0.063107125
0.0,0.0816349
0.0,0.036657043
0.0,0.08305358
0.0,0.04106607
0.0,0.0520997
0.0,0.048228804
0.0,0.07295557
0.0,0.024333462
0.0,0.049828015
0.0,0.047324345
0.0,0.052986056
0.0,0.09371885
0.0,0.04788211
0.0,0.08329658
0.0,0.058834486
0.0,0.06928624
0.0,0.068352
0.0,0.087145716
1.0,0.045982037
0.0,0.056640755
1.0,0.08498082
0.0,0.0635826
0.0,0.042561833
1.0,0.044357214
0.0,0.07941578
0.0,0.043697357
0.0,0.03852335
0.0,0.03767987
0.0,0.05983697
0.0,0.05050683
0.0,0.04697006
0.0,0.057539713
0.0,0.050681796
0.0,0.0594877
0.0,0.063178934
0.0,0.04482918
0.0,0.069723904
0.0,0.063005395
0.0,0.0512357
0.0,0.07346542
0.0,0.0067879185
0.0,0.044682033
0.0,0.0708076
0.0,0.078292966
0.0,0.048226826
0.0,0.049473993
0.0,0.03739422
0.0,0.06196129
0.0,0.038772598
2.0,0.048178226
0.0,0.046964303
0.0,0.08380025
1.0,0.08423272
0.0,0.029068269
0.0,0.037919212
0.0,0.055666026
0.0,0.0925158
0.0,0.048963144
0.0,0.08668374
0.0,0.07113152
0.0,0.042508226
0.0,0.025156759
0.0,0.06258598
0.0,0.07544723
1.0,0.0060012126
0.0,0.09295867
0.0,0.035719316
0.0,0.06584894
0.0,0.05708551
0.0,0.06533145
0.0,0.036515426
0.0,0.04774176
0.0,0.1022876
0.0,0.080437705
0.0,0.038368303
0.0,0.07517677
0.0,0.082428634
0.0,0.051530562
0.0,0.04062237
0.0,0.047054783
0.0,0.052949607
0.0,0.068896435
0.0,0.0400645
0.0,0.07195586
0.0,0.06486807
0.0,0.06941001
0.0,0.04448691
0.0,0.04397332
0.0,0.09413935
0.0,0.08166819
0.0,0.014129648
1.0,0.06743862
0.0,0.08411564
0.0,0.09227577
0.0,0.05259988
0.0,0.08780974
0.0,0.06810508
0.0,0.07290716
0.0,0.048533835
1.0,0.084105626
0.0,0.038898457
0.0,0.07186787
0.0,0.06333468
0.0,0.055141278
0.0,0.046971794
0.0,0.062062252
0.0,0.05419592
0.0,0.058228523
0.0,0.03186895
0.0,0.034780815
0.0,0.03834121
0.0,0.05051422
0.0,0.047614764
0.0,0.03959995
0.0,0.070018075
0.0,0.06469532
0.0,0.05647887
0.0,0.075558305
0.0,0.02987598
0.0,0.065339394
0.0,0.052456096
0.0,0.08583191
0.0,0.025746323
0.0,0.031849913
0.0,0.06895175
0.0,0.09701224
0.0,0.04660397
0.0,0.039030664
0.0,0.06950053
0.0,0.09848652
0.0,0.07034547
0.0,0.03555457
0.0,0.058570538
0.0,0.084763095
0.0,0.048412558
0.0,0.06135895
0.0,0.053515166
0.0,0.11737944
0.0,0.045953717
0.0,0.04189338
0.0,0.0063339635
0.0,0.07168712
0.0,0.066278525
0.0,0.03682696
0.0,0.030968783
0.0,0.03982447
0.0,0.053236246
0.0,0.045430362
0.0,0.04513018
0.0,0.04719865
0.0,0.04572382
0.0,0.048894458
0.0,0.03857127
0.0,0.068513475
0.0,0.04948761
0.0,0.0734381
0.0,0.06206844
0.0,0.05699196
0.0,0.052961677
0.0,0.070744775
0.0,0.059645794
0.0,0.05492355
0.0,0.0072442344
0.0,0.030832056
0.0,0.055655487
0.0,0.048416607
0.0,0.06509396
0.0,0.033422332
0.0,0.04317784
0.0,0.06836464
0.0,0.036149733
0.0,0.042907912
0.0,0.088638395
0.0,0.06111289
1.0,0.0703631
0.0,0.050560795
0.0,0.07194872
0.0,0.02827423
0.0,0.07467729
0.0,0.053521637
0.0,0.06290875
0.0,0.0721194
0.0,0.044748534
0.0,0.05235462
0.0,0.0734381
0.0,0.07771286
0.0,0.050907157
0.0,0.053555936
0.0,0.06683154
0.0,0.03926907
0.0,0.057666652
1.0,0.07100852
0.0,0.06660159
0.0,0.046671506
0.0,0.026555913
0.0,0.057934728
0.0,0.041385215
0.0,0.086255096
0.0,0.0744796
0.0,0.047481813
1.0,0.03704477
0.0,0.086666465
0.0,0.09525991
0.0,0.048518483
0.0,0.077151
0.0,0.041098393
0.0,0.058614098
0.0,0.054682184
0.0,0.03316714
0.0,0.08760816
0.0,0.09471668
1.0,0.05509473
0.0,0.067080535
0.0,0.072861426
0.0,0.06788275
0.0,0.035924785
0.0,0.08162075
0.0,0.04319705
0.0,0.081125125
0.0,0.078454636
0.0,0.057268314
0.0,0.0842701
0.0,0.07150635
0.0,0.10297818
0.0,0.039608404
0.0,0.051483244
0.0,0.078913875
0.0,0.07403685
0.0,0.049757853
0.0,0.08439003
0.0,0.06406051
0.0,0.037179716
0.0,0.0656584
0.0,0.06647522
0.0,0.05474844
0.0,0.06076334
0.0,0.080183886
0.0,0.04781186
0.0,0.08488525
0.0,0.04864382
1.0,0.050187435
0.0,0.045666132
0.0,0.052558236
0.0,0.06868869
0.0,0.051999297
0.0,0.06858645
0.0,0.038169738
0.0,0.03459782
0.0,0.04892521
0.0,0.047245968
0.0,0.048997197
0.0,0.0458406
0.0,0.08122053
1.0,0.0661489
0.0,0.06792244
0.0,0.055726297
0.0,0.07345584
0.0,0.03955995
0.0,0.081689864
0.0,0.057909567
0.0,0.037480667
1.0,0.052635774
0.0,0.048567995
0.0,0.08774574
0.0,0.044999313
0.0,0.043509576
0.0,0.07570615
1.0,0.0786655
0.0,0.062425435
0.0,0.09726405
0.0,0.03443799
0.0,0.047534447
0.0,0.05073382
0.0,0.07343477
0.0,0.08366655
0.0,0.032305237
0.0,0.045063943
0.0,0.072647065
0.0,0.043817677
0.0,0.04684574
0.0,0.06083334
0.0,0.042878512
0.0,0.061826825
0.0,0.04741301
0.0,0.03524579
0.0,0.08025402
0.0,0.05662987
0.0,0.047735307
0.0,0.07966489
0.0,0.07910059
0.0,0.05676283
1.0,0.08443928
0.0,0.063122824
0.0,0.045468263
0.0,0.03863603
0.0,0.09670312
0.0,0.054286674
0.0,0.035633925
0.0,0.031687785
0.0,0.054749377
0.0,0.08702727
0.0,0.045711264
0.0,0.056946147
0.0,0.04964418
0.0,0.047090136
0.0,0.05634002
0.0,0.08808241
0.0,0.04658333
0.0,0.05580852
0.0,0.05402655
0.0,0.076202765
0.0,0.106352255
0.0,0.04253284
0.0,0.053814538
1.0,0.03979812
0.0,0.053311843
0.0,0.027044078
0.0,0.0893905
0.0,0.03959856
0.0,0.09008333
0.0,0.062997945
0.0,0.06877378
0.0,0.04593089
0.0,0.041172534
0.0,0.048690163
0.0,0.035794005
0.0,0.0796085
0.0,0.057233043
0.0,0.0599788
0.0,0.04868375
0.0,0.10500356
1.0,0.06010214
0.0,0.054618157
0.0,0.06699279
0.0,0.037857983
0.0,0.05972403
0.0,0.073272094
0.0,0.061166443
0.0,0.06922277
0.0,0.036818795
0.0,0.07321583
0.0,0.058936283
0.0,0.07073873
0.0,0.037063606
0.0,0.05651657
1.0,0.081114486
0.0,0.043541312
1.0,0.038361453
0.0,0.049233187
0.0,0.059019737
0.0,0.051882863
0.0,0.060443543
1.0,0.068898864
0.0,0.039086994
0.0,0.07004566
0.0,0.032945417
0.0,0.092733234
0.0,0.039764915
0.0,0.04479689
0.0,0.04001626
0.0,0.0684967
0.0,0.050851624
0.0,0.06788806
0.0,0.07278699
0.0,0.039601065
0.0,0.035857186
0.0,0.03271961
0.0,0.056053028
0.0,0.06574617
1.0,0.056040242
0.0,0.088250026
0.0,0.059931885
0.0,0.0780323
1.0,0.042809777
0.0,0.08647181
0.0,0.06518512
0.0,0.065902434
0.0,0.06533882
0.0,0.029886467
0.0,0.046022795
0.0,0.0887231
0.0,0.046282124
0.0,0.09655052
0.0,0.037208155
0.0,0.06624281
0.0,0.019557796
0.0,0.053317297
0.0,0.04136866
0.0,0.019492332
0.0,0.057413694
0.0,0.06826726
0.0,0.086007684
0.0,0.054693058
0.0,0.047030468
0.0,0.06176078
0.0,0.06706748
0.0,0.060970847
0.0,0.04241979
0.0,0.050617952
0.0,0.060904887
0.0,0.084399305
1.0,0.08231844
0.0,0.06468634
0.0,0.033605665
0.0,0.05034121
0.0,0.11295097
0.0,0.06913806
0.0,0.056249678
0.0,0.05303019
0.0,0.07429887
0.0,0.063814305
0.0,0.08043395
0.0,0.09100309
0.0,0.053997565
0.0,0.06433941
0.0,0.04759869
0.0,0.07603216
2.0,0.06003507
0.0,0.07640064
0.0,0.05719901
0.0,0.040230043
0.0,0.03321036
0.0,0.047464006
0.0,0.046828106
0.0,0.07934718
0.0,0.08955107
0.0,0.054146953
0.0,0.058238145
0.0,0.08433198
0.0,0.052856084
0.0,0.03996124
0.0,0.09728126
0.0,0.05533391
0.0,0.037714634
0.0,0.04179545
0.0,0.037113354
0.0,0.05500977
0.0,0.005760288
0.0,0.035167553
0.0,0.02904565
0.0,0.05988238
0.0,0.03528727
0.0,0.05982312
0.0,0.051509716
0.0,0.039933555
0.0,0.03814827
0.0,0.030499825
0.0,0.053146407
0.0,0.054883823
0.0,0.03876237
0.0,0.03866689
0.0,0.05050996
0.0,0.038823236
0.0,0.06731431
0.0,0.057690125
0.0,0.08246987
1.0,0.044332515
0.0,0.056705356
0.0,0.05528595
0.0,0.0745359
0.0,0.008021165
0.0,0.0070247287
0.0,0.049747888
0.0,0.09538684
0.0,0.046907187
0.0,0.03651499
1.0,0.059121184
1.0,0.08004609
0.0,0.040552795
0.0,0.045292124
0.0,0.083299644
0.0,0.04968317
0.0,0.057052813
0.0,0.03753153
1.0,0.03226428
0.0,0.06909648
0.0,0.059770353
0.0,0.060642883
0.0,0.07240422
0.0,0.06254114
0.0,0.060900282
0.0,0.06029558
0.0,0.07630181
0.0,0.03407315
1.0,0.05045297
0.0,0.07967589
0.0,0.03346177
0.0,0.06854638
0.0,0.060158435
0.0,0.045950387
0.0,0.06510918
0.0,0.072462976
0.0,0.039151337
0.0,0.08234511
0.0,0.086698785
0.0,0.054486908
0.0,0.06721623
0.0,0.09857046
0.0,0.07972005
1.0,0.06469848
0.0,0.054194808
0.0,0.06355432
1.0,0.049061608
1.0,0.05290639
1.0,0.047842942
0.0,0.041508496
1.0,0.055033922
0.0,0.067059934
0.0,0.07182282
0.0,0.05692823
0.0,0.068331406
0.0,0.05526195
0.0,0.05175639
0.0,0.054802846
0.0,0.029845167
0.0,0.100157335
0.0,0.07271738
0.0,0.05990267
0.0,0.060475312
0.0,0.044918224
0.0,0.049601953
0.0,0.03617754
0.0,0.047642108
0.0,0.042173903
0.0,0.0425874
0.0,0.07098427
0.0,0.05353408
1.0,0.041556325
0.0,0.060195953
0.0,0.051048778
0.0,0.07180253
0.0,0.07882339
0.0,0.07876578
0.0,0.04553859
0.0,0.07198445
0.0,0.04432831
0.0,0.037446197
0.0,0.036054697
0.0,0.047461417
0.0,0.06491995
0.0,0.051961213
0.0,0.06607685
1.0,0.0734551
1.0,0.028066816
0.0,0.08601909
0.0,0.058552667
0.0,0.04500766
0.0,0.08432831
0.0,0.03567072
1.0,0.0629484
0.0,0.06704224
0.0,0.06972073
0.0,0.051467437
1.0,0.055715974
0.0,0.06356755
0.0,0.06848868
0.0,0.05953347
0.0,0.049499374
0.0,0.053948484
0.0,0.053834528
0.0,0.06961801
0.0,0.049069773
0.0,0.06708313
0.0,0.062748775
0.0,0.046919122
0.0,0.11131957
0.0,0.04872787
0.0,0.05703814
0.0,0.06894231
0.0,0.053184368
0.0,0.05027172
0.0,0.03323683
0.0,0.052393127
0.0,0.036863897
0.0,0.04481364
0.0,0.04949934
1.0,0.038884077
0.0,0.11663821
1.0,0.024793988
0.0,0.03911631
0.0,0.040322073
0.0,0.07250756
0.0,0.05427627
0.0,0.063278295
0.0,0.052104473
1.0,0.007620527
0.0,0.049686097
0.0,0.053799555
0.0,0.062761866
0.0,0.024383616
1.0,0.054766558
0.0,0.036003653
0.0,0.055294465
0.0,0.081917375
0.0,0.048113484
0.0,0.05581077
0.0,0.054850545
0.0,0.07223538
0.0,0.058166195
0.0,0.064857155
0.0,0.05699355
0.0,0.07841873
0.0,0.038512737
0.0,0.08457532
0.0,0.037094068
1.0,0.090478525
0.0,0.05653994
0.0,0.061382744
0.0,0.08088845
0.0,0.02125097
0.0,0.04782391
0.0,0.042833287
0.0,0.047870807
1.0,0.038511835
0.0,0.047853645
0.0,0.05104676
0.0,0.0061548073
0.0,0.09375266
0.0,0.06920749
0.0,0.09578323
0.0,0.05960407
0.0,0.087438606
0.0,0.05018782
0.0,0.07015185
0.0,0.039950494
0.0,0.069158316
0.0,0.04315894
0.0,0.050577275
0.0,0.07175085
0.0,0.039550725
0.0,0.042398416
0.0,0.047858186
0.0,0.07449495
0.0,0.06627648
0.0,0.06560656
0.0,0.08496053
0.0,0.06773182
0.0,0.063371845
0.0,0.055016957
0.0,0.009184605
0.0,0.049931712
0.0,0.093745396
0.0,0.0896226
0.0,0.047571395
0.0,0.06560499
1.0,0.03723618
0.0,0.040009048
0.0,0.016292907
0.0,0.08342716
0.0,0.043493606
0.0,0.081439376
0.0,0.03873431
0.0,0.061908703
0.0,0.058896307
0.0,0.035898697
0.0,0.060215663
0.0,0.06292697
0.0,0.041099697
0.0,0.042213984
0.0,0.05809342
0.0,0.073509485
1.0,0.066190295
0.0,0.06708892
0.0,0.06816218
0.0,0.042383913
0.0,0.029940713
0.0,0.058573052
0.0,0.081354916
0.0,0.04133772
0.0,0.073469415
0.0,0.047722664
0.0,0.030396227
0.0,0.006216307
0.0,0.05222504
0.0,0.038630005
0.0,0.07970874
0.0,0.08682151
0.0,0.059061643
0.0,0.081005834
0.0,0.057678547
0.0,0.06414579
0.0,0.022224382
0.0,0.07339214
0.0,0.02683726
0.0,0.07158367
0.0,0.059077486
0.0,0.065286376
0.0,0.03505765
0.0,0.039901394
0.0,0.072512835
0.0,0.04303566
0.0,0.04126456
0.0,0.05065917
0.0,0.013122318
0.0,0.08071684
0.0,0.07454036
0.0,0.0867576
0.0,0.036975663
0.0,0.07754986
0.0,0.06792682
1.0,0.06863284
0.0,0.007711179
0.0,0.06481619
0.0,0.043988474
0.0,0.045267273
0.0,0.0042902622
0.0,0.08157
0.0,0.042407334
0.0,0.037574764
0.0,0.059824258
0.0,0.045470867
1.0,0.061874826
1.0,0.020329364
1.0,0.05886371
0.0,0.031963762
0.0,0.025026172
0.0,0.05537563
0.0,0.063787974
0.0,0.07941233
0.0,0.06258567
0.0,0.100493304
0.0,0.10261704
0.0,0.05948757
0.0,0.082822345
0.0,0.0633284
0.0,0.048974305
0.0,0.05634648
0.0,0.044988412
0.0,0.051415116
0.0,0.054406036
0.0,0.06599021
0.0,0.053184282
0.0,0.06316025
0.0,0.069450274
0.0,0.07131615
0.0,0.03754738
0.0,0.068128094
1.0,0.06653972
0.0,0.049537
0.0,0.060232304
0.0,0.051100507
0.0,0.009683305
0.0,0.0094871605
0.0,0.02236871
0.0,0.07050501
0.0,0.034427863
0.0,0.03365231
0.0,0.08201356
0.0,0.043305244
0.0,0.065007426
0.0,0.004297885
0.0,0.07356697
0.0,0.043100514
0.0,0.077550836
0.0,0.06288208
0.0,0.05520939
0.0,0.08920434
0.0,0.068449914
0.0,0.07083495
0.0,0.05807989
0.0,0.07130437
0.0,0.0537647
0.0,0.04578115
0.0,0.037890166
0.0,0.10274187
0.0,0.058051247
0.0,0.08940389
0.0,0.034487143
0.0,0.09695094
0.0,0.05025674
1.0,0.059121706
0.0,0.0639996
0.0,0.097235925
1.0,0.06476081
0.0,0.07392823
0.0,0.07294379
0.0,0.10446138
0.0,0.04730318
0.0,0.01702854
0.0,0.070099
0.0,0.05494178
0.0,0.053039696
0.0,0.040797517
0.0,0.054131582
0.0,0.078198984
0.0,0.06325244
0.0,0.08001827
0.0,0.03480555
0.0,0.09582803
0.0,0.053401183
0.0,0.04164132
0.0,0.045510434
0.0,0.06243338
0.0,0.04310599
0.0,0.04749766
0.0,0.06485802
0.0,0.034043457
0.0,0.051297132
0.0,0.03488481
0.0,0.053493302
0.0,0.09247855
0.0,0.03421752
0.0,0.06990265
0.0,0.05163324
0.0,0.039601397
0.0,0.06390369
0.0,0.040882245
0.0,0.044423625
0.0,0.086299695
0.0,0.07557785
0.0,0.041123368
0.0,0.071971714
0.0,0.079726815
0.0,0.05056975
0.0,0.03969536
0.0,0.07507614
0.0,0.051177684
0.0,0.07926275
0.0,0.03293097
0.0,0.07179912
0.0,0.04126635
0.0,0.036358725
0.0,0.06089809
0.0,0.038835157
0.0,0.07935177
0.0,0.06946913
0.0,0.031325866
0.0,0.10063505
0.0,0.047588684
0.0,0.04661468
0.0,0.058216583
0.0,0.060394507
0.0,0.088580556
0.0,0.06641972
0.0,0.062669896
0.0,0.08906999
0.0,0.047383774
0.0,0.069932625
0.0,0.048618414
0.0,0.069260165
0.0,0.045757078
0.0,0.06442363
0.0,0.08335547
0.0,0.0627023
0.0,0.04243408
0.0,0.05721149
0.0,0.07012664
0.0,0.042718757
0.0,0.0878092
0.0,0.08462183
0.0,0.07059251
0.0,0.06876869
0.0,0.03564986
0.0,0.06483285
0.0,0.08923215
0.0,0.047705714
0.0,0.030935185
0.0,0.063322894
0.0,0.051209502
0.0,0.06711032
0.0,0.040993992
0.0,0.042468727
0.0,0.046083316
0.0,0.055358097
0.0,0.04965882
0.0,0.05583542
0.0,0.06609298
0.0,0.05984613
0.0,0.03851997
0.0,0.026949737
0.0,0.041159857
0.0,0.042090468
0.0,0.047189984
0.0,0.04221532
0.0,0.04194331
0.0,0.037441734
0.0,0.06229812
0.0,0.04225287
0.0,0.07367447
0.0,0.036384743
0.0,0.057434548
0.0,0.046323113
0.0,0.04128571
0.0,0.07492829
0.0,0.0073953154
0.0,0.07854715
0.0,0.06395881
1.0,0.065160945
0.0,0.06703861
0.0,0.08583776
0.0,0.045246426
0.0,0.047648422
0.0,0.08377741
0.0,0.05664424
0.0,0.025397591
0.0,0.047964543
0.0,0.07918661
0.0,0.058920182
0.0,0.036615577
0.0,0.05549426
0.0,0.08114602
0.0,0.114497066
0.0,0.055685457
0.0,0.040387433
0.0,0.058036745
0.0,0.06914165
0.0,0.046389967
0.0,0.0763215
0.0,0.061351698
0.0,0.046221726
0.0,0.057119615
0.0,0.058100414
0.0,0.046977147
0.0,0.067677066
0.0,0.040982656
0.0,0.0679997
0.0,0.053600505
1.0,0.06287395
1.0,0.054500237
0.0,0.08085434
0.0,0.039815128
0.0,0.0431268
0.0,0.041647676
0.0,0.046667792
0.0,0.04692507
0.0,0.06192651
0.0,0.03660495
0.0,0.13036627
0.0,0.037851196
0.0,0.079056315
0.0,0.035716575
0.0,0.07800395
0.0,0.0493811
0.0,0.032166652
0.0,0.054182753
0.0,0.08486246
0.0,0.047066003
0.0,0.05276972
0.0,0.06233449
0.0,0.030482188
0.0,0.075166106
0.0,0.0629066
0.0,0.07072884
0.0,0.038971003
0.0,0.07874771
0.0,0.05649033
0.0,0.04231465
0.0,0.07466601
0.0,0.037302822
0.0,0.028018758
0.0,0.07415923
0.0,0.057915576
0.0,0.07500368
0.0,0.069210805
0.0,0.08739528
0.0,0.041911922
0.0,0.04182057
0.0,0.06520735
0.0,0.048224263
0.0,0.06122892
0.0,0.04306511
0.0,0.03909101
0.0,0.040211067
0.0,0.031676523
0.0,0.040234666
1.0,0.06478436
0.0,0.037262857
0.0,0.046155997
0.0,0.0075307684
0.0,0.06850486
0.0,0.042494018
0.0,0.043489352
0.0,0.05715221
0.0,0.05465047
0.0,0.04895091
0.0,0.084382646
0.0,0.03360188
0.0,0.057986427
0.0,0.046203934
0.0,0.043843593
1.0,0.064254954
0.0,0.10065677
0.0,0.08736248
0.0,0.06674618
0.0,0.068168744
0.0,0.051701926
0.0,0.055035494
0.0,0.06506929
0.0,0.039188936
0.0,0.039183006
0.0,0.0053580734
0.0,0.0507645
0.0,0.035707925
0.0,0.048661776
0.0,0.09499174
1.0,0.053441867
0.0,0.07569276
0.0,0.048592214
0.0,0.042026825
0.0,0.073201686
0.0,0.070241176
0.0,0.055388503
0.0,0.10573186
0.0,0.010514758
0.0,0.06734037
0.0,0.04540968
0.0,0.03863473
1.0,0.03087553
0.0,0.066756815
0.0,0.055216186
0.0,0.051738944
0.0,0.06881494
0.0,0.061313473
0.0,0.060762227
0.0,0.034950577
0.0,0.03918107
0.0,0.064909816
0.0,0.05758036
0.0,0.098278396
0.0,0.084065355
0.0,0.04929771
0.0,0.07009345
0.0,0.044745952
0.0,0.062285997
0.0,0.035623416
0.0,0.037654623
0.0,0.04989381
0.0,0.08128741
0.0,0.032948043
0.0,0.0759068
0.0,0.04372467
0.0,0.06920739
0.0,0.036874965
0.0,0.06850246
0.0,0.086927414
0.0,0.053618424
0.0,0.072688
0.0,0.035770193
0.0,0.07839331
0.0,0.061028045
0.0,0.056913856
0.0,0.06347727
0.0,0.06194742
0.0,0.06085368
0.0,0.06938408
0.0,0.07620709
0.0,0.07702602
0.0,0.055071983
0.0,0.0149446195
0.0,0.057489812
0.0,0.071227066
0.0,0.0556408
0.0,0.04283541
0.0,0.059275504
0.0,0.06718653
0.0,0.089667335
0.0,0.077399775
1.0,0.04766904
1.0,0.05566759
0.0,0.03138106
0.0,0.047467604
0.0,0.04400837
0.0,0.074764974
0.0,0.051089603
0.0,0.04312982
0.0,0.047670253
0.0,0.03567892
0.0,0.07250044
0.0,0.04145701
0.0,0.05826492
0.0,0.05545979
0.0,0.053447027
0.0,0.03680031
0.0,0.052572288
0.0,0.05416165
0.0,0.044075005
0.0,0.0500134
0.0,0.07229605
0.0,0.041457582
0.0,0.03847275
0.0,0.043453597
0.0,0.07298341
0.0,0.04290636
0.0,0.06520816
0.0,0.037101198
0.0,0.09200254
0.0,0.10651601
0.0,0.04947028
0.0,0.052924026
0.0,0.057710815
0.0,0.03979305
0.0,0.05143553
0.0,0.06891322
0.0,0.043723922
0.0,0.06919005
0.0,0.038079325
0.0,0.047124885
0.0,0.035860877
0.0,0.08163537
0.0,0.043606013
0.0,0.06703283
0.0,0.047483034
0.0,0.020069925
0.0,0.06794591
0.0,0.11277626
0.0,0.06812823
0.0,0.068165496
0.0,0.056770515
0.0,0.06490656
0.0,0.051333737
0.0,0.050824814
0.0,0.060203504
0.0,0.007673878
0.0,0.04627268
0.0,0.03769217
0.0,0.0520141
0.0,0.050583158
1.0,0.06048154
1.0,0.044326723
1.0,0.053291865
0.0,0.044675946
0.0,0.0489712
0.0,0.040117748
0.0,0.057734046
0.0,0.05328577
0.0,0.061049946
0.0,0.041017987
0.0,0.07360136
0.0,0.033846498
0.0,0.04141341
1.0,0.07836999
0.0,0.05570041
0.0,0.081600614
0.0,0.071248055
0.0,0.06358739
0.0,0.056591336
1.0,0.062193327
0.0,0.03631374
0.0,0.06525853
0.0,0.041068897
0.0,0.034863822
0.0,0.0601208
0.0,0.074048325
0.0,0.052259915
0.0,0.047094785
0.0,0.0857179
0.0,0.04558461
0.0,0.07993795
0.0,0.04678683
0.0,0.075819984
1.0,0.06391268
0.0,0.06275482
0.0,0.073887244
0.0,0.0872181
0.0,0.060419105
0.0,0.0065516774
0.0,0.03833174
0.0,0.004724976
0.0,0.047111362
0.0,0.0503265
0.0,0.055014476
0.0,0.047040775
0.0,0.04010588
0.0,0.034233868
0.0,0.06421125
0.0,0.06992012
0.0,0.06927653
1.0,0.050243825
0.0,0.04664225
0.0,0.09336667
0.0,0.11244299
0.0,0.05552089
0.0,0.04795049
0.0,0.061728597
0.0,0.06271128
0.0,0.071090184
0.0,0.06277936
0.0,0.04649519
0.0,0.08435105
0.0,0.05725858
0.0,0.11723781
0.0,0.047786605
0.0,0.084984876
0.0,0.05224404
0.0,0.056757335
0.0,0.047967665
0.0,0.056155212
0.0,0.0538501
0.0,0.048943315
0.0,0.061676476
0.0,0.05127148
0.0,0.059951752
0.0,0.06787071
0.0,0.071771264
0.0,0.07565956
0.0,0.047078416
0.0,0.029874576
0.0,0.053751245
0.0,0.051266298
0.0,0.06422837
0.0,0.07966557
0.0,0.06903291
1.0,0.055212762
0.0,0.077198215
0.0,0.044604756
0.0,0.064840674
0.0,0.044801548
0.0,0.042752564
0.0,0.054120276
0.0,0.024952991
1.0,0.076677084
0.0,0.03231953
0.0,0.054293666
0.0,0.056516774
0.0,0.042150725
0.0,0.04483431
0.0,0.070720434
0.0,0.07782973
0.0,0.07793695
0.0,0.059852038
0.0,0.046180982
0.0,0.08837857
0.0,0.05026134
0.0,0.08352755
0.0,0.039502967
0.0,0.0531751
0.0,0.065466404
0.0,0.06593668
0.0,0.048336484
0.0,0.06773676
0.0,0.03771803
1.0,0.04205904
0.0,0.038624875
0.0,0.08580242
0.0,0.046682324
1.0,0.07964915
0.0,0.04592327
0.0,0.092606366
0.0,0.03339877
0.0,0.07553213
0.0,0.07754483
0.0,0.028893746
0.0,0.056493964
0.0,0.06894933
0.0,0.0724079
0.0,0.087736204
0.0,0.04857245
0.0,0.043008856
0.0,0.04873887
0.0,0.0584167
0.0,0.042674597
1.0,0.07283692
0.0,0.07445159
0.0,0.04554797
0.0,0.03955865
0.0,0.123288184
0.0,0.09103979
0.0,0.089995876
0.0,0.055578236
0.0,0.074847266
0.0,0.048318323
0.0,0.083823025
0.0,0.10839442
0.0,0.052612208
0.0,0.039476264
0.0,0.04592156
0.0,0.041009508
0.0,0.043212958
0.0,0.024212979
0.0,0.072143234
0.0,0.076075256
0.0,0.05876296
0.0,0.047220137
0.0,0.06695742
1.0,0.03393404
0.0,0.021913687
0.0,0.054210726
0.0,0.07889251
0.0,0.07973102
0.0,0.06896934
0.0,0.068622366
0.0,0.042148363
0.0,0.05031431
0.0,0.09321451
0.0,0.052153602
0.0,0.049696155
1.0,0.10318354
0.0,0.07223175
0.0,0.066234596
0.0,0.0876848
0.0,0.058036577
0.0,0.029225353
0.0,0.058989633
0.0,0.058298353
0.0,0.052805044
0.0,0.065039724
1.0,0.054116406
0.0,0.041078534
0.0,0.047860056
0.0,0.06465065
1.0,0.06619512
0.0,0.039359767
0.0,0.10704483
0.0,0.06910564
0.0,0.043952525
0.0,0.05188394
0.0,0.0532114
0.0,0.048324477
0.0,0.046550665
0.0,0.0775933
0.0,0.09597169
0.0,0.05759593
0.0,0.0646442
0.0,0.05416187
0.0,0.0409711
0.0,0.06439808
0.0,0.08129756
0.0,0.060401693
0.0,0.047548942
0.0,0.047072064
0.0,0.058020487
0.0,0.039642
0.0,0.03784381
0.0,0.057785742
0.0,0.07248732
1.0,0.05289775
0.0,0.034254476
0.0,0.003431205
0.0,0.00582806
1.0,0.0525481
0.0,0.031360935
0.0,0.06252774
0.0,0.018515375
0.0,0.07049701
0.0,0.050724287
1.0,0.082804576
0.0,0.034785055
0.0,0.02773797
0.0,0.05400663
0.0,0.052018505
0.0,0.036624223
0.0,0.081705
1.0,0.038528338
0.0,0.092749506
0.0,0.08125348
0.0,0.054116562
0.0,0.04886148
0.0,0.04896471
0.0,0.05022173
0.0,0.05298521
0.0,0.045333773
0.0,0.03905466
0.0,0.036931865
0.0,0.09133914
0.0,0.043823507
0.0,0.030338204
0.0,0.06270681
0.0,0.030023282
0.0,0.044772714
0.0,0.059898004
1.0,0.0660482
0.0,0.07148029
0.0,0.038919006
0.0,0.07921563
0.0,0.080302745
0.0,0.05331609
0.0,0.06213024
0.0,0.0735969
0.0,0.050953723
0.0,0.06348574
0.0,0.0953163
0.0,0.05025656
0.0,0.0418119
0.0,0.039982643
0.0,0.06096189
0.0,0.047718935
0.0,0.04170533
0.0,0.03521504
0.0,0.04223905
0.0,0.04977432
0.0,0.07296166
0.0,0.04265337
0.0,0.03964039
0.0,0.049632594
0.0,0.038621698
0.0,0.05668278
0.0,0.009137706
0.0,0.030564677
0.0,0.05553119
0.0,0.056959536
0.0,0.037293475
0.0,0.058443837
0.0,0.03450981
0.0,0.0640489
0.0,0.03980571
0.0,0.037765875
0.0,0.053633623
1.0,0.080498755
0.0,0.06471122
0.0,0.046382736
0.0,0.043774553
0.0,0.048688825
0.0,0.07455717
0.0,0.041711226
0.0,0.048201926
0.0,0.029764408
0.0,0.048800543
0.0,0.041642055
0.0,0.023700446
0.0,0.05115192
0.0,0.029017914
0.0,0.03302243
0.0,0.057473958
0.0,0.078048
0.0,0.056362778
0.0,0.057423044
0.0,0.04137955
0.0,0.067884386
0.0,0.040559776
0.0,0.10360154
0.0,0.09314309
0.0,0.0487342
0.0,0.05185389
0.0,0.05822812
0.0,0.070677035
0.0,0.062399395
0.0,0.047149386
0.0,0.055296797
0.0,0.03516299
0.0,0.05501836
0.0,0.06262992
0.0,0.05406428
0.0,0.055253454
0.0,0.07929963
0.0,0.06937306
0.0,0.07411058
0.0,0.03126941
0.0,0.038017087
0.0,0.06616772
0.0,0.017442105
0.0,0.040815096
0.0,0.06549413
0.0,0.06209576
0.0,0.07303084
0.0,0.034483336
0.0,0.0448253
0.0,0.07398007
0.0,0.009637434
0.0,0.0808391
0.0,0.06560183
1.0,0.062975444
0.0,0.057870977
0.0,0.07717278
0.0,0.02945757
0.0,0.049477324
0.0,0.072947815
0.0,0.071700215
0.0,0.07313345
0.0,0.076666184
0.0,0.039230198
0.0,0.05203582
0.0,0.071845494
0.0,0.070314914
0.0,0.041345783
0.0,0.041296035
0.0,0.019886795
0.0,0.05117732
0.0,0.055223268
0.0,0.044442832
0.0,0.050213516
0.0,0.08824012
0.0,0.033205878
0.0,0.06594243
0.0,0.066145085
0.0,0.055798024
0.0,0.030178461
0.0,0.03688791
0.0,0.04036051
0.0,0.056163244
0.0,0.062944464
0.0,0.04985375
0.0,0.049191125
0.0,0.059048664
0.0,0.054028742
0.0,0.046547577
0.0,0.0766493
0.0,0.056184325
0.0,0.09085691
0.0,0.04129049
0.0,0.06548432
0.0,0.061734192
0.0,0.039924555
0.0,0.10084113
0.0,0.044332497
0.0,0.051302955
1.0,0.06379999
0.0,0.058301564
0.0,0.025314685
0.0,0.06046809
0.0,0.06051636
0.0,0.053855546
0.0,0.05887713
0.0,0.041761357
0.0,0.0875743
0.0,0.03420814
0.0,0.053098924
0.0,0.015804397
0.0,0.057119057
0.0,0.08479388
0.0,0.05771533
0.0,0.046872385
0.0,0.07054062
0.0,0.057108082
0.0,0.090139285
0.0,0.045546796
0.0,0.044231564
0.0,0.053404026
1.0,0.06688548
0.0,0.051176343
0.0,0.04388485
0.0,0.029005319
0.0,0.081411615
0.0,0.050943073
1.0,0.044391956
0.0,0.0850367
0.0,0.074693814
0.0,0.08436672
0.0,0.085017145
0.0,0.07257722
0.0,0.061099585
0.0,0.048623063
0.0,0.0646755
0.0,0.06251283
0.0,0.037912667
0.0,0.041650992
0.0,0.07663057
0.0,0.082792595
0.0,0.09063718
0.0,0.049847644
0.0,0.06267976
0.0,0.07266431
0.0,0.027059842
0.0,0.064064875
0.0,0.08194414
0.0,0.033548735
0.0,0.033660896
0.0,0.08096978
0.0,0.077809215
0.0,0.07630001
0.0,0.01907196
0.0,0.044339407
0.0,0.027508138
0.0,0.079494774
0.0,0.03969216
0.0,0.04568557
0.0,0.06471436
0.0,0.112047836
0.0,0.066524066
0.0,0.041953333
0.0,0.07164649
0.0,0.094504535
0.0,0.04305132
0.0,0.050172694
0.0,0.05860961
0.0,0.054475453
0.0,0.043851927
0.0,0.08316359
0.0,0.053883325
0.0,0.04443715
0.0,0.04191545
0.0,0.08686773
0.0,0.08479689
0.0,0.054938667
0.0,0.038481437
0.0,0.063162416
0.0,0.06369937
0.0,0.08013343
0.0,0.051635552
0.0,0.056490503
0.0,0.060535755
0.0,0.11477462
0.0,0.04798901
0.0,0.08276163
0.0,0.05062156
0.0,0.07417068
0.0,0.031936232
0.0,0.061931852
0.0,0.06791464
0.0,0.039922632
0.0,0.047389027
0.0,0.06812135
0.0,0.023295123
1.0,0.033200733
1.0,0.07032175
0.0,0.050982732
0.0,0.046033658
0.0,0.058813
0.0,0.07074315
0.0,0.02084728
0.0,0.04881148
0.0,0.05377616
0.0,0.047340143
0.0,0.040019248
0.0,0.0065984987
0.0,0.05887432
1.0,0.049205296
0.0,0.06082139
0.0,0.069880456
0.0,0.041426934
0.0,0.066783115
0.0,0.04605537
0.0,0.07003883
0.0,0.047862783
0.0,0.03925781
0.0,0.057364766
0.0,0.06295072
0.0,0.009411706
0.0,0.06853633
0.0,0.03823045
0.0,0.024052452
0.0,0.081259266
0.0,0.06613567
0.0,0.07904452
0.0,0.048222803
0.0,0.058432914
0.0,0.07072398
0.0,0.05531129
0.0,0.030304596
0.0,0.038662545
0.0,0.059217278
0.0,0.031133607
0.0,0.049361102
0.0,0.08218405
0.0,0.062465794
0.0,0.053358804
0.0,0.06327787
0.0,0.08357649
1.0,0.04519905
0.0,0.063611254
0.0,0.07075413
0.0,0.024591394
0.0,0.064222716
0.0,0.045930438
0.0,0.063088484
0.0,0.047521573
0.0,0.053693388
0.0,0.044600036
0.0,0.08804382
1.0,0.06030655
0.0,0.07520308
0.0,0.03954356
0.0,0.08328252
0.0,0.09105268
0.0,0.06725179
0.0,0.044614073
0.0,0.070709735
0.0,0.03982299
0.0,0.063471384
0.0,0.05894973
0.0,0.07131001
0.0,0.041181147
0.0,0.040703554
0.0,0.060021058
0.0,0.09337053
0.0,0.0656163
0.0,0.061572894
0.0,0.07785286
0.0,0.045411106
0.0,0.057159286
0.0,0.053824853
0.0,0.061431117
0.0,0.055316854
0.0,0.030016612
0.0,0.06612517
0.0,0.05412327
0.0,0.06300197
0.0,0.0793864
0.0,0.07190681
0.0,0.08262594
0.0,0.05289079
1.0,0.10224671
0.0,0.07008271
0.0,0.030663783
0.0,0.051430896
0.0,0.075512506
0.0,0.07017838
0.0,0.06929483
0.0,0.061469793
0.0,0.052371483
0.0,0.058862574
0.0,0.052397974
0.0,0.046387933
0.0,0.054193877
0.0,0.055541143
0.0,0.061112452
0.0,0.06906787
0.0,0.090357035
0.0,0.079837516
0.0,0.03997077
0.0,0.09012665
0.0,0.04510645
0.0,0.0269531
1.0,0.055851355
0.0,0.07215878
0.0,0.038219366
0.0,0.037915614
0.0,0.05751705
0.0,0.051427428
0.0,0.046903282
0.0,0.06853446
0.0,0.063897535
0.0,0.0065591102
0.0,0.07822462
0.0,0.08693973
0.0,0.061384384
0.0,0.047715496
0.0,0.08648231
0.0,0.067410834
1.0,0.06521264
0.0,0.06665973
0.0,0.0092057735
0.0,0.0694822
1.0,0.0478654
0.0,0.04597128
0.0,0.07837309
0.0,0.0061169127
0.0,0.07013372
0.0,0.07766689
0.0,0.04504126
0.0,0.08261743
0.0,0.06985797
0.0,0.07410106
0.0,0.072561756
0.0,0.07092169
0.0,0.02154699
0.0,0.075612165
0.0,0.009803917
0.0,0.08233345
0.0,0.052186463
0.0,0.09702616
0.0,0.042627312
0.0,0.030149601
0.0,0.035628885
0.0,0.06594785
0.0,0.0702528
0.0,0.045501776
0.0,0.058219444
0.0,0.05364002
0.0,0.040588953
0.0,0.040751096
0.0,0.06520607
0.0,0.058947794
0.0,0.05541216
0.0,0.1327314
0.0,0.05173766
0.0,0.039944
0.0,0.036713712
0.0,0.045372754
0.0,0.06270331
0.0,0.047043867
0.0,0.0482591
0.0,0.068135634
0.0,0.05573059
0.0,0.08899179
0.0,0.073182024
0.0,0.06548314
0.0,0.045972764
0.0,0.027688282
0.0,0.04230103
0.0,0.068318106
0.0,0.052575268
0.0,0.052478865
0.0,0.060743105
0.0,0.056227017
0.0,0.047981486
0.0,0.057761185
0.0,0.08151696
0.0,0.041747607
0.0,0.1013011
0.0,0.039181124
1.0,0.071842685
0.0,0.03911899
0.0,0.039575025
0.0,0.048551776
0.0,0.06582751
0.0,0.047292907
0.0,0.02141062
0.0,0.06216995
0.0,0.043891933
0.0,0.072426006
0.0,0.061168924
0.0,0.08123529
0.0,0.040132098
0.0,0.05296062
0.0,0.04343843
0.0,0.025857668
0.0,0.06507474
0.0,0.038033206
0.0,0.09719921
0.0,0.038033303
0.0,0.0409808
0.0,0.06524783
0.0,0.0708683
0.0,0.041443393
0.0,0.06018364
0.0,0.09378427
0.0,0.0727538
0.0,0.026074514
0.0,0.074289896
0.0,0.06979048
0.0,0.06419383
0.0,0.07347673
0.0,0.057607576
0.0,0.040278234
0.0,0.060589932
0.0,0.0600614
0.0,0.04556829
0.0,0.04858028
0.0,0.060311854
0.0,0.052504808
0.0,0.046800964
0.0,0.073664315
0.0,0.04903961
0.0,0.02520825
0.0,0.05459575
0.0,0.056913193
0.0,0.033787012
0.0,0.07292614
0.0,0.054032296
0.0,0.046936844
0.0,0.061159007
0.0,0.048919786
0.0,0.04205845
0.0,0.03715741
0.0,0.03631922
0.0,0.07292048
0.0,0.043874796
0.0,0.034317285
0.0,0.066279314
0.0,0.038404025
0.0,0.07945256
0.0,0.06168349
0.0,0.07096399
0.0,0.06635902
0.0,0.027857875
1.0,0.046189737
0.0,0.044857018
0.0,0.046400115
0.0,0.06980932
0.0,0.067789085
0.0,0.05811273
0.0,0.039996754
0.0,0.08809598
0.0,0.07741858
0.0,0.07048859
0.0,0.040874526
0.0,0.061692227
0.0,0.07614211
0.0,0.04743628
0.0,0.062694885
0.0,0.05875373
0.0,0.04900346
2.0,0.06352187
0.0,0.07998237
0.0,0.08278383
0.0,0.09143168
0.0,0.040632512
0.0,0.06818757
0.0,0.054536007
0.0,0.055115726
0.0,0.00847521
0.0,0.051674172
0.0,0.056950983
0.0,0.05299538
0.0,0.058461342
0.0,0.059060574
0.0,0.07224172
0.0,0.04876584
0.0,0.0792205
0.0,0.050570294
0.0,0.08186962
0.0,0.083636954
0.0,0.065705016
0.0,0.07770718
0.0,0.06192376
0.0,0.0908231
0.0,0.066953346
0.0,0.05578467
0.0,0.07309416
0.0,0.0597428
0.0,0.07030503
0.0,0.0647229
0.0,0.038143337
0.0,0.061931558
0.0,0.03346156
0.0,0.080921054
0.0,0.041274734
0.0,0.033940386
0.0,0.028419022
0.0,0.054781083
0.0,0.0044256286
0.0,0.042524707
0.0,0.08498155
1.0,0.06383663
0.0,0.08191364
0.0,0.06227057
0.0,0.060648985
1.0,0.06861309
0.0,0.052411042
0.0,0.069532745
0.0,0.058409054
0.0,0.042743687
0.0,0.028137965
2.0,0.08085525
0.0,0.051037863
0.0,0.052643828
0.0,0.059664894
0.0,0.04732191
0.0,0.0060709515
0.0,0.078504935
0.0,0.046411652
0.0,0.035500348
0.0,0.048010755
0.0,0.06204746
0.0,0.064668655
0.0,0.04711591
0.0,0.07478006
0.0,0.069560125
0.0,0.05937822
0.0,0.06442179
0.0,0.045419347
0.0,0.028006235
0.0,0.050099447
0.0,0.04565421
0.0,0.040422864
0.0,0.065077074
0.0,0.035127077
0.0,0.049415465
0.0,0.07391413
0.0,0.0561202
0.0,0.073370725
0.0,0.052612472
0.0,0.065623514
0.0,0.065852724
0.0,0.03693832
0.0,0.0362664
0.0,0.032482915
0.0,0.04724109
0.0,0.05864773
0.0,0.04230432
0.0,0.050283276
0.0,0.05176115
0.0,0.061376438
0.0,0.062221613
0.0,0.05918284
0.0,0.06656727
0.0,0.036146052
0.0,0.05088693
0.0,0.065007195
0.0,0.047303237
0.0,0.06327606
0.0,0.051370393
0.0,0.0666936
0.0,0.04798623
0.0,0.052248675
0.0,0.07933501
0.0,0.050003827
0.0,0.052184474
0.0,0.09755847
0.0,0.099097505
0.0,0.047609236
0.0,0.048846196
0.0,0.06561084
0.0,0.06228456
0.0,0.080808885
0.0,0.08293452
1.0,0.040337104
0.0,0.009054939
1.0,0.042984165
0.0,0.08284152
0.0,0.06116134
0.0,0.08025834
0.0,0.04558256
0.0,0.06512264
0.0,0.06970213
0.0,0.05145117
0.0,0.036987565
0.0,0.031694874
0.0,0.071110256
0.0,0.043883875
0.0,0.05922462
0.0,0.06381058
0.0,0.07054483
0.0,0.042291604
0.0,0.07224496
0.0,0.029838607
0.0,0.05080458
0.0,0.06754786
0.0,0.047192167
0.0,0.057213698
0.0,0.074505426
0.0,0.020198243
0.0,0.06611423
0.0,0.046605855
0.0,0.051072612
0.0,0.05805087
0.0,0.031487003
0.0,0.053502742
0.0,0.04645536
0.0,0.051459856
0.0,0.043464422
0.0,0.0524405
0.0,0.08219994
0.0,0.050881155
0.0,0.052775104
0.0,0.0514353
0.0,0.077856794
1.0,0.05840229
0.0,0.06082783
0.0,0.070766315
0.0,0.06889896
0.0,0.06160269
0.0,0.05235891
0.0,0.074208304
0.0,0.07144306
0.0,0.04231391
0.0,0.05760568
0.0,0.038031463
0.0,0.052551232
0.0,0.036424477
0.0,0.036398303
0.0,0.055767275
0.0,0.067042165
0.0,0.03428774
0.0,0.073798954
0.0,0.103915244
1.0,0.03297304
1.0,0.06860699
1.0,0.06933026
0.0,0.06485103
0.0,0.050241835
0.0,0.071880125
0.0,0.039923593
0.0,0.067756206
0.0,0.04619911
0.0,0.082972415
0.0,0.037748925
0.0,0.045990128
0.0,0.065226145
0.0,0.06792403
0.0,0.036079325
0.0,0.05829357
0.0,0.06470212
0.0,0.06470459
0.0,0.06542822
0.0,0.028750012
0.0,0.07790398
0.0,0.049306076
0.0,0.07249753
0.0,0.035838757
1.0,0.056959957
0.0,0.07440318
1.0,0.05917487
1.0,0.04429976
0.0,0.030366326
0.0,0.04704969
0.0,0.0637742
0.0,0.048069708
0.0,0.07437479
0.0,0.036634143
0.0,0.10601431
0.0,0.008574246
0.0,0.050841138
0.0,0.021501912
0.0,0.06494418
0.0,0.04986716
0.0,0.04759513
0.0,0.05778277
0.0,0.04475178
0.0,0.054045465
0.0,0.07136387
0.0,0.06060441
0.0,0.03547445
0.0,0.091345355
0.0,0.039134335
0.0,0.04128225
0.0,0.08680996
0.0,0.029418848
0.0,0.042529576
0.0,0.008283455
0.0,0.047017373
0.0,0.08048263
0.0,0.043416314
0.0,0.07197559
0.0,0.057792358
0.0,0.08962465
0.0,0.07701427
0.0,0.04197426
0.0,0.08966678
0.0,0.055877514
0.0,0.047460645
0.0,0.06977142
0.0,0.036390234
0.0,0.070497096
0.0,0.08478849
0.0,0.041115034
0.0,0.045517225
0.0,0.06572269
0.0,0.06747274
0.0,0.06902535
0.0,0.09768862
0.0,0.05434201
0.0,0.0618627
0.0,0.07347944
0.0,0.055817608
0.0,0.03101842
0.0,0.06599475
0.0,0.04289704
0.0,0.059465863
0.0,0.036642466
0.0,0.057066895
0.0,0.043378364
0.0,0.035242893
0.0,0.058805835
0.0,0.012651531
0.0,0.051114324
0.0,0.061203614
0.0,0.046819445
0.0,0.069675766
0.0,0.05892083
1.0,0.066043004
0.0,0.0760082
0.0,0.06571085
0.0,0.04423458
0.0,0.04044205
0.0,0.07334235
0.0,0.022565875
0.0,0.05940439
0.0,0.047900263
0.0,0.051713686
0.0,0.057798654
0.0,0.069706
0.0,0.05379586
0.0,0.059864283
0.0,0.0726757
0.0,0.050926436
0.0,0.041056924
0.0,0.053876735
0.0,0.0078237215
0.0,0.07128717
0.0,0.053783186
0.0,0.04986772
0.0,0.029468887
0.0,0.059543323
0.0,0.0069610802
0.0,0.05147306
0.0,0.06835513
0.0,0.062117353
0.0,0.008804511
0.0,0.0703173
0.0,0.0060514687
0.0,0.05414547
0.0,0.05698248
1.0,0.0867638
0.0,0.033501107
0.0,0.07290469
0.0,0.03543919
0.0,0.06194931
0.0,0.07322121
0.0,0.07068123
0.0,0.04948329
1.0,0.027929626
0.0,0.065639004
0.0,0.053863443
0.0,0.08794911
0.0,0.056946855
0.0,0.08593579
0.0,0.07098579
0.0,0.035454605
0.0,0.00816528
0.0,0.07147219
0.0,0.06738648
0.0,0.059982777
0.0,0.0060501704
0.0,0.069198444
0.0,0.07811133
0.0,0.066519104
0.0,0.053755343
0.0,0.0769362
0.0,0.054315664
0.0,0.048537284
0.0,0.063727416
0.0,0.03611256
1.0,0.07560674
0.0,0.07261066
0.0,0.06572094
0.0,0.051108874
0.0,0.05897743
0.0,0.055409264
0.0,0.06294864
0.0,0.07082434
0.0,0.055375457
0.0,0.07224338
0.0,0.03196852
0.0,0.057991084
0.0,0.12238738
0.0,0.043705434
0.0,0.079725236
0.0,0.06605346
0.0,0.055315666
0.0,0.068416774
0.0,0.0745112
0.0,0.06665687
0.0,0.0394127
0.0,0.057735533
0.0,0.052092128
0.0,0.013879745
0.0,0.053843543
0.0,0.07000723
0.0,0.034549747
0.0,0.07615932
0.0,0.08218922
0.0,0.07564695
0.0,0.054043867
0.0,0.038322017
0.0,0.06925534
0.0,0.033213798
0.0,0.07947325
0.0,0.056612242
0.0,0.06444462
0.0,0.03657668
0.0,0.06753077
0.0,0.054312166
0.0,0.041953795
0.0,0.01053435
1.0,0.047159303
0.0,0.03537953
0.0,0.054154612
0.0,0.050933443
0.0,0.0366179
0.0,0.045500763
0.0,0.079169944
0.0,0.0607655
0.0,0.04439018
0.0,0.060384978
0.0,0.041854434
0.0,0.04930027
0.0,0.045874365
0.0,0.07364409
0.0,0.042492278
0.0,0.09400641
0.0,0.067435466
0.0,0.053786367
0.0,0.05568352
0.0,0.042458594
0.0,0.04134038
0.0,0.044763982
0.0,0.042102706
0.0,0.063052095
0.0,0.06311599
0.0,0.033946488
0.0,0.040654287
0.0,0.056374446
0.0,0.037070587
0.0,0.08552729
1.0,0.03824912
0.0,0.05971338
0.0,0.058628492
0.0,0.055684965
0.0,0.03938525
0.0,0.04781309
0.0,0.06659135
0.0,0.029208448
0.0,0.047866266
0.0,0.049423773
0.0,0.064957745
0.0,0.06757963
0.0,0.07836812
0.0,0.0582727
0.0,0.048070166
0.0,0.07612944
0.0,0.054341257
0.0,0.04044222
0.0,0.038604446
0.0,0.05269833
1.0,0.070668355
0.0,0.08084249
0.0,0.0646232
0.0,0.05739886
0.0,0.056039892
1.0,0.047531635
0.0,0.01824352
0.0,0.083902106
0.0,0.069870695
0.0,0.050414648
0.0,0.059249196
0.0,0.06234143
0.0,0.072535105
0.0,0.048342694
0.0,0.06787888
0.0,0.05125438
0.0,0.07652966
0.0,0.09042354
0.0,0.07711019
0.0,0.028765954
0.0,0.06299922
0.0,0.05820787
0.0,0.061430458
0.0,0.12634681
0.0,0.047450487
0.0,0.041368127
0.0,0.053651556
0.0,0.07123648
0.0,0.07593051
0.0,0.064085044
0.0,0.049444042
0.0,0.07974577
0.0,0.045965
0.0,0.070664786
0.0,0.037088364
0.0,0.042385004
0.0,0.028256668
0.0,0.062694676
0.0,0.041189767
0.0,0.06631502
0.0,0.075488314
0.0,0.06531086
0.0,0.05371453
0.0,0.032736417
0.0,0.07129912
0.0,0.05586455
0.0,0.063251585
0.0,0.069330126
0.0,0.06624041
0.0,0.063991815
0.0,0.10731642
0.0,0.06752055
0.0,0.04315181
0.0,0.04929771
0.0,0.05421701
0.0,0.03105139
0.0,0.038557332
0.0,0.03814854
0.0,0.042495437
0.0,0.035084315
0.0,0.05832417
0.0,0.07209636
0.0,0.06425376
0.0,0.060058378
0.0,0.084877074
0.0,0.07202785
0.0,0.04918681
0.0,0.039357524
0.0,0.07132872
0.0,0.038904365
0.0,0.07606071
0.0,0.059515577
0.0,0.0502028
0.0,0.041241623
0.0,0.07206914
1.0,0.0793688
0.0,0.05652594
0.0,0.0904181
0.0,0.064063534
0.0,0.070924714
0.0,0.024908014
0.0,0.06818581
0.0,0.068102404
0.0,0.06469655
0.0,0.09219078
0.0,0.061166078
0.0,0.016292814
0.0,0.07478141
0.0,0.05893721
0.0,0.03572545
0.0,0.06263264
0.0,0.060167227
0.0,0.053370904
1.0,0.047314472
0.0,0.026262939
0.0,0.056659244
1.0,0.062799394
0.0,0.050979912
0.0,0.07134634
1.0,0.061383314
0.0,0.02370004
0.0,0.021252917
0.0,0.08410178
0.0,0.08887354
0.0,0.055374954
0.0,0.049934547
0.0,0.07840856
0.0,0.034383655
0.0,0.03577006
0.0,0.056587625
0.0,0.07158517
0.0,0.06463804
0.0,0.044750497
0.0,0.022315798
0.0,0.06264163
0.0,0.044508807
0.0,0.07838766
0.0,0.03662471
0.0,0.0779044
0.0,0.041901622
0.0,0.058245447
0.0,0.073053375
0.0,0.054026384
0.0,0.071671225
0.0,0.050071813
0.0,0.056778014
0.0,0.07454841
0.0,0.06844136
0.0,0.039125536
0.0,0.04697502
0.0,0.08169316
0.0,0.043423127
0.0,0.047006007
0.0,0.07461938
2.0,0.040110815
0.0,0.05485987
0.0,0.03394084
0.0,0.054021902
0.0,0.03976644
0.0,0.06865355
0.0,0.048557006
0.0,0.07381826
0.0,0.06323923
0.0,0.029149879
0.0,0.03823735
0.0,0.04324701
0.0,0.076343045
0.0,0.04587236
0.0,0.059379354
0.0,0.04630909
0.0,0.040091883
0.0,0.11775667
0.0,0.029238226
0.0,0.035652187
0.0,0.04027056
0.0,0.035471626
0.0,0.0062661553
0.0,0.06442022
0.0,0.054592
0.0,0.070888795
0.0,0.039148733
0.0,0.078701824
0.0,0.051490597
1.0,0.046339408
0.0,0.08076969
0.0,0.09629465
0.0,0.058423527
0.0,0.037225652
0.0,0.03620601
0.0,0.0063841557
0.0,0.045657966
0.0,0.058376644
0.0,0.053494807
0.0,0.041603386
0.0,0.07585192
0.0,0.052463613
0.0,0.045600876
0.0,0.0337818
0.0,0.06706409
0.0,0.07109485
0.0,0.08846815
0.0,0.057762314
0.0,0.053950787
0.0,0.0102574015
0.0,0.0628791
0.0,0.049075726
0.0,0.06639232
0.0,0.008096061
0.0,0.048854653
0.0,0.04098333
0.0,0.043609567
0.0,0.049220853
0.0,0.04263579
0.0,0.04860746
0.0,0.02430354
0.0,0.0452604
0.0,0.054467063
0.0,0.081169814
0.0,0.076823086
0.0,0.058148555
1.0,0.059019893
0.0,0.048550047
0.0,0.076228514
0.0,0.049540117
1.0,0.047715656
0.0,0.0955898
0.0,0.024801545
0.0,0.103602625
0.0,0.036340814
0.0,0.051469155
0.0,0.056934934
0.0,0.07150021
1.0,0.042846628
0.0,0.046588648
0.0,0.070573024
0.0,0.06483692
0.0,0.061814386
0.0,0.05023834
0.0,0.058818202
0.0,0.06253249
0.0,0.03251346
0.0,0.10868469
0.0,0.055564813
0.0,0.061787553
0.0,0.107456006
0.0,0.06258338
0.0,0.060703814
0.0,0.054373033
0.0,0.045258403
0.0,0.04893831
0.0,0.05369312
0.0,0.05505185
0.0,0.060065895
0.0,0.05876813
0.0,0.11113654
1.0,0.09088148
0.0,0.04214577
0.0,0.0070464476
0.0,0.0879474
0.0,0.06606697
0.0,0.06602749
0.0,0.082774416
0.0,0.014740649
0.0,0.038163677
0.0,0.06278367
0.0,0.04148384
0.0,0.057223767
0.0,0.08162622
0.0,0.078871325
1.0,0.052983277
0.0,0.049986184
0.0,0.04752802
0.0,0.066089846
0.0,0.040724114
0.0,0.049068347
0.0,0.059476256
0.0,0.0498825
1.0,0.0713963
0.0,0.06317318
0.0,0.02684956
0.0,0.029081356
0.0,0.062117204
0.0,0.09139404
1.0,0.034446
0.0,0.043969985
0.0,0.05389065
0.0,0.06313829
0.0,0.050639898
0.0,0.05172921
0.0,0.039132673
0.0,0.053165037
0.0,0.068575725
0.0,0.06499624
0.0,0.045997977
0.0,0.05173945
0.0,0.06656008
0.0,0.05020522
0.0,0.059143204
0.0,0.0055798953
0.0,0.06073882
0.0,0.04215333
0.0,0.05212772
1.0,0.07502373
0.0,0.06825028
0.0,0.07586664
0.0,0.07609594
0.0,0.078259006
0.0,0.044791542
0.0,0.06706883
0.0,0.047392778
0.0,0.060810167
0.0,0.054698706
0.0,0.044670112
0.0,0.07101074
0.0,0.080361836
0.0,0.039838295
0.0,0.007638805
1.0,0.052148208
0.0,0.058388796
0.0,0.092186935
0.0,0.09992616
0.0,0.07298841
0.0,0.06261224
0.0,0.07340964
0.0,0.08452418
1.0,0.05073515
0.0,0.051041864
2.0,0.052359372
0.0,0.065135345
0.0,0.06978331
0.0,0.049384452
0.0,0.07238209
0.0,0.06037005
0.0,0.06204144
0.0,0.045937426
1.0,0.02962053
0.0,0.06387033
0.0,0.035621107
0.0,0.04741866
0.0,0.058590315
0.0,0.08518774
0.0,0.05418101
0.0,0.045865163
0.0,0.055848464
0.0,0.064535335
0.0,0.049659166
0.0,0.057813924
0.0,0.08757969
0.0,0.03365125
0.0,0.081001386
0.0,0.06588724
0.0,0.04801101
0.0,0.06284765
0.0,0.09361853
0.0,0.039102383
0.0,0.059559666
0.0,0.06737167
0.0,0.04898957
0.0,0.06817964
0.0,0.05773856
0.0,0.06552821
0.0,0.07210124
0.0,0.061938234
0.0,0.06137285
0.0,0.034248684
0.0,0.06505632
0.0,0.08624883
0.0,0.057706688
0.0,0.055564284
0.0,0.042632945
0.0,0.048869576
0.0,0.06660413
0.0,0.058786687
0.0,0.065484606
0.0,0.07861224
0.0,0.057923682
0.0,0.073666915
0.0,0.049691014
0.0,0.08431998
1.0,0.051305227
0.0,0.07739931
0.0,0.0731573
0.0,0.06865284
0.0,0.090259
0.0,0.058491707
0.0,0.06301164
0.0,0.093676895
0.0,0.047714964
0.0,0.05113051
0.0,0.049868256
0.0,0.06647081
0.0,0.034374755
0.0,0.061737634
0.0,0.05250302
0.0,0.06875548
0.0,0.06951163
0.0,0.09873835
0.0,0.052300297
0.0,0.026452085
0.0,0.04980274
0.0,0.042277537
0.0,0.04506631
0.0,0.06920221
0.0,0.07008074
0.0,0.058340747
0.0,0.07694574
0.0,0.04111658
0.0,0.029865816
1.0,0.041656792
0.0,0.067454055
0.0,0.04881389
0.0,0.05470254
0.0,0.056391153
0.0,0.038594857
0.0,0.05919224
0.0,0.081780225
0.0,0.02953054
0.0,0.072646216
0.0,0.049437102
0.0,0.06601016
0.0,0.069039755
0.0,0.0066810185
0.0,0.05789111
0.0,0.06459099
0.0,0.036975186
0.0,0.05551263
0.0,0.060012586
0.0,0.06022297
0.0,0.06880192
0.0,0.038506493
0.0,0.10128474
0.0,0.06515509
0.0,0.06432151
0.0,0.055433076
0.0,0.042587474
0.0,0.07671722
0.0,0.07430809
0.0,0.0647894
0.0,0.040053792
0.0,0.055635057
0.0,0.05641228
0.0,0.057698365
0.0,0.06124729
0.0,0.06457459
0.0,0.038953092
0.0,0.05513226
0.0,0.047991015
0.0,0.057139624
0.0,0.06649651
0.0,0.054774355
1.0,0.08175408
0.0,0.06436419
1.0,0.051522464
0.0,0.04079774
0.0,0.07038103
0.0,0.07503738
1.0,0.056169163
0.0,0.081736036
0.0,0.06893953
0.0,0.073683634
0.0,0.06766332
0.0,0.06858259
0.0,0.06649784
0.0,0.04818134
0.0,0.08897045
0.0,0.07019878
0.0,0.036685772
0.0,0.047388848
0.0,0.085012436
0.0,0.07675249
0.0,0.027957447
1.0,0.041327078
0.0,0.03680749
0.0,0.03734113
0.0,0.048813157
0.0,0.053034298
0.0,0.03674322
0.0,0.08982923
0.0,0.058498763
0.0,0.0620168
0.0,0.032255467
0.0,0.04262199
0.0,0.039144784
0.0,0.046555504
1.0,0.04849095
0.0,0.062996276
1.0,0.08455032
0.0,0.043447897
0.0,0.06016287
0.0,0.06509155
0.0,0.07485962
0.0,0.06635092
0.0,0.10872023
0.0,0.08259423
0.0,0.04890868
0.0,0.10375937
0.0,0.07693979
0.0,0.097442284
0.0,0.04667235
0.0,0.073753536
0.0,0.070057705
0.0,0.043833435
0.0,0.058685213
0.0,0.089933805
0.0,0.06205305
0.0,0.062358838
0.0,0.052340064
0.0,0.048601482
0.0,0.025323076
0.0,0.07113079
0.0,0.085279465
0.0,0.0666163
0.0,0.052292258
0.0,0.063315965
0.0,0.049864948
0.0,0.03700632
0.0,0.056246836
0.0,0.046154544
0.0,0.060583547
0.0,0.057165157
0.0,0.07715894
0.0,0.06317133
0.0,0.05842159
0.0,0.06800074
0.0,0.06585976
1.0,0.040526263
0.0,0.087921605
1.0,0.049056437
0.0,0.04963529
0.0,0.066816114
0.0,0.051578782
0.0,0.050827153
0.0,0.07586624
0.0,0.04737945
0.0,0.06697067
0.0,0.07438332
0.0,0.058815707
0.0,0.03587316
0.0,0.075582266
0.0,0.07047627
0.0,0.03679131
0.0,0.071992256
0.0,0.115057364
0.0,0.0652154
0.0,0.03475507
0.0,0.060805324
0.0,0.07469677
0.0,0.043650936
0.0,0.068603456
0.0,0.049491197
0.0,0.053568922
0.0,0.054328006
0.0,0.074407436
0.0,0.066074945
0.0,0.046896577
0.0,0.044276066
0.0,0.06690974
0.0,0.0804519
0.0,0.006711118
0.0,0.0523941
0.0,0.07271225
0.0,0.034707986
0.0,0.03594624
0.0,0.06674226
0.0,0.03705741
0.0,0.03990052
0.0,0.07105376
0.0,0.08746471
0.0,0.07430162
0.0,0.056444906
0.0,0.09406358
0.0,0.025783125
0.0,0.06325084
0.0,0.04801672
0.0,0.05906815
0.0,0.045348644
0.0,0.09024365
0.0,0.050120614
0.0,0.042871684
0.0,0.045923926
0.0,0.05878066
0.0,0.06775026
0.0,0.08877314
0.0,0.07948363
0.0,0.047196083
0.0,0.07360489
0.0,0.051819555
0.0,0.05972342
0.0,0.05305639
0.0,0.07004584
0.0,0.063438974
0.0,0.0639314
0.0,0.08557
0.0,0.039142545
0.0,0.04357708
0.0,0.0685197
0.0,0.084834725
0.0,0.034671314
0.0,0.059142273
0.0,0.05045847
0.0,0.053516034
0.0,0.031864222
0.0,0.06602965
0.0,0.054836996
1.0,0.064276345
2.0,0.04440466
0.0,0.06900962
0.0,0.059919428
1.0,0.08724305
0.0,0.06574582
0.0,0.0702426
0.0,0.040780604
0.0,0.052967817
1.0,0.04837589
0.0,0.0647072
1.0,0.057847857
0.0,0.06230761
0.0,0.061530028
0.0,0.04747685
0.0,0.052066423
0.0,0.06106264
0.0,0.038912695
0.0,0.07467147
0.0,0.07085704
0.0,0.046844143
0.0,0.055356592
1.0,0.05388511
0.0,0.08230589
0.0,0.08188027
0.0,0.037094653
0.0,0.03691592
0.0,0.061330944
0.0,0.0849838
0.0,0.007825851
0.0,0.048034627
0.0,0.097135454
0.0,0.0737265
1.0,0.033772
0.0,0.0866043
0.0,0.039962936
0.0,0.039924555
0.0,0.050605766
0.0,0.07059665
0.0,0.07811908
0.0,0.035744924
0.0,0.081945345
1.0,0.042300686
0.0,0.0567845
0.0,0.05081992
0.0,0.07824822
0.0,0.038523205
0.0,0.060689993
0.0,0.055759642
0.0,0.038157985
0.0,0.057534114
0.0,0.062246688
0.0,0.09215164
0.0,0.04325225
0.0,0.061030168
0.0,0.035098415
0.0,0.041766923
0.0,0.06225479
1.0,0.042199392
0.0,0.038672164
0.0,0.04287717
0.0,0.055457674
0.0,0.09772053
0.0,0.05155471
0.0,0.043056946
0.0,0.036069475
2.0,0.059225187
0.0,0.06799177
0.0,0.051013555
0.0,0.009419815
0.0,0.054704703
0.0,0.032092035
0.0,0.056680188
0.0,0.03584305
0.0,0.0686694
0.0,0.046229474
0.0,0.037863515
0.0,0.061865855
0.0,0.083579466
0.0,0.03959845
0.0,0.041764643
0.0,0.037347194
0.0,0.051195405
0.0,0.08303305
0.0,0.0676169
0.0,0.04088957
0.0,0.06613729
1.0,0.05183844
0.0,0.06319308
0.0,0.047976967
0.0,0.08897242
0.0,0.051928975
0.0,0.050674003
0.0,0.01784888
0.0,0.03797872
0.0,0.045160167
0.0,0.085307024
0.0,0.035715893
0.0,0.037151705
0.0,0.04785627
0.0,0.05322509
0.0,0.041785486
0.0,0.025778472
0.0,0.03695983
0.0,0.056714483
0.0,0.046441518
0.0,0.056343526
0.0,0.0680785
0.0,0.04458762
0.0,0.094393715
0.0,0.08148834
0.0,0.054117285
0.0,0.0705711
0.0,0.037734576
0.0,0.066138744
0.0,0.088018864
0.0,0.065780915
0.0,0.07298309
0.0,0.044094704
0.0,0.040745694
0.0,0.055921506
0.0,0.061698742
0.0,0.022014229
0.0,0.06062055
0.0,0.08501531
0.0,0.06327241
0.0,0.04007579
0.0,0.105877385
0.0,0.0803639
0.0,0.030486643
0.0,0.043833915
0.0,0.048918176
0.0,0.007059715
0.0,0.07986387
0.0,0.06945507
0.0,0.06400237
0.0,0.08236188
0.0,0.04379069
0.0,0.040498503
0.0,0.045401156
0.0,0.048294507
0.0,0.04720198
0.0,0.05780472
0.0,0.04484269
0.0,0.08156809
0.0,0.07107343
0.0,0.04495866
0.0,0.07590231
0.0,0.004540301
0.0,0.05130694
0.0,0.062702075
0.0,0.055788897
0.0,0.041427013
0.0,0.06520174
0.0,0.04223764
0.0,0.033515126
0.0,0.055380262
1.0,0.055200152
0.0,0.06888999
0.0,0.084425
0.0,0.06066932
0.0,0.08889426
0.0,0.047133043
0.0,0.05780622
1.0,0.034643862
0.0,0.05304688
0.0,0.017994832
0.0,0.037320346
0.0,0.08117208
0.0,0.057464693
0.0,0.054167874
0.0,0.109400906
0.0,0.05468191
0.0,0.05257552
0.0,0.04569922
0.0,0.042372636
0.0,0.04680056
0.0,0.06845251
0.0,0.046800382
1.0,0.08204669
0.0,0.023478115
0.0,0.051489163
1.0,0.05732118
0.0,0.026114821
0.0,0.05183948
0.0,0.044046726
0.0,0.07554726
0.0,0.046832673
0.0,0.058565624
0.0,0.071591474
0.0,0.06828521
0.0,0.095638745
0.0,0.060485896
0.0,0.062311783
0.0,0.050229967
0.0,0.045291662
1.0,0.061097622
0.0,0.06979912
0.0,0.056832515
0.0,0.048840165
0.0,0.05474554
0.0,0.022138119
0.0,0.040311657
0.0,0.021415183
0.0,0.07985159
0.0,0.075331785
0.0,0.09694044
0.0,0.106485486
0.0,0.047090262
0.0,0.0392719
0.0,0.0537897
0.0,0.060351167
1.0,0.07282171
0.0,0.058592968
0.0,0.035205185
0.0,0.06366309
0.0,0.08289571
0.0,0.052413356
0.0,0.05939949
0.0,0.09121369
0.0,0.05136951
0.0,0.06817899
0.0,0.08523853
0.0,0.05557606
0.0,0.040458743
0.0,0.048904553
0.0,0.03955948
0.0,0.052185006
0.0,0.031172803
0.0,0.055826128
0.0,0.052609198
0.0,0.081315085
0.0,0.0442222
0.0,0.05132752
0.0,0.041589748
0.0,0.06396261
0.0,0.051318735
0.0,0.08307445
0.0,0.0508866
1.0,0.033222396
0.0,0.06763932
0.0,0.052678406
0.0,0.07249453
0.0,0.04798589
0.0,0.0072867293
0.0,0.047312282
1.0,0.005542735
0.0,0.04754942
0.0,0.03292578
0.0,0.0512907
1.0,0.05753964
0.0,0.06267478
1.0,0.057303663
0.0,0.06855658
0.0,0.07224968
0.0,0.047409154
0.0,0.06130491
0.0,0.050115574
0.0,0.08671657
0.0,0.09652216
0.0,0.07428727
0.0,0.04426545
0.0,0.060237158
0.0,0.06763977
0.0,0.0474884
0.0,0.043787487
0.0,0.032859247
0.0,0.07846369
0.0,0.064224236
0.0,0.059005402
0.0,0.053492665
0.0,0.108134545
0.0,0.039969623
0.0,0.058716718
0.0,0.04941972
1.0,0.044475004
0.0,0.07269572
0.0,0.08932516
0.0,0.010940977
0.0,0.074148685
0.0,0.04651908
0.0,0.06147683
0.0,0.06250608
0.0,0.076546624
0.0,0.06949678
1.0,0.010306537
0.0,0.04736822
0.0,0.04773491
0.0,0.054765254
0.0,0.05071563
0.0,0.04587383
0.0,0.049383514
0.0,0.040899463
0.0,0.04747606
0.0,0.06358354
1.0,0.014375143
0.0,0.04446604
0.0,0.00806322
0.0,0.058605433
0.0,0.0932028
0.0,0.05467409
0.0,0.04471782
0.0,0.047576953
0.0,0.07182789
0.0,0.06595605
0.0,0.04280354
0.0,0.04616262
0.0,0.008558923
0.0,0.09804698
0.0,0.05041095
0.0,0.07829782
0.0,0.02958785
0.0,0.045157194
0.0,0.040447023
0.0,0.07753736
0.0,0.06898081
0.0,0.11405191
0.0,0.06555324
0.0,0.073725685
0.0,0.060220614
0.0,0.113131896
0.0,0.073509715
0.0,0.10158705
0.0,0.060682297
0.0,0.08977726
0.0,0.05613615
0.0,0.024116926
0.0,0.051440988
0.0,0.03921473
0.0,0.047728285
0.0,0.029701289
0.0,0.04815145
0.0,0.06658324
0.0,0.04099681
0.0,0.043933563
0.0,0.07595483
0.0,0.052328236
0.0,0.07455513
0.0,0.046423282
0.0,0.07186109
0.0,0.062096383
0.0,0.054699928
0.0,0.065131895
0.0,0.034821317
0.0,0.05422187
0.0,0.058910843
0.0,0.037339374
0.0,0.060460176
0.0,0.06723489
0.0,0.03656756
0.0,0.025930889
0.0,0.03976389
0.0,0.045657933
0.0,0.0607071
0.0,0.040872823
0.0,0.0803321
0.0,0.07564767
0.0,0.086442195
0.0,0.06851107
0.0,0.04165592
0.0,0.06987781
0.0,0.017089002
0.0,0.085692376
0.0,0.036437668
0.0,0.06761542
0.0,0.07594252
0.0,0.053670082
0.0,0.04568532
0.0,0.058110554
1.0,0.04326549
0.0,0.02888878
0.0,0.06375805
0.0,0.059935518
0.0,0.032789182
0.0,0.05950932
0.0,0.04045447
0.0,0.045359027
0.0,0.0372961
0.0,0.05471644
0.0,0.055646863
0.0,0.071702264
1.0,0.034726635
0.0,0.07163009
0.0,0.08684692
0.0,0.06859706
0.0,0.061367176
0.0,0.040329583
0.0,0.04237617
0.0,0.07918388
0.0,0.03950677
0.0,0.059442587
0.0,0.05474998
0.0,0.021740934
0.0,0.052396074
0.0,0.111197926
0.0,0.0630644
0.0,0.052038573
0.0,0.080450825
0.0,0.05051675
0.0,0.066311024
0.0,0.048872806
0.0,0.060623802
0.0,0.058509685
0.0,0.03822091
0.0,0.07924321
1.0,0.064120226
0.0,0.05509674
0.0,0.066170886
0.0,0.055430394
0.0,0.066969454
0.0,0.049636073
0.0,0.04500957
0.0,0.06558992
0.0,0.07593915
0.0,0.061124224
0.0,0.04927496
0.0,0.13574585
0.0,0.036154583
0.0,0.05156189
0.0,0.07051793
0.0,0.10601755
0.0,0.054918654
0.0,0.0065385876
0.0,0.011946185
0.0,0.07376655
0.0,0.055075187
1.0,0.0077338074
0.0,0.06973888
0.0,0.09634841
0.0,0.08601222
0.0,0.056688715
0.0,0.08878362
0.0,0.06311713
0.0,0.09095782
0.0,0.059116896
0.0,0.04682436
0.0,0.067264386
0.0,0.05101848
0.0,0.074478894
1.0,0.07076529
0.0,0.047821708
0.0,0.042517785
0.0,0.044195868
0.0,0.084220104
0.0,0.044440415
0.0,0.04474116
0.0,0.06815658
0.0,0.035379447
0.0,0.057957344
0.0,0.06279062
0.0,0.05222095
0.0,0.04260872
0.0,0.05281371
0.0,0.06854164
0.0,0.06886945
0.0,0.07877408
0.0,0.0780533
0.0,0.03508563
0.0,0.050592568
0.0,0.08437158
0.0,0.044568315
0.0,0.047418933
0.0,0.059993647
0.0,0.041328184
0.0,0.07328677
0.0,0.0060341167
0.0,0.08591886
0.0,0.08624373
0.0,0.0453423
0.0,0.042323355
0.0,0.06959796
0.0,0.07703509
0.0,0.046135716
1.0,0.052215226
0.0,0.047138616
0.0,0.061837822
0.0,0.008189886
0.0,0.05998967
0.0,0.04177522
0.0,0.05098147
0.0,0.04456555
0.0,0.037305776
0.0,0.07907977
0.0,0.046019018
0.0,0.041833665
0.0,0.044971243
0.0,0.06644171
0.0,0.03215324
0.0,0.057973694
0.0,0.059945993
0.0,0.08350322
0.0,0.039167024
0.0,0.03438077
0.0,0.062355895
0.0,0.09281707
0.0,0.06816848
0.0,0.05431855
0.0,0.06691655
0.0,0.08609429
0.0,0.034356125
0.0,0.051696897
0.0,0.048072528
0.0,0.05860532
0.0,0.08431381
0.0,0.06467279
0.0,0.016588364
0.0,0.063970186
0.0,0.04896889
0.0,0.044481587
0.0,0.052359134
0.0,0.036204044
0.0,0.042772263
0.0,0.05442498
0.0,0.053373907
0.0,0.06079799
0.0,0.039228655
0.0,0.046728313
0.0,0.0298821
0.0,0.017917268
0.0,0.058897387
0.0,0.047917373
0.0,0.051981658
0.0,0.0758543
0.0,0.04998188
0.0,0.017105006
0.0,0.03750083
0.0,0.0709001
0.0,0.059216827
0.0,0.04597219
0.0,0.053188644
0.0,0.0593954
0.0,0.0758085
0.0,0.08003258
0.0,0.04677377
0.0,0.05672691
0.0,0.038622085
0.0,0.040452115
0.0,0.066770375
0.0,0.03318986
0.0,0.031084493
0.0,0.084107995
0.0,0.0431052
0.0,0.03710231
0.0,0.08667738
0.0,0.024492923
0.0,0.04426678
0.0,0.055778056
0.0,0.04903574
0.0,0.022383722
0.0,0.06841167
0.0,0.04914372
0.0,0.05170491
0.0,0.03973725
0.0,0.06043968
0.0,0.043546014
0.0,0.042094905
0.0,0.03344462
0.0,0.08904615
0.0,0.06313059
0.0,0.04956278
1.0,0.052162044
0.0,0.036733445
0.0,0.03539556
0.0,0.08460981
0.0,0.08261448
0.0,0.04675421
0.0,0.03781463
0.0,0.031499993
0.0,0.06866053
0.0,0.06741029
0.0,0.049889542
0.0,0.053308845
0.0,0.035582773
1.0,0.045299597
0.0,0.05155965
0.0,0.03837018
1.0,0.068912975
0.0,0.039595712
0.0,0.05114653
0.0,0.036241785
0.0,0.07664654
0.0,0.06719441
0.0,0.059656262
0.0,0.053688306
0.0,0.06692436
0.0,0.056673147
0.0,0.060743976
0.0,0.05472491
0.0,0.04068223
0.0,0.08929961
0.0,0.057275362
0.0,0.082660645
0.0,0.059240635
0.0,0.04226768
0.0,0.08590983
0.0,0.036689315
0.0,0.06573169
0.0,0.04437106
0.0,0.07504793
0.0,0.05456262
0.0,0.048349645
0.0,0.08741174
0.0,0.08565048
0.0,0.028820096
0.0,0.054997023
0.0,0.054018542
0.0,0.048590384
0.0,0.079164654
0.0,0.061648045
0.0,0.060058378
0.0,0.0666652
0.0,0.075636365
0.0,0.08928403
0.0,0.079729706
0.0,0.08114255
0.0,0.059568923
0.0,0.09228644
0.0,0.054317527
0.0,0.055533756
0.0,0.09564337
0.0,0.07021105
0.0,0.06758718
0.0,0.02963441
0.0,0.068633884
0.0,0.043109845
0.0,0.06945083
0.0,0.058422703
0.0,0.036483098
0.0,0.052399524
0.0,0.047742434
0.0,0.058073714
0.0,0.08314258
0.0,0.06651434
0.0,0.017486742
0.0,0.07169351
0.0,0.07500411
0.0,0.041591197
0.0,0.05676567
0.0,0.08245098
0.0,0.04036843
0.0,0.04815015
0.0,0.07357495
0.0,0.060021747
0.0,0.08620191
0.0,0.055598564
0.0,0.09168879
0.0,0.056524064
0.0,0.06871783
0.0,0.053511724
0.0,0.047164
0.0,0.044270717
0.0,0.031431857
0.0,0.08116097
0.0,0.08484931
0.0,0.07157726
0.0,0.05787429
0.0,0.066538356
0.0,0.056897454
0.0,0.045390215
0.0,0.053059466
0.0,0.07176818
0.0,0.033795323
0.0,0.06276965
1.0,0.081972934
0.0,0.009686113
0.0,0.043964975
0.0,0.04191628
0.0,0.048972555
0.0,0.04191734
0.0,0.090546764
0.0,0.07603069
0.0,0.058654916
0.0,0.055994406
0.0,0.057911485
0.0,0.047130685
0.0,0.033776652
1.0,0.04911015
0.0,0.09610827
0.0,0.04968843
0.0,0.010023344
0.0,0.0693365
0.0,0.064343795
1.0,0.10153702
0.0,0.07914403
0.0,0.06174167
1.0,0.044352055
0.0,0.035119917
0.0,0.034674916
0.0,0.060223456
0.0,0.040923566
0.0,0.07119036
0.0,0.03304475
0.0,0.043919276
0.0,0.07053591
0.0,0.047002513
0.0,0.06782076
0.0,0.069841765
0.0,0.06623216
0.0,0.065832205
0.0,0.047565747
0.0,0.05990566
0.0,0.053509068
0.0,0.004717383
0.0,0.049623363
0.0,0.04607538
0.0,0.0748988
0.0,0.05519939
0.0,0.06287958
0.0,0.039560232
0.0,0.04602872
0.0,0.039417326
0.0,0.0671982
0.0,0.085595325
0.0,0.065642886
0.0,0.05295115
0.0,0.06542866
0.0,0.035288125
0.0,0.07840731
0.0,0.042624865
0.0,0.06583212
0.0,0.035539668
0.0,0.060921036
0.0,0.09558889
0.0,0.0831469
0.0,0.051440585
0.0,0.06429122
0.0,0.052543078
0.0,0.09000334
0.0,0.041167226
0.0,0.041336272
0.0,0.044074416
0.0,0.057907082
0.0,0.062486514
0.0,0.06103989
0.0,0.08051862
0.0,0.05073694
0.0,0.042252228
0.0,0.07176484
0.0,0.055241376
0.0,0.039683957
0.0,0.050521545
0.0,0.042794824
0.0,0.00609287
0.0,0.058543593
0.0,0.058705114
0.0,0.036623
0.0,0.07361303
0.0,0.081484355
0.0,0.045837007
0.0,0.008508702
0.0,0.06740833
0.0,0.054230765
0.0,0.04214137
0.0,0.028947288
0.0,0.06819651
0.0,0.082479864
0.0,0.07185694
1.0,0.03396941
0.0,0.06724515
0.0,0.016121352
1.0,0.070298724
0.0,0.07958453
1.0,0.03975389
1.0,0.054677606
0.0,0.074471824
0.0,0.08478844
0.0,0.0677136
0.0,0.068235025
0.0,0.048143398
0.0,0.044372573
0.0,0.09302972
0.0,0.035090297
0.0,0.045299985
0.0,0.05463423
0.0,0.06738694
0.0,0.04847747
0.0,0.046063475
0.0,0.07693407
0.0,0.067334026
0.0,0.08159933
0.0,0.06748608
0.0,0.044571057
0.0,0.057992853
0.0,0.044203565
0.0,0.06945938
0.0,0.052912913
2.0,0.051784012
0.0,0.060324598
0.0,0.048122283
0.0,0.051330812
0.0,0.0481037
0.0,0.06884573
0.0,0.05587569
0.0,0.041560862
0.0,0.05413402
0.0,0.058330957
0.0,0.05673109
1.0,0.046272196
0.0,0.041857637
0.0,0.04954397
0.0,0.047416955
0.0,0.038208947
0.0,0.04133241
0.0,0.060883284
0.0,0.05432286
0.0,0.04013121
0.0,0.053485423
0.0,0.05506487
0.0,0.05266133
0.0,0.050478175
0.0,0.04186111
0.0,0.051025793
0.0,0.033160213
0.0,0.080627635
0.0,0.05426147
0.0,0.05351315
0.0,0.07875212
0.0,0.00806589
0.0,0.052017275
0.0,0.097584896
0.0,0.04444647
0.0,0.031183492
0.0,0.084240794
0.0,0.08002193
0.0,0.043112725
0.0,0.07608925
0.0,0.058147725
0.0,0.0548529
0.0,0.06989513
0.0,0.049920026
0.0,0.06554191
0.0,0.05037447
1.0,0.05161967
0.0,0.045750864
0.0,0.050401885
0.0,0.047707602
0.0,0.064983346
0.0,0.06506558
0.0,0.061930954
0.0,0.053576495
0.0,0.04607681
0.0,0.007842845
0.0,0.07431502
0.0,0.034521043
0.0,0.031906065
1.0,0.038165897
0.0,0.06806575
0.0,0.056191143
0.0,0.053644955
0.0,0.058434516
0.0,0.05868636
0.0,0.03425691
0.0,0.036454216
0.0,0.05902044
0.0,0.069161914
0.0,0.060841348
0.0,0.04836784
0.0,0.059243474
0.0,0.062957644
0.0,0.06357766
0.0,0.07394191
0.0,0.07859228
0.0,0.041018825
0.0,0.07371077
1.0,0.06102096
0.0,0.03172731
0.0,0.06900684
0.0,0.073607236
0.0,0.049868207
0.0,0.060500924
0.0,0.06240359
0.0,0.069068365
1.0,0.06608217
0.0,0.045645252
0.0,0.050356723
0.0,0.05775095
0.0,0.052850034
0.0,0.08027566
0.0,0.047808167
0.0,0.05320361
0.0,0.060695738
0.0,0.08065571
0.0,0.032235663
0.0,0.037198316
0.0,0.06803246
0.0,0.050400887
0.0,0.07267218
0.0,0.029696168
0.0,0.046556227
0.0,0.052244302
0.0,0.055920813
0.0,0.051080603
0.0,0.014690807
0.0,0.046620615
0.0,0.08358508
0.0,0.05824517
1.0,0.01699033
0.0,0.01787185
0.0,0.04709629
0.0,0.06520054
0.0,0.03136087
1.0,0.087017745
0.0,0.084880695
0.0,0.055231486
0.0,0.08180035
0.0,0.06371676
0.0,0.05679911
0.0,0.04981763
0.0,0.05213821
0.0,0.04186566
0.0,0.056382414
0.0,0.048345473
0.0,0.065737925
0.0,0.038683478
0.0,0.059551075
0.0,0.085426
0.0,0.09961645
0.0,0.04432922
0.0,0.0953193
0.0,0.049857236
0.0,0.07028048
0.0,0.055046424
0.0,0.059868205
0.0,0.049382806
0.0,0.056205817
0.0,0.09184535
0.0,0.057870604
0.0,0.057603262
1.0,0.056385696
0.0,0.057998467
0.0,0.0114131775
0.0,0.051760435
0.0,0.054020137
0.0,0.07204969
0.0,0.05424486
0.0,0.057772547
0.0,0.06949261
0.0,0.087648034
0.0,0.050928075
0.0,0.06802364
0.0,0.029301137
0.0,0.035872526
0.0,0.084749416
0.0,0.06444074
0.0,0.055326127
0.0,0.025700498
0.0,0.08379324
0.0,0.05453471
0.0,0.075378284
1.0,0.05807244
0.0,0.0402646
0.0,0.072281174
0.0,0.03647768
0.0,0.08380063
0.0,0.048547458
0.0,0.03879813
0.0,0.07116543
0.0,0.061211698
0.0,0.05348745
0.0,0.034054853
0.0,0.04197068
0.0,0.059154935
0.0,0.054573458
0.0,0.00869144
0.0,0.08340652
0.0,0.04309321
0.0,0.06843769
0.0,0.087956265
0.0,0.06727006
0.0,0.054096848
0.0,0.06359398
0.0,0.06749845
0.0,0.017233588
0.0,0.10274647
0.0,0.05121589
1.0,0.06734576
0.0,0.0063260673
0.0,0.01827699
0.0,0.034941662
0.0,0.06535794
0.0,0.05255479
0.0,0.0247799
0.0,0.0053336862
0.0,0.024663456
0.0,0.056821324
0.0,0.05747386
0.0,0.0530553
0.0,0.07826376
0.0,0.04045651
0.0,0.09152736
0.0,0.13181023
0.0,0.03848538
0.0,0.042867247
0.0,0.04453925
0.0,0.03508419
0.0,0.03734804
0.0,0.08724089
0.0,0.035842896
0.0,0.058482267
0.0,0.049117506
0.0,0.08264612
0.0,0.043191943
0.0,0.007118041
0.0,0.057405263
0.0,0.055457912
0.0,0.07491727
0.0,0.03988265
0.0,0.10149798
0.0,0.026382834
0.0,0.08200785
0.0,0.06971461
0.0,0.048929654
0.0,0.046520863
0.0,0.07012712
0.0,0.05842347
0.0,0.05707982
0.0,0.052274045
0.0,0.059913985
0.0,0.013316952
0.0,0.101254255
0.0,0.053958997
0.0,0.088521585
0.0,0.086689696
0.0,0.057144895
0.0,0.047105566
0.0,0.05655353
0.0,0.03960318
0.0,0.060710937
0.0,0.07580702
0.0,0.043729905
0.0,0.091905154
0.0,0.067972586
0.0,0.087541215
0.0,0.04745449
0.0,0.06755491
0.0,0.06968636
0.0,0.05811546
0.0,0.05949953
0.0,0.07401799
0.0,0.03936127
0.0,0.024327395
0.0,0.05820723
0.0,0.027128652
1.0,0.033543266
0.0,0.07443854
0.0,0.03135899
0.0,0.05953404
0.0,0.029081307
0.0,0.06918972
0.0,0.04652936
0.0,0.031682666
0.0,0.07078682
0.0,0.10197451
1.0,0.050684262
0.0,0.05932561
0.0,0.059954267
0.0,0.08476661
0.0,0.07029926
0.0,0.043188732
0.0,0.058115363
0.0,0.068381615
0.0,0.089849815
0.0,0.053248517
0.0,0.07380833
0.0,0.06908701
0.0,0.045752704
0.0,0.08184159
0.0,0.038336758
0.0,0.05153824
0.0,0.047623664
0.0,0.087112606
0.0,0.0634058
0.0,0.059258547
0.0,0.05455107
0.0,0.07464884
0.0,0.05019258
0.0,0.04311026
0.0,0.050508056
0.0,0.04168292
0.0,0.059190884
1.0,0.10032611
0.0,0.08408269
0.0,0.05245722
0.0,0.07429441
0.0,0.076150276
0.0,0.04217278
0.0,0.0068851667
0.0,0.06204864
0.0,0.047016095
0.0,0.04129292
0.0,0.02629853
1.0,0.044799186
0.0,0.046346016
0.0,0.05251997
0.0,0.037545606
0.0,0.069991276
0.0,0.04836527
0.0,0.04546397
0.0,0.103051126
0.0,0.07600615
0.0,0.06974329
0.0,0.040084332
0.0,0.013824223
0.0,0.04453042
0.0,0.05065243
0.0,0.031176578
0.0,0.0750804
0.0,0.07283459
0.0,0.01944953
0.0,0.06010512
0.0,0.040124405
0.0,0.03961406
0.0,0.06641274
0.0,0.040208075
0.0,0.04754153
0.0,0.08971006
0.0,0.04602422
0.0,0.047091126
0.0,0.047052823
0.0,0.04465743
0.0,0.033719484
1.0,0.07082931
0.0,0.0747561
0.0,0.046879895
0.0,0.043938253
1.0,0.06735265
1.0,0.0032019229
0.0,0.04491725
0.0,0.061720535
0.0,0.08123405
0.0,0.06625182
1.0,0.025451127
0.0,0.070063636
0.0,0.0639471
0.0,0.035274796
0.0,0.037997358
0.0,0.07669778
0.0,0.051471166
1.0,0.08021493
0.0,0.065765984
0.0,0.0628591
0.0,0.054703765
0.0,0.039750602
0.0,0.076633416
0.0,0.0939237
0.0,0.06998957
0.0,0.04254789
0.0,0.08532753
0.0,0.03449537
0.0,0.03420218
1.0,0.023734929
0.0,0.06343191
0.0,0.039741836
0.0,0.057820775
0.0,0.06548949
0.0,0.023924563
1.0,0.06179971
0.0,0.034082796
0.0,0.0527552
1.0,0.065148465
0.0,0.09715609
0.0,0.10268256
0.0,0.047750685
0.0,0.04278544
0.0,0.08033151
0.0,0.06912983
0.0,0.03575084
0.0,0.036870763
0.0,0.05431658
0.0,0.048282743
0.0,0.04841594
0.0,0.0683578
0.0,0.039674487
0.0,0.0619621
0.0,0.11953552
0.0,0.08223258
0.0,0.06602161
0.0,0.048116274
0.0,0.043586347
0.0,0.059031855
0.0,0.050430324
0.0,0.04427514
0.0,0.059197064
0.0,0.04174333
0.0,0.04776304
0.0,0.03402706
0.0,0.037930895
1.0,0.061769437
0.0,0.061689418
0.0,0.04493835
0.0,0.04694206
0.0,0.05821961
0.0,0.07043646
0.0,0.058666553
0.0,0.072172254
0.0,0.05947593
0.0,0.07919434
1.0,0.060828686
0.0,0.04992374
0.0,0.055584066
1.0,0.0533244
0.0,0.02196546
0.0,0.07442759
0.0,0.057256002
1.0,0.06997482
0.0,0.04355481
0.0,0.06648325
0.0,0.050315294
0.0,0.06967219
0.0,0.036431476
0.0,0.034624055
0.0,0.0640184
0.0,0.06566778
0.0,0.055940524
0.0,0.044627722
0.0,0.034934662
0.0,0.023829563
1.0,0.0044728545
0.0,0.06436661
0.0,0.048604056
0.0,0.026364712
0.0,0.05383735
0.0,0.02957046
0.0,0.0566595
0.0,0.09307918
0.0,0.045180067
0.0,0.057503466
0.0,0.047716703
0.0,0.065101236
0.0,0.03772816
0.0,0.032876786
0.0,0.07675935
0.0,0.038569283
0.0,0.07042491
0.0,0.009101452
0.0,0.037874315
0.0,0.0387226
0.0,0.041438866
0.0,0.059877843
0.0,0.07948269
0.0,0.051765077
0.0,0.061408784
0.0,0.05463927
0.0,0.09240082
0.0,0.056822218
0.0,0.048090167
0.0,0.06066698
0.0,0.041156422
0.0,0.041004688
0.0,0.04519099
0.0,0.052610427
0.0,0.03780372
0.0,0.03405561
0.0,0.04917824
0.0,0.036106233
0.0,0.05961935
0.0,0.06478652
0.0,0.06548619
0.0,0.06751919
0.0,0.057015296
0.0,0.03266767
0.0,0.012218964
0.0,0.07070169
1.0,0.038505133
0.0,0.07854636
0.0,0.04580432
0.0,0.0362928
1.0,0.07819708
0.0,0.04523126
0.0,0.0724929
0.0,0.062192097
0.0,0.02869087
0.0,0.054153167
0.0,0.053421624
0.0,0.07490827
0.0,0.005813866
0.0,0.0729636
0.0,0.08509189
0.0,0.07007928
0.0,0.058738798
0.0,0.0678505
0.0,0.05001006
0.0,0.052824046
0.0,0.035782076
0.0,0.05291609
0.0,0.037715912
0.0,0.06974723
0.0,0.04120501
0.0,0.09543352
0.0,0.05978509
0.0,0.076132685
0.0,0.065002
0.0,0.05565484
0.0,0.04661507
0.0,0.042342946
0.0,0.056367952
0.0,0.07531232
0.0,0.072721615
0.0,0.049824294
0.0,0.073340625
0.0,0.014503255
1.0,0.05008318
0.0,0.059651624
1.0,0.03932348
0.0,0.055439696
0.0,0.072119504
0.0,0.08012529
0.0,0.08440522
0.0,0.060530387
0.0,0.045000963
0.0,0.07755794
0.0,0.027841415
0.0,0.041106064
0.0,0.060094744
0.0,0.06020115
0.0,0.050453715
0.0,0.043927204
0.0,0.06763019
1.0,0.021803338
0.0,0.03226645
0.0,0.06491554
0.0,0.058249738
0.0,0.059498083
0.0,0.055276986
0.0,0.05874174
0.0,0.079919204
0.0,0.08949186
0.0,0.042288568
0.0,0.04077805
0.0,0.03800688
0.0,0.07225332
0.0,0.07054402
0.0,0.05697286
0.0,0.09990677
0.0,0.07415804
0.0,0.07012724
0.0,0.056163594
0.0,0.07168862
0.0,0.036173396
0.0,0.04552149
0.0,0.07017705
0.0,0.05639563
0.0,0.06525021
0.0,0.032732327
0.0,0.060399823
0.0,0.050285313
0.0,0.051409356
0.0,0.08710417
0.0,0.060648654
0.0,0.04611498
0.0,0.06840402
0.0,0.051570714
0.0,0.049128607
0.0,0.048169415
0.0,0.059856888
0.0,0.042994905
0.0,0.050102264
0.0,0.05844154
0.0,0.060729377
0.0,0.040180594
0.0,0.047877837
0.0,0.0768729
2.0,0.047395423
0.0,0.071629085
0.0,0.036464777
0.0,0.0687844
0.0,0.0480818
0.0,0.052204274
0.0,0.053789806
0.0,0.0334887
0.0,0.048962094
0.0,0.023763977
0.0,0.046150647
0.0,0.06498637
1.0,0.03667629
0.0,0.06683683
0.0,0.099761605
0.0,0.04612363
0.0,0.058508486
0.0,0.057314143
0.0,0.08731751
0.0,0.056138355
0.0,0.07992591
0.0,0.060815386
0.0,0.03992071
0.0,0.07168121
0.0,0.06195826
0.0,0.062241346
0.0,0.047023293
0.0,0.06845255
0.0,0.054598887
0.0,0.06711717
0.0,0.07842386
0.0,0.07448527
0.0,0.10083764
0.0,0.009070185
0.0,0.05793788
0.0,0.04772156
0.0,0.05747201
0.0,0.026636444
0.0,0.041604914
0.0,0.037307892
0.0,0.055721156
1.0,0.03883262
0.0,0.03368502
0.0,0.039932515
0.0,0.060385637
0.0,0.03817699
0.0,0.03577207
0.0,0.060065392
0.0,0.06456506
0.0,0.048223514
0.0,0.0443158
0.0,0.061454672
0.0,0.05443606
0.0,0.037524916
0.0,0.04496029
0.0,0.027196566
0.0,0.060139034
0.0,0.06558496
0.0,0.0494975
1.0,0.074527726
0.0,0.06935916
0.0,0.046975244
0.0,0.050453585
0.0,0.07934878
0.0,0.05103208
0.0,0.07638754
0.0,0.05259859
0.0,0.08357329
0.0,0.034004778
0.0,0.044218823
0.0,0.08855376
0.0,0.07749921
0.0,0.079940125
0.0,0.051234037
0.0,0.072650045
0.0,0.050240137
0.0,0.037483
0.0,0.07064587
0.0,0.055203997
0.0,0.05607145
0.0,0.07196689
0.0,0.055469364
0.0,0.08193667
1.0,0.038656842
0.0,0.07335126
0.0,0.04793968
0.0,0.06628102
0.0,0.05493442
0.0,0.05856663
0.0,0.039292842
0.0,0.031974044
0.0,0.03789875
0.0,0.050839987
0.0,0.06627572
0.0,0.03886476
0.0,0.052354466
0.0,0.075328805
0.0,0.050229117
0.0,0.04393817
0.0,0.06770592
0.0,0.07562975
0.0,0.09187606
0.0,0.069389775
0.0,0.056071796
0.0,0.06859137
0.0,0.055103045
0.0,0.042437546
0.0,0.07608585
0.0,0.07217711
0.0,0.070951
0.0,0.07017741
0.0,0.048062317
0.0,0.056673363
0.0,0.09475745
0.0,0.08922236
0.0,0.07670431
0.0,0.054999776
0.0,0.061715353
0.0,0.069768555
0.0,0.044633552
0.0,0.058314435
0.0,0.052378587
0.0,0.03991639
0.0,0.08084833
0.0,0.07591628
0.0,0.056516893
1.0,0.11739441
0.0,0.043060787
1.0,0.043596305
0.0,0.079287626
0.0,0.06794486
0.0,0.04628378
0.0,0.04984308
0.0,0.039192095
0.0,0.052765075
0.0,0.08114201
0.0,0.06499827
0.0,0.071583994
0.0,0.0461801
0.0,0.04144849
0.0,0.075896725
1.0,0.046171945
0.0,0.0645865
0.0,0.057106826
0.0,0.06224691
0.0,0.049125504
0.0,0.02974324
0.0,0.045553744
0.0,0.04548934
0.0,0.03662953
0.0,0.04709802
0.0,0.059244268
0.0,0.04822862
0.0,0.05391193
0.0,0.030839128
0.0,0.033624385
0.0,0.055123664
0.0,0.054549534
0.0,0.05995228
0.0,0.016489005
0.0,0.061685666
0.0,0.06342962
0.0,0.004978695
0.0,0.049459346
0.0,0.052797355
0.0,0.049223177
0.0,0.038878553
0.0,0.049758114
0.0,0.04870919
0.0,0.052623827
0.0,0.0704587
0.0,0.101629056
0.0,0.044042338
0.0,0.05440042
0.0,0.036914937
0.0,0.04756035
0.0,0.036972206
0.0,0.074624166
0.0,0.059251342
0.0,0.057109006
0.0,0.07166965
0.0,0.0568875
0.0,0.05638462
0.0,0.06380375
0.0,0.058627583
0.0,0.058741808
0.0,0.056335736
0.0,0.072271906
0.0,0.053359248
0.0,0.04322388
0.0,0.047905058
0.0,0.05870874
0.0,0.048136905
0.0,0.074736804
0.0,0.04392221
0.0,0.05297778
0.0,0.041920476
0.0,0.045194697
0.0,0.06190327
0.0,0.07435955
0.0,0.07896921
0.0,0.07418444
0.0,0.06189191
0.0,0.05883224
0.0,0.005811704
0.0,0.04431189
0.0,0.06772197
0.0,0.05830319
0.0,0.041658074
0.0,0.03987302
0.0,0.044295475
0.0,0.04023911
0.0,0.03902964
1.0,0.05652436
0.0,0.08496778
0.0,0.047684222
0.0,0.08861846
1.0,0.0703914
1.0,0.054942295
0.0,0.0640489
0.0,0.046707727
0.0,0.052631304
0.0,0.051781703
0.0,0.07121769
0.0,0.037625074
2.0,0.006360934
0.0,0.040633947
0.0,0.05123642
0.0,0.088345766
0.0,0.059001096
0.0,0.07225349
0.0,0.10805202
0.0,0.056476593
0.0,0.043927886
0.0,0.058748756
0.0,0.043298338
0.0,0.06286042
0.0,0.060525537
0.0,0.018404404
0.0,0.08759826
0.0,0.045514837
0.0,0.05042685
0.0,0.0784301
0.0,0.06690679
0.0,0.043266892
1.0,0.05056279
0.0,0.080437586
0.0,0.044206135
0.0,0.044229664
0.0,0.064784445
1.0,0.044240527
0.0,0.05689261
0.0,0.08072111
0.0,0.055620257
0.0,0.05447036
0.0,0.06282404
0.0,0.05125818
0.0,0.054852676
0.0,0.0568336
0.0,0.048650265
0.0,0.07463519
0.0,0.05069647
0.0,0.04315362
0.0,0.06853128
0.0,0.038773727
0.0,0.06646669
0.0,0.027019203
0.0,0.073566206
0.0,0.058194574
0.0,0.005265013
0.0,0.06743683
0.0,0.0486817
0.0,0.058831386
0.0,0.06360557
0.0,0.07550361
0.0,0.039171815
1.0,0.076401055
0.0,0.08602738
0.0,0.007878359
0.0,0.02330379
0.0,0.08008713
0.0,0.06519429
0.0,0.030424053
0.0,0.08915253
0.0,0.07378412
1.0,0.049428217
0.0,0.03614674
0.0,0.04466778
0.0,0.06274411
0.0,0.077171676
0.0,0.077645324
0.0,0.04879318
0.0,0.060609005
0.0,0.05818528
0.0,0.050546292
0.0,0.050936587
0.0,0.053900927
0.0,0.060127478
0.0,0.06489821
0.0,0.035783075
0.0,0.066244006
0.0,0.075667135
0.0,0.058139615
0.0,0.033542443
0.0,0.06170114
0.0,0.055418473
0.0,0.07410871
0.0,0.101071715
0.0,0.07946032
0.0,0.07118769
0.0,0.08752402
0.0,0.04480926
0.0,0.034089126
0.0,0.049516976
0.0,0.054395024
0.0,0.037588134
0.0,0.07111645
0.0,0.050054744
0.0,0.06799858
0.0,0.08885287
0.0,0.052027658
0.0,0.072594985
0.0,0.04772321
0.0,0.08534336
0.0,0.07500238
0.0,0.05944579
0.0,0.106656134
0.0,0.07623466
0.0,0.042776342
0.0,0.040136136
0.0,0.08729657
0.0,0.05655783
0.0,0.07348243
0.0,0.050253756
1.0,0.06284596
0.0,0.04086111
0.0,0.043912366
0.0,0.033719655
0.0,0.06192487
0.0,0.0911521
0.0,0.037827343
0.0,0.06648914
0.0,0.026954178
0.0,0.046925105
0.0,0.049260087
0.0,0.08098378
0.0,0.06868471
0.0,0.0611083
0.0,0.06286042
0.0,0.052551694
0.0,0.065598175
0.0,0.0771659
0.0,0.047139697
0.0,0.061561503
0.0,0.07801656
0.0,0.032717504
0.0,0.058275033
0.0,0.0377303
0.0,0.061226584
0.0,0.0756124
0.0,0.06599915
0.0,0.05552425
0.0,0.056898445
0.0,0.037795655
0.0,0.041319218
0.0,0.08350899
0.0,0.04454553
0.0,0.05463591
0.0,0.06681385
0.0,0.045280375
0.0,0.023418281
0.0,0.038987413
0.0,0.077626996
0.0,0.066412136
0.0,0.06210524
0.0,0.065573215
0.0,0.09245737
0.0,0.040857866
0.0,0.04789234
0.0,0.05207644
0.0,0.08898063
1.0,0.0066904007
0.0,0.06475887
0.0,0.048291203
0.0,0.056540683
0.0,0.039091773
0.0,0.0700555
0.0,0.054907367
0.0,0.046679854
0.0,0.038019516
0.0,0.0528109
0.0,0.04542867
1.0,0.06293456
0.0,0.08638133
0.0,0.067501895
0.0,0.06928892
0.0,0.05514354
0.0,0.05834054
0.0,0.073167175
0.0,0.04792498
1.0,0.040490963
0.0,0.035980802
0.0,0.064135976
1.0,0.04940962
0.0,0.06341712
0.0,0.06237466
0.0,0.053457666
0.0,0.05165609
0.0,0.0844897
0.0,0.07017983
0.0,0.044882126
0.0,0.057606395
0.0,0.041922055
0.0,0.060778454
0.0,0.07281931
0.0,0.04232496
0.0,0.055900685
0.0,0.061181508
0.0,0.057217166
0.0,0.050016798
0.0,0.08628019
0.0,0.069073305
0.0,0.074927114
0.0,0.05154226
0.0,0.06683442
0.0,0.035022013
0.0,0.040345624
0.0,0.036822155
0.0,0.048209064
0.0,0.088298246
0.0,0.013775318
0.0,0.056583606
0.0,0.07114668
0.0,0.04873111
0.0,0.077375054
0.0,0.055440515
0.0,0.07798011
1.0,0.06259452
0.0,0.08302256
0.0,0.050847877
0.0,0.06746004
0.0,0.04903637
0.0,0.04951544
0.0,0.070495464
0.0,0.06633736
0.0,0.045285992
0.0,0.069878355
0.0,0.051087886
0.0,0.05273865
0.0,0.043182947
0.0,0.07221261
0.0,0.03781078
0.0,0.034950543
0.0,0.0729783
0.0,0.03341642
0.0,0.07511019
0.0,0.06563856
0.0,0.06960254
0.0,0.04396443
0.0,0.052236993
0.0,0.077932216
2.0,0.03169232
0.0,0.06574811
0.0,0.04914386
0.0,0.053529613
1.0,0.05774525
0.0,0.045168974
0.0,0.07394533
0.0,0.041353866
0.0,0.044192214
1.0,0.06794594
0.0,0.034089103
0.0,0.07519697
0.0,0.043807
0.0,0.041222572
0.0,0.061443888
0.0,0.0685931
0.0,0.04835128
0.0,0.06619162
0.0,0.061402123
0.0,0.035450574
0.0,0.07979573
0.0,0.05660892
0.0,0.06687923
0.0,0.07111736
0.0,0.09699341
0.0,0.050957527
0.0,0.051997066
0.0,0.03925389
0.0,0.033154555
0.0,0.03604813
0.0,0.044257216
0.0,0.060549006
0.0,0.036829997
0.0,0.04120182
0.0,0.0748669
0.0,0.04123596
1.0,0.03705719
0.0,0.080081865
0.0,0.06301128
0.0,0.076011516
0.0,0.0398504
0.0,0.09035337
0.0,0.040456552
0.0,0.0065965857
0.0,0.0739245
0.0,0.050446752
0.0,0.022275345
0.0,0.07311232
0.0,0.046715803
0.0,0.037173573
0.0,0.045976993
0.0,0.07776026
0.0,0.089710765
0.0,0.0067367777
0.0,0.05389895
0.0,0.06617625
0.0,0.036085345
0.0,0.006310061
0.0,0.055559527
0.0,0.080798134
0.0,0.06841868
0.0,0.04946975
0.0,0.05871127
0.0,0.037864033
1.0,0.028065925
0.0,0.0526969
0.0,0.054609366
0.0,0.06736826
0.0,0.038857847
1.0,0.04193279
0.0,0.015008349
0.0,0.051649317
0.0,0.05911391
0.0,0.049352344
1.0,0.038455077
0.0,0.06696213
0.0,0.056695838
0.0,0.06116255
0.0,0.045795638
0.0,0.029316628
0.0,0.08419031
0.0,0.07248391
0.0,0.042556394
0.0,0.040172055
0.0,0.06330123
0.0,0.063724756
0.0,0.063831426
0.0,0.052104186
0.0,0.048148543
1.0,0.053857356
0.0,0.06392009
0.0,0.064534284
0.0,0.07997985
0.0,0.07298527
0.0,0.045306165
0.0,0.059795726
0.0,0.055954304
0.0,0.044264518
0.0,0.07088617
0.0,0.06703621
0.0,0.057785798
0.0,0.030703
0.0,0.069033995
0.0,0.03958935
0.0,0.056629788
0.0,0.049090065
0.0,0.04963702
0.0,0.0926495
0.0,0.082316846
0.0,0.06082049
0.0,0.05845921
0.0,0.042504486
0.0,0.0588821
0.0,0.047402374
0.0,0.07560631
0.0,0.05432737
0.0,0.056632735
0.0,0.04792825
0.0,0.034624938
0.0,0.07922723
1.0,0.09234254
0.0,0.05282974
0.0,0.0073290053
0.0,0.054754745
0.0,0.050800137
0.0,0.060638607
0.0,0.03685287
0.0,0.043057397
0.0,0.05225113
0.0,0.093417734
0.0,0.07188436
0.0,0.052952033
0.0,0.043251917
0.0,0.056248404
0.0,0.07512194
0.0,0.1014449
0.0,0.07813098
0.0,0.046379883
0.0,0.07787759
0.0,0.09661341
0.0,0.07799026
0.0,0.04574301
0.0,0.06434517
0.0,0.037181336
0.0,0.05058205
0.0,0.043749116
0.0,0.08334432
1.0,0.0673442
0.0,0.048301533
0.0,0.0435514
0.0,0.05466061
0.0,0.048604216
0.0,0.056696918
0.0,0.06578631
0.0,0.08688448
0.0,0.07101123
0.0,0.05848366
0.0,0.036060173
0.0,0.06984534
0.0,0.047022868
0.0,0.05102169
1.0,0.059535343
0.0,0.07137271
0.0,0.047651842
0.0,0.033083268
0.0,0.049263775
0.0,0.050446175
0.0,0.042440295
0.0,0.06632533
0.0,0.06411064
0.0,0.055484947
0.0,0.06804086
0.0,0.068813056
0.0,0.09203815
0.0,0.03556269
0.0,0.0563523
0.0,0.07698075
0.0,0.081055984
0.0,0.060765456
0.0,0.07826602
0.0,0.044931807
0.0,0.07715026
1.0,0.03551242
0.0,0.059371315
0.0,0.008997969
0.0,0.06800038
0.0,0.059128653
0.0,0.04748849
0.0,0.05131762
0.0,0.06072758
0.0,0.04830562
0.0,0.077604644
0.0,0.09340519
0.0,0.04355537
0.0,0.05700709
0.0,0.08534895
0.0,0.07621981
0.0,0.046051748
0.0,0.05133583
0.0,0.07190318
0.0,0.08398482
0.0,0.056031182
0.0,0.04767265
0.0,0.04148705
0.0,0.058983967
0.0,0.08616363
0.0,0.06877051
0.0,0.10796982
0.0,0.03281527
0.0,0.045421902
0.0,0.055224914
0.0,0.06621334
1.0,0.044708714
0.0,0.043927256
0.0,0.05068355
0.0,0.066008136
0.0,0.0401297
0.0,0.05618955
0.0,0.06479221
0.0,0.074031346
1.0,0.042764146
0.0,0.064228736
0.0,0.049979784
0.0,0.03625192
0.0,0.05197861
0.0,0.08625407
0.0,0.027685978
0.0,0.05236323
0.0,0.040557705
0.0,0.087999515
0.0,0.066348076
0.0,0.07368863
0.0,0.08258864
0.0,0.03514757
1.0,0.051592395
0.0,0.07678346
0.0,0.049586345
1.0,0.04130839
0.0,0.051427696
0.0,0.07419847
0.0,0.059982132
0.0,0.06894096
0.0,0.038538564
0.0,0.061657127
0.0,0.035635307
0.0,0.08164699
0.0,0.06128936
0.0,0.06499968
0.0,0.060007665
0.0,0.055495318
0.0,0.06428913
0.0,0.0631396
0.0,0.091868415
0.0,0.06311384
0.0,0.07135381
0.0,0.0691898
0.0,0.046907075
0.0,0.063546896
0.0,0.06602019
0.0,0.053525873
0.0,0.11317547
0.0,0.08184405
0.0,0.06010016
0.0,0.07013829
0.0,0.029448189
0.0,0.035158657
0.0,0.047373485
0.0,0.042225517
0.0,0.047317382
0.0,0.04946956
0.0,0.054729216
0.0,0.070675805
0.0,0.04528515
0.0,0.017293442
1.0,0.007948113
0.0,0.07348963
0.0,0.04395681
0.0,0.04532937
0.0,0.050323047
0.0,0.034499794
0.0,0.033943664
0.0,0.05315561
0.0,0.06786518
0.0,0.023511456
0.0,0.050566785
0.0,0.061775535
0.0,0.08217131
0.0,0.031983804
0.0,0.109366454
0.0,0.054148905
0.0,0.09091169
0.0,0.056051373
0.0,0.0666669
1.0,0.047053415
0.0,0.061180577
0.0,0.082659066
0.0,0.025045805
1.0,0.05311413
0.0,0.04097227
0.0,0.07972102
0.0,0.07633835
0.0,0.05015105
0.0,0.065197386
0.0,0.09263207
0.0,0.007609652
1.0,0.05773325
0.0,0.08808243
0.0,0.05787887
1.0,0.044389173
0.0,0.04457616
0.0,0.05284047
0.0,0.02432474
0.0,0.04761059
0.0,0.036595862
0.0,0.06521643
0.0,0.038603544
0.0,0.05907377
0.0,0.046273984
0.0,0.08233702
0.0,0.08170009
0.0,0.048087396
0.0,0.025997918
0.0,0.022250403
0.0,0.0256381
0.0,0.040465
0.0,0.06091267
0.0,0.065973125
0.0,0.043372512
0.0,0.07829282
0.0,0.046237346
0.0,0.065338865
0.0,0.078881145
0.0,0.04932864
0.0,0.044216156
0.0,0.06488911
0.0,0.056435943
0.0,0.062943
0.0,0.05738118
0.0,0.037691668
0.0,0.066298485
0.0,0.111476965
0.0,0.059304934
0.0,0.06275229
0.0,0.05173385
1.0,0.053414058
0.0,0.05429069
0.0,0.05240222
0.0,0.02153605
0.0,0.04865052
0.0,0.089777544
0.0,0.049558546
0.0,0.042572245
0.0,0.043091483
0.0,0.0614574
1.0,0.05936735
0.0,0.069000855
0.0,0.07558045
0.0,0.08196598
0.0,0.075601496
1.0,0.08205553
0.0,0.030142099
0.0,0.052190233
0.0,0.046108656
1.0,0.03505303
0.0,0.08693994
0.0,0.059043314
0.0,0.04922029
1.0,0.04382617
0.0,0.04872832
0.0,0.06848987
0.0,0.041388232
1.0,0.045124497
0.0,0.07637299
0.0,0.08181779
0.0,0.049066752
0.0,0.07164452
0.0,0.046294495
0.0,0.06579752
0.0,0.03731937
0.0,0.037662625
0.0,0.052703608
0.0,0.039623138
0.0,0.056980222
0.0,0.06383499
0.0,0.08235477
0.0,0.06346189
0.0,0.039713155
0.0,0.072629124
1.0,0.06928905
0.0,0.06555399
1.0,0.06009033
0.0,0.07847155
0.0,0.05891962
0.0,0.07563159
0.0,0.06780585
0.0,0.039934002
0.0,0.06344044
0.0,0.02734102
0.0,0.05637545
0.0,0.016461194
0.0,0.0606501
0.0,0.07711369
0.0,0.03612607
0.0,0.05844491
0.0,0.05728858
1.0,0.053723328
0.0,0.079116255
0.0,0.063285805
0.0,0.07648927
0.0,0.034257513
0.0,0.019946313
0.0,0.050208714
0.0,0.04961816
0.0,0.036354758
0.0,0.07592892
0.0,0.06377335
1.0,0.07862091
0.0,0.07292856
0.0,0.058500174
0.0,0.063213065
0.0,0.08387114
0.0,0.091671765
0.0,0.088031605
0.0,0.0503042
0.0,0.03338849
0.0,0.056247104
0.0,0.05980368
0.0,0.10294381
0.0,0.065375745
0.0,0.055697024
0.0,0.060807876
0.0,0.06439169
0.0,0.10577209
0.0,0.06668122
0.0,0.04009804
0.0,0.040517285
1.0,0.03912357
0.0,0.07307645
0.0,0.044645995
0.0,0.039462537
0.0,0.08761488
0.0,0.056127757
0.0,0.054053172
0.0,0.08643222
0.0,0.035593517
0.0,0.025708355
0.0,0.044337884
0.0,0.053782996
0.0,0.06347376
0.0,0.063723795
0.0,0.042557266
1.0,0.03764093
0.0,0.033015683
0.0,0.10554754
0.0,0.03789528
1.0,0.06500932
0.0,0.061918166
0.0,0.08028141
0.0,0.05478926
0.0,0.06818064
0.0,0.04689651
0.0,0.043625582
0.0,0.06621557
0.0,0.04391983
0.0,0.064683646
0.0,0.060659427
1.0,0.036519125
0.0,0.034280095
0.0,0.092421174
0.0,0.061205406
0.0,0.033830643
0.0,0.04177651
0.0,0.057795003
0.0,0.050644293
0.0,0.04175193
0.0,0.04386423
0.0,0.05283499
0.0,0.043297812
0.0,0.042493433
0.0,0.041151986
0.0,0.069708
0.0,0.04584293
0.0,0.037474945
0.0,0.06840658
0.0,0.071807615
0.0,0.05435394
0.0,0.05271532
0.0,0.044788346
0.0,0.029065968
0.0,0.08071734
0.0,0.043426875
0.0,0.080491
0.0,0.07864696
0.0,0.04980415
0.0,0.07665701
0.0,0.064970456
0.0,0.06329948
1.0,0.04713764
0.0,0.07316309
0.0,0.05086751
0.0,0.06709419
0.0,0.05099153
0.0,0.06552487
0.0,0.05367277
0.0,0.040610306
0.0,0.102121174
1.0,0.034043685
0.0,0.055141173
0.0,0.03780473
0.0,0.06291476
0.0,0.06836279
0.0,0.071434036
0.0,0.049093984
1.0,0.047417894
0.0,0.06651793
0.0,0.05825182
0.0,0.04910542
0.0,0.059539262
0.0,0.04188523
0.0,0.054991685
0.0,0.022311978
0.0,0.044948168
0.0,0.04254123
0.0,0.040162653
0.0,0.08216085
0.0,0.047575843
0.0,0.04179629
0.0,0.056662664
0.0,0.058043342
0.0,0.05749032
0.0,0.04948835
1.0,0.07615872
0.0,0.050866053
0.0,0.05241233
0.0,0.06363768
0.0,0.06816345
0.0,0.0734043
0.0,0.025611304
0.0,0.0717985
0.0,0.069314905
0.0,0.051832803
0.0,0.062019415
0.0,0.10935397
0.0,0.03623242
0.0,0.07205459
0.0,0.04293686
0.0,0.0837722
0.0,0.02885931
0.0,0.037907306
0.0,0.09224999
0.0,0.05256948
0.0,0.035453923
0.0,0.029253295
0.0,0.07883072
0.0,0.046245825
0.0,0.06065616
0.0,0.07244098
0.0,0.07141552
0.0,0.06187019
0.0,0.044774145
0.0,0.057739113
0.0,0.042217605
0.0,0.06506151
0.0,0.056495097
0.0,0.051042814
0.0,0.061961833
0.0,0.029175904
0.0,0.052332953
0.0,0.05639828
0.0,0.06096393
0.0,0.092109144
0.0,0.058042347
0.0,0.09506874
0.0,0.06462975
0.0,0.045648944
0.0,0.04861968
0.0,0.08620183
0.0,0.0798992
0.0,0.0896151
0.0,0.06962209
0.0,0.037900828
0.0,0.06289643
0.0,0.037090637
0.0,0.071565464
0.0,0.057480205
0.0,0.04540708
0.0,0.031270333
0.0,0.052205864
0.0,0.068554275
0.0,0.100693084
0.0,0.053198077
0.0,0.048886344
0.0,0.08033283
0.0,0.0375016
0.0,0.08902719
0.0,0.03706541
0.0,0.050628405
0.0,0.0584856
0.0,0.057536777
0.0,0.06857647
0.0,0.07289694
0.0,0.054830045
0.0,0.029493326
0.0,0.06576476
0.0,0.0573261
0.0,0.044758778
0.0,0.04609327
0.0,0.06489838
0.0,0.0681227
0.0,0.041850433
1.0,0.034235816
0.0,0.041748445
0.0,0.017896187
0.0,0.08095916
0.0,0.084682986
0.0,0.06770837
0.0,0.035291366
0.0,0.059175335
0.0,0.04567127
0.0,0.040969156
0.0,0.06639482
0.0,0.04078134
0.0,0.07773877
0.0,0.04177528
0.0,0.05345554
0.0,0.080368884
0.0,0.0075758835
0.0,0.03054779
0.0,0.055645667
0.0,0.038881592
0.0,0.03380725
0.0,0.06568541
0.0,0.054640286
0.0,0.07491252
0.0,0.09047292
0.0,0.059493233
0.0,0.050642166
1.0,0.068198286
0.0,0.072609834
0.0,0.052659042
0.0,0.05665195
0.0,0.046640337
0.0,0.06293064
0.0,0.082539685
0.0,0.043292463
0.0,0.103504196
0.0,0.041436
0.0,0.050270304
0.0,0.0524607
0.0,0.064045206
0.0,0.039536536
0.0,0.069253325
0.0,0.09964876
1.0,0.04474459
1.0,0.05010249
0.0,0.02966615
0.0,0.077815056
0.0,0.05572947
0.0,0.041960474
0.0,0.053982567
0.0,0.05344063
0.0,0.07207091
0.0,0.062302366
0.0,0.037030652
0.0,0.080943555
0.0,0.06624827
0.0,0.036137685
0.0,0.06742543
0.0,0.06367936
0.0,0.061691258
0.0,0.07886567
0.0,0.060124237
0.0,0.059278104
0.0,0.047850564
0.0,0.07390085
0.0,0.049623102
0.0,0.06836028
0.0,0.04915621
0.0,0.065168366
0.0,0.0872764
0.0,0.070966765
0.0,0.062675186
0.0,0.07044244
0.0,0.07544322
0.0,0.07418308
0.0,0.031950895
0.0,0.057063494
0.0,0.047033057
0.0,0.036511064
0.0,0.059306618
0.0,0.0553314
0.0,0.017004749
0.0,0.08638772
0.0,0.05671348
0.0,0.04142416
0.0,0.04206914
0.0,0.034574956
0.0,0.046645634
1.0,0.04821464
0.0,0.042935174
0.0,0.035724886
0.0,0.06995654
0.0,0.095076576
0.0,0.0906281
0.0,0.08718388
0.0,0.007703803
0.0,0.046434253
0.0,0.031833813
0.0,0.044457827
0.0,0.044070028
0.0,0.045070972
0.0,0.04571694
0.0,0.042074837
0.0,0.059707757
0.0,0.057344336
0.0,0.091455966
0.0,0.03804795
0.0,0.06869551
0.0,0.05806311
0.0,0.042676143
0.0,0.031425968
0.0,0.05470319
0.0,0.08559232
0.0,0.07018334
0.0,0.072417825
0.0,0.067291
0.0,0.056458835
0.0,0.066927046
0.0,0.056540858
1.0,0.07711463
0.0,0.04296443
0.0,0.06526947
0.0,0.05968709
0.0,0.03635885
0.0,0.06699395
0.0,0.041435547
0.0,0.047059935
0.0,0.042869363
0.0,0.04052467
0.0,0.04882831
0.0,0.0652749
0.0,0.05733225
0.0,0.05476771
0.0,0.05769652
0.0,0.051235564
0.0,0.06681967
0.0,0.06616332
0.0,0.06311074
0.0,0.04198022
0.0,0.040607527
0.0,0.077586584
0.0,0.04456091
0.0,0.10787001
1.0,0.06267465
0.0,0.06546571
0.0,0.062412858
0.0,0.04116755
0.0,0.035060752
0.0,0.016714394
0.0,0.04659079
0.0,0.07791953
0.0,0.08561696
0.0,0.04780256
0.0,0.04820379
0.0,0.06455063
0.0,0.057858106
0.0,0.0714463
0.0,0.049799725
0.0,0.044944867
0.0,0.0528277
0.0,0.05656557
0.0,0.04748292
0.0,0.041285727
0.0,0.06990842
0.0,0.05806311
0.0,0.050527953
0.0,0.056966614
0.0,0.0425248
0.0,0.029678721
0.0,0.062095497
0.0,0.06126962
0.0,0.08063471
0.0,0.077726394
0.0,0.073706985
0.0,0.05319951
0.0,0.078198664
0.0,0.041577574
0.0,0.023481077
0.0,0.01864808
0.0,0.07741814
0.0,0.045896366
0.0,0.04808689
0.0,0.04373001
0.0,0.10782702
0.0,0.057590358
0.0,0.051733404
0.0,0.056020215
0.0,0.069914654
0.0,0.061493497
0.0,0.039515816
0.0,0.040056095
0.0,0.040585175
0.0,0.06416272
0.0,0.03614574
0.0,0.04589343
0.0,0.066778064
0.0,0.046033952
0.0,0.04396613
0.0,0.067057185
0.0,0.09052202
0.0,0.0879823
0.0,0.14303806
0.0,0.017654054
0.0,0.073781446
0.0,0.05037985
0.0,0.05867816
0.0,0.0690415
0.0,0.065897405
0.0,0.06272401
0.0,0.053988334
0.0,0.059982978
0.0,0.04732316
1.0,0.047030535
0.0,0.026867729
0.0,0.06417458
0.0,0.054965694
0.0,0.05818034
0.0,0.08840267
0.0,0.061106887
0.0,0.038238928
0.0,0.06754637
0.0,0.05683498
0.0,0.052183963
0.0,0.04692946
0.0,0.048619308
0.0,0.06529951
0.0,0.07184035
0.0,0.05047701
0.0,0.047192574
1.0,0.08890745
0.0,0.028945066
0.0,0.074153975
0.0,0.047482885
0.0,0.06139662
1.0,0.032906663
0.0,0.06311707
0.0,0.050357755
0.0,0.06360222
0.0,0.03262435
0.0,0.055287585
0.0,0.04141597
0.0,0.03691652
0.0,0.06183386
0.0,0.06555293
0.0,0.06934228
0.0,0.0772779
0.0,0.06979897
0.0,0.07168059
1.0,0.0507411
0.0,0.023596808
0.0,0.069173686
0.0,0.047785856
0.0,0.041377172
0.0,0.11740524
0.0,0.04508043
0.0,0.055746444
0.0,0.056103982
0.0,0.034740414
0.0,0.06684342
0.0,0.05389878
0.0,0.04231743
0.0,0.07870814
0.0,0.0580566
0.0,0.04055711
0.0,0.030354418
0.0,0.031845145
0.0,0.05953469
1.0,0.04735911
0.0,0.08081705
0.0,0.050234497
0.0,0.008750924
0.0,0.06759471
0.0,0.07684919
0.0,0.049443573
0.0,0.052517287
0.0,0.03468613
0.0,0.03806463
0.0,0.043845568
0.0,0.051350936
1.0,0.073070444
0.0,0.047055796
0.0,0.06581422
0.0,0.04003051
0.0,0.0067694653
0.0,0.045233212
0.0,0.048392557
0.0,0.049485035
0.0,0.04084168
0.0,0.07192588
0.0,0.008551581
0.0,0.056839697
0.0,0.045284133
0.0,0.039631452
0.0,0.06281811
1.0,0.038692094
0.0,0.057146966
0.0,0.04043127
0.0,0.068958454
0.0,0.07737463
0.0,0.057973832
0.0,0.048606582
0.0,0.016797824
0.0,0.08070728
0.0,0.07869469
0.0,0.06487084
0.0,0.044488035
1.0,0.05016948
1.0,0.051438905
0.0,0.045106933
0.0,0.052468393
0.0,0.036390085
0.0,0.04569857
0.0,0.09279684
0.0,0.065160245
0.0,0.04262833
0.0,0.06313736
0.0,0.04482405
0.0,0.045424663
0.0,0.044175897
0.0,0.048794426
0.0,0.10927648
0.0,0.043053538
0.0,0.06539682
0.0,0.06539559
1.0,0.04050701
0.0,0.050713427
0.0,0.06253889
0.0,0.04515715
0.0,0.09123048
0.0,0.09044999
0.0,0.044169135
0.0,0.06187205
0.0,0.06479343
1.0,0.067075446
0.0,0.0504124
0.0,0.039975382
0.0,0.03909744
0.0,0.06319543
0.0,0.056217395
0.0,0.06956122
0.0,0.06498089
0.0,0.07699301
0.0,0.06378615
0.0,0.00888053
0.0,0.0822971
0.0,0.041957993
0.0,0.077863865
0.0,0.06823854
0.0,0.033844
0.0,0.033010583
0.0,0.04742427
0.0,0.06986292
0.0,0.06859642
0.0,0.079712234
0.0,0.054832228
0.0,0.051246464
0.0,0.08217313
0.0,0.06277891
0.0,0.07241201
0.0,0.040059455
0.0,0.053936344
0.0,0.08837116
0.0,0.08044186
0.0,0.043442637
0.0,0.06651027
0.0,0.063993156
0.0,0.058545187
0.0,0.04288264
0.0,0.058812816
0.0,0.053635836
0.0,0.062687874
0.0,0.057901893
0.0,0.036471914
0.0,0.10109775
0.0,0.066691175
0.0,0.074675545
0.0,0.08997406
0.0,0.0438785
0.0,0.063292086
0.0,0.05777245
0.0,0.059409887
0.0,0.07761023
0.0,0.058543064
0.0,0.10272379
0.0,0.05419437
0.0,0.05384888
0.0,0.06719647
0.0,0.03317078
0.0,0.06396207
0.0,0.044209402
0.0,0.0828509
0.0,0.034307946
0.0,0.052507773
0.0,0.06669468
0.0,0.078881785
0.0,0.08206181
0.0,0.04680433
0.0,0.096855775
0.0,0.090678915
0.0,0.043049823
0.0,0.03459168
0.0,0.053138856
0.0,0.043102138
0.0,0.056888476
0.0,0.05634186
0.0,0.05420967
0.0,0.042501446
0.0,0.074494556
0.0,0.035741568
0.0,0.0034322063
0.0,0.05167511
0.0,0.06708485
0.0,0.04897216
0.0,0.10102035
1.0,0.07501449
0.0,0.049660303
0.0,0.05600889
0.0,0.106405646
0.0,0.057129093
0.0,0.04957923
0.0,0.052988127
0.0,0.081925556
0.0,0.07517533
0.0,0.055967443
0.0,0.0724334
0.0,0.05007814
0.0,0.036308344
0.0,0.037380207
0.0,0.075897865
0.0,0.06719104
0.0,0.07525815
0.0,0.06994323
0.0,0.074280955
0.0,0.044110496
0.0,0.065291725
0.0,0.04767116
0.0,0.03993518
0.0,0.022295563
0.0,0.08079139
0.0,0.051386
0.0,0.07304403
0.0,0.063487165
0.0,0.09664301
1.0,0.037365336
0.0,0.09068866
0.0,0.051882457
0.0,0.05771712
0.0,0.08005962
0.0,0.067350656
1.0,0.06606118
0.0,0.046159714
0.0,0.078436084
0.0,0.0064834487
2.0,0.046782643
0.0,0.055713054
0.0,0.06387728
0.0,0.057828635
0.0,0.068436876
0.0,0.083380714
0.0,0.07744485
0.0,0.033180397
0.0,0.06720174
0.0,0.0839268
0.0,0.06519491
0.0,0.060182437
0.0,0.06779265
0.0,0.0751345
0.0,0.047481675
0.0,0.0151503
0.0,0.06357829
0.0,0.053491976
0.0,0.03380244
0.0,0.054652087
0.0,0.08380011
0.0,0.043454167
0.0,0.038293704
0.0,0.03891095
0.0,0.053581923
0.0,0.044063546
0.0,0.08049004
0.0,0.045246564
0.0,0.04865406
0.0,0.031028826
0.0,0.03498329
0.0,0.06756297
0.0,0.030643832
0.0,0.069536425
0.0,0.065176755
1.0,0.080744
0.0,0.06906725
0.0,0.067632124
0.0,0.060892805
0.0,0.006579007
0.0,0.057724852
0.0,0.036910262
0.0,0.056422878
0.0,0.039495207
0.0,0.047860935
0.0,0.048236683
0.0,0.04351156
0.0,0.04640156
0.0,0.049259618
0.0,0.03891115
0.0,0.09086668
0.0,0.028044723
0.0,0.08085953
0.0,0.05742099
0.0,0.005818675
0.0,0.05314017
0.0,0.032852925
0.0,0.046428606
0.0,0.08755689
1.0,0.047186248
0.0,0.056297496
0.0,0.04638381
0.0,0.032137692
0.0,0.032449365
0.0,0.06898947
0.0,0.056099407
0.0,0.07137894
0.0,0.06046926
0.0,0.04283045
0.0,0.09027451
0.0,0.08071584
1.0,0.069569595
1.0,0.03815689
1.0,0.07289868
0.0,0.07542609
0.0,0.0491024
0.0,0.03374456
0.0,0.041388232
0.0,0.046024416
0.0,0.039308414
0.0,0.048364934
0.0,0.050066154
0.0,0.053418618
0.0,0.07298379
0.0,0.09018238
0.0,0.061039176
0.0,0.050465107
0.0,0.036505233
0.0,0.04603289
0.0,0.02820347
1.0,0.055517446
0.0,0.052679587
0.0,0.071094766
0.0,0.040373184
0.0,0.0424301
0.0,0.032335036
1.0,0.05789296
0.0,0.050150163
0.0,0.054261804
0.0,0.094816186
0.0,0.05734721
0.0,0.06748992
0.0,0.06473912
0.0,0.05637153
0.0,0.05697911
0.0,0.052746333
0.0,0.036081295
0.0,0.04881852
0.0,0.06410742
0.0,0.08635963
0.0,0.054844987
0.0,0.041897815
0.0,0.05087447
0.0,0.0513767
0.0,0.04425004
0.0,0.044965647
0.0,0.04563237
0.0,0.06326144
0.0,0.07504441
1.0,0.041884974
0.0,0.038119927
0.0,0.04874804
1.0,0.04330733
0.0,0.06489979
0.0,0.03895156
0.0,0.049843878
0.0,0.050941225
0.0,0.035777666
0.0,0.056325957
0.0,0.08568038
1.0,0.06530107
0.0,0.00997805
0.0,0.0664541
1.0,0.024596859
0.0,0.054315545
0.0,0.06370543
0.0,0.05729339
0.0,0.044772163
0.0,0.046510704
0.0,0.06520586
0.0,0.05943186
0.0,0.052377414
0.0,0.052613515
0.0,0.040671095
0.0,0.09570001
0.0,0.07427555
0.0,0.06423998
0.0,0.029127536
0.0,0.0708016
0.0,0.046512365
0.0,0.05007098
0.0,0.039147556
0.0,0.06469901
0.0,0.04927496
0.0,0.114509925
0.0,0.07145965
0.0,0.04307845
0.0,0.041645084
0.0,0.08690989
0.0,0.034983065
0.0,0.0067424723
0.0,0.041188896
0.0,0.09050485
0.0,0.055385146
0.0,0.043316398
0.0,0.049586985
0.0,0.058255084
0.0,0.043659877
0.0,0.040888146
0.0,0.046123765
0.0,0.037681825
0.0,0.07329292
1.0,0.05222048
0.0,0.06462294
0.0,0.035446465
0.0,0.037312135
0.0,0.07105613
0.0,0.032514032
0.0,0.048151158
0.0,0.042253193
0.0,0.066000536
0.0,0.05049078
0.0,0.059211645
2.0,0.04367306
2.0,0.076084115
0.0,0.047755353
0.0,0.07639833
0.0,0.048519466
0.0,0.04169929
0.0,0.053666998
1.0,0.054506086
0.0,0.100629486
0.0,0.054920882
0.0,0.032093134
0.0,0.042462625
0.0,0.049167816
0.0,0.045507982
0.0,0.076458715
0.0,0.07370683
0.0,0.08611851
0.0,0.043702975
0.0,0.06864727
0.0,0.054171786
0.0,0.04174083
0.0,0.045606952
0.0,0.05283866
0.0,0.036846843
0.0,0.010220364
0.0,0.029461995
0.0,0.09214
0.0,0.027264383
0.0,0.04364946
0.0,0.039800234
0.0,0.078801386
0.0,0.07145904
0.0,0.057654925
0.0,0.053597845
0.0,0.03335688
0.0,0.05271238
0.0,0.067809954
1.0,0.052385982
0.0,0.06415035
0.0,0.053245284
0.0,0.056370452
0.0,0.11517393
0.0,0.04854542
0.0,0.083684966
0.0,0.063300535
0.0,0.056772735
0.0,0.05142869
0.0,0.06847844
0.0,0.00895687
0.0,0.072911575
1.0,0.05081541
0.0,0.06645923
0.0,0.056628373
0.0,0.054807
0.0,0.05262955
0.0,0.05129948
0.0,0.068702795
0.0,0.039611764
0.0,0.07338045
0.0,0.08606644
0.0,0.05844246
0.0,0.0778124
0.0,0.021252694
0.0,0.04557786
0.0,0.04505103
0.0,0.03664632
0.0,0.05325469
0.0,0.071839675
0.0,0.070228964
0.0,0.053651683
0.0,0.059233714
0.0,0.008287433
0.0,0.0705667
0.0,0.04944994
0.0,0.041071277
0.0,0.07030456
0.0,0.05529085
0.0,0.056359757
0.0,0.06695962
0.0,0.0702426
0.0,0.08362407
0.0,0.062151097
0.0,0.044606544
0.0,0.07472222
0.0,0.06672257
0.0,0.079480484
0.0,0.05336865
0.0,0.062491894
0.0,0.06492503
0.0,0.047988635
0.0,0.028460165
0.0,0.0656964
0.0,0.11171014
0.0,0.047607046
1.0,0.07067697
0.0,0.039074704
0.0,0.048296325
0.0,0.055057544
0.0,0.06370902
0.0,0.057837956
1.0,0.07302719
0.0,0.038237195
0.0,0.06454162
0.0,0.0732769
0.0,0.048490807
0.0,0.045902073
0.0,0.04315772
0.0,0.088905305
0.0,0.058820557
0.0,0.04107781
0.0,0.044928472
0.0,0.055526976
0.0,0.07863996
0.0,0.08048262
0.0,0.0577191
1.0,0.056102954
0.0,0.06838871
0.0,0.10323024
0.0,0.09069459
0.0,0.07006181
0.0,0.05034527
0.0,0.043598194
0.0,0.062970854
0.0,0.03942118
0.0,0.05106353
0.0,0.08288582
1.0,0.051471304
0.0,0.06714124
0.0,0.043940224
0.0,0.071765274
0.0,0.079871014
0.0,0.061204035
0.0,0.037061963
0.0,0.08667531
0.0,0.03819665
0.0,0.038421497
0.0,0.056859363
0.0,0.06223446
0.0,0.06508359
0.0,0.051570922
0.0,0.038107842
0.0,0.03592643
0.0,0.08201518
0.0,0.059158828
0.0,0.07174835
0.0,0.032820035
0.0,0.040607285
0.0,0.053984694
0.0,0.045097455
0.0,0.061508615
1.0,0.0625687
0.0,0.08443803
0.0,0.04001131
0.0,0.052069563
0.0,0.044554718
0.0,0.05787211
0.0,0.068172485
0.0,0.054365918
0.0,0.06723952
0.0,0.051750787
0.0,0.08705738
0.0,0.043155547
0.0,0.0896622
0.0,0.09503012
0.0,0.043287963
0.0,0.045757778
0.0,0.047515173
0.0,0.03341884
0.0,0.04111817
0.0,0.10274721
0.0,0.040976778
1.0,0.045891397
0.0,0.059732206
0.0,0.06429958
0.0,0.0239014
0.0,0.044701733
0.0,0.06974828
0.0,0.08414027
0.0,0.059501644
0.0,0.06673815
1.0,0.059833802
0.0,0.031539235
0.0,0.06746122
0.0,0.0385429
1.0,0.046500772
0.0,0.035519473
0.0,0.02975307
0.0,0.069629915
0.0,0.03775917
0.0,0.058812816
0.0,0.047492363
0.0,0.069514945
0.0,0.07644628
0.0,0.038258262
0.0,0.06298931
0.0,0.0654593
0.0,0.042198375
0.0,0.055047084
0.0,0.07761835
0.0,0.082116805
0.0,0.09465372
0.0,0.05091466
0.0,0.06046946
0.0,0.08423748
0.0,0.04585892
0.0,0.08763452
0.0,0.078172214
0.0,0.06933182
0.0,0.008674974
0.0,0.044824198
0.0,0.016396683
0.0,0.096295245
0.0,0.0712242
0.0,0.09461369
0.0,0.058650274
0.0,0.047094077
0.0,0.10161047
0.0,0.09848223
0.0,0.06326095
0.0,0.05581352
0.0,0.050230674
0.0,0.07415373
0.0,0.03853533
0.0,0.08281915
0.0,0.06789978
0.0,0.06857986
0.0,0.07316997
0.0,0.04724099
0.0,0.06825758
0.0,0.082428396
0.0,0.056653447
0.0,0.05103247
0.0,0.067422025
0.0,0.045063153
0.0,0.08299968
0.0,0.06720982
0.0,0.09798234
0.0,0.03566863
0.0,0.037094194
0.0,0.07230972
0.0,0.0647398
1.0,0.059685938
0.0,0.04500705
0.0,0.06748288
0.0,0.055467725
1.0,0.0454949
0.0,0.055473797
0.0,0.053653833
0.0,0.085036606
0.0,0.047861245
0.0,0.04682152
0.0,0.053445473
0.0,0.07177511
0.0,0.034661595
0.0,0.06879654
0.0,0.042520937
0.0,0.052898128
0.0,0.039519526
0.0,0.057593897
0.0,0.031874336
0.0,0.061264098
0.0,0.059010074
0.0,0.032856323
0.0,0.068036236
0.0,0.057393044
0.0,0.03892335
0.0,0.06610813
0.0,0.078898
0.0,0.07270493
0.0,0.056948673
0.0,0.049281232
0.0,0.05499158
0.0,0.036872488
0.0,0.08861755
0.0,0.04044197
0.0,0.053308465
0.0,0.044349186
0.0,0.0555013
0.0,0.045489453
0.0,0.057216235
0.0,0.052400924
0.0,0.05271649
0.0,0.092218176
0.0,0.08664796
0.0,0.057272304
0.0,0.06384932
0.0,0.062007204
0.0,0.045691974
0.0,0.08714898
0.0,0.023364613
0.0,0.04652133
0.0,0.053771213
0.0,0.07269487
0.0,0.086927414
0.0,0.07750241
0.0,0.04670666
0.0,0.05431622
0.0,0.06772497
0.0,0.086562924
0.0,0.04603693
0.0,0.0681375
0.0,0.09120838
0.0,0.03658195
1.0,0.052994244
0.0,0.049918715
0.0,0.07648781
0.0,0.046282865
1.0,0.044694155
0.0,0.04867956
0.0,0.04731648
0.0,0.0779465
0.0,0.04572375
0.0,0.06237445
0.0,0.05346194
0.0,0.044785045
0.0,0.06516635
0.0,0.05859153
0.0,0.040623143
0.0,0.04839968
1.0,0.04965321
0.0,0.041868787
0.0,0.07967089
0.0,0.061932694
0.0,0.07634625
0.0,0.06480896
0.0,0.06656545
0.0,0.06946347
0.0,0.029289745
0.0,0.06114641
0.0,0.060246162
0.0,0.04873428
0.0,0.056773197
0.0,0.055848144
0.0,0.07486522
0.0,0.08096513
0.0,0.042655353
0.0,0.009807494
0.0,0.08514908
0.0,0.07309838
0.0,0.040590033
0.0,0.055662654
0.0,0.09278474
0.0,0.072917625
0.0,0.057329517
0.0,0.057959184
0.0,0.041648492
0.0,0.059333645
0.0,0.086984225
0.0,0.05466735
0.0,0.04552152
0.0,0.039687343
0.0,0.03933065
3.0,0.05153229
0.0,0.023303984
0.0,0.06896641
0.0,0.0057047005
0.0,0.039592996
0.0,0.075169906
0.0,0.09306551
0.0,0.074241646
0.0,0.05652021
0.0,0.048467
0.0,0.06857294
0.0,0.06817964
0.0,0.036978308
0.0,0.053839624
0.0,0.035138596
0.0,0.08781422
0.0,0.058864765
0.0,0.044803746
0.0,0.06290333
0.0,0.06517244
0.0,0.07364366
0.0,0.07196438
0.0,0.051610764
0.0,0.060260627
0.0,0.05833638
0.0,0.10333554
0.0,0.04802509
0.0,0.06751571
0.0,0.05861499
0.0,0.06027494
0.0,0.055424288
0.0,0.07532198
0.0,0.056915324
0.0,0.04692162
0.0,0.0508355
0.0,0.056606248
0.0,0.06303364
0.0,0.07877432
0.0,0.040785562
0.0,0.045754746
0.0,0.05577839
0.0,0.1123922
0.0,0.037773397
0.0,0.042452622
0.0,0.089490496
0.0,0.04458984
0.0,0.054713756
0.0,0.042649955
0.0,0.036048196
0.0,0.070837244
0.0,0.07527094
0.0,0.029748779
0.0,0.068867855
0.0,0.046359077
0.0,0.055444047
0.0,0.07349783
0.0,0.07960277
0.0,0.06333668
0.0,0.07324333
0.0,0.049433812
0.0,0.045919828
0.0,0.013620493
0.0,0.065579444
1.0,0.055543013
0.0,0.034953844
0.0,0.04815287
0.0,0.015990153
0.0,0.051561493
0.0,0.0656639
0.0,0.045702163
0.0,0.062005874
0.0,0.050277952
0.0,0.06910633
0.0,0.059826415
0.0,0.05278138
0.0,0.06029354
1.0,0.05287034
0.0,0.06546461
0.0,0.04335288
0.0,0.06492145
0.0,0.08054802
0.0,0.057593487
0.0,0.08557121
0.0,0.07654619
0.0,0.053721815
0.0,0.011515402
0.0,0.048017453
0.0,0.08811429
0.0,0.06242835
0.0,0.050254285
0.0,0.10074207
0.0,0.04470771
1.0,0.051393375
0.0,0.053873975
0.0,0.06105807
0.0,0.046099953
0.0,0.06315187
0.0,0.069293395
0.0,0.062882334
0.0,0.0749921
0.0,0.038568787
0.0,0.050299607
0.0,0.02142037
0.0,0.08198576
1.0,0.049320936
0.0,0.044259835
0.0,0.048946828
0.0,0.041773155
0.0,0.09033058
0.0,0.032422725
0.0,0.045170963
0.0,0.086285375
0.0,0.07785449
0.0,0.035969533
0.0,0.03439066
0.0,0.077363305
0.0,0.09856947
0.0,0.058490552
0.0,0.03877329
0.0,0.08762961
0.0,0.05534102
0.0,0.05508073
1.0,0.035028677
0.0,0.08055641
0.0,0.04870034
0.0,0.040070403
0.0,0.043141555
0.0,0.059399858
0.0,0.046320908
0.0,0.052905556
0.0,0.03481611
0.0,0.06452758
0.0,0.04739766
0.0,0.06672979
0.0,0.04439529
0.0,0.049764093
0.0,0.0521661
0.0,0.07040953
0.0,0.060008608
0.0,0.05989689
0.0,0.08592531
0.0,0.03462149
0.0,0.07095002
0.0,0.040691163
0.0,0.04150458
0.0,0.09202619
0.0,0.09308657
0.0,0.027867287
0.0,0.069252156
1.0,0.065720595
0.0,0.030693334
0.0,0.048527192
0.0,0.032753576
1.0,0.051420584
0.0,0.110118054
0.0,0.026941689
0.0,0.059638828
0.0,0.080101416
0.0,0.04071262
1.0,0.06586773
0.0,0.035165723
0.0,0.058409415
0.0,0.057986647
0.0,0.051193498
0.0,0.077901006
0.0,0.04879075
0.0,0.07423763
0.0,0.05445691
1.0,0.04767683
0.0,0.08244774
0.0,0.06114988
0.0,0.054936018
0.0,0.04665504
0.0,0.008794697
0.0,0.0588878
0.0,0.04338456
0.0,0.0630597
0.0,0.07158867
0.0,0.049028095
0.0,0.0556069
0.0,0.052048698
0.0,0.030988969
0.0,0.06395616
0.0,0.068687975
0.0,0.029144416
0.0,0.038501497
0.0,0.039507657
0.0,0.0562149
0.0,0.047398068
0.0,0.049698737
0.0,0.040264443
0.0,0.05211143
0.0,0.09361733
0.0,0.0672692
0.0,0.044462852
0.0,0.041788895
0.0,0.05054069
0.0,0.06997484
0.0,0.07959129
0.0,0.052301496
0.0,0.082842566
0.0,0.031473074
0.0,0.073313504
0.0,0.09822714
0.0,0.035942502
0.0,0.038756296
0.0,0.025182461
0.0,0.03248893
0.0,0.06779633
1.0,0.035847884
0.0,0.0869343
0.0,0.10914231
0.0,0.05959523
0.0,0.057570327
0.0,0.07931056
0.0,0.051112276
0.0,0.06489456
0.0,0.055762462
0.0,0.08828744
0.0,0.05104363
0.0,0.053129558
0.0,0.047988407
0.0,0.05381151
0.0,0.055784084
0.0,0.05685364
0.0,0.058788087
0.0,0.0665741
0.0,0.044856954
0.0,0.057579014
0.0,0.06356686
0.0,0.04820262
0.0,0.055668756
0.0,0.06912608
0.0,0.06280869
0.0,0.03746129
0.0,0.03735332
1.0,0.06749652
0.0,0.046420485
1.0,0.10448405
0.0,0.06991667
0.0,0.07945085
0.0,0.051641706
0.0,0.04518027
0.0,0.09195743
0.0,0.056946598
0.0,0.046368893
0.0,0.06409745
0.0,0.07411166
0.0,0.056664433
0.0,0.05028473
0.0,0.06992846
0.0,0.038377445
0.0,0.03711994
0.0,0.055959463
0.0,0.042594053
0.0,0.036475264
0.0,0.06610239
0.0,0.036346816
0.0,0.08414486
0.0,0.07624831
0.0,0.055968564
0.0,0.06747628
0.0,0.07446263
0.0,0.085642025
0.0,0.075340584
0.0,0.05120649
0.0,0.06363585
0.0,0.07106561
0.0,0.116258636
0.0,0.016872965
0.0,0.046014696
0.0,0.073566504
0.0,0.074147396
0.0,0.050190356
0.0,0.057546146
0.0,0.04629892
0.0,0.093285434
0.0,0.10028751
0.0,0.05870528
0.0,0.06053902
0.0,0.06145092
0.0,0.08301897
0.0,0.04308268
1.0,0.06224406
0.0,0.034560014
0.0,0.072718784
0.0,0.06509784
0.0,0.06449439
0.0,0.05136204
0.0,0.050108023
0.0,0.0766349
0.0,0.09569159
0.0,0.06460034
0.0,0.052181065
0.0,0.08622545
0.0,0.040542267
0.0,0.106028795
0.0,0.036323644
0.0,0.033377357
0.0,0.039311647
0.0,0.039884027
1.0,0.036172956
0.0,0.056105882
0.0,0.067182474
0.0,0.06487708
0.0,0.08871825
0.0,0.073111966
0.0,0.045541495
0.0,0.061184295
0.0,0.08166492
0.0,0.04148622
0.0,0.02810552
1.0,0.04806942
0.0,0.07637676
0.0,0.05532217
0.0,0.024410002
0.0,0.025747245
0.0,0.075303376
0.0,0.035690185
0.0,0.040716443
0.0,0.07196262
0.0,0.03780266
0.0,0.0421598
0.0,0.053336076
1.0,0.10973648
0.0,0.07363433
0.0,0.048510224
0.0,0.043555453
0.0,0.059557408
0.0,0.053741273
0.0,0.055778764
1.0,0.07000736
0.0,0.07475464
0.0,0.060530704
0.0,0.036774877
0.0,0.047800075
0.0,0.05452774
0.0,0.041612916
0.0,0.048628792
1.0,0.03652989
0.0,0.066825844
0.0,0.06002687
0.0,0.08464509
1.0,0.035786852
0.0,0.07520724
0.0,0.049168423
0.0,0.04809964
0.0,0.063679084
0.0,0.05977239
0.0,0.07678707
0.0,0.085471556
0.0,0.055390522
0.0,0.05292722
0.0,0.07315448
0.0,0.047602937
0.0,0.033752784
0.0,0.034424867
0.0,0.09503828
1.0,0.048586804
1.0,0.042975985
0.0,0.08061823
0.0,0.047155187
0.0,0.088228606
0.0,0.07779558
0.0,0.03849312
0.0,0.06421984
0.0,0.050894268
0.0,0.033579834
0.0,0.044459663
0.0,0.05602704
0.0,0.07797814
0.0,0.0713675
0.0,0.053715397
0.0,0.04765688
0.0,0.035753824
0.0,0.057759393
0.0,0.07865815
0.0,0.08771382
0.0,0.049106933
0.0,0.06685338
0.0,0.08593437
0.0,0.036013253
0.0,0.06829143
0.0,0.100783706
0.0,0.083868705
0.0,0.06147941
0.0,0.05745575
0.0,0.034367222
0.0,0.037902553
0.0,0.06799247
0.0,0.067883626
1.0,0.07168668
0.0,0.06853584
0.0,0.050706416
0.0,0.023111045
0.0,0.043404702
0.0,0.057046287
0.0,0.06016287
0.0,0.044565
0.0,0.08063471
0.0,0.07415631
0.0,0.043325126
0.0,0.028603358
0.0,0.10849257
0.0,0.05287639
0.0,0.04923396
0.0,0.036748677
0.0,0.079197355
0.0,0.0968009
0.0,0.033101603
0.0,0.068968944
0.0,0.0058122417
0.0,0.08443082
1.0,0.045155667
1.0,0.06528821
1.0,0.0453225
0.0,0.09100656
0.0,0.030910568
0.0,0.04768779
0.0,0.056716725
0.0,0.04929632
0.0,0.08525714
0.0,0.06411677
0.0,0.06699745
0.0,0.0489402
0.0,0.06605491
0.0,0.04799465
0.0,0.037068907
0.0,0.03581445
0.0,0.063236125
0.0,0.07580281
0.0,0.08980256
0.0,0.03488
0.0,0.09218797
0.0,0.065267354
0.0,0.03938887
0.0,0.05346891
0.0,0.05127972
0.0,0.05391486
0.0,0.042956583
0.0,0.07889164
0.0,0.092464775
0.0,0.0481417
0.0,0.10022171
0.0,0.08370248
0.0,0.05789797
0.0,0.11871466
0.0,0.083487794
0.0,0.06860131
0.0,0.030332657
0.0,0.06586023
0.0,0.059674285
0.0,0.043734577
0.0,0.04232717
0.0,0.040073976
1.0,0.055545222
0.0,0.05591052
0.0,0.07329372
0.0,0.03502075
0.0,0.04899361
0.0,0.056557063
0.0,0.043565724
0.0,0.019437866
0.0,0.055279084
0.0,0.061604656
0.0,0.04826429
0.0,0.07132022
0.0,0.06769798
0.0,0.09051402
0.0,0.09992555
0.0,0.063029826
0.0,0.06910614
0.0,0.045366935
0.0,0.013359763
0.0,0.057303526
0.0,0.082305856
0.0,0.0420465
0.0,0.044658035
0.0,0.082617514
0.0,0.08173929
0.0,0.104249425
0.0,0.08708071
0.0,0.058262322
0.0,0.04663936
0.0,0.039168302
0.0,0.0569304
0.0,0.04419608
0.0,0.08018677
0.0,0.04242076
0.0,0.06532726
0.0,0.040649362
0.0,0.061478164
0.0,0.051022083
0.0,0.03296911
0.0,0.045879405
0.0,0.05327158
0.0,0.076617986
0.0,0.037555795
0.0,0.04980238
0.0,0.06929224
0.0,0.025450654
0.0,0.052177094
0.0,0.050734244
0.0,0.05735091
0.0,0.048948742
0.0,0.06400646
0.0,0.047827892
0.0,0.0637461
0.0,0.052318294
0.0,0.09150129
0.0,0.054315273
0.0,0.063646756
0.0,0.049357474
0.0,0.041459244
0.0,0.039593175
0.0,0.05496269
0.0,0.044943646
0.0,0.041208606
0.0,0.053236205
0.0,0.058537144
0.0,0.039371774
0.0,0.037190415
0.0,0.054705694
0.0,0.05915835
0.0,0.027038509
0.0,0.049119238
0.0,0.04154861
0.0,0.051221766
0.0,0.06402501
0.0,0.053108077
0.0,0.05569864
0.0,0.03726883
0.0,0.09024228
0.0,0.040796738
0.0,0.047112126
0.0,0.043878898
0.0,0.050994962
0.0,0.05962286
0.0,0.03329419
0.0,0.047492918
0.0,0.03309521
0.0,0.050933283
0.0,0.016226633
0.0,0.051197432
0.0,0.070571475
0.0,0.04702446
0.0,0.03524428
0.0,0.046567116
0.0,0.05975478
1.0,0.05383227
0.0,0.047152534
0.0,0.06684556
0.0,0.061276264
0.0,0.048610892
0.0,0.046618704
0.0,0.056163657
0.0,0.07202111
0.0,0.043007966
0.0,0.045264177
0.0,0.06475279
0.0,0.048237775
0.0,0.038606048
0.0,0.037628196
0.0,0.008361234
0.0,0.08326454
0.0,0.06497769
0.0,0.073117845
0.0,0.04073806
0.0,0.09091017
0.0,0.04990947
0.0,0.017295249
0.0,0.064656354
0.0,0.113360696
0.0,0.044243068
0.0,0.051882297
0.0,0.060286753
0.0,0.052244216
0.0,0.10375361
0.0,0.05135019
0.0,0.0506498
0.0,0.07042985
0.0,0.06971803
1.0,0.071477406
0.0,0.08156969
0.0,0.07175436
0.0,0.047841154
0.0,0.043420166
0.0,0.029277045
1.0,0.050198443
0.0,0.076782964
0.0,0.04072019
0.0,0.058843773
1.0,0.052891392
0.0,0.065090016
0.0,0.0697055
0.0,0.053416375
0.0,0.06727292
0.0,0.04461637
0.0,0.07289465
0.0,0.034524187
0.0,0.03732962
0.0,0.045138337
0.0,0.0681963
0.0,0.07991913
0.0,0.034985777
0.0,0.07539503
0.0,0.05899578
0.0,0.042488284
0.0,0.07892223
0.0,0.05966225
0.0,0.055277355
0.0,0.056826174
0.0,0.060624093
0.0,0.064015165
0.0,0.080654055
0.0,0.0353255
0.0,0.06203512
0.0,0.03973259
0.0,0.055055313
0.0,0.055110678
0.0,0.036882177
0.0,0.08113058
0.0,0.08640082
1.0,0.05467169
0.0,0.041050103
0.0,0.04229151
0.0,0.0567477
0.0,0.049379274
0.0,0.051717557
0.0,0.06299416
0.0,0.06261841
0.0,0.05102736
0.0,0.03604782
1.0,0.05304072
0.0,0.057985112
0.0,0.07019552
0.0,0.055864472
0.0,0.090709254
0.0,0.07568332
0.0,0.053890828
0.0,0.03545595
1.0,0.083430745
0.0,0.06265379
0.0,0.07075334
0.0,0.021858787
0.0,0.045972303
0.0,0.07358508
0.0,0.058355674
0.0,0.0346832
0.0,0.050118156
0.0,0.10385738
0.0,0.06701068
0.0,0.020993127
0.0,0.083363615
0.0,0.08824983
0.0,0.04741889
0.0,0.03135292
0.0,0.009530657
0.0,0.056814834
0.0,0.08798364
0.0,0.037150703
0.0,0.058627766
0.0,0.0595958
0.0,0.051118128
0.0,0.08317767
0.0,0.09168455
0.0,0.07866085
0.0,0.04283707
0.0,0.07528873
0.0,0.075687125
0.0,0.039989926
0.0,0.07623242
0.0,0.06679569
0.0,0.03734007
1.0,0.06748774
0.0,0.045251347
0.0,0.05931127
0.0,0.06991377
0.0,0.06421701
0.0,0.05357463
0.0,0.047254138
0.0,0.033441868
0.0,0.08684091
0.0,0.07094674
0.0,0.03505745
0.0,0.06283493
0.0,0.07692934
0.0,0.04252564
0.0,0.0584856
0.0,0.03849263
0.0,0.031182578
0.0,0.08620633
0.0,0.043408096
0.0,0.07091063
0.0,0.07622259
0.0,0.04540433
0.0,0.1024608
0.0,0.058752216
0.0,0.08773957
0.0,0.050521135
0.0,0.0991913
0.0,0.06145167
0.0,0.036040507
0.0,0.024222149
0.0,0.056857124
0.0,0.06709422
0.0,0.010376412
0.0,0.10359126
0.0,0.053859062
0.0,0.055828974
0.0,0.042256474
0.0,0.08011849
0.0,0.100394234
0.0,0.07230006
0.0,0.07669767
0.0,0.03503886
0.0,0.04663678
0.0,0.042696133
0.0,0.03441999
0.0,0.044422723
0.0,0.049870443
0.0,0.07023248
0.0,0.10458718
0.0,0.050293192
1.0,0.05760597
0.0,0.07637702
0.0,0.08118818
0.0,0.05733023
0.0,0.024862442
0.0,0.07886362
0.0,0.07253619
0.0,0.060226645
0.0,0.07088479
0.0,0.065543756
0.0,0.06833707
0.0,0.08304075
0.0,0.048944563
0.0,0.042010244
0.0,0.051814888
0.0,0.04515195
0.0,0.045533232
1.0,0.072495446
0.0,0.052284688
0.0,0.06924821
0.0,0.074908376
0.0,0.07733133
0.0,0.07876997
0.0,0.050697252
0.0,0.05226183
0.0,0.036089234
0.0,0.030892849
0.0,0.06766001
0.0,0.020707482
0.0,0.07885437
1.0,0.08024826
0.0,0.06343229
0.0,0.06442412
0.0,0.08407704
0.0,0.07575918
0.0,0.051676206
0.0,0.08204487
0.0,0.09962099
0.0,0.077978805
0.0,0.06493764
0.0,0.061092086
0.0,0.059195966
0.0,0.07807298
0.0,0.044316746
0.0,0.06406307
0.0,0.07584318
0.0,0.053758252
2.0,0.030715244
0.0,0.050491236
0.0,0.059306774
0.0,0.049457096
0.0,0.07532468
0.0,0.007035516
0.0,0.074466534
0.0,0.06664594
0.0,0.052179508
0.0,0.09324697
0.0,0.08129239
0.0,0.0064546196
0.0,0.059004784
0.0,0.064221844
0.0,0.05358991
0.0,0.072301775
0.0,0.06232557
0.0,0.05486077
0.0,0.044649713
0.0,0.0906144
0.0,0.08257344
0.0,0.029002884
0.0,0.055232063
0.0,0.052029394
0.0,0.0374809
0.0,0.061748456
0.0,0.06493394
0.0,0.06800422
0.0,0.035419494
0.0,0.061309934
0.0,0.046495095
1.0,0.052063815
0.0,0.039243475
0.0,0.034987878
1.0,0.045962308
0.0,0.09575586
0.0,0.025899515
0.0,0.0622447
0.0,0.06688748
0.0,0.07044482
0.0,0.05251982
0.0,0.048028123
0.0,0.04575286
0.0,0.05416023
0.0,0.06036006
0.0,0.045030404
0.0,0.06768876
0.0,0.06866305
1.0,0.06033694
0.0,0.040980313
0.0,0.05155649
0.0,0.034073543
0.0,0.053703643
0.0,0.07846429
0.0,0.050855093
0.0,0.047075093
0.0,0.0872736
0.0,0.042318553
0.0,0.044288166
2.0,0.045699142
0.0,0.072691694
0.0,0.064556845
0.0,0.08679902
0.0,0.08042183
0.0,0.055841755
0.0,0.045554984
0.0,0.05058908
0.0,0.04900548
0.0,0.08409035
0.0,0.06783344
0.0,0.043162275
0.0,0.04889975
0.0,0.04328012
0.0,0.063246965
0.0,0.029543765
0.0,0.039345253
1.0,0.07399061
0.0,0.008089844
0.0,0.055956423
0.0,0.09538243
0.0,0.06536057
0.0,0.050024346
0.0,0.06356117
0.0,0.048164133
0.0,0.035460804
0.0,0.09182219
0.0,0.048371643
0.0,0.06520806
0.0,0.085943714
0.0,0.059834573
0.0,0.07981805
0.0,0.08245647
1.0,0.0518138
0.0,0.029634742
0.0,0.06130225
0.0,0.054599106
0.0,0.026529321
0.0,0.03884342
0.0,0.07824085
0.0,0.056364592
0.0,0.035918884
0.0,0.06542833
0.0,0.076418
0.0,0.08497442
0.0,0.05517297
0.0,0.062715545
0.0,0.06571166
0.0,0.028086912
0.0,0.04763051
0.0,0.046446964
0.0,0.059605137
0.0,0.059291277
0.0,0.03708895
0.0,0.06962865
0.0,0.05361947
0.0,0.04903699
0.0,0.04506109
0.0,0.062866494
0.0,0.06312054
0.0,0.05525755
0.0,0.034499075
0.0,0.0435535
0.0,0.061657026
0.0,0.055245496
0.0,0.043205313
0.0,0.05279534
0.0,0.051981013
0.0,0.058552276
0.0,0.034355238
0.0,0.076312
0.0,0.026073264
0.0,0.08003338
0.0,0.08668068
1.0,0.052410416
0.0,0.06931623
0.0,0.044176087
0.0,0.04492618
0.0,0.035977133
0.0,0.04750604
0.0,0.07211472
0.0,0.03773953
0.0,0.045340225
0.0,0.08362357
1.0,0.042347386
0.0,0.07679545
0.0,0.04466384
0.0,0.056863282
0.0,0.0655529
0.0,0.081989236
0.0,0.049355347
0.0,0.06670266
0.0,0.0355806
0.0,0.0761838
0.0,0.057997473
0.0,0.022467762
0.0,0.08546031
0.0,0.049048603
0.0,0.053351466
0.0,0.07748541
0.0,0.06772922
0.0,0.04249489
0.0,0.06833613
0.0,0.06314124
0.0,0.03776511
0.0,0.038937595
0.0,0.036739375
0.0,0.050261967
0.0,0.097905
0.0,0.056622703
0.0,0.04327363
0.0,0.04654991
0.0,0.036173847
0.0,0.040317133
0.0,0.07036878
0.0,0.03712516
0.0,0.07293597
0.0,0.067157105
0.0,0.05972215
0.0,0.057277545
0.0,0.025232002
0.0,0.03950984
0.0,0.10344045
0.0,0.09769559
0.0,0.068572454
1.0,0.054087102
1.0,0.07822415
0.0,0.0444469
0.0,0.034912925
0.0,0.0472546
0.0,0.037300564
0.0,0.0063851606
0.0,0.060658257
0.0,0.059092052
0.0,0.0655094
0.0,0.06778018
1.0,0.024427082
0.0,0.039418105
0.0,0.04736255
0.0,0.061359536
0.0,0.07291571
0.0,0.054511517
0.0,0.056181993
1.0,0.055065498
0.0,0.06002946
0.0,0.05243324
0.0,0.042221956
0.0,0.07695443
0.0,0.071263686
0.0,0.07214991
0.0,0.068660304
0.0,0.064739585
0.0,0.059706233
0.0,0.06328539
0.0,0.046295203
0.0,0.050700445
1.0,0.03878299
1.0,0.03918914
0.0,0.06239667
0.0,0.020813052
0.0,0.07674636
0.0,0.04082805
0.0,0.021376567
0.0,0.07930878
0.0,0.04751329
0.0,0.07162061
0.0,0.049933977
0.0,0.054224804
1.0,0.087627456
0.0,0.08430454
0.0,0.054256294
0.0,0.07353018
0.0,0.0141575895
0.0,0.10102421
0.0,0.08868048
0.0,0.05429887
0.0,0.09203683
0.0,0.044099025
1.0,0.063594
0.0,0.044146057
0.0,0.09232454
0.0,0.040344663
0.0,0.048331182
0.0,0.069415875
0.0,0.048384864
1.0,0.043242022
0.0,0.045055382
0.0,0.05928513
0.0,0.057640962
0.0,0.06506297
0.0,0.04448536
0.0,0.037649803
0.0,0.05185965
0.0,0.03548554
0.0,0.09189707
0.0,0.04743275
0.0,0.06800161
2.0,0.09284119
0.0,0.067426205
0.0,0.06839474
0.0,0.06698328
0.0,0.059603658
0.0,0.06560138
1.0,0.033291318
0.0,0.08148943
0.0,0.059365567
0.0,0.051225085
0.0,0.051611476
0.0,0.04782497
0.0,0.050927248
0.0,0.05519153
0.0,0.030511526
0.0,0.009458365
0.0,0.04946944
0.0,0.050893396
0.0,0.08211816
1.0,0.047561508
0.0,0.060977634
0.0,0.06538586
0.0,0.03766889
0.0,0.04737841
0.0,0.1072569
1.0,0.026275767
0.0,0.035913806
0.0,0.07555104
0.0,0.054213714
0.0,0.04544168
0.0,0.048594657
0.0,0.03750066
0.0,0.039414532
0.0,0.046300046
0.0,0.051855993
0.0,0.06574051
0.0,0.06454441
0.0,0.055349927
0.0,0.072934315
0.0,0.05851362
0.0,0.060848888
0.0,0.0446771
0.0,0.03513672
0.0,0.051920444
0.0,0.028162442
0.0,0.06351848
0.0,0.04706632
0.0,0.05646928
0.0,0.042773966
0.0,0.062712505
0.0,0.03346587
0.0,0.07534538
0.0,0.058396634
0.0,0.06751597
0.0,0.063926704
0.0,0.05783896
0.0,0.034394987
0.0,0.042134248
0.0,0.07915345
0.0,0.04035848
0.0,0.07716376
0.0,0.033302367
0.0,0.051974393
0.0,0.03304688
0.0,0.068312146
0.0,0.035233937
0.0,0.09493139
0.0,0.07693732
0.0,0.076700486
0.0,0.044831723
0.0,0.066452146
0.0,0.028942974
0.0,0.10974098
0.0,0.0636677
0.0,0.06380294
1.0,0.049720235
0.0,0.03552829
0.0,0.048711315
0.0,0.05556811
0.0,0.08376799
1.0,0.049900867
0.0,0.043482177
0.0,0.072542906
0.0,0.046979263
0.0,0.051601205
0.0,0.07132714
0.0,0.07094826
0.0,0.10014456
0.0,0.0457035
0.0,0.10117163
0.0,0.024952931
0.0,0.066093944
0.0,0.007754686
0.0,0.066449486
0.0,0.05620399
1.0,0.04879788
0.0,0.076398194
0.0,0.033460777
0.0,0.07045652
0.0,0.051831048
0.0,0.038961723
0.0,0.07647089
0.0,0.052438866
0.0,0.055651322
0.0,0.050511163
0.0,0.06438
0.0,0.09029613
0.0,0.043824323
0.0,0.04847734
0.0,0.06806929
0.0,0.08038163
0.0,0.03115327
0.0,0.008761964
0.0,0.049409375
0.0,0.040955953
0.0,0.063182764
0.0,0.068720475
0.0,0.064182736
0.0,0.069146186
0.0,0.05463075
0.0,0.051812172
0.0,0.035132453
0.0,0.08247827
0.0,0.064095095
0.0,0.040518746
0.0,0.0731681
0.0,0.06259476
0.0,0.09421987
0.0,0.07640534
0.0,0.099588886
0.0,0.09335452
0.0,0.051794063
0.0,0.04792215
0.0,0.0662142
0.0,0.071266934
0.0,0.062694676
0.0,0.069493085
0.0,0.07064829
0.0,0.07175261
0.0,0.036529988
0.0,0.042372577
0.0,0.054113515
0.0,0.06557532
0.0,0.12371201
0.0,0.034105044
0.0,0.050482847
0.0,0.030046068
0.0,0.058875613
0.0,0.03084854
0.0,0.06753367
0.0,0.038571537
0.0,0.0767904
0.0,0.062345516
0.0,0.034619555
0.0,0.0446851
0.0,0.049808808
0.0,0.06823629
0.0,0.05144885
0.0,0.08772704
0.0,0.046800695
0.0,0.03803253
0.0,0.056529373
1.0,0.08735038
0.0,0.049390435
0.0,0.047686063
0.0,0.07113281
0.0,0.03624502
0.0,0.06322874
0.0,0.033377778
0.0,0.08048267
0.0,0.039204232
0.0,0.11747186
0.0,0.075767
0.0,0.0050862534
0.0,0.06738511
1.0,0.072128855
0.0,0.077443
0.0,0.03666721
0.0,0.07204567
0.0,0.04492545
0.0,0.08380372
0.0,0.08896801
0.0,0.030556269
0.0,0.04573556
0.0,0.054435555
0.0,0.08414619
0.0,0.04667911
0.0,0.061509054
0.0,0.07489127
0.0,0.03440606
0.0,0.056556523
0.0,0.045885433
0.0,0.025629122
0.0,0.06475598
0.0,0.074608244
0.0,0.077627294
0.0,0.049747128
0.0,0.035136543
0.0,0.06533737
0.0,0.0406839
0.0,0.031965896
0.0,0.06337179
0.0,0.05328372
0.0,0.0879198
0.0,0.05394841
0.0,0.04683369
0.0,0.0391018
0.0,0.04712339
0.0,0.07388873
0.0,0.059862256
0.0,0.060982257
0.0,0.079198636
0.0,0.046274632
0.0,0.03979962
0.0,0.07573904
0.0,0.035980985
0.0,0.07638882
0.0,0.046499416
0.0,0.02795696
0.0,0.09048094
0.0,0.07646606
0.0,0.077680685
0.0,0.10347066
0.0,0.052876603
0.0,0.07635011
0.0,0.08449961
0.0,0.04438945
0.0,0.054018643
0.0,0.037404865
0.0,0.030069316
0.0,0.048041888
0.0,0.061941378
0.0,0.036768302
0.0,0.063692264
0.0,0.053347573
0.0,0.056384124
0.0,0.0582947
0.0,0.07818537
0.0,0.083888344
0.0,0.034873225
0.0,0.063810244
0.0,0.06551749
0.0,0.057668507
1.0,0.05243458
0.0,0.053657465
0.0,0.064307496
0.0,0.039519913
0.0,0.06758951
0.0,0.08252239
0.0,0.065084144
1.0,0.03588677
0.0,0.05509536
1.0,0.06961499
0.0,0.06277215
0.0,0.0755947
0.0,0.004926584
0.0,0.063874915
0.0,0.093958594
0.0,0.056218438
0.0,0.049288645
0.0,0.058172032
0.0,0.0653091
0.0,0.050681327
0.0,0.035829447
0.0,0.041168258
0.0,0.030940777
0.0,0.074821986
0.0,0.047827184
0.0,0.07053982
0.0,0.04899514
0.0,0.043594368
0.0,0.06175673
0.0,0.08194898
0.0,0.04879845
0.0,0.06297525
0.0,0.04206933
0.0,0.043843675
0.0,0.029291505
0.0,0.06076653
0.0,0.06319355
0.0,0.040639333
0.0,0.044865295
0.0,0.05286686
0.0,0.051857214
0.0,0.03451651
0.0,0.04911453
0.0,0.08417905
0.0,0.07785988
0.0,0.05922163
0.0,0.05051998
0.0,0.07494934
0.0,0.047807027
0.0,0.02108179
0.0,0.04580909
0.0,0.06031131
1.0,0.041684512
0.0,0.050473675
0.0,0.054880828
0.0,0.072462335
0.0,0.07817885
0.0,0.0740281
0.0,0.04192899
0.0,0.05352716
0.0,0.056221496
0.0,0.051510245
0.0,0.033868983
0.0,0.020623624
0.0,0.048469424
0.0,0.06301444
0.0,0.06184176
0.0,0.05838995
0.0,0.08071825
0.0,0.08578825
0.0,0.05038892
0.0,0.045542832
0.0,0.07102278
1.0,0.05022313
1.0,0.059362736
0.0,0.03708886
0.0,0.040777657
0.0,0.04703199
0.0,0.05413352
0.0,0.032477137
0.0,0.044157922
0.0,0.07368922
0.0,0.047717497
0.0,0.07277385
0.0,0.040484525
0.0,0.038325187
0.0,0.0723092
0.0,0.038261663
0.0,0.03843031
0.0,0.063204445
0.0,0.03719117
0.0,0.057473462
0.0,0.049653165
0.0,0.052635986
0.0,0.033937685
0.0,0.035299066
0.0,0.045483574
0.0,0.061997656
0.0,0.03768091
0.0,0.0489617
1.0,0.062284723
0.0,0.006894477
0.0,0.006645439
0.0,0.030232595
0.0,0.04173316
0.0,0.078823596
0.0,0.055517208
0.0,0.0401595
0.0,0.04857016
0.0,0.04766374
0.0,0.08719543
0.0,0.051457915
0.0,0.024500152
0.0,0.054994494
0.0,0.04547531
0.0,0.034792434
0.0,0.042896815
0.0,0.08240187
0.0,0.008288401
0.0,0.04533118
0.0,0.051105723
0.0,0.04706414
0.0,0.04776083
0.0,0.081305236
0.0,0.053189125
0.0,0.079775244
0.0,0.05314344
0.0,0.045338236
0.0,0.042938408
0.0,0.046352025
0.0,0.048821792
0.0,0.04138989
0.0,0.08432985
0.0,0.08123845
1.0,0.033024635
0.0,0.06600209
0.0,0.046359453
0.0,0.05222561
0.0,0.052524865
0.0,0.06908357
2.0,0.054891806
0.0,0.03659501
0.0,0.061033763
0.0,0.016383668
0.0,0.04470606
0.0,0.04760516
0.0,0.041196525
0.0,0.06938741
0.0,0.04523594
0.0,0.037548453
0.0,0.051157117
0.0,0.05813888
0.0,0.080017544
0.0,0.0388041
0.0,0.08190085
0.0,0.060142074
0.0,0.08125131
0.0,0.07373457
0.0,0.02756467
0.0,0.058510385
0.0,0.05285005
0.0,0.068426676
0.0,0.08710468
0.0,0.06502336
0.0,0.06790761
0.0,0.046408664
0.0,0.075696975
0.0,0.07696794
0.0,0.08392581
0.0,0.048675977
0.0,0.06376273
0.0,0.032039855
0.0,0.05685363
0.0,0.047020502
0.0,0.038833547
0.0,0.06722158
0.0,0.050871413
0.0,0.040931568
0.0,0.08936863
0.0,0.0869969
0.0,0.08353817
0.0,0.078695744
0.0,0.038564816
0.0,0.06346919
0.0,0.06909711
0.0,0.03840871
0.0,0.07319461
0.0,0.006814772
0.0,0.060723137
0.0,0.035774782
0.0,0.04673424
0.0,0.05911453
0.0,0.059640136
0.0,0.054903336
0.0,0.075425744
0.0,0.007913091
0.0,0.07030657
0.0,0.0666373
0.0,0.06665328
0.0,0.058360223
0.0,0.099462524
0.0,0.07431092
0.0,0.057933956
0.0,0.06279948
0.0,0.0582248
0.0,0.053809788
0.0,0.041589748
0.0,0.06845273
0.0,0.07060983
0.0,0.0079384735
0.0,0.043640085
0.0,0.100117914
0.0,0.07963692
1.0,0.07285187
0.0,0.042707514
0.0,0.09559204
0.0,0.048961733
0.0,0.057325087
0.0,0.041138116
0.0,0.07744801
0.0,0.057463832
0.0,0.03206194
0.0,0.061604537
0.0,0.04741499
0.0,0.039410446
0.0,0.02851626
0.0,0.06234754
0.0,0.07428407
0.0,0.08855425
1.0,0.050981976
0.0,0.04231046
0.0,0.044078328
0.0,0.07322934
0.0,0.056868732
0.0,0.05725742
0.0,0.0390164
0.0,0.056940828
0.0,0.040022194
0.0,0.06043452
0.0,0.07540936
0.0,0.08279984
0.0,0.076063596
0.0,0.033769052
0.0,0.047761194
0.0,0.0628562
0.0,0.042044774
0.0,0.04109267
0.0,0.070269465
0.0,0.059812322
0.0,0.06700876
0.0,0.0810716
0.0,0.04152681
0.0,0.049254052
0.0,0.02150022
0.0,0.046006016
0.0,0.03751547
0.0,0.05385936
0.0,0.0806719
0.0,0.054572534
0.0,0.06607644
0.0,0.06988226
0.0,0.058023226
1.0,0.07236494
0.0,0.07164143
0.0,0.031870455
0.0,0.0749769
0.0,0.060149774
0.0,0.07870409
0.0,0.0489304
0.0,0.078627475
0.0,0.045381546
0.0,0.04015789
0.0,0.05958557
0.0,0.055054013
0.0,0.04826962
0.0,0.028877618
1.0,0.008653333
0.0,0.043622524
0.0,0.058710292
0.0,0.071029805
0.0,0.09536642
0.0,0.112720616
0.0,0.043118767
0.0,0.06463869
0.0,0.046211943
0.0,0.052543767
0.0,0.042622436
0.0,0.054673515
0.0,0.05367566
0.0,0.0654482
0.0,0.04972173
0.0,0.006792021
0.0,0.044657186
0.0,0.08633348
0.0,0.0894492
0.0,0.046675667
0.0,0.061437927
1.0,0.06858943
0.0,0.05226076
0.0,0.032267313
0.0,0.070776895
0.0,0.061065756
0.0,0.058085427
0.0,0.068548426
1.0,0.049742077
0.0,0.08490779
0.0,0.08940773
0.0,0.090944245
0.0,0.032391857
0.0,0.04539423
0.0,0.054923944
0.0,0.042999886
0.0,0.06297392
0.0,0.09660067
0.0,0.07241738
0.0,0.05732706
0.0,0.06063768
0.0,0.046134874
0.0,0.06125301
0.0,0.07325836
0.0,0.07336019
0.0,0.07804335
0.0,0.08836144
0.0,0.04824741
0.0,0.048288647
0.0,0.027871713
0.0,0.074129
0.0,0.0700221
0.0,0.06491738
0.0,0.038722225
0.0,0.058809493
0.0,0.054841455
0.0,0.055012535
0.0,0.06621184
0.0,0.07489527
0.0,0.03494147
0.0,0.04008095
0.0,0.062348105
0.0,0.045831192
0.0,0.044853598
0.0,0.080840945
0.0,0.06668946
0.0,0.06092147
0.0,0.009255899
0.0,0.0513129
0.0,0.07162154
0.0,0.049164604
1.0,0.0824305
0.0,0.035040535
0.0,0.050651297
0.0,0.0620924
0.0,0.07296175
0.0,0.05078374
0.0,0.042083785
0.0,0.084380776
0.0,0.06285035
0.0,0.07674014
0.0,0.055478573
0.0,0.050519064
0.0,0.084299035
0.0,0.034527786
0.0,0.045527592
0.0,0.069810964
0.0,0.054240126
0.0,0.07206477
0.0,0.05068541
0.0,0.07556048
0.0,0.070153244
0.0,0.05531092
0.0,0.05463704
0.0,0.056379363
0.0,0.060992073
0.0,0.08655279
0.0,0.052540485
0.0,0.06080492
0.0,0.044001427
0.0,0.03849753
1.0,0.03350996
0.0,0.040966645
0.0,0.069831155
0.0,0.0349943
0.0,0.057577863
0.0,0.059858516
0.0,0.045697324
0.0,0.10181211
0.0,0.10645756
0.0,0.066936284
0.0,0.04620076
0.0,0.05847553
0.0,0.06607957
0.0,0.0520647
0.0,0.054267757
0.0,0.07305856
0.0,0.058530893
0.0,0.06356018
0.0,0.048550084
0.0,0.06926272
0.0,0.030861136
0.0,0.04523563
0.0,0.09507531
0.0,0.058400895
0.0,0.049829748
0.0,0.061371185
0.0,0.076945476
0.0,0.042752575
0.0,0.056148034
0.0,0.056058254
0.0,0.051705524
0.0,0.050102074
0.0,0.036160067
0.0,0.045451898
0.0,0.054961894
0.0,0.050487638
0.0,0.025132444
0.0,0.049974065
0.0,0.06424368
0.0,0.06547861
0.0,0.080694005
0.0,0.08289658
0.0,0.061936934
0.0,0.046067536
0.0,0.053787448
0.0,0.033192407
0.0,0.052023713
0.0,0.045205474
0.0,0.070219256
0.0,0.037447732
0.0,0.04543177
0.0,0.06254341
0.0,0.03931745
0.0,0.05944514
0.0,0.0346056
0.0,0.05285713
0.0,0.04461214
0.0,0.079171605
0.0,0.06060373
0.0,0.06391497
0.0,0.04566621
0.0,0.09088637
0.0,0.070142455
0.0,0.05086734
0.0,0.038364656
0.0,0.07233091
0.0,0.04847414
0.0,0.08303406
0.0,0.058728043
0.0,0.05917584
0.0,0.04719829
0.0,0.024710838
0.0,0.05520118
0.0,0.092780516
0.0,0.07030003
0.0,0.042729087
0.0,0.04599048
0.0,0.067140855
0.0,0.07093104
0.0,0.084376186
1.0,0.07197406
0.0,0.06060983
0.0,0.05978897
0.0,0.11229754
0.0,0.0559853
0.0,0.0618718
0.0,0.06581103
1.0,0.07810128
0.0,0.090564944
0.0,0.06593309
0.0,0.10183136
0.0,0.07819641
0.0,0.05231475
0.0,0.055140223
0.0,0.03964251
0.0,0.043124977
0.0,0.036962386
0.0,0.038693033
0.0,0.057481863
0.0,0.0492102
0.0,0.06966261
0.0,0.062171504
0.0,0.06845683
0.0,0.0540592
0.0,0.037189458
0.0,0.033378176
0.0,0.094463624
0.0,0.06903928
0.0,0.038908206
0.0,0.049871203
0.0,0.108688325
0.0,0.047195587
0.0,0.08142008
0.0,0.04070435
0.0,0.062257774
0.0,0.058926422
0.0,0.053435735
0.0,0.029686315
0.0,0.091094635
0.0,0.06276772
0.0,0.035411395
0.0,0.052527405
0.0,0.0074778986
0.0,0.066189006
0.0,0.070607424
0.0,0.0783029
0.0,0.064839035
0.0,0.05401509
0.0,0.038060516
0.0,0.07725518
0.0,0.062172856
0.0,0.101436846
0.0,0.05503072
0.0,0.048798345
0.0,0.046393707
0.0,0.07415373
0.0,0.056010682
0.0,0.07388629
0.0,0.033837903
0.0,0.08493262
0.0,0.08669829
0.0,0.050417103
0.0,0.06586448
0.0,0.054367527
1.0,0.044132862
0.0,0.04529219
0.0,0.07565169
0.0,0.090280995
0.0,0.048543695
0.0,0.044925474
0.0,0.05590114
0.0,0.04264146
0.0,0.058132283
0.0,0.06045026
0.0,0.10760937
0.0,0.050179023
0.0,0.09717458
0.0,0.0572221
0.0,0.07496978
0.0,0.06831084
0.0,0.02787885
0.0,0.06531567
0.0,0.04509651
0.0,0.038864817
0.0,0.03586039
0.0,0.060309023
0.0,0.04054425
0.0,0.06440158
0.0,0.04513853
0.0,0.09245148
0.0,0.06562195
0.0,0.03391862
0.0,0.08118193
0.0,0.0378262
0.0,0.087408006
0.0,0.024901357
0.0,0.07007539
0.0,0.055167142
0.0,0.05245736
0.0,0.067697704
0.0,0.04373516
0.0,0.055394456
0.0,0.04343399
0.0,0.0918722
0.0,0.06776638
1.0,0.034049187
0.0,0.033765815
0.0,0.052849606
0.0,0.065729745
0.0,0.07783556
0.0,0.048175402
0.0,0.07760161
0.0,0.050080985
0.0,0.079518
0.0,0.053275302
0.0,0.040528342
0.0,0.044255257
0.0,0.0348538
0.0,0.072716
0.0,0.049998116
0.0,0.047701277
0.0,0.054919936
0.0,0.047253504
0.0,0.043996014
0.0,0.04407303
0.0,0.07160972
0.0,0.05899139
0.0,0.033296097
0.0,0.052507374
0.0,0.023088416
0.0,0.05168938
0.0,0.051583625
0.0,0.07215823
0.0,0.028962834
0.0,0.110412255
0.0,0.056359865
0.0,0.036099408
0.0,0.072345175
0.0,0.04688088
0.0,0.07758401
0.0,0.045502078
0.0,0.052522033
1.0,0.04318387
0.0,0.052646466
0.0,0.050560586
0.0,0.039656453
0.0,0.053288206
0.0,0.072362565
0.0,0.060174372
0.0,0.034703203
0.0,0.027513595
0.0,0.0448874
0.0,0.0749428
0.0,0.05917762
0.0,0.0788828
0.0,0.07321967
0.0,0.016400302
0.0,0.07700953
0.0,0.054122806
0.0,0.06475944
0.0,0.05405928
0.0,0.072283365
0.0,0.039418783
0.0,0.042911246
0.0,0.052865297
0.0,0.07627453
0.0,0.054555204
0.0,0.078528896
0.0,0.07795247
0.0,0.05580023
0.0,0.052557196
0.0,0.053493176
0.0,0.05763648
0.0,0.04182811
0.0,0.027589452
0.0,0.058066014
0.0,0.057548165
0.0,0.03542958
0.0,0.06288097
0.0,0.035609234
0.0,0.044988133
0.0,0.04691523
0.0,0.038977023
0.0,0.050681666
0.0,0.05611336
0.0,0.041434065
0.0,0.056233026
0.0,0.07104552
1.0,0.096402526
0.0,0.04332092
0.0,0.08441281
0.0,0.08906321
0.0,0.0692911
0.0,0.04937026
1.0,0.048606116
1.0,0.02650952
0.0,0.03324824
0.0,0.0483263
0.0,0.10432084
0.0,0.06365962
0.0,0.0779739
0.0,0.066132724
0.0,0.047441356
0.0,0.07281462
0.0,0.06573902
1.0,0.061336193
0.0,0.03650613
0.0,0.035182327
0.0,0.08452126
0.0,0.067469075
0.0,0.07652324
0.0,0.06829759
0.0,0.05673888
0.0,0.04662633
0.0,0.07029715
0.0,0.049829047
0.0,0.07644967
0.0,0.07513792
0.0,0.06310109
0.0,0.07066982
0.0,0.06605585
0.0,0.05075804
0.0,0.06003514
0.0,0.06741794
1.0,0.06270947
0.0,0.027529782
0.0,0.046356656
0.0,0.031115865
0.0,0.038257036
0.0,0.033440202
0.0,0.064658016
0.0,0.057919454
0.0,0.053733073
0.0,0.042788897
0.0,0.07451813
0.0,0.03169594
0.0,0.021026438
0.0,0.06148809
0.0,0.056798134
0.0,0.054940067
0.0,0.073512904
0.0,0.059825044
0.0,0.053302146
0.0,0.035003956
0.0,0.039610885
0.0,0.054018773
0.0,0.03952388
0.0,0.04556641
0.0,0.0778582
0.0,0.058367155
0.0,0.03681794
0.0,0.04722895
0.0,0.039818414
0.0,0.024954146
0.0,0.068041295
0.0,0.041018866
0.0,0.03947421
0.0,0.004986217
0.0,0.040800083
0.0,0.07464648
0.0,0.009512831
0.0,0.07266806
0.0,0.040043317
1.0,0.08385311
0.0,0.07944521
0.0,0.08989794
0.0,0.03971554
0.0,0.063182235
0.0,0.03631302
0.0,0.03543898
1.0,0.043506466
0.0,0.06607206
0.0,0.04423399
0.0,0.05138343
0.0,0.058043413
0.0,0.07510443
0.0,0.057617657
0.0,0.051857326
0.0,0.046906684
0.0,0.05892284
0.0,0.053498223
0.0,0.05074023
0.0,0.06388998
0.0,0.040784065
0.0,0.080843955
0.0,0.05720175
0.0,0.050065737
0.0,0.06562461
0.0,0.050344694
0.0,0.036202766
0.0,0.0509632
0.0,0.06650221
0.0,0.045294564
0.0,0.07113895
0.0,0.07496948
0.0,0.035915058
0.0,0.061308604
0.0,0.06931892
0.0,0.06463602
0.0,0.03506106
0.0,0.03753373
0.0,0.03961292
0.0,0.04150963
0.0,0.07640945
0.0,0.07983503
0.0,0.021314964
0.0,0.046576764
0.0,0.0802156
0.0,0.06493322
0.0,0.037803333
0.0,0.053255655
0.0,0.079801574
0.0,0.05578919
0.0,0.044264615
0.0,0.06562533
0.0,0.077348106
0.0,0.09046903
0.0,0.038658798
0.0,0.08803437
0.0,0.049356606
0.0,0.06835803
0.0,0.035248093
0.0,0.059323587
0.0,0.055573545
0.0,0.06698857
0.0,0.06620109
0.0,0.08435105
0.0,0.0064325095
0.0,0.044116113
0.0,0.07304364
0.0,0.07816107
0.0,0.040625855
0.0,0.09335138
0.0,0.043265417
0.0,0.08813492
0.0,0.0738109
0.0,0.02948167
0.0,0.060238622
0.0,0.064396285
0.0,0.052809604
0.0,0.043442916
1.0,0.044406522
0.0,0.029095441
0.0,0.058684807
1.0,0.03393109
0.0,0.06176406
0.0,0.05393744
0.0,0.059101876
0.0,0.06755046
0.0,0.059867907
0.0,0.048697546
0.0,0.08019092
0.0,0.078643076
0.0,0.08451565
0.0,0.08312803
0.0,0.043246556
0.0,0.044007868
0.0,0.047827467
0.0,0.061228365
0.0,0.055304486
0.0,0.040104706
0.0,0.055664007
0.0,0.04746431
0.0,0.046034887
0.0,0.069612235
0.0,0.0646531
0.0,0.052929163
0.0,0.057027817
0.0,0.065985255
0.0,0.062199958
0.0,0.07128253
0.0,0.059596185
0.0,0.042129476
0.0,0.04495465
0.0,0.06940227
0.0,0.0595266
0.0,0.10383461
0.0,0.051537395
0.0,0.05167214
0.0,0.053211752
0.0,0.06426384
0.0,0.06976664
0.0,0.09320967
0.0,0.06650373
0.0,0.06975375
0.0,0.037256215
0.0,0.029493304
0.0,0.027567023
0.0,0.051206756
0.0,0.046082795
0.0,0.062856436
0.0,0.04288114
0.0,0.064897
0.0,0.036971882
0.0,0.04675325
0.0,0.071166106
0.0,0.04808447
0.0,0.073851176
0.0,0.050628185
0.0,0.086649254
0.0,0.045278497
0.0,0.069467515
0.0,0.06552276
0.0,0.0505274
0.0,0.056765184
0.0,0.07840273
0.0,0.05564283
0.0,0.060800597
0.0,0.047037408
0.0,0.062136665
0.0,0.040462397
0.0,0.04801038
0.0,0.038137082
0.0,0.07418718
0.0,0.053399555
1.0,0.060177803
0.0,0.08294049
0.0,0.05604159
0.0,0.05681547
0.0,0.07035503
0.0,0.092259824
0.0,0.035286233
0.0,0.030095393
0.0,0.048601367
0.0,0.06453382
0.0,0.08774993
0.0,0.064992726
0.0,0.082111776
0.0,0.052023016
0.0,0.016408313
0.0,0.042514652
0.0,0.053222515
0.0,0.023496196
0.0,0.04561017
0.0,0.063794896
0.0,0.057355
0.0,0.025346477
0.0,0.074103765
0.0,0.07064014
0.0,0.034513433
0.0,0.043876555
0.0,0.034315128
0.0,0.098033704
1.0,0.07459933
0.0,0.037758503
0.0,0.06618072
0.0,0.05427389
0.0,0.08366721
0.0,0.07985791
0.0,0.06532941
1.0,0.08983737
0.0,0.023142077
0.0,0.05119533
0.0,0.046382017
0.0,0.04831692
0.0,0.0560905
1.0,0.04818984
0.0,0.06041543
0.0,0.08026766
0.0,0.08846444
0.0,0.035677407
0.0,0.03449947
0.0,0.078696266
0.0,0.07506141
0.0,0.07417844
0.0,0.10010085
0.0,0.025202265
0.0,0.05450832
0.0,0.057368733
0.0,0.06548042
0.0,0.07938644
0.0,0.043941334
0.0,0.0916619
0.0,0.05407989
0.0,0.09462441
0.0,0.064047575
0.0,0.015311902
0.0,0.05353483
0.0,0.055580392
0.0,0.044647604
0.0,0.027900448
0.0,0.03686369
1.0,0.037068166
0.0,0.035009246
0.0,0.044955283
0.0,0.055233974
0.0,0.034277186
0.0,0.04812974
1.0,0.039005842
0.0,0.06966922
0.0,0.032200366
0.0,0.057854395
0.0,0.057584506
0.0,0.07303542
0.0,0.038877957
0.0,0.055337645
0.0,0.062022787
0.0,0.06357851
0.0,0.039015256
0.0,0.05872978
0.0,0.08285254
0.0,0.057827227
0.0,0.06565056
0.0,0.07785546
0.0,0.07058864
0.0,0.09513095
0.0,0.0571372
0.0,0.07469225
0.0,0.06171921
0.0,0.05229552
0.0,0.023237694
1.0,0.073559746
0.0,0.048772164
0.0,0.077536084
0.0,0.06024296
0.0,0.12511216
0.0,0.038285322
0.0,0.073674574
0.0,0.0725492
0.0,0.047103003
0.0,0.051237177
0.0,0.047465716
0.0,0.039094467
0.0,0.098155506
0.0,0.06489552
0.0,0.0952377
0.0,0.056852464
0.0,0.08876747
0.0,0.046065472
0.0,0.0424657
0.0,0.052081555
0.0,0.06523162
0.0,0.049415737
0.0,0.040907316
0.0,0.09581357
0.0,0.053903744
0.0,0.07221236
0.0,0.053635977
0.0,0.043613665
0.0,0.059788413
0.0,0.015734151
0.0,0.032259345
0.0,0.059307832
0.0,0.0438676
0.0,0.052580737
0.0,0.059521094
0.0,0.04335977
0.0,0.055133693
0.0,0.0736672
0.0,0.06680209
0.0,0.08572575
0.0,0.063516386
0.0,0.037943836
0.0,0.05618782
0.0,0.059492026
0.0,0.05058914
0.0,0.053615443
0.0,0.047869872
0.0,0.06133536
0.0,0.046376012
0.0,0.068422765
0.0,0.06000675
0.0,0.058582827
0.0,0.051597673
0.0,0.05802035
0.0,0.06579227
0.0,0.068943
0.0,0.08467786
0.0,0.09164649
0.0,0.06749353
0.0,0.067885876
0.0,0.089670755
0.0,0.052415915
0.0,0.05140427
1.0,0.06910289
0.0,0.06822003
0.0,0.046137236
0.0,0.019876072
0.0,0.063128136
0.0,0.049670108
0.0,0.038843513
0.0,0.033454668
0.0,0.059782952
0.0,0.048646312
0.0,0.01755515
0.0,0.044631407
0.0,0.077514015
0.0,0.029349834
0.0,0.039962925
0.0,0.04685805
0.0,0.044896275
0.0,0.036819655
0.0,0.055001233
0.0,0.022914361
0.0,0.065918915
0.0,0.0718531
0.0,0.03593762
0.0,0.06839771
0.0,0.04104528
1.0,0.050657164
0.0,0.085230604
0.0,0.03944328
0.0,0.056874454
0.0,0.05622938
1.0,0.03542967
0.0,0.043084383
0.0,0.043202244
0.0,0.08124565
0.0,0.0783689
0.0,0.05575826
0.0,0.052924316
0.0,0.050656684
0.0,0.014801595
0.0,0.07362716
0.0,0.06116914
0.0,0.006818237
0.0,0.06946531
0.0,0.075558916
0.0,0.038644962
0.0,0.054542094
0.0,0.06323899
0.0,0.055876434
0.0,0.06862983
0.0,0.048391808
0.0,0.094123304
0.0,0.09268083
0.0,0.036589243
0.0,0.059547156
0.0,0.033923205
0.0,0.045101393
0.0,0.027922582
0.0,0.07658016
0.0,0.041576225
0.0,0.09243332
0.0,0.06419881
0.0,0.07406789
0.0,0.06196408
0.0,0.039581705
0.0,0.06634749
0.0,0.024257239
0.0,0.06396976
0.0,0.067581065
0.0,0.059874445
0.0,0.06445677
0.0,0.07129181
0.0,0.073390245
0.0,0.04238167
0.0,0.019653477
0.0,0.047871582
0.0,0.07217575
0.0,0.039930183
0.0,0.0756698
0.0,0.06814005
0.0,0.0650411
0.0,0.05543528
0.0,0.047770284
1.0,0.052974638
0.0,0.05574117
0.0,0.05846749
0.0,0.06158969
0.0,0.06829894
0.0,0.05421087
0.0,0.038345322
0.0,0.052586526
0.0,0.056032974
0.0,0.0049411966
0.0,0.046356093
0.0,0.044119805
0.0,0.049832027
0.0,0.017935228
0.0,0.037763014
0.0,0.06973192
0.0,0.07267371
0.0,0.046233345
0.0,0.03369508
0.0,0.08058789
0.0,0.07459764
0.0,0.047329478
0.0,0.07312323
0.0,0.035396226
0.0,0.03772956
0.0,0.07037622
0.0,0.05525697
0.0,0.07820828
0.0,0.05855532
1.0,0.06762747
0.0,0.037479818
0.0,0.040082414
0.0,0.07068059
0.0,0.06013433
0.0,0.048773654
0.0,0.029673146
0.0,0.06159928
0.0,0.0717214
0.0,0.03966485
0.0,0.062739365
0.0,0.074255876
0.0,0.049025968
1.0,0.05793042
0.0,0.080724
0.0,0.090864815
0.0,0.04691561
0.0,0.05982275
0.0,0.066014364
0.0,0.042520367
0.0,0.07218081
0.0,0.05046244
0.0,0.05228662
0.0,0.03431322
0.0,0.06533919
0.0,0.04099236
1.0,0.040434122
0.0,0.08587794
1.0,0.10297833
0.0,0.06450501
0.0,0.06491706
0.0,0.06477028
0.0,0.044510804
0.0,0.020968975
0.0,0.06449056
0.0,0.038738724
0.0,0.03360266
0.0,0.03547568
0.0,0.052461475
0.0,0.07992799
0.0,0.071951434
0.0,0.025281657
0.0,0.073601045
0.0,0.05901978
0.0,0.06665862
0.0,0.053958856
0.0,0.05868867
0.0,0.068365395
0.0,0.008102789
0.0,0.04565839
0.0,0.06133558
0.0,0.06805514
0.0,0.045722432
0.0,0.064306065
0.0,0.058537494
0.0,0.07028542
0.0,0.031362947
0.0,0.061787143
0.0,0.061152592
2.0,0.07340533
1.0,0.046964247
0.0,0.060707737
0.0,0.05533028
0.0,0.027935714
0.0,0.07966983
0.0,0.087503485
0.0,0.083292075
0.0,0.042631622
0.0,0.06833691
0.0,0.05933718
0.0,0.07885497
0.0,0.09220096
0.0,0.06086903
0.0,0.07555856
0.0,0.057271075
0.0,0.0663485
0.0,0.042442653
0.0,0.03977342
0.0,0.07579374
0.0,0.037694875
0.0,0.08466948
0.0,0.04060442
0.0,0.06271246
0.0,0.0726761
0.0,0.05265288
0.0,0.05884707
0.0,0.050163712
0.0,0.06458998
1.0,0.050354995
0.0,0.08581932
0.0,0.08478836
0.0,0.06721863
0.0,0.061661758
0.0,0.078252286
0.0,0.08158019
0.0,0.028736265
0.0,0.055182286
0.0,0.071230665
0.0,0.07187513
0.0,0.036585264
0.0,0.044946194
0.0,0.028805314
0.0,0.039550915
0.0,0.06580561
0.0,0.07402612
0.0,0.08456822
0.0,0.048880823
0.0,0.057629913
0.0,0.07889497
0.0,0.029615007
0.0,0.017174393
0.0,0.07784569
0.0,0.041345026
0.0,0.062831506
0.0,0.115150236
0.0,0.050932556
0.0,0.055245154
0.0,0.051059537
0.0,0.040809833
0.0,0.06887215
0.0,0.0703317
0.0,0.03552698
0.0,0.050790373
0.0,0.05209498
0.0,0.0453788
0.0,0.12457966
0.0,0.060149312
0.0,0.047150962
0.0,0.040112976
0.0,0.063204296
0.0,0.051082294
0.0,0.03558431
0.0,0.044545274
0.0,0.04771743
0.0,0.056411218
0.0,0.08400593
1.0,0.056797538
0.0,0.05610207
0.0,0.06801311
0.0,0.071955
0.0,0.07748565
0.0,0.045506626
0.0,0.054314017
0.0,0.07667081
0.0,0.01655654
1.0,0.037914693
0.0,0.02344348
0.0,0.08372805
0.0,0.07311497
0.0,0.05577371
0.0,0.055882882
0.0,0.0665204
0.0,0.07807268
0.0,0.07228766
0.0,0.041031364
0.0,0.06259944
0.0,0.057773676
0.0,0.07467279
0.0,0.047613233
0.0,0.04546176
0.0,0.08692984
0.0,0.066624925
0.0,0.05623021
0.0,0.05090666
0.0,0.0624778
0.0,0.034764864
0.0,0.031194126
0.0,0.08082332
0.0,0.019301983
0.0,0.03145735
0.0,0.0858975
0.0,0.059065152
0.0,0.07054429
0.0,0.05829656
0.0,0.048465937
0.0,0.05331215
0.0,0.06297717
0.0,0.038253043
0.0,0.056809347
0.0,0.078870334
0.0,0.028962199
0.0,0.024210924
0.0,0.059854463
0.0,0.07858357
0.0,0.076864
0.0,0.044542097
0.0,0.046227396
0.0,0.067072615
0.0,0.070798956
0.0,0.09253616
0.0,0.042844675
0.0,0.04910005
0.0,0.069110766
0.0,0.057407685
0.0,0.06669019
0.0,0.09144236
0.0,0.04884159
0.0,0.04402046
0.0,0.049014255
0.0,0.06495948
0.0,0.04249394
0.0,0.04351189
0.0,0.053498223
0.0,0.04847578
0.0,0.06244483
0.0,0.051516127
0.0,0.087343074
0.0,0.045741417
0.0,0.043669645
1.0,0.06874597
0.0,0.05110115
0.0,0.04349267
0.0,0.043021955
0.0,0.06578578
0.0,0.034165114
0.0,0.031333067
0.0,0.076565936
0.0,0.047337342
0.0,0.03836034
0.0,0.06494531
0.0,0.067609616
0.0,0.08084184
0.0,0.06475547
0.0,0.07066593
0.0,0.07416586
0.0,0.041757584
0.0,0.039375797
0.0,0.072193824
0.0,0.02870322
0.0,0.046333395
0.0,0.060908314
0.0,0.0585317
0.0,0.053866345
0.0,0.07623686
0.0,0.053171575
0.0,0.049270164
0.0,0.037800442
0.0,0.06798402
0.0,0.03976389
0.0,0.043832004
0.0,0.06541186
0.0,0.06486708
0.0,0.045017503
0.0,0.008357739
0.0,0.048620965
0.0,0.097579755
0.0,0.009910226
0.0,0.0321187
1.0,0.041553058
0.0,0.06015815
0.0,0.06215473
0.0,0.06474953
0.0,0.057734735
0.0,0.04670275
0.0,0.043024518
0.0,0.0053524864
0.0,0.047791436
0.0,0.07852833
0.0,0.028745344
0.0,0.0661098
0.0,0.057852186
0.0,0.04891575
0.0,0.06947697
0.0,0.07462806
0.0,0.051775247
0.0,0.040855877
0.0,0.046358094
0.0,0.036696322
0.0,0.066536024
0.0,0.03564141
0.0,0.043676432
0.0,0.04974
0.0,0.044186324
0.0,0.049143065
0.0,0.090441585
0.0,0.06680787
1.0,0.04638164
0.0,0.06793861
0.0,0.05853966
0.0,0.07749644
0.0,0.04355759
0.0,0.07144327
0.0,0.048185635
0.0,0.07366763
0.0,0.055708125
0.0,0.039562892
0.0,0.08289273
0.0,0.08142378
0.0,0.040134165
0.0,0.04223736
0.0,0.067907564
0.0,0.046315856
0.0,0.039397255
0.0,0.06417626
0.0,0.04469246
0.0,0.03900118
0.0,0.028150164
0.0,0.08685638
0.0,0.08548242
0.0,0.07030342
0.0,0.070490085
1.0,0.07245734
0.0,0.064926915
0.0,0.094137534
0.0,0.037376776
0.0,0.054772947
0.0,0.082385175
0.0,0.07114085
0.0,0.04129166
0.0,0.06648543
0.0,0.068567485
0.0,0.04586815
1.0,0.044914573
0.0,0.09648567
0.0,0.059662607
0.0,0.04680632
0.0,0.058066543
0.0,0.042810008
0.0,0.040456127
0.0,0.08382237
0.0,0.056601133
0.0,0.049291536
0.0,0.03979194
0.0,0.057463832
0.0,0.045173712
0.0,0.060618673
0.0,0.04117042
0.0,0.059094097
0.0,0.053617004
0.0,0.08168377
0.0,0.060642175
0.0,0.038093045
0.0,0.05605753
0.0,0.03738182
0.0,0.08897826
0.0,0.051193498
0.0,0.046518333
0.0,0.04707755
0.0,0.07432852
0.0,0.0746649
0.0,0.08023127
0.0,0.05518506
0.0,0.078328535
0.0,0.07672505
0.0,0.039655723
0.0,0.05018078
0.0,0.026050441
0.0,0.065116584
0.0,0.020785833
0.0,0.021212494
0.0,0.056354906
0.0,0.05025614
0.0,0.045143954
0.0,0.049548622
0.0,0.049353488
0.0,0.08270186
0.0,0.04073101
0.0,0.09252895
0.0,0.042100616
0.0,0.052792296
0.0,0.048356377
0.0,0.07144246
0.0,0.033239763
0.0,0.06742754
0.0,0.06633482
0.0,0.05064783
0.0,0.09193498
0.0,0.09114893
0.0,0.07624815
0.0,0.08024456
0.0,0.048740927
0.0,0.0334521
0.0,0.09683901
0.0,0.048489224
0.0,0.0584786
0.0,0.06176384
0.0,0.054673985
0.0,0.05870756
0.0,0.04733826
0.0,0.043866627
0.0,0.047061786
0.0,0.035192043
0.0,0.04593481
0.0,0.05092277
0.0,0.07323496
0.0,0.0541915
0.0,0.07255155
0.0,0.06549363
0.0,0.079454206
1.0,0.06354068
0.0,0.062470175
0.0,0.07289929
0.0,0.053832863
0.0,0.05020777
0.0,0.04944244
0.0,0.07127369
0.0,0.06288809
0.0,0.045337025
0.0,0.061086886
0.0,0.06827187
0.0,0.051203094
0.0,0.091933355
0.0,0.05321491
0.0,0.047958612
0.0,0.038349766
0.0,0.07401567
0.0,0.042911932
0.0,0.05463174
0.0,0.039238337
0.0,0.04417952
0.0,0.08633291
0.0,0.041514654
0.0,0.041371856
0.0,0.049864974
0.0,0.04897788
0.0,0.05347175
0.0,0.04608591
0.0,0.044640586
0.0,0.060047537
0.0,0.042702954
0.0,0.061523046
0.0,0.044033475
0.0,0.0910939
0.0,0.06381128
0.0,0.03317135
0.0,0.04075277
0.0,0.05177526
0.0,0.05637474
0.0,0.04292096
0.0,0.041218363
0.0,0.069117635
0.0,0.0743196
0.0,0.064731255
0.0,0.07654966
0.0,0.04379042
0.0,0.055729315
0.0,0.07682072
0.0,0.06864112
0.0,0.03815107
0.0,0.008797033
0.0,0.051100798
0.0,0.058088183
0.0,0.06278784
0.0,0.049285017
0.0,0.058603924
0.0,0.045811463
0.0,0.0592414
0.0,0.07277939
0.0,0.07882121
0.0,0.028835176
0.0,0.049891945
0.0,0.060102567
0.0,0.08801838
0.0,0.06863341
0.0,0.04670402
0.0,0.035905886
0.0,0.13230209
0.0,0.03692402
0.0,0.035145693
0.0,0.03920877
0.0,0.04855643
0.0,0.03438654
0.0,0.040139448
0.0,0.0933914
1.0,0.036928527
0.0,0.081232734
0.0,0.07828944
0.0,0.080644935
0.0,0.04546857
0.0,0.081811465
0.0,0.055617616
0.0,0.086488165
0.0,0.051791124
0.0,0.096772105
0.0,0.07802867
0.0,0.067465276
0.0,0.045962945
0.0,0.093566164
0.0,0.04033691
0.0,0.0493069
0.0,0.049727183
0.0,0.03730134
0.0,0.06342904
0.0,0.09019997
0.0,0.06481726
0.0,0.075093955
0.0,0.07025414
0.0,0.07739079
0.0,0.043409195
0.0,0.066383705
0.0,0.046807893
0.0,0.09403672
0.0,0.0477195
0.0,0.0697205
0.0,0.079670414
0.0,0.09907405
0.0,0.037659697
0.0,0.07359096
0.0,0.04961112
0.0,0.051292155
0.0,0.06799633
0.0,0.055990294
1.0,0.06650113
0.0,0.05234815
0.0,0.04129385
0.0,0.050141618
0.0,0.03936615
0.0,0.06617231
0.0,0.036515463
0.0,0.032377675
0.0,0.05210616
1.0,0.041010767
0.0,0.047724348
0.0,0.034486167
0.0,0.062363505
0.0,0.04171068
0.0,0.058245324
0.0,0.049872097
0.0,0.045639955
0.0,0.074113145
0.0,0.042358
0.0,0.0882587
0.0,0.043304626
0.0,0.09692339
0.0,0.038051344
0.0,0.008050969
0.0,0.026749961
0.0,0.05371308
0.0,0.067163065
0.0,0.0750523
0.0,0.066564985
0.0,0.060832947
0.0,0.083495654
0.0,0.054036986
1.0,0.07269977
0.0,0.05756543
0.0,0.06622659
0.0,0.05336243
0.0,0.06807945
0.0,0.06712107
0.0,0.044980668
0.0,0.039185815
0.0,0.083542824
0.0,0.049060974
0.0,0.050117843
0.0,0.05308519
0.0,0.064266354
0.0,0.08117769
0.0,0.07698842
0.0,0.042613637
0.0,0.005045955
0.0,0.044609405
0.0,0.074634485
0.0,0.023932926
0.0,0.09409503
0.0,0.034463786
0.0,0.022404652
0.0,0.06045226
0.0,0.049155097
0.0,0.081096865
0.0,0.04145359
0.0,0.07075022
0.0,0.0777455
1.0,0.08605279
0.0,0.0542658
0.0,0.04431658
0.0,0.055755574
0.0,0.057296943
0.0,0.05497838
0.0,0.04735643
0.0,0.04050307
0.0,0.04380635
0.0,0.05606927
0.0,0.043814834
0.0,0.054754235
0.0,0.04538338
0.0,0.05946833
0.0,0.03979294
0.0,0.07346528
0.0,0.05885163
0.0,0.07050178
0.0,0.045985807
0.0,0.05922037
1.0,0.051162604
0.0,0.033377636
0.0,0.040148664
0.0,0.04153782
0.0,0.07640495
0.0,0.018119078
0.0,0.03144587
0.0,0.035118368
0.0,0.060859784
0.0,0.056039866
1.0,0.056525234
0.0,0.04093522
0.0,0.050264325
0.0,0.03547032
0.0,0.03428177
0.0,0.048694804
0.0,0.056878995
0.0,0.15373176
0.0,0.052123547
0.0,0.038399573
0.0,0.06425401
0.0,0.04808758
1.0,0.08611155
0.0,0.0660367
0.0,0.08616277
0.0,0.070729576
0.0,0.03703336
0.0,0.06178726
0.0,0.08583774
0.0,0.08501968
0.0,0.06425376
0.0,0.08142361
0.0,0.00841874
0.0,0.042517997
0.0,0.08003338
0.0,0.091830224
0.0,0.09136188
0.0,0.066635296
0.0,0.05724414
0.0,0.043557905
0.0,0.07608582
0.0,0.07190883
0.0,0.063587375
0.0,0.03500605
0.0,0.06932368
0.0,0.06304076
0.0,0.058110416
0.0,0.04316148
0.0,0.07393405
0.0,0.06232557
0.0,0.04940411
0.0,0.017773334
0.0,0.0600738
0.0,0.07826831
0.0,0.07800309
1.0,0.041495357
0.0,0.057036262
0.0,0.06974161
0.0,0.059357967
0.0,0.062322956
0.0,0.04864043
0.0,0.057594366
0.0,0.053807914
0.0,0.06395224
0.0,0.073005125
0.0,0.033660304
0.0,0.029753722
0.0,0.052789174
0.0,0.06939608
0.0,0.034599844
0.0,0.05649115
0.0,0.043924157
0.0,0.035966564
0.0,0.07224058
0.0,0.03234543
1.0,0.084012516
1.0,0.044781897
0.0,0.055204522
0.0,0.052825205
0.0,0.06354442
0.0,0.017717218
0.0,0.062360592
0.0,0.079427294
0.0,0.07096389
0.0,0.061115716
1.0,0.02650129
0.0,0.04991449
0.0,0.04105162
0.0,0.043548092
0.0,0.078953624
0.0,0.054417633
0.0,0.06592957
0.0,0.055098906
0.0,0.05140889
0.0,0.04464739
0.0,0.07973784
0.0,0.060956806
0.0,0.026587678
0.0,0.05882924
0.0,0.053116005
0.0,0.028585454
0.0,0.030887399
0.0,0.044384085
0.0,0.06566742
0.0,0.049437348
0.0,0.025549918
0.0,0.08705472
0.0,0.063830145
0.0,0.054980032
0.0,0.040268563
1.0,0.03579316
0.0,0.007707786
0.0,0.09140779
0.0,0.06336269
0.0,0.0507284
0.0,0.060624555
0.0,0.04003177
0.0,0.086073786
0.0,0.036469202
0.0,0.09509267
0.0,0.03569427
0.0,0.07498635
0.0,0.050047956
0.0,0.09143779
0.0,0.069852754
0.0,0.0647294
0.0,0.054117505
0.0,0.043391448
0.0,0.05346913
0.0,0.051358968
0.0,0.05722887
0.0,0.07534001
0.0,0.035874546
0.0,0.052648436
0.0,0.059874546
0.0,0.08055758
0.0,0.023844909
0.0,0.069205426
0.0,0.07518767
0.0,0.07056017
0.0,0.067358434
0.0,0.0672357
0.0,0.04026605
0.0,0.05661629
1.0,0.04226476
0.0,0.06828668
1.0,0.07228591
0.0,0.009487206
0.0,0.046811342
0.0,0.005382375
0.0,0.056486193
0.0,0.026029289
0.0,0.04127806
0.0,0.058842886
0.0,0.07534443
0.0,0.04263311
0.0,0.05127933
0.0,0.04831534
0.0,0.07703322
0.0,0.06912154
0.0,0.062552564
0.0,0.05357103
0.0,0.06518548
0.0,0.03484014
0.0,0.063185036
0.0,0.04461786
0.0,0.06423252
0.0,0.06406653
0.0,0.048468858
0.0,0.044844635
0.0,0.03102256
0.0,0.038035817
0.0,0.06625213
0.0,0.05354438
0.0,0.06729811
0.0,0.034981906
0.0,0.06261332
0.0,0.045451358
0.0,0.083688654
0.0,0.07508001
0.0,0.028575806
0.0,0.054121993
0.0,0.071152516
0.0,0.049099356
0.0,0.07386834
0.0,0.049637977
0.0,0.06549213
0.0,0.0555404
0.0,0.071390994
1.0,0.04737954
0.0,0.04537866
0.0,0.053144444
0.0,0.05438609
0.0,0.09892507
0.0,0.046405047
0.0,0.045832418
0.0,0.046315193
0.0,0.12376139
0.0,0.06682427
0.0,0.08002485
0.0,0.083363175
0.0,0.0944493
0.0,0.050071504
0.0,0.027808802
0.0,0.037094194
0.0,0.04993269
0.0,0.058690056
0.0,0.05564961
0.0,0.07281523
0.0,0.06256348
0.0,0.041767143
0.0,0.046353973
0.0,0.07470187
0.0,0.052374966
0.0,0.07898367
0.0,0.06300822
0.0,0.07334068
0.0,0.06494771
0.0,0.065976165
0.0,0.10489119
0.0,0.08462748
0.0,0.10897052
0.0,0.045092374
0.0,0.08305493
0.0,0.015488162
0.0,0.09353598
2.0,0.03588351
0.0,0.07117342
0.0,0.03638063
0.0,0.051824696
0.0,0.04993555
0.0,0.058602944
0.0,0.084520206
0.0,0.07476601
0.0,0.030448407
0.0,0.05654245
0.0,0.07294804
0.0,0.039629564
0.0,0.048835695
0.0,0.0473136
0.0,0.07853305
0.0,0.07957873
0.0,0.040652666
0.0,0.057209387
0.0,0.0703758
0.0,0.048881568
0.0,0.04804032
0.0,0.050716646
0.0,0.05125802
0.0,0.026486453
0.0,0.07380321
0.0,0.06323352
0.0,0.0078179
0.0,0.055848464
0.0,0.0773264
0.0,0.026784007
0.0,0.043454073
0.0,0.07196742
0.0,0.045107286
0.0,0.04488249
0.0,0.037252616
0.0,0.036298193
0.0,0.04006815
0.0,0.046886176
0.0,0.04081132
0.0,0.054765202
0.0,0.058514066
0.0,0.05737248
0.0,0.055631064
0.0,0.03925389
0.0,0.049644828
0.0,0.08061691
0.0,0.07333585
0.0,0.061053615
0.0,0.06683958
0.0,0.0856716
0.0,0.065575406
0.0,0.048118223
0.0,0.047675513
0.0,0.040745597
0.0,0.047409393
0.0,0.05435048
0.0,0.054511648
0.0,0.063291
0.0,0.057582583
0.0,0.068621255
0.0,0.051853668
0.0,0.08903472
0.0,0.06240747
0.0,0.06804261
0.0,0.11245479
0.0,0.037238255
0.0,0.03436642
0.0,0.07710591
0.0,0.05079414
0.0,0.046097994
0.0,0.05586189
0.0,0.043721534
0.0,0.08560998
0.0,0.035593566
0.0,0.06665241
0.0,0.050900884
0.0,0.07733435
0.0,0.06538119
0.0,0.07706772
0.0,0.04169277
0.0,0.0366837
0.0,0.06262992
0.0,0.05759247
0.0,0.04430084
0.0,0.0066310433
0.0,0.04504387
0.0,0.07023734
0.0,0.051541902
0.0,0.04865131
0.0,0.04840166
0.0,0.06522367
0.0,0.040150713
0.0,0.05127434
0.0,0.04173933
0.0,0.05344142
0.0,0.071942925
0.0,0.06987814
0.0,0.039884694
0.0,0.06714044
0.0,0.06107704
0.0,0.06212612
0.0,0.050941713
0.0,0.03872612
0.0,0.02454564
0.0,0.09323596
0.0,0.061592363
0.0,0.06401675
0.0,0.06703861
0.0,0.063786894
0.0,0.0931339
0.0,0.060691252
0.0,0.040523615
0.0,0.06433755
0.0,0.047980454
0.0,0.07317042
0.0,0.043278255
0.0,0.056461446
0.0,0.07106802
0.0,0.0537916
0.0,0.05698722
0.0,0.03647561
0.0,0.053039975
0.0,0.0088337045
0.0,0.04167206
0.0,0.07795423
0.0,0.054969348
0.0,0.054115567
0.0,0.032643232
0.0,0.09371145
0.0,0.035161197
0.0,0.042607073
0.0,0.096985504
0.0,0.04704895
0.0,0.058396176
1.0,0.074470386
0.0,0.08522385
0.0,0.061152007
0.0,0.07184729
0.0,0.07978738
0.0,0.03184864
0.0,0.087873615
0.0,0.04671312
0.0,0.03999558
1.0,0.06816036
0.0,0.05165673
0.0,0.05060801
0.0,0.048358522
1.0,0.058944687
0.0,0.102748506
0.0,0.08032088
0.0,0.06160072
0.0,0.057109278
0.0,0.066337824
1.0,0.042371668
0.0,0.06963239
0.0,0.073806815
0.0,0.044555373
0.0,0.051365398
0.0,0.06951279
0.0,0.066076644
0.0,0.050760463
0.0,0.050096292
0.0,0.05224134
0.0,0.05802458
0.0,0.07387463
0.0,0.06231407
0.0,0.049577832
0.0,0.061701834
0.0,0.058976162
0.0,0.030310282
0.0,0.06811916
0.0,0.06077428
0.0,0.03701004
0.0,0.029817749
0.0,0.05027486
0.0,0.059597522
0.0,0.05699131
0.0,0.06068153
0.0,0.04942897
0.0,0.06772859
0.0,0.077286296
0.0,0.034887146
1.0,0.04285104
0.0,0.05151888
0.0,0.06476327
0.0,0.044792317
0.0,0.039991893
0.0,0.058413804
0.0,0.05955403
1.0,0.041356355
0.0,0.054140244
0.0,0.076112054
0.0,0.074944265
0.0,0.06035029
1.0,0.087970085
0.0,0.051607836
0.0,0.050865352
0.0,0.08326475
0.0,0.05478124
0.0,0.033945516
0.0,0.07098858
0.0,0.04935917
0.0,0.08536436
0.0,0.039461587
0.0,0.06819841
0.0,0.07994974
0.0,0.06583809
0.0,0.045322306
0.0,0.04377026
0.0,0.047643833
0.0,0.069033876
0.0,0.051668074
0.0,0.070642784
0.0,0.03886113
0.0,0.063699126
0.0,0.03800362
0.0,0.05861615
0.0,0.047028977
1.0,0.023028696
0.0,0.059880268
0.0,0.03468436
0.0,0.043289036
0.0,0.08503863
0.0,0.08308305
0.0,0.0605345
0.0,0.06300491
1.0,0.052585296
0.0,0.045082085
0.0,0.042042762
0.0,0.060220815
0.0,0.08229938
0.0,0.044281915
0.0,0.04987514
0.0,0.065945715
0.0,0.07864487
0.0,0.042097908
0.0,0.047094088
0.0,0.013750013
0.0,0.051089652
0.0,0.08193136
0.0,0.034298457
0.0,0.05524268
0.0,0.049380757
0.0,0.08427809
0.0,0.061621476
0.0,0.07305238
0.0,0.057757355
0.0,0.10456666
0.0,0.021345573
0.0,0.04188106
0.0,0.010611542
0.0,0.056509778
0.0,0.040582556
0.0,0.03947329
0.0,0.09184216
0.0,0.052897383
0.0,0.047864802
0.0,0.056409683
0.0,0.052653797
0.0,0.06711823
0.0,0.026470633
0.0,0.054609288
0.0,0.064293265
0.0,0.06891682
0.0,0.06492523
0.0,0.05138192
0.0,0.03134928
0.0,0.04346231
0.0,0.068376966
0.0,0.06299215
0.0,0.0063396017
0.0,0.05484564
0.0,0.042457268
0.0,0.06279649
0.0,0.060105205
0.0,0.04605326
0.0,0.042318016
0.0,0.04286964
0.0,0.054852415
0.0,0.009809369
0.0,0.052558362
0.0,0.07527749
0.0,0.048786305
0.0,0.029621886
0.0,0.06883627
1.0,0.047300633
0.0,0.056943703
0.0,0.031649753
0.0,0.07147846
0.0,0.08137404
0.0,0.056628115
0.0,0.0567151
0.0,0.06511263
0.0,0.02155405
0.0,0.03967496
0.0,0.042229243
0.0,0.0777612
0.0,0.045889013
0.0,0.07542711
0.0,0.060566533
0.0,0.044877086
0.0,0.04994288
0.0,0.042785145
0.0,0.053111397
0.0,0.02954006
0.0,0.07742525
0.0,0.05360335
0.0,0.04712392
0.0,0.04296983
0.0,0.0576963
0.0,0.039250296
0.0,0.0623329
0.0,0.053334065
0.0,0.039198898
0.0,0.040675364
0.0,0.109293
0.0,0.0375126
0.0,0.08419806
0.0,0.055702254
0.0,0.052297305
0.0,0.06694513
0.0,0.100776374
0.0,0.035360254
0.0,0.041911982
0.0,0.08345169
0.0,0.07008241
0.0,0.061985284
0.0,0.0775079
0.0,0.049530577
0.0,0.039851148
0.0,0.05702121
0.0,0.047152646
0.0,0.049910314
0.0,0.08362706
0.0,0.046013705
1.0,0.034797058
0.0,0.052850578
0.0,0.06687191
0.0,0.051089212
0.0,0.04887059
0.0,0.065304525
0.0,0.061452504
0.0,0.07037385
0.0,0.03530021
0.0,0.063604936
0.0,0.035604812
0.0,0.05420266
0.0,0.08671068
0.0,0.08664853
0.0,0.04281544
0.0,0.057183534
0.0,0.06272241
0.0,0.06226144
0.0,0.069108225
0.0,0.06590782
0.0,0.08931632
0.0,0.042943712
0.0,0.08348964
0.0,0.035890404
0.0,0.047281027
0.0,0.055580355
0.0,0.039204
0.0,0.061183464
0.0,0.07965917
0.0,0.063330516
0.0,0.04258917
0.0,0.090496
0.0,0.041179508
0.0,0.059310548
0.0,0.047096662
0.0,0.063495494
0.0,0.068859845
0.0,0.04853512
0.0,0.06760385
0.0,0.06557281
0.0,0.06378037
0.0,0.05898408
0.0,0.04814534
0.0,0.0761306
0.0,0.033161525
0.0,0.07335736
0.0,0.0542198
0.0,0.062480975
0.0,0.070357375
0.0,0.06927263
0.0,0.090687364
0.0,0.063412346
0.0,0.049595274
0.0,0.065629214
0.0,0.084224425
0.0,0.059018612
0.0,0.059918057
0.0,0.053992108
0.0,0.07552329
0.0,0.07053527
0.0,0.04550492
1.0,0.06985194
0.0,0.07989204
0.0,0.04233588
0.0,0.09063668
0.0,0.06543391
1.0,0.045972347
0.0,0.06834356
0.0,0.06976892
0.0,0.052928984
0.0,0.051292364
0.0,0.069426104
0.0,0.04545359
0.0,0.09053692
0.0,0.047996953
0.0,0.06705071
0.0,0.03482525
0.0,0.057607193
0.0,0.05917937
0.0,0.08050192
0.0,0.07285305
0.0,0.08486505
0.0,0.039982874
0.0,0.041987315
0.0,0.02738595
0.0,0.09559545
0.0,0.09137515
0.0,0.038338706
0.0,0.06205323
0.0,0.08329871
0.0,0.042330742
0.0,0.08061766
0.0,0.03684031
0.0,0.055482354
0.0,0.059852008
0.0,0.055351168
0.0,0.08493756
0.0,0.06693892
0.0,0.05062396
0.0,0.04463496
0.0,0.0466598
0.0,0.05818446
0.0,0.10467419
0.0,0.03809119
0.0,0.06309318
0.0,0.056365494
0.0,0.05161102
0.0,0.06907851
0.0,0.06946584
0.0,0.044192698
0.0,0.09222228
0.0,0.056661393
0.0,0.057941496
0.0,0.09229245
0.0,0.06291396
0.0,0.043419152
0.0,0.021074578
0.0,0.075498864
0.0,0.045130394
0.0,0.057402525
0.0,0.07174924
1.0,0.09071325
0.0,0.07708782
0.0,0.07775677
0.0,0.038925577
0.0,0.07117824
0.0,0.055609502
0.0,0.035136893
0.0,0.036366858
0.0,0.04731673
0.0,0.062977396
0.0,0.068601884
0.0,0.06950472
0.0,0.02800283
1.0,0.063012995
0.0,0.051896993
0.0,0.12239269
0.0,0.06111449
0.0,0.05865718
0.0,0.07126155
0.0,0.06945583
0.0,0.08124937
0.0,0.052730896
0.0,0.062019046
0.0,0.06030389
0.0,0.08564912
0.0,0.035127312
0.0,0.08410394
0.0,0.06926393
0.0,0.09194717
0.0,0.031723224
0.0,0.04709837
0.0,0.08525385
0.0,0.033058006
0.0,0.06625663
0.0,0.06572811
0.0,0.039088473
0.0,0.08081285
0.0,0.021127876
0.0,0.052721303
0.0,0.058125395
0.0,0.049845316
0.0,0.03942174
0.0,0.046726108
1.0,0.030217202
0.0,0.078379594
0.0,0.03476108
0.0,0.045687422
0.0,0.097665384
0.0,0.07036796
0.0,0.008042723
0.0,0.046667926
0.0,0.049843933
0.0,0.0486773
0.0,0.046214577
0.0,0.047670186
0.0,0.04619805
0.0,0.066750765
0.0,0.043520138
0.0,0.04816115
0.0,0.056354582
0.0,0.07394004
0.0,0.07539661
0.0,0.08201575
0.0,0.02570488
0.0,0.08591454
0.0,0.05644116
0.0,0.06489502
0.0,0.087762624
0.0,0.082894094
0.0,0.07308137
0.0,0.043920618
0.0,0.0650081
0.0,0.09268884
0.0,0.023717415
0.0,0.052901458
0.0,0.09042846
1.0,0.085921034
0.0,0.050670076
0.0,0.05310805
0.0,0.0744725
0.0,0.09219986
0.0,0.06306951
0.0,0.07410866
0.0,0.06509334
0.0,0.035793476
0.0,0.04763826
0.0,0.07467394
0.0,0.030103968
0.0,0.04883856
0.0,0.051851492
0.0,0.05929679
0.0,0.0823988
0.0,0.07476793
0.0,0.054005418
0.0,0.07285076
0.0,0.06976549
0.0,0.057720724
0.0,0.05528774
0.0,0.049910016
0.0,0.044558138
0.0,0.028242221
0.0,0.063631006
0.0,0.0767856
0.0,0.053760137
0.0,0.06934484
0.0,0.056571953
0.0,0.08895953
0.0,0.056878902
0.0,0.044590317
0.0,0.050881602
0.0,0.07913013
0.0,0.06742659
0.0,0.04865189
0.0,0.06726541
0.0,0.056945685
0.0,0.038042136
1.0,0.056681834
0.0,0.061150417
0.0,0.038709376
0.0,0.09541625
0.0,0.06313944
0.0,0.085660614
0.0,0.046624195
0.0,0.042650707
0.0,0.03869715
0.0,0.08029063
0.0,0.065554835
0.0,0.072938174
0.0,0.044931903
0.0,0.066630945
0.0,0.043135766
0.0,0.056478072
0.0,0.09591841
0.0,0.06518226
0.0,0.0095395595
0.0,0.05029752
0.0,0.062368203
0.0,0.052251067
0.0,0.048245504
0.0,0.049741462
0.0,0.06150263
0.0,0.053328447
0.0,0.044408005
0.0,0.065003835
0.0,0.047398224
0.0,0.062241495
0.0,0.05757023
0.0,0.013451049
0.0,0.070382126
0.0,0.053256176
0.0,0.07351297
0.0,0.060184516
0.0,0.057044543
0.0,0.05197583
0.0,0.049062263
0.0,0.04992888
0.0,0.06786076
0.0,0.06728634
0.0,0.06393408
0.0,0.03634005
0.0,0.05300723
0.0,0.04320384
0.0,0.08317743
0.0,0.09535903
0.0,0.042580467
0.0,0.08865455
0.0,0.043259718
0.0,0.046677895
1.0,0.033066567
0.0,0.045672074
0.0,0.106570676
0.0,0.051914405
0.0,0.048670128
0.0,0.054986704
0.0,0.044575267
0.0,0.073554695
0.0,0.035103157
1.0,0.040712893
0.0,0.066629246
0.0,0.043823496
0.0,0.03977693
0.0,0.0835748
0.0,0.06905462
0.0,0.03759084
0.0,0.0752729
0.0,0.06408055
0.0,0.07551809
0.0,0.05925581
0.0,0.04297418
0.0,0.06578946
1.0,0.07043366
0.0,0.07475024
0.0,0.04505934
0.0,0.04416944
0.0,0.056528375
0.0,0.054500043
0.0,0.068658076
0.0,0.062466778
0.0,0.05387025
0.0,0.031359896
0.0,0.03815094
0.0,0.04347368
0.0,0.056485385
0.0,0.037218146
0.0,0.05041869
0.0,0.04543414
0.0,0.05427164
0.0,0.06683603
0.0,0.046700746
0.0,0.018565465
0.0,0.056053188
0.0,0.05079437
0.0,0.06479739
0.0,0.04516473
0.0,0.08978713
0.0,0.06373647
0.0,0.049714785
0.0,0.054822553
0.0,0.042629547
0.0,0.10552057
0.0,0.05245168
0.0,0.024398359
0.0,0.03786934
0.0,0.0463593
0.0,0.05703017
0.0,0.10428433
0.0,0.058881957
0.0,0.03488223
0.0,0.037927784
0.0,0.07449916
0.0,0.034020875
0.0,0.045256935
0.0,0.052222297
0.0,0.054771863
0.0,0.03939674
0.0,0.022208916
0.0,0.05570576
0.0,0.08819685
0.0,0.07859428
0.0,0.038611494
0.0,0.06609675
0.0,0.051897205
0.0,0.08865311
0.0,0.05689223
0.0,0.09223134
0.0,0.039561704
0.0,0.054682065
0.0,0.05628955
0.0,0.04889433
0.0,0.040041216
0.0,0.043161713
0.0,0.08411594
0.0,0.006181549
0.0,0.057321087
0.0,0.07703257
0.0,0.051960394
0.0,0.07126654
0.0,0.056900278
0.0,0.045732826
0.0,0.05199228
0.0,0.06738365
0.0,0.03978421
0.0,0.060427953
0.0,0.028464848
0.0,0.060800757
0.0,0.0073791435
0.0,0.054603495
0.0,0.07581342
0.0,0.041631583
0.0,0.031072985
0.0,0.061836556
0.0,0.038985353
0.0,0.048223343
0.0,0.058629528
0.0,0.06458481
0.0,0.043916143
0.0,0.06702677
0.0,0.063488685
0.0,0.043640573
0.0,0.03177696
0.0,0.052767187
0.0,0.05375132
0.0,0.07760592
0.0,0.07120129
0.0,0.10155341
0.0,0.04967649
0.0,0.058555346
0.0,0.036329214
0.0,0.052954823
0.0,0.055048592
0.0,0.03528689
0.0,0.0641273
0.0,0.040059436
1.0,0.045146577
0.0,0.05031323
0.0,0.047597714
0.0,0.066900596
0.0,0.049618937
0.0,0.086226314
0.0,0.054905757
0.0,0.06115338
0.0,0.05030095
0.0,0.07420443
0.0,0.10807985
0.0,0.04692344
0.0,0.05612441
0.0,0.05562978
0.0,0.04577016
0.0,0.051550332
1.0,0.083933234
0.0,0.05510608
0.0,0.07214229
0.0,0.07221403
0.0,0.082705334
0.0,0.079931796
0.0,0.054993995
0.0,0.037991915
0.0,0.078610435
0.0,0.038483784
0.0,0.06288623
0.0,0.061386153
0.0,0.06582666
0.0,0.061064273
0.0,0.05641813
0.0,0.05120893
0.0,0.06378965
0.0,0.06755174
0.0,0.05444446
0.0,0.06391937
0.0,0.056624226
0.0,0.06353265
0.0,0.038325854
0.0,0.056174252
0.0,0.058316037
0.0,0.021455752
0.0,0.052833494
0.0,0.06994558
0.0,0.05194985
0.0,0.05369779
0.0,0.058709983
0.0,0.046295896
0.0,0.08116579
0.0,0.1097884
0.0,0.038380116
0.0,0.07837619
0.0,0.070875056
0.0,0.10383401
0.0,0.047561325
0.0,0.050091814
0.0,0.044254854
0.0,0.015339314
0.0,0.07643877
0.0,0.03376967
0.0,0.039716564
0.0,0.10263135
0.0,0.047716632
0.0,0.056343205
0.0,0.08860983
0.0,0.04250472
0.0,0.05760159
0.0,0.05123223
0.0,0.07129924
0.0,0.059851635
0.0,0.042100076
0.0,0.032627188
0.0,0.08795578
0.0,0.04178247
0.0,0.0861034
0.0,0.052735608
0.0,0.10107514
0.0,0.07480969
0.0,0.06724511
0.0,0.058735408
0.0,0.05852629
0.0,0.047861654
0.0,0.0948888
0.0,0.08509195
0.0,0.04700845
0.0,0.056429915
0.0,0.0784264
0.0,0.04414993
0.0,0.0687959
0.0,0.048850007
0.0,0.06703219
0.0,0.068058886
0.0,0.03745445
0.0,0.07080216
0.0,0.07048755
0.0,0.050082475
0.0,0.06252425
0.0,0.045230668
0.0,0.042309847
0.0,0.049343064
0.0,0.11669925
0.0,0.021868853
0.0,0.03878303
0.0,0.08509673
0.0,0.049478948
0.0,0.062367417
0.0,0.008841247
0.0,0.044639654
0.0,0.04312688
0.0,0.046935502
0.0,0.050599154
0.0,0.074056655
0.0,0.06252407
0.0,0.054974016
0.0,0.032822117
0.0,0.042607725
0.0,0.09756547
0.0,0.051706858
0.0,0.06290234
0.0,0.0692669
1.0,0.037436
0.0,0.05904334
0.0,0.06717972
0.0,0.046636537
0.0,0.051653765
0.0,0.041666735
0.0,0.08987743
1.0,0.05776577
0.0,0.039140157
0.0,0.030606154
0.0,0.040746752
0.0,0.06465734
0.0,0.0061934954
0.0,0.04001332
0.0,0.04589908
0.0,0.032199375
0.0,0.0425342
1.0,0.07400935
0.0,0.056617532
0.0,0.07411894
0.0,0.051066745
0.0,0.041148316
0.0,0.08217235
0.0,0.041778035
0.0,0.052486673
0.0,0.054673735
0.0,0.06000629
0.0,0.032988954
1.0,0.04382892
0.0,0.07162092
0.0,0.0372689
0.0,0.0398119
0.0,0.040126503
0.0,0.0422634
0.0,0.051191427
0.0,0.02916828
0.0,0.085849285
0.0,0.04680478
0.0,0.05981914
0.0,0.043905936
0.0,0.061308004
0.0,0.039306775
0.0,0.07016637
0.0,0.059642155
0.0,0.08650276
0.0,0.05248267
0.0,0.041249666
0.0,0.06400779
0.0,0.08192269
0.0,0.03969551
0.0,0.030650642
0.0,0.05481501
0.0,0.03479678
0.0,0.059136674
0.0,0.0674168
0.0,0.06570436
0.0,0.06576926
0.0,0.066908956
0.0,0.047316514
0.0,0.009553521
0.0,0.037944045
0.0,0.03397764
0.0,0.07510244
0.0,0.08977048
0.0,0.09214402
0.0,0.060396712
0.0,0.049876437
0.0,0.048685655
0.0,0.06960968
0.0,0.050347093
0.0,0.04168963
0.0,0.06799346
0.0,0.051828995
0.0,0.07407029
0.0,0.036722414
0.0,0.052546095
0.0,0.05846633
0.0,0.029710354
0.0,0.08968097
0.0,0.108805954
0.0,0.07467861
0.0,0.06471564
0.0,0.08850743
0.0,0.041537188
0.0,0.04840927
1.0,0.05148273
0.0,0.048785236
0.0,0.042203415
0.0,0.047819212
0.0,0.046549253
0.0,0.061847214
0.0,0.036788363
0.0,0.06729334
0.0,0.06157062
0.0,0.047127783
0.0,0.044748075
0.0,0.044604808
0.0,0.058117844
0.0,0.038642954
1.0,0.08369391
0.0,0.059325583
0.0,0.04146356
0.0,0.04492954
0.0,0.0915379
0.0,0.074715115
0.0,0.07567441
0.0,0.040983222
0.0,0.09165163
0.0,0.043606617
0.0,0.039868075
0.0,0.08535253
1.0,0.039848045
0.0,0.040226705
0.0,0.056389865
1.0,0.04454093
0.0,0.016387232
0.0,0.07404442
0.0,0.051394038
0.0,0.04254984
1.0,0.10891294
0.0,0.06521335
0.0,0.04435584
1.0,0.07117286
0.0,0.066468626
0.0,0.052116573
0.0,0.053242832
0.0,0.05938918
0.0,0.079253644
0.0,0.08700061
0.0,0.07837869
0.0,0.052677527
0.0,0.05732602
0.0,0.053811226
0.0,0.060476698
0.0,0.019221649
0.0,0.055703647
0.0,0.06206496
0.0,0.062390275
0.0,0.05420454
0.0,0.05597174
0.0,0.04771024
0.0,0.05989152
0.0,0.042990375
0.0,0.04671773
0.0,0.051700287
0.0,0.05950455
0.0,0.13479497
0.0,0.08635403
0.0,0.071451865
0.0,0.051902786
0.0,0.077813685
0.0,0.06259269
0.0,0.07248623
0.0,0.09652787
0.0,0.06555043
0.0,0.05123999
0.0,0.07232444
0.0,0.068718836
0.0,0.06539377
0.0,0.015143092
0.0,0.06576814
1.0,0.040088013
0.0,0.074992664
0.0,0.04062115
0.0,0.100791514
0.0,0.06083833
0.0,0.024724893
0.0,0.053414285
0.0,0.040152147
0.0,0.062915206
1.0,0.05834979
0.0,0.0465092
0.0,0.042663224
0.0,0.056619234
0.0,0.06097259
1.0,0.05621321
0.0,0.054232948
0.0,0.082599394
0.0,0.07137273
0.0,0.057647724
0.0,0.07579954
0.0,0.051459342
0.0,0.06196154
0.0,0.08397525
0.0,0.05513398
0.0,0.09181499
0.0,0.044655405
0.0,0.10053328
0.0,0.04130611
0.0,0.07600778
0.0,0.054392703
0.0,0.028684039
0.0,0.043931823
0.0,0.072072335
0.0,0.05497192
0.0,0.06957762
0.0,0.063389115
0.0,0.020376476
0.0,0.037589762
0.0,0.0383904
0.0,0.071319506
0.0,0.0646029
0.0,0.06502831
0.0,0.030485451
0.0,0.047478326
0.0,0.08770989
0.0,0.0745757
1.0,0.04512697
0.0,0.06161162
0.0,0.056754723
0.0,0.08019656
0.0,0.06555126
0.0,0.06843165
0.0,0.04733538
0.0,0.040860653
0.0,0.069219984
0.0,0.046242263
0.0,0.07214853
0.0,0.053970832
0.0,0.07007028
0.0,0.048016604
0.0,0.08120973
0.0,0.07068851
2.0,0.026011318
0.0,0.021750303
0.0,0.026097432
0.0,0.05151357
0.0,0.032047503
0.0,0.07052236
0.0,0.055603497
0.0,0.06230195
0.0,0.07148818
0.0,0.07224098
0.0,0.07069552
0.0,0.022348206
0.0,0.02683179
0.0,0.072849855
0.0,0.04618006
1.0,0.08208911
0.0,0.03307784
1.0,0.043160114
0.0,0.051542222
0.0,0.04879217
0.0,0.074239664
0.0,0.040716194
0.0,0.04596293
0.0,0.078506246
0.0,0.0090171825
0.0,0.067358434
0.0,0.045995127
0.0,0.054173905
0.0,0.052499615
0.0,0.061863497
0.0,0.05690855
0.0,0.06573504
0.0,0.040075466
0.0,0.044828504
0.0,0.0722524
0.0,0.0052373745
0.0,0.054278947
0.0,0.0808248
0.0,0.059973896
0.0,0.054126136
0.0,0.069533214
0.0,0.03965472
0.0,0.0703123
0.0,0.040129803
0.0,0.060040265
0.0,0.040165726
0.0,0.05116578
0.0,0.087006874
0.0,0.124825865
0.0,0.0560924
0.0,0.053820193
0.0,0.03864254
0.0,0.057820555
0.0,0.049571782
0.0,0.06622186
0.0,0.09784312
0.0,0.046928875
0.0,0.052377913
0.0,0.092246115
0.0,0.073036864
0.0,0.045822375
0.0,0.040003687
0.0,0.04702139
0.0,0.055701632
0.0,0.06995377
0.0,0.06569001
0.0,0.08052305
0.0,0.07224498
0.0,0.041146886
0.0,0.043909665
0.0,0.053256825
0.0,0.08528935
0.0,0.090396315
0.0,0.04103039
0.0,0.04490442
0.0,0.05537585
0.0,0.07129798
0.0,0.06286568
0.0,0.048044354
0.0,0.047498703
0.0,0.046916
0.0,0.04343373
0.0,0.07176757
0.0,0.04406556
0.0,0.04368137
0.0,0.04976827
0.0,0.043415643
0.0,0.07851589
0.0,0.079063594
0.0,0.05543539
0.0,0.07938769
0.0,0.06389873
0.0,0.08282547
1.0,0.008779337
0.0,0.055087022
0.0,0.041346475
0.0,0.051404208
0.0,0.062561065
0.0,0.10492573
0.0,0.07138143
0.0,0.053868964
0.0,0.0446388
0.0,0.113229066
0.0,0.065698974
0.0,0.05452233
0.0,0.036856383
0.0,0.049743667
0.0,0.052613765
0.0,0.037003018
0.0,0.07592027
1.0,0.032442488
0.0,0.03439184
0.0,0.06807531
0.0,0.031799607
0.0,0.07638667
0.0,0.058582522
0.0,0.055251162
0.0,0.068283536
0.0,0.06834456
0.0,0.036455978
0.0,0.050174505
0.0,0.080100134
0.0,0.038574994
0.0,0.039174046
0.0,0.032295883
0.0,0.05707624
0.0,0.054433595
0.0,0.0088718105
0.0,0.091268115
0.0,0.0806171
0.0,0.053024016
0.0,0.09029307
0.0,0.03475739
0.0,0.073644824
1.0,0.07892065
0.0,0.03652497
0.0,0.07122482
0.0,0.06763585
0.0,0.08895855
0.0,0.12269157
0.0,0.0471598
0.0,0.045005944
0.0,0.045186937
0.0,0.055978227
0.0,0.07534826
0.0,0.039040696
0.0,0.0755507
0.0,0.07094875
0.0,0.062591605
0.0,0.055579796
0.0,0.093394786
0.0,0.050775565
0.0,0.069057696
0.0,0.049704984
0.0,0.044993605
0.0,0.066862434
0.0,0.022886045
0.0,0.06479615
0.0,0.054436423
0.0,0.06990115
0.0,0.041225165
0.0,0.06782807
0.0,0.041558634
0.0,0.038495302
0.0,0.039991673
0.0,0.059171554
0.0,0.061818086
0.0,0.081719965
0.0,0.047599044
0.0,0.024394536
0.0,0.043256372
0.0,0.046993323
0.0,0.058946107
0.0,0.039984703
0.0,0.04220743
1.0,0.04876528
0.0,0.046748627
0.0,0.044170693
0.0,0.06882359
0.0,0.03934971
0.0,0.04688722
0.0,0.06465279
0.0,0.044577457
0.0,0.04559282
1.0,0.07340008
0.0,0.107552506
0.0,0.061962306
0.0,0.022739384
0.0,0.056889005
0.0,0.06206474
0.0,0.081020236
0.0,0.040097725
0.0,0.034473866
0.0,0.017169127
0.0,0.07279978
0.0,0.057027858
0.0,0.03992888
0.0,0.04166285
0.0,0.068156734
0.0,0.030075539
0.0,0.058311045
0.0,0.0751544
0.0,0.05161959
0.0,0.06070875
0.0,0.012403564
0.0,0.07915379
0.0,0.061366368
0.0,0.08185279
0.0,0.059763458
0.0,0.040571187
0.0,0.05051757
0.0,0.012821
0.0,0.07365286
0.0,0.08673135
0.0,0.053479888
0.0,0.051355798
0.0,0.015088068
0.0,0.07316435
1.0,0.05698749
0.0,0.026095154
0.0,0.02051453
0.0,0.06435347
0.0,0.012541918
0.0,0.036077328
0.0,0.047123067
0.0,0.05353856
0.0,0.06764943
1.0,0.05010044
0.0,0.06327264
0.0,0.06337148
0.0,0.048327565
0.0,0.046106197
0.0,0.044747636
0.0,0.034366634
0.0,0.027458528
0.0,0.057790235
0.0,0.07235766
0.0,0.043746214
0.0,0.0287503
0.0,0.073008254
0.0,0.072958946
0.0,0.06570949
0.0,0.068831906
1.0,0.05597225
0.0,0.0581508
0.0,0.09188745
0.0,0.048589528
1.0,0.07066873
0.0,0.065797634
0.0,0.06612889
0.0,0.03431424
0.0,0.05377596
0.0,0.08198396
0.0,0.05553799
0.0,0.065007925
0.0,0.083338335
1.0,0.055513725
0.0,0.050540943
0.0,0.04724072
0.0,0.08544077
0.0,0.039375275
0.0,0.051434442
0.0,0.08636138
0.0,0.056238577
0.0,0.06793231
1.0,0.041639466
0.0,0.036589295
0.0,0.048919387
0.0,0.04269044
0.0,0.048666418
0.0,0.022240793
0.0,0.047640063
0.0,0.047438666
0.0,0.045919865
0.0,0.06670021
0.0,0.024532586
0.0,0.046959814
0.0,0.0969267
0.0,0.06427359
0.0,0.08647097
0.0,0.048221607
0.0,0.057246856
0.0,0.051476717
0.0,0.06283513
0.0,0.054574773
0.0,0.054984633
0.0,0.044344597
0.0,0.08885439
0.0,0.07219058
0.0,0.07313481
1.0,0.05047913
0.0,0.059598997
0.0,0.058527112
0.0,0.058808934
0.0,0.06796987
0.0,0.08277467
0.0,0.07726778
0.0,0.045227595
0.0,0.07027523
0.0,0.080169335
0.0,0.019696206
0.0,0.06562331
0.0,0.07284551
0.0,0.045393616
0.0,0.039839674
0.0,0.06245086
0.0,0.041506045
0.0,0.08403127
0.0,0.050932556
0.0,0.06534106
0.0,0.05017339
0.0,0.04089335
0.0,0.061734162
1.0,0.07592865
0.0,0.03493336
0.0,0.052672807
0.0,0.03081474
0.0,0.046696372
0.0,0.06687661
0.0,0.0856466
0.0,0.04171764
0.0,0.058720358
0.0,0.009125911
0.0,0.03175229
0.0,0.049105868
0.0,0.04619433
0.0,0.0395099
0.0,0.05112551
0.0,0.09943455
0.0,0.07372129
0.0,0.056570683
0.0,0.043342717
0.0,0.05680584
0.0,0.06635681
0.0,0.08531302
0.0,0.09063959
0.0,0.06509144
0.0,0.038141146
0.0,0.06430663
0.0,0.0824216
0.0,0.027399678
0.0,0.06818851
0.0,0.045612562
0.0,0.072800405
0.0,0.03838577
0.0,0.091923386
0.0,0.06811588
0.0,0.07034543
0.0,0.04924407
0.0,0.076133214
0.0,0.055274628
0.0,0.05383476
0.0,0.08844305
0.0,0.041302435
0.0,0.05393745
1.0,0.051310502
0.0,0.03243368
0.0,0.05560164
0.0,0.032825403
0.0,0.08546822
0.0,0.043660752
1.0,0.06007655
0.0,0.07400209
0.0,0.073309414
0.0,0.052373946
0.0,0.061978605
0.0,0.046116352
0.0,0.080099046
0.0,0.060087953
0.0,0.055388726
0.0,0.041979108
0.0,0.066500455
0.0,0.090353325
0.0,0.03503648
0.0,0.05846796
0.0,0.07652976
0.0,0.0574336
0.0,0.037877195
0.0,0.055904564
0.0,0.05839879
0.0,0.03406247
0.0,0.07671618
0.0,0.05032163
0.0,0.06395562
0.0,0.06377435
0.0,0.08274703
0.0,0.08153321
0.0,0.08471978
0.0,0.03095025
0.0,0.044795416
0.0,0.06997872
0.0,0.046726774
0.0,0.070973024
0.0,0.067858055
0.0,0.08891542
0.0,0.044173937
0.0,0.03645603
0.0,0.041977424
1.0,0.059050027
0.0,0.071130365
0.0,0.094850056
0.0,0.07379039
0.0,0.059531726
0.0,0.07083363
0.0,0.06456008
0.0,0.060234256
1.0,0.071543016
1.0,0.047760725
0.0,0.059333276
0.0,0.07791733
0.0,0.044468056
0.0,0.061151627
0.0,0.04995104
0.0,0.037006892
0.0,0.050493862
0.0,0.06199198
0.0,0.07415935
0.0,0.05815646
0.0,0.06264487
0.0,0.081860594
0.0,0.06728243
0.0,0.0688261
0.0,0.045120377
0.0,0.09385984
0.0,0.06041343
0.0,0.060992654
0.0,0.04210135
0.0,0.050202034
0.0,0.032353908
0.0,0.08545033
0.0,0.047841143
0.0,0.08815543
0.0,0.047151927
0.0,0.052250743
0.0,0.094403125
0.0,0.12189007
1.0,0.04450348
0.0,0.025909556
0.0,0.062257566
0.0,0.051630553
0.0,0.03947781
0.0,0.040661886
0.0,0.07601945
0.0,0.119036086
0.0,0.03195202
0.0,0.07409859
0.0,0.048728436
0.0,0.07226344
1.0,0.081155896
0.0,0.047327694
0.0,0.09244983
0.0,0.06446138
0.0,0.048835974
0.0,0.06408192
0.0,0.08381997
0.0,0.050412845
0.0,0.037502557
0.0,0.057918597
1.0,0.049654063
0.0,0.08601847
0.0,0.059592433
0.0,0.104329616
0.0,0.03391248
0.0,0.063561626
0.0,0.02980814
0.0,0.071655065
0.0,0.05623108
0.0,0.07517847
0.0,0.052242495
0.0,0.060043685
0.0,0.034056894
0.0,0.053619828
1.0,0.048742786
0.0,0.06589371
1.0,0.0470621
0.0,0.065554306
0.0,0.07049718
0.0,0.06867392
0.0,0.040669642
0.0,0.081749015
0.0,0.04307959
0.0,0.068730004
0.0,0.044283964
1.0,0.06559378
0.0,0.039575025
0.0,0.052049555
0.0,0.07367045
0.0,0.058584936
0.0,0.047256604
0.0,0.07343933
0.0,0.09704178
0.0,0.050376043
0.0,0.03677206
0.0,0.058389004
0.0,0.050321966
0.0,0.067885436
0.0,0.10155225
0.0,0.074622616
0.0,0.041811638
0.0,0.072589844
0.0,0.09013361
0.0,0.07842604
0.0,0.036042817
0.0,0.060686015
0.0,0.09015381
0.0,0.035924047
0.0,0.06804834
0.0,0.020150777
0.0,0.04406391
0.0,0.047617227
0.0,0.08033109
0.0,0.068876624
0.0,0.051164582
0.0,0.04320931
0.0,0.07739694
0.0,0.038128898
0.0,0.048694372
0.0,0.07250258
0.0,0.058447335
0.0,0.059924114
0.0,0.03124158
0.0,0.066849545
0.0,0.04082802
0.0,0.05834496
0.0,0.0446489
0.0,0.07288015
0.0,0.08774949
0.0,0.06567459
0.0,0.05252841
0.0,0.0401974
0.0,0.08494647
0.0,0.050275892
0.0,0.053580582
0.0,0.0666928
0.0,0.049534436
0.0,0.07475852
0.0,0.058530588
0.0,0.047759086
0.0,0.111701906
0.0,0.026144974
0.0,0.071788184
0.0,0.048389662
0.0,0.0699582
0.0,0.06968932
0.0,0.07828455
0.0,0.05229647
0.0,0.06431579
0.0,0.09211199
0.0,0.050087266
0.0,0.08293752
0.0,0.06732221
0.0,0.052938577
0.0,0.05733362
0.0,0.048811458
0.0,0.06470903
0.0,0.07238217
0.0,0.07094912
1.0,0.04391694
0.0,0.040354062
0.0,0.09544528
0.0,0.060241207
0.0,0.069990374
0.0,0.07785806
0.0,0.0703505
0.0,0.044677887
1.0,0.047990408
0.0,0.07876279
0.0,0.07301802
0.0,0.039330613
0.0,0.048686467
0.0,0.07939378
0.0,0.0397072
0.0,0.05718135
0.0,0.0772917
0.0,0.05470027
0.0,0.08119547
0.0,0.055106264
0.0,0.049957138
0.0,0.052454647
0.0,0.04321104
0.0,0.04155698
0.0,0.0737371
1.0,0.0402168
0.0,0.058991533
0.0,0.063087314
0.0,0.051230997
0.0,0.04224767
0.0,0.054782584
0.0,0.042427305
0.0,0.05743656
0.0,0.05999725
0.0,0.03219189
0.0,0.05054762
0.0,0.07664056
0.0,0.058963284
0.0,0.029659856
0.0,0.05446922
0.0,0.07737133
0.0,0.04674969
0.0,0.06859969
0.0,0.048311125
0.0,0.048978884
0.0,0.047962725
0.0,0.070157975
0.0,0.0383939
0.0,0.053432398
0.0,0.073981814
0.0,0.04666422
1.0,0.04548852
0.0,0.061841905
0.0,0.044539973
0.0,0.055732634
0.0,0.047150746
0.0,0.07468117
0.0,0.08324689
0.0,0.07120733
0.0,0.042962525
0.0,0.06448347
0.0,0.04640478
0.0,0.08362587
0.0,0.04637065
0.0,0.044018593
1.0,0.055645246
0.0,0.08044237
0.0,0.045052364
0.0,0.041405484
0.0,0.027059127
0.0,0.033054244
1.0,0.06299193
0.0,0.042113274
0.0,0.055448
0.0,0.046161123
0.0,0.034672365
0.0,0.042504616
0.0,0.066849895
0.0,0.045420654
0.0,0.07795189
0.0,0.06992407
0.0,0.07214296
0.0,0.0911977
0.0,0.045108467
0.0,0.04664456
0.0,0.04085727
0.0,0.0689382
0.0,0.0465371
0.0,0.039952382
0.0,0.073230214
0.0,0.062089708
0.0,0.051222533
0.0,0.09195197
0.0,0.06709077
0.0,0.06202508
0.0,0.08610297
0.0,0.07049296
0.0,0.056588937
0.0,0.058444045
0.0,0.07911722
0.0,0.045470923
0.0,0.086112864
0.0,0.07508699
1.0,0.08391029
0.0,0.06015244
0.0,0.04678849
0.0,0.065465525
0.0,0.08740203
0.0,0.081476316
0.0,0.05492748
0.0,0.068868905
0.0,0.047841907
0.0,0.07643458
0.0,0.054771446
0.0,0.079308406
0.0,0.050589863
0.0,0.057309046
0.0,0.05360693
0.0,0.07428667
0.0,0.08380291
0.0,0.06042756
0.0,0.04972876
0.0,0.04325233
0.0,0.04809495
0.0,0.053359885
0.0,0.046251636
0.0,0.079357296
0.0,0.038641077
0.0,0.09625232
0.0,0.031731408
0.0,0.07317838
0.0,0.056730803
0.0,0.04706466
0.0,0.08007231
0.0,0.08209627
0.0,0.08262329
0.0,0.030759983
0.0,0.03847561
0.0,0.04998897
0.0,0.0432572
0.0,0.047041997
0.0,0.074087635
0.0,0.084953114
0.0,0.024906613
0.0,0.042308293
0.0,0.040647842
0.0,0.050454788
0.0,0.04662356
0.0,0.05473903
0.0,0.041963376
0.0,0.04440808
0.0,0.10865622
0.0,0.04369647
0.0,0.03248506
0.0,0.045972433
1.0,0.065201595
0.0,0.065100566
0.0,0.043961894
0.0,0.08067675
0.0,0.049579572
0.0,0.069269955
0.0,0.032309707
0.0,0.059071053
1.0,0.06325334
0.0,0.009287413
0.0,0.058754947
0.0,0.076555386
0.0,0.041069724
0.0,0.06416681
0.0,0.06714172
0.0,0.03141653
0.0,0.064531334
0.0,0.086489774
1.0,0.059695132
0.0,0.043868564
0.0,0.06409992
0.0,0.079579994
0.0,0.057487797
0.0,0.07593355
0.0,0.0737104
0.0,0.037741005
0.0,0.068082064
0.0,0.06592887
0.0,0.06515548
0.0,0.047359087
0.0,0.034155652
0.0,0.02455055
0.0,0.0679714
0.0,0.067683645
0.0,0.04424827
0.0,0.077161394
0.0,0.053046376
0.0,0.08269744
0.0,0.03309607
0.0,0.07448692
0.0,0.04100893
0.0,0.052109182
0.0,0.07959804
0.0,0.045880478
0.0,0.06882011
0.0,0.04132692
0.0,0.040186062
0.0,0.077268355
0.0,0.07320937
1.0,0.07605597
0.0,0.05255945
0.0,0.04481864
0.0,0.04605155
0.0,0.05593719
0.0,0.06550097
0.0,0.054833874
0.0,0.06747811
0.0,0.046888437
0.0,0.046425506
0.0,0.04350327
0.0,0.041164655
0.0,0.054774657
0.0,0.04471219
0.0,0.08045029
0.0,0.03753558
0.0,0.102708116
0.0,0.056136027
0.0,0.049421262
0.0,0.04909004
0.0,0.08933224
1.0,0.04756406
0.0,0.073609784
0.0,0.06443257
0.0,0.08293787
0.0,0.061330885
0.0,0.019390348
0.0,0.051963344
0.0,0.047738094
0.0,0.06882976
0.0,0.042677406
0.0,0.056910533
0.0,0.058881003
0.0,0.049763534
0.0,0.05005336
0.0,0.051928915
0.0,0.063284196
0.0,0.047964808
0.0,0.08171415
0.0,0.075193726
0.0,0.03314758
0.0,0.049337298
0.0,0.03514189
0.0,0.071828574
0.0,0.054192312
0.0,0.05550167
0.0,0.050806712
0.0,0.07193505
0.0,0.058610324
0.0,0.035748128
0.0,0.07051016
0.0,0.055147063
0.0,0.0041541345
0.0,0.04260248
1.0,0.07319665
0.0,0.045460306
0.0,0.06667819
0.0,0.049232695
0.0,0.05240962
0.0,0.082197726
0.0,0.047498442
0.0,0.085689865
1.0,0.07598198
0.0,0.03752785
0.0,0.008881817
0.0,0.0554395
0.0,0.05062312
1.0,0.037504096
0.0,0.06751986
0.0,0.061952293
0.0,0.055905566
0.0,0.06408663
0.0,0.06566856
0.0,0.089492455
0.0,0.05336854
0.0,0.056678686
1.0,0.050389007
0.0,0.046328314
0.0,0.048540406
0.0,0.03843044
0.0,0.044211835
0.0,0.0471159
0.0,0.040732194
0.0,0.04171183
0.0,0.10129791
0.0,0.041908205
0.0,0.057694912
0.0,0.04960815
0.0,0.07069675
0.0,0.06826786
0.0,0.06986418
0.0,0.016463086
0.0,0.039672878
0.0,0.07750967
0.0,0.07165389
0.0,0.038014818
0.0,0.048181042
0.0,0.064136095
0.0,0.08460142
0.0,0.05397778
1.0,0.041412544
0.0,0.033388913
0.0,0.07712812
0.0,0.04969785
0.0,0.046238065
0.0,0.029718012
0.0,0.059383348
0.0,0.047199547
0.0,0.11180649
0.0,0.035519525
0.0,0.07997739
0.0,0.04658278
0.0,0.083441585
0.0,0.028864428
0.0,0.056410626
0.0,0.09980449
0.0,0.017146153
0.0,0.060707998
0.0,0.07392494
0.0,0.04523398
0.0,0.06540865
0.0,0.035013746
0.0,0.11566637
0.0,0.039105535
0.0,0.058357745
0.0,0.03559393
0.0,0.053024158
0.0,0.038410507
0.0,0.053315137
0.0,0.05527564
1.0,0.048125207
0.0,0.07001998
0.0,0.053066943
0.0,0.060971398
0.0,0.064873256
0.0,0.053437114
0.0,0.06188927
0.0,0.062190734
0.0,0.048033744
0.0,0.060709372
0.0,0.07586705
0.0,0.06209156
0.0,0.04502084
0.0,0.042803846
0.0,0.08671078
0.0,0.06827535
0.0,0.07460936
0.0,0.09922141
0.0,0.048834063
0.0,0.065370634
0.0,0.053179972
0.0,0.058156002
1.0,0.041853547
0.0,0.05136187
0.0,0.040168848
0.0,0.042731307
0.0,0.039907463
0.0,0.05588088
0.0,0.052715696
0.0,0.059898775
0.0,0.06010671
0.0,0.04291315
0.0,0.04151985
0.0,0.05236558
0.0,0.08090778
0.0,0.029203705
0.0,0.061166868
0.0,0.05053622
0.0,0.06470342
0.0,0.0704587
0.0,0.057549056
0.0,0.07493667
0.0,0.05518827
0.0,0.06522759
0.0,0.058467656
0.0,0.08809742
0.0,0.08449812
0.0,0.059634645
0.0,0.026501507
0.0,0.044782676
1.0,0.07345501
0.0,0.058503382
0.0,0.061472844
0.0,0.04206569
0.0,0.02658511
0.0,0.038390283
0.0,0.042389125
0.0,0.040973358
0.0,0.078934476
0.0,0.03795238
0.0,0.087954186
0.0,0.042759314
0.0,0.08812734
0.0,0.04909952
1.0,0.037450597
0.0,0.050318293
0.0,0.072844125
0.0,0.06838352
1.0,0.042823218
0.0,0.05873191
0.0,0.039494216
0.0,0.050974842
0.0,0.048917405
0.0,0.06489697
0.0,0.049995944
0.0,0.0556345
0.0,0.0904859
0.0,0.08921622
0.0,0.061198317
0.0,0.07233505
0.0,0.046056107
0.0,0.031853948
0.0,0.060365673
0.0,0.04260755
0.0,0.068236165
0.0,0.053909592
0.0,0.06485119
0.0,0.046493586
0.0,0.11023852
0.0,0.03939037
0.0,0.065720715
0.0,0.05386248
0.0,0.05262941
0.0,0.051233783
0.0,0.06987788
0.0,0.041215084
0.0,0.061036382
0.0,0.056900766
0.0,0.10726032
0.0,0.064706475
0.0,0.049131326
0.0,0.05475315
0.0,0.07363564
0.0,0.07839232
0.0,0.058851488
0.0,0.014658919
0.0,0.030628243
0.0,0.04635765
0.0,0.061807755
0.0,0.07253657
0.0,0.03564714
0.0,0.059683945
0.0,0.05229239
0.0,0.062244564
0.0,0.050108515
0.0,0.040148187
0.0,0.055389702
0.0,0.051446535
0.0,0.079018705
0.0,0.08347261
0.0,0.03770309
0.0,0.053602483
1.0,0.060286496
0.0,0.014330227
0.0,0.044662263
0.0,0.051277738
0.0,0.046894383
0.0,0.087527946
0.0,0.08294822
0.0,0.08641928
0.0,0.03621608
0.0,0.05621939
0.0,0.07262945
1.0,0.04161653
0.0,0.03280062
0.0,0.035086498
0.0,0.061872244
0.0,0.04263204
0.0,0.060764052
0.0,0.04368891
0.0,0.060556196
0.0,0.008146139
0.0,0.055441204
0.0,0.07765976
0.0,0.03933064
0.0,0.06835604
0.0,0.04060013
0.0,0.02876417
0.0,0.05275812
0.0,0.056825656
0.0,0.0566242
0.0,0.08135189
0.0,0.07937664
0.0,0.05885383
0.0,0.048537284
0.0,0.08594746
1.0,0.048542548
0.0,0.05157423
0.0,0.050756857
0.0,0.06478619
1.0,0.046258718
0.0,0.042945914
0.0,0.034824345
0.0,0.06920109
0.0,0.080306634
0.0,0.0694122
0.0,0.05962529
0.0,0.040795725
0.0,0.03573906
0.0,0.08781908
0.0,0.06576807
0.0,0.04026667
0.0,0.06037605
0.0,0.06878225
0.0,0.044406418
0.0,0.046741083
0.0,0.05312777
0.0,0.05789982
0.0,0.0906499
0.0,0.044319928
0.0,0.054756533
0.0,0.05716288
0.0,0.063481964
0.0,0.071208045
0.0,0.06711371
0.0,0.043810155
0.0,0.038517233
0.0,0.07529785
0.0,0.022313196
0.0,0.03979053
0.0,0.049039096
0.0,0.054470386
0.0,0.061933137
0.0,0.07613089
0.0,0.08673807
0.0,0.08614281
0.0,0.039775603
0.0,0.050076924
0.0,0.039606437
0.0,0.053496365
0.0,0.087587774
0.0,0.063333176
0.0,0.06418336
0.0,0.07387127
0.0,0.08297766
0.0,0.079385646
0.0,0.08997106
0.0,0.074280314
0.0,0.061770953
0.0,0.104604535
0.0,0.046130385
0.0,0.043821417
0.0,0.04270682
0.0,0.05985883
0.0,0.03824242
0.0,0.034654696
0.0,0.08623009
0.0,0.06350418
0.0,0.060694523
1.0,0.07149017
0.0,0.06671185
0.0,0.05010063
0.0,0.033290222
0.0,0.05677793
0.0,0.069207706
0.0,0.07239673
0.0,0.034340646
0.0,0.067002565
0.0,0.048913185
0.0,0.08050566
0.0,0.044290386
0.0,0.028708024
0.0,0.040427893
0.0,0.03671041
0.0,0.08885269
0.0,0.04572448
0.0,0.04588633
0.0,0.069918185
0.0,0.055057097
0.0,0.033211198
0.0,0.048445534
0.0,0.075512365
0.0,0.046153013
0.0,0.047602654
0.0,0.03565006
0.0,0.07634197
0.0,0.07291545
0.0,0.08773786
0.0,0.084411904
2.0,0.050673604
0.0,0.056530274
0.0,0.05599582
0.0,0.07585137
0.0,0.13634393
0.0,0.061569914
0.0,0.04162818
0.0,0.052677505
0.0,0.03336003
0.0,0.08312143
0.0,0.07995199
0.0,0.030696707
0.0,0.031917196
0.0,0.061673786
0.0,0.06089005
0.0,0.09642822
0.0,0.066355854
0.0,0.033257283
0.0,0.025085606
0.0,0.042397577
0.0,0.03055678
0.0,0.031209525
0.0,0.06647851
0.0,0.0705667
0.0,0.039573703
0.0,0.05027239
0.0,0.0636348
0.0,0.048966706
0.0,0.07154103
0.0,0.05521179
0.0,0.05225478
0.0,0.090171635
0.0,0.04636845
0.0,0.08894396
0.0,0.08414237
0.0,0.055442963
0.0,0.060821578
0.0,0.065591514
0.0,0.055002175
0.0,0.055811953
0.0,0.070782766
0.0,0.043135528
0.0,0.045668557
0.0,0.047582455
0.0,0.0426977
0.0,0.059916113
0.0,0.035858177
0.0,0.0684255
0.0,0.046902813
0.0,0.060237803
0.0,0.050311733
0.0,0.027352026
0.0,0.032837804
0.0,0.034702234
0.0,0.0693211
0.0,0.08291212
0.0,0.049571015
0.0,0.057323914
0.0,0.050270475
1.0,0.015599763
0.0,0.039183207
0.0,0.054417662
0.0,0.06995731
0.0,0.062477503
0.0,0.047750413
0.0,0.035700526
0.0,0.049813904
0.0,0.016797071
0.0,0.053183585
0.0,0.025768628
0.0,0.04120453
0.0,0.038384765
0.0,0.037288506
0.0,0.05166954
0.0,0.053315975
0.0,0.048869982
0.0,0.08291552
0.0,0.039327808
0.0,0.03245034
0.0,0.05538759
0.0,0.07464543
0.0,0.07748173
0.0,0.02858247
0.0,0.044551104
0.0,0.051554956
0.0,0.047840618
0.0,0.048595756
0.0,0.10490419
0.0,0.04927942
1.0,0.09524145
0.0,0.06378609
0.0,0.06434309
0.0,0.04965327
0.0,0.06690557
0.0,0.043666624
0.0,0.10411227
0.0,0.047682367
0.0,0.0561622
0.0,0.07180183
0.0,0.074038655
0.0,0.040117435
0.0,0.06445069
0.0,0.066343546
0.0,0.06812665
0.0,0.06623655
0.0,0.06499451
0.0,0.03969369
0.0,0.09099014
0.0,0.04548633
0.0,0.046257436
0.0,0.045059517
0.0,0.034909893
0.0,0.039231453
0.0,0.07115836
0.0,0.04910261
0.0,0.065891415
0.0,0.079176515
0.0,0.04555883
0.0,0.0876953
0.0,0.038519695
0.0,0.041623097
0.0,0.04882916
0.0,0.07166094
0.0,0.048713487
0.0,0.03486886
0.0,0.043466527
0.0,0.05259465
1.0,0.04584164
0.0,0.050726973
0.0,0.037035055
0.0,0.08593431
0.0,0.08300429
0.0,0.06815064
0.0,0.03709849
0.0,0.09386516
0.0,0.09060347
0.0,0.03601265
0.0,0.046927333
0.0,0.09698567
0.0,0.043826245
0.0,0.043969337
0.0,0.046426836
0.0,0.06450463
0.0,0.069986284
0.0,0.06499966
0.0,0.10496363
0.0,0.06565159
0.0,0.077866524
0.0,0.0472276
0.0,0.033605456
0.0,0.052985348
0.0,0.054604836
0.0,0.073120005
0.0,0.047583304
0.0,0.04934912
0.0,0.089163035
0.0,0.078786604
0.0,0.073192544
0.0,0.045722913
0.0,0.07034996
0.0,0.043993473
0.0,0.0782555
0.0,0.008257285
0.0,0.09849014
0.0,0.053206563
0.0,0.041647688
0.0,0.048900627
0.0,0.071800575
0.0,0.045024894
1.0,0.0413686
0.0,0.049396053
0.0,0.040870443
0.0,0.058141723
0.0,0.051295016
0.0,0.061101932
0.0,0.053835005
0.0,0.05005719
0.0,0.048902597
0.0,0.07744982
0.0,0.073286995
0.0,0.044547133
0.0,0.06650065
0.0,0.062489912
1.0,0.046605878
0.0,0.009478262
0.0,0.09463909
0.0,0.051271603
0.0,0.0555904
0.0,0.08169837
0.0,0.063101694
0.0,0.05850327
0.0,0.045727253
0.0,0.038848937
0.0,0.053998943
0.0,0.06558779
0.0,0.102072485
0.0,0.06235099
0.0,0.12652741
0.0,0.08414185
0.0,0.045419347
0.0,0.05248642
0.0,0.050841004
0.0,0.053685285
0.0,0.028038919
0.0,0.065101154
0.0,0.039741278
0.0,0.073825225
0.0,0.07204664
0.0,0.06435756
0.0,0.07559605
0.0,0.051230006
0.0,0.052528232
0.0,0.039854676
0.0,0.06465089
0.0,0.065664865
0.0,0.064097635
0.0,0.062943384
0.0,0.048859544
0.0,0.03505955
0.0,0.085132286
0.0,0.055169627
0.0,0.03902935
0.0,0.05311537
0.0,0.06055035
0.0,0.0560607
0.0,0.060181975
0.0,0.0724471
0.0,0.075324155
0.0,0.048263267
0.0,0.050737362
0.0,0.059200324
0.0,0.044562496
0.0,0.022648644
0.0,0.0669686
0.0,0.06849072
0.0,0.093762115
0.0,0.052264635
0.0,0.07591927
0.0,0.059579805
0.0,0.060990065
0.0,0.04846285
0.0,0.052482367
0.0,0.058959965
0.0,0.04482398
0.0,0.03606239
0.0,0.061579514
0.0,0.044495843
0.0,0.042084932
0.0,0.0721367
0.0,0.04895333
0.0,0.067881435
0.0,0.083222345
0.0,0.036048885
0.0,0.11623932
0.0,0.0659463
0.0,0.043956634
0.0,0.08233946
0.0,0.093116865
0.0,0.06587612
0.0,0.06526217
0.0,0.04269725
0.0,0.046673242
0.0,0.06393771
1.0,0.022200637
0.0,0.055670697
0.0,0.06621842
0.0,0.0739624
0.0,0.045353133
0.0,0.034175478
0.0,0.034104273
0.0,0.04090549
0.0,0.08275136
0.0,0.0419139
0.0,0.09408727
0.0,0.05047777
0.0,0.073275656
0.0,0.03393427
0.0,0.08880555
0.0,0.057744123
0.0,0.06583001
0.0,0.042299345
0.0,0.045602527
0.0,0.041963935
0.0,0.080928154
0.0,0.06835259
0.0,0.040786177
0.0,0.07513566
0.0,0.057824332
0.0,0.07120981
0.0,0.05147571
0.0,0.10258903
0.0,0.033262186
0.0,0.027548272
0.0,0.07938841
0.0,0.046933062
0.0,0.036961578
0.0,0.04612104
0.0,0.071707256
0.0,0.041766893
0.0,0.06942607
0.0,0.098779835
0.0,0.07387784
0.0,0.05069202
0.0,0.052544102
0.0,0.041611787
0.0,0.047597624
0.0,0.044810288
0.0,0.047253482
0.0,0.06502062
0.0,0.06680579
0.0,0.07196557
0.0,0.04699562
0.0,0.04553403
0.0,0.04523801
0.0,0.08897045
0.0,0.05985943
1.0,0.0605176
0.0,0.05098125
0.0,0.036888964
0.0,0.051201776
0.0,0.08241767
0.0,0.06978053
0.0,0.044494294
0.0,0.061336223
0.0,0.06692296
0.0,0.042339243
0.0,0.086322
0.0,0.041804172
0.0,0.07087015
0.0,0.06159492
0.0,0.059353143
0.0,0.058558363
1.0,0.050830133
0.0,0.07097262
0.0,0.04508073
0.0,0.039611615
0.0,0.04385224
0.0,0.07068302
0.0,0.032072313
0.0,0.035803862
0.0,0.0725798
0.0,0.061505564
0.0,0.05562605
0.0,0.05885832
0.0,0.036021873
0.0,0.070541985
0.0,0.050423943
1.0,0.07194968
0.0,0.09009098
0.0,0.057164792
0.0,0.059617475
0.0,0.043447204
0.0,0.05962566
0.0,0.032034438
0.0,0.07955602
0.0,0.045327794
0.0,0.07745377
0.0,0.074267425
0.0,0.06259114
0.0,0.04176706
0.0,0.061383374
0.0,0.049454704
0.0,0.04188463
0.0,0.0668531
0.0,0.05789074
0.0,0.042853817
0.0,0.05466762
0.0,0.0682802
0.0,0.068897106
0.0,0.057117354
0.0,0.07727038
0.0,0.052591793
0.0,0.06799487
0.0,0.06673021
0.0,0.068046376
0.0,0.047785386
0.0,0.086021245
1.0,0.05605205
0.0,0.032325488
0.0,0.083347656
0.0,0.043564074
0.0,0.030370336
0.0,0.05443601
0.0,0.07415049
0.0,0.06555707
0.0,0.0068192054
0.0,0.041757572
0.0,0.06724999
0.0,0.045993526
0.0,0.012093794
0.0,0.045761455
0.0,0.050796974
0.0,0.037686355
0.0,0.04977985
0.0,0.061437797
0.0,0.04937619
0.0,0.06059331
0.0,0.069639854
0.0,0.045209125
0.0,0.03335758
0.0,0.061252076
0.0,0.05953265
0.0,0.03868261
0.0,0.0491024
0.0,0.020078257
0.0,0.03529882
0.0,0.052603792
0.0,0.058552332
0.0,0.06700194
0.0,0.070300266
0.0,0.0789198
0.0,0.074545085
0.0,0.051829837
0.0,0.066376075
0.0,0.016159572
0.0,0.074482374
0.0,0.06727286
0.0,0.045624025
0.0,0.063029826
0.0,0.033334587
0.0,0.09146552
0.0,0.030940436
0.0,0.07072229
0.0,0.048126332
0.0,0.03808183
0.0,0.058770876
0.0,0.055667523
0.0,0.06327014
0.0,0.0861104
0.0,0.041707553
0.0,0.03931176
0.0,0.079512686
0.0,0.05414281
0.0,0.055347763
0.0,0.034475833
0.0,0.073733196
0.0,0.05951834
0.0,0.04027033
0.0,0.047147237
0.0,0.06956206
0.0,0.03655014
0.0,0.064677075
0.0,0.080553584
0.0,0.10093022
0.0,0.045026027
0.0,0.04411826
0.0,0.01272739
0.0,0.053231597
0.0,0.029166896
0.0,0.049989983
0.0,0.06375678
0.0,0.005973528
0.0,0.04303371
0.0,0.029230874
0.0,0.05690998
1.0,0.07710323
0.0,0.04009913
0.0,0.055960506
0.0,0.06451801
0.0,0.038872853
0.0,0.0056195925
0.0,0.047975216
0.0,0.067473225
0.0,0.06981754
0.0,0.056163657
0.0,0.10713616
0.0,0.07488002
0.0,0.042766634
0.0,0.08053061
0.0,0.063309625
0.0,0.06345191
0.0,0.036412884
0.0,0.066788465
0.0,0.07343852
0.0,0.06494594
0.0,0.040332872
0.0,0.04998958
0.0,0.05421657
0.0,0.059977658
0.0,0.055728037
0.0,0.07483228
0.0,0.061380167
0.0,0.10845657
0.0,0.05688636
0.0,0.05876802
0.0,0.075116135
0.0,0.06436477
0.0,0.06740148
0.0,0.030830719
0.0,0.044047423
0.0,0.06200797
0.0,0.059188683
0.0,0.054163985
0.0,0.038985882
0.0,0.10053095
0.0,0.038251884
0.0,0.04877484
0.0,0.05625059
0.0,0.058221053
0.0,0.07508574
0.0,0.047557276
1.0,0.059907544
0.0,0.03726315
0.0,0.048712384
0.0,0.04786063
0.0,0.033135004
0.0,0.03867859
0.0,0.048028525
0.0,0.053363524
0.0,0.048976187
0.0,0.051781382
0.0,0.085353956
0.0,0.062467806
0.0,0.06416615
0.0,0.052866634
0.0,0.04802392
0.0,0.08409019
1.0,0.046687886
0.0,0.054418504
0.0,0.06729345
0.0,0.05823727
0.0,0.07564773
0.0,0.0286254
1.0,0.043371063
0.0,0.055224124
0.0,0.065488756
0.0,0.040865377
0.0,0.09155914
0.0,0.058276784
0.0,0.05451958
0.0,0.076478496
0.0,0.0580196
0.0,0.05093705
0.0,0.07496485
0.0,0.04878682
0.0,0.06209295
0.0,0.05296125
0.0,0.04068481
0.0,0.036828056
0.0,0.066950426
0.0,0.061584186
0.0,0.035899084
0.0,0.027360491
0.0,0.06922782
0.0,0.044198222
1.0,0.04596658
0.0,0.058041655
0.0,0.07013344
0.0,0.062063333
0.0,0.048844405
0.0,0.04401941
0.0,0.0486309
0.0,0.054380074
0.0,0.09033812
0.0,0.06338393
0.0,0.06867533
0.0,0.082927875
1.0,0.03737839
0.0,0.042043895
0.0,0.07958607
0.0,0.039860897
0.0,0.03701561
0.0,0.02185516
0.0,0.094135284
0.0,0.04793289
0.0,0.040860742
0.0,0.05712317
0.0,0.035370626
0.0,0.07141209
0.0,0.04756189
0.0,0.082579166
0.0,0.023493893
0.0,0.068459734
0.0,0.008761237
0.0,0.03863187
0.0,0.044579305
0.0,0.025371965
0.0,0.024949731
1.0,0.04278189
0.0,0.08006288
0.0,0.043075953
1.0,0.069938175
0.0,0.06926693
0.0,0.08947053
0.0,0.10526889
0.0,0.061452195
0.0,0.1086999
0.0,0.059375774
0.0,0.06387357
0.0,0.07267946
0.0,0.09146021
0.0,0.027214292
0.0,0.055177063
0.0,0.060765877
0.0,0.036283337
0.0,0.09194285
0.0,0.041104212
0.0,0.019021468
0.0,0.075079955
0.0,0.028307572
0.0,0.03717822
0.0,0.044502378
0.0,0.008875356
0.0,0.04023794
0.0,0.074573584
0.0,0.065575786
0.0,0.063813105
0.0,0.04525837
0.0,0.04975333
0.0,0.067260414
0.0,0.05297831
0.0,0.041149896
0.0,0.044403307
0.0,0.04622443
0.0,0.0714532
0.0,0.045913287
0.0,0.05891181
0.0,0.09425395
0.0,0.070737876
1.0,0.056184392
0.0,0.058901783
0.0,0.041301765
0.0,0.0650808
0.0,0.12457966
0.0,0.057134867
1.0,0.07123267
0.0,0.050983947
0.0,0.066047505
0.0,0.0319451
0.0,0.07066573
0.0,0.06843364
0.0,0.05036239
0.0,0.07604991
0.0,0.08900426
0.0,0.05041782
0.0,0.04644373
0.0,0.050157387
0.0,0.061112028
0.0,0.054156058
0.0,0.057442777
0.0,0.04344704
0.0,0.071301535
0.0,0.07502575
2.0,0.044379365
0.0,0.05621597
0.0,0.06526315
0.0,0.051454015
0.0,0.045488097
0.0,0.044654638
0.0,0.061739005
0.0,0.058016848
0.0,0.038856395
0.0,0.039541204
0.0,0.0574736
0.0,0.095772386
0.0,0.044195723
1.0,0.085105315
0.0,0.024895398
0.0,0.07802594
0.0,0.06343712
0.0,0.03277368
0.0,0.04997379
0.0,0.06399736
1.0,0.053857755
0.0,0.05064248
0.0,0.045706652
0.0,0.036469914
0.0,0.038775485
0.0,0.049618207
0.0,0.07014302
0.0,0.07561078
0.0,0.067511715
0.0,0.046314202
0.0,0.06132701
0.0,0.096985504
0.0,0.06579883
0.0,0.07764114
1.0,0.07316868
0.0,0.042897664
0.0,0.055256113
0.0,0.061382715
0.0,0.08160333
0.0,0.05174743
0.0,0.052466504
0.0,0.043678183
0.0,0.048813134
0.0,0.08178584
0.0,0.07162082
0.0,0.028721018
0.0,0.04028684
0.0,0.031984497
0.0,0.05529072
0.0,0.04418384
1.0,0.047182627
0.0,0.055616714
0.0,0.05765446
0.0,0.056770653
0.0,0.073083736
0.0,0.06798025
0.0,0.066188574
0.0,0.071810834
0.0,0.038059182
1.0,0.06023328
0.0,0.04738758
0.0,0.047036365
0.0,0.089527965
1.0,0.03887537
0.0,0.03732483
0.0,0.024127612
0.0,0.027824651
0.0,0.07160629
0.0,0.06598309
1.0,0.04046526
0.0,0.057968277
0.0,0.04521041
0.0,0.08817586
0.0,0.08731143
0.0,0.08658301
0.0,0.068957865
0.0,0.072200775
0.0,0.03926881
0.0,0.059487488
0.0,0.057320878
0.0,0.072806135
0.0,0.05745105
0.0,0.04489608
0.0,0.032446783
0.0,0.042860582
0.0,0.05623934
0.0,0.04194555
0.0,0.07173118
0.0,0.11104749
0.0,0.053551055
0.0,0.036957223
0.0,0.07765806
0.0,0.057030305
1.0,0.05452145
0.0,0.10172107
0.0,0.025748596
0.0,0.09013215
0.0,0.0069988165
0.0,0.05958371
0.0,0.050518487
0.0,0.038859174
0.0,0.078584954
0.0,0.051200993
0.0,0.056721
0.0,0.055380248
0.0,0.08750207
0.0,0.033182483
0.0,0.030406997
0.0,0.046786215
0.0,0.037251957
0.0,0.057963137
0.0,0.042592242
0.0,0.05071713
0.0,0.042368554
0.0,0.0363694
0.0,0.0540315
0.0,0.0614948
0.0,0.0593727
1.0,0.058582995
0.0,0.04285948
0.0,0.05456686
0.0,0.070016176
0.0,0.05978257
0.0,0.044659197
0.0,0.060565453
0.0,0.047580935
0.0,0.076508515
0.0,0.071697734
0.0,0.049635574
0.0,0.036207143
0.0,0.054588616
0.0,0.045337737
0.0,0.093542516
0.0,0.06350918
0.0,0.062483862
0.0,0.042728588
0.0,0.040942654
0.0,0.067549184
0.0,0.07272763
0.0,0.040919244
0.0,0.083325386
0.0,0.033387065
0.0,0.07856107
0.0,0.040244654
0.0,0.06512823
2.0,0.09140075
0.0,0.06786601
0.0,0.055430565
0.0,0.057225596
0.0,0.06859136
0.0,0.051757056
0.0,0.054169927
0.0,0.042502906
0.0,0.03824758
1.0,0.0401151
0.0,0.09149958
0.0,0.077395536
0.0,0.0333285
0.0,0.041208833
0.0,0.067989685
0.0,0.049965095
1.0,0.02135022
0.0,0.04875096
0.0,0.04850066
0.0,0.0793073
1.0,0.040190883
0.0,0.054022405
0.0,0.070693344
0.0,0.048783723
0.0,0.09594471
0.0,0.06896396
0.0,0.08779755
0.0,0.051718432
0.0,0.04851796
0.0,0.066051535
0.0,0.044130653
0.0,0.06155019
0.0,0.033000827
0.0,0.047331814
1.0,0.08836165
0.0,0.048376523
0.0,0.0984977
0.0,0.042618796
0.0,0.03791351
0.0,0.08177878
0.0,0.057456966
0.0,0.05205612
1.0,0.06918965
0.0,0.07428768
0.0,0.06278122
0.0,0.051417153
0.0,0.023958046
0.0,0.04839819
0.0,0.045492448
0.0,0.076955095
0.0,0.09625191
0.0,0.022634752
1.0,0.040754177
0.0,0.044129156
0.0,0.06718969
0.0,0.021543533
0.0,0.04133705
0.0,0.055375695
0.0,0.041848637
0.0,0.07136644
0.0,0.05369179
0.0,0.07804184
0.0,0.03806813
1.0,0.056770623
0.0,0.05191141
0.0,0.085632965
0.0,0.040749133
0.0,0.059911143
0.0,0.020922791
0.0,0.086694576
0.0,0.07501831
0.0,0.06613089
0.0,0.07341051
0.0,0.05554999
0.0,0.047377232
0.0,0.03420659
0.0,0.04960413
0.0,0.049854156
0.0,0.061520156
0.0,0.12306094
0.0,0.07174375
0.0,0.04356881
0.0,0.0344313
0.0,0.041361433
0.0,0.010502521
0.0,0.060142674
0.0,0.062018648
0.0,0.031531237
0.0,0.060270485
0.0,0.076378144
0.0,0.045651034
0.0,0.04439926
0.0,0.07029899
0.0,0.07985193
0.0,0.024354985
0.0,0.034835357
0.0,0.042041726
0.0,0.068249375
0.0,0.037077695
0.0,0.05935184
0.0,0.06275331
0.0,0.05634299
0.0,0.062503874
0.0,0.04518666
0.0,0.031663433
0.0,0.08334702
0.0,0.055187006
0.0,0.08948358
0.0,0.072075084
0.0,0.039140362
0.0,0.08493756
0.0,0.054765854
0.0,0.0463449
0.0,0.06308175
0.0,0.056917794
0.0,0.05620619
1.0,0.051197454
0.0,0.07737943
0.0,0.06359549
0.0,0.047123447
1.0,0.055326417
0.0,0.03474806
0.0,0.078436084
0.0,0.03833248
0.0,0.077879146
0.0,0.0085229175
0.0,0.048643596
0.0,0.044081584
0.0,0.060812805
0.0,0.052262515
0.0,0.057315495
0.0,0.054760553
0.0,0.08832289
0.0,0.0430815
0.0,0.04704976
0.0,0.07414093
0.0,0.07582396
0.0,0.058852933
1.0,0.07843238
0.0,0.071557105
1.0,0.07035586
0.0,0.008245729
1.0,0.03885103
0.0,0.038006302
0.0,0.06300838
0.0,0.07570026
0.0,0.05001929
0.0,0.035932735
0.0,0.05989562
0.0,0.04680717
0.0,0.038187515
0.0,0.060268935
0.0,0.064060144
0.0,0.046030518
0.0,0.07497883
0.0,0.059929527
0.0,0.02610739
0.0,0.054634593
0.0,0.07408267
0.0,0.043837048
0.0,0.060883455
0.0,0.074895486
0.0,0.066149734
0.0,0.065056376
0.0,0.07745554
0.0,0.06462069
0.0,0.06592841
0.0,0.042511255
0.0,0.042547636
0.0,0.06556507
0.0,0.049511295
0.0,0.06492303
0.0,0.0688943
0.0,0.009406852
0.0,0.051697623
0.0,0.043782547
0.0,0.02431509
1.0,0.04464739
0.0,0.04540394
0.0,0.07142644
0.0,0.0046208934
0.0,0.06201903
0.0,0.05903836
0.0,0.054024335
0.0,0.06747253
0.0,0.046506647
0.0,0.07089239
1.0,0.050583
0.0,0.036980633
0.0,0.07656707
0.0,0.048517685
0.0,0.107692115
0.0,0.07755237
0.0,0.04827298
0.0,0.042543285
0.0,0.08121348
0.0,0.061690994
0.0,0.029739311
0.0,0.048305124
0.0,0.07892118
0.0,0.0756645
0.0,0.06367074
0.0,0.062219195
0.0,0.041060038
0.0,0.06577654
0.0,0.078777194
0.0,0.076825395
0.0,0.05421975
0.0,0.03414396
0.0,0.061998334
0.0,0.06325597
0.0,0.07469868
0.0,0.07302465
0.0,0.08971823
0.0,0.106131606
0.0,0.09402517
0.0,0.016775403
0.0,0.058792993
0.0,0.034964703
0.0,0.053966265
0.0,0.06905559
0.0,0.054655634
0.0,0.044488184
0.0,0.08205663
0.0,0.06325739
0.0,0.046928294
0.0,0.026340617
0.0,0.070389055
2.0,0.0811829
0.0,0.028435884
0.0,0.045408368
0.0,0.042478368
0.0,0.09558203
0.0,0.039826006
1.0,0.0665244
0.0,0.06874105
0.0,0.036867
0.0,0.06337571
0.0,0.055849556
0.0,0.05919492
0.0,0.03956243
0.0,0.050015427
0.0,0.048838396
0.0,0.06330206
0.0,0.034099314
0.0,0.057202227
0.0,0.07380096
0.0,0.0626937
0.0,0.077613
0.0,0.08289163
0.0,0.035547007
0.0,0.06582186
0.0,0.050794683
0.0,0.050320767
0.0,0.045229793
0.0,0.06140492
0.0,0.057827916
0.0,0.058170076
0.0,0.032623347
0.0,0.04957995
0.0,0.0739761
0.0,0.03039014
0.0,0.08853584
0.0,0.043609682
0.0,0.04881921
0.0,0.042247973
0.0,0.05898045
0.0,0.04353749
0.0,0.059145924
0.0,0.055591248
0.0,0.0959105
2.0,0.046735734
0.0,0.08137785
0.0,0.09529056
0.0,0.052827474
0.0,0.0927201
0.0,0.07292978
0.0,0.04278799
0.0,0.06961253
0.0,0.054732688
0.0,0.049108136
0.0,0.068949014
0.0,0.06607995
0.0,0.02549077
0.0,0.0462431
0.0,0.046326473
0.0,0.08784658
0.0,0.025876109
0.0,0.039312143
0.0,0.052065875
0.0,0.044535622
0.0,0.0629907
0.0,0.045690626
0.0,0.03952557
0.0,0.048326988
1.0,0.036685202
0.0,0.04031973
0.0,0.08021719
1.0,0.053394895
0.0,0.049332276
0.0,0.056695092
0.0,0.048056565
0.0,0.05195445
0.0,0.10282886
0.0,0.04238484
0.0,0.059981376
0.0,0.04250464
0.0,0.056975238
1.0,0.06908034
1.0,0.033165384
1.0,0.06727393
0.0,0.037610605
0.0,0.049007654
0.0,0.037687846
0.0,0.056685932
0.0,0.048763163
0.0,0.05413024
0.0,0.04625212
0.0,0.0507927
0.0,0.037519835
0.0,0.063108675
0.0,0.017958093
0.0,0.09142444
0.0,0.0839346
0.0,0.039265327
0.0,0.096042804
0.0,0.095307365
0.0,0.08604321
0.0,0.07865675
0.0,0.07596102
0.0,0.067319736
1.0,0.05084396
0.0,0.07130716
0.0,0.048160218
0.0,0.05124832
0.0,0.041140724
0.0,0.036297802
0.0,0.0076924274
0.0,0.05956874
0.0,0.06398041
0.0,0.0068017663
0.0,0.041031443
0.0,0.040709145
0.0,0.057317656
0.0,0.055324133
0.0,0.04658062
0.0,0.022476912
0.0,0.08088805
0.0,0.042385824
0.0,0.03835005
0.0,0.04868452
0.0,0.03375388
2.0,0.08781032
0.0,0.051749848
0.0,0.055107053
0.0,0.057314374
0.0,0.08913438
0.0,0.067796506
0.0,0.08205641
0.0,0.04361402
0.0,0.065202154
0.0,0.056471463
0.0,0.022223726
0.0,0.07238929
1.0,0.037295114
0.0,0.056189306
0.0,0.060464874
0.0,0.07499413
0.0,0.004540331
0.0,0.038482886
0.0,0.053456545
0.0,0.06699716
0.0,0.062384386
0.0,0.050682776
0.0,0.038042147
0.0,0.05586354
0.0,0.045342
0.0,0.051589012
0.0,0.06598217
0.0,0.048495434
0.0,0.0701901
0.0,0.042144433
0.0,0.031891935
0.0,0.07203588
0.0,0.07556852
0.0,0.03852223
0.0,0.030243099
0.0,0.05683533
0.0,0.06091517
0.0,0.052762497
0.0,0.03507509
0.0,0.06061496
0.0,0.056667257
0.0,0.054259
1.0,0.07548907
0.0,0.059383716
0.0,0.0423161
0.0,0.044609968
0.0,0.0543623
0.0,0.062282674
0.0,0.043536015
0.0,0.056538783
0.0,0.048632767
0.0,0.08609509
0.0,0.09316103
0.0,0.049871095
0.0,0.06729713
0.0,0.052290224
0.0,0.07790816
0.0,0.04792126
1.0,0.07890349
0.0,0.04030409
0.0,0.058007777
0.0,0.05313987
0.0,0.037054382
0.0,0.050962657
1.0,0.05450905
0.0,0.054197624
0.0,0.056457743
0.0,0.05092817
0.0,0.041394982
0.0,0.07320511
0.0,0.047372557
0.0,0.053518765
0.0,0.10075788
0.0,0.054924835
0.0,0.0654463
0.0,0.04425721
0.0,0.007397167
0.0,0.065968
0.0,0.09081362
0.0,0.080933325
0.0,0.028775042
0.0,0.061160233
1.0,0.078542784
0.0,0.04982478
0.0,0.019056093
0.0,0.04629274
0.0,0.05371879
0.0,0.040770415
0.0,0.04240344
0.0,0.04908859
0.0,0.03895857
0.0,0.07716112
1.0,0.063586935
0.0,0.038137738
0.0,0.04302009
0.0,0.063699886
0.0,0.07088151
0.0,0.059896804
0.0,0.04899007
0.0,0.06334589
0.0,0.06219284
0.0,0.040539384
0.0,0.029076315
0.0,0.05296476
0.0,0.042325847
0.0,0.052968815
0.0,0.04613562
0.0,0.10681553
0.0,0.045249403
0.0,0.07596157
0.0,0.028738938
0.0,0.071284585
0.0,0.0696652
0.0,0.048701607
0.0,0.046240367
1.0,0.046126645
0.0,0.04588811
0.0,0.03758391
0.0,0.030165844
0.0,0.07542998
0.0,0.06831806
0.0,0.02961625
0.0,0.0628256
0.0,0.043806102
0.0,0.07934835
0.0,0.04783667
0.0,0.044890452
0.0,0.03255921
0.0,0.087459564
0.0,0.06971232
0.0,0.050307654
0.0,0.07267258
0.0,0.0531943
0.0,0.06611185
0.0,0.0709158
0.0,0.05284045
0.0,0.0921165
0.0,0.08929397
0.0,0.033600617
0.0,0.04486256
1.0,0.07775788
0.0,0.024432825
0.0,0.07327688
0.0,0.062467404
0.0,0.08907385
0.0,0.10555096
0.0,0.07151678
0.0,0.046536993
0.0,0.045374632
0.0,0.049707223
0.0,0.059816685
0.0,0.072501786
0.0,0.05080486
0.0,0.038956102
0.0,0.033972204
1.0,0.039714243
0.0,0.07242903
0.0,0.044191666
0.0,0.08188619
0.0,0.06866942
0.0,0.05112456
0.0,0.036121577
1.0,0.05458778
0.0,0.041196004
0.0,0.052245535
0.0,0.06792066
0.0,0.0465587
0.0,0.03869642
0.0,0.075437
0.0,0.044509456
0.0,0.048970968
0.0,0.058368016
0.0,0.04438438
0.0,0.041359685
0.0,0.039124988
0.0,0.08931601
0.0,0.03747653
0.0,0.029370029
0.0,0.049990177
0.0,0.05687894
0.0,0.05619247
0.0,0.06328071
0.0,0.06068133
0.0,0.054597024
0.0,0.058720246
0.0,0.04493835
0.0,0.042531036
0.0,0.058756337
0.0,0.072057456
0.0,0.10587438
0.0,0.03999464
0.0,0.08629498
0.0,0.064281695
0.0,0.0361945
0.0,0.046794884
0.0,0.08454867
0.0,0.056155853
0.0,0.0662839
0.0,0.07363441
0.0,0.07566079
0.0,0.07996304
0.0,0.026396058
0.0,0.069301076
0.0,0.053139843
0.0,0.069338776
1.0,0.044207294
0.0,0.05973951
0.0,0.07001427
0.0,0.04341083
0.0,0.056269933
0.0,0.07183
2.0,0.050004125
0.0,0.05558086
0.0,0.026369816
0.0,0.07862134
0.0,0.08811244
0.0,0.06227587
0.0,0.064103104
0.0,0.038749497
1.0,0.06519583
0.0,0.04885337
0.0,0.065664865
0.0,0.04160782
0.0,0.04495737
0.0,0.052857433
0.0,0.08044885
0.0,0.04469522
0.0,0.08613251
0.0,0.10086058
0.0,0.060813095
0.0,0.1062078
0.0,0.05040648
0.0,0.06738731
0.0,0.06485519
0.0,0.04578708
0.0,0.08599789
0.0,0.11088952
0.0,0.0487557
0.0,0.04697243
0.0,0.049170863
0.0,0.042485327
0.0,0.036067963
0.0,0.04215008
0.0,0.07677594
0.0,0.07497659
0.0,0.03992865
0.0,0.08037448
0.0,0.0302483
0.0,0.058219332
1.0,0.0679135
0.0,0.064336695
0.0,0.06562593
0.0,0.047760546
0.0,0.0494695
0.0,0.062831275
1.0,0.038354192
1.0,0.043384757
1.0,0.06204126
0.0,0.053828806
0.0,0.06355147
0.0,0.041988697
0.0,0.035152815
0.0,0.07484531
0.0,0.08113475
0.0,0.07879346
0.0,0.040656514
0.0,0.050671875
0.0,0.05082897
0.0,0.080619715
0.0,0.078945324
0.0,0.039135408
1.0,0.067975044
0.0,0.02439805
0.0,0.035373397
0.0,0.021780182
0.0,0.055880032
0.0,0.037542947
0.0,0.054844357
0.0,0.04334831
0.0,0.056411635
0.0,0.03376572
0.0,0.03884349
0.0,0.043546762
0.0,0.04626777
2.0,0.06510195
0.0,0.053633574
0.0,0.056372683
0.0,0.0558253
0.0,0.039384924
0.0,0.095488966
0.0,0.0672401
0.0,0.07320771
0.0,0.1112005
0.0,0.04104484
0.0,0.039655194
0.0,0.071997024
0.0,0.041791208
0.0,0.072912864
0.0,0.035042778
0.0,0.06863955
0.0,0.040630855
0.0,0.06639453
0.0,0.07369618
0.0,0.067292266
0.0,0.05782588
0.0,0.06864001
0.0,0.063992806
0.0,0.06863061
0.0,0.055288307
0.0,0.03925266
0.0,0.061936166
0.0,0.05085303
0.0,0.06211731
0.0,0.048741683
0.0,0.05137663
0.0,0.07970232
0.0,0.045692127
0.0,0.04224185
0.0,0.043728948
0.0,0.0691121
0.0,0.04292059
1.0,0.05130606
0.0,0.050477862
0.0,0.040115673
0.0,0.07165746
0.0,0.10395576
0.0,0.087152705
0.0,0.040725686
0.0,0.06900477
0.0,0.05456963
0.0,0.0448211
0.0,0.047551855
0.0,0.052078377
1.0,0.08499272
0.0,0.0647509
0.0,0.066493414
0.0,0.05432127
0.0,0.075572625
0.0,0.0828937
0.0,0.057350148
0.0,0.05619429
0.0,0.05430907
0.0,0.052318007
1.0,0.02539535
0.0,0.059669517
0.0,0.032144964
0.0,0.050745662
0.0,0.0772991
0.0,0.07985783
0.0,0.04769491
1.0,0.04312476
0.0,0.043797415
0.0,0.058116026
0.0,0.053024612
0.0,0.053233758
0.0,0.027695995
0.0,0.060635712
0.0,0.07849314
0.0,0.06896464
0.0,0.069419846
0.0,0.06323571
0.0,0.056081086
0.0,0.081609756
0.0,0.00877449
0.0,0.05429276
0.0,0.0314736
0.0,0.076009214
0.0,0.08231151
0.0,0.08431598
0.0,0.074433304
0.0,0.051314794
1.0,0.05485801
0.0,0.09264652
0.0,0.05066294
0.0,0.037630383
0.0,0.05862181
0.0,0.06742971
0.0,0.042848323
0.0,0.060802512
0.0,0.038640484
0.0,0.06703986
0.0,0.029077716
0.0,0.0524984
0.0,0.05711264
0.0,0.050499015
0.0,0.031445157
0.0,0.043663356
0.0,0.041237276
0.0,0.051975336
0.0,0.07070811
0.0,0.051244106
0.0,0.06802365
0.0,0.06706518
0.0,0.08728893
0.0,0.045662105
0.0,0.054618023
0.0,0.04019137
1.0,0.056041844
0.0,0.04566008
0.0,0.059731122
0.0,0.04884466
0.0,0.04717624
1.0,0.07109527
0.0,0.06307814
0.0,0.060310476
0.0,0.010045661
0.0,0.1310396
0.0,0.065812916
0.0,0.04987585
0.0,0.03526233
0.0,0.042861443
0.0,0.0072474857
0.0,0.071066156
0.0,0.08393304
0.0,0.039147556
0.0,0.06948916
0.0,0.038832992
0.0,0.08863449
0.0,0.061111342
0.0,0.061067924
1.0,0.07872517
0.0,0.056612577
0.0,0.0580035
0.0,0.07365817
0.0,0.07417986
0.0,0.034935463
0.0,0.050526943
0.0,0.056831498
0.0,0.05714247
0.0,0.060998224
0.0,0.06264293
0.0,0.06447555
0.0,0.042752575
0.0,0.08758393
0.0,0.06930025
0.0,0.05493949
0.0,0.062249716
0.0,0.009656948
0.0,0.06509784
0.0,0.07157488
0.0,0.054595515
0.0,0.09263229
0.0,0.052556835
0.0,0.057970032
0.0,0.053419966
1.0,0.05700024
0.0,0.05633775
0.0,0.073074535
0.0,0.074617974
0.0,0.08303477
0.0,0.04948027
0.0,0.05797524
0.0,0.05791871
0.0,0.057034686
0.0,0.04006745
0.0,0.0074196626
0.0,0.070976414
1.0,0.04486396
0.0,0.035553645
0.0,0.054062553
0.0,0.06252634
0.0,0.025132773
0.0,0.05268554
0.0,0.06686467
0.0,0.046964783
0.0,0.06139826
0.0,0.048252486
0.0,0.047994733
0.0,0.048038214
0.0,0.06878005
0.0,0.04352184
0.0,0.07813752
0.0,0.084754445
0.0,0.053537272
0.0,0.053205967
0.0,0.08554758
0.0,0.09326206
0.0,0.06937565
0.0,0.06572993
0.0,0.060991853
0.0,0.05793889
0.0,0.04487612
0.0,0.06253406
0.0,0.062451202
0.0,0.06321344
0.0,0.067283124
0.0,0.046068724
0.0,0.08557735
0.0,0.08266488
0.0,0.06795827
0.0,0.06935458
0.0,0.034633294
0.0,0.06610933
0.0,0.059807047
0.0,0.08462149
0.0,0.04365762
0.0,0.07332581
0.0,0.08564399
0.0,0.07745815
0.0,0.06913278
0.0,0.058414042
0.0,0.060271233
0.0,0.046527397
0.0,0.064326935
0.0,0.047273766
0.0,0.042932563
0.0,0.050753236
0.0,0.055097096
0.0,0.051865205
0.0,0.037237715
0.0,0.07348942
1.0,0.07042847
0.0,0.04732932
0.0,0.05647153
0.0,0.057933196
0.0,0.039289046
0.0,0.07916416
0.0,0.042928305
0.0,0.04208455
0.0,0.059932202
0.0,0.049841654
0.0,0.042684082
0.0,0.05560684
0.0,0.08246085
0.0,0.06704624
0.0,0.054676697
0.0,0.00846548
0.0,0.08462591
0.0,0.05079833
0.0,0.072776474
0.0,0.043355927
0.0,0.037316237
0.0,0.041950174
0.0,0.057781775
0.0,0.048620723
0.0,0.083371826
0.0,0.0708183
0.0,0.032204084
0.0,0.0798423
0.0,0.02421313
0.0,0.05001352
0.0,0.08174494
0.0,0.07480483
0.0,0.051397517
0.0,0.0689626
0.0,0.05186268
0.0,0.07176071
0.0,0.06981361
0.0,0.070721045
0.0,0.083700106
0.0,0.064493574
0.0,0.039736778
0.0,0.05689835
0.0,0.07133668
0.0,0.06517721
0.0,0.046344124
0.0,0.06060847
0.0,0.07197344
0.0,0.03879987
0.0,0.036981303
0.0,0.054133907
0.0,0.07923352
0.0,0.062033538
0.0,0.07239932
1.0,0.034655552
0.0,0.061077725
0.0,0.051602937
0.0,0.033756584
0.0,0.07371776
0.0,0.08457431
0.0,0.063354924
3.0,0.03423953
0.0,0.034317244
0.0,0.0704288
0.0,0.0636774
0.0,0.053179413
0.0,0.06832658
0.0,0.07909189
0.0,0.0679073
0.0,0.061976757
0.0,0.04633312
0.0,0.04828044
0.0,0.04864026
0.0,0.043248463
0.0,0.06550393
0.0,0.06645316
0.0,0.08249788
0.0,0.03257724
0.0,0.08068363
1.0,0.07656324
0.0,0.06328608
0.0,0.08195711
0.0,0.033988316
0.0,0.06144112
0.0,0.06257497
0.0,0.06334435
0.0,0.08072643
0.0,0.07584851
0.0,0.07913099
0.0,0.076131254
1.0,0.02842039
0.0,0.04508675
0.0,0.064713046
0.0,0.07092506
0.0,0.040942684
0.0,0.00711207
0.0,0.059672806
0.0,0.04764631
0.0,0.050198648
0.0,0.055044156
0.0,0.045990303
1.0,0.05130797
0.0,0.06783243
0.0,0.051971905
0.0,0.050860934
0.0,0.03467836
0.0,0.056798894
0.0,0.046138193
0.0,0.06964039
0.0,0.04793611
0.0,0.037466113
0.0,0.087501526
1.0,0.06044935
0.0,0.0506349
0.0,0.04730742
0.0,0.061214704
0.0,0.06944166
0.0,0.10068754
0.0,0.06999933
0.0,0.08630103
0.0,0.070563704
0.0,0.06253252
1.0,0.06505359
0.0,0.046190277
0.0,0.052986637
0.0,0.059411444
0.0,0.038981486
1.0,0.05887668
0.0,0.040192645
0.0,0.056058735
0.0,0.041066736
1.0,0.06211513
0.0,0.04483863
0.0,0.07102025
0.0,0.080758825
0.0,0.04937394
0.0,0.07659846
0.0,0.044668548
1.0,0.07596242
1.0,0.07067626
0.0,0.055058185
0.0,0.0427396
0.0,0.073946565
0.0,0.108375505
0.0,0.046091247
0.0,0.11209999
0.0,0.032916643
0.0,0.056873232
0.0,0.048012197
0.0,0.056190003
0.0,0.07997108
0.0,0.027795823
0.0,0.042314213
0.0,0.047686063
0.0,0.063552834
0.0,0.055502675
0.0,0.053740583
0.0,0.06619686
0.0,0.07208
0.0,0.05145231
0.0,0.048755422
0.0,0.059634104
0.0,0.041832767
0.0,0.0630166
0.0,0.08308154
0.0,0.056981243
0.0,0.09140755
0.0,0.051479686
0.0,0.07364008
0.0,0.07108226
0.0,0.05435621
0.0,0.04762195
0.0,0.0059945406
0.0,0.08860552
0.0,0.038262676
0.0,0.07943523
0.0,0.0580891
1.0,0.06602869
0.0,0.062492803
0.0,0.06594329
0.0,0.07357859
0.0,0.042067636
0.0,0.059046496
0.0,0.075246
0.0,0.03817472
0.0,0.040578462
0.0,0.05981362
0.0,0.046944812
0.0,0.06347023
0.0,0.082209975
0.0,0.04103939
0.0,0.045375727
0.0,0.09083074
0.0,0.034171958
0.0,0.044306364
0.0,0.06269043
0.0,0.02607128
0.0,0.04163429
0.0,0.04880075
0.0,0.03349264
0.0,0.057207137
0.0,0.066972315
0.0,0.073151775
0.0,0.07201795
0.0,0.0988114
0.0,0.091730855
0.0,0.067503974
0.0,0.04489986
1.0,0.07071907
0.0,0.05127111
0.0,0.04254233
0.0,0.07926275
0.0,0.07616259
0.0,0.046712026
0.0,0.052574016
0.0,0.043002225
0.0,0.07191456
0.0,0.07807472
0.0,0.04417282
0.0,0.05524887
0.0,0.053299084
0.0,0.04433626
1.0,0.02794011
0.0,0.06617275
0.0,0.03884312
0.0,0.07877868
0.0,0.034383655
0.0,0.0033012668
1.0,0.05295327
0.0,0.05040245
0.0,0.069575764
0.0,0.043748196
0.0,0.08294854
0.0,0.057466008
0.0,0.060792975
1.0,0.018430987
0.0,0.06606416
0.0,0.039534736
0.0,0.06918218
0.0,0.06892246
0.0,0.041312166
0.0,0.080410056
0.0,0.0556956
0.0,0.06389269
0.0,0.07575936
0.0,0.046070583
0.0,0.06712093
0.0,0.038757727
0.0,0.09516521
0.0,0.06906942
0.0,0.04053611
0.0,0.043541063
0.0,0.07081631
0.0,0.047589704
0.0,0.05983527
1.0,0.07268724
0.0,0.07299653
0.0,0.047947474
0.0,0.07426803
0.0,0.050072316
0.0,0.08148165
0.0,0.07504178
0.0,0.047660593
0.0,0.0568215
0.0,0.063789025
0.0,0.052712053
1.0,0.05812728
0.0,0.062494695
0.0,0.04171954
0.0,0.04074584
0.0,0.06571267
0.0,0.090164855
0.0,0.058736082
0.0,0.044851553
0.0,0.052253857
0.0,0.04615715
0.0,0.071924455
0.0,0.057566416
0.0,0.083405964
0.0,0.046319988
0.0,0.011787184
0.0,0.057129897
0.0,0.050641466
0.0,0.037233498
0.0,0.06940414
0.0,0.06330648
0.0,0.059159663
0.0,0.053500164
0.0,0.05477194
0.0,0.06452882
0.0,0.06436543
0.0,0.044141848
0.0,0.07564434
0.0,0.05898792
0.0,0.07370922
0.0,0.042107485
0.0,0.07442493
1.0,0.04039971
0.0,0.055408854
0.0,0.084570944
0.0,0.058373958
0.0,0.06920841
0.0,0.07943044
0.0,0.049735956
0.0,0.056808915
0.0,0.05742314
0.0,0.053482693
0.0,0.05327351
0.0,0.05994808
0.0,0.08201277
1.0,0.04952439
0.0,0.02986546
0.0,0.07724686
1.0,0.069247566
0.0,0.05314685
0.0,0.09338789
0.0,0.0817124
0.0,0.0613014
0.0,0.061939105
0.0,0.060102567
0.0,0.042893767
0.0,0.044594485
0.0,0.07995427
0.0,0.051787198
0.0,0.06309037
0.0,0.070381165
0.0,0.06955148
0.0,0.05734324
0.0,0.040719785
0.0,0.08134526
0.0,0.063165
0.0,0.055085063
0.0,0.0537767
1.0,0.09557032
0.0,0.050453596
0.0,0.04235494
0.0,0.041133054
0.0,0.037054274
0.0,0.04562381
0.0,0.058397595
0.0,0.060689703
0.0,0.0822415
0.0,0.051060755
0.0,0.038982905
0.0,0.0686941
0.0,0.05849864
1.0,0.006737494
0.0,0.041107584
0.0,0.052495945
0.0,0.06336091
0.0,0.05484381
0.0,0.04760407
0.0,0.07344679
0.0,0.046111077
0.0,0.06880287
0.0,0.05696152
0.0,0.08841741
0.0,0.05612441
0.0,0.052393902
0.0,0.041341685
0.0,0.039665613
0.0,0.05385616
0.0,0.073020115
0.0,0.06277037
0.0,0.054575473
0.0,0.056285013
0.0,0.051116005
0.0,0.10562623
0.0,0.049073774
0.0,0.031854182
0.0,0.04793426
0.0,0.07506547
0.0,0.074057326
0.0,0.049970873
0.0,0.08689323
0.0,0.072685555
0.0,0.076069966
0.0,0.07094882
0.0,0.07343241
0.0,0.070965566
0.0,0.05339361
0.0,0.06688229
0.0,0.03970431
0.0,0.056776132
0.0,0.09741755
0.0,0.072776124
0.0,0.06046535
1.0,0.049022764
0.0,0.0726082
0.0,0.09125956
1.0,0.03468795
1.0,0.057493597
0.0,0.059622902
0.0,0.048118062
0.0,0.043617595
0.0,0.056808293
0.0,0.039484266
0.0,0.067132406
0.0,0.038846936
0.0,0.07912767
0.0,0.041179016
0.0,0.04213963
0.0,0.045522835
0.0,0.057471696
0.0,0.049540874
0.0,0.048230115
0.0,0.039135024
1.0,0.04888567
1.0,0.06343943
1.0,0.06720575
0.0,0.07807644
0.0,0.06047984
0.0,0.039830547
0.0,0.096000634
0.0,0.040764876
0.0,0.06556071
0.0,0.051528852
0.0,0.019832665
0.0,0.046415392
0.0,0.036010213
0.0,0.08776311
0.0,0.027538145
0.0,0.08998039
0.0,0.06355791
0.0,0.10212974
0.0,0.08809816
0.0,0.05621557
0.0,0.04902848
0.0,0.04207339
0.0,0.051734984
0.0,0.045241743
0.0,0.07819751
0.0,0.029305441
0.0,0.048670687
1.0,0.07546236
0.0,0.07504518
0.0,0.063607514
0.0,0.082097076
0.0,0.08026904
0.0,0.05880415
0.0,0.043650772
0.0,0.05456862
2.0,0.051302243
0.0,0.03797164
0.0,0.079715334
0.0,0.019933362
0.0,0.084533386
0.0,0.070666656
0.0,0.083743185
0.0,0.009345119
0.0,0.067691505
0.0,0.036776375
0.0,0.08000484
0.0,0.017353207
0.0,0.056582205
0.0,0.0068466784
0.0,0.046265576
0.0,0.04360882
0.0,0.09536051
0.0,0.07930505
0.0,0.068989076
0.0,0.06132508
0.0,0.07577025
0.0,0.037762392
0.0,0.033987127
0.0,0.051865436
0.0,0.042987697
0.0,0.055636965
0.0,0.06070836
0.0,0.037954632
0.0,0.04697966
0.0,0.08775227
0.0,0.024392996
0.0,0.04492584
1.0,0.09436579
0.0,0.065947466
0.0,0.091216475
0.0,0.058148153
0.0,0.054395102
0.0,0.04763107
0.0,0.077402286
0.0,0.03572204
0.0,0.007285875
0.0,0.06833039
0.0,0.052047186
0.0,0.06414519
0.0,0.07344542
0.0,0.040452905
0.0,0.06276079
0.0,0.044365324
0.0,0.060837734
0.0,0.05535707
0.0,0.07210183
0.0,0.046025656
0.0,0.054216854
0.0,0.03567079
0.0,0.035099268
0.0,0.048301462
0.0,0.09317834
0.0,0.049429428
0.0,0.0703345
0.0,0.04716902
0.0,0.03977452
0.0,0.04993131
0.0,0.030859869
0.0,0.058024857
0.0,0.033547226
0.0,0.04897926
0.0,0.04355836
0.0,0.06575136
0.0,0.07330658
0.0,0.048414264
0.0,0.04732476
0.0,0.053100836
0.0,0.030033262
0.0,0.046544082
0.0,0.033582788
1.0,0.053552106
0.0,0.037917204
0.0,0.049344063
0.0,0.080646075
0.0,0.058630645
0.0,0.06534092
0.0,0.07071231
0.0,0.037054133
0.0,0.060177743
0.0,0.05265288
0.0,0.067086965
0.0,0.0788361
1.0,0.063355766
0.0,0.093427286
0.0,0.042590216
0.0,0.056094673
0.0,0.03613558
0.0,0.07509893
0.0,0.06461157
0.0,0.058704566
0.0,0.0514205
0.0,0.07796483
0.0,0.069699675
1.0,0.05175275
0.0,0.04454788
0.0,0.06520831
0.0,0.062175374
0.0,0.06823838
0.0,0.04267951
0.0,0.07214277
0.0,0.056707665
0.0,0.043786075
0.0,0.055515315
0.0,0.04602626
0.0,0.09282209
1.0,0.051621567
0.0,0.04550162
0.0,0.03745225
0.0,0.07874097
0.0,0.06315713
0.0,0.06052173
0.0,0.02798078
0.0,0.07750127
0.0,0.048537757
0.0,0.06555612
0.0,0.074608594
0.0,0.07101812
0.0,0.049988948
0.0,0.04656239
0.0,0.04322402
0.0,0.08391763
0.0,0.03306464
0.0,0.04923266
0.0,0.044057272
0.0,0.06424519
0.0,0.059000142
0.0,0.0487474
0.0,0.055203576
0.0,0.040959075
0.0,0.029952172
0.0,0.06634133
0.0,0.031267557
0.0,0.036939103
0.0,0.03548528
1.0,0.04964258
0.0,0.08969158
0.0,0.048046608
0.0,0.04202936
0.0,0.06306946
0.0,0.070742786
0.0,0.082784735
0.0,0.08347802
0.0,0.05664629
0.0,0.05831135
0.0,0.07117054
0.0,0.03996309
0.0,0.052051827
1.0,0.053724952
0.0,0.06144175
0.0,0.042826343
0.0,0.056172002
0.0,0.04654351
0.0,0.050103746
1.0,0.04024531
0.0,0.037986442
0.0,0.061738726
0.0,0.042564854
0.0,0.08401887
0.0,0.077358045
0.0,0.09753524
0.0,0.05867114
0.0,0.06897036
0.0,0.060545947
0.0,0.05457714
0.0,0.067443214
0.0,0.07060682
0.0,0.04589468
0.0,0.05897733
0.0,0.09155165
1.0,0.05505589
0.0,0.06724566
1.0,0.042338908
0.0,0.08535111
1.0,0.042738155
0.0,0.067246705
0.0,0.05362488
0.0,0.06897115
0.0,0.053120386
0.0,0.041245025
0.0,0.024393095
0.0,0.05557655
1.0,0.041797712
0.0,0.035379868
0.0,0.037830267
0.0,0.05746801
0.0,0.06296531
0.0,0.0605176
0.0,0.07640047
0.0,0.043338504
0.0,0.071226455
1.0,0.06255158
0.0,0.055039823
1.0,0.077958584
0.0,0.0405158
0.0,0.07384318
0.0,0.009754609
0.0,0.028431782
0.0,0.04987665
1.0,0.06955722
0.0,0.06969985
0.0,0.07139223
1.0,0.062265895
0.0,0.053945515
0.0,0.08197911
0.0,0.053987112
0.0,0.08504828
0.0,0.05777197
0.0,0.05089473
0.0,0.07892951
0.0,0.039433673
0.0,0.08575371
0.0,0.038129628
0.0,0.094852924
0.0,0.039611954
0.0,0.05086468
0.0,0.0736946
0.0,0.07528274
0.0,0.06485474
0.0,0.039449923
0.0,0.061320197
0.0,0.059209798
0.0,0.037618436
0.0,0.069643244
0.0,0.03313657
0.0,0.037854455
0.0,0.045738034
0.0,0.1017883
0.0,0.02516427
0.0,0.06720306
0.0,0.09075089
0.0,0.07820782
0.0,0.09420367
0.0,0.05563487
0.0,0.074049436
0.0,0.0628413
0.0,0.06115081
0.0,0.04999101
0.0,0.0686845
0.0,0.050294835
0.0,0.06365293
1.0,0.049439684
0.0,0.06946415
0.0,0.05369665
1.0,0.06455363
0.0,0.05312715
0.0,0.06286108
0.0,0.049574655
0.0,0.0761249
0.0,0.10078719
0.0,0.042596377
0.0,0.03620156
0.0,0.06719074
0.0,0.042935103
0.0,0.078384824
0.0,0.08308153
0.0,0.04366602
0.0,0.06125174
0.0,0.08625995
0.0,0.04902267
0.0,0.03143868
0.0,0.04344589
0.0,0.035034746
0.0,0.051566854
0.0,0.06600428
0.0,0.04040654
0.0,0.05314097
0.0,0.037567507
0.0,0.04795797
0.0,0.05149848
0.0,0.096061304
0.0,0.04700484
1.0,0.08368628
1.0,0.04107734
0.0,0.058729444
0.0,0.041656256
0.0,0.060653064
0.0,0.10669301
1.0,0.06253181
0.0,0.08414249
0.0,0.037256222
0.0,0.07749204
0.0,0.009391094
0.0,0.051334973
0.0,0.075903475
0.0,0.058609832
0.0,0.067286395
0.0,0.040798567
0.0,0.004070355
0.0,0.025502197
0.0,0.060563806
0.0,0.046798464
0.0,0.045630902
0.0,0.024481706
0.0,0.05671183
0.0,0.03268446
0.0,0.0279539
0.0,0.069766425
0.0,0.06813562
0.0,0.07431151
0.0,0.052978173
0.0,0.055347353
0.0,0.071849
0.0,0.04227417
0.0,0.035012905
0.0,0.031435397
0.0,0.040758744
0.0,0.055629246
0.0,0.061659906
0.0,0.07091726
0.0,0.052960217
0.0,0.07618249
0.0,0.07295964
0.0,0.024514917
0.0,0.049909674
0.0,0.009337261
0.0,0.054050207
0.0,0.0438245
0.0,0.034956653
1.0,0.037915
0.0,0.069255024
0.0,0.07798513
0.0,0.044483263
0.0,0.050466564
0.0,0.050074704
0.0,0.058046166
0.0,0.050802134
0.0,0.048742115
0.0,0.056830347
0.0,0.06530068
0.0,0.052117765
0.0,0.054944847
0.0,0.067555755
0.0,0.06990352
0.0,0.02542846
0.0,0.04085059
0.0,0.06186152
0.0,0.049503684
0.0,0.08106457
0.0,0.05721011
0.0,0.058872495
0.0,0.08095062
0.0,0.039782904
0.0,0.08027587
0.0,0.038966052
1.0,0.037722763
0.0,0.0591033
0.0,0.0452578
1.0,0.039690144
0.0,0.0468733
0.0,0.046528462
0.0,0.068266265
0.0,0.058481265
0.0,0.038230613
0.0,0.050358992
0.0,0.069661945
0.0,0.04709833
0.0,0.05124722
0.0,0.07663362
0.0,0.051811315
0.0,0.037333056
0.0,0.057193473
0.0,0.050401285
0.0,0.045560755
0.0,0.07001073
0.0,0.07066806
0.0,0.069462925
0.0,0.06455797
0.0,0.056221068
0.0,0.047737934
0.0,0.06876341
0.0,0.07611786
0.0,0.07274983
0.0,0.07241465
0.0,0.044549417
0.0,0.06377642
0.0,0.027299613
0.0,0.04738319
0.0,0.055147707
0.0,0.09106599
0.0,0.040811066
0.0,0.046465926
0.0,0.031810284
0.0,0.044392984
0.0,0.036943365
0.0,0.069943964
0.0,0.023827245
0.0,0.07263297
0.0,0.07728897
0.0,0.062297553
0.0,0.043109845
0.0,0.015017963
0.0,0.05269842
0.0,0.03953335
0.0,0.08201407
0.0,0.03952183
0.0,0.03284224
0.0,0.090799525
0.0,0.0468152
0.0,0.06269208
0.0,0.034279916
0.0,0.04446426
0.0,0.050707553
0.0,0.034258246
0.0,0.064671464
0.0,0.06477819
0.0,0.052582964
0.0,0.044988412
0.0,0.06915619
0.0,0.08141419
0.0,0.057592526
0.0,0.04495792
0.0,0.05996376
0.0,0.048142757
0.0,0.053866334
0.0,0.07166989
0.0,0.0689932
0.0,0.049837552
0.0,0.050863847
0.0,0.055285674
0.0,0.025334671
0.0,0.038949315
0.0,0.07478678
0.0,0.07033755
0.0,0.060488664
0.0,0.046564262
0.0,0.0760254
0.0,0.0824238
0.0,0.06812351
0.0,0.05260979
0.0,0.039825257
1.0,0.06458693
0.0,0.028067043
1.0,0.044561718
0.0,0.03973151
0.0,0.07290702
0.0,0.030058248
0.0,0.015325664
1.0,0.050673038
0.0,0.031208334
0.0,0.049298767
0.0,0.08340505
0.0,0.08702837
0.0,0.06462279
1.0,0.05510343
0.0,0.055526525
0.0,0.054399785
0.0,0.0495704
0.0,0.063307874
0.0,0.07749779
0.0,0.046722587
0.0,0.06470077
0.0,0.061474074
0.0,0.03555551
0.0,0.053211424
0.0,0.07027057
0.0,0.06817967
0.0,0.049595427
0.0,0.09200083
0.0,0.07465493
0.0,0.065184996
0.0,0.042972952
0.0,0.037850846
0.0,0.07787499
0.0,0.06430979
0.0,0.04844491
1.0,0.06406732
1.0,0.044261366
0.0,0.06391165
0.0,0.062543854
0.0,0.081280425
0.0,0.04947475
0.0,0.05434902
0.0,0.06860725
0.0,0.058081247
0.0,0.032548726
0.0,0.039645486
0.0,0.0696753
0.0,0.03893404
0.0,0.075904936
0.0,0.050444573
0.0,0.045338787
0.0,0.045597963
0.0,0.051091466
0.0,0.0492498
1.0,0.045865953
0.0,0.04871847
0.0,0.046532534
0.0,0.037645128
0.0,0.07077141
1.0,0.06763661
0.0,0.088667065
0.0,0.08350194
0.0,0.070188105
0.0,0.08598025
0.0,0.057967488
0.0,0.068014845
0.0,0.045712546
0.0,0.04960763
0.0,0.06863573
0.0,0.07083951
0.0,0.063842386
0.0,0.0800119
0.0,0.04572556
0.0,0.042101562
0.0,0.059081923
0.0,0.03957412
0.0,0.057519823
0.0,0.07007708
0.0,0.09660007
0.0,0.08656569
0.0,0.069217555
0.0,0.074730866
0.0,0.059448738
0.0,0.07317855
0.0,0.058178995
0.0,0.06431954
0.0,0.07572657
0.0,0.056194853
0.0,0.0815926
0.0,0.043440077
0.0,0.040778622
0.0,0.036790706
0.0,0.07127291
1.0,0.072188094
0.0,0.038484134
0.0,0.052190833
0.0,0.04850968
0.0,0.042980935
0.0,0.026319819
0.0,0.07172239
0.0,0.03193296
0.0,0.08061704
0.0,0.052341737
0.0,0.036941912
0.0,0.029200768
0.0,0.04363896
0.0,0.06444926
0.0,0.045391817
0.0,0.04863076
0.0,0.044352856
0.0,0.042100094
0.0,0.057734516
0.0,0.096966915
0.0,0.0439705
0.0,0.057271376
0.0,0.035948914
0.0,0.03969479
0.0,0.06082452
0.0,0.08532393
0.0,0.06977677
0.0,0.031905547
0.0,0.06359221
0.0,0.04637859
0.0,0.036663834
0.0,0.047505386
0.0,0.0039398484
0.0,0.073778495
0.0,0.06116045
0.0,0.052464176
0.0,0.0391772
0.0,0.06447117
0.0,0.042156875
0.0,0.05556064
0.0,0.036020268
0.0,0.06435266
0.0,0.036891524
0.0,0.086594835
0.0,0.07093158
0.0,0.045633327
0.0,0.07836614
0.0,0.06474167
1.0,0.0377436
0.0,0.03851232
0.0,0.071097136
0.0,0.049461044
0.0,0.053964667
0.0,0.07812703
0.0,0.06770502
0.0,0.03973977
0.0,0.06299345
1.0,0.05564145
0.0,0.08922045
0.0,0.062711194
0.0,0.05864419
0.0,0.07136931
1.0,0.039664384
0.0,0.062096886
0.0,0.05496767
0.0,0.05514793
0.0,0.04312936
0.0,0.052295435
2.0,0.056617476
0.0,0.058883697
0.0,0.053953335
0.0,0.050374553
0.0,0.04959053
0.0,0.0518505
0.0,0.048690043
0.0,0.06563196
0.0,0.016634844
0.0,0.08860329
0.0,0.04373602
0.0,0.03879739
0.0,0.05446992
0.0,0.05660479
0.0,0.04659456
0.0,0.03607535
0.0,0.07838385
0.0,0.040749677
1.0,0.04930001
0.0,0.07105074
0.0,0.03151263
0.0,0.049504604
0.0,0.06982034
0.0,0.008811252
1.0,0.0374003
0.0,0.050850533
0.0,0.052343957
0.0,0.036284313
0.0,0.07695687
0.0,0.006531402
0.0,0.059214175
0.0,0.043963484
0.0,0.042865407
0.0,0.06615421
1.0,0.04364916
0.0,0.080242366
0.0,0.03657469
0.0,0.065510355
0.0,0.06383051
0.0,0.05019307
0.0,0.038596798
0.0,0.042784765
0.0,0.042491406
0.0,0.057217382
0.0,0.06495279
0.0,0.06286438
1.0,0.055400796
0.0,0.0082751755
0.0,0.07053504
0.0,0.064917274
0.0,0.0603251
0.0,0.044206977
0.0,0.06543806
0.0,0.05405541
0.0,0.080298364
0.0,0.04484069
0.0,0.048422806
0.0,0.07442637
0.0,0.052048452
0.0,0.05390639
0.0,0.06346986
0.0,0.02836265
0.0,0.0070561715
0.0,0.056271702
0.0,0.040012646
0.0,0.061905384
0.0,0.055709016
0.0,0.028017554
0.0,0.03873082
0.0,0.042907525
0.0,0.07932253
0.0,0.045675777
0.0,0.035689436
0.0,0.023812411
0.0,0.0390089
0.0,0.066570014
0.0,0.044092823
0.0,0.057416048
0.0,0.07006116
0.0,0.06650133
0.0,0.060253732
0.0,0.04020793
0.0,0.09462069
0.0,0.041326795
0.0,0.076461226
0.0,0.056887105
0.0,0.058598362
0.0,0.058209658
0.0,0.05773892
0.0,0.056688134
0.0,0.035955265
0.0,0.02906574
0.0,0.06313956
0.0,0.043961894
0.0,0.044244833
0.0,0.04169143
0.0,0.065028
0.0,0.05245342
0.0,0.06711349
0.0,0.051628165
0.0,0.042436868
0.0,0.04123235
0.0,0.043417163
0.0,0.08209418
0.0,0.06756708
0.0,0.08040205
0.0,0.054594826
0.0,0.071035594
0.0,0.09439554
0.0,0.051152542
0.0,0.05200122
0.0,0.04948689
0.0,0.044846818
0.0,0.053763278
0.0,0.08981865
0.0,0.056811813
0.0,0.06535346
0.0,0.050984494
0.0,0.07421963
0.0,0.059472524
0.0,0.085346594
0.0,0.043503
0.0,0.05682506
0.0,0.03960011
0.0,0.084442094
0.0,0.06570823
0.0,0.049950622
0.0,0.03901931
0.0,0.09716056
0.0,0.0793671
0.0,0.07466426
0.0,0.033945534
1.0,0.065378524
0.0,0.0751725
1.0,0.053611152
0.0,0.08436997
0.0,0.04168328
0.0,0.050641347
0.0,0.052932672
0.0,0.065418065
0.0,0.059266813
0.0,0.07543185
0.0,0.049861822
0.0,0.048998177
0.0,0.05378457
0.0,0.06657371
0.0,0.08829864
0.0,0.06680595
0.0,0.053162917
0.0,0.031575892
0.0,0.041131545
0.0,0.058205176
0.0,0.1305537
0.0,0.055881232
0.0,0.065880515
0.0,0.075990714
2.0,0.04652389
0.0,0.062688574
0.0,0.060104802
0.0,0.075025894
0.0,0.06240191
0.0,0.11068697
0.0,0.04918721
0.0,0.072276525
0.0,0.036312446
0.0,0.052092697
0.0,0.057963107
0.0,0.038850326
0.0,0.0603991
0.0,0.023744527
1.0,0.07109469
0.0,0.024727823
0.0,0.049752407
0.0,0.06491721
0.0,0.037861604
0.0,0.043049537
0.0,0.042699788
0.0,0.0339194
0.0,0.034988243
0.0,0.10476912
0.0,0.050882176
1.0,0.053116728
0.0,0.06650879
0.0,0.025281994
0.0,0.068123
0.0,0.07811546
0.0,0.074015036
0.0,0.03984886
0.0,0.044680335
0.0,0.057609197
0.0,0.05010064
0.0,0.05116829
0.0,0.079134956
0.0,0.038641352
0.0,0.0058871065
0.0,0.07850115
0.0,0.05279827
0.0,0.046721898
0.0,0.05889604
0.0,0.037011296
0.0,0.042939134
0.0,0.055629328
0.0,0.04692024
0.0,0.044999078
0.0,0.07265818
0.0,0.06913599
0.0,0.05338634
0.0,0.057875477
0.0,0.077653445
0.0,0.049838897
0.0,0.056097
0.0,0.05893391
0.0,0.06728593
0.0,0.051178392
0.0,0.07467811
0.0,0.05457127
0.0,0.05678382
0.0,0.07470707
0.0,0.055860437
0.0,0.06012911
0.0,0.07022759
0.0,0.06477352
0.0,0.060121283
0.0,0.068095095
0.0,0.04646061
0.0,0.007274738
0.0,0.062025893
0.0,0.028213907
0.0,0.029904649
0.0,0.033101823
0.0,0.05967188
0.0,0.06695536
0.0,0.07281081
0.0,0.035360403
0.0,0.031670757
0.0,0.058495626
0.0,0.05921365
0.0,0.08776704
0.0,0.054834787
0.0,0.04583446
0.0,0.05641111
0.0,0.0072588054
0.0,0.052562684
0.0,0.09621412
0.0,0.036168713
0.0,0.08139921
0.0,0.05049828
0.0,0.050380766
0.0,0.10765027
0.0,0.088017955
0.0,0.070241824
2.0,0.07373358
0.0,0.04605414
1.0,0.075661
0.0,0.04904797
0.0,0.06347585
0.0,0.047552265
0.0,0.06231395
0.0,0.05243779
0.0,0.050321367
0.0,0.090040565
0.0,0.062198624
0.0,0.058423486
0.0,0.06374577
0.0,0.051157407
0.0,0.060343757
0.0,0.056390695
0.0,0.046884514
1.0,0.05822172
0.0,0.020551518
0.0,0.10607707
0.0,0.046227627
0.0,0.055552095
0.0,0.07142959
0.0,0.06324048
0.0,0.05145355
0.0,0.045409374
0.0,0.049858354
0.0,0.06991152
0.0,0.047729082
0.0,0.041150015
0.0,0.046006117
0.0,0.07062918
0.0,0.06680745
0.0,0.053404942
0.0,0.061309174
0.0,0.07727172
0.0,0.08931944
0.0,0.07457532
0.0,0.071146205
0.0,0.057121385
0.0,0.035500884
0.0,0.04347849
0.0,0.06517704
0.0,0.041059148
0.0,0.044764347
1.0,0.065141335
0.0,0.04909925
0.0,0.0629783
0.0,0.0673831
0.0,0.039970014
0.0,0.032986723
0.0,0.060833443
0.0,0.042057928
0.0,0.04720792
0.0,0.054825284
0.0,0.035060007
0.0,0.073791526
0.0,0.0697612
0.0,0.07318347
0.0,0.055414297
0.0,0.042230856
0.0,0.058581084
0.0,0.047600552
0.0,0.04834953
0.0,0.068903066
0.0,0.04615341
0.0,0.05212915
0.0,0.08836186
0.0,0.0055494765
0.0,0.04048243
1.0,0.05468535
0.0,0.012892463
0.0,0.06177751
0.0,0.065494016
1.0,0.03732962
0.0,0.05286353
0.0,0.061007403
0.0,0.076228276
0.0,0.07067852
0.0,0.0576849
0.0,0.035865802
0.0,0.041227385
0.0,0.06585933
0.0,0.039673142
0.0,0.0440699
0.0,0.05387834
0.0,0.041355733
0.0,0.016407905
0.0,0.062983826
0.0,0.047216445
0.0,0.08188601
0.0,0.066771746
0.0,0.044235982
0.0,0.084177
0.0,0.048991613
0.0,0.048432067
0.0,0.06410937
0.0,0.04239499
0.0,0.032638673
0.0,0.06709309
0.0,0.08014214
0.0,0.057288717
0.0,0.058921926
0.0,0.04346912
0.0,0.06851035
0.0,0.047755376
0.0,0.059731152
0.0,0.049847666
0.0,0.030108951
0.0,0.06445691
0.0,0.053567298
1.0,0.101594605
0.0,0.044637438
0.0,0.06719072
0.0,0.069719516
0.0,0.07865119
1.0,0.058843113
0.0,0.050687768
2.0,0.04823399
0.0,0.05176261
0.0,0.07734803
0.0,0.04327061
0.0,0.062160403
0.0,0.058962807
0.0,0.03251596
0.0,0.08488454
0.0,0.048941646
0.0,0.03571366
0.0,0.06786576
0.0,0.040871866
0.0,0.045002166
0.0,0.054843236
0.0,0.054643568
0.0,0.05807716
0.0,0.033311356
0.0,0.023725254
0.0,0.07024923
0.0,0.057098795
0.0,0.037137855
0.0,0.039933316
0.0,0.043301247
0.0,0.10322982
0.0,0.065116584
0.0,0.07013645
0.0,0.05145669
0.0,0.038822003
0.0,0.058717236
0.0,0.03740654
0.0,0.10050833
1.0,0.047537383
0.0,0.0816163
0.0,0.013864307
0.0,0.0381283
0.0,0.05429589
0.0,0.08932717
0.0,0.07447362
0.0,0.06348148
0.0,0.03684179
0.0,0.05974095
1.0,0.0768212
0.0,0.043583937
0.0,0.050773337
0.0,0.02724133
0.0,0.085150294
0.0,0.040788382
0.0,0.030595759
0.0,0.055982657
0.0,0.057997555
0.0,0.036324173
0.0,0.046324052
0.0,0.06317895
0.0,0.06767456
0.0,0.04462105
0.0,0.053134713
0.0,0.04638298
0.0,0.037882373
0.0,0.052552085
0.0,0.07607339
0.0,0.075402334
0.0,0.05160503
0.0,0.030016562
0.0,0.045529664
0.0,0.10285353
1.0,0.043523364
0.0,0.07701324
0.0,0.041092426
0.0,0.023673475
0.0,0.045234002
0.0,0.04289849
0.0,0.08308856
0.0,0.093334064
0.0,0.04832996
0.0,0.05783892
0.0,0.051618565
0.0,0.08000934
0.0,0.047116976
0.0,0.041376818
0.0,0.09620082
0.0,0.05060041
0.0,0.041592654
0.0,0.055533387
0.0,0.07858935
0.0,0.053919014
0.0,0.04983609
0.0,0.0827075
0.0,0.073106945
0.0,0.050207697
0.0,0.04595206
0.0,0.07149336
0.0,0.051455464
0.0,0.08515797
0.0,0.04625261
0.0,0.046388287
0.0,0.044539083
0.0,0.007043777
0.0,0.04516428
0.0,0.04684957
0.0,0.050130714
0.0,0.061312743
0.0,0.046354722
0.0,0.06498268
0.0,0.043047246
0.0,0.03474189
0.0,0.05962788
0.0,0.0854519
0.0,0.045696944
0.0,0.05786896
2.0,0.0519025
0.0,0.046602502
0.0,0.010415599
0.0,0.06357408
0.0,0.102723815
0.0,0.037824817
0.0,0.063311554
0.0,0.0605644
0.0,0.11491065
0.0,0.0427901
0.0,0.055323027
0.0,0.08116877
0.0,0.036328137
0.0,0.03510437
1.0,0.042588387
1.0,0.055343978
0.0,0.047801383
1.0,0.062093675
0.0,0.07271007
0.0,0.01997821
0.0,0.060948405
0.0,0.053150386
0.0,0.037895802
0.0,0.059102256
0.0,0.02579011
1.0,0.06588413
0.0,0.04941517
0.0,0.057471037
0.0,0.049000856
0.0,0.07770869
0.0,0.06934712
0.0,0.059550505
0.0,0.040010624
0.0,0.078729704
0.0,0.048639968
0.0,0.035505828
0.0,0.052342787
0.0,0.057386898
0.0,0.06810951
0.0,0.04233909
0.0,0.06088835
0.0,0.046079405
0.0,0.052065082
0.0,0.042130567
0.0,0.07165023
0.0,0.03685126
0.0,0.04733767
0.0,0.07458311
0.0,0.04819423
0.0,0.04471995
0.0,0.07491125
0.0,0.08195517
0.0,0.06976598
0.0,0.019283695
0.0,0.05952223
0.0,0.058187123
0.0,0.051669195
0.0,0.09000459
1.0,0.031478025
0.0,0.076828614
0.0,0.04923825
0.0,0.05376737
0.0,0.052406695
0.0,0.05749191
0.0,0.07753606
0.0,0.009935544
0.0,0.06281086
0.0,0.085839376
0.0,0.06745595
0.0,0.08071515
0.0,0.083949365
0.0,0.05313474
0.0,0.09630507
0.0,0.047843218
0.0,0.053072043
0.0,0.09245086
0.0,0.056313135
0.0,0.053351365
0.0,0.07285805
0.0,0.08346974
0.0,0.05756592
0.0,0.077499844
0.0,0.05866893
0.0,0.07211225
0.0,0.05148904
1.0,0.0596209
0.0,0.08397673
0.0,0.06327878
0.0,0.043662887
0.0,0.03899805
0.0,0.07298841
0.0,0.04809782
0.0,0.054293744
0.0,0.041132145
0.0,0.041580327
0.0,0.022458524
0.0,0.06446508
0.0,0.02189808
0.0,0.056702826
0.0,0.038820866
0.0,0.027580777
0.0,0.0478383
0.0,0.041009743
0.0,0.029685764
0.0,0.074067675
0.0,0.036657017
0.0,0.04584776
0.0,0.05328587
0.0,0.05238733
0.0,0.09217289
0.0,0.06709701
0.0,0.03869046
0.0,0.03534524
0.0,0.054408476
0.0,0.06764827
0.0,0.07276801
0.0,0.052979387
0.0,0.05059136
0.0,0.07186837
0.0,0.010859245
0.0,0.003520777
0.0,0.044578753
0.0,0.043367166
0.0,0.070096985
0.0,0.09570131
0.0,0.11120667
0.0,0.08780149
0.0,0.07982829
0.0,0.091602765
0.0,0.03773174
0.0,0.06181816
0.0,0.042696845
0.0,0.0954502
0.0,0.06157188
1.0,0.09241064
0.0,0.061123498
0.0,0.004947142
0.0,0.05856846
0.0,0.043480262
0.0,0.035171166
0.0,0.04392688
0.0,0.075761035
0.0,0.05490534
0.0,0.06640275
1.0,0.0813681
0.0,0.050474808
0.0,0.09344932
0.0,0.060230494
0.0,0.039225936
0.0,0.05919805
0.0,0.103701994
0.0,0.078255326
0.0,0.084313914
0.0,0.03309881
1.0,0.11075897
1.0,0.054354474
0.0,0.04828815
0.0,0.027176952
0.0,0.037989397
0.0,0.030444631
0.0,0.048852324
0.0,0.065546505
0.0,0.059523907
0.0,0.059863653
0.0,0.032154474
0.0,0.052372746
0.0,0.04177467
0.0,0.06380664
0.0,0.058055717
0.0,0.06852238
0.0,0.048531257
0.0,0.04133303
0.0,0.06023931
0.0,0.059254777
0.0,0.064393766
0.0,0.052083157
0.0,0.054353215
0.0,0.048132736
0.0,0.057912577
0.0,0.076203965
0.0,0.06859861
0.0,0.041361254
0.0,0.049070418
0.0,0.06586224
0.0,0.074438065
0.0,0.03521902
0.0,0.052553512
1.0,0.092233896
0.0,0.08251554
0.0,0.031552557
0.0,0.044429377
1.0,0.05155257
0.0,0.056202892
0.0,0.045915343
0.0,0.048860792
0.0,0.06582893
0.0,0.039904132
0.0,0.040928327
1.0,0.058755632
0.0,0.065125376
0.0,0.03216715
0.0,0.07285981
0.0,0.051529467
1.0,0.027973823
0.0,0.060039464
0.0,0.052416764
0.0,0.06787521
0.0,0.068479486
0.0,0.068764396
0.0,0.06322859
0.0,0.044875897
0.0,0.05201198
0.0,0.06513247
0.0,0.029350303
0.0,0.028711502
0.0,0.03942629
0.0,0.04157327
0.0,0.06335604
1.0,0.08587213
0.0,0.07524437
0.0,0.050527845
0.0,0.06597124
0.0,0.048802428
0.0,0.047754645
0.0,0.04798478
0.0,0.082054436
0.0,0.034461845
0.0,0.09632441
0.0,0.05075402
0.0,0.007854196
0.0,0.049714465
0.0,0.033007033
0.0,0.055212025
0.0,0.06843615
0.0,0.05501393
0.0,0.055298075
0.0,0.051353287
0.0,0.07571718
0.0,0.05409075
0.0,0.0660223
0.0,0.080465555
1.0,0.068260714
0.0,0.062311932
0.0,0.060879
0.0,0.023354888
0.0,0.06042242
0.0,0.027225513
1.0,0.06763811
0.0,0.044631183
0.0,0.032860007
0.0,0.044230856
0.0,0.0538462
1.0,0.05128104
0.0,0.041461766
0.0,0.09071754
0.0,0.037681647
1.0,0.064458735
0.0,0.04758384
0.0,0.026993897
0.0,0.058646247
0.0,0.04992445
0.0,0.07997381
0.0,0.052497007
0.0,0.047987994
0.0,0.107912764
0.0,0.01987594
0.0,0.077918164
0.0,0.07474284
0.0,0.06915553
0.0,0.06436827
0.0,0.050108775
0.0,0.055202693
0.0,0.069403544
0.0,0.048088897
0.0,0.061252166
0.0,0.049868897
0.0,0.06517446
0.0,0.07736928
0.0,0.060525566
0.0,0.06786724
0.0,0.07692299
0.0,0.09957945
0.0,0.06480959
0.0,0.079692364
0.0,0.06541972
0.0,0.05056254
0.0,0.049087454
0.0,0.05988051
0.0,0.053890057
0.0,0.053417712
0.0,0.072365046
0.0,0.047439355
0.0,0.0967838
0.0,0.051062703
0.0,0.044632394
0.0,0.047723938
0.0,0.061654262
0.0,0.07429073
0.0,0.048720945
0.0,0.028600493
0.0,0.073032804
0.0,0.034963943
0.0,0.062482405
0.0,0.078434624
0.0,0.06130343
0.0,0.07654749
0.0,0.0842478
0.0,0.055219647
0.0,0.03229067
0.0,0.047836237
0.0,0.08069802
0.0,0.05954338
0.0,0.08169736
0.0,0.033725947
2.0,0.04732038
0.0,0.076362416
0.0,0.07070695
0.0,0.05755401
0.0,0.021926578
0.0,0.05397217
0.0,0.045043256
0.0,0.03890381
0.0,0.07151448
0.0,0.08803781
1.0,0.038103763
0.0,0.06316683
0.0,0.08200552
0.0,0.06785195
0.0,0.091620654
0.0,0.08436048
0.0,0.07372472
0.0,0.086550444
0.0,0.05731607
0.0,0.049469147
0.0,0.053315874
0.0,0.09794511
0.0,0.050073124
1.0,0.0734124
0.0,0.06522899
0.0,0.0656693
0.0,0.06678569
0.0,0.08038435
0.0,0.05825185
0.0,0.060883865
0.0,0.079572335
0.0,0.049110983
0.0,0.069642566
0.0,0.07701873
0.0,0.07752235
0.0,0.06443349
0.0,0.051432207
0.0,0.06701595
0.0,0.05331596
0.0,0.050454546
0.0,0.04961416
0.0,0.01526149
0.0,0.04927894
0.0,0.06619882
0.0,0.08035059
0.0,0.032880303
0.0,0.09213297
0.0,0.07717915
0.0,0.052948765
0.0,0.046903297
0.0,0.071730904
0.0,0.10548573
0.0,0.055663384
0.0,0.069677904
0.0,0.050302822
0.0,0.071230225
0.0,0.06405933
0.0,0.07007075
0.0,0.0655755
0.0,0.045215454
0.0,0.051101822
0.0,0.055734787
0.0,0.059083335
0.0,0.061013147
0.0,0.04936138
0.0,0.042280585
0.0,0.062004987
0.0,0.09350644
0.0,0.046913773
0.0,0.040877577
0.0,0.04337497
0.0,0.07800566
0.0,0.071129724
0.0,0.07062274
0.0,0.045367472
0.0,0.06748323
0.0,0.052484684
0.0,0.07347246
0.0,0.09575878
0.0,0.052732617
0.0,0.067670144
0.0,0.06461667
0.0,0.04285629
0.0,0.05510529
0.0,0.042570073
0.0,0.06312752
0.0,0.07988887
0.0,0.0713081
0.0,0.053619422
0.0,0.07583944
0.0,0.08107964
0.0,0.04998157
0.0,0.05212096
1.0,0.04427843
0.0,0.06466825
0.0,0.026637206
0.0,0.091401756
0.0,0.066863954
0.0,0.09189402
0.0,0.062705554
0.0,0.07237588
0.0,0.038960367
0.0,0.0414602
0.0,0.005661696
0.0,0.081649736
0.0,0.054280605
1.0,0.046344765
0.0,0.092414215
0.0,0.059279602
0.0,0.050430447
0.0,0.06513325
0.0,0.043533888
0.0,0.036412336
0.0,0.07071472
0.0,0.06774905
0.0,0.058165126
0.0,0.054974854
0.0,0.08310231
0.0,0.030232415
0.0,0.06858246
0.0,0.050409913
0.0,0.080146
0.0,0.058234353
0.0,0.005570843
0.0,0.04345372
0.0,0.054354317
0.0,0.060878202
0.0,0.05001676
0.0,0.031234462
0.0,0.048861653
0.0,0.073191285
0.0,0.048483573
0.0,0.082164004
0.0,0.0874752
1.0,0.05363227
0.0,0.060417622
0.0,0.044740405
0.0,0.033208128
0.0,0.05864745
0.0,0.03368787
0.0,0.06982069
0.0,0.066579394
0.0,0.054051198
0.0,0.0089464085
0.0,0.06570347
0.0,0.042948045
0.0,0.078362234
0.0,0.060567558
0.0,0.077635475
0.0,0.065382525
0.0,0.030497462
0.0,0.032683253
0.0,0.09816227
0.0,0.04258
0.0,0.029229771
0.0,0.044262454
0.0,0.06311301
0.0,0.049352393
0.0,0.047778506
0.0,0.0642475
0.0,0.049328253
0.0,0.08139599
0.0,0.05609767
0.0,0.074428625
0.0,0.06784836
0.0,0.05590115
0.0,0.033141594
0.0,0.069884054
0.0,0.059845816
0.0,0.05696804
0.0,0.07298514
0.0,0.06264555
0.0,0.050494295
0.0,0.058171574
0.0,0.023184258
0.0,0.0438562
0.0,0.068498075
0.0,0.04363149
0.0,0.06336341
0.0,0.083880164
0.0,0.054268222
0.0,0.06633978
0.0,0.052967086
0.0,0.06597141
0.0,0.07641013
0.0,0.03027155
0.0,0.070639566
0.0,0.08126206
0.0,0.03555889
0.0,0.052516963
0.0,0.06630465
0.0,0.052621596
0.0,0.056331247
0.0,0.04976687
0.0,0.071130365
0.0,0.033941876
0.0,0.05878112
0.0,0.072573245
0.0,0.04047137
0.0,0.03980504
0.0,0.0671995
0.0,0.042079955
0.0,0.092099234
1.0,0.048784956
0.0,0.034267757
0.0,0.07708021
0.0,0.05647374
0.0,0.024420455
0.0,0.05604048
0.0,0.009343986
0.0,0.048326157
0.0,0.08026571
0.0,0.06566296
0.0,0.072959915
0.0,0.07640572
0.0,0.056798637
0.0,0.055465106
0.0,0.070261925
0.0,0.005864921
0.0,0.047537766
0.0,0.07648113
0.0,0.061924383
0.0,0.048118018
0.0,0.04726884
0.0,0.039214574
0.0,0.054610576
0.0,0.051586393
0.0,0.07326291
0.0,0.0066269087
0.0,0.023122918
0.0,0.07828944
0.0,0.058243364
0.0,0.06121599
0.0,0.05621604
0.0,0.040170744
0.0,0.07439098
0.0,0.07644768
0.0,0.07394226
0.0,0.07032395
0.0,0.08318594
0.0,0.053075623
0.0,0.042175774
0.0,0.04410989
0.0,0.041933633
0.0,0.055698976
0.0,0.06804829
0.0,0.05655315
0.0,0.06867045
0.0,0.036219258
0.0,0.062182415
0.0,0.054979824
0.0,0.06754153
0.0,0.046537947
0.0,0.06634423
0.0,0.048760444
0.0,0.059071586
0.0,0.05343747
0.0,0.04532577
0.0,0.057308555
0.0,0.048248217
0.0,0.06393867
0.0,0.083914146
1.0,0.05867027
0.0,0.06296139
0.0,0.06722471
0.0,0.031290527
0.0,0.048208788
0.0,0.04088899
0.0,0.060450662
0.0,0.0778091
0.0,0.10349834
0.0,0.05603387
0.0,0.04460046
0.0,0.09170146
0.0,0.036926836
0.0,0.07028475
0.0,0.07262502
0.0,0.04845817
0.0,0.05207119
0.0,0.078240775
0.0,0.019587748
0.0,0.04811704
0.0,0.056200508
1.0,0.06921932
0.0,0.09377569
0.0,0.07318754
0.0,0.033830505
1.0,0.0376373
0.0,0.051298708
0.0,0.07504691
0.0,0.09867481
0.0,0.094260514
0.0,0.054050617
0.0,0.071663484
0.0,0.037715893
0.0,0.067176245
0.0,0.09660829
0.0,0.067500964
0.0,0.08154355
0.0,0.04490485
0.0,0.06760878
0.0,0.055623915
0.0,0.05613101
0.0,0.075446084
0.0,0.0036271624
0.0,0.07493647
0.0,0.05766085
0.0,0.055161946
0.0,0.047231946
0.0,0.059267946
0.0,0.051063143
0.0,0.07890086
0.0,0.064590745
0.0,0.06385322
0.0,0.064612836
0.0,0.054097727
0.0,0.039494537
0.0,0.05046518
0.0,0.075814165
0.0,0.06896908
0.0,0.053378716
0.0,0.052766763
0.0,0.035764277
0.0,0.046440464
0.0,0.05614469
0.0,0.060398642
0.0,0.11271741
0.0,0.03608516
0.0,0.017734408
0.0,0.050734594
0.0,0.062090226
0.0,0.041107602
0.0,0.08685864
0.0,0.05181867
0.0,0.008331068
0.0,0.049218625
0.0,0.039238337
0.0,0.0067244954
0.0,0.032150373
0.0,0.08407323
1.0,0.06996818
0.0,0.06447311
0.0,0.08108954
0.0,0.072896264
0.0,0.037357684
0.0,0.05470744
0.0,0.040504277
1.0,0.056003056
0.0,0.04802202
0.0,0.06942703
0.0,0.04843679
0.0,0.084966116
0.0,0.048148483
1.0,0.054798797
0.0,0.04432258
0.0,0.049650382
0.0,0.06834913
0.0,0.045673504
0.0,0.03809741
0.0,0.06080257
0.0,0.045264326
0.0,0.0667856
0.0,0.07121127
0.0,0.05539834
0.0,0.046708934
0.0,0.042784154
0.0,0.058665756
0.0,0.0721656
0.0,0.06311393
1.0,0.051042996
0.0,0.09544219
0.0,0.05526718
0.0,0.07320246
0.0,0.05461374
0.0,0.042576984
0.0,0.03436199
0.0,0.08153543
0.0,0.03165679
0.0,0.055916935
0.0,0.06290129
0.0,0.06570126
0.0,0.045588255
0.0,0.087733254
0.0,0.048056565
0.0,0.036718726
0.0,0.058702428
0.0,0.04595309
0.0,0.05418031
0.0,0.033514183
0.0,0.05910486
0.0,0.067655124
0.0,0.04359684
0.0,0.06980519
0.0,0.060855795
0.0,0.070888
0.0,0.054356042
0.0,0.052605975
0.0,0.07864399
0.0,0.06741643
0.0,0.09409164
0.0,0.11208476
0.0,0.073961794
0.0,0.051889062
0.0,0.07642926
0.0,0.08256407
0.0,0.03516994
0.0,0.05020699
1.0,0.03857009
0.0,0.0628416
0.0,0.0543346
0.0,0.04941913
0.0,0.059630338
0.0,0.10314569
0.0,0.02383628
0.0,0.043537606
0.0,0.08066346
0.0,0.059904743
0.0,0.039323486
0.0,0.057798255
0.0,0.023697428
0.0,0.04556261
0.0,0.043010183
0.0,0.049684744
0.0,0.044971853
0.0,0.0558183
0.0,0.05275373
0.0,0.051270477
0.0,0.05742793
0.0,0.07496803
0.0,0.048786923
0.0,0.07612127
0.0,0.06336207
0.0,0.063787945
0.0,0.046476264
0.0,0.065113574
0.0,0.049424775
0.0,0.077219196
1.0,0.04529775
0.0,0.05888249
0.0,0.065534554
0.0,0.07032175
0.0,0.049318776
0.0,0.086089134
0.0,0.055291273
0.0,0.06834334
0.0,0.04616423
0.0,0.032175403
0.0,0.070084415
0.0,0.007296524
0.0,0.026011907
0.0,0.048772257
0.0,0.06009089
1.0,0.03835435
0.0,0.044336118
0.0,0.05023665
0.0,0.03984641
0.0,0.04076702
0.0,0.018605674
0.0,0.07507467
1.0,0.051991016
0.0,0.015779449
0.0,0.038278934
0.0,0.05624292
1.0,0.040263698
0.0,0.07393308
0.0,0.04200707
0.0,0.08485113
0.0,0.047632407
0.0,0.064887874
0.0,0.04855534
0.0,0.053544547
0.0,0.04554966
0.0,0.03822077
0.0,0.055506554
0.0,0.088521734
0.0,0.055214725
0.0,0.052384984
0.0,0.07938863
0.0,0.03862851
0.0,0.041054517
0.0,0.027780041
0.0,0.07216015
1.0,0.043216705
0.0,0.05770464
0.0,0.072311
0.0,0.07078869
0.0,0.046833467
0.0,0.10119753
0.0,0.075876385
0.0,0.044799186
0.0,0.06026817
0.0,0.049693786
0.0,0.062111843
0.0,0.039594978
0.0,0.061404232
0.0,0.045229234
0.0,0.076246
0.0,0.061457895
0.0,0.11483505
0.0,0.05919797
0.0,0.05523441
0.0,0.0811851
0.0,0.05900422
0.0,0.09021074
0.0,0.07545929
0.0,0.017786833
0.0,0.048938707
0.0,0.050568316
0.0,0.038104072
0.0,0.040188763
0.0,0.052157544
0.0,0.068401136
0.0,0.103330016
0.0,0.039191835
0.0,0.05192785
0.0,0.07479536
0.0,0.0712156
0.0,0.07762796
1.0,0.04737451
0.0,0.03390421
0.0,0.059615683
0.0,0.06783916
0.0,0.05122605
0.0,0.0672718
0.0,0.07294955
0.0,0.082517155
1.0,0.06326871
0.0,0.05783542
0.0,0.076149955
0.0,0.05243759
0.0,0.06583381
0.0,0.05875996
0.0,0.02024203
0.0,0.056045264
0.0,0.100896925
0.0,0.052288778
0.0,0.04878792
0.0,0.0399665
0.0,0.07706605
0.0,0.03529984
0.0,0.0746366
0.0,0.06782713
0.0,0.053714566
0.0,0.033292793
0.0,0.04357317
0.0,0.06666752
0.0,0.043629475
0.0,0.0415723
0.0,0.115663774
0.0,0.047215946
0.0,0.07059867
0.0,0.03379867
0.0,0.02872612
0.0,0.03667883
0.0,0.03372959
0.0,0.032449335
0.0,0.05133041
0.0,0.041975204
0.0,0.073493026
0.0,0.05849624
0.0,0.07775996
0.0,0.04663738
0.0,0.050948065
1.0,0.03940478
0.0,0.083531775
0.0,0.060913295
0.0,0.0401618
0.0,0.057763927
0.0,0.034847118
0.0,0.070352495
0.0,0.047990363
0.0,0.0676761
0.0,0.09096052
0.0,0.068922356
0.0,0.060677566
0.0,0.06647512
0.0,0.07047135
0.0,0.04887037
0.0,0.034882456
0.0,0.082417235
0.0,0.055525124
0.0,0.04834522
0.0,0.045439925
0.0,0.059202287
0.0,0.05093298
0.0,0.053078547
0.0,0.0614919
0.0,0.03662493
0.0,0.057041783
0.0,0.0459691
0.0,0.075029545
0.0,0.040510293
0.0,0.06654783
0.0,0.05266954
0.0,0.041310254
0.0,0.04430405
0.0,0.04379731
0.0,0.05452618
0.0,0.06051134
0.0,0.05071524
0.0,0.048918337
0.0,0.0944493
0.0,0.043370567
0.0,0.09879468
0.0,0.051079042
0.0,0.040640477
0.0,0.0656837
0.0,0.034913242
0.0,0.03795798
0.0,0.055887025
0.0,0.054708056
0.0,0.015089429
0.0,0.054167215
0.0,0.0741417
0.0,0.038549703
0.0,0.073309064
0.0,0.03810538
0.0,0.03754107
1.0,0.045146406
0.0,0.07736673
0.0,0.09016228
0.0,0.058072798
1.0,0.05858055
0.0,0.034875505
0.0,0.07265222
0.0,0.059406318
0.0,0.08493456
1.0,0.037721682
0.0,0.049926523
0.0,0.08978615
0.0,0.046284653
0.0,0.041606866
0.0,0.021766083
0.0,0.06969492
0.0,0.07781803
0.0,0.063249364
0.0,0.09364286
0.0,0.04423112
0.0,0.050442953
0.0,0.1230021
0.0,0.04992556
0.0,0.041525327
0.0,0.0471723
0.0,0.041952133
0.0,0.061553724
0.0,0.069639444
0.0,0.059939776
0.0,0.06912624
0.0,0.06513623
0.0,0.103182554
0.0,0.044925988
0.0,0.06968224
0.0,0.041981027
0.0,0.042813398
0.0,0.031038666
0.0,0.046460155
0.0,0.050540775
0.0,0.07138059
0.0,0.07569503
0.0,0.030141493
0.0,0.07303239
0.0,0.020208769
0.0,0.05052658
0.0,0.058831356
0.0,0.07426128
0.0,0.072556086
0.0,0.063906804
0.0,0.06670455
0.0,0.061842084
0.0,0.06210506
0.0,0.03526045
0.0,0.05124799
0.0,0.06361607
0.0,0.04821119
0.0,0.037382293
0.0,0.042378154
0.0,0.070040815
0.0,0.039387338
0.0,0.050259925
0.0,0.060666688
0.0,0.04624019
1.0,0.026022675
0.0,0.09029083
0.0,0.051244713
0.0,0.035608735
0.0,0.08754497
0.0,0.058174573
0.0,0.047544636
0.0,0.06132002
0.0,0.06910355
0.0,0.04771976
0.0,0.043359473
0.0,0.07834609
0.0,0.046115167
0.0,0.0651514
0.0,0.051841453
0.0,0.049459986
0.0,0.054527324
0.0,0.083864026
0.0,0.09280423
0.0,0.047311515
0.0,0.044254526
0.0,0.047660023
0.0,0.07201845
0.0,0.047547765
0.0,0.0351931
0.0,0.05452314
0.0,0.033925
0.0,0.0926225
0.0,0.08040852
0.0,0.018483644
0.0,0.08389807
0.0,0.041087672
0.0,0.017352032
0.0,0.055677984
0.0,0.056514278
0.0,0.06212156
0.0,0.08884327
0.0,0.09537504
0.0,0.079374254
0.0,0.040923137
0.0,0.08167477
0.0,0.049644783
0.0,0.058615394
0.0,0.045491904
0.0,0.036067594
0.0,0.040515415
0.0,0.050353914
0.0,0.054352257
0.0,0.054893076
0.0,0.03723428
0.0,0.055681355
0.0,0.064346574
0.0,0.041859593
0.0,0.07141601
0.0,0.06143847
0.0,0.061487604
0.0,0.06184841
0.0,0.06770901
0.0,0.036986005
0.0,0.036466524
0.0,0.08332181
0.0,0.102072485
0.0,0.05484122
0.0,0.05269137
0.0,0.054549977
0.0,0.057531014
0.0,0.06928664
0.0,0.05872474
0.0,0.040203206
0.0,0.03572987
0.0,0.044915847
0.0,0.05416724
0.0,0.054322228
0.0,0.055817608
0.0,0.07044303
0.0,0.07100583
0.0,0.039112292
0.0,0.075014606
0.0,0.05835808
1.0,0.082405664
0.0,0.057030212
0.0,0.07120872
0.0,0.072154
0.0,0.057035092
0.0,0.03414044
0.0,0.06827875
0.0,0.083762534
0.0,0.04761094
0.0,0.05603893
0.0,0.082373425
0.0,0.09269895
0.0,0.054335076
1.0,0.059429012
0.0,0.04098887
0.0,0.045275412
1.0,0.07492641
0.0,0.06074473
0.0,0.0091895815
0.0,0.07149097
0.0,0.05017607
0.0,0.058981407
0.0,0.026936036
0.0,0.05097712
0.0,0.030328881
0.0,0.05527066
0.0,0.05404724
0.0,0.075276665
0.0,0.081154004
0.0,0.028720813
0.0,0.038981177
0.0,0.064776994
0.0,0.036729373
0.0,0.0501813
0.0,0.052449044
0.0,0.051751528
0.0,0.06096423
0.0,0.08075249
1.0,0.07564049
0.0,0.04115075
0.0,0.03899328
1.0,0.049857188
0.0,0.08538807
0.0,0.046680186
0.0,0.030283462
0.0,0.054905903
0.0,0.040005185
0.0,0.036406122
0.0,0.010774152
0.0,0.030738018
0.0,0.061791707
0.0,0.06877202
0.0,0.06935223
0.0,0.051602792
0.0,0.06275134
0.0,0.04345942
0.0,0.060983073
0.0,0.035873808
0.0,0.061858866
0.0,0.035291526
0.0,0.06275985
0.0,0.06862505
0.0,0.06150017
0.0,0.051143702
0.0,0.060435444
0.0,0.036956757
0.0,0.029672595
0.0,0.05222801
0.0,0.055911057
0.0,0.04781758
0.0,0.03849598
0.0,0.05331656
0.0,0.04474032
0.0,0.04440301
0.0,0.0658863
0.0,0.07751638
0.0,0.040534794
0.0,0.05612437
0.0,0.08946204
0.0,0.072378054
0.0,0.045948587
0.0,0.06317168
0.0,0.04239043
0.0,0.028141836
0.0,0.08141846
0.0,0.06170838
0.0,0.08169277
0.0,0.06759637
0.0,0.024986973
0.0,0.052001044
0.0,0.07460959
0.0,0.06502087
0.0,0.069515
1.0,0.05957864
0.0,0.06987753
0.0,0.04584796
0.0,0.05862614
0.0,0.041635543
0.0,0.06684613
0.0,0.031434108
0.0,0.10440668
0.0,0.051406145
0.0,0.052555468
0.0,0.025519514
1.0,0.0716215
0.0,0.0492255
0.0,0.10081555
0.0,0.054146737
0.0,0.060589064
0.0,0.07526387
1.0,0.06718987
0.0,0.03253398
0.0,0.042693608
0.0,0.07357297
0.0,0.06006283
0.0,0.08321001
0.0,0.045034923
0.0,0.06466613
0.0,0.022493724
0.0,0.05513862
0.0,0.046009123
0.0,0.03891702
1.0,0.068474114
0.0,0.050679997
0.0,0.071912035
0.0,0.07305029
0.0,0.068634346
0.0,0.04025957
0.0,0.053038634
0.0,0.04735527
0.0,0.053105924
0.0,0.0720042
0.0,0.09151848
0.0,0.08650718
0.0,0.05963281
0.0,0.027538462
0.0,0.06159379
1.0,0.057013854
0.0,0.033105627
0.0,0.04792633
0.0,0.09902035
0.0,0.046146564
0.0,0.06690879
0.0,0.095848635
0.0,0.05872324
0.0,0.055485845
0.0,0.028699169
0.0,0.07215104
0.0,0.07113042
0.0,0.05155418
0.0,0.019880181
0.0,0.034526873
0.0,0.041578643
0.0,0.050568134
0.0,0.061748736
0.0,0.031493776
0.0,0.08041021
0.0,0.04023886
0.0,0.05534325
0.0,0.037160203
0.0,0.056082945
0.0,0.029053636
0.0,0.015151167
1.0,0.038333185
0.0,0.03996978
0.0,0.098669045
0.0,0.048673946
0.0,0.06252379
0.0,0.049759038
0.0,0.035558544
0.0,0.056514576
0.0,0.039195083
0.0,0.0889703
0.0,0.0887444
0.0,0.052499823
0.0,0.034095567
0.0,0.028887589
0.0,0.07715525
0.0,0.044619136
0.0,0.0605644
0.0,0.081336804
0.0,0.054371182
0.0,0.06641776
0.0,0.053323388
0.0,0.07989253
0.0,0.023971502
0.0,0.048513576
0.0,0.02960996
0.0,0.06975228
0.0,0.0625707
0.0,0.09837432
0.0,0.043851916
0.0,0.040567417
0.0,0.059034403
0.0,0.049979545
1.0,0.04043626
0.0,0.05022186
0.0,0.037816197
0.0,0.06927101
0.0,0.06670476
0.0,0.066188574
0.0,0.042286348
0.0,0.08297265
0.0,0.058691483
0.0,0.046396807
0.0,0.045206487
0.0,0.061731305
0.0,0.036751546
0.0,0.033053096
0.0,0.062266964
0.0,0.05242614
1.0,0.064425506
0.0,0.0828426
0.0,0.052868724
0.0,0.07818821
0.0,0.04884184
0.0,0.03536193
0.0,0.004747133
1.0,0.05987934
0.0,0.043934137
0.0,0.04701195
0.0,0.078453705
0.0,0.07390298
1.0,0.048280694
0.0,0.092022195
0.0,0.03745716
0.0,0.043179117
0.0,0.092967734
0.0,0.12590796
0.0,0.04472091
0.0,0.042860523
0.0,0.08602081
0.0,0.0051927324
0.0,0.08244396
0.0,0.055503998
0.0,0.057940613
0.0,0.08789578
0.0,0.044825546
0.0,0.047357764
0.0,0.051032834
0.0,0.03268605
0.0,0.079098284
0.0,0.045235574
0.0,0.046632357
0.0,0.077396214
1.0,0.048559856
0.0,0.06424007
0.0,0.0642088
0.0,0.0446776
0.0,0.038232747
0.0,0.06578129
0.0,0.09133777
0.0,0.0477128
0.0,0.06285085
0.0,0.06737973
0.0,0.044801228
0.0,0.042970166
0.0,0.09336979
0.0,0.06443581
0.0,0.044129483
0.0,0.07065255
0.0,0.05972252
0.0,0.078201964
0.0,0.078068584
0.0,0.08716704
0.0,0.07788858
0.0,0.05635852
0.0,0.048543327
0.0,0.08418913
0.0,0.053098835
0.0,0.008676012
0.0,0.087061405
0.0,0.04205885
0.0,0.00954578
0.0,0.06870099
0.0,0.05066813
0.0,0.032176815
0.0,0.018998113
1.0,0.060812384
0.0,0.09322416
0.0,0.032161016
0.0,0.03793433
0.0,0.07278163
0.0,0.040557396
0.0,0.052444167
0.0,0.05939768
0.0,0.089551836
0.0,0.052187037
0.0,0.043797478
0.0,0.072459795
0.0,0.045913436
0.0,0.04405489
0.0,0.064192854
0.0,0.069453746
0.0,0.029748034
0.0,0.07461945
0.0,0.045573212
0.0,0.07609108
0.0,0.04648217
0.0,0.049015917
0.0,0.07461722
0.0,0.036794644
0.0,0.06638431
0.0,0.027976444
0.0,0.047641687
0.0,0.04307048
0.0,0.081003055
0.0,0.04186779
0.0,0.048570137
0.0,0.059074588
0.0,0.064051285
0.0,0.04381349
0.0,0.069242954
0.0,0.10674769
0.0,0.04061442
0.0,0.062346734
0.0,0.05618087
0.0,0.025291894
0.0,0.049377862
0.0,0.049740013
2.0,0.0324499
0.0,0.04528352
0.0,0.08340041
0.0,0.07887095
0.0,0.09438337
0.0,0.022966966
0.0,0.06430292
0.0,0.08942801
0.0,0.050392896
0.0,0.03295872
0.0,0.04094814
0.0,0.071550824
0.0,0.044108856
0.0,0.04130582
0.0,0.064905435
0.0,0.041243874
0.0,0.06389994
0.0,0.075169206
0.0,0.062389426
0.0,0.042077526
0.0,0.057312775
0.0,0.039108537
0.0,0.042218633
0.0,0.059363857
0.0,0.06248708
0.0,0.07520108
0.0,0.073102295
0.0,0.05510913
0.0,0.046537705
0.0,0.04337309
0.0,0.043175727
1.0,0.03838993
0.0,0.0640409
0.0,0.08276029
0.0,0.050469875
1.0,0.045477457
0.0,0.02786627
0.0,0.07318473
0.0,0.07468349
0.0,0.056724176
0.0,0.017087625
0.0,0.043592863
0.0,0.046961673
0.0,0.032319143
0.0,0.05510616
0.0,0.032222748
0.0,0.08705263
0.0,0.05994725
0.0,0.055628
0.0,0.05166045
0.0,0.058706246
0.0,0.03237484
0.0,0.05750695
0.0,0.048526533
0.0,0.08020033
0.0,0.07980852
0.0,0.08189519
0.0,0.04314881
0.0,0.04926891
0.0,0.06848174
0.0,0.06905533
0.0,0.05178406
0.0,0.08736207
0.0,0.08517756
0.0,0.03354808
0.0,0.075681135
0.0,0.05396674
0.0,0.06133084
0.0,0.05310261
0.0,0.08721429
1.0,0.04845414
0.0,0.05641556
0.0,0.068518355
0.0,0.07846449
0.0,0.05233597
0.0,0.07185036
0.0,0.07167348
0.0,0.055275865
0.0,0.06687052
0.0,0.077291384
0.0,0.08864288
0.0,0.05004649
0.0,0.073318124
0.0,0.052614942
0.0,0.09756489
0.0,0.044051494
0.0,0.040089697
0.0,0.028723778
0.0,0.0974605
0.0,0.10387858
0.0,0.05437494
0.0,0.042396605
0.0,0.060166553
1.0,0.06516531
0.0,0.0102062505
0.0,0.04036277
0.0,0.060128108
1.0,0.048611782
1.0,0.04582337
0.0,0.058681715
0.0,0.04335729
0.0,0.06852643
0.0,0.03989604
0.0,0.07559267
0.0,0.005176031
0.0,0.042319834
0.0,0.052293263
0.0,0.05429654
0.0,0.08365518
0.0,0.048090123
0.0,0.058124993
0.0,0.029591067
0.0,0.0340962
0.0,0.07181645
0.0,0.0533251
0.0,0.06057956
0.0,0.052186005
0.0,0.05798984
0.0,0.049484752
0.0,0.041936513
0.0,0.050486878
0.0,0.05964116
1.0,0.059685282
0.0,0.051420413
0.0,0.045106784
0.0,0.051954783
0.0,0.063393116
0.0,0.057705656
0.0,0.0810631
0.0,0.070786916
0.0,0.04873822
0.0,0.026133694
0.0,0.049804367
0.0,0.05487091
0.0,0.08561206
0.0,0.060685277
0.0,0.039353848
0.0,0.059534352
1.0,0.0426977
0.0,0.060156383
0.0,0.048035946
0.0,0.049166106
0.0,0.08947859
0.0,0.052976657
0.0,0.048495412
0.0,0.04613716
0.0,0.090496
0.0,0.07085772
0.0,0.056006208
0.0,0.08448213
0.0,0.048182808
0.0,0.06474886
0.0,0.0359132
0.0,0.02519114
0.0,0.044323046
0.0,0.07087062
0.0,0.047370568
0.0,0.053475093
0.0,0.04803282
0.0,0.11236827
0.0,0.05970074
0.0,0.046582572
0.0,0.057182305
0.0,0.099729136
0.0,0.06834639
0.0,0.046876397
0.0,0.045596316
0.0,0.08770726
0.0,0.067192726
0.0,0.043926187
0.0,0.068983845
0.0,0.03611454
0.0,0.062314816
0.0,0.004195489
0.0,0.008626192
0.0,0.08245513
0.0,0.029673032
0.0,0.0682407
0.0,0.08641936
0.0,0.034366168
0.0,0.058205023
0.0,0.08417642
0.0,0.07805105
0.0,0.06541704
1.0,0.06526298
0.0,0.051632978
0.0,0.07512287
0.0,0.05612757
0.0,0.025601644
0.0,0.058322694
0.0,0.06493045
0.0,0.058261044
0.0,0.056083
0.0,0.03626948
0.0,0.05656259
0.0,0.045655377
0.0,0.04941815
0.0,0.048320375
0.0,0.016079113
0.0,0.040662274
0.0,0.06525808
0.0,0.03450064
0.0,0.053009596
0.0,0.052547902
0.0,0.057278354
0.0,0.08236467
0.0,0.06878436
0.0,0.026598126
0.0,0.06869432
0.0,0.06720908
0.0,0.039918847
0.0,0.08669317
0.0,0.058135416
0.0,0.039994504
0.0,0.06660891
0.0,0.05427878
0.0,0.048159264
0.0,0.07864904
0.0,0.039494377
0.0,0.040822744
0.0,0.085828125
0.0,0.009494881
0.0,0.028965943
0.0,0.03963267
0.0,0.048782468
0.0,0.03088591
0.0,0.08078484
0.0,0.03992309
0.0,0.044663146
0.0,0.049415972
0.0,0.041652333
0.0,0.0821023
0.0,0.03437727
0.0,0.08074752
0.0,0.08731828
0.0,0.060429163
0.0,0.066535376
0.0,0.037844006
0.0,0.07093165
1.0,0.049550846
0.0,0.046201028
0.0,0.03700751
0.0,0.058501486
0.0,0.052329756
0.0,0.05896656
0.0,0.05856477
0.0,0.048354328
0.0,0.04438182
0.0,0.058481764
0.0,0.06789502
0.0,0.038014818
0.0,0.029890044
0.0,0.040834583
0.0,0.05740573
0.0,0.06357781
0.0,0.06729701
0.0,0.036213905
0.0,0.105962664
0.0,0.007219365
0.0,0.08122037
0.0,0.08213054
0.0,0.05791197
0.0,0.052073225
0.0,0.036630955
0.0,0.058779385
0.0,0.04844015
0.0,0.047740623
0.0,0.05571486
0.0,0.08877094
0.0,0.10065103
0.0,0.045248732
0.0,0.05694229
0.0,0.08647147
1.0,0.03684287
0.0,0.041890852
0.0,0.09253605
0.0,0.04052548
1.0,0.043884285
0.0,0.041359913
0.0,0.08178452
0.0,0.089974165
0.0,0.056165118
0.0,0.0044086124
0.0,0.0075923055
0.0,0.08497831
0.0,0.07383875
0.0,0.02415793
0.0,0.041380074
0.0,0.07550188
0.0,0.03965646
0.0,0.05090438
0.0,0.058744427
1.0,0.043240286
0.0,0.05081604
0.0,0.073145166
0.0,0.08306929
0.0,0.035909783
0.0,0.058968596
0.0,0.05377219
0.0,0.046403553
0.0,0.062235337
0.0,0.080969766
0.0,0.047700334
0.0,0.056886252
0.0,0.057023183
0.0,0.035082802
0.0,0.06657644
0.0,0.04838498
0.0,0.07340096
0.0,0.05373218
0.0,0.05683433
0.0,0.043056063
0.0,0.0849833
0.0,0.08289316
0.0,0.06948225
0.0,0.04547325
0.0,0.05200588
0.0,0.01649937
0.0,0.046359807
0.0,0.03539275
0.0,0.0411202
0.0,0.041168533
0.0,0.051855337
0.0,0.093240164
0.0,0.07338717
0.0,0.0717266
0.0,0.06805445
0.0,0.041703817
0.0,0.040527645
0.0,0.05453177
0.0,0.07953417
0.0,0.029232435
0.0,0.035154633
0.0,0.060387712
0.0,0.056226
0.0,0.05699733
0.0,0.06540119
0.0,0.085102074
1.0,0.08015347
0.0,0.024489513
0.0,0.042083398
1.0,0.047763005
0.0,0.058217224
0.0,0.074959114
0.0,0.0670257
0.0,0.057733484
0.0,0.07189498
0.0,0.048517685
0.0,0.061351873
0.0,0.048743382
0.0,0.09734999
0.0,0.0673339
0.0,0.054434918
0.0,0.038932063
0.0,0.03495907
0.0,0.03952518
0.0,0.059026875
0.0,0.09297272
0.0,0.061631013
0.0,0.049742103
0.0,0.071130365
0.0,0.07762546
0.0,0.041979477
0.0,0.04075885
0.0,0.056564964
0.0,0.0513701
1.0,0.04539684
1.0,0.044039566
0.0,0.04971872
0.0,0.06550509
0.0,0.044662263
0.0,0.08911742
0.0,0.044493128
0.0,0.06817024
0.0,0.06564638
0.0,0.076589234
0.0,0.06359212
1.0,0.056414325
0.0,0.0734698
0.0,0.046462893
0.0,0.06806737
0.0,0.06640327
0.0,0.06023743
0.0,0.066792764
0.0,0.083614424
0.0,0.09487708
0.0,0.045886263
0.0,0.0545506
0.0,0.041251477
0.0,0.07972206
0.0,0.0464832
0.0,0.04632256
0.0,0.055731148
0.0,0.05602166
0.0,0.07669996
0.0,0.053068105
0.0,0.049245067
0.0,0.06252662
0.0,0.034143176
0.0,0.06319462
0.0,0.043974787
0.0,0.06864313
0.0,0.047675695
0.0,0.075336136
0.0,0.065698974
0.0,0.058691483
0.0,0.052984387
0.0,0.05067096
0.0,0.05380448
0.0,0.057118442
0.0,0.071872495
0.0,0.090414435
0.0,0.07490297
0.0,0.047569342
0.0,0.038714293
0.0,0.09876314
0.0,0.056688067
0.0,0.03435083
0.0,0.0410461
0.0,0.07591201
0.0,0.043980073
0.0,0.054473076
0.0,0.0631881
0.0,0.03343486
0.0,0.046416797
0.0,0.029432403
0.0,0.04348106
0.0,0.05924859
1.0,0.067630805
0.0,0.07677182
0.0,0.06758855
0.0,0.057189777
0.0,0.07707352
0.0,0.06874735
0.0,0.06496476
0.0,0.06258437
0.0,0.066040576
0.0,0.06424867
0.0,0.041688897
1.0,0.064685434
0.0,0.04519291
0.0,0.05293855
1.0,0.05131477
0.0,0.1072761
0.0,0.05706624
1.0,0.045047157
0.0,0.029297575
0.0,0.06443377
0.0,0.080419414
0.0,0.05760601
0.0,0.07532823
0.0,0.04968766
0.0,0.032174636
0.0,0.08106816
0.0,0.07421273
0.0,0.06379522
0.0,0.06529062
0.0,0.05631602
0.0,0.050370976
0.0,0.058363147
0.0,0.00749691
0.0,0.05380938
0.0,0.05316534
0.0,0.043958392
0.0,0.06077402
0.0,0.06564735
0.0,0.07188598
0.0,0.081605434
0.0,0.052511554
0.0,0.039312296
0.0,0.05651646
0.0,0.10790446
0.0,0.024920078
0.0,0.071435735
0.0,0.0468805
0.0,0.07283451
0.0,0.07165363
0.0,0.004965584
0.0,0.06851581
0.0,0.04933731
0.0,0.046129208
0.0,0.0686258
0.0,0.044999678
0.0,0.05280249
0.0,0.05420968
0.0,0.06235494
0.0,0.042985477
0.0,0.06753762
0.0,0.09753244
1.0,0.069244
0.0,0.08798783
0.0,0.027292578
0.0,0.037539672
0.0,0.043953825
0.0,0.024383437
0.0,0.05492046
0.0,0.060829975
0.0,0.037294216
0.0,0.03325939
0.0,0.0453088
0.0,0.050656103
0.0,0.04362521
0.0,0.030209698
0.0,0.047686484
0.0,0.04660639
0.0,0.02935523
0.0,0.056785665
0.0,0.061302364
0.0,0.053466488
0.0,0.06226481
0.0,0.09714736
1.0,0.037606053
0.0,0.05739199
0.0,0.07501978
0.0,0.037092373
0.0,0.030772835
0.0,0.082485095
0.0,0.0071667535
0.0,0.036879975
0.0,0.035639625
0.0,0.038585912
0.0,0.05483164
0.0,0.06341117
0.0,0.05959093
0.0,0.06807952
0.0,0.04430405
0.0,0.08127043
0.0,0.059434365
0.0,0.06547408
0.0,0.09567471
0.0,0.04237807
0.0,0.12338098
0.0,0.04810783
0.0,0.036612574
0.0,0.04721481
0.0,0.081482664
0.0,0.04041211
1.0,0.049646605
0.0,0.04794503
0.0,0.038185358
0.0,0.073165886
0.0,0.05154807
0.0,0.03763616
0.0,0.055922415
0.0,0.03216012
0.0,0.02911109
0.0,0.07209915
0.0,0.043555733
0.0,0.057829805
1.0,0.057185087
0.0,0.0464597
0.0,0.054695964
0.0,0.05305208
0.0,0.073321916
0.0,0.045107566
0.0,0.0535105
0.0,0.04102785
1.0,0.05332893
0.0,0.051002707
0.0,0.048133094
0.0,0.035892323
0.0,0.076724336
0.0,0.053299338
0.0,0.056568
0.0,0.05311151
0.0,0.06514982
0.0,0.0386381
0.0,0.034034725
0.0,0.07922489
0.0,0.07153868
0.0,0.02256808
0.0,0.03965857
0.0,0.04816264
1.0,0.027169002
0.0,0.12365778
0.0,0.063152775
0.0,0.04615804
0.0,0.05846724
0.0,0.07927968
0.0,0.066921875
0.0,0.058471687
0.0,0.05116912
0.0,0.03937238
0.0,0.056520667
0.0,0.04670824
0.0,0.067432456
0.0,0.03285031
0.0,0.066326186
1.0,0.07784747
0.0,0.0414478
0.0,0.05612647
0.0,0.050904937
0.0,0.044667713
1.0,0.06583005
0.0,0.045413077
0.0,0.072987445
0.0,0.09346031
0.0,0.058068894
0.0,0.038165733
0.0,0.07710131
1.0,0.00832857
1.0,0.055364195
0.0,0.059217095
0.0,0.042381488
0.0,0.06619992
0.0,0.06305134
0.0,0.053283736
0.0,0.065320626
0.0,0.06609856
0.0,0.07562645
0.0,0.071366146
0.0,0.0576989
0.0,0.07278831
0.0,0.08518094
0.0,0.08170017
1.0,0.034899317
0.0,0.04461216
0.0,0.052612334
0.0,0.07792335
0.0,0.07942695
0.0,0.06745611
0.0,0.055159237
0.0,0.069845274
0.0,0.07928036
0.0,0.031867467
0.0,0.07505384
0.0,0.044434313
0.0,0.05450393
0.0,0.069491185
0.0,0.08262315
0.0,0.06902839
0.0,0.04306098
0.0,0.055316802
0.0,0.08924462
0.0,0.052670293
1.0,0.06062337
0.0,0.024011021
0.0,0.060420662
0.0,0.04896786
0.0,0.025913622
0.0,0.059510455
0.0,0.07239848
0.0,0.085083164
0.0,0.050972875
0.0,0.06913712
0.0,0.10334559
0.0,0.059699032
0.0,0.071660586
0.0,0.062249865
0.0,0.053573377
0.0,0.044940323
0.0,0.0661858
0.0,0.093858674
0.0,0.037175618
0.0,0.041845724
0.0,0.09448119
0.0,0.06780643
0.0,0.054456647
0.0,0.050726913
0.0,0.06225399
0.0,0.0477627
0.0,0.044110894
0.0,0.048271623
0.0,0.050289188
0.0,0.08333266
0.0,0.07233417
0.0,0.07721992
0.0,0.052468732
1.0,0.050009906
0.0,0.046627328
0.0,0.08833519
0.0,0.04084547
0.0,0.046567693
0.0,0.08453061
0.0,0.061304584
0.0,0.07019952
0.0,0.08495003
0.0,0.06378016
1.0,0.08689053
0.0,0.042183407
0.0,0.07832058
0.0,0.059508353
0.0,0.054783512
0.0,0.04825664
1.0,0.07150532
0.0,0.06244736
0.0,0.07617919
0.0,0.06540794
0.0,0.06002644
0.0,0.060217343
0.0,0.0560853
0.0,0.07637259
0.0,0.061935928
0.0,0.039690796
0.0,0.042305365
0.0,0.033984598
0.0,0.066298485
0.0,0.060893707
0.0,0.056712832
0.0,0.037896384
0.0,0.059773717
0.0,0.06346123
0.0,0.051664036
0.0,0.050529063
0.0,0.08215536
0.0,0.06734034
0.0,0.056697205
0.0,0.073626705
0.0,0.048861455
0.0,0.048613917
0.0,0.11526873
0.0,0.0448124
0.0,0.07408114
0.0,0.07430139
0.0,0.08634441
0.0,0.041644618
0.0,0.06875105
0.0,0.06501095
0.0,0.033380795
0.0,0.04152663
0.0,0.039523184
0.0,0.05298037
1.0,0.03225196
0.0,0.062898
0.0,0.040975615
0.0,0.0058987113
0.0,0.008043759
0.0,0.03668402
0.0,0.042815093
0.0,0.048496936
0.0,0.059141777
0.0,0.06974226
0.0,0.07469845
0.0,0.0415548
1.0,0.057935502
0.0,0.048500914
0.0,0.044028215
0.0,0.06716177
0.0,0.06098342
0.0,0.061408155
0.0,0.05858294
0.0,0.046939865
0.0,0.046053484
0.0,0.030329164
0.0,0.08046212
0.0,0.061976876
0.0,0.05096375
0.0,0.041855063
0.0,0.03453908
0.0,0.042107705
0.0,0.03673102
0.0,0.027655255
0.0,0.036206376
0.0,0.051444903
0.0,0.04314747
0.0,0.05553275
0.0,0.07635932
0.0,0.05481935
1.0,0.041783784
0.0,0.02526229
0.0,0.03742688
0.0,0.0810487
0.0,0.035415936
0.0,0.038607806
0.0,0.06159884
0.0,0.10925238
0.0,0.038693145
0.0,0.055056125
0.0,0.07367278
0.0,0.08608056
0.0,0.05719365
0.0,0.03692153
0.0,0.06295902
0.0,0.009458622
0.0,0.012062141
0.0,0.038912613
0.0,0.05033951
0.0,0.03650204
1.0,0.061035335
0.0,0.053645365
0.0,0.08607464
0.0,0.04963155
0.0,0.054810908
0.0,0.067301124
1.0,0.044158805
0.0,0.07266499
0.0,0.08039794
0.0,0.06404605
0.0,0.06492969
0.0,0.04788607
0.0,0.040440083
0.0,0.05217804
0.0,0.07863021
0.0,0.06393752
0.0,0.055144303
0.0,0.04594353
0.0,0.039107323
0.0,0.055020683
0.0,0.09424764
0.0,0.079326406
0.0,0.040260106
0.0,0.027163548
0.0,0.06861574
0.0,0.083596624
0.0,0.047557537
0.0,0.06698009
0.0,0.006438205
0.0,0.044170506
0.0,0.0251733
0.0,0.042272177
0.0,0.04894971
0.0,0.043236837
0.0,0.040643927
0.0,0.04761883
0.0,0.03722441
0.0,0.047941804
1.0,0.072511986
0.0,0.038546465
0.0,0.08525416
0.0,0.040472835
0.0,0.04432968
0.0,0.07048232
0.0,0.055382505
0.0,0.04660028
0.0,0.041228585
0.0,0.06592699
0.0,0.042323466
0.0,0.033550687
0.0,0.057362646
0.0,0.06915014
0.0,0.036282226
0.0,0.07707959
0.0,0.022767112
1.0,0.0697902
0.0,0.051182225
0.0,0.094499595
0.0,0.04563991
0.0,0.05053492
1.0,0.021635165
0.0,0.043418273
0.0,0.07942142
0.0,0.103853524
0.0,0.06764722
0.0,0.034157343
0.0,0.07902387
0.0,0.050736263
0.0,0.06980406
0.0,0.06527686
0.0,0.05961675
0.0,0.054639712
0.0,0.05116802
0.0,0.040885493
0.0,0.048780605
0.0,0.046710446
0.0,0.05405941
0.0,0.059930313
0.0,0.10214391
0.0,0.072613195
0.0,0.037713807
0.0,0.085730895
0.0,0.05148979
1.0,0.07373221
0.0,0.06524173
0.0,0.037821285
0.0,0.052441068
0.0,0.05316595
0.0,0.06980419
0.0,0.05052957
0.0,0.086853646
0.0,0.08761334
0.0,0.06135123
0.0,0.045299813
0.0,0.04385051
0.0,0.038470015
0.0,0.063334264
0.0,0.034494422
0.0,0.038688015
0.0,0.024972918
0.0,0.064251095
0.0,0.025645386
0.0,0.042743064
0.0,0.0788914
0.0,0.04776795
0.0,0.00676438
0.0,0.06667237
1.0,0.05745802
0.0,0.07741687
0.0,0.081735045
0.0,0.04101679
0.0,0.05708276
0.0,0.060863934
0.0,0.03470322
0.0,0.046034873
0.0,0.095109224
0.0,0.07325774
0.0,0.054486595
0.0,0.056941804
0.0,0.06189814
0.0,0.038840696
0.0,0.06645202
0.0,0.038653746
0.0,0.046810884
0.0,0.027986137
0.0,0.079491384
0.0,0.04886572
0.0,0.0545907
0.0,0.059999052
0.0,0.035975434
0.0,0.04139303
0.0,0.0432546
0.0,0.061330255
0.0,0.020332105
0.0,0.053212274
0.0,0.0779681
0.0,0.07640175
0.0,0.07475852
0.0,0.047525994
0.0,0.06587463
0.0,0.055057544
0.0,0.0810563
0.0,0.069737986
0.0,0.060353037
0.0,0.051836487
0.0,0.075229265
0.0,0.05900671
0.0,0.06810534
0.0,0.036333285
0.0,0.047150005
0.0,0.058927305
0.0,0.048032384
0.0,0.051552497
0.0,0.073407136
0.0,0.057658195
0.0,0.04957535
0.0,0.06576062
0.0,0.054245546
0.0,0.059249606
0.0,0.057585757
0.0,0.08995542
0.0,0.056995537
0.0,0.05395264
0.0,0.09245525
0.0,0.035823278
0.0,0.056803457
0.0,0.07114433
0.0,0.04077137
1.0,0.047780387
0.0,0.05566406
0.0,0.093808986
0.0,0.044095248
0.0,0.04720826
0.0,0.04505378
0.0,0.09875144
0.0,0.067349955
0.0,0.036888145
0.0,0.05901857
1.0,0.088868074
0.0,0.04188819
0.0,0.025977783
0.0,0.081452616
0.0,0.034359038
0.0,0.044276405
1.0,0.050817795
0.0,0.06716244
1.0,0.06765529
0.0,0.088990115
0.0,0.08351208
0.0,0.050948463
0.0,0.043238845
0.0,0.06834942
0.0,0.044709727
0.0,0.047131628
0.0,0.054043867
0.0,0.05320592
0.0,0.08455076
0.0,0.06417692
0.0,0.051521875
0.0,0.038962863
0.0,0.05078312
0.0,0.07960605
1.0,0.038078588
0.0,0.12465709
0.0,0.08688333
0.0,0.041337643
0.0,0.06817037
0.0,0.0650019
0.0,0.06586412
0.0,0.10721663
0.0,0.045189053
0.0,0.039911136
0.0,0.067785874
0.0,0.074596964
0.0,0.09976429
0.0,0.06976197
0.0,0.05186989
0.0,0.031188251
0.0,0.008384019
0.0,0.06340879
0.0,0.053002115
0.0,0.03456185
0.0,0.08609739
1.0,0.06572703
0.0,0.049394228
0.0,0.05875796
0.0,0.040864628
0.0,0.045322586
0.0,0.03922079
0.0,0.03974247
0.0,0.08607485
0.0,0.08027331
0.0,0.07042847
0.0,0.04661876
0.0,0.041072413
0.0,0.042807397
0.0,0.0503576
0.0,0.03842997
0.0,0.064080976
0.0,0.07255816
0.0,0.06270628
0.0,0.065482415
0.0,0.07826725
0.0,0.050319374
0.0,0.0652742
0.0,0.05952459
0.0,0.04224871
0.0,0.07469056
0.0,0.05804384
0.0,0.045609586
0.0,0.06256697
0.0,0.039893992
0.0,0.07090208
0.0,0.06431332
0.0,0.04945265
0.0,0.06967978
0.0,0.045418404
0.0,0.030561019
0.0,0.06351822
0.0,0.04763995
1.0,0.041624904
0.0,0.038843457
0.0,0.06192571
0.0,0.058726896
0.0,0.052591242
0.0,0.04260959
0.0,0.062272307
0.0,0.05537708
0.0,0.095158175
0.0,0.06495239
0.0,0.05372739
0.0,0.039805274
0.0,0.07326898
0.0,0.049057394
0.0,0.04823546
0.0,0.06759049
0.0,0.050425924
0.0,0.021179728
0.0,0.06007724
0.0,0.042401478
0.0,0.052033972
0.0,0.05609914
0.0,0.07315163
0.0,0.058911532
0.0,0.060353745
1.0,0.10152436
0.0,0.041224733
0.0,0.043896843
0.0,0.06201152
0.0,0.04749046
0.0,0.09455328
0.0,0.03783407
0.0,0.046245847
0.0,0.03727825
0.0,0.06790195
0.0,0.07701813
0.0,0.0705667
0.0,0.008476608
0.0,0.07019126
0.0,0.080980286
0.0,0.049104556
0.0,0.07242414
0.0,0.072248444
0.0,0.068697244
0.0,0.056889046
0.0,0.07200195
0.0,0.057236634
0.0,0.05215717
0.0,0.03689206
0.0,0.075264014
0.0,0.06740473
0.0,0.051024612
0.0,0.079606906
0.0,0.095378496
0.0,0.03658401
0.0,0.08560949
0.0,0.05415634
0.0,0.042435702
0.0,0.06746433
0.0,0.03995592
0.0,0.015534811
0.0,0.07312456
0.0,0.049189225
0.0,0.029855793
1.0,0.009768574
0.0,0.070003256
0.0,0.042031303
0.0,0.009045919
0.0,0.046701603
0.0,0.047227982
1.0,0.06685142
0.0,0.052578326
0.0,0.04510916
0.0,0.083277956
0.0,0.044916518
0.0,0.045083344
0.0,0.03607868
0.0,0.051989987
0.0,0.043048766
0.0,0.05864626
0.0,0.069634065
0.0,0.06520663
0.0,0.059850924
0.0,0.08558381
0.0,0.06128407
0.0,0.059298687
0.0,0.08730702
0.0,0.043247208
0.0,0.06678229
0.0,0.052829877
0.0,0.056272842
0.0,0.04541703
0.0,0.06015
0.0,0.041959137
0.0,0.0042421883
1.0,0.03458606
0.0,0.037908204
0.0,0.047591385
0.0,0.052649528
0.0,0.070606954
0.0,0.019881472
0.0,0.025454137
0.0,0.076265834
0.0,0.05755372
0.0,0.07934269
0.0,0.042029522
0.0,0.05392206
0.0,0.052484646
0.0,0.026051603
0.0,0.06430104
0.0,0.035123326
0.0,0.11203325
0.0,0.04160508
0.0,0.06748064
0.0,0.10242697
0.0,0.0608559
0.0,0.061268978
0.0,0.059990842
0.0,0.0443682
0.0,0.06560873
0.0,0.050699525
0.0,0.036166213
0.0,0.03996385
0.0,0.06497379
0.0,0.05344662
0.0,0.03336795
0.0,0.030635057
0.0,0.07200173
0.0,0.05059439
0.0,0.045255683
0.0,0.007738518
0.0,0.071159475
0.0,0.07552008
0.0,0.044261187
0.0,0.07884681
0.0,0.035378214
0.0,0.0585246
0.0,0.04846651
0.0,0.053960875
0.0,0.06445946
0.0,0.015822826
0.0,0.07595763
0.0,0.062530555
0.0,0.04572264
0.0,0.083431974
0.0,0.06362658
0.0,0.07185435
0.0,0.04677446
0.0,0.08525845
1.0,0.033079457
0.0,0.043184243
0.0,0.049778275
0.0,0.052929327
0.0,0.051420365
2.0,0.07933085
0.0,0.08414045
0.0,0.08966864
0.0,0.06209905
0.0,0.04238726
0.0,0.06640729
0.0,0.03188494
0.0,0.04957812
0.0,0.06761894
0.0,0.0848034
0.0,0.047723018
0.0,0.05432557
0.0,0.08989376
0.0,0.046872206
0.0,0.06504642
0.0,0.054096736
0.0,0.038804848
0.0,0.038782038
0.0,0.055686757
0.0,0.05073735
0.0,0.05563783
0.0,0.050472353
0.0,0.04346597
0.0,0.07276943
0.0,0.03506842
0.0,0.06356406
0.0,0.07586047
0.0,0.07323128
0.0,0.058212087
0.0,0.041445002
0.0,0.07935007
0.0,0.06632046
0.0,0.045752704
0.0,0.054886818
0.0,0.056040987
0.0,0.06469157
0.0,0.027682243
0.0,0.08155046
0.0,0.06466338
0.0,0.034769442
0.0,0.08182266
0.0,0.05020455
0.0,0.06600384
0.0,0.035059087
0.0,0.04010348
0.0,0.06648149
0.0,0.08360709
0.0,0.08194472
0.0,0.041440785
0.0,0.0626759
0.0,0.05461163
0.0,0.037289377
0.0,0.06355191
0.0,0.06276787
0.0,0.090339325
0.0,0.07457524
0.0,0.03658022
0.0,0.063604794
0.0,0.07971881
0.0,0.060343456
0.0,0.109412275
0.0,0.060399633
0.0,0.04478096
0.0,0.061023723
0.0,0.06552557
0.0,0.09276974
0.0,0.053146344
0.0,0.02998065
0.0,0.069687195
0.0,0.07438858
0.0,0.088784635
0.0,0.08500897
0.0,0.06266891
0.0,0.055812765
0.0,0.07039209
0.0,0.064300045
0.0,0.03492319
0.0,0.028057463
0.0,0.053161882
0.0,0.042741954
1.0,0.061500683
0.0,0.051363267
0.0,0.043420114
0.0,0.067060255
0.0,0.030593
0.0,0.07345929
0.0,0.027655678
0.0,0.075575866
0.0,0.05307299
0.0,0.06652037
0.0,0.0764597
0.0,0.04468676
0.0,0.06807177
0.0,0.047041055
0.0,0.050828084
0.0,0.048121147
0.0,0.048947725
0.0,0.057291776
0.0,0.063074805
0.0,0.068339616
0.0,0.04421086
0.0,0.06846744
0.0,0.0615587
0.0,0.079279795
0.0,0.061266948
0.0,0.05315941
0.0,0.059438974
0.0,0.07494023
0.0,0.042066373
0.0,0.092259206
0.0,0.039600603
1.0,0.07713323
0.0,0.061766475
0.0,0.057668783
0.0,0.03302125
0.0,0.09245423
0.0,0.06499778
0.0,0.05370614
0.0,0.05308901
0.0,0.036271684
1.0,0.008046014
0.0,0.07802512
0.0,0.028567523
0.0,0.06916318
0.0,0.03537716
0.0,0.051613346
0.0,0.051454335
0.0,0.037913065
0.0,0.07650475
0.0,0.009830436
0.0,0.005507009
0.0,0.06956478
0.0,0.027443089
0.0,0.07507576
0.0,0.072394386
0.0,0.05984667
0.0,0.06800038
0.0,0.036918104
0.0,0.05959631
0.0,0.049430467
0.0,0.042455304
0.0,0.07449138
0.0,0.069355525
0.0,0.058325853
0.0,0.075957365
0.0,0.024373619
0.0,0.08335774
0.0,0.07911145
0.0,0.08829553
0.0,0.07601053
0.0,0.07963644
0.0,0.049759798
1.0,0.040510323
0.0,0.05086928
0.0,0.059959356
0.0,0.0757016
1.0,0.049212217
0.0,0.084400356
0.0,0.051276345
0.0,0.05739221
0.0,0.047278635
0.0,0.049138073
0.0,0.06994178
1.0,0.061200637
0.0,0.07462963
0.0,0.11387986
0.0,0.061100926
0.0,0.051712677
0.0,0.07660373
0.0,0.06671476
0.0,0.0707355
0.0,0.07299735
0.0,0.0937309
0.0,0.06779927
3.0,0.0709846
0.0,0.05328117
0.0,0.030997341
0.0,0.037942044
0.0,0.06974181
0.0,0.0561305
0.0,0.050982002
0.0,0.043353945
0.0,0.06741746
0.0,0.06700293
0.0,0.009097136
0.0,0.06408651
0.0,0.042919993
0.0,0.043786325
0.0,0.06206499
0.0,0.037255984
0.0,0.05077743
0.0,0.09623624
0.0,0.057164285
0.0,0.044205576
0.0,0.076855674
0.0,0.05524551
0.0,0.069963224
0.0,0.062037904
0.0,0.050343208
0.0,0.058423817
0.0,0.06673937
0.0,0.067816585
0.0,0.058486227
0.0,0.03476954
0.0,0.048135582
0.0,0.0579549
0.0,0.06334344
1.0,0.03094259
0.0,0.041595362
0.0,0.08409251
1.0,0.02574654
0.0,0.051208917
0.0,0.047088925
0.0,0.07314541
0.0,0.043151185
0.0,0.048667993
0.0,0.05534015
0.0,0.046452776
0.0,0.045782603
0.0,0.039110698
0.0,0.08113963
0.0,0.07476412
0.0,0.071842134
0.0,0.050494835
0.0,0.050600767
0.0,0.0035732859
0.0,0.052566934
0.0,0.05251674
0.0,0.053529076
0.0,0.041411467
0.0,0.06120424
0.0,0.051846486
0.0,0.08501927
0.0,0.07364198
0.0,0.047702827
0.0,0.04753262
0.0,0.04447428
0.0,0.04692713
0.0,0.036853924
0.0,0.05209373
0.0,0.029946074
0.0,0.052911486
0.0,0.04086228
0.0,0.039975572
0.0,0.04327622
0.0,0.053540166
0.0,0.03615175
0.0,0.069000706
0.0,0.037032656
0.0,0.07121463
1.0,0.05583398
0.0,0.033843633
0.0,0.05605002
0.0,0.032522235
0.0,0.062638134
0.0,0.058942046
0.0,0.074913464
0.0,0.08384971
0.0,0.06462852
0.0,0.09530546
0.0,0.06433819
0.0,0.072342776
0.0,0.063651234
0.0,0.04902342
0.0,0.049641076
0.0,0.05229031
0.0,0.04304307
0.0,0.05219347
0.0,0.07199644
0.0,0.045074627
0.0,0.05801429
0.0,0.08012395
0.0,0.04816202
0.0,0.040985063
0.0,0.08054285
0.0,0.08879357
0.0,0.00740479
0.0,0.05098521
0.0,0.03486183
0.0,0.051676217
0.0,0.040140472
0.0,0.07495722
0.0,0.041788943
0.0,0.024996042
0.0,0.044176288
0.0,0.06020791
0.0,0.060309384
0.0,0.062262867
0.0,0.08489678
0.0,0.062204704
0.0,0.036064275
1.0,0.08010722
0.0,0.070704
0.0,0.07491493
0.0,0.06991769
0.0,0.035445772
0.0,0.04305066
0.0,0.07085951
0.0,0.08300172
0.0,0.08814123
0.0,0.06957056
0.0,0.074452154
0.0,0.043834645
1.0,0.060598485
0.0,0.009217409
0.0,0.07692703
0.0,0.06391477
0.0,0.032653026
0.0,0.06599191
0.0,0.05768497
0.0,0.06549978
0.0,0.046531335
0.0,0.045867365
0.0,0.033061393
1.0,0.041395377
0.0,0.051753502
0.0,0.047126435
0.0,0.043538664
1.0,0.055721328
0.0,0.043929897
0.0,0.07219942
0.0,0.04640725
0.0,0.04309842
0.0,0.077291325
0.0,0.047618873
0.0,0.050646357
1.0,0.078971624
0.0,0.08977328
0.0,0.11473845
0.0,0.031065
0.0,0.05898159
0.0,0.071219385
0.0,0.036589205
0.0,0.03596894
0.0,0.056478314
0.0,0.0579654
0.0,0.08007499
0.0,0.08665996
1.0,0.057185538
0.0,0.068656996
0.0,0.0691762
0.0,0.049460977
0.0,0.031480007
0.0,0.049327478
0.0,0.059950035
0.0,0.07385748
0.0,0.057328533
0.0,0.05862564
0.0,0.051396843
0.0,0.038188808
0.0,0.049894277
0.0,0.056791216
0.0,0.07368798
0.0,0.0539335
0.0,0.008025078
0.0,0.047364302
0.0,0.09879199
0.0,0.05120649
0.0,0.009373882
0.0,0.04003753
0.0,0.051689923
0.0,0.06938346
1.0,0.08701426
0.0,0.032004688
0.0,0.031909414
0.0,0.039528817
0.0,0.079664834
0.0,0.044285506
0.0,0.05065353
0.0,0.042493433
0.0,0.05308481
0.0,0.07818569
0.0,0.065502435
0.0,0.054735597
0.0,0.057345647
0.0,0.057337157
1.0,0.07430346
0.0,0.03764507
0.0,0.059311084
1.0,0.052709628
0.0,0.041728593
0.0,0.059912384
0.0,0.06004944
0.0,0.08039012
0.0,0.09635112
0.0,0.06813001
0.0,0.043315776
0.0,0.050537772
0.0,0.099551275
0.0,0.07421344
0.0,0.060836907
0.0,0.049584348
0.0,0.0564265
0.0,0.05885685
0.0,0.096095696
0.0,0.06488953
0.0,0.093370765
0.0,0.057712633
2.0,0.009443723
0.0,0.062229875
1.0,0.03258107
0.0,0.10318263
0.0,0.037445642
0.0,0.050128527
0.0,0.062398188
0.0,0.07927929
0.0,0.006028086
0.0,0.06842617
0.0,0.04842208
0.0,0.08135979
0.0,0.030740364
0.0,0.074260235
0.0,0.065491065
0.0,0.04253994
0.0,0.03913678
0.0,0.050746277
0.0,0.044145226
0.0,0.045539975
0.0,0.03694827
0.0,0.008364704
0.0,0.04818336
0.0,0.03282765
0.0,0.050498147
0.0,0.032557353
0.0,0.049198113
0.0,0.043571375
0.0,0.043925434
0.0,0.047655128
0.0,0.059061896
0.0,0.035970777
0.0,0.09681472
0.0,0.04320864
0.0,0.04551638
0.0,0.0384044
0.0,0.053344697
1.0,0.03238131
0.0,0.06032234
0.0,0.040803693
0.0,0.052846193
0.0,0.0737945
0.0,0.051024735
0.0,0.05755877
0.0,0.054099727
0.0,0.060595147
0.0,0.08223072
0.0,0.054041754
0.0,0.06683168
0.0,0.038533464
0.0,0.03871065
0.0,0.08239682
0.0,0.06804764
0.0,0.033031896
1.0,0.03305333
0.0,0.07099147
0.0,0.05595526
0.0,0.0519707
0.0,0.06363764
0.0,0.03772816
0.0,0.06993089
0.0,0.04889482
0.0,0.03662589
0.0,0.07551449
0.0,0.03992524
0.0,0.051318392
0.0,0.057063345
0.0,0.081991464
0.0,0.055324268
0.0,0.060496137
0.0,0.05801779
0.0,0.074679144
0.0,0.041359745
0.0,0.05148397
0.0,0.049163617
0.0,0.04392451
0.0,0.11625171
2.0,0.03792943
0.0,0.0796093
0.0,0.040984992
0.0,0.10254162
0.0,0.06316669
0.0,0.041230887
0.0,0.05558662
0.0,0.03933304
0.0,0.055902433
0.0,0.05126373
0.0,0.037204757
0.0,0.083367
0.0,0.051531654
0.0,0.06567927
0.0,0.008151797
0.0,0.086160555
0.0,0.047545362
0.0,0.0414297
0.0,0.072548285
0.0,0.080263875
0.0,0.069679335
0.0,0.069795385
0.0,0.073425755
0.0,0.083970465
0.0,0.005798611
0.0,0.054821167
0.0,0.05744219
0.0,0.052657247
0.0,0.036249787
0.0,0.072247714
0.0,0.045973532
0.0,0.03137159
0.0,0.08637919
0.0,0.07091129
0.0,0.07812761
0.0,0.061729982
0.0,0.07047644
0.0,0.055436473
0.0,0.08686875
0.0,0.0601675
0.0,0.043475773
0.0,0.06805968
0.0,0.049154185
0.0,0.08994729
0.0,0.057067655
0.0,0.084706284
0.0,0.090669364
0.0,0.05297096
0.0,0.0905459
0.0,0.035756867
0.0,0.07949438
0.0,0.076316476
0.0,0.080140956
0.0,0.037121832
0.0,0.056437597
0.0,0.04768245
0.0,0.05959263
1.0,0.06996181
0.0,0.07017156
0.0,0.04546084
0.0,0.063349165
0.0,0.07228228
0.0,0.070878774
0.0,0.03981077
0.0,0.041207496
0.0,0.035753395
0.0,0.05794172
0.0,0.0902434
0.0,0.057679508
0.0,0.052555494
0.0,0.07826889
0.0,0.08300821
0.0,0.07609632
0.0,0.07038026
0.0,0.04785353
0.0,0.06971741
0.0,0.07696463
0.0,0.060654685
0.0,0.09332058
0.0,0.04749978
1.0,0.053066347
0.0,0.061529063
0.0,0.0538116
0.0,0.035583843
0.0,0.039009303
0.0,0.07260118
0.0,0.08247481
0.0,0.06432234
0.0,0.06904617
0.0,0.054784987
0.0,0.04714163
0.0,0.04371381
0.0,0.058778137
0.0,0.049356297
0.0,0.098756105
0.0,0.06253995
0.0,0.049801126
0.0,0.054554228
0.0,0.04937002
0.0,0.06642965
0.0,0.06954396
0.0,0.05106694
0.0,0.05495791
0.0,0.07354859
0.0,0.05958577
0.0,0.08227054
0.0,0.10205071
0.0,0.063160606
0.0,0.091006935
0.0,0.056547597
0.0,0.03311289
0.0,0.062985346
0.0,0.054618116
0.0,0.03766661
0.0,0.06275845
0.0,0.042985044
0.0,0.07034426
0.0,0.0377997
0.0,0.06520595
0.0,0.08134785
0.0,0.08717014
0.0,0.04590214
0.0,0.03864927
0.0,0.056601107
0.0,0.06493588
0.0,0.042808652
0.0,0.055906843
0.0,0.04013391
0.0,0.04572975
0.0,0.0867546
0.0,0.049215972
0.0,0.04487562
0.0,0.074457355
0.0,0.030221533
1.0,0.056788657
0.0,0.06911811
0.0,0.05494959
0.0,0.051053867
0.0,0.047695287
0.0,0.07354102
0.0,0.050426237
0.0,0.02355777
0.0,0.07699154
0.0,0.06845148
0.0,0.07296919
0.0,0.077092655
0.0,0.043629423
0.0,0.04725051
0.0,0.0797979
0.0,0.042507578
0.0,0.061957743
0.0,0.0677447
0.0,0.0458687
0.0,0.056950264
0.0,0.049307957
0.0,0.050606813
0.0,0.04911554
0.0,0.040502954
0.0,0.048185106
0.0,0.046206247
0.0,0.04027524
0.0,0.009963859
0.0,0.09811802
0.0,0.07305015
0.0,0.05889649
0.0,0.05599172
0.0,0.04547912
0.0,0.034913383
0.0,0.00423468
0.0,0.0525942
0.0,0.086920455
0.0,0.07566984
0.0,0.047680765
0.0,0.07889971
0.0,0.07383181
0.0,0.033212252
0.0,0.008996682
0.0,0.06273944
0.0,0.0709001
0.0,0.09622543
0.0,0.038358692
0.0,0.07170131
0.0,0.042147912
0.0,0.05740729
0.0,0.03840452
0.0,0.05122771
0.0,0.05839705
0.0,0.06940932
0.0,0.027299307
0.0,0.03966431
0.0,0.11484277
0.0,0.064449504
0.0,0.041338213
0.0,0.025386937
0.0,0.06771822
0.0,0.04948256
0.0,0.07684351
0.0,0.0725653
0.0,0.0921853
0.0,0.04590362
0.0,0.040466353
0.0,0.08160379
0.0,0.07217195
0.0,0.046718754
0.0,0.044186927
0.0,0.06714562
0.0,0.048150323
0.0,0.046749398
0.0,0.05398813
2.0,0.033304624
0.0,0.054317202
0.0,0.09500796
0.0,0.04626114
0.0,0.0410307
0.0,0.08174619
0.0,0.059167743
0.0,0.055311922
0.0,0.0581551
0.0,0.052820258
0.0,0.050990887
0.0,0.04283925
1.0,0.04304931
0.0,0.052057784
0.0,0.0640619
0.0,0.0628055
0.0,0.044427935
0.0,0.038922366
0.0,0.0661161
0.0,0.058989283
0.0,0.05921962
0.0,0.052703544
0.0,0.0742194
0.0,0.034576036
0.0,0.068732105
0.0,0.043808203
0.0,0.05647576
0.0,0.08466227
0.0,0.053983018
0.0,0.080096565
0.0,0.04682219
0.0,0.050293382
0.0,0.055025786
0.0,0.052035075
0.0,0.07158452
0.0,0.04235193
0.0,0.036354236
0.0,0.046908192
0.0,0.0560147
0.0,0.030903324
0.0,0.052751932
0.0,0.08398774
0.0,0.07138898
0.0,0.061742242
0.0,0.050545715
0.0,0.06239685
0.0,0.036860112
0.0,0.04890973
0.0,0.06572077
0.0,0.08636947
0.0,0.04731129
0.0,0.054594696
0.0,0.05390265
0.0,0.041264303
0.0,0.04758739
0.0,0.03195785
0.0,0.04237177
0.0,0.06282091
0.0,0.053919
0.0,0.07490587
0.0,0.04226108
0.0,0.07730082
0.0,0.046762817
1.0,0.06366688
0.0,0.06872452
0.0,0.06975375
0.0,0.050757945
0.0,0.045806002
0.0,0.055803318
0.0,0.06095076
0.0,0.04260862
0.0,0.0802812
0.0,0.043622036
0.0,0.055371113
0.0,0.070576556
0.0,0.06038607
0.0,0.048507646
0.0,0.05637263
0.0,0.026655063
0.0,0.053775214
0.0,0.043774217
0.0,0.060523864
0.0,0.09068702
0.0,0.04669028
0.0,0.046719
0.0,0.06356311
0.0,0.055965148
0.0,0.07960148
0.0,0.04901573
0.0,0.0854203
0.0,0.045719568
0.0,0.02970209
0.0,0.09626995
0.0,0.06402707
0.0,0.0454121
0.0,0.07319108
0.0,0.049771722
0.0,0.044940002
0.0,0.077683024
0.0,0.06307435
0.0,0.025013546
0.0,0.035112925
0.0,0.033448942
0.0,0.06523179
0.0,0.06174046
0.0,0.051841516
0.0,0.036980916
0.0,0.05579105
0.0,0.03560943
0.0,0.067594245
0.0,0.059017897
0.0,0.047825802
0.0,0.058370925
0.0,0.0427712
0.0,0.052713007
0.0,0.008090534
0.0,0.060565956
0.0,0.06302937
0.0,0.09947329
0.0,0.06707582
0.0,0.04240068
1.0,0.032719858
0.0,0.04188609
0.0,0.07397469
0.0,0.03908939
0.0,0.040985305
0.0,0.048077866
1.0,0.049904816
0.0,0.0736705
1.0,0.06801507
0.0,0.067068204
0.0,0.08973707
0.0,0.10065286
0.0,0.03689076
0.0,0.05330648
0.0,0.06419946
0.0,0.07218153
0.0,0.05196991
0.0,0.06116773
0.0,0.02929895
0.0,0.11108518
0.0,0.024702355
0.0,0.07855137
0.0,0.056851298
0.0,0.10611349
0.0,0.070078015
0.0,0.055304803
0.0,0.06663302
0.0,0.054254703
0.0,0.018539695
0.0,0.07131785
0.0,0.09786227
0.0,0.009020584
0.0,0.07004123
0.0,0.060501847
0.0,0.06475617
0.0,0.10574058
0.0,0.053219277
0.0,0.038010605
0.0,0.057819575
0.0,0.08172818
0.0,0.047102634
0.0,0.09652391
0.0,0.045645766
0.0,0.0668826
0.0,0.053450085
0.0,0.07040577
0.0,0.052463375
0.0,0.043526262
0.0,0.054226354
0.0,0.060322225
0.0,0.07756676
0.0,0.049417645
0.0,0.048510026
0.0,0.06647702
0.0,0.06779442
0.0,0.05176483
0.0,0.060443904
1.0,0.054006577
0.0,0.038404986
0.0,0.058697697
0.0,0.050825674
0.0,0.053052206
0.0,0.06861971
0.0,0.051238023
0.0,0.049764164
0.0,0.06443746
0.0,0.05759564
0.0,0.065504014
0.0,0.051566828
0.0,0.07220054
0.0,0.048507392
0.0,0.048459303
0.0,0.08649773
0.0,0.05360315
0.0,0.06192704
0.0,0.066112444
0.0,0.06063508
0.0,0.05073689
0.0,0.06803457
0.0,0.02594309
0.0,0.08003033
0.0,0.09211004
1.0,0.04936216
0.0,0.04851373
0.0,0.036282677
0.0,0.07844323
0.0,0.05756526
0.0,0.019579697
0.0,0.061785035
0.0,0.072683655
0.0,0.029296575
0.0,0.084938854
1.0,0.057415377
0.0,0.04748328
1.0,0.054343626
0.0,0.04866462
0.0,0.040823944
0.0,0.046506613
0.0,0.022245396
0.0,0.11242321
0.0,0.037424546
0.0,0.035683207
0.0,0.097509965
0.0,0.06530815
0.0,0.027587425
0.0,0.034941893
0.0,0.066103466
0.0,0.04481347
0.0,0.041612558
0.0,0.07303999
0.0,0.04181997
0.0,0.060099714
0.0,0.072281
0.0,0.07157111
0.0,0.051041488
0.0,0.05771145
0.0,0.03841952
0.0,0.057116576
0.0,0.069217175
0.0,0.08662747
0.0,0.08080754
0.0,0.08501927
0.0,0.07911522
0.0,0.055277802
0.0,0.042906083
0.0,0.06877931
0.0,0.03832889
0.0,0.073768646
1.0,0.054756742
1.0,0.08492525
0.0,0.005196661
0.0,0.05843647
0.0,0.048311964
0.0,0.057133995
0.0,0.07911443
0.0,0.06241799
0.0,0.045250136
0.0,0.03816254
0.0,0.08637868
0.0,0.063288994
0.0,0.06575031
0.0,0.056323513
0.0,0.05367044
0.0,0.0613297
0.0,0.06256235
0.0,0.08584017
0.0,0.060550377
0.0,0.115663774
0.0,0.029663116
0.0,0.077913485
0.0,0.04786056
0.0,0.07838352
0.0,0.041297726
1.0,0.04291482
1.0,0.040908366
0.0,0.059694164
0.0,0.04728531
0.0,0.061836068
0.0,0.04824776
0.0,0.05566646
0.0,0.047002196
0.0,0.0078267995
0.0,0.031826336
0.0,0.05775938
0.0,0.06526408
0.0,0.07072644
0.0,0.041899502
0.0,0.07831761
0.0,0.09851003
0.0,0.07532453
0.0,0.047833752
0.0,0.07386878
0.0,0.08069802
0.0,0.055532828
0.0,0.06721431
0.0,0.045604743
1.0,0.048296716
0.0,0.048033174
0.0,0.06696912
0.0,0.013199635
0.0,0.06303797
0.0,0.07567626
1.0,0.11782795
0.0,0.04212793
0.0,0.06371842
0.0,0.072140396
0.0,0.05655067
0.0,0.052128453
0.0,0.043373607
0.0,0.069453634
0.0,0.053871095
0.0,0.079493985
0.0,0.028552461
0.0,0.056096304
0.0,0.034338254
0.0,0.04692975
0.0,0.067981854
0.0,0.07007635
0.0,0.04695949
0.0,0.0069807786
0.0,0.038376786
0.0,0.03345305
0.0,0.067891195
0.0,0.08271793
0.0,0.060971994
0.0,0.058612082
0.0,0.065195255
0.0,0.06104187
0.0,0.05300856
1.0,0.07974227
0.0,0.05315751
0.0,0.051045004
0.0,0.071697414
0.0,0.07081918
0.0,0.05738364
0.0,0.06372577
0.0,0.07095949
0.0,0.051524527
0.0,0.08607048
0.0,0.07840385
0.0,0.05581082
0.0,0.028945936
0.0,0.0847176
0.0,0.07495399
0.0,0.05253713
0.0,0.036243547
0.0,0.024722949
1.0,0.06931707
0.0,0.047498703
1.0,0.07042199
0.0,0.044288144
0.0,0.0875663
0.0,0.06202749
0.0,0.05629497
0.0,0.048846617
0.0,0.05461028
0.0,0.057172343
0.0,0.05233128
0.0,0.03998722
0.0,0.045292683
0.0,0.04239783
0.0,0.06667178
0.0,0.06636342
0.0,0.048664503
0.0,0.050253123
0.0,0.074325986
0.0,0.015143988
0.0,0.04834742
0.0,0.056349706
0.0,0.06408897
0.0,0.04699572
0.0,0.044451423
0.0,0.06933168
0.0,0.040737495
0.0,0.041459166
0.0,0.07724789
0.0,0.03743325
0.0,0.052435502
0.0,0.06346784
0.0,0.059073206
0.0,0.040588584
0.0,0.05519651
0.0,0.061417613
0.0,0.06444932
0.0,0.07260374
0.0,0.047388077
0.0,0.038218986
0.0,0.080315486
0.0,0.062123824
0.0,0.058874518
0.0,0.08213708
0.0,0.051204853
0.0,0.06153481
0.0,0.04950989
0.0,0.042638756
0.0,0.0737195
0.0,0.0042825565
0.0,0.051427968
0.0,0.048263002
0.0,0.073294386
0.0,0.034877323
0.0,0.056508243
0.0,0.045279317
0.0,0.06474292
1.0,0.060301647
0.0,0.057179064
0.0,0.055621635
0.0,0.04879818
0.0,0.094410755
0.0,0.076083824
0.0,0.075243846
0.0,0.05596798
0.0,0.08650532
1.0,0.063445315
0.0,0.054092683
0.0,0.068361774
0.0,0.036484636
0.0,0.071153484
0.0,0.091774255
0.0,0.084910706
1.0,0.0804849
1.0,0.04965302
1.0,0.050548665
0.0,0.041786008
0.0,0.071138814
0.0,0.037964623
0.0,0.051630996
0.0,0.040097754
0.0,0.050930977
0.0,0.07399937
0.0,0.051219188
0.0,0.037519317
0.0,0.056142695
0.0,0.037761368
0.0,0.048377067
0.0,0.03495551
0.0,0.073201165
0.0,0.040143345
0.0,0.047777858
0.0,0.04152313
0.0,0.04326514
0.0,0.063598804
0.0,0.051356986
0.0,0.026183294
0.0,0.050148636
1.0,0.06524047
0.0,0.08969209
0.0,0.035573646
0.0,0.042487618
0.0,0.06665382
0.0,0.08070411
0.0,0.05425611
0.0,0.088935815
0.0,0.060262926
0.0,0.060925335
0.0,0.04344075
0.0,0.081772484
0.0,0.062225055
0.0,0.06765154
0.0,0.08056812
0.0,0.052666828
0.0,0.03862343
0.0,0.050055318
0.0,0.041609563
0.0,0.040534254
0.0,0.057145618
0.0,0.044366814
0.0,0.049018838
1.0,0.06849712
0.0,0.04549889
0.0,0.020990694
0.0,0.048196044
0.0,0.08630723
0.0,0.06363052
0.0,0.062032994
0.0,0.07000366
0.0,0.05311346
0.0,0.03916015
0.0,0.09514991
0.0,0.07463379
0.0,0.061400134
0.0,0.06972238
0.0,0.089443564
0.0,0.06720029
0.0,0.074072376
0.0,0.057389908
0.0,0.05085036
0.0,0.05611613
0.0,0.040900193
0.0,0.052399624
0.0,0.04146035
0.0,0.07371667
0.0,0.058874518
0.0,0.09106094
0.0,0.046894673
0.0,0.06729328
0.0,0.048125945
0.0,0.037104744
0.0,0.06457555
0.0,0.069138914
0.0,0.050367072
0.0,0.049704105
0.0,0.03243437
0.0,0.059073642
0.0,0.049807098
0.0,0.049434662
0.0,0.04217108
0.0,0.082745016
0.0,0.047401614
0.0,0.049469538
0.0,0.046229497
0.0,0.048770536
0.0,0.040640727
0.0,0.060770005
0.0,0.0394559
0.0,0.061541915
0.0,0.046438217
0.0,0.08049867
0.0,0.05550985
0.0,0.0555701
0.0,0.03738773
0.0,0.046613038
0.0,0.06187403
0.0,0.04481742
0.0,0.04211151
0.0,0.087406576
0.0,0.044426326
0.0,0.06925486
0.0,0.0460357
0.0,0.04042778
0.0,0.06538014
0.0,0.035455756
0.0,0.03422848
0.0,0.053621173
0.0,0.05012212
0.0,0.06216239
0.0,0.06625295
0.0,0.035412576
0.0,0.06178614
0.0,0.049560037
0.0,0.054265194
0.0,0.020547574
0.0,0.08118594
0.0,0.049602143
1.0,0.047874596
0.0,0.048761327
0.0,0.053087912
0.0,0.049633373
0.0,0.04040151
0.0,0.045650803
0.0,0.06882705
0.0,0.05531874
0.0,0.044864334
1.0,0.032123096
1.0,0.045831498
1.0,0.03860104
0.0,0.07308736
0.0,0.053211577
0.0,0.04570154
0.0,0.047502473
0.0,0.04949744
0.0,0.062157646
0.0,0.06916312
1.0,0.04251688
0.0,0.06963816
1.0,0.07721817
0.0,0.048195653
0.0,0.07666896
0.0,0.09791511
0.0,0.03666531
0.0,0.059640035
0.0,0.0783766
0.0,0.055027176
0.0,0.096562535
0.0,0.044138566
0.0,0.05702007
0.0,0.06612764
0.0,0.06956366
0.0,0.04673227
0.0,0.036379226
0.0,0.039048422
0.0,0.050672807
0.0,0.047536112
0.0,0.04657158
0.0,0.06618455
0.0,0.054591585
0.0,0.087587856
0.0,0.083213575
0.0,0.04531633
0.0,0.04046783
0.0,0.049214046
1.0,0.06352007
0.0,0.03816043
0.0,0.06540755
0.0,0.06057172
0.0,0.081156656
0.0,0.04601801
0.0,0.07715368
0.0,0.025860012
0.0,0.05863442
0.0,0.04725592
0.0,0.0046896283
0.0,0.052964203
0.0,0.045353882
0.0,0.067106
1.0,0.08537663
0.0,0.030008519
0.0,0.056370493
0.0,0.043997712
0.0,0.082111835
0.0,0.07582891
0.0,0.06919028
0.0,0.037679583
0.0,0.0502381
0.0,0.050715532
0.0,0.050185308
0.0,0.099363685
0.0,0.04193637
0.0,0.045537196
0.0,0.06164615
0.0,0.05355886
1.0,0.04941893
0.0,0.045437574
0.0,0.0873537
0.0,0.06177253
0.0,0.031611234
0.0,0.08269918
0.0,0.05414125
0.0,0.03565108
0.0,0.083566114
0.0,0.05176483
0.0,0.041805238
0.0,0.051901113
0.0,0.080739744
0.0,0.06934666
0.0,0.06316416
0.0,0.03627901
0.0,0.05840875
0.0,0.046122424
0.0,0.041907545
0.0,0.052016024
0.0,0.04851647
0.0,0.035863478
0.0,0.07045987
0.0,0.043625686
1.0,0.049216513
1.0,0.046867646
0.0,0.11178882
0.0,0.06370819
0.0,0.05317846
1.0,0.04495155
0.0,0.03919914
1.0,0.043148108
2.0,0.0075145084
0.0,0.048532795
0.0,0.050097402
0.0,0.07864472
0.0,0.055645537
0.0,0.060830295
0.0,0.042555034
0.0,0.07520841
0.0,0.07656917
0.0,0.042316705
0.0,0.06404148
1.0,0.044840146
0.0,0.04217463
0.0,0.073658556
0.0,0.042919844
0.0,0.044045508
0.0,0.04599563
1.0,0.062610604
0.0,0.07779909
0.0,0.06781422
0.0,0.05618695
0.0,0.053700313
0.0,0.058153033
0.0,0.09669807
0.0,0.050191097
0.0,0.050218113
0.0,0.050479922
0.0,0.05162376
0.0,0.07531104
0.0,0.039156713
0.0,0.0800438
0.0,0.0378508
0.0,0.06435372
0.0,0.0285863
0.0,0.092578486
0.0,0.06388733
0.0,0.04676436
0.0,0.052104745
0.0,0.07798325
0.0,0.07784182
0.0,0.06439344
1.0,0.047079384
0.0,0.07496038
0.0,0.07841701
0.0,0.046180584
0.0,0.064288594
0.0,0.039495528
0.0,0.074840985
0.0,0.046205476
0.0,0.03849507
0.0,0.060368884
0.0,0.07235744
0.0,0.0644287
0.0,0.07917785
0.0,0.057161927
0.0,0.08414751
0.0,0.048363987
0.0,0.003270641
0.0,0.0559529
0.0,0.041343056
0.0,0.056173313
0.0,0.06505332
0.0,0.051435776
1.0,0.085473195
0.0,0.06193395
0.0,0.07085556
0.0,0.04988206
0.0,0.07208543
0.0,0.080340646
0.0,0.07291373
1.0,0.040450428
0.0,0.03807808
0.0,0.04341348
0.0,0.0509374
0.0,0.07385549
0.0,0.041628554
0.0,0.059442814
0.0,0.08068061
0.0,0.06989904
0.0,0.04898872
0.0,0.04033921
0.0,0.06377248
0.0,0.051577307
0.0,0.085260525
0.0,0.038324613
0.0,0.070029944
0.0,0.075368635
0.0,0.05389597
0.0,0.107113354
0.0,0.07959457
0.0,0.051333982
0.0,0.07291606
0.0,0.08160873
0.0,0.087990135
0.0,0.074490845
0.0,0.115249306
0.0,0.036282368
0.0,0.04800895
0.0,0.048333004
0.0,0.062847264
0.0,0.063575715
0.0,0.05806186
0.0,0.06763477
0.0,0.04955654
0.0,0.02794985
0.0,0.054291595
0.0,0.06005312
0.0,0.041420374
0.0,0.05093333
0.0,0.04697193
0.0,0.046859816
0.0,0.047081053
0.0,0.06725101
0.0,0.041615687
0.0,0.045591548
0.0,0.040755633
0.0,0.06732097
0.0,0.06589486
0.0,0.047533892
0.0,0.04443699
0.0,0.036068883
0.0,0.062635124
0.0,0.05051066
0.0,0.055267315
0.0,0.008843748
0.0,0.06858298
0.0,0.08130233
0.0,0.092155635
0.0,0.02546705
0.0,0.0062411427
0.0,0.03660698
0.0,0.056156002
0.0,0.06802197
0.0,0.08203775
0.0,0.048195966
0.0,0.043920353
0.0,0.05029481
0.0,0.05633192
0.0,0.04526643
0.0,0.055884056
0.0,0.05072834
0.0,0.07599314
0.0,0.09458392
0.0,0.038158946
0.0,0.034430753
0.0,0.049793858
0.0,0.008652099
0.0,0.039202
1.0,0.03962361
0.0,0.048949257
0.0,0.056175094
0.0,0.070115015
0.0,0.08525873
0.0,0.08226164
0.0,0.039627492
0.0,0.053133458
0.0,0.07392335
0.0,0.031746186
0.0,0.043537013
0.0,0.06015079
0.0,0.044213004
0.0,0.045496956
0.0,0.04804293
0.0,0.087190196
0.0,0.03945093
0.0,0.04436796
0.0,0.04821855
0.0,0.0593853
0.0,0.03339603
0.0,0.054050423
0.0,0.07624384
0.0,0.06052502
0.0,0.08919643
0.0,0.058327645
0.0,0.06671925
0.0,0.044340372
0.0,0.05726041
0.0,0.07379915
0.0,0.043769907
0.0,0.060691427
0.0,0.0474884
0.0,0.0652702
0.0,0.04248727
0.0,0.09011094
0.0,0.044498153
0.0,0.05928896
0.0,0.06297482
0.0,0.09210165
0.0,0.08208909
0.0,0.104138754
1.0,0.038633727
0.0,0.031818993
0.0,0.09762073
0.0,0.05774897
0.0,0.084470674
0.0,0.058280468
0.0,0.09751103
0.0,0.04701967
0.0,0.048452996
0.0,0.062397696
0.0,0.1011511
0.0,0.056539994
0.0,0.046922207
0.0,0.042723503
0.0,0.063929886
0.0,0.08220133
1.0,0.04356187
0.0,0.061354168
0.0,0.040001657
0.0,0.053012617
0.0,0.10000996
0.0,0.071886785
0.0,0.07187836
0.0,0.066999085
0.0,0.073677875
0.0,0.050729137
0.0,0.059545737
1.0,0.051406097
0.0,0.0500041
0.0,0.04802185
0.0,0.040062472
0.0,0.05474998
0.0,0.060620565
0.0,0.020303309
0.0,0.05357209
0.0,0.059334863
0.0,0.049085967
0.0,0.039430182
0.0,0.051481735
0.0,0.08065496
0.0,0.040547013
0.0,0.037833728
0.0,0.046422973
0.0,0.055734813
0.0,0.04687024
0.0,0.07980465
0.0,0.04224618
0.0,0.06180905
1.0,0.062978856
0.0,0.06530756
0.0,0.04780037
0.0,0.055499036
0.0,0.068676
0.0,0.0671341
0.0,0.044515133
0.0,0.08513509
0.0,0.0032774776
0.0,0.086648494
1.0,0.049858876
0.0,0.044187862
0.0,0.066431634
0.0,0.08009362
1.0,0.073070355
0.0,0.0500473
0.0,0.049608886
0.0,0.09579283
0.0,0.05839736
0.0,0.09359537
1.0,0.067033656
0.0,0.03611152
0.0,0.043023605
1.0,0.10126277
0.0,0.03833057
0.0,0.052700944
0.0,0.058674134
0.0,0.070360295
0.0,0.072274216
0.0,0.03622323
0.0,0.058710616
0.0,0.042581595
0.0,0.074605286
0.0,0.06347846
0.0,0.03409893
0.0,0.043975983
0.0,0.07895599
0.0,0.04088606
0.0,0.057400268
0.0,0.05059529
0.0,0.041164998
0.0,0.059430484
0.0,0.043271177
0.0,0.080068536
0.0,0.052032284
0.0,0.07734451
0.0,0.04121457
0.0,0.066839024
1.0,0.08437798
0.0,0.057480507
0.0,0.06767224
1.0,0.06429051
0.0,0.05868618
0.0,0.06371474
0.0,0.042209223
0.0,0.05784474
0.0,0.0694054
0.0,0.081747144
1.0,0.034543645
0.0,0.081142455
0.0,0.08512563
0.0,0.055179782
0.0,0.05460757
0.0,0.04431308
0.0,0.07587738
0.0,0.04099418
0.0,0.047501445
0.0,0.042065933
0.0,0.11482755
0.0,0.058008894
0.0,0.061396237
0.0,0.057083767
0.0,0.064990245
0.0,0.06707925
0.0,0.060848918
0.0,0.03264747
0.0,0.033870965
0.0,0.043317564
0.0,0.063796066
0.0,0.054535985
0.0,0.047040034
0.0,0.110914715
0.0,0.04173255
1.0,0.050160542
0.0,0.04729169
0.0,0.073565364
0.0,0.081487656
0.0,0.052025896
0.0,0.054152314
0.0,0.036720958
0.0,0.047110833
0.0,0.004006402
0.0,0.056732494
0.0,0.092286155
0.0,0.059932657
0.0,0.076867074
0.0,0.040893212
0.0,0.05654993
0.0,0.033230335
0.0,0.026781045
0.0,0.074543595
0.0,0.050973736
0.0,0.027217414
0.0,0.057835557
0.0,0.04115122
0.0,0.036655135
1.0,0.077542834
0.0,0.055278514
0.0,0.05892156
0.0,0.06647747
0.0,0.060167212
0.0,0.044396594
0.0,0.036239892
0.0,0.041100714
0.0,0.042632457
0.0,0.06290942
0.0,0.045900445
0.0,0.066975765
0.0,0.053381238
0.0,0.055666886
0.0,0.03444093
0.0,0.059699457
0.0,0.0771197
0.0,0.061693933
0.0,0.06822195
0.0,0.049562328
0.0,0.0677722
0.0,0.04841152
0.0,0.05498495
0.0,0.04353963
0.0,0.051004566
0.0,0.05290862
0.0,0.07602598
0.0,0.058053337
0.0,0.034341965
0.0,0.02956843
0.0,0.055935323
0.0,0.0556371
0.0,0.037742034
0.0,0.07536655
0.0,0.06632065
0.0,0.06393896
0.0,0.05693522
0.0,0.09147973
0.0,0.07733984
0.0,0.06794771
0.0,0.06485227
0.0,0.048872173
0.0,0.08137432
0.0,0.041373417
0.0,0.058395825
0.0,0.094238155
0.0,0.054628417
0.0,0.09530889
0.0,0.06498646
0.0,0.04428006
0.0,0.037154894
0.0,0.0389092
0.0,0.057827283
0.0,0.051817235
0.0,0.062755
0.0,0.040123478
0.0,0.049391955
0.0,0.050933503
0.0,0.049683798
0.0,0.048359215
0.0,0.043132506
0.0,0.07040211
0.0,0.0701899
0.0,0.007181662
0.0,0.059469335
0.0,0.060662538
0.0,0.07166056
0.0,0.07153145
2.0,0.09781578
1.0,0.061193794
0.0,0.04346087
0.0,0.061298374
0.0,0.039604284
1.0,0.08153694
0.0,0.019082539
1.0,0.06885174
0.0,0.080374636
0.0,0.07866344
0.0,0.05255944
0.0,0.036985308
0.0,0.06577356
0.0,0.08209817
0.0,0.021562912
0.0,0.088615954
0.0,0.061636273
0.0,0.039346933
0.0,0.06861729
0.0,0.073796615
1.0,0.044478446
0.0,0.053854927
0.0,0.052436214
0.0,0.04930596
0.0,0.045087107
0.0,0.07789333
0.0,0.064385734
0.0,0.052576497
0.0,0.045599647
0.0,0.04151295
0.0,0.06243
0.0,0.040147755
0.0,0.044697896
0.0,0.06750069
0.0,0.04087793
0.0,0.05261705
0.0,0.07010591
0.0,0.060886156
0.0,0.060485434
0.0,0.05321631
0.0,0.043974545
0.0,0.024415204
0.0,0.07814449
0.0,0.04342909
0.0,0.06966882
0.0,0.04320929
0.0,0.07558647
0.0,0.049120385
0.0,0.041895777
0.0,0.06173609
0.0,0.062273733
0.0,0.041064013
0.0,0.041609526
0.0,0.056849644
0.0,0.09540185
1.0,0.06582613
0.0,0.04792151
0.0,0.048577387
0.0,0.061431907
0.0,0.03881755
0.0,0.06417522
0.0,0.07305684
0.0,0.08746302
0.0,0.095218174
0.0,0.03763137
0.0,0.05214832
0.0,0.065405086
0.0,0.039957277
0.0,0.052472934
0.0,0.03955876
0.0,0.053766597
0.0,0.059549823
0.0,0.06033334
0.0,0.04682006
0.0,0.07734263
0.0,0.059982464
0.0,0.045193404
0.0,0.08617857
1.0,0.058574952
0.0,0.09110889
0.0,0.051249653
0.0,0.077131025
0.0,0.06280772
0.0,0.048582528
0.0,0.061890803
0.0,0.060230926
1.0,0.063466616
0.0,0.050773896
0.0,0.06980226
0.0,0.03712946
0.0,0.08134057
0.0,0.067061365
0.0,0.061993103
0.0,0.07374014
0.0,0.075669914
0.0,0.07037563
0.0,0.054632
1.0,0.04881127
0.0,0.03087419
0.0,0.04386168
0.0,0.051333506
0.0,0.0336365
0.0,0.028757134
0.0,0.04581142
0.0,0.040910512
0.0,0.055518
0.0,0.08117628
0.0,0.06136097
0.0,0.06918128
0.0,0.06421887
2.0,0.049856864
0.0,0.0810684
0.0,0.049176715
0.0,0.06672722
0.0,0.0777806
0.0,0.062202908
0.0,0.04850814
0.0,0.05062955
0.0,0.053008065
0.0,0.052638445
0.0,0.048304547
0.0,0.049683608
0.0,0.040853728
0.0,0.053851936
0.0,0.059349857
0.0,0.08234142
0.0,0.07541675
0.0,0.039139457
0.0,0.049808748
0.0,0.07162036
0.0,0.073694564
0.0,0.07520437
0.0,0.043953843
0.0,0.06901182
0.0,0.038527887
0.0,0.049363006
0.0,0.049134172
0.0,0.033148255
0.0,0.0550101
0.0,0.047936343
0.0,0.035055067
0.0,0.0781711
0.0,0.052011535
0.0,0.046247095
0.0,0.07368032
0.0,0.025240261
0.0,0.081078984
0.0,0.040647347
0.0,0.04547492
0.0,0.057729036
0.0,0.058653463
0.0,0.040231377
0.0,0.035893023
0.0,0.04249724
0.0,0.08458266
0.0,0.04261882
0.0,0.04810846
0.0,0.07618387
0.0,0.041189894
0.0,0.05916725
0.0,0.07673498
0.0,0.07804754
0.0,0.081737325
0.0,0.033854365
1.0,0.034792144
0.0,0.07320677
0.0,0.052692275
0.0,0.050121356
0.0,0.036725055
0.0,0.046628594
0.0,0.059469875
0.0,0.06025191
0.0,0.10235242
0.0,0.052305736
0.0,0.057416487
0.0,0.08126551
0.0,0.07875411
0.0,0.06132432
0.0,0.057609938
0.0,0.092790335
0.0,0.0660781
0.0,0.068126276
0.0,0.044128925
0.0,0.02536218
0.0,0.05403361
0.0,0.007791659
0.0,0.048421793
0.0,0.04234446
0.0,0.051906485
0.0,0.06036753
0.0,0.04643153
0.0,0.060726684
0.0,0.085327625
0.0,0.05314102
0.0,0.07484357
0.0,0.056556698
0.0,0.08775076
0.0,0.074980974
0.0,0.032144334
0.0,0.049731653
0.0,0.026912889
0.0,0.05518381
0.0,0.049530126
0.0,0.04868489
0.0,0.020221265
0.0,0.06976702
0.0,0.045827303
0.0,0.08543904
0.0,0.08780241
0.0,0.041384988
0.0,0.094211
1.0,0.104105316
0.0,0.08388806
0.0,0.076335035
0.0,0.036034826
0.0,0.044006817
0.0,0.036638588
0.0,0.10313592
0.0,0.037963055
0.0,0.048724115
1.0,0.049099285
0.0,0.067421705
0.0,0.039849952
0.0,0.048555363
0.0,0.072814465
0.0,0.06381762
0.0,0.046616815
0.0,0.07579544
0.0,0.072742246
0.0,0.061943416
0.0,0.07103038
0.0,0.08250107
0.0,0.06368293
0.0,0.066374734
0.0,0.07524921
0.0,0.07580419
1.0,0.04033091
0.0,0.008952383
0.0,0.056063186
0.0,0.05563787
0.0,0.08158369
0.0,0.058990788
0.0,0.034570448
0.0,0.06379336
0.0,0.054301046
1.0,0.04784111
0.0,0.043592393
0.0,0.038061433
0.0,0.034882803
0.0,0.05499343
0.0,0.045254853
0.0,0.08280649
0.0,0.03615305
0.0,0.06021447
0.0,0.051421076
0.0,0.050917815
0.0,0.07526762
0.0,0.049879752
0.0,0.051104028
0.0,0.02642992
0.0,0.08065271
0.0,0.040091425
0.0,0.05993573
0.0,0.059791878
0.0,0.06718448
0.0,0.06637155
0.0,0.07349703
0.0,0.060923576
0.0,0.04820241
0.0,0.034301188
0.0,0.08739211
1.0,0.059565175
0.0,0.076619335
0.0,0.06875344
0.0,0.049205974
0.0,0.042188708
0.0,0.057448804
0.0,0.05935317
0.0,0.053939212
0.0,0.02439849
0.0,0.06970674
0.0,0.06445697
0.0,0.06658368
0.0,0.06464032
0.0,0.050521113
0.0,0.060528036
0.0,0.050230496
0.0,0.050649278
0.0,0.076970026
0.0,0.059845902
0.0,0.058842637
1.0,0.059298206
0.0,0.0711448
0.0,0.060252324
0.0,0.051128414
0.0,0.049677815
1.0,0.07928411
0.0,0.05671958
0.0,0.053766906
0.0,0.054609444
0.0,0.04563038
0.0,0.038838647
0.0,0.053032387
0.0,0.04246222
0.0,0.06699448
0.0,0.07052441
0.0,0.09089199
0.0,0.040213577
0.0,0.039968245
0.0,0.04006423
0.0,0.052345008
0.0,0.067011066
0.0,0.061462715
0.0,0.055114307
0.0,0.045299746
0.0,0.06074493
0.0,0.06299876
0.0,0.0076500867
0.0,0.048450604
0.0,0.008246311
0.0,0.08817232
0.0,0.040038105
0.0,0.036167722
0.0,0.09169547
0.0,0.06442363
0.0,0.06655511
0.0,0.06248346
0.0,0.07397365
0.0,0.10704312
0.0,0.05695332
0.0,0.04640072
0.0,0.07773306
1.0,0.03441401
0.0,0.053090606
0.0,0.06385541
0.0,0.043659877
0.0,0.07717483
0.0,0.044597633
0.0,0.017672447
0.0,0.06874353
0.0,0.07735897
0.0,0.04403376
0.0,0.07036217
0.0,0.04620918
0.0,0.09032261
0.0,0.107360385
0.0,0.090568095
0.0,0.060162466
0.0,0.03785625
0.0,0.06436419
0.0,0.06323438
0.0,0.07060734
0.0,0.06469861
0.0,0.0820355
0.0,0.0049605477
1.0,0.078195386
0.0,0.05456587
0.0,0.031737786
1.0,0.047144756
0.0,0.050220065
0.0,0.052143756
0.0,0.067921184
0.0,0.05381079
0.0,0.07146905
1.0,0.04903457
0.0,0.06888845
0.0,0.028053049
2.0,0.04715041
0.0,0.045920487
0.0,0.07142918
0.0,0.045090385
0.0,0.046324693
0.0,0.05461736
0.0,0.085433014
0.0,0.059365824
0.0,0.06943605
0.0,0.06422356
0.0,0.043266978
0.0,0.029618036
0.0,0.05506269
0.0,0.05355762
0.0,0.044118796
0.0,0.043734994
0.0,0.02711235
0.0,0.04957411
0.0,0.075456694
0.0,0.04710489
0.0,0.06569852
0.0,0.06786495
0.0,0.063637346
0.0,0.050076373
0.0,0.07580277
0.0,0.082873665
0.0,0.03985502
0.0,0.073264964
0.0,0.062707976
0.0,0.031612016
0.0,0.07060796
0.0,0.062338725
0.0,0.0590083
0.0,0.029617041
0.0,0.036999524
0.0,0.0864248
0.0,0.040345415
0.0,0.06872395
0.0,0.041524433
0.0,0.06815245
0.0,0.03843669
0.0,0.038872853
0.0,0.0805739
0.0,0.063304156
0.0,0.0593759
0.0,0.087294504
0.0,0.072272405
0.0,0.05151151
0.0,0.043506153
0.0,0.048980847
0.0,0.048802104
0.0,0.07375063
0.0,0.05819524
0.0,0.022471298
0.0,0.05341491
0.0,0.029402314
0.0,0.044832706
0.0,0.07115108
0.0,0.08541658
0.0,0.042676665
0.0,0.06876341
0.0,0.052889705
0.0,0.08956529
0.0,0.040978514
0.0,0.06564611
0.0,0.086202264
0.0,0.077087544
0.0,0.044166796
0.0,0.06138087
0.0,0.034512848
0.0,0.06103487
0.0,0.049939953
0.0,0.06729854
0.0,0.047465105
0.0,0.04791926
0.0,0.05260067
0.0,0.07545878
0.0,0.08678307
0.0,0.03892618
0.0,0.096179426
0.0,0.049277447
0.0,0.06509069
0.0,0.046123534
0.0,0.05253823
0.0,0.048432715
0.0,0.07363991
0.0,0.089175195
0.0,0.040570278
0.0,0.050640695
0.0,0.062396105
0.0,0.029240465
0.0,0.026828017
0.0,0.04946185
0.0,0.040599752
0.0,0.04527142
0.0,0.07004808
0.0,0.028006349
0.0,0.04428008
0.0,0.037610363
0.0,0.05888999
0.0,0.043593436
0.0,0.08321428
0.0,0.060855795
0.0,0.07074926
0.0,0.06043677
0.0,0.054567095
0.0,0.05162435
0.0,0.05002208
0.0,0.059621055
0.0,0.06427872
0.0,0.055323526
0.0,0.0803851
0.0,0.03184135
0.0,0.035223387
0.0,0.06502812
0.0,0.041860264
0.0,0.04282177
0.0,0.041525595
0.0,0.052262828
0.0,0.0495443
1.0,0.038167864
0.0,0.070923276
0.0,0.0684341
0.0,0.06930445
0.0,0.051540453
0.0,0.04809298
0.0,0.048522104
0.0,0.04898045
0.0,0.053381238
0.0,0.04574824
0.0,0.06635764
0.0,0.04982394
0.0,0.039455377
1.0,0.05513051
0.0,0.04197344
0.0,0.09579568
0.0,0.07014118
0.0,0.047088835
0.0,0.05193668
0.0,0.069857754
0.0,0.058297392
0.0,0.07046814
0.0,0.07931007
0.0,0.06559796
0.0,0.04935637
0.0,0.0032423288
0.0,0.045418534
0.0,0.060708415
0.0,0.044273578
0.0,0.04720824
0.0,0.036851957
0.0,0.035945363
0.0,0.034761716
0.0,0.04342201
0.0,0.049532324
0.0,0.06448078
0.0,0.05046986
0.0,0.042508934
0.0,0.07031515
0.0,0.039592683
0.0,0.0681485
0.0,0.038510732
0.0,0.058316562
0.0,0.10053337
0.0,0.038233366
0.0,0.06492969
0.0,0.04790499
0.0,0.043110978
0.0,0.04907561
0.0,0.041603513
0.0,0.09543468
0.0,0.05296264
0.0,0.038051262
0.0,0.062255755
0.0,0.070773706
0.0,0.062209714
0.0,0.024420839
0.0,0.060587507
0.0,0.051707767
0.0,0.07092453
0.0,0.04726485
0.0,0.0645703
0.0,0.0567286
0.0,0.041671254
0.0,0.03778652
0.0,0.04160164
0.0,0.063744664
0.0,0.03119432
0.0,0.06519774
0.0,0.05297356
0.0,0.045239996
0.0,0.04596761
0.0,0.050838787
0.0,0.059039485
0.0,0.04005044
0.0,0.071693294
0.0,0.027875256
0.0,0.06698081
0.0,0.06187639
0.0,0.057057153
0.0,0.06363768
0.0,0.044206463
0.0,0.05168896
0.0,0.053419534
0.0,0.039145503
0.0,0.035288926
0.0,0.05443009
0.0,0.062219653
0.0,0.048898898
0.0,0.06567601
0.0,0.049572907
0.0,0.048182935
0.0,0.036921468
0.0,0.048336264
0.0,0.08648441
0.0,0.052538328
0.0,0.06685053
0.0,0.07388865
0.0,0.059005626
0.0,0.067256756
0.0,0.06601357
0.0,0.043993685
0.0,0.082870044
0.0,0.039377432
0.0,0.060251176
0.0,0.06892832
0.0,0.038520567
0.0,0.03595222
0.0,0.042691246
1.0,0.06579359
0.0,0.05263738
1.0,0.023689352
0.0,0.036127813
0.0,0.05961133
0.0,0.06886484
0.0,0.03191407
0.0,0.07745972
0.0,0.039917845
0.0,0.039383534
0.0,0.07097467
0.0,0.039932355
0.0,0.038019896
0.0,0.046241116
0.0,0.0435295
0.0,0.032761317
0.0,0.010736913
0.0,0.036991905
0.0,0.071862355
0.0,0.061627265
0.0,0.053831425
0.0,0.05007673
0.0,0.06303878
0.0,0.057362385
0.0,0.041147336
0.0,0.039767824
0.0,0.06689064
0.0,0.0732701
0.0,0.045996487
0.0,0.0753668
0.0,0.016664982
0.0,0.007913578
0.0,0.065043256
0.0,0.057405785
0.0,0.04638349
0.0,0.06240259
0.0,0.04396184
0.0,0.037538033
0.0,0.0679961
1.0,0.039218605
0.0,0.064182766
0.0,0.05201047
0.0,0.054987203
0.0,0.09738766
0.0,0.06754171
0.0,0.0665106
0.0,0.04145436
0.0,0.040150177
0.0,0.030204123
0.0,0.059109792
0.0,0.06385153
0.0,0.08433771
0.0,0.111109175
0.0,0.073560715
0.0,0.09713997
0.0,0.06319335
0.0,0.060216136
0.0,0.08614129
0.0,0.062341593
0.0,0.048932336
0.0,0.04992243
0.0,0.07646168
0.0,0.03514576
0.0,0.06712318
0.0,0.034925014
0.0,0.048463024
0.0,0.057460282
0.0,0.033607233
0.0,0.070906155
0.0,0.04036042
0.0,0.07003531
0.0,0.06551054
0.0,0.045282558
0.0,0.085911915
0.0,0.08745758
0.0,0.06289928
0.0,0.06287592
0.0,0.040097304
0.0,0.047563866
0.0,0.049146425
0.0,0.047247883
0.0,0.053530466
0.0,0.082213365
0.0,0.11020318
0.0,0.070348725
0.0,0.060761776
0.0,0.009340663
0.0,0.04392822
0.0,0.061673168
0.0,0.08093892
0.0,0.055173077
0.0,0.045757625
0.0,0.042516384
0.0,0.0467401
0.0,0.06977554
0.0,0.051098958
0.0,0.05329883
0.0,0.096495286
0.0,0.048824705
0.0,0.073515475
0.0,0.040826306
0.0,0.054355238
0.0,0.06163204
0.0,0.042744778
1.0,0.053245638
0.0,0.06980391
0.0,0.08482427
0.0,0.09458175
0.0,0.039622646
0.0,0.09392536
0.0,0.07756434
0.0,0.09068235
0.0,0.07565137
0.0,0.045349285
0.0,0.07088852
0.0,0.086359896
0.0,0.03905832
0.0,0.07366337
0.0,0.09468893
0.0,0.09240875
0.0,0.04308573
0.0,0.08648784
0.0,0.047611654
0.0,0.068950795
0.0,0.053874347
0.0,0.049244024
0.0,0.04582797
0.0,0.0026322277
0.0,0.04965984
0.0,0.050553862
0.0,0.043682024
0.0,0.08286236
0.0,0.054107737
0.0,0.044147614
0.0,0.070522174
0.0,0.0070497817
0.0,0.06040881
0.0,0.061238658
0.0,0.022585455
0.0,0.039398205
0.0,0.0883538
0.0,0.06504123
0.0,0.06394727
0.0,0.057256058
0.0,0.055508513
0.0,0.04023938
0.0,0.026093774
0.0,0.07644271
0.0,0.098055206
0.0,0.06156039
0.0,0.058399476
0.0,0.061975308
0.0,0.03777408
0.0,0.033261184
1.0,0.06905569
0.0,0.05704075
0.0,0.009542266
0.0,0.051698156
0.0,0.021688778
0.0,0.076211125
0.0,0.059802
0.0,0.062436182
0.0,0.015224661
0.0,0.050119136
1.0,0.03585757
0.0,0.040877968
0.0,0.046108965
0.0,0.050677277
0.0,0.040935744
0.0,0.046391383
0.0,0.05719286
0.0,0.0337675
0.0,0.044719547
1.0,0.03652922
0.0,0.07180347
0.0,0.06433893
0.0,0.049830485
0.0,0.068830796
0.0,0.054704506
0.0,0.058380082
0.0,0.058469623
0.0,0.051366817
0.0,0.07545862
0.0,0.054044925
0.0,0.08874307
0.0,0.07182532
0.0,0.03523995
0.0,0.044511653
0.0,0.06531916
0.0,0.04809563
1.0,0.054063365
0.0,0.07635735
0.0,0.05431342
0.0,0.08804457
0.0,0.04139136
0.0,0.07136078
0.0,0.024514422
0.0,0.037930697
0.0,0.07427957
0.0,0.053013805
0.0,0.04441298
0.0,0.08722733
0.0,0.06773886
0.0,0.06516408
0.0,0.06260922
0.0,0.08483515
0.0,0.08413828
0.0,0.059177
0.0,0.070091866
0.0,0.057177726
0.0,0.07517014
0.0,0.07682561
0.0,0.050626207
0.0,0.081567705
0.0,0.065872915
0.0,0.06792167
0.0,0.050587367
0.0,0.04277675
0.0,0.070494056
0.0,0.042744607
0.0,0.06398651
0.0,0.048428684
0.0,0.029494304
0.0,0.01727181
0.0,0.049325984
0.0,0.039802846
0.0,0.05796018
0.0,0.069934994
0.0,0.03386105
0.0,0.02672206
1.0,0.066799484
0.0,0.045637615
0.0,0.05192
0.0,0.04729586
0.0,0.058415167
0.0,0.07192589
0.0,0.05270029
0.0,0.04723893
0.0,0.042689018
0.0,0.06851816
0.0,0.066918395
0.0,0.067520894
0.0,0.07655615
0.0,0.038127426
0.0,0.057355262
0.0,0.049309768
0.0,0.025520062
0.0,0.05996839
0.0,0.05539953
0.0,0.051008448
0.0,0.038862295
0.0,0.06906651
0.0,0.049573947
0.0,0.06811788
0.0,0.039467007
0.0,0.051522613
0.0,0.08356603
0.0,0.06392844
0.0,0.073829554
0.0,0.08378528
0.0,0.031960227
0.0,0.066980794
0.0,0.0491011
0.0,0.04918342
0.0,0.048742637
0.0,0.055298988
0.0,0.059647243
0.0,0.0058498164
0.0,0.043445185
0.0,0.06302978
0.0,0.019505646
0.0,0.061470367
0.0,0.036421873
0.0,0.05749084
0.0,0.055577334
0.0,0.05269009
0.0,0.08239861
0.0,0.051701408
1.0,0.06103532
0.0,0.045041777
0.0,0.052423313
0.0,0.06484055
0.0,0.02905439
0.0,0.11936448
0.0,0.06080376
0.0,0.055065393
0.0,0.030304993
0.0,0.06584691
0.0,0.11806309
1.0,0.064707614
0.0,0.056274857
0.0,0.037986264
0.0,0.07332655
0.0,0.06688318
0.0,0.056471866
0.0,0.056795154
0.0,0.088115886
0.0,0.08109055
0.0,0.03555611
0.0,0.08506663
0.0,0.069985464
0.0,0.07710238
0.0,0.042019583
0.0,0.0744398
0.0,0.07018233
0.0,0.06059334
0.0,0.05532511
0.0,0.06994833
0.0,0.061404496
0.0,0.06552038
0.0,0.06617461
0.0,0.08350848
0.0,0.06499827
0.0,0.0723073
0.0,0.047709115
0.0,0.041964818
1.0,0.046209246
0.0,0.03667506
0.0,0.058525536
0.0,0.06778846
0.0,0.07024668
0.0,0.10642102
0.0,0.08772997
0.0,0.052028537
0.0,0.019697787
0.0,0.07748521
0.0,0.07695926
0.0,0.06243173
0.0,0.061015956
0.0,0.036831386
0.0,0.06347115
0.0,0.050993755
0.0,0.027444718
0.0,0.056885168
0.0,0.037917737
0.0,0.044379324
0.0,0.060758486
0.0,0.03743334
0.0,0.027777651
0.0,0.07977414
0.0,0.024750944
0.0,0.05731797
0.0,0.06707391
0.0,0.049622416
0.0,0.04612914
0.0,0.07330797
0.0,0.05627554
0.0,0.047325708
0.0,0.052689184
0.0,0.08505668
1.0,0.054158665
1.0,0.06465259
0.0,0.03347267
0.0,0.0643629
0.0,0.06542802
0.0,0.080012605
0.0,0.08092665
0.0,0.062372934
0.0,0.032181587
0.0,0.04961546
0.0,0.061787672
0.0,0.07028562
0.0,0.057206035
0.0,0.046257183
0.0,0.09447899
0.0,0.05792306
0.0,0.070726424
0.0,0.04152569
0.0,0.07168712
0.0,0.062454537
0.0,0.093518496
0.0,0.051514972
0.0,0.06098675
0.0,0.048530005
0.0,0.06580538
0.0,0.057698835
0.0,0.047566168
0.0,0.05974552
0.0,0.06747828
0.0,0.064270005
0.0,0.041125387
0.0,0.046323664
0.0,0.056715995
0.0,0.07864675
0.0,0.06413348
0.0,0.07711871
0.0,0.033385627
0.0,0.038334563
0.0,0.025920814
0.0,0.046605244
1.0,0.053231586
0.0,0.051848304
0.0,0.039666172
0.0,0.04526803
0.0,0.09444741
0.0,0.08806918
0.0,0.07569153
0.0,0.048838604
0.0,0.03347781
0.0,0.09629305
0.0,0.048657645
0.0,0.064887874
0.0,0.025799002
0.0,0.038748812
0.0,0.04889194
0.0,0.05359952
0.0,0.04136602
0.0,0.06469332
0.0,0.054361902
0.0,0.04571719
0.0,0.046381652
0.0,0.033170305
0.0,0.058884975
0.0,0.060716365
0.0,0.065821126
0.0,0.044965744
0.0,0.053006385
0.0,0.029346861
0.0,0.06637617
0.0,0.023941647
0.0,0.07466588
0.0,0.046137907
0.0,0.07322368
0.0,0.048815206
0.0,0.032952614
0.0,0.07036056
0.0,0.028683998
0.0,0.061111357
0.0,0.07240312
0.0,0.0436996
0.0,0.07658836
0.0,0.049048625
0.0,0.035211295
0.0,0.08246637
3.0,0.06579619
0.0,0.09650476
0.0,0.055968005
0.0,0.040173024
0.0,0.06519371
0.0,0.096771136
0.0,0.044350147
0.0,0.051005516
0.0,0.04904003
0.0,0.060817502
0.0,0.064208
0.0,0.050051894
0.0,0.046650246
0.0,0.0332357
0.0,0.04915115
0.0,0.097152434
0.0,0.084627196
0.0,0.0751477
2.0,0.0760971
0.0,0.06493164
0.0,0.05329586
0.0,0.03969728
0.0,0.091054834
0.0,0.06391253
0.0,0.05557463
0.0,0.04545346
0.0,0.04767589
0.0,0.058111787
0.0,0.06224335
0.0,0.03831407
0.0,0.04891365
0.0,0.08525373
0.0,0.06966619
0.0,0.07713485
0.0,0.058110125
0.0,0.06948939
0.0,0.048258744
0.0,0.039880633
0.0,0.06409124
0.0,0.059088927
0.0,0.05239109
0.0,0.044138227
0.0,0.06352288
0.0,0.0585606
1.0,0.049498405
0.0,0.052491203
0.0,0.014429658
0.0,0.05066951
0.0,0.057276428
2.0,0.0062708333
0.0,0.026820675
1.0,0.06075284
0.0,0.041940853
0.0,0.05116546
0.0,0.076044396
0.0,0.065907665
0.0,0.08071561
0.0,0.044520177
0.0,0.085224524
0.0,0.048569188
1.0,0.034361884
0.0,0.08214017
0.0,0.09179872
0.0,0.06489647
0.0,0.087658525
0.0,0.06259037
0.0,0.048748214
0.0,0.0529745
0.0,0.06043383
0.0,0.056440733
0.0,0.03834527
0.0,0.053456165
0.0,0.069593236
0.0,0.052071847
0.0,0.05245352
0.0,0.07793835
0.0,0.057961475
0.0,0.047639675
0.0,0.0746798
0.0,0.038479675
0.0,0.07075523
0.0,0.04255966
0.0,0.061592937
0.0,0.09089747
0.0,0.07006749
0.0,0.048792005
0.0,0.042086937
0.0,0.048790865
0.0,0.03181765
1.0,0.042255107
0.0,0.06447837
1.0,0.069864266
0.0,0.062012363
0.0,0.09359126
1.0,0.06591526
0.0,0.07625598
0.0,0.053743824
0.0,0.038650457
0.0,0.07376372
0.0,0.053712144
0.0,0.05666038
0.0,0.07749683
0.0,0.036130086
0.0,0.059075925
0.0,0.045827303
0.0,0.045044824
0.0,0.08383474
0.0,0.046891946
0.0,0.03519535
0.0,0.062281232
0.0,0.06446596
0.0,0.091204815
0.0,0.056162603
0.0,0.075365305
0.0,0.04196667
0.0,0.040984534
0.0,0.058976766
0.0,0.04675526
0.0,0.06973711
0.0,0.0686349
0.0,0.0680678
0.0,0.035357825
0.0,0.108219706
1.0,0.059005655
0.0,0.059527807
0.0,0.055456724
0.0,0.047291216
0.0,0.06261171
0.0,0.047010727
1.0,0.049278483
0.0,0.046377562
0.0,0.05629857
0.0,0.09646759
0.0,0.06346227
0.0,0.035017736
0.0,0.032615304
0.0,0.041853786
0.0,0.05717132
0.0,0.048042428
0.0,0.07666778
0.0,0.07914744
0.0,0.10414392
0.0,0.042253274
0.0,0.07873211
0.0,0.062619515
0.0,0.007852803
0.0,0.055394657
0.0,0.047848124
0.0,0.06579834
0.0,0.07007028
0.0,0.06265481
0.0,0.11228381
0.0,0.03541977
0.0,0.03603837
0.0,0.0434176
0.0,0.03569535
0.0,0.051564492
0.0,0.054983374
0.0,0.06478511
0.0,0.027987832
0.0,0.00814701
0.0,0.044983417
0.0,0.04084346
0.0,0.039378323
0.0,0.054640703
0.0,0.06745446
0.0,0.0778715
0.0,0.06187776
0.0,0.055107184
0.0,0.03578531
0.0,0.066934705
0.0,0.067103714
0.0,0.053725876
0.0,0.06278213
0.0,0.039303195
1.0,0.066770345
0.0,0.07144323
0.0,0.0530064
0.0,0.032092493
0.0,0.042478237
1.0,0.058104143
0.0,0.055261727
0.0,0.06733695
0.0,0.068378374
0.0,0.08533839
0.0,0.063514315
0.0,0.06829461
0.0,0.09136426
0.0,0.045332722
0.0,0.07432131
0.0,0.050120078
0.0,0.07097296
0.0,0.045463126
0.0,0.068518534
0.0,0.03606319
0.0,0.050069522
0.0,0.068449125
0.0,0.056346536
0.0,0.046769306
0.0,0.05000484
0.0,0.0780683
1.0,0.06972276
1.0,0.05939555
0.0,0.043876052
0.0,0.07204214
0.0,0.0713793
0.0,0.045221794
0.0,0.08148929
0.0,0.053401936
0.0,0.08038636
0.0,0.06497988
0.0,0.05214972
0.0,0.049439896
0.0,0.05793741
0.0,0.043924324
0.0,0.05774886
0.0,0.05036616
0.0,0.07167598
0.0,0.052099355
0.0,0.11124661
0.0,0.058493115
0.0,0.06792764
0.0,0.05367301
0.0,0.08355964
0.0,0.044501573
0.0,0.030626353
0.0,0.048081893
0.0,0.0911217
0.0,0.05315008
0.0,0.03642003
1.0,0.06466165
0.0,0.08508527
0.0,0.0384473
0.0,0.050484676
0.0,0.05067642
0.0,0.041522376
0.0,0.040301785
0.0,0.08199178
0.0,0.0071494756
0.0,0.04012139
0.0,0.035142977
0.0,0.08244687
0.0,0.072870426
0.0,0.0456294
0.0,0.054067373
0.0,0.067409955
0.0,0.0614409
0.0,0.019487109
0.0,0.03414064
0.0,0.04132706
0.0,0.05902814
0.0,0.046101138
0.0,0.044642057
0.0,0.064641
0.0,0.07059253
0.0,0.06913614
0.0,0.06624617
0.0,0.046950836
0.0,0.046206467
0.0,0.051725905
0.0,0.0638288
0.0,0.053076584
0.0,0.0526663
0.0,0.05965265
0.0,0.105710685
0.0,0.059006188
0.0,0.008133451
0.0,0.07042649
0.0,0.070437334
0.0,0.03583289
0.0,0.039886843
0.0,0.04754891
0.0,0.047233105
0.0,0.04235912
0.0,0.027252952
0.0,0.059336957
0.0,0.051232815
0.0,0.05278955
0.0,0.046879023
0.0,0.059392978
0.0,0.038169958
0.0,0.039025154
0.0,0.055232894
0.0,0.046436377
0.0,0.044982772
0.0,0.0072601694
0.0,0.09171953
0.0,0.0038938979
0.0,0.07291558
0.0,0.030224321
0.0,0.08677833
0.0,0.08364433
0.0,0.083837934
0.0,0.05048978
0.0,0.06338587
0.0,0.073989384
0.0,0.05134554
0.0,0.0690466
0.0,0.03234989
0.0,0.040896676
0.0,0.025495376
0.0,0.055979107
0.0,0.058206953
0.0,0.049544916
0.0,0.08329613
0.0,0.066462986
0.0,0.075728334
0.0,0.046330415
0.0,0.06551191
0.0,0.06307026
0.0,0.0035511074
0.0,0.071858995
0.0,0.06546589
0.0,0.09706867
0.0,0.029028295
0.0,0.07185041
0.0,0.07127874
0.0,0.053164884
0.0,0.05469419
0.0,0.026411626
0.0,0.054582577
0.0,0.07608589
0.0,0.036331065
0.0,0.059639536
0.0,0.08114602
0.0,0.046643384
0.0,0.051772766
0.0,0.04552226
0.0,0.038039334
0.0,0.060910884
0.0,0.073029496
0.0,0.04397956
0.0,0.057376787
0.0,0.0365854
0.0,0.040658172
0.0,0.045862213
0.0,0.0049255365
0.0,0.06217324
0.0,0.0761285
0.0,0.072040945
0.0,0.01562751
0.0,0.07999282
1.0,0.07303648
0.0,0.05427693
0.0,0.040959056
0.0,0.036086053
0.0,0.057135984
0.0,0.079486795
0.0,0.07541646
0.0,0.045969166
0.0,0.055066496
0.0,0.039412785
0.0,0.04248918
0.0,0.032871455
0.0,0.062345635
0.0,0.039381772
0.0,0.07335225
0.0,0.06469379
1.0,0.030722106
0.0,0.06349764
0.0,0.053207543
0.0,0.06509672
0.0,0.049770962
0.0,0.050311096
0.0,0.0743734
0.0,0.07671771
0.0,0.07722522
0.0,0.05329649
0.0,0.08656008
0.0,0.06269704
0.0,0.0716763
0.0,0.031648096
0.0,0.051530194
0.0,0.10114749
0.0,0.057125825
0.0,0.06332297
0.0,0.055799153
0.0,0.07394032
0.0,0.03610675
0.0,0.04092665
1.0,0.06499254
0.0,0.050056227
0.0,0.056399193
0.0,0.08257474
0.0,0.074822396
0.0,0.08924338
0.0,0.10076211
0.0,0.039500915
0.0,0.059209358
0.0,0.02737717
1.0,0.08907112
0.0,0.058819212
0.0,0.05462003
0.0,0.031414
1.0,0.09364836
0.0,0.07389436
0.0,0.069895685
0.0,0.037021186
0.0,0.0891604
0.0,0.03293733
0.0,0.079211175
0.0,0.08584453
0.0,0.06467155
0.0,0.07112631
0.0,0.12773792
0.0,0.06688748
0.0,0.05021427
0.0,0.044100203
0.0,0.054388087
0.0,0.04847213
0.0,0.05412864
0.0,0.06402322
0.0,0.030770443
0.0,0.06330461
0.0,0.09577623
0.0,0.050778024
0.0,0.07051732
0.0,0.035297383
0.0,0.057604693
0.0,0.048280463
0.0,0.05696508
0.0,0.04943061
0.0,0.036640607
0.0,0.03168208
0.0,0.06937325
0.0,0.047860444
1.0,0.027228273
0.0,0.041303016
0.0,0.065282375
0.0,0.05847248
0.0,0.10167193
0.0,0.10311222
0.0,0.04081177
0.0,0.06173057
0.0,0.047655854
0.0,0.0723957
1.0,0.04614585
0.0,0.08621373
0.0,0.048860922
0.0,0.06237118
0.0,0.04245478
0.0,0.05707695
0.0,0.039278924
0.0,0.046945304
0.0,0.07099354
0.0,0.054469608
0.0,0.057830192
0.0,0.05823448
0.0,0.040470637
0.0,0.059654243
0.0,0.030247794
0.0,0.051174853
0.0,0.05731965
0.0,0.05288867
0.0,0.06874428
0.0,0.05668501
0.0,0.042147912
0.0,0.07255771
0.0,0.07524035
0.0,0.053092897
0.0,0.072236605
0.0,0.04368421
0.0,0.049818415
0.0,0.060578346
0.0,0.10672741
0.0,0.042144656
0.0,0.04206545
0.0,0.06590226
0.0,0.036006317
0.0,0.0649656
0.0,0.07252011
0.0,0.04565262
0.0,0.09234862
0.0,0.0389173
0.0,0.055465452
0.0,0.054846726
0.0,0.071657285
0.0,0.0698031
0.0,0.10395576
0.0,0.048332103
0.0,0.08277329
0.0,0.0582541
0.0,0.028833883
0.0,0.045803577
1.0,0.057225212
0.0,0.03031842
1.0,0.054583788
0.0,0.08598091
0.0,0.03730234
0.0,0.062354524
0.0,0.06252415
0.0,0.07520316
0.0,0.028777437
0.0,0.033460334
0.0,0.048511196
0.0,0.10782425
0.0,0.009014001
0.0,0.07364412
0.0,0.052266292
0.0,0.060956165
0.0,0.028925493
0.0,0.058840882
0.0,0.08744013
0.0,0.052473858
0.0,0.075433925
0.0,0.08889255
0.0,0.059620585
0.0,0.06476206
0.0,0.07029179
0.0,0.046617128
0.0,0.06020613
0.0,0.036911733
0.0,0.06280209
0.0,0.055586662
0.0,0.06575893
0.0,0.058031816
0.0,0.06289704
0.0,0.06475067
0.0,0.043173864
0.0,0.044131145
0.0,0.05641813
0.0,0.035882704
0.0,0.063426375
0.0,0.08028818
0.0,0.06308402
0.0,0.054020934
0.0,0.069106385
0.0,0.06166329
0.0,0.03488965
0.0,0.059700996
0.0,0.030462623
0.0,0.042482644
0.0,0.048736315
0.0,0.07031973
1.0,0.06745828
0.0,0.05670726
1.0,0.05068205
0.0,0.08633667
1.0,0.077891774
0.0,0.049314238
0.0,0.0420122
0.0,0.052179832
0.0,0.057973556
0.0,0.06861273
0.0,0.060127936
0.0,0.044524327
0.0,0.07775447
0.0,0.060786974
0.0,0.07706327
0.0,0.0455428
0.0,0.086335875
0.0,0.04293491
0.0,0.041898675
0.0,0.05846328
0.0,0.08418205
0.0,0.06749498
0.0,0.07377536
0.0,0.03885634
1.0,0.049547207
0.0,0.056421064
0.0,0.047106992
0.0,0.05445927
0.0,0.10841828
0.0,0.07064432
0.0,0.026054386
0.0,0.06544521
0.0,0.06489053
2.0,0.055899274
0.0,0.06926393
0.0,0.045459874
0.0,0.08974728
0.0,0.074714474
1.0,0.07184312
0.0,0.052303627
0.0,0.07744116
0.0,0.036593378
0.0,0.011552085
0.0,0.07969251
0.0,0.03841965
0.0,0.057885163
0.0,0.047804017
0.0,0.056508973
0.0,0.0812635
1.0,0.04501968
0.0,0.039924555
0.0,0.050196625
0.0,0.03378709
0.0,0.06511218
0.0,0.07548867
0.0,0.04815483
0.0,0.04547194
0.0,0.045049895
0.0,0.059251484
0.0,0.08759974
0.0,0.06718015
0.0,0.043514796
0.0,0.06194355
0.0,0.05527186
0.0,0.03727153
0.0,0.059322752
0.0,0.06251839
0.0,0.030886559
0.0,0.05626753
0.0,0.057800017
0.0,0.07026223
0.0,0.059344597
0.0,0.05894338
0.0,0.029647434
1.0,0.04260492
1.0,0.0799978
0.0,0.038866818
0.0,0.070908286
0.0,0.057191495
0.0,0.056494314
0.0,0.04288209
1.0,0.0539235
0.0,0.08312926
0.0,0.05270885
0.0,0.073597655
0.0,0.04025166
0.0,0.049048625
0.0,0.03818645
0.0,0.06695584
0.0,0.057146464
0.0,0.09761222
0.0,0.08188955
0.0,0.048379093
0.0,0.05786772
0.0,0.054380644
0.0,0.06647379
1.0,0.055790495
0.0,0.07728606
0.0,0.05099309
0.0,0.009513644
0.0,0.032652862
0.0,0.06812625
0.0,0.029960021
0.0,0.037344467
0.0,0.037156314
1.0,0.047701348
0.0,0.07934519
0.0,0.052949775
0.0,0.05298065
0.0,0.07653927
0.0,0.047068495
0.0,0.068471424
0.0,0.0904237
0.0,0.08529462
0.0,0.045340702
0.0,0.062190495
0.0,0.05062942
0.0,0.060126416
0.0,0.061714146
0.0,0.06648213
0.0,0.054286417
0.0,0.06963816
0.0,0.060425747
0.0,0.03427158
0.0,0.0041991076
0.0,0.064939536
0.0,0.07016174
1.0,0.051182736
0.0,0.06359382
0.0,0.036716107
0.0,0.051654294
0.0,0.058801405
0.0,0.034609225
0.0,0.055402674
0.0,0.04271216
0.0,0.07145817
0.0,0.045758106
0.0,0.021199688
0.0,0.0343982
1.0,0.0629529
0.0,0.04864897
0.0,0.042377647
0.0,0.051658556
0.0,0.06619673
0.0,0.04048212
0.0,0.038708
0.0,0.06824957
0.0,0.07668794
0.0,0.042961113
0.0,0.058427133
0.0,0.04605013
1.0,0.057329655
0.0,0.052093357
0.0,0.05544411
0.0,0.046299785
0.0,0.029889395
0.0,0.050959714
0.0,0.0534384
0.0,0.054520227
0.0,0.050060093
0.0,0.031190354
0.0,0.030531961
0.0,0.07520488
0.0,0.0787919
0.0,0.059985466
0.0,0.047233995
0.0,0.057952825
0.0,0.04356314
0.0,0.006229978
0.0,0.0759459
0.0,0.05197697
0.0,0.065899804
0.0,0.06973195
0.0,0.062103372
0.0,0.031442862
0.0,0.059855033
0.0,0.060906686
0.0,0.055327144
0.0,0.036339782
0.0,0.08082919
0.0,0.048956912
0.0,0.03333753
0.0,0.046986207
0.0,0.07666191
0.0,0.067674644
0.0,0.07849576
0.0,0.051287152
0.0,0.06103522
0.0,0.05562946
0.0,0.0701548
0.0,0.07030536
0.0,0.012538133
0.0,0.03539578
0.0,0.063450955
0.0,0.05314395
0.0,0.06488359
0.0,0.027909856
0.0,0.063975185
0.0,0.071930006
0.0,0.043361407
1.0,0.04346537
0.0,0.039806187
0.0,0.047018338
0.0,0.03601291
0.0,0.06925288
0.0,0.08505611
0.0,0.053889517
0.0,0.06969766
0.0,0.04615341
0.0,0.082523905
0.0,0.047056243
0.0,0.054664783
0.0,0.074741274
0.0,0.04812962
0.0,0.07273656
0.0,0.04282864
0.0,0.10920478
0.0,0.036951337
0.0,0.044832297
0.0,0.027166555
0.0,0.041124307
0.0,0.052909188
0.0,0.05608138
0.0,0.033985674
0.0,0.040239397
0.0,0.046645943
0.0,0.0053371615
0.0,0.05224987
0.0,0.09305535
0.0,0.046095125
0.0,0.09535364
0.0,0.051605646
0.0,0.056146815
0.0,0.039813723
0.0,0.07505536
0.0,0.046597768
0.0,0.05672507
0.0,0.04757373
0.0,0.03280857
0.0,0.060815822
0.0,0.06000772
0.0,0.045330152
0.0,0.06868491
0.0,0.047018047
1.0,0.06278209
0.0,0.054441098
0.0,0.043430127
0.0,0.055891596
0.0,0.064703465
0.0,0.0646801
0.0,0.0086988
0.0,0.062063143
0.0,0.058557164
0.0,0.06659119
0.0,0.06385651
0.0,0.080506295
0.0,0.06606461
0.0,0.044133514
0.0,0.0839906
0.0,0.09036155
0.0,0.066612214
0.0,0.053005792
0.0,0.0408821
0.0,0.02234703
0.0,0.036219206
0.0,0.070308074
0.0,0.086048916
0.0,0.048922956
0.0,0.07673864
0.0,0.067609236
0.0,0.0655755
0.0,0.033743322
0.0,0.06581392
0.0,0.03903215
0.0,0.045610562
0.0,0.07207869
0.0,0.052227404
0.0,0.05081329
0.0,0.06885005
0.0,0.065153204
0.0,0.070628434
0.0,0.043426316
0.0,0.06931129
0.0,0.05383123
0.0,0.08524133
0.0,0.086130686
0.0,0.03490004
0.0,0.08584838
0.0,0.046495117
0.0,0.08034856
0.0,0.04583727
0.0,0.06136308
0.0,0.07589046
0.0,0.037169382
0.0,0.033909507
0.0,0.04793042
0.0,0.06130919
0.0,0.03260245
0.0,0.08308624
0.0,0.041950982
0.0,0.018363474
0.0,0.07194328
0.0,0.043753464
0.0,0.04201388
0.0,0.046990085
0.0,0.039625328
0.0,0.029104017
0.0,0.07557605
0.0,0.10028079
0.0,0.08014417
0.0,0.050109215
0.0,0.045653887
0.0,0.06809021
0.0,0.072991215
0.0,0.05295605
0.0,0.073689416
0.0,0.11102136
0.0,0.07524279
0.0,0.0727169
0.0,0.05220965
0.0,0.028451143
0.0,0.069657475
0.0,0.051508415
0.0,0.046224453
0.0,0.07592925
0.0,0.06796503
0.0,0.042683877
0.0,0.057628267
0.0,0.06297216
0.0,0.008044971
0.0,0.03165297
0.0,0.05259589
0.0,0.043726195
0.0,0.060477417
0.0,0.0037428362
0.0,0.071506284
0.0,0.067542724
0.0,0.04342698
0.0,0.061669994
0.0,0.060041927
0.0,0.056995563
0.0,0.0440207
0.0,0.07606855
0.0,0.061015606
0.0,0.065232694
0.0,0.057695847
0.0,0.020615093
0.0,0.03839096
0.0,0.028084528
0.0,0.05597465
0.0,0.07021034
0.0,0.03451684
0.0,0.1091529
0.0,0.08454101
0.0,0.0462857
0.0,0.0909511
0.0,0.013893187
0.0,0.071480036
0.0,0.07543937
0.0,0.03170726
0.0,0.043551214
0.0,0.07806933
0.0,0.06794278
0.0,0.07975208
0.0,0.071009144
0.0,0.049819294
0.0,0.06969853
0.0,0.06408352
0.0,0.10944664
0.0,0.081694484
0.0,0.064568825
1.0,0.024430647
0.0,0.059361406
0.0,0.045172915
0.0,0.088845655
0.0,0.04734283
0.0,0.04582797
0.0,0.07051069
0.0,0.047141496
0.0,0.09246281
0.0,0.034667414
0.0,0.062524565
0.0,0.07372922
0.0,0.06210601
0.0,0.050507095
0.0,0.081609994
0.0,0.056001987
0.0,0.053460587
0.0,0.06536141
0.0,0.07615442
0.0,0.06785521
0.0,0.033860017
0.0,0.04926274
0.0,0.053312466
0.0,0.058081884
0.0,0.080976285
0.0,0.030507658
0.0,0.051568232
0.0,0.046149086
0.0,0.03911359
0.0,0.06457264
0.0,0.04428743
0.0,0.036576908
0.0,0.05649197
0.0,0.04861358
0.0,0.07081367
0.0,0.08062456
0.0,0.040149968
0.0,0.08552907
0.0,0.04915846
0.0,0.039166387
0.0,0.079330206
0.0,0.046442214
0.0,0.044341646
0.0,0.05769648
0.0,0.05214659
0.0,0.0757433
0.0,0.09325148
0.0,0.041577097
0.0,0.06825247
0.0,0.05247392
0.0,0.04819771
0.0,0.072968096
0.0,0.048488148
0.0,0.059834458
0.0,0.0893212
0.0,0.06574112
0.0,0.083430424
0.0,0.065207615
0.0,0.01151292
0.0,0.088018
0.0,0.025682999
0.0,0.05799779
0.0,0.055995192
0.0,0.05109541
0.0,0.0558631
0.0,0.07148573
0.0,0.06298146
0.0,0.04832745
0.0,0.064687885
0.0,0.076654375
0.0,0.046289384
0.0,0.07812536
0.0,0.039490893
0.0,0.051321596
0.0,0.0884016
0.0,0.074363545
0.0,0.04710882
0.0,0.04666523
0.0,0.07378734
0.0,0.06682513
0.0,0.06502403
0.0,0.059970953
0.0,0.050188035
0.0,0.035411634
0.0,0.08893314
0.0,0.04162794
0.0,0.03373396
0.0,0.056390963
0.0,0.030252337
0.0,0.07507882
0.0,0.07384253
1.0,0.05947268
0.0,0.03711884
0.0,0.0493489
0.0,0.060892805
0.0,0.007841533
0.0,0.05804096
0.0,0.06815383
0.0,0.056600258
0.0,0.08947347
0.0,0.04857939
0.0,0.02847435
0.0,0.07495856
0.0,0.061944567
0.0,0.06846894
0.0,0.056133647
0.0,0.102323115
0.0,0.03037274
1.0,0.046863668
0.0,0.08739605
0.0,0.07517089
0.0,0.046609625
0.0,0.050738163
0.0,0.051766705
0.0,0.03598903
0.0,0.06009503
0.0,0.06699266
0.0,0.06717653
0.0,0.059884008
0.0,0.071277894
0.0,0.09254699
0.0,0.09288882
1.0,0.06321439
0.0,0.07153474
0.0,0.029007435
0.0,0.05694084
1.0,0.0518383
1.0,0.05893103
0.0,0.072272405
0.0,0.0590499
0.0,0.053965967
0.0,0.06303501
0.0,0.056909245
0.0,0.030678313
0.0,0.05865142
0.0,0.07150622
0.0,0.010441581
0.0,0.051755168
0.0,0.07223466
0.0,0.070883736
0.0,0.051921546
0.0,0.04934644
0.0,0.08968377
0.0,0.04893342
0.0,0.03840049
0.0,0.051192548
0.0,0.061975013
0.0,0.03436791
0.0,0.04783644
0.0,0.06304487
0.0,0.0536606
0.0,0.0538722
0.0,0.06775622
0.0,0.05693119
0.0,0.04990058
0.0,0.06334887
1.0,0.028886713
0.0,0.043714605
0.0,0.04601767
0.0,0.086111344
0.0,0.06267214
0.0,0.042563535
0.0,0.08426793
0.0,0.03502375
0.0,0.055044603
0.0,0.0721835
0.0,0.052297503
0.0,0.08547333
0.0,0.07307342
0.0,0.06413207
0.0,0.04885696
0.0,0.06615915
0.0,0.051089227
0.0,0.030020304
0.0,0.07673326
0.0,0.0459707
0.0,0.06173881
0.0,0.03516274
0.0,0.05008914
0.0,0.024899809
0.0,0.06289357
0.0,0.05133223
0.0,0.06930554
0.0,0.044640608
0.0,0.034758717
0.0,0.06617808
0.0,0.03793068
0.0,0.0906712
0.0,0.05649938
0.0,0.074720554
0.0,0.047144733
0.0,0.051550455
0.0,0.0336463
0.0,0.056389835
0.0,0.04098174
0.0,0.05888878
0.0,0.06414802
0.0,0.07380502
0.0,0.06559183
0.0,0.06845899
0.0,0.050220855
0.0,0.06433574
0.0,0.036273085
0.0,0.040619794
0.0,0.053288665
0.0,0.04163608
0.0,0.021361578
0.0,0.042978343
0.0,0.067226484
0.0,0.037143875
0.0,0.041649304
0.0,0.03239822
0.0,0.06213643
0.0,0.037608713
0.0,0.042228207
0.0,0.05859164
0.0,0.051919196
0.0,0.07506064
1.0,0.046632864
0.0,0.05596184
0.0,0.038720608
0.0,0.0381259
0.0,0.04088826
1.0,0.060566016
0.0,0.062059976
0.0,0.09499191
0.0,0.07705942
0.0,0.044930056
0.0,0.05549413
0.0,0.046348434
0.0,0.052287728
1.0,0.049858317
0.0,0.051961735
0.0,0.037561204
0.0,0.06842268
0.0,0.05296456
0.0,0.0057215034
0.0,0.06451515
0.0,0.061497852
0.0,0.05394155
0.0,0.103281006
0.0,0.037424695
0.0,0.035209835
0.0,0.0553544
0.0,0.05919516
0.0,0.053893834
0.0,0.028270314
1.0,0.057053726
0.0,0.054973938
0.0,0.086546086
0.0,0.04034122
0.0,0.058104362
0.0,0.06699838
0.0,0.075363874
0.0,0.038783222
0.0,0.06602288
0.0,0.049952026
0.0,0.08283145
1.0,0.061313137
0.0,0.06107924
0.0,0.052194316
1.0,0.048026945
0.0,0.061676197
1.0,0.04583209
0.0,0.04504913
0.0,0.08472325
0.0,0.07778143
0.0,0.080116086
0.0,0.07051227
0.0,0.053023376
0.0,0.041240443
0.0,0.0654839
0.0,0.0824394
0.0,0.042708594
0.0,0.047545146
0.0,0.026800284
0.0,0.057186615
0.0,0.057584506
0.0,0.044269852
0.0,0.046337605
0.0,0.064716764
0.0,0.03641824
0.0,0.051653553
0.0,0.079451956
0.0,0.057663698
0.0,0.05194536
0.0,0.048882544
0.0,0.06296953
0.0,0.095448405
0.0,0.05846657
0.0,0.03195359
0.0,0.0684584
0.0,0.043875236
0.0,0.020153563
0.0,0.056688078
1.0,0.0444092
0.0,0.008394352
0.0,0.035989955
0.0,0.044165447
0.0,0.03914792
0.0,0.026797287
0.0,0.047035694
0.0,0.062103372
0.0,0.06501461
0.0,0.042009193
0.0,0.05145043
0.0,0.053985402
0.0,0.032871127
0.0,0.058760382
0.0,0.0365809
0.0,0.01915434
0.0,0.055135414
0.0,0.06334362
0.0,0.07692403
0.0,0.05800071
0.0,0.03781186
0.0,0.060994532
0.0,0.056511424
0.0,0.06446404
0.0,0.05663685
0.0,0.07258744
0.0,0.08068496
0.0,0.058556072
0.0,0.063603885
0.0,0.068038106
0.0,0.066555396
0.0,0.08748721
0.0,0.05233481
0.0,0.06064601
0.0,0.057849843
0.0,0.041264154
0.0,0.07353422
0.0,0.071481906
0.0,0.07354807
0.0,0.07701651
0.0,0.049305465
0.0,0.066603415
0.0,0.05706729
0.0,0.01756838
0.0,0.062747434
0.0,0.041899163
0.0,0.086268425
0.0,0.035998315
0.0,0.071538165
1.0,0.06840425
0.0,0.053694475
0.0,0.05771481
0.0,0.05401608
1.0,0.031683475
0.0,0.035018556
0.0,0.065968595
1.0,0.035076246
0.0,0.057463832
0.0,0.03536324
0.0,0.039711215
0.0,0.04802037
0.0,0.061421905
0.0,0.056307428
0.0,0.047339883
0.0,0.045783423
0.0,0.042610925
0.0,0.073528014
0.0,0.07436154
0.0,0.019356482
0.0,0.034698635
0.0,0.05846632
0.0,0.08791327
0.0,0.06690683
0.0,0.09511476
0.0,0.026299959
0.0,0.04514955
0.0,0.028971529
0.0,0.034022767
0.0,0.07331045
0.0,0.03149672
1.0,0.09469954
0.0,0.06007099
0.0,0.07100297
0.0,0.033371136
1.0,0.06361497
0.0,0.056314196
0.0,0.05827666
0.0,0.06287722
0.0,0.037507493
0.0,0.047984757
0.0,0.054635543
0.0,0.07006286
0.0,0.03610137
0.0,0.04665663
0.0,0.07064214
0.0,0.051289134
0.0,0.07058075
0.0,0.048379835
0.0,0.061239343
1.0,0.03430177
0.0,0.053420402
0.0,0.0334249
0.0,0.020723742
0.0,0.06125444
0.0,0.011066288
0.0,0.08357091
0.0,0.055216476
0.0,0.059433855
0.0,0.0653013
0.0,0.041889533
1.0,0.05028552
0.0,0.07656032
0.0,0.06893151
0.0,0.08845654
0.0,0.031993046
1.0,0.022600904
0.0,0.08701285
0.0,0.07302236
0.0,0.064307466
0.0,0.08195992
0.0,0.07707173
0.0,0.06315805
0.0,0.061722446
0.0,0.08925526
0.0,0.07099087
0.0,0.07620304
0.0,0.03600048
0.0,0.068964764
0.0,0.049901508
0.0,0.064138785
0.0,0.029848406
0.0,0.08045163
1.0,0.047350753
0.0,0.046491347
0.0,0.04268119
0.0,0.02764938
1.0,0.060869306
0.0,0.050326213
0.0,0.039958183
0.0,0.035564564
0.0,0.06062545
0.0,0.058351137
0.0,0.060260214
0.0,0.04816736
0.0,0.04368921
0.0,0.06915411
0.0,0.06432105
0.0,0.07128418
0.0,0.043787383
1.0,0.06934382
0.0,0.05503934
0.0,0.030039106
0.0,0.03849702
0.0,0.054619055
0.0,0.053325165
0.0,0.08192276
0.0,0.057293963
0.0,0.08355026
0.0,0.066584
0.0,0.03731825
0.0,0.06560737
0.0,0.07816873
0.0,0.032552805
0.0,0.07130566
0.0,0.03608987
0.0,0.06540057
0.0,0.05097228
0.0,0.059820864
0.0,0.03494603
0.0,0.03453018
0.0,0.069274746
0.0,0.026537344
0.0,0.05038898
0.0,0.061317742
0.0,0.061315432
0.0,0.04819593
0.0,0.053083885
0.0,0.005685447
0.0,0.061696228
0.0,0.061079152
0.0,0.021554312
0.0,0.09177181
0.0,0.072557956
0.0,0.048171394
0.0,0.048953924
0.0,0.04474973
0.0,0.044498526
0.0,0.063264325
0.0,0.048620954
1.0,0.055903804
0.0,0.0532879
0.0,0.07715135
1.0,0.0742217
0.0,0.07821461
0.0,0.033464473
0.0,0.0561534
0.0,0.06336264
0.0,0.08342521
0.0,0.06487415
1.0,0.03999007
0.0,0.07944919
0.0,0.042737603
0.0,0.06692274
0.0,0.053797513
0.0,0.125211
0.0,0.054947257
0.0,0.03918262
0.0,0.07775844
0.0,0.07507448
0.0,0.04630569
0.0,0.055547528
0.0,0.063268855
0.0,0.07032191
0.0,0.08550682
0.0,0.06248029
0.0,0.04815908
0.0,0.06630269
0.0,0.07016097
1.0,0.057997502
0.0,0.0073519945
0.0,0.07087017
0.0,0.08781083
0.0,0.048242938
0.0,0.06444906
0.0,0.06967234
0.0,0.041811906
0.0,0.06025284
0.0,0.08698563
0.0,0.0434034
0.0,0.049550608
0.0,0.051761128
0.0,0.050110053
0.0,0.015682565
0.0,0.0591001
0.0,0.06550309
0.0,0.041017152
0.0,0.057086177
0.0,0.060040668
0.0,0.061752208
0.0,0.04269588
0.0,0.07952568
0.0,0.050743327
0.0,0.073224485
1.0,0.035036176
0.0,0.057524763
0.0,0.04014744
0.0,0.06018436
0.0,0.047679037
0.0,0.06113915
0.0,0.052048378
0.0,0.0504589
0.0,0.0840265
0.0,0.05080102
0.0,0.050797313
0.0,0.06777453
0.0,0.062590875
0.0,0.042277336
0.0,0.05440723
0.0,0.03482153
1.0,0.039361823
0.0,0.06328279
0.0,0.059830636
0.0,0.066417694
0.0,0.045698088
0.0,0.0885329
0.0,0.05298065
0.0,0.059417367
0.0,0.05109456
0.0,0.06957985
0.0,0.041818995
1.0,0.09057017
0.0,0.07182056
0.0,0.08304638
0.0,0.05975108
0.0,0.0722483
1.0,0.035056964
0.0,0.060998514
0.0,0.043655153
0.0,0.094338305
0.0,0.05705699
0.0,0.061233155
0.0,0.043822106
0.0,0.06417632
0.0,0.010128443
0.0,0.07168712
0.0,0.052271314
0.0,0.03791282
0.0,0.060166914
0.0,0.036146645
0.0,0.0745829
0.0,0.043310944
0.0,0.05063227
0.0,0.04427649
0.0,0.079481095
0.0,0.028995369
0.0,0.04718436
0.0,0.052996464
1.0,0.022723496
0.0,0.07606253
0.0,0.08207376
0.0,0.052696608
0.0,0.061496064
0.0,0.03697187
0.0,0.0755892
0.0,0.049826324
0.0,0.024245659
0.0,0.050937656
0.0,0.042200267
0.0,0.031193389
0.0,0.04014096
0.0,0.062409494
0.0,0.040671
0.0,0.05029764
0.0,0.05630319
0.0,0.05180803
0.0,0.066160336
0.0,0.07398033
0.0,0.09155606
0.0,0.048284672
0.0,0.063454255
0.0,0.08450324
0.0,0.06604554
0.0,0.06431919
0.0,0.050077017
0.0,0.04560753
0.0,0.07375222
0.0,0.04029612
0.0,0.076041654
0.0,0.04709701
0.0,0.07872723
1.0,0.056958884
0.0,0.055369146
0.0,0.044535927
0.0,0.041737996
0.0,0.06742357
0.0,0.08284569
0.0,0.066759646
0.0,0.09418501
1.0,0.04394064
1.0,0.028396474
0.0,0.09092738
0.0,0.04607337
0.0,0.039512686
0.0,0.053177588
0.0,0.061051607
0.0,0.086545795
0.0,0.07046384
0.0,0.07034621
0.0,0.03906494
0.0,0.05162568
0.0,0.016597707
0.0,0.08240802
0.0,0.039623402
0.0,0.057662155
0.0,0.03910988
0.0,0.058815144
0.0,0.059338186
0.0,0.05129821
0.0,0.048209168
0.0,0.06360123
0.0,0.035671912
0.0,0.059654754
0.0,0.05909156
0.0,0.054152105
0.0,0.045193456
0.0,0.007680347
0.0,0.075438835
0.0,0.04578556
0.0,0.03350912
1.0,0.029552981
0.0,0.07461198
0.0,0.08779676
0.0,0.075928375
0.0,0.073723175
0.0,0.06630936
0.0,0.07386315
0.0,0.05347132
0.0,0.007399203
0.0,0.043049205
0.0,0.009931172
0.0,0.060128022
0.0,0.061256867
0.0,0.038876846
0.0,0.059295874
0.0,0.03734291
0.0,0.039025992
0.0,0.025671832
0.0,0.057399187
0.0,0.08125747
0.0,0.072709724
0.0,0.038299832
0.0,0.037718456
0.0,0.083833
0.0,0.045761902
0.0,0.007277156
1.0,0.035992283
0.0,0.04019432
0.0,0.047688123
0.0,0.048996333
0.0,0.065651156
0.0,0.070785806
0.0,0.033447243
1.0,0.075013414
0.0,0.06001571
0.0,0.04619357
0.0,0.041787103
0.0,0.07170105
0.0,0.0574416
0.0,0.0070004654
0.0,0.04225821
0.0,0.029580755
0.0,0.030366542
0.0,0.06209597
1.0,0.08215327
0.0,0.05649694
0.0,0.043497548
1.0,0.042346865
0.0,0.08816065
2.0,0.07654466
0.0,0.05938441
0.0,0.03848404
0.0,0.03532715
0.0,0.054059796
0.0,0.04220105
0.0,0.05609382
0.0,0.039137453
0.0,0.0573079
0.0,0.04675283
0.0,0.043282103
0.0,0.08476528
0.0,0.0358984
0.0,0.04391624
0.0,0.075227775
0.0,0.02208144
0.0,0.028416311
0.0,0.040058136
0.0,0.05750485
0.0,0.062316567
0.0,0.05126235
0.0,0.046914738
0.0,0.034679513
0.0,0.101492874
0.0,0.059306152
1.0,0.048763152
0.0,0.035666954
0.0,0.038303804
0.0,0.043381676
0.0,0.045923125
0.0,0.03831399
0.0,0.04843442
0.0,0.04649028
0.0,0.038386997
0.0,0.079462186
0.0,0.071429946
0.0,0.08213474
0.0,0.06362856
0.0,0.06376599
0.0,0.008183558
0.0,0.066717245
0.0,0.054477714
0.0,0.11553058
0.0,0.045186646
0.0,0.045176998
0.0,0.058022976
0.0,0.04281058
0.0,0.045953497
0.0,0.07376551
0.0,0.060828816
0.0,0.03952865
0.0,0.059530433
0.0,0.025806256
0.0,0.0914377
0.0,0.062239327
0.0,0.06637019
0.0,0.05267788
0.0,0.08544467
0.0,0.046232495
0.0,0.05214454
0.0,0.04267989
0.0,0.06587185
0.0,0.06373112
0.0,0.07508172
0.0,0.055654135
0.0,0.049692504
0.0,0.057003077
0.0,0.044039
0.0,0.063102596
0.0,0.059065416
0.0,0.059578072
0.0,0.046455346
0.0,0.058522522
0.0,0.050025623
0.0,0.053175583
0.0,0.04434501
0.0,0.0837158
0.0,0.07018304
0.0,0.06684065
0.0,0.028225232
1.0,0.03781031
0.0,0.07042588
0.0,0.06462889
0.0,0.041969292
0.0,0.07133058
0.0,0.040115185
0.0,0.062730424
0.0,0.041862227
0.0,0.05774715
0.0,0.05783397
0.0,0.04892886
0.0,0.05598936
0.0,0.10988729
0.0,0.062194232
0.0,0.03942145
0.0,0.10880777
0.0,0.0058333375
0.0,0.05022871
0.0,0.049507104
0.0,0.05796941
0.0,0.04356156
0.0,0.08419541
0.0,0.0544163
0.0,0.0497264
0.0,0.07185783
0.0,0.03859618
0.0,0.07027573
0.0,0.072884634
0.0,0.061920956
0.0,0.046395004
0.0,0.043504484
0.0,0.034647837
1.0,0.061977025
0.0,0.07441221
0.0,0.04381522
0.0,0.081944995
0.0,0.05938805
0.0,0.042651813
0.0,0.04445894
0.0,0.058190983
0.0,0.06303705
0.0,0.05183158
0.0,0.04197106
0.0,0.0548053
0.0,0.036561128
0.0,0.055884268
0.0,0.054394275
0.0,0.04837809
0.0,0.072621055
0.0,0.039583944
0.0,0.051221434
0.0,0.07443716
0.0,0.041443452
0.0,0.0785063
0.0,0.06022096
0.0,0.03231586
0.0,0.06360022
0.0,0.06339924
0.0,0.04757019
0.0,0.046425
0.0,0.075401485
0.0,0.058283135
0.0,0.066703916
0.0,0.07215208
1.0,0.09455975
0.0,0.066909015
0.0,0.07387569
0.0,0.07373481
1.0,0.08729049
0.0,0.06257049
0.0,0.044208832
0.0,0.047793075
0.0,0.08980542
0.0,0.08278981
0.0,0.06396247
0.0,0.042044435
0.0,0.06466409
0.0,0.010176277
0.0,0.056627724
0.0,0.056846865
0.0,0.03939937
0.0,0.059683803
0.0,0.043390207
0.0,0.03629555
0.0,0.07318522
0.0,0.067987286
1.0,0.09139998
0.0,0.07120394
0.0,0.06581665
0.0,0.041951563
0.0,0.046726733
1.0,0.041874856
0.0,0.05485226
0.0,0.078846395
0.0,0.056746293
0.0,0.04139909
1.0,0.04704444
0.0,0.0743559
0.0,0.0688356
0.0,0.08612933
0.0,0.044672936
0.0,0.054757368
0.0,0.05934515
0.0,0.047427163
0.0,0.04681152
0.0,0.06933076
0.0,0.03884003
0.0,0.054515913
0.0,0.09986874
0.0,0.07557529
0.0,0.06266202
0.0,0.045114376
0.0,0.06517766
0.0,0.053685285
0.0,0.07055386
0.0,0.058760215
0.0,0.057488978
0.0,0.033401683
0.0,0.03450582
0.0,0.06301242
0.0,0.030286603
0.0,0.053873975
0.0,0.08409653
1.0,0.07955308
0.0,0.08017582
0.0,0.033196848
0.0,0.06761141
0.0,0.05605002
0.0,0.0456023
0.0,0.056440115
0.0,0.04284916
0.0,0.08473404
0.0,0.06884228
0.0,0.07096168
0.0,0.099034466
0.0,0.057938486
2.0,0.035922285
0.0,0.05966465
0.0,0.045672826
0.0,0.0078112893
0.0,0.059448596
0.0,0.087536335
0.0,0.096523635
0.0,0.032798696
0.0,0.07664257
0.0,0.05115758
0.0,0.053823903
0.0,0.07398926
0.0,0.049326926
0.0,0.03822438
0.0,0.085087135
0.0,0.08154517
0.0,0.06217241
0.0,0.03580317
0.0,0.028984878
0.0,0.044582132
0.0,0.04185555
0.0,0.046401232
0.0,0.049241524
0.0,0.06229298
0.0,0.032689434
0.0,0.06362828
0.0,0.054601006
0.0,0.062302783
0.0,0.06404551
0.0,0.084757656
0.0,0.054943237
0.0,0.062702686
0.0,0.05352924
0.0,0.09675099
0.0,0.082371466
0.0,0.045413446
0.0,0.10641608
0.0,0.045902383
0.0,0.04570289
0.0,0.0749458
0.0,0.045097403
0.0,0.04073964
0.0,0.053237386
0.0,0.023917194
0.0,0.0848504
0.0,0.06604152
0.0,0.035060015
0.0,0.030982144
0.0,0.081814684
0.0,0.067720935
0.0,0.05050259
0.0,0.06454386
0.0,0.04130283
0.0,0.055146825
0.0,0.045064345
0.0,0.041712966
0.0,0.05239445
0.0,0.04180801
0.0,0.05816184
0.0,0.008336803
0.0,0.047257923
0.0,0.041451555
0.0,0.05871599
0.0,0.025787417
0.0,0.06286459
0.0,0.06839691
0.0,0.0553136
1.0,0.09173103
0.0,0.012173051
0.0,0.04378307
0.0,0.044864334
0.0,0.04897448
0.0,0.07874298
0.0,0.046988215
0.0,0.06262873
0.0,0.04203335
0.0,0.07384533
0.0,0.039851025
0.0,0.04858686
0.0,0.040508885
0.0,0.06536001
0.0,0.05172693
0.0,0.06034439
0.0,0.057844188
0.0,0.046865657
0.0,0.040047117
0.0,0.0805459
0.0,0.07340274
0.0,0.034723688
0.0,0.0536589
1.0,0.067786776
0.0,0.042372838
0.0,0.07424526
0.0,0.046124876
0.0,0.062400747
0.0,0.07463196
0.0,0.0768216
0.0,0.059734255
0.0,0.043155752
0.0,0.058958463
0.0,0.058842566
0.0,0.077183455
0.0,0.056459587
0.0,0.113398
0.0,0.030333228
0.0,0.059973426
0.0,0.07572737
0.0,0.063426375
0.0,0.04452073
0.0,0.054009795
0.0,0.08297067
0.0,0.06575017
0.0,0.07614461
0.0,0.0835925
0.0,0.09228061
0.0,0.056755032
0.0,0.09300052
0.0,0.055938043
0.0,0.09422578
0.0,0.072871484
0.0,0.06515283
0.0,0.048667878
0.0,0.05838757
0.0,0.03796427
1.0,0.06464834
0.0,0.052012365
0.0,0.047687635
0.0,0.038916647
0.0,0.08792959
0.0,0.053928103
0.0,0.060924783
0.0,0.05541467
0.0,0.04193988
0.0,0.08170083
0.0,0.047881342
0.0,0.04789599
0.0,0.07069245
0.0,0.060513258
0.0,0.075298354
0.0,0.06614171
0.0,0.06605116
0.0,0.07392308
0.0,0.03573563
0.0,0.0047597736
0.0,0.0639887
0.0,0.04547952
0.0,0.008545299
0.0,0.044760868
0.0,0.05359765
0.0,0.069316216
0.0,0.04015238
0.0,0.059101142
0.0,0.037713885
0.0,0.041752428
0.0,0.04589896
0.0,0.044638395
0.0,0.054587133
0.0,0.07807071
0.0,0.021383684
0.0,0.07267312
0.0,0.07703058
0.0,0.06962123
0.0,0.04757227
0.0,0.07325061
0.0,0.039470278
0.0,0.058416285
0.0,0.07607929
0.0,0.040629927
0.0,0.052851483
0.0,0.054947205
0.0,0.06834341
0.0,0.068117015
0.0,0.05275822
0.0,0.0799871
0.0,0.05144435
0.0,0.046092436
0.0,0.08239543
0.0,0.06473116
0.0,0.050990585
1.0,0.04468984
0.0,0.04111876
0.0,0.06810331
0.0,0.06169861
0.0,0.090831436
0.0,0.049822323
0.0,0.042569097
0.0,0.03500395
0.0,0.061158367
0.0,0.037428442
0.0,0.066522054
0.0,0.06466645
0.0,0.054281965
0.0,0.081583165
0.0,0.08547337
0.0,0.06154335
0.0,0.054526024
0.0,0.08460513
0.0,0.043335382
0.0,0.084400795
0.0,0.086896524
0.0,0.066658005
0.0,0.075027734
0.0,0.046022616
0.0,0.05297542
0.0,0.02969971
0.0,0.07551787
0.0,0.054493587
0.0,0.041184388
0.0,0.046169996
0.0,0.038905945
0.0,0.081557244
0.0,0.06966897
0.0,0.031269137
0.0,0.036648206
0.0,0.09069122
0.0,0.05401344
0.0,0.044727627
0.0,0.039399445
0.0,0.061245404
0.0,0.025215127
0.0,0.09362766
0.0,0.04726076
0.0,0.066012986
0.0,0.053496033
0.0,0.054320052
0.0,0.09051098
0.0,0.076697506
0.0,0.0755756
0.0,0.035918824
0.0,0.054811444
0.0,0.09569821
0.0,0.064336106
0.0,0.100100115
0.0,0.04764454
0.0,0.06307883
0.0,0.06203703
0.0,0.06350676
0.0,0.038441345
0.0,0.02774148
0.0,0.044205375
0.0,0.078994706
0.0,0.07468651
0.0,0.046487812
0.0,0.04187943
0.0,0.05833179
0.0,0.035114415
0.0,0.07387826
0.0,0.07258634
0.0,0.04244546
0.0,0.04303176
1.0,0.047343925
0.0,0.032778643
0.0,0.041907366
0.0,0.04942263
0.0,0.0464001
0.0,0.052411117
0.0,0.053046513
0.0,0.04248727
0.0,0.03984012
0.0,0.063791074
1.0,0.046292365
0.0,0.033696227
0.0,0.036029555
0.0,0.06725474
0.0,0.052866355
0.0,0.08623487
0.0,0.06351954
0.0,0.04465729
0.0,0.049847856
0.0,0.06407114
0.0,0.054772723
0.0,0.07919705
0.0,0.047944523
0.0,0.0722452
0.0,0.09129697
0.0,0.038326696
0.0,0.058011193
0.0,0.048437368
0.0,0.080402695
0.0,0.069320805
0.0,0.045731515
0.0,0.040717766
0.0,0.036046237
0.0,0.051300436
0.0,0.089434445
0.0,0.0647953
0.0,0.084862925
0.0,0.044990517
0.0,0.10144633
0.0,0.06648481
0.0,0.053880114
0.0,0.07777648
0.0,0.033829175
0.0,0.06012226
0.0,0.048138577
0.0,0.06585464
0.0,0.068098135
0.0,0.05393062
0.0,0.047026165
0.0,0.07708117
0.0,0.0723192
0.0,0.047570407
0.0,0.05349153
0.0,0.075798474
0.0,0.057481438
0.0,0.038215768
0.0,0.049518697
0.0,0.06651197
0.0,0.007931568
0.0,0.07398802
0.0,0.06894284
0.0,0.07354165
0.0,0.061924323
0.0,0.04762287
0.0,0.05763376
0.0,0.049156528
0.0,0.05000391
0.0,0.08480136
0.0,0.05688457
0.0,0.06683585
0.0,0.06976613
0.0,0.0054731024
1.0,0.06398396
0.0,0.04624758
0.0,0.025550155
0.0,0.052987017
0.0,0.06566836
0.0,0.06517505
0.0,0.042915605
0.0,0.07132246
0.0,0.07508358
1.0,0.07779386
0.0,0.083246
0.0,0.084061705
0.0,0.078401536
0.0,0.03969659
0.0,0.039645966
0.0,0.07445947
0.0,0.04472091
0.0,0.08018568
0.0,0.065993644
0.0,0.09536622
0.0,0.047748603
0.0,0.05012181
0.0,0.055201102
0.0,0.03843066
0.0,0.046441384
0.0,0.105684906
0.0,0.05985352
0.0,0.024393717
0.0,0.051785037
0.0,0.044282652
0.0,0.08521319
0.0,0.09861277
0.0,0.06314547
0.0,0.09695381
0.0,0.05764308
0.0,0.044399112
0.0,0.04373631
0.0,0.061719004
0.0,0.050824314
0.0,0.06391146
0.0,0.043721337
0.0,0.04046182
0.0,0.00667458
0.0,0.03946554
0.0,0.04265096
0.0,0.06617722
0.0,0.049395867
0.0,0.04582797
0.0,0.10594786
0.0,0.044688158
0.0,0.041431583
0.0,0.06855671
0.0,0.042611014
0.0,0.060944002
0.0,0.060887784
0.0,0.070927374
0.0,0.030724801
1.0,0.044720612
0.0,0.05885529
0.0,0.040776093
0.0,0.06278815
0.0,0.05525103
0.0,0.08350419
0.0,0.07200154
0.0,0.049074322
0.0,0.066810824
0.0,0.052461375
0.0,0.02567783
0.0,0.05175312
0.0,0.09239866
0.0,0.07145308
0.0,0.036418848
0.0,0.0635779
0.0,0.087900184
0.0,0.054833114
0.0,0.07181991
0.0,0.029887265
0.0,0.067922376
0.0,0.039198842
0.0,0.050381124
0.0,0.06221992
0.0,0.096508354
0.0,0.06974803
0.0,0.053698085
0.0,0.056199223
0.0,0.10009264
0.0,0.027566846
0.0,0.030606316
0.0,0.063428074
0.0,0.04612515
0.0,0.062471114
0.0,0.040514283
0.0,0.03230662
0.0,0.05560803
0.0,0.048899613
0.0,0.044016346
0.0,0.061726876
0.0,0.09695952
0.0,0.041104235
0.0,0.05446578
0.0,0.06467715
0.0,0.04903782
0.0,0.07328376
0.0,0.052318953
0.0,0.04771751
0.0,0.04103387
0.0,0.009433835
0.0,0.0666014
0.0,0.034770254
0.0,0.033117667
0.0,0.060735922
0.0,0.08216922
0.0,0.042565584
0.0,0.046362758
0.0,0.018999688
0.0,0.056094192
0.0,0.057517342
0.0,0.049434423
0.0,0.061379846
0.0,0.055313345
0.0,0.0507784
0.0,0.042026132
1.0,0.05396589
0.0,0.053580686
0.0,0.045060035
0.0,0.08552226
0.0,0.05764786
0.0,0.08369392
0.0,0.03373769
0.0,0.05707009
0.0,0.042713564
0.0,0.06370095
0.0,0.048246264
0.0,0.049749337
0.0,0.05232252
1.0,0.035017245
0.0,0.040237144
0.0,0.07201833
0.0,0.058509126
0.0,0.046893355
0.0,0.04536905
0.0,0.05644271
0.0,0.05902451
0.0,0.113900006
0.0,0.058203038
0.0,0.06914064
0.0,0.045042783
1.0,0.06354851
0.0,0.06631189
0.0,0.04255116
0.0,0.04799653
0.0,0.055569835
0.0,0.061744537
0.0,0.042988807
0.0,0.042571746
0.0,0.0892971
0.0,0.04562729
0.0,0.052845273
0.0,0.07991183
1.0,0.06842563
0.0,0.054823756
0.0,0.048547238
0.0,0.060808368
0.0,0.027113294
0.0,0.079321265
0.0,0.06717735
0.0,0.048768952
0.0,0.03499556
0.0,0.03783716
0.0,0.063586116
0.0,0.060009584
0.0,0.06570868
0.0,0.06305208
0.0,0.05018825
0.0,0.06352249
0.0,0.07013954
0.0,0.07083654
0.0,0.07522923
0.0,0.06969164
0.0,0.051354047
0.0,0.07817736
0.0,0.037645593
0.0,0.033707652
0.0,0.051060293
0.0,0.01745863
0.0,0.0785341
0.0,0.05538611
0.0,0.049935214
0.0,0.07942264
0.0,0.04617451
0.0,0.082403086
0.0,0.054470334
0.0,0.059365142
0.0,0.06959816
0.0,0.042679504
0.0,0.047852367
0.0,0.055950806
0.0,0.045037717
0.0,0.06552179
0.0,0.082958825
0.0,0.04250548
0.0,0.02120218
0.0,0.03748004
0.0,0.057971425
0.0,0.05184599
0.0,0.080557466
0.0,0.069248125
0.0,0.043939564
0.0,0.052692074
0.0,0.049481723
0.0,0.05891708
1.0,0.06874735
0.0,0.04866254
0.0,0.045715176
0.0,0.032377884
0.0,0.052617706
0.0,0.056632735
0.0,0.085452266
0.0,0.054584555
0.0,0.03656022
0.0,0.046290975
0.0,0.05172408
0.0,0.044029936
0.0,0.06475101
0.0,0.066654965
0.0,0.06483953
0.0,0.0406181
0.0,0.11127537
0.0,0.04354537
0.0,0.061739873
0.0,0.045222808
0.0,0.056387525
0.0,0.0650418
0.0,0.048859034
1.0,0.059011903
0.0,0.08025069
0.0,0.04214774
0.0,0.041715324
0.0,0.03737656
0.0,0.053446632
0.0,0.05524879
0.0,0.039923042
0.0,0.050790545
0.0,0.09553024
0.0,0.065826066
0.0,0.04589087
0.0,0.07294138
0.0,0.06122666
0.0,0.034279656
0.0,0.04643403
0.0,0.098595865
0.0,0.0051327567
0.0,0.11731417
0.0,0.035616096
0.0,0.032326218
0.0,0.07238049
0.0,0.06986981
0.0,0.07543956
0.0,0.09693088
0.0,0.05566515
0.0,0.10270065
0.0,0.094632305
0.0,0.08012229
0.0,0.06452216
0.0,0.070192605
0.0,0.076155074
0.0,0.0521124
0.0,0.041507095
0.0,0.06278155
0.0,0.044167712
0.0,0.048330054
0.0,0.07365782
0.0,0.046680186
0.0,0.06644283
0.0,0.0051467484
1.0,0.07420629
0.0,0.027267653
0.0,0.035043117
0.0,0.06125992
0.0,0.047383256
0.0,0.079111144
0.0,0.059421755
0.0,0.008994881
0.0,0.06358801
1.0,0.00661524
0.0,0.07221
0.0,0.05665823
0.0,0.038889065
0.0,0.06995801
0.0,0.05640343
0.0,0.07413548
0.0,0.062499836
0.0,0.060385983
0.0,0.046313617
0.0,0.04072652
0.0,0.04684633
0.0,0.037282452
0.0,0.04965449
0.0,0.037755594
0.0,0.041975323
0.0,0.05629881
0.0,0.053918898
0.0,0.03525809
0.0,0.05523762
0.0,0.05617302
1.0,0.07419314
0.0,0.08938663
0.0,0.06378064
0.0,0.031457108
0.0,0.06191951
0.0,0.064692035
0.0,0.046811968
0.0,0.05635403
0.0,0.037392586
0.0,0.043080233
0.0,0.07484545
0.0,0.08219482
0.0,0.04238471
0.0,0.071203955
0.0,0.029753722
0.0,0.054198526
0.0,0.093771234
0.0,0.055283353
0.0,0.057835802
0.0,0.056100935
0.0,0.026040237
0.0,0.05364159
0.0,0.076581605
0.0,0.05434762
0.0,0.05286512
0.0,0.045273382
0.0,0.09479245
0.0,0.06792287
0.0,0.043731198
0.0,0.05726553
0.0,0.025141597
0.0,0.036084943
0.0,0.060750853
0.0,0.042239312
0.0,0.04382849
0.0,0.05669515
0.0,0.06035455
0.0,0.08020503
0.0,0.06781849
0.0,0.08021907
0.0,0.072217576
0.0,0.060222425
0.0,0.062180813
0.0,0.061221913
0.0,0.07031014
0.0,0.027396072
0.0,0.048907492
0.0,0.043505937
0.0,0.07008408
0.0,0.06292336
0.0,0.06733985
0.0,0.045206703
0.0,0.060849875
0.0,0.05439172
0.0,0.08644823
0.0,0.0676033
0.0,0.050495006
0.0,0.09276311
1.0,0.07254902
0.0,0.06840218
0.0,0.06726306
0.0,0.05367694
0.0,0.045801807
0.0,0.03686118
0.0,0.0451618
0.0,0.029296583
0.0,0.065149754
0.0,0.005371012
0.0,0.032792903
0.0,0.059005965
0.0,0.06061247
0.0,0.03928515
0.0,0.04868143
0.0,0.039315164
0.0,0.049444042
0.0,0.07555471
0.0,0.056634232
0.0,0.030777648
0.0,0.058803394
0.0,0.05128263
0.0,0.06851253
0.0,0.07812182
0.0,0.051317792
0.0,0.05377865
0.0,0.049527492
0.0,0.047288433
0.0,0.06938755
0.0,0.066615246
0.0,0.06506069
0.0,0.04357999
0.0,0.05048321
0.0,0.06847828
0.0,0.076833546
1.0,0.069540836
0.0,0.07474405
0.0,0.06758743
0.0,0.0075163287
0.0,0.070254385
0.0,0.050980836
0.0,0.022412917
0.0,0.07836948
0.0,0.06996379
0.0,0.04941965
0.0,0.061890583
0.0,0.05870013
0.0,0.022759296
0.0,0.04143879
0.0,0.036260013
0.0,0.042084016
0.0,0.036832586
0.0,0.0919601
0.0,0.07421368
0.0,0.053016685
0.0,0.06755803
0.0,0.04631935
0.0,0.046854697
0.0,0.046502918
0.0,0.008084685
0.0,0.0674905
0.0,0.05094108
0.0,0.020975402
0.0,0.07841784
0.0,0.075008065
0.0,0.044457257
0.0,0.08389486
0.0,0.041625578
0.0,0.05981489
0.0,0.035629455
0.0,0.047495987
0.0,0.047517393
0.0,0.052422065
0.0,0.056297027
1.0,0.065552615
0.0,0.048211813
0.0,0.05831074
0.0,0.043911926
0.0,0.052904144
0.0,0.045066953
0.0,0.05736214
0.0,0.058996934
0.0,0.04793889
0.0,0.060364522
0.0,0.041320134
0.0,0.06638303
0.0,0.036136873
0.0,0.06590836
0.0,0.06957253
0.0,0.040753216
0.0,0.05193586
0.0,0.04578539
0.0,0.021960737
0.0,0.060194045
0.0,0.048902944
0.0,0.06770231
0.0,0.1091693
0.0,0.06442896
0.0,0.042589746
0.0,0.07081887
1.0,0.04624244
0.0,0.059496254
0.0,0.06394871
0.0,0.08153982
0.0,0.06992783
0.0,0.05207644
0.0,0.053505164
0.0,0.03705916
0.0,0.07247825
1.0,0.062038805
0.0,0.08184327
0.0,0.07690865
0.0,0.08459728
0.0,0.05011808
0.0,0.05124872
0.0,0.0668626
0.0,0.070746444
0.0,0.09799005
0.0,0.08482348
0.0,0.04338877
0.0,0.04067803
0.0,0.024189133
0.0,0.05578089
0.0,0.021818496
0.0,0.054967802
0.0,0.051637523
0.0,0.03462072
0.0,0.046311155
0.0,0.0601876
0.0,0.06874302
0.0,0.071547925
0.0,0.055131864
0.0,0.07571236
0.0,0.089948684
0.0,0.04489271
0.0,0.062582456
0.0,0.043517318
0.0,0.06040921
0.0,0.06135582
0.0,0.040915545
1.0,0.0722904
1.0,0.033570748
0.0,0.06613179
0.0,0.08178853
0.0,0.06564364
0.0,0.07017466
0.0,0.0530432
0.0,0.048039082
0.0,0.08237448
0.0,0.080458626
0.0,0.054260407
0.0,0.03817469
0.0,0.038611256
0.0,0.05948319
0.0,0.04164547
0.0,0.050519016
0.0,0.06387478
0.0,0.042324312
0.0,0.043017995
0.0,0.025925437
0.0,0.049599446
0.0,0.03486453
1.0,0.058031306
0.0,0.07878957
0.0,0.042971272
0.0,0.034277335
0.0,0.05034834
0.0,0.076655015
0.0,0.057552855
0.0,0.04063974
0.0,0.05703776
0.0,0.07534016
0.0,0.054815676
0.0,0.0496042
0.0,0.047377504
0.0,0.040933236
0.0,0.03370725
0.0,0.06324926
0.0,0.08421015
0.0,0.08178042
0.0,0.04435814
0.0,0.083370335
0.0,0.06434243
0.0,0.03927738
0.0,0.044253904
0.0,0.06117547
0.0,0.060064748
0.0,0.04303156
0.0,0.047957398
0.0,0.06997484
0.0,0.025147777
1.0,0.05410846
0.0,0.07731108
0.0,0.06012805
0.0,0.06616333
0.0,0.045595188
0.0,0.059389126
0.0,0.0457965
0.0,0.023441937
0.0,0.05001819
0.0,0.06463797
0.0,0.05933243
0.0,0.06579021
1.0,0.040980663
0.0,0.06575874
1.0,0.071988836
0.0,0.044976726
0.0,0.036036674
0.0,0.06573156
0.0,0.058378637
1.0,0.11191589
0.0,0.11226887
0.0,0.044874337
0.0,0.06950972
0.0,0.059414163
0.0,0.06897404
1.0,0.069580406
0.0,0.063642964
0.0,0.06000266
0.0,0.08880449
0.0,0.064219944
1.0,0.05566491
0.0,0.029638749
0.0,0.039234005
0.0,0.041646782
0.0,0.053244293
0.0,0.08060307
0.0,0.060253847
0.0,0.06994305
0.0,0.06227988
0.0,0.07383364
0.0,0.04852423
0.0,0.08922896
0.0,0.059547666
0.0,0.047595605
0.0,0.08720182
1.0,0.07392051
0.0,0.030512763
0.0,0.05462756
0.0,0.08882499
0.0,0.073626146
0.0,0.050548654
0.0,0.07512436
0.0,0.042681567
0.0,0.07069043
0.0,0.077517875
0.0,0.0649187
0.0,0.0633225
2.0,0.048896533
1.0,0.09094271
0.0,0.0238905
0.0,0.03190293
0.0,0.051199336
0.0,0.03293148
0.0,0.071609735
0.0,0.083160415
1.0,0.034757704
0.0,0.054628458
1.0,0.07093601
0.0,0.08262811
0.0,0.071331374
0.0,0.07197884
0.0,0.062082708
0.0,0.09108514
0.0,0.05980669
1.0,0.04220898
0.0,0.061140023
0.0,0.07487351
0.0,0.062374033
0.0,0.060188934
0.0,0.03964716
0.0,0.045414615
0.0,0.07144434
0.0,0.08980256
0.0,0.08848234
0.0,0.050377052
3.0,0.07154994
0.0,0.055098318
0.0,0.044650584
0.0,0.072272405
0.0,0.03568496
0.0,0.022486314
0.0,0.08843624
0.0,0.04464761
0.0,0.040140748
0.0,0.05706084
0.0,0.052465126
0.0,0.07852238
0.0,0.048366226
0.0,0.047647275
0.0,0.08330145
0.0,0.06805851
0.0,0.06971583
0.0,0.050236184
0.0,0.046746656
0.0,0.044144414
0.0,0.0962099
0.0,0.05869789
0.0,0.059778407
0.0,0.007787699
0.0,0.062445574
0.0,0.060131233
0.0,0.029617203
0.0,0.06310988
0.0,0.054901596
0.0,0.044678316
0.0,0.11267633
0.0,0.026899308
0.0,0.037120532
0.0,0.050000712
0.0,0.06929421
0.0,0.08098194
0.0,0.054264016
0.0,0.0615752
0.0,0.03827983
0.0,0.046437643
0.0,0.07652911
0.0,0.07025504
0.0,0.041474827
0.0,0.07364094
0.0,0.040452693
0.0,0.028056514
0.0,0.033514798
0.0,0.05514025
0.0,0.067695335
0.0,0.082047276
0.0,0.07692039
0.0,0.0484514
0.0,0.047062706
0.0,0.09074676
1.0,0.04957795
0.0,0.046157394
0.0,0.05633082
0.0,0.07909304
0.0,0.04873255
0.0,0.045325242
0.0,0.053119145
1.0,0.07322087
0.0,0.04420186
0.0,0.052146554
0.0,0.031947367
0.0,0.041797154
0.0,0.09368232
0.0,0.08925815
0.0,0.033101052
0.0,0.044692494
0.0,0.04701291
0.0,0.08603121
0.0,0.027579619
0.0,0.04844058
0.0,0.06311009
0.0,0.043288007
0.0,0.04517858
0.0,0.06726309
0.0,0.072325446
0.0,0.09395376
0.0,0.025736468
0.0,0.07643912
0.0,0.06945878
0.0,0.04581723
0.0,0.03402546
0.0,0.06460236
0.0,0.03683047
1.0,0.032289814
0.0,0.06065152
0.0,0.03998951
0.0,0.074640624
0.0,0.068702124
0.0,0.10596605
0.0,0.06709044
0.0,0.050280903
0.0,0.06556162
0.0,0.04866846
0.0,0.06853672
0.0,0.03886314
0.0,0.07958339
0.0,0.06795281
0.0,0.10951218
1.0,0.0069868728
0.0,0.07191763
0.0,0.10428028
0.0,0.06332117
0.0,0.049860932
1.0,0.06311098
0.0,0.056334928
0.0,0.05873656
0.0,0.06161168
0.0,0.07407594
0.0,0.06754971
0.0,0.06935695
0.0,0.053799015
0.0,0.07287244
0.0,0.059106413
0.0,0.022613764
0.0,0.080099754
0.0,0.05754273
0.0,0.046983857
0.0,0.04819639
0.0,0.04537191
0.0,0.05359313
0.0,0.05139427
0.0,0.05864773
0.0,0.048878014
0.0,0.07156954
0.0,0.078446425
0.0,0.101797424
0.0,0.0517591
0.0,0.06919442
0.0,0.093295604
0.0,0.07748018
0.0,0.038940612
0.0,0.06208084
0.0,0.056289937
0.0,0.050803855
0.0,0.06702165
0.0,0.08415102
0.0,0.04908076
0.0,0.07364286
0.0,0.0820364
0.0,0.08625901
0.0,0.068872996
0.0,0.07005955
0.0,0.03349775
0.0,0.018515375
0.0,0.06594966
0.0,0.0648422
0.0,0.07945707
0.0,0.043277904
0.0,0.006361004
0.0,0.048229046
0.0,0.072461314
0.0,0.053096317
0.0,0.053158194
0.0,0.05767914
0.0,0.074140646
0.0,0.0517643
0.0,0.05082549
0.0,0.040625468
0.0,0.08690989
0.0,0.0397439
0.0,0.035736915
0.0,0.045998022
0.0,0.03054578
0.0,0.076265946
0.0,0.045826033
0.0,0.023567297
0.0,0.05601761
0.0,0.06529948
0.0,0.040381733
0.0,0.048943035
0.0,0.04546281
0.0,0.036730222
1.0,0.049296226
0.0,0.06439094
0.0,0.058824707
0.0,0.062055964
0.0,0.087802455
0.0,0.079007104
0.0,0.06510915
0.0,0.09156676
0.0,0.0472961
0.0,0.03932902
0.0,0.053422846
0.0,0.06666528
0.0,0.053682137
0.0,0.057278886
0.0,0.09896191
0.0,0.05944168
0.0,0.060128666
1.0,0.05240242
0.0,0.08372502
0.0,0.038936064
0.0,0.050686013
0.0,0.043574728
0.0,0.073310085
0.0,0.02717955
0.0,0.0059157843
0.0,0.038294025
0.0,0.064924344
0.0,0.018427875
0.0,0.05392098
1.0,0.065110035
0.0,0.07737487
0.0,0.06408177
1.0,0.054510012
0.0,0.07783688
0.0,0.072384425
0.0,0.0750328
0.0,0.07605527
0.0,0.044756994
0.0,0.052386656
0.0,0.06306957
0.0,0.030206284
0.0,0.083184615
0.0,0.07997936
0.0,0.08999633
0.0,0.042083826
0.0,0.07521625
0.0,0.048423108
2.0,0.06075678
0.0,0.05260891
0.0,0.08309795
0.0,0.05787393
0.0,0.0710084
1.0,0.057336804
0.0,0.06801371
0.0,0.03589386
0.0,0.035676487
0.0,0.06413396
0.0,0.03912963
0.0,0.09720537
0.0,0.04131778
0.0,0.036828697
0.0,0.056413718
0.0,0.056597367
0.0,0.05218048
0.0,0.057855953
1.0,0.05274924
0.0,0.09245613
0.0,0.0783181
0.0,0.053543143
0.0,0.05606955
0.0,0.036002006
0.0,0.06266093
0.0,0.08524133
0.0,0.10279562
0.0,0.07206787
0.0,0.07821271
0.0,0.058352657
0.0,0.05740168
0.0,0.083825104
0.0,0.102680184
0.0,0.05327916
0.0,0.04106904
0.0,0.05158664
0.0,0.053114183
0.0,0.086972386
0.0,0.08554636
0.0,0.03755933
0.0,0.061981753
0.0,0.04072693
0.0,0.07153302
0.0,0.058382127
0.0,0.049375765
0.0,0.03824396
0.0,0.039827812
0.0,0.056212112
0.0,0.051041488
0.0,0.08279356
1.0,0.037268028
0.0,0.06397679
0.0,0.07435113
0.0,0.05098059
0.0,0.052149262
0.0,0.041084267
0.0,0.054171994
0.0,0.056456506
0.0,0.06870278
0.0,0.091120526
0.0,0.043074146
0.0,0.07904787
0.0,0.065540336
0.0,0.0564566
0.0,0.08844794
0.0,0.035978228
0.0,0.038970202
0.0,0.051912583
0.0,0.06254201
0.0,0.093991846
0.0,0.040329605
0.0,0.06752621
0.0,0.042235788
0.0,0.03845273
0.0,0.09840951
0.0,0.05310605
0.0,0.053721547
0.0,0.054982994
0.0,0.046952695
1.0,0.08955709
0.0,0.027552133
0.0,0.083487555
0.0,0.032221403
0.0,0.05314131
0.0,0.051071566
1.0,0.083265014
0.0,0.07569979
0.0,0.059241693
0.0,0.036183532
0.0,0.06526518
0.0,0.04649896
0.0,0.039527245
0.0,0.062730886
0.0,0.07338242
1.0,0.072469056
0.0,0.04963903
0.0,0.05437904
0.0,0.067439996
0.0,0.042702403
0.0,0.048169576
0.0,0.06513359
0.0,0.043816067
1.0,0.07471318
0.0,0.07994792
0.0,0.06911281
0.0,0.03465452
0.0,0.07833341
0.0,0.069611534
0.0,0.055777486
0.0,0.0372799
0.0,0.045725126
0.0,0.058646105
0.0,0.058996342
0.0,0.07690685
0.0,0.08584973
0.0,0.0071117105
0.0,0.07674111
0.0,0.073935635
0.0,0.07652575
0.0,0.061708454
0.0,0.08229597
0.0,0.061639242
0.0,0.08421688
0.0,0.07401821
0.0,0.009270449
0.0,0.07697697
0.0,0.030370655
0.0,0.04336882
0.0,0.07666279
0.0,0.074590296
0.0,0.051059756
0.0,0.052125372
0.0,0.064484626
0.0,0.034648787
0.0,0.08777843
0.0,0.041534286
1.0,0.06278204
0.0,0.05697206
0.0,0.09522272
0.0,0.06357852
0.0,0.044934385
1.0,0.055656973
0.0,0.06412738
0.0,0.09194568
0.0,0.044045992
0.0,0.05686584
0.0,0.057967916
0.0,0.038068622
0.0,0.04547824
0.0,0.05321287
0.0,0.04189586
0.0,0.05142517
0.0,0.02874725
0.0,0.04644683
0.0,0.07482304
0.0,0.039943255
0.0,0.052187644
0.0,0.08774631
0.0,0.04182774
0.0,0.045433775
0.0,0.06090326
1.0,0.03822161
0.0,0.09067556
0.0,0.06254569
0.0,0.058962792
0.0,0.094924234
0.0,0.043762237
0.0,0.051638383
0.0,0.050467156
0.0,0.05307103
0.0,0.05835666
0.0,0.008872809
0.0,0.028933197
0.0,0.050250296
0.0,0.06853973
0.0,0.055181496
0.0,0.061977983
0.0,0.07179317
0.0,0.027677419
0.0,0.048795994
0.0,0.046906505
0.0,0.035941526
0.0,0.06808646
0.0,0.11699019
0.0,0.03943576
0.0,0.07831782
0.0,0.07395499
0.0,0.071104325
0.0,0.06587028
0.0,0.06344652
0.0,0.04066651
0.0,0.048156783
1.0,0.056274563
0.0,0.06524844
0.0,0.074009106
0.0,0.08873403
0.0,0.066565685
0.0,0.04760389
1.0,0.06135664
0.0,0.0679999
0.0,0.094853945
0.0,0.08520684
0.0,0.03544158
0.0,0.061537776
0.0,0.048909184
0.0,0.04207883
0.0,0.06135588
0.0,0.046527542
0.0,0.07703388
0.0,0.05281109
0.0,0.0795888
0.0,0.091905154
0.0,0.04642976
0.0,0.067387894
0.0,0.09170643
0.0,0.03027503
0.0,0.05236388
0.0,0.08899981
0.0,0.039810933
0.0,0.03455671
0.0,0.034491237
0.0,0.06487825
0.0,0.060349397
1.0,0.09501236
0.0,0.07660158
0.0,0.07462859
0.0,0.0439908
0.0,0.06848102
0.0,0.09474277
0.0,0.04134958
0.0,0.06975804
0.0,0.03528678
0.0,0.05402171
0.0,0.073738694
0.0,0.076865956
0.0,0.036939748
0.0,0.049640425
0.0,0.03069443
1.0,0.080762155
0.0,0.08341342
0.0,0.036673818
0.0,0.04995067
0.0,0.07253881
0.0,0.09448511
1.0,0.042922933
0.0,0.0410675
0.0,0.04751745
0.0,0.08916125
0.0,0.050224807
0.0,0.06431001
0.0,0.048249483
0.0,0.028367843
0.0,0.09433632
0.0,0.08363041
0.0,0.041135408
0.0,0.083608724
0.0,0.06401355
0.0,0.05702159
0.0,0.043416895
0.0,0.043053433
0.0,0.056592576
0.0,0.04950791
0.0,0.079651296
0.0,0.075737685
0.0,0.057046924
0.0,0.04618008
0.0,0.06929189
0.0,0.051752366
0.0,0.04264077
0.0,0.061512195
0.0,0.052995354
0.0,0.043460414
0.0,0.073254086
0.0,0.06348307
0.0,0.043935627
0.0,0.045661002
0.0,0.050204694
0.0,0.04861713
0.0,0.03931236
0.0,0.045790106
0.0,0.05258758
0.0,0.060850136
0.0,0.09313783
0.0,0.05582293
0.0,0.060606707
0.0,0.030022502
0.0,0.061581455
0.0,0.05497083
0.0,0.007169457
0.0,0.04979725
0.0,0.06562164
0.0,0.0668461
0.0,0.052411243
0.0,0.060364608
0.0,0.06885802
0.0,0.07303435
0.0,0.06586699
0.0,0.07305008
1.0,0.058170494
0.0,0.07085789
0.0,0.04572808
0.0,0.039098226
0.0,0.039194476
0.0,0.040428657
0.0,0.03871975
0.0,0.09197552
0.0,0.05435117
0.0,0.03613474
0.0,0.065238945
0.0,0.07067183
0.0,0.04286173
1.0,0.047071412
0.0,0.033542473
0.0,0.04766249
0.0,0.0703302
0.0,0.031590883
0.0,0.054399785
0.0,0.050681386
0.0,0.0354879
0.0,0.10057159
0.0,0.041992962
0.0,0.04687082
0.0,0.06022748
0.0,0.031020645
0.0,0.049452074
0.0,0.05869134
0.0,0.0529799
0.0,0.075096905
0.0,0.07139635
0.0,0.063715294
0.0,0.04205501
0.0,0.072009094
0.0,0.04023675
0.0,0.039443113
0.0,0.044767037
0.0,0.034494914
0.0,0.049446743
0.0,0.033418674
0.0,0.055786915
0.0,0.044015676
0.0,0.051694456
0.0,0.048059955
0.0,0.04262884
0.0,0.07984394
1.0,0.04669214
1.0,0.0033968105
0.0,0.07498398
0.0,0.047540262
0.0,0.005107641
0.0,0.06412851
0.0,0.06368437
0.0,0.0766478
0.0,0.03913121
0.0,0.045594264
0.0,0.07333181
0.0,0.06514165
0.0,0.06199124
0.0,0.0410628
0.0,0.062340062
0.0,0.059649363
0.0,0.061016116
1.0,0.079402834
0.0,0.053402904
0.0,0.031189455
0.0,0.044474907
0.0,0.055693638
0.0,0.06415228
0.0,0.058787808
0.0,0.031735502
0.0,0.06887361
0.0,0.048617985
0.0,0.054266408
0.0,0.055029485
0.0,0.055046216
0.0,0.03776384
0.0,0.045321353
0.0,0.072702825
0.0,0.050991047
0.0,0.04282218
0.0,0.080327794
0.0,0.03604799
0.0,0.04664662
1.0,0.043801717
0.0,0.046950646
0.0,0.067886084
0.0,0.06282552
0.0,0.056831308
0.0,0.113683894
0.0,0.035884645
0.0,0.098433584
1.0,0.031067312
0.0,0.05345011
0.0,0.04628571
0.0,0.0482568
1.0,0.05878702
0.0,0.06760719
0.0,0.0577262
0.0,0.05434403
0.0,0.07487811
0.0,0.109111086
0.0,0.032116704
0.0,0.058653027
0.0,0.058851656
0.0,0.0528409
0.0,0.050277546
0.0,0.052928507
0.0,0.05866865
0.0,0.058022037
1.0,0.03864772
0.0,0.063060746
0.0,0.08146025
0.0,0.03889464
0.0,0.078887634
0.0,0.044587396
0.0,0.058070224
0.0,0.07811627
1.0,0.08392127
1.0,0.037743527
0.0,0.05039303
0.0,0.059918284
0.0,0.083604716
0.0,0.051442534
0.0,0.0715698
0.0,0.039998196
1.0,0.084983766
0.0,0.04437018
0.0,0.051317964
0.0,0.090274274
0.0,0.009186672
0.0,0.048356265
0.0,0.0697899
0.0,0.073137686
0.0,0.06605727
0.0,0.056450125
0.0,0.057116278
0.0,0.07056673
0.0,0.07578859
0.0,0.063647956
0.0,0.074407615
0.0,0.04868584
0.0,0.05796207
0.0,0.05065156
1.0,0.035853818
0.0,0.06587854
0.0,0.050425228
0.0,0.07215464
0.0,0.05699112
0.0,0.07863507
0.0,0.07285458
0.0,0.05249934
0.0,0.09202786
0.0,0.07888837
0.0,0.053297598
0.0,0.045226023
0.0,0.060105547
0.0,0.08479661
0.0,0.036284097
0.0,0.06455306
0.0,0.08662515
0.0,0.09431696
0.0,0.03482894
0.0,0.09424607
0.0,0.05792426
0.0,0.0491573
0.0,0.054117452
1.0,0.045021653
0.0,0.060626708
0.0,0.05025106
0.0,0.052742902
0.0,0.07541776
0.0,0.036891833
0.0,0.027815659
0.0,0.058174875
0.0,0.074398816
0.0,0.055753913
0.0,0.06629777
0.0,0.034045618
0.0,0.048693433
0.0,0.0592681
0.0,0.049412593
0.0,0.08042892
0.0,0.062367626
0.0,0.09455621
0.0,0.08090213
0.0,0.05458845
0.0,0.053259403
0.0,0.034827616
0.0,0.0575563
0.0,0.06377636
0.0,0.090062976
0.0,0.061264127
0.0,0.03902316
0.0,0.041433956
0.0,0.06950238
0.0,0.0808305
1.0,0.060971167
0.0,0.056906816
0.0,0.04859979
0.0,0.0490866
0.0,0.084777646
0.0,0.048518308
0.0,0.08365807
0.0,0.06889821
0.0,0.038554803
0.0,0.06294822
0.0,0.043069802
0.0,0.066665806
0.0,0.059490237
0.0,0.050993152
0.0,0.050497293
0.0,0.08671045
0.0,0.060003147
0.0,0.06327809
0.0,0.091684766
0.0,0.07448481
0.0,0.055026494
0.0,0.06580175
0.0,0.04700528
0.0,0.095610864
0.0,0.052563913
0.0,0.059809156
1.0,0.050791282
0.0,0.09586044
0.0,0.07087407
0.0,0.07247688
0.0,0.03874486
0.0,0.06799374
0.0,0.03316072
0.0,0.04976167
0.0,0.05603821
0.0,0.06515715
0.0,0.062997416
1.0,0.048528515
0.0,0.062943295
0.0,0.08049217
0.0,0.05646838
0.0,0.074798636
0.0,0.036625374
0.0,0.075821824
0.0,0.0540303
0.0,0.052500613
0.0,0.06529458
0.0,0.04830334
0.0,0.07323758
0.0,0.0913555
0.0,0.043137506
0.0,0.0040365523
1.0,0.0751139
0.0,0.078002796
0.0,0.075411916
0.0,0.033233203
0.0,0.063241206
0.0,0.09792013
0.0,0.007974158
0.0,0.038771685
0.0,0.04830738
0.0,0.05898173
0.0,0.07161892
0.0,0.06446083
0.0,0.06563567
0.0,0.08469476
0.0,0.068219006
0.0,0.08743352
0.0,0.083073445
0.0,0.048666857
0.0,0.102803834
0.0,0.08437086
1.0,0.08176474
0.0,0.0490468
0.0,0.043224733
0.0,0.064026214
0.0,0.054726973
1.0,0.0501452
0.0,0.06586795
0.0,0.056073733
0.0,0.063161075
0.0,0.058756292
0.0,0.041031882
0.0,0.055300582
1.0,0.040800404
0.0,0.016594313
1.0,0.13068561
0.0,0.060416386
0.0,0.062032033
0.0,0.06557256
0.0,0.070780285
0.0,0.06833974
0.0,0.045695126
0.0,0.036217686
0.0,0.08565048
0.0,0.06646671
0.0,0.09386358
0.0,0.06478114
0.0,0.056956347
0.0,0.07981801
0.0,0.06437987
0.0,0.05174716
0.0,0.08452053
0.0,0.052058727
0.0,0.046802726
0.0,0.03258194
0.0,0.041804917
0.0,0.0458763
0.0,0.070370175
0.0,0.047902044
0.0,0.08462972
0.0,0.044129997
0.0,0.070869885
0.0,0.057162486
0.0,0.032207407
0.0,0.056509726
0.0,0.065203615
0.0,0.04824654
0.0,0.049234305
0.0,0.06866556
0.0,0.04677368
0.0,0.054559458
0.0,0.0654113
0.0,0.0540044
0.0,0.074029475
0.0,0.028807243
0.0,0.047690213
0.0,0.054546
0.0,0.098617375
0.0,0.0342903
0.0,0.058717906
1.0,0.07304977
0.0,0.08386657
1.0,0.037015125
0.0,0.049953565
0.0,0.057608962
0.0,0.05923589
0.0,0.04528909
0.0,0.042913776
0.0,0.074494556
0.0,0.05742095
0.0,0.049359195
0.0,0.068092935
0.0,0.04423116
0.0,0.036147464
0.0,0.021143684
1.0,0.05772364
0.0,0.07034901
0.0,0.03976575
0.0,0.07099795
0.0,0.08990173
0.0,0.057734516
0.0,0.051854298
0.0,0.058300536
0.0,0.08372508
0.0,0.049917728
0.0,0.055018507
0.0,0.04432799
0.0,0.06137253
0.0,0.037414283
0.0,0.070899546
0.0,0.039084915
0.0,0.038828306
0.0,0.03214785
0.0,0.036183566
0.0,0.08178584
0.0,0.050932556
0.0,0.08057166
0.0,0.051323887
0.0,0.119051725
1.0,0.07933565
0.0,0.056245036
0.0,0.10210033
0.0,0.06979673
0.0,0.056771923
0.0,0.0661273
0.0,0.067653686
0.0,0.0465789
0.0,0.070644334
0.0,0.06537042
0.0,0.07191692
0.0,0.04633735
0.0,0.056365803
0.0,0.090863824
0.0,0.07593992
0.0,0.05903844
0.0,0.09075782
0.0,0.050360046
0.0,0.05009806
0.0,0.05382407
0.0,0.0463095
0.0,0.06817863
0.0,0.034052882
0.0,0.06913984
0.0,0.046658136
0.0,0.043076415
1.0,0.03676064
0.0,0.064847045
0.0,0.07168487
0.0,0.07396423
0.0,0.06932087
0.0,0.06541479
0.0,0.045855816
0.0,0.047231045
0.0,0.04985663
0.0,0.056961477
0.0,0.04826603
0.0,0.061915096
0.0,0.050305914
0.0,0.038189493
0.0,0.05155959
0.0,0.041537546
0.0,0.04493219
0.0,0.060124066
0.0,0.06510422
0.0,0.045486405
0.0,0.053367063
0.0,0.037431095
0.0,0.061607037
0.0,0.029568704
0.0,0.066291384
0.0,0.054190323
0.0,0.03906632
0.0,0.07765132
0.0,0.07251771
0.0,0.0874946
0.0,0.047951978
0.0,0.037620965
0.0,0.025168434
0.0,0.06733128
0.0,0.0342488
0.0,0.056678094
0.0,0.08084039
0.0,0.10723662
0.0,0.043949872
0.0,0.08037536
0.0,0.056843627
0.0,0.061603114
0.0,0.059411615
0.0,0.071626164
1.0,0.0915913
0.0,0.11368091
0.0,0.043509454
0.0,0.093524165
0.0,0.11569831
1.0,0.046058796
0.0,0.061509963
0.0,0.040135086
0.0,0.009908222
0.0,0.07042971
0.0,0.05524884
0.0,0.05594119
0.0,0.07154983
0.0,0.008115437
0.0,0.05453043
0.0,0.0978931
0.0,0.076358445
0.0,0.038451657
0.0,0.03485312
0.0,0.08135073
1.0,0.03752159
0.0,0.05260436
0.0,0.07438323
0.0,0.06055009
0.0,0.07424793
0.0,0.062401537
0.0,0.051599324
0.0,0.048605226
0.0,0.045296185
0.0,0.05304238
0.0,0.08569329
0.0,0.06908536
0.0,0.09226847
0.0,0.06567244
0.0,0.05508756
0.0,0.023550194
0.0,0.086571716
0.0,0.079103455
0.0,0.047029864
0.0,0.07368639
0.0,0.054853853
0.0,0.08793154
0.0,0.08250087
0.0,0.038812906
0.0,0.02932701
0.0,0.047190793
0.0,0.07271201
0.0,0.06467994
1.0,0.05558051
0.0,0.049262907
0.0,0.0767811
0.0,0.078169495
0.0,0.06315817
0.0,0.057589203
0.0,0.037172906
0.0,0.07640896
0.0,0.065015554
0.0,0.07091576
0.0,0.050298862
0.0,0.05921827
0.0,0.0372059
0.0,0.04861691
0.0,0.06780569
1.0,0.038828436
0.0,0.03622203
0.0,0.072651014
0.0,0.033791177
0.0,0.06585365
0.0,0.07329005
0.0,0.05841563
0.0,0.081449315
0.0,0.037968613
0.0,0.046987742
0.0,0.03755769
1.0,0.062249478
0.0,0.052360933
0.0,0.05147593
0.0,0.05318635
0.0,0.06980998
1.0,0.059381988
0.0,0.03005336
0.0,0.03420524
0.0,0.049393687
0.0,0.064412914
0.0,0.0043152436
0.0,0.07588614
0.0,0.04135923
0.0,0.07364756
0.0,0.096117415
0.0,0.056510493
0.0,0.05652893
0.0,0.036371488
0.0,0.05758356
0.0,0.054077417
0.0,0.08368403
0.0,0.098573744
0.0,0.04963321
0.0,0.048150793
0.0,0.09142287
0.0,0.020206846
0.0,0.049380615
0.0,0.08441084
0.0,0.09009358
0.0,0.061859295
0.0,0.04488373
0.0,0.054503072
0.0,0.058156516
0.0,0.040004384
0.0,0.060801324
0.0,0.020454437
0.0,0.03916424
0.0,0.04910795
0.0,0.033504814
0.0,0.0689734
0.0,0.06441302
0.0,0.05147415
0.0,0.06818695
0.0,0.034435734
0.0,0.07606917
0.0,0.044273913
0.0,0.051073562
0.0,0.07256331
0.0,0.071982674
0.0,0.060729146
0.0,0.06575495
0.0,0.045027763
0.0,0.067826204
0.0,0.005493274
0.0,0.05871155
0.0,0.047671605
0.0,0.048042174
0.0,0.059467647
0.0,0.061310533
0.0,0.036230534
0.0,0.0823697
0.0,0.05984189
0.0,0.07933448
0.0,0.04749841
0.0,0.061102834
0.0,0.02947417
0.0,0.08599907
0.0,0.055791344
1.0,0.029477783
0.0,0.052850276
0.0,0.05417969
0.0,0.03784103
0.0,0.06746802
0.0,0.04957625
0.0,0.08339562
0.0,0.07172641
0.0,0.041093394
0.0,0.056360617
0.0,0.02500286
0.0,0.038788706
0.0,0.07266241
0.0,0.063238874
0.0,0.04444632
0.0,0.098099664
0.0,0.05383743
0.0,0.06752551
0.0,0.0366354
0.0,0.05289636
0.0,0.043316044
0.0,0.06832824
0.0,0.07266757
0.0,0.0499245
0.0,0.102935955
0.0,0.08193882
0.0,0.046309806
0.0,0.037278578
0.0,0.053686447
0.0,0.07006868
0.0,0.07438204
0.0,0.055716094
0.0,0.025492946
0.0,0.08334581
0.0,0.09264824
0.0,0.09103909
0.0,0.09000914
0.0,0.0676943
0.0,0.082824714
0.0,0.031446792
0.0,0.048266053
0.0,0.05806416
0.0,0.06651461
0.0,0.046494283
0.0,0.07400471
0.0,0.034586217
0.0,0.054183
1.0,0.06544329
0.0,0.07421977
0.0,0.03699453
0.0,0.037407264
0.0,0.09917156
0.0,0.051092394
0.0,0.049092203
0.0,0.036584776
0.0,0.07566169
0.0,0.04334148
0.0,0.023630273
0.0,0.054660313
0.0,0.044846453
0.0,0.056164034
0.0,0.051185325
0.0,0.090187415
0.0,0.0783463
0.0,0.072597474
0.0,0.049069397
0.0,0.054037992
0.0,0.051705945
0.0,0.06029847
0.0,0.08080129
0.0,0.05079465
0.0,0.10610876
0.0,0.08784714
0.0,0.07081016
0.0,0.042738724
0.0,0.0367622
1.0,0.043379314
0.0,0.08956312
0.0,0.06451306
0.0,0.048684217
0.0,0.0796399
0.0,0.06320604
0.0,0.009082926
0.0,0.05440789
0.0,0.032895006
1.0,0.0440179
0.0,0.07072138
0.0,0.02965381
0.0,0.09987281
0.0,0.06099062
0.0,0.048295096
0.0,0.047765896
0.0,0.055318676
0.0,0.092879996
0.0,0.1013918
0.0,0.062150136
0.0,0.048469335
0.0,0.029423393
0.0,0.07299056
0.0,0.004310142
0.0,0.04924176
0.0,0.072474845
0.0,0.04978175
0.0,0.072290756
0.0,0.0070194514
0.0,0.07870942
0.0,0.08354324
0.0,0.06601054
0.0,0.07474102
0.0,0.07809174
0.0,0.026105154
0.0,0.04613914
0.0,0.04586158
0.0,0.0710953
0.0,0.054899044
0.0,0.043343473
0.0,0.04628355
0.0,0.034193553
0.0,0.06973077
0.0,0.05094527
0.0,0.08719435
0.0,0.04875234
0.0,0.052560255
0.0,0.04348588
0.0,0.06318811
0.0,0.058829308
0.0,0.0620033
0.0,0.055017494
0.0,0.06006091
0.0,0.06531455
0.0,0.08398432
0.0,0.028627599
0.0,0.055226337
0.0,0.02723535
0.0,0.055785958
0.0,0.06941089
0.0,0.058262877
0.0,0.03897117
0.0,0.04613146
0.0,0.07153904
0.0,0.093124814
0.0,0.055318095
0.0,0.06529182
0.0,0.08000324
0.0,0.064265065
0.0,0.08214475
0.0,0.060418904
0.0,0.03249859
0.0,0.054443747
0.0,0.07067113
0.0,0.038189527
0.0,0.08033779
0.0,0.033977825
0.0,0.035136625
0.0,0.038935654
0.0,0.045626964
0.0,0.05905994
0.0,0.046299893
0.0,0.09005001
0.0,0.048352275
0.0,0.06642062
0.0,0.0453284
0.0,0.04387285
0.0,0.070841454
0.0,0.05553774
0.0,0.062869206
1.0,0.080548435
0.0,0.03733537
0.0,0.07571456
0.0,0.080688074
0.0,0.034388147
0.0,0.038946353
0.0,0.041715104
0.0,0.06301169
0.0,0.0761534
0.0,0.04210107
0.0,0.045796804
0.0,0.07308319
0.0,0.08420621
0.0,0.08562453
0.0,0.045936137
0.0,0.066222295
0.0,0.04728994
0.0,0.08611693
0.0,0.054611474
0.0,0.084441915
0.0,0.06250782
0.0,0.054623324
1.0,0.05873831
0.0,0.09246948
0.0,0.053010974
0.0,0.0407199
0.0,0.06599141
0.0,0.052087132
0.0,0.06433663
0.0,0.085585326
0.0,0.05188164
0.0,0.05380916
0.0,0.074219875
0.0,0.052105516
0.0,0.10392473
0.0,0.04852833
0.0,0.03885418
0.0,0.05411207
0.0,0.058929905
0.0,0.0899909
0.0,0.05412113
0.0,0.04318376
0.0,0.041663475
0.0,0.09365992
0.0,0.059392847
0.0,0.099072866
0.0,0.0806201
0.0,0.054045517
0.0,0.054597937
0.0,0.051729374
0.0,0.032013405
0.0,0.08082695
0.0,0.072602995
0.0,0.0521423
0.0,0.05582992
0.0,0.06020682
0.0,0.04720468
1.0,0.09059717
0.0,0.047756184
0.0,0.08110489
0.0,0.06313816
0.0,0.06538522
0.0,0.051571723
0.0,0.051172305
0.0,0.048121642
0.0,0.034716517
0.0,0.029185122
0.0,0.06939929
0.0,0.08256541
0.0,0.024072882
0.0,0.04368942
0.0,0.069224946
0.0,0.026193466
0.0,0.05254616
0.0,0.050220877
0.0,0.05321915
0.0,0.0056868726
0.0,0.03971324
0.0,0.03360534
0.0,0.06755068
0.0,0.04714227
1.0,0.0651187
0.0,0.062351983
0.0,0.045976292
0.0,0.05628692
0.0,0.083737016
0.0,0.05594978
0.0,0.050051354
0.0,0.06564059
0.0,0.082289234
0.0,0.083105855
0.0,0.10086243
0.0,0.061829817
0.0,0.0029374636
0.0,0.066043615
0.0,0.043079875
0.0,0.03989563
0.0,0.055362664
0.0,0.052754723
0.0,0.051003788
0.0,0.033924863
0.0,0.037087828
0.0,0.035810947
0.0,0.03391857
0.0,0.06507361
0.0,0.07206632
0.0,0.063272655
0.0,0.049482998
0.0,0.038497753
0.0,0.05487753
0.0,0.03974296
0.0,0.07314073
0.0,0.055993736
0.0,0.05284051
0.0,0.088785164
0.0,0.056094833
0.0,0.068047315
0.0,0.07936785
0.0,0.046082906
0.0,0.049512323
0.0,0.036352362
0.0,0.058751598
0.0,0.061625693
0.0,0.067561924
0.0,0.062384535
0.0,0.07431664
0.0,0.059444427
0.0,0.049351923
0.0,0.03185691
0.0,0.06935033
0.0,0.04738852
0.0,0.08535591
0.0,0.045015626
0.0,0.061723698
0.0,0.029832711
0.0,0.060717825
0.0,0.05371358
0.0,0.05438863
0.0,0.039900463
0.0,0.058293045
0.0,0.061561268
0.0,0.04924851
0.0,0.0762446
0.0,0.09497383
0.0,0.08345559
0.0,0.07196612
0.0,0.0454943
0.0,0.07143662
1.0,0.05251987
0.0,0.041137937
1.0,0.050595727
0.0,0.05103842
0.0,0.06480814
0.0,0.055285633
1.0,0.06719451
0.0,0.06990935
0.0,0.055856187
0.0,0.057428494
0.0,0.069419086
1.0,0.041788675
0.0,0.04978002
0.0,0.03071071
0.0,0.052285172
0.0,0.047206953
0.0,0.07906838
0.0,0.06205943
0.0,0.052545395
0.0,0.060666833
0.0,0.05069793
0.0,0.047763713
1.0,0.06724931
0.0,0.08132598
0.0,0.0569337
0.0,0.067660674
0.0,0.07531458
0.0,0.0593791
1.0,0.108841494
0.0,0.0708501
0.0,0.06990455
0.0,0.051666413
0.0,0.052843824
0.0,0.030999241
0.0,0.049213603
0.0,0.034839194
0.0,0.049356982
0.0,0.064229
0.0,0.05260571
0.0,0.061648883
0.0,0.08750541
0.0,0.036992617
0.0,0.050782576
0.0,0.076914534
0.0,0.043096043
0.0,0.039382804
0.0,0.0801004
0.0,0.04703695
0.0,0.037035383
0.0,0.051697563
0.0,0.08016607
0.0,0.074521415
0.0,0.0055015786
0.0,0.007812567
0.0,0.06162008
0.0,0.053161107
0.0,0.053491082
0.0,0.034417104
0.0,0.07637479
0.0,0.07744159
0.0,0.039580546
1.0,0.047372613
0.0,0.04872679
0.0,0.05276061
1.0,0.07410435
0.0,0.047597796
1.0,0.047468748
0.0,0.05342534
0.0,0.065934226
0.0,0.04753355
0.0,0.07541754
0.0,0.03079876
0.0,0.08746986
0.0,0.047776453
0.0,0.05748947
0.0,0.038322758
0.0,0.06971659
0.0,0.07034936
0.0,0.00794878
0.0,0.0646722
0.0,0.05049148
0.0,0.05873824
0.0,0.08599272
0.0,0.032040916
0.0,0.035623163
0.0,0.08185476
0.0,0.04922928
0.0,0.0673313
0.0,0.04823952
1.0,0.03585891
0.0,0.044130724
0.0,0.07186571
0.0,0.05079768
0.0,0.06386829
0.0,0.058351096
0.0,0.060343456
0.0,0.058823347
0.0,0.06139946
0.0,0.0994089
0.0,0.062156197
0.0,0.040871106
0.0,0.071572
0.0,0.05904607
0.0,0.051174756
0.0,0.056144167
0.0,0.05380304
0.0,0.044161826
0.0,0.055441797
0.0,0.05150833
0.0,0.06082023
0.0,0.04450915
0.0,0.060570464
0.0,0.03982218
0.0,0.051657174
0.0,0.058942508
0.0,0.026461786
0.0,0.075673774
0.0,0.05425465
0.0,0.04908928
0.0,0.056037676
0.0,0.038533106
0.0,0.06350864
1.0,0.06459848
0.0,0.04601396
0.0,0.084859446
0.0,0.049420957
0.0,0.07520966
0.0,0.04764981
0.0,0.073390596
0.0,0.06996321
0.0,0.07369989
0.0,0.04819832
0.0,0.08971006
0.0,0.053652987
0.0,0.055903804
0.0,0.04057526
0.0,0.0485124
0.0,0.040711757
0.0,0.046321623
0.0,0.068451606
0.0,0.07845909
0.0,0.038401883
0.0,0.04547312
0.0,0.085772544
1.0,0.05654443
0.0,0.020785317
0.0,0.04299642
0.0,0.09101928
0.0,0.075300545
0.0,0.047110822
0.0,0.038482096
0.0,0.049181722
0.0,0.04912498
0.0,0.058517165
0.0,0.05218309
0.0,0.07117474
0.0,0.06127834
0.0,0.09864047
0.0,0.06852767
0.0,0.04137097
0.0,0.07570434
0.0,0.06622223
0.0,0.037014976
0.0,0.04616
0.0,0.034056455
0.0,0.04387646
0.0,0.061134282
0.0,0.071779884
0.0,0.07469419
0.0,0.0632798
0.0,0.03635123
0.0,0.04282863
0.0,0.07067599
1.0,0.044387937
1.0,0.06571022
0.0,0.036737975
0.0,0.030766863
0.0,0.06452216
0.0,0.09147921
0.0,0.052834503
0.0,0.050193466
0.0,0.03989603
0.0,0.054118495
0.0,0.058316953
0.0,0.040355533
0.0,0.05118391
0.0,0.07061896
0.0,0.07492347
0.0,0.068242736
0.0,0.05400198
0.0,0.10108042
0.0,0.0862804
0.0,0.06532343
1.0,0.051044833
0.0,0.03379
0.0,0.07090854
0.0,0.038723618
0.0,0.08602727
0.0,0.054055735
0.0,0.04495289
0.0,0.07029427
0.0,0.07098748
0.0,0.10303575
0.0,0.04827475
0.0,0.053346936
0.0,0.050650354
0.0,0.041439816
0.0,0.08866152
0.0,0.056517866
0.0,0.05219897
0.0,0.048859894
0.0,0.046969198
0.0,0.063309774
0.0,0.07363787
1.0,0.06672924
0.0,0.063276425
0.0,0.064946406
0.0,0.06230632
0.0,0.061927926
0.0,0.03511846
0.0,0.11764117
0.0,0.060084086
0.0,0.053635515
0.0,0.06563833
0.0,0.06795377
0.0,0.085475616
0.0,0.048322737
0.0,0.044887144
0.0,0.069198236
0.0,0.071294375
0.0,0.08054982
0.0,0.08693177
0.0,0.058953177
0.0,0.08528966
0.0,0.06213637
0.0,0.050845902
0.0,0.103265986
0.0,0.00868583
0.0,0.03996381
0.0,0.03806993
0.0,0.07692585
0.0,0.038367655
0.0,0.03625283
0.0,0.069183074
0.0,0.06555174
0.0,0.08072739
0.0,0.072502375
0.0,0.049622133
0.0,0.061093453
0.0,0.07150028
0.0,0.0427597
0.0,0.039422408
0.0,0.051751047
0.0,0.060735606
0.0,0.07839282
2.0,0.050903566
0.0,0.010060597
0.0,0.047347512
1.0,0.077692725
0.0,0.03529271
0.0,0.07725187
1.0,0.08117902
0.0,0.07362762
0.0,0.04643631
0.0,0.037836272
0.0,0.07380031
0.0,0.094816074
0.0,0.055901993
0.0,0.053296834
0.0,0.04301294
0.0,0.07133942
0.0,0.059147943
0.0,0.044591572
0.0,0.06658149
0.0,0.042122476
0.0,0.044801556
0.0,0.059620943
0.0,0.06288833
0.0,0.062446408
0.0,0.046616115
0.0,0.046184078
0.0,0.08260512
1.0,0.056278452
0.0,0.026833402
0.0,0.07601902
0.0,0.07581854
0.0,0.056717075
0.0,0.06456479
0.0,0.06433789
0.0,0.052341886
0.0,0.04071782
1.0,0.04609283
0.0,0.050198108
0.0,0.049801648
0.0,0.059155922
0.0,0.072786
0.0,0.049670957
0.0,0.056339603
0.0,0.044609245
0.0,0.061850328
0.0,0.060634613
1.0,0.04597035
0.0,0.047175474
0.0,0.09476011
0.0,0.06364906
0.0,0.03650923
0.0,0.041761067
0.0,0.04063072
0.0,0.041100703
0.0,0.11412723
0.0,0.041736104
0.0,0.08188689
0.0,0.093784384
1.0,0.058005534
0.0,0.06554463
0.0,0.045029543
0.0,0.05117732
0.0,0.038512606
0.0,0.0807518
0.0,0.08072108
0.0,0.07495735
0.0,0.062836446
0.0,0.09070149
0.0,0.029892346
0.0,0.040820584
0.0,0.08052881
0.0,0.048784956
0.0,0.03633241
0.0,0.06340641
1.0,0.06398123
0.0,0.04050734
0.0,0.039409272
0.0,0.03868276
0.0,0.041030895
0.0,0.07268481
0.0,0.098148674
0.0,0.043065425
0.0,0.08064192
0.0,0.07277923
0.0,0.059993476
0.0,0.047006916
0.0,0.06923597
0.0,0.06930202
0.0,0.04959812
0.0,0.083581135
0.0,0.056482088
0.0,0.041177034
0.0,0.059506383
0.0,0.040479284
0.0,0.049992893
0.0,0.048245847
1.0,0.06286998
0.0,0.055646796
0.0,0.057139568
0.0,0.066822454
0.0,0.050786935
0.0,0.0849728
0.0,0.056159575
0.0,0.0472738
0.0,0.03953752
0.0,0.07506619
0.0,0.0889063
0.0,0.018700922
0.0,0.050623626
0.0,0.06607548
0.0,0.009685447
0.0,0.08071559
0.0,0.04828173
0.0,0.067685455
0.0,0.04594975
0.0,0.045541756
0.0,0.049418848
0.0,0.08607575
0.0,0.047553703
0.0,0.07253313
0.0,0.059149083
0.0,0.04377635
0.0,0.05035484
0.0,0.06344943
0.0,0.039041664
1.0,0.058300592
0.0,0.03264922
0.0,0.041196298
0.0,0.015024689
0.0,0.044825148
0.0,0.041357525
0.0,0.07018123
0.0,0.039966688
0.0,0.030525556
0.0,0.046609413
0.0,0.057449404
0.0,0.076444134
0.0,0.04249935
0.0,0.08355294
0.0,0.051285148
0.0,0.061979655
0.0,0.04305155
0.0,0.089401394
0.0,0.06276694
0.0,0.03360991
0.0,0.061308503
0.0,0.051834412
0.0,0.07179226
0.0,0.04719487
0.0,0.06656406
0.0,0.046090916
0.0,0.022468934
0.0,0.00948082
0.0,0.038962677
0.0,0.068898834
0.0,0.0844919
0.0,0.069848545
0.0,0.04451961
1.0,0.04468734
0.0,0.090774156
0.0,0.068402275
0.0,0.07727629
0.0,0.08622709
0.0,0.044324875
0.0,0.03772897
0.0,0.04520207
0.0,0.039313186
0.0,0.069972716
0.0,0.043310158
0.0,0.059999052
0.0,0.041354872
0.0,0.031838648
0.0,0.08117376
0.0,0.05447053
0.0,0.029923392
0.0,0.056932654
0.0,0.0701774
0.0,0.09931357
0.0,0.050945744
0.0,0.070366874
0.0,0.06290268
0.0,0.045092426
0.0,0.06522697
0.0,0.006687387
0.0,0.07875441
0.0,0.053643856
0.0,0.06045151
0.0,0.07090012
0.0,0.04352762
0.0,0.051698796
0.0,0.08449643
0.0,0.08853795
0.0,0.07665065
1.0,0.051901583
0.0,0.06756859
0.0,0.053411078
0.0,0.049019143
1.0,0.045801423
0.0,0.054284487
0.0,0.05392368
0.0,0.08434588
0.0,0.05547431
0.0,0.05754852
0.0,0.053777777
0.0,0.019896356
0.0,0.050545327
0.0,0.093308285
0.0,0.0664979
0.0,0.0323158
0.0,0.034614645
0.0,0.04758201
0.0,0.058383256
0.0,0.059547793
0.0,0.04469226
0.0,0.05713066
0.0,0.055258248
0.0,0.061489232
0.0,0.07054303
0.0,0.046975825
0.0,0.041607082
0.0,0.047833316
0.0,0.08082788
0.0,0.0387325
0.0,0.023969805
0.0,0.1070569
0.0,0.039052762
0.0,0.044487122
0.0,0.057297036
0.0,0.063446194
0.0,0.044456355
0.0,0.050056726
0.0,0.05539747
0.0,0.030253563
0.0,0.044154786
0.0,0.07934386
0.0,0.05315054
0.0,0.060533028
0.0,0.06103264
0.0,0.063304156
0.0,0.049345475
0.0,0.035256878
0.0,0.017495306
0.0,0.07243755
0.0,0.053564914
0.0,0.08170211
0.0,0.07039353
0.0,0.05708208
0.0,0.048868075
0.0,0.09314662
0.0,0.03463468
0.0,0.048545096
0.0,0.06290105
0.0,0.09984481
0.0,0.044510942
0.0,0.124168284
0.0,0.08458173
1.0,0.040519074
0.0,0.05564116
0.0,0.07109251
0.0,0.048730448
1.0,0.0073389057
0.0,0.07006046
0.0,0.04626326
0.0,0.050040424
0.0,0.06941306
1.0,0.04650239
0.0,0.07852641
2.0,0.03589691
0.0,0.06737083
0.0,0.07114624
0.0,0.033150263
0.0,0.040122904
0.0,0.10572545
0.0,0.052557185
0.0,0.037847362
0.0,0.049048625
0.0,0.047000393
0.0,0.097601205
0.0,0.06590847
1.0,0.037722692
0.0,0.060664635
0.0,0.062264603
0.0,0.045893617
0.0,0.053314436
0.0,0.01828677
0.0,0.046150252
0.0,0.05193815
0.0,0.044561557
0.0,0.044026263
0.0,0.03978298
0.0,0.062549375
1.0,0.054779083
1.0,0.0679194
0.0,0.060737778
0.0,0.04802028
0.0,0.059236202
0.0,0.033178814
0.0,0.0479365
0.0,0.04654729
0.0,0.055963147
0.0,0.04589866
0.0,0.06844482
0.0,0.06012997
0.0,0.069895454
0.0,0.06574579
0.0,0.045989458
0.0,0.043300826
0.0,0.04967895
0.0,0.04856349
1.0,0.04943374
0.0,0.057884254
0.0,0.047330573
0.0,0.04766076
0.0,0.04860258
0.0,0.049254216
0.0,0.052695014
0.0,0.04341114
0.0,0.06772003
0.0,0.07400579
0.0,0.07137956
0.0,0.05224531
0.0,0.06518997
0.0,0.06395572
0.0,0.05383652
0.0,0.07684025
0.0,0.06343512
0.0,0.049302597
0.0,0.04570383
0.0,0.07055107
0.0,0.052824512
0.0,0.058708556
0.0,0.07250448
0.0,0.038427107
0.0,0.087090924
0.0,0.055639062
0.0,0.047715496
0.0,0.07065697
0.0,0.063158005
0.0,0.059449304
0.0,0.03905657
0.0,0.032648854
0.0,0.036922365
0.0,0.04827877
2.0,0.05296726
0.0,0.05072702
0.0,0.048433706
0.0,0.087732434
0.0,0.044668194
0.0,0.057872783
0.0,0.04759683
0.0,0.0996892
1.0,0.07987318
1.0,0.05934376
0.0,0.006505318
0.0,0.04338788
0.0,0.07034322
0.0,0.008539344
0.0,0.07970266
0.0,0.06536955
0.0,0.031365123
0.0,0.06712389
0.0,0.03592996
0.0,0.021646816
0.0,0.08659121
0.0,0.05361133
0.0,0.0663241
0.0,0.052155454
0.0,0.05154915
0.0,0.042449657
0.0,0.06966566
0.0,0.06574341
0.0,0.088459626
0.0,0.06630114
0.0,0.07150911
0.0,0.051928394
0.0,0.07853152
0.0,0.08358456
0.0,0.076076925
0.0,0.041440368
0.0,0.028687922
0.0,0.060094427
0.0,0.07622148
0.0,0.05073815
0.0,0.031267446
0.0,0.051246278
1.0,0.048901174
0.0,0.07200824
0.0,0.044806343
0.0,0.027016986
0.0,0.07320642
0.0,0.05858417
0.0,0.079934545
0.0,0.049152955
0.0,0.044557076
0.0,0.05054175
0.0,0.10034558
0.0,0.042473346
0.0,0.049304362
0.0,0.06354357
0.0,0.047237553
0.0,0.068166114
0.0,0.0721291
0.0,0.044562727
0.0,0.006087103
0.0,0.06825597
0.0,0.04290683
0.0,0.07301461
0.0,0.063445315
0.0,0.0569076
0.0,0.07779872
0.0,0.0743268
0.0,0.05428168
0.0,0.018274777
0.0,0.049256284
0.0,0.09081654
0.0,0.05376101
0.0,0.03472545
0.0,0.040798567
0.0,0.069345005
0.0,0.061047748
0.0,0.08438023
0.0,0.047676876
0.0,0.0464684
0.0,0.06140369
0.0,0.035250958
0.0,0.09255039
1.0,0.046149924
0.0,0.055009574
0.0,0.017938511
0.0,0.064875
0.0,0.03765871
0.0,0.077081114
1.0,0.044130117
0.0,0.06194361
0.0,0.05417207
0.0,0.055163264
0.0,0.046966463
0.0,0.005615047
0.0,0.049675353
0.0,0.069741726
1.0,0.10926463
0.0,0.03539247
0.0,0.043866493
0.0,0.082377195
0.0,0.057760097
0.0,0.07813147
0.0,0.053984433
0.0,0.027829362
0.0,0.086464986
0.0,0.043050297
0.0,0.06535804
0.0,0.07488418
0.0,0.06908032
0.0,0.07760161
1.0,0.007490889
0.0,0.05067985
0.0,0.09079738
0.0,0.065818615
0.0,0.06663218
0.0,0.08387546
0.0,0.05136487
0.0,0.072634764
0.0,0.05826609
0.0,0.07423048
0.0,0.060142633
0.0,0.055168603
0.0,0.053909834
0.0,0.07451582
0.0,0.04959479
0.0,0.06545811
0.0,0.09001871
0.0,0.068106264
0.0,0.04664799
0.0,0.07081871
0.0,0.061926834
0.0,0.047522537
0.0,0.046423107
0.0,0.06234354
0.0,0.049182847
0.0,0.06277323
0.0,0.058585636
0.0,0.04324899
0.0,0.053288717
0.0,0.056798864
0.0,0.036451165
0.0,0.03863673
0.0,0.08100602
0.0,0.072903305
1.0,0.053636555
0.0,0.028937455
0.0,0.05246823
0.0,0.057251006
0.0,0.08388001
0.0,0.07536732
1.0,0.034023173
0.0,0.079137556
0.0,0.07244677
0.0,0.044297185
0.0,0.0679707
0.0,0.08073747
0.0,0.0701742
0.0,0.057028484
0.0,0.057930708
0.0,0.084525324
0.0,0.048085686
0.0,0.06518684
1.0,0.073297635
0.0,0.08425905
0.0,0.046630353
0.0,0.013682274
0.0,0.045377046
0.0,0.046659935
0.0,0.03572653
0.0,0.09481652
0.0,0.07186006
0.0,0.081732705
0.0,0.054458532
1.0,0.052036665
0.0,0.0497763
0.0,0.029190117
0.0,0.031679347
0.0,0.054330908
0.0,0.048589792
0.0,0.035876572
0.0,0.039932355
0.0,0.06061958
0.0,0.033354096
0.0,0.072461486
0.0,0.06612007
0.0,0.009714666
0.0,0.04426106
0.0,0.045700386
0.0,0.07170562
0.0,0.045704417
0.0,0.08236377
0.0,0.024924878
0.0,0.06109044
0.0,0.0385238
0.0,0.07126002
0.0,0.0494008
0.0,0.008467712
0.0,0.06656045
1.0,0.07641734
0.0,0.053215608
0.0,0.08441241
0.0,0.05898762
0.0,0.06927025
0.0,0.09213205
0.0,0.039522383
0.0,0.06377888
0.0,0.067727394
0.0,0.03636184
0.0,0.05349203
0.0,0.07207859
0.0,0.039759815
0.0,0.07838352
0.0,0.08188027
0.0,0.07027969
0.0,0.07722929
0.0,0.06421589
0.0,0.06793751
0.0,0.050352067
0.0,0.1142866
0.0,0.08187178
0.0,0.034144543
0.0,0.07696074
0.0,0.08430716
0.0,0.038972955
0.0,0.050422534
0.0,0.042048212
0.0,0.0537717
0.0,0.04619424
0.0,0.0730011
0.0,0.022572245
0.0,0.06294263
0.0,0.0577885
0.0,0.04475423
0.0,0.045372374
0.0,0.056028698
1.0,0.06918799
0.0,0.009351319
0.0,0.05962876
0.0,0.027840054
0.0,0.08187457
0.0,0.061280914
0.0,0.06255116
0.0,0.057367116
0.0,0.11019729
0.0,0.032498144
0.0,0.053506248
0.0,0.050431333
0.0,0.07962441
0.0,0.06517138
0.0,0.07380717
0.0,0.048413225
0.0,0.047338642
0.0,0.08058876
0.0,0.061033066
1.0,0.059503444
1.0,0.07077978
0.0,0.05834389
0.0,0.06284326
0.0,0.007188648
0.0,0.0536219
0.0,0.055017248
0.0,0.03869021
1.0,0.05192946
0.0,0.041909643
0.0,0.06946261
0.0,0.057464145
0.0,0.03754597
0.0,0.05903995
1.0,0.07867833
0.0,0.04970234
0.0,0.085304685
0.0,0.043090917
0.0,0.03843245
0.0,0.03803858
0.0,0.035595704
0.0,0.06364906
0.0,0.052591577
0.0,0.09246301
0.0,0.05704306
0.0,0.038856626
0.0,0.009866022
0.0,0.05780542
0.0,0.035608795
0.0,0.07373038
0.0,0.095158175
0.0,0.052970823
0.0,0.082032606
0.0,0.083448805
0.0,0.063035056
1.0,0.058861814
0.0,0.105321504
0.0,0.029265007
0.0,0.059184846
0.0,0.048781537
0.0,0.052667458
0.0,0.030948449
0.0,0.05058053
0.0,0.046020422
0.0,0.06508232
0.0,0.042046577
0.0,0.045410067
0.0,0.07207461
0.0,0.055358626
0.0,0.04989637
0.0,0.06699494
0.0,0.07695344
0.0,0.045100503
0.0,0.04813803
0.0,0.06253276
0.0,0.047867678
0.0,0.05360081
0.0,0.04991749
0.0,0.058935158
0.0,0.04574979
0.0,0.08063277
0.0,0.056923643
0.0,0.06869924
0.0,0.055909067
0.0,0.065721124
0.0,0.03653927
0.0,0.05417499
0.0,0.0577566
0.0,0.04984378
0.0,0.036780287
0.0,0.051647224
0.0,0.041161563
0.0,0.046157602
0.0,0.07439406
0.0,0.054377116
0.0,0.069561765
0.0,0.09022148
0.0,0.09470598
0.0,0.044787236
0.0,0.07161424
0.0,0.040972233
0.0,0.05460757
0.0,0.043532386
0.0,0.062589414
0.0,0.07301048
0.0,0.063712224
0.0,0.06828447
0.0,0.036627
0.0,0.029757228
0.0,0.0052272845
0.0,0.0913511
0.0,0.02899781
0.0,0.046145566
0.0,0.01506181
0.0,0.040788557
0.0,0.071573004
0.0,0.09801669
0.0,0.0628261
1.0,0.07365636
0.0,0.08310127
0.0,0.048061058
0.0,0.009272098
0.0,0.0803366
0.0,0.052081816
0.0,0.06825751
2.0,0.04764681
0.0,0.05099005
0.0,0.06349001
0.0,0.04510593
0.0,0.061716266
0.0,0.040371586
0.0,0.02937078
0.0,0.06399886
0.0,0.038228307
0.0,0.022678763
0.0,0.048825428
0.0,0.06421701
0.0,0.034176446
0.0,0.034868628
0.0,0.042969737
0.0,0.06655178
0.0,0.080779485
0.0,0.04664112
0.0,0.0764106
0.0,0.06597275
0.0,0.057126544
1.0,0.041889396
0.0,0.05370171
0.0,0.020689085
0.0,0.06325066
1.0,0.050515257
0.0,0.040986154
0.0,0.062088598
0.0,0.08619192
0.0,0.056550913
0.0,0.079211704
0.0,0.04300496
0.0,0.064930014
0.0,0.04021146
0.0,0.03960347
0.0,0.05844923
0.0,0.04034601
0.0,0.03970045
0.0,0.059371583
0.0,0.055017207
0.0,0.0513708
0.0,0.081401266
0.0,0.0062911636
0.0,0.04901631
0.0,0.05499987
0.0,0.08835215
0.0,0.055045575
0.0,0.04126566
0.0,0.070141785
0.0,0.06586336
0.0,0.0783118
0.0,0.086263075
0.0,0.070899725
1.0,0.05586306
1.0,0.045524277
0.0,0.040137965
0.0,0.052421678
0.0,0.0727423
0.0,0.05308815
0.0,0.0648896
0.0,0.04636279
0.0,0.07386169
0.0,0.050134767
0.0,0.097138
0.0,0.049307253
0.0,0.05468659
0.0,0.058470055
0.0,0.03488044
0.0,0.08387798
0.0,0.07293105
0.0,0.042628076
0.0,0.09514708
0.0,0.045015343
0.0,0.06830213
0.0,0.07913605
0.0,0.040160116
0.0,0.0550524
0.0,0.055888917
0.0,0.043690898
0.0,0.0133092515
0.0,0.07579508
1.0,0.034209587
0.0,0.069747716
0.0,0.06738127
0.0,0.053453002
0.0,0.093524165
1.0,0.06581215
0.0,0.060966484
0.0,0.07680087
0.0,0.06255859
0.0,0.045070454
0.0,0.042529393
0.0,0.06614757
0.0,0.060303934
0.0,0.052005906
0.0,0.05078242
0.0,0.06371271
0.0,0.07715979
0.0,0.047861665
0.0,0.06717909
0.0,0.055010688
0.0,0.052946933
0.0,0.05485758
0.0,0.039987143
0.0,0.087302394
0.0,0.0661956
1.0,0.067864396
0.0,0.07036342
0.0,0.06577569
0.0,0.057804305
0.0,0.05012205
0.0,0.07651678
0.0,0.043317303
0.0,0.044995084
0.0,0.037871256
0.0,0.04258266
0.0,0.05034844
0.0,0.07380154
0.0,0.033598613
0.0,0.111324295
0.0,0.05128658
0.0,0.07887018
0.0,0.05762725
0.0,0.08999609
0.0,0.07244409
0.0,0.05418031
0.0,0.103550196
0.0,0.051389895
0.0,0.059102383
0.0,0.04809393
0.0,0.06585098
0.0,0.0906827
0.0,0.052309602
0.0,0.050712775
0.0,0.050252162
0.0,0.04140377
0.0,0.054416064
0.0,0.06348228
0.0,0.040805854
0.0,0.0802336
0.0,0.07031354
0.0,0.0915056
0.0,0.061891675
0.0,0.04662188
0.0,0.076560974
0.0,0.06703844
0.0,0.06529331
0.0,0.09274393
0.0,0.052706838
0.0,0.059357725
0.0,0.041015796
0.0,0.060087822
0.0,0.047501523
0.0,0.07196732
0.0,0.04627758
0.0,0.09475302
0.0,0.028333655
1.0,0.062849365
0.0,0.047518153
0.0,0.056035858
0.0,0.09846598
0.0,0.04732191
0.0,0.06460014
0.0,0.052844934
0.0,0.07865245
0.0,0.052086137
0.0,0.07880441
0.0,0.007799863
0.0,0.05093898
0.0,0.051992565
0.0,0.08200087
0.0,0.04567664
0.0,0.0062551606
0.0,0.04496192
0.0,0.044875458
0.0,0.046501055
0.0,0.06328044
0.0,0.051003084
1.0,0.05238321
0.0,0.06389043
0.0,0.07113622
0.0,0.057791214
0.0,0.05456587
0.0,0.05299188
0.0,0.056709614
0.0,0.046440475
0.0,0.034474682
0.0,0.062212992
0.0,0.031733382
1.0,0.07498147
0.0,0.06231942
0.0,0.051130205
0.0,0.074597284
0.0,0.047118604
0.0,0.06383213
0.0,0.044649467
0.0,0.06345315
0.0,0.07479714
0.0,0.05429118
0.0,0.051399037
0.0,0.048949864
0.0,0.076813124
1.0,0.05445382
0.0,0.081202134
0.0,0.056733903
0.0,0.05227812
0.0,0.071663775
0.0,0.053129304
0.0,0.07302779
0.0,0.06642243
0.0,0.06414105
1.0,0.02291328
0.0,0.061020263
0.0,0.059067953
0.0,0.08907311
0.0,0.07248364
0.0,0.08516272
0.0,0.06175465
0.0,0.069337785
0.0,0.036846384
0.0,0.06550903
0.0,0.07803931
0.0,0.068368316
0.0,0.03883462
0.0,0.028938124
0.0,0.04349009
0.0,0.05827188
0.0,0.048984036
0.0,0.05348927
0.0,0.020671247
0.0,0.06390878
0.0,0.07174967
0.0,0.059633367
0.0,0.079025954
0.0,0.0065657883
0.0,0.049181648
0.0,0.03831399
0.0,0.0610193
0.0,0.053874
0.0,0.038639363
0.0,0.074845806
0.0,0.05608304
0.0,0.04078772
0.0,0.07649159
0.0,0.039366297
0.0,0.06320716
0.0,0.098804146
0.0,0.09266264
0.0,0.05201017
0.0,0.08169171
0.0,0.07001288
0.0,0.04399618
0.0,0.038396753
0.0,0.06029263
0.0,0.0509327
0.0,0.060919654
0.0,0.04869595
0.0,0.038661
0.0,0.061397262
0.0,0.043706454
0.0,0.031143103
0.0,0.088627495
0.0,0.043659713
0.0,0.03458353
0.0,0.05485966
0.0,0.0045440756
0.0,0.10557492
0.0,0.05401715
0.0,0.04611963
0.0,0.04037636
0.0,0.03508375
0.0,0.038895536
0.0,0.046121277
0.0,0.048138555
0.0,0.075993046
0.0,0.065020725
0.0,0.038705952
0.0,0.053449206
0.0,0.046561584
0.0,0.015744988
0.0,0.039904002
0.0,0.07184937
0.0,0.07886197
0.0,0.06772716
0.0,0.044443402
0.0,0.052332304
0.0,0.053731702
0.0,0.060138285
1.0,0.042301252
0.0,0.069690585
0.0,0.07663691
0.0,0.0670514
0.0,0.06179006
1.0,0.038040277
0.0,0.11060543
0.0,0.05140835
0.0,0.049180664
0.0,0.07075687
0.0,0.08523717
1.0,0.08490587
0.0,0.10581967
0.0,0.05105407
0.0,0.045018844
0.0,0.04329044
0.0,0.075988576
0.0,0.043113425
0.0,0.03853499
0.0,0.03962822
0.0,0.06577654
0.0,0.08868173
0.0,0.077567756
1.0,0.04719237
1.0,0.059781443
0.0,0.037269574
0.0,0.043433078
0.0,0.04058268
0.0,0.040920384
0.0,0.035953723
0.0,0.09937563
0.0,0.040929187
0.0,0.056694336
0.0,0.029101672
0.0,0.04649597
0.0,0.063285716
0.0,0.0948903
0.0,0.061780956
0.0,0.067174606
0.0,0.062444013
0.0,0.06780937
0.0,0.06626187
0.0,0.061369736
0.0,0.042943068
0.0,0.05161507
0.0,0.06286632
0.0,0.04784573
0.0,0.043458976
0.0,0.06941849
0.0,0.05446765
0.0,0.060694348
0.0,0.053776007
0.0,0.07139261
0.0,0.08041364
0.0,0.09029493
0.0,0.03727944
0.0,0.061617434
0.0,0.055527426
2.0,0.025703967
0.0,0.069756694
0.0,0.042050168
0.0,0.0582721
0.0,0.044979468
0.0,0.040492516
0.0,0.08252636
0.0,0.043380763
0.0,0.07974672
0.0,0.07718338
0.0,0.11244004
0.0,0.05039214
0.0,0.06613225
0.0,0.05694077
0.0,0.073723175
0.0,0.06961233
0.0,0.084082894
0.0,0.04944904
0.0,0.0368483
0.0,0.057887647
1.0,0.06810771
0.0,0.062142193
0.0,0.082720354
0.0,0.094460785
0.0,0.06903679
0.0,0.043580238
0.0,0.04995272
0.0,0.03721927
1.0,0.05917429
0.0,0.039620038
0.0,0.043500222
0.0,0.06505276
0.0,0.044306036
0.0,0.00642028
0.0,0.037148215
0.0,0.059699528
0.0,0.074095406
0.0,0.043749616
0.0,0.09581281
0.0,0.07413817
1.0,0.043749794
1.0,0.02036668
0.0,0.04926785
0.0,0.099928595
0.0,0.08932274
0.0,0.041017085
0.0,0.08383202
0.0,0.069558315
0.0,0.04281494
0.0,0.068188705
1.0,0.07826867
0.0,0.03693058
0.0,0.06409577
0.0,0.080185376
0.0,0.08560881
2.0,0.049459785
0.0,0.07736972
0.0,0.078240775
0.0,0.048301414
0.0,0.043413106
0.0,0.0981074
0.0,0.04823215
0.0,0.06812577
0.0,0.09100823
0.0,0.03784112
0.0,0.01354697
0.0,0.028258462
0.0,0.06312703
0.0,0.0362986
0.0,0.04632201
0.0,0.039231464
0.0,0.052433066
0.0,0.040983018
0.0,0.04189568
0.0,0.099365465
0.0,0.07672843
0.0,0.045682978
0.0,0.048176903
0.0,0.07126589
0.0,0.06752965
0.0,0.007864547
0.0,0.054305963
0.0,0.08450252
0.0,0.046182215
0.0,0.04500103
0.0,0.042917334
0.0,0.061067007
0.0,0.045628693
1.0,0.059579846
0.0,0.05095539
0.0,0.03336865
0.0,0.07801438
0.0,0.06841359
0.0,0.06267048
0.0,0.08997258
0.0,0.044545814
0.0,0.077115566
0.0,0.08655537
0.0,0.08166264
0.0,0.043963067
0.0,0.08538591
0.0,0.078808025
0.0,0.05777216
0.0,0.064671524
0.0,0.021802414
0.0,0.06153836
0.0,0.048725393
0.0,0.08583696
0.0,0.12770754
0.0,0.07172292
0.0,0.05610472
1.0,0.06244124
0.0,0.044235595
0.0,0.07778187
0.0,0.06945892
0.0,0.07320558
0.0,0.06570112
0.0,0.07098443
0.0,0.048118852
0.0,0.04128979
0.0,0.09445243
0.0,0.068147086
0.0,0.043293804
0.0,0.08187334
0.0,0.052442968
0.0,0.06435127
0.0,0.10204674
0.0,0.0770958
0.0,0.11761571
0.0,0.085857265
0.0,0.04825665
0.0,0.03792696
0.0,0.009372233
0.0,0.032980043
0.0,0.047849357
0.0,0.07193102
0.0,0.06581198
0.0,0.046749316
0.0,0.07283322
0.0,0.06867127
0.0,0.022384703
0.0,0.034871496
0.0,0.06054023
1.0,0.071969375
0.0,0.043924943
0.0,0.067260586
0.0,0.030336214
0.0,0.06531287
0.0,0.05646267
0.0,0.07663859
0.0,0.037887655
0.0,0.04426507
0.0,0.061359156
0.0,0.050742347
0.0,0.10471181
0.0,0.044124667
0.0,0.0829735
0.0,0.05779725
0.0,0.048742346
0.0,0.056786895
0.0,0.042668615
0.0,0.06266446
0.0,0.06890958
0.0,0.032574467
0.0,0.051160946
0.0,0.07758167
0.0,0.06136501
0.0,0.06426531
0.0,0.003827512
0.0,0.080363736
0.0,0.060847294
0.0,0.03424538
0.0,0.05688023
0.0,0.06536649
0.0,0.06133789
0.0,0.057909485
0.0,0.045282546
0.0,0.032279707
0.0,0.04409178
0.0,0.045761533
0.0,0.059723675
0.0,0.066599905
0.0,0.03899329
0.0,0.05475925
0.0,0.067384996
0.0,0.05384318
0.0,0.05910141
0.0,0.04681643
0.0,0.036764972
0.0,0.07332092
0.0,0.026614232
0.0,0.050591867
0.0,0.075510666
0.0,0.07039948
1.0,0.042843502
0.0,0.05460696
0.0,0.045817308
0.0,0.06126911
0.0,0.05364897
0.0,0.04983514
0.0,0.058860257
0.0,0.07425258
0.0,0.033667367
0.0,0.0796552
0.0,0.039661396
0.0,0.07775469
0.0,0.07545981
0.0,0.06022742
0.0,0.03853399
0.0,0.045481928
0.0,0.07298574
0.0,0.09793559
0.0,0.062429037
0.0,0.059259452
0.0,0.06295374
0.0,0.052434467
0.0,0.09114834
0.0,0.06146188
0.0,0.07045198
0.0,0.05857333
0.0,0.057947412
0.0,0.058105595
0.0,0.06797479
0.0,0.051912524
0.0,0.042849682
0.0,0.044353545
0.0,0.07687169
0.0,0.036629215
0.0,0.058222316
0.0,0.0571486
0.0,0.066839136
0.0,0.06354137
0.0,0.06210811
0.0,0.08642952
0.0,0.055515077
0.0,0.048667125
0.0,0.091026425
0.0,0.04680402
0.0,0.060557526
0.0,0.050163165
0.0,0.03956724
0.0,0.039242774
0.0,0.04425977
0.0,0.034150228
0.0,0.0511064
0.0,0.039892167
0.0,0.05079758
0.0,0.07699767
0.0,0.06306073
0.0,0.07569306
0.0,0.03657919
0.0,0.046264343
0.0,0.050648954
0.0,0.056552667
0.0,0.08401132
0.0,0.082511134
0.0,0.07676616
0.0,0.04780885
0.0,0.09306711
0.0,0.043539226
0.0,0.0359436
1.0,0.07773872
0.0,0.04639572
0.0,0.051018164
0.0,0.03223537
0.0,0.06974507
0.0,0.08979662
0.0,0.08349936
0.0,0.059959844
0.0,0.08482197
0.0,0.07046556
0.0,0.078759655
0.0,0.035751905
0.0,0.041272096
0.0,0.051223435
0.0,0.060297765
0.0,0.047832064
0.0,0.04675974
0.0,0.07675641
0.0,0.05996662
0.0,0.06563472
0.0,0.071410894
0.0,0.048245214
0.0,0.04665952
0.0,0.028922273
0.0,0.08320972
0.0,0.06127187
0.0,0.04434848
1.0,0.057266433
0.0,0.026020981
0.0,0.070003554
0.0,0.06486198
0.0,0.033400126
0.0,0.042270806
0.0,0.07623206
0.0,0.0906058
0.0,0.040992957
0.0,0.055037595
0.0,0.07961879
0.0,0.054148257
0.0,0.042514894
0.0,0.059453797
0.0,0.07860101
0.0,0.043226004
0.0,0.04377409
1.0,0.093484685
0.0,0.07659044
0.0,0.09742087
0.0,0.033271417
0.0,0.053309783
0.0,0.07660558
0.0,0.06380991
0.0,0.063675545
0.0,0.055481784
0.0,0.041336756
0.0,0.051920593
0.0,0.07090986
0.0,0.11697575
0.0,0.05904103
0.0,0.067450546
0.0,0.03398712
0.0,0.0528775
0.0,0.062705375
0.0,0.049104802
0.0,0.103062965
0.0,0.052006476
0.0,0.050501566
0.0,0.059362523
0.0,0.06589572
0.0,0.06736951
0.0,0.07840493
0.0,0.059210375
0.0,0.029566301
0.0,0.049172483
0.0,0.04868748
1.0,0.049574453
0.0,0.04334423
0.0,0.06357476
0.0,0.07225605
0.0,0.05671225
0.0,0.07359145
0.0,0.085373335
0.0,0.065732814
0.0,0.09326206
1.0,0.04974855
0.0,0.04600741
0.0,0.07137067
0.0,0.043519672
0.0,0.060954858
1.0,0.037989024
0.0,0.073896565
0.0,0.09167528
0.0,0.06557162
0.0,0.072967604
0.0,0.06468133
1.0,0.038755797
0.0,0.042800825
0.0,0.076157615
0.0,0.053569075
0.0,0.0651402
0.0,0.05256915
0.0,0.06638114
0.0,0.041703
0.0,0.06396497
0.0,0.05206384
0.0,0.005819735
0.0,0.071536876
0.0,0.06771601
0.0,0.052552436
0.0,0.03430036
0.0,0.07127449
0.0,0.06612301
0.0,0.03389224
0.0,0.05213438
0.0,0.04458195
0.0,0.027307566
0.0,0.036676757
0.0,0.05246694
0.0,0.07218337
0.0,0.08892441
0.0,0.032843504
0.0,0.0792418
0.0,0.05421914
0.0,0.049540307
0.0,0.024844429
0.0,0.08459093
0.0,0.0620924
0.0,0.04505909
0.0,0.018275892
0.0,0.06461145
0.0,0.07429234
0.0,0.042390965
0.0,0.04771948
0.0,0.069377735
0.0,0.043335404
0.0,0.034487277
0.0,0.04360906
0.0,0.062158212
0.0,0.07505688
0.0,0.054843992
0.0,0.061613176
0.0,0.048962712
0.0,0.036081467
1.0,0.059131246
0.0,0.10525277
0.0,0.06382144
0.0,0.03659854
0.0,0.08421721
0.0,0.0748865
0.0,0.040799547
0.0,0.07605553
0.0,0.077416405
0.0,0.074622385
0.0,0.0656103
0.0,0.04487333
0.0,0.054891974
0.0,0.04970689
0.0,0.04552014
0.0,0.054912224
0.0,0.02700036
0.0,0.05431749
0.0,0.0668374
0.0,0.082528785
0.0,0.03550393
0.0,0.056859322
0.0,0.05138203
0.0,0.058244474
0.0,0.042341452
0.0,0.027216213
0.0,0.032747656
0.0,0.07206773
0.0,0.03662642
0.0,0.060670506
0.0,0.03769537
1.0,0.057230193
0.0,0.045631304
0.0,0.061552126
0.0,0.07574052
0.0,0.036880486
0.0,0.07743994
0.0,0.05448453
0.0,0.07619808
0.0,0.09051046
0.0,0.035365563
0.0,0.08443269
0.0,0.049799677
0.0,0.05373392
0.0,0.037822854
0.0,0.06049683
0.0,0.053586666
0.0,0.038387887
0.0,0.07957643
0.0,0.06976579
0.0,0.08291177
0.0,0.07453357
0.0,0.034582317
0.0,0.040552214
0.0,0.04347482
0.0,0.06294975
0.0,0.056300394
0.0,0.054731812
0.0,0.05070064
0.0,0.068102546
0.0,0.041397706
0.0,0.08181067
0.0,0.06455365
0.0,0.047016185
0.0,0.049441405
0.0,0.038490705
0.0,0.06443375
0.0,0.06679746
0.0,0.044096805
0.0,0.06467758
0.0,0.043736454
0.0,0.065554835
0.0,0.074066125
0.0,0.10177714
0.0,0.06879878
0.0,0.076382756
0.0,0.0760749
0.0,0.007556657
0.0,0.0695897
0.0,0.047921624
0.0,0.07845774
1.0,0.036074765
0.0,0.007979388
0.0,0.04947756
0.0,0.057683554
0.0,0.07175487
0.0,0.08169907
0.0,0.051959652
0.0,0.082357675
0.0,0.067411676
0.0,0.072920635
0.0,0.06849579
0.0,0.07283836
0.0,0.041210063
0.0,0.042782664
0.0,0.06521633
0.0,0.068415925
1.0,0.057720654
0.0,0.05750496
0.0,0.063470274
0.0,0.05470413
0.0,0.060056087
0.0,0.047314674
0.0,0.07585486
0.0,0.06461821
0.0,0.05252569
1.0,0.009356917
0.0,0.04056963
0.0,0.088130556
0.0,0.04211655
0.0,0.06842266
0.0,0.046073094
0.0,0.03781838
0.0,0.030676814
0.0,0.08489443
0.0,0.054992106
0.0,0.08488946
0.0,0.06751478
0.0,0.05489666
0.0,0.034654494
0.0,0.04788382
0.0,0.07043255
0.0,0.045390412
0.0,0.07492594
0.0,0.035247616
0.0,0.05302733
0.0,0.07052656
0.0,0.056486867
0.0,0.043304294
0.0,0.05195301
0.0,0.059032727
0.0,0.047512546
0.0,0.036436096
0.0,0.06510913
0.0,0.061578106
0.0,0.050790545
0.0,0.06580548
0.0,0.055249028
0.0,0.07683165
0.0,0.057853926
0.0,0.050958622
0.0,0.091406435
0.0,0.051556356
0.0,0.047604367
0.0,0.069784656
0.0,0.0703736
0.0,0.05526925
0.0,0.058462095
1.0,0.028006842
0.0,0.050877333
0.0,0.043948207
0.0,0.053484503
0.0,0.060965963
0.0,0.07397988
0.0,0.047588684
0.0,0.07977357
0.0,0.034745824
0.0,0.05518731
1.0,0.05287599
0.0,0.0758274
0.0,0.0053042932
0.0,0.048082855
0.0,0.047960304
0.0,0.03848727
0.0,0.08635543
0.0,0.08070876
0.0,0.07248998
0.0,0.038739834
0.0,0.068523325
0.0,0.04466419
0.0,0.0837426
1.0,0.07113905
0.0,0.04275118
0.0,0.054631323
0.0,0.065002
0.0,0.04685626
0.0,0.061341867
0.0,0.058166083
0.0,0.06303138
0.0,0.05690143
0.0,0.10423757
0.0,0.07309412
0.0,0.041965015
0.0,0.038177237
1.0,0.062018175
0.0,0.05961166
0.0,0.042375535
0.0,0.046857145
0.0,0.05197343
0.0,0.07196629
0.0,0.054631088
0.0,0.075958505
0.0,0.05423603
0.0,0.034729194
0.0,0.040582158
0.0,0.09193689
0.0,0.06402687
0.0,0.07936242
0.0,0.06479058
0.0,0.08110431
0.0,0.04214591
0.0,0.07422692
0.0,0.009518394
0.0,0.067737214
0.0,0.051761176
0.0,0.05273019
0.0,0.07501554
0.0,0.06454653
0.0,0.059479814
0.0,0.040081352
0.0,0.058746867
0.0,0.007190619
0.0,0.046235085
0.0,0.04430069
1.0,0.06252486
0.0,0.04853858
0.0,0.0446766
0.0,0.058750354
0.0,0.05311171
0.0,0.05734819
1.0,0.054613482
0.0,0.062234163
0.0,0.038034737
0.0,0.039197758
0.0,0.06442205
0.0,0.047645856
0.0,0.053573098
0.0,0.0459533
0.0,0.040637597
0.0,0.09000476
0.0,0.0058365343
0.0,0.05590519
0.0,0.06261593
0.0,0.036034912
0.0,0.0927201
0.0,0.04883814
0.0,0.048729297
0.0,0.06669775
0.0,0.08396598
0.0,0.08231485
0.0,0.048768327
0.0,0.057116468
0.0,0.038358636
0.0,0.039370026
0.0,0.07149632
0.0,0.0610575
1.0,0.06311816
0.0,0.05444272
0.0,0.08025348
0.0,0.05493327
0.0,0.025741916
0.0,0.027413968
1.0,0.040369794
0.0,0.069203615
0.0,0.034987662
0.0,0.040045246
0.0,0.053276394
0.0,0.068252206
0.0,0.008921636
0.0,0.04105205
0.0,0.08564293
1.0,0.07753285
0.0,0.048537493
0.0,0.05537024
1.0,0.05518573
0.0,0.054015666
0.0,0.07937266
1.0,0.056394745
0.0,0.021708867
0.0,0.08540778
1.0,0.06286506
1.0,0.04693426
1.0,0.06360322
0.0,0.063706234
0.0,0.05158628
0.0,0.075803064
0.0,0.03659328
0.0,0.05026351
0.0,0.0626002
0.0,0.06687685
0.0,0.05067584
0.0,0.039248414
0.0,0.06602401
0.0,0.06444541
0.0,0.048595585
0.0,0.057732135
0.0,0.087156296
0.0,0.04711373
0.0,0.049853537
0.0,0.06539608
0.0,0.052596107
0.0,0.08442494
0.0,0.07610646
0.0,0.055429917
0.0,0.06608778
0.0,0.05535139
0.0,0.05373725
0.0,0.07094406
0.0,0.043288954
0.0,0.0052130567
0.0,0.089013204
0.0,0.05444359
0.0,0.037720732
0.0,0.069824
0.0,0.06697698
0.0,0.0846676
0.0,0.07307461
0.0,0.0852454
0.0,0.041369975
0.0,0.048471007
0.0,0.03776036
0.0,0.059390284
0.0,0.05732625
0.0,0.06701637
0.0,0.04940982
0.0,0.07429891
0.0,0.05964581
0.0,0.034808666
0.0,0.08333172
0.0,0.067398846
0.0,0.055793047
0.0,0.0591643
0.0,0.05979969
0.0,0.06440821
0.0,0.043692462
0.0,0.08769262
0.0,0.055539805
0.0,0.041036464
0.0,0.09952468
0.0,0.03558739
0.0,0.045317747
0.0,0.07405677
0.0,0.0773264
0.0,0.077010006
0.0,0.058808427
0.0,0.112651005
0.0,0.04166429
0.0,0.06851798
0.0,0.026894929
0.0,0.058897655
0.0,0.059133306
0.0,0.025679275
0.0,0.046566326
0.0,0.047651388
0.0,0.05443474
0.0,0.039104283
0.0,0.06695654
0.0,0.04594125
0.0,0.085262634
0.0,0.053513765
0.0,0.057651475
0.0,0.034982238
0.0,0.07318326
0.0,0.05216452
0.0,0.0737202
0.0,0.0635538
0.0,0.048483387
0.0,0.06429026
0.0,0.04246312
0.0,0.05823627
0.0,0.037704132
0.0,0.035090767
0.0,0.055234052
0.0,0.06975984
0.0,0.07809748
1.0,0.07837066
0.0,0.060718782
0.0,0.049580127
0.0,0.055017337
0.0,0.03809934
0.0,0.048826918
0.0,0.024490131
1.0,0.043751117
0.0,0.03972399
0.0,0.10274025
0.0,0.10327928
0.0,0.11213736
0.0,0.051407296
0.0,0.05235377
0.0,0.034267355
0.0,0.062290262
0.0,0.051854644
0.0,0.08026954
0.0,0.036112286
0.0,0.07157874
1.0,0.07103473
0.0,0.05972302
0.0,0.09019418
0.0,0.095089406
0.0,0.06057182
0.0,0.025627948
0.0,0.06723905
0.0,0.06301468
0.0,0.043898486
0.0,0.062215902
0.0,0.018528612
0.0,0.03864114
0.0,0.038358472
0.0,0.03056639
0.0,0.04172826
0.0,0.076439686
0.0,0.08287498
0.0,0.05626922
0.0,0.040912326
0.0,0.058297783
0.0,0.03733765
0.0,0.07917626
0.0,0.07623936
0.0,0.06603806
0.0,0.08798332
0.0,0.044857062
1.0,0.06609245
0.0,0.08844933
0.0,0.057761144
1.0,0.091783755
0.0,0.0691665
0.0,0.040812224
0.0,0.07263743
0.0,0.023241827
0.0,0.10205458
0.0,0.03744351
0.0,0.054616086
0.0,0.03622152
0.0,0.047626115
0.0,0.06133428
0.0,0.042605
0.0,0.053731486
0.0,0.04917022
0.0,0.0816183
0.0,0.037200276
0.0,0.032586172
0.0,0.083422884
0.0,0.067266665
0.0,0.064358726
0.0,0.013317149
0.0,0.08560246
0.0,0.06806708
0.0,0.06662209
0.0,0.086010456
0.0,0.060524356
0.0,0.052529335
0.0,0.039112516
0.0,0.05000205
0.0,0.071594104
0.0,0.03700106
0.0,0.030214768
0.0,0.04477519
0.0,0.05507734
0.0,0.08548874
0.0,0.056673188
0.0,0.055064473
0.0,0.024431836
0.0,0.03947095
0.0,0.067700885
0.0,0.07447133
0.0,0.06704411
0.0,0.034715783
0.0,0.0913626
0.0,0.07769623
0.0,0.051073395
0.0,0.028365687
0.0,0.05417265
0.0,0.051439013
0.0,0.0419524
0.0,0.08132812
0.0,0.055701736
0.0,0.08912333
0.0,0.06336044
0.0,0.10274187
0.0,0.07513787
1.0,0.050801214
0.0,0.039457053
0.0,0.05471793
0.0,0.062268298
0.0,0.023958046
0.0,0.036820356
0.0,0.038204025
0.0,0.09261663
0.0,0.037404537
0.0,0.044699825
0.0,0.03776666
0.0,0.051517736
0.0,0.08565624
0.0,0.038487528
0.0,0.018958535
0.0,0.08062183
0.0,0.008973226
0.0,0.04028917
0.0,0.03952897
0.0,0.09516743
1.0,0.04719811
0.0,0.0545486
0.0,0.07015593
0.0,0.04034047
0.0,0.033195272
0.0,0.0383911
0.0,0.062507495
0.0,0.046222996
0.0,0.07470749
0.0,0.11467539
0.0,0.08785397
0.0,0.05272744
0.0,0.08939639
0.0,0.07154347
0.0,0.06780365
0.0,0.090958476
0.0,0.07604465
0.0,0.044553146
0.0,0.0506868
0.0,0.07391646
0.0,0.080428764
0.0,0.044725962
0.0,0.0661909
0.0,0.059030112
0.0,0.092359856
0.0,0.04144092
0.0,0.06663183
0.0,0.041496564
0.0,0.06991999
0.0,0.06940131
0.0,0.059786715
0.0,0.08255026
1.0,0.05708872
0.0,0.03607548
0.0,0.051225282
0.0,0.074840166
0.0,0.057748944
0.0,0.092658445
0.0,0.075303376
0.0,0.031681284
0.0,0.03565914
0.0,0.0599788
0.0,0.060334723
0.0,0.054436762
0.0,0.045749955
0.0,0.05757476
0.0,0.029724333
0.0,0.027715309
0.0,0.0916725
0.0,0.06630477
0.0,0.0065525584
0.0,0.050611135
0.0,0.03205055
0.0,0.07672089
0.0,0.009659886
0.0,0.03341639
0.0,0.047529243
0.0,0.048562936
0.0,0.06505005
0.0,0.03807325
0.0,0.048607275
0.0,0.046496578
0.0,0.0460568
0.0,0.065260194
0.0,0.040807195
0.0,0.055766117
0.0,0.06940227
0.0,0.055576086
0.0,0.06005013
0.0,0.06701841
0.0,0.06110406
0.0,0.0859112
0.0,0.077982195
0.0,0.05524481
0.0,0.07648584
0.0,0.06784673
0.0,0.0076047187
0.0,0.06698415
0.0,0.05841241
0.0,0.072770976
0.0,0.040252656
0.0,0.045582667
0.0,0.03674747
0.0,0.07219455
0.0,0.06904466
0.0,0.057658322
0.0,0.044566616
0.0,0.046921916
0.0,0.04385727
0.0,0.04069522
0.0,0.07398194
2.0,0.030923784
0.0,0.05577137
0.0,0.07585271
0.0,0.04220905
0.0,0.052683707
0.0,0.040448885
0.0,0.090032704
0.0,0.053092733
0.0,0.057513926
0.0,0.086542636
0.0,0.05430067
0.0,0.040316068
0.0,0.04271327
0.0,0.07547924
0.0,0.06751783
0.0,0.04157708
0.0,0.048043273
0.0,0.047289684
0.0,0.055750232
0.0,0.037021913
1.0,0.06470456
0.0,0.07235973
0.0,0.059407733
0.0,0.052195102
0.0,0.097375914
0.0,0.062451202
0.0,0.08444628
0.0,0.06277511
0.0,0.0054760054
0.0,0.03858046
0.0,0.077583164
0.0,0.045394644
0.0,0.06607948
0.0,0.056597017
0.0,0.05183666
0.0,0.049603857
0.0,0.059364535
2.0,0.08683948
0.0,0.067945674
0.0,0.057752963
0.0,0.03428817
0.0,0.064055316
0.0,0.048604287
0.0,0.07407042
0.0,0.03961252
0.0,0.06373695
0.0,0.06050824
1.0,0.02749553
0.0,0.03427851
0.0,0.055710502
0.0,0.06920917
0.0,0.055186678
0.0,0.03751681
0.0,0.05961905
0.0,0.05404152
0.0,0.062467583
0.0,0.040273737
0.0,0.07560593
0.0,0.052507848
0.0,0.03843567
0.0,0.060121816
0.0,0.061595097
0.0,0.054105155
0.0,0.03669864
0.0,0.12230559
0.0,0.05541941
0.0,0.04783124
0.0,0.038054474
0.0,0.051226012
0.0,0.066317126
0.0,0.05685886
0.0,0.045548685
0.0,0.044236816
0.0,0.06261965
0.0,0.10407772
0.0,0.08046748
0.0,0.09177378
0.0,0.04943446
2.0,0.040754206
0.0,0.077486485
0.0,0.060553916
1.0,0.06740158
0.0,0.060235005
0.0,0.074118726
0.0,0.07144596
0.0,0.078287445
0.0,0.045359395
0.0,0.09096801
0.0,0.036693618
0.0,0.038704503
0.0,0.081565954
0.0,0.040260375
0.0,0.038888954
0.0,0.06534882
0.0,0.050863348
0.0,0.05869459
0.0,0.06488359
0.0,0.054240488
0.0,0.09214782
0.0,0.053361006
0.0,0.033495676
0.0,0.043007966
0.0,0.057210997
0.0,0.042279262
0.0,0.03078131
0.0,0.034305245
0.0,0.057937186
0.0,0.10176428
0.0,0.071241826
0.0,0.038699705
0.0,0.07901827
0.0,0.091730684
0.0,0.04463347
0.0,0.052685995
0.0,0.060855478
0.0,0.04765658
0.0,0.09640753
0.0,0.07518186
0.0,0.05403884
0.0,0.04858552
0.0,0.051813453
0.0,0.06196371
0.0,0.08808556
1.0,0.04740686
0.0,0.044777006
0.0,0.06926963
0.0,0.0464286
0.0,0.071576655
0.0,0.07235715
0.0,0.052038673
0.0,0.076382734
0.0,0.04178834
0.0,0.0634321
0.0,0.037603524
0.0,0.04795694
0.0,0.09456681
0.0,0.05291239
0.0,0.043766048
0.0,0.0771645
0.0,0.06981794
0.0,0.08326581
0.0,0.044743262
0.0,0.06836732
0.0,0.064513735
0.0,0.05064264
0.0,0.03124173
0.0,0.10240712
0.0,0.034502827
0.0,0.05333174
0.0,0.027790932
0.0,0.058864888
0.0,0.0979346
0.0,0.060797352
0.0,0.049198374
0.0,0.059508722
0.0,0.06665596
0.0,0.060221147
0.0,0.04985299
0.0,0.068230174
0.0,0.056656018
0.0,0.074498765
0.0,0.05175464
0.0,0.051760092
0.0,0.06659857
0.0,0.079221964
0.0,0.04667645
1.0,0.068966314
0.0,0.08431958
0.0,0.043125905
0.0,0.0309384
0.0,0.060611114
0.0,0.05986334
1.0,0.04715341
0.0,0.055881098
0.0,0.06928816
0.0,0.06237469
0.0,0.07180912
0.0,0.06346533
0.0,0.047785364
0.0,0.07423996
0.0,0.061522387
0.0,0.07211752
0.0,0.07294224
0.0,0.08077188
0.0,0.046360813
0.0,0.10633157
0.0,0.068709
0.0,0.06977494
0.0,0.05244223
0.0,0.040061615
0.0,0.047287382
0.0,0.07803025
0.0,0.06765687
0.0,0.05035185
0.0,0.09487262
0.0,0.05208147
1.0,0.065386444
0.0,0.05245836
0.0,0.09716459
0.0,0.054374073
0.0,0.049489968
0.0,0.096934
1.0,0.061320927
0.0,0.048292585
0.0,0.07271165
1.0,0.028233172
0.0,0.0545564
0.0,0.08731511
0.0,0.043774217
0.0,0.050116662
0.0,0.069477364
0.0,0.050757736
1.0,0.06474628
0.0,0.044748798
0.0,0.04514927
0.0,0.069133215
0.0,0.05251927
0.0,0.061009962
0.0,0.07256323
0.0,0.058649518
0.0,0.07713897
0.0,0.066733964
0.0,0.06768
0.0,0.06407279
0.0,0.05975079
0.0,0.036633234
0.0,0.04458028
0.0,0.053195123
0.0,0.077211924
0.0,0.08798372
0.0,0.049930334
0.0,0.08825322
0.0,0.048529692
0.0,0.06729811
0.0,0.06509774
0.0,0.045171503
0.0,0.08312644
0.0,0.05490725
1.0,0.0620536
0.0,0.06375678
0.0,0.04269094
0.0,0.04611653
0.0,0.065071285
0.0,0.037158918
0.0,0.040727884
0.0,0.065599866
1.0,0.06656411
0.0,0.06051515
0.0,0.048388787
0.0,0.04648123
0.0,0.076613925
0.0,0.046201665
0.0,0.06877659
0.0,0.007780465
0.0,0.04508501
0.0,0.081504524
0.0,0.04361613
0.0,0.02769507
0.0,0.034601286
0.0,0.04727451
0.0,0.035250958
0.0,0.07107009
0.0,0.043513726
0.0,0.03911288
0.0,0.08214076
0.0,0.063954726
0.0,0.04460984
0.0,0.071304716
0.0,0.0367241
0.0,0.116277926
0.0,0.07264045
0.0,0.06576001
0.0,0.04611873
0.0,0.06643434
0.0,0.047427446
0.0,0.0442907
0.0,0.06324481
0.0,0.036221728
0.0,0.090007514
0.0,0.051509447
0.0,0.049005434
0.0,0.056703124
0.0,0.034012094
0.0,0.04335665
0.0,0.06260635
0.0,0.07733085
0.0,0.041989885
0.0,0.09897805
0.0,0.059898004
0.0,0.07761767
0.0,0.055441707
0.0,0.048140712
0.0,0.0645785
0.0,0.073397435
0.0,0.07982456
0.0,0.062145587
0.0,0.05486727
0.0,0.05298368
0.0,0.039138775
0.0,0.084224425
1.0,0.08419559
0.0,0.07915837
0.0,0.04215018
0.0,0.115690365
0.0,0.04083579
0.0,0.051146116
1.0,0.060487427
0.0,0.042580884
0.0,0.057710487
0.0,0.056280732
0.0,0.061646443
0.0,0.045663968
0.0,0.033191457
0.0,0.07564195
0.0,0.061009265
0.0,0.05066284
0.0,0.05509418
0.0,0.090993434
0.0,0.03885711
0.0,0.04278943
0.0,0.070209935
0.0,0.043159764
0.0,0.044274695
0.0,0.05251386
0.0,0.06497723
0.0,0.04255891
0.0,0.06657552
0.0,0.044220112
0.0,0.06873512
0.0,0.045475475
0.0,0.019795243
0.0,0.050315704
0.0,0.05603328
0.0,0.031464987
0.0,0.008937838
0.0,0.07058728
0.0,0.042343967
0.0,0.053896867
0.0,0.06350654
0.0,0.08784515
0.0,0.03789745
0.0,0.06452855
0.0,0.0617447
0.0,0.04258351
0.0,0.052847072
0.0,0.04456224
0.0,0.058652412
0.0,0.08104729
0.0,0.07033041
0.0,0.07716728
1.0,0.046575435
0.0,0.047974553
0.0,0.083410256
0.0,0.05959982
0.0,0.086717375
1.0,0.06253243
0.0,0.052146442
0.0,0.04646329
0.0,0.07679706
0.0,0.08116155
0.0,0.08204896
0.0,0.047233433
0.0,0.053762432
0.0,0.06906911
0.0,0.063514344
0.0,0.058549274
0.0,0.074108794
0.0,0.048180833
0.0,0.09487552
0.0,0.05408656
0.0,0.08567814
0.0,0.09219078
0.0,0.04315059
0.0,0.048276916
0.0,0.04047334
1.0,0.04756085
0.0,0.046294287
0.0,0.0442911
0.0,0.049776327
0.0,0.049357735
0.0,0.07508296
0.0,0.06552194
0.0,0.074661486
0.0,0.04013211
0.0,0.071748935
0.0,0.10206582
0.0,0.03718196
0.0,0.04581082
0.0,0.044543713
0.0,0.06415276
0.0,0.072951496
0.0,0.056415603
0.0,0.060049355
0.0,0.035718232
0.0,0.06376781
0.0,0.051906485
0.0,0.06964095
0.0,0.05043457
0.0,0.035549883
0.0,0.065342024
0.0,0.06839111
0.0,0.085350744
0.0,0.07469203
0.0,0.061097607
0.0,0.11539874
0.0,0.08197297
0.0,0.0721021
0.0,0.03730227
0.0,0.047492635
0.0,0.036378026
0.0,0.05577891
0.0,0.053589117
0.0,0.038453408
0.0,0.034582432
0.0,0.06822058
0.0,0.051039554
0.0,0.07617312
0.0,0.06263166
0.0,0.059911314
1.0,0.05245112
0.0,0.08326704
0.0,0.05037027
0.0,0.0025626242
0.0,0.04075199
0.0,0.09057626
0.0,0.042476982
0.0,0.08633686
0.0,0.083341375
0.0,0.047136877
0.0,0.05255692
0.0,0.102609284
0.0,0.10019514
0.0,0.04442713
0.0,0.03597678
0.0,0.046604346
0.0,0.060333487
0.0,0.044256583
0.0,0.046371438
0.0,0.062677294
0.0,0.04374121
0.0,0.057289537
0.0,0.058820754
0.0,0.04530799
0.0,0.065769464
0.0,0.081551835
0.0,0.07077276
0.0,0.06207637
0.0,0.08416031
0.0,0.04263155
0.0,0.042628877
0.0,0.06871405
0.0,0.05380951
0.0,0.05564847
0.0,0.054640964
0.0,0.0596383
0.0,0.046629887
0.0,0.038195036
0.0,0.04897204
0.0,0.034173
0.0,0.08045374
1.0,0.07952905
1.0,0.063081466
0.0,0.0620707
0.0,0.06938607
0.0,0.09299968
0.0,0.053215228
1.0,0.07674871
0.0,0.066882364
0.0,0.06666905
0.0,0.04339415
0.0,0.0942225
0.0,0.0359967
0.0,0.077548526
0.0,0.08636013
0.0,0.03749036
0.0,0.040959567
0.0,0.0361266
0.0,0.07775378
0.0,0.049207687
0.0,0.056062076
0.0,0.0775894
0.0,0.058287997
0.0,0.05408252
0.0,0.04044687
0.0,0.07030901
0.0,0.04037142
0.0,0.03991615
0.0,0.06354688
0.0,0.086584926
0.0,0.044391766
0.0,0.062365737
0.0,0.07325683
0.0,0.05058311
0.0,0.05871298
0.0,0.061019942
0.0,0.071783565
0.0,0.034317948
0.0,0.100150764
0.0,0.07178348
1.0,0.07116463
1.0,0.053081214
0.0,0.07840142
0.0,0.006780533
0.0,0.06632289
0.0,0.053096708
0.0,0.09369655
0.0,0.06421448
0.0,0.04196632
0.0,0.06701033
0.0,0.06534355
0.0,0.06549108
0.0,0.046145804
0.0,0.06198732
0.0,0.051236738
0.0,0.060818214
0.0,0.08305748
0.0,0.048222803
0.0,0.044971384
0.0,0.072366394
0.0,0.040594004
0.0,0.034433994
0.0,0.04828737
0.0,0.04382684
0.0,0.085297346
0.0,0.0713484
0.0,0.07781361
0.0,0.048768677
0.0,0.07747553
0.0,0.06072606
1.0,0.07091548
0.0,0.041377883
0.0,0.047075115
1.0,0.086134054
0.0,0.056677036
1.0,0.041052833
0.0,0.074413024
0.0,0.05414503
0.0,0.0667635
0.0,0.06461992
0.0,0.07723465
0.0,0.041124247
0.0,0.10696452
0.0,0.09208453
0.0,0.0429749
0.0,0.069818504
0.0,0.051735908
0.0,0.05182907
0.0,0.05004496
0.0,0.03897051
0.0,0.046726353
0.0,0.05127082
0.0,0.03747212
0.0,0.04210392
0.0,0.042536978
0.0,0.04882815
1.0,0.06774539
0.0,0.04141043
0.0,0.08021176
0.0,0.075694814
0.0,0.07236415
0.0,0.056794398
0.0,0.07449648
0.0,0.0583589
0.0,0.09145972
0.0,0.07141295
1.0,0.07529099
0.0,0.054952275
1.0,0.08447699
0.0,0.054534424
0.0,0.046135005
0.0,0.0714702
0.0,0.031797394
0.0,0.08426942
0.0,0.03278146
2.0,0.0703884
0.0,0.05974052
0.0,0.05919918
1.0,0.08452678
0.0,0.0486143
0.0,0.051510576
1.0,0.052212738
0.0,0.055814575
0.0,0.06943425
0.0,0.07152374
0.0,0.073175095
0.0,0.06487954
0.0,0.051196367
0.0,0.082666814
0.0,0.076343246
0.0,0.056785733
0.0,0.067452125
0.0,0.04631745
0.0,0.041460745
0.0,0.06965015
0.0,0.041512575
0.0,0.054891452
0.0,0.041759744
0.0,0.06640042
0.0,0.02657134
0.0,0.066005096
0.0,0.07119936
0.0,0.07568588
0.0,0.068345904
1.0,0.006821641
0.0,0.062129557
0.0,0.032333024
1.0,0.035173755
0.0,0.05705552
0.0,0.070201844
1.0,0.055274073
0.0,0.07611998
0.0,0.041526414
0.0,0.03985515
0.0,0.04658542
0.0,0.06971205
0.0,0.06577633
0.0,0.027741885
0.0,0.056659054
0.0,0.0606298
0.0,0.05718709
0.0,0.11091789
0.0,0.07876848
0.0,0.05001533
0.0,0.06813066
0.0,0.064904936
0.0,0.07376358
0.0,0.09445435
0.0,0.07234545
0.0,0.046006218
0.0,0.053120084
0.0,0.07321124
0.0,0.057067696
0.0,0.044302233
0.0,0.039071314
0.0,0.08884363
0.0,0.09558073
0.0,0.061226293
0.0,0.005790788
0.0,0.0448467
0.0,0.07749792
0.0,0.051709037
0.0,0.05821385
0.0,0.047537677
0.0,0.06689077
0.0,0.09174271
0.0,0.050969023
0.0,0.043104194
0.0,0.05354235
0.0,0.08231771
0.0,0.07706472
0.0,0.05523654
0.0,0.04672888
0.0,0.04185702
0.0,0.0491543
0.0,0.06655226
0.0,0.054889962
0.0,0.06288309
0.0,0.04091224
0.0,0.04397229
0.0,0.039469264
0.0,0.062257048
0.0,0.06481159
0.0,0.07301292
0.0,0.03188345
0.0,0.0056084106
0.0,0.060574505
0.0,0.08212689
0.0,0.09954551
0.0,0.072742194
0.0,0.09775039
0.0,0.04440105
1.0,0.06531326
0.0,0.06371754
0.0,0.036234163
0.0,0.09085526
0.0,0.0048130155
0.0,0.052195262
0.0,0.06231327
0.0,0.06578814
0.0,0.05809885
0.0,0.087115705
0.0,0.066823125
0.0,0.05239179
0.0,0.08678126
1.0,0.07254723
0.0,0.06943322
0.0,0.05096308
0.0,0.058534607
0.0,0.063384295
0.0,0.056384917
0.0,0.061406236
0.0,0.049359523
0.0,0.07873005
0.0,0.05602588
1.0,0.037896384
0.0,0.07107566
0.0,0.046860565
0.0,0.039775513
0.0,0.06399012
0.0,0.039244268
0.0,0.039208487
0.0,0.040270742
0.0,0.049365867
0.0,0.06295673
0.0,0.02670429
0.0,0.02577352
0.0,0.06906673
0.0,0.05765626
0.0,0.0848144
0.0,0.061454058
0.0,0.08178584
0.0,0.0919542
0.0,0.049655188
0.0,0.059452932
0.0,0.062426712
0.0,0.06267744
0.0,0.047850702
0.0,0.055835553
1.0,0.046938032
0.0,0.055342603
0.0,0.028186798
0.0,0.060436208
0.0,0.066512756
0.0,0.052805196
0.0,0.06441988
0.0,0.0561157
0.0,0.06915702
0.0,0.09268078
0.0,0.0603953
0.0,0.03158831
0.0,0.08401725
0.0,0.08078812
0.0,0.06473827
0.0,0.0696646
0.0,0.05276977
0.0,0.049794525
0.0,0.08117093
0.0,0.09101984
0.0,0.05343365
0.0,0.05860134
1.0,0.061158802
0.0,0.04003338
0.0,0.08241792
0.0,0.06453718
0.0,0.060535498
0.0,0.062936544
0.0,0.017369814
0.0,0.11463302
0.0,0.028461054
0.0,0.05883642
0.0,0.045494236
0.0,0.12331141
0.0,0.02950548
1.0,0.07504973
0.0,0.061783724
0.0,0.060334723
0.0,0.038079515
0.0,0.04446142
0.0,0.08296363
0.0,0.062149335
0.0,0.065493
0.0,0.046169654
0.0,0.007778885
0.0,0.07284564
0.0,0.07192166
0.0,0.059296623
1.0,0.07325484
0.0,0.08303408
0.0,0.045564804
0.0,0.045679033
0.0,0.06879647
0.0,0.056391798
0.0,0.048583966
0.0,0.033101052
0.0,0.053523283
0.0,0.059153527
0.0,0.08028125
0.0,0.011525087
0.0,0.065180674
1.0,0.062239386
0.0,0.06663887
0.0,0.069879025
0.0,0.059101917
0.0,0.033877037
0.0,0.059632685
0.0,0.04898115
0.0,0.043084383
0.0,0.07022756
0.0,0.03509217
0.0,0.068192154
0.0,0.056022447
0.0,0.07617984
0.0,0.067535155
0.0,0.03596498
0.0,0.042778462
0.0,0.049928427
0.0,0.03094487
0.0,0.08013817
0.0,0.041997157
0.0,0.07784972
0.0,0.047841072
0.0,0.030438382
0.0,0.06894328
0.0,0.06582425
0.0,0.034143902
0.0,0.0657203
0.0,0.04626015
1.0,0.037777685
0.0,0.060309123
0.0,0.073295504
0.0,0.08015856
0.0,0.087424494
0.0,0.06503673
0.0,0.08158849
0.0,0.008858583
1.0,0.06935268
0.0,0.034128692
1.0,0.04980001
0.0,0.07250676
0.0,0.06885978
0.0,0.06869439
0.0,0.04771173
0.0,0.0653996
0.0,0.060985792
0.0,0.061018575
0.0,0.04976014
0.0,0.06946024
0.0,0.059641782
0.0,0.02597756
0.0,0.009828898
0.0,0.08491411
0.0,0.068666145
0.0,0.03275512
0.0,0.056411
0.0,0.08333027
0.0,0.051482532
0.0,0.07570707
0.0,0.036439747
0.0,0.018907225
0.0,0.054856572
0.0,0.09847748
0.0,0.044987343
0.0,0.04298192
1.0,0.073448434
0.0,0.04806236
0.0,0.057271075
0.0,0.063970245
0.0,0.08175455
0.0,0.06912949
0.0,0.08065369
0.0,0.05379658
0.0,0.040882453
0.0,0.034741268
0.0,0.050040953
0.0,0.07851557
0.0,0.050331876
0.0,0.06184841
0.0,0.040807426
0.0,0.07163974
0.0,0.0638187
0.0,0.06678464
0.0,0.051813554
0.0,0.042808358
0.0,0.041621312
0.0,0.025237007
0.0,0.008115604
0.0,0.031687297
0.0,0.04747699
0.0,0.051036436
0.0,0.05927652
0.0,0.05349384
0.0,0.06686389
0.0,0.06382199
0.0,0.109199986
0.0,0.046885997
0.0,0.039083198
0.0,0.008205146
0.0,0.033787116
0.0,0.056819968
0.0,0.06433663
0.0,0.024993528
0.0,0.03532075
0.0,0.049994275
0.0,0.030817952
0.0,0.0053256378
0.0,0.07426834
0.0,0.09878732
0.0,0.039390672
0.0,0.029690456
0.0,0.07281111
0.0,0.07207199
0.0,0.047917705
0.0,0.06448778
0.0,0.0393465
0.0,0.07885271
0.0,0.04956942
0.0,0.04713826
0.0,0.09449255
0.0,0.06030875
0.0,0.05256409
0.0,0.03796725
0.0,0.07744129
0.0,0.04592353
0.0,0.052861743
0.0,0.080752954
0.0,0.046024375
0.0,0.049671277
0.0,0.05976645
0.0,0.056193113
0.0,0.040531017
0.0,0.0657547
0.0,0.083776936
0.0,0.051678706
0.0,0.031658925
0.0,0.07182106
0.0,0.026765572
0.0,0.081452504
0.0,0.09675904
0.0,0.07308137
0.0,0.049606435
0.0,0.07148381
0.0,0.049098305
0.0,0.05435052
0.0,0.07860041
0.0,0.05137277
0.0,0.05015196
0.0,0.08708065
0.0,0.039641704
0.0,0.035694364
1.0,0.053400397
0.0,0.040619835
0.0,0.05893721
0.0,0.056130406
1.0,0.054850046
0.0,0.04559326
0.0,0.0680531
0.0,0.042614296
0.0,0.035800576
0.0,0.059637945
0.0,0.05173539
0.0,0.06471764
0.0,0.031157177
0.0,0.034900147
0.0,0.047960564
0.0,0.05546061
0.0,0.058387306
0.0,0.043001384
0.0,0.07395552
0.0,0.054418333
0.0,0.074903265
0.0,0.08644207
0.0,0.033722267
0.0,0.06707807
0.0,0.043395836
0.0,0.059358478
0.0,0.058311448
0.0,0.042561952
0.0,0.062015012
0.0,0.04910486
0.0,0.078309506
0.0,0.07796055
0.0,0.036698237
0.0,0.041139804
0.0,0.06707244
0.0,0.04339292
0.0,0.07942343
1.0,0.03589542
0.0,0.04599563
0.0,0.056115087
0.0,0.046349395
0.0,0.03314616
1.0,0.04957806
0.0,0.046288878
0.0,0.03761228
0.0,0.07625914
0.0,0.03746789
0.0,0.047083963
0.0,0.043773916
0.0,0.059879825
0.0,0.01807693
0.0,0.06006091
0.0,0.062783584
0.0,0.06951299
0.0,0.07391803
0.0,0.042260487
0.0,0.075227685
0.0,0.0286826
0.0,0.05648707
0.0,0.035890013
0.0,0.06057422
0.0,0.048729785
0.0,0.086749695
0.0,0.031970195
0.0,0.05366243
0.0,0.032414634
0.0,0.069123685
0.0,0.05251133
1.0,0.041675698
0.0,0.06354543
1.0,0.07264189
0.0,0.055284988
0.0,0.053971216
0.0,0.06533639
0.0,0.065510154
0.0,0.06552137
1.0,0.05152998
0.0,0.1204124
0.0,0.030381981
0.0,0.05927983
0.0,0.056310784
0.0,0.04476898
0.0,0.091353804
0.0,0.032649536
0.0,0.09010331
0.0,0.07639563
0.0,0.026260836
0.0,0.0666393
0.0,0.058642134
0.0,0.13244714
0.0,0.077639215
0.0,0.037803452
0.0,0.04713754
0.0,0.08081806
0.0,0.05131609
0.0,0.09262858
0.0,0.036815606
0.0,0.060957763
0.0,0.05498099
0.0,0.039727718
0.0,0.069773294
0.0,0.05792459
0.0,0.06900944
0.0,0.032063615
0.0,0.08004975
0.0,0.058160037
0.0,0.076745376
1.0,0.07797587
0.0,0.051072005
0.0,0.06274505
0.0,0.07891777
1.0,0.060115524
0.0,0.08185357
0.0,0.035781104
0.0,0.049714368
0.0,0.082025796
0.0,0.04765776
0.0,0.029166354
0.0,0.024997078
0.0,0.077245876
0.0,0.051730014
0.0,0.08564971
0.0,0.05684113
0.0,0.05767606
0.0,0.06426977
0.0,0.06627799
0.0,0.05718199
0.0,0.04447813
0.0,0.051083185
0.0,0.050101705
0.0,0.066751465
0.0,0.044946536
0.0,0.10060116
0.0,0.023949388
0.0,0.030062942
0.0,0.02056485
0.0,0.032923505
0.0,0.09905863
0.0,0.006940647
0.0,0.025009423
0.0,0.040051684
0.0,0.069531456
0.0,0.05066963
0.0,0.044280626
0.0,0.03410663
0.0,0.061587106
0.0,0.04013525
0.0,0.075514615
0.0,0.033073142
0.0,0.034539707
0.0,0.055380855
0.0,0.09327769
0.0,0.07140519
0.0,0.055156555
0.0,0.041418243
0.0,0.06098643
0.0,0.07229817
0.0,0.050609443
0.0,0.045135967
0.0,0.061149385
0.0,0.06312615
0.0,0.06480193
0.0,0.03898825
0.0,0.09028946
0.0,0.036334187
0.0,0.024512732
0.0,0.0710771
0.0,0.08506945
0.0,0.08064336
0.0,0.057903357
0.0,0.044044774
1.0,0.05372667
0.0,0.054372113
0.0,0.08013056
0.0,0.07545862
0.0,0.03388716
0.0,0.07571633
0.0,0.05356928
0.0,0.048618868
0.0,0.04989042
0.0,0.062002268
0.0,0.05232831
0.0,0.08863711
0.0,0.081765294
0.0,0.051074307
0.0,0.066958554
0.0,0.070110455
0.0,0.107583895
0.0,0.043137893
0.0,0.07533635
0.0,0.06709413
0.0,0.0528143
0.0,0.06543498
0.0,0.06578913
0.0,0.043873772
0.0,0.04903339
0.0,0.033654165
0.0,0.07483035
0.0,0.07974691
0.0,0.061668463
0.0,0.06688401
0.0,0.04932983
0.0,0.049367078
0.0,0.08214632
0.0,0.05743375
0.0,0.07668403
0.0,0.06298962
0.0,0.054805536
0.0,0.08222972
0.0,0.054890066
0.0,0.06162302
0.0,0.050814163
0.0,0.041836828
0.0,0.038150176
0.0,0.07385033
1.0,0.08471052
0.0,0.028700674
0.0,0.023711931
0.0,0.04663767
0.0,0.04037018
0.0,0.07016393
0.0,0.03817086
0.0,0.038448017
0.0,0.058875095
0.0,0.041625917
0.0,0.042169422
0.0,0.06028348
0.0,0.03683395
0.0,0.06558804
0.0,0.043472487
0.0,0.07097085
0.0,0.03916848
0.0,0.031022398
0.0,0.06249267
0.0,0.036853395
0.0,0.04825346
0.0,0.04435588
0.0,0.06678592
0.0,0.041609146
0.0,0.096055105
0.0,0.031080306
0.0,0.052094832
0.0,0.06457671
0.0,0.06168546
0.0,0.056726772
0.0,0.065165274
0.0,0.050112218
0.0,0.03522504
0.0,0.050295375
0.0,0.07240384
0.0,0.035645355
0.0,0.043495763
0.0,0.05035754
0.0,0.08224901
0.0,0.030277
0.0,0.049782913
0.0,0.08479782
0.0,0.059271235
0.0,0.056603238
0.0,0.06428082
0.0,0.08585575
0.0,0.025467807
0.0,0.069321565
0.0,0.043328017
0.0,0.038219277
0.0,0.054852206
0.0,0.06769903
0.0,0.07169025
0.0,0.048254028
0.0,0.078008786
0.0,0.04305939
0.0,0.041027687
0.0,0.050727468
0.0,0.074696206
0.0,0.06640042
0.0,0.07174809
1.0,0.04409216
0.0,0.03901996
0.0,0.06576908
0.0,0.085925296
0.0,0.05191985
0.0,0.042557966
0.0,0.09950318
0.0,0.05179136
0.0,0.04902833
0.0,0.038758866
0.0,0.078801386
0.0,0.0529305
0.0,0.066252425
0.0,0.06645559
0.0,0.06663245
0.0,0.048002288
0.0,0.028335601
0.0,0.0437999
0.0,0.04675615
0.0,0.078427985
0.0,0.06620698
0.0,0.08379687
0.0,0.0855502
0.0,0.062718816
0.0,0.06612158
0.0,0.0802917
0.0,0.048607532
0.0,0.039550275
0.0,0.086432874
0.0,0.052731156
0.0,0.051877014
0.0,0.044061117
0.0,0.046758514
0.0,0.08074544
0.0,0.03817103
0.0,0.05394636
0.0,0.058929246
0.0,0.052103963
0.0,0.04995729
0.0,0.054986365
0.0,0.07502992
0.0,0.09277485
1.0,0.040819533
0.0,0.041686896
0.0,0.060263645
0.0,0.029095601
0.0,0.060929853
0.0,0.06832501
0.0,0.06324842
0.0,0.05280755
0.0,0.08053592
0.0,0.051329136
0.0,0.041956242
0.0,0.06509618
1.0,0.084418625
0.0,0.048409246
0.0,0.0383511
0.0,0.10767399
0.0,0.006065772
0.0,0.05614367
0.0,0.07703564
0.0,0.060846873
0.0,0.064300165
0.0,0.04790877
0.0,0.065566406
0.0,0.060810994
0.0,0.091614164
0.0,0.08117758
0.0,0.039308865
0.0,0.04507076
0.0,0.04568766
0.0,0.04222435
0.0,0.06287734
0.0,0.06686772
0.0,0.009164394
0.0,0.06147721
0.0,0.076599866
0.0,0.06008668
0.0,0.064165704
0.0,0.024726974
0.0,0.043848634
0.0,0.08134386
0.0,0.04565399
0.0,0.02080695
0.0,0.04172448
0.0,0.045632794
0.0,0.05447313
0.0,0.054172628
0.0,0.04379073
0.0,0.06661331
0.0,0.057659708
0.0,0.04579609
0.0,0.042152774
0.0,0.0952283
0.0,0.0472132
0.0,0.024371639
0.0,0.052695516
0.0,0.025103556
0.0,0.08137519
0.0,0.04034341
0.0,0.112489805
0.0,0.033446137
0.0,0.06669779
0.0,0.07213591
0.0,0.07450427
0.0,0.085405864
0.0,0.045428522
0.0,0.050043315
0.0,0.0407584
0.0,0.045395833
0.0,0.031870756
0.0,0.054578662
0.0,0.052765768
0.0,0.057419896
0.0,0.077365495
0.0,0.036348592
0.0,0.08079744
0.0,0.04149876
0.0,0.033155218
0.0,0.053801425
0.0,0.049231872
0.0,0.070081405
0.0,0.03468608
0.0,0.07250549
0.0,0.091333896
0.0,0.04945911
0.0,0.060034882
0.0,0.064978905
0.0,0.07998785
0.0,0.04224048
0.0,0.041687742
0.0,0.049556788
0.0,0.0809018
0.0,0.054656427
0.0,0.09319811
0.0,0.054436266
0.0,0.05941748
0.0,0.060350966
0.0,0.005315023
0.0,0.02952008
0.0,0.039593477
0.0,0.07934269
0.0,0.06309189
0.0,0.06819859
0.0,0.08383448
0.0,0.06937592
0.0,0.048952676
0.0,0.068334006
0.0,0.037443787
0.0,0.08442887
0.0,0.04016182
0.0,0.062336806
0.0,0.08721306
0.0,0.038664408
0.0,0.048443917
0.0,0.054703802
0.0,0.07283528
0.0,0.0821902
0.0,0.0428401
1.0,0.037520953
0.0,0.047521573
0.0,0.045860037
0.0,0.04811237
0.0,0.059182726
0.0,0.049434166
0.0,0.036321107
0.0,0.05669534
0.0,0.028058948
0.0,0.072389066
0.0,0.076106496
0.0,0.058116373
0.0,0.04982161
0.0,0.05321627
1.0,0.058998074
0.0,0.06214101
0.0,0.08129807
0.0,0.055589315
0.0,0.06082101
0.0,0.08221815
0.0,0.102318674
0.0,0.033214286
0.0,0.067135826
0.0,0.056111313
1.0,0.06102435
0.0,0.047052573
0.0,0.051576987
0.0,0.05550294
0.0,0.04574024
0.0,0.097201854
0.0,0.04043063
0.0,0.03873344
0.0,0.09268212
0.0,0.044357084
0.0,0.08342229
0.0,0.042996205
0.0,0.042731635
0.0,0.09679437
0.0,0.04714199
0.0,0.053904206
0.0,0.054963674
0.0,0.07080145
0.0,0.06706649
0.0,0.07379777
0.0,0.017829943
0.0,0.07625125
0.0,0.047779374
0.0,0.039128214
0.0,0.04199216
0.0,0.05494338
0.0,0.046559967
0.0,0.05858051
0.0,0.04098677
0.0,0.053475015
1.0,0.008237967
0.0,0.12278674
0.0,0.11166783
0.0,0.036291797
0.0,0.050507046
0.0,0.06905221
0.0,0.087495394
0.0,0.078462005
0.0,0.06794055
0.0,0.061062377
0.0,0.053378567
0.0,0.026216019
0.0,0.048623364
0.0,0.07212279
0.0,0.035723828
0.0,0.041889258
0.0,0.024546003
0.0,0.008527821
0.0,0.0578558
0.0,0.058294613
0.0,0.03688629
0.0,0.041746672
0.0,0.057075277
0.0,0.03539335
0.0,0.08958968
0.0,0.07351932
0.0,0.047944456
0.0,0.09852398
0.0,0.04794719
0.0,0.059497174
0.0,0.10535732
0.0,0.058585398
0.0,0.07511127
0.0,0.060769178
0.0,0.04880023
1.0,0.0662434
0.0,0.040620163
0.0,0.047838494
0.0,0.07985711
0.0,0.05977755
0.0,0.08247182
0.0,0.03859042
0.0,0.07865155
0.0,0.06743447
0.0,0.045587655
0.0,0.09403273
0.0,0.039592333
0.0,0.040081237
0.0,0.06031906
0.0,0.08462806
0.0,0.048080906
0.0,0.08075919
0.0,0.09844077
0.0,0.052019693
0.0,0.085766226
0.0,0.10038746
0.0,0.07428363
0.0,0.039914276
0.0,0.06637209
0.0,0.049899712
1.0,0.037226025
0.0,0.062788166
0.0,0.06783043
0.0,0.0432814
0.0,0.02798098
0.0,0.052632987
0.0,0.054935966
0.0,0.06198125
0.0,0.03676908
0.0,0.046681546
0.0,0.06846692
0.0,0.041737597
0.0,0.05656247
0.0,0.07373639
0.0,0.04804765
0.0,0.07244554
0.0,0.06729225
0.0,0.061771866
0.0,0.008545748
0.0,0.059223462
0.0,0.06990022
0.0,0.07516942
0.0,0.0057143546
0.0,0.007830114
0.0,0.059109792
0.0,0.06462461
0.0,0.048477378
0.0,0.042807214
0.0,0.06956857
0.0,0.08721024
0.0,0.071834125
0.0,0.0773264
0.0,0.04151117
0.0,0.030032774
0.0,0.07383068
0.0,0.043948635
0.0,0.05453973
0.0,0.055895675
0.0,0.094754964
0.0,0.07524587
0.0,0.05513289
0.0,0.08633089
0.0,0.068844445
0.0,0.064417735
0.0,0.032670498
1.0,0.048672393
1.0,0.03463212
0.0,0.05011488
0.0,0.051608697
0.0,0.04885943
0.0,0.075654075
0.0,0.04142873
0.0,0.06289742
0.0,0.051451303
0.0,0.006579641
0.0,0.054215703
0.0,0.044853434
0.0,0.03154999
0.0,0.048322655
1.0,0.015811594
0.0,0.057124406
0.0,0.08550766
0.0,0.03780266
0.0,0.043824658
0.0,0.07796397
0.0,0.06523182
0.0,0.046592303
0.0,0.07576277
1.0,0.052206066
0.0,0.06949052
0.0,0.072854616
0.0,0.05838789
0.0,0.060579967
0.0,0.060061913
0.0,0.07626336
0.0,0.041482855
0.0,0.033428263
0.0,0.07461031
0.0,0.09541789
0.0,0.021656489
0.0,0.041527603
0.0,0.08746332
0.0,0.067927204
0.0,0.06207159
0.0,0.07592414
0.0,0.048631933
0.0,0.047705714
0.0,0.069869
0.0,0.066671975
0.0,0.077354744
0.0,0.06831875
0.0,0.062126566
0.0,0.069690615
0.0,0.036864936
0.0,0.046287037
0.0,0.040453225
0.0,0.047717728
0.0,0.047220767
0.0,0.08270328
0.0,0.040596724
0.0,0.046651836
0.0,0.036881417
0.0,0.04836452
0.0,0.06711403
0.0,0.05877553
0.0,0.06377572
0.0,0.077250466
0.0,0.04620768
0.0,0.045713723
0.0,0.084381476
0.0,0.04959408
0.0,0.06507937
0.0,0.07874229
0.0,0.06059753
0.0,0.0064697335
0.0,0.04877136
0.0,0.076852344
0.0,0.042515907
0.0,0.06385704
0.0,0.05135281
0.0,0.057241738
0.0,0.06307475
0.0,0.006076179
0.0,0.015417241
0.0,0.067203216
0.0,0.079525374
0.0,0.051678363
0.0,0.04653393
0.0,0.044641867
0.0,0.069689766
0.0,0.009144279
0.0,0.051197775
0.0,0.05822172
1.0,0.051395126
0.0,0.06191963
0.0,0.048221447
0.0,0.060470253
0.0,0.055654347
0.0,0.085765734
0.0,0.054382227
0.0,0.06649687
0.0,0.041194886
0.0,0.07018667
1.0,0.05088966
0.0,0.05383735
0.0,0.08340401
0.0,0.04312438
0.0,0.061908823
0.0,0.050865788
0.0,0.06289929
0.0,0.07213907
0.0,0.06571926
0.0,0.04505924
0.0,0.088190585
0.0,0.04548543
0.0,0.050489143
0.0,0.0663867
0.0,0.086702965
0.0,0.039347917
0.0,0.047897134
0.0,0.0527069
0.0,0.04601101
0.0,0.07377103
0.0,0.050322216
0.0,0.04634081
0.0,0.04231382
0.0,0.06001575
0.0,0.04392396
0.0,0.070311666
0.0,0.045561068
0.0,0.059656147
0.0,0.07217517
0.0,0.046416037
1.0,0.077292725
0.0,0.029857837
0.0,0.050797142
0.0,0.063424066
0.0,0.05713758
0.0,0.06490081
0.0,0.05011519
0.0,0.086123705
0.0,0.044361696
0.0,0.043218892
0.0,0.05930758
0.0,0.060473178
0.0,0.0358179
0.0,0.054961514
0.0,0.041330982
0.0,0.03455698
0.0,0.045187294
0.0,0.06938877
0.0,0.042463385
0.0,0.06476915
0.0,0.06587069
0.0,0.038147993
0.0,0.121221505
0.0,0.05652254
0.0,0.04821555
0.0,0.082197644
1.0,0.07113847
0.0,0.041595668
0.0,0.08190233
0.0,0.050849684
0.0,0.06195712
0.0,0.06334882
0.0,0.09963531
0.0,0.038282294
0.0,0.036043152
0.0,0.061875887
0.0,0.05842329
0.0,0.058201984
0.0,0.060691107
0.0,0.04944855
0.0,0.075644515
0.0,0.09989043
0.0,0.0468098
0.0,0.04271057
0.0,0.050450552
0.0,0.05143628
0.0,0.050144233
0.0,0.08181272
0.0,0.053950414
0.0,0.03964232
0.0,0.068633266
0.0,0.046787787
0.0,0.057629805
0.0,0.048895694
0.0,0.036800407
0.0,0.037281957
0.0,0.040884577
0.0,0.059134632
0.0,0.06549538
0.0,0.06381303
0.0,0.059926156
0.0,0.007113759
0.0,0.047907904
0.0,0.060683962
0.0,0.019265
0.0,0.038666964
0.0,0.09055777
0.0,0.04053471
0.0,0.04700475
0.0,0.03839868
0.0,0.04624425
0.0,0.052008606
0.0,0.07070257
0.0,0.08177804
0.0,0.06561122
0.0,0.048181903
0.0,0.064753264
0.0,0.04560902
0.0,0.10474197
0.0,0.056857154
0.0,0.051339246
0.0,0.054371156
0.0,0.04184671
0.0,0.05440718
0.0,0.036973476
0.0,0.03884
0.0,0.046197545
0.0,0.033750113
0.0,0.053102013
0.0,0.09797779
0.0,0.029287875
0.0,0.046126567
0.0,0.049769208
0.0,0.023732722
0.0,0.058492668
0.0,0.05328521
0.0,0.04617913
0.0,0.06329422
0.0,0.04613564
0.0,0.037081424
0.0,0.056345567
0.0,0.07820849
0.0,0.01918708
2.0,0.0077509964
0.0,0.0031083655
0.0,0.08367768
0.0,0.046412982
0.0,0.044770945
0.0,0.060005777
0.0,0.068134464
0.0,0.051997114
0.0,0.0539574
0.0,0.046968322
0.0,0.066387646
0.0,0.06943551
0.0,0.058558226
0.0,0.087739676
0.0,0.044772066
0.0,0.0359777
0.0,0.04023491
0.0,0.038789805
1.0,0.057916056
0.0,0.019862391
0.0,0.072974026
0.0,0.04479503
0.0,0.0824544
0.0,0.045844503
0.0,0.06277269
0.0,0.03612421
0.0,0.047082886
0.0,0.04274803
0.0,0.06636358
0.0,0.07735058
0.0,0.060155753
1.0,0.07700623
0.0,0.048334062
0.0,0.07109347
0.0,0.079033285
0.0,0.041895878
0.0,0.065422714
0.0,0.033024684
0.0,0.05608958
0.0,0.07261742
0.0,0.060687505
0.0,0.06439123
0.0,0.076763235
0.0,0.07573411
0.0,0.047622982
0.0,0.04812544
0.0,0.05370157
1.0,0.08029257
0.0,0.0430528
0.0,0.09683308
0.0,0.102411196
0.0,0.039072365
0.0,0.046290897
0.0,0.06504667
0.0,0.04014765
0.0,0.03385141
0.0,0.073224716
0.0,0.048491966
0.0,0.05721051
0.0,0.058174472
0.0,0.0549504
0.0,0.005938972
0.0,0.06838579
0.0,0.04492181
0.0,0.06578736
0.0,0.035046376
0.0,0.051703304
0.0,0.027813058
0.0,0.048928626
0.0,0.059751846
0.0,0.044129778
0.0,0.06579698
0.0,0.05189687
0.0,0.049900606
0.0,0.03193319
0.0,0.07154951
0.0,0.072016306
0.0,0.062469535
0.0,0.02972162
0.0,0.07585358
0.0,0.061113164
0.0,0.08658484
1.0,0.043731302
0.0,0.08419981
0.0,0.06818441
0.0,0.0678097
0.0,0.037044313
0.0,0.061259963
0.0,0.06266852
0.0,0.04621894
0.0,0.041309148
0.0,0.075709775
0.0,0.018853428
0.0,0.04863243
0.0,0.043381054
0.0,0.053023614
0.0,0.057402555
0.0,0.046686463
0.0,0.054556582
0.0,0.043993097
0.0,0.045054264
0.0,0.051304348
0.0,0.05407346
0.0,0.045593515
0.0,0.0620067
0.0,0.07771025
0.0,0.0043975245
0.0,0.085579365
0.0,0.061647825
0.0,0.0061271503
0.0,0.053374723
0.0,0.037089013
0.0,0.076417014
0.0,0.047170997
0.0,0.046377614
0.0,0.06693496
0.0,0.046319712
0.0,0.052183464
0.0,0.065026715
0.0,0.0768736
0.0,0.057562683
0.0,0.08016656
0.0,0.044188052
0.0,0.050394002
0.0,0.051286053
0.0,0.06440884
0.0,0.028037349
0.0,0.05507889
0.0,0.072619334
0.0,0.06763806
0.0,0.083386496
0.0,0.08436949
0.0,0.097496614
0.0,0.06644825
0.0,0.05207529
0.0,0.09495108
0.0,0.04951918
0.0,0.059992187
0.0,0.050867595
0.0,0.077386655
0.0,0.07800001
0.0,0.06333619
0.0,0.0704545
0.0,0.07090597
0.0,0.03199078
0.0,0.076209635
0.0,0.042568225
0.0,0.067942396
0.0,0.054393977
0.0,0.024595175
0.0,0.061636463
0.0,0.058678105
0.0,0.046733506
0.0,0.05059037
0.0,0.07799219
0.0,0.07082931
0.0,0.08475913
0.0,0.008202697
0.0,0.038187597
0.0,0.06998657
0.0,0.0664385
0.0,0.050554175
0.0,0.056369055
0.0,0.07565815
0.0,0.08123736
0.0,0.023383383
0.0,0.05581226
0.0,0.017800212
0.0,0.071465924
0.0,0.07395157
0.0,0.04914009
0.0,0.08300613
0.0,0.042206686
0.0,0.05552556
0.0,0.078274526
1.0,0.045475084
0.0,0.049917325
0.0,0.05172646
0.0,0.053900644
0.0,0.08563129
0.0,0.018608592
0.0,0.06271773
0.0,0.06027162
0.0,0.0302408
0.0,0.07903291
0.0,0.029506035
0.0,0.04311031
0.0,0.03431344
0.0,0.046937563
0.0,0.052119046
2.0,0.056234553
0.0,0.03964872
0.0,0.053533275
0.0,0.053394336
0.0,0.037605308
0.0,0.097292185
0.0,0.08554049
0.0,0.008876169
0.0,0.049264293
0.0,0.054165445
0.0,0.056608137
0.0,0.04747726
0.0,0.0537171
0.0,0.049202725
0.0,0.039897542
0.0,0.0657152
0.0,0.069269575
0.0,0.055714462
0.0,0.051845558
1.0,0.03486985
0.0,0.06758111
0.0,0.07678176
0.0,0.008069567
0.0,0.035002705
0.0,0.049179174
0.0,0.06666749
0.0,0.07705185
0.0,0.103762865
0.0,0.10029304
0.0,0.030492678
0.0,0.062379505
0.0,0.04446017
0.0,0.051775694
0.0,0.03493158
0.0,0.034677573
0.0,0.106121056
0.0,0.08891007
0.0,0.05599861
0.0,0.056886222
0.0,0.03990186
0.0,0.061216675
0.0,0.062454164
0.0,0.030795205
0.0,0.06210907
0.0,0.05869694
0.0,0.051190168
0.0,0.056919977
0.0,0.06915811
0.0,0.059240423
0.0,0.050612617
0.0,0.07257816
0.0,0.06592795
0.0,0.05457853
0.0,0.07401154
1.0,0.042926688
0.0,0.053593244
0.0,0.008654831
0.0,0.05186315
0.0,0.07257269
0.0,0.06644961
0.0,0.05431148
0.0,0.07422143
0.0,0.03645531
0.0,0.07524467
0.0,0.07620304
0.0,0.054808438
0.0,0.03906071
0.0,0.02724997
0.0,0.07443514
0.0,0.04382144
0.0,0.043735296
0.0,0.06225028
1.0,0.054431647
0.0,0.07097526
0.0,0.035542693
0.0,0.009942838
0.0,0.08790593
0.0,0.00652794
0.0,0.057278354
0.0,0.07548891
0.0,0.057781912
0.0,0.09436206
0.0,0.048864204
1.0,0.04380575
0.0,0.05895852
0.0,0.090614125
0.0,0.104136474
0.0,0.063593484
0.0,0.048382558
0.0,0.076889254
0.0,0.057263605
0.0,0.055863965
0.0,0.10975286
0.0,0.072761014
0.0,0.047414333
0.0,0.059312966
0.0,0.043774176
0.0,0.040877733
0.0,0.027503947
0.0,0.091407396
0.0,0.03483891
0.0,0.045545474
0.0,0.063794896
0.0,0.063030966
0.0,0.038334474
0.0,0.054120276
0.0,0.036518298
0.0,0.06218231
0.0,0.03360503
0.0,0.058090925
0.0,0.047137283
0.0,0.061799828
0.0,0.052983694
0.0,0.07858774
0.0,0.029478682
0.0,0.040090717
0.0,0.0704145
0.0,0.038504124
0.0,0.07995661
0.0,0.041740242
0.0,0.075997055
0.0,0.04300046
0.0,0.039596364
0.0,0.04486379
0.0,0.06892019
0.0,0.07761493
0.0,0.02503192
0.0,0.06250793
0.0,0.06724146
0.0,0.07719939
0.0,0.068079025
0.0,0.05159071
0.0,0.0595909
0.0,0.077498585
0.0,0.007276903
0.0,0.06619004
0.0,0.036985748
0.0,0.051387347
0.0,0.06399078
1.0,0.0444614
0.0,0.034412917
0.0,0.0105808005
0.0,0.07213859
0.0,0.035229713
0.0,0.056385025
0.0,0.046466313
0.0,0.0781708
0.0,0.019396951
0.0,0.06723723
0.0,0.062438786
0.0,0.08563443
0.0,0.049888615
0.0,0.054099094
0.0,0.07241258
0.0,0.0704818
0.0,0.043966085
0.0,0.06994465
0.0,0.04068252
0.0,0.068499036
0.0,0.040873505
0.0,0.036524065
0.0,0.044715483
0.0,0.07571151
0.0,0.06775724
0.0,0.059191957
0.0,0.07826249
0.0,0.10903479
0.0,0.047798842
1.0,0.08630735
0.0,0.051847078
0.0,0.04032369
0.0,0.056443207
0.0,0.059014097
1.0,0.036852397
0.0,0.046459436
0.0,0.041011177
0.0,0.043983836
0.0,0.07973132
0.0,0.05017607
0.0,0.030354714
0.0,0.05242149
0.0,0.039234906
0.0,0.068137385
0.0,0.07717031
0.0,0.07358529
0.0,0.06792157
0.0,0.05137156
0.0,0.04248869
1.0,0.029937908
0.0,0.04440826
0.0,0.06232019
0.0,0.0059076315
0.0,0.0505155
1.0,0.03282715
0.0,0.040635914
0.0,0.04379116
0.0,0.060615435
0.0,0.052143108
0.0,0.078238145
0.0,0.05716873
0.0,0.044329852
0.0,0.05029603
0.0,0.04511477
0.0,0.04404885
0.0,0.073537745
1.0,0.08312331
0.0,0.061256357
0.0,0.067539856
0.0,0.03864807
0.0,0.04399489
0.0,0.034264114
0.0,0.06952734
0.0,0.061270103
0.0,0.078053474
0.0,0.062628955
0.0,0.06528712
0.0,0.049671706
1.0,0.05448366
0.0,0.04282622
1.0,0.048350185
0.0,0.047000855
0.0,0.054960832
0.0,0.052824248
0.0,0.045487825
0.0,0.053283162
0.0,0.06471499
0.0,0.06586254
0.0,0.06649472
0.0,0.050252236
0.0,0.068473026
0.0,0.050841127
0.0,0.053011835
0.0,0.09433738
0.0,0.05850391
0.0,0.060716044
0.0,0.074430466
0.0,0.059880953
0.0,0.07053114
0.0,0.05534428
0.0,0.07208007
0.0,0.06504133
0.0,0.054668404
0.0,0.07852577
1.0,0.07538033
0.0,0.05353892
0.0,0.05350866
0.0,0.084729634
0.0,0.059689753
0.0,0.07686097
0.0,0.057472996
0.0,0.05463979
0.0,0.084784135
0.0,0.07159072
0.0,0.055583056
0.0,0.04722912
0.0,0.048932057
0.0,0.0576654
0.0,0.057351064
0.0,0.040947303
0.0,0.053257648
1.0,0.06417459
0.0,0.06724306
0.0,0.05253467
0.0,0.041840907
0.0,0.05421613
0.0,0.061735693
0.0,0.06116293
0.0,0.0057029733
0.0,0.052447744
0.0,0.07119392
0.0,0.05684124
0.0,0.06459786
0.0,0.08259223
0.0,0.041008577
0.0,0.052962616
0.0,0.078349136
0.0,0.07157557
0.0,0.056415953
0.0,0.042562015
0.0,0.057838313
0.0,0.0517002
0.0,0.04707613
0.0,0.0731097
0.0,0.005732651
0.0,0.05457931
0.0,0.08057179
0.0,0.08509552
0.0,0.072784476
0.0,0.037935
0.0,0.043685295
0.0,0.07143454
0.0,0.06297917
0.0,0.049598098
0.0,0.07229641
0.0,0.043999307
1.0,0.094979994
0.0,0.09597285
0.0,0.058769364
0.0,0.040742565
0.0,0.0726944
0.0,0.07183157
0.0,0.06564759
0.0,0.07850014
0.0,0.049403697
0.0,0.08896277
0.0,0.0803682
0.0,0.07230303
0.0,0.056064297
0.0,0.036317766
0.0,0.049686097
0.0,0.043350324
0.0,0.024891011
0.0,0.056962363
0.0,0.0823825
0.0,0.07152567
0.0,0.07835019
0.0,0.049379792
0.0,0.043504722
0.0,0.04369517
0.0,0.09589376
0.0,0.067050315
0.0,0.06308578
0.0,0.059242938
0.0,0.03848037
0.0,0.048205215
0.0,0.041888855
0.0,0.048758898
0.0,0.04423047
0.0,0.04223617
0.0,0.041766394
0.0,0.047042646
0.0,0.029367179
0.0,0.0424401
0.0,0.08231677
0.0,0.03626903
0.0,0.010258609
0.0,0.06242689
0.0,0.056643035
0.0,0.06044569
0.0,0.0429993
0.0,0.067923546
0.0,0.053573713
0.0,0.05025372
0.0,0.04730978
0.0,0.06946152
0.0,0.03341665
0.0,0.05862834
0.0,0.03967893
0.0,0.053082075
0.0,0.04433539
0.0,0.06681283
0.0,0.08180792
0.0,0.072565876
1.0,0.035787955
0.0,0.036304466
0.0,0.045561545
0.0,0.08214556
0.0,0.0801098
0.0,0.043615244
0.0,0.057063207
0.0,0.07201833
0.0,0.071601205
0.0,0.008532986
0.0,0.076767735
0.0,0.023898732
0.0,0.054826148
0.0,0.061123993
0.0,0.046239913
0.0,0.062427025
0.0,0.041723788
0.0,0.0784042
0.0,0.04448019
0.0,0.070084415
0.0,0.049611274
1.0,0.03862238
0.0,0.050262373
1.0,0.055132404
0.0,0.08438104
0.0,0.06983642
0.0,0.07385354
0.0,0.05261991
0.0,0.05797071
0.0,0.05355288
0.0,0.038775492
0.0,0.05241118
0.0,0.048092898
0.0,0.056212623
1.0,0.054686967
0.0,0.05195009
1.0,0.07811822
0.0,0.07473709
0.0,0.08083729
0.0,0.05292833
0.0,0.06568461
0.0,0.07884474
0.0,0.05207447
0.0,0.037864175
0.0,0.06678187
0.0,0.058353018
0.0,0.043125596
0.0,0.061197937
0.0,0.06917992
0.0,0.06459093
0.0,0.06419962
0.0,0.046186972
0.0,0.06802069
0.0,0.08834551
0.0,0.045636375
0.0,0.06573252
0.0,0.044089217
2.0,0.060054924
0.0,0.032816783
0.0,0.05326212
0.0,0.04219223
0.0,0.07153063
0.0,0.046603158
0.0,0.06840096
0.0,0.05697088
0.0,0.08923781
0.0,0.050898615
0.0,0.042389967
0.0,0.046669792
0.0,0.05093066
0.0,0.07225304
1.0,0.04885314
0.0,0.055076264
1.0,0.07469773
0.0,0.08955179
0.0,0.046591636
0.0,0.08833395
0.0,0.04652158
0.0,0.07920544
1.0,0.0075813653
0.0,0.046653528
0.0,0.047731996
0.0,0.09574207
0.0,0.046069317
0.0,0.068634674
0.0,0.0497556
0.0,0.03869675
0.0,0.08149226
0.0,0.06253629
0.0,0.050653156
0.0,0.05164258
0.0,0.049229093
0.0,0.038029913
0.0,0.057070747
0.0,0.086018026
0.0,0.0045051505
0.0,0.04747975
0.0,0.056486934
0.0,0.03280048
0.0,0.07200453
0.0,0.050366856
1.0,0.045534015
0.0,0.06022679
0.0,0.056788333
0.0,0.05016052
0.0,0.03438172
0.0,0.061215304
0.0,0.07669928
0.0,0.04472673
0.0,0.062415328
0.0,0.06844335
0.0,0.065981336
0.0,0.07586971
0.0,0.091626726
0.0,0.069936976
0.0,0.07224926
0.0,0.05475661
0.0,0.035716183
0.0,0.0532832
0.0,0.058435716
0.0,0.07285249
0.0,0.04849526
0.0,0.08109324
0.0,0.043861553
0.0,0.04951891
0.0,0.054494366
0.0,0.049976923
1.0,0.064904585
0.0,0.0481582
0.0,0.06622065
0.0,0.0515022
0.0,0.062375028
0.0,0.07876568
0.0,0.06133444
0.0,0.05975978
0.0,0.10129933
0.0,0.048106223
0.0,0.04644043
0.0,0.03848582
0.0,0.040189963
0.0,0.03537722
0.0,0.052108698
0.0,0.050810236
0.0,0.057155304
0.0,0.032417815
0.0,0.052971303
0.0,0.04502423
0.0,0.044761464
0.0,0.05951837
0.0,0.0053354236
0.0,0.039482564
0.0,0.04990006
0.0,0.06946921
0.0,0.040144663
0.0,0.06188403
0.0,0.04844819
0.0,0.037322786
1.0,0.011576503
0.0,0.047536023
0.0,0.06194931
0.0,0.06518846
0.0,0.049000807
0.0,0.04268407
0.0,0.07141299
0.0,0.059977114
0.0,0.040425505
0.0,0.031228364
0.0,0.07063103
0.0,0.059483033
0.0,0.051533893
0.0,0.078198776
0.0,0.04439594
0.0,0.04330126
0.0,0.06940899
0.0,0.0540748
0.0,0.039992653
0.0,0.07451907
0.0,0.090307474
0.0,0.058051094
0.0,0.047437362
0.0,0.05097505
0.0,0.06861451
0.0,0.05049922
0.0,0.05107578
0.0,0.04908674
0.0,0.055056203
0.0,0.072717726
0.0,0.041018583
0.0,0.06936574
0.0,0.050263476
0.0,0.05613917
0.0,0.05476699
0.0,0.048902992
0.0,0.04709847
0.0,0.035210136
0.0,0.05371509
0.0,0.08942619
0.0,0.057423852
0.0,0.05347735
0.0,0.047536816
1.0,0.021365425
0.0,0.008869378
0.0,0.06767161
0.0,0.042795092
0.0,0.013227975
0.0,0.051505405
0.0,0.0786493
0.0,0.06803541
0.0,0.042046078
0.0,0.054370932
0.0,0.089470714
0.0,0.06384885
0.0,0.07389586
0.0,0.048751168
1.0,0.052389555
0.0,0.08111004
0.0,0.08244666
0.0,0.049910292
0.0,0.05332603
0.0,0.06264644
0.0,0.05704446
0.0,0.055381015
0.0,0.053430997
0.0,0.08492421
0.0,0.091188855
0.0,0.057393398
0.0,0.06889479
0.0,0.07180462
0.0,0.039699256
0.0,0.06814011
0.0,0.08490239
0.0,0.047490064
2.0,0.053589784
0.0,0.05539331
1.0,0.06656267
0.0,0.07121256
0.0,0.10443566
0.0,0.03810084
0.0,0.04830396
0.0,0.050283875
0.0,0.04023575
0.0,0.08019578
0.0,0.060547244
0.0,0.07118325
1.0,0.060803935
0.0,0.07451674
0.0,0.041323937
0.0,0.05005724
0.0,0.044697545
0.0,0.064826265
0.0,0.07350722
0.0,0.051276077
0.0,0.088095956
2.0,0.06876023
0.0,0.07279509
0.0,0.08836979
0.0,0.08569505
0.0,0.06668283
0.0,0.07095115
0.0,0.07954468
0.0,0.074030034
0.0,0.009482543
0.0,0.068759575
0.0,0.043540772
0.0,0.0685511
1.0,0.032368727
0.0,0.057735313
0.0,0.06500052
0.0,0.06112558
0.0,0.05727584
0.0,0.06371558
0.0,0.07334966
0.0,0.04868505
0.0,0.049159843
0.0,0.07364888
0.0,0.085197896
1.0,0.083731405
0.0,0.044413365
0.0,0.035887796
0.0,0.07054672
0.0,0.0666759
1.0,0.032006927
0.0,0.050682027
0.0,0.040215172
0.0,0.07379779
0.0,0.06194612
0.0,0.05086496
0.0,0.03121271
0.0,0.07601581
0.0,0.067854464
0.0,0.066452324
0.0,0.07399933
0.0,0.047574423
1.0,0.041217744
0.0,0.046932347
0.0,0.04486812
1.0,0.043027133
0.0,0.015544059
0.0,0.061049044
0.0,0.047684178
0.0,0.041942213
0.0,0.03266215
0.0,0.040532485
0.0,0.038155418
0.0,0.08001434
0.0,0.028191086
0.0,0.041976836
1.0,0.06307996
0.0,0.06680144
0.0,0.041188322
0.0,0.037094194
0.0,0.08444856
0.0,0.082292706
0.0,0.052762825
0.0,0.045165256
0.0,0.08155116
1.0,0.049413733
0.0,0.058597412
0.0,0.0662676
0.0,0.044490073
0.0,0.056405015
0.0,0.03859184
0.0,0.09732331
0.0,0.06419175
0.0,0.04950897
0.0,0.036522977
1.0,0.031303547
0.0,0.067497216
0.0,0.049605787
0.0,0.0356762
1.0,0.057856962
0.0,0.08443803
0.0,0.05603685
0.0,0.08052841
0.0,0.0729218
0.0,0.05439172
0.0,0.05676728
0.0,0.09970558
0.0,0.05484224
0.0,0.047528747
0.0,0.0508308
0.0,0.09547685
0.0,0.050435327
2.0,0.086274475
0.0,0.026557077
0.0,0.069448315
0.0,0.049659166
0.0,0.0843755
0.0,0.03675156
0.0,0.049372353
0.0,0.036163084
0.0,0.081637025
0.0,0.037824024
0.0,0.040112402
0.0,0.043122225
0.0,0.07161991
0.0,0.073204204
0.0,0.08939108
0.0,0.041286208
0.0,0.07310499
0.0,0.045571975
0.0,0.09631458
0.0,0.044228725
0.0,0.034263656
0.0,0.04580658
0.0,0.061033007
0.0,0.09307882
0.0,0.071013585
0.0,0.047325663
0.0,0.061753314
1.0,0.07299261
0.0,0.05738364
1.0,0.04704222
0.0,0.057259522
0.0,0.034172803
0.0,0.050534822
0.0,0.05087196
0.0,0.083031565
0.0,0.066074945
0.0,0.051486634
0.0,0.045075573
0.0,0.06913443
0.0,0.084602565
0.0,0.050256275
0.0,0.036886644
0.0,0.077159606
0.0,0.06856771
0.0,0.052618433
0.0,0.0833175
0.0,0.12129875
0.0,0.044876594
0.0,0.09023862
0.0,0.08530387
0.0,0.03820867
1.0,0.037586574
0.0,0.06307509
0.0,0.06209582
0.0,0.05980371
0.0,0.050402224
0.0,0.06416656
0.0,0.07670359
0.0,0.053798217
0.0,0.027031973
0.0,0.039135303
1.0,0.042110346
0.0,0.037919935
0.0,0.060096808
0.0,0.05226127
0.0,0.037040357
0.0,0.088730864
0.0,0.064887315
0.0,0.035650887
0.0,0.06527311
0.0,0.055846427
0.0,0.06639928
0.0,0.059764042
0.0,0.048291236
0.0,0.028919771
0.0,0.03838949
0.0,0.065844774
0.0,0.034001544
0.0,0.089662075
0.0,0.050189555
0.0,0.044416517
0.0,0.05989732
0.0,0.04094087
0.0,0.05650385
0.0,0.08493954
0.0,0.039029714
0.0,0.05748351
0.0,0.06792875
1.0,0.044517837
0.0,0.015127748
0.0,0.077566
0.0,0.08175941
0.0,0.03720488
0.0,0.08658889
0.0,0.041859373
0.0,0.036217365
0.0,0.007987314
0.0,0.04538489
0.0,0.071667366
0.0,0.041310597
0.0,0.054784857
0.0,0.060884707
0.0,0.053287942
0.0,0.046952657
0.0,0.050065283
0.0,0.042118847
0.0,0.057928555
0.0,0.043327913
0.0,0.04755171
0.0,0.091903165
0.0,0.085251436
1.0,0.04550914
0.0,0.06808784
0.0,0.08528433
0.0,0.067045614
0.0,0.044570602
0.0,0.08661458
0.0,0.04199017
0.0,0.05834264
0.0,0.043816008
0.0,0.052602977
0.0,0.027801065
0.0,0.07899007
0.0,0.046781175
0.0,0.065175205
0.0,0.06273672
0.0,0.06554458
0.0,0.07100258
0.0,0.039945293
0.0,0.043985672
0.0,0.037260137
0.0,0.092471935
0.0,0.059413087
0.0,0.06555818
0.0,0.06787399
0.0,0.04646492
0.0,0.04136111
0.0,0.05293392
0.0,0.049511638
0.0,0.066098906
0.0,0.08223103
0.0,0.03755787
0.0,0.04173467
0.0,0.058877073
0.0,0.08030269
0.0,0.040041942
0.0,0.07451314
0.0,0.03157264
0.0,0.055262595
0.0,0.044207506
0.0,0.033892695
1.0,0.08389172
0.0,0.059501827
0.0,0.068258815
0.0,0.045377903
0.0,0.06354861
0.0,0.04976046
0.0,0.032588683
0.0,0.046907768
0.0,0.032717433
0.0,0.041926455
0.0,0.012834756
0.0,0.04167012
0.0,0.037885316
0.0,0.04146708
0.0,0.046162248
0.0,0.07615887
0.0,0.047729835
0.0,0.047552913
1.0,0.052795038
0.0,0.049682934
0.0,0.052135304
0.0,0.03514038
0.0,0.0712488
0.0,0.07765891
0.0,0.076009266
0.0,0.08185771
0.0,0.04581723
0.0,0.0838923
0.0,0.04892613
0.0,0.038265977
0.0,0.06464629
0.0,0.07751133
0.0,0.038163934
0.0,0.039042808
0.0,0.04688232
0.0,0.042589452
0.0,0.08954599
0.0,0.05360568
0.0,0.064990245
0.0,0.06821715
0.0,0.06979309
0.0,0.046576418
0.0,0.042232305
1.0,0.020476004
0.0,0.088680126
0.0,0.030974226
0.0,0.056182045
0.0,0.07203044
1.0,0.06091068
0.0,0.05066639
0.0,0.048388302
0.0,0.07220904
0.0,0.062867135
0.0,0.05458586
0.0,0.04692892
0.0,0.093707964
0.0,0.03906399
0.0,0.06892598
0.0,0.046185143
0.0,0.055395156
0.0,0.095179275
1.0,0.04156891
0.0,0.077444114
0.0,0.055044707
0.0,0.06462314
0.0,0.053009342
0.0,0.09566089
0.0,0.074567184
0.0,0.039824195
2.0,0.054762263
0.0,0.06698222
0.0,0.094525576
0.0,0.040121507
0.0,0.051741634
0.0,0.092959836
0.0,0.056245763
0.0,0.04317467
0.0,0.06365093
0.0,0.058693834
0.0,0.06830143
0.0,0.090575024
0.0,0.050108716
0.0,0.06564708
0.0,0.0654209
0.0,0.05103607
0.0,0.053012554
0.0,0.039328363
0.0,0.07296827
0.0,0.056766443
0.0,0.031507496
0.0,0.05499019
0.0,0.049402084
0.0,0.047802467
1.0,0.058543593
0.0,0.037886735
0.0,0.060586277
0.0,0.005958533
0.0,0.03908744
0.0,0.05844696
0.0,0.038332563
0.0,0.05315193
0.0,0.050759673
0.0,0.06749113
0.0,0.07695764
0.0,0.05549114
0.0,0.025580484
0.0,0.03956675
0.0,0.056769136
0.0,0.06975471
0.0,0.058815986
0.0,0.06632601
0.0,0.056639295
0.0,0.035775036
0.0,0.056920983
0.0,0.08219694
0.0,0.038872156
0.0,0.06503198
0.0,0.061156236
0.0,0.036358014
0.0,0.028509667
0.0,0.05025916
0.0,0.054181308
0.0,0.06273343
0.0,0.061791442
1.0,0.06700995
0.0,0.055012982
0.0,0.06307181
0.0,0.04452151
0.0,0.0756278
0.0,0.057644315
0.0,0.096946016
0.0,0.035925042
0.0,0.06722928
0.0,0.084179655
0.0,0.062534876
0.0,0.06399474
0.0,0.044849083
1.0,0.045605354
0.0,0.085132636
0.0,0.06617808
0.0,0.03541396
0.0,0.050064985
0.0,0.07078306
0.0,0.066416666
0.0,0.0598011
0.0,0.039776284
0.0,0.07878181
0.0,0.07166258
0.0,0.062053185
0.0,0.043332078
0.0,0.061086465
0.0,0.052592017
0.0,0.03814223
0.0,0.03992823
0.0,0.058175333
0.0,0.080506295
0.0,0.059120927
0.0,0.043462582
0.0,0.09101473
0.0,0.06579721
0.0,0.051628757
0.0,0.05310338
1.0,0.10165466
0.0,0.055644423
0.0,0.0533665
0.0,0.041629232
0.0,0.08787248
1.0,0.069375485
0.0,0.037314262
0.0,0.078184925
0.0,0.04143755
0.0,0.077131465
0.0,0.065116525
0.0,0.08851779
0.0,0.06225277
0.0,0.082004294
0.0,0.09928613
0.0,0.05125928
0.0,0.06878129
0.0,0.06287402
0.0,0.05639392
0.0,0.03652866
0.0,0.08684211
0.0,0.049070567
0.0,0.06521761
0.0,0.06730744
0.0,0.07309464
0.0,0.06832309
0.0,0.066976964
0.0,0.06925374
0.0,0.077934146
1.0,0.04205068
0.0,0.0967045
0.0,0.058672205
0.0,0.009585435
0.0,0.08618106
0.0,0.05693264
0.0,0.04488339
0.0,0.0374551
0.0,0.030918395
0.0,0.0718975
0.0,0.045438953
0.0,0.06008096
0.0,0.08185828
0.0,0.07470146
0.0,0.09311824
0.0,0.040094562
0.0,0.07264835
0.0,0.051742002
0.0,0.04390751
0.0,0.050508622
0.0,0.07549026
0.0,0.03294362
0.0,0.08624576
0.0,0.070117645
0.0,0.07518326
0.0,0.06682969
0.0,0.11078791
0.0,0.07065132
0.0,0.03477173
0.0,0.054519396
0.0,0.050544113
0.0,0.064728014
0.0,0.07462751
0.0,0.060685724
0.0,0.045846403
0.0,0.081174865
0.0,0.05501701
0.0,0.04887236
1.0,0.0081872735
0.0,0.045865536
0.0,0.09561319
0.0,0.054691974
0.0,0.07303322
0.0,0.051793568
0.0,0.06226983
0.0,0.05813636
0.0,0.041025613
0.0,0.05371651
0.0,0.044824176
0.0,0.054991595
0.0,0.06506657
0.0,0.05170104
0.0,0.0526714
0.0,0.054430686
0.0,0.09177378
0.0,0.053659026
0.0,0.08685362
0.0,0.033118464
0.0,0.031034589
0.0,0.038039573
0.0,0.07132318
0.0,0.03821135
0.0,0.070977546
0.0,0.063792676
0.0,0.08257075
0.0,0.07166381
0.0,0.047564227
0.0,0.050961696
0.0,0.059134997
0.0,0.046930533
0.0,0.07367882
0.0,0.067308776
1.0,0.075107165
0.0,0.058726758
0.0,0.087538734
0.0,0.059603956
0.0,0.08446519
0.0,0.0066550984
0.0,0.04331434
0.0,0.038350526
1.0,0.06413738
0.0,0.04384837
0.0,0.044808157
0.0,0.04058061
0.0,0.03901879
0.0,0.009780776
0.0,0.015622452
0.0,0.04903616
0.0,0.068818405
1.0,0.059825756
0.0,0.056281123
0.0,0.060814936
0.0,0.043880988
0.0,0.04087528
0.0,0.039393302
1.0,0.06632447
0.0,0.10915881
0.0,0.062984094
0.0,0.03650152
0.0,0.055756025
0.0,0.07244743
0.0,0.062337846
0.0,0.08659044
0.0,0.080770284
0.0,0.07361835
0.0,0.03039282
0.0,0.08036459
0.0,0.08278071
0.0,0.06526471
0.0,0.052140895
0.0,0.03934881
0.0,0.04162393
0.0,0.083213575
0.0,0.06503588
0.0,0.041995924
0.0,0.036120843
0.0,0.06053756
0.0,0.05565214
0.0,0.08538927
0.0,0.088749714
0.0,0.047873594
0.0,0.04791117
0.0,0.07115404
0.0,0.04806958
0.0,0.07461689
0.0,0.07933085
1.0,0.04694348
1.0,0.022772204
0.0,0.043974515
0.0,0.07226637
0.0,0.050749037
0.0,0.037038684
0.0,0.08151226
0.0,0.07455586
0.0,0.06166258
0.0,0.059714805
0.0,0.061782133
0.0,0.05984616
1.0,0.0076988456
0.0,0.070649266
0.0,0.0767386
1.0,0.023056384
0.0,0.08405373
0.0,0.03225922
0.0,0.0926919
0.0,0.03241604
0.0,0.05932278
0.0,0.039319042
0.0,0.04124773
0.0,0.04110681
0.0,0.04259056
0.0,0.07257532
0.0,0.053209
0.0,0.053858113
0.0,0.097879186
0.0,0.050458685
0.0,0.06027579
0.0,0.061981767
0.0,0.047168545
0.0,0.07124901
0.0,0.082363375
0.0,0.047744855
0.0,0.060586
0.0,0.043118224
0.0,0.078266464
0.0,0.06720748
0.0,0.06824023
0.0,0.060434088
0.0,0.08273995
0.0,0.06601238
0.0,0.04073229
0.0,0.047817707
0.0,0.037516437
0.0,0.036482453
0.0,0.050064124
0.0,0.005662239
0.0,0.06989137
0.0,0.06928236
0.0,0.05119821
0.0,0.007001654
0.0,0.03762335
0.0,0.07172102
0.0,0.046178296
0.0,0.059906658
0.0,0.034838513
0.0,0.08156103
0.0,0.042677935
0.0,0.03325385
0.0,0.08143559
0.0,0.073275134
0.0,0.07646606
0.0,0.03239388
0.0,0.055100996
0.0,0.045481786
0.0,0.063916095
0.0,0.05902831
0.0,0.052954733
0.0,0.070041984
0.0,0.0381219
0.0,0.097905
0.0,0.03336617
0.0,0.078012004
0.0,0.09550592
0.0,0.0716729
0.0,0.07485237
0.0,0.049301047
0.0,0.037886616
0.0,0.07270867
0.0,0.07311922
0.0,0.07786277
0.0,0.051585644
0.0,0.04109796
0.0,0.06226444
0.0,0.04411485
0.0,0.04597789
0.0,0.03436589
0.0,0.06891352
0.0,0.08238604
1.0,0.033827133
0.0,0.1092073
0.0,0.039550047
0.0,0.07832432
1.0,0.08322905
0.0,0.02782038
0.0,0.057244685
0.0,0.07206804
0.0,0.044121016
0.0,0.07569884
0.0,0.054717693
0.0,0.04390667
1.0,0.063301384
0.0,0.06263224
0.0,0.06515827
0.0,0.03685992
0.0,0.07297563
0.0,0.043762103
0.0,0.050840206
0.0,0.043236516
1.0,0.08350431
0.0,0.071694076
0.0,0.07411219
0.0,0.03196637
0.0,0.06548504
0.0,0.059620004
0.0,0.053958196
0.0,0.040610507
0.0,0.07043199
0.0,0.04475005
0.0,0.045508936
1.0,0.06898604
0.0,0.04890973
0.0,0.03944373
0.0,0.08185223
0.0,0.04972958
0.0,0.07432898
0.0,0.061758306
0.0,0.041518457
0.0,0.050822824
0.0,0.080504894
0.0,0.04852539
0.0,0.05848486
0.0,0.0653909
0.0,0.051130243
0.0,0.067908294
0.0,0.045317788
0.0,0.054959573
0.0,0.04189236
0.0,0.06304344
0.0,0.07029363
0.0,0.026156927
0.0,0.04536026
0.0,0.044120774
0.0,0.024906695
0.0,0.0450112
0.0,0.025334066
0.0,0.06057809
0.0,0.041684106
0.0,0.07320324
0.0,0.050946545
0.0,0.036904886
0.0,0.06859381
0.0,0.04672435
0.0,0.031853348
0.0,0.08207209
0.0,0.04451991
0.0,0.06384725
1.0,0.007189258
0.0,0.034621198
0.0,0.019596525
0.0,0.055372722
0.0,0.052613527
0.0,0.08512281
0.0,0.05800602
0.0,0.066158004
0.0,0.06624045
0.0,0.04823382
0.0,0.06497932
0.0,0.03693205
0.0,0.08936534
0.0,0.087880194
0.0,0.047765307
0.0,0.07801228
0.0,0.056662917
0.0,0.052261494
0.0,0.03738682
0.0,0.041117437
0.0,0.033862963
0.0,0.04900872
0.0,0.058151606
0.0,0.047686495
0.0,0.052987646
0.0,0.08494234
0.0,0.09050485
0.0,0.062963225
0.0,0.07899892
0.0,0.08345024
0.0,0.079606526
0.0,0.038727608
0.0,0.085296065
0.0,0.06823652
0.0,0.071225874
0.0,0.046436757
0.0,0.06800328
0.0,0.06948151
0.0,0.039205216
0.0,0.041571427
0.0,0.083245166
0.0,0.059813548
0.0,0.064696044
0.0,0.08519944
0.0,0.06533001
1.0,0.06275961
0.0,0.042019922
0.0,0.048634402
0.0,0.10630366
0.0,0.06343116
0.0,0.047069024
0.0,0.043923203
1.0,0.05223292
0.0,0.05140415
0.0,0.05671348
0.0,0.04568947
1.0,0.07974668
0.0,0.038404867
0.0,0.04840757
0.0,0.047077484
0.0,0.09394256
0.0,0.039565027
0.0,0.07986973
0.0,0.040662546
0.0,0.057409823
0.0,0.09326862
1.0,0.044746377
0.0,0.044095483
0.0,0.05501726
0.0,0.08471881
1.0,0.008029488
0.0,0.07528261
0.0,0.040072754
0.0,0.063460186
0.0,0.04959015
0.0,0.044163868
0.0,0.07399792
0.0,0.053801477
0.0,0.06235515
0.0,0.044809684
1.0,0.007695219
0.0,0.049185824
0.0,0.07522094
0.0,0.034289364
0.0,0.07149097
0.0,0.06992522
0.0,0.045900345
0.0,0.061047416
0.0,0.0487355
0.0,0.05770237
0.0,0.007622337
0.0,0.100577824
0.0,0.09251099
0.0,0.06473221
0.0,0.068661414
0.0,0.06607444
0.0,0.09230766
0.0,0.084518895
0.0,0.09875226
0.0,0.061759777
0.0,0.058587577
0.0,0.04578486
0.0,0.06822595
0.0,0.051995426
0.0,0.034155764
0.0,0.0563237
0.0,0.052848738
0.0,0.057725858
0.0,0.069558814
0.0,0.04243296
0.0,0.04680384
0.0,0.06976439
0.0,0.026462588
0.0,0.07162152
0.0,0.021114813
0.0,0.06794249
0.0,0.060474478
0.0,0.07563873
0.0,0.028809434
0.0,0.061398465
0.0,0.09068806
0.0,0.042770427
0.0,0.064128086
0.0,0.045513265
0.0,0.05854407
0.0,0.07961852
0.0,0.03503342
0.0,0.06554846
0.0,0.08270486
0.0,0.06927445
0.0,0.03311394
0.0,0.081068896
0.0,0.04561068
0.0,0.06951125
0.0,0.06927826
0.0,0.032685053
0.0,0.0643628
0.0,0.035422374
0.0,0.06911591
0.0,0.06226707
0.0,0.04230456
0.0,0.050299186
0.0,0.060165104
0.0,0.02509632
0.0,0.05076576
0.0,0.06025705
0.0,0.06262646
0.0,0.07401553
0.0,0.048081387
0.0,0.07366639
0.0,0.081647865
0.0,0.04850546
0.0,0.045914806
0.0,0.05942496
0.0,0.02904928
0.0,0.035311557
0.0,0.063034825
0.0,0.033973597
0.0,0.10365829
0.0,0.06847244
0.0,0.062003817
0.0,0.05648093
0.0,0.060826696
0.0,0.064528935
0.0,0.042774834
0.0,0.034725375
0.0,0.05947906
0.0,0.041811537
0.0,0.05533577
0.0,0.046210963
0.0,0.055927027
0.0,0.08196224
0.0,0.088341326
0.0,0.046647266
0.0,0.06699994
0.0,0.02112297
0.0,0.061993722
0.0,0.033364024
0.0,0.08462337
0.0,0.052859273
0.0,0.03613834
0.0,0.057647586
0.0,0.06261835
0.0,0.065360814
0.0,0.09142555
0.0,0.06897731
0.0,0.083078176
0.0,0.052828126
0.0,0.044431284
0.0,0.03445335
0.0,0.06596718
0.0,0.04218191
0.0,0.08564092
0.0,0.047662888
0.0,0.0743714
0.0,0.039135173
0.0,0.054596934
0.0,0.061640944
0.0,0.06456113
0.0,0.042118426
0.0,0.038767774
0.0,0.074168295
0.0,0.07856384
0.0,0.0424656
0.0,0.056453895
0.0,0.05463054
0.0,0.053343985
0.0,0.07301888
0.0,0.03305702
0.0,0.054003373
0.0,0.058455892
0.0,0.043240897
0.0,0.05447015
0.0,0.04412514
0.0,0.060762342
0.0,0.061573
0.0,0.046986513
0.0,0.054795895
0.0,0.055278134
0.0,0.051442474
0.0,0.06849072
0.0,0.058616206
0.0,0.053785652
0.0,0.050973617
0.0,0.04832282
0.0,0.069488764
0.0,0.04325556
0.0,0.1068888
0.0,0.06281713
0.0,0.07865052
1.0,0.06690356
0.0,0.044538274
0.0,0.08403452
0.0,0.041722067
1.0,0.10518178
0.0,0.06674711
0.0,0.06515986
0.0,0.09320624
0.0,0.096633196
0.0,0.059181217
0.0,0.058455057
0.0,0.013135992
0.0,0.07381199
0.0,0.058533028
0.0,0.06605006
0.0,0.05581082
0.0,0.05499655
0.0,0.059000533
0.0,0.08242183
0.0,0.049736813
0.0,0.061842408
0.0,0.032088667
0.0,0.046656065
0.0,0.023799818
0.0,0.06617598
0.0,0.048008054
0.0,0.06767264
0.0,0.05914123
0.0,0.05878094
0.0,0.0475856
0.0,0.04897183
0.0,0.04557188
0.0,0.065647446
0.0,0.06997697
0.0,0.06409649
0.0,0.033909813
0.0,0.0751041
0.0,0.05791092
0.0,0.07781133
0.0,0.05773903
0.0,0.05803175
0.0,0.060828175
0.0,0.04980502
0.0,0.056399867
0.0,0.07907362
0.0,0.053479277
0.0,0.04940603
0.0,0.07602277
0.0,0.055419173
0.0,0.042351224
0.0,0.06447335
0.0,0.040937364
0.0,0.08369033
0.0,0.051678006
0.0,0.04719407
0.0,0.045747306
0.0,0.053251274
0.0,0.04064405
0.0,0.062199187
0.0,0.03301854
0.0,0.044101767
1.0,0.03954903
0.0,0.044944875
0.0,0.08859095
0.0,0.07950558
1.0,0.0948292
0.0,0.045819283
0.0,0.006173266
0.0,0.045438778
0.0,0.08881656
0.0,0.08914779
0.0,0.09221591
0.0,0.060840838
0.0,0.0849552
0.0,0.060185507
0.0,0.07327543
0.0,0.066145524
0.0,0.07532571
0.0,0.06661293
0.0,0.06741055
0.0,0.07120618
0.0,0.008644483
0.0,0.06462836
0.0,0.06371769
0.0,0.0605415
0.0,0.066585764
0.0,0.063294485
0.0,0.03429191
0.0,0.06456294
1.0,0.050054554
0.0,0.040510584
0.0,0.04073465
0.0,0.05527253
0.0,0.07779612
0.0,0.043633644
0.0,0.024181768
0.0,0.037433475
0.0,0.068187475
0.0,0.065858185
0.0,0.039538413
0.0,0.063022554
0.0,0.058219027
0.0,0.061034624
0.0,0.06567959
0.0,0.04985904
0.0,0.032524597
0.0,0.053889558
0.0,0.05817327
0.0,0.04409625
0.0,0.04267163
0.0,0.057136655
0.0,0.07032462
0.0,0.072280765
0.0,0.06920059
0.0,0.055414878
0.0,0.056554366
0.0,0.041999802
0.0,0.053893115
0.0,0.064932905
0.0,0.050298825
1.0,0.04587981
1.0,0.044660196
0.0,0.06484613
1.0,0.055641636
0.0,0.09990311
0.0,0.06961987
0.0,0.08917946
1.0,0.06734815
0.0,0.050446995
0.0,0.07230365
0.0,0.059029322
0.0,0.061822243
0.0,0.059800174
0.0,0.06477644
0.0,0.037992902
0.0,0.06278947
0.0,0.04110033
0.0,0.09260873
0.0,0.049451992
0.0,0.06601056
0.0,0.0525474
0.0,0.04379968
0.0,0.047049668
0.0,0.03753705
0.0,0.07759669
0.0,0.041799728
0.0,0.06877277
0.0,0.023913775
0.0,0.04575599
0.0,0.028637018
0.0,0.011873107
0.0,0.04038886
0.0,0.040826462
0.0,0.029005319
0.0,0.059227586
0.0,0.061703082
0.0,0.10361342
0.0,0.08593484
0.0,0.0580849
0.0,0.066764474
0.0,0.042303763
0.0,0.047603197
1.0,0.09319194
0.0,0.05425945
0.0,0.03689628
0.0,0.08035268
0.0,0.040119633
0.0,0.07471797
0.0,0.061650824
0.0,0.06648311
0.0,0.05260905
0.0,0.03765144
0.0,0.042645276
0.0,0.052888922
0.0,0.043243855
0.0,0.11486405
0.0,0.035603717
0.0,0.060352694
0.0,0.05898492
0.0,0.08422753
0.0,0.054698482
0.0,0.06630394
0.0,0.07327178
0.0,0.08732834
0.0,0.066377
0.0,0.0447742
0.0,0.03738378
0.0,0.048088495
0.0,0.048037983
0.0,0.010585004
0.0,0.037828986
0.0,0.062423483
0.0,0.038674716
0.0,0.043700274
0.0,0.07317876
0.0,0.050076447
0.0,0.04208136
0.0,0.08473244
0.0,0.0786457
0.0,0.040392622
0.0,0.086597644
0.0,0.082695276
0.0,0.06748996
0.0,0.09432402
0.0,0.06530798
0.0,0.03038388
0.0,0.04287261
0.0,0.03943497
0.0,0.047554135
0.0,0.032995924
0.0,0.07319101
0.0,0.07979233
0.0,0.0318553
0.0,0.039358042
0.0,0.07662178
0.0,0.066207185
1.0,0.0569556
1.0,0.046972107
0.0,0.0071386527
0.0,0.0375058
0.0,0.059495118
0.0,0.07435955
0.0,0.093066975
0.0,0.05618545
0.0,0.04820757
0.0,0.035037655
0.0,0.041446216
0.0,0.058597986
0.0,0.06679537
0.0,0.05032362
0.0,0.06921348
0.0,0.038550287
0.0,0.10843407
0.0,0.04763651
1.0,0.04987565
1.0,0.08249001
0.0,0.034540936
0.0,0.053791177
0.0,0.049642533
0.0,0.010015676
0.0,0.057678383
0.0,0.08027537
0.0,0.05996729
0.0,0.05348315
0.0,0.05577895
0.0,0.026989676
0.0,0.04019297
0.0,0.05560404
0.0,0.06821887
0.0,0.077217355
0.0,0.059528746
0.0,0.0647022
0.0,0.09446941
0.0,0.06828977
2.0,0.04582116
1.0,0.06783193
0.0,0.10144563
0.0,0.06564112
0.0,0.03833845
0.0,0.06785434
0.0,0.071037
0.0,0.05031201
0.0,0.06945211
1.0,0.056438312
0.0,0.07152971
0.0,0.054638095
0.0,0.04778967
0.0,0.042763982
0.0,0.0751758
0.0,0.085598424
0.0,0.038338266
0.0,0.095243104
0.0,0.051475294
0.0,0.06084335
0.0,0.04194958
0.0,0.08363516
0.0,0.08826187
0.0,0.08963221
0.0,0.043390468
0.0,0.036584973
0.0,0.03001286
0.0,0.045202173
0.0,0.09648132
0.0,0.059824444
0.0,0.055194546
0.0,0.018209381
0.0,0.056122605
0.0,0.07824128
0.0,0.07567937
0.0,0.05971933
0.0,0.03371594
0.0,0.08946925
0.0,0.080629654
0.0,0.09441798
0.0,0.014036935
0.0,0.067010745
0.0,0.055462357
0.0,0.038687278
0.0,0.08513188
0.0,0.04952746
0.0,0.03937345
0.0,0.070604764
0.0,0.037573546
0.0,0.06730042
0.0,0.05113646
0.0,0.054761782
0.0,0.048159897
0.0,0.034576844
0.0,0.06487626
0.0,0.039457127
0.0,0.11492996
0.0,0.062288094
0.0,0.040682726
1.0,0.09303366
0.0,0.049781762
0.0,0.04936429
0.0,0.05497286
0.0,0.05578742
0.0,0.03180977
0.0,0.030284956
0.0,0.03625352
0.0,0.068846256
0.0,0.06920879
0.0,0.061887763
0.0,0.05850292
0.0,0.0711079
0.0,0.04385683
0.0,0.082149416
0.0,0.066682704
0.0,0.069166034
0.0,0.037779268
0.0,0.06397731
0.0,0.049439162
0.0,0.061584964
0.0,0.08312163
0.0,0.062423203
0.0,0.058544572
0.0,0.06337745
0.0,0.06363944
0.0,0.07786175
0.0,0.049433872
0.0,0.03731518
0.0,0.07497697
0.0,0.069223695
0.0,0.05639766
0.0,0.09031456
0.0,0.055539753
1.0,0.04413646
1.0,0.05029343
0.0,0.033364262
0.0,0.06299236
0.0,0.07001324
0.0,0.07045077
0.0,0.040423345
0.0,0.071386956
0.0,0.052883778
0.0,0.090286784
0.0,0.07730008
0.0,0.048883013
0.0,0.05582695
0.0,0.075785376
1.0,0.088127196
0.0,0.05236475
0.0,0.070994794
1.0,0.052464202
0.0,0.053518843
0.0,0.08937932
0.0,0.051648602
1.0,0.024355717
0.0,0.06893695
0.0,0.04314065
0.0,0.040366493
0.0,0.054730795
0.0,0.035719536
1.0,0.038738374
0.0,0.04603975
0.0,0.06697036
0.0,0.03999936
0.0,0.06828077
0.0,0.0976587
0.0,0.07025193
0.0,0.054337747
0.0,0.06604735
0.0,0.041262414
0.0,0.038975388
0.0,0.044550426
0.0,0.060768224
0.0,0.054095972
0.0,0.0655052
0.0,0.06493362
0.0,0.06404
0.0,0.03685323
0.0,0.090552464
0.0,0.099707745
0.0,0.037362583
0.0,0.03982836
0.0,0.079398744
0.0,0.07080064
0.0,0.09184216
1.0,0.051932517
0.0,0.080678746
0.0,0.085969046
0.0,0.079097494
0.0,0.08042981
0.0,0.067009814
0.0,0.050977297
0.0,0.040220357
0.0,0.07421133
0.0,0.06266652
0.0,0.056516424
0.0,0.041253038
0.0,0.062300745
0.0,0.04508561
0.0,0.023076748
1.0,0.048619214
0.0,0.039751824
1.0,0.05544472
0.0,0.028140252
0.0,0.051088106
0.0,0.049925
0.0,0.058136176
0.0,0.042260468
0.0,0.04503196
0.0,0.07940972
0.0,0.065989375
0.0,0.09565094
0.0,0.040960785
0.0,0.085127965
0.0,0.088279784
0.0,0.05485155
0.0,0.07322182
0.0,0.038584292
0.0,0.083059005
0.0,0.041349087
0.0,0.05975471
0.0,0.06745668
0.0,0.045007747
0.0,0.058543023
0.0,0.051171888
0.0,0.05528761
0.0,0.032233857
0.0,0.03941463
0.0,0.03211487
1.0,0.046399448
0.0,0.07200267
0.0,0.06538769
0.0,0.09239231
1.0,0.06903597
0.0,0.044509806
0.0,0.087179095
0.0,0.05865805
0.0,0.071915895
0.0,0.07207223
0.0,0.043128483
0.0,0.064536534
0.0,0.03552984
0.0,0.012445117
0.0,0.09995352
0.0,0.04223913
0.0,0.05891024
0.0,0.04545892
0.0,0.07248248
0.0,0.068855315
0.0,0.060300153
0.0,0.056730546
0.0,0.054720018
0.0,0.057474475
0.0,0.0618453
0.0,0.04806627
0.0,0.05487095
0.0,0.009012088
0.0,0.079520784
0.0,0.066121906
0.0,0.046503354
0.0,0.06044821
0.0,0.076362744
0.0,0.07402571
0.0,0.027294204
0.0,0.022992987
0.0,0.08546333
0.0,0.07026119
0.0,0.056943405
0.0,0.05935961
0.0,0.061227314
0.0,0.06944269
0.0,0.06714774
0.0,0.03664959
0.0,0.022474285
0.0,0.07821518
0.0,0.064947024
0.0,0.09215966
0.0,0.04968715
0.0,0.06506795
0.0,0.075522445
0.0,0.037997585
0.0,0.06716708
0.0,0.077345416
0.0,0.08474911
0.0,0.046518423
0.0,0.12457966
0.0,0.039631784
0.0,0.0719956
0.0,0.04573278
0.0,0.038313158
0.0,0.044452578
0.0,0.093844
0.0,0.094469026
0.0,0.067857005
0.0,0.098309614
0.0,0.06124402
1.0,0.06658678
0.0,0.058711804
0.0,0.07790682
0.0,0.07010868
1.0,0.07613423
0.0,0.044594824
0.0,0.065706715
0.0,0.07174014
0.0,0.04646883
0.0,0.059202712
0.0,0.06012825
0.0,0.05878702
0.0,0.108027965
0.0,0.060858656
0.0,0.06357064
0.0,0.03647134
0.0,0.058840364
0.0,0.052550144
0.0,0.048772816
0.0,0.06336335
0.0,0.066475786
0.0,0.04256221
0.0,0.04334373
0.0,0.06155606
0.0,0.0430498
0.0,0.06422549
0.0,0.062103193
0.0,0.064247295
0.0,0.061492514
0.0,0.06344828
0.0,0.048619214
0.0,0.068726994
1.0,0.067087285
0.0,0.05444869
0.0,0.048511785
0.0,0.061432462
0.0,0.0638187
0.0,0.05828818
0.0,0.040345665
0.0,0.086899735
0.0,0.065275215
0.0,0.04594527
0.0,0.061954834
0.0,0.115914494
0.0,0.036641393
0.0,0.04193377
0.0,0.06587979
0.0,0.007479054
0.0,0.039345957
0.0,0.04011309
0.0,0.0317087
0.0,0.057836674
0.0,0.090510115
1.0,0.06226732
0.0,0.047088362
0.0,0.064041175
0.0,0.044102505
0.0,0.061787613
0.0,0.06076657
0.0,0.0051462064
0.0,0.051022325
0.0,0.05336678
0.0,0.047521062
0.0,0.06409351
0.0,0.027535329
0.0,0.0538926
2.0,0.09277587
1.0,0.03214504
0.0,0.07241417
0.0,0.048737686
1.0,0.033659916
0.0,0.06434019
0.0,0.059139043
0.0,0.054246306
0.0,0.039321676
0.0,0.07358908
1.0,0.07090255
0.0,0.10763631
0.0,0.04627098
0.0,0.06497729
0.0,0.04794697
0.0,0.0752839
0.0,0.056416303
0.0,0.10826358
0.0,0.036589906
0.0,0.043461233
0.0,0.053718008
0.0,0.029290771
0.0,0.0761838
0.0,0.050372623
0.0,0.00802126
0.0,0.08088329
1.0,0.047423717
0.0,0.035994265
0.0,0.079799056
0.0,0.0650441
0.0,0.036592793
0.0,0.008811521
0.0,0.07731542
0.0,0.060846016
0.0,0.062748715
0.0,0.043908868
0.0,0.04046168
0.0,0.044125613
0.0,0.061339997
0.0,0.05565343
0.0,0.083252646
1.0,0.038668133
0.0,0.04715948
0.0,0.05252732
0.0,0.06394112
0.0,0.05530024
1.0,0.058267422
0.0,0.059138298
0.0,0.09377012
0.0,0.04133309
0.0,0.050647527
0.0,0.0063285264
0.0,0.041371875
0.0,0.047586244
0.0,0.09212897
1.0,0.095260635
0.0,0.045979626
0.0,0.06813443
0.0,0.07506265
0.0,0.051600628
0.0,0.03857684
0.0,0.05251073
0.0,0.06738053
0.0,0.0506144
1.0,0.061529808
0.0,0.09121719
0.0,0.052622296
0.0,0.044991598
0.0,0.072670676
1.0,0.06961663
0.0,0.054252528
0.0,0.10114849
0.0,0.032193556
0.0,0.046070635
0.0,0.03604087
0.0,0.047483157
0.0,0.03772727
0.0,0.11485767
0.0,0.057776652
0.0,0.09134683
0.0,0.035350155
0.0,0.049973946
0.0,0.03914833
0.0,0.06922066
0.0,0.056975782
0.0,0.057102688
0.0,0.047693968
0.0,0.0520877
0.0,0.09323307
0.0,0.08652432
0.0,0.040647775
0.0,0.080334246
0.0,0.07636376
0.0,0.070583306
0.0,0.06943961
0.0,0.0445142
0.0,0.06036589
1.0,0.06382038
0.0,0.084179215
0.0,0.0680938
1.0,0.032691896
0.0,0.10191778
0.0,0.030836511
0.0,0.07353741
0.0,0.070128106
0.0,0.055202402
0.0,0.052444655
0.0,0.052066807
0.0,0.100900725
0.0,0.03782112
0.0,0.07739469
0.0,0.07516745
0.0,0.07918873
0.0,0.0446169
0.0,0.04185756
0.0,0.0561716
0.0,0.05231656
0.0,0.07684732
0.0,0.0539966
0.0,0.08715144
0.0,0.04228386
0.0,0.045452
0.0,0.047355685
0.0,0.048996907
0.0,0.06166579
0.0,0.030384779
0.0,0.06321439
0.0,0.055110298
0.0,0.05092413
0.0,0.044160794
0.0,0.05650458
0.0,0.06506944
1.0,0.040038753
0.0,0.059883952
0.0,0.039532494
0.0,0.048730113
0.0,0.061260752
0.0,0.07578236
0.0,0.06722392
0.0,0.059755594
0.0,0.083771184
0.0,0.04915312
0.0,0.048949316
0.0,0.083020285
0.0,0.048485585
0.0,0.040064327
0.0,0.052941456
0.0,0.10618071
0.0,0.0824148
0.0,0.057053044
0.0,0.031844918
0.0,0.020632934
0.0,0.06391727
0.0,0.07760847
0.0,0.06931968
0.0,0.051573727
0.0,0.06519337
0.0,0.059805907
0.0,0.04728205
0.0,0.060432766
0.0,0.04809644
0.0,0.043364942
0.0,0.026679873
0.0,0.048111364
0.0,0.048826903
0.0,0.044790354
0.0,0.06747603
0.0,0.031817216
0.0,0.069982916
0.0,0.037654176
0.0,0.07391043
0.0,0.07138747
0.0,0.048330814
0.0,0.043670457
0.0,0.06882115
0.0,0.042464435
0.0,0.07609394
0.0,0.056712236
0.0,0.049891554
0.0,0.064519644
0.0,0.037589002
0.0,0.04716804
0.0,0.08068021
0.0,0.044431716
0.0,0.060168188
0.0,0.056211725
0.0,0.059541237
0.0,0.04979749
0.0,0.077597134
0.0,0.05129388
0.0,0.052711047
0.0,0.04515166
0.0,0.07817848
0.0,0.074695475
0.0,0.040361423
0.0,0.021265812
0.0,0.05269524
0.0,0.045781896
0.0,0.057585508
1.0,0.046724502
0.0,0.044016104
1.0,0.05602648
0.0,0.079531625
0.0,0.075019725
0.0,0.05369053
0.0,0.061762236
0.0,0.08389618
0.0,0.045454934
0.0,0.03622511
0.0,0.06842116
1.0,0.05763688
0.0,0.086466685
0.0,0.06483214
0.0,0.04512056
0.0,0.097359285
0.0,0.059417706
0.0,0.055742603
0.0,0.046978984
0.0,0.06959732
0.0,0.064117245
0.0,0.03440164
0.0,0.03494911
0.0,0.08070241
0.0,0.0657254
0.0,0.054809745
0.0,0.057877712
0.0,0.05108326
0.0,0.039164435
1.0,0.047357697
0.0,0.040858977
0.0,0.05492041
0.0,0.060372192
0.0,0.06030484
0.0,0.071807615
0.0,0.025093239
0.0,0.049572065
0.0,0.0749229
0.0,0.11894352
0.0,0.029799178
0.0,0.06173755
0.0,0.054771025
0.0,0.04025957
0.0,0.056701258
0.0,0.02853742
0.0,0.06096057
0.0,0.035602666
1.0,0.039298903
0.0,0.07694097
0.0,0.066208385
0.0,0.05305763
0.0,0.07451559
0.0,0.08274162
0.0,0.06672595
0.0,0.055796534
0.0,0.070694625
1.0,0.049519643
0.0,0.08729832
0.0,0.062468432
0.0,0.04500871
0.0,0.07055095
0.0,0.056799933
0.0,0.0069300677
0.0,0.039007034
0.0,0.06322157
0.0,0.052769367
0.0,0.042412277
0.0,0.05455458
0.0,0.058797687
0.0,0.075331286
1.0,0.047115225
0.0,0.03431115
0.0,0.045915015
0.0,0.0367981
0.0,0.084765196
0.0,0.06327991
0.0,0.061792564
0.0,0.06187798
0.0,0.060599554
0.0,0.054536335
0.0,0.061966177
0.0,0.11273096
0.0,0.053318784
0.0,0.045013048
0.0,0.034744605
0.0,0.066941634
0.0,0.055558097
0.0,0.07752509
0.0,0.05666862
1.0,0.08972415
0.0,0.057420827
0.0,0.054499406
0.0,0.04081957
0.0,0.040760774
0.0,0.055571
0.0,0.057767477
1.0,0.07332253
0.0,0.04901933
0.0,0.06544274
0.0,0.07563667
0.0,0.029054446
0.0,0.040248908
0.0,0.07082775
0.0,0.059241485
0.0,0.04669624
0.0,0.049932584
0.0,0.044938095
0.0,0.054893207
0.0,0.058145285
0.0,0.04350246
0.0,0.092202604
0.0,0.09302953
0.0,0.046867892
0.0,0.07372131
0.0,0.053531986
0.0,0.059517376
0.0,0.055043396
0.0,0.0459485
0.0,0.0574575
1.0,0.0597158
0.0,0.04143876
0.0,0.054537505
0.0,0.04187321
0.0,0.06614412
0.0,0.05339095
0.0,0.020456787
0.0,0.057940573
0.0,0.050651297
0.0,0.05711139
0.0,0.052668072
0.0,0.06522873
0.0,0.086767115
0.0,0.08772085
0.0,0.054843497
0.0,0.074288495
0.0,0.066118956
0.0,0.06784434
0.0,0.03881035
2.0,0.04477626
0.0,0.03295732
0.0,0.05854622
0.0,0.04716996
0.0,0.045023244
0.0,0.05031846
0.0,0.039297722
0.0,0.084214345
0.0,0.073174104
0.0,0.057259005
0.0,0.06359631
0.0,0.046865143
0.0,0.07494094
1.0,0.057266977
0.0,0.02374112
0.0,0.050960273
0.0,0.06434151
0.0,0.06366568
0.0,0.0096728755
1.0,0.07117055
0.0,0.069713764
0.0,0.08566825
0.0,0.048089024
0.0,0.07469827
0.0,0.07845138
0.0,0.049494877
0.0,0.078195855
0.0,0.04809525
0.0,0.060887724
0.0,0.051066734
0.0,0.083989285
0.0,0.054308966
0.0,0.098216
0.0,0.06710611
0.0,0.056753248
0.0,0.07676867
0.0,0.03125991
0.0,0.058768116
0.0,0.054358583
0.0,0.060965672
0.0,0.037470326
0.0,0.048188094
0.0,0.0652367
0.0,0.07242054
0.0,0.049934417
0.0,0.02832409
0.0,0.070778936
0.0,0.08528465
0.0,0.08241409
0.0,0.034624312
0.0,0.066047944
0.0,0.04843916
2.0,0.061840095
0.0,0.03717502
0.0,0.04876371
0.0,0.04994012
0.0,0.06521277
0.0,0.03944648
0.0,0.0721293
0.0,0.06923109
0.0,0.05830355
0.0,0.072407156
0.0,0.064164266
0.0,0.056611296
0.0,0.046775483
0.0,0.06532267
1.0,0.057326004
0.0,0.05022677
0.0,0.034453105
0.0,0.042070433
0.0,0.047443278
0.0,0.07313052
0.0,0.0059489203
0.0,0.045088835
0.0,0.026029475
0.0,0.05291682
0.0,0.08406263
1.0,0.057092153
0.0,0.045476776
0.0,0.039889477
0.0,0.07238032
0.0,0.05195715
0.0,0.044442598
0.0,0.0731215
0.0,0.039880842
0.0,0.040625073
0.0,0.07816998
0.0,0.048638985
0.0,0.05175386
0.0,0.059018288
0.0,0.04499869
0.0,0.06914397
0.0,0.06798435
0.0,0.025940757
0.0,0.05696725
0.0,0.053979017
0.0,0.07474366
0.0,0.04199091
0.0,0.03876099
0.0,0.059303958
0.0,0.053792063
0.0,0.06462784
0.0,0.09112474
0.0,0.052999422
0.0,0.017867647
0.0,0.06848022
0.0,0.059779916
0.0,0.06661147
0.0,0.059913673
0.0,0.054339793
0.0,0.04155383
0.0,0.022273228
0.0,0.05945058
0.0,0.061105255
0.0,0.052199244
0.0,0.07751851
0.0,0.09529735
0.0,0.052704915
0.0,0.060827743
0.0,0.08486232
0.0,0.06626584
0.0,0.09807546
0.0,0.02374677
0.0,0.061003022
0.0,0.04919577
0.0,0.07569276
0.0,0.043367818
0.0,0.06757299
0.0,0.03681516
0.0,0.04987111
0.0,0.03357791
0.0,0.058578905
0.0,0.04131777
0.0,0.03787678
0.0,0.080467515
0.0,0.046172936
0.0,0.05184845
0.0,0.047700927
0.0,0.06449897
0.0,0.027690884
0.0,0.067765385
0.0,0.061518557
0.0,0.066838644
0.0,0.058320332
0.0,0.02997624
0.0,0.024156122
0.0,0.056118164
0.0,0.07859407
0.0,0.07257925
0.0,0.087159224
1.0,0.065766335
0.0,0.04526015
0.0,0.08629762
0.0,0.038710244
0.0,0.09474403
0.0,0.05719193
0.0,0.042568073
1.0,0.085529044
0.0,0.063873105
0.0,0.04660749
0.0,0.05411941
0.0,0.08379563
0.0,0.041714594
0.0,0.05336355
0.0,0.066881716
0.0,0.063142784
0.0,0.053792074
0.0,0.0554271
0.0,0.0380774
0.0,0.06288156
0.0,0.048344895
1.0,0.07889388
0.0,0.08187449
1.0,0.046639916
0.0,0.05586519
0.0,0.06143353
0.0,0.06297349
0.0,0.04050131
0.0,0.033095308
0.0,0.05171217
0.0,0.07503842
0.0,0.052678596
0.0,0.055984754
0.0,0.03813299
0.0,0.07456585
0.0,0.04345565
0.0,0.05484062
1.0,0.045952708
0.0,0.09730053
0.0,0.06915233
0.0,0.06686583
0.0,0.059895106
0.0,0.045997463
0.0,0.053122297
0.0,0.044777445
0.0,0.06782609
0.0,0.061410103
0.0,0.09496045
1.0,0.05339236
0.0,0.07136261
0.0,0.005229234
0.0,0.05373674
0.0,0.037911743
0.0,0.058677014
0.0,0.057250377
0.0,0.07390361
1.0,0.037202723
0.0,0.051558323
0.0,0.043836944
0.0,0.033754677
0.0,0.060223028
0.0,0.043470114
0.0,0.050574392
0.0,0.08212711
0.0,0.07541837
0.0,0.054315727
0.0,0.040987816
0.0,0.050565336
0.0,0.03880195
0.0,0.03246263
0.0,0.028352616
0.0,0.08635712
0.0,0.055398367
0.0,0.06642075
0.0,0.008013729
0.0,0.074746974
0.0,0.06423786
0.0,0.06253276
0.0,0.095110945
0.0,0.03288214
0.0,0.045986533
0.0,0.05605903
0.0,0.06058693
0.0,0.06519825
0.0,0.074361786
1.0,0.03581679
0.0,0.042055853
0.0,0.041020967
0.0,0.07804149
0.0,0.025814082
0.0,0.05780866
0.0,0.047995612
0.0,0.064279966
0.0,0.09260416
0.0,0.039342627
0.0,0.0406992
0.0,0.05248781
0.0,0.051314235
0.0,0.042382315
0.0,0.041435584
0.0,0.04863236
0.0,0.037098385
0.0,0.050463483
1.0,0.062509954
0.0,0.067102574
0.0,0.08437687
0.0,0.07193215
0.0,0.06679235
0.0,0.06482336
0.0,0.08952558
0.0,0.047649447
0.0,0.08549987
0.0,0.03492786
0.0,0.05923013
0.0,0.05501882
0.0,0.055033945
0.0,0.042776402
0.0,0.05765053
0.0,0.07565523
0.0,0.052461024
0.0,0.051431645
0.0,0.08070101
0.0,0.0613427
0.0,0.057837237
1.0,0.05675801
0.0,0.05081668
0.0,0.05205746
0.0,0.07052941
0.0,0.060748782
0.0,0.053798884
0.0,0.040058605
0.0,0.045279026
0.0,0.08338548
1.0,0.07203614
0.0,0.05730672
0.0,0.026446365
0.0,0.067268096
0.0,0.058703393
0.0,0.03992967
0.0,0.03417653
0.0,0.036515296
0.0,0.048646905
0.0,0.039449863
0.0,0.07757297
0.0,0.063056864
0.0,0.032395154
0.0,0.06335199
0.0,0.06442472
0.0,0.047085173
0.0,0.043842684
0.0,0.05323505
1.0,0.049704023
0.0,0.03281318
0.0,0.06437637
0.0,0.051172633
0.0,0.046619058
0.0,0.058616165
0.0,0.054789167
0.0,0.078264154
0.0,0.08892969
0.0,0.05194001
0.0,0.05930929
0.0,0.03845933
0.0,0.05218309
0.0,0.03132537
0.0,0.06394106
0.0,0.051408157
0.0,0.041170005
0.0,0.04140991
0.0,0.057608236
0.0,0.04012057
0.0,0.040263157
0.0,0.08284081
1.0,0.058569968
0.0,0.044364553
0.0,0.07743442
0.0,0.055931922
0.0,0.06879158
0.0,0.059913315
0.0,0.05217921
0.0,0.038731255
0.0,0.11162497
1.0,0.058953684
0.0,0.04008721
0.0,0.08323643
0.0,0.06282798
0.0,0.058886252
0.0,0.06602483
1.0,0.05799562
0.0,0.06255907
0.0,0.048575625
0.0,0.06805027
0.0,0.049997102
0.0,0.062841736
1.0,0.060543407
0.0,0.061354302
0.0,0.06142983
0.0,0.025203839
0.0,0.06393768
0.0,0.034629405
1.0,0.055368815
0.0,0.08448294
0.0,0.070214905
0.0,0.06512714
0.0,0.08926721
0.0,0.044836134
0.0,0.05543622
0.0,0.076109804
0.0,0.056963257
0.0,0.05722232
0.0,0.05003012
0.0,0.07858019
1.0,0.06950192
0.0,0.068612486
0.0,0.081504256
0.0,0.092876166
0.0,0.055666327
0.0,0.032484867
0.0,0.06470277
0.0,0.055818513
0.0,0.038108233
0.0,0.08686955
0.0,0.06288235
0.0,0.06617266
0.0,0.057704378
0.0,0.058587465
0.0,0.0652667
0.0,0.07361192
0.0,0.030206146
0.0,0.059624724
0.0,0.060366176
0.0,0.059116617
0.0,0.0699458
0.0,0.063528776
0.0,0.008324207
0.0,0.06834681
0.0,0.07335358
0.0,0.081053585
0.0,0.094653085
0.0,0.03875321
0.0,0.08917475
0.0,0.049572043
0.0,0.04541968
0.0,0.03745174
0.0,0.07853627
0.0,0.052160826
0.0,0.0459741
0.0,0.034223396
0.0,0.07101385
0.0,0.10704036
0.0,0.07388083
0.0,0.043444935
0.0,0.03011048
0.0,0.06463357
0.0,0.05462179
0.0,0.026636368
0.0,0.07238432
0.0,0.055802852
0.0,0.057126082
0.0,0.055953503
0.0,0.054604497
0.0,0.07581641
0.0,0.055068832
0.0,0.054824345
0.0,0.059563145
0.0,0.08398392
0.0,0.06486846
0.0,0.07140873
0.0,0.08350187
0.0,0.03912771
0.0,0.05482892
0.0,0.054560382
0.0,0.058122776
0.0,0.09512365
0.0,0.07537778
0.0,0.06337326
0.0,0.09175351
0.0,0.062637225
0.0,0.06892684
0.0,0.059482425
0.0,0.062894136
0.0,0.075343534
0.0,0.035980005
0.0,0.04010636
0.0,0.06346258
0.0,0.051214594
0.0,0.04972232
0.0,0.053437214
0.0,0.045342
0.0,0.08168872
0.0,0.070816815
0.0,0.06598892
0.0,0.05887741
0.0,0.06172046
0.0,0.06670816
0.0,0.04564081
0.0,0.04757707
0.0,0.08120994
0.0,0.05088488
0.0,0.060283393
0.0,0.038459625
0.0,0.037001714
0.0,0.0447572
0.0,0.044120796
0.0,0.07654345
1.0,0.06889142
0.0,0.060554378
0.0,0.041829634
0.0,0.07018938
0.0,0.05268362
0.0,0.044040952
0.0,0.08569981
0.0,0.07038041
1.0,0.05775974
1.0,0.06998405
0.0,0.054832228
0.0,0.074766934
0.0,0.07902063
0.0,0.057444997
0.0,0.051547248
0.0,0.076849684
1.0,0.055722192
0.0,0.018029705
0.0,0.018419838
0.0,0.061172597
0.0,0.04787156
0.0,0.085447535
0.0,0.042917673
0.0,0.03841725
0.0,0.06473298
0.0,0.05953157
0.0,0.05354674
1.0,0.070393905
0.0,0.057624996
0.0,0.063078955
0.0,0.08623931
0.0,0.013820729
0.0,0.06037982
0.0,0.039482336
0.0,0.039897703
0.0,0.037852053
0.0,0.06524927
0.0,0.07736863
0.0,0.03533347
0.0,0.029369097
0.0,0.07838202
0.0,0.043662667
0.0,0.054229032
0.0,0.02670526
0.0,0.071797445
0.0,0.043790273
0.0,0.009593098
0.0,0.029706642
0.0,0.061097357
0.0,0.07623184
0.0,0.008898892
0.0,0.054739565
0.0,0.03632587
0.0,0.049548507
0.0,0.036789995
0.0,0.04362239
0.0,0.08786425
0.0,0.06466961
0.0,0.038825057
1.0,0.024493517
0.0,0.07336791
0.0,0.071617424
0.0,0.03430397
0.0,0.050359603
1.0,0.07175304
1.0,0.037392482
0.0,0.050798174
0.0,0.104749985
0.0,0.051702395
0.0,0.060978565
0.0,0.047537383
0.0,0.037156064
0.0,0.050568543
1.0,0.038142964
0.0,0.06254954
0.0,0.08292414
0.0,0.06994872
0.0,0.04976839
0.0,0.06176134
0.0,0.061538305
0.0,0.046048716
0.0,0.05671149
0.0,0.039401803
0.0,0.056752384
0.0,0.080842026
0.0,0.0852227
0.0,0.06548709
0.0,0.05409966
0.0,0.06334862
0.0,0.060427982
0.0,0.055258248
0.0,0.024036344
0.0,0.07833845
0.0,0.07568936
0.0,0.051370554
0.0,0.06407008
0.0,0.06755964
0.0,0.051118467
0.0,0.034913883
0.0,0.02573448
0.0,0.08895482
0.0,0.07102278
0.0,0.05942136
0.0,0.078912444
0.0,0.065290794
0.0,0.030036792
0.0,0.03891587
0.0,0.05339017
0.0,0.04249803
0.0,0.0878556
0.0,0.062965915
0.0,0.04342326
0.0,0.078870505
0.0,0.07605034
0.0,0.06259064
0.0,0.059634503
0.0,0.005836256
0.0,0.047740325
0.0,0.0335882
0.0,0.05837986
0.0,0.0711816
0.0,0.06338003
0.0,0.057998467
0.0,0.049437866
0.0,0.03695637
0.0,0.07718401
0.0,0.06389199
0.0,0.062096473
0.0,0.05327652
0.0,0.063445695
0.0,0.040329672
0.0,0.07919328
1.0,0.07003133
0.0,0.07395009
0.0,0.063363045
0.0,0.041016676
0.0,0.06795704
0.0,0.07336145
0.0,0.063686416
0.0,0.044142943
0.0,0.05535274
0.0,0.023798596
0.0,0.044570453
0.0,0.047005504
0.0,0.064860374
0.0,0.058953542
0.0,0.038871385
0.0,0.051933344
1.0,0.06840015
0.0,0.057880513
0.0,0.049098257
0.0,0.06148256
1.0,0.06413331
0.0,0.055308376
0.0,0.08514142
0.0,0.041398734
1.0,0.06848437
0.0,0.06977972
0.0,0.06997829
0.0,0.048695453
0.0,0.044158056
0.0,0.05124413
0.0,0.052151103
0.0,0.059990358
0.0,0.026784953
0.0,0.09071959
0.0,0.006482701
0.0,0.047111686
0.0,0.07366398
0.0,0.03643966
0.0,0.07463692
0.0,0.06082101
0.0,0.052152544
0.0,0.07506708
0.0,0.057979915
0.0,0.073458575
0.0,0.07983156
0.0,0.02933662
0.0,0.03593344
1.0,0.051102564
0.0,0.045463983
0.0,0.053622477
0.0,0.07539928
0.0,0.074927434
0.0,0.059676204
0.0,0.08717797
0.0,0.0639187
0.0,0.07616012
0.0,0.050980095
0.0,0.065347604
0.0,0.06726434
0.0,0.07009341
0.0,0.06224706
0.0,0.055799484
0.0,0.04457448
0.0,0.060649622
0.0,0.062579505
0.0,0.04311883
0.0,0.08001684
0.0,0.048186783
0.0,0.04945811
0.0,0.081765056
0.0,0.08597353
0.0,0.0380434
0.0,0.06219235
0.0,0.112696834
0.0,0.044781365
0.0,0.045871288
0.0,0.008553
0.0,0.048479132
0.0,0.04661337
0.0,0.097053505
0.0,0.035861846
0.0,0.064417735
0.0,0.04286886
0.0,0.052929137
0.0,0.090219736
0.0,0.09201572
1.0,0.046366982
0.0,0.095095575
0.0,0.051155664
0.0,0.04033373
0.0,0.03873645
0.0,0.036713466
0.0,0.053751126
0.0,0.052650332
0.0,0.061175514
0.0,0.03371635
0.0,0.0584879
0.0,0.040907998
0.0,0.06665144
0.0,0.02865414
0.0,0.07381847
0.0,0.05698225
0.0,0.078484364
0.0,0.03363622
0.0,0.07323371
0.0,0.09497802
0.0,0.05085839
0.0,0.039158925
0.0,0.06328826
0.0,0.06740703
0.0,0.03885857
1.0,0.047927268
0.0,0.02762319
0.0,0.06528659
0.0,0.044498697
1.0,0.06318729
0.0,0.037595607
0.0,0.0470834
0.0,0.025341582
0.0,0.058816615
0.0,0.036965914
0.0,0.056314718
0.0,0.037220042
0.0,0.06301759
0.0,0.027534608
0.0,0.016291121
1.0,0.04600469
0.0,0.024931274
0.0,0.08717057
0.0,0.0649592
0.0,0.0065578064
0.0,0.05162733
0.0,0.060713656
0.0,0.06680503
0.0,0.03271381
0.0,0.05304616
0.0,0.06840926
0.0,0.10225581
0.0,0.050984167
0.0,0.06421722
0.0,0.06597547
0.0,0.067232706
0.0,0.047398474
0.0,0.09396335
0.0,0.056718834
0.0,0.02685572
0.0,0.061207816
0.0,0.03869012
0.0,0.054017022
0.0,0.035305176
0.0,0.08561841
0.0,0.057508264
0.0,0.047347557
2.0,0.039016854
0.0,0.042489257
0.0,0.053575832
0.0,0.07588561
0.0,0.040083893
0.0,0.06739766
0.0,0.056594186
0.0,0.09282709
0.0,0.071809396
0.0,0.036768995
0.0,0.031466357
0.0,0.06039033
1.0,0.06943855
0.0,0.089097515
0.0,0.09992764
0.0,0.046425782
0.0,0.059364773
0.0,0.052687325
0.0,0.06329583
1.0,0.044478662
0.0,0.044738166
0.0,0.03638003
0.0,0.07775432
0.0,0.055536084
0.0,0.08599092
0.0,0.084210485
0.0,0.05341462
0.0,0.06983525
0.0,0.048466537
0.0,0.05599681
0.0,0.07859606
0.0,0.07589877
0.0,0.07518827
0.0,0.05493044
0.0,0.051211298
0.0,0.0678671
0.0,0.032516528
0.0,0.05538182
0.0,0.04985078
1.0,0.072520286
0.0,0.08799194
0.0,0.053375103
2.0,0.088479996
0.0,0.07583419
0.0,0.056781724
0.0,0.08776604
0.0,0.035055738
0.0,0.0683424
0.0,0.060352895
0.0,0.079970434
0.0,0.070269704
0.0,0.034871496
0.0,0.036326252
0.0,0.033891354
0.0,0.051666092
0.0,0.042654917
0.0,0.0037137554
0.0,0.041049898
0.0,0.047992032
0.0,0.049733303
0.0,0.023402842
0.0,0.033856384
0.0,0.04102164
0.0,0.021215387
0.0,0.05270564
1.0,0.04516628
0.0,0.063610345
0.0,0.059127837
0.0,0.05800321
0.0,0.05329159
0.0,0.045260668
0.0,0.05210226
0.0,0.043661524
0.0,0.046573333
0.0,0.060089745
0.0,0.082144655
0.0,0.04941828
0.0,0.071566775
0.0,0.04923212
1.0,0.054347333
0.0,0.0754309
0.0,0.055221252
0.0,0.057571698
0.0,0.07925062
0.0,0.0989262
0.0,0.049822442
0.0,0.08033555
0.0,0.071706966
0.0,0.050906695
0.0,0.04687614
1.0,0.05621013
0.0,0.0392555
0.0,0.06599972
0.0,0.10365562
0.0,0.04043309
0.0,0.03601651
0.0,0.061123148
0.0,0.07814214
0.0,0.04621861
0.0,0.036279052
0.0,0.04725364
0.0,0.07384066
0.0,0.06004519
0.0,0.00701149
0.0,0.06598272
0.0,0.04313892
0.0,0.023349471
0.0,0.04681978
0.0,0.050830316
0.0,0.072624795
0.0,0.06597526
0.0,0.058079362
0.0,0.065301694
0.0,0.039548624
0.0,0.057775907
0.0,0.039243642
0.0,0.07201752
0.0,0.06353423
0.0,0.06305357
0.0,0.05591399
0.0,0.027640838
0.0,0.06616251
0.0,0.05061288
0.0,0.0783463
0.0,0.07533732
0.0,0.0564028
0.0,0.08340415
0.0,0.051310416
0.0,0.055062886
0.0,0.059880897
0.0,0.049163066
0.0,0.035292417
0.0,0.07745041
0.0,0.071358554
0.0,0.044312015
0.0,0.07784247
0.0,0.056589797
0.0,0.086011894
1.0,0.05093989
0.0,0.062493786
0.0,0.035179846
0.0,0.049485154
0.0,0.05799508
0.0,0.081399545
0.0,0.03802749
0.0,0.05812656
0.0,0.06101123
0.0,0.03999191
0.0,0.05734689
0.0,0.06992222
0.0,0.05277338
0.0,0.07127251
0.0,0.06411507
0.0,0.072335035
0.0,0.052296594
0.0,0.048343778
0.0,0.032934885
0.0,0.091479436
0.0,0.055679284
0.0,0.06532296
0.0,0.057276428
0.0,0.08160373
0.0,0.07750564
0.0,0.053338137
0.0,0.09133965
0.0,0.08530651
0.0,0.101160794
0.0,0.050169155
0.0,0.037494894
0.0,0.06377275
0.0,0.07410973
0.0,0.050159227
0.0,0.047682837
0.0,0.06701782
0.0,0.04843724
0.0,0.08298953
0.0,0.065299496
0.0,0.06896294
0.0,0.06986398
0.0,0.043092407
0.0,0.09570003
0.0,0.056205183
1.0,0.043694075
1.0,0.06478996
1.0,0.041599873
0.0,0.005650873
0.0,0.06632933
0.0,0.06673145
0.0,0.06531661
0.0,0.0672892
0.0,0.07723798
0.0,0.06276916
0.0,0.082036205
0.0,0.039448727
0.0,0.06650039
0.0,0.03147181
0.0,0.052787773
1.0,0.04134971
0.0,0.059072852
0.0,0.066453286
0.0,0.04238554
0.0,0.04854498
0.0,0.040644176
0.0,0.059105594
0.0,0.05296582
0.0,0.080861576
0.0,0.06314646
0.0,0.08518745
0.0,0.057295248
0.0,0.087186076
0.0,0.06924188
0.0,0.05247008
0.0,0.10555489
0.0,0.03616538
0.0,0.058433667
0.0,0.05862617
0.0,0.0450582
0.0,0.043256942
0.0,0.0391789
0.0,0.08455316
0.0,0.04630708
0.0,0.026545968
0.0,0.05172708
1.0,0.06337976
0.0,0.07839757
0.0,0.043503437
0.0,0.10677001
0.0,0.0783635
0.0,0.042253442
0.0,0.067878895
2.0,0.07025559
0.0,0.06481094
0.0,0.07138546
0.0,0.054665353
1.0,0.07258162
0.0,0.06598057
1.0,0.06583517
0.0,0.07772307
1.0,0.05477348
0.0,0.03599138
0.0,0.06537089
0.0,0.069230564
0.0,0.06314767
0.0,0.059185732
0.0,0.04483245
0.0,0.034203224
0.0,0.058244254
0.0,0.05166321
0.0,0.06394881
0.0,0.090334155
0.0,0.09877555
0.0,0.11740524
0.0,0.058233466
0.0,0.06506889
0.0,0.06669159
0.0,0.06754314
0.0,0.05706405
0.0,0.055891156
0.0,0.031242564
0.0,0.061855253
0.0,0.047366865
0.0,0.060152855
0.0,0.07454611
0.0,0.05102483
0.0,0.038772672
0.0,0.068732366
0.0,0.048239406
0.0,0.050543714
0.0,0.043673724
0.0,0.06206437
0.0,0.08343478
0.0,0.03318501
1.0,0.06159796
0.0,0.044348456
0.0,0.041056983
0.0,0.04874259
0.0,0.06980186
0.0,0.06067414
0.0,0.06117066
0.0,0.04203353
0.0,0.06428716
0.0,0.06046724
0.0,0.060517903
0.0,0.060868695
0.0,0.047932547
0.0,0.059334677
0.0,0.04819972
0.0,0.06944288
0.0,0.03586316
0.0,0.05249314
0.0,0.055808984
0.0,0.08167588
0.0,0.049693123
0.0,0.063005336
0.0,0.036817215
0.0,0.03933505
0.0,0.04112572
0.0,0.058977865
0.0,0.09656571
0.0,0.083501026
0.0,0.049557555
0.0,0.075391546
0.0,0.06906088
0.0,0.05893682
0.0,0.07014991
0.0,0.08377899
1.0,0.075961314
0.0,0.0691698
0.0,0.059121054
0.0,0.07706678
0.0,0.08036843
0.0,0.0471498
0.0,0.07398776
0.0,0.09527059
0.0,0.108483076
0.0,0.05383241
0.0,0.04822308
0.0,0.09937402
0.0,0.0814943
0.0,0.059641812
0.0,0.053886164
0.0,0.03227973
0.0,0.06041631
0.0,0.05064504
0.0,0.051649258
0.0,0.08988589
0.0,0.06813718
0.0,0.04256989
0.0,0.058012493
0.0,0.05007
0.0,0.07476189
0.0,0.070610434
0.0,0.037783086
0.0,0.03983691
0.0,0.07152289
0.0,0.081352435
0.0,0.07885608
0.0,0.06152111
0.0,0.035051785
0.0,0.045550033
0.0,0.05272442
0.0,0.007818004
0.0,0.047451526
0.0,0.06962392
0.0,0.06706873
0.0,0.054031525
0.0,0.06755767
0.0,0.03441385
0.0,0.048461754
0.0,0.03201388
1.0,0.047124483
0.0,0.046065055
0.0,0.058867894
0.0,0.075390756
0.0,0.06184316
0.0,0.09065528
0.0,0.085412055
0.0,0.050405513
0.0,0.049882833
1.0,0.06941731
0.0,0.068036675
0.0,0.09407796
0.0,0.091520905
0.0,0.07806635
0.0,0.056864798
0.0,0.06708133
0.0,0.05647989
0.0,0.059943832
0.0,0.07327066
0.0,0.05295331
0.0,0.073324904
0.0,0.04296154
0.0,0.066197954
0.0,0.04692392
0.0,0.05835071
0.0,0.05036203
0.0,0.046761982
0.0,0.06158216
0.0,0.065761626
0.0,0.061484043
0.0,0.057065424
0.0,0.087398574
0.0,0.077148385
0.0,0.06656959
0.0,0.06495149
0.0,0.051418502
0.0,0.04279653
0.0,0.05375824
0.0,0.045735102
0.0,0.057225406
0.0,0.006697442
0.0,0.0536475
0.0,0.08076897
0.0,0.0062747635
0.0,0.05821986
0.0,0.03308651
0.0,0.080827765
0.0,0.042386733
0.0,0.06784073
0.0,0.03303017
0.0,0.04765332
0.0,0.047286425
0.0,0.05618885
0.0,0.04750287
0.0,0.045316644
0.0,0.05427107
0.0,0.028784744
0.0,0.05037836
0.0,0.08707477
1.0,0.03799289
1.0,0.06247895
0.0,0.06269979
0.0,0.03835635
0.0,0.050701786
0.0,0.06644565
0.0,0.059814773
0.0,0.05819549
0.0,0.11129619
0.0,0.06525251
0.0,0.028812304
0.0,0.038936734
0.0,0.06384917
0.0,0.07606071
0.0,0.05710898
0.0,0.07477462
1.0,0.04460565
0.0,0.077384
0.0,0.06354471
0.0,0.05900982
0.0,0.06379406
0.0,0.042370625
0.0,0.083764434
0.0,0.06483415
1.0,0.046493277
0.0,0.031608634
0.0,0.043279048
0.0,0.06027228
0.0,0.06302258
0.0,0.085888796
1.0,0.04962769
0.0,0.050257746
0.0,0.06593162
0.0,0.056682605
0.0,0.07158804
0.0,0.03587172
0.0,0.059350636
0.0,0.05100121
0.0,0.06290339
0.0,0.05059037
0.0,0.045637548
0.0,0.04582998
0.0,0.05876432
0.0,0.069312364
0.0,0.046201304
0.0,0.06522305
0.0,0.06991202
0.0,0.076654375
0.0,0.062523045
0.0,0.05248815
0.0,0.029044252
0.0,0.060062043
0.0,0.009326804
0.0,0.055723015
0.0,0.037143078
0.0,0.05494812
0.0,0.03235177
0.0,0.011447117
0.0,0.09337015
0.0,0.056482382
0.0,0.017171953
0.0,0.05542878
0.0,0.05909714
0.0,0.06884474
0.0,0.07387604
0.0,0.05189667
0.0,0.04609272
0.0,0.060225252
0.0,0.07841077
0.0,0.07438234
0.0,0.049517658
0.0,0.06114848
0.0,0.0775786
0.0,0.055572644
0.0,0.064642586
0.0,0.079906985
0.0,0.090455085
0.0,0.079450056
0.0,0.04529961
0.0,0.08769398
0.0,0.101917244
0.0,0.065352
0.0,0.062453587
0.0,0.07759439
0.0,0.031356275
0.0,0.035380594
0.0,0.07028284
0.0,0.00721953
0.0,0.05760093
0.0,0.024939246
0.0,0.07274844
0.0,0.059343055
0.0,0.055535726
0.0,0.062000908
0.0,0.031592995
0.0,0.1035782
0.0,0.035185464
0.0,0.025809221
0.0,0.06357291
0.0,0.07425046
0.0,0.045064732
0.0,0.061659053
0.0,0.10048166
0.0,0.046986535
0.0,0.05035221
0.0,0.0719827
0.0,0.03490123
0.0,0.075965494
1.0,0.064669445
0.0,0.038331438
0.0,0.051446337
0.0,0.038067676
0.0,0.044207968
0.0,0.07528722
0.0,0.08213422
0.0,0.07635234
0.0,0.026635218
0.0,0.061200462
0.0,0.039946742
0.0,0.03727224
0.0,0.03537727
0.0,0.06418933
0.0,0.05883663
0.0,0.07497179
0.0,0.04441654
0.0,0.057753183
0.0,0.045522317
0.0,0.05277206
0.0,0.073378205
1.0,0.066438586
0.0,0.035723627
0.0,0.08825907
0.0,0.057964683
0.0,0.081634395
0.0,0.097844236
0.0,0.06699207
0.0,0.072269544
0.0,0.073971674
0.0,0.05929515
0.0,0.048423905
0.0,0.058037173
0.0,0.07353408
0.0,0.06502881
0.0,0.047443833
0.0,0.04587329
0.0,0.043788634
0.0,0.068168744
0.0,0.09520596
0.0,0.042934272
0.0,0.0567454
0.0,0.053670414
0.0,0.06713722
0.0,0.06572119
0.0,0.080420524
0.0,0.06815061
0.0,0.081646696
0.0,0.040415443
1.0,0.03861374
1.0,0.03723087
1.0,0.106143855
0.0,0.046384215
1.0,0.06794904
0.0,0.05409885
0.0,0.07196893
0.0,0.074018404
0.0,0.07363113
0.0,0.0706685
0.0,0.09646329
0.0,0.048088692
0.0,0.047020353
0.0,0.052251615
0.0,0.091719024
0.0,0.033774085
0.0,0.04156427
0.0,0.058883276
0.0,0.0446712
0.0,0.04486461
0.0,0.06938046
0.0,0.042596713
0.0,0.09609764
0.0,0.07877459
1.0,0.04662448
0.0,0.07762677
0.0,0.06769859
0.0,0.05836351
1.0,0.075306505
0.0,0.07507942
0.0,0.05815854
0.0,0.085058376
0.0,0.066197366
0.0,0.0968855
0.0,0.07408944
0.0,0.07168377
1.0,0.04508196
0.0,0.043648116
0.0,0.041756958
0.0,0.040646706
0.0,0.056691013
0.0,0.06078206
0.0,0.050009668
0.0,0.0612938
0.0,0.068064645
0.0,0.06228833
0.0,0.045712985
0.0,0.07937584
0.0,0.09220579
0.0,0.08577455
0.0,0.030992368
0.0,0.06721991
0.0,0.085167915
2.0,0.07305551
0.0,0.04814194
0.0,0.052364692
0.0,0.08022381
0.0,0.09275992
0.0,0.07539273
0.0,0.030566746
0.0,0.054307103
0.0,0.06647956
0.0,0.06907989
0.0,0.040056113
0.0,0.08885026
0.0,0.007882497
0.0,0.049175225
0.0,0.0318856
0.0,0.064585604
0.0,0.06604244
0.0,0.08119737
0.0,0.019265773
0.0,0.08208081
1.0,0.059517603
0.0,0.07476866
0.0,0.058719013
0.0,0.047027037
0.0,0.058218833
0.0,0.080632985
0.0,0.037146535
0.0,0.07225078
0.0,0.067480735
0.0,0.06791809
0.0,0.048649132
1.0,0.05943465
0.0,0.094790846
1.0,0.039087933
0.0,0.042301755
0.0,0.059900817
0.0,0.060525626
1.0,0.07660582
0.0,0.06658867
0.0,0.04255773
0.0,0.06213252
0.0,0.09639825
0.0,0.032169245
0.0,0.07859844
0.0,0.035419274
0.0,0.063067675
0.0,0.070100896
0.0,0.085371986
0.0,0.008443026
0.0,0.09469439
0.0,0.043169007
0.0,0.059993587
0.0,0.0049406476
0.0,0.044197053
0.0,0.040838446
0.0,0.05453783
0.0,0.027712025
0.0,0.047362145
0.0,0.0874375
0.0,0.0798883
0.0,0.07440277
0.0,0.040028952
0.0,0.0608951
0.0,0.06309962
0.0,0.03302716
0.0,0.05019129
0.0,0.066726215
0.0,0.067684375
0.0,0.03533364
0.0,0.0422902
0.0,0.057937466
0.0,0.06746026
0.0,0.037350744
0.0,0.05097765
0.0,0.057736196
0.0,0.0739987
0.0,0.06079805
1.0,0.03554183
0.0,0.03936585
0.0,0.0427222
0.0,0.05732222
0.0,0.06959423
0.0,0.006169746
0.0,0.05371669
0.0,0.054848544
0.0,0.062653966
1.0,0.039903924
0.0,0.05547705
0.0,0.065566406
0.0,0.07094493
0.0,0.034036648
0.0,0.054379348
0.0,0.041955505
0.0,0.03511811
0.0,0.07642877
1.0,0.08860449
0.0,0.0546811
0.0,0.08082869
0.0,0.06918286
0.0,0.060246896
0.0,0.071088135
0.0,0.03476522
0.0,0.055009205
0.0,0.07198163
0.0,0.05946511
0.0,0.047342185
0.0,0.07657865
1.0,0.077371456
0.0,0.04441171
0.0,0.02824105
1.0,0.032526888
0.0,0.037552804
0.0,0.007392435
0.0,0.006976652
0.0,0.05716625
0.0,0.03197474
0.0,0.061120145
0.0,0.051219746
0.0,0.0719088
0.0,0.031845007
1.0,0.054907225
0.0,0.06887905
0.0,0.06476881
1.0,0.09835742
0.0,0.05893498
0.0,0.062741265
0.0,0.04523181
1.0,0.03393906
0.0,0.053576227
0.0,0.03802433
0.0,0.050127905
0.0,0.03348766
0.0,0.038381856
0.0,0.07171234
0.0,0.052974712
0.0,0.06473594
0.0,0.05205648
0.0,0.036938056
0.0,0.046241544
0.0,0.08487276
0.0,0.06815211
0.0,0.05858776
0.0,0.059701394
0.0,0.057456225
0.0,0.03875134
0.0,0.060836095
0.0,0.07580111
0.0,0.007376864
0.0,0.06912825
0.0,0.080380425
0.0,0.042607278
0.0,0.050557405
0.0,0.030365586
0.0,0.05273971
0.0,0.07678451
0.0,0.06401687
0.0,0.04273526
0.0,0.03864161
0.0,0.06550913
0.0,0.07982947
0.0,0.028820666
0.0,0.08660239
0.0,0.008372498
0.0,0.008012903
0.0,0.06704769
0.0,0.06917351
1.0,0.039610036
0.0,0.040998206
0.0,0.06321864
0.0,0.066456616
0.0,0.052660212
0.0,0.033803634
0.0,0.045132093
0.0,0.038700618
0.0,0.04113441
1.0,0.047335245
1.0,0.054123193
0.0,0.035581246
0.0,0.008829
0.0,0.052625746
0.0,0.05922965
0.0,0.046463326
0.0,0.064202935
0.0,0.050980896
0.0,0.05930505
0.0,0.041000403
0.0,0.03860219
0.0,0.059561823
0.0,0.028186953
0.0,0.070093654
0.0,0.056044504
0.0,0.059583057
1.0,0.046074852
1.0,0.1004056
0.0,0.10234224
0.0,0.06404237
0.0,0.044074997
0.0,0.055745713
0.0,0.044121794
0.0,0.057827283
0.0,0.06512711
0.0,0.068841785
0.0,0.019741831
0.0,0.050189253
0.0,0.07091051
0.0,0.06614541
0.0,0.07593091
0.0,0.040664736
0.0,0.032875113
0.0,0.045719698
0.0,0.060405985
0.0,0.06190357
0.0,0.0624128
1.0,0.03757901
0.0,0.035247043
0.0,0.04163924
0.0,0.049474172
0.0,0.07115934
0.0,0.06886904
0.0,0.041937873
0.0,0.07980492
0.0,0.10825475
0.0,0.05697259
0.0,0.0759968
0.0,0.028611215
0.0,0.06485992
0.0,0.10737884
0.0,0.064339824
0.0,0.08747854
0.0,0.04526326
0.0,0.07476394
0.0,0.070904866
0.0,0.04147637
0.0,0.05007191
0.0,0.047387503
1.0,0.05343556
0.0,0.104702145
1.0,0.06777621
0.0,0.06666714
0.0,0.039027926
0.0,0.046596546
0.0,0.07990368
0.0,0.05241894
0.0,0.052315675
0.0,0.062424496
0.0,0.036232196
0.0,0.09301646
0.0,0.050322372
0.0,0.08615135
0.0,0.05494443
0.0,0.07939405
0.0,0.06834336
0.0,0.044405572
0.0,0.040683918
0.0,0.06952017
0.0,0.07827414
0.0,0.05875132
0.0,0.05434175
0.0,0.07822628
0.0,0.04980181
0.0,0.09319918
0.0,0.0329509
0.0,0.03701885
0.0,0.089918755
0.0,0.081119664
0.0,0.052881394
0.0,0.023941716
0.0,0.05357297
0.0,0.035127044
0.0,0.04784915
0.0,0.04159541
0.0,0.07203066
0.0,0.031029906
0.0,0.061953668
0.0,0.027749142
0.0,0.041669138
0.0,0.05258788
0.0,0.039193805
0.0,0.048668295
0.0,0.075969554
0.0,0.04296027
0.0,0.050286897
0.0,0.04301246
0.0,0.062090106
0.0,0.05567327
0.0,0.067598075
1.0,0.08411654
0.0,0.061317623
0.0,0.075652346
0.0,0.04461371
0.0,0.042226486
0.0,0.07336128
0.0,0.03608717
0.0,0.04158581
0.0,0.074304566
0.0,0.065544866
0.0,0.044509444
0.0,0.03948563
0.0,0.07277078
0.0,0.074104756
1.0,0.07705765
0.0,0.07922211
1.0,0.053118132
0.0,0.056547422
0.0,0.036187008
0.0,0.07160899
0.0,0.067809
0.0,0.04486937
0.0,0.0064100353
0.0,0.050410442
0.0,0.04429958
0.0,0.04280495
0.0,0.032861274
0.0,0.043882452
0.0,0.046584792
0.0,0.030489901
0.0,0.029761625
0.0,0.04790787
1.0,0.06678432
0.0,0.05959718
0.0,0.0713384
0.0,0.038305227
0.0,0.037830465
0.0,0.06654583
0.0,0.045132868
0.0,0.047358148
0.0,0.052574743
0.0,0.050110172
0.0,0.0081043225
0.0,0.03386423
0.0,0.049029123
0.0,0.03937638
0.0,0.016411567
0.0,0.073373
0.0,0.049331676
0.0,0.04564166
0.0,0.09530803
0.0,0.0470896
0.0,0.046716895
0.0,0.06759421
0.0,0.0415619
0.0,0.054039642
0.0,0.12384965
0.0,0.033887222
0.0,0.049864925
0.0,0.04742065
0.0,0.03732412
0.0,0.037798118
0.0,0.023420937
0.0,0.051090688
0.0,0.056205615
0.0,0.06093761
0.0,0.07576594
0.0,0.090066224
0.0,0.04223753
0.0,0.07546323
0.0,0.083571754
0.0,0.0667867
0.0,0.045699
0.0,0.04048712
0.0,0.06352753
0.0,0.057290044
0.0,0.020382656
0.0,0.04621864
1.0,0.043909624
0.0,0.007451573
0.0,0.06948978
0.0,0.051471807
0.0,0.044712424
0.0,0.036637705
0.0,0.071466945
0.0,0.06994943
0.0,0.03753165
0.0,0.06857993
0.0,0.0046558543
0.0,0.032039467
0.0,0.033533264
0.0,0.044891447
0.0,0.05207067
0.0,0.06647154
0.0,0.039197475
0.0,0.05376784
0.0,0.05250885
0.0,0.07851231
0.0,0.087418325
0.0,0.037687793
0.0,0.041354872
0.0,0.07399413
0.0,0.087245256
0.0,0.07662675
0.0,0.062279318
0.0,0.09099036
0.0,0.044711165
0.0,0.03323394
1.0,0.045398183
0.0,0.05331951
0.0,0.039437395
0.0,0.08114458
0.0,0.039271656
2.0,0.008407608
0.0,0.052504167
0.0,0.08466037
0.0,0.07893002
1.0,0.056599393
0.0,0.05717726
0.0,0.058953457
0.0,0.054850154
0.0,0.034296364
0.0,0.059832375
0.0,0.055841036
0.0,0.059673786
0.0,0.058418497
0.0,0.057397105
0.0,0.035644114
0.0,0.035072792
0.0,0.115921654
0.0,0.042003676
0.0,0.103207774
0.0,0.06220187
1.0,0.041235812
0.0,0.041629996
0.0,0.066453904
0.0,0.051339537
0.0,0.07136737
0.0,0.06130143
0.0,0.05608388
0.0,0.026555052
0.0,0.036762763
0.0,0.060592763
0.0,0.008080972
0.0,0.083798066
0.0,0.04409421
0.0,0.04477732
0.0,0.033816773
1.0,0.06423596
0.0,0.06451869
0.0,0.07991743
0.0,0.042146403
0.0,0.0412954
0.0,0.08935997
0.0,0.0732197
0.0,0.07974596
0.0,0.04811845
0.0,0.061214734
0.0,0.058553252
0.0,0.052129634
0.0,0.037584484
0.0,0.06364275
0.0,0.034993082
0.0,0.05862729
0.0,0.05110883
0.0,0.045534592
0.0,0.06610789
0.0,0.041890763
0.0,0.075858496
0.0,0.030609103
0.0,0.08176264
0.0,0.059594166
0.0,0.069368325
0.0,0.048229564
0.0,0.031566933
0.0,0.08484684
0.0,0.061156046
1.0,0.038234953
1.0,0.050852753
0.0,0.05503753
0.0,0.04532105
0.0,0.036814187
0.0,0.03963074
0.0,0.07676746
0.0,0.067371055
0.0,0.034396626
0.0,0.097509496
0.0,0.044063546
0.0,0.079587266
0.0,0.07525639
0.0,0.070138544
0.0,0.06280838
0.0,0.023572147
0.0,0.048432507
0.0,0.057386845
0.0,0.030862518
0.0,0.0689947
0.0,0.059570443
0.0,0.063687816
0.0,0.02952795
0.0,0.060686707
0.0,0.047973774
0.0,0.020373493
0.0,0.08691136
0.0,0.05263277
1.0,0.050734423
0.0,0.064091675
0.0,0.059514455
0.0,0.016646516
0.0,0.042533144
0.0,0.031161418
0.0,0.07087179
0.0,0.055254508
0.0,0.06565025
1.0,0.059958555
0.0,0.08662845
0.0,0.04582741
0.0,0.07350109
0.0,0.088762835
0.0,0.068376124
0.0,0.09177145
0.0,0.08077285
0.0,0.070589855
0.0,0.009299174
0.0,0.0471957
0.0,0.032275885
0.0,0.053202506
0.0,0.090985455
1.0,0.03838645
0.0,0.035788894
0.0,0.049652927
0.0,0.04784517
0.0,0.07096056
0.0,0.083208375
0.0,0.051042143
0.0,0.06071066
0.0,0.054418426
0.0,0.079394616
0.0,0.073752284
0.0,0.059672832
0.0,0.056017958
0.0,0.025317498
0.0,0.072122596
0.0,0.06644299
0.0,0.0482687
0.0,0.07657506
0.0,0.057107426
0.0,0.07462621
0.0,0.047893193
0.0,0.054174487
0.0,0.04725586
1.0,0.0146426065
0.0,0.06849823
0.0,0.07816644
0.0,0.05249711
0.0,0.060377233
0.0,0.043316934
0.0,0.07239166
0.0,0.051187567
0.0,0.06802557
0.0,0.05680986
0.0,0.08838363
0.0,0.07452522
0.0,0.03764995
0.0,0.060183167
0.0,0.06937428
0.0,0.049166325
0.0,0.054918524
0.0,0.06411979
0.0,0.09971597
0.0,0.047446422
0.0,0.059082348
0.0,0.06630983
0.0,0.03440596
0.0,0.07236658
0.0,0.044612437
0.0,0.04449598
0.0,0.05429474
0.0,0.09392778
0.0,0.07258506
0.0,0.03558936
0.0,0.07497697
0.0,0.072488755
0.0,0.046931002
0.0,0.046931036
0.0,0.040327698
0.0,0.0779945
0.0,0.0500975
0.0,0.078191675
0.0,0.04516572
0.0,0.021032885
0.0,0.01809914
0.0,0.054416195
0.0,0.04198058
0.0,0.0535843
0.0,0.04430648
1.0,0.058042638
0.0,0.05305763
0.0,0.060127363
0.0,0.07907562
0.0,0.08226768
0.0,0.04132369
0.0,0.08716571
0.0,0.04534271
0.0,0.072999865
0.0,0.025227357
0.0,0.038000792
0.0,0.08280947
0.0,0.082136914
0.0,0.07505305
0.0,0.033466414
1.0,0.056357283
0.0,0.045872293
0.0,0.058599535
0.0,0.05164508
0.0,0.08467935
0.0,0.08598091
0.0,0.054444224
0.0,0.05672706
0.0,0.07798632
0.0,0.09378821
0.0,0.061192553
0.0,0.06482027
0.0,0.042276874
0.0,0.082406506
0.0,0.056979667
0.0,0.039931726
0.0,0.030722868
1.0,0.048703663
0.0,0.056752436
0.0,0.05088374
0.0,0.026009034
0.0,0.07456766
0.0,0.046532996
0.0,0.06803504
0.0,0.053658374
0.0,0.082690075
0.0,0.044446297
0.0,0.061479893
0.0,0.0654224
0.0,0.042129204
0.0,0.048835997
0.0,0.05017115
0.0,0.071443774
0.0,0.03888761
0.0,0.06312952
1.0,0.08130586
0.0,0.052866884
0.0,0.09212418
0.0,0.045510497
0.0,0.07667924
0.0,0.007131685
0.0,0.06608679
0.0,0.08000456
0.0,0.06841757
0.0,0.06687417
0.0,0.04772971
0.0,0.07821278
0.0,0.052058764
0.0,0.06683168
0.0,0.0607416
0.0,0.045892492
0.0,0.050036084
0.0,0.031730328
0.0,0.09610259
0.0,0.02399985
0.0,0.037937894
1.0,0.03945343
0.0,0.047191244
0.0,0.053864777
0.0,0.006342774
0.0,0.047933772
0.0,0.07351069
0.0,0.031131553
0.0,0.07717355
0.0,0.06556944
1.0,0.060647815
0.0,0.07283134
0.0,0.06393297
0.0,0.08720371
0.0,0.05638661
0.0,0.024155993
0.0,0.05755988
0.0,0.06309297
0.0,0.06602068
0.0,0.06883168
0.0,0.09308885
0.0,0.050287686
0.0,0.023105681
0.0,0.07288526
0.0,0.048631873
0.0,0.05155182
0.0,0.056290865
0.0,0.0636436
0.0,0.045716926
0.0,0.03572523
0.0,0.053155124
0.0,0.070147604
0.0,0.03995899
0.0,0.04486461
0.0,0.05709414
0.0,0.061513953
0.0,0.058616653
0.0,0.09619873
1.0,0.08404285
0.0,0.04138855
0.0,0.06311447
0.0,0.054726228
0.0,0.06195451
0.0,0.0920153
0.0,0.086338386
0.0,0.04865578
0.0,0.051720183
0.0,0.04471494
0.0,0.06649323
0.0,0.059285652
0.0,0.047962405
0.0,0.045462854
0.0,0.0749343
0.0,0.06901732
1.0,0.07133779
2.0,0.010366709
0.0,0.0587487
0.0,0.049360253
0.0,0.066197194
0.0,0.050645366
0.0,0.07116713
1.0,0.06967124
0.0,0.040376823
0.0,0.067352325
0.0,0.045495138
0.0,0.04682324
0.0,0.06358871
0.0,0.07524982
0.0,0.05633865
0.0,0.08768035
0.0,0.07217283
0.0,0.034309138
0.0,0.058482796
0.0,0.07780402
0.0,0.030424496
0.0,0.04636673
0.0,0.07985711
0.0,0.05137218
0.0,0.06780734
0.0,0.07283683
0.0,0.050676905
0.0,0.050643735
0.0,0.100899234
0.0,0.09346659
1.0,0.041308522
0.0,0.09419792
0.0,0.044811077
0.0,0.049527448
0.0,0.040014267
0.0,0.04528804
0.0,0.07177102
0.0,0.07362049
0.0,0.07268736
0.0,0.041782998
0.0,0.04559495
0.0,0.054770045
0.0,0.02598364
0.0,0.056998104
0.0,0.030102361
0.0,0.08145405
0.0,0.048859883
0.0,0.06325365
0.0,0.00454811
0.0,0.026124638
0.0,0.081838585
0.0,0.059867933
0.0,0.05787495
0.0,0.06213302
0.0,0.07078275
0.0,0.053338937
0.0,0.049822964
0.0,0.08142151
0.0,0.0745554
0.0,0.05177904
0.0,0.08064115
0.0,0.06615275
0.0,0.08080172
0.0,0.08540493
0.0,0.07155843
1.0,0.0411359
0.0,0.08020981
0.0,0.044043157
0.0,0.054844357
0.0,0.06813601
0.0,0.06835001
0.0,0.06694035
0.0,0.046832964
0.0,0.055054944
0.0,0.055091973
0.0,0.06308829
0.0,0.072390065
0.0,0.060366884
0.0,0.041331828
0.0,0.049154803
0.0,0.04339687
0.0,0.08594541
0.0,0.02629942
0.0,0.05981723
0.0,0.0754046
0.0,0.06476089
0.0,0.07414321
0.0,0.04879704
1.0,0.04448635
0.0,0.07628214
0.0,0.053256467
0.0,0.00994206
0.0,0.035257347
0.0,0.046730153
0.0,0.073028155
0.0,0.06805371
0.0,0.050715897
0.0,0.054565195
0.0,0.066125624
0.0,0.08344264
0.0,0.070968546
0.0,0.08467531
0.0,0.046652317
0.0,0.069271296
0.0,0.07432694
0.0,0.07015667
0.0,0.047222838
0.0,0.047937553
0.0,0.0924683
0.0,0.04512635
0.0,0.063320644
0.0,0.05730287
0.0,0.07213529
0.0,0.028067391
0.0,0.07936327
0.0,0.034017242
0.0,0.091836855
0.0,0.043074463
0.0,0.09575869
0.0,0.06157598
0.0,0.04585328
0.0,0.040653996
0.0,0.060126618
0.0,0.0570996
0.0,0.049037237
0.0,0.068546854
0.0,0.05981275
0.0,0.07090558
0.0,0.056006286
0.0,0.045041777
0.0,0.044395745
0.0,0.05154602
0.0,0.009409768
0.0,0.070822455
0.0,0.061882082
0.0,0.011462208
0.0,0.069473356
0.0,0.07061781
0.0,0.050492983
0.0,0.07588932
0.0,0.054343227
0.0,0.039297543
0.0,0.043573048
0.0,0.053817783
0.0,0.04324445
0.0,0.058473986
0.0,0.027493568
0.0,0.03146446
0.0,0.05198317
0.0,0.052199416
0.0,0.06785749
0.0,0.056115914
0.0,0.052304626
0.0,0.07377142
0.0,0.074895754
0.0,0.041224565
0.0,0.038908616
0.0,0.05158423
0.0,0.043656517
0.0,0.069929026
0.0,0.05084054
0.0,0.047246475
0.0,0.047402147
0.0,0.060227465
0.0,0.039972894
0.0,0.085034795
0.0,0.082927875
0.0,0.0587972
0.0,0.051817704
0.0,0.07413877
0.0,0.08313809
0.0,0.031197205
0.0,0.05860599
1.0,0.07660885
0.0,0.08327629
0.0,0.05354511
0.0,0.04426851
0.0,0.08381969
0.0,0.05399002
0.0,0.04282174
0.0,0.045001663
0.0,0.04519575
0.0,0.078433275
0.0,0.058307305
0.0,0.07770091
0.0,0.04171217
0.0,0.06803606
0.0,0.07760442
0.0,0.058220528
0.0,0.039734274
0.0,0.06325175
0.0,0.07223046
0.0,0.055899218
0.0,0.071510814
0.0,0.044293024
0.0,0.06370525
0.0,0.06540769
0.0,0.064989686
1.0,0.0518508
0.0,0.07365427
0.0,0.060235895
0.0,0.041368958
0.0,0.04123304
0.0,0.058623098
0.0,0.08388554
0.0,0.040683463
1.0,0.051962215
0.0,0.041622266
0.0,0.06651989
0.0,0.07865772
1.0,0.03677471
0.0,0.05209595
0.0,0.034522116
0.0,0.03893755
0.0,0.03881759
0.0,0.054924887
0.0,0.06600047
0.0,0.07234907
0.0,0.01906335
0.0,0.034267202
0.0,0.010910104
0.0,0.057429466
0.0,0.061719652
0.0,0.041960835
0.0,0.042732712
0.0,0.06768071
0.0,0.03799659
0.0,0.029862093
0.0,0.050388068
0.0,0.054657325
0.0,0.06940975
0.0,0.066158965
0.0,0.036970716
0.0,0.031483654
0.0,0.05852979
0.0,0.0859739
0.0,0.056317203
0.0,0.06380431
0.0,0.041116033
0.0,0.034923237
0.0,0.036601387
0.0,0.06358566
0.0,0.0514109
0.0,0.09125745
0.0,0.060204495
0.0,0.07687965
0.0,0.06633142
0.0,0.061829492
1.0,0.069876924
0.0,0.044668175
0.0,0.07046923
0.0,0.07466807
0.0,0.089401394
0.0,0.051844448
0.0,0.05833282
0.0,0.057328835
0.0,0.04358805
0.0,0.067343436
0.0,0.07455141
0.0,0.04759184
0.0,0.07953851
0.0,0.05017236
0.0,0.0569658
0.0,0.035472825
0.0,0.035885885
0.0,0.066216245
0.0,0.046728246
0.0,0.07465908
0.0,0.05640726
0.0,0.032013185
0.0,0.0645118
0.0,0.06809954
0.0,0.057810094
0.0,0.041170925
0.0,0.0669521
0.0,0.05840145
0.0,0.0732423
0.0,0.043823402
1.0,0.030892555
0.0,0.06452247
0.0,0.044378646
0.0,0.0070860824
0.0,0.08413872
0.0,0.045186743
0.0,0.08444544
1.0,0.044087324
0.0,0.05909579
0.0,0.06482927
0.0,0.09368764
0.0,0.080212526
0.0,0.07075319
0.0,0.047476105
0.0,0.056514926
1.0,0.049884215
0.0,0.049615853
0.0,0.05834994
0.0,0.056653745
0.0,0.0067813415
1.0,0.07733597
0.0,0.059134405
0.0,0.065356515
0.0,0.048140094
0.0,0.044406652
0.0,0.070641555
0.0,0.04848162
0.0,0.06405684
1.0,0.048874762
0.0,0.045698043
0.0,0.06802608
0.0,0.08902486
0.0,0.059464473
0.0,0.04547955
0.0,0.06198116
0.0,0.07834906
0.0,0.029675517
0.0,0.06559779
1.0,0.072953984
0.0,0.07734187
0.0,0.041006114
0.0,0.067232735
0.0,0.06975545
0.0,0.045483954
0.0,0.036977444
0.0,0.067652255
0.0,0.03345824
0.0,0.08962777
0.0,0.08496575
1.0,0.07411746
0.0,0.02149575
0.0,0.04261196
0.0,0.07516306
0.0,0.043738227
0.0,0.03523759
0.0,0.050749063
0.0,0.069157675
0.0,0.04418551
0.0,0.063863724
0.0,0.0090430565
1.0,0.062037222
0.0,0.073333174
0.0,0.062718175
0.0,0.06940608
1.0,0.05900971
0.0,0.07024116
1.0,0.061994758
0.0,0.07813396
0.0,0.063702196
0.0,0.0741741
0.0,0.03393246
0.0,0.03867116
0.0,0.054592207
0.0,0.03738634
0.0,0.038890436
0.0,0.065191925
0.0,0.03340236
0.0,0.08666928
0.0,0.054930307
0.0,0.04129615
0.0,0.084949225
0.0,0.059056886
0.0,0.042300344
0.0,0.05116863
0.0,0.08873145
0.0,0.06928756
0.0,0.028648566
0.0,0.079176135
0.0,0.061401803
0.0,0.037858743
0.0,0.06124606
0.0,0.03039356
0.0,0.07530853
0.0,0.09484349
1.0,0.049796186
0.0,0.04915593
0.0,0.08351122
0.0,0.07081938
0.0,0.049230807
0.0,0.066717416
0.0,0.06340656
0.0,0.039260235
0.0,0.048293196
0.0,0.06261529
0.0,0.04612291
0.0,0.058465414
0.0,0.05780647
0.0,0.07650109
0.0,0.08848679
0.0,0.04832579
0.0,0.065438874
0.0,0.036107965
0.0,0.064441144
0.0,0.060584676
0.0,0.061173793
0.0,0.03274628
0.0,0.0924914
0.0,0.07152828
0.0,0.09109424
0.0,0.044924326
0.0,0.042524
0.0,0.07017735
0.0,0.037657056
0.0,0.06111901
0.0,0.07627693
0.0,0.06742741
0.0,0.06435967
0.0,0.046568137
0.0,0.055474337
0.0,0.048643596
0.0,0.08756944
0.0,0.05746631
0.0,0.0443459
0.0,0.05443362
0.0,0.052311745
0.0,0.061764136
0.0,0.076433234
0.0,0.050086763
0.0,0.06667677
0.0,0.04715039
0.0,0.07266217
1.0,0.06519919
0.0,0.06260538
0.0,0.04942309
0.0,0.05582325
0.0,0.09338769
0.0,0.053870533
0.0,0.08351226
0.0,0.053655572
0.0,0.04443857
0.0,0.045496177
0.0,0.03651877
0.0,0.026048305
0.0,0.05136263
0.0,0.047300927
0.0,0.032996073
0.0,0.060606807
0.0,0.04356555
0.0,0.074508905
0.0,0.046019897
0.0,0.054725263
0.0,0.058752887
0.0,0.058488835
0.0,0.07912741
1.0,0.051815838
0.0,0.03741441
0.0,0.07142466
0.0,0.05091381
1.0,0.06942981
0.0,0.054994494
0.0,0.05525132
0.0,0.060799528
0.0,0.052121617
0.0,0.07703667
0.0,0.027162144
0.0,0.052994166
0.0,0.047635667
0.0,0.032141667
0.0,0.060384933
0.0,0.047204986
0.0,0.024369529
0.0,0.030844504
0.0,0.03643106
0.0,0.07158533
0.0,0.040030316
0.0,0.046237476
0.0,0.044262074
0.0,0.069451265
0.0,0.07620644
0.0,0.06665327
0.0,0.055168655
0.0,0.096618034
0.0,0.06993739
0.0,0.034334987
0.0,0.041109387
0.0,0.07357401
0.0,0.03427954
0.0,0.05162211
0.0,0.02807853
0.0,0.007368121
0.0,0.07174281
0.0,0.056010455
0.0,0.08193487
0.0,0.047035694
0.0,0.074749075
0.0,0.06084596
0.0,0.05507926
0.0,0.05238843
1.0,0.06434888
0.0,0.0077810884
0.0,0.045608476
0.0,0.041661866
0.0,0.049225643
0.0,0.035743322
0.0,0.044654086
0.0,0.03311447
0.0,0.043291956
0.0,0.06204274
0.0,0.055558268
0.0,0.070477985
0.0,0.069055095
0.0,0.059371427
0.0,0.03552658
1.0,0.060428355
0.0,0.056509566
0.0,0.04458391
1.0,0.022020958
0.0,0.06150401
0.0,0.05076824
0.0,0.04198013
0.0,0.039574392
1.0,0.048580837
0.0,0.046722386
0.0,0.045140356
0.0,0.07930006
0.0,0.043742377
0.0,0.045322932
0.0,0.040828273
0.0,0.008974951
0.0,0.02348489
0.0,0.05693264
0.0,0.056570373
0.0,0.08349121
0.0,0.08492188
0.0,0.05870195
0.0,0.034942396
0.0,0.095964
0.0,0.0375349
1.0,0.053509835
0.0,0.0442154
0.0,0.05911739
1.0,0.05377887
0.0,0.055477396
0.0,0.093910895
0.0,0.06503335
0.0,0.07910168
0.0,0.05182388
0.0,0.03703066
0.0,0.077106096
0.0,0.06648276
0.0,0.05064369
0.0,0.064834274
0.0,0.008275144
0.0,0.041448727
0.0,0.075900145
0.0,0.07799669
0.0,0.05051331
0.0,0.042056385
1.0,0.04198627
0.0,0.06129269
0.0,0.082977615
0.0,0.044030704
0.0,0.061839856
0.0,0.07161008
0.0,0.039479718
0.0,0.06906921
0.0,0.054661132
0.0,0.064367406
1.0,0.045733586
0.0,0.04749234
0.0,0.06254642
0.0,0.042896528
0.0,0.0812466
0.0,0.060359888
0.0,0.06963323
0.0,0.045688763
0.0,0.044729974
0.0,0.04328559
0.0,0.03983691
0.0,0.044680133
0.0,0.049163442
0.0,0.055303495
0.0,0.05941722
0.0,0.043624885
0.0,0.044255488
0.0,0.064504795
0.0,0.03667261
0.0,0.039362263
0.0,0.0075116493
0.0,0.05805685
0.0,0.022592489
0.0,0.049864225
0.0,0.052292805
0.0,0.04383813
0.0,0.04652115
0.0,0.063592516
0.0,0.048206687
0.0,0.066819936
0.0,0.08263568
0.0,0.053359684
0.0,0.04575418
0.0,0.04585898
0.0,0.05360909
0.0,0.07124223
0.0,0.037620742
0.0,0.065744914
0.0,0.019229226
0.0,0.00712664
0.0,0.039355807
0.0,0.04143122
0.0,0.0076751155
0.0,0.05490928
0.0,0.043679994
0.0,0.073315516
0.0,0.00567759
1.0,0.06447253
0.0,0.061371505
0.0,0.08509022
0.0,0.068254195
0.0,0.055138044
0.0,0.052627087
0.0,0.041887417
0.0,0.05215799
0.0,0.06838085
0.0,0.05641513
0.0,0.033550903
0.0,0.06469575
0.0,0.05517089
0.0,0.04355969
0.0,0.08000736
0.0,0.054838225
0.0,0.08452126
0.0,0.05413908
0.0,0.06715875
0.0,0.061195035
0.0,0.0455841
0.0,0.04114706
0.0,0.06985077
0.0,0.061029837
0.0,0.09777001
0.0,0.05440881
0.0,0.044548452
0.0,0.038298022
0.0,0.04279764
0.0,0.06289778
0.0,0.059518088
0.0,0.04215199
0.0,0.037880827
0.0,0.06438704
0.0,0.061764814
0.0,0.024412364
0.0,0.050227668
0.0,0.053086214
0.0,0.05424279
0.0,0.06698102
0.0,0.005705987
0.0,0.086756974
0.0,0.08173922
0.0,0.040736962
0.0,0.037925657
0.0,0.055076856
0.0,0.0537476
0.0,0.05214481
0.0,0.06147941
0.0,0.04006915
0.0,0.059888337
0.0,0.050868988
0.0,0.083096564
0.0,0.07793413
0.0,0.040753875
0.0,0.1086182
1.0,0.032807246
0.0,0.05574412
0.0,0.08584748
0.0,0.07676144
1.0,0.053524572
0.0,0.076603
0.0,0.062378272
0.0,0.03891468
0.0,0.07828487
0.0,0.060631074
0.0,0.039972752
0.0,0.059465945
0.0,0.06735352
0.0,0.046906974
0.0,0.039808333
0.0,0.024386734
0.0,0.055632856
1.0,0.044844057
0.0,0.06499006
0.0,0.052804276
0.0,0.03161586
0.0,0.049579572
0.0,0.04392713
0.0,0.08309698
0.0,0.056579478
0.0,0.032060195
0.0,0.08801479
0.0,0.11993278
1.0,0.055161446
0.0,0.006023928
0.0,0.052557074
0.0,0.050137386
1.0,0.07617999
0.0,0.04028701
0.0,0.070066236
0.0,0.044601332
0.0,0.06144021
0.0,0.048014097
0.0,0.035318833
0.0,0.06247013
0.0,0.058051508
0.0,0.057642803
0.0,0.099861234
0.0,0.064296946
0.0,0.08621284
0.0,0.05100999
0.0,0.06945393
0.0,0.06286459
0.0,0.056808792
0.0,0.052529864
0.0,0.083701685
0.0,0.069188915
0.0,0.07469722
0.0,0.068371944
0.0,0.034835014
0.0,0.049172178
0.0,0.08250063
0.0,0.061205495
0.0,0.06793689
0.0,0.06926921
0.0,0.07545786
0.0,0.045064375
0.0,0.056980617
0.0,0.057962306
0.0,0.012685396
0.0,0.07396132
0.0,0.04275974
0.0,0.046853796
0.0,0.09459452
0.0,0.062927626
0.0,0.06697278
0.0,0.07704815
0.0,0.062199038
0.0,0.03157699
0.0,0.04277575
0.0,0.03472911
0.0,0.053982478
0.0,0.042560797
0.0,0.044869084
0.0,0.067569524
0.0,0.06984093
0.0,0.047431145
0.0,0.047589876
0.0,0.074192345
0.0,0.06499449
0.0,0.08277159
1.0,0.067052156
0.0,0.08938586
0.0,0.043508455
0.0,0.049697362
0.0,0.061257366
0.0,0.03489796
0.0,0.071529336
0.0,0.04157657
0.0,0.026703335
0.0,0.066458836
0.0,0.070574135
0.0,0.037970714
0.0,0.030730868
0.0,0.05931025
0.0,0.07881616
0.0,0.0579727
0.0,0.101793274
0.0,0.07265465
0.0,0.056674175
0.0,0.07718666
0.0,0.06434447
0.0,0.07682889
0.0,0.041165873
1.0,0.053973533
0.0,0.04939795
0.0,0.07883324
0.0,0.0505964
0.0,0.053015195
0.0,0.04905273
0.0,0.06635602
0.0,0.04054702
0.0,0.058397748
0.0,0.047651254
0.0,0.040232584
0.0,0.06124463
0.0,0.1002972
0.0,0.073806815
0.0,0.081419066
0.0,0.08130756
0.0,0.068221554
0.0,0.06649437
0.0,0.04290604
0.0,0.055152874
0.0,0.09051745
0.0,0.067199856
0.0,0.058977105
0.0,0.07566389
0.0,0.08034557
0.0,0.046805684
0.0,0.066534124
0.0,0.09630117
0.0,0.061578576
0.0,0.09712522
0.0,0.0732291
0.0,0.052618608
0.0,0.0868446
0.0,0.055664074
0.0,0.046675302
0.0,0.084418505
0.0,0.05753985
0.0,0.06404843
0.0,0.05569171
0.0,0.062106095
0.0,0.06699774
0.0,0.051382985
0.0,0.007820506
1.0,0.03549632
0.0,0.06295725
0.0,0.07007367
0.0,0.10661393
0.0,0.09035608
0.0,0.077209555
0.0,0.05814067
0.0,0.07829009
0.0,0.021946114
0.0,0.042198747
0.0,0.05619429
0.0,0.051040232
0.0,0.0722736
0.0,0.051158313
0.0,0.056064148
0.0,0.08054414
0.0,0.0798593
0.0,0.06721998
0.0,0.078774564
0.0,0.06249602
0.0,0.08254151
0.0,0.048586283
0.0,0.04380481
0.0,0.07074101
0.0,0.018385548
0.0,0.060675513
0.0,0.04479465
0.0,0.059851468
0.0,0.07884585
0.0,0.053152084
0.0,0.07752923
0.0,0.06523129
0.0,0.05189468
0.0,0.005228152
0.0,0.0066810185
0.0,0.05387112
0.0,0.03485547
0.0,0.054042656
0.0,0.058352876
0.0,0.05100744
0.0,0.09578218
0.0,0.07327115
0.0,0.06462559
0.0,0.038817246
0.0,0.057665482
0.0,0.06957779
0.0,0.037183084
0.0,0.06609041
0.0,0.028319411
0.0,0.103019506
0.0,0.06476755
0.0,0.058076564
0.0,0.008306435
0.0,0.04597192
0.0,0.06640538
0.0,0.04260179
0.0,0.08469476
0.0,0.0671116
0.0,0.07731765
0.0,0.061416414
0.0,0.036660925
0.0,0.02235011
0.0,0.08242914
0.0,0.057490498
0.0,0.07358506
0.0,0.046265002
0.0,0.056625254
0.0,0.07574926
0.0,0.09011633
0.0,0.071097136
0.0,0.04193735
0.0,0.009075217
0.0,0.045936026
0.0,0.06119194
0.0,0.035532214
0.0,0.060254566
0.0,0.088670015
0.0,0.09939961
0.0,0.07449962
0.0,0.040171176
0.0,0.050457507
0.0,0.045364056
0.0,0.04874882
0.0,0.07731321
0.0,0.042923015
0.0,0.0779058
0.0,0.023650976
0.0,0.07504711
0.0,0.045451194
0.0,0.03026603
0.0,0.06777176
0.0,0.08128264
0.0,0.088843286
0.0,0.067067295
0.0,0.054474413
0.0,0.06224814
1.0,0.08955158
0.0,0.07731521
0.0,0.059427142
0.0,0.047528125
0.0,0.06901222
0.0,0.06985169
0.0,0.051954065
0.0,0.057832632
0.0,0.051834136
0.0,0.08658972
0.0,0.0440489
0.0,0.06732984
0.0,0.0363852
0.0,0.031327777
0.0,0.035332393
1.0,0.04218082
0.0,0.07735933
0.0,0.07687188
0.0,0.057083767
0.0,0.05120202
0.0,0.053612605
0.0,0.024421463
0.0,0.067852765
0.0,0.036373414
0.0,0.04176286
0.0,0.045602832
0.0,0.050537735
0.0,0.073759146
0.0,0.048963428
0.0,0.076519184
0.0,0.056129992
0.0,0.08544004
0.0,0.059196305
0.0,0.009699238
0.0,0.03690786
0.0,0.024909824
0.0,0.041426647
0.0,0.06816426
0.0,0.038766425
0.0,0.068383425
1.0,0.041282468
0.0,0.03229114
0.0,0.048249394
0.0,0.06575448
0.0,0.05770644
1.0,0.039055973
0.0,0.03142038
0.0,0.0865704
0.0,0.0308709
0.0,0.05696758
0.0,0.048426006
0.0,0.08215901
0.0,0.079152614
0.0,0.052440792
0.0,0.05500514
0.0,0.08841136
0.0,0.044729345
0.0,0.06268409
0.0,0.039843578
0.0,0.07183169
0.0,0.059992187
0.0,0.06906789
0.0,0.087674014
0.0,0.07738928
0.0,0.071188696
0.0,0.022764007
0.0,0.04931553
0.0,0.03476106
1.0,0.037774045
0.0,0.04442512
0.0,0.07653728
0.0,0.06102182
0.0,0.038409792
0.0,0.12131429
0.0,0.08839077
0.0,0.040521964
0.0,0.082377985
0.0,0.06734444
0.0,0.049143158
0.0,0.05361286
0.0,0.060338393
0.0,0.07654467
0.0,0.06452447
0.0,0.059970852
0.0,0.043778446
0.0,0.042449433
0.0,0.069302864
0.0,0.07929681
0.0,0.07261281
0.0,0.08134452
0.0,0.048990972
0.0,0.069528274
0.0,0.06645598
0.0,0.09960436
0.0,0.046014246
0.0,0.05993306
0.0,0.04147508
0.0,0.063506454
0.0,0.044476878
0.0,0.03899722
0.0,0.049979784
0.0,0.03660082
0.0,0.056319755
0.0,0.0581584
0.0,0.08681361
0.0,0.03008573
0.0,0.06660394
0.0,0.06394803
0.0,0.0572062
0.0,0.076120764
0.0,0.039617755
0.0,0.04318869
0.0,0.0728752
0.0,0.044186346
0.0,0.054369263
0.0,0.09096414
0.0,0.06449845
0.0,0.044863477
1.0,0.040160604
0.0,0.08423228
1.0,0.06450903
0.0,0.04766184
0.0,0.06067314
0.0,0.059446085
0.0,0.079425834
0.0,0.07312825
0.0,0.07034996
0.0,0.069186755
0.0,0.046684526
0.0,0.047226228
0.0,0.04582265
0.0,0.04924655
0.0,0.067386135
2.0,0.039159786
0.0,0.07075125
0.0,0.0642103
0.0,0.07096005
0.0,0.04594539
0.0,0.05869294
0.0,0.04596521
0.0,0.044438824
0.0,0.065604836
0.0,0.068936884
0.0,0.03906288
0.0,0.048184946
0.0,0.049625337
0.0,0.049663108
0.0,0.039142825
0.0,0.053299658
0.0,0.07428269
0.0,0.07168928
0.0,0.05237317
2.0,0.04416965
0.0,0.041476317
0.0,0.091275856
0.0,0.10053328
1.0,0.08541141
0.0,0.08228855
0.0,0.08785397
0.0,0.04438513
0.0,0.06282555
0.0,0.03237501
0.0,0.066242665
0.0,0.10126077
0.0,0.065098055
0.0,0.050401524
0.0,0.023166671
0.0,0.072948456
0.0,0.06898909
0.0,0.07626471
0.0,0.07080736
0.0,0.0392878
0.0,0.07406093
0.0,0.016505383
0.0,0.10568901
1.0,0.034586277
0.0,0.035832178
0.0,0.07019984
1.0,0.042909868
0.0,0.04377157
0.0,0.042094857
0.0,0.037864644
0.0,0.05152711
0.0,0.05993566
0.0,0.048047237
0.0,0.056375533
0.0,0.07957377
0.0,0.059620317
0.0,0.017777946
0.0,0.048280507
0.0,0.06846068
1.0,0.08712829
0.0,0.08122203
1.0,0.039539017
0.0,0.039117694
0.0,0.09005134
0.0,0.06710062
0.0,0.07015968
0.0,0.04670911
0.0,0.06933737
0.0,0.05580595
0.0,0.03285674
0.0,0.07786801
0.0,0.03705647
0.0,0.06157238
0.0,0.033313677
0.0,0.07039278
0.0,0.065129906
0.0,0.07953201
0.0,0.076605596
0.0,0.09975691
1.0,0.050819214
0.0,0.02139676
0.0,0.0729599
0.0,0.050846837
0.0,0.065866165
0.0,0.038488485
0.0,0.05526925
0.0,0.04709819
0.0,0.05648529
0.0,0.066692516
0.0,0.07386815
0.0,0.039882146
0.0,0.046212725
0.0,0.091258235
0.0,0.07141075
0.0,0.07401657
0.0,0.037888054
0.0,0.07179438
0.0,0.05182051
0.0,0.030380417
0.0,0.07993239
0.0,0.041764263
0.0,0.06442594
0.0,0.047432095
0.0,0.08427809
0.0,0.04092982
0.0,0.06726814
0.0,0.06754508
0.0,0.046680186
2.0,0.043564476
0.0,0.036196303
0.0,0.06915588
0.0,0.07249352
0.0,0.03777705
0.0,0.07086302
0.0,0.037188403
0.0,0.064446874
0.0,0.051497743
0.0,0.07495152
0.0,0.07104361
0.0,0.04768538
0.0,0.06874702
0.0,0.046701305
0.0,0.028765384
0.0,0.045530815
0.0,0.038758542
0.0,0.060787234
0.0,0.056418426
0.0,0.016159002
0.0,0.06388145
0.0,0.07281138
0.0,0.05299409
0.0,0.078306824
0.0,0.06898167
1.0,0.051620264
0.0,0.069532566
0.0,0.041880917
0.0,0.052037086
0.0,0.070540234
0.0,0.05337957
0.0,0.06315633
0.0,0.050271243
0.0,0.034604274
0.0,0.077191606
0.0,0.042877283
0.0,0.056432497
0.0,0.08269654
0.0,0.08513472
0.0,0.07694451
0.0,0.06680413
0.0,0.036790732
0.0,0.07913727
0.0,0.06658981
0.0,0.059400637
0.0,0.05657392
0.0,0.07729076
0.0,0.034565132
0.0,0.041747816
0.0,0.07681039
0.0,0.050181285
0.0,0.049707316
0.0,0.0066810185
0.0,0.0728336
0.0,0.03667095
0.0,0.0537984
0.0,0.05102899
0.0,0.04943445
0.0,0.06690943
0.0,0.051918205
0.0,0.052035794
0.0,0.08884587
0.0,0.041818757
0.0,0.06513198
0.0,0.09262337
1.0,0.032046936
0.0,0.032296382
0.0,0.048494324
0.0,0.06802707
0.0,0.071170025
0.0,0.04667856
0.0,0.07889695
0.0,0.049517456
0.0,0.0633466
0.0,0.025346052
0.0,0.037678342
0.0,0.10081449
0.0,0.03930221
0.0,0.069283396
0.0,0.0561562
0.0,0.07178584
0.0,0.051804684
0.0,0.08366531
0.0,0.071688764
0.0,0.058387335
0.0,0.040405232
0.0,0.03181542
0.0,0.022645835
0.0,0.09922484
0.0,0.05533577
0.0,0.07381871
0.0,0.024742613
0.0,0.050969254
0.0,0.05178406
0.0,0.053617593
0.0,0.06612506
0.0,0.0819018
0.0,0.08704451
0.0,0.07334052
0.0,0.052831504
0.0,0.07687257
0.0,0.11112732
0.0,0.047686826
0.0,0.0658116
0.0,0.05603782
0.0,0.08126059
0.0,0.079089366
0.0,0.05349625
0.0,0.032109223
0.0,0.06747113
0.0,0.08052462
0.0,0.0319843
0.0,0.048934318
0.0,0.081300855
1.0,0.05098453
0.0,0.04899923
0.0,0.050031956
1.0,0.05047074
1.0,0.043518655
0.0,0.05795063
1.0,0.041919228
0.0,0.059997093
0.0,0.034632243
0.0,0.072948754
1.0,0.07623955
0.0,0.062120076
0.0,0.061744157
1.0,0.061293654
0.0,0.03700091
0.0,0.055983286
0.0,0.073548704
0.0,0.0725181
0.0,0.086328834
0.0,0.051196016
0.0,0.062370583
0.0,0.05634108
0.0,0.047268987
0.0,0.055442367
0.0,0.060794163
0.0,0.043489333
0.0,0.046009913
0.0,0.0680352
0.0,0.05340429
0.0,0.036797293
0.0,0.06604937
0.0,0.04486855
0.0,0.070991896
0.0,0.037154034
0.0,0.07230865
0.0,0.043076444
0.0,0.07214576
0.0,0.04508636
0.0,0.027867194
0.0,0.04626016
0.0,0.051308397
0.0,0.09625827
0.0,0.07804156
0.0,0.055854537
1.0,0.05385141
0.0,0.04861883
0.0,0.08238238
0.0,0.035355978
0.0,0.0069714244
0.0,0.07023781
0.0,0.029632438
0.0,0.061852746
0.0,0.06737502
0.0,0.06745235
0.0,0.059494168
0.0,0.046847083
0.0,0.036291417
0.0,0.030400343
0.0,0.04779276
0.0,0.041340917
0.0,0.067064926
0.0,0.07428669
0.0,0.08343695
0.0,0.062078383
0.0,0.03990794
0.0,0.034850277
0.0,0.08787781
0.0,0.06856145
0.0,0.0884358
0.0,0.047549047
0.0,0.05066574
0.0,0.06971305
0.0,0.06528465
0.0,0.08823481
0.0,0.082840316
0.0,0.07071494
0.0,0.035368506
1.0,0.04055851
0.0,0.06171122
0.0,0.06311698
1.0,0.057236157
0.0,0.059891533
0.0,0.04499395
0.0,0.07042837
0.0,0.07027062
0.0,0.022090666
0.0,0.058564536
0.0,0.06193819
0.0,0.06426703
0.0,0.05478688
0.0,0.033103798
0.0,0.07852747
0.0,0.07066229
0.0,0.08442887
0.0,0.07615155
0.0,0.06466992
0.0,0.07668816
0.0,0.06455928
1.0,0.055664726
0.0,0.082495674
0.0,0.055405367
0.0,0.06590524
0.0,0.06252662
0.0,0.078048445
0.0,0.03702771
0.0,0.059814733
0.0,0.008180538
0.0,0.0077459496
0.0,0.0553043
0.0,0.05543194
0.0,0.049443573
0.0,0.034279663
1.0,0.056231923
0.0,0.0449316
0.0,0.060348015
0.0,0.04404236
0.0,0.023113426
0.0,0.036134195
0.0,0.06913354
0.0,0.06796359
0.0,0.041291565
0.0,0.066636965
0.0,0.077352606
0.0,0.097000025
0.0,0.050031956
0.0,0.07624835
0.0,0.062071294
1.0,0.049799927
0.0,0.06487743
0.0,0.050144352
0.0,0.04311518
0.0,0.041922156
0.0,0.029164365
0.0,0.046641216
1.0,0.051920593
0.0,0.049355663
0.0,0.0624656
0.0,0.07273188
0.0,0.05523417
0.0,0.06227648
0.0,0.07880163
0.0,0.060408406
0.0,0.07219472
1.0,0.07211806
0.0,0.075041406
0.0,0.052036874
0.0,0.05138088
0.0,0.04219234
0.0,0.06493743
0.0,0.06780459
0.0,0.0655338
0.0,0.040919214
0.0,0.050290626
0.0,0.037346873
1.0,0.06129944
0.0,0.045276456
0.0,0.011703633
0.0,0.07521564
0.0,0.041462902
0.0,0.037840225
0.0,0.07301717
0.0,0.07720565
0.0,0.085057184
0.0,0.09051877
0.0,0.05133997
0.0,0.05197286
0.0,0.06961022
0.0,0.0894669
0.0,0.064395174
0.0,0.01820432
0.0,0.03674893
0.0,0.04999449
0.0,0.00923413
0.0,0.06373597
0.0,0.022358589
0.0,0.09252222
0.0,0.06750916
0.0,0.078113586
0.0,0.06094095
0.0,0.033672977
0.0,0.044340644
0.0,0.07208866
0.0,0.057190243
0.0,0.09358667
0.0,0.062136978
0.0,0.048047077
0.0,0.064438194
0.0,0.0754012
0.0,0.060477
0.0,0.049969193
0.0,0.08026812
1.0,0.063018076
0.0,0.034035
0.0,0.07490005
0.0,0.070664495
0.0,0.0701812
0.0,0.0071051484
0.0,0.06326674
0.0,0.028518729
0.0,0.028648047
0.0,0.049313024
0.0,0.040015124
0.0,0.08117198
0.0,0.06793486
0.0,0.081601195
0.0,0.043203622
0.0,0.08834402
0.0,0.033977825
0.0,0.054189328
0.0,0.052663952
0.0,0.047977205
0.0,0.030475017
0.0,0.092705645
0.0,0.03940849
0.0,0.048680875
0.0,0.039807238
0.0,0.07087394
0.0,0.031974968
0.0,0.063106164
0.0,0.04200061
0.0,0.071239084
0.0,0.06541931
0.0,0.072372675
0.0,0.08427809
0.0,0.07286361
0.0,0.056421183
0.0,0.07094029
0.0,0.04831427
0.0,0.07524373
0.0,0.060652774
0.0,0.049811717
0.0,0.06290453
0.0,0.0599178
0.0,0.056266915
0.0,0.061796866
0.0,0.059543323
0.0,0.05948129
0.0,0.05982797
0.0,0.05974737
0.0,0.06417103
0.0,0.082603686
0.0,0.07651484
1.0,0.043184552
0.0,0.043136537
0.0,0.050898395
0.0,0.07046868
0.0,0.0054629156
0.0,0.08007377
0.0,0.07340218
0.0,0.034257874
0.0,0.03754326
0.0,0.02105314
0.0,0.05802706
0.0,0.07024196
0.0,0.04609038
0.0,0.04169006
0.0,0.04639239
0.0,0.03520135
1.0,0.05878827
0.0,0.07777468
0.0,0.061975766
0.0,0.044765778
0.0,0.02066085
0.0,0.0733033
0.0,0.06260135
0.0,0.054643866
0.0,0.06755042
0.0,0.04350456
0.0,0.08956693
0.0,0.07875994
0.0,0.058910433
0.0,0.008273586
0.0,0.07150802
0.0,0.05792676
0.0,0.05726673
0.0,0.06314453
0.0,0.04350277
0.0,0.08081411
0.0,0.08782722
0.0,0.07038179
0.0,0.00861152
1.0,0.036416974
0.0,0.050481886
0.0,0.06196755
0.0,0.06380367
0.0,0.03773703
0.0,0.075184725
0.0,0.041750286
0.0,0.04524008
0.0,0.07332463
0.0,0.059724256
0.0,0.05167957
0.0,0.056873396
0.0,0.0742643
0.0,0.038442172
0.0,0.08829974
0.0,0.05483502
0.0,0.061764255
0.0,0.07881647
1.0,0.02370483
0.0,0.10136724
0.0,0.064150974
0.0,0.08284381
0.0,0.07728108
0.0,0.050255615
0.0,0.056906953
0.0,0.039558552
0.0,0.03631444
0.0,0.09502627
0.0,0.068273805
0.0,0.0292059
0.0,0.04863234
0.0,0.034126487
0.0,0.06137168
0.0,0.05034442
0.0,0.056440398
0.0,0.060510937
0.0,0.047276676
0.0,0.061240572
0.0,0.09159062
0.0,0.035902
0.0,0.03710672
0.0,0.080366895
0.0,0.05401401
0.0,0.061243374
0.0,0.036931638
0.0,0.035506707
1.0,0.0454695
0.0,0.07979887
0.0,0.0802434
0.0,0.054849967
0.0,0.058579616
1.0,0.057290792
0.0,0.033853848
0.0,0.07181186
0.0,0.008278645
1.0,0.041853208
0.0,0.077186875
0.0,0.05318636
0.0,0.07401758
0.0,0.07098746
0.0,0.06816704
0.0,0.05318915
0.0,0.03478379
0.0,0.04024359
1.0,0.06902418
0.0,0.06374547
0.0,0.067473836
0.0,0.037150078
0.0,0.060960162
0.0,0.061902948
0.0,0.089557774
0.0,0.040359575
0.0,0.09431696
0.0,0.050711375
0.0,0.058400463
0.0,0.056571413
0.0,0.03992254
0.0,0.056530748
0.0,0.040350847
0.0,0.041656367
0.0,0.039211743
1.0,0.07475184
0.0,0.07944858
1.0,0.040869042
0.0,0.054907918
0.0,0.039001025
0.0,0.036684208
0.0,0.0746216
0.0,0.06339022
0.0,0.030152231
0.0,0.050892644
0.0,0.08806284
0.0,0.03608062
0.0,0.043760028
0.0,0.051589113
0.0,0.03678127
0.0,0.040355187
0.0,0.032475874
0.0,0.06033563
0.0,0.08693932
0.0,0.03012885
0.0,0.032747142
0.0,0.06136776
0.0,0.050706297
0.0,0.04386036
0.0,0.06575214
0.0,0.054237437
0.0,0.08369604
0.0,0.080271184
0.0,0.062753536
1.0,0.05004878
0.0,0.08939624
0.0,0.07521458
0.0,0.029763954
0.0,0.079104096
0.0,0.0732633
0.0,0.039405286
0.0,0.045267597
0.0,0.03901906
0.0,0.07771329
0.0,0.0383762
0.0,0.016287953
0.0,0.04507152
0.0,0.05784695
0.0,0.060772598
0.0,0.07260132
0.0,0.07368606
0.0,0.085721105
0.0,0.07861821
0.0,0.047159202
0.0,0.05765402
0.0,0.049066685
0.0,0.03489902
0.0,0.08030999
0.0,0.043782465
0.0,0.056242127
0.0,0.05095075
0.0,0.04412297
0.0,0.035845242
0.0,0.069879055
0.0,0.08984709
0.0,0.0519014
0.0,0.058412716
0.0,0.04141587
2.0,0.047614582
0.0,0.06253133
0.0,0.055220097
0.0,0.06924527
0.0,0.059976485
0.0,0.06579111
0.0,0.06337338
0.0,0.051195353
0.0,0.08112634
0.0,0.01347403
0.0,0.073634885
0.0,0.036048196
0.0,0.07826419
0.0,0.079772845
0.0,0.052458398
0.0,0.07030924
0.0,0.106545575
0.0,0.033925105
0.0,0.065551914
0.0,0.054881692
0.0,0.023095291
0.0,0.08209919
0.0,0.11554193
0.0,0.06480494
0.0,0.059430514
0.0,0.0476268
0.0,0.032596756
0.0,0.049105328
0.0,0.029678715
0.0,0.039346933
0.0,0.033402957
0.0,0.06342706
0.0,0.056812733
0.0,0.052753113
0.0,0.060233265
0.0,0.0717156
0.0,0.03189995
0.0,0.04856173
1.0,0.044498242
0.0,0.05351056
0.0,0.048201814
0.0,0.06798537
0.0,0.061649352
0.0,0.09900618
0.0,0.041333348
0.0,0.040428907
0.0,0.05751058
0.0,0.027033307
0.0,0.026654867
0.0,0.01475738
0.0,0.0635538
0.0,0.059680957
0.0,0.0681382
0.0,0.077536434
0.0,0.07097056
0.0,0.04570719
0.0,0.04518447
0.0,0.09014182
0.0,0.036929037
0.0,0.050643954
0.0,0.03887527
0.0,0.061976727
0.0,0.044008434
0.0,0.081277676
0.0,0.028342891
0.0,0.06991859
0.0,0.062751725
0.0,0.061544497
0.0,0.05675663
0.0,0.05016064
0.0,0.08478396
0.0,0.06460236
0.0,0.04289259
0.0,0.028508125
0.0,0.055672035
0.0,0.04575792
0.0,0.06831433
0.0,0.053463366
0.0,0.05640238
0.0,0.049289893
0.0,0.10713062
0.0,0.04847139
0.0,0.08931735
0.0,0.043298997
1.0,0.06900305
1.0,0.06011356
0.0,0.050586753
0.0,0.065801226
1.0,0.0635149
0.0,0.052961417
0.0,0.09402999
0.0,0.05686884
0.0,0.061433196
0.0,0.0676219
0.0,0.09827577
0.0,0.07039573
0.0,0.041932
0.0,0.04922097
0.0,0.004039706
0.0,0.03532166
0.0,0.056331277
1.0,0.038971152
0.0,0.07568969
1.0,0.060331114
0.0,0.042549767
0.0,0.08124042
0.0,0.046262585
0.0,0.075988516
0.0,0.0659112
0.0,0.063405894
