ClaimNb,Predicted
0.0,0.05718007
0.0,0.07781702
0.0,0.12469924
0.0,0.066331245
0.0,0.053232513
0.0,0.046336643
0.0,0.05917841
0.0,0.03731373
0.0,0.021957377
0.0,0.08860052
0.0,0.041504085
0.0,0.12868597
0.0,0.04127995
0.0,0.033532206
0.0,0.1204958
0.0,0.095250055
0.0,0.07604349
0.0,0.123466
0.0,0.10737574
0.0,0.04583685
0.0,0.055839702
0.0,0.043837655
0.0,0.040836975
0.0,0.0650727
0.0,0.030364892
0.0,0.038770065
0.0,0.097678095
0.0,0.024957752
0.0,0.042008962
0.0,0.07152714
0.0,0.10238446
0.0,0.03864428
0.0,0.03784315
0.0,0.07912432
0.0,0.06911548
0.0,0.02786362
0.0,0.10832173
0.0,0.10673395
0.0,0.08009042
0.0,0.070962675
0.0,0.050016116
0.0,0.04097533
0.0,0.061143436
0.0,0.055763923
0.0,0.06879965
1.0,0.035714496
0.0,0.03951623
0.0,0.031129682
0.0,0.034174874
0.0,0.07105867
0.0,0.1390411
0.0,0.040296618
0.0,0.081457995
0.0,0.031216698
0.0,0.10680871
0.0,0.061755918
0.0,0.08615546
0.0,0.08170445
0.0,0.078059465
0.0,0.04249041
0.0,0.09574209
0.0,0.044232257
0.0,0.027724436
0.0,0.07026233
0.0,0.057392042
0.0,0.05670153
0.0,0.04190297
0.0,0.092546225
0.0,0.054901242
0.0,0.040573355
0.0,0.0360433
0.0,0.099063605
0.0,0.037994884
1.0,0.07944362
0.0,0.01914898
0.0,0.056644537
0.0,0.03808785
0.0,0.04765431
0.0,0.044826187
0.0,0.044796143
0.0,0.0655489
0.0,0.12658493
0.0,0.07414156
0.0,0.05697768
0.0,0.06437137
0.0,0.041080307
0.0,0.053084403
1.0,0.0492132
0.0,0.042339027
0.0,0.05894039
0.0,0.061698258
0.0,0.03944473
0.0,0.09782161
0.0,0.050291236
0.0,0.040392537
0.0,0.09336411
0.0,0.048164755
0.0,0.052174382
0.0,0.059603117
0.0,0.07403667
0.0,0.057048365
0.0,0.08794236
0.0,0.1067012
0.0,0.12878695
0.0,0.09081191
0.0,0.03688362
0.0,0.09020657
0.0,0.058762975
0.0,0.09782497
0.0,0.021154096
0.0,0.013831126
1.0,0.044763345
0.0,0.04087037
0.0,0.040138137
0.0,0.05942221
0.0,0.0558527
0.0,0.02901741
0.0,0.060303457
0.0,0.11322545
0.0,0.038662788
0.0,0.039333913
0.0,0.08672817
0.0,0.05231127
0.0,0.09219946
0.0,0.04626421
0.0,0.06260446
0.0,0.03144418
0.0,0.035117432
0.0,0.06337508
0.0,0.041183867
0.0,0.07206082
0.0,0.068697274
0.0,0.089297906
0.0,0.024924142
0.0,0.11538234
0.0,0.047920503
0.0,0.09518381
0.0,0.06890714
0.0,0.120202035
0.0,0.06901921
0.0,0.05789706
0.0,0.09041388
0.0,0.09233132
0.0,0.047399875
0.0,0.03940065
0.0,0.078295246
0.0,0.019045414
0.0,0.047302514
0.0,0.15529893
0.0,0.06774962
0.0,0.039868988
0.0,0.03914322
0.0,0.034296725
0.0,0.034288924
2.0,0.08182512
0.0,0.05746834
0.0,0.08500737
0.0,0.03692865
0.0,0.06792581
0.0,0.035485905
0.0,0.10056751
0.0,0.12319592
0.0,0.09286691
0.0,0.114695564
0.0,0.059822477
0.0,0.027410531
0.0,0.055010125
0.0,0.036570594
0.0,0.023749601
0.0,0.039560836
0.0,0.08426825
0.0,0.11074553
0.0,0.042909417
0.0,0.07386209
0.0,0.059531014
0.0,0.043018818
0.0,0.022343306
0.0,0.16559583
0.0,0.048692923
0.0,0.080890924
0.0,0.10260324
0.0,0.032170784
0.0,0.04250782
0.0,0.096169695
0.0,0.030982543
0.0,0.033471137
0.0,0.08032916
0.0,0.0359973
0.0,0.046047665
0.0,0.0840116
0.0,0.04795383
1.0,0.05527638
0.0,0.11917572
0.0,0.050727118
0.0,0.057986688
0.0,0.08982274
0.0,0.046386275
0.0,0.03057819
0.0,0.043172628
0.0,0.15915371
0.0,0.08092812
0.0,0.043397833
0.0,0.0879183
0.0,0.09898962
0.0,0.06109098
0.0,0.08292582
0.0,0.043000933
1.0,0.025712842
0.0,0.030952035
1.0,0.03202306
0.0,0.062025316
0.0,0.057683717
0.0,0.073294036
0.0,0.07811133
0.0,0.046637602
0.0,0.048959877
0.0,0.029792992
0.0,0.029126592
0.0,0.055041753
0.0,0.047604457
0.0,0.041631553
0.0,0.02589792
0.0,0.023077767
0.0,0.05876659
0.0,0.054906346
0.0,0.049202856
0.0,0.09506126
0.0,0.024738
0.0,0.03631787
0.0,0.03656036
0.0,0.044853188
0.0,0.05267778
0.0,0.11519118
0.0,0.073285684
0.0,0.04388911
0.0,0.10163388
0.0,0.025105447
0.0,0.042167187
0.0,0.0916215
0.0,0.1298878
0.0,0.043230888
0.0,0.039950017
0.0,0.1025149
0.0,0.053053357
0.0,0.039877772
0.0,0.12598048
2.0,0.067093715
0.0,0.04642305
0.0,0.045704834
0.0,0.08417155
0.0,0.035877775
0.0,0.08893813
0.0,0.044246264
0.0,0.053085834
0.0,0.07729376
0.0,0.0481971
0.0,0.13640928
0.0,0.070912376
0.0,0.06128265
0.0,0.068815075
0.0,0.040760268
0.0,0.03498474
0.0,0.048681337
0.0,0.060760517
0.0,0.042451873
0.0,0.03940884
0.0,0.032881692
0.0,0.09702681
0.0,0.04777469
0.0,0.079583
0.0,0.048633892
0.0,0.05461028
0.0,0.044072654
0.0,0.038993552
0.0,0.042755928
0.0,0.08870309
0.0,0.13696367
0.0,0.03655956
1.0,0.033281192
0.0,0.043465346
0.0,0.09318
0.0,0.035842825
0.0,0.032592963
0.0,0.036981218
0.0,0.07244252
0.0,0.08041266
0.0,0.038542643
0.0,0.032037143
0.0,0.018766386
0.0,0.026217908
0.0,0.024688506
0.0,0.09728527
0.0,0.11005147
1.0,0.04686959
0.0,0.03718446
0.0,0.037855603
0.0,0.046501614
0.0,0.07330302
0.0,0.04821717
0.0,0.057038873
0.0,0.040259894
0.0,0.026844166
0.0,0.055088375
0.0,0.07436498
0.0,0.07817678
0.0,0.06195064
0.0,0.096741535
0.0,0.02420913
0.0,0.09809505
0.0,0.059978656
0.0,0.043113835
0.0,0.055466868
0.0,0.040512033
0.0,0.027853604
0.0,0.02197886
0.0,0.04764063
0.0,0.08647167
0.0,0.093195006
0.0,0.07891525
0.0,0.02994022
0.0,0.07894466
0.0,0.04872063
0.0,0.027155288
0.0,0.04826971
0.0,0.029318733
0.0,0.10354225
0.0,0.072806306
0.0,0.06437637
0.0,0.06618068
0.0,0.050882284
0.0,0.059991874
0.0,0.067974806
0.0,0.13642
0.0,0.05292365
0.0,0.028798418
0.0,0.051375955
0.0,0.079384394
0.0,0.0741115
0.0,0.048064746
0.0,0.113872476
0.0,0.049519643
0.0,0.07133818
0.0,0.0464167
0.0,0.042510983
0.0,0.041368917
0.0,0.035272717
0.0,0.07545107
0.0,0.041301884
0.0,0.03675263
0.0,0.058740746
0.0,0.0823106
0.0,0.06612955
0.0,0.07085799
0.0,0.062295087
0.0,0.07731311
1.0,0.051561028
0.0,0.036914445
0.0,0.03157425
0.0,0.055979587
0.0,0.05794078
0.0,0.05277966
0.0,0.07548486
0.0,0.06374838
0.0,0.043473244
0.0,0.06315293
0.0,0.020044796
0.0,0.07139041
0.0,0.062382214
0.0,0.06846353
0.0,0.05793407
0.0,0.059276607
0.0,0.006863398
0.0,0.09384487
0.0,0.043816403
0.0,0.038924962
0.0,0.041768137
0.0,0.060741555
0.0,0.052714266
0.0,0.11535984
0.0,0.086039275
1.0,0.007819779
0.0,0.07000896
0.0,0.04783446
0.0,0.03393375
0.0,0.040440697
0.0,0.21039587
0.0,0.017954677
0.0,0.045452982
0.0,0.03413445
0.0,0.08106986
0.0,0.06549922
0.0,0.09176719
0.0,0.057965513
0.0,0.05862894
0.0,0.04287338
0.0,0.039882638
0.0,0.039843425
0.0,0.040738896
0.0,0.09950593
0.0,0.09476057
0.0,0.08281682
1.0,0.035583165
0.0,0.039965205
0.0,0.062050343
0.0,0.10753904
0.0,0.05641091
1.0,0.05108596
0.0,0.10071158
0.0,0.11610407
0.0,0.089201
1.0,0.072004974
0.0,0.034046005
0.0,0.011074686
0.0,0.071398206
0.0,0.06944292
0.0,0.034604076
0.0,0.052715193
0.0,0.032691427
0.0,0.05217844
0.0,0.060775075
0.0,0.026662633
0.0,0.072785795
0.0,0.06564248
0.0,0.05818009
1.0,0.06336235
0.0,0.07442759
0.0,0.05855532
0.0,0.044897914
1.0,0.012696373
0.0,0.056418426
0.0,0.06165188
0.0,0.046556547
0.0,0.028893134
0.0,0.03689623
0.0,0.06880221
0.0,0.046415992
0.0,0.08607214
0.0,0.047456957
0.0,0.051305473
0.0,0.03853781
0.0,0.078907065
0.0,0.10384659
0.0,0.03708758
0.0,0.04572744
0.0,0.04149712
0.0,0.07694343
0.0,0.070429474
0.0,0.043602854
0.0,0.0723092
0.0,0.06985091
0.0,0.04450348
0.0,0.08118917
0.0,0.08176806
0.0,0.045717496
0.0,0.054200158
0.0,0.04801275
0.0,0.038884427
0.0,0.039592862
0.0,0.032874368
0.0,0.037680786
0.0,0.03620384
0.0,0.111814834
0.0,0.060181875
0.0,0.06873499
0.0,0.113297366
0.0,0.085560516
0.0,0.022607177
0.0,0.033656035
0.0,0.051798288
1.0,0.04126826
1.0,0.06962118
0.0,0.10346188
0.0,0.049491927
0.0,0.062113177
0.0,0.03989023
0.0,0.048844777
0.0,0.03837781
1.0,0.04377255
1.0,0.081166714
0.0,0.072359145
0.0,0.10013828
0.0,0.037476152
0.0,0.076734066
0.0,0.07885674
0.0,0.0796836
0.0,0.040190592
0.0,0.050564565
0.0,0.04706589
0.0,0.03880654
0.0,0.07817751
0.0,0.10230165
0.0,0.052558072
0.0,0.04301219
0.0,0.025811817
1.0,0.058691762
0.0,0.08583911
0.0,0.029271908
0.0,0.077639714
0.0,0.06839771
0.0,0.060480848
0.0,0.055254877
0.0,0.043459315
0.0,0.05888763
0.0,0.07592526
0.0,0.05704687
0.0,0.03259441
0.0,0.037912883
0.0,0.07166178
0.0,0.049532585
0.0,0.08088579
0.0,0.04021845
0.0,0.07970169
0.0,0.041314628
0.0,0.06820045
1.0,0.03041393
0.0,0.110850796
0.0,0.038135026
1.0,0.05552065
0.0,0.022714779
0.0,0.09563188
0.0,0.05726318
0.0,0.041250553
0.0,0.068649136
0.0,0.027977638
0.0,0.04112058
0.0,0.13465437
0.0,0.03469867
0.0,0.038621165
0.0,0.053744517
0.0,0.10306255
0.0,0.059154063
0.0,0.12096989
0.0,0.020845477
0.0,0.0344357
0.0,0.059519365
0.0,0.16146444
0.0,0.052365728
0.0,0.03893352
0.0,0.066279836
0.0,0.11823732
0.0,0.053285718
0.0,0.09660889
0.0,0.057323422
0.0,0.06318763
0.0,0.061682507
0.0,0.03393906
0.0,0.03987395
0.0,0.04490123
0.0,0.046701692
0.0,0.039746895
0.0,0.03917274
1.0,0.030705014
0.0,0.046688132
0.0,0.15150422
0.0,0.05220141
0.0,0.04083316
0.0,0.030407809
0.0,0.057882886
0.0,0.061063953
0.0,0.06927996
0.0,0.066957146
0.0,0.052821353
0.0,0.10633522
0.0,0.051681615
0.0,0.046868406
0.0,0.04810799
0.0,0.035956115
0.0,0.068241924
0.0,0.28661397
0.0,0.10774158
0.0,0.067474194
0.0,0.06513112
0.0,0.16139497
0.0,0.07550894
0.0,0.0570079
0.0,0.046436846
0.0,0.07536258
0.0,0.1237067
0.0,0.049605407
0.0,0.11863549
0.0,0.1467311
0.0,0.04281477
0.0,0.036929656
0.0,0.07197373
0.0,0.026860774
0.0,0.040289603
0.0,0.10160158
0.0,0.027031057
0.0,0.10005131
0.0,0.058060076
0.0,0.059840906
0.0,0.028342005
0.0,0.015624568
0.0,0.038467932
0.0,0.03724154
0.0,0.0672078
0.0,0.040778816
0.0,0.029663457
0.0,0.038401242
0.0,0.039856344
0.0,0.05100909
0.0,0.05410957
0.0,0.11667543
0.0,0.0507403
0.0,0.06785068
0.0,0.124345474
0.0,0.052859195
0.0,0.08096386
0.0,0.016169107
0.0,0.04490898
0.0,0.04840621
0.0,0.08607547
0.0,0.051826723
0.0,0.04509645
0.0,0.047948573
0.0,0.06708765
0.0,0.023953946
0.0,0.081312485
0.0,0.07012246
0.0,0.043285757
0.0,0.04425038
0.0,0.07357802
0.0,0.10615423
0.0,0.09685485
0.0,0.019073842
0.0,0.059062716
0.0,0.04504227
0.0,0.12678249
1.0,0.05236283
0.0,0.039908227
1.0,0.07437021
0.0,0.064147994
0.0,0.046973027
0.0,0.20706801
0.0,0.022973724
0.0,0.018542746
0.0,0.030090816
0.0,0.032857537
0.0,0.045380436
0.0,0.071729556
0.0,0.025970846
0.0,0.037122823
0.0,0.013558544
0.0,0.064147994
1.0,0.052330084
0.0,0.018698482
0.0,0.024432521
0.0,0.19925922
0.0,0.03481639
0.0,0.09446916
0.0,0.037545625
0.0,0.08111423
0.0,0.09862297
0.0,0.104682475
0.0,0.10328844
0.0,0.019605665
0.0,0.10411115
0.0,0.09419671
0.0,0.08197618
0.0,0.036207896
0.0,0.044343214
0.0,0.01678776
0.0,0.07216304
0.0,0.121983096
0.0,0.066263594
0.0,0.032755233
0.0,0.07005581
0.0,0.040829014
0.0,0.08753978
0.0,0.08486337
0.0,0.06483508
1.0,0.036778312
0.0,0.071443506
0.0,0.07510839
0.0,0.042493958
0.0,0.09905215
0.0,0.08266768
0.0,0.019888133
0.0,0.06529045
0.0,0.05634108
0.0,0.025612537
0.0,0.07837537
0.0,0.08099154
0.0,0.044769663
0.0,0.04761059
0.0,0.035012495
0.0,0.06483757
0.0,0.0926216
0.0,0.04502002
0.0,0.028314166
0.0,0.05333572
0.0,0.101278104
0.0,0.082723945
0.0,0.06391009
0.0,0.03305099
0.0,0.11905332
0.0,0.053229112
0.0,0.02632007
0.0,0.04134387
0.0,0.044078223
0.0,0.066040486
0.0,0.05396396
0.0,0.041017868
0.0,0.046135884
0.0,0.12855579
0.0,0.06036137
1.0,0.063931644
0.0,0.04499824
0.0,0.00887978
0.0,0.057562422
0.0,0.06384808
0.0,0.035605635
0.0,0.050512776
0.0,0.16290364
0.0,0.081818804
0.0,0.025454829
0.0,0.064762555
0.0,0.035241093
0.0,0.0841583
0.0,0.031217294
0.0,0.06076031
0.0,0.108727224
0.0,0.09152712
0.0,0.052521423
0.0,0.03643299
0.0,0.029463477
0.0,0.036480777
0.0,0.052042246
0.0,0.024740644
0.0,0.062127218
0.0,0.03663865
0.0,0.044147152
0.0,0.06457603
0.0,0.09211562
0.0,0.05160247
0.0,0.12748004
0.0,0.11597515
0.0,0.063567564
1.0,0.05067811
0.0,0.071780436
0.0,0.039055664
0.0,0.098468915
1.0,0.0722259
0.0,0.059307
0.0,0.06556275
0.0,0.052030906
0.0,0.065581195
0.0,0.13488244
0.0,0.042228438
0.0,0.019961221
0.0,0.0799171
0.0,0.0921205
0.0,0.06917991
0.0,0.022906266
0.0,0.05680461
0.0,0.042251058
0.0,0.121947855
0.0,0.059378237
0.0,0.0673189
0.0,0.047534093
0.0,0.038422104
0.0,0.037585426
0.0,0.02989464
0.0,0.039475117
0.0,0.035572104
0.0,0.09674431
0.0,0.07437728
0.0,0.020750884
0.0,0.031944565
0.0,0.041427586
0.0,0.13163888
0.0,0.02510795
0.0,0.019021155
0.0,0.034953244
0.0,0.0649091
0.0,0.030985069
0.0,0.03756914
0.0,0.046886154
0.0,0.052130368
0.0,0.04247868
0.0,0.051078655
0.0,0.047312304
0.0,0.06939009
0.0,0.033051006
0.0,0.11671101
0.0,0.058710292
0.0,0.056182396
0.0,0.04686217
0.0,0.04727981
0.0,0.038026623
0.0,0.10764804
0.0,0.07404797
0.0,0.077560395
0.0,0.06378755
0.0,0.08569987
0.0,0.040130004
0.0,0.031913947
0.0,0.06473561
0.0,0.028736388
0.0,0.05106285
1.0,0.093869835
0.0,0.06783426
0.0,0.048137844
1.0,0.030788774
0.0,0.052718412
0.0,0.054832526
0.0,0.02062095
0.0,0.07587973
0.0,0.050095767
0.0,0.121452615
0.0,0.027129078
0.0,0.05798124
0.0,0.10159826
0.0,0.06114813
0.0,0.055267576
0.0,0.11219526
0.0,0.030408999
0.0,0.05353464
0.0,0.04375214
1.0,0.053763676
0.0,0.03731065
0.0,0.056245036
0.0,0.03665768
0.0,0.07501073
0.0,0.051017895
0.0,0.035194863
0.0,0.028642625
0.0,0.018733261
0.0,0.1462724
0.0,0.061297715
0.0,0.06594209
0.0,0.052796423
0.0,0.025159016
0.0,0.040281534
0.0,0.020058822
0.0,0.10041585
0.0,0.04995229
0.0,0.07684377
0.0,0.11787431
0.0,0.054198656
0.0,0.035921566
0.0,0.06400378
2.0,0.045253657
0.0,0.056387927
0.0,0.029228754
0.0,0.030896207
0.0,0.02583456
0.0,0.036076453
0.0,0.055064358
0.0,0.07284187
0.0,0.045583036
0.0,0.16361159
0.0,0.056487042
0.0,0.025617374
0.0,0.03196835
0.0,0.0654039
0.0,0.08591647
0.0,0.059245072
0.0,0.05105917
0.0,0.043909203
1.0,0.06285743
0.0,0.0453681
0.0,0.06275805
0.0,0.05925007
0.0,0.067438774
0.0,0.04751012
0.0,0.042651266
0.0,0.047293045
0.0,0.034352094
0.0,0.1104803
0.0,0.019022116
0.0,0.057196036
0.0,0.03388474
0.0,0.050590634
0.0,0.044096764
0.0,0.04627341
0.0,0.059921872
0.0,0.06204589
0.0,0.041102607
1.0,0.04451456
0.0,0.044460997
0.0,0.047542393
0.0,0.08793464
0.0,0.12122633
0.0,0.08831843
0.0,0.033766918
0.0,0.059014715
0.0,0.055379007
0.0,0.104425326
0.0,0.037838873
0.0,0.1563361
1.0,0.041201506
0.0,0.03679026
0.0,0.0251594
0.0,0.037799053
0.0,0.037710823
0.0,0.047359683
0.0,0.043865092
0.0,0.056357525
0.0,0.03513376
0.0,0.024618326
0.0,0.096163124
0.0,0.041151397
0.0,0.031015461
0.0,0.09383392
0.0,0.029331515
0.0,0.0838999
0.0,0.120586276
0.0,0.08057068
0.0,0.07504709
0.0,0.051519763
0.0,0.06023503
0.0,0.02931816
1.0,0.044475667
0.0,0.035934433
0.0,0.031582758
0.0,0.081412464
0.0,0.07786411
0.0,0.046727374
0.0,0.04453853
0.0,0.04139076
0.0,0.047181726
0.0,0.09938802
0.0,0.08802012
0.0,0.06922911
0.0,0.034282465
0.0,0.0611069
0.0,0.035586134
1.0,0.099425115
0.0,0.044817872
0.0,0.0408884
0.0,0.02839162
0.0,0.11566745
0.0,0.061083492
2.0,0.07231634
0.0,0.03034295
0.0,0.03872105
0.0,0.05866146
0.0,0.034746684
0.0,0.07674892
0.0,0.031383112
0.0,0.080495104
0.0,0.03978218
0.0,0.009125323
0.0,0.058192577
0.0,0.08436808
0.0,0.043787435
0.0,0.046740033
0.0,0.025672046
0.0,0.10522412
0.0,0.039409254
0.0,0.06089211
0.0,0.1338077
0.0,0.07411214
0.0,0.062311575
0.0,0.053539135
0.0,0.04010003
0.0,0.020290721
0.0,0.028716445
0.0,0.07041309
0.0,0.05357486
0.0,0.026775885
0.0,0.037215997
0.0,0.026455231
0.0,0.04012742
0.0,0.046111077
0.0,0.035198487
1.0,0.038949266
0.0,0.11105906
0.0,0.033536572
0.0,0.100739
1.0,0.06683115
0.0,0.028008472
0.0,0.054552134
0.0,0.053000484
0.0,0.023605358
0.0,0.05462421
0.0,0.031056616
0.0,0.0358118
0.0,0.10564442
0.0,0.068271965
0.0,0.05729779
0.0,0.06470502
0.0,0.093008526
0.0,0.1358689
0.0,0.02814205
0.0,0.043811366
0.0,0.08758706
0.0,0.050587356
0.0,0.033793207
0.0,0.049258657
0.0,0.034727372
0.0,0.12674999
0.0,0.040863216
0.0,0.040664192
0.0,0.06320502
0.0,0.06342529
0.0,0.071187064
0.0,0.07129118
0.0,0.04968227
0.0,0.041461755
0.0,0.06729634
0.0,0.07857557
0.0,0.041674756
0.0,0.017179774
1.0,0.045198187
0.0,0.029893272
0.0,0.023239655
0.0,0.075860344
1.0,0.054422125
0.0,0.13148052
0.0,0.057373
0.0,0.057869706
0.0,0.047311537
0.0,0.0658999
0.0,0.119065635
0.0,0.025301566
0.0,0.044236794
0.0,0.06402905
0.0,0.10524156
0.0,0.048627377
0.0,0.06369538
0.0,0.09220017
0.0,0.060742583
0.0,0.06324207
0.0,0.048141975
0.0,0.05022821
0.0,0.028602961
0.0,0.036617935
0.0,0.037594765
0.0,0.039645437
0.0,0.0378239
0.0,0.068662934
0.0,0.04486551
0.0,0.06366342
0.0,0.07663548
0.0,0.022252345
0.0,0.15374944
0.0,0.020340301
0.0,0.035796147
0.0,0.06141246
0.0,0.04052096
0.0,0.057772603
0.0,0.07970287
0.0,0.060131334
0.0,0.044374708
0.0,0.021427615
0.0,0.035865683
0.0,0.120857805
0.0,0.115666315
0.0,0.0401217
0.0,0.07453567
0.0,0.089551836
0.0,0.07855837
1.0,0.06297368
0.0,0.034884177
0.0,0.09103532
0.0,0.023563353
0.0,0.033537403
0.0,0.048698172
0.0,0.07411431
0.0,0.049050145
0.0,0.035993665
0.0,0.039863266
0.0,0.03123902
0.0,0.09888554
0.0,0.039929867
0.0,0.1379661
0.0,0.027052604
0.0,0.048121043
0.0,0.028445268
0.0,0.021479214
0.0,0.037944444
0.0,0.045978636
0.0,0.049682863
0.0,0.08434037
0.0,0.06395368
0.0,0.11154279
0.0,0.098518744
0.0,0.13743229
0.0,0.05809468
0.0,0.16390553
0.0,0.08289512
0.0,0.04503179
0.0,0.05949299
0.0,0.009988919
0.0,0.057182334
0.0,0.07508742
0.0,0.07511621
0.0,0.08800621
0.0,0.040325835
0.0,0.06446745
0.0,0.044465173
0.0,0.054747995
0.0,0.065884225
0.0,0.04324705
0.0,0.040191896
0.0,0.031564828
0.0,0.1339065
0.0,0.048998833
0.0,0.06418994
0.0,0.10557837
0.0,0.069690816
0.0,0.08797604
0.0,0.08538766
0.0,0.05226061
0.0,0.07604001
0.0,0.081749424
0.0,0.08222423
0.0,0.028962005
0.0,0.04544826
0.0,0.0603559
0.0,0.10136942
0.0,0.023830233
0.0,0.086209066
0.0,0.07707893
0.0,0.043657027
0.0,0.084096484
0.0,0.10159753
0.0,0.08562128
0.0,0.052179012
0.0,0.057005715
0.0,0.1602245
0.0,0.059764083
0.0,0.08849886
0.0,0.076117985
0.0,0.07532227
0.0,0.007903502
0.0,0.061849087
0.0,0.03896203
0.0,0.038683645
0.0,0.03721848
0.0,0.019029474
0.0,0.047305156
0.0,0.13818504
0.0,0.074947946
0.0,0.07971068
0.0,0.05672073
0.0,0.025998464
0.0,0.0873445
0.0,0.050877772
0.0,0.017808447
1.0,0.042847607
0.0,0.1139564
0.0,0.045890804
0.0,0.07796933
0.0,0.040301077
0.0,0.045234777
0.0,0.040091045
0.0,0.089801714
0.0,0.05888833
0.0,0.034560837
0.0,0.06006767
0.0,0.09874308
0.0,0.078637674
0.0,0.054067813
0.0,0.04155571
0.0,0.03477493
0.0,0.0831816
0.0,0.086513594
0.0,0.06499933
0.0,0.06921351
1.0,0.031577595
0.0,0.027610514
0.0,0.042640466
0.0,0.039874844
0.0,0.048927598
0.0,0.042551704
0.0,0.023734307
0.0,0.027334567
0.0,0.035501663
0.0,0.09100967
0.0,0.033209473
0.0,0.046815872
0.0,0.048274912
0.0,0.061750855
0.0,0.049585707
0.0,0.061591115
0.0,0.053667933
0.0,0.058814134
0.0,0.035995346
0.0,0.0768537
0.0,0.04113127
0.0,0.050361715
0.0,0.047496665
0.0,0.048009314
0.0,0.08017306
0.0,0.035043143
0.0,0.037298713
0.0,0.07563488
0.0,0.080172494
0.0,0.03215611
0.0,0.014391659
0.0,0.05750921
0.0,0.0351445
0.0,0.062921956
0.0,0.09183314
0.0,0.04472573
0.0,0.071905024
0.0,0.032816548
0.0,0.055633225
0.0,0.05010458
0.0,0.06014137
0.0,0.029217886
0.0,0.074967906
0.0,0.080606185
0.0,0.017893584
0.0,0.032016113
0.0,0.05260694
0.0,0.050855696
0.0,0.035199177
0.0,0.039784763
0.0,0.078510925
0.0,0.03029264
0.0,0.03866817
0.0,0.055575345
0.0,0.035782307
0.0,0.09338455
0.0,0.038265247
0.0,0.06900434
0.0,0.020096475
0.0,0.025848005
0.0,0.097958
0.0,0.020729512
0.0,0.07711577
0.0,0.04428394
0.0,0.012199881
0.0,0.17947231
0.0,0.07472948
0.0,0.057283036
0.0,0.06524193
0.0,0.019250005
0.0,0.026435522
0.0,0.07096639
0.0,0.062091056
0.0,0.03644098
0.0,0.054394882
0.0,0.12945142
0.0,0.036027834
0.0,0.030003903
0.0,0.056384955
0.0,0.040920757
0.0,0.10660386
0.0,0.100892276
0.0,0.060620043
0.0,0.04140902
0.0,0.047041256
0.0,0.031485487
0.0,0.06758042
0.0,0.03857537
0.0,0.05850853
1.0,0.055486508
0.0,0.07768606
0.0,0.051763423
0.0,0.059487246
0.0,0.14592019
0.0,0.027223157
0.0,0.0861212
0.0,0.06261123
0.0,0.07701842
0.0,0.0368258
0.0,0.075695574
0.0,0.07618182
0.0,0.05425482
0.0,0.08555325
0.0,0.038469125
0.0,0.060541123
0.0,0.023188438
0.0,0.10514357
0.0,0.024212258
0.0,0.0256968
0.0,0.084592946
0.0,0.051836733
0.0,0.06897727
0.0,0.08343039
0.0,0.07477941
0.0,0.045723706
0.0,0.053555116
0.0,0.025341364
0.0,0.16597933
0.0,0.040499073
0.0,0.06920084
0.0,0.07162094
0.0,0.03369279
0.0,0.12997057
1.0,0.065784775
0.0,0.06917595
0.0,0.025373695
0.0,0.11444617
0.0,0.049373012
0.0,0.046762593
0.0,0.07221145
0.0,0.08540049
0.0,0.02582307
0.0,0.051498566
0.0,0.061859306
0.0,0.05586141
0.0,0.069809355
0.0,0.07259865
0.0,0.047604434
0.0,0.08089667
0.0,0.07339637
0.0,0.068930835
0.0,0.06896574
0.0,0.052097864
0.0,0.0784273
0.0,0.03793037
0.0,0.040187873
0.0,0.065499626
0.0,0.1415197
0.0,0.03837318
0.0,0.067036666
0.0,0.050435856
0.0,0.040422037
0.0,0.10679033
0.0,0.08077186
1.0,0.091732785
0.0,0.042578153
0.0,0.06176867
0.0,0.0850627
0.0,0.07290921
0.0,0.06108074
0.0,0.014511991
0.0,0.04759835
0.0,0.057774723
0.0,0.1147265
0.0,0.056155022
0.0,0.038422048
0.0,0.06328536
0.0,0.04219072
0.0,0.055217948
0.0,0.028399026
0.0,0.11190436
0.0,0.07562677
0.0,0.05549307
0.0,0.033763215
0.0,0.014686415
1.0,0.033062797
0.0,0.07829562
0.0,0.09883864
0.0,0.0732925
0.0,0.044729676
0.0,0.049328655
0.0,0.059380375
0.0,0.08630488
0.0,0.11539351
0.0,0.08430523
0.0,0.0544351
0.0,0.042480547
0.0,0.07766554
0.0,0.030234253
0.0,0.022585455
0.0,0.044415545
0.0,0.10819979
0.0,0.051165923
0.0,0.052496508
0.0,0.025554895
0.0,0.11872276
0.0,0.028581543
0.0,0.042067375
0.0,0.036242165
0.0,0.05983476
0.0,0.06224786
0.0,0.031129993
0.0,0.05451607
0.0,0.06733489
0.0,0.12993611
0.0,0.038779017
0.0,0.108627155
0.0,0.100686505
0.0,0.07366561
0.0,0.068628505
1.0,0.03923755
0.0,0.011015085
0.0,0.04452887
1.0,0.050791256
0.0,0.07999896
0.0,0.07056424
0.0,0.051712625
1.0,0.088521905
0.0,0.042497564
0.0,0.039732855
0.0,0.0533679
0.0,0.027268108
0.0,0.020581812
0.0,0.060434263
0.0,0.045177005
0.0,0.052417018
0.0,0.09561182
0.0,0.06322859
0.0,0.047191154
0.0,0.07485769
0.0,0.0753264
0.0,0.082089774
0.0,0.029073725
0.0,0.081891924
0.0,0.025090033
0.0,0.029851181
0.0,0.035249244
0.0,0.036099475
0.0,0.038347736
1.0,0.05299591
0.0,0.03905207
0.0,0.053880073
0.0,0.060020242
0.0,0.06170994
0.0,0.061971378
0.0,0.11748314
0.0,0.08995663
0.0,0.11212517
0.0,0.06427221
0.0,0.0677085
0.0,0.038015474
0.0,0.05130594
0.0,0.08484863
0.0,0.15587394
1.0,0.0841809
0.0,0.022486936
0.0,0.10631499
0.0,0.031779204
0.0,0.04370314
0.0,0.059846416
0.0,0.05621265
0.0,0.03042813
0.0,0.080673635
0.0,0.030441148
0.0,0.04787658
0.0,0.037376624
0.0,0.07509974
0.0,0.029873922
0.0,0.041931212
0.0,0.03229582
0.0,0.104465716
0.0,0.05722793
0.0,0.022145446
0.0,0.038234316
0.0,0.051595137
0.0,0.064880416
0.0,0.068175055
0.0,0.08474717
0.0,0.05049924
0.0,0.07205856
0.0,0.07883373
0.0,0.012456593
0.0,0.07023319
0.0,0.039417654
0.0,0.032125916
0.0,0.05765215
0.0,0.02633226
0.0,0.035772443
0.0,0.06236761
0.0,0.024944426
0.0,0.04598219
0.0,0.04994267
0.0,0.044019535
0.0,0.08197665
0.0,0.041765507
0.0,0.0893244
0.0,0.05247896
0.0,0.05055625
0.0,0.0684774
0.0,0.046106722
0.0,0.07069549
0.0,0.08660109
0.0,0.04929818
0.0,0.09182112
0.0,0.041069694
0.0,0.067435816
0.0,0.044682413
0.0,0.08682066
0.0,0.049517658
0.0,0.031984225
0.0,0.04007151
0.0,0.06378524
0.0,0.03417849
0.0,0.05432355
0.0,0.041585363
0.0,0.06894366
0.0,0.04021264
0.0,0.06297713
0.0,0.0829999
1.0,0.046036445
0.0,0.10888165
0.0,0.07534989
0.0,0.11114025
0.0,0.054749563
0.0,0.03789398
0.0,0.0496912
0.0,0.01977591
0.0,0.08777039
0.0,0.021198243
0.0,0.089110896
0.0,0.07874875
0.0,0.049315035
0.0,0.06634039
0.0,0.028135799
0.0,0.0933866
0.0,0.049021922
0.0,0.024832383
0.0,0.04788407
0.0,0.024250042
0.0,0.08138397
0.0,0.09266863
0.0,0.06998891
0.0,0.06593482
0.0,0.0910196
0.0,0.06453755
0.0,0.088217504
0.0,0.055600658
0.0,0.06575718
0.0,0.07668633
0.0,0.01975122
0.0,0.041978985
0.0,0.048096336
0.0,0.027962914
0.0,0.12118339
0.0,0.03894516
0.0,0.033089247
0.0,0.08778399
0.0,0.04202804
0.0,0.05050194
0.0,0.058669742
0.0,0.04106337
0.0,0.10840403
0.0,0.043946363
0.0,0.08513783
0.0,0.037677355
0.0,0.034936998
0.0,0.060670245
0.0,0.067438394
0.0,0.024126502
0.0,0.05661386
0.0,0.12671909
0.0,0.0866608
0.0,0.059841935
0.0,0.13940601
0.0,0.031932276
0.0,0.07352496
0.0,0.025464237
0.0,0.06436413
0.0,0.074594654
0.0,0.050541546
0.0,0.019555023
0.0,0.05963544
0.0,0.03430127
0.0,0.0709091
0.0,0.098474875
0.0,0.08803118
0.0,0.11439237
0.0,0.08216289
0.0,0.078467846
0.0,0.05789118
0.0,0.043548472
0.0,0.038807094
0.0,0.07247821
0.0,0.060200516
0.0,0.055366624
0.0,0.189768
0.0,0.06646234
0.0,0.061945852
0.0,0.10474854
0.0,0.069459446
0.0,0.10106478
0.0,0.042023867
0.0,0.10579933
0.0,0.0590806
0.0,0.022922229
0.0,0.012944145
0.0,0.05909858
0.0,0.03026567
0.0,0.059543423
0.0,0.051836018
0.0,0.0804146
0.0,0.01718387
1.0,0.051194306
0.0,0.05777442
0.0,0.045016244
0.0,0.052266542
0.0,0.06143904
0.0,0.03895638
0.0,0.084056534
0.0,0.06884473
0.0,0.0697622
0.0,0.034344018
0.0,0.043765347
0.0,0.07769169
1.0,0.076862894
0.0,0.018930057
0.0,0.11877423
0.0,0.027791608
0.0,0.052950393
0.0,0.0809204
0.0,0.05708807
0.0,0.07648748
0.0,0.021477135
0.0,0.06335202
0.0,0.032382622
0.0,0.035058886
0.0,0.05595629
0.0,0.092553526
0.0,0.042811543
0.0,0.025122223
0.0,0.010716331
0.0,0.031863235
0.0,0.040996164
0.0,0.10826306
0.0,0.057867046
0.0,0.06818978
0.0,0.072281174
0.0,0.01872025
0.0,0.03384368
0.0,0.04970656
0.0,0.057300303
0.0,0.099039
0.0,0.015194664
0.0,0.054006513
0.0,0.020352136
0.0,0.07442032
0.0,0.050073367
0.0,0.027008021
0.0,0.053812265
0.0,0.06437987
0.0,0.025043154
0.0,0.02350862
0.0,0.10884658
0.0,0.06646393
0.0,0.018695682
0.0,0.06641519
0.0,0.082709156
0.0,0.04605937
0.0,0.04901898
0.0,0.037626866
0.0,0.042263106
0.0,0.05082903
0.0,0.023401542
0.0,0.03654957
0.0,0.04006192
0.0,0.07357392
0.0,0.05462731
0.0,0.10531101
0.0,0.09084655
0.0,0.09314929
0.0,0.0643963
0.0,0.030326199
0.0,0.07037281
1.0,0.08218056
0.0,0.045930803
0.0,0.04580408
0.0,0.027024291
0.0,0.0732982
0.0,0.035052385
1.0,0.07096907
0.0,0.09800412
0.0,0.048308372
0.0,0.1611614
0.0,0.03703414
0.0,0.06534736
0.0,0.031656623
1.0,0.05113502
1.0,0.06102128
0.0,0.087363884
0.0,0.062259898
0.0,0.049371693
0.0,0.07067577
0.0,0.04696174
0.0,0.037397698
0.0,0.094303265
0.0,0.07852747
0.0,0.056389406
0.0,0.15619273
0.0,0.071529366
0.0,0.12316807
0.0,0.053946067
0.0,0.037393756
0.0,0.04822462
0.0,0.054136124
0.0,0.062878825
0.0,0.074361436
0.0,0.06213231
0.0,0.07097675
0.0,0.11036315
0.0,0.06587429
0.0,0.01776775
0.0,0.08140396
0.0,0.043218788
0.0,0.05048665
0.0,0.042885832
0.0,0.05182462
0.0,0.039720103
0.0,0.034212798
0.0,0.037358344
0.0,0.022401446
0.0,0.06364853
0.0,0.030634379
0.0,0.05854129
0.0,0.18722318
1.0,0.0665073
0.0,0.09894498
0.0,0.088674374
0.0,0.04628923
0.0,0.052293416
0.0,0.045130435
1.0,0.03955137
0.0,0.107541606
0.0,0.011544915
0.0,0.09779475
1.0,0.06662303
0.0,0.04915314
0.0,0.07657141
0.0,0.054682534
0.0,0.089631855
0.0,0.0774462
0.0,0.033109765
0.0,0.07917504
0.0,0.075069085
0.0,0.08992611
0.0,0.04474032
0.0,0.017231066
0.0,0.057904296
0.0,0.05624289
0.0,0.049694188
0.0,0.07964453
1.0,0.068616934
0.0,0.032632276
0.0,0.05876463
1.0,0.08324036
0.0,0.038658068
0.0,0.046787754
0.0,0.04686014
0.0,0.17337394
0.0,0.030537931
0.0,0.041700218
0.0,0.07943125
0.0,0.03654725
0.0,0.07301846
0.0,0.10942949
0.0,0.038415324
0.0,0.111948155
0.0,0.08369668
0.0,0.044084467
0.0,0.045212395
0.0,0.080884755
0.0,0.014817908
0.0,0.08216339
0.0,0.10524442
0.0,0.060431555
0.0,0.06762184
0.0,0.027507253
0.0,0.04729327
0.0,0.035869002
0.0,0.028614612
0.0,0.059903774
0.0,0.1045115
0.0,0.0747682
0.0,0.061933063
0.0,0.038484316
0.0,0.10691936
0.0,0.016955925
0.0,0.06444185
0.0,0.21140593
0.0,0.03451734
0.0,0.04795518
0.0,0.05923493
0.0,0.021742603
0.0,0.11970322
0.0,0.057343762
0.0,0.08584769
0.0,0.03815875
0.0,0.061131306
0.0,0.0322459
0.0,0.014570874
0.0,0.05442451
0.0,0.053965222
0.0,0.043788455
0.0,0.034892544
1.0,0.042644918
0.0,0.072991826
0.0,0.04589227
0.0,0.031481523
0.0,0.03632348
0.0,0.03883253
0.0,0.08710019
0.0,0.053225737
0.0,0.041497633
0.0,0.048843194
0.0,0.08107056
0.0,0.013914416
0.0,0.052759502
0.0,0.0406463
0.0,0.06989682
0.0,0.042386398
0.0,0.12061169
0.0,0.09105177
0.0,0.033432487
0.0,0.055845056
0.0,0.102688774
0.0,0.08407842
0.0,0.059977144
0.0,0.081878655
0.0,0.082903504
0.0,0.08239735
0.0,0.04804589
0.0,0.10979987
0.0,0.09229333
0.0,0.059032615
0.0,0.030252265
0.0,0.057930253
0.0,0.054195426
0.0,0.1362412
0.0,0.07357964
0.0,0.050449543
0.0,0.07771907
0.0,0.082102574
0.0,0.067581415
0.0,0.06755097
0.0,0.035177633
0.0,0.054756664
0.0,0.15060288
0.0,0.088577434
0.0,0.05328691
0.0,0.028261008
0.0,0.02288847
0.0,0.047105655
0.0,0.017487032
0.0,0.02022682
0.0,0.02137033
0.0,0.035118736
0.0,0.029183758
0.0,0.026043914
0.0,0.05110465
0.0,0.019934304
0.0,0.031156426
0.0,0.13568026
0.0,0.04540448
0.0,0.048267342
0.0,0.05290663
0.0,0.031325668
0.0,0.0689816
1.0,0.037908528
0.0,0.055609964
0.0,0.057818033
0.0,0.14769335
1.0,0.11001705
0.0,0.07373235
0.0,0.04928828
0.0,0.09271647
0.0,0.07409203
0.0,0.061338592
0.0,0.049775675
0.0,0.05039028
1.0,0.040967338
0.0,0.060338292
0.0,0.054842174
0.0,0.053298093
0.0,0.037474114
0.0,0.019628376
0.0,0.04649228
0.0,0.09015776
0.0,0.041053344
0.0,0.050953858
0.0,0.0881609
0.0,0.05995058
0.0,0.07464229
0.0,0.12540597
0.0,0.12920968
0.0,0.085435435
0.0,0.12163367
0.0,0.02858427
0.0,0.104217365
1.0,0.008913595
0.0,0.07648311
0.0,0.029040914
0.0,0.051830653
0.0,0.052136607
0.0,0.05441709
0.0,0.08277031
0.0,0.059877727
0.0,0.056697607
0.0,0.049475174
0.0,0.016596386
0.0,0.04520127
0.0,0.027963514
1.0,0.05444312
0.0,0.10226677
0.0,0.05337462
0.0,0.028776469
0.0,0.0925639
0.0,0.11782146
0.0,0.023093551
0.0,0.07473211
0.0,0.08891213
0.0,0.061621226
0.0,0.06740201
1.0,0.07513735
0.0,0.09352626
0.0,0.043019697
0.0,0.021668797
0.0,0.08692319
0.0,0.04793248
0.0,0.088727504
0.0,0.033361237
0.0,0.09091616
0.0,0.01662283
0.0,0.050449975
0.0,0.069896854
0.0,0.017644476
0.0,0.030542169
0.0,0.040655546
0.0,0.01658043
0.0,0.073503196
0.0,0.046364933
0.0,0.07315863
0.0,0.06498504
0.0,0.06567899
0.0,0.04186195
0.0,0.04507091
0.0,0.05982396
0.0,0.0818214
0.0,0.041395657
0.0,0.078112856
0.0,0.11225244
0.0,0.067828976
0.0,0.043878585
0.0,0.043522544
0.0,0.061715502
0.0,0.05370879
0.0,0.068596944
0.0,0.062779725
0.0,0.03073903
0.0,0.0411238
0.0,0.05048032
0.0,0.015059627
0.0,0.04914222
0.0,0.049416892
0.0,0.10606189
1.0,0.01854181
0.0,0.061711043
0.0,0.04261022
0.0,0.047311313
0.0,0.04239145
0.0,0.07396254
0.0,0.07109921
0.0,0.050132208
0.0,0.034704477
0.0,0.03226756
0.0,0.07686513
0.0,0.04407326
0.0,0.040350128
0.0,0.039398395
0.0,0.025212673
0.0,0.03199867
0.0,0.06707996
0.0,0.15224402
0.0,0.074044794
0.0,0.015750356
0.0,0.06215341
0.0,0.10545799
0.0,0.04176537
0.0,0.021733264
0.0,0.057427876
0.0,0.034891345
0.0,0.1045381
0.0,0.04509645
0.0,0.07391628
0.0,0.09401785
0.0,0.042149298
0.0,0.07911156
0.0,0.040503204
0.0,0.035210337
0.0,0.059054773
0.0,0.046617813
0.0,0.050141223
0.0,0.050703637
0.0,0.059896916
0.0,0.05417592
0.0,0.045041494
0.0,0.03394668
0.0,0.06716666
0.0,0.10732476
0.0,0.045047447
0.0,0.12575403
0.0,0.112889
0.0,0.07175258
0.0,0.041418836
0.0,0.042338382
0.0,0.042906918
0.0,0.04284009
0.0,0.06829375
0.0,0.05093916
0.0,0.04064446
0.0,0.07262123
0.0,0.044820864
0.0,0.06563331
0.0,0.031025903
0.0,0.035426207
0.0,0.06495716
0.0,0.057746314
0.0,0.08499026
0.0,0.10074054
0.0,0.09270635
0.0,0.036265884
0.0,0.09353466
0.0,0.060985398
0.0,0.062082663
0.0,0.04815635
0.0,0.026359368
0.0,0.08489297
0.0,0.06191694
0.0,0.05576472
0.0,0.10382688
0.0,0.041367203
0.0,0.10297361
0.0,0.08772533
0.0,0.058125548
1.0,0.029129425
0.0,0.04100033
0.0,0.027044853
0.0,0.07722078
0.0,0.038246386
1.0,0.060654655
0.0,0.023675337
0.0,0.067060255
0.0,0.04143452
0.0,0.044734046
0.0,0.04460284
0.0,0.07360862
0.0,0.024631958
0.0,0.073304385
0.0,0.05184296
0.0,0.07780076
0.0,0.026708812
0.0,0.087981015
0.0,0.06464075
0.0,0.16242781
0.0,0.078008376
0.0,0.04979101
0.0,0.0358927
0.0,0.04521037
0.0,0.058508795
1.0,0.0538861
0.0,0.054874834
0.0,0.04344338
0.0,0.031916138
0.0,0.0620028
0.0,0.08477078
0.0,0.042089626
0.0,0.059035487
0.0,0.045972236
0.0,0.075136274
0.0,0.06633147
1.0,0.05111213
0.0,0.059751946
0.0,0.053190242
0.0,0.025040181
0.0,0.057108734
1.0,0.023614138
0.0,0.05791219
2.0,0.055247974
0.0,0.028979992
0.0,0.105573766
0.0,0.14419052
0.0,0.042593583
0.0,0.06548045
0.0,0.046852924
0.0,0.03630895
0.0,0.078619115
0.0,0.038165826
0.0,0.08232195
0.0,0.093842044
0.0,0.043595575
0.0,0.032013413
0.0,0.054288357
0.0,0.0573029
0.0,0.09977649
0.0,0.12318664
0.0,0.027058797
0.0,0.08298539
0.0,0.038426537
0.0,0.073899984
0.0,0.017748995
0.0,0.073273
0.0,0.040029515
0.0,0.061659317
0.0,0.052458823
0.0,0.040464386
0.0,0.031564828
0.0,0.043641124
0.0,0.07756617
0.0,0.06842654
0.0,0.052340716
0.0,0.09046155
0.0,0.030441482
0.0,0.04283104
0.0,0.04321438
0.0,0.08079343
0.0,0.11453909
0.0,0.086750895
0.0,0.034449942
0.0,0.06691112
0.0,0.07031619
0.0,0.042033087
0.0,0.06121364
0.0,0.03272365
0.0,0.07327943
0.0,0.031075533
0.0,0.05512779
0.0,0.04901054
0.0,0.07944067
0.0,0.024141382
0.0,0.083230995
0.0,0.09567512
0.0,0.08204611
0.0,0.08971614
0.0,0.15465994
0.0,0.07758807
0.0,0.07817281
0.0,0.111496106
0.0,0.044579983
1.0,0.045608863
0.0,0.054516405
0.0,0.07493769
0.0,0.13216609
0.0,0.058308415
0.0,0.117082775
0.0,0.12591532
0.0,0.059779976
0.0,0.040372144
0.0,0.045049913
0.0,0.039093226
0.0,0.07326336
0.0,0.041374736
0.0,0.056450434
0.0,0.050502326
0.0,0.06213981
0.0,0.079298325
1.0,0.06437883
0.0,0.062913015
0.0,0.038356442
0.0,0.15559076
0.0,0.037722908
0.0,0.0672128
0.0,0.06481323
0.0,0.030013792
0.0,0.045658804
0.0,0.0416152
0.0,0.01616247
0.0,0.07239562
0.0,0.039879218
0.0,0.07671539
1.0,0.03917502
0.0,0.066430286
0.0,0.0683143
0.0,0.04509432
0.0,0.158252
0.0,0.039769113
0.0,0.11954641
0.0,0.06389478
0.0,0.08860865
0.0,0.041877702
0.0,0.08655038
0.0,0.095363036
1.0,0.06695737
0.0,0.025987878
0.0,0.027349353
0.0,0.06981068
0.0,0.031620402
0.0,0.038557626
0.0,0.043097
0.0,0.057923872
0.0,0.045847718
0.0,0.048856378
0.0,0.05599451
0.0,0.059399687
0.0,0.039785102
0.0,0.0672104
0.0,0.057916276
0.0,0.05705812
0.0,0.027055275
1.0,0.08298652
0.0,0.14686467
0.0,0.06872011
0.0,0.049797017
1.0,0.06756861
0.0,0.018125368
0.0,0.11118764
0.0,0.03752352
0.0,0.039231416
0.0,0.107917994
0.0,0.06577295
0.0,0.0582396
0.0,0.11669557
0.0,0.011977481
0.0,0.06665846
0.0,0.074130856
0.0,0.048417546
0.0,0.061845917
0.0,0.0654549
0.0,0.055693638
0.0,0.06618884
0.0,0.03909401
0.0,0.047553547
0.0,0.11628436
0.0,0.06251544
0.0,0.02410878
0.0,0.059107356
0.0,0.08796052
0.0,0.14767006
0.0,0.04931012
0.0,0.056892518
0.0,0.112801075
0.0,0.06875052
0.0,0.07500379
0.0,0.015341852
0.0,0.03936403
0.0,0.032502312
0.0,0.046736203
0.0,0.09824785
0.0,0.056125604
0.0,0.08990593
0.0,0.09467383
0.0,0.055717118
0.0,0.07224503
0.0,0.06435604
0.0,0.051012643
0.0,0.020424077
0.0,0.027309787
0.0,0.04839799
0.0,0.049986172
0.0,0.04060833
0.0,0.03361913
0.0,0.05226669
0.0,0.023514157
0.0,0.06983589
0.0,0.07576364
0.0,0.058436245
1.0,0.06952552
0.0,0.015308537
0.0,0.03157967
0.0,0.08435533
0.0,0.031829268
0.0,0.09210569
0.0,0.056947764
0.0,0.021444276
0.0,0.08109994
0.0,0.06610819
0.0,0.078959346
1.0,0.025793646
0.0,0.043091245
0.0,0.057704296
0.0,0.029337263
0.0,0.07446629
0.0,0.1413141
0.0,0.00908297
0.0,0.058858518
0.0,0.03308986
0.0,0.08724255
0.0,0.0231454
0.0,0.06796391
0.0,0.015019116
0.0,0.03249391
0.0,0.060895246
0.0,0.08363353
0.0,0.025604062
0.0,0.11045065
0.0,0.061084628
0.0,0.0909201
0.0,0.066729635
0.0,0.031203438
0.0,0.08538496
0.0,0.08063204
0.0,0.06915438
0.0,0.036675617
1.0,0.0800554
0.0,0.07642817
0.0,0.020270007
0.0,0.031114545
0.0,0.068721354
0.0,0.12530202
0.0,0.042467747
0.0,0.051688936
0.0,0.05842868
0.0,0.07846455
0.0,0.025874862
0.0,0.042503808
0.0,0.06558258
0.0,0.04002974
0.0,0.054183684
0.0,0.0509981
0.0,0.036064222
0.0,0.098461896
0.0,0.066713
0.0,0.026594093
0.0,0.050323933
0.0,0.021405883
1.0,0.048972532
1.0,0.071604446
0.0,0.04213515
0.0,0.13402942
0.0,0.115159735
0.0,0.04181383
0.0,0.014963901
0.0,0.081249736
0.0,0.043226272
0.0,0.09179644
0.0,0.03271719
0.0,0.027889794
0.0,0.019377539
0.0,0.08082792
0.0,0.052271426
0.0,0.09385623
0.0,0.09173341
0.0,0.11431451
0.0,0.052389305
0.0,0.07168363
0.0,0.024985913
0.0,0.037059966
0.0,0.05042383
0.0,0.08108074
0.0,0.018649276
0.0,0.06948666
0.0,0.036647927
0.0,0.024227018
0.0,0.043215264
0.0,0.055603523
0.0,0.053450976
0.0,0.059957925
0.0,0.045949247
0.0,0.055361714
0.0,0.07550015
0.0,0.098046795
0.0,0.043187477
0.0,0.029339641
0.0,0.04241794
0.0,0.0591273
0.0,0.02368009
0.0,0.06532891
0.0,0.07486499
0.0,0.08069672
0.0,0.02442805
0.0,0.09755047
0.0,0.03888571
0.0,0.04842318
0.0,0.16137019
0.0,0.088039264
0.0,0.08642496
0.0,0.06417815
0.0,0.10042806
0.0,0.017766267
0.0,0.033802036
0.0,0.034042176
0.0,0.048865743
2.0,0.03956355
0.0,0.03123741
0.0,0.04314822
0.0,0.07581268
0.0,0.09898846
0.0,0.06572636
0.0,0.051426347
0.0,0.052553162
0.0,0.05468681
0.0,0.09534569
0.0,0.029430088
0.0,0.04999621
0.0,0.053488303
0.0,0.049059924
0.0,0.027388895
0.0,0.06304416
0.0,0.10143787
0.0,0.051346395
0.0,0.13015555
0.0,0.06386419
0.0,0.06657622
0.0,0.102533914
0.0,0.02928647
0.0,0.058134362
0.0,0.0912756
0.0,0.10910927
0.0,0.03221163
0.0,0.030369395
0.0,0.04015073
0.0,0.048813276
0.0,0.03931509
0.0,0.09176515
0.0,0.03643346
0.0,0.015898826
0.0,0.057475872
0.0,0.1236617
0.0,0.07449594
0.0,0.07992016
0.0,0.026013121
0.0,0.07863006
0.0,0.043716688
0.0,0.018010268
1.0,0.035460565
0.0,0.117124796
1.0,0.048665002
0.0,0.081503786
0.0,0.041481413
0.0,0.091728434
1.0,0.04421931
0.0,0.022542052
0.0,0.047473345
0.0,0.05406085
1.0,0.10433001
0.0,0.08689095
0.0,0.025833772
0.0,0.025929268
0.0,0.06293248
0.0,0.02321851
0.0,0.021532733
1.0,0.03250468
0.0,0.0966119
1.0,0.04407528
0.0,0.079601705
0.0,0.062045034
0.0,0.11287337
0.0,0.1108771
0.0,0.06508198
0.0,0.030793928
0.0,0.04413423
0.0,0.028962214
0.0,0.050119013
0.0,0.0142139895
0.0,0.045172505
0.0,0.08748263
0.0,0.034145277
0.0,0.08144322
0.0,0.024287812
0.0,0.051267643
0.0,0.037361942
0.0,0.050205626
0.0,0.053374823
0.0,0.14675272
0.0,0.05062278
0.0,0.017238118
0.0,0.048617452
0.0,0.019581709
0.0,0.019633085
0.0,0.03974587
0.0,0.014285819
0.0,0.025333064
0.0,0.07152828
0.0,0.052825887
0.0,0.10612923
0.0,0.0486492
0.0,0.035823397
0.0,0.050745577
0.0,0.0991919
0.0,0.03878926
0.0,0.044734474
0.0,0.08954558
0.0,0.031543687
1.0,0.045105092
0.0,0.042553876
0.0,0.060903057
0.0,0.042031545
0.0,0.053911224
0.0,0.07166398
0.0,0.051595703
0.0,0.060911942
0.0,0.16126446
0.0,0.08290129
0.0,0.091324404
0.0,0.11312044
0.0,0.038074993
0.0,0.044478446
0.0,0.09991759
0.0,0.028614735
0.0,0.03011137
0.0,0.045928173
0.0,0.04149718
0.0,0.04916709
0.0,0.05368508
0.0,0.0385627
0.0,0.064469695
0.0,0.099414684
0.0,0.04564287
0.0,0.026185773
0.0,0.03435234
0.0,0.07958398
0.0,0.039631225
0.0,0.13447034
0.0,0.054710962
0.0,0.034233637
0.0,0.049276814
0.0,0.07901561
0.0,0.057350516
0.0,0.04123836
0.0,0.07662149
0.0,0.07504284
0.0,0.045994535
0.0,0.024897084
1.0,0.03164909
0.0,0.045666512
0.0,0.051804017
0.0,0.044634458
0.0,0.053406443
0.0,0.046537817
0.0,0.032240227
1.0,0.021443805
0.0,0.04401731
0.0,0.081869535
0.0,0.038553655
0.0,0.05205024
0.0,0.052341837
0.0,0.0722888
0.0,0.062067594
0.0,0.062157203
0.0,0.049235854
0.0,0.08638553
0.0,0.06721844
0.0,0.0990638
0.0,0.039715257
0.0,0.050463594
0.0,0.042378113
0.0,0.02685935
0.0,0.069968365
1.0,0.08465416
0.0,0.041420057
0.0,0.034405224
0.0,0.045850754
0.0,0.13146713
0.0,0.053998556
0.0,0.06309213
0.0,0.027560636
0.0,0.0449295
0.0,0.04828976
0.0,0.055642232
0.0,0.16873161
0.0,0.033712782
0.0,0.05959296
0.0,0.05842063
1.0,0.06649367
0.0,0.031300332
0.0,0.046714164
0.0,0.04946633
0.0,0.07278937
0.0,0.08518774
0.0,0.12036771
0.0,0.044649657
0.0,0.0670347
0.0,0.03044376
0.0,0.04292233
0.0,0.04137292
0.0,0.051087737
0.0,0.052899037
0.0,0.06379582
0.0,0.033734974
0.0,0.071358405
0.0,0.049865283
0.0,0.049835734
0.0,0.030589813
0.0,0.044920743
0.0,0.024987068
0.0,0.038370144
0.0,0.071651496
0.0,0.047121987
0.0,0.05142929
0.0,0.021211317
0.0,0.04759352
0.0,0.035284627
0.0,0.13106935
0.0,0.020069584
0.0,0.11526233
0.0,0.055319995
0.0,0.041874208
0.0,0.062417503
0.0,0.023455769
0.0,0.04186654
0.0,0.044862986
0.0,0.049569726
0.0,0.050981686
1.0,0.051078238
0.0,0.04385708
0.0,0.04709503
0.0,0.032238044
1.0,0.021943927
0.0,0.074262485
0.0,0.055851713
0.0,0.041794855
0.0,0.09194438
0.0,0.051616967
0.0,0.04533897
0.0,0.073984444
0.0,0.10032448
0.0,0.05374012
0.0,0.091142125
0.0,0.03574305
0.0,0.10007522
0.0,0.07945741
0.0,0.06276317
0.0,0.069658205
0.0,0.03280001
0.0,0.031505294
0.0,0.06206962
0.0,0.05008836
0.0,0.061353922
0.0,0.094871745
0.0,0.073900566
0.0,0.034088258
0.0,0.06357399
0.0,0.026678517
0.0,0.061785225
0.0,0.04305674
0.0,0.07841088
0.0,0.015018794
0.0,0.052087802
0.0,0.052203923
0.0,0.055209894
0.0,0.05276808
0.0,0.09855293
0.0,0.049279965
0.0,0.031439565
0.0,0.076365255
0.0,0.07170052
0.0,0.085613854
0.0,0.044228315
1.0,0.05007439
0.0,0.015256927
1.0,0.06839406
0.0,0.05230753
0.0,0.05215635
0.0,0.027421186
0.0,0.06553505
0.0,0.019051619
0.0,0.055027492
0.0,0.056872528
0.0,0.029393595
0.0,0.03838308
0.0,0.045467224
0.0,0.07880516
0.0,0.044373017
0.0,0.055481162
0.0,0.0989554
0.0,0.0794154
0.0,0.03169603
0.0,0.040646203
0.0,0.12151674
0.0,0.080671094
0.0,0.06758401
0.0,0.038505994
0.0,0.07122119
0.0,0.07658737
0.0,0.09953037
0.0,0.053569958
0.0,0.09374403
0.0,0.041199856
0.0,0.09043898
0.0,0.07181624
0.0,0.024240294
0.0,0.050239272
0.0,0.041589968
0.0,0.039765812
0.0,0.037276294
1.0,0.08278659
0.0,0.01489352
0.0,0.07371129
1.0,0.039478336
0.0,0.08981599
0.0,0.085925706
0.0,0.061547693
0.0,0.05087799
0.0,0.06650141
0.0,0.04707826
0.0,0.042016577
0.0,0.08076054
0.0,0.09905669
0.0,0.12357776
0.0,0.047605023
0.0,0.061804086
0.0,0.092106
0.0,0.069736354
0.0,0.02283169
0.0,0.096871205
0.0,0.032578047
0.0,0.07661104
0.0,0.04128375
0.0,0.031720795
1.0,0.038198195
0.0,0.085232794
0.0,0.10694519
1.0,0.04078325
0.0,0.054042164
0.0,0.07046063
0.0,0.048154444
0.0,0.094978794
0.0,0.09505641
0.0,0.03584775
0.0,0.038593344
0.0,0.12715046
0.0,0.03103604
0.0,0.09720292
1.0,0.074276984
0.0,0.02691842
0.0,0.043306485
0.0,0.058221776
1.0,0.06875157
0.0,0.068488844
0.0,0.09386062
0.0,0.066146314
0.0,0.033343013
0.0,0.13486663
0.0,0.0507791
0.0,0.04543344
0.0,0.04816935
1.0,0.07265226
0.0,0.11432732
0.0,0.0683951
0.0,0.21851623
0.0,0.09963721
0.0,0.09783299
0.0,0.123812035
0.0,0.08000477
0.0,0.035318613
0.0,0.048347063
0.0,0.07355864
0.0,0.03284482
0.0,0.03549775
0.0,0.06908329
0.0,0.031208081
1.0,0.06927768
0.0,0.052335497
0.0,0.08689153
0.0,0.053012744
0.0,0.040254213
0.0,0.06116239
0.0,0.050145
0.0,0.020902898
0.0,0.09339364
0.0,0.053690713
0.0,0.067406274
1.0,0.06416457
0.0,0.059368115
0.0,0.05216535
0.0,0.046421945
0.0,0.0881593
0.0,0.04952871
0.0,0.08783231
0.0,0.0597758
0.0,0.043351732
0.0,0.040459465
0.0,0.10315247
0.0,0.08123242
0.0,0.06652151
0.0,0.04876307
0.0,0.041425016
0.0,0.044471364
1.0,0.04285903
0.0,0.032314245
0.0,0.06526751
0.0,0.056134354
0.0,0.042704787
0.0,0.053741094
1.0,0.11522372
0.0,0.04271831
0.0,0.045638777
1.0,0.084415525
0.0,0.033695392
0.0,0.04060378
0.0,0.063502625
0.0,0.121778004
0.0,0.07253528
0.0,0.022645209
0.0,0.07183546
0.0,0.07392002
0.0,0.053043794
0.0,0.0370438
0.0,0.01714733
0.0,0.041645035
0.0,0.10703901
0.0,0.048656575
0.0,0.0423157
0.0,0.08340656
0.0,0.049821693
0.0,0.051594034
0.0,0.036866404
0.0,0.06656378
0.0,0.06304828
0.0,0.02886533
0.0,0.027767342
0.0,0.08033176
0.0,0.05646041
0.0,0.06752527
0.0,0.04298806
0.0,0.124044776
0.0,0.05732162
0.0,0.08309161
0.0,0.038580045
0.0,0.06580328
0.0,0.12557957
1.0,0.020972535
1.0,0.035435718
0.0,0.032791767
0.0,0.030274041
0.0,0.03293082
0.0,0.07017614
0.0,0.054739043
0.0,0.0757885
0.0,0.06024994
0.0,0.052306555
0.0,0.025638834
0.0,0.056430075
0.0,0.11225664
0.0,0.03643681
0.0,0.04789501
0.0,0.06196547
0.0,0.05796565
0.0,0.032767434
0.0,0.02548756
0.0,0.06533801
0.0,0.08846013
0.0,0.029601961
0.0,0.067242675
0.0,0.08255848
0.0,0.035896257
0.0,0.038894534
0.0,0.09387342
0.0,0.081955895
0.0,0.058505975
1.0,0.068726666
1.0,0.036380213
0.0,0.01995692
0.0,0.06177807
0.0,0.03604342
0.0,0.033207145
0.0,0.058561213
0.0,0.07549076
0.0,0.091894194
0.0,0.054391485
0.0,0.07369252
0.0,0.04314707
0.0,0.10904576
0.0,0.12972037
0.0,0.043573733
0.0,0.09591201
1.0,0.034551643
0.0,0.03236282
0.0,0.11112833
0.0,0.024514422
0.0,0.07107683
0.0,0.050019886
0.0,0.019807346
0.0,0.03916723
0.0,0.03271209
0.0,0.10152407
1.0,0.042575005
0.0,0.02566906
1.0,0.036214802
0.0,0.082876705
0.0,0.015746407
0.0,0.046513587
0.0,0.039518923
0.0,0.11149004
0.0,0.060736503
0.0,0.0349292
0.0,0.03820142
0.0,0.086914614
1.0,0.031125555
0.0,0.049827896
0.0,0.05483535
0.0,0.10964346
0.0,0.043562658
0.0,0.04344479
0.0,0.05931991
0.0,0.12493925
0.0,0.06407424
0.0,0.033414476
0.0,0.026881862
1.0,0.04726056
0.0,0.0885659
0.0,0.039531402
1.0,0.036293786
0.0,0.049149342
0.0,0.059474878
0.0,0.050027996
0.0,0.13854995
0.0,0.14496475
0.0,0.051148385
0.0,0.03447285
0.0,0.03513659
0.0,0.03518419
0.0,0.024515918
0.0,0.05649122
0.0,0.07132736
0.0,0.05332294
0.0,0.0543185
0.0,0.047181908
0.0,0.058588948
0.0,0.04189516
0.0,0.067561485
0.0,0.054764733
0.0,0.109896876
0.0,0.13784009
0.0,0.04564426
1.0,0.09785296
0.0,0.07422519
1.0,0.033823624
0.0,0.05380145
0.0,0.07583195
0.0,0.028676994
0.0,0.13961768
0.0,0.026763786
0.0,0.043757606
0.0,0.07907802
0.0,0.09544938
0.0,0.022755098
0.0,0.024994612
0.0,0.030442396
0.0,0.06913625
0.0,0.08886956
0.0,0.04093949
0.0,0.05128977
0.0,0.06633823
0.0,0.07808541
0.0,0.0409126
0.0,0.05670372
0.0,0.02024357
0.0,0.11008312
0.0,0.015517524
0.0,0.059683546
0.0,0.042645264
1.0,0.020230765
0.0,0.024521284
0.0,0.062043864
0.0,0.12858053
0.0,0.05779357
0.0,0.067207254
0.0,0.05359949
0.0,0.067694426
1.0,0.04147791
0.0,0.044024467
0.0,0.04255548
0.0,0.06291042
0.0,0.07487784
0.0,0.0637756
0.0,0.039665803
0.0,0.04140584
1.0,0.07411374
0.0,0.015149787
0.0,0.050810564
0.0,0.060853127
0.0,0.06362841
0.0,0.038220607
0.0,0.05979493
0.0,0.03159312
0.0,0.04386346
0.0,0.024564937
0.0,0.08308309
0.0,0.022320848
0.0,0.03576888
0.0,0.020978447
0.0,0.053500216
0.0,0.10086878
0.0,0.040846772
0.0,0.056734063
0.0,0.15224402
0.0,0.059853464
0.0,0.08853094
0.0,0.05740733
0.0,0.03361435
0.0,0.021777248
0.0,0.042018298
0.0,0.066343315
0.0,0.020043371
0.0,0.06748574
0.0,0.04424671
0.0,0.045642324
0.0,0.044251792
0.0,0.068655
0.0,0.054712165
0.0,0.062271893
0.0,0.13199943
1.0,0.04253856
0.0,0.014100834
0.0,0.01222955
0.0,0.0570293
0.0,0.023066094
0.0,0.035106163
0.0,0.03887794
0.0,0.13418919
0.0,0.062301625
0.0,0.06405562
0.0,0.088251606
0.0,0.057435025
0.0,0.03099664
0.0,0.070772626
0.0,0.04835292
0.0,0.064946435
0.0,0.0638903
0.0,0.077591985
0.0,0.055180572
0.0,0.08817961
0.0,0.0857477
0.0,0.05552629
0.0,0.044875823
0.0,0.07196753
1.0,0.10743822
0.0,0.035947576
0.0,0.019828618
0.0,0.07365632
0.0,0.09539596
0.0,0.037460983
0.0,0.09721938
0.0,0.12294123
0.0,0.050916504
0.0,0.10399842
0.0,0.10307801
0.0,0.07159632
0.0,0.03489632
0.0,0.06987599
0.0,0.031747382
0.0,0.038892828
0.0,0.08670243
0.0,0.12547673
0.0,0.03964629
0.0,0.13768703
0.0,0.06660806
0.0,0.10173021
0.0,0.07456183
0.0,0.047726784
0.0,0.0681994
0.0,0.05996496
0.0,0.055679828
0.0,0.14001371
0.0,0.024597017
0.0,0.050537255
0.0,0.08366871
0.0,0.07041913
0.0,0.04974082
0.0,0.06369632
0.0,0.061582863
0.0,0.043818615
0.0,0.10983815
0.0,0.049113967
0.0,0.050987083
0.0,0.038515013
0.0,0.067575954
0.0,0.039726887
0.0,0.03214697
0.0,0.030502886
0.0,0.06623725
0.0,0.058857817
0.0,0.04379777
0.0,0.051102627
0.0,0.014649451
0.0,0.112348236
0.0,0.025174424
0.0,0.03196535
0.0,0.023999553
0.0,0.11678887
0.0,0.044488482
0.0,0.0793157
0.0,0.07011691
0.0,0.055903923
0.0,0.03608237
0.0,0.035247967
0.0,0.025448166
0.0,0.051082503
0.0,0.045135774
0.0,0.032721076
0.0,0.029373208
0.0,0.07090372
0.0,0.07814665
1.0,0.06964426
0.0,0.04177941
0.0,0.08231626
0.0,0.047718022
0.0,0.105151966
0.0,0.03917896
0.0,0.029177565
0.0,0.036074974
0.0,0.06094492
0.0,0.10577242
0.0,0.101091914
0.0,0.111952506
0.0,0.028136844
0.0,0.037536368
0.0,0.034982473
0.0,0.118205495
0.0,0.03862505
0.0,0.057268918
0.0,0.15009809
0.0,0.0326527
0.0,0.09358876
0.0,0.072251916
0.0,0.05589935
0.0,0.048132427
0.0,0.13359483
0.0,0.042662308
0.0,0.06789681
0.0,0.06713266
0.0,0.05840463
0.0,0.06976386
0.0,0.078553766
0.0,0.06772699
0.0,0.049811978
0.0,0.033097688
0.0,0.021787116
0.0,0.05162216
0.0,0.060844857
0.0,0.03307497
0.0,0.14128302
0.0,0.076949954
0.0,0.06148249
0.0,0.06386522
1.0,0.05330432
0.0,0.091784894
0.0,0.03231076
0.0,0.029879719
0.0,0.03009588
0.0,0.07256275
0.0,0.054200362
1.0,0.065150164
0.0,0.059929945
0.0,0.039650373
0.0,0.080311656
0.0,0.082636304
0.0,0.050976872
0.0,0.047018226
0.0,0.08004897
0.0,0.048448745
0.0,0.06789256
0.0,0.066211574
1.0,0.071911715
0.0,0.024199238
0.0,0.040703032
0.0,0.057086736
0.0,0.047274016
0.0,0.04979547
0.0,0.045589447
0.0,0.093055524
0.0,0.044297166
0.0,0.06863022
0.0,0.087116346
1.0,0.07985856
0.0,0.03955265
0.0,0.06786694
0.0,0.03128068
0.0,0.13489099
0.0,0.06530163
0.0,0.060671058
0.0,0.082116984
0.0,0.04182789
0.0,0.06926526
0.0,0.038372118
0.0,0.06713359
0.0,0.08430641
0.0,0.015655465
0.0,0.04801197
0.0,0.13304608
0.0,0.08006766
0.0,0.05994998
0.0,0.04715921
1.0,0.052454673
0.0,0.03736643
0.0,0.057553377
0.0,0.08110257
0.0,0.1314143
0.0,0.037696276
0.0,0.061086856
0.0,0.039810114
0.0,0.061627604
0.0,0.06275419
0.0,0.13311194
0.0,0.032940492
0.0,0.08049743
1.0,0.04378136
0.0,0.09930865
0.0,0.15798125
0.0,0.010407978
0.0,0.035270095
0.0,0.058475826
0.0,0.0768314
0.0,0.04047604
0.0,0.041537743
0.0,0.041058276
0.0,0.07352585
0.0,0.040144548
0.0,0.15128686
0.0,0.07194179
0.0,0.08858685
0.0,0.021512875
0.0,0.0603671
0.0,0.11716096
0.0,0.07475111
0.0,0.03990969
0.0,0.03535073
0.0,0.037213497
0.0,0.047653582
0.0,0.07341443
0.0,0.040529482
0.0,0.17753428
0.0,0.02979008
0.0,0.11327443
0.0,0.09678893
0.0,0.04762805
0.0,0.08518668
0.0,0.04380817
0.0,0.087230116
0.0,0.05667112
0.0,0.04792258
0.0,0.03558191
0.0,0.028808404
0.0,0.049639005
0.0,0.085118085
0.0,0.07109198
2.0,0.059708867
0.0,0.044331715
0.0,0.0631454
0.0,0.09728123
0.0,0.08203749
0.0,0.070077665
0.0,0.05005384
0.0,0.070196845
0.0,0.11641529
0.0,0.053583268
1.0,0.058021702
0.0,0.07041692
0.0,0.08353918
0.0,0.043623775
0.0,0.050891064
0.0,0.018759139
0.0,0.0909878
0.0,0.033801425
0.0,0.042617477
0.0,0.07609002
1.0,0.020735158
0.0,0.042953983
0.0,0.039485056
0.0,0.11401249
0.0,0.15730435
0.0,0.103508584
0.0,0.05559643
0.0,0.093211114
0.0,0.056239434
0.0,0.07700035
0.0,0.058463894
0.0,0.08624239
0.0,0.070730776
0.0,0.11626684
0.0,0.05717909
1.0,0.033562154
0.0,0.052966427
0.0,0.051577624
0.0,0.09919544
0.0,0.08214569
0.0,0.06993943
0.0,0.04847784
0.0,0.090466425
0.0,0.014784172
0.0,0.08676955
1.0,0.09164058
0.0,0.049147468
0.0,0.018574126
0.0,0.012728113
0.0,0.030972054
0.0,0.102313206
0.0,0.040364273
0.0,0.044912793
0.0,0.13682646
0.0,0.05842883
0.0,0.044005476
0.0,0.06582357
0.0,0.05607173
0.0,0.040272452
0.0,0.03466789
0.0,0.042671524
0.0,0.090688966
0.0,0.12608363
0.0,0.015797501
0.0,0.056350645
0.0,0.0675075
0.0,0.0450604
0.0,0.038373657
0.0,0.098279566
0.0,0.05583515
0.0,0.03231788
0.0,0.09833847
0.0,0.06594454
0.0,0.05173655
0.0,0.11028366
0.0,0.038959764
1.0,0.09300633
0.0,0.0821555
0.0,0.0259155
0.0,0.05846813
0.0,0.029688163
0.0,0.06550272
0.0,0.1115521
0.0,0.03401386
0.0,0.04935531
0.0,0.055622324
1.0,0.11748387
0.0,0.061994404
0.0,0.06396497
0.0,0.068297684
0.0,0.10863037
0.0,0.093378276
0.0,0.086632796
0.0,0.13112018
1.0,0.07910092
0.0,0.042814687
0.0,0.07164169
0.0,0.060266938
0.0,0.041283295
0.0,0.051918466
0.0,0.06690809
0.0,0.101937465
0.0,0.06274647
0.0,0.05097459
0.0,0.04024997
0.0,0.055993255
0.0,0.033975232
0.0,0.05897598
0.0,0.0603766
1.0,0.045928042
0.0,0.097661145
0.0,0.0130077265
0.0,0.088005155
0.0,0.054172404
0.0,0.034824427
0.0,0.10167789
0.0,0.11867895
0.0,0.026078597
0.0,0.063151695
0.0,0.12593378
0.0,0.09833828
0.0,0.0529143
0.0,0.022654356
0.0,0.06657425
0.0,0.020079829
0.0,0.1341342
0.0,0.07852234
0.0,0.09457332
0.0,0.059510197
0.0,0.046321116
0.0,0.0481846
0.0,0.11665079
0.0,0.029722638
1.0,0.0775601
0.0,0.024833057
0.0,0.03728054
0.0,0.018135665
0.0,0.047505748
0.0,0.04160266
0.0,0.2325562
0.0,0.05864608
0.0,0.05873929
0.0,0.07891297
0.0,0.06559711
0.0,0.041202053
0.0,0.050272223
0.0,0.060064547
0.0,0.063922435
0.0,0.06899282
0.0,0.08952519
0.0,0.02332445
0.0,0.031354826
0.0,0.052500963
0.0,0.13565266
0.0,0.07187616
1.0,0.04541537
0.0,0.052784767
0.0,0.053245157
0.0,0.029631618
0.0,0.065217234
0.0,0.04957417
0.0,0.030004878
0.0,0.03372537
1.0,0.06162725
0.0,0.067471586
0.0,0.083584644
0.0,0.06664969
0.0,0.077022456
0.0,0.036315963
0.0,0.1135967
0.0,0.03381287
0.0,0.025767313
0.0,0.028925404
0.0,0.059248544
0.0,0.058436327
0.0,0.11046134
0.0,0.07014864
1.0,0.04723929
0.0,0.09303565
0.0,0.049052436
0.0,0.019861264
0.0,0.06813547
0.0,0.045385733
0.0,0.042810928
0.0,0.069248155
0.0,0.06808566
0.0,0.058075763
0.0,0.043772902
0.0,0.09614902
0.0,0.13898534
0.0,0.11405868
0.0,0.079825014
0.0,0.020828586
0.0,0.06365301
0.0,0.04074853
0.0,0.070081376
0.0,0.09739458
0.0,0.074780524
0.0,0.13650817
0.0,0.020832587
0.0,0.030396255
0.0,0.04344997
0.0,0.0518223
0.0,0.039940666
0.0,0.036165893
0.0,0.047508128
0.0,0.10839344
1.0,0.08910234
0.0,0.043364674
1.0,0.049865354
0.0,0.0383254
0.0,0.051986318
0.0,0.03479996
0.0,0.06810638
0.0,0.046918564
0.0,0.037239447
0.0,0.083299264
0.0,0.073677525
0.0,0.072374016
0.0,0.04867941
0.0,0.057343025
0.0,0.0640815
0.0,0.065453164
0.0,0.054322798
0.0,0.055546243
0.0,0.054733157
0.0,0.066442624
0.0,0.041315768
0.0,0.074665755
0.0,0.08360111
0.0,0.08167921
0.0,0.050476372
0.0,0.08549147
1.0,0.050709028
0.0,0.076940596
1.0,0.051533937
0.0,0.06246164
0.0,0.09493483
0.0,0.0764865
0.0,0.049877316
0.0,0.07145621
0.0,0.029831558
0.0,0.04132426
0.0,0.07513588
0.0,0.0740078
0.0,0.024095345
0.0,0.045516856
0.0,0.066765726
0.0,0.04457633
0.0,0.026083088
0.0,0.04278838
0.0,0.07346878
0.0,0.048201814
0.0,0.033051714
0.0,0.1127101
0.0,0.096515626
0.0,0.030291239
0.0,0.040999644
0.0,0.07906374
0.0,0.044675514
0.0,0.043035086
0.0,0.02231856
0.0,0.115162805
0.0,0.071875036
0.0,0.055179335
0.0,0.107486084
0.0,0.062010426
0.0,0.13199641
0.0,0.08610794
0.0,0.039210226
0.0,0.03913971
0.0,0.0701569
0.0,0.09238242
0.0,0.09906814
0.0,0.044498622
0.0,0.043160178
0.0,0.041612957
0.0,0.075688355
0.0,0.0476729
0.0,0.14151636
0.0,0.042981397
0.0,0.03708374
1.0,0.04916901
0.0,0.015283716
0.0,0.029193625
0.0,0.043325298
0.0,0.052932672
0.0,0.0358754
0.0,0.0965551
0.0,0.06818503
0.0,0.030365298
0.0,0.061670993
0.0,0.09942132
0.0,0.05896479
0.0,0.049493417
0.0,0.109729365
0.0,0.032675374
0.0,0.062878765
0.0,0.03028708
0.0,0.05303861
0.0,0.02475105
0.0,0.052432165
0.0,0.03614052
0.0,0.104725815
0.0,0.04258059
0.0,0.14039655
0.0,0.039288964
0.0,0.08361396
0.0,0.046594433
0.0,0.085714996
0.0,0.038774077
0.0,0.061397877
0.0,0.10649955
0.0,0.04580502
0.0,0.043201543
0.0,0.0700914
1.0,0.049569845
0.0,0.057811677
0.0,0.09849573
1.0,0.07821444
0.0,0.08236125
1.0,0.100782484
0.0,0.039507996
0.0,0.038535092
0.0,0.028012292
0.0,0.025226275
2.0,0.103038296
0.0,0.012742091
0.0,0.041876744
0.0,0.055478692
0.0,0.12970836
0.0,0.024916133
0.0,0.05804567
0.0,0.049556468
0.0,0.053521
0.0,0.07863559
0.0,0.030024642
0.0,0.08802879
0.0,0.025702767
0.0,0.029722823
0.0,0.06236306
0.0,0.02135671
1.0,0.12116603
0.0,0.049232826
0.0,0.040154714
0.0,0.06388209
0.0,0.05315449
0.0,0.055287108
0.0,0.097813636
0.0,0.032613702
0.0,0.121858105
0.0,0.015535344
0.0,0.10234761
0.0,0.039857943
0.0,0.05082227
0.0,0.035131484
0.0,0.071610406
0.0,0.032544743
0.0,0.050897837
0.0,0.065340005
0.0,0.048651543
0.0,0.06992612
0.0,0.06624609
0.0,0.01847411
0.0,0.047287226
0.0,0.0314094
0.0,0.083566636
0.0,0.06662999
0.0,0.043998007
0.0,0.073081315
0.0,0.037909556
0.0,0.061497588
0.0,0.06848917
0.0,0.07551125
0.0,0.030190011
0.0,0.049999498
0.0,0.052904334
1.0,0.07807313
0.0,0.027762998
0.0,0.13958667
0.0,0.024265043
0.0,0.046661206
0.0,0.04908723
0.0,0.052498963
0.0,0.056830317
0.0,0.09513304
0.0,0.04809698
0.0,0.08968059
0.0,0.109568566
0.0,0.029393077
0.0,0.042580083
0.0,0.051408596
0.0,0.054128483
0.0,0.13173659
0.0,0.025010336
0.0,0.078665406
0.0,0.08327645
0.0,0.04247208
0.0,0.10560453
0.0,0.08843915
0.0,0.030515049
0.0,0.049577832
0.0,0.07843451
0.0,0.02696022
0.0,0.04456851
0.0,0.019038305
0.0,0.026923325
0.0,0.04900755
0.0,0.05096603
0.0,0.07449097
0.0,0.07558445
0.0,0.042699654
0.0,0.12414662
0.0,0.09503198
0.0,0.017672481
0.0,0.051160287
0.0,0.020264702
0.0,0.10868824
0.0,0.09195289
0.0,0.05658655
0.0,0.06627854
0.0,0.10846854
0.0,0.05863973
0.0,0.04140359
0.0,0.043582752
1.0,0.06582911
0.0,0.03636171
0.0,0.07215562
0.0,0.046545204
0.0,0.11549618
0.0,0.038439237
0.0,0.03220111
0.0,0.049988076
0.0,0.05606598
0.0,0.05092146
0.0,0.019024765
0.0,0.10701197
0.0,0.02924794
0.0,0.027570967
0.0,0.052446518
1.0,0.030888239
0.0,0.06388837
0.0,0.11883932
0.0,0.032228533
0.0,0.0689945
0.0,0.089050665
0.0,0.053417064
0.0,0.064393274
0.0,0.025108572
0.0,0.05732782
0.0,0.07344483
0.0,0.04167068
0.0,0.026323045
0.0,0.048802197
0.0,0.08369059
1.0,0.06882287
0.0,0.10538807
0.0,0.12975968
0.0,0.07391193
0.0,0.0439962
0.0,0.037096106
0.0,0.110942855
0.0,0.06411613
0.0,0.05605264
0.0,0.030699495
0.0,0.03077348
0.0,0.069772646
0.0,0.0760254
0.0,0.07128469
0.0,0.04822425
0.0,0.029993119
0.0,0.019729739
0.0,0.022100031
0.0,0.07372126
0.0,0.05257557
0.0,0.019687073
0.0,0.026005495
0.0,0.04985808
0.0,0.06746787
0.0,0.04067294
0.0,0.040698044
0.0,0.04637009
0.0,0.096154615
0.0,0.0732607
0.0,0.06470107
0.0,0.05245122
0.0,0.10118036
0.0,0.047961585
0.0,0.06078983
0.0,0.03013053
0.0,0.10160398
0.0,0.068993084
0.0,0.0524628
0.0,0.12557139
0.0,0.062134843
0.0,0.04842881
0.0,0.03705339
0.0,0.05848394
0.0,0.043630887
0.0,0.07200738
0.0,0.063551
1.0,0.03931057
0.0,0.08650683
0.0,0.080008425
0.0,0.033745814
0.0,0.066002265
0.0,0.0415615
0.0,0.057184678
0.0,0.053946182
0.0,0.060621113
0.0,0.06482012
1.0,0.06358872
0.0,0.08965964
0.0,0.07599702
0.0,0.09722814
0.0,0.049441498
0.0,0.09843143
0.0,0.07420583
0.0,0.040735573
0.0,0.15745905
0.0,0.032402083
0.0,0.15375316
0.0,0.03987315
0.0,0.04604863
0.0,0.06853865
0.0,0.1489591
0.0,0.050833393
0.0,0.04646544
0.0,0.048251208
0.0,0.048343696
0.0,0.052852973
0.0,0.09930334
0.0,0.05707759
0.0,0.102115035
0.0,0.13270108
0.0,0.03407295
0.0,0.06606993
0.0,0.033787534
0.0,0.027790999
0.0,0.018023876
0.0,0.07032682
0.0,0.053422846
0.0,0.01917846
0.0,0.06406543
0.0,0.060702395
0.0,0.100164786
0.0,0.07049169
0.0,0.038809095
0.0,0.090982184
0.0,0.06999641
0.0,0.118333854
0.0,0.048045177
0.0,0.069273986
0.0,0.0564868
0.0,0.016445573
0.0,0.079177566
0.0,0.076359026
0.0,0.0522411
0.0,0.0757614
0.0,0.04909882
0.0,0.073897675
0.0,0.028076172
0.0,0.06624552
0.0,0.05288693
0.0,0.07448596
0.0,0.04885514
0.0,0.049598902
0.0,0.08812572
0.0,0.118513934
0.0,0.05347086
0.0,0.053105645
0.0,0.04963844
0.0,0.060390707
0.0,0.075459555
0.0,0.05902828
0.0,0.10728771
0.0,0.038737617
0.0,0.02082073
0.0,0.055716798
0.0,0.0478515
0.0,0.025634248
0.0,0.015515267
0.0,0.042526025
0.0,0.03927808
0.0,0.050271865
0.0,0.044767827
0.0,0.041959394
0.0,0.022817714
0.0,0.08851169
0.0,0.12642908
0.0,0.09553719
0.0,0.04102131
0.0,0.060184587
0.0,0.036346972
0.0,0.03861054
0.0,0.020788558
0.0,0.042570457
0.0,0.04041178
0.0,0.04273997
0.0,0.07323466
0.0,0.08840485
0.0,0.037967555
0.0,0.018322723
0.0,0.03399802
0.0,0.034553472
0.0,0.13068767
0.0,0.05560982
0.0,0.06551743
0.0,0.036448836
0.0,0.04139348
0.0,0.0681087
0.0,0.025303569
0.0,0.077310756
0.0,0.07891147
0.0,0.05071135
0.0,0.039030664
0.0,0.11359199
0.0,0.06549675
0.0,0.05538936
0.0,0.045233615
0.0,0.09882181
2.0,0.08608261
0.0,0.038225655
0.0,0.040183637
0.0,0.05918679
0.0,0.02791779
0.0,0.06446631
0.0,0.08488189
1.0,0.06104823
0.0,0.03864264
0.0,0.023203913
0.0,0.07483367
0.0,0.03974663
0.0,0.034769606
0.0,0.0454392
0.0,0.03371733
0.0,0.047176126
0.0,0.038691226
0.0,0.04539924
0.0,0.07069353
0.0,0.058597915
0.0,0.03732615
0.0,0.05053494
0.0,0.07481419
0.0,0.049865946
0.0,0.028499085
1.0,0.058048394
0.0,0.055092525
0.0,0.015464952
0.0,0.07532004
0.0,0.05592048
0.0,0.056439307
0.0,0.08275488
0.0,0.05575802
0.0,0.015811987
0.0,0.039820652
0.0,0.044216275
0.0,0.03309341
0.0,0.06978808
0.0,0.06837514
0.0,0.081984
0.0,0.064398244
0.0,0.039797228
0.0,0.031142777
0.0,0.06139476
1.0,0.015464738
0.0,0.048622854
0.0,0.07659228
0.0,0.021521924
0.0,0.04531271
0.0,0.053782985
0.0,0.16449484
0.0,0.06313501
0.0,0.051125124
0.0,0.06290309
0.0,0.0566012
0.0,0.029944675
0.0,0.04056426
0.0,0.030799935
0.0,0.04339566
0.0,0.032638095
0.0,0.02353812
0.0,0.074810944
0.0,0.040428087
0.0,0.09213886
0.0,0.14503029
0.0,0.07168356
0.0,0.062457696
0.0,0.052596834
0.0,0.070907116
0.0,0.08200663
0.0,0.040077493
0.0,0.016772525
0.0,0.042006098
0.0,0.062087163
0.0,0.025042916
0.0,0.07786359
0.0,0.042489763
1.0,0.02356287
0.0,0.07520817
0.0,0.04234446
0.0,0.05081723
0.0,0.040945485
0.0,0.027793225
0.0,0.040839177
0.0,0.012541147
0.0,0.09262359
0.0,0.09784615
0.0,0.044299126
0.0,0.07723713
0.0,0.08285569
0.0,0.0652158
0.0,0.03774405
0.0,0.04992507
0.0,0.12672314
0.0,0.07812761
0.0,0.01677386
0.0,0.04241341
0.0,0.07224058
0.0,0.04149308
0.0,0.016794188
0.0,0.08293426
0.0,0.07133127
0.0,0.112751335
0.0,0.051146947
0.0,0.084906176
0.0,0.054713663
0.0,0.02520129
2.0,0.090414435
0.0,0.048267387
0.0,0.07651626
0.0,0.079239056
0.0,0.05719365
0.0,0.06649319
0.0,0.0435405
0.0,0.044454128
0.0,0.050138447
0.0,0.083085746
0.0,0.037012354
0.0,0.018547459
0.0,0.0468695
0.0,0.13442016
0.0,0.070128076
0.0,0.09168503
0.0,0.054707404
0.0,0.056549378
0.0,0.055575743
0.0,0.019130936
0.0,0.022461645
0.0,0.022887575
0.0,0.06145391
1.0,0.056170315
0.0,0.1022559
0.0,0.045517333
0.0,0.03907034
0.0,0.06702129
0.0,0.041367654
0.0,0.028631631
0.0,0.1920542
0.0,0.036624134
0.0,0.07046784
0.0,0.06885207
0.0,0.101092346
0.0,0.06362008
1.0,0.027240895
0.0,0.045868576
0.0,0.051493384
0.0,0.036233388
0.0,0.03969392
0.0,0.07574141
0.0,0.119873315
0.0,0.055707287
0.0,0.1179708
0.0,0.026065469
0.0,0.06095724
0.0,0.037446108
0.0,0.077258535
0.0,0.018119268
0.0,0.058244433
0.0,0.04264787
0.0,0.032879166
1.0,0.11717661
0.0,0.04160312
0.0,0.07616302
0.0,0.077637546
0.0,0.045372125
0.0,0.059494678
0.0,0.07803613
0.0,0.038066663
0.0,0.07097235
0.0,0.06335205
0.0,0.047652557
0.0,0.13010934
0.0,0.11047809
0.0,0.040175017
0.0,0.057559498
0.0,0.13138448
0.0,0.036275968
0.0,0.08938964
1.0,0.07887122
0.0,0.055371586
1.0,0.024815232
0.0,0.030310614
0.0,0.048344433
0.0,0.049763642
0.0,0.06253638
0.0,0.037565682
0.0,0.047222152
0.0,0.043765932
0.0,0.05086091
0.0,0.10687581
0.0,0.10061145
0.0,0.0533272
0.0,0.050524797
0.0,0.082684666
0.0,0.051066574
0.0,0.060759358
0.0,0.057529755
0.0,0.022002108
0.0,0.12355602
0.0,0.10078772
0.0,0.065830916
0.0,0.07151453
0.0,0.045904726
0.0,0.057343982
0.0,0.05149741
0.0,0.0613773
0.0,0.05109919
0.0,0.06174729
0.0,0.07800071
0.0,0.05164747
0.0,0.026084542
0.0,0.083821885
0.0,0.06824807
0.0,0.04063535
0.0,0.071505494
0.0,0.072156824
0.0,0.055481374
0.0,0.069711424
0.0,0.06887744
0.0,0.071294025
0.0,0.062037934
0.0,0.056966655
0.0,0.05956147
0.0,0.030006008
0.0,0.023240719
0.0,0.044101853
0.0,0.059428345
0.0,0.04274378
0.0,0.059121944
0.0,0.03568615
0.0,0.04430388
0.0,0.071528174
0.0,0.026662366
0.0,0.05370039
0.0,0.060618974
0.0,0.094270945
0.0,0.0973055
0.0,0.055339858
0.0,0.15765637
0.0,0.049690563
0.0,0.07527721
0.0,0.050203066
0.0,0.065094605
0.0,0.043900266
0.0,0.021320842
0.0,0.05354493
0.0,0.05898208
0.0,0.035508875
0.0,0.04636863
2.0,0.03537501
0.0,0.088892825
0.0,0.03471805
0.0,0.047295388
0.0,0.10892649
0.0,0.07980172
0.0,0.090059504
0.0,0.059028506
0.0,0.07854006
0.0,0.11072971
0.0,0.10216418
0.0,0.035312906
0.0,0.12454557
0.0,0.03736276
0.0,0.09497191
1.0,0.066885635
0.0,0.07461714
0.0,0.093454264
0.0,0.036894593
0.0,0.055396624
0.0,0.03580615
0.0,0.059741005
0.0,0.050506346
0.0,0.043167856
0.0,0.031160036
0.0,0.059560742
0.0,0.04107735
0.0,0.022673734
0.0,0.07158284
0.0,0.06645354
0.0,0.02199594
0.0,0.03632497
0.0,0.07735188
0.0,0.06942448
0.0,0.0426989
0.0,0.07079446
0.0,0.076396324
0.0,0.112401634
0.0,0.04556439
0.0,0.19873479
1.0,0.013932993
0.0,0.03781358
0.0,0.09665824
0.0,0.050657697
0.0,0.04117935
0.0,0.03443094
0.0,0.049983907
0.0,0.04446615
0.0,0.08850055
0.0,0.04539807
0.0,0.050223894
0.0,0.048511323
1.0,0.019786408
0.0,0.040776636
0.0,0.06543577
0.0,0.09526037
0.0,0.044585407
0.0,0.123994716
0.0,0.04800199
0.0,0.045590624
0.0,0.04026788
0.0,0.084282175
0.0,0.07431195
0.0,0.06381382
0.0,0.023628432
0.0,0.036027063
0.0,0.0664641
0.0,0.018001398
0.0,0.13676262
0.0,0.029859025
0.0,0.02935327
0.0,0.037198592
0.0,0.04070697
0.0,0.1061657
0.0,0.06645915
0.0,0.0539163
0.0,0.046216097
0.0,0.023349155
0.0,0.14921431
0.0,0.04498792
0.0,0.03314842
0.0,0.063476086
0.0,0.047898848
3.0,0.069687195
0.0,0.09160248
0.0,0.060602847
0.0,0.038019497
0.0,0.045982495
0.0,0.07761571
0.0,0.18707389
0.0,0.0722478
0.0,0.07159239
0.0,0.14507131
0.0,0.07570384
0.0,0.06497519
1.0,0.04920431
1.0,0.03472287
0.0,0.03985781
0.0,0.06732383
0.0,0.05376816
1.0,0.04130399
0.0,0.1418103
0.0,0.10586085
0.0,0.02073332
0.0,0.031954467
0.0,0.13995387
0.0,0.14405195
0.0,0.026078971
0.0,0.05310622
0.0,0.036358222
0.0,0.057643324
0.0,0.034927037
0.0,0.08578901
0.0,0.079771444
0.0,0.08976337
0.0,0.08643267
0.0,0.035167955
0.0,0.04350763
0.0,0.048921023
0.0,0.021124158
0.0,0.058674064
0.0,0.05310671
0.0,0.06110412
0.0,0.08303802
0.0,0.039036095
0.0,0.1310229
0.0,0.07089692
0.0,0.07157253
0.0,0.06997587
0.0,0.04838433
0.0,0.024716659
0.0,0.030595547
0.0,0.07331872
0.0,0.089565635
0.0,0.07270799
0.0,0.04231628
0.0,0.037301257
2.0,0.03773998
0.0,0.04818145
0.0,0.03668335
0.0,0.10278254
0.0,0.0741059
0.0,0.04257383
1.0,0.016700977
1.0,0.034618698
0.0,0.04013875
0.0,0.053967305
0.0,0.043855116
0.0,0.020331485
0.0,0.042432323
0.0,0.07891367
0.0,0.03692682
0.0,0.12148251
0.0,0.061725773
0.0,0.035689265
0.0,0.10975459
0.0,0.11791614
0.0,0.056822866
0.0,0.03500585
0.0,0.048484452
0.0,0.04577166
0.0,0.037845295
0.0,0.056547113
0.0,0.018725295
0.0,0.03159193
0.0,0.01349366
1.0,0.04831572
0.0,0.05596615
0.0,0.058432847
0.0,0.121271774
0.0,0.0587148
0.0,0.05418367
0.0,0.068661675
0.0,0.06578371
0.0,0.05855557
0.0,0.020624075
0.0,0.08289696
0.0,0.026042584
0.0,0.038135592
0.0,0.01641826
0.0,0.049069047
0.0,0.06120408
0.0,0.094496556
0.0,0.058081605
0.0,0.040567163
0.0,0.084129214
0.0,0.04565776
1.0,0.06889512
1.0,0.10383
0.0,0.012255586
0.0,0.049921215
0.0,0.039330576
0.0,0.049601033
0.0,0.09175798
0.0,0.13481756
0.0,0.05395385
0.0,0.048862506
0.0,0.038325638
0.0,0.023307018
0.0,0.039580423
0.0,0.054722562
0.0,0.090174615
0.0,0.052533843
0.0,0.062084306
1.0,0.06996998
0.0,0.045143608
0.0,0.044736013
0.0,0.056286167
0.0,0.041150946
0.0,0.038584035
0.0,0.071883805
0.0,0.031626403
0.0,0.03446629
0.0,0.044675767
0.0,0.05005768
0.0,0.06374902
0.0,0.06848076
0.0,0.027096653
0.0,0.0742102
0.0,0.048921816
0.0,0.06296764
0.0,0.118558384
0.0,0.109790705
0.0,0.03711893
0.0,0.03880206
0.0,0.05223129
0.0,0.02373176
0.0,0.12635984
0.0,0.08395381
0.0,0.07563171
0.0,0.09158025
0.0,0.021192715
0.0,0.030359304
0.0,0.039568722
0.0,0.042097233
0.0,0.051911607
0.0,0.09309365
0.0,0.091211334
0.0,0.070185214
0.0,0.043107875
0.0,0.0944339
0.0,0.038048625
1.0,0.06121304
0.0,0.050922792
0.0,0.087870434
0.0,0.09924209
1.0,0.050322518
0.0,0.107599154
0.0,0.041485585
0.0,0.08425503
1.0,0.03753467
0.0,0.039756354
0.0,0.022720706
0.0,0.061484158
0.0,0.0279629
0.0,0.0515175
0.0,0.045236178
0.0,0.04982172
0.0,0.033179432
0.0,0.053794295
0.0,0.09672145
0.0,0.052421592
0.0,0.08066267
0.0,0.12462024
0.0,0.020867892
0.0,0.06808797
0.0,0.15590446
0.0,0.07547784
0.0,0.0483919
0.0,0.060578175
0.0,0.047508013
0.0,0.05448074
0.0,0.065532364
0.0,0.05783478
0.0,0.03050418
0.0,0.042137362
0.0,0.09204203
0.0,0.061766844
0.0,0.06402722
0.0,0.066295765
0.0,0.04422222
0.0,0.03574421
0.0,0.03689945
0.0,0.05794321
0.0,0.032713413
0.0,0.066330925
0.0,0.058797676
0.0,0.027618956
0.0,0.029758632
0.0,0.025645986
0.0,0.04456056
0.0,0.06451703
0.0,0.049397834
0.0,0.049793147
0.0,0.05414614
0.0,0.04238733
0.0,0.053556547
0.0,0.06438463
0.0,0.07048363
0.0,0.058096316
0.0,0.06434427
0.0,0.07102811
0.0,0.084375724
0.0,0.027035402
0.0,0.026069012
0.0,0.038444445
0.0,0.0573334
0.0,0.14029844
0.0,0.06658397
0.0,0.08725691
1.0,0.03183309
0.0,0.048285574
1.0,0.036782347
0.0,0.042221855
0.0,0.07244604
0.0,0.05503509
0.0,0.06678894
0.0,0.04141676
0.0,0.040996455
0.0,0.040753216
0.0,0.110746555
0.0,0.019282546
0.0,0.1961258
0.0,0.076528855
0.0,0.07804781
0.0,0.1250502
0.0,0.070226654
0.0,0.08629867
0.0,0.11069788
0.0,0.060376223
0.0,0.06534885
0.0,0.041591294
0.0,0.024636058
0.0,0.08326017
0.0,0.04497072
0.0,0.044609543
0.0,0.020203501
0.0,0.05732249
0.0,0.037840117
0.0,0.039787002
0.0,0.054001875
0.0,0.05010836
0.0,0.025796253
0.0,0.041858856
0.0,0.057531673
1.0,0.052131884
0.0,0.02170231
0.0,0.04223182
0.0,0.051656067
0.0,0.022833267
0.0,0.05677734
0.0,0.04510247
0.0,0.09439505
0.0,0.035012145
0.0,0.040822998
0.0,0.046408422
0.0,0.07143682
0.0,0.048317056
0.0,0.04757201
0.0,0.05710555
0.0,0.08589275
0.0,0.026864
0.0,0.069802165
0.0,0.04623232
0.0,0.045710173
0.0,0.03428863
0.0,0.053273648
0.0,0.022100875
0.0,0.05607464
0.0,0.05148359
0.0,0.12999585
0.0,0.045561414
0.0,0.07937781
0.0,0.0836344
0.0,0.073521875
0.0,0.081032485
0.0,0.08143374
0.0,0.081255555
0.0,0.037694175
0.0,0.059790708
0.0,0.12771869
0.0,0.07932283
0.0,0.053934865
0.0,0.0809333
0.0,0.07687675
0.0,0.06326182
0.0,0.09870493
0.0,0.058693692
0.0,0.0805358
1.0,0.107107736
0.0,0.023850638
0.0,0.07256416
0.0,0.07527778
0.0,0.04657598
0.0,0.08713298
0.0,0.04745155
0.0,0.11610623
0.0,0.06723335
0.0,0.03097266
0.0,0.034161255
0.0,0.057176936
0.0,0.061657894
0.0,0.063726865
1.0,0.06436428
0.0,0.034954127
0.0,0.026017178
0.0,0.03104689
0.0,0.023442686
0.0,0.06787323
0.0,0.103231765
0.0,0.081056565
0.0,0.06272827
0.0,0.03628607
0.0,0.022637263
0.0,0.020864718
0.0,0.06039733
1.0,0.04903256
0.0,0.01036315
0.0,0.019507265
0.0,0.024750471
0.0,0.038206887
0.0,0.03899193
0.0,0.03924124
0.0,0.059624553
0.0,0.021199284
2.0,0.055317488
0.0,0.05772528
0.0,0.077841386
0.0,0.042184826
0.0,0.05012456
0.0,0.025494259
0.0,0.07988318
0.0,0.08862779
0.0,0.08224344
0.0,0.07102706
0.0,0.074584514
0.0,0.036815267
0.0,0.04833759
0.0,0.028436305
0.0,0.079123184
1.0,0.049883902
0.0,0.09247936
1.0,0.030509956
0.0,0.0103429295
0.0,0.07874613
0.0,0.029028162
0.0,0.069745086
0.0,0.08128721
0.0,0.07187085
0.0,0.035786264
0.0,0.03394668
2.0,0.06027905
0.0,0.04449283
0.0,0.047525685
0.0,0.057297133
0.0,0.091815814
0.0,0.021985559
0.0,0.08809337
0.0,0.06937856
0.0,0.050669946
0.0,0.06668552
0.0,0.046759315
0.0,0.0480013
0.0,0.061798926
0.0,0.022705466
0.0,0.037747703
0.0,0.045110963
0.0,0.08583696
1.0,0.06553958
0.0,0.049742576
0.0,0.109612904
0.0,0.04187986
0.0,0.107723676
0.0,0.054138266
0.0,0.060672935
0.0,0.039362356
0.0,0.04159663
0.0,0.02202351
0.0,0.05437976
0.0,0.07326535
0.0,0.061948128
0.0,0.06589755
1.0,0.07716917
0.0,0.06736582
0.0,0.0939319
0.0,0.09824796
0.0,0.056366503
1.0,0.03554011
1.0,0.06670104
0.0,0.029992431
0.0,0.089064874
0.0,0.048963986
0.0,0.035943806
0.0,0.05318301
0.0,0.04669045
0.0,0.07313275
0.0,0.067436524
1.0,0.037542257
0.0,0.08409883
0.0,0.025330298
0.0,0.06652297
0.0,0.039920103
0.0,0.049504932
0.0,0.041482616
0.0,0.042477287
0.0,0.08211534
0.0,0.07743387
0.0,0.07099425
0.0,0.040607516
0.0,0.053037494
0.0,0.028345222
0.0,0.046447318
0.0,0.016978417
0.0,0.09525932
0.0,0.017721273
1.0,0.032415513
0.0,0.09913114
0.0,0.12982067
0.0,0.08588953
0.0,0.01998363
0.0,0.026865575
0.0,0.058011483
1.0,0.077125
0.0,0.029085884
0.0,0.057328478
0.0,0.11117181
0.0,0.024785277
0.0,0.07113087
0.0,0.056630384
0.0,0.038781345
0.0,0.06979607
0.0,0.07008455
0.0,0.058302924
0.0,0.09683934
0.0,0.032892495
0.0,0.0634967
0.0,0.023105426
1.0,0.050281692
0.0,0.042627294
0.0,0.07201177
0.0,0.021837331
0.0,0.031522516
0.0,0.08478771
0.0,0.032949667
0.0,0.043483175
0.0,0.032235723
0.0,0.034022458
0.0,0.054957647
0.0,0.07695311
0.0,0.042578395
0.0,0.07168401
0.0,0.02610236
0.0,0.03612501
0.0,0.06219462
0.0,0.13345762
0.0,0.08939852
0.0,0.10331578
0.0,0.052124202
0.0,0.046710514
0.0,0.04230678
0.0,0.028950393
0.0,0.07486333
0.0,0.05224987
0.0,0.018609054
0.0,0.021473315
0.0,0.06304747
0.0,0.045764346
0.0,0.023076952
0.0,0.04688365
1.0,0.044361316
0.0,0.024585655
1.0,0.07968207
0.0,0.09172047
0.0,0.05525858
0.0,0.028719183
0.0,0.051987186
0.0,0.030775271
0.0,0.065164424
0.0,0.10056665
0.0,0.09259467
0.0,0.02273089
0.0,0.09559322
0.0,0.027273688
0.0,0.0071339197
0.0,0.14149801
0.0,0.09126942
0.0,0.047402225
0.0,0.040185843
0.0,0.027818404
0.0,0.08441597
0.0,0.063612044
0.0,0.04896039
0.0,0.08953732
0.0,0.03195648
0.0,0.054813925
0.0,0.06229387
0.0,0.04263709
0.0,0.07321645
0.0,0.03596815
0.0,0.03865674
0.0,0.061428875
0.0,0.044499025
0.0,0.07108432
1.0,0.048864134
0.0,0.06528069
0.0,0.026406622
0.0,0.032823198
0.0,0.057103805
0.0,0.116501644
0.0,0.016749356
0.0,0.029126452
0.0,0.056346618
0.0,0.04150452
0.0,0.06568466
0.0,0.05711704
0.0,0.06815724
0.0,0.022461506
0.0,0.0465409
0.0,0.0806961
0.0,0.047332026
0.0,0.034115918
0.0,0.12346508
0.0,0.015893513
0.0,0.03751778
0.0,0.056949
0.0,0.056171305
0.0,0.041933134
0.0,0.070828095
0.0,0.066655636
0.0,0.027277302
0.0,0.073137246
0.0,0.02047127
0.0,0.06858943
0.0,0.042484313
0.0,0.04813658
0.0,0.022484234
0.0,0.073859096
0.0,0.067139156
0.0,0.036375355
0.0,0.096127935
0.0,0.035634305
0.0,0.091558546
0.0,0.039114706
0.0,0.029121079
0.0,0.0496971
0.0,0.032662336
0.0,0.08908279
0.0,0.08447635
0.0,0.022265358
0.0,0.026892005
0.0,0.06390717
0.0,0.059621453
1.0,0.020969806
1.0,0.027467053
0.0,0.06419721
0.0,0.050598044
0.0,0.04493068
0.0,0.046606056
0.0,0.047302652
0.0,0.056556903
0.0,0.07296893
0.0,0.0651119
0.0,0.044517487
0.0,0.058628604
0.0,0.0382531
0.0,0.022100685
0.0,0.04769623
0.0,0.015382368
0.0,0.0931444
0.0,0.055866577
1.0,0.07548558
0.0,0.07439062
0.0,0.05336915
0.0,0.034905408
0.0,0.030713039
0.0,0.029854726
0.0,0.045520417
0.0,0.064038455
0.0,0.025457572
0.0,0.11955961
0.0,0.03397959
0.0,0.07150307
0.0,0.08459538
0.0,0.07457927
0.0,0.04880194
0.0,0.11419489
0.0,0.0651859
0.0,0.036639366
0.0,0.12699874
0.0,0.040305648
0.0,0.044686142
0.0,0.05794722
0.0,0.09376784
0.0,0.048060253
0.0,0.050780166
0.0,0.09799739
0.0,0.07430903
0.0,0.045141496
0.0,0.04092261
0.0,0.070755616
0.0,0.06662344
0.0,0.07045379
0.0,0.09678629
0.0,0.08068756
0.0,0.03794725
0.0,0.057592362
0.0,0.07691672
0.0,0.02303613
0.0,0.033093
0.0,0.04723244
0.0,0.061544172
0.0,0.03495214
0.0,0.03312257
0.0,0.055211525
0.0,0.112428196
0.0,0.038882907
0.0,0.03587367
0.0,0.016689371
0.0,0.07405548
0.0,0.11506132
0.0,0.09839454
0.0,0.117293164
0.0,0.096338786
0.0,0.009098355
0.0,0.043499183
0.0,0.086839795
1.0,0.043298
0.0,0.026451422
0.0,0.06293708
0.0,0.028872682
0.0,0.052313518
0.0,0.05137162
1.0,0.077406146
0.0,0.12148025
0.0,0.038207687
0.0,0.068565555
0.0,0.056803036
0.0,0.04709887
0.0,0.045131773
0.0,0.07048101
1.0,0.023164645
1.0,0.08945586
0.0,0.032824654
0.0,0.052351125
0.0,0.053663325
0.0,0.13085063
1.0,0.044888
0.0,0.050726052
0.0,0.05270323
0.0,0.056013685
0.0,0.037387926
0.0,0.05709859
0.0,0.042995498
0.0,0.11676888
0.0,0.049939238
0.0,0.10373587
0.0,0.046530068
0.0,0.035687003
0.0,0.028819175
0.0,0.039405625
0.0,0.0795201
0.0,0.041355584
0.0,0.09839356
0.0,0.0816423
0.0,0.019036254
1.0,0.04503329
0.0,0.09413535
0.0,0.019483661
0.0,0.047044083
0.0,0.08470023
0.0,0.031677764
0.0,0.042252004
0.0,0.01895487
0.0,0.06504822
1.0,0.03564809
0.0,0.06951014
0.0,0.045749642
0.0,0.093235
1.0,0.04035844
0.0,0.14501704
0.0,0.104835734
0.0,0.025549887
0.0,0.055992268
0.0,0.03134858
0.0,0.060842827
0.0,0.05768284
0.0,0.05076697
0.0,0.03152106
0.0,0.12651719
0.0,0.07276601
0.0,0.01049245
0.0,0.022078514
0.0,0.051645156
0.0,0.073591724
0.0,0.026442848
0.0,0.048591774
0.0,0.085674986
0.0,0.042543143
0.0,0.06415145
0.0,0.05846356
0.0,0.01524386
0.0,0.038508732
0.0,0.08855227
0.0,0.046362616
0.0,0.0803795
0.0,0.08287101
0.0,0.11279925
0.0,0.13611843
0.0,0.05000789
0.0,0.07513258
0.0,0.06691463
0.0,0.07137581
0.0,0.08315423
0.0,0.03689945
0.0,0.06549319
0.0,0.07021303
0.0,0.04487473
0.0,0.07236044
0.0,0.07744897
0.0,0.064240806
0.0,0.029942576
0.0,0.044460528
0.0,0.073411494
0.0,0.043085925
0.0,0.08086607
0.0,0.074278384
0.0,0.06823112
0.0,0.07711245
0.0,0.122723
0.0,0.04982395
0.0,0.06943104
0.0,0.07919279
0.0,0.042605426
0.0,0.07794591
0.0,0.027853897
0.0,0.09072521
0.0,0.062814906
0.0,0.052217245
0.0,0.03863645
0.0,0.11068088
0.0,0.06079106
0.0,0.03627875
0.0,0.06326303
0.0,0.0761286
0.0,0.038248137
0.0,0.08071245
0.0,0.068622924
0.0,0.03888849
0.0,0.04461869
0.0,0.04697193
0.0,0.106839225
0.0,0.0491748
0.0,0.037061043
0.0,0.04135162
0.0,0.05922339
0.0,0.058150914
0.0,0.083413124
0.0,0.088103116
0.0,0.029175952
0.0,0.027573347
0.0,0.06373717
0.0,0.044091254
0.0,0.02792611
0.0,0.07194556
0.0,0.06815175
0.0,0.09203915
0.0,0.05485265
0.0,0.022321124
0.0,0.10000195
0.0,0.056806423
0.0,0.02405379
0.0,0.044886716
0.0,0.080231346
0.0,0.051233865
0.0,0.0753804
0.0,0.04340847
0.0,0.05747623
0.0,0.09677993
0.0,0.01984628
0.0,0.02798615
0.0,0.067600705
0.0,0.039273173
0.0,0.07667167
0.0,0.06696515
0.0,0.1116465
0.0,0.04010284
0.0,0.023684528
0.0,0.08462787
0.0,0.032341298
0.0,0.032427154
0.0,0.020815667
0.0,0.067641124
0.0,0.06524821
0.0,0.058266908
0.0,0.025789145
0.0,0.036965013
0.0,0.033305496
0.0,0.037554435
0.0,0.052118436
0.0,0.060042955
0.0,0.029094595
0.0,0.033526596
0.0,0.04338339
0.0,0.13887902
0.0,0.05325323
0.0,0.08139399
0.0,0.049761504
0.0,0.029426383
1.0,0.02549167
0.0,0.045315564
0.0,0.0343023
0.0,0.042202167
1.0,0.02802302
0.0,0.0372346
0.0,0.034692034
0.0,0.031774037
0.0,0.060337413
0.0,0.02148705
0.0,0.041373335
1.0,0.04075945
0.0,0.04789654
0.0,0.021574903
0.0,0.031729586
0.0,0.023331448
0.0,0.06853313
0.0,0.046890046
0.0,0.05218959
0.0,0.037802044
0.0,0.043119736
0.0,0.053597324
0.0,0.061075423
0.0,0.0309808
0.0,0.03971611
0.0,0.057492238
0.0,0.070979714
0.0,0.034686413
0.0,0.055962026
0.0,0.029314343
0.0,0.054453067
0.0,0.052070346
0.0,0.038247753
0.0,0.08760348
0.0,0.046052404
0.0,0.06642845
0.0,0.045882557
0.0,0.0511946
0.0,0.04337185
0.0,0.03573545
0.0,0.07933395
0.0,0.1073973
0.0,0.04444828
0.0,0.026548088
0.0,0.0732005
0.0,0.075632796
0.0,0.03667861
0.0,0.037588347
0.0,0.038419977
0.0,0.053412873
0.0,0.023157608
0.0,0.036929216
0.0,0.033232205
0.0,0.046625108
0.0,0.07996571
0.0,0.04559843
0.0,0.036141742
0.0,0.14531124
0.0,0.08147231
0.0,0.10086452
0.0,0.067650996
0.0,0.042178713
0.0,0.044011436
0.0,0.105843484
0.0,0.07266906
0.0,0.02854387
0.0,0.056292742
0.0,0.028461143
0.0,0.064715944
0.0,0.024534406
0.0,0.027294438
0.0,0.021731876
0.0,0.1034961
0.0,0.056167208
0.0,0.07653093
0.0,0.09628983
1.0,0.05357297
0.0,0.07751233
0.0,0.04266605
0.0,0.028303705
0.0,0.041103743
0.0,0.0248045
0.0,0.056036368
0.0,0.075244635
0.0,0.049856152
0.0,0.054169822
0.0,0.08202548
0.0,0.037784006
0.0,0.010724807
0.0,0.044239346
0.0,0.042456366
0.0,0.045147717
0.0,0.03840831
0.0,0.035349883
0.0,0.06135835
0.0,0.057773236
0.0,0.046384595
0.0,0.06405664
0.0,0.08425829
0.0,0.033617362
0.0,0.040453255
1.0,0.09030762
0.0,0.109822385
1.0,0.023553075
0.0,0.05952355
0.0,0.099326454
0.0,0.072388686
0.0,0.031183492
0.0,0.05089296
0.0,0.06839324
0.0,0.0781707
0.0,0.054753922
0.0,0.054669473
0.0,0.10780564
0.0,0.049450174
0.0,0.071658075
0.0,0.07720292
0.0,0.040537074
0.0,0.057019837
0.0,0.06833251
0.0,0.051117808
0.0,0.03991348
0.0,0.03074353
0.0,0.021381155
0.0,0.05907125
0.0,0.036388297
0.0,0.047644995
0.0,0.06740361
0.0,0.019209549
0.0,0.015561924
0.0,0.08765274
0.0,0.04027082
0.0,0.046622485
0.0,0.075089745
1.0,0.07930487
0.0,0.036587026
0.0,0.04334677
0.0,0.045208406
0.0,0.041043617
0.0,0.07817326
0.0,0.0359191
0.0,0.13758007
0.0,0.052287456
0.0,0.04292927
0.0,0.036133144
0.0,0.02531978
0.0,0.098116644
0.0,0.0680689
0.0,0.0147017455
0.0,0.08873334
0.0,0.1242209
0.0,0.041585404
0.0,0.051832803
0.0,0.07738193
0.0,0.042483423
0.0,0.020825606
0.0,0.058072828
0.0,0.08304966
0.0,0.12825806
0.0,0.0846953
1.0,0.059993103
0.0,0.048117235
0.0,0.08865488
0.0,0.12576929
0.0,0.06502313
0.0,0.07128938
0.0,0.123655334
0.0,0.047339655
1.0,0.022358142
0.0,0.10077974
0.0,0.090535626
0.0,0.013665492
0.0,0.052046195
0.0,0.054816097
0.0,0.08850688
0.0,0.051496506
0.0,0.10598911
0.0,0.019675419
0.0,0.02785391
0.0,0.04174729
0.0,0.066462204
0.0,0.066037335
0.0,0.0891902
0.0,0.04878928
0.0,0.07475346
0.0,0.07554658
0.0,0.09439788
0.0,0.04512904
0.0,0.051316485
0.0,0.07738184
0.0,0.15292346
0.0,0.07190286
0.0,0.07153422
0.0,0.07580921
0.0,0.038878478
0.0,0.10812104
0.0,0.09338352
0.0,0.02914393
0.0,0.02477782
0.0,0.09889974
0.0,0.027818047
0.0,0.057932064
0.0,0.040549025
1.0,0.055728674
0.0,0.059176013
0.0,0.05344259
0.0,0.101617254
0.0,0.09156287
0.0,0.073442444
0.0,0.068957925
0.0,0.046596833
0.0,0.046289496
0.0,0.05809324
0.0,0.050708592
0.0,0.050003957
0.0,0.026672514
0.0,0.05505203
0.0,0.04330704
0.0,0.047485705
0.0,0.01945363
0.0,0.034577552
0.0,0.06037755
0.0,0.06452216
0.0,0.063117795
0.0,0.04126745
0.0,0.04428234
0.0,0.024405194
0.0,0.09468514
0.0,0.04774454
0.0,0.020961069
0.0,0.02941199
0.0,0.040675692
0.0,0.025677286
1.0,0.058346506
0.0,0.058553196
0.0,0.038169447
0.0,0.0733568
0.0,0.04933931
0.0,0.03891064
0.0,0.059661865
0.0,0.08447665
0.0,0.046231505
0.0,0.06708691
0.0,0.051802833
0.0,0.073875
0.0,0.08764227
0.0,0.099633746
0.0,0.033146035
0.0,0.064243436
0.0,0.019106021
0.0,0.051000603
0.0,0.077377215
0.0,0.056305684
0.0,0.070803985
0.0,0.090129375
0.0,0.03849502
0.0,0.027963167
0.0,0.089701936
0.0,0.028567592
0.0,0.06516921
0.0,0.106743336
0.0,0.04392761
0.0,0.113521114
0.0,0.107509665
0.0,0.08628653
0.0,0.10689457
0.0,0.08043939
0.0,0.06114848
0.0,0.04496744
0.0,0.10106969
0.0,0.17600434
0.0,0.022660255
0.0,0.027570572
0.0,0.06812903
1.0,0.108661085
0.0,0.040527083
0.0,0.04085318
0.0,0.022134665
0.0,0.045206897
0.0,0.031235982
0.0,0.04103289
0.0,0.034922905
0.0,0.022540666
1.0,0.058026437
0.0,0.018393725
0.0,0.03471262
0.0,0.07620969
1.0,0.03944898
0.0,0.07292277
0.0,0.030597355
0.0,0.062144194
0.0,0.068236925
1.0,0.06041597
0.0,0.062810294
0.0,0.053439777
0.0,0.059135616
0.0,0.07865065
0.0,0.060465854
0.0,0.057854038
0.0,0.0539298
0.0,0.12581499
0.0,0.045782246
0.0,0.07153302
0.0,0.054696016
0.0,0.023460913
0.0,0.05782695
1.0,0.049068674
0.0,0.118915506
0.0,0.14158043
0.0,0.038020927
0.0,0.039749548
0.0,0.08097922
0.0,0.108266056
0.0,0.029763358
0.0,0.051729694
0.0,0.09240897
0.0,0.09573342
0.0,0.06376663
0.0,0.08397427
0.0,0.035410922
1.0,0.05105221
0.0,0.112440415
0.0,0.042208306
0.0,0.07778762
0.0,0.07634485
0.0,0.067912176
0.0,0.047314808
0.0,0.10663015
0.0,0.07619107
1.0,0.035742864
0.0,0.027147299
1.0,0.04511032
0.0,0.053659745
0.0,0.06774467
0.0,0.024596523
0.0,0.030493535
0.0,0.062291924
0.0,0.07471067
0.0,0.048321065
0.0,0.048914444
0.0,0.0348883
0.0,0.07548975
0.0,0.027741203
0.0,0.05243869
0.0,0.02364315
0.0,0.095297076
0.0,0.04442063
1.0,0.0443478
0.0,0.057087116
0.0,0.06073905
0.0,0.035382044
0.0,0.055284817
0.0,0.04061534
0.0,0.061239753
0.0,0.10225819
0.0,0.01707885
0.0,0.054590583
0.0,0.054854978
0.0,0.06383419
0.0,0.05513699
0.0,0.17345257
0.0,0.07019405
0.0,0.04355398
0.0,0.061780248
0.0,0.072862
0.0,0.028367843
0.0,0.013485169
0.0,0.04769939
0.0,0.054323107
0.0,0.06910892
0.0,0.11377765
0.0,0.07477692
0.0,0.03506173
0.0,0.040783092
0.0,0.08001296
0.0,0.040912427
0.0,0.032991376
0.0,0.033951152
0.0,0.060688157
0.0,0.09167239
0.0,0.073467344
0.0,0.034898717
0.0,0.07943426
0.0,0.058064103
0.0,0.08662763
0.0,0.048810154
0.0,0.015893111
0.0,0.05658215
0.0,0.04543688
0.0,0.04883581
0.0,0.13990858
0.0,0.077832185
0.0,0.038496558
0.0,0.04721094
0.0,0.039831914
0.0,0.07905411
0.0,0.08530501
0.0,0.04465581
0.0,0.054361872
0.0,0.13938189
1.0,0.0191681
0.0,0.032393433
0.0,0.036817968
0.0,0.07231893
0.0,0.029734235
0.0,0.04042084
1.0,0.026725056
0.0,0.12910156
0.0,0.048478346
0.0,0.0253069
0.0,0.064896725
0.0,0.0477271
0.0,0.035191808
0.0,0.06742186
0.0,0.03548824
0.0,0.02333038
0.0,0.07960446
0.0,0.101309545
0.0,0.097628504
0.0,0.079719365
0.0,0.05137767
0.0,0.038971744
0.0,0.07429725
0.0,0.07626929
0.0,0.03460231
0.0,0.13210776
0.0,0.09124823
0.0,0.120144166
0.0,0.06146112
0.0,0.0858605
0.0,0.12510853
0.0,0.049295288
1.0,0.012041779
0.0,0.09773307
0.0,0.078670114
0.0,0.023581663
1.0,0.03187313
0.0,0.05888311
0.0,0.055590667
0.0,0.023858408
0.0,0.044458687
0.0,0.057353716
1.0,0.044011015
0.0,0.020527385
0.0,0.04611301
0.0,0.1031671
1.0,0.047267005
0.0,0.08609911
0.0,0.07142331
0.0,0.053524688
0.0,0.09238606
0.0,0.04278689
0.0,0.029770881
0.0,0.02374659
0.0,0.09555681
0.0,0.03867562
0.0,0.10968909
1.0,0.024820615
0.0,0.08833427
0.0,0.14202434
0.0,0.041380815
0.0,0.046675134
0.0,0.050373126
0.0,0.043922544
0.0,0.07799567
0.0,0.08281697
0.0,0.067915805
0.0,0.02357712
0.0,0.047324196
0.0,0.04779064
0.0,0.07128622
0.0,0.039792143
0.0,0.11831145
1.0,0.08315633
0.0,0.020845247
0.0,0.018573834
0.0,0.027893225
0.0,0.04310631
0.0,0.10860924
0.0,0.03678719
0.0,0.029023195
0.0,0.037498355
0.0,0.043460682
0.0,0.046603568
0.0,0.13536943
0.0,0.06610805
0.0,0.02718782
0.0,0.03502562
0.0,0.06669541
0.0,0.032805845
0.0,0.050878108
0.0,0.051684055
0.0,0.037631676
0.0,0.07897317
0.0,0.054727495
1.0,0.103052944
0.0,0.030697709
0.0,0.091861956
0.0,0.10421923
0.0,0.04418961
0.0,0.042773284
0.0,0.018403552
1.0,0.12623426
0.0,0.03397993
0.0,0.074814975
0.0,0.056521825
0.0,0.13821341
0.0,0.033595297
0.0,0.060551316
0.0,0.070870355
0.0,0.09998664
1.0,0.08135557
0.0,0.035761494
0.0,0.030190516
0.0,0.045051377
1.0,0.034408964
0.0,0.07157812
0.0,0.06799468
0.0,0.058884654
0.0,0.021002168
0.0,0.060927805
0.0,0.04101065
0.0,0.042173542
0.0,0.061276704
0.0,0.08328469
0.0,0.02482051
0.0,0.07817348
0.0,0.08248234
0.0,0.026622845
0.0,0.06371158
0.0,0.062632106
0.0,0.069131136
0.0,0.034298602
0.0,0.09893875
0.0,0.07482768
0.0,0.0545429
0.0,0.07769973
1.0,0.033288777
0.0,0.04045013
0.0,0.09025924
0.0,0.040603857
0.0,0.038473565
0.0,0.044584706
0.0,0.033788837
0.0,0.11663187
0.0,0.08411217
0.0,0.063653976
0.0,0.09694121
0.0,0.096922815
0.0,0.03384389
0.0,0.04021153
0.0,0.025188701
0.0,0.07408823
0.0,0.05179236
0.0,0.041107055
0.0,0.12379846
0.0,0.05982031
0.0,0.042414118
0.0,0.051543426
0.0,0.06905544
0.0,0.04846344
1.0,0.039239086
0.0,0.06548794
0.0,0.08490533
1.0,0.04485576
0.0,0.047380622
0.0,0.08280671
0.0,0.01867057
0.0,0.07524871
0.0,0.05378296
0.0,0.06786608
0.0,0.04483138
0.0,0.0335198
0.0,0.057603236
0.0,0.021779824
0.0,0.05795153
0.0,0.09621525
0.0,0.0960521
0.0,0.07060658
0.0,0.024770956
0.0,0.028402656
0.0,0.05571013
0.0,0.023130283
0.0,0.15084712
0.0,0.07555555
0.0,0.07230948
0.0,0.01745332
0.0,0.07042232
0.0,0.10167806
0.0,0.06458933
0.0,0.039458368
0.0,0.03590194
0.0,0.045734547
0.0,0.046495207
0.0,0.1016096
0.0,0.080497526
0.0,0.069020264
0.0,0.047382273
0.0,0.04022355
0.0,0.0372611
1.0,0.041103136
0.0,0.059560247
0.0,0.08873901
0.0,0.02493118
0.0,0.11996687
0.0,0.07779478
0.0,0.025259942
0.0,0.037888486
0.0,0.08269342
0.0,0.060595885
0.0,0.036506616
0.0,0.097439125
0.0,0.043379296
0.0,0.08455961
0.0,0.03373391
0.0,0.0555466
0.0,0.106061265
1.0,0.04121715
0.0,0.018098846
0.0,0.031726528
0.0,0.09770889
0.0,0.1171922
0.0,0.08626118
0.0,0.056417808
0.0,0.08788018
0.0,0.07779386
0.0,0.058405377
0.0,0.038664576
0.0,0.06701629
0.0,0.07433896
0.0,0.08116867
0.0,0.024385627
0.0,0.039796147
0.0,0.106481425
0.0,0.056818396
0.0,0.067651995
0.0,0.123939805
0.0,0.07652105
0.0,0.09652009
0.0,0.07466601
0.0,0.08125849
0.0,0.04100805
0.0,0.049274392
0.0,0.043158118
0.0,0.053167485
0.0,0.09085189
0.0,0.07843887
0.0,0.02139975
0.0,0.07168119
0.0,0.02206825
0.0,0.057057016
0.0,0.10803095
0.0,0.08889952
0.0,0.05212823
0.0,0.049796827
0.0,0.027256187
0.0,0.12638605
0.0,0.044920098
0.0,0.08377901
0.0,0.05397863
0.0,0.066547684
0.0,0.07835227
0.0,0.10728075
1.0,0.03761483
0.0,0.075656205
0.0,0.0515581
0.0,0.04794334
0.0,0.08341487
0.0,0.038962048
0.0,0.03824376
0.0,0.06828948
0.0,0.040471736
0.0,0.04997044
0.0,0.043316625
0.0,0.060975324
0.0,0.020844473
0.0,0.062310178
0.0,0.029528372
0.0,0.02372125
0.0,0.058172088
0.0,0.054368846
0.0,0.07769538
0.0,0.041875526
0.0,0.04772164
0.0,0.050459478
0.0,0.027387016
0.0,0.10276695
0.0,0.0932194
0.0,0.068661086
0.0,0.058807656
0.0,0.072785795
0.0,0.052222073
0.0,0.035532925
0.0,0.0377319
0.0,0.078060545
0.0,0.04859358
0.0,0.044767313
0.0,0.06857781
0.0,0.0713539
0.0,0.08622467
0.0,0.03066643
0.0,0.07501666
0.0,0.047977388
0.0,0.048285685
0.0,0.055029802
0.0,0.042485733
0.0,0.099303156
0.0,0.060994573
0.0,0.037856035
0.0,0.062077392
0.0,0.050667044
0.0,0.12866528
0.0,0.042753134
0.0,0.12493925
0.0,0.056267854
0.0,0.06320001
0.0,0.036994763
0.0,0.041358188
0.0,0.12191576
0.0,0.05438006
0.0,0.07865224
0.0,0.08983475
0.0,0.044058993
0.0,0.040717006
0.0,0.06916495
0.0,0.07403745
0.0,0.03091395
0.0,0.12820981
0.0,0.10160669
1.0,0.07012145
0.0,0.014653286
0.0,0.096209005
0.0,0.04042564
0.0,0.09532653
0.0,0.030691065
1.0,0.060805846
0.0,0.032919485
0.0,0.031096524
0.0,0.058157735
0.0,0.08538094
0.0,0.055991974
1.0,0.06859326
0.0,0.089166604
0.0,0.031587623
0.0,0.040214114
0.0,0.04822777
0.0,0.065944605
0.0,0.059824586
0.0,0.056445606
0.0,0.04365867
0.0,0.006677063
0.0,0.028929874
0.0,0.055087876
0.0,0.03890975
0.0,0.06288809
0.0,0.17065936
0.0,0.053095162
0.0,0.12700722
0.0,0.041050915
0.0,0.13104285
0.0,0.0360306
0.0,0.070594735
0.0,0.04326933
0.0,0.034647778
0.0,0.0497565
0.0,0.043061502
0.0,0.042183477
1.0,0.04665304
0.0,0.06484472
0.0,0.06178814
0.0,0.11768016
0.0,0.10095443
0.0,0.06642913
0.0,0.087736644
0.0,0.011943673
0.0,0.051063776
0.0,0.05067545
0.0,0.0444614
0.0,0.013935431
0.0,0.065574154
0.0,0.04486136
0.0,0.03375193
0.0,0.05229673
0.0,0.14759031
0.0,0.027458265
0.0,0.03507611
0.0,0.03413237
0.0,0.039641924
0.0,0.07582132
0.0,0.028621722
0.0,0.01797557
0.0,0.08509984
0.0,0.043501526
0.0,0.04136377
0.0,0.030688811
1.0,0.046743333
0.0,0.051997177
0.0,0.026179256
0.0,0.01761612
0.0,0.048890356
0.0,0.13056204
0.0,0.03226042
0.0,0.15056364
1.0,0.049694948
0.0,0.0641979
0.0,0.081085056
0.0,0.059674326
0.0,0.035224497
1.0,0.05778526
0.0,0.029016206
0.0,0.062013354
0.0,0.04962521
0.0,0.026675275
1.0,0.09862864
0.0,0.04323598
0.0,0.15409148
0.0,0.028761804
0.0,0.03940452
0.0,0.08111073
0.0,0.09779428
0.0,0.03388382
1.0,0.104807496
0.0,0.07391993
0.0,0.11828082
0.0,0.14061143
0.0,0.080616236
0.0,0.074851125
0.0,0.06483035
0.0,0.045833662
0.0,0.057657704
0.0,0.053817794
0.0,0.034009498
0.0,0.02458297
0.0,0.08725791
0.0,0.069896385
0.0,0.115852274
0.0,0.04406158
0.0,0.043777246
0.0,0.082963966
0.0,0.041156676
0.0,0.1502856
0.0,0.06292472
0.0,0.05344774
0.0,0.06042628
0.0,0.06785783
0.0,0.06599673
0.0,0.058269937
0.0,0.08993457
0.0,0.04158612
0.0,0.041819613
0.0,0.048565645
0.0,0.033318188
0.0,0.06275805
0.0,0.030799406
0.0,0.024880515
0.0,0.052317433
0.0,0.085637294
0.0,0.047029212
0.0,0.047384262
0.0,0.05400968
0.0,0.039683208
0.0,0.08243724
0.0,0.0602658
0.0,0.08794664
0.0,0.039589595
0.0,0.116445936
0.0,0.06903853
0.0,0.08328828
0.0,0.039899282
0.0,0.0411419
0.0,0.08300235
0.0,0.05887466
0.0,0.09096362
0.0,0.063281074
0.0,0.08013259
0.0,0.06135215
0.0,0.062483788
0.0,0.027890937
0.0,0.072795406
0.0,0.030052703
1.0,0.033590842
0.0,0.12875502
0.0,0.04501646
0.0,0.052729674
0.0,0.048890192
0.0,0.0432994
0.0,0.06305303
0.0,0.06939572
0.0,0.050176762
0.0,0.04540593
0.0,0.09614306
0.0,0.06047364
0.0,0.08065982
0.0,0.09262288
0.0,0.07250687
0.0,0.085634105
0.0,0.050828326
0.0,0.11598228
0.0,0.04070183
0.0,0.03628903
0.0,0.0430704
0.0,0.060848195
0.0,0.06964338
0.0,0.050191622
1.0,0.14613819
0.0,0.05649247
0.0,0.06478381
0.0,0.03262291
0.0,0.15618572
0.0,0.043157995
0.0,0.0862039
0.0,0.059242472
0.0,0.057282653
0.0,0.022911357
1.0,0.058454275
0.0,0.05627923
0.0,0.029209834
0.0,0.046648145
0.0,0.04805299
0.0,0.055286027
0.0,0.03680319
0.0,0.05735339
0.0,0.057033896
0.0,0.05579225
0.0,0.062277418
0.0,0.016479053
0.0,0.065646596
0.0,0.075954705
1.0,0.052054804
0.0,0.01803531
0.0,0.051800534
0.0,0.040077664
0.0,0.05598231
0.0,0.030481499
0.0,0.031356845
0.0,0.017453728
0.0,0.038909357
0.0,0.035914645
0.0,0.03542401
0.0,0.05417916
0.0,0.09803543
0.0,0.07884268
0.0,0.042688925
0.0,0.035128318
0.0,0.04068266
1.0,0.019537117
0.0,0.037075642
0.0,0.051216185
0.0,0.04116653
0.0,0.042020682
0.0,0.03658003
0.0,0.03142979
0.0,0.099634364
0.0,0.053934764
0.0,0.058586236
0.0,0.026693916
0.0,0.082017526
0.0,0.05250427
0.0,0.10682323
2.0,0.025381343
0.0,0.11899441
0.0,0.03315925
0.0,0.067975014
0.0,0.021780914
0.0,0.053642858
0.0,0.083802044
0.0,0.08288627
0.0,0.12754062
1.0,0.06710821
0.0,0.023038931
0.0,0.088433184
0.0,0.051708113
0.0,0.059288196
0.0,0.05135761
0.0,0.069784254
0.0,0.03590874
0.0,0.046884634
0.0,0.049861714
0.0,0.030366644
0.0,0.07705828
0.0,0.055559777
0.0,0.010049886
0.0,0.04923388
0.0,0.05690508
0.0,0.07169435
0.0,0.048052393
0.0,0.025206687
0.0,0.038614202
0.0,0.04777895
0.0,0.06724303
0.0,0.03650477
0.0,0.039111406
0.0,0.09477507
0.0,0.044181414
0.0,0.040342584
0.0,0.0536796
0.0,0.028328886
0.0,0.053519238
0.0,0.11849336
0.0,0.052265868
0.0,0.07111802
0.0,0.044537045
0.0,0.10490264
0.0,0.04536529
0.0,0.057985663
0.0,0.06411383
0.0,0.08378421
0.0,0.075465314
0.0,0.041129936
0.0,0.11763118
0.0,0.05301613
0.0,0.034238797
0.0,0.079493485
0.0,0.07774774
0.0,0.064255096
0.0,0.0862201
1.0,0.06813891
0.0,0.06372878
0.0,0.07319838
0.0,0.04882454
0.0,0.062425718
0.0,0.02676482
0.0,0.048442416
0.0,0.07902155
0.0,0.02736648
0.0,0.028856235
0.0,0.09055393
0.0,0.051319543
0.0,0.07858179
0.0,0.030385923
0.0,0.06483463
0.0,0.08432139
0.0,0.04227149
0.0,0.023751028
1.0,0.033895086
0.0,0.039575573
0.0,0.015882663
0.0,0.033205006
0.0,0.03805296
1.0,0.09744289
0.0,0.04680112
0.0,0.031516083
0.0,0.034132253
0.0,0.05933062
0.0,0.06547218
0.0,0.04116272
0.0,0.048758816
0.0,0.060221992
0.0,0.024064275
0.0,0.04657229
0.0,0.09294391
0.0,0.08343902
0.0,0.07308185
0.0,0.06925985
0.0,0.03785367
0.0,0.073901124
0.0,0.08288509
0.0,0.0406645
0.0,0.07824919
0.0,0.089931205
0.0,0.05520302
0.0,0.034795795
0.0,0.04154424
0.0,0.10453104
0.0,0.034998655
0.0,0.05094239
0.0,0.058570705
0.0,0.046937313
0.0,0.05542195
0.0,0.09482841
0.0,0.0366354
0.0,0.026868805
0.0,0.09899202
0.0,0.03708008
0.0,0.038059037
1.0,0.047692887
0.0,0.026934765
0.0,0.0909374
0.0,0.051562257
0.0,0.049230546
0.0,0.046293207
0.0,0.053151652
0.0,0.064030595
0.0,0.076926805
0.0,0.020790244
0.0,0.039059855
0.0,0.024700364
0.0,0.09372233
0.0,0.034058377
0.0,0.10798434
0.0,0.05281402
0.0,0.081935614
0.0,0.05551681
0.0,0.049919836
0.0,0.05120483
0.0,0.059692312
0.0,0.049208812
0.0,0.04615877
0.0,0.0457246
0.0,0.04586523
1.0,0.05640979
0.0,0.08769396
0.0,0.018786665
0.0,0.04793977
0.0,0.06603872
0.0,0.084082656
0.0,0.05319293
0.0,0.030960154
0.0,0.043366555
0.0,0.042575553
1.0,0.21919414
0.0,0.03471459
0.0,0.06544817
0.0,0.08568557
0.0,0.05798398
0.0,0.05835946
0.0,0.07490652
0.0,0.07262936
0.0,0.019506223
0.0,0.026755644
0.0,0.08491531
0.0,0.027491936
0.0,0.0673567
0.0,0.030030984
1.0,0.06742196
0.0,0.105296545
0.0,0.054722834
0.0,0.08073432
0.0,0.07951935
0.0,0.049953766
0.0,0.09770451
0.0,0.08176976
0.0,0.043465305
0.0,0.060690716
0.0,0.053247847
1.0,0.03879218
0.0,0.07065252
0.0,0.0699997
0.0,0.13894652
0.0,0.04395351
0.0,0.02658878
0.0,0.06383252
0.0,0.095885806
0.0,0.042811602
1.0,0.05400972
0.0,0.06978988
0.0,0.08207993
0.0,0.0278101
0.0,0.046904314
0.0,0.10413064
1.0,0.03941307
0.0,0.095807604
0.0,0.017193787
0.0,0.06953759
0.0,0.12605959
0.0,0.02454386
0.0,0.062996835
0.0,0.033664573
0.0,0.050634462
0.0,0.059735965
0.0,0.022630647
0.0,0.059005134
0.0,0.041576106
0.0,0.06874119
0.0,0.04596487
0.0,0.04027591
0.0,0.04667914
0.0,0.025739782
0.0,0.08129167
0.0,0.04823851
0.0,0.05240352
0.0,0.03996103
0.0,0.06364746
0.0,0.09818673
0.0,0.044139218
0.0,0.06963345
0.0,0.12221051
0.0,0.048674494
0.0,0.05537552
0.0,0.10290877
0.0,0.064469576
0.0,0.059418228
0.0,0.035761956
0.0,0.030209756
0.0,0.058453355
0.0,0.09882742
0.0,0.101325154
0.0,0.09601107
0.0,0.05559141
0.0,0.035506725
0.0,0.07023915
0.0,0.056805637
0.0,0.086401105
0.0,0.070128374
0.0,0.063161254
0.0,0.022876238
0.0,0.04159889
0.0,0.046475254
0.0,0.08549105
0.0,0.03435398
0.0,0.119840115
0.0,0.07047386
0.0,0.038929343
0.0,0.031655733
0.0,0.022005413
0.0,0.0574569
0.0,0.10761948
0.0,0.09832288
0.0,0.046401232
0.0,0.056886904
0.0,0.10449112
0.0,0.06472215
0.0,0.093009055
0.0,0.036200833
0.0,0.08153154
0.0,0.06726493
0.0,0.0529947
0.0,0.043697096
0.0,0.06776732
0.0,0.084236756
0.0,0.08627173
0.0,0.17876732
0.0,0.060504965
0.0,0.099621296
0.0,0.07075488
0.0,0.036764357
0.0,0.0625662
0.0,0.05527198
0.0,0.019427238
0.0,0.035642445
0.0,0.032405097
0.0,0.041966356
0.0,0.04923193
1.0,0.025367416
0.0,0.072881125
0.0,0.043807797
0.0,0.06673007
0.0,0.06397836
0.0,0.064155504
0.0,0.048021197
0.0,0.29464608
0.0,0.028616263
0.0,0.049223505
0.0,0.068642594
0.0,0.07782209
0.0,0.038623117
0.0,0.047139898
0.0,0.037460234
0.0,0.025286695
1.0,0.04221845
0.0,0.063798316
0.0,0.011676909
0.0,0.06691582
0.0,0.067655995
0.0,0.0454893
0.0,0.016996918
0.0,0.061769526
0.0,0.042676635
0.0,0.038422175
0.0,0.040175803
0.0,0.03361935
0.0,0.112649016
0.0,0.09815916
0.0,0.045275927
0.0,0.1460943
0.0,0.072653435
0.0,0.076975316
0.0,0.0517038
0.0,0.07460518
0.0,0.05817199
0.0,0.060256608
0.0,0.023968445
0.0,0.04693049
0.0,0.058060646
0.0,0.09998727
1.0,0.066022284
0.0,0.023087341
0.0,0.06660146
0.0,0.10419588
0.0,0.14829938
0.0,0.08213802
0.0,0.107709885
0.0,0.024216704
0.0,0.10458768
0.0,0.023527987
0.0,0.10432912
0.0,0.06086186
0.0,0.026511187
0.0,0.119962975
0.0,0.01578343
0.0,0.035465844
0.0,0.033624515
0.0,0.058623012
0.0,0.05627538
0.0,0.07952928
0.0,0.0749089
0.0,0.018800896
0.0,0.0417251
0.0,0.044888645
0.0,0.047228232
0.0,0.028723031
0.0,0.09128766
0.0,0.056257173
0.0,0.045176037
0.0,0.06844704
0.0,0.06877148
0.0,0.107750416
0.0,0.044514112
0.0,0.035836503
0.0,0.058645602
0.0,0.055799406
0.0,0.079205155
0.0,0.095897734
0.0,0.031428292
0.0,0.039011423
0.0,0.03115977
0.0,0.039370317
0.0,0.06990272
0.0,0.0677468
0.0,0.030565115
0.0,0.06903995
0.0,0.04197318
0.0,0.042650614
0.0,0.0327999
0.0,0.050094765
0.0,0.074943036
0.0,0.0616475
0.0,0.023538254
0.0,0.032442637
0.0,0.055702984
0.0,0.06670826
0.0,0.07966048
0.0,0.05194927
0.0,0.07937989
0.0,0.07413495
0.0,0.072355315
0.0,0.096146494
0.0,0.11099646
0.0,0.10498656
1.0,0.057934426
1.0,0.060298227
0.0,0.07621494
0.0,0.05377952
0.0,0.029295702
0.0,0.08432561
1.0,0.04556893
0.0,0.04434643
0.0,0.04319664
1.0,0.04959874
0.0,0.040622894
0.0,0.07409551
0.0,0.018400533
0.0,0.098063156
0.0,0.07722962
0.0,0.03543717
0.0,0.038044833
0.0,0.07421775
0.0,0.110711075
0.0,0.06791765
0.0,0.07821672
1.0,0.04666986
0.0,0.056421384
0.0,0.030867787
0.0,0.027364876
0.0,0.06829772
0.0,0.065971
0.0,0.020649385
0.0,0.08277797
0.0,0.101832286
0.0,0.052198596
0.0,0.065643094
0.0,0.04960815
0.0,0.07300655
0.0,0.056356907
0.0,0.04575791
0.0,0.063295014
0.0,0.027675841
0.0,0.026107637
0.0,0.10664708
0.0,0.028701004
0.0,0.0638387
0.0,0.032491542
0.0,0.038110375
0.0,0.057884708
0.0,0.018148953
0.0,0.03888858
0.0,0.10970258
0.0,0.061006732
0.0,0.04130123
0.0,0.033147976
0.0,0.035402868
0.0,0.070273854
0.0,0.06479221
0.0,0.033990674
0.0,0.052335072
0.0,0.027881803
0.0,0.05168324
0.0,0.030513374
0.0,0.09721981
0.0,0.017219132
0.0,0.03537916
0.0,0.05956573
0.0,0.014205425
0.0,0.03254172
0.0,0.04149075
0.0,0.08241169
0.0,0.07765321
0.0,0.030656079
0.0,0.08003853
1.0,0.049200557
0.0,0.03867324
0.0,0.05180056
0.0,0.04919284
0.0,0.0636145
0.0,0.097130224
0.0,0.04128436
0.0,0.038322676
0.0,0.010477681
1.0,0.04827121
0.0,0.0562434
0.0,0.12321319
0.0,0.01665352
0.0,0.07686363
0.0,0.058429614
0.0,0.06969083
0.0,0.026027255
0.0,0.06492199
0.0,0.049730953
0.0,0.07972166
0.0,0.064692035
0.0,0.06784848
0.0,0.09451841
0.0,0.11521032
0.0,0.018148452
0.0,0.03413463
0.0,0.028746257
0.0,0.07645634
0.0,0.051156603
0.0,0.0153488405
0.0,0.040461548
0.0,0.035513885
0.0,0.025477925
0.0,0.02591807
0.0,0.04026552
1.0,0.036053613
0.0,0.038975425
1.0,0.07502911
0.0,0.022266801
0.0,0.06579646
0.0,0.07287793
0.0,0.057885136
1.0,0.06082461
0.0,0.048224136
0.0,0.05491462
0.0,0.048897233
0.0,0.048377387
0.0,0.11942027
0.0,0.046463113
0.0,0.05086836
0.0,0.075516954
0.0,0.06539314
0.0,0.05067724
0.0,0.012308013
0.0,0.090580255
0.0,0.06473289
0.0,0.05383884
0.0,0.09859709
0.0,0.061366968
0.0,0.03298913
1.0,0.015190643
0.0,0.04351429
0.0,0.05403436
0.0,0.16509786
0.0,0.105878666
0.0,0.05657492
0.0,0.046612233
0.0,0.030815918
0.0,0.05633039
0.0,0.05009966
0.0,0.06980499
0.0,0.07932884
0.0,0.06663965
0.0,0.0112800645
0.0,0.022301113
0.0,0.06277305
1.0,0.07011574
0.0,0.056855526
0.0,0.04736393
0.0,0.055136833
0.0,0.04908765
0.0,0.11748068
0.0,0.05046169
0.0,0.043356963
0.0,0.06720316
0.0,0.08570318
0.0,0.049264953
0.0,0.053781163
0.0,0.068756424
0.0,0.11458424
0.0,0.05305404
0.0,0.08173403
0.0,0.02348638
0.0,0.08155604
0.0,0.020856084
0.0,0.019592889
0.0,0.037247617
0.0,0.088167794
0.0,0.13020949
0.0,0.056448553
0.0,0.07170452
0.0,0.058646094
0.0,0.028129023
0.0,0.06608074
0.0,0.019660383
0.0,0.030009313
0.0,0.0243835
1.0,0.064491525
0.0,0.033318155
0.0,0.038866688
0.0,0.050469898
0.0,0.05107381
0.0,0.043060232
0.0,0.047578067
0.0,0.032967143
0.0,0.035043746
1.0,0.07325731
0.0,0.06674628
0.0,0.071526125
0.0,0.11883303
0.0,0.030063696
0.0,0.042833984
0.0,0.0554732
0.0,0.0458414
0.0,0.12967968
0.0,0.08277315
0.0,0.043875486
0.0,0.047218278
0.0,0.028867753
0.0,0.0375513
0.0,0.04827358
0.0,0.04101241
0.0,0.087067135
0.0,0.05438692
0.0,0.06300741
0.0,0.038840827
0.0,0.06964265
0.0,0.063181214
0.0,0.12848002
0.0,0.034728713
1.0,0.054826424
0.0,0.048864506
0.0,0.059675578
0.0,0.040619776
0.0,0.020003662
1.0,0.04586079
0.0,0.061554343
0.0,0.064588204
0.0,0.13579844
0.0,0.045853294
0.0,0.048681267
0.0,0.051367797
0.0,0.053492513
0.0,0.08504289
0.0,0.03453774
0.0,0.065548055
0.0,0.031920172
0.0,0.036540143
0.0,0.060574852
0.0,0.042845298
0.0,0.06286276
0.0,0.017818997
0.0,0.04467564
0.0,0.06839207
0.0,0.08410242
0.0,0.04193371
0.0,0.07091961
0.0,0.06569659
0.0,0.08760991
0.0,0.04510548
0.0,0.05340419
0.0,0.053511646
0.0,0.035871293
0.0,0.039613333
0.0,0.019726645
0.0,0.093985796
0.0,0.079479806
0.0,0.038707484
0.0,0.074856296
0.0,0.065027565
0.0,0.0759597
1.0,0.06347664
0.0,0.027473917
0.0,0.059862882
0.0,0.040626653
0.0,0.06455263
0.0,0.06709416
0.0,0.026209945
0.0,0.2520818
0.0,0.041116524
0.0,0.101010844
0.0,0.03536727
0.0,0.06298121
0.0,0.08727563
0.0,0.06148646
0.0,0.04416227
0.0,0.06263349
0.0,0.052759152
0.0,0.040078696
0.0,0.12033583
0.0,0.04624191
0.0,0.06336413
0.0,0.05855258
0.0,0.06724806
0.0,0.026445696
0.0,0.08086227
0.0,0.028042028
0.0,0.08482144
1.0,0.066493034
0.0,0.06858955
0.0,0.100383274
0.0,0.029849801
0.0,0.09074299
0.0,0.039521486
0.0,0.082218856
1.0,0.07007153
0.0,0.048810575
0.0,0.036830068
0.0,0.038780086
0.0,0.08599674
0.0,0.042684164
0.0,0.035086215
0.0,0.022568382
1.0,0.060983263
0.0,0.050226696
0.0,0.030322121
0.0,0.09374486
0.0,0.026995286
0.0,0.04667676
0.0,0.03068009
0.0,0.081625715
0.0,0.040001296
0.0,0.052320052
0.0,0.068732485
0.0,0.061514422
0.0,0.05513176
0.0,0.029644748
0.0,0.05760755
0.0,0.04880366
0.0,0.038575664
0.0,0.08949028
0.0,0.058087673
0.0,0.07593596
0.0,0.06012977
0.0,0.060619004
0.0,0.06637589
0.0,0.06925757
0.0,0.030373784
0.0,0.08733025
0.0,0.19816822
0.0,0.02489522
0.0,0.037766535
0.0,0.07643615
0.0,0.05483042
0.0,0.03537214
0.0,0.033915587
0.0,0.11299456
0.0,0.03871315
0.0,0.065893464
0.0,0.060169924
0.0,0.033082083
0.0,0.032661606
0.0,0.0447661
0.0,0.09234202
0.0,0.07848899
0.0,0.099791124
0.0,0.07772096
0.0,0.028583437
0.0,0.050659582
1.0,0.054782726
0.0,0.059140723
0.0,0.03990895
0.0,0.106594965
0.0,0.026497032
0.0,0.110254586
0.0,0.10918645
0.0,0.09992364
0.0,0.10725042
0.0,0.044535495
0.0,0.10934098
0.0,0.04423829
0.0,0.034372475
0.0,0.011490851
0.0,0.04580412
1.0,0.09733624
0.0,0.020552302
0.0,0.045044355
0.0,0.07759639
0.0,0.030698895
0.0,0.034584396
0.0,0.025663663
0.0,0.044187233
0.0,0.05458851
0.0,0.08344427
0.0,0.096710086
0.0,0.07079146
0.0,0.05160941
0.0,0.05743919
0.0,0.077868566
0.0,0.083200596
0.0,0.04738069
0.0,0.09236677
0.0,0.0443504
0.0,0.060598888
0.0,0.059204686
0.0,0.048979677
0.0,0.049176443
0.0,0.03509575
0.0,0.026120052
0.0,0.046618924
0.0,0.057926193
1.0,0.044017415
0.0,0.15413867
0.0,0.044089466
1.0,0.058687508
0.0,0.04379869
0.0,0.09976762
0.0,0.050658926
0.0,0.058695316
0.0,0.083004326
1.0,0.019963201
0.0,0.0673504
0.0,0.07824005
0.0,0.04154854
1.0,0.07417774
0.0,0.06102518
0.0,0.022318486
0.0,0.036705922
0.0,0.067795664
0.0,0.060489215
0.0,0.0486994
0.0,0.043096937
0.0,0.06757271
0.0,0.075753994
0.0,0.048803244
0.0,0.04751506
0.0,0.07290478
0.0,0.032189168
0.0,0.04021935
0.0,0.08524288
0.0,0.03158675
0.0,0.051595926
0.0,0.06655989
0.0,0.073218375
0.0,0.04916756
0.0,0.07068969
0.0,0.0118984645
1.0,0.10547439
2.0,0.10619772
0.0,0.043316398
0.0,0.03541136
0.0,0.03187848
0.0,0.03864526
0.0,0.028992528
0.0,0.024650006
0.0,0.09365193
0.0,0.053330507
0.0,0.16539441
0.0,0.10129061
0.0,0.049793266
0.0,0.026299972
0.0,0.057221446
0.0,0.07803152
0.0,0.06402368
0.0,0.08819769
0.0,0.047236092
0.0,0.095859975
1.0,0.06648869
0.0,0.07359838
1.0,0.03328005
0.0,0.027733069
0.0,0.07566984
0.0,0.066492975
0.0,0.051943127
0.0,0.019562315
0.0,0.03939409
0.0,0.044463646
0.0,0.046087816
0.0,0.09262496
0.0,0.06452881
0.0,0.034740224
0.0,0.035200804
0.0,0.06505619
0.0,0.02378158
0.0,0.108988784
0.0,0.0820695
0.0,0.053380832
0.0,0.105133794
0.0,0.11793497
0.0,0.0598785
0.0,0.08992604
0.0,0.042505488
0.0,0.019798782
0.0,0.046675645
0.0,0.056863036
0.0,0.04647417
0.0,0.05918637
0.0,0.048818164
0.0,0.03184853
0.0,0.028942926
0.0,0.021208758
0.0,0.030621469
0.0,0.11652437
0.0,0.051911954
0.0,0.05824885
1.0,0.07046673
0.0,0.04090702
0.0,0.06904848
0.0,0.017732497
0.0,0.0865789
0.0,0.076801054
0.0,0.024422389
0.0,0.13220462
0.0,0.0382837
0.0,0.0372764
0.0,0.07464315
0.0,0.0336019
0.0,0.07118496
0.0,0.13959745
0.0,0.0787641
0.0,0.04150929
0.0,0.046618838
0.0,0.064917564
0.0,0.032714397
0.0,0.030477632
0.0,0.021702683
0.0,0.11794847
0.0,0.047025982
0.0,0.055921268
0.0,0.074787565
0.0,0.03785468
0.0,0.035165925
0.0,0.030981597
0.0,0.10031597
0.0,0.04917403
0.0,0.07285249
0.0,0.03213966
0.0,0.04525195
0.0,0.085419714
0.0,0.07743036
0.0,0.06831345
0.0,0.053647924
1.0,0.040364407
0.0,0.15951765
0.0,0.07144527
0.0,0.06456984
0.0,0.067131445
0.0,0.075786695
0.0,0.03403974
0.0,0.07688412
0.0,0.030206168
0.0,0.025196426
0.0,0.042562462
0.0,0.057743408
0.0,0.034927435
0.0,0.090355136
0.0,0.04145108
0.0,0.049958672
0.0,0.035851065
0.0,0.06255617
0.0,0.069258794
0.0,0.06364308
0.0,0.027198115
0.0,0.05998269
0.0,0.079306684
0.0,0.089115426
0.0,0.02132976
0.0,0.07299844
0.0,0.023514371
0.0,0.09300682
0.0,0.117710695
1.0,0.04763025
0.0,0.042647034
0.0,0.05171519
0.0,0.089089766
0.0,0.06148171
0.0,0.034599982
0.0,0.063386574
0.0,0.043091536
0.0,0.05711546
0.0,0.049686983
0.0,0.095846266
0.0,0.03989622
0.0,0.04527332
0.0,0.044317994
0.0,0.082285136
0.0,0.07485966
0.0,0.025872925
0.0,0.0480617
0.0,0.02799747
0.0,0.08620119
0.0,0.09147014
0.0,0.05559989
0.0,0.05923267
0.0,0.050867025
0.0,0.050541714
0.0,0.025724825
0.0,0.06664759
0.0,0.10548304
0.0,0.081804365
0.0,0.044315375
0.0,0.071408644
0.0,0.05268652
0.0,0.053580455
0.0,0.08956414
1.0,0.05860877
0.0,0.06373875
0.0,0.08407303
0.0,0.04023598
0.0,0.044624265
0.0,0.099532455
1.0,0.068528555
0.0,0.08860476
0.0,0.07346405
1.0,0.03879921
0.0,0.06340311
0.0,0.038652558
1.0,0.0386219
0.0,0.0148558
0.0,0.028837692
0.0,0.096655354
0.0,0.03593191
0.0,0.06796284
0.0,0.06172642
0.0,0.03648984
0.0,0.053953875
1.0,0.06770944
0.0,0.06609335
0.0,0.036559593
0.0,0.051446777
0.0,0.056536462
0.0,0.04233247
0.0,0.10211421
0.0,0.034427576
0.0,0.027385565
0.0,0.04978937
0.0,0.028858148
1.0,0.03761885
0.0,0.03486191
0.0,0.1136866
0.0,0.020497808
0.0,0.036124133
0.0,0.039373077
0.0,0.11700241
0.0,0.054567717
0.0,0.040306706
0.0,0.067124404
1.0,0.069962375
0.0,0.07249124
0.0,0.025561513
1.0,0.040907957
0.0,0.104353644
0.0,0.052849203
0.0,0.04627034
0.0,0.028571038
0.0,0.030978303
0.0,0.035804905
0.0,0.04291674
0.0,0.052374095
0.0,0.072057836
0.0,0.060476292
0.0,0.036767986
0.0,0.080498025
0.0,0.03679138
0.0,0.033976853
0.0,0.10353151
0.0,0.05917772
0.0,0.026765011
0.0,0.04918062
0.0,0.028639238
0.0,0.05157145
0.0,0.06980479
0.0,0.035092205
0.0,0.041039232
0.0,0.07826516
0.0,0.05366037
0.0,0.019562185
0.0,0.07490427
0.0,0.12688737
0.0,0.060356565
0.0,0.108356416
0.0,0.07091504
0.0,0.023737725
0.0,0.09049661
0.0,0.038553048
0.0,0.05844795
0.0,0.055023003
0.0,0.06061117
0.0,0.018644342
0.0,0.03254862
0.0,0.06509191
0.0,0.085897274
0.0,0.05246608
0.0,0.04275878
0.0,0.049654916
0.0,0.12655441
0.0,0.04694067
0.0,0.043125123
0.0,0.05744357
0.0,0.19861794
0.0,0.021856958
0.0,0.043248497
0.0,0.06153951
0.0,0.10531482
0.0,0.037597563
0.0,0.053690482
0.0,0.074013606
1.0,0.03789497
0.0,0.0479328
0.0,0.08349562
0.0,0.0518976
0.0,0.053799193
0.0,0.032326482
0.0,0.035052404
0.0,0.023345426
0.0,0.111902066
0.0,0.010031659
0.0,0.0913682
0.0,0.040888708
0.0,0.031727195
0.0,0.075262524
0.0,0.08145967
0.0,0.072800025
0.0,0.058446612
0.0,0.0873732
0.0,0.051716644
0.0,0.049819913
0.0,0.037407275
0.0,0.07142545
1.0,0.04084011
0.0,0.08646132
0.0,0.06733727
0.0,0.03524074
0.0,0.062573746
0.0,0.110705
1.0,0.08245442
0.0,0.039428145
0.0,0.04179244
0.0,0.041512534
0.0,0.033168375
0.0,0.07927704
0.0,0.027779352
0.0,0.051653504
0.0,0.031478025
0.0,0.087995045
0.0,0.078356326
0.0,0.047659762
0.0,0.06952883
0.0,0.045179613
0.0,0.0404029
0.0,0.10439655
0.0,0.08461881
0.0,0.052236117
0.0,0.049067527
0.0,0.013896857
0.0,0.052019197
0.0,0.017095048
0.0,0.1532891
0.0,0.11363788
0.0,0.03304519
0.0,0.046450574
0.0,0.0570139
0.0,0.060557872
1.0,0.062309317
0.0,0.015099009
0.0,0.09364219
0.0,0.0666865
0.0,0.019837735
0.0,0.06980882
0.0,0.10241097
0.0,0.07209501
0.0,0.05433285
0.0,0.055312898
0.0,0.10214959
0.0,0.040157743
0.0,0.044870924
0.0,0.111611106
0.0,0.069636606
0.0,0.051042378
1.0,0.07941949
0.0,0.03660657
0.0,0.071995944
0.0,0.030275961
0.0,0.035025053
0.0,0.03837166
0.0,0.03956663
0.0,0.03379372
0.0,0.04446952
0.0,0.03864533
0.0,0.12491807
0.0,0.051240806
0.0,0.06365191
0.0,0.06613342
0.0,0.030815654
0.0,0.1049228
0.0,0.04434924
0.0,0.026476724
0.0,0.06002687
0.0,0.04545103
0.0,0.06900406
0.0,0.053162552
0.0,0.033402227
0.0,0.05246538
0.0,0.031911876
0.0,0.09223658
0.0,0.042532474
0.0,0.048478603
0.0,0.028184945
0.0,0.055079207
0.0,0.023740362
0.0,0.06866644
0.0,0.07237606
0.0,0.10712694
0.0,0.034061268
0.0,0.10303193
0.0,0.040654752
0.0,0.01962088
0.0,0.04879333
0.0,0.027940867
0.0,0.058668707
0.0,0.1405892
0.0,0.06860526
0.0,0.02562529
0.0,0.0643044
0.0,0.033828836
0.0,0.02021201
0.0,0.04516208
1.0,0.06535116
0.0,0.061566185
0.0,0.08842783
0.0,0.028691027
0.0,0.08183351
0.0,0.11786835
0.0,0.03579355
0.0,0.06478115
0.0,0.037119124
0.0,0.048145305
0.0,0.05073002
0.0,0.051986344
0.0,0.007667401
0.0,0.025141422
0.0,0.080724
0.0,0.095071636
0.0,0.042931028
0.0,0.04728506
0.0,0.06953155
0.0,0.030617818
0.0,0.09991611
0.0,0.052640542
0.0,0.04918831
0.0,0.048144616
0.0,0.047963757
0.0,0.04382221
0.0,0.072347365
0.0,0.04611413
0.0,0.053747475
0.0,0.07104586
0.0,0.06426203
0.0,0.08872164
0.0,0.048060667
0.0,0.06227434
0.0,0.078812346
1.0,0.04793321
1.0,0.0631588
0.0,0.108874254
0.0,0.043869127
1.0,0.05966821
1.0,0.05655396
0.0,0.019878082
0.0,0.106677085
0.0,0.026366496
0.0,0.07059669
0.0,0.074355155
0.0,0.024783965
0.0,0.093987025
0.0,0.030079812
0.0,0.14441429
0.0,0.03604177
0.0,0.017308936
0.0,0.048353933
0.0,0.021798182
0.0,0.06842126
0.0,0.080091335
0.0,0.05090951
0.0,0.11246503
0.0,0.024197208
0.0,0.068753675
0.0,0.030970579
0.0,0.0468655
0.0,0.07297427
1.0,0.042188164
0.0,0.05440557
0.0,0.03387547
0.0,0.08903541
0.0,0.03608397
0.0,0.08636144
0.0,0.054842163
0.0,0.02675692
0.0,0.080872335
0.0,0.054865677
0.0,0.047480814
0.0,0.023770109
0.0,0.10906079
0.0,0.042653177
0.0,0.04977971
0.0,0.05405526
0.0,0.023610298
0.0,0.041770868
0.0,0.024211785
0.0,0.05467169
0.0,0.040696044
0.0,0.04189394
0.0,0.03775816
0.0,0.14379017
1.0,0.11819417
0.0,0.08050349
0.0,0.07061473
0.0,0.08723985
1.0,0.040291872
0.0,0.09865804
0.0,0.050946742
0.0,0.0693937
0.0,0.05934052
0.0,0.049311202
0.0,0.019686472
0.0,0.06586123
0.0,0.075494
0.0,0.07051742
0.0,0.05949936
0.0,0.0315777
0.0,0.042753156
0.0,0.06234715
0.0,0.05548324
0.0,0.048511762
0.0,0.060144395
0.0,0.030825809
0.0,0.035428587
0.0,0.024818627
0.0,0.039511465
0.0,0.054510273
0.0,0.06233807
0.0,0.02950221
0.0,0.028840937
0.0,0.106746696
0.0,0.044893675
0.0,0.05454033
0.0,0.02771357
0.0,0.092507854
0.0,0.06393003
0.0,0.11265186
0.0,0.05646445
0.0,0.01722456
0.0,0.008572717
0.0,0.036252588
0.0,0.041844588
0.0,0.06043752
0.0,0.08304621
0.0,0.029090643
0.0,0.027542204
0.0,0.042382315
0.0,0.037579335
0.0,0.015828025
0.0,0.07293216
0.0,0.035460465
0.0,0.045666642
0.0,0.10698875
0.0,0.05394423
0.0,0.048774906
0.0,0.047699936
0.0,0.026218945
0.0,0.13546947
0.0,0.043621838
0.0,0.053843696
0.0,0.056006875
0.0,0.046892438
0.0,0.08167613
0.0,0.07169746
0.0,0.034192234
0.0,0.11758907
0.0,0.08077912
0.0,0.05154962
0.0,0.07483528
0.0,0.03903766
0.0,0.070997566
0.0,0.038078953
0.0,0.044915557
0.0,0.0541574
0.0,0.014935202
0.0,0.076339364
0.0,0.115608804
0.0,0.040806554
0.0,0.06842188
1.0,0.030551359
0.0,0.043252703
0.0,0.042750895
1.0,0.03827565
0.0,0.115788765
0.0,0.047382113
0.0,0.06842916
0.0,0.045309685
0.0,0.020846937
0.0,0.062586635
0.0,0.10491955
0.0,0.03471924
0.0,0.05889322
0.0,0.033482436
0.0,0.06729833
0.0,0.03624502
0.0,0.1286629
0.0,0.08973339
0.0,0.03543621
0.0,0.04890894
0.0,0.04777469
0.0,0.10639545
0.0,0.055158004
0.0,0.051216476
0.0,0.055478573
0.0,0.10283543
0.0,0.04641196
0.0,0.10377689
0.0,0.033417743
0.0,0.043208692
0.0,0.031230962
0.0,0.07371896
0.0,0.05662968
0.0,0.09597889
0.0,0.059639677
0.0,0.0594856
0.0,0.045798466
0.0,0.086628005
0.0,0.0633595
1.0,0.069811285
1.0,0.06432338
0.0,0.073290646
0.0,0.045546994
0.0,0.05979809
2.0,0.09053001
0.0,0.033929188
0.0,0.04895145
0.0,0.06932481
0.0,0.018396111
0.0,0.04168123
0.0,0.12857223
0.0,0.039732344
0.0,0.064454176
0.0,0.095740154
0.0,0.0763299
0.0,0.08510396
0.0,0.06708522
0.0,0.0380899
0.0,0.04948617
0.0,0.039527573
0.0,0.086605944
0.0,0.037268847
0.0,0.062815115
0.0,0.07704354
0.0,0.024657635
0.0,0.089543425
0.0,0.04117501
0.0,0.049299516
0.0,0.061902653
1.0,0.04327556
0.0,0.035980947
0.0,0.087445214
0.0,0.069538414
1.0,0.048314914
0.0,0.08415285
0.0,0.06718649
0.0,0.03013099
0.0,0.11743772
0.0,0.07639246
0.0,0.049055196
0.0,0.08059731
0.0,0.019400291
0.0,0.029036054
0.0,0.052409843
0.0,0.037154347
0.0,0.04101773
0.0,0.0785171
1.0,0.049971133
0.0,0.05782443
0.0,0.026229637
0.0,0.06567078
0.0,0.03567266
0.0,0.045082904
0.0,0.019136593
0.0,0.07107873
0.0,0.04282718
1.0,0.043294817
0.0,0.071526505
0.0,0.05363214
0.0,0.053110026
0.0,0.032847293
0.0,0.03983636
0.0,0.036032252
0.0,0.06442633
0.0,0.05726807
0.0,0.07377948
0.0,0.053870954
0.0,0.13099506
0.0,0.046259202
1.0,0.098435745
0.0,0.043435365
0.0,0.036031615
0.0,0.040208228
0.0,0.023668915
0.0,0.06989529
0.0,0.042543873
0.0,0.07760131
0.0,0.109405026
0.0,0.062957354
0.0,0.048140187
0.0,0.030723777
0.0,0.091095634
0.0,0.046716996
0.0,0.041910544
0.0,0.04070299
0.0,0.0566127
0.0,0.040043548
0.0,0.04179898
0.0,0.04684709
0.0,0.029614316
0.0,0.041512378
0.0,0.031271137
0.0,0.08766475
0.0,0.049948074
0.0,0.09282251
0.0,0.048026416
0.0,0.061510667
0.0,0.050854146
0.0,0.07030771
0.0,0.04177694
0.0,0.07333494
0.0,0.022504978
0.0,0.07978228
0.0,0.034708448
0.0,0.029812645
0.0,0.029111624
0.0,0.044614967
0.0,0.021655936
0.0,0.040990867
0.0,0.104791075
0.0,0.02788579
0.0,0.0201089
0.0,0.06209372
0.0,0.07001187
0.0,0.08525714
0.0,0.04814845
0.0,0.061545406
0.0,0.057971787
0.0,0.07459864
0.0,0.021248255
0.0,0.06652148
0.0,0.050382517
0.0,0.05542762
0.0,0.06466696
0.0,0.033092104
0.0,0.026422668
0.0,0.051454283
0.0,0.07149506
0.0,0.046395566
0.0,0.042554565
0.0,0.044578347
0.0,0.04229986
0.0,0.03979812
0.0,0.07426535
0.0,0.070791796
0.0,0.036939166
0.0,0.060605478
0.0,0.065870814
0.0,0.0726804
0.0,0.018920004
1.0,0.08039821
0.0,0.07566499
0.0,0.020347197
0.0,0.085570365
0.0,0.025894191
0.0,0.06691864
0.0,0.03483936
0.0,0.023460142
0.0,0.1126415
0.0,0.022868712
0.0,0.05695777
0.0,0.054414093
0.0,0.05231626
0.0,0.07189982
0.0,0.037752617
0.0,0.10016689
0.0,0.15918265
0.0,0.055327777
0.0,0.05437722
0.0,0.098366864
0.0,0.052515686
0.0,0.13441108
0.0,0.050168484
0.0,0.042691816
0.0,0.04171913
0.0,0.09590119
0.0,0.037361547
0.0,0.013138428
0.0,0.060180943
0.0,0.054886688
0.0,0.06126683
0.0,0.061677493
0.0,0.057494253
0.0,0.042105827
0.0,0.048136856
0.0,0.041180488
0.0,0.10986203
1.0,0.047883615
0.0,0.072231404
0.0,0.056823194
0.0,0.075094074
0.0,0.059292607
0.0,0.059810527
0.0,0.084488735
0.0,0.053467646
0.0,0.21097252
0.0,0.060973085
1.0,0.072510496
0.0,0.09664568
0.0,0.04078986
0.0,0.07127653
0.0,0.049656928
0.0,0.07099296
0.0,0.020114183
0.0,0.072986156
0.0,0.116428114
0.0,0.055958
0.0,0.07072673
0.0,0.05098514
0.0,0.040913302
0.0,0.05890611
0.0,0.08351281
0.0,0.05903442
0.0,0.06401336
0.0,0.00619678
0.0,0.049545694
0.0,0.05782811
0.0,0.043739915
0.0,0.03517238
0.0,0.037414357
0.0,0.065476544
0.0,0.09871472
0.0,0.040824573
0.0,0.048130866
0.0,0.103476875
0.0,0.07001674
0.0,0.08046632
0.0,0.031058928
0.0,0.051248454
0.0,0.030931365
1.0,0.056011375
0.0,0.041443452
0.0,0.019227346
0.0,0.044193596
0.0,0.056867156
0.0,0.0765938
0.0,0.08857798
0.0,0.06608194
0.0,0.04617823
0.0,0.03113856
0.0,0.087767504
0.0,0.04038753
0.0,0.05826763
0.0,0.05403302
0.0,0.09236765
0.0,0.03667088
0.0,0.046988282
0.0,0.045987695
0.0,0.035183687
0.0,0.18381567
0.0,0.05828408
0.0,0.03631077
0.0,0.057981767
0.0,0.03344623
0.0,0.03177631
0.0,0.07042141
0.0,0.045311004
0.0,0.11679803
0.0,0.055141985
0.0,0.09837371
0.0,0.07957159
0.0,0.058247697
0.0,0.04395615
0.0,0.03384828
0.0,0.06345282
0.0,0.0626508
0.0,0.08088674
0.0,0.050710626
0.0,0.09296346
0.0,0.03328703
0.0,0.037691835
0.0,0.08063227
0.0,0.03934136
0.0,0.037781574
0.0,0.07492176
0.0,0.06989959
0.0,0.045658328
0.0,0.14205691
0.0,0.048026647
0.0,0.07654672
0.0,0.024408663
0.0,0.03529553
0.0,0.033709727
0.0,0.046840057
0.0,0.031380806
0.0,0.045506567
0.0,0.05880722
0.0,0.039544296
0.0,0.04824877
0.0,0.031944048
0.0,0.078563616
0.0,0.02770995
0.0,0.057856023
0.0,0.053580225
0.0,0.04289716
0.0,0.026790101
0.0,0.06064216
0.0,0.08692846
0.0,0.05483228
0.0,0.030528452
0.0,0.0675838
0.0,0.060262036
0.0,0.09294954
0.0,0.06803162
0.0,0.08595951
0.0,0.0515868
0.0,0.05298181
0.0,0.050237596
0.0,0.040563043
0.0,0.093443856
0.0,0.044862688
0.0,0.032060463
0.0,0.05694479
0.0,0.035583436
0.0,0.04670243
0.0,0.059643548
0.0,0.051916733
0.0,0.1308118
0.0,0.07162994
0.0,0.04226885
0.0,0.041963916
0.0,0.047653466
0.0,0.082679704
0.0,0.021946542
0.0,0.024561657
0.0,0.06837762
0.0,0.05049503
0.0,0.045902424
0.0,0.13099694
0.0,0.034049075
0.0,0.027240388
0.0,0.025919318
0.0,0.049164277
0.0,0.018374825
0.0,0.06919066
0.0,0.051652666
0.0,0.026308727
0.0,0.065882795
0.0,0.03005005
0.0,0.085324824
0.0,0.10707521
0.0,0.06262909
0.0,0.04278446
0.0,0.033670608
0.0,0.055945978
0.0,0.059635103
0.0,0.049882427
0.0,0.07020188
0.0,0.10698768
0.0,0.07648486
0.0,0.06904904
0.0,0.03440094
0.0,0.044138335
0.0,0.022698116
0.0,0.060978595
0.0,0.037314814
0.0,0.11174546
0.0,0.10624442
0.0,0.03465495
0.0,0.076640196
0.0,0.049665097
0.0,0.061599076
0.0,0.11663421
0.0,0.03696341
0.0,0.06816072
0.0,0.118635155
0.0,0.028071085
0.0,0.120109625
0.0,0.05018904
0.0,0.114706285
0.0,0.05209578
1.0,0.053197823
1.0,0.055825647
0.0,0.023863949
0.0,0.03670886
0.0,0.04453511
0.0,0.039455716
0.0,0.11462542
1.0,0.054016493
0.0,0.046712272
0.0,0.064064935
0.0,0.050556995
0.0,0.04337613
0.0,0.035438947
0.0,0.045567043
0.0,0.023571871
0.0,0.06607226
0.0,0.058303494
0.0,0.039092444
0.0,0.027813032
0.0,0.09000163
0.0,0.09451941
0.0,0.037457947
0.0,0.10066793
0.0,0.0947551
0.0,0.044894293
0.0,0.0446648
0.0,0.076370314
0.0,0.05299811
0.0,0.08042379
0.0,0.03537877
0.0,0.08326569
0.0,0.042629406
0.0,0.095903955
0.0,0.036532685
0.0,0.12523049
1.0,0.07896507
0.0,0.025394756
0.0,0.113265306
0.0,0.027534954
0.0,0.07619074
0.0,0.029107973
0.0,0.03418868
0.0,0.1724685
0.0,0.06441976
0.0,0.07310611
0.0,0.03431184
0.0,0.04987653
0.0,0.047873158
0.0,0.020369884
0.0,0.15523699
0.0,0.069630064
0.0,0.09465701
0.0,0.027199568
0.0,0.11786835
0.0,0.06766451
0.0,0.045051783
0.0,0.026199438
0.0,0.019751247
0.0,0.05802735
0.0,0.06295026
0.0,0.018352699
0.0,0.06288965
0.0,0.06091299
0.0,0.06619672
0.0,0.10390419
0.0,0.09433646
0.0,0.031155001
0.0,0.048946805
0.0,0.04632105
0.0,0.11983828
0.0,0.0481445
0.0,0.058890972
0.0,0.05167321
0.0,0.09646313
0.0,0.11902284
0.0,0.024844974
0.0,0.080039024
0.0,0.07114695
0.0,0.052636273
0.0,0.026515903
0.0,0.07843362
0.0,0.05428973
0.0,0.08412027
0.0,0.17655493
0.0,0.07518252
0.0,0.07728449
0.0,0.020878244
0.0,0.04776155
0.0,0.05671666
0.0,0.0999098
0.0,0.06304401
0.0,0.10476627
0.0,0.020097395
0.0,0.058749907
1.0,0.04532481
0.0,0.07667217
0.0,0.033221908
0.0,0.04781421
0.0,0.039390955
0.0,0.038991652
0.0,0.046492234
0.0,0.022845618
0.0,0.02589218
0.0,0.0801183
0.0,0.077113554
0.0,0.062419467
0.0,0.04597772
0.0,0.10787107
0.0,0.07342413
0.0,0.026793104
0.0,0.090270475
0.0,0.074554704
0.0,0.059927486
0.0,0.045964435
0.0,0.01830147
0.0,0.071491346
0.0,0.060806513
0.0,0.09228167
1.0,0.042194
0.0,0.017031342
0.0,0.10796622
0.0,0.08938712
0.0,0.048391856
0.0,0.026255803
0.0,0.08596902
0.0,0.10921561
0.0,0.039337553
0.0,0.0671361
0.0,0.092658505
0.0,0.08180156
0.0,0.070121184
0.0,0.02749777
0.0,0.034533065
0.0,0.045634925
0.0,0.04120561
0.0,0.05113746
0.0,0.05412113
0.0,0.022230275
0.0,0.05452457
0.0,0.17109382
0.0,0.1418784
0.0,0.1269627
0.0,0.04343224
0.0,0.084423296
0.0,0.06149627
0.0,0.05863808
0.0,0.052540734
0.0,0.05069445
0.0,0.08341956
0.0,0.029339738
0.0,0.056184083
0.0,0.05550479
0.0,0.04339692
0.0,0.09700941
0.0,0.055045612
0.0,0.061219636
0.0,0.03806521
0.0,0.035329428
0.0,0.063453816
0.0,0.07765621
0.0,0.024028545
0.0,0.16535674
0.0,0.15763971
0.0,0.031320486
0.0,0.085707635
1.0,0.12308306
0.0,0.03505424
0.0,0.03240324
0.0,0.03554811
0.0,0.025953589
0.0,0.074902534
0.0,0.0572194
0.0,0.09018943
0.0,0.06910576
0.0,0.12042323
1.0,0.06079286
0.0,0.073533654
0.0,0.058692366
0.0,0.013936209
0.0,0.07014948
0.0,0.03650453
0.0,0.06468627
0.0,0.06986243
0.0,0.039417036
0.0,0.037670724
0.0,0.0469338
0.0,0.039102435
0.0,0.0678127
1.0,0.049121886
0.0,0.060463924
0.0,0.14679445
0.0,0.13418919
0.0,0.03510335
1.0,0.038001135
0.0,0.05865458
0.0,0.07569947
0.0,0.028312344
0.0,0.05092918
0.0,0.09015845
0.0,0.026145186
0.0,0.08097216
0.0,0.056071702
0.0,0.029451609
0.0,0.038496174
0.0,0.10342328
0.0,0.029048476
0.0,0.11339727
0.0,0.06129114
0.0,0.04039685
0.0,0.045156654
0.0,0.08051046
0.0,0.02738866
0.0,0.17052047
0.0,0.039377056
0.0,0.0592553
0.0,0.08844653
0.0,0.055508923
0.0,0.08153206
0.0,0.035849303
0.0,0.0512596
0.0,0.06570358
0.0,0.05172355
0.0,0.05554464
0.0,0.0475591
0.0,0.018413225
0.0,0.05000212
0.0,0.06022854
0.0,0.030939065
0.0,0.047889277
0.0,0.044629842
0.0,0.14134061
0.0,0.050953057
0.0,0.061968718
0.0,0.045969322
0.0,0.04365097
0.0,0.047845863
0.0,0.032403227
0.0,0.04158624
0.0,0.040209264
0.0,0.047294553
0.0,0.0807277
0.0,0.038202442
0.0,0.052175626
0.0,0.072430745
2.0,0.07217032
0.0,0.06747572
0.0,0.0801449
0.0,0.015669893
0.0,0.14319994
0.0,0.016055316
0.0,0.035129137
0.0,0.06301792
0.0,0.04627983
0.0,0.040639848
0.0,0.037357934
0.0,0.053185903
0.0,0.09837512
0.0,0.08184682
0.0,0.06790781
0.0,0.037199054
0.0,0.04159935
0.0,0.08024405
0.0,0.069946796
0.0,0.11546292
0.0,0.06260837
0.0,0.083591305
1.0,0.025517209
1.0,0.06695798
1.0,0.04018835
0.0,0.03398202
1.0,0.044862792
0.0,0.052723818
0.0,0.049905293
0.0,0.079999045
0.0,0.06523717
0.0,0.030846393
0.0,0.011651381
0.0,0.08057237
0.0,0.08665126
0.0,0.026360715
0.0,0.06677652
0.0,0.100904934
0.0,0.056763154
0.0,0.076561175
0.0,0.091065705
0.0,0.035313442
0.0,0.070167646
0.0,0.03079945
0.0,0.05602254
0.0,0.027327895
0.0,0.02827357
0.0,0.05404075
0.0,0.11263747
0.0,0.051661484
0.0,0.04126562
0.0,0.048367932
0.0,0.023970846
0.0,0.050233692
0.0,0.085123375
0.0,0.10360315
0.0,0.03633398
0.0,0.06521049
0.0,0.038309775
0.0,0.07242908
0.0,0.03202752
0.0,0.035206594
0.0,0.050353266
0.0,0.035699613
0.0,0.015672771
0.0,0.033176962
0.0,0.07399623
0.0,0.051438954
0.0,0.07593692
0.0,0.09577371
0.0,0.07063366
0.0,0.043893065
0.0,0.033846892
0.0,0.07899241
0.0,0.027365671
0.0,0.01870501
0.0,0.077102125
0.0,0.050387397
0.0,0.047137335
0.0,0.08134487
0.0,0.08527471
1.0,0.04574783
1.0,0.09583623
0.0,0.082621925
0.0,0.0409757
0.0,0.041939672
0.0,0.022114728
0.0,0.025476918
0.0,0.019070204
0.0,0.085909806
0.0,0.04144033
0.0,0.058003336
0.0,0.05750636
0.0,0.025719648
0.0,0.08090496
1.0,0.07154189
0.0,0.088445075
0.0,0.05269627
0.0,0.053256884
0.0,0.07559499
0.0,0.026737355
0.0,0.03825182
0.0,0.035138153
0.0,0.08241889
0.0,0.05893499
0.0,0.05827955
0.0,0.013220188
0.0,0.024562605
0.0,0.07518075
0.0,0.05226046
0.0,0.11748337
0.0,0.09047322
0.0,0.039686613
0.0,0.03694947
0.0,0.059308384
0.0,0.038689714
0.0,0.0602896
0.0,0.069331914
0.0,0.051059466
0.0,0.05949133
1.0,0.040126294
0.0,0.038519714
0.0,0.024846323
0.0,0.045806877
0.0,0.06847064
0.0,0.11946145
1.0,0.053053685
0.0,0.07432471
0.0,0.041160934
0.0,0.104179636
1.0,0.051416244
0.0,0.066174805
0.0,0.07676712
0.0,0.045128047
0.0,0.050274715
0.0,0.051988076
0.0,0.0754785
0.0,0.046900444
0.0,0.041870676
0.0,0.045461133
0.0,0.03317002
1.0,0.053789265
0.0,0.03931415
0.0,0.041346177
0.0,0.06599106
0.0,0.09278472
0.0,0.066825196
0.0,0.06874161
0.0,0.010049953
0.0,0.07439307
0.0,0.06121736
0.0,0.060377
0.0,0.050723974
0.0,0.038205136
0.0,0.0652237
0.0,0.05181716
0.0,0.08434455
0.0,0.040587615
0.0,0.05190792
0.0,0.037966743
0.0,0.10898333
0.0,0.055694766
0.0,0.1221222
0.0,0.110021405
0.0,0.0636473
0.0,0.05727943
0.0,0.07560485
0.0,0.041776843
0.0,0.058096647
0.0,0.09502232
0.0,0.07526468
0.0,0.04974995
0.0,0.04719309
0.0,0.052116524
0.0,0.1614644
0.0,0.040488414
0.0,0.060463376
0.0,0.04357446
0.0,0.06469018
0.0,0.05340163
0.0,0.01932461
0.0,0.053969778
0.0,0.13468818
0.0,0.03434086
0.0,0.057241287
0.0,0.02463203
0.0,0.05484593
1.0,0.036126304
0.0,0.03623192
0.0,0.029625954
0.0,0.038838305
0.0,0.061150927
0.0,0.04716416
0.0,0.10107861
2.0,0.04957925
0.0,0.026601259
0.0,0.027503567
0.0,0.08512939
1.0,0.049763665
0.0,0.03111674
0.0,0.033623792
0.0,0.032963403
0.0,0.025258785
0.0,0.04588096
0.0,0.024014939
0.0,0.11330792
1.0,0.019356262
0.0,0.085219145
0.0,0.052433863
0.0,0.11933762
0.0,0.015203462
0.0,0.049788803
1.0,0.056818113
0.0,0.084106274
0.0,0.03588296
0.0,0.16157758
0.0,0.034709707
0.0,0.19093494
0.0,0.095432
0.0,0.037490897
0.0,0.048113726
0.0,0.09049208
0.0,0.10293984
0.0,0.03042932
0.0,0.039280064
0.0,0.047322232
0.0,0.025936775
0.0,0.09192991
0.0,0.06858108
0.0,0.04327579
0.0,0.022873271
0.0,0.04723136
0.0,0.009792689
0.0,0.05171539
0.0,0.024320157
0.0,0.051363755
0.0,0.053201325
0.0,0.063545376
0.0,0.075568624
0.0,0.055034366
0.0,0.016271587
0.0,0.031064764
0.0,0.058095884
0.0,0.075370036
0.0,0.08195515
0.0,0.079109035
0.0,0.15059319
0.0,0.07098279
0.0,0.06403167
0.0,0.04892282
0.0,0.058737006
0.0,0.039941102
0.0,0.04751941
0.0,0.047744676
0.0,0.01975932
0.0,0.050748628
0.0,0.034517244
0.0,0.08863591
1.0,0.046278574
0.0,0.07630503
0.0,0.10478888
0.0,0.013138015
1.0,0.034499094
0.0,0.036235806
0.0,0.10773867
0.0,0.049020335
0.0,0.04033818
0.0,0.089448474
0.0,0.03029355
0.0,0.040361963
0.0,0.06407805
0.0,0.034785677
0.0,0.041555513
0.0,0.022011343
0.0,0.038522303
0.0,0.057623334
0.0,0.09989091
0.0,0.023548448
0.0,0.06239194
0.0,0.034780834
0.0,0.075702466
0.0,0.04366681
0.0,0.083443515
0.0,0.05679873
0.0,0.035256054
0.0,0.05746342
0.0,0.077453606
0.0,0.031252176
0.0,0.023338847
0.0,0.047109045
0.0,0.07309464
0.0,0.058036037
0.0,0.044967137
0.0,0.06986316
0.0,0.04125441
0.0,0.042383004
0.0,0.03277759
1.0,0.05517118
0.0,0.04118257
0.0,0.06618504
0.0,0.07550984
0.0,0.039713684
0.0,0.044769473
0.0,0.16265234
0.0,0.05653479
0.0,0.06703586
0.0,0.103346035
0.0,0.11393211
0.0,0.024968285
0.0,0.04895096
0.0,0.05370385
1.0,0.042566966
0.0,0.046130054
0.0,0.08354914
1.0,0.099092424
0.0,0.08462962
0.0,0.081750944
0.0,0.048948787
0.0,0.05113063
0.0,0.08003025
0.0,0.06672297
0.0,0.07534655
0.0,0.048383225
0.0,0.044204995
0.0,0.06677824
0.0,0.08762156
0.0,0.08137519
0.0,0.031857327
0.0,0.06619989
0.0,0.045842208
0.0,0.038038574
0.0,0.09096667
0.0,0.022924274
0.0,0.053284954
0.0,0.021458708
0.0,0.09037142
0.0,0.07967203
0.0,0.065845214
0.0,0.032097053
0.0,0.03430829
0.0,0.040738545
0.0,0.077625334
1.0,0.026725361
0.0,0.040613927
0.0,0.06306391
0.0,0.049576297
0.0,0.04315744
1.0,0.051080067
0.0,0.080226295
0.0,0.049820174
0.0,0.07683076
0.0,0.037482068
1.0,0.08145536
0.0,0.06615171
0.0,0.067351446
0.0,0.03692756
0.0,0.045184657
0.0,0.10321644
0.0,0.056107085
0.0,0.1669133
0.0,0.086731665
0.0,0.056935
0.0,0.026883876
0.0,0.103635855
0.0,0.051888444
0.0,0.104315385
0.0,0.049467295
0.0,0.042905036
0.0,0.04571817
0.0,0.060239885
0.0,0.07502289
0.0,0.04513741
0.0,0.045847103
1.0,0.0574679
0.0,0.0391665
0.0,0.07405236
0.0,0.034077335
0.0,0.05125857
0.0,0.040882178
0.0,0.10328622
0.0,0.029668873
0.0,0.035491847
0.0,0.036152482
0.0,0.05682395
0.0,0.09100889
0.0,0.065606885
0.0,0.052308302
0.0,0.05975189
0.0,0.061083406
0.0,0.050136153
0.0,0.06363645
0.0,0.04479813
0.0,0.035914063
0.0,0.068896465
0.0,0.049140885
0.0,0.03917072
0.0,0.1307685
1.0,0.038482115
0.0,0.038770676
0.0,0.086564675
1.0,0.054449003
0.0,0.04618244
0.0,0.045530334
0.0,0.074370615
0.0,0.10781286
0.0,0.0176932
0.0,0.06228065
0.0,0.018166963
0.0,0.05136128
0.0,0.046152055
0.0,0.05915776
0.0,0.04683932
0.0,0.076251835
0.0,0.06348078
1.0,0.04596989
0.0,0.046188623
0.0,0.04465615
0.0,0.06416727
0.0,0.05089468
0.0,0.042284556
1.0,0.07135175
0.0,0.022048183
0.0,0.111753985
0.0,0.022544269
0.0,0.10445351
0.0,0.037372828
0.0,0.16898304
1.0,0.1045801
0.0,0.108891904
0.0,0.07558441
0.0,0.034350146
0.0,0.061431702
0.0,0.050870903
0.0,0.05100126
0.0,0.03581609
0.0,0.036003552
0.0,0.06530568
0.0,0.09910452
0.0,0.031392347
0.0,0.016843397
0.0,0.019300878
0.0,0.100018784
0.0,0.113504976
0.0,0.07995823
0.0,0.029908914
0.0,0.077465884
0.0,0.061011735
0.0,0.058806814
0.0,0.053477794
0.0,0.019048747
2.0,0.03320556
0.0,0.03893798
0.0,0.063397564
0.0,0.0442415
0.0,0.058840558
0.0,0.053435892
0.0,0.03799349
0.0,0.05779314
0.0,0.14302371
0.0,0.07213123
0.0,0.034937195
0.0,0.0667363
0.0,0.026581999
0.0,0.058337435
0.0,0.05331764
0.0,0.034464467
0.0,0.053681087
2.0,0.036802243
0.0,0.04318383
0.0,0.0786078
0.0,0.030190961
0.0,0.034193553
0.0,0.06818136
0.0,0.068326235
0.0,0.08496061
0.0,0.0615212
0.0,0.041066326
0.0,0.04410076
0.0,0.060409598
0.0,0.07661721
1.0,0.05154313
0.0,0.03787799
0.0,0.043785576
0.0,0.0942733
0.0,0.102801554
0.0,0.04469168
0.0,0.047144484
0.0,0.0319825
0.0,0.08641792
0.0,0.041493695
0.0,0.040357538
0.0,0.045296855
0.0,0.087011814
0.0,0.053886063
0.0,0.13344276
0.0,0.02901633
0.0,0.018547079
0.0,0.014657913
0.0,0.01751023
0.0,0.075739436
1.0,0.078514405
1.0,0.041341327
0.0,0.10390248
0.0,0.07782951
0.0,0.045917597
0.0,0.026320282
0.0,0.048689067
0.0,0.047507584
0.0,0.06678474
0.0,0.20635645
0.0,0.059541393
0.0,0.095867656
0.0,0.08508142
0.0,0.035675213
1.0,0.043432593
0.0,0.05363314
0.0,0.024795337
0.0,0.02183225
0.0,0.0896619
0.0,0.059214737
0.0,0.05355564
0.0,0.049757306
0.0,0.031326283
0.0,0.041605003
0.0,0.08098428
0.0,0.05862989
0.0,0.025316544
0.0,0.052179262
0.0,0.06932338
0.0,0.12076304
1.0,0.02574129
0.0,0.0353437
0.0,0.06521845
0.0,0.05773636
0.0,0.06341398
0.0,0.04439541
0.0,0.07445439
0.0,0.031031482
0.0,0.04049322
0.0,0.06483282
0.0,0.05440334
0.0,0.038174033
0.0,0.045839846
0.0,0.037868906
0.0,0.033432566
0.0,0.021474626
0.0,0.06907242
0.0,0.05891888
0.0,0.064798266
0.0,0.047033362
0.0,0.037390493
0.0,0.05419297
1.0,0.06168805
0.0,0.08500632
0.0,0.04733609
0.0,0.09360421
0.0,0.0408843
0.0,0.09542976
0.0,0.056974124
0.0,0.0235715
0.0,0.038771525
0.0,0.026103929
0.0,0.050207708
0.0,0.06250003
0.0,0.062240634
0.0,0.09851067
0.0,0.056271702
0.0,0.048866373
0.0,0.043148015
0.0,0.07970661
0.0,0.012777971
0.0,0.023468265
0.0,0.04765567
0.0,0.06899981
1.0,0.07016323
0.0,0.043446884
0.0,0.048596684
0.0,0.029026669
0.0,0.027452873
0.0,0.08258265
0.0,0.05534854
0.0,0.029979464
0.0,0.10157121
0.0,0.023514718
0.0,0.043992214
0.0,0.049941547
0.0,0.080109015
0.0,0.043240104
0.0,0.068587266
0.0,0.066890806
0.0,0.02436136
0.0,0.034301106
0.0,0.048976198
0.0,0.11504516
0.0,0.10790539
0.0,0.031315304
0.0,0.10056415
0.0,0.031578
0.0,0.05037702
0.0,0.045869496
0.0,0.063436635
0.0,0.048064515
0.0,0.050597657
0.0,0.026119318
0.0,0.07013884
0.0,0.1281377
0.0,0.021190401
0.0,0.05175829
0.0,0.11511202
0.0,0.032797337
0.0,0.06411888
0.0,0.08462542
0.0,0.042627495
0.0,0.10021084
0.0,0.06647151
0.0,0.052824575
0.0,0.113798924
0.0,0.08533178
0.0,0.04505013
0.0,0.056641944
0.0,0.054189093
0.0,0.17058836
0.0,0.053293444
0.0,0.033203393
0.0,0.05644536
0.0,0.06108932
0.0,0.033569563
0.0,0.040873483
0.0,0.048636325
0.0,0.04647512
0.0,0.06401495
0.0,0.048711177
0.0,0.064706996
1.0,0.020627517
0.0,0.03661668
0.0,0.028591998
0.0,0.04433239
0.0,0.024606954
0.0,0.036518753
0.0,0.038738854
0.0,0.121152304
0.0,0.050364863
0.0,0.063029625
0.0,0.04633245
0.0,0.05049332
0.0,0.025420174
0.0,0.044106312
0.0,0.015190759
0.0,0.05436469
0.0,0.03777264
0.0,0.09612704
0.0,0.03824013
0.0,0.026003212
0.0,0.06361866
0.0,0.1225464
0.0,0.063713074
0.0,0.060808398
0.0,0.15238601
0.0,0.08771905
0.0,0.05995647
0.0,0.035278857
0.0,0.06274297
0.0,0.035449307
0.0,0.094517015
0.0,0.05932247
0.0,0.041181058
0.0,0.044004425
0.0,0.07439208
0.0,0.040995516
0.0,0.03584098
0.0,0.05407966
0.0,0.04787423
0.0,0.041091613
1.0,0.044633247
0.0,0.034950428
0.0,0.037878297
0.0,0.03947886
0.0,0.10482204
0.0,0.100082695
0.0,0.06153546
0.0,0.028089175
0.0,0.056123435
0.0,0.029589133
0.0,0.082233325
0.0,0.038428973
0.0,0.09967314
0.0,0.07411866
0.0,0.03846799
0.0,0.024386559
0.0,0.033245105
0.0,0.062458083
0.0,0.050328396
0.0,0.11502522
0.0,0.086225405
0.0,0.08700816
0.0,0.121976964
0.0,0.06088973
0.0,0.052474134
0.0,0.06258419
0.0,0.038620114
0.0,0.06377395
0.0,0.055413134
0.0,0.025276508
0.0,0.05031172
0.0,0.027455125
0.0,0.04814721
0.0,0.06167517
0.0,0.062054235
0.0,0.049716845
0.0,0.06550417
0.0,0.07182302
0.0,0.10040532
0.0,0.098198995
0.0,0.08270639
0.0,0.12242605
0.0,0.040089477
0.0,0.0361257
0.0,0.05558103
0.0,0.10534802
0.0,0.04641017
0.0,0.1956115
0.0,0.09849726
0.0,0.08197728
0.0,0.026598735
0.0,0.0151288165
0.0,0.09472578
0.0,0.031149624
0.0,0.039014548
0.0,0.095925085
0.0,0.05232669
0.0,0.05845829
0.0,0.053726107
0.0,0.12134541
0.0,0.058255766
0.0,0.042584933
0.0,0.07638889
0.0,0.13605434
0.0,0.046722386
0.0,0.06112889
0.0,0.049692057
0.0,0.049119588
0.0,0.015897287
0.0,0.009627913
0.0,0.045960378
0.0,0.020853797
1.0,0.07157461
0.0,0.041759416
0.0,0.062857546
0.0,0.060064435
1.0,0.037532486
0.0,0.09992778
0.0,0.03377294
0.0,0.07574845
0.0,0.097839266
0.0,0.07785022
0.0,0.074272946
0.0,0.09348218
0.0,0.03543908
0.0,0.018474171
0.0,0.060520098
0.0,0.06138279
0.0,0.11420331
0.0,0.03332011
0.0,0.05294485
0.0,0.057503313
0.0,0.033799812
0.0,0.01895363
0.0,0.04487788
0.0,0.056397125
0.0,0.035843868
0.0,0.057005715
0.0,0.06401391
0.0,0.03184595
0.0,0.10962765
0.0,0.07446529
0.0,0.087560795
0.0,0.069236815
0.0,0.040372685
0.0,0.029447591
0.0,0.043705016
0.0,0.06015828
0.0,0.16772987
0.0,0.020857088
0.0,0.04100713
0.0,0.035060357
0.0,0.07272543
0.0,0.102364205
0.0,0.047723528
0.0,0.04159562
0.0,0.06744921
0.0,0.022364154
0.0,0.03345794
0.0,0.03165131
0.0,0.023170134
0.0,0.07076537
0.0,0.08070911
0.0,0.04140851
0.0,0.018075714
0.0,0.08914116
0.0,0.06557755
0.0,0.031743404
0.0,0.13409206
0.0,0.0490111
0.0,0.025929553
1.0,0.01581385
0.0,0.09810324
0.0,0.042852186
0.0,0.010743043
0.0,0.043176707
0.0,0.1202893
0.0,0.09987643
0.0,0.043688513
0.0,0.030499963
0.0,0.021502579
0.0,0.041491657
0.0,0.09886207
0.0,0.017184354
0.0,0.06666924
0.0,0.032531835
0.0,0.04835285
0.0,0.058435492
0.0,0.055929933
0.0,0.041882973
0.0,0.012592519
0.0,0.04943683
0.0,0.102963984
0.0,0.019700013
0.0,0.019652847
0.0,0.030579954
0.0,0.030245703
0.0,0.061510433
0.0,0.017110854
0.0,0.048519466
0.0,0.087062694
0.0,0.02937066
0.0,0.054450445
0.0,0.04229173
0.0,0.1158762
0.0,0.049364373
0.0,0.09096329
0.0,0.02294943
0.0,0.023123525
0.0,0.05224835
0.0,0.032549538
0.0,0.07846453
0.0,0.057675824
0.0,0.031206086
0.0,0.07958387
0.0,0.0751406
0.0,0.06646393
0.0,0.084430784
0.0,0.044453852
0.0,0.031326015
0.0,0.10880284
0.0,0.04510524
0.0,0.03270981
0.0,0.058981773
0.0,0.07626838
0.0,0.031983417
0.0,0.09745999
0.0,0.064469054
0.0,0.024128078
1.0,0.09421306
0.0,0.08091943
0.0,0.060494464
0.0,0.11538416
0.0,0.034580603
0.0,0.040586457
0.0,0.0866486
0.0,0.03972461
0.0,0.020201046
0.0,0.066712454
0.0,0.028382335
0.0,0.038938016
0.0,0.07274166
0.0,0.032700595
1.0,0.026603442
0.0,0.050967347
0.0,0.046399415
0.0,0.090994716
0.0,0.09239963
0.0,0.042330552
0.0,0.09238196
0.0,0.1235361
0.0,0.07172528
0.0,0.03330059
0.0,0.06936538
0.0,0.15654162
0.0,0.103427574
0.0,0.07583799
0.0,0.04565062
0.0,0.06885607
0.0,0.052105937
0.0,0.06962863
0.0,0.047130886
0.0,0.043268874
0.0,0.051158603
0.0,0.049945
0.0,0.08128946
0.0,0.06137464
0.0,0.046386473
0.0,0.10092473
0.0,0.035664447
0.0,0.025866931
0.0,0.037901588
0.0,0.08332137
0.0,0.036965735
0.0,0.13789545
0.0,0.025881823
0.0,0.046388954
0.0,0.12852983
0.0,0.03279169
0.0,0.067610525
0.0,0.057264466
0.0,0.06559671
0.0,0.069736026
0.0,0.037029125
0.0,0.06318941
0.0,0.07490537
0.0,0.093072966
0.0,0.057765782
0.0,0.029415496
1.0,0.029643519
0.0,0.09253888
0.0,0.08061918
1.0,0.04513078
0.0,0.08745368
0.0,0.047754668
0.0,0.060825594
0.0,0.051768657
0.0,0.03893991
0.0,0.04534338
0.0,0.059691034
0.0,0.08925864
0.0,0.030473476
0.0,0.014059349
0.0,0.09990877
0.0,0.026416268
0.0,0.097252205
0.0,0.012627695
0.0,0.187193
0.0,0.031727847
0.0,0.056289148
0.0,0.058606185
0.0,0.03384825
0.0,0.037416283
0.0,0.043663688
0.0,0.03769146
0.0,0.106358975
0.0,0.123534106
0.0,0.027817555
0.0,0.06542143
0.0,0.12104923
0.0,0.05554125
0.0,0.044359837
0.0,0.039450917
0.0,0.046734374
0.0,0.063304946
0.0,0.03433413
0.0,0.013729886
0.0,0.037184175
0.0,0.06479153
0.0,0.06253907
0.0,0.086193755
0.0,0.07229846
1.0,0.02353628
0.0,0.06073068
0.0,0.061654642
0.0,0.065351546
0.0,0.046437353
0.0,0.11996361
0.0,0.04157888
0.0,0.03346338
0.0,0.13632147
0.0,0.02841646
0.0,0.085391656
0.0,0.059258915
0.0,0.08084602
0.0,0.054660793
0.0,0.049209144
0.0,0.02601776
0.0,0.06487528
0.0,0.031245947
1.0,0.06988032
0.0,0.037910696
0.0,0.028461087
0.0,0.0406539
0.0,0.06870107
0.0,0.051952343
0.0,0.04922231
0.0,0.089350134
0.0,0.04888227
0.0,0.024128906
0.0,0.060726497
0.0,0.027857656
0.0,0.04007403
0.0,0.12288956
0.0,0.065837465
0.0,0.054369546
0.0,0.029551445
0.0,0.05093518
0.0,0.072324924
0.0,0.035144534
0.0,0.042092677
0.0,0.036940433
0.0,0.04208194
0.0,0.051169485
1.0,0.0586562
0.0,0.069081314
1.0,0.08963904
0.0,0.041403394
0.0,0.023757042
0.0,0.0505049
0.0,0.04538024
0.0,0.08426367
0.0,0.061206065
0.0,0.0944312
0.0,0.052048996
0.0,0.09324697
0.0,0.052417964
0.0,0.09602934
0.0,0.06701429
0.0,0.025896834
1.0,0.031354528
0.0,0.061783634
1.0,0.098448984
0.0,0.1304124
0.0,0.1150301
1.0,0.034953758
1.0,0.07820633
0.0,0.05027915
0.0,0.02532118
0.0,0.12999003
0.0,0.019610826
0.0,0.04649228
0.0,0.07347621
0.0,0.0855819
0.0,0.04329034
0.0,0.036885973
0.0,0.039137058
0.0,0.105621904
0.0,0.10757063
0.0,0.10202317
0.0,0.102549806
0.0,0.06200107
0.0,0.0993351
0.0,0.025002932
0.0,0.029836651
0.0,0.031633038
0.0,0.072562866
1.0,0.08395043
0.0,0.066995315
0.0,0.077922195
0.0,0.037446465
0.0,0.065191805
0.0,0.10594341
0.0,0.042456813
0.0,0.03090695
0.0,0.044346977
0.0,0.11129288
0.0,0.041833475
0.0,0.02829075
0.0,0.09232159
0.0,0.06538943
0.0,0.121965185
0.0,0.0150684975
0.0,0.11718971
0.0,0.06455287
0.0,0.05633646
0.0,0.06321454
0.0,0.039331965
0.0,0.025172682
0.0,0.040864754
0.0,0.053410746
0.0,0.09458394
0.0,0.046775885
0.0,0.055682365
0.0,0.06993386
0.0,0.0582112
0.0,0.047914334
0.0,0.02499628
0.0,0.04193817
0.0,0.07048585
0.0,0.05053094
0.0,0.047890488
0.0,0.03834527
0.0,0.05231681
0.0,0.05002244
0.0,0.037732136
0.0,0.038018245
0.0,0.04937195
0.0,0.066569805
0.0,0.1197188
2.0,0.033933785
0.0,0.035358667
0.0,0.038673427
0.0,0.0357295
0.0,0.04652
0.0,0.026528563
0.0,0.10224308
1.0,0.05280881
0.0,0.061754476
0.0,0.039928325
0.0,0.01755828
0.0,0.056031317
0.0,0.10225856
0.0,0.040158812
0.0,0.10178422
0.0,0.052916165
0.0,0.07046552
0.0,0.063546896
0.0,0.061606094
0.0,0.036820162
0.0,0.08446513
0.0,0.04881672
0.0,0.044860974
0.0,0.074223876
0.0,0.06394207
0.0,0.060327906
0.0,0.057548273
0.0,0.052981533
0.0,0.03803721
0.0,0.078460366
0.0,0.020817872
0.0,0.061353218
0.0,0.07337583
0.0,0.045805063
0.0,0.08631615
0.0,0.08399129
0.0,0.034692977
0.0,0.00928616
0.0,0.042066533
0.0,0.07695014
0.0,0.047565885
0.0,0.08056142
0.0,0.035265803
0.0,0.05298521
0.0,0.045769013
0.0,0.039676853
0.0,0.059915513
0.0,0.09664568
0.0,0.058535345
0.0,0.058787093
0.0,0.09271948
0.0,0.055207603
0.0,0.04353585
0.0,0.037818994
0.0,0.067721754
0.0,0.035476733
0.0,0.06723059
0.0,0.06757662
0.0,0.09520292
0.0,0.06574673
0.0,0.04974483
0.0,0.0831134
0.0,0.108085185
0.0,0.06519053
0.0,0.045026377
1.0,0.0198141
0.0,0.09185848
1.0,0.04605998
0.0,0.05839797
0.0,0.04421231
0.0,0.040812448
0.0,0.023281248
0.0,0.043163862
0.0,0.05142404
0.0,0.038484573
0.0,0.049717154
0.0,0.080955595
0.0,0.09949713
0.0,0.12804571
0.0,0.039862905
0.0,0.056216363
0.0,0.066215046
0.0,0.054626137
0.0,0.04775321
0.0,0.085887566
0.0,0.034912564
0.0,0.051381417
0.0,0.05694759
0.0,0.041039445
0.0,0.062316507
0.0,0.045975458
0.0,0.028030984
0.0,0.029716022
0.0,0.026095353
0.0,0.09808252
0.0,0.06258878
0.0,0.0434129
0.0,0.03930077
0.0,0.083026536
0.0,0.039513044
0.0,0.0707398
0.0,0.020087738
0.0,0.050924055
0.0,0.030182226
0.0,0.057128888
0.0,0.09024955
0.0,0.08819121
0.0,0.026881479
0.0,0.070602745
0.0,0.04377958
0.0,0.10872982
0.0,0.06577978
0.0,0.05406191
0.0,0.034421533
0.0,0.066153884
0.0,0.039102625
0.0,0.10906292
0.0,0.08990855
0.0,0.051281944
0.0,0.08988789
0.0,0.02254188
0.0,0.05728633
0.0,0.042685486
0.0,0.088720135
0.0,0.13424106
0.0,0.03939043
0.0,0.06514196
0.0,0.06370047
1.0,0.06069105
0.0,0.042010024
0.0,0.057084423
0.0,0.03675412
0.0,0.022401918
0.0,0.07376027
0.0,0.026584178
0.0,0.044743925
0.0,0.05640253
0.0,0.020404054
0.0,0.06327063
0.0,0.032291353
0.0,0.09763225
0.0,0.07128173
0.0,0.10065137
0.0,0.07987436
0.0,0.03877822
0.0,0.029486176
0.0,0.032089524
0.0,0.083877906
0.0,0.085763365
0.0,0.10158407
0.0,0.022537539
0.0,0.07825266
0.0,0.03865696
0.0,0.10485703
0.0,0.05477936
0.0,0.06517856
0.0,0.06463364
0.0,0.04290207
0.0,0.0571278
0.0,0.07160175
0.0,0.068590716
0.0,0.059892606
0.0,0.055595834
0.0,0.0691104
0.0,0.023699248
0.0,0.03477612
0.0,0.03973649
0.0,0.09558296
0.0,0.02948072
0.0,0.06187102
0.0,0.049947858
0.0,0.046150826
0.0,0.047818564
0.0,0.08334191
0.0,0.064998426
0.0,0.062523805
0.0,0.06261834
0.0,0.055163026
1.0,0.03936249
1.0,0.05582429
0.0,0.041228782
0.0,0.038859703
0.0,0.07340568
0.0,0.08899224
0.0,0.046044372
0.0,0.03809045
0.0,0.0515523
0.0,0.040478297
0.0,0.049386997
1.0,0.07488768
0.0,0.082931735
0.0,0.02739698
0.0,0.0995024
0.0,0.030062892
0.0,0.099901766
0.0,0.019568129
0.0,0.10721588
0.0,0.053879794
0.0,0.031376228
0.0,0.0525852
0.0,0.032535218
0.0,0.047702506
0.0,0.08550476
0.0,0.087406404
0.0,0.076641
0.0,0.035645064
1.0,0.067645416
0.0,0.03186366
0.0,0.039712038
0.0,0.07225168
0.0,0.058014482
0.0,0.049970776
0.0,0.09194772
0.0,0.037058957
0.0,0.03868947
0.0,0.05970756
0.0,0.07760694
0.0,0.03861606
0.0,0.034307584
0.0,0.025457717
0.0,0.1173913
0.0,0.062777326
0.0,0.07322239
0.0,0.059325386
0.0,0.10669781
0.0,0.029752828
0.0,0.07149234
0.0,0.04672417
0.0,0.049935333
0.0,0.03726986
1.0,0.059102014
0.0,0.081849396
0.0,0.029567301
0.0,0.035904374
0.0,0.0664069
0.0,0.03488614
0.0,0.07924191
0.0,0.04561378
0.0,0.10405472
0.0,0.094260246
0.0,0.030599253
0.0,0.04636427
0.0,0.10859318
0.0,0.035420228
0.0,0.11515182
0.0,0.04292982
1.0,0.068195865
0.0,0.06699039
0.0,0.06433767
1.0,0.06520915
0.0,0.040775392
0.0,0.038101293
0.0,0.050922308
0.0,0.07854687
0.0,0.096789986
0.0,0.07437222
0.0,0.11665813
0.0,0.04153782
0.0,0.037133038
0.0,0.053541865
0.0,0.16427508
0.0,0.0707287
0.0,0.09296656
0.0,0.020898543
0.0,0.07312353
0.0,0.055859067
0.0,0.034258608
0.0,0.050803732
0.0,0.04642139
0.0,0.103866145
0.0,0.03828109
0.0,0.06089083
0.0,0.035285536
0.0,0.032934744
0.0,0.03913232
0.0,0.08582378
0.0,0.07276143
0.0,0.049400706
0.0,0.047872428
0.0,0.053748243
0.0,0.077742495
0.0,0.060874224
0.0,0.06675145
0.0,0.06652272
0.0,0.04445555
0.0,0.04942271
0.0,0.03501226
0.0,0.070701234
0.0,0.043983743
0.0,0.068782695
0.0,0.08296454
0.0,0.10037319
0.0,0.12759234
0.0,0.13423216
0.0,0.12815334
0.0,0.029929671
0.0,0.0451322
0.0,0.13278463
0.0,0.064407505
0.0,0.05323325
0.0,0.099029675
0.0,0.040761143
0.0,0.0485051
0.0,0.03897537
0.0,0.08383524
0.0,0.026928267
0.0,0.09931892
0.0,0.079911925
0.0,0.044171095
0.0,0.022073861
0.0,0.09626623
0.0,0.061086085
0.0,0.092364036
0.0,0.0388469
0.0,0.10166698
0.0,0.08582894
0.0,0.057248875
0.0,0.028760131
0.0,0.08184908
0.0,0.056574162
0.0,0.09025069
0.0,0.104607604
0.0,0.057174046
0.0,0.0481846
0.0,0.041754197
0.0,0.04906659
0.0,0.033985782
0.0,0.111828245
0.0,0.061025936
0.0,0.03824168
0.0,0.040560916
0.0,0.066896066
0.0,0.059079982
1.0,0.09860275
0.0,0.035393804
0.0,0.051963143
0.0,0.07168986
0.0,0.07028183
0.0,0.050919976
0.0,0.035712164
0.0,0.16109501
0.0,0.043711454
0.0,0.028159393
0.0,0.05039052
0.0,0.031441063
0.0,0.08285339
0.0,0.052551758
0.0,0.09034704
0.0,0.028706985
0.0,0.05202557
0.0,0.060526896
0.0,0.03823712
0.0,0.095603384
0.0,0.07891999
0.0,0.09444691
0.0,0.064037114
0.0,0.027859276
0.0,0.011559006
0.0,0.041031934
0.0,0.04890269
0.0,0.043596927
0.0,0.04742194
0.0,0.065554306
0.0,0.064147994
0.0,0.08936606
0.0,0.11607385
0.0,0.014731324
0.0,0.055111915
0.0,0.07565692
0.0,0.07442557
2.0,0.078857675
0.0,0.0787489
0.0,0.023254331
0.0,0.023458542
0.0,0.016890207
0.0,0.07397717
0.0,0.03900471
0.0,0.02708557
0.0,0.013456091
0.0,0.064237066
0.0,0.032488227
0.0,0.04379735
0.0,0.04249619
0.0,0.038722657
0.0,0.027142819
0.0,0.07946575
0.0,0.06773463
0.0,0.06637241
0.0,0.050011396
2.0,0.061670374
0.0,0.05999948
0.0,0.1249696
0.0,0.03532557
0.0,0.014147332
0.0,0.06478718
0.0,0.058453914
0.0,0.060500436
0.0,0.04798043
0.0,0.047953054
0.0,0.040660392
0.0,0.045460567
0.0,0.059480567
0.0,0.03914667
0.0,0.079222284
0.0,0.057133205
0.0,0.04682775
0.0,0.043476332
0.0,0.047197726
0.0,0.05544102
0.0,0.059334807
0.0,0.061035655
0.0,0.07961921
0.0,0.045282643
0.0,0.10365785
0.0,0.049212452
0.0,0.1042935
0.0,0.04533419
0.0,0.075023785
0.0,0.029039418
0.0,0.023189146
0.0,0.07052754
0.0,0.047462888
0.0,0.061423823
0.0,0.034524534
0.0,0.028086122
0.0,0.04325225
0.0,0.06655221
0.0,0.039006084
0.0,0.03570438
0.0,0.06706035
0.0,0.060459223
0.0,0.0451203
0.0,0.043474134
0.0,0.021797206
0.0,0.13263077
0.0,0.074639216
0.0,0.091765285
0.0,0.03694723
0.0,0.05105854
0.0,0.10725815
0.0,0.042613573
0.0,0.04703998
0.0,0.0350527
0.0,0.05731552
0.0,0.062935494
0.0,0.101038754
0.0,0.026127925
0.0,0.0920876
0.0,0.04560656
1.0,0.044679325
0.0,0.030908335
0.0,0.054445796
0.0,0.0495741
0.0,0.044400975
0.0,0.019921066
0.0,0.10172464
0.0,0.05792495
0.0,0.04322219
1.0,0.0756091
0.0,0.058548354
0.0,0.052218165
0.0,0.05660293
0.0,0.08070303
0.0,0.042384036
0.0,0.08304204
0.0,0.07439252
0.0,0.07559028
0.0,0.07263276
0.0,0.091700725
0.0,0.14319208
0.0,0.091509536
0.0,0.09792008
0.0,0.061976995
0.0,0.04609716
0.0,0.06783576
0.0,0.058392096
0.0,0.12527771
0.0,0.07575746
0.0,0.034307126
0.0,0.044360787
0.0,0.04283541
0.0,0.026733086
0.0,0.07123613
0.0,0.049311485
0.0,0.08913073
0.0,0.020462427
0.0,0.03373925
0.0,0.061802022
0.0,0.038107816
0.0,0.057575118
0.0,0.0635937
0.0,0.05241534
0.0,0.012787962
0.0,0.04869636
0.0,0.034903493
0.0,0.112801075
0.0,0.02593972
1.0,0.046377607
0.0,0.03986625
0.0,0.17284252
0.0,0.034082666
0.0,0.09082577
0.0,0.05548537
1.0,0.009603836
0.0,0.11861502
0.0,0.035595298
0.0,0.035774577
0.0,0.08173021
0.0,0.05160717
0.0,0.09057301
0.0,0.032962333
0.0,0.05035862
0.0,0.03489765
0.0,0.027158303
0.0,0.020511251
0.0,0.07752379
0.0,0.07107622
0.0,0.09818977
0.0,0.0659663
0.0,0.049796566
0.0,0.071279116
0.0,0.065697685
0.0,0.08592054
0.0,0.040821712
0.0,0.0670505
0.0,0.049305208
0.0,0.056045093
0.0,0.06635418
0.0,0.04303445
0.0,0.04381206
1.0,0.046840616
0.0,0.05047209
0.0,0.06506103
0.0,0.08907252
0.0,0.10922074
0.0,0.12274348
0.0,0.056359917
0.0,0.08978079
0.0,0.08188422
0.0,0.0967366
0.0,0.109568566
0.0,0.028789397
2.0,0.039001714
0.0,0.03772523
0.0,0.08412492
0.0,0.084030546
0.0,0.07194457
0.0,0.031718027
0.0,0.10113651
1.0,0.051401146
0.0,0.13638623
0.0,0.073673695
0.0,0.14182281
0.0,0.037484035
0.0,0.07745623
0.0,0.055128984
0.0,0.0184461
0.0,0.107960045
0.0,0.066953026
0.0,0.03671765
0.0,0.08403383
0.0,0.06168346
0.0,0.044933144
0.0,0.040941425
0.0,0.069357194
0.0,0.016682616
0.0,0.12955056
0.0,0.047070514
0.0,0.046146248
0.0,0.03939732
0.0,0.048313648
0.0,0.027867952
0.0,0.05220731
0.0,0.071793094
0.0,0.040189464
0.0,0.089430645
0.0,0.10444106
0.0,0.05517209
0.0,0.022879675
0.0,0.028036533
0.0,0.02962577
0.0,0.02869048
0.0,0.10775262
0.0,0.16186719
0.0,0.049287766
0.0,0.01846047
0.0,0.036085397
0.0,0.10068457
0.0,0.05347261
0.0,0.07771885
0.0,0.07169133
0.0,0.02776607
0.0,0.06334569
0.0,0.064429164
0.0,0.058331233
0.0,0.0636152
0.0,0.038950585
0.0,0.15566318
0.0,0.044061895
0.0,0.08535379
0.0,0.052198872
0.0,0.051203314
1.0,0.046962924
0.0,0.042782564
0.0,0.03948948
0.0,0.089837946
0.0,0.06156482
0.0,0.020318886
0.0,0.017821826
0.0,0.0665879
0.0,0.11314811
0.0,0.039402902
0.0,0.116465874
0.0,0.06743527
0.0,0.050649557
0.0,0.043688554
0.0,0.106472164
0.0,0.06257422
1.0,0.043315694
0.0,0.066018194
0.0,0.07902773
0.0,0.036872275
0.0,0.042279694
0.0,0.04975327
0.0,0.062215827
0.0,0.021510024
0.0,0.056194186
0.0,0.04926359
0.0,0.04378161
0.0,0.046526186
0.0,0.04197146
0.0,0.09972562
0.0,0.0637417
0.0,0.038661145
0.0,0.017915167
0.0,0.037201766
0.0,0.059139762
0.0,0.09737524
0.0,0.062294614
0.0,0.05441116
0.0,0.06460731
0.0,0.055885866
0.0,0.08935839
0.0,0.048347548
0.0,0.06545363
0.0,0.066108145
0.0,0.043236308
0.0,0.1756167
0.0,0.021042947
0.0,0.055471852
1.0,0.040656283
0.0,0.04052952
0.0,0.05336439
0.0,0.034229442
0.0,0.015836691
0.0,0.036661997
0.0,0.08701247
0.0,0.1315702
0.0,0.04008156
0.0,0.08834796
0.0,0.03980503
0.0,0.051198553
0.0,0.038906015
0.0,0.059370987
0.0,0.07712772
0.0,0.08043103
0.0,0.023137432
0.0,0.07624671
0.0,0.03880902
0.0,0.094435066
0.0,0.11638649
0.0,0.09181186
1.0,0.07502878
0.0,0.028974023
0.0,0.04345082
0.0,0.058695234
0.0,0.12997168
0.0,0.11279882
0.0,0.12241411
0.0,0.11164097
0.0,0.031545058
0.0,0.07484234
0.0,0.08792026
1.0,0.032712713
0.0,0.04857104
0.0,0.041943453
0.0,0.068860434
1.0,0.067696944
0.0,0.099613816
0.0,0.069667295
0.0,0.067727424
1.0,0.060180586
1.0,0.041426696
0.0,0.03652936
0.0,0.05813511
0.0,0.078642994
0.0,0.030331247
0.0,0.14324169
0.0,0.037067194
0.0,0.047748476
0.0,0.04700935
0.0,0.08254116
0.0,0.035482656
0.0,0.054625824
0.0,0.10090803
0.0,0.058864187
0.0,0.0547804
0.0,0.030890064
0.0,0.04712028
0.0,0.06500807
1.0,0.061774902
0.0,0.07717488
0.0,0.036278836
0.0,0.023175009
1.0,0.081591934
0.0,0.041451693
0.0,0.06340043
0.0,0.05322373
0.0,0.059303917
0.0,0.061397176
0.0,0.048001897
0.0,0.07745001
0.0,0.013271032
0.0,0.027780533
0.0,0.07179036
0.0,0.040230073
0.0,0.070431694
0.0,0.066383645
0.0,0.07731442
0.0,0.04441832
0.0,0.06342232
0.0,0.19872686
0.0,0.03388854
1.0,0.06729292
0.0,0.069271296
0.0,0.033341564
0.0,0.04428166
0.0,0.02183324
0.0,0.042335093
0.0,0.21337493
0.0,0.055082202
0.0,0.026441297
0.0,0.1047982
0.0,0.045989294
0.0,0.036811877
0.0,0.056118324
0.0,0.022428446
0.0,0.11076821
0.0,0.047330514
0.0,0.065063216
0.0,0.018114058
0.0,0.16580993
0.0,0.06365125
0.0,0.14312193
0.0,0.031050043
0.0,0.075564444
0.0,0.046376348
0.0,0.032290448
0.0,0.017576901
0.0,0.037360087
0.0,0.070969544
0.0,0.032605927
0.0,0.047478665
0.0,0.120594494
0.0,0.0592203
0.0,0.032091804
0.0,0.057347454
0.0,0.11291589
0.0,0.04350715
0.0,0.11310442
0.0,0.069548
0.0,0.050419
0.0,0.08677402
0.0,0.06347258
0.0,0.10213973
0.0,0.023369582
0.0,0.05242169
0.0,0.06778611
0.0,0.058994316
0.0,0.06105871
0.0,0.1399049
0.0,0.12948751
0.0,0.07673697
0.0,0.07203743
0.0,0.037596308
0.0,0.020541359
0.0,0.04147967
0.0,0.062393367
0.0,0.08272466
0.0,0.084347084
0.0,0.036572356
0.0,0.09532462
0.0,0.052161276
0.0,0.07004739
0.0,0.035227384
0.0,0.07597106
0.0,0.05605668
0.0,0.045955293
1.0,0.041301843
0.0,0.021782337
0.0,0.049043104
0.0,0.05240792
0.0,0.05200558
0.0,0.024323173
0.0,0.03541138
0.0,0.08220964
0.0,0.035802856
0.0,0.04201856
0.0,0.069038436
0.0,0.0834772
0.0,0.03030378
0.0,0.037471652
0.0,0.060742583
0.0,0.06051593
0.0,0.03547457
0.0,0.07553814
0.0,0.09302673
0.0,0.05640382
0.0,0.04042803
0.0,0.042540893
1.0,0.036053475
0.0,0.09561747
0.0,0.074451655
0.0,0.039649617
0.0,0.03201909
0.0,0.033748858
0.0,0.049052037
0.0,0.08481076
0.0,0.04933985
0.0,0.053707868
0.0,0.038891066
0.0,0.06466147
0.0,0.07042296
0.0,0.10576062
0.0,0.050922647
0.0,0.12424264
1.0,0.03035871
0.0,0.06674755
0.0,0.044757925
0.0,0.045985084
0.0,0.044880405
1.0,0.022282884
0.0,0.033392176
0.0,0.073934786
0.0,0.061473664
0.0,0.049127202
0.0,0.055279016
0.0,0.10077092
0.0,0.04757988
0.0,0.06264139
0.0,0.051676195
0.0,0.113206014
0.0,0.096503936
0.0,0.10444071
0.0,0.05208172
0.0,0.064308845
0.0,0.045666557
0.0,0.10258894
0.0,0.02169783
0.0,0.015381004
0.0,0.034453705
0.0,0.11850828
0.0,0.097614214
0.0,0.049821764
1.0,0.05249313
0.0,0.032214243
0.0,0.057708066
0.0,0.030861268
0.0,0.039779186
0.0,0.045646094
0.0,0.019770838
0.0,0.046914354
0.0,0.07793433
0.0,0.051541876
0.0,0.0722854
0.0,0.094666675
0.0,0.04801721
0.0,0.028933736
0.0,0.024930548
0.0,0.05693746
0.0,0.04399572
0.0,0.059052885
0.0,0.07954225
0.0,0.05869561
0.0,0.11769689
0.0,0.04350879
0.0,0.028148158
0.0,0.067006305
0.0,0.032708235
1.0,0.06449226
0.0,0.035789132
1.0,0.03685108
0.0,0.08282799
0.0,0.052098136
0.0,0.060569856
0.0,0.03599974
0.0,0.0803965
0.0,0.063369334
0.0,0.059881754
0.0,0.0501488
0.0,0.07953702
0.0,0.053927023
0.0,0.022438917
0.0,0.06290027
0.0,0.023321347
0.0,0.12693523
0.0,0.04173857
0.0,0.10377674
0.0,0.027237246
0.0,0.04836083
0.0,0.10656194
0.0,0.039995726
0.0,0.065345764
0.0,0.046185076
0.0,0.030983089
1.0,0.047447227
1.0,0.09313236
0.0,0.06311198
0.0,0.08228879
0.0,0.10169505
0.0,0.053300407
0.0,0.06863703
0.0,0.062705524
0.0,0.13116701
0.0,0.08025287
0.0,0.048217308
0.0,0.055908255
0.0,0.07618398
0.0,0.043035846
0.0,0.049544394
0.0,0.03253813
0.0,0.06773471
0.0,0.018665984
0.0,0.050542824
0.0,0.07118961
0.0,0.06530393
0.0,0.0677829
0.0,0.06954357
0.0,0.13172874
0.0,0.055821747
0.0,0.052012898
0.0,0.047760364
0.0,0.123191744
0.0,0.060921326
0.0,0.12489252
0.0,0.09538118
0.0,0.14887127
0.0,0.04039708
0.0,0.02256977
0.0,0.065982066
0.0,0.069103315
0.0,0.11375243
0.0,0.037724722
0.0,0.026061218
0.0,0.03182412
0.0,0.048763536
0.0,0.09834874
0.0,0.061839666
0.0,0.03726664
0.0,0.0553211
0.0,0.048366547
0.0,0.08726007
0.0,0.048491247
0.0,0.0710648
0.0,0.022099737
0.0,0.035944596
0.0,0.018915664
0.0,0.02235166
0.0,0.055321682
0.0,0.03451061
0.0,0.111478455
0.0,0.0530572
0.0,0.059940748
0.0,0.056638636
0.0,0.06321597
0.0,0.09939565
0.0,0.039399087
0.0,0.10019514
0.0,0.076798744
0.0,0.045148645
1.0,0.03040436
0.0,0.04393065
0.0,0.10500148
0.0,0.03824708
0.0,0.059841935
0.0,0.055798676
0.0,0.047835506
0.0,0.03907543
0.0,0.09121869
0.0,0.08022006
0.0,0.025292508
0.0,0.055871185
0.0,0.088646494
0.0,0.0911187
0.0,0.030448973
0.0,0.025799144
0.0,0.030925421
0.0,0.0968367
0.0,0.025745098
0.0,0.077938214
0.0,0.03407911
0.0,0.15247634
0.0,0.052009873
0.0,0.027182259
0.0,0.038037628
0.0,0.13290486
0.0,0.07554603
0.0,0.03190483
0.0,0.044348776
0.0,0.049333993
0.0,0.033006154
0.0,0.07486822
0.0,0.057815854
0.0,0.060837228
0.0,0.11950002
0.0,0.04414206
0.0,0.10772041
0.0,0.06952363
0.0,0.04253355
1.0,0.018358562
0.0,0.045572802
1.0,0.04894991
0.0,0.04331212
0.0,0.06858795
0.0,0.052701697
0.0,0.067415275
0.0,0.16366386
0.0,0.033869557
0.0,0.03464988
0.0,0.118754916
0.0,0.06549041
0.0,0.074821614
0.0,0.1192412
1.0,0.07289607
0.0,0.045259073
0.0,0.07447101
0.0,0.05744268
0.0,0.037168115
1.0,0.09097374
0.0,0.02203141
0.0,0.03593003
0.0,0.062990166
0.0,0.07792967
0.0,0.037758
0.0,0.08676885
0.0,0.03565438
0.0,0.0451268
0.0,0.0297725
0.0,0.21831512
0.0,0.039886158
0.0,0.041018162
0.0,0.07493469
0.0,0.030493477
0.0,0.09672581
0.0,0.03595483
0.0,0.102249734
0.0,0.03611599
0.0,0.055385478
0.0,0.036983296
0.0,0.04730486
1.0,0.07099513
0.0,0.020944253
0.0,0.06010162
0.0,0.044254832
0.0,0.060795162
0.0,0.08441174
0.0,0.07386657
0.0,0.051580183
0.0,0.092409454
0.0,0.03871335
0.0,0.059016403
0.0,0.039379105
0.0,0.048318624
0.0,0.034577914
0.0,0.04767563
0.0,0.083431736
0.0,0.05376647
0.0,0.08382281
0.0,0.057316344
0.0,0.020361397
0.0,0.09766371
0.0,0.070318535
0.0,0.055253297
0.0,0.0384039
0.0,0.054149188
0.0,0.022397216
0.0,0.10754228
0.0,0.031208215
0.0,0.0990748
0.0,0.038836323
0.0,0.04050359
0.0,0.045199156
0.0,0.13575692
0.0,0.04704675
0.0,0.043901227
0.0,0.08888723
0.0,0.011969094
0.0,0.061883736
1.0,0.047968443
0.0,0.020422218
0.0,0.067925215
0.0,0.03223322
0.0,0.05900404
0.0,0.06590088
0.0,0.044370033
0.0,0.108148366
0.0,0.024372958
0.0,0.01814333
0.0,0.036751352
0.0,0.0066706026
0.0,0.050419167
0.0,0.05523836
1.0,0.06078225
0.0,0.036598526
0.0,0.057638295
0.0,0.053612467
0.0,0.062805414
0.0,0.060968287
0.0,0.044916973
0.0,0.05336009
0.0,0.074735396
0.0,0.07688621
0.0,0.11993158
1.0,0.046485517
0.0,0.08883361
0.0,0.13391353
0.0,0.0378377
0.0,0.04707406
0.0,0.019366842
0.0,0.072662756
0.0,0.061137225
0.0,0.054798745
0.0,0.05696149
0.0,0.09208374
0.0,0.031165743
0.0,0.04570222
0.0,0.044108585
0.0,0.0920143
0.0,0.078321494
0.0,0.091483794
0.0,0.058742497
0.0,0.07719972
0.0,0.16692057
0.0,0.076918006
0.0,0.037373718
0.0,0.049241416
0.0,0.034317058
0.0,0.053557545
0.0,0.06095852
0.0,0.10571197
0.0,0.05253976
0.0,0.056894932
0.0,0.07966903
0.0,0.057543032
0.0,0.06945445
0.0,0.08122526
0.0,0.06740253
0.0,0.050537422
0.0,0.074431956
0.0,0.041845206
0.0,0.051513646
0.0,0.04418681
1.0,0.04926953
0.0,0.09984029
1.0,0.08330687
0.0,0.0405243
0.0,0.106212944
0.0,0.0671309
0.0,0.031930096
0.0,0.022832386
0.0,0.013897885
0.0,0.061063137
0.0,0.06026178
0.0,0.038813055
0.0,0.037725497
0.0,0.05361373
0.0,0.049195983
0.0,0.043821167
1.0,0.04764579
0.0,0.027014615
0.0,0.057595905
0.0,0.045438245
0.0,0.07482632
0.0,0.061728302
0.0,0.041343085
0.0,0.077664725
0.0,0.04826948
0.0,0.024279615
0.0,0.039365698
0.0,0.050070405
0.0,0.08732988
0.0,0.05560241
0.0,0.020335093
0.0,0.089105226
0.0,0.08428344
0.0,0.05682853
0.0,0.047184676
0.0,0.055756625
0.0,0.051160753
0.0,0.034473818
0.0,0.021729015
0.0,0.03738582
0.0,0.034544148
0.0,0.048073687
0.0,0.020342046
0.0,0.063647635
0.0,0.05394626
0.0,0.03556515
0.0,0.05817554
0.0,0.069866166
0.0,0.022973899
0.0,0.06993686
0.0,0.08642769
0.0,0.067461
0.0,0.06347173
0.0,0.073667616
0.0,0.085972115
0.0,0.06230519
1.0,0.02954354
0.0,0.035147335
0.0,0.02484714
0.0,0.085987225
0.0,0.04569276
0.0,0.10577865
0.0,0.015311231
0.0,0.029932056
0.0,0.052628696
0.0,0.044642653
1.0,0.055451397
0.0,0.09229681
0.0,0.06710338
0.0,0.06473804
0.0,0.13535042
0.0,0.053364236
0.0,0.04740767
0.0,0.05632765
1.0,0.13078704
0.0,0.066243105
0.0,0.074246034
0.0,0.06431912
0.0,0.06677729
0.0,0.10637592
0.0,0.050191216
0.0,0.06974059
0.0,0.07129802
0.0,0.034349408
0.0,0.04232613
0.0,0.073644474
0.0,0.04170797
0.0,0.010039924
0.0,0.05989786
0.0,0.025264952
0.0,0.03575517
0.0,0.07087042
0.0,0.046492986
0.0,0.067231745
1.0,0.022263309
0.0,0.06645864
0.0,0.041943893
0.0,0.06816803
0.0,0.061658524
0.0,0.057045564
0.0,0.1173706
0.0,0.042228214
1.0,0.07251693
0.0,0.061778214
0.0,0.02390927
0.0,0.05343655
0.0,0.12741825
0.0,0.060475398
0.0,0.110980585
0.0,0.008813988
0.0,0.0519201
0.0,0.07621274
0.0,0.057989895
1.0,0.021837903
0.0,0.0664899
0.0,0.06680885
0.0,0.07687107
0.0,0.06435504
0.0,0.11536221
0.0,0.082155876
0.0,0.103052005
0.0,0.043937813
0.0,0.034340627
1.0,0.05110906
0.0,0.050115548
0.0,0.06592704
0.0,0.06262085
0.0,0.053875
0.0,0.021675194
0.0,0.11898714
0.0,0.037065957
0.0,0.058055814
1.0,0.03855838
0.0,0.05805007
1.0,0.06715405
0.0,0.070719324
0.0,0.10939472
0.0,0.18448049
0.0,0.05503295
0.0,0.03444337
0.0,0.052125767
0.0,0.066438176
0.0,0.03969002
0.0,0.05985395
0.0,0.030865226
0.0,0.020440163
0.0,0.04131388
0.0,0.024797738
0.0,0.07730703
0.0,0.017986562
0.0,0.10684773
0.0,0.090286225
0.0,0.06320725
0.0,0.086063646
0.0,0.024126664
0.0,0.07247099
0.0,0.029148433
0.0,0.07651674
0.0,0.043502793
0.0,0.106334
0.0,0.06259684
0.0,0.0231167
0.0,0.03391161
0.0,0.043120947
0.0,0.050980058
0.0,0.040550765
0.0,0.051191792
1.0,0.089940324
0.0,0.07038546
0.0,0.035116494
1.0,0.039662663
0.0,0.108271115
0.0,0.04520614
0.0,0.024578996
0.0,0.08141852
0.0,0.070939764
0.0,0.078400165
0.0,0.03600853
0.0,0.05523658
0.0,0.051996134
0.0,0.037670743
0.0,0.028839108
2.0,0.046054646
0.0,0.080434635
0.0,0.05299227
0.0,0.07690447
1.0,0.062566645
0.0,0.061868895
0.0,0.06911922
0.0,0.07333249
0.0,0.052404795
0.0,0.02472116
0.0,0.05417323
0.0,0.023183972
0.0,0.0727386
0.0,0.06313972
0.0,0.033437714
0.0,0.0940232
0.0,0.0553177
0.0,0.0545235
0.0,0.16229688
0.0,0.05657891
0.0,0.03209511
0.0,0.06275518
0.0,0.036116607
0.0,0.046035916
0.0,0.037938945
0.0,0.040959157
1.0,0.04484081
0.0,0.06168658
0.0,0.122419074
0.0,0.042429287
0.0,0.040214192
0.0,0.08659653
0.0,0.039809376
0.0,0.112244144
0.0,0.03895153
0.0,0.052780516
0.0,0.04442768
0.0,0.09487943
0.0,0.028105816
0.0,0.053914707
0.0,0.06314448
0.0,0.044762276
0.0,0.06088874
1.0,0.041713126
0.0,0.061511606
0.0,0.05397284
0.0,0.060692582
0.0,0.056326684
1.0,0.032423876
0.0,0.069523
0.0,0.08514441
0.0,0.06799344
0.0,0.06958872
0.0,0.057208188
0.0,0.099966146
0.0,0.062516004
0.0,0.086941764
0.0,0.04691107
0.0,0.048048545
0.0,0.045825336
0.0,0.029895939
0.0,0.06746071
0.0,0.044908896
0.0,0.10884124
0.0,0.03518602
0.0,0.09250155
0.0,0.044952646
0.0,0.085605875
0.0,0.06601183
0.0,0.055892155
0.0,0.040251255
0.0,0.05517686
1.0,0.05902569
0.0,0.032893106
1.0,0.0396351
0.0,0.09723124
0.0,0.029673882
0.0,0.12026028
0.0,0.015693262
0.0,0.0613445
0.0,0.03729779
0.0,0.032168545
0.0,0.073107176
0.0,0.17003228
0.0,0.03554977
0.0,0.07054708
0.0,0.17095661
0.0,0.052749038
0.0,0.044639908
0.0,0.04312097
0.0,0.055491097
0.0,0.08572366
0.0,0.09059941
0.0,0.06309273
0.0,0.03087874
0.0,0.0638551
0.0,0.03834046
0.0,0.040333066
0.0,0.018871024
0.0,0.07624985
1.0,0.013398774
0.0,0.06344571
0.0,0.10460309
0.0,0.062295027
0.0,0.043252703
0.0,0.07847843
0.0,0.044201836
0.0,0.06269336
0.0,0.048365995
0.0,0.054211117
1.0,0.07382836
0.0,0.061998673
0.0,0.05884951
0.0,0.07075764
0.0,0.040884167
0.0,0.09744178
0.0,0.05427927
0.0,0.05762835
0.0,0.03465351
0.0,0.11932777
0.0,0.019529508
0.0,0.048955582
0.0,0.04525301
0.0,0.054595646
0.0,0.03518357
0.0,0.10500083
0.0,0.10691827
0.0,0.083519705
0.0,0.038157657
0.0,0.020605272
0.0,0.05276011
0.0,0.0600283
0.0,0.030841848
0.0,0.013056552
0.0,0.05193394
1.0,0.05445883
0.0,0.08297453
0.0,0.07490339
0.0,0.04102757
1.0,0.021199426
0.0,0.08947392
1.0,0.07061837
0.0,0.04687234
0.0,0.021394964
1.0,0.0512918
0.0,0.048755955
0.0,0.040144973
0.0,0.07344701
0.0,0.06657466
0.0,0.041806433
0.0,0.10770267
0.0,0.10882048
0.0,0.029951986
0.0,0.05790758
0.0,0.086642936
0.0,0.04613349
0.0,0.07381975
0.0,0.036159895
0.0,0.034602392
0.0,0.032495897
0.0,0.047561686
0.0,0.039514326
0.0,0.023955613
0.0,0.061028715
0.0,0.1459793
0.0,0.04658164
1.0,0.04346431
0.0,0.068567745
0.0,0.030634232
0.0,0.10632883
0.0,0.069777004
0.0,0.035244707
0.0,0.03096259
0.0,0.12108508
0.0,0.05483442
0.0,0.07053496
0.0,0.04459978
0.0,0.072309546
0.0,0.08084427
0.0,0.0673486
0.0,0.05433815
0.0,0.049657285
0.0,0.04936138
0.0,0.07588002
0.0,0.07280679
0.0,0.066796266
0.0,0.05268544
0.0,0.02494803
0.0,0.050754
0.0,0.08082476
0.0,0.052187324
1.0,0.058240462
0.0,0.041624747
0.0,0.06526854
0.0,0.029808069
0.0,0.040355362
0.0,0.06342884
0.0,0.08884647
0.0,0.059462942
0.0,0.038842455
1.0,0.062454745
0.0,0.040744744
0.0,0.046057742
0.0,0.039130118
0.0,0.12993345
0.0,0.046982884
0.0,0.10910264
0.0,0.02810075
0.0,0.021086993
0.0,0.06524648
1.0,0.12535504
0.0,0.04198535
0.0,0.06619001
0.0,0.049504507
0.0,0.045380734
0.0,0.048629045
0.0,0.03318486
0.0,0.032147292
0.0,0.04536163
0.0,0.07192257
0.0,0.038696945
0.0,0.038176693
0.0,0.06857526
0.0,0.01599555
0.0,0.032085776
0.0,0.07739009
0.0,0.08624002
0.0,0.02579837
0.0,0.020785633
0.0,0.065866634
0.0,0.039283678
0.0,0.0654322
0.0,0.037155833
0.0,0.04927233
0.0,0.02372504
0.0,0.0297369
0.0,0.061374344
0.0,0.06670584
0.0,0.026099361
0.0,0.057475682
0.0,0.09386666
0.0,0.04879531
0.0,0.059586834
0.0,0.046288922
0.0,0.024265552
0.0,0.06577627
0.0,0.112562194
0.0,0.028502906
0.0,0.038603302
0.0,0.029880246
0.0,0.052635096
0.0,0.017804762
0.0,0.07704413
0.0,0.03985823
0.0,0.048031617
0.0,0.09256156
0.0,0.10736074
0.0,0.07719869
0.0,0.024984209
0.0,0.1253805
0.0,0.07023978
0.0,0.05440291
0.0,0.07895181
0.0,0.112859294
0.0,0.029199222
0.0,0.042772345
0.0,0.052931964
0.0,0.074299514
0.0,0.049418658
0.0,0.03478599
0.0,0.05916958
0.0,0.022363206
0.0,0.08963826
0.0,0.093135834
0.0,0.058450807
0.0,0.035972938
0.0,0.026801128
0.0,0.10935386
0.0,0.069705136
0.0,0.029278303
0.0,0.014774679
1.0,0.059090097
0.0,0.03751654
0.0,0.03997262
0.0,0.06889425
0.0,0.036622893
0.0,0.056516085
0.0,0.07444115
0.0,0.049700253
0.0,0.10905834
0.0,0.025275726
0.0,0.058984727
0.0,0.038185395
0.0,0.030649312
0.0,0.09717912
0.0,0.018683072
2.0,0.057644315
0.0,0.040320892
0.0,0.1104616
0.0,0.042384073
0.0,0.04419903
0.0,0.05792713
0.0,0.08153908
0.0,0.049465906
0.0,0.044073746
0.0,0.050795786
0.0,0.10566361
0.0,0.07023731
0.0,0.13247752
0.0,0.106520735
0.0,0.048145305
0.0,0.057512637
0.0,0.06509188
0.0,0.056378223
0.0,0.03137705
0.0,0.083798386
1.0,0.016162701
0.0,0.073872484
0.0,0.05711704
0.0,0.053895403
0.0,0.051170826
0.0,0.10472227
0.0,0.031743824
0.0,0.016681883
0.0,0.03919572
0.0,0.0767243
0.0,0.10969139
0.0,0.047520023
1.0,0.084755376
0.0,0.07867184
0.0,0.040350128
0.0,0.020969406
0.0,0.04077477
0.0,0.08932099
0.0,0.02036832
0.0,0.052189313
0.0,0.030810319
0.0,0.015661998
0.0,0.04025375
0.0,0.034189053
0.0,0.100685745
0.0,0.11265834
0.0,0.014266003
0.0,0.06536629
0.0,0.039597638
0.0,0.03676539
0.0,0.021779273
0.0,0.024400214
0.0,0.053031072
0.0,0.0754073
0.0,0.037517045
0.0,0.040559832
0.0,0.021620052
0.0,0.03155751
0.0,0.0898926
0.0,0.074488804
0.0,0.031634547
0.0,0.024256818
0.0,0.05892923
0.0,0.10141571
0.0,0.024796601
0.0,0.059288904
0.0,0.06206962
0.0,0.083104566
0.0,0.0329301
1.0,0.041465394
0.0,0.04953535
0.0,0.12615736
0.0,0.0884331
0.0,0.056451097
0.0,0.022837808
0.0,0.06959531
0.0,0.054825533
0.0,0.03430582
0.0,0.03199307
0.0,0.037055317
0.0,0.027639218
0.0,0.09056948
0.0,0.047922835
0.0,0.029741198
0.0,0.03765657
0.0,0.04481133
1.0,0.044269204
0.0,0.038669094
0.0,0.06628828
1.0,0.03401073
0.0,0.011396525
0.0,0.10355632
0.0,0.04100033
0.0,0.07824038
0.0,0.05016772
0.0,0.08876026
0.0,0.016619755
0.0,0.083216235
0.0,0.050878983
0.0,0.06315733
0.0,0.037606884
0.0,0.12349023
0.0,0.053127784
0.0,0.0357698
0.0,0.092069075
0.0,0.021497708
0.0,0.08086674
0.0,0.12185904
0.0,0.20517232
0.0,0.03760728
0.0,0.025115145
0.0,0.0378699
0.0,0.036676757
0.0,0.031476405
0.0,0.08054379
0.0,0.06351458
0.0,0.027155325
0.0,0.10175258
0.0,0.09772617
0.0,0.046578996
0.0,0.03746456
0.0,0.07731547
0.0,0.063778915
0.0,0.091633715
0.0,0.05008466
0.0,0.07287802
0.0,0.063915245
0.0,0.03504784
0.0,0.11482331
0.0,0.03238758
0.0,0.085937954
0.0,0.042740356
0.0,0.036403883
0.0,0.057080638
0.0,0.10104926
0.0,0.11330933
0.0,0.045658935
0.0,0.09159087
0.0,0.032473173
0.0,0.12348522
0.0,0.07466684
0.0,0.04652033
0.0,0.046528716
0.0,0.094656676
0.0,0.10485523
0.0,0.04840561
0.0,0.055701524
0.0,0.07572666
0.0,0.033055216
0.0,0.06358405
0.0,0.029632948
0.0,0.1151269
0.0,0.10019632
0.0,0.08477642
0.0,0.034440923
0.0,0.042045154
0.0,0.07506372
0.0,0.07386771
0.0,0.057777256
0.0,0.091551565
0.0,0.030264689
0.0,0.036028367
0.0,0.09190713
0.0,0.09669726
0.0,0.03106826
0.0,0.056590486
0.0,0.03799101
0.0,0.050690606
0.0,0.10781219
0.0,0.050339606
0.0,0.03350857
0.0,0.04421737
0.0,0.05958374
0.0,0.1128988
0.0,0.037375662
0.0,0.07804009
0.0,0.039907254
0.0,0.043357953
0.0,0.038660556
0.0,0.027099058
0.0,0.02485648
0.0,0.027594944
0.0,0.017036434
0.0,0.027967233
0.0,0.096247
0.0,0.09603772
0.0,0.06289166
0.0,0.05056307
0.0,0.039962117
0.0,0.012558238
0.0,0.043409735
0.0,0.056123648
0.0,0.06639333
0.0,0.028390605
0.0,0.060152553
0.0,0.05456259
0.0,0.053514123
0.0,0.030266795
1.0,0.045929402
0.0,0.031490713
0.0,0.048506025
0.0,0.05402748
1.0,0.05821278
0.0,0.065179616
0.0,0.053223908
0.0,0.13004056
0.0,0.021564083
0.0,0.03861374
0.0,0.084064454
0.0,0.03993918
0.0,0.045667123
1.0,0.07846964
0.0,0.027439104
0.0,0.027125418
1.0,0.056186024
0.0,0.047758065
0.0,0.0828605
0.0,0.02943521
0.0,0.09554865
0.0,0.06952343
0.0,0.13347888
0.0,0.046896264
0.0,0.07043199
0.0,0.049314026
0.0,0.04443732
1.0,0.038003836
0.0,0.08973684
0.0,0.081456214
0.0,0.075903565
0.0,0.09575584
0.0,0.06256363
0.0,0.030451877
0.0,0.077667795
0.0,0.040562637
0.0,0.056439817
0.0,0.037099518
0.0,0.07343343
0.0,0.022968752
0.0,0.026908243
0.0,0.039464936
0.0,0.04971879
0.0,0.11188926
0.0,0.08937681
0.0,0.023476426
0.0,0.045257043
0.0,0.04800705
0.0,0.056062236
1.0,0.099910915
0.0,0.04135091
0.0,0.08880625
0.0,0.060001183
0.0,0.07166097
0.0,0.054239944
0.0,0.06702231
0.0,0.05007685
0.0,0.14140162
0.0,0.030136995
0.0,0.035933044
0.0,0.04958027
0.0,0.024974905
0.0,0.08770588
0.0,0.08104916
0.0,0.07303552
0.0,0.091092095
0.0,0.10563435
0.0,0.06922224
0.0,0.09894332
0.0,0.075054556
0.0,0.048336804
0.0,0.07881661
0.0,0.09872395
0.0,0.07135798
0.0,0.040231187
0.0,0.063182205
0.0,0.10099873
0.0,0.06793004
0.0,0.049289413
0.0,0.06549411
0.0,0.015865851
0.0,0.05608015
0.0,0.06908092
0.0,0.039361756
0.0,0.11905701
0.0,0.047008518
0.0,0.12279622
0.0,0.08636194
0.0,0.09323688
0.0,0.02643648
0.0,0.09761556
0.0,0.052431017
0.0,0.04339717
0.0,0.07932241
0.0,0.17263988
0.0,0.0999825
0.0,0.024726383
0.0,0.033519577
0.0,0.06265206
0.0,0.053519096
0.0,0.045893934
0.0,0.12436765
0.0,0.08295365
0.0,0.02766836
0.0,0.040887617
0.0,0.103971004
0.0,0.070304625
0.0,0.024427384
0.0,0.040604033
0.0,0.04427746
0.0,0.035906598
0.0,0.042814054
0.0,0.04707579
0.0,0.04184042
0.0,0.067336276
0.0,0.076988146
0.0,0.06755713
0.0,0.07648252
0.0,0.0683037
0.0,0.06647148
0.0,0.08439456
0.0,0.0604845
0.0,0.03847487
0.0,0.06584884
0.0,0.042766
1.0,0.038741183
0.0,0.034456447
0.0,0.11833851
0.0,0.041340265
0.0,0.07562551
0.0,0.081071675
0.0,0.039595656
0.0,0.13441016
0.0,0.042275824
0.0,0.077366404
0.0,0.0693801
1.0,0.133578
0.0,0.05432684
0.0,0.08579948
1.0,0.024652287
0.0,0.045074154
0.0,0.08870119
0.0,0.03394359
0.0,0.03968964
0.0,0.047962293
0.0,0.11228734
0.0,0.03219864
0.0,0.03865613
1.0,0.068112634
0.0,0.089314684
0.0,0.062180206
0.0,0.037188005
0.0,0.015868
0.0,0.092687964
0.0,0.09951386
0.0,0.050126806
0.0,0.01489445
0.0,0.096882984
0.0,0.08906305
0.0,0.028171333
0.0,0.032018084
1.0,0.027442703
0.0,0.047862954
0.0,0.012791828
0.0,0.120816894
0.0,0.12947893
0.0,0.032080024
1.0,0.061333768
0.0,0.046136014
0.0,0.056611136
0.0,0.11458099
0.0,0.01573559
0.0,0.041325442
0.0,0.0420688
0.0,0.07835962
0.0,0.03545176
0.0,0.04729221
0.0,0.016461533
0.0,0.020581458
0.0,0.03350681
0.0,0.035820752
0.0,0.06305754
0.0,0.056676336
0.0,0.023079485
0.0,0.03751674
0.0,0.07429762
0.0,0.07176493
0.0,0.04713846
0.0,0.057649236
0.0,0.04799542
0.0,0.12862909
0.0,0.08260735
0.0,0.025831655
0.0,0.07787098
0.0,0.05651304
0.0,0.07920644
0.0,0.029390903
0.0,0.040048376
0.0,0.096168324
0.0,0.04299675
0.0,0.029829497
0.0,0.05246658
0.0,0.06684027
0.0,0.11462673
0.0,0.08988421
0.0,0.071604036
0.0,0.0669412
0.0,0.03333371
0.0,0.039434142
0.0,0.035567407
0.0,0.038538415
0.0,0.036117624
0.0,0.025255859
0.0,0.03348881
0.0,0.051450677
0.0,0.11759238
0.0,0.033136442
0.0,0.03193841
0.0,0.07709289
1.0,0.050944798
0.0,0.023936396
0.0,0.06159708
0.0,0.04818982
0.0,0.06311192
0.0,0.047097187
0.0,0.062930286
0.0,0.012213896
0.0,0.04960924
0.0,0.11728265
0.0,0.044609778
0.0,0.014162761
1.0,0.042619366
0.0,0.032721654
0.0,0.050886918
0.0,0.05779743
0.0,0.07553959
0.0,0.084086984
0.0,0.06690995
0.0,0.11123574
0.0,0.090583
0.0,0.1066854
0.0,0.026784161
0.0,0.033866975
0.0,0.05705144
0.0,0.020116782
0.0,0.13975893
0.0,0.05263728
0.0,0.07043681
0.0,0.052817877
0.0,0.032061197
0.0,0.04996682
0.0,0.03449097
0.0,0.028565984
0.0,0.10431235
0.0,0.06805627
0.0,0.080568254
0.0,0.03653213
0.0,0.032038596
0.0,0.061942782
0.0,0.031814016
0.0,0.07670817
1.0,0.10225512
2.0,0.058256295
0.0,0.07146435
0.0,0.058452744
0.0,0.06430431
0.0,0.066002294
0.0,0.069575965
0.0,0.06589742
0.0,0.03372915
0.0,0.05172276
0.0,0.042993553
0.0,0.13439451
0.0,0.058529302
0.0,0.07519046
0.0,0.09137042
0.0,0.040649652
1.0,0.049371906
2.0,0.019524798
0.0,0.06270095
0.0,0.04824355
0.0,0.04767022
0.0,0.042363323
0.0,0.0617649
0.0,0.08956631
0.0,0.105100535
0.0,0.05048179
0.0,0.08415196
0.0,0.036221933
1.0,0.02911451
0.0,0.023602463
0.0,0.04311772
0.0,0.0794368
0.0,0.05862262
0.0,0.046213605
0.0,0.05135969
0.0,0.040507417
0.0,0.042453595
0.0,0.039480425
0.0,0.027945198
0.0,0.089025766
0.0,0.028351454
0.0,0.025254764
0.0,0.07792558
0.0,0.06886999
0.0,0.067249924
0.0,0.06691202
0.0,0.05413042
0.0,0.09907771
0.0,0.0350869
0.0,0.04547156
0.0,0.05961642
0.0,0.03167403
0.0,0.07240543
0.0,0.05459536
0.0,0.033275113
0.0,0.033295557
0.0,0.06949486
0.0,0.04171595
0.0,0.109911494
0.0,0.0367222
0.0,0.022368185
0.0,0.042653948
0.0,0.025154602
0.0,0.10993943
0.0,0.12636453
1.0,0.048669178
0.0,0.061008785
0.0,0.019598365
0.0,0.058494035
0.0,0.05076131
0.0,0.0930093
0.0,0.04016113
0.0,0.11966629
0.0,0.016028497
0.0,0.025607077
0.0,0.07437253
0.0,0.070783496
0.0,0.035913806
0.0,0.14172454
0.0,0.024242375
0.0,0.03701193
0.0,0.105091095
0.0,0.082553364
0.0,0.026105247
0.0,0.103170745
0.0,0.03184422
0.0,0.039613746
0.0,0.023623802
0.0,0.048672475
1.0,0.035653852
1.0,0.04292763
0.0,0.061825838
0.0,0.05291854
0.0,0.050065584
0.0,0.084414154
0.0,0.057508882
0.0,0.04138123
0.0,0.061817512
0.0,0.022216266
0.0,0.036878273
0.0,0.07251705
0.0,0.07703438
1.0,0.13844064
0.0,0.04448534
0.0,0.045750752
0.0,0.16438203
0.0,0.087839976
0.0,0.05658849
0.0,0.03158746
1.0,0.09126703
0.0,0.107543245
0.0,0.045434065
0.0,0.022771519
0.0,0.051749527
0.0,0.040582333
0.0,0.06596086
0.0,0.06752582
0.0,0.051330335
0.0,0.098311625
0.0,0.03107617
0.0,0.041478503
0.0,0.04958876
0.0,0.064391874
0.0,0.037858237
0.0,0.02426361
1.0,0.041395202
0.0,0.0390043
0.0,0.032416686
0.0,0.023091186
0.0,0.059870847
0.0,0.052855365
0.0,0.022877458
0.0,0.060730826
0.0,0.042191647
0.0,0.098780334
1.0,0.015404315
0.0,0.045815613
0.0,0.032976624
0.0,0.057630517
0.0,0.06088392
0.0,0.013943906
0.0,0.06480054
0.0,0.050265584
0.0,0.081591316
0.0,0.08405828
0.0,0.052038573
0.0,0.046905454
0.0,0.06561519
0.0,0.075460136
0.0,0.083875805
0.0,0.06559689
0.0,0.03873215
0.0,0.07258366
0.0,0.05488064
0.0,0.058328703
0.0,0.055092655
0.0,0.057512365
0.0,0.05705495
0.0,0.06881837
0.0,0.05486735
0.0,0.045926116
0.0,0.028737964
0.0,0.03684997
0.0,0.053546667
0.0,0.10050231
0.0,0.053370267
0.0,0.039535284
0.0,0.05206811
0.0,0.084650524
0.0,0.07162972
0.0,0.043226477
0.0,0.047298748
0.0,0.047048926
0.0,0.06280877
1.0,0.036608595
0.0,0.07051127
0.0,0.053124238
0.0,0.06775499
0.0,0.026599623
0.0,0.045855872
0.0,0.09843594
0.0,0.077381864
0.0,0.027319882
0.0,0.03677302
0.0,0.046226412
0.0,0.043304913
0.0,0.00831262
0.0,0.04916894
0.0,0.1548337
0.0,0.105856866
0.0,0.0707128
0.0,0.05678186
0.0,0.0755281
0.0,0.044085413
0.0,0.024672667
0.0,0.058391623
0.0,0.045276552
0.0,0.08528472
0.0,0.048739918
0.0,0.12552364
0.0,0.0581694
0.0,0.08485226
0.0,0.054920513
0.0,0.10562455
0.0,0.037690077
0.0,0.014670296
0.0,0.12695563
0.0,0.039722074
0.0,0.089921415
0.0,0.030668931
0.0,0.05768427
0.0,0.076685086
0.0,0.043358635
0.0,0.045348223
0.0,0.06622509
0.0,0.06181154
0.0,0.035058938
1.0,0.010817915
0.0,0.09125301
0.0,0.0531532
0.0,0.038610704
0.0,0.03396302
0.0,0.058189664
0.0,0.09311729
0.0,0.053492513
0.0,0.08825627
0.0,0.03558539
0.0,0.07626589
0.0,0.077200696
1.0,0.018429607
0.0,0.03719313
0.0,0.023617245
0.0,0.026898507
0.0,0.07751802
1.0,0.09936511
0.0,0.05831106
0.0,0.032669798
0.0,0.031187536
0.0,0.09391658
0.0,0.04178993
0.0,0.052922927
0.0,0.09258376
0.0,0.06506109
0.0,0.0489511
0.0,0.05155392
0.0,0.055181153
0.0,0.057489194
0.0,0.049831912
0.0,0.049034525
0.0,0.054666605
0.0,0.058472425
0.0,0.08767544
0.0,0.07499442
0.0,0.03990151
0.0,0.039217465
0.0,0.069789514
0.0,0.033455834
0.0,0.057443023
0.0,0.044959698
0.0,0.09795824
0.0,0.01595858
0.0,0.065075025
0.0,0.0478327
0.0,0.051852457
0.0,0.0662345
0.0,0.05263818
0.0,0.054033406
0.0,0.054307282
1.0,0.042153336
0.0,0.016060477
0.0,0.045294
0.0,0.059212577
0.0,0.044463776
0.0,0.036609642
0.0,0.07974197
0.0,0.03689111
0.0,0.050728377
0.0,0.09366234
0.0,0.020989664
0.0,0.0411649
0.0,0.046854846
0.0,0.06540658
0.0,0.096117616
0.0,0.024246085
0.0,0.046453122
0.0,0.060984455
0.0,0.0738232
0.0,0.0694619
0.0,0.08026938
0.0,0.042288627
0.0,0.03068808
0.0,0.058542423
0.0,0.042468637
0.0,0.10075019
0.0,0.05704301
0.0,0.07528902
0.0,0.03593445
0.0,0.07529765
0.0,0.038440555
0.0,0.056398254
0.0,0.060091477
0.0,0.07892263
0.0,0.10282129
0.0,0.09939565
0.0,0.081942804
0.0,0.082475245
0.0,0.036837004
0.0,0.0663475
0.0,0.0515175
0.0,0.04433336
0.0,0.051947117
0.0,0.05056601
0.0,0.022821717
0.0,0.05449178
0.0,0.09337193
0.0,0.042840622
0.0,0.067377865
0.0,0.04466354
0.0,0.040592805
2.0,0.056911185
0.0,0.044471875
0.0,0.061689317
0.0,0.028636603
0.0,0.038454343
1.0,0.01807886
0.0,0.049774606
0.0,0.06479975
0.0,0.07129671
0.0,0.045465186
0.0,0.11244578
0.0,0.045594186
0.0,0.052303888
0.0,0.05002096
0.0,0.04447936
0.0,0.05988234
0.0,0.021728694
0.0,0.05025988
0.0,0.062297553
0.0,0.038209453
0.0,0.09108022
0.0,0.06412087
0.0,0.031551104
0.0,0.04088947
0.0,0.08421725
0.0,0.033655506
0.0,0.28257352
0.0,0.041103937
0.0,0.05133562
0.0,0.026161274
0.0,0.069187656
0.0,0.080061056
0.0,0.05496078
0.0,0.056547057
0.0,0.04703031
0.0,0.024581574
0.0,0.052884385
0.0,0.04035767
0.0,0.06094768
0.0,0.079194784
0.0,0.052401148
0.0,0.051562086
0.0,0.06635619
0.0,0.020930506
0.0,0.033676565
0.0,0.04257273
0.0,0.077997774
0.0,0.0598439
0.0,0.05099912
0.0,0.05049852
0.0,0.024490014
0.0,0.06858115
0.0,0.06524086
0.0,0.101875655
0.0,0.049009044
0.0,0.09702498
0.0,0.039322812
0.0,0.028834378
0.0,0.07754542
0.0,0.047020175
0.0,0.07130138
0.0,0.025561891
0.0,0.041329898
1.0,0.05706091
0.0,0.020901782
0.0,0.055962186
0.0,0.09047085
0.0,0.046517357
0.0,0.04099638
0.0,0.043871053
0.0,0.024341192
0.0,0.12373526
0.0,0.07516074
0.0,0.046249516
0.0,0.12475208
0.0,0.06653959
0.0,0.07938152
0.0,0.0467603
1.0,0.04146102
0.0,0.035441395
0.0,0.05548037
0.0,0.08020054
0.0,0.09993898
0.0,0.039136592
0.0,0.02353812
0.0,0.050240207
0.0,0.044937987
0.0,0.033794317
0.0,0.05422015
0.0,0.05155547
0.0,0.019540846
0.0,0.080712184
0.0,0.014778471
0.0,0.05873331
0.0,0.047979105
0.0,0.094723836
0.0,0.04145345
0.0,0.045363624
0.0,0.02552961
0.0,0.03672672
0.0,0.04207285
0.0,0.03749621
0.0,0.042534217
0.0,0.1375596
0.0,0.04870574
0.0,0.06660149
0.0,0.03381229
0.0,0.06398593
0.0,0.08699711
0.0,0.04044388
0.0,0.043725714
0.0,0.025746237
0.0,0.05530459
0.0,0.035128433
0.0,0.04519116
0.0,0.039867483
0.0,0.05543428
0.0,0.042607907
0.0,0.08630095
0.0,0.054637186
0.0,0.091027066
1.0,0.04671608
0.0,0.038314927
0.0,0.030482428
0.0,0.057448324
0.0,0.086185224
0.0,0.07365792
0.0,0.03245542
0.0,0.06852989
0.0,0.09303166
0.0,0.14323922
0.0,0.038817402
0.0,0.07470521
0.0,0.038685896
1.0,0.04220734
0.0,0.06260431
0.0,0.03954403
0.0,0.081030205
0.0,0.031466275
0.0,0.06473988
0.0,0.05635817
0.0,0.10105639
0.0,0.047706988
0.0,0.09122145
0.0,0.02605656
0.0,0.07173954
0.0,0.031679094
0.0,0.08450377
0.0,0.021076668
0.0,0.043347266
0.0,0.013889246
0.0,0.044525493
0.0,0.0773041
0.0,0.030107206
0.0,0.085871756
0.0,0.0619733
0.0,0.12482304
0.0,0.07554024
0.0,0.047054358
0.0,0.047896493
0.0,0.17082644
0.0,0.057527423
0.0,0.07078805
0.0,0.08372526
0.0,0.05928906
1.0,0.10375252
0.0,0.03352578
0.0,0.074145876
0.0,0.11230967
0.0,0.085173324
0.0,0.055811275
0.0,0.0485857
0.0,0.036905643
0.0,0.02657442
0.0,0.047419496
0.0,0.042575676
0.0,0.09284818
0.0,0.09097613
0.0,0.05388091
0.0,0.10435337
0.0,0.021028794
0.0,0.02256807
0.0,0.06927491
0.0,0.031195926
0.0,0.058757905
1.0,0.051595286
0.0,0.055181075
0.0,0.026664961
0.0,0.05986351
0.0,0.029809348
0.0,0.055867136
0.0,0.02805856
1.0,0.05568408
0.0,0.014637496
0.0,0.057312652
0.0,0.08606754
0.0,0.14643927
0.0,0.047862064
0.0,0.08547965
0.0,0.08157885
0.0,0.028562088
1.0,0.04837764
0.0,0.03646236
0.0,0.023100358
0.0,0.070997775
0.0,0.040056363
0.0,0.08090384
0.0,0.028122023
0.0,0.056202892
0.0,0.052243717
0.0,0.046017
0.0,0.048081364
1.0,0.09293194
0.0,0.062379878
0.0,0.029938735
0.0,0.045462996
0.0,0.05644929
0.0,0.051267616
0.0,0.058641646
0.0,0.019264422
0.0,0.056378733
0.0,0.06021997
0.0,0.11412195
0.0,0.051652346
0.0,0.10776023
0.0,0.12857151
0.0,0.05944712
0.0,0.023860695
0.0,0.042799234
0.0,0.12994449
0.0,0.032254823
0.0,0.09367426
0.0,0.09251566
0.0,0.07358917
0.0,0.04399505
0.0,0.08642991
0.0,0.047061585
0.0,0.07671384
0.0,0.12281608
0.0,0.017245894
0.0,0.07879288
0.0,0.060334694
0.0,0.07068374
0.0,0.055404045
0.0,0.07019816
2.0,0.019934114
0.0,0.04462386
0.0,0.03577352
0.0,0.11742495
0.0,0.07738478
0.0,0.10784556
0.0,0.12630321
0.0,0.069341436
0.0,0.13447638
0.0,0.038676616
0.0,0.039186843
0.0,0.022901254
0.0,0.030879667
0.0,0.041318882
0.0,0.05968046
0.0,0.018653804
0.0,0.04444281
0.0,0.08272222
0.0,0.0890363
0.0,0.070494995
0.0,0.048453134
0.0,0.071751654
0.0,0.0401718
1.0,0.060609553
0.0,0.077704765
0.0,0.080721885
0.0,0.046482638
0.0,0.04768752
0.0,0.12210688
0.0,0.09642519
0.0,0.068327524
0.0,0.073728144
0.0,0.08303972
0.0,0.022417668
0.0,0.06841986
0.0,0.010310013
0.0,0.051486656
0.0,0.054785874
0.0,0.038846586
0.0,0.08465525
0.0,0.022737244
0.0,0.03843779
0.0,0.08208034
0.0,0.03240034
0.0,0.05027841
0.0,0.029163586
0.0,0.04973776
0.0,0.067459926
0.0,0.0510195
0.0,0.02800723
0.0,0.11616698
0.0,0.08375121
0.0,0.12362627
0.0,0.021554768
0.0,0.10896104
0.0,0.03963922
0.0,0.035545498
0.0,0.048873715
0.0,0.046609413
0.0,0.1167877
0.0,0.03434893
0.0,0.10023509
0.0,0.04669577
0.0,0.06689114
0.0,0.034502383
0.0,0.033214714
0.0,0.033096742
0.0,0.030065803
0.0,0.050662406
0.0,0.01764345
0.0,0.053498123
0.0,0.062098783
0.0,0.062620066
0.0,0.035117965
0.0,0.034254313
0.0,0.0768673
0.0,0.0688716
0.0,0.08109662
0.0,0.061446615
0.0,0.022156853
0.0,0.032112207
0.0,0.021408057
0.0,0.10167348
0.0,0.06001393
0.0,0.13354094
0.0,0.07038469
0.0,0.07455664
0.0,0.039174084
0.0,0.015309756
0.0,0.0642979
0.0,0.037200563
0.0,0.071639314
0.0,0.061569355
1.0,0.033305798
0.0,0.07409823
0.0,0.08845785
0.0,0.07343054
0.0,0.098768726
1.0,0.06798054
0.0,0.056109894
0.0,0.07213092
0.0,0.069502965
0.0,0.021142328
0.0,0.054572634
0.0,0.030694563
0.0,0.09901426
0.0,0.05559345
0.0,0.060192265
0.0,0.13425213
0.0,0.048286516
0.0,0.12813342
0.0,0.06576238
0.0,0.015091213
1.0,0.036999013
0.0,0.098995514
0.0,0.01952812
0.0,0.07456062
0.0,0.053902484
0.0,0.071866326
0.0,0.042852104
0.0,0.020969516
0.0,0.028987413
0.0,0.086788155
0.0,0.07278345
1.0,0.022999868
0.0,0.024706537
0.0,0.07131106
0.0,0.02384825
0.0,0.11784975
0.0,0.037426382
0.0,0.06351471
0.0,0.1168526
0.0,0.050678983
1.0,0.056398038
0.0,0.031050118
0.0,0.037814558
0.0,0.047159977
0.0,0.040441044
0.0,0.028031614
0.0,0.07989775
0.0,0.039094497
0.0,0.037459217
0.0,0.058490716
0.0,0.13367996
0.0,0.012309033
0.0,0.06382631
1.0,0.040655255
0.0,0.07281565
0.0,0.030613584
0.0,0.09864679
0.0,0.065267414
0.0,0.047816806
0.0,0.03389971
0.0,0.05285181
0.0,0.07137904
0.0,0.07422928
0.0,0.11019829
0.0,0.06931962
1.0,0.055458497
0.0,0.058498498
0.0,0.045973595
0.0,0.022054302
0.0,0.037213974
0.0,0.08437569
0.0,0.048034936
0.0,0.019898243
0.0,0.051256422
0.0,0.07678853
0.0,0.027080817
0.0,0.07943362
0.0,0.016329464
0.0,0.05167321
0.0,0.05925999
0.0,0.03237342
0.0,0.09132162
0.0,0.11029812
0.0,0.09266256
0.0,0.08928165
0.0,0.07232934
0.0,0.03806842
0.0,0.060532957
0.0,0.107886836
0.0,0.041350733
0.0,0.03201163
0.0,0.052592747
0.0,0.06122203
0.0,0.100446835
0.0,0.044108056
0.0,0.048008993
0.0,0.040759023
0.0,0.096755564
1.0,0.07164893
0.0,0.08160007
0.0,0.043730803
0.0,0.05391229
0.0,0.104128525
0.0,0.0987918
0.0,0.052041426
0.0,0.03736643
0.0,0.051087253
0.0,0.06053284
0.0,0.042145416
0.0,0.018751984
0.0,0.067993835
0.0,0.041182317
0.0,0.08124067
0.0,0.03521625
0.0,0.08028638
0.0,0.06961263
0.0,0.07989394
0.0,0.098137885
0.0,0.1459561
0.0,0.13091171
0.0,0.06440837
0.0,0.07315179
0.0,0.04121911
0.0,0.068375275
1.0,0.048780836
0.0,0.030052286
0.0,0.10278675
0.0,0.10857682
0.0,0.080210425
0.0,0.073240586
0.0,0.12088167
0.0,0.06833652
0.0,0.016592167
0.0,0.063124895
0.0,0.087684676
0.0,0.107958704
0.0,0.06356947
0.0,0.06545457
0.0,0.049035482
0.0,0.10241439
0.0,0.052586675
0.0,0.048976548
0.0,0.026876083
0.0,0.06273678
0.0,0.05864756
0.0,0.0553333
0.0,0.04522891
0.0,0.037888106
0.0,0.04933486
0.0,0.036449254
1.0,0.16682394
0.0,0.03223405
0.0,0.058586907
1.0,0.08150093
1.0,0.1005224
0.0,0.05763871
0.0,0.072067626
0.0,0.0539846
0.0,0.0514925
0.0,0.03329824
0.0,0.030824088
0.0,0.05988375
0.0,0.041972242
0.0,0.047160335
0.0,0.068302184
0.0,0.052787185
0.0,0.06894665
0.0,0.11600529
0.0,0.033584103
0.0,0.042318765
0.0,0.10862136
0.0,0.04734056
0.0,0.06509125
0.0,0.09908092
0.0,0.05804304
0.0,0.028326184
0.0,0.05750751
0.0,0.06366855
0.0,0.08172308
0.0,0.046603568
0.0,0.018714441
0.0,0.040008925
0.0,0.061353717
0.0,0.060106378
0.0,0.021856051
0.0,0.094584286
0.0,0.07175812
0.0,0.1356139
0.0,0.02815095
0.0,0.042128842
0.0,0.061184254
0.0,0.045106858
0.0,0.0779678
0.0,0.022602834
0.0,0.09064891
0.0,0.0745757
0.0,0.08625341
1.0,0.02555771
0.0,0.026339931
0.0,0.11632196
0.0,0.10634163
0.0,0.054341167
0.0,0.02474325
1.0,0.0732248
0.0,0.10131955
0.0,0.09508186
0.0,0.046879694
0.0,0.09693913
0.0,0.032644305
0.0,0.13937756
0.0,0.031613495
0.0,0.031915683
0.0,0.07094237
0.0,0.03468775
0.0,0.049902555
0.0,0.06818612
0.0,0.13764404
0.0,0.060464326
0.0,0.035236724
0.0,0.03413489
0.0,0.03677691
0.0,0.06113049
0.0,0.07486101
0.0,0.04148353
0.0,0.04238278
0.0,0.050164707
0.0,0.092260376
0.0,0.013478207
0.0,0.04704173
0.0,0.08542102
0.0,0.03681774
0.0,0.040977575
0.0,0.053439714
0.0,0.062221747
0.0,0.05518485
0.0,0.0285842
0.0,0.058581542
0.0,0.08757296
0.0,0.08360717
0.0,0.07475642
0.0,0.0294928
0.0,0.04152184
0.0,0.045131102
0.0,0.077465996
0.0,0.02785905
0.0,0.047782414
0.0,0.03855575
0.0,0.034197792
0.0,0.03660397
0.0,0.043363288
0.0,0.06665036
0.0,0.044422515
0.0,0.04149233
0.0,0.02859414
0.0,0.033076137
0.0,0.045164384
0.0,0.047444038
0.0,0.049596276
0.0,0.06976123
0.0,0.15532623
0.0,0.06375501
0.0,0.13060202
0.0,0.16381264
0.0,0.13283353
0.0,0.08511587
0.0,0.07907285
0.0,0.06290834
0.0,0.062982894
0.0,0.030424807
0.0,0.06034255
0.0,0.023055669
0.0,0.056943472
0.0,0.025817838
0.0,0.06496922
0.0,0.027996775
0.0,0.037842643
0.0,0.052491102
0.0,0.06109054
0.0,0.07361575
0.0,0.03766584
0.0,0.068864934
0.0,0.015862826
0.0,0.04889973
0.0,0.06163539
0.0,0.045539975
0.0,0.050676856
0.0,0.05053506
0.0,0.06297482
1.0,0.07413615
0.0,0.060495272
0.0,0.05047654
0.0,0.045572124
0.0,0.031386554
0.0,0.021801561
0.0,0.09929004
0.0,0.018166892
0.0,0.06457131
0.0,0.04009391
0.0,0.12194727
0.0,0.07035907
0.0,0.08803964
0.0,0.0299579
0.0,0.032771353
0.0,0.0387436
0.0,0.043048017
0.0,0.043002594
0.0,0.1142441
0.0,0.031042937
0.0,0.038338047
0.0,0.023852948
0.0,0.07407601
0.0,0.07357283
0.0,0.10229604
0.0,0.06458969
0.0,0.03498958
0.0,0.01974589
0.0,0.056093685
0.0,0.10057974
0.0,0.034294043
0.0,0.068821736
1.0,0.04074723
0.0,0.0397113
0.0,0.12965037
0.0,0.077825025
0.0,0.06143176
0.0,0.044582516
0.0,0.04765397
0.0,0.060614005
0.0,0.060853068
0.0,0.056857098
0.0,0.04026494
0.0,0.01685885
0.0,0.039438974
1.0,0.07036734
0.0,0.03423408
0.0,0.02482031
0.0,0.098263495
0.0,0.10343038
0.0,0.03619935
0.0,0.054686315
1.0,0.056785405
0.0,0.029868267
0.0,0.08581163
0.0,0.062195715
0.0,0.06752334
0.0,0.06624808
0.0,0.08687656
0.0,0.055699054
0.0,0.04424612
0.0,0.02708978
0.0,0.033144247
0.0,0.057810713
0.0,0.04537005
0.0,0.053292934
0.0,0.03106303
0.0,0.07347528
0.0,0.045610998
0.0,0.03993863
0.0,0.06654645
0.0,0.04566749
0.0,0.040309705
0.0,0.04433892
0.0,0.051870804
0.0,0.0419159
0.0,0.10181597
0.0,0.030889506
0.0,0.09429014
0.0,0.033799555
0.0,0.06176605
1.0,0.055373065
0.0,0.034881532
0.0,0.027718209
0.0,0.097272284
0.0,0.032893028
0.0,0.056100987
0.0,0.016569192
0.0,0.08409737
0.0,0.093245104
0.0,0.044202045
0.0,0.09064798
0.0,0.08816723
0.0,0.06074884
0.0,0.076951385
0.0,0.016554771
0.0,0.026931284
0.0,0.079017654
0.0,0.075085625
1.0,0.056924865
0.0,0.019832278
0.0,0.07037932
0.0,0.040267266
0.0,0.032346357
0.0,0.02798914
0.0,0.038941413
0.0,0.085568674
1.0,0.051518217
0.0,0.13350214
0.0,0.030852955
0.0,0.062101834
0.0,0.033413585
0.0,0.07969266
0.0,0.05350866
0.0,0.08452537
0.0,0.042706028
0.0,0.018213037
0.0,0.099241614
0.0,0.069026686
0.0,0.02491296
0.0,0.16636172
0.0,0.088600606
0.0,0.10857361
0.0,0.11641318
0.0,0.027095206
0.0,0.031607226
0.0,0.027172435
0.0,0.054154817
0.0,0.062363192
0.0,0.042169157
0.0,0.07091146
0.0,0.043047093
0.0,0.06867687
0.0,0.057413995
0.0,0.048167557
0.0,0.09841899
0.0,0.054227818
0.0,0.054582343
0.0,0.06879336
0.0,0.088734776
0.0,0.06482379
0.0,0.018285872
0.0,0.10408484
0.0,0.049358018
0.0,0.08831511
0.0,0.048203353
0.0,0.058187917
0.0,0.09000382
0.0,0.04450187
0.0,0.047606636
0.0,0.039370637
0.0,0.02273408
0.0,0.051559478
0.0,0.03755565
0.0,0.025331903
0.0,0.1524813
0.0,0.055552743
0.0,0.07561026
1.0,0.055139802
0.0,0.040916014
0.0,0.01495415
0.0,0.12773074
0.0,0.04080996
0.0,0.046391916
0.0,0.02206964
0.0,0.022230912
0.0,0.082332276
0.0,0.03661249
0.0,0.025701344
0.0,0.03376191
0.0,0.099039
0.0,0.13765621
0.0,0.0429674
0.0,0.06902511
0.0,0.039316382
0.0,0.06623605
0.0,0.07301699
0.0,0.09778948
0.0,0.1502666
0.0,0.036957294
0.0,0.0401827
0.0,0.055809386
0.0,0.08741612
0.0,0.08895554
0.0,0.052924722
0.0,0.08113274
0.0,0.13998206
0.0,0.02178454
0.0,0.081261344
0.0,0.03586994
1.0,0.030781008
0.0,0.10626165
0.0,0.05332457
0.0,0.035087384
0.0,0.04057353
0.0,0.015622593
0.0,0.06346029
0.0,0.07311235
0.0,0.032543935
0.0,0.052816994
0.0,0.124417715
0.0,0.0374966
0.0,0.065081745
0.0,0.08891849
0.0,0.018251829
0.0,0.058431983
0.0,0.04454057
0.0,0.149491
0.0,0.085198626
0.0,0.056702584
0.0,0.01602201
0.0,0.050089367
0.0,0.03429486
0.0,0.035179928
0.0,0.043462154
0.0,0.069901615
0.0,0.049154524
0.0,0.045308776
0.0,0.041025456
0.0,0.043626104
0.0,0.058547042
0.0,0.077770084
0.0,0.06427713
0.0,0.09041276
0.0,0.101343974
0.0,0.06882029
0.0,0.02749406
0.0,0.03989213
0.0,0.08490186
0.0,0.04166323
0.0,0.021967346
0.0,0.05316002
0.0,0.07955554
0.0,0.027108246
0.0,0.058539726
0.0,0.036405463
0.0,0.054255415
0.0,0.09578874
0.0,0.10669148
0.0,0.08256927
0.0,0.08927317
0.0,0.04202858
0.0,0.061897844
0.0,0.040445346
0.0,0.0867396
0.0,0.046708196
0.0,0.075965315
0.0,0.054002624
0.0,0.10206358
1.0,0.08538408
0.0,0.14143509
0.0,0.023653785
0.0,0.09576604
0.0,0.060736705
1.0,0.07808083
0.0,0.033017296
0.0,0.042422876
0.0,0.01678804
0.0,0.06445222
0.0,0.08627332
0.0,0.030008068
0.0,0.06672203
0.0,0.046894494
0.0,0.05732181
0.0,0.04314386
0.0,0.04261955
0.0,0.03572378
0.0,0.09931729
0.0,0.10940122
0.0,0.0983206
0.0,0.080722034
0.0,0.040524997
0.0,0.1129972
0.0,0.08186821
0.0,0.033776533
0.0,0.16083932
0.0,0.07877485
0.0,0.04210384
0.0,0.046942126
0.0,0.08580966
0.0,0.059070826
0.0,0.03934562
0.0,0.053407587
0.0,0.06578201
0.0,0.12885408
0.0,0.03486447
0.0,0.05300823
0.0,0.10843004
0.0,0.08012113
0.0,0.024640076
0.0,0.1144882
0.0,0.050266806
1.0,0.04126942
0.0,0.050816454
0.0,0.08836654
1.0,0.06567173
0.0,0.07549461
0.0,0.09916356
0.0,0.04597965
0.0,0.09679663
0.0,0.06956673
0.0,0.108073205
0.0,0.03483466
0.0,0.0515991
0.0,0.094018295
0.0,0.041031834
0.0,0.04740982
0.0,0.09431415
0.0,0.049152553
0.0,0.10037722
0.0,0.054109387
0.0,0.029344663
0.0,0.105952
0.0,0.04171044
0.0,0.10249862
0.0,0.13541122
0.0,0.036044125
0.0,0.08215053
0.0,0.011922948
0.0,0.05080894
0.0,0.07214475
0.0,0.013851626
0.0,0.045740806
0.0,0.023530703
0.0,0.03179259
0.0,0.036402114
1.0,0.056948483
0.0,0.033889282
0.0,0.045303766
0.0,0.05957476
0.0,0.064122
0.0,0.12086467
0.0,0.03486339
1.0,0.03950033
0.0,0.072938316
1.0,0.07778002
0.0,0.03157234
0.0,0.019949375
0.0,0.087538086
0.0,0.026937038
0.0,0.08956256
0.0,0.029149892
0.0,0.09721845
0.0,0.03502991
0.0,0.052046787
0.0,0.04962637
1.0,0.06702711
0.0,0.03799311
0.0,0.074254036
0.0,0.09403923
0.0,0.042278424
0.0,0.013015501
0.0,0.050947566
0.0,0.08871472
0.0,0.061636567
0.0,0.07202585
0.0,0.11308387
0.0,0.054944087
0.0,0.071688145
0.0,0.04187295
0.0,0.03182048
0.0,0.039524615
0.0,0.062057044
0.0,0.048033997
1.0,0.04332247
0.0,0.051059026
0.0,0.07015041
1.0,0.07950452
0.0,0.0349932
0.0,0.07174507
0.0,0.11250274
0.0,0.09601968
0.0,0.043918543
0.0,0.028754551
0.0,0.15023685
0.0,0.057126
0.0,0.06560327
0.0,0.0149461515
0.0,0.045870088
0.0,0.12626489
0.0,0.013892161
0.0,0.048689768
0.0,0.038113322
0.0,0.025009204
0.0,0.031658072
0.0,0.08770803
0.0,0.048845664
0.0,0.038794756
0.0,0.05941602
0.0,0.07973756
0.0,0.111024514
0.0,0.06489282
0.0,0.08237724
0.0,0.15292482
0.0,0.05373282
0.0,0.03624633
0.0,0.09104982
0.0,0.045433156
0.0,0.036979683
0.0,0.03887529
0.0,0.05196012
0.0,0.021064421
0.0,0.041247465
0.0,0.03736376
0.0,0.08353914
0.0,0.03672609
0.0,0.038895167
0.0,0.06181443
0.0,0.025975242
0.0,0.08252007
0.0,0.060276896
0.0,0.050951622
0.0,0.042429693
0.0,0.030911164
1.0,0.122426316
0.0,0.042755358
0.0,0.05452241
0.0,0.047172796
0.0,0.11057066
0.0,0.037732262
0.0,0.04804142
0.0,0.06962588
0.0,0.045105007
0.0,0.091638476
0.0,0.038625102
0.0,0.06602244
0.0,0.0877526
0.0,0.033625137
0.0,0.0368113
0.0,0.14176689
0.0,0.07579831
0.0,0.12810159
0.0,0.03933348
0.0,0.08037348
0.0,0.041875847
1.0,0.056468997
0.0,0.13480821
0.0,0.057756983
0.0,0.03120012
0.0,0.17745644
0.0,0.071687736
0.0,0.03327613
0.0,0.07643079
0.0,0.023220945
0.0,0.115274504
0.0,0.018551528
0.0,0.0484673
0.0,0.06893642
0.0,0.057934564
0.0,0.015353986
0.0,0.029151615
0.0,0.05147743
0.0,0.06620867
0.0,0.079382844
0.0,0.15455042
0.0,0.05342356
0.0,0.08291979
0.0,0.056216884
0.0,0.03683646
0.0,0.013871653
0.0,0.039878037
0.0,0.048548765
0.0,0.070440345
0.0,0.05379778
0.0,0.037284434
0.0,0.045566045
0.0,0.041097865
0.0,0.035408847
0.0,0.06339853
0.0,0.053055428
0.0,0.09972653
1.0,0.08980246
0.0,0.06959191
0.0,0.08319969
0.0,0.054400343
0.0,0.04529478
0.0,0.11655054
0.0,0.06796968
0.0,0.028561026
0.0,0.064342365
0.0,0.06012312
0.0,0.054479297
0.0,0.041018337
0.0,0.038527906
0.0,0.08318521
0.0,0.056856394
0.0,0.055408407
0.0,0.16511326
0.0,0.02792655
0.0,0.034103867
0.0,0.09505262
1.0,0.09985043
0.0,0.062135275
0.0,0.034139287
0.0,0.06668704
0.0,0.01719282
0.0,0.06967673
0.0,0.109329306
0.0,0.026930604
0.0,0.044514794
0.0,0.071849026
0.0,0.08615193
0.0,0.07970585
0.0,0.06275717
0.0,0.06415215
1.0,0.043598194
0.0,0.053338595
0.0,0.044995386
0.0,0.07382251
0.0,0.07781834
0.0,0.072345555
0.0,0.044001404
0.0,0.05717001
0.0,0.095180586
0.0,0.049692057
0.0,0.02346059
0.0,0.017800417
0.0,0.12679295
0.0,0.12175042
0.0,0.029121147
0.0,0.0462611
0.0,0.03872938
0.0,0.05826588
0.0,0.1144737
0.0,0.13628714
0.0,0.047323633
0.0,0.012540226
0.0,0.0758899
0.0,0.0446411
0.0,0.048508734
0.0,0.048235334
0.0,0.022704795
0.0,0.03860056
0.0,0.041147474
0.0,0.13207117
0.0,0.049140744
0.0,0.06802821
0.0,0.061957255
0.0,0.040495712
0.0,0.025985835
0.0,0.019331135
0.0,0.058796972
1.0,0.030627383
0.0,0.023751777
0.0,0.071215004
0.0,0.052639313
0.0,0.09134635
0.0,0.08129485
0.0,0.029380338
0.0,0.0694827
0.0,0.04672252
0.0,0.034061823
0.0,0.07815071
0.0,0.01834282
0.0,0.075404346
0.0,0.043882936
0.0,0.045223843
0.0,0.035817865
0.0,0.09113835
0.0,0.0736378
0.0,0.059695672
0.0,0.07116003
0.0,0.031410795
0.0,0.07592954
0.0,0.027500918
0.0,0.054085374
0.0,0.019516038
0.0,0.030409245
0.0,0.07912767
0.0,0.049622416
0.0,0.03922371
0.0,0.021822039
0.0,0.07511157
0.0,0.0808711
0.0,0.083104014
0.0,0.042986255
0.0,0.06422968
0.0,0.09819654
0.0,0.03859524
0.0,0.056470722
0.0,0.05675794
0.0,0.043883435
0.0,0.027334241
0.0,0.028619593
0.0,0.06949019
0.0,0.042241167
0.0,0.04954754
0.0,0.08567101
0.0,0.09681879
0.0,0.0706936
0.0,0.04756239
0.0,0.07848592
1.0,0.038830012
0.0,0.04346777
0.0,0.039297376
0.0,0.025314758
0.0,0.049269952
0.0,0.09060321
1.0,0.08037643
0.0,0.186198
0.0,0.051938668
0.0,0.05879933
0.0,0.07670158
0.0,0.050626837
0.0,0.03619224
0.0,0.065672696
0.0,0.048490416
0.0,0.04077938
0.0,0.057646982
0.0,0.03477108
0.0,0.0648025
0.0,0.099221006
0.0,0.032328453
0.0,0.056077838
0.0,0.11010861
0.0,0.046184197
0.0,0.035719927
0.0,0.059164867
0.0,0.029235933
0.0,0.045921408
0.0,0.051398326
0.0,0.03843964
0.0,0.06441368
0.0,0.065569654
0.0,0.08675723
1.0,0.042559884
0.0,0.08878057
0.0,0.04132495
0.0,0.085745364
0.0,0.017581629
0.0,0.099387124
0.0,0.06202949
0.0,0.050844252
0.0,0.016628498
0.0,0.042778708
0.0,0.054061472
0.0,0.058784444
0.0,0.034229573
0.0,0.051550187
0.0,0.0599024
0.0,0.04255548
0.0,0.009985495
0.0,0.085614674
0.0,0.04191574
0.0,0.038092244
0.0,0.06323714
0.0,0.085061744
0.0,0.0784212
0.0,0.056464825
0.0,0.07796475
0.0,0.044387132
0.0,0.10866715
0.0,0.05851652
0.0,0.09641742
2.0,0.04104718
0.0,0.055883896
0.0,0.07323605
0.0,0.058976766
0.0,0.033558026
0.0,0.07106189
0.0,0.06098335
0.0,0.025211688
0.0,0.07843347
0.0,0.06722687
0.0,0.023499934
0.0,0.07416596
0.0,0.075916395
0.0,0.04798471
0.0,0.11212041
0.0,0.092334405
0.0,0.038425695
0.0,0.06256891
0.0,0.054043725
0.0,0.04342433
0.0,0.029748049
0.0,0.04578196
0.0,0.09590588
0.0,0.082630575
0.0,0.041854825
0.0,0.06452993
0.0,0.078241356
0.0,0.03878338
0.0,0.0369271
0.0,0.010033185
0.0,0.030343933
0.0,0.042501092
0.0,0.055982124
0.0,0.0569117
0.0,0.04161492
0.0,0.046900444
0.0,0.073636994
0.0,0.08075141
0.0,0.09856768
0.0,0.04426258
0.0,0.12541895
0.0,0.06376939
0.0,0.045121204
0.0,0.09328775
0.0,0.17063123
0.0,0.040187508
0.0,0.09973556
0.0,0.10096579
0.0,0.022245493
0.0,0.05375191
0.0,0.05154682
0.0,0.022546299
0.0,0.088695884
0.0,0.060016707
0.0,0.07915439
0.0,0.072907716
0.0,0.023185365
0.0,0.07139065
0.0,0.032255128
0.0,0.0702561
0.0,0.030652732
0.0,0.0818364
0.0,0.10307634
0.0,0.089239
0.0,0.09585334
0.0,0.052722536
0.0,0.023651337
0.0,0.046111956
0.0,0.10614715
0.0,0.041741457
0.0,0.040064804
0.0,0.06422148
0.0,0.033616994
0.0,0.046095975
0.0,0.08063667
0.0,0.04274229
0.0,0.09668633
0.0,0.03656036
0.0,0.027431112
0.0,0.04493265
0.0,0.031573303
1.0,0.07350142
0.0,0.09185013
1.0,0.03366839
0.0,0.04194051
0.0,0.13165025
0.0,0.112938054
0.0,0.019394565
0.0,0.0500087
0.0,0.04427161
0.0,0.05897969
0.0,0.06155245
0.0,0.08845334
0.0,0.057201535
0.0,0.07549757
0.0,0.06893146
0.0,0.046117604
0.0,0.011006883
0.0,0.031819128
0.0,0.042221833
0.0,0.06149568
0.0,0.03764144
1.0,0.08860649
0.0,0.06345631
0.0,0.038517985
0.0,0.030378345
0.0,0.052483946
0.0,0.056708287
0.0,0.08521051
0.0,0.02462294
0.0,0.031300064
0.0,0.036138263
0.0,0.032476533
0.0,0.030682884
0.0,0.11585454
0.0,0.024856562
0.0,0.06843415
0.0,0.05623847
0.0,0.05832388
0.0,0.10532266
0.0,0.13872723
0.0,0.066708475
0.0,0.020028926
1.0,0.03107223
0.0,0.07721844
0.0,0.07780243
0.0,0.03619284
0.0,0.08167565
0.0,0.069127835
0.0,0.022666588
0.0,0.023109857
0.0,0.12086657
0.0,0.058987677
0.0,0.07188134
0.0,0.12906593
0.0,0.057459816
0.0,0.06447105
0.0,0.026467774
0.0,0.13323997
0.0,0.06821024
0.0,0.055755574
0.0,0.033199023
0.0,0.024696372
0.0,0.10169433
0.0,0.09153406
0.0,0.02370343
0.0,0.062361363
0.0,0.06435903
0.0,0.036709912
0.0,0.059568994
0.0,0.037446644
0.0,0.045179486
0.0,0.05354516
0.0,0.02603063
0.0,0.038238984
0.0,0.12001625
0.0,0.08131892
0.0,0.061757244
0.0,0.1399542
0.0,0.06422569
0.0,0.14117302
0.0,0.06579651
0.0,0.06249714
0.0,0.050489224
0.0,0.04080558
0.0,0.02378241
0.0,0.043058466
0.0,0.026581492
0.0,0.022707924
0.0,0.08191339
0.0,0.07931738
0.0,0.05759725
0.0,0.02521455
0.0,0.05328498
0.0,0.11741655
0.0,0.02460795
0.0,0.07511897
0.0,0.12371325
0.0,0.072120704
0.0,0.07720436
1.0,0.042125188
0.0,0.052812714
0.0,0.0605357
0.0,0.07764591
0.0,0.05024869
0.0,0.05072117
0.0,0.031968657
1.0,0.07431381
0.0,0.06000094
0.0,0.059256118
1.0,0.09729798
0.0,0.0207124
0.0,0.07358036
0.0,0.116501085
0.0,0.05873465
0.0,0.1201063
0.0,0.09896413
0.0,0.11905956
1.0,0.050679296
0.0,0.024652898
0.0,0.05186576
0.0,0.04111974
0.0,0.09437695
1.0,0.024511617
1.0,0.034029193
0.0,0.050772324
1.0,0.05854992
0.0,0.09873291
0.0,0.052419864
0.0,0.07181392
0.0,0.048652124
0.0,0.14320748
0.0,0.056048527
0.0,0.08396766
0.0,0.035864793
0.0,0.050277784
0.0,0.014494591
0.0,0.10840952
0.0,0.038773727
0.0,0.032649133
0.0,0.083573006
0.0,0.057276756
0.0,0.022985362
0.0,0.11597885
0.0,0.030564822
1.0,0.043283485
0.0,0.03746529
0.0,0.18982297
0.0,0.052860685
0.0,0.039796695
0.0,0.04616502
0.0,0.028281553
0.0,0.036949787
1.0,0.060185708
0.0,0.036405254
0.0,0.033578448
0.0,0.054426536
0.0,0.038254775
0.0,0.075525254
0.0,0.05885838
0.0,0.03491313
0.0,0.05585941
0.0,0.025216209
0.0,0.022523573
1.0,0.07685762
0.0,0.06135588
0.0,0.07401959
1.0,0.050095215
0.0,0.08852026
0.0,0.079913676
0.0,0.0635166
0.0,0.032823104
0.0,0.04945062
1.0,0.030600011
0.0,0.020241978
0.0,0.04883821
0.0,0.057812974
0.0,0.031162027
0.0,0.04406847
0.0,0.047321558
0.0,0.043419298
0.0,0.033675168
0.0,0.06275412
0.0,0.10627153
0.0,0.033051226
0.0,0.030407157
0.0,0.04691136
0.0,0.0629568
0.0,0.083988525
0.0,0.075817816
0.0,0.06149442
0.0,0.022908146
0.0,0.047722027
0.0,0.07379746
1.0,0.06351627
0.0,0.040840305
0.0,0.04694786
0.0,0.07200741
0.0,0.05429514
0.0,0.033507258
0.0,0.052350923
0.0,0.09864056
0.0,0.02515562
0.0,0.10852651
0.0,0.13485241
0.0,0.06957337
0.0,0.06163733
0.0,0.12806195
0.0,0.06831886
0.0,0.09584087
0.0,0.04589892
0.0,0.071599394
0.0,0.015054824
0.0,0.05966087
0.0,0.029981595
0.0,0.037988782
0.0,0.08647831
1.0,0.026505675
0.0,0.042392686
0.0,0.07744439
0.0,0.09661573
0.0,0.054371867
0.0,0.09251119
0.0,0.022314494
0.0,0.07004167
0.0,0.04268042
0.0,0.03333866
0.0,0.04984969
0.0,0.026208896
0.0,0.042251922
0.0,0.025552008
0.0,0.07690183
0.0,0.041257437
0.0,0.02972417
0.0,0.03347334
0.0,0.028173562
0.0,0.051897254
0.0,0.10578642
0.0,0.022319708
0.0,0.023314554
0.0,0.04737782
0.0,0.016813507
0.0,0.035779405
0.0,0.037403297
0.0,0.06240411
0.0,0.085193425
0.0,0.031995434
0.0,0.055935428
0.0,0.059360728
0.0,0.050627775
0.0,0.06538074
0.0,0.06050984
0.0,0.09141481
0.0,0.062523805
0.0,0.060837574
0.0,0.025009263
0.0,0.060755998
0.0,0.03487739
0.0,0.1163269
1.0,0.06492907
0.0,0.053787176
0.0,0.17901586
1.0,0.07530814
0.0,0.028082024
0.0,0.06418641
0.0,0.039949086
0.0,0.008628899
1.0,0.069004305
0.0,0.052766748
0.0,0.027110508
0.0,0.03621
0.0,0.049137793
0.0,0.041619584
0.0,0.04329385
0.0,0.072263494
0.0,0.10470624
0.0,0.057932243
0.0,0.06577301
0.0,0.08834927
0.0,0.04319071
0.0,0.078090906
0.0,0.09907353
0.0,0.014504499
0.0,0.07505699
0.0,0.039725408
1.0,0.024608819
0.0,0.08682124
0.0,0.04762587
0.0,0.07793457
0.0,0.07772748
0.0,0.05822108
0.0,0.06969839
0.0,0.071326375
0.0,0.10771148
0.0,0.022519084
0.0,0.022329811
0.0,0.04725959
0.0,0.06799392
0.0,0.049294956
0.0,0.061848514
0.0,0.012879701
0.0,0.04219386
0.0,0.08220513
0.0,0.04847719
0.0,0.022205602
0.0,0.064909875
1.0,0.060174
0.0,0.0651734
0.0,0.057014644
0.0,0.042334832
0.0,0.09620222
1.0,0.07813536
0.0,0.06367957
1.0,0.03818698
0.0,0.06924799
0.0,0.050125204
0.0,0.03218415
0.0,0.034411345
0.0,0.13586596
0.0,0.091179855
0.0,0.057713732
0.0,0.032834407
0.0,0.039128605
0.0,0.040162586
0.0,0.032194328
0.0,0.023849048
0.0,0.029594243
0.0,0.030772204
0.0,0.07862227
0.0,0.09287453
0.0,0.034443174
0.0,0.04073738
0.0,0.032813903
0.0,0.12844706
0.0,0.047169242
0.0,0.07782298
0.0,0.06795406
0.0,0.12852609
0.0,0.06578603
0.0,0.10919744
0.0,0.14019887
0.0,0.056647938
0.0,0.023687951
0.0,0.039744414
0.0,0.04898052
0.0,0.09353879
0.0,0.04192082
0.0,0.04152873
0.0,0.043327346
0.0,0.034139562
0.0,0.057557575
0.0,0.0466493
0.0,0.04118461
0.0,0.10742562
0.0,0.06952346
0.0,0.076555386
1.0,0.041709483
0.0,0.050923765
0.0,0.08608519
0.0,0.049732447
0.0,0.02668348
0.0,0.045584448
0.0,0.09270334
0.0,0.087494686
0.0,0.06012015
0.0,0.037687667
0.0,0.04825788
0.0,0.040385313
0.0,0.02332712
0.0,0.10272615
0.0,0.07428861
0.0,0.06678837
0.0,0.035126828
0.0,0.04438984
0.0,0.09188399
0.0,0.06435461
0.0,0.03570552
0.0,0.09849573
0.0,0.08330072
0.0,0.07784766
0.0,0.08528618
0.0,0.04597296
0.0,0.10423027
0.0,0.067634225
0.0,0.039950266
1.0,0.08431833
0.0,0.063482024
0.0,0.054429986
0.0,0.10103553
0.0,0.05981332
0.0,0.04687178
0.0,0.081348434
0.0,0.011916003
0.0,0.07709558
0.0,0.052453794
0.0,0.039118346
0.0,0.044809707
0.0,0.067912586
0.0,0.08432031
0.0,0.094349325
0.0,0.05500359
0.0,0.038968716
0.0,0.09138031
0.0,0.096546926
0.0,0.0844415
0.0,0.03547709
0.0,0.07756077
0.0,0.0458334
0.0,0.08556692
0.0,0.05817485
0.0,0.105068795
0.0,0.065724164
0.0,0.045934856
0.0,0.055051297
0.0,0.06738802
0.0,0.06815456
0.0,0.05955411
0.0,0.047228523
0.0,0.08526731
0.0,0.02354829
0.0,0.060925305
0.0,0.12881035
0.0,0.061011855
0.0,0.050295603
0.0,0.03233738
0.0,0.121586934
0.0,0.11821773
0.0,0.05152406
0.0,0.117967844
0.0,0.07635451
0.0,0.10281916
0.0,0.08611131
0.0,0.11890189
0.0,0.024390047
0.0,0.0242321
0.0,0.03569771
0.0,0.09367345
0.0,0.038008474
0.0,0.07790474
0.0,0.09371715
0.0,0.05415146
0.0,0.041499574
0.0,0.08075881
0.0,0.017721187
0.0,0.1013195
1.0,0.037947647
0.0,0.052937556
0.0,0.07895385
0.0,0.08072812
0.0,0.0584014
0.0,0.02334392
0.0,0.07665782
0.0,0.056168653
0.0,0.037891142
0.0,0.019935064
0.0,0.064930245
0.0,0.040547553
0.0,0.057416625
0.0,0.023497961
0.0,0.1335511
0.0,0.03653629
0.0,0.07505674
0.0,0.051546328
0.0,0.07155089
0.0,0.04712203
0.0,0.035917148
0.0,0.032898895
0.0,0.049335383
0.0,0.055802334
0.0,0.06841007
0.0,0.06946187
0.0,0.08066686
0.0,0.046641316
0.0,0.0830356
0.0,0.053708382
0.0,0.057175625
0.0,0.049572326
0.0,0.020548284
0.0,0.07433839
0.0,0.077022456
0.0,0.1171394
0.0,0.090834215
0.0,0.0619108
0.0,0.06668164
0.0,0.040537387
0.0,0.07002422
0.0,0.01905527
0.0,0.046852075
0.0,0.03914512
1.0,0.09188596
0.0,0.031666815
0.0,0.04591462
0.0,0.028005574
0.0,0.085347936
0.0,0.031325474
0.0,0.06388661
0.0,0.087749004
0.0,0.04111268
0.0,0.099425495
1.0,0.046471313
0.0,0.036487646
0.0,0.080502704
0.0,0.03125629
0.0,0.02289157
0.0,0.028825717
0.0,0.0370051
0.0,0.04434666
0.0,0.12899296
0.0,0.096211486
0.0,0.11512641
0.0,0.08666932
0.0,0.10964861
0.0,0.082847506
0.0,0.06898537
0.0,0.091593
0.0,0.0450147
0.0,0.08255321
0.0,0.02029434
1.0,0.08484466
0.0,0.104747765
0.0,0.025136303
0.0,0.065537274
0.0,0.047681812
0.0,0.032573
0.0,0.032871407
0.0,0.041720185
0.0,0.10098563
0.0,0.09793617
0.0,0.020646323
0.0,0.054442097
0.0,0.06523883
0.0,0.07888592
0.0,0.035204045
0.0,0.09462858
0.0,0.05892322
0.0,0.10534564
0.0,0.02946262
0.0,0.0877616
0.0,0.02643072
0.0,0.049146134
0.0,0.12098249
1.0,0.085138075
0.0,0.049751945
0.0,0.066763975
0.0,0.041074373
0.0,0.048250496
0.0,0.035782818
0.0,0.08155926
0.0,0.082326345
0.0,0.050426766
0.0,0.04698519
0.0,0.05013453
0.0,0.10003805
0.0,0.05128236
0.0,0.07590349
0.0,0.06500267
1.0,0.05870853
0.0,0.041768156
0.0,0.10299674
0.0,0.058583025
0.0,0.0695489
0.0,0.058553364
0.0,0.09838866
0.0,0.028791238
0.0,0.08141418
0.0,0.02491359
0.0,0.01618326
0.0,0.078047626
0.0,0.03031488
0.0,0.0630371
0.0,0.054461583
0.0,0.050260406
0.0,0.038782436
0.0,0.15061918
0.0,0.042648904
0.0,0.03842135
0.0,0.043027576
0.0,0.076522976
0.0,0.056357794
0.0,0.057341658
0.0,0.035383143
0.0,0.11398887
0.0,0.040814377
0.0,0.026953317
0.0,0.04847511
0.0,0.098869234
0.0,0.035343446
0.0,0.060408115
0.0,0.050106946
0.0,0.018265698
0.0,0.050057203
0.0,0.03144403
0.0,0.017623808
0.0,0.04056817
0.0,0.011817664
0.0,0.058805972
0.0,0.044583768
0.0,0.10740032
0.0,0.04843567
1.0,0.06989102
0.0,0.0940665
0.0,0.08730481
0.0,0.048492104
0.0,0.08554134
0.0,0.050306633
0.0,0.111616425
0.0,0.045941204
0.0,0.04490821
0.0,0.028602935
0.0,0.059651397
0.0,0.034600247
0.0,0.08755703
0.0,0.026347645
0.0,0.036828224
0.0,0.08222428
0.0,0.03823661
0.0,0.03703064
0.0,0.06734716
0.0,0.034376804
0.0,0.052021652
1.0,0.08254628
0.0,0.025028411
0.0,0.12678091
0.0,0.064943776
0.0,0.05607932
0.0,0.06779385
0.0,0.08510487
0.0,0.05291652
0.0,0.076606825
0.0,0.04785718
0.0,0.08293434
0.0,0.052953813
0.0,0.019843524
0.0,0.12021797
0.0,0.050297067
0.0,0.022551417
0.0,0.05195108
0.0,0.02660306
0.0,0.046835832
0.0,0.10818148
0.0,0.06212985
0.0,0.0672513
0.0,0.028705698
0.0,0.027139105
0.0,0.050816793
0.0,0.047429763
0.0,0.02780029
0.0,0.023876982
0.0,0.034018207
0.0,0.048365325
0.0,0.03993486
0.0,0.04559823
0.0,0.08790958
0.0,0.036828768
0.0,0.04099806
0.0,0.09669602
0.0,0.08324671
0.0,0.027753389
0.0,0.03639923
0.0,0.03874787
0.0,0.09779614
0.0,0.052708533
0.0,0.016326278
0.0,0.07030322
0.0,0.041100197
0.0,0.10761296
0.0,0.022232035
1.0,0.088849515
0.0,0.10040422
0.0,0.06221458
0.0,0.083410494
0.0,0.05621651
0.0,0.06557589
0.0,0.03803576
0.0,0.09874007
0.0,0.079470366
0.0,0.08042601
0.0,0.05621734
0.0,0.056687713
0.0,0.024951492
0.0,0.045718126
1.0,0.042124964
0.0,0.038068093
0.0,0.06710504
0.0,0.07057518
0.0,0.044434674
0.0,0.05090983
0.0,0.029456116
0.0,0.038449924
1.0,0.068969734
0.0,0.021596745
0.0,0.04387513
0.0,0.060637042
0.0,0.0627667
0.0,0.06138766
0.0,0.013129072
0.0,0.035347205
0.0,0.050956555
0.0,0.056175083
0.0,0.04006131
0.0,0.03116197
0.0,0.074758396
0.0,0.026186472
1.0,0.04934126
0.0,0.0817803
0.0,0.0415699
0.0,0.043375053
0.0,0.034178883
0.0,0.02538
0.0,0.129069
0.0,0.04201878
0.0,0.016136842
0.0,0.030749982
0.0,0.04373241
0.0,0.047008272
0.0,0.018546239
0.0,0.025607469
0.0,0.03501535
0.0,0.038141575
0.0,0.041996647
0.0,0.041026574
0.0,0.025090225
0.0,0.07735659
0.0,0.060067784
0.0,0.03797181
0.0,0.024673749
0.0,0.0830985
0.0,0.05311451
0.0,0.03792368
0.0,0.06710731
0.0,0.101723015
0.0,0.026631376
0.0,0.040451325
0.0,0.04084851
0.0,0.11482394
0.0,0.04895444
0.0,0.052973524
0.0,0.013217238
0.0,0.034719408
0.0,0.06240527
0.0,0.032969974
0.0,0.029757198
0.0,0.030057903
0.0,0.05270348
0.0,0.06474687
0.0,0.061526436
0.0,0.015765062
0.0,0.045707513
0.0,0.08876909
0.0,0.057649374
0.0,0.057325087
0.0,0.086978085
0.0,0.101971395
0.0,0.066007584
0.0,0.11349394
0.0,0.03909472
0.0,0.04650762
0.0,0.07757804
0.0,0.06281541
0.0,0.035438627
0.0,0.08003361
0.0,0.053224392
0.0,0.08239629
0.0,0.03768474
1.0,0.039676566
0.0,0.05431749
0.0,0.035947986
0.0,0.045997277
0.0,0.053750344
0.0,0.069454774
0.0,0.15979233
0.0,0.06788825
0.0,0.0439974
0.0,0.035717443
0.0,0.048900917
0.0,0.036949065
0.0,0.018728536
0.0,0.036125083
0.0,0.03970789
0.0,0.047997158
0.0,0.07517641
0.0,0.057461187
0.0,0.07879288
0.0,0.11165337
0.0,0.10097022
0.0,0.05631065
0.0,0.057897087
0.0,0.05500691
1.0,0.047134213
1.0,0.064064756
1.0,0.041958455
0.0,0.011773618
0.0,0.111646876
0.0,0.02271674
0.0,0.03635864
0.0,0.079366095
0.0,0.031736214
0.0,0.044272818
0.0,0.08858539
0.0,0.04503248
0.0,0.040846657
0.0,0.053923886
0.0,0.13506068
0.0,0.1257522
0.0,0.065345265
0.0,0.039823025
0.0,0.058566544
0.0,0.062372442
0.0,0.034718696
0.0,0.013733127
0.0,0.0653106
0.0,0.1075381
0.0,0.049127482
0.0,0.062278055
0.0,0.07335153
0.0,0.036623295
0.0,0.11024128
0.0,0.03877868
0.0,0.07490845
0.0,0.06484132
0.0,0.100923866
0.0,0.034335047
0.0,0.1347978
0.0,0.047611836
0.0,0.051345684
0.0,0.106225476
0.0,0.108348586
0.0,0.06459061
0.0,0.029934624
0.0,0.09961009
0.0,0.10130375
0.0,0.030599268
0.0,0.12734851
0.0,0.04598186
0.0,0.10859836
0.0,0.12778617
0.0,0.06477318
0.0,0.038683385
0.0,0.07105897
0.0,0.060624234
0.0,0.03875515
0.0,0.038332727
0.0,0.052880526
0.0,0.014587858
0.0,0.04306553
0.0,0.08000538
0.0,0.06651219
0.0,0.037970796
0.0,0.039758176
0.0,0.040643297
0.0,0.060039006
0.0,0.0534548
0.0,0.06490848
0.0,0.03419199
0.0,0.08949259
0.0,0.024774194
0.0,0.047137428
0.0,0.054510243
0.0,0.042951196
0.0,0.03948212
0.0,0.03810896
0.0,0.06156513
0.0,0.02155037
0.0,0.05147642
0.0,0.09693853
0.0,0.050516028
0.0,0.05202855
0.0,0.12092196
0.0,0.07471491
0.0,0.03346539
0.0,0.061117843
0.0,0.01788716
0.0,0.11584067
0.0,0.06427169
0.0,0.043978162
0.0,0.07318763
0.0,0.050164226
0.0,0.041989475
0.0,0.08116571
0.0,0.020947509
0.0,0.05469684
0.0,0.07706533
0.0,0.12600018
0.0,0.038926076
0.0,0.028065277
0.0,0.117864415
0.0,0.027766759
0.0,0.078305885
0.0,0.040516533
0.0,0.04493621
0.0,0.042214364
0.0,0.022904236
0.0,0.05438146
1.0,0.065872915
0.0,0.07274565
0.0,0.05139377
0.0,0.056568228
0.0,0.07353474
0.0,0.04605818
0.0,0.029127384
0.0,0.07243527
0.0,0.03822203
0.0,0.17706335
0.0,0.0957357
0.0,0.034495804
0.0,0.045859456
0.0,0.0805141
0.0,0.07596318
0.0,0.1067653
0.0,0.04016475
0.0,0.029072683
0.0,0.10215054
0.0,0.03923089
0.0,0.050862536
0.0,0.046941947
0.0,0.036113817
0.0,0.048050746
0.0,0.060440272
0.0,0.04706899
0.0,0.03397256
0.0,0.07445152
0.0,0.044869553
0.0,0.12943071
0.0,0.034650438
0.0,0.057181187
0.0,0.03753007
0.0,0.067146204
0.0,0.02691846
0.0,0.055528753
0.0,0.068958424
0.0,0.044755854
0.0,0.033995394
0.0,0.035545602
0.0,0.05156678
0.0,0.054729097
0.0,0.05952521
0.0,0.12888579
0.0,0.09071695
0.0,0.032400586
0.0,0.04701195
0.0,0.068669274
0.0,0.05263078
0.0,0.03961879
0.0,0.07159473
0.0,0.10716735
0.0,0.07616694
0.0,0.06822543
0.0,0.040856026
0.0,0.086570784
0.0,0.19771141
0.0,0.053633675
0.0,0.043910082
0.0,0.09998288
0.0,0.110209905
0.0,0.028406922
0.0,0.045522325
0.0,0.043888316
0.0,0.098760664
0.0,0.07107039
0.0,0.03169721
0.0,0.03486705
0.0,0.10019177
0.0,0.06612203
0.0,0.03979165
0.0,0.07712698
0.0,0.1011958
0.0,0.039601848
1.0,0.042368434
0.0,0.07493351
0.0,0.070178986
0.0,0.06464473
0.0,0.050086595
0.0,0.031458262
0.0,0.043888293
0.0,0.035685573
0.0,0.02500899
0.0,0.04743983
0.0,0.106184356
0.0,0.03666179
0.0,0.08170005
0.0,0.095760375
0.0,0.05386185
0.0,0.038991727
0.0,0.0746239
0.0,0.09143083
0.0,0.08395533
0.0,0.06834473
0.0,0.023754561
0.0,0.047303893
0.0,0.050084874
1.0,0.09024318
0.0,0.106664166
0.0,0.04471833
0.0,0.050131205
0.0,0.052702375
0.0,0.047954515
0.0,0.058839746
0.0,0.01855481
0.0,0.11603644
0.0,0.023099048
0.0,0.056736957
0.0,0.11230581
0.0,0.04882189
0.0,0.041522276
0.0,0.09978341
0.0,0.04436377
1.0,0.064702556
1.0,0.023858864
0.0,0.05141041
1.0,0.11092352
0.0,0.10162312
0.0,0.09881084
2.0,0.05491486
0.0,0.048290662
0.0,0.081859425
0.0,0.025593333
0.0,0.04462286
0.0,0.080127716
0.0,0.102792785
0.0,0.08318525
0.0,0.056696527
0.0,0.05694297
1.0,0.05400257
0.0,0.03862851
0.0,0.05344318
0.0,0.05746676
0.0,0.041221216
0.0,0.1332427
0.0,0.05497973
0.0,0.03322821
0.0,0.08524144
0.0,0.0538439
0.0,0.071334556
0.0,0.049096547
0.0,0.041890584
0.0,0.088207826
0.0,0.025575193
0.0,0.0719692
0.0,0.049168892
0.0,0.071831964
1.0,0.027041668
0.0,0.05464362
0.0,0.08347702
0.0,0.02799564
0.0,0.055225663
0.0,0.05153753
0.0,0.014966763
0.0,0.023304194
0.0,0.024572188
0.0,0.04879647
1.0,0.07425981
0.0,0.045002017
0.0,0.05126175
1.0,0.04651592
0.0,0.047996495
0.0,0.05760598
0.0,0.11125361
0.0,0.04595628
0.0,0.07997902
0.0,0.066329375
0.0,0.04002591
0.0,0.078237884
1.0,0.037386697
0.0,0.02545467
0.0,0.049507104
2.0,0.044517703
0.0,0.061416823
0.0,0.045033764
0.0,0.026854895
0.0,0.07765743
0.0,0.04986828
0.0,0.11350758
0.0,0.031021466
0.0,0.024622211
0.0,0.03702381
1.0,0.09803772
0.0,0.032756794
0.0,0.06692432
0.0,0.07559499
0.0,0.060741484
0.0,0.0151080685
0.0,0.045852594
0.0,0.050909366
0.0,0.03927744
0.0,0.036628798
0.0,0.01893681
0.0,0.11722478
0.0,0.050194375
0.0,0.034828413
0.0,0.03579195
0.0,0.03976959
1.0,0.057884667
0.0,0.06549411
0.0,0.0600551
0.0,0.1411184
0.0,0.02599591
1.0,0.015952788
0.0,0.0884436
0.0,0.07585141
0.0,0.05608526
0.0,0.04145885
0.0,0.044861726
0.0,0.06376146
0.0,0.025783021
0.0,0.023695847
0.0,0.08587672
0.0,0.050360203
1.0,0.013647044
0.0,0.07075238
0.0,0.06662219
0.0,0.038703404
0.0,0.05510516
0.0,0.037802026
0.0,0.034679893
0.0,0.02499112
0.0,0.046801902
0.0,0.046195388
0.0,0.05330836
0.0,0.024590392
0.0,0.06820207
0.0,0.07550966
0.0,0.038335524
0.0,0.027754262
0.0,0.047226407
0.0,0.17077377
0.0,0.05434377
0.0,0.053100534
0.0,0.03101598
0.0,0.16339667
0.0,0.10296487
1.0,0.032104798
1.0,0.02187271
0.0,0.06709672
0.0,0.025319695
0.0,0.12675571
0.0,0.0633778
0.0,0.05347372
0.0,0.04053984
0.0,0.023384362
0.0,0.02970041
0.0,0.023436315
0.0,0.07186213
0.0,0.029144166
0.0,0.03689933
0.0,0.06470249
0.0,0.041085754
1.0,0.04698557
0.0,0.06625862
0.0,0.057941664
0.0,0.03055028
0.0,0.042332165
0.0,0.088574685
0.0,0.09018356
0.0,0.029781232
0.0,0.057065316
0.0,0.07288672
0.0,0.056624904
0.0,0.06304302
0.0,0.061667465
0.0,0.03950841
0.0,0.02029707
0.0,0.043956548
0.0,0.10163489
0.0,0.023575727
0.0,0.037585285
0.0,0.03118144
1.0,0.08216065
0.0,0.050288912
0.0,0.048119072
0.0,0.03630902
0.0,0.06186506
0.0,0.06843116
0.0,0.05429571
0.0,0.041841295
0.0,0.029711232
0.0,0.078897245
0.0,0.056931596
0.0,0.045027815
0.0,0.071687736
0.0,0.041313857
0.0,0.07328366
0.0,0.040836956
0.0,0.12636188
0.0,0.04259594
0.0,0.049858175
0.0,0.08764538
0.0,0.11163325
0.0,0.073214725
0.0,0.07114719
0.0,0.064345405
0.0,0.05264963
0.0,0.03833889
0.0,0.0485468
0.0,0.08110211
0.0,0.059238248
0.0,0.024339892
0.0,0.05554215
0.0,0.06802324
0.0,0.12033655
0.0,0.03425632
0.0,0.07487149
0.0,0.045745537
1.0,0.05115197
0.0,0.1494748
0.0,0.09600874
0.0,0.039169565
0.0,0.044776686
0.0,0.08294085
0.0,0.07482457
0.0,0.05475972
0.0,0.07743032
0.0,0.11561002
0.0,0.088777855
0.0,0.08235795
0.0,0.13944234
0.0,0.10209502
0.0,0.07983754
0.0,0.041766107
0.0,0.047229897
0.0,0.07576794
0.0,0.056189362
0.0,0.056280438
0.0,0.03217402
0.0,0.01601573
0.0,0.12080883
0.0,0.10532823
0.0,0.03604947
0.0,0.026802992
0.0,0.11688957
0.0,0.03715991
0.0,0.02116564
0.0,0.057603016
0.0,0.038241208
0.0,0.025030846
0.0,0.07200384
0.0,0.0583865
1.0,0.017896844
0.0,0.045433242
0.0,0.035749972
0.0,0.0428017
0.0,0.05520689
0.0,0.034001634
0.0,0.03856211
0.0,0.061886687
0.0,0.04965565
0.0,0.07850231
0.0,0.04218555
0.0,0.025032254
0.0,0.034956444
0.0,0.08627345
0.0,0.033627287
0.0,0.062402
0.0,0.06260248
0.0,0.04587411
0.0,0.077049784
1.0,0.06824207
0.0,0.041665792
0.0,0.030722369
0.0,0.06906824
0.0,0.059588455
0.0,0.034775145
0.0,0.03173119
0.0,0.06962804
0.0,0.08792802
0.0,0.023478417
0.0,0.040130503
2.0,0.050541375
0.0,0.033514146
0.0,0.08712902
0.0,0.052291647
0.0,0.03490604
0.0,0.038465146
1.0,0.08333321
0.0,0.06641005
1.0,0.054550223
0.0,0.03396412
0.0,0.061864026
0.0,0.06055501
0.0,0.033474617
0.0,0.14565973
0.0,0.026498916
0.0,0.09883557
0.0,0.08808098
0.0,0.04162683
0.0,0.02665305
0.0,0.018774549
0.0,0.07804093
0.0,0.07729505
0.0,0.051321086
0.0,0.042115584
1.0,0.05619382
0.0,0.03878939
0.0,0.025258774
0.0,0.05275684
0.0,0.18825428
1.0,0.05323066
0.0,0.0667248
0.0,0.104236774
0.0,0.032898236
0.0,0.07822953
0.0,0.049228434
0.0,0.04408087
0.0,0.046414442
1.0,0.020015854
0.0,0.056433547
0.0,0.0959529
0.0,0.035677645
0.0,0.041524354
0.0,0.045910656
0.0,0.045955993
0.0,0.061116587
0.0,0.06257351
0.0,0.040455163
0.0,0.045420744
0.0,0.07374318
0.0,0.10525423
0.0,0.038381066
0.0,0.031662904
0.0,0.04490853
0.0,0.022866871
0.0,0.03684066
0.0,0.09291063
0.0,0.02422762
0.0,0.09112874
0.0,0.028391471
0.0,0.020459257
0.0,0.03564639
0.0,0.07411262
0.0,0.046544448
0.0,0.034524187
0.0,0.10741479
0.0,0.017974045
0.0,0.07816644
0.0,0.045822673
0.0,0.059456818
0.0,0.04006295
1.0,0.09912397
0.0,0.06112599
0.0,0.077518135
0.0,0.05215742
0.0,0.029514562
0.0,0.025066607
0.0,0.058037862
0.0,0.06264656
0.0,0.04906549
0.0,0.079824634
0.0,0.055877034
0.0,0.068200834
1.0,0.04250385
0.0,0.09115651
0.0,0.05636274
0.0,0.08327645
0.0,0.11737082
0.0,0.040828586
0.0,0.09717585
0.0,0.02062799
0.0,0.019647628
0.0,0.06369965
0.0,0.07631957
0.0,0.09568037
0.0,0.060926843
0.0,0.05015423
1.0,0.04674565
0.0,0.049484544
0.0,0.037856396
0.0,0.054942098
0.0,0.05151893
1.0,0.0598469
0.0,0.03520755
1.0,0.054272596
0.0,0.03732811
0.0,0.04109765
0.0,0.05242619
0.0,0.05703852
0.0,0.10111857
0.0,0.092813924
0.0,0.042049505
0.0,0.041244533
0.0,0.064263396
0.0,0.0441953
0.0,0.024871346
0.0,0.05994449
0.0,0.029587865
0.0,0.052546397
0.0,0.065990195
0.0,0.04876349
0.0,0.11187889
0.0,0.017249193
0.0,0.018618818
0.0,0.089340925
0.0,0.118895546
0.0,0.07538745
0.0,0.046501145
0.0,0.06405124
0.0,0.04044926
0.0,0.057025656
0.0,0.07018069
0.0,0.04745171
0.0,0.0162658
0.0,0.035943564
0.0,0.10342437
0.0,0.046697773
0.0,0.10326029
0.0,0.013058811
0.0,0.06222636
0.0,0.077343345
3.0,0.038769957
0.0,0.08112767
0.0,0.05180535
0.0,0.08034126
0.0,0.09084588
0.0,0.042243384
0.0,0.044843137
0.0,0.051169634
0.0,0.06572466
0.0,0.05037865
0.0,0.03868311
0.0,0.03957057
0.0,0.05869277
0.0,0.047715813
0.0,0.04306863
0.0,0.078990676
0.0,0.07901916
0.0,0.010290259
0.0,0.09456318
0.0,0.041583344
0.0,0.08925861
0.0,0.054493014
0.0,0.0402136
0.0,0.047194056
0.0,0.032959316
0.0,0.08294743
0.0,0.03975431
1.0,0.0315311
2.0,0.08697207
0.0,0.10455811
0.0,0.08410575
0.0,0.029911052
0.0,0.062890165
0.0,0.029023373
0.0,0.061410498
0.0,0.04893544
0.0,0.099137895
0.0,0.03844054
0.0,0.040835068
0.0,0.03348215
0.0,0.075343065
0.0,0.01936456
0.0,0.09749295
0.0,0.06867392
0.0,0.05082234
0.0,0.07184981
0.0,0.08232658
0.0,0.041725002
0.0,0.049335405
0.0,0.025035717
0.0,0.012996567
0.0,0.035716303
0.0,0.09640342
0.0,0.034986895
0.0,0.069988385
0.0,0.044818982
0.0,0.041040815
0.0,0.12045444
0.0,0.10213627
0.0,0.06050459
0.0,0.07935213
1.0,0.07203939
1.0,0.04731402
0.0,0.033601306
0.0,0.03477861
0.0,0.08868165
0.0,0.104100525
0.0,0.065167546
0.0,0.03479415
0.0,0.016599828
0.0,0.13919358
0.0,0.10329233
0.0,0.094940215
0.0,0.06371871
0.0,0.062176205
0.0,0.03361611
0.0,0.041610952
0.0,0.045742333
0.0,0.138289
0.0,0.08327645
0.0,0.0628073
0.0,0.037064154
0.0,0.061123658
0.0,0.06395085
0.0,0.06761004
0.0,0.033987418
0.0,0.11552273
0.0,0.0540505
0.0,0.081462055
0.0,0.037544962
0.0,0.019223
0.0,0.057491362
0.0,0.02456222
0.0,0.044033792
0.0,0.06479416
0.0,0.092702195
0.0,0.071538135
0.0,0.0727019
0.0,0.06750705
0.0,0.06140757
0.0,0.03998707
0.0,0.07340596
0.0,0.044781387
0.0,0.037025556
0.0,0.012431197
0.0,0.046992518
0.0,0.05653765
0.0,0.053551707
0.0,0.024280807
0.0,0.036622267
0.0,0.018352322
0.0,0.06576177
0.0,0.03276665
0.0,0.0509629
0.0,0.053771444
0.0,0.055065133
0.0,0.07625903
0.0,0.03382261
0.0,0.026961904
0.0,0.03194266
0.0,0.09043052
0.0,0.039005768
0.0,0.07046979
0.0,0.031900253
0.0,0.04147803
0.0,0.08255037
1.0,0.07288575
0.0,0.030804943
0.0,0.062474433
0.0,0.021227982
0.0,0.059801944
0.0,0.06634654
0.0,0.064401455
0.0,0.12858531
0.0,0.019381447
0.0,0.06818451
0.0,0.04218549
0.0,0.06334477
0.0,0.051200993
0.0,0.058249213
0.0,0.03619284
0.0,0.05427622
0.0,0.07580657
0.0,0.06892147
0.0,0.06755293
0.0,0.09867161
0.0,0.03678135
0.0,0.037686285
0.0,0.050034795
0.0,0.12749714
0.0,0.07244656
0.0,0.014058236
0.0,0.14841759
0.0,0.034186855
1.0,0.063254796
0.0,0.040676758
1.0,0.027210284
0.0,0.041379355
0.0,0.02148997
0.0,0.07392033
0.0,0.13782717
0.0,0.06038217
0.0,0.075138494
0.0,0.09083299
0.0,0.07146333
0.0,0.0765413
0.0,0.034651298
0.0,0.036338013
0.0,0.027387863
0.0,0.06442428
0.0,0.05872747
1.0,0.04205404
0.0,0.06731245
0.0,0.01470474
0.0,0.069378674
0.0,0.049279142
0.0,0.07688628
0.0,0.06484676
0.0,0.054604758
0.0,0.10806109
0.0,0.12300691
0.0,0.051576443
0.0,0.060272224
0.0,0.105169594
0.0,0.03796705
0.0,0.03326615
0.0,0.061133932
0.0,0.04572105
0.0,0.030013807
0.0,0.05540117
0.0,0.027201734
0.0,0.0839334
0.0,0.04419389
0.0,0.12868866
0.0,0.037425794
0.0,0.04348332
2.0,0.049091563
0.0,0.1035068
0.0,0.07996687
0.0,0.053994074
0.0,0.12137232
0.0,0.040554322
0.0,0.03997662
0.0,0.044234388
0.0,0.053285133
0.0,0.05007733
0.0,0.07358978
0.0,0.057570945
0.0,0.055359073
0.0,0.08413174
0.0,0.072991475
0.0,0.059289724
0.0,0.11164403
0.0,0.11715449
0.0,0.015722219
0.0,0.037151955
0.0,0.029413378
0.0,0.046152562
0.0,0.10399381
0.0,0.08491792
0.0,0.076115936
0.0,0.06430544
0.0,0.08195934
1.0,0.06803635
0.0,0.022988902
1.0,0.032397527
0.0,0.10686156
0.0,0.018919624
0.0,0.054255776
0.0,0.07396428
0.0,0.05375519
0.0,0.11260519
0.0,0.031453747
0.0,0.06590238
0.0,0.036158513
0.0,0.038285635
0.0,0.08067382
1.0,0.054258984
0.0,0.043396674
0.0,0.06645196
0.0,0.045146644
0.0,0.12803863
0.0,0.11725164
0.0,0.057832412
0.0,0.023684584
0.0,0.13593574
0.0,0.02070302
0.0,0.029416576
0.0,0.030463437
0.0,0.044887166
0.0,0.045860857
0.0,0.07988159
0.0,0.05954605
0.0,0.08069268
0.0,0.06018809
0.0,0.03516849
0.0,0.024251834
1.0,0.039503664
0.0,0.08670759
0.0,0.05468461
0.0,0.03375795
0.0,0.10531984
0.0,0.072695404
0.0,0.07326951
0.0,0.05077271
0.0,0.07416532
0.0,0.09504712
0.0,0.042209573
0.0,0.0455314
0.0,0.056482572
0.0,0.06528863
0.0,0.045786634
0.0,0.05044781
0.0,0.05960056
0.0,0.050518773
0.0,0.01603735
0.0,0.025866782
1.0,0.05334854
0.0,0.045112662
0.0,0.052258667
0.0,0.014384749
0.0,0.05638853
0.0,0.07353916
0.0,0.07363278
0.0,0.074779734
0.0,0.058157347
0.0,0.11079108
0.0,0.022390082
0.0,0.049968153
0.0,0.1427879
0.0,0.054315366
0.0,0.048147004
0.0,0.05765075
0.0,0.19683434
0.0,0.05989686
0.0,0.03353347
0.0,0.040367447
0.0,0.05578424
0.0,0.05221463
0.0,0.050277833
0.0,0.023894522
0.0,0.052509878
0.0,0.06664311
0.0,0.07599803
0.0,0.05738107
0.0,0.044567615
0.0,0.028084045
0.0,0.08384495
0.0,0.05991506
0.0,0.026179856
0.0,0.13048063
0.0,0.027524125
0.0,0.04545498
0.0,0.07751603
0.0,0.0766307
1.0,0.0502249
0.0,0.041011393
0.0,0.04207205
0.0,0.06224617
0.0,0.11572394
0.0,0.06822414
0.0,0.024404066
0.0,0.06205888
0.0,0.062013946
0.0,0.061643884
0.0,0.11107816
0.0,0.057354264
0.0,0.041233346
0.0,0.056573153
0.0,0.047420494
0.0,0.025782714
0.0,0.025024269
0.0,0.062732056
0.0,0.04235777
0.0,0.1158296
0.0,0.04682775
0.0,0.1002343
0.0,0.066505305
0.0,0.048167787
1.0,0.12758319
0.0,0.14569673
0.0,0.20125581
0.0,0.16367435
0.0,0.06313652
0.0,0.06734098
0.0,0.017970994
0.0,0.12124194
0.0,0.034770716
0.0,0.042406835
0.0,0.048299205
0.0,0.0840102
0.0,0.031400386
0.0,0.07060345
0.0,0.015677294
0.0,0.04511469
0.0,0.061864763
0.0,0.049498253
0.0,0.100057095
0.0,0.15882002
0.0,0.032439806
0.0,0.041411154
0.0,0.0420375
0.0,0.043963257
0.0,0.028600316
0.0,0.07112962
0.0,0.07243578
0.0,0.07170456
0.0,0.083086774
0.0,0.08740332
0.0,0.046445124
0.0,0.045339532
1.0,0.03997359
0.0,0.085678995
0.0,0.043974325
0.0,0.026202098
1.0,0.06628853
1.0,0.059828583
0.0,0.022637695
0.0,0.031007297
0.0,0.050444417
0.0,0.020892793
0.0,0.08664359
0.0,0.032354407
2.0,0.09477726
0.0,0.031737983
0.0,0.06978855
0.0,0.041021448
1.0,0.04972308
0.0,0.029526105
0.0,0.039012577
0.0,0.04497739
0.0,0.024242561
0.0,0.030806765
0.0,0.033628475
0.0,0.025794802
0.0,0.059363954
0.0,0.08938077
0.0,0.02538455
0.0,0.040043145
0.0,0.028645314
0.0,0.09026961
0.0,0.10868042
0.0,0.0427429
0.0,0.055880405
0.0,0.019459475
0.0,0.028662667
0.0,0.07835396
0.0,0.082100034
0.0,0.05091245
1.0,0.06757805
0.0,0.03336851
0.0,0.08441291
0.0,0.031308256
0.0,0.0665913
0.0,0.02997709
0.0,0.04332375
0.0,0.05720227
0.0,0.078838915
0.0,0.027841879
0.0,0.04449826
0.0,0.075466216
0.0,0.12857151
0.0,0.08059627
0.0,0.036091488
0.0,0.0726082
0.0,0.054211475
0.0,0.058059037
0.0,0.05115775
0.0,0.048879378
0.0,0.039799694
0.0,0.09917033
0.0,0.094727516
0.0,0.029470615
0.0,0.091710255
1.0,0.078694016
0.0,0.045301132
0.0,0.039977364
0.0,0.0762698
0.0,0.049852397
0.0,0.032097235
0.0,0.17736357
0.0,0.09463093
0.0,0.06045908
0.0,0.07874717
0.0,0.057163358
0.0,0.10571479
0.0,0.03144021
0.0,0.057068393
1.0,0.04575623
0.0,0.08487865
0.0,0.058365107
0.0,0.046098698
0.0,0.044936594
0.0,0.05626891
0.0,0.0527206
0.0,0.051047876
0.0,0.02177292
0.0,0.05395542
0.0,0.06579613
0.0,0.03848604
1.0,0.036774226
0.0,0.060325433
0.0,0.041297667
0.0,0.041691568
1.0,0.059247077
0.0,0.07064956
0.0,0.09379172
0.0,0.019640004
0.0,0.07154363
1.0,0.02328943
1.0,0.056734495
0.0,0.051661115
0.0,0.10814692
0.0,0.0654214
0.0,0.042887527
0.0,0.04108977
0.0,0.05843482
0.0,0.043921914
0.0,0.0370078
0.0,0.09995261
0.0,0.117596075
0.0,0.082341656
0.0,0.07038778
0.0,0.06321351
0.0,0.038570717
0.0,0.04316135
0.0,0.046791993
0.0,0.07308928
0.0,0.08884664
0.0,0.05115746
0.0,0.03663645
0.0,0.09227934
0.0,0.04064
0.0,0.077894375
0.0,0.0798014
0.0,0.04013603
0.0,0.046058975
0.0,0.010834326
0.0,0.054939542
0.0,0.037181497
0.0,0.06554515
0.0,0.043202613
0.0,0.032392304
0.0,0.04592848
0.0,0.048208527
1.0,0.06688098
0.0,0.058347844
0.0,0.028249083
0.0,0.041988235
0.0,0.06645397
0.0,0.048825286
0.0,0.067666546
0.0,0.06036347
0.0,0.057991885
0.0,0.06000692
0.0,0.040953726
0.0,0.057445817
0.0,0.02914707
0.0,0.08878326
0.0,0.07541502
0.0,0.034508206
0.0,0.024384117
0.0,0.02324532
0.0,0.011990584
0.0,0.11100075
0.0,0.050597996
0.0,0.02669128
0.0,0.016130926
0.0,0.044414718
0.0,0.06434352
0.0,0.052239034
0.0,0.082798064
0.0,0.06829469
0.0,0.058168165
0.0,0.049516313
0.0,0.059478905
0.0,0.029405847
0.0,0.07391318
0.0,0.12511751
0.0,0.08883702
0.0,0.06501956
0.0,0.07616393
0.0,0.09602394
0.0,0.086232275
0.0,0.03388358
0.0,0.057686083
0.0,0.03560667
0.0,0.034875926
0.0,0.038681448
0.0,0.04818683
0.0,0.03967477
0.0,0.03314077
0.0,0.041851513
0.0,0.026414517
0.0,0.067752816
0.0,0.03131726
0.0,0.018211978
0.0,0.064962976
0.0,0.027633645
0.0,0.026903355
0.0,0.056468822
0.0,0.040071607
0.0,0.04033939
0.0,0.038559187
1.0,0.034151465
0.0,0.07302793
1.0,0.039645474
0.0,0.047912598
0.0,0.060484454
0.0,0.039034292
0.0,0.06297875
0.0,0.058553085
0.0,0.10769057
0.0,0.06550184
0.0,0.026339743
1.0,0.03944236
0.0,0.051585667
0.0,0.04909053
0.0,0.10013857
0.0,0.06564475
0.0,0.07467882
0.0,0.040227637
0.0,0.037192687
0.0,0.116438776
0.0,0.0959723
0.0,0.029533582
0.0,0.03674727
0.0,0.02625236
0.0,0.16900258
0.0,0.04981927
0.0,0.071022965
0.0,0.051769175
0.0,0.09603241
0.0,0.0631085
0.0,0.04093955
0.0,0.06835746
0.0,0.03602124
0.0,0.09741341
0.0,0.040745907
0.0,0.053354926
0.0,0.053033195
0.0,0.10643975
0.0,0.022360444
0.0,0.065076545
0.0,0.05008994
0.0,0.045675136
0.0,0.056085553
0.0,0.09165858
0.0,0.021348616
0.0,0.0330821
0.0,0.089812145
0.0,0.03946123
0.0,0.17215727
0.0,0.055600367
0.0,0.04620739
0.0,0.057935365
0.0,0.03343486
0.0,0.10623267
0.0,0.03497223
0.0,0.03332305
0.0,0.03656437
0.0,0.07974077
0.0,0.055393033
0.0,0.065029085
0.0,0.055794258
0.0,0.09973789
0.0,0.07019045
0.0,0.08545573
0.0,0.062310267
0.0,0.052214652
0.0,0.03923682
0.0,0.062456623
0.0,0.051311
0.0,0.07890631
0.0,0.027370917
0.0,0.099908486
0.0,0.02708743
0.0,0.0668157
0.0,0.044331796
0.0,0.046803687
0.0,0.05139497
0.0,0.060210366
0.0,0.09785506
0.0,0.07394325
0.0,0.053226955
0.0,0.1714795
0.0,0.078450054
0.0,0.12561658
1.0,0.038363393
0.0,0.049520656
0.0,0.08199333
0.0,0.06073731
1.0,0.087219365
0.0,0.035213362
0.0,0.09013039
0.0,0.0312528
0.0,0.10859981
0.0,0.064300254
0.0,0.024400307
0.0,0.040463325
0.0,0.053800836
0.0,0.06817671
0.0,0.020355117
0.0,0.043881994
0.0,0.025044313
0.0,0.043026406
0.0,0.04574927
0.0,0.040324297
0.0,0.0773909
0.0,0.039823517
0.0,0.07787443
1.0,0.16000669
0.0,0.019270789
0.0,0.035664447
0.0,0.039004393
1.0,0.06809935
0.0,0.042440437
0.0,0.06702723
0.0,0.056184217
0.0,0.08789788
0.0,0.03298254
0.0,0.06535536
0.0,0.069847375
0.0,0.026600715
0.0,0.10859981
0.0,0.04445701
0.0,0.051922377
0.0,0.06218424
0.0,0.044736587
0.0,0.048918944
0.0,0.06626432
0.0,0.05752483
0.0,0.052802756
0.0,0.03820204
0.0,0.01637464
0.0,0.07042511
0.0,0.04426853
0.0,0.043462362
0.0,0.06320719
0.0,0.0649596
0.0,0.12357046
0.0,0.025654536
0.0,0.08507968
0.0,0.04186818
0.0,0.11908713
0.0,0.045443185
0.0,0.03181682
0.0,0.05300281
0.0,0.051036682
0.0,0.050495055
0.0,0.055321313
0.0,0.040969722
0.0,0.06477902
0.0,0.039502118
0.0,0.04468482
0.0,0.07297129
0.0,0.05316737
0.0,0.0982441
0.0,0.03584561
0.0,0.05329512
1.0,0.053801708
0.0,0.03717313
0.0,0.07777943
0.0,0.063600674
0.0,0.035680827
0.0,0.06426571
0.0,0.07816647
0.0,0.05687421
0.0,0.09493093
0.0,0.039532438
0.0,0.08954641
0.0,0.048397437
0.0,0.09245613
0.0,0.053976107
0.0,0.14452948
0.0,0.05625201
0.0,0.111988544
0.0,0.065859124
0.0,0.04756153
0.0,0.0687313
0.0,0.03164025
0.0,0.031782266
0.0,0.07307854
0.0,0.07395094
0.0,0.048706833
0.0,0.04676525
0.0,0.025301326
0.0,0.10886672
0.0,0.068277225
0.0,0.049882572
1.0,0.040841397
0.0,0.05039876
0.0,0.121654645
0.0,0.07729461
0.0,0.02663972
0.0,0.062974066
0.0,0.056672174
0.0,0.056668416
0.0,0.18087603
0.0,0.046530046
0.0,0.085930064
0.0,0.019869372
0.0,0.06420595
0.0,0.047779884
0.0,0.04233043
0.0,0.04925079
0.0,0.04640656
0.0,0.03687363
1.0,0.03269037
0.0,0.06443491
0.0,0.08167991
0.0,0.03700646
0.0,0.036274668
0.0,0.04290516
0.0,0.055731837
0.0,0.0899353
0.0,0.0536213
0.0,0.094288744
0.0,0.015014376
0.0,0.067224614
0.0,0.035349127
1.0,0.068193845
0.0,0.075432576
0.0,0.030988926
0.0,0.037588652
0.0,0.058500506
0.0,0.04502522
0.0,0.055621263
0.0,0.062177733
0.0,0.08947957
0.0,0.07420505
0.0,0.092565574
0.0,0.061530117
0.0,0.07120414
0.0,0.040180035
0.0,0.019878235
0.0,0.057121016
0.0,0.06405757
0.0,0.08655673
0.0,0.045619108
0.0,0.07914797
1.0,0.05417109
0.0,0.06788595
0.0,0.08184296
0.0,0.1231753
0.0,0.04563319
0.0,0.018848596
0.0,0.05892274
0.0,0.0348105
0.0,0.07983754
0.0,0.10367159
0.0,0.09705767
0.0,0.05489517
0.0,0.061029952
0.0,0.10052
0.0,0.02690034
0.0,0.09556494
0.0,0.07685652
0.0,0.06020188
0.0,0.044729207
0.0,0.065863274
1.0,0.042429045
0.0,0.04476806
0.0,0.10454555
0.0,0.05239153
0.0,0.04006685
0.0,0.061010353
0.0,0.09234202
0.0,0.07056115
0.0,0.08711115
0.0,0.053803734
0.0,0.07275179
0.0,0.07647946
0.0,0.04985936
0.0,0.04918254
0.0,0.041794874
0.0,0.025894092
0.0,0.06921957
0.0,0.049867682
0.0,0.045727745
0.0,0.101248935
0.0,0.03412646
0.0,0.07011958
0.0,0.059413202
0.0,0.05102714
0.0,0.034375396
0.0,0.06355159
0.0,0.03990265
1.0,0.085847765
0.0,0.022863468
0.0,0.05871749
0.0,0.089680545
0.0,0.095726326
0.0,0.051237825
0.0,0.022324327
0.0,0.084860034
0.0,0.052972287
0.0,0.061075833
0.0,0.04656192
0.0,0.0397661
0.0,0.06968748
0.0,0.07705566
0.0,0.033173263
0.0,0.042666826
0.0,0.0498092
0.0,0.07434729
0.0,0.054630984
0.0,0.049903557
0.0,0.06829619
0.0,0.10575838
0.0,0.049408056
0.0,0.082494766
0.0,0.04766317
0.0,0.05102269
0.0,0.06783894
0.0,0.046765536
0.0,0.051179588
0.0,0.026814753
1.0,0.042615324
0.0,0.055282418
0.0,0.05038079
0.0,0.06344982
0.0,0.07429895
0.0,0.13486402
0.0,0.07727902
0.0,0.034132596
0.0,0.050554536
0.0,0.050135627
0.0,0.0264832
0.0,0.047256142
0.0,0.056257162
0.0,0.10249667
0.0,0.027072463
0.0,0.052545268
0.0,0.04037382
0.0,0.047375064
0.0,0.036104366
0.0,0.07744535
0.0,0.06787369
0.0,0.043085575
1.0,0.042514935
1.0,0.036477055
1.0,0.106113136
0.0,0.050156932
0.0,0.04597206
0.0,0.039646856
0.0,0.04337522
0.0,0.07275063
0.0,0.043696016
0.0,0.051957943
0.0,0.075687
0.0,0.037441697
0.0,0.08177621
0.0,0.03531654
2.0,0.02224038
0.0,0.046574377
0.0,0.049714264
0.0,0.04995529
0.0,0.0492163
0.0,0.07626072
0.0,0.079552375
0.0,0.07971927
0.0,0.059551843
0.0,0.039180957
1.0,0.06380139
0.0,0.09377083
0.0,0.0892739
1.0,0.10440108
0.0,0.0223111
0.0,0.06728184
0.0,0.0390412
0.0,0.08482395
0.0,0.04252404
0.0,0.1245268
0.0,0.078709625
0.0,0.048018333
0.0,0.024212167
0.0,0.08829877
0.0,0.14027531
0.0,0.04392581
0.0,0.063828014
0.0,0.09512986
0.0,0.054935206
0.0,0.040202036
0.0,0.059246667
0.0,0.13886806
0.0,0.07656138
0.0,0.036071
0.0,0.0809057
0.0,0.051136434
0.0,0.05999147
0.0,0.028322093
0.0,0.053074103
0.0,0.03219747
0.0,0.04827047
0.0,0.06580884
0.0,0.102127895
0.0,0.059793103
0.0,0.16121453
0.0,0.07136567
0.0,0.042163648
0.0,0.04699245
0.0,0.05108925
0.0,0.040480036
0.0,0.046227336
0.0,0.06496984
0.0,0.019255375
0.0,0.031213215
0.0,0.022881135
0.0,0.101567596
0.0,0.05633435
0.0,0.037551764
0.0,0.021247312
0.0,0.06035278
0.0,0.024663774
0.0,0.029413631
0.0,0.0617379
0.0,0.007727227
0.0,0.04358036
0.0,0.07185747
0.0,0.05162639
0.0,0.055411987
0.0,0.030617861
0.0,0.0397486
0.0,0.046132453
0.0,0.028651161
0.0,0.08173268
0.0,0.017358843
0.0,0.061720356
0.0,0.06431837
0.0,0.046378665
0.0,0.041334964
0.0,0.017250558
0.0,0.046526454
0.0,0.09714069
0.0,0.07326743
0.0,0.0429791
0.0,0.077664874
0.0,0.107623994
0.0,0.03328549
0.0,0.05798146
0.0,0.039533854
0.0,0.10277793
0.0,0.06665345
0.0,0.044980153
0.0,0.03779853
0.0,0.046304904
0.0,0.09629961
0.0,0.063208
0.0,0.0630637
0.0,0.033718843
0.0,0.052020416
0.0,0.065446645
0.0,0.13562827
0.0,0.06167267
0.0,0.07224258
0.0,0.042225137
0.0,0.025001489
0.0,0.0439987
0.0,0.039634872
0.0,0.112669915
0.0,0.1140114
0.0,0.03337314
0.0,0.05593524
1.0,0.054333963
0.0,0.056821037
0.0,0.040701576
0.0,0.07841776
0.0,0.037686355
0.0,0.061554827
0.0,0.043156862
0.0,0.029340131
0.0,0.046387315
0.0,0.070364185
0.0,0.015639827
0.0,0.14102006
1.0,0.057835337
0.0,0.08917889
0.0,0.09255643
0.0,0.019082867
0.0,0.060310677
0.0,0.05102218
0.0,0.057471406
0.0,0.09756442
0.0,0.03364376
0.0,0.031504363
0.0,0.045804955
0.0,0.056721106
0.0,0.122710764
0.0,0.058892023
2.0,0.055806898
0.0,0.055461112
0.0,0.08567638
0.0,0.113610625
0.0,0.03720709
0.0,0.07559169
0.0,0.08672922
0.0,0.037750527
0.0,0.05087146
0.0,0.063481055
0.0,0.06282377
0.0,0.04327779
0.0,0.04173063
0.0,0.0645717
0.0,0.05389057
0.0,0.08209044
0.0,0.06405578
0.0,0.023158118
1.0,0.08133188
0.0,0.06322226
0.0,0.061541885
0.0,0.037758034
0.0,0.07059709
0.0,0.023050636
0.0,0.11800456
0.0,0.0528625
0.0,0.07897964
0.0,0.054007027
0.0,0.040749367
0.0,0.062484533
0.0,0.052662335
0.0,0.026774852
0.0,0.042110384
0.0,0.040147573
0.0,0.03466333
0.0,0.04652621
0.0,0.07956596
0.0,0.030959416
0.0,0.066843994
0.0,0.12238359
0.0,0.026110763
0.0,0.07345894
0.0,0.07778735
0.0,0.029786855
0.0,0.031459045
0.0,0.057888642
0.0,0.056266513
0.0,0.053220127
0.0,0.07688471
0.0,0.04399127
0.0,0.06398034
0.0,0.12623465
0.0,0.080305144
0.0,0.04600967
0.0,0.06679919
0.0,0.026490286
0.0,0.052665222
0.0,0.04895306
0.0,0.026172403
0.0,0.052803673
0.0,0.043108284
0.0,0.07853702
0.0,0.04380654
0.0,0.10075504
0.0,0.063449174
0.0,0.03347214
0.0,0.05836924
0.0,0.036465958
0.0,0.08559949
0.0,0.079669185
0.0,0.026468342
0.0,0.052101344
0.0,0.052445345
1.0,0.055763446
0.0,0.04576391
0.0,0.0345115
0.0,0.021261634
0.0,0.04236197
0.0,0.06463573
0.0,0.01944508
0.0,0.037341744
0.0,0.011019377
0.0,0.09672507
0.0,0.037281644
1.0,0.078983255
0.0,0.031972207
1.0,0.05542767
0.0,0.1603128
0.0,0.015596341
0.0,0.020058056
0.0,0.08869818
0.0,0.053767957
0.0,0.038918078
0.0,0.050968148
0.0,0.048057824
0.0,0.04442836
0.0,0.054155488
0.0,0.08674924
0.0,0.04626251
1.0,0.07045208
0.0,0.06095131
0.0,0.08215999
0.0,0.04125059
0.0,0.029073073
0.0,0.036623053
0.0,0.051667865
0.0,0.017540816
0.0,0.05714213
0.0,0.04937087
0.0,0.12390323
1.0,0.040454526
0.0,0.0330895
0.0,0.080222644
0.0,0.030848056
0.0,0.07705045
0.0,0.08224736
0.0,0.043264624
0.0,0.07683376
0.0,0.040123764
0.0,0.031014943
0.0,0.07287849
2.0,0.07856373
0.0,0.033109196
0.0,0.07355231
0.0,0.051679075
0.0,0.041222394
0.0,0.0792132
0.0,0.03969761
0.0,0.066918716
0.0,0.057769228
0.0,0.044711143
0.0,0.05966858
0.0,0.020662505
0.0,0.03944631
0.0,0.04191362
0.0,0.06430357
0.0,0.03949564
0.0,0.04444758
0.0,0.059666928
0.0,0.053765584
0.0,0.08233251
0.0,0.03301953
0.0,0.04168111
0.0,0.085421264
0.0,0.03341513
0.0,0.044578902
0.0,0.08271227
0.0,0.052229792
0.0,0.023445537
0.0,0.05398967
0.0,0.09104882
0.0,0.014302272
0.0,0.026224684
0.0,0.09435063
0.0,0.030481586
0.0,0.06874395
1.0,0.07456158
0.0,0.037704546
0.0,0.089351445
0.0,0.04012834
0.0,0.070982404
0.0,0.07845643
0.0,0.069705404
0.0,0.040483877
0.0,0.090775885
0.0,0.04499028
0.0,0.024178684
1.0,0.023668282
0.0,0.07142082
0.0,0.0683579
0.0,0.026120601
1.0,0.056990374
0.0,0.04288757
0.0,0.17965733
0.0,0.04519765
0.0,0.03928383
1.0,0.11016603
0.0,0.044177033
0.0,0.03793697
0.0,0.042757846
0.0,0.09067342
0.0,0.07468242
0.0,0.07780929
0.0,0.042306192
0.0,0.13908072
0.0,0.090654895
0.0,0.032180756
0.0,0.08007163
0.0,0.029852264
0.0,0.05345852
0.0,0.0969787
0.0,0.090787664
0.0,0.025264977
0.0,0.042780135
0.0,0.043666083
0.0,0.06385736
0.0,0.054291826
0.0,0.058030088
0.0,0.022838462
0.0,0.05474058
0.0,0.044582322
0.0,0.083043404
0.0,0.043990705
0.0,0.12955081
0.0,0.08465303
0.0,0.054990243
0.0,0.044614054
0.0,0.054892473
0.0,0.045945894
0.0,0.047414366
0.0,0.13332278
0.0,0.036121584
0.0,0.06262103
0.0,0.011120938
0.0,0.052491877
0.0,0.03811165
0.0,0.062512085
0.0,0.038493015
0.0,0.08459669
0.0,0.11713295
0.0,0.037946507
0.0,0.047473546
0.0,0.09393145
0.0,0.021793226
0.0,0.101638675
0.0,0.086786725
0.0,0.062295116
0.0,0.07285899
0.0,0.08959822
1.0,0.059308104
0.0,0.13439426
0.0,0.05621734
0.0,0.063107446
0.0,0.08689213
0.0,0.066239476
0.0,0.051362313
1.0,0.051392566
0.0,0.03262168
0.0,0.032344658
0.0,0.038445212
0.0,0.04222133
0.0,0.023017608
0.0,0.069460854
0.0,0.07239152
0.0,0.087407656
0.0,0.08393584
0.0,0.058735073
0.0,0.04784
0.0,0.048869707
1.0,0.02547173
0.0,0.045379743
0.0,0.04036512
0.0,0.06403448
0.0,0.051554363
0.0,0.039846275
0.0,0.050796658
0.0,0.053018846
0.0,0.06734783
0.0,0.051198553
0.0,0.18240258
0.0,0.07435213
0.0,0.07343779
0.0,0.08069229
0.0,0.11504516
0.0,0.03590735
0.0,0.031738635
0.0,0.056126487
0.0,0.09480716
0.0,0.2177944
0.0,0.057832014
0.0,0.04856305
0.0,0.119613975
0.0,0.0503817
0.0,0.020849135
0.0,0.02396433
0.0,0.038593456
0.0,0.09721038
0.0,0.03582707
0.0,0.049758706
0.0,0.08078076
0.0,0.042645082
0.0,0.031370066
0.0,0.059061896
0.0,0.086487055
0.0,0.038141936
0.0,0.0653157
0.0,0.035421766
0.0,0.02860074
0.0,0.054592237
0.0,0.05861457
0.0,0.05959843
0.0,0.08632253
0.0,0.020849124
0.0,0.06297557
0.0,0.016424492
0.0,0.07180183
0.0,0.05878234
0.0,0.046028893
0.0,0.054820593
0.0,0.06792662
0.0,0.03913064
1.0,0.036678907
0.0,0.061930496
0.0,0.074205935
1.0,0.039590955
0.0,0.054845903
0.0,0.07720506
0.0,0.12918067
0.0,0.03974498
0.0,0.034449697
0.0,0.062493265
0.0,0.07358806
0.0,0.051090784
0.0,0.048725743
0.0,0.058853187
0.0,0.053275734
0.0,0.031491283
0.0,0.08313655
0.0,0.026443478
0.0,0.08026789
0.0,0.024636094
0.0,0.021943739
0.0,0.021215463
0.0,0.079000734
0.0,0.039086983
1.0,0.050982513
0.0,0.07260429
0.0,0.033856302
0.0,0.09373543
0.0,0.102193
0.0,0.07897335
0.0,0.08417247
0.0,0.04788704
0.0,0.07718149
0.0,0.048252016
0.0,0.04286598
0.0,0.03265684
0.0,0.04350985
0.0,0.046128847
0.0,0.039553422
0.0,0.057332333
0.0,0.05435814
0.0,0.062212534
0.0,0.0315474
0.0,0.05406232
0.0,0.07294322
0.0,0.04695247
0.0,0.0625251
0.0,0.032949008
0.0,0.017788334
0.0,0.05089495
0.0,0.036128577
0.0,0.09721054
0.0,0.06266843
0.0,0.08546337
0.0,0.08659285
0.0,0.031561367
0.0,0.052276038
1.0,0.020042807
0.0,0.050634004
0.0,0.08100112
0.0,0.03925136
0.0,0.05819674
0.0,0.06681022
0.0,0.08131194
0.0,0.09905189
0.0,0.09484359
0.0,0.019620992
0.0,0.030628784
0.0,0.021845944
0.0,0.12781549
0.0,0.051214546
0.0,0.070967615
0.0,0.052687626
0.0,0.11834824
0.0,0.025511611
0.0,0.014104122
1.0,0.07878621
0.0,0.097804725
0.0,0.023206834
0.0,0.032406226
0.0,0.067597404
0.0,0.08691393
0.0,0.14647914
0.0,0.042899065
0.0,0.119820684
0.0,0.099979445
0.0,0.07962198
0.0,0.086890206
0.0,0.04217147
0.0,0.04238937
0.0,0.15469153
0.0,0.01736602
0.0,0.049319856
0.0,0.03197663
0.0,0.04221994
0.0,0.05155215
0.0,0.07283725
0.0,0.030601952
0.0,0.038727865
0.0,0.050154205
0.0,0.05220711
0.0,0.06269741
0.0,0.103695124
0.0,0.0773933
0.0,0.089333475
0.0,0.074597105
1.0,0.062439904
0.0,0.117948756
0.0,0.0436389
0.0,0.07789634
0.0,0.06840462
0.0,0.037479494
0.0,0.051171534
0.0,0.026517218
0.0,0.062632225
0.0,0.0717753
0.0,0.05521629
0.0,0.027527997
0.0,0.072709925
0.0,0.06431305
0.0,0.056677185
0.0,0.06048894
0.0,0.055131022
0.0,0.060611054
0.0,0.045279816
0.0,0.041464996
0.0,0.1441202
0.0,0.105156556
0.0,0.06823538
0.0,0.048720885
0.0,0.063286625
0.0,0.029210322
0.0,0.05854495
0.0,0.03216212
0.0,0.03673509
0.0,0.021794036
0.0,0.044394664
0.0,0.04666216
0.0,0.03069089
0.0,0.10383312
0.0,0.15046796
0.0,0.03470931
0.0,0.058611523
0.0,0.022173828
0.0,0.11491075
0.0,0.07092901
0.0,0.071173795
0.0,0.049087323
0.0,0.03769604
0.0,0.033991795
0.0,0.0899844
0.0,0.027501836
0.0,0.08430107
0.0,0.06751625
0.0,0.083563626
1.0,0.066342756
0.0,0.050656173
0.0,0.06323103
0.0,0.019208092
0.0,0.10167953
0.0,0.079806365
0.0,0.0449699
0.0,0.08811331
0.0,0.062036276
0.0,0.012691767
0.0,0.026832724
0.0,0.047306597
0.0,0.056501884
0.0,0.02443004
0.0,0.027758975
0.0,0.038979534
0.0,0.03932435
0.0,0.07272595
0.0,0.0490403
0.0,0.031192163
0.0,0.033154935
0.0,0.039556704
0.0,0.043849573
0.0,0.062819205
0.0,0.06288605
0.0,0.056136765
0.0,0.027772121
0.0,0.042345084
0.0,0.061712205
0.0,0.07507045
0.0,0.04192
0.0,0.045058616
0.0,0.10373701
0.0,0.06056541
0.0,0.058274813
0.0,0.05502476
0.0,0.06619779
0.0,0.066335864
0.0,0.043350138
0.0,0.040622216
0.0,0.099494144
0.0,0.020054432
0.0,0.0431869
0.0,0.063503854
0.0,0.037246443
0.0,0.038505316
0.0,0.101861805
0.0,0.1278864
0.0,0.055007815
1.0,0.038075555
0.0,0.09743227
0.0,0.014748248
0.0,0.06467445
0.0,0.04538779
0.0,0.11578181
0.0,0.108520865
0.0,0.029337808
0.0,0.06973857
0.0,0.033716284
0.0,0.03333432
0.0,0.07168579
0.0,0.035773262
0.0,0.101264775
0.0,0.049193777
0.0,0.017827231
0.0,0.052862875
0.0,0.072388045
0.0,0.06175078
0.0,0.06777372
0.0,0.040310416
0.0,0.018938977
0.0,0.06826739
0.0,0.14060272
0.0,0.059248433
0.0,0.08496656
0.0,0.057291478
0.0,0.057802666
0.0,0.044824243
0.0,0.1253938
0.0,0.03193389
0.0,0.050244354
0.0,0.0347739
0.0,0.035615385
0.0,0.023556063
0.0,0.06379646
0.0,0.021502497
0.0,0.020630194
0.0,0.04076983
0.0,0.046637002
0.0,0.052129325
0.0,0.06107991
0.0,0.04775945
0.0,0.0377012
1.0,0.03249647
0.0,0.03619241
0.0,0.09602962
0.0,0.07579826
0.0,0.071131654
0.0,0.07065704
0.0,0.068462655
0.0,0.05941439
0.0,0.047534958
0.0,0.046234854
0.0,0.111621484
0.0,0.075806715
0.0,0.08144347
0.0,0.08999674
0.0,0.06323112
0.0,0.06390613
1.0,0.05114597
0.0,0.039181948
0.0,0.05347544
0.0,0.10338019
0.0,0.058958966
0.0,0.04520806
0.0,0.03236604
0.0,0.052892
0.0,0.118435435
0.0,0.01934471
0.0,0.044852294
0.0,0.06055019
0.0,0.077798344
0.0,0.06361866
0.0,0.027552528
0.0,0.107540295
0.0,0.035618424
0.0,0.03606006
0.0,0.03889528
0.0,0.02017872
0.0,0.028194273
0.0,0.041869577
0.0,0.013062642
0.0,0.050693773
0.0,0.02136544
0.0,0.033901908
0.0,0.042622436
0.0,0.07014209
0.0,0.06623333
0.0,0.07984535
0.0,0.04254627
0.0,0.057383846
0.0,0.02163742
0.0,0.06227629
0.0,0.041492388
0.0,0.05728432
0.0,0.022860993
0.0,0.08052328
0.0,0.105429456
0.0,0.116480924
0.0,0.08696112
1.0,0.054986127
0.0,0.07797249
0.0,0.03907293
0.0,0.05071355
0.0,0.04622551
1.0,0.05762034
0.0,0.0394741
0.0,0.046645343
0.0,0.042586476
0.0,0.054928187
0.0,0.01823844
0.0,0.08063805
0.0,0.073237196
0.0,0.019103097
0.0,0.09092322
0.0,0.15478119
0.0,0.046057325
0.0,0.105598815
0.0,0.13319725
0.0,0.070765674
0.0,0.067240044
0.0,0.099693574
0.0,0.01670805
0.0,0.055099696
0.0,0.08445251
1.0,0.06073908
0.0,0.05967951
0.0,0.04384792
0.0,0.10520719
0.0,0.047904443
0.0,0.039566986
0.0,0.04810244
0.0,0.05634221
0.0,0.035493318
0.0,0.09640342
0.0,0.052999195
0.0,0.015500567
0.0,0.045421697
0.0,0.14222403
2.0,0.052238286
0.0,0.11330965
0.0,0.06913471
0.0,0.049149908
0.0,0.07748979
0.0,0.04036023
0.0,0.055572696
0.0,0.1634139
0.0,0.03424172
2.0,0.06527759
0.0,0.03699575
0.0,0.04966564
0.0,0.015136674
0.0,0.05752218
0.0,0.047233343
0.0,0.092931986
0.0,0.065034695
0.0,0.051660057
0.0,0.0550314
0.0,0.09635188
0.0,0.066005945
0.0,0.059533767
0.0,0.116584666
0.0,0.05426173
1.0,0.052364603
0.0,0.049976446
0.0,0.0780879
0.0,0.15549743
0.0,0.055944793
0.0,0.037345786
0.0,0.105999306
1.0,0.07638532
0.0,0.051085375
0.0,0.092761576
0.0,0.04848221
0.0,0.106748424
0.0,0.07350831
0.0,0.03410089
0.0,0.06820229
0.0,0.05862574
0.0,0.023800107
1.0,0.0242163
1.0,0.05056196
0.0,0.080403306
0.0,0.04658215
0.0,0.02256283
1.0,0.078180976
0.0,0.05291864
0.0,0.033987872
0.0,0.11277231
0.0,0.038587514
0.0,0.044622798
0.0,0.034818366
0.0,0.034659777
0.0,0.053138223
0.0,0.10019397
0.0,0.08112833
0.0,0.07218011
0.0,0.10660762
0.0,0.04980098
0.0,0.08356169
0.0,0.11249716
1.0,0.085563615
1.0,0.018779222
0.0,0.089064874
0.0,0.07313973
0.0,0.03529866
0.0,0.03305788
0.0,0.06318103
0.0,0.07354193
0.0,0.0576306
0.0,0.041551907
0.0,0.06430989
0.0,0.06204305
0.0,0.037469722
0.0,0.06922109
0.0,0.033530578
0.0,0.04721364
0.0,0.041682266
0.0,0.06320857
0.0,0.08952011
1.0,0.035970777
0.0,0.07411785
0.0,0.027261335
0.0,0.03518431
0.0,0.048219264
0.0,0.060769875
0.0,0.050009225
0.0,0.05570766
0.0,0.06963966
0.0,0.026866715
0.0,0.04077716
0.0,0.015268492
0.0,0.1592645
0.0,0.0178315
0.0,0.054048687
0.0,0.06479796
0.0,0.062284693
0.0,0.008890346
0.0,0.048297454
0.0,0.040095247
0.0,0.07779512
0.0,0.027140412
0.0,0.06028661
0.0,0.030337626
0.0,0.06512199
0.0,0.036512118
0.0,0.08318719
0.0,0.020199012
0.0,0.03806178
1.0,0.07251835
0.0,0.0833172
0.0,0.04747013
0.0,0.08244955
0.0,0.08474846
1.0,0.029864607
0.0,0.060907412
0.0,0.05418403
0.0,0.034745775
0.0,0.052602403
0.0,0.04762144
0.0,0.04186736
0.0,0.100199565
0.0,0.07359736
0.0,0.057451844
0.0,0.037505277
0.0,0.049678337
0.0,0.07285896
0.0,0.023763603
0.0,0.024000593
1.0,0.03932979
0.0,0.118083864
0.0,0.07510158
1.0,0.05467625
0.0,0.05776869
0.0,0.090555355
1.0,0.06537042
0.0,0.10202777
1.0,0.06187751
0.0,0.06553171
0.0,0.0379439
0.0,0.04963638
0.0,0.051617656
0.0,0.077734895
0.0,0.04744976
1.0,0.04308196
0.0,0.023689577
0.0,0.047656376
0.0,0.054997403
1.0,0.058021788
1.0,0.026567869
0.0,0.076241404
0.0,0.04792873
0.0,0.077984035
0.0,0.04835015
0.0,0.05380662
0.0,0.07707183
0.0,0.03733731
0.0,0.074121766
0.0,0.07235201
1.0,0.055971608
0.0,0.028519478
0.0,0.0501134
0.0,0.099303156
0.0,0.08702069
0.0,0.019852422
0.0,0.052727185
0.0,0.09598052
0.0,0.051552128
0.0,0.03639611
0.0,0.12289575
1.0,0.041638345
0.0,0.0743151
0.0,0.04935258
0.0,0.059180357
0.0,0.12048873
0.0,0.075564556
0.0,0.026099646
0.0,0.032640446
0.0,0.04959715
0.0,0.07375408
0.0,0.113324136
0.0,0.04804465
0.0,0.061506107
0.0,0.0754361
1.0,0.05388596
0.0,0.14316091
0.0,0.0865309
0.0,0.034147833
0.0,0.02625037
0.0,0.06169211
0.0,0.09827973
0.0,0.036770284
0.0,0.06294118
0.0,0.06073685
0.0,0.07173005
0.0,0.10872116
0.0,0.028850608
0.0,0.04928798
0.0,0.043377083
0.0,0.070444725
0.0,0.05709719
0.0,0.019140188
0.0,0.0474494
0.0,0.07211293
0.0,0.014050274
0.0,0.017610896
0.0,0.10441098
0.0,0.082967296
0.0,0.10135315
0.0,0.04913917
0.0,0.034247305
0.0,0.049756
0.0,0.0269957
0.0,0.039590463
0.0,0.05188676
0.0,0.048014488
0.0,0.09393351
0.0,0.055469103
1.0,0.04930335
0.0,0.08184783
0.0,0.040383544
0.0,0.058650356
0.0,0.06248574
0.0,0.048535153
0.0,0.02442537
0.0,0.05929433
0.0,0.11870034
0.0,0.036917735
0.0,0.04624158
1.0,0.10030583
0.0,0.04339415
0.0,0.061088823
0.0,0.12045972
0.0,0.0717613
1.0,0.021559961
0.0,0.070092
0.0,0.09603639
0.0,0.066722795
0.0,0.11295951
0.0,0.0662982
0.0,0.049749076
0.0,0.04881011
0.0,0.054922793
0.0,0.057537902
0.0,0.07258359
0.0,0.05577658
0.0,0.09937928
0.0,0.049410176
0.0,0.057261515
0.0,0.033472653
0.0,0.06928813
0.0,0.032267634
0.0,0.025303364
0.0,0.04484181
0.0,0.04702439
0.0,0.02264049
0.0,0.11402739
0.0,0.06683313
0.0,0.105916746
0.0,0.035524067
0.0,0.018204207
0.0,0.044906415
0.0,0.0472294
0.0,0.06538773
0.0,0.055796213
0.0,0.091635376
0.0,0.052043043
0.0,0.11811805
0.0,0.024102516
0.0,0.040592127
0.0,0.071411826
0.0,0.08471909
1.0,0.08449075
0.0,0.03002762
0.0,0.07005043
0.0,0.049750783
0.0,0.07759012
0.0,0.08712686
0.0,0.019666469
0.0,0.061510168
0.0,0.0707732
0.0,0.035210624
0.0,0.03005587
0.0,0.085337535
0.0,0.023366205
0.0,0.051262826
0.0,0.04698947
0.0,0.041819535
0.0,0.06999347
0.0,0.09695896
0.0,0.032850143
0.0,0.025301483
0.0,0.048040733
0.0,0.07407089
0.0,0.0915187
0.0,0.12473212
0.0,0.05939102
0.0,0.035459347
0.0,0.053795062
1.0,0.03726691
0.0,0.082654454
0.0,0.06208244
0.0,0.061465193
0.0,0.035532773
0.0,0.054400876
0.0,0.06435685
0.0,0.036132645
0.0,0.046454564
0.0,0.08939428
0.0,0.07043274
0.0,0.037090603
0.0,0.014013875
0.0,0.030824661
0.0,0.06535421
0.0,0.08761312
0.0,0.050497316
0.0,0.038430586
0.0,0.06986989
0.0,0.05565018
0.0,0.09531257
0.0,0.047078192
0.0,0.07170439
0.0,0.01613141
0.0,0.05074998
0.0,0.07534601
0.0,0.05663916
0.0,0.03237356
0.0,0.07133755
0.0,0.08660768
0.0,0.057087008
0.0,0.04677178
1.0,0.08954275
0.0,0.0545736
0.0,0.062367044
0.0,0.024387978
0.0,0.035401385
0.0,0.064645745
0.0,0.024963023
0.0,0.06771067
0.0,0.05450706
0.0,0.0744942
0.0,0.037248645
0.0,0.040742315
0.0,0.07614703
0.0,0.041961797
0.0,0.03659224
0.0,0.08929923
0.0,0.06970278
0.0,0.014411636
0.0,0.040444188
0.0,0.02677664
0.0,0.060511194
0.0,0.05807158
0.0,0.11105639
0.0,0.08978808
0.0,0.07165978
0.0,0.03722157
0.0,0.050813086
0.0,0.027674297
0.0,0.06030153
0.0,0.13467576
0.0,0.048180144
0.0,0.0652691
0.0,0.03681809
0.0,0.14425632
0.0,0.035164148
0.0,0.13940601
0.0,0.048265062
0.0,0.064397216
0.0,0.05196002
0.0,0.05958334
0.0,0.0349703
0.0,0.06507907
0.0,0.05063673
0.0,0.0236129
1.0,0.026113328
0.0,0.081496246
0.0,0.060588602
0.0,0.036466394
0.0,0.094910294
0.0,0.058083974
1.0,0.045765504
0.0,0.029938664
0.0,0.04959902
0.0,0.023152784
1.0,0.069106616
0.0,0.042083688
0.0,0.06511612
0.0,0.09851365
0.0,0.07236995
0.0,0.036176056
0.0,0.041056555
0.0,0.054203037
0.0,0.021711377
0.0,0.024414169
0.0,0.05686298
1.0,0.051361945
0.0,0.0975135
0.0,0.12870167
0.0,0.10034927
0.0,0.052634794
0.0,0.06398401
0.0,0.065630324
0.0,0.07056559
0.0,0.025342572
1.0,0.09714
0.0,0.08467039
0.0,0.06806299
0.0,0.06703018
0.0,0.05189859
0.0,0.050895385
0.0,0.0525779
1.0,0.04552912
0.0,0.07516064
0.0,0.08319512
0.0,0.05313826
0.0,0.03855735
0.0,0.03053445
0.0,0.089586064
0.0,0.037209183
0.0,0.035734802
0.0,0.030493695
0.0,0.04227675
0.0,0.037849646
0.0,0.17917606
0.0,0.063855685
0.0,0.06902659
0.0,0.16037683
0.0,0.036576297
0.0,0.052974887
0.0,0.060738992
0.0,0.052053936
0.0,0.012035809
0.0,0.08379985
0.0,0.07644632
0.0,0.068903066
0.0,0.041746493
0.0,0.079135746
0.0,0.09987186
0.0,0.047112957
0.0,0.0633054
0.0,0.062015988
0.0,0.023704018
0.0,0.023759818
0.0,0.07222447
1.0,0.03855985
0.0,0.04743334
0.0,0.038089212
0.0,0.03152064
1.0,0.08810142
0.0,0.019021073
0.0,0.053857483
0.0,0.11609028
0.0,0.12237851
0.0,0.035989836
0.0,0.077153504
0.0,0.045605473
0.0,0.04442874
0.0,0.05045053
0.0,0.038248703
0.0,0.070201576
0.0,0.0609353
0.0,0.03375528
0.0,0.058319107
0.0,0.09529816
1.0,0.063618235
0.0,0.051590122
0.0,0.058089443
0.0,0.08579874
0.0,0.087340705
0.0,0.04931567
0.0,0.06586808
0.0,0.12941206
0.0,0.03845968
0.0,0.12201088
0.0,0.10797894
0.0,0.086132415
0.0,0.04707009
1.0,0.036936346
0.0,0.06018809
0.0,0.106391594
0.0,0.044594146
0.0,0.06504912
0.0,0.03653767
0.0,0.06253955
0.0,0.014064974
0.0,0.026557509
0.0,0.029075319
0.0,0.05631304
0.0,0.060199626
0.0,0.018203955
0.0,0.11475571
0.0,0.061402153
0.0,0.05715968
0.0,0.022054082
0.0,0.04821319
1.0,0.028415322
0.0,0.02857736
0.0,0.070754774
0.0,0.08000083
0.0,0.11839148
0.0,0.05861717
0.0,0.0710848
1.0,0.06893495
1.0,0.113668226
0.0,0.017800491
0.0,0.016453331
0.0,0.037685923
0.0,0.09676647
0.0,0.08790016
0.0,0.04035715
0.0,0.06148627
0.0,0.03602969
0.0,0.0458022
0.0,0.026703501
0.0,0.051958933
0.0,0.039327033
0.0,0.067421205
0.0,0.044322602
0.0,0.026044287
0.0,0.040649343
0.0,0.032456685
0.0,0.0395798
0.0,0.11076916
0.0,0.027977971
0.0,0.047098286
1.0,0.02522464
0.0,0.027908538
1.0,0.046895616
0.0,0.07581275
0.0,0.0426089
0.0,0.02938827
0.0,0.068018444
0.0,0.046585746
0.0,0.032215565
0.0,0.08622397
0.0,0.039954267
0.0,0.0717034
0.0,0.07899314
0.0,0.041720383
1.0,0.090426944
0.0,0.10910531
0.0,0.061021745
0.0,0.07010454
0.0,0.039663572
0.0,0.043496467
0.0,0.092670634
0.0,0.075070344
0.0,0.09222494
0.0,0.07540848
0.0,0.042646363
0.0,0.087787464
0.0,0.0443251
0.0,0.029248929
0.0,0.023753928
0.0,0.052065652
0.0,0.051409505
0.0,0.03510707
0.0,0.05264039
0.0,0.041850094
0.0,0.0635043
0.0,0.037561867
0.0,0.050606947
0.0,0.047634225
0.0,0.053091846
0.0,0.028504469
0.0,0.042110845
0.0,0.10399301
0.0,0.03343183
0.0,0.026362851
0.0,0.054257482
0.0,0.04880841
0.0,0.04993555
0.0,0.040534332
0.0,0.084808536
0.0,0.07052398
0.0,0.04261463
0.0,0.0285488
0.0,0.047763072
0.0,0.08082507
0.0,0.0383481
0.0,0.08661406
0.0,0.06170429
0.0,0.02535067
0.0,0.06501672
0.0,0.037110753
0.0,0.05780553
0.0,0.02899593
0.0,0.022664059
0.0,0.048997663
0.0,0.029672708
0.0,0.07702613
0.0,0.023859683
0.0,0.054201372
0.0,0.07684446
0.0,0.061833
0.0,0.026124138
0.0,0.02345861
0.0,0.039250277
0.0,0.06859906
0.0,0.027886735
0.0,0.053674586
0.0,0.08131505
0.0,0.04164547
0.0,0.045132093
0.0,0.018861102
0.0,0.051672965
0.0,0.06703375
0.0,0.04025404
0.0,0.041623555
0.0,0.02241071
0.0,0.10800566
0.0,0.10227628
0.0,0.10355632
1.0,0.05002115
0.0,0.07123409
0.0,0.07334349
0.0,0.08195564
0.0,0.05884889
0.0,0.038703755
1.0,0.04517132
0.0,0.038044143
0.0,0.07853831
0.0,0.10589632
0.0,0.12970632
0.0,0.023983821
0.0,0.06488724
0.0,0.08390839
0.0,0.057947326
0.0,0.1082578
0.0,0.015012951
0.0,0.037697375
0.0,0.036650497
0.0,0.03848999
0.0,0.028260212
0.0,0.054623872
0.0,0.04087602
0.0,0.06317332
0.0,0.038564686
0.0,0.035905264
0.0,0.10140312
0.0,0.08686183
0.0,0.039652057
0.0,0.047662467
0.0,0.06131935
0.0,0.020676393
1.0,0.06352039
0.0,0.057906006
0.0,0.029149212
0.0,0.075399674
0.0,0.11368441
0.0,0.08054164
1.0,0.023973256
0.0,0.03281586
0.0,0.048314314
0.0,0.04397829
0.0,0.11641798
0.0,0.029871514
0.0,0.027937232
0.0,0.045887172
0.0,0.0655816
0.0,0.08790016
0.0,0.05874482
0.0,0.044403136
0.0,0.02697147
0.0,0.043021135
0.0,0.112556286
1.0,0.06460877
0.0,0.055095624
0.0,0.035072483
0.0,0.07172699
0.0,0.028419849
0.0,0.01740993
1.0,0.042173482
0.0,0.16751456
0.0,0.09000506
0.0,0.07323943
0.0,0.06815022
0.0,0.052795466
0.0,0.06614884
0.0,0.035567217
0.0,0.034232073
0.0,0.064859815
0.0,0.02366545
0.0,0.029455062
0.0,0.11319152
0.0,0.04019991
0.0,0.033408724
0.0,0.05722738
0.0,0.054682586
0.0,0.09705883
0.0,0.0906769
0.0,0.06299876
0.0,0.054586325
0.0,0.072814986
0.0,0.06731701
0.0,0.029317588
0.0,0.06377176
1.0,0.089791074
0.0,0.032779872
0.0,0.069238946
0.0,0.02286772
0.0,0.043324783
0.0,0.04275709
0.0,0.06955182
1.0,0.028478682
0.0,0.089003906
0.0,0.05347642
0.0,0.05620415
0.0,0.020345626
0.0,0.031297136
0.0,0.026166089
0.0,0.09012561
0.0,0.07295056
0.0,0.062236626
0.0,0.05023302
0.0,0.06516566
0.0,0.09181094
0.0,0.024002276
0.0,0.037444
0.0,0.04175601
0.0,0.14412525
0.0,0.045900717
0.0,0.094131805
0.0,0.04164706
0.0,0.043007247
0.0,0.13238716
1.0,0.042836107
0.0,0.07424271
0.0,0.047707807
0.0,0.07404554
0.0,0.12116917
0.0,0.055374123
0.0,0.07553775
0.0,0.051135655
0.0,0.03454703
0.0,0.053361334
0.0,0.048900753
0.0,0.03555584
0.0,0.049905173
0.0,0.022749314
0.0,0.11295082
0.0,0.07184188
0.0,0.041159797
0.0,0.029138386
0.0,0.09583324
0.0,0.058891226
0.0,0.08060549
0.0,0.060449943
0.0,0.036045827
0.0,0.049137134
0.0,0.04324705
0.0,0.0404208
0.0,0.037733413
0.0,0.039057676
0.0,0.13356957
0.0,0.09736635
0.0,0.012521679
0.0,0.048267595
0.0,0.02913305
0.0,0.04885654
0.0,0.08277528
0.0,0.039475888
0.0,0.050670743
0.0,0.09371751
0.0,0.07217275
0.0,0.07978399
0.0,0.06096643
0.0,0.06732972
0.0,0.051900074
0.0,0.04261443
0.0,0.07931286
0.0,0.055124346
0.0,0.023596399
1.0,0.03278028
0.0,0.036182746
0.0,0.10371035
0.0,0.07259813
0.0,0.05439347
0.0,0.03744839
1.0,0.06002581
0.0,0.059600502
0.0,0.077755064
0.0,0.11600291
0.0,0.040879115
0.0,0.04854492
0.0,0.03336146
0.0,0.06529571
0.0,0.045137733
1.0,0.04439994
0.0,0.064988196
0.0,0.0791485
0.0,0.049668886
0.0,0.078623354
0.0,0.03978499
0.0,0.08179021
0.0,0.036379278
0.0,0.055220768
0.0,0.04789179
0.0,0.06783901
0.0,0.020108975
0.0,0.070894554
0.0,0.061586548
0.0,0.032053232
0.0,0.06978567
0.0,0.06907179
0.0,0.039031647
0.0,0.055472434
0.0,0.009116659
0.0,0.08208962
0.0,0.039661303
0.0,0.04796824
0.0,0.026748117
0.0,0.09544765
0.0,0.023392081
0.0,0.100023985
0.0,0.08287998
0.0,0.100568615
0.0,0.105198584
0.0,0.04260228
0.0,0.020761583
0.0,0.05394163
0.0,0.036556788
0.0,0.15257834
1.0,0.044699848
0.0,0.017716862
0.0,0.09535919
0.0,0.01806478
0.0,0.06925163
0.0,0.034331508
0.0,0.025951942
0.0,0.094606385
0.0,0.06812657
0.0,0.11665118
0.0,0.03596616
0.0,0.07714835
0.0,0.06266975
0.0,0.090721235
0.0,0.030547325
0.0,0.07644453
0.0,0.060208313
0.0,0.04030884
0.0,0.021176662
1.0,0.050380837
0.0,0.06588774
1.0,0.054105856
0.0,0.08608374
0.0,0.045748003
0.0,0.038960803
0.0,0.028513223
0.0,0.044263147
0.0,0.05773972
0.0,0.07905843
0.0,0.07540021
0.0,0.06406002
0.0,0.10151647
0.0,0.09833132
0.0,0.08008816
1.0,0.06273026
0.0,0.053556167
0.0,0.035313915
0.0,0.09508845
0.0,0.09748453
0.0,0.061893474
0.0,0.06483968
0.0,0.0706845
0.0,0.030744087
0.0,0.03815449
0.0,0.03562982
0.0,0.053921804
0.0,0.06893642
0.0,0.07115157
1.0,0.023469955
0.0,0.11047698
0.0,0.034983005
0.0,0.062853105
0.0,0.07348315
1.0,0.036991145
0.0,0.054634552
0.0,0.040371142
0.0,0.17818546
0.0,0.08471982
0.0,0.040390033
0.0,0.04129243
0.0,0.017018052
0.0,0.01824024
0.0,0.057084315
0.0,0.055975825
0.0,0.04085696
0.0,0.06221802
0.0,0.16740932
0.0,0.048224434
0.0,0.042269394
2.0,0.07255805
0.0,0.025922544
0.0,0.15960501
0.0,0.046648704
0.0,0.049179867
0.0,0.06547989
0.0,0.09801398
0.0,0.09710623
0.0,0.1197397
0.0,0.06419325
0.0,0.030301655
0.0,0.04390173
0.0,0.047588866
0.0,0.014653517
0.0,0.07205131
0.0,0.06145696
0.0,0.04578831
0.0,0.0739265
0.0,0.022962587
0.0,0.09114978
0.0,0.03401988
0.0,0.111737095
0.0,0.057922024
0.0,0.02620897
0.0,0.044162124
0.0,0.052048303
0.0,0.053164683
0.0,0.06344621
0.0,0.0916906
0.0,0.035511903
0.0,0.11304117
0.0,0.04443764
0.0,0.054686785
0.0,0.021130485
0.0,0.038118772
0.0,0.11001878
0.0,0.022644345
1.0,0.07310228
0.0,0.028255321
0.0,0.03007736
0.0,0.035180684
0.0,0.028284289
0.0,0.0337365
0.0,0.06573065
0.0,0.050855286
0.0,0.064914964
0.0,0.068231575
0.0,0.04328295
0.0,0.04705573
0.0,0.06734433
0.0,0.02293031
0.0,0.0581123
0.0,0.03251977
0.0,0.038008276
0.0,0.06674628
0.0,0.052401222
0.0,0.06925159
0.0,0.03599914
0.0,0.07162447
0.0,0.024693346
0.0,0.06985612
2.0,0.10301285
0.0,0.05975357
1.0,0.05928732
0.0,0.04007491
0.0,0.07147238
0.0,0.071877874
0.0,0.09804852
0.0,0.08741982
0.0,0.13323164
0.0,0.037578292
0.0,0.04435603
0.0,0.04812008
0.0,0.023012593
0.0,0.030547908
0.0,0.13343693
0.0,0.07491918
1.0,0.032962523
0.0,0.056940053
0.0,0.042424172
0.0,0.022781327
0.0,0.022207974
0.0,0.056815144
0.0,0.09803069
0.0,0.073104575
0.0,0.0388643
0.0,0.03676623
0.0,0.06611579
0.0,0.044948917
0.0,0.04357045
0.0,0.085306555
0.0,0.024639511
1.0,0.06093947
0.0,0.05863316
0.0,0.08724536
0.0,0.06312866
0.0,0.04660072
0.0,0.047021635
0.0,0.043582357
0.0,0.038748663
0.0,0.12818958
0.0,0.12939794
0.0,0.1078406
0.0,0.07017855
0.0,0.06322437
0.0,0.03309701
0.0,0.032815762
0.0,0.038561597
0.0,0.08145895
0.0,0.02971221
0.0,0.03933733
0.0,0.091402054
0.0,0.05758662
0.0,0.06488589
0.0,0.027593167
1.0,0.021748742
0.0,0.076277435
0.0,0.049112845
0.0,0.06262396
1.0,0.055209972
0.0,0.060544156
0.0,0.044083834
0.0,0.061867833
0.0,0.14665669
0.0,0.057491772
0.0,0.07335851
0.0,0.071863726
0.0,0.01820879
0.0,0.064780146
0.0,0.09062147
0.0,0.040136665
0.0,0.057810355
0.0,0.07067112
0.0,0.023642283
0.0,0.036697906
0.0,0.03779114
0.0,0.04659561
0.0,0.08592308
0.0,0.049820267
0.0,0.073068924
0.0,0.038268093
0.0,0.07111263
0.0,0.06382455
0.0,0.055519536
0.0,0.04119728
0.0,0.07955192
0.0,0.03379316
0.0,0.027498871
0.0,0.07252073
0.0,0.041463908
0.0,0.037949927
0.0,0.03828947
0.0,0.043114595
1.0,0.05436252
0.0,0.01657565
0.0,0.0681983
0.0,0.074555516
0.0,0.04049359
0.0,0.23047146
0.0,0.08321538
0.0,0.046010263
0.0,0.039373867
0.0,0.061236687
0.0,0.08215411
0.0,0.061785523
0.0,0.052309528
0.0,0.022156293
0.0,0.09317568
0.0,0.023295052
0.0,0.09062296
0.0,0.06699528
0.0,0.04954175
0.0,0.048735943
0.0,0.02466501
0.0,0.043666415
0.0,0.032587618
0.0,0.07393701
0.0,0.037484232
0.0,0.044738807
0.0,0.042132597
0.0,0.12426853
0.0,0.07181217
0.0,0.076376796
0.0,0.062140014
0.0,0.1071721
0.0,0.09920334
0.0,0.05813317
0.0,0.06692316
0.0,0.07433038
0.0,0.017487157
0.0,0.010787852
0.0,0.056428436
0.0,0.11429063
0.0,0.039438017
0.0,0.09825745
0.0,0.08993466
0.0,0.04500013
0.0,0.065478094
0.0,0.0682719
0.0,0.07525869
0.0,0.05302914
0.0,0.040784027
0.0,0.101694375
0.0,0.0411058
0.0,0.07147151
0.0,0.066580266
0.0,0.039460983
1.0,0.018221827
0.0,0.054052114
0.0,0.06414307
0.0,0.05917336
0.0,0.13871872
0.0,0.04239507
0.0,0.052347228
0.0,0.09089629
1.0,0.009519661
1.0,0.10956055
0.0,0.05955153
0.0,0.04527025
0.0,0.14094883
0.0,0.1082595
0.0,0.073278904
0.0,0.048252244
0.0,0.07431114
0.0,0.051467903
0.0,0.09163888
0.0,0.040039804
0.0,0.040903296
0.0,0.051059075
0.0,0.048935205
0.0,0.03250273
0.0,0.033799734
0.0,0.07586613
1.0,0.044662263
0.0,0.024897393
0.0,0.086962946
0.0,0.04622057
0.0,0.07415959
0.0,0.08491719
0.0,0.06937436
0.0,0.085412584
0.0,0.030069344
0.0,0.028750643
0.0,0.03431184
0.0,0.06938106
0.0,0.073206976
0.0,0.029097995
0.0,0.04780609
0.0,0.03825806
0.0,0.050162505
0.0,0.039259955
0.0,0.037057526
0.0,0.044039313
0.0,0.036034416
0.0,0.08454867
0.0,0.035696246
1.0,0.07074587
0.0,0.06242515
0.0,0.04213489
0.0,0.05540735
0.0,0.050210822
0.0,0.05928328
0.0,0.044789735
0.0,0.051634517
0.0,0.05756908
1.0,0.0498427
0.0,0.1473827
0.0,0.10405061
1.0,0.031525627
0.0,0.059439298
0.0,0.044281557
0.0,0.045871444
1.0,0.029923864
0.0,0.056517567
0.0,0.043342203
0.0,0.06276971
0.0,0.102592796
0.0,0.020847285
0.0,0.045624986
0.0,0.12979437
0.0,0.1224116
0.0,0.05750792
0.0,0.07303169
0.0,0.04792928
0.0,0.045135386
0.0,0.060172305
0.0,0.07721029
0.0,0.0352499
0.0,0.07767795
0.0,0.057801865
0.0,0.04779898
0.0,0.1005188
0.0,0.072609074
0.0,0.048918687
0.0,0.069003254
0.0,0.041060627
0.0,0.059033994
0.0,0.03427101
0.0,0.02416664
0.0,0.022436447
0.0,0.024373898
0.0,0.044443935
1.0,0.12738398
0.0,0.048167486
0.0,0.062438905
0.0,0.06756456
0.0,0.05277568
0.0,0.07383339
0.0,0.049567007
0.0,0.04995517
0.0,0.07350635
0.0,0.063605495
0.0,0.08492371
0.0,0.0413878
0.0,0.04127188
0.0,0.07168336
0.0,0.021707237
0.0,0.0832424
0.0,0.09395233
0.0,0.09601222
0.0,0.0415081
0.0,0.06419004
0.0,0.017921181
0.0,0.033857398
0.0,0.067366555
0.0,0.08895995
0.0,0.058516912
0.0,0.10542099
0.0,0.0797355
0.0,0.061097182
0.0,0.06610416
0.0,0.06227896
0.0,0.041177034
1.0,0.016657775
0.0,0.041064836
0.0,0.051753502
0.0,0.07680911
0.0,0.03733473
0.0,0.077509634
0.0,0.022084367
0.0,0.049945384
0.0,0.04752408
0.0,0.03164114
0.0,0.04536583
0.0,0.07706485
1.0,0.03661462
0.0,0.122638114
0.0,0.047197454
0.0,0.0382229
0.0,0.087494224
0.0,0.06803684
0.0,0.10479028
0.0,0.056881722
0.0,0.021025777
0.0,0.06994778
0.0,0.046332493
0.0,0.055917535
0.0,0.09798213
0.0,0.06278544
0.0,0.062579
0.0,0.023942914
0.0,0.063516386
0.0,0.07716857
0.0,0.028444223
0.0,0.04520905
0.0,0.04652612
0.0,0.058518462
0.0,0.08523296
0.0,0.035503015
0.0,0.030160889
0.0,0.052710015
0.0,0.0776885
0.0,0.06853636
0.0,0.03705267
0.0,0.053623497
1.0,0.04244809
0.0,0.026723295
1.0,0.1153841
0.0,0.060671028
0.0,0.094465286
0.0,0.12549348
0.0,0.05286197
0.0,0.07043206
0.0,0.12508103
0.0,0.055628717
0.0,0.041292705
0.0,0.034306258
0.0,0.05528289
1.0,0.059572957
0.0,0.052921843
0.0,0.034915213
0.0,0.034764383
0.0,0.08750854
1.0,0.042870067
0.0,0.052141655
1.0,0.035730883
0.0,0.06911788
2.0,0.03538962
0.0,0.062470235
0.0,0.033354096
0.0,0.032705322
0.0,0.06715757
0.0,0.012314329
0.0,0.076486975
0.0,0.106945954
0.0,0.058705155
0.0,0.05664802
0.0,0.03440478
0.0,0.045408964
0.0,0.029562114
0.0,0.025584742
0.0,0.044118848
0.0,0.01575092
0.0,0.044852868
0.0,0.051951997
0.0,0.046361618
0.0,0.091478735
0.0,0.047167264
0.0,0.016653772
0.0,0.123736136
0.0,0.06356644
0.0,0.039798252
0.0,0.033048518
0.0,0.06452401
0.0,0.06159511
0.0,0.05743678
0.0,0.050731957
0.0,0.042867817
0.0,0.05279834
0.0,0.08318759
2.0,0.029289054
0.0,0.046742372
0.0,0.060602833
0.0,0.031111948
0.0,0.074189626
0.0,0.037761904
0.0,0.03146779
0.0,0.07883057
0.0,0.040074702
0.0,0.044586256
0.0,0.06756187
0.0,0.1199905
0.0,0.06433967
0.0,0.074992865
0.0,0.03602572
0.0,0.034755882
0.0,0.05184714
0.0,0.03956193
0.0,0.07067769
0.0,0.07835534
0.0,0.05681822
0.0,0.034389824
0.0,0.051270768
0.0,0.03444682
0.0,0.08450884
0.0,0.02934048
0.0,0.051285565
0.0,0.042599596
0.0,0.039923526
0.0,0.057859167
0.0,0.038147047
0.0,0.094836056
0.0,0.08611958
0.0,0.039512403
0.0,0.054831624
0.0,0.074982725
0.0,0.02590176
0.0,0.09164058
0.0,0.01607978
0.0,0.05827366
1.0,0.044057693
0.0,0.043032315
0.0,0.0955963
0.0,0.0632587
0.0,0.046574466
0.0,0.037940536
0.0,0.06896904
0.0,0.03035431
0.0,0.05057141
0.0,0.0817221
0.0,0.05147738
0.0,0.024291832
0.0,0.044598676
0.0,0.101648465
0.0,0.047138616
0.0,0.08246504
0.0,0.069533244
1.0,0.02924575
1.0,0.08470588
0.0,0.073174715
0.0,0.011168117
0.0,0.07478268
0.0,0.069128945
0.0,0.056326225
0.0,0.05082547
0.0,0.046991106
0.0,0.054513495
0.0,0.114473894
0.0,0.04977622
0.0,0.04598993
0.0,0.05249463
0.0,0.036727123
0.0,0.027114607
0.0,0.028945163
0.0,0.029099355
0.0,0.023272503
0.0,0.06006773
0.0,0.058999438
0.0,0.08449651
0.0,0.04459946
0.0,0.07021949
0.0,0.042088203
0.0,0.06993819
0.0,0.077604644
0.0,0.0953245
0.0,0.04710033
0.0,0.045021806
0.0,0.047367
0.0,0.04471671
0.0,0.10386159
0.0,0.1163684
0.0,0.070594296
1.0,0.07325627
0.0,0.087784745
0.0,0.06382062
0.0,0.14132285
0.0,0.07903683
0.0,0.038585767
0.0,0.04028724
0.0,0.0261495
0.0,0.03408865
0.0,0.13936374
0.0,0.06780294
0.0,0.10229765
1.0,0.11096085
0.0,0.066700764
0.0,0.02996017
0.0,0.09299624
0.0,0.042216036
1.0,0.028132215
0.0,0.05169051
0.0,0.03804398
0.0,0.09252979
0.0,0.027037553
0.0,0.08808568
0.0,0.06337598
0.0,0.041610636
0.0,0.107411996
0.0,0.06325579
0.0,0.04978175
0.0,0.031415064
0.0,0.06604477
0.0,0.04963967
0.0,0.10400194
0.0,0.0742905
0.0,0.04689228
0.0,0.06561291
0.0,0.099399135
0.0,0.0286547
0.0,0.024729474
0.0,0.09568306
0.0,0.05264674
0.0,0.045558505
0.0,0.082495004
0.0,0.03480884
0.0,0.103078745
0.0,0.06616014
0.0,0.08541362
0.0,0.018550087
0.0,0.033138197
0.0,0.06745232
0.0,0.02638569
0.0,0.024354821
0.0,0.050725933
0.0,0.07460006
0.0,0.053554557
0.0,0.042844277
0.0,0.023021229
0.0,0.120042235
0.0,0.063571654
0.0,0.055497702
0.0,0.11704764
0.0,0.054814294
0.0,0.047666535
0.0,0.058594283
0.0,0.053011768
0.0,0.05451356
0.0,0.06867615
0.0,0.05497619
0.0,0.024804879
0.0,0.070985585
0.0,0.030422647
0.0,0.06333006
0.0,0.011485099
0.0,0.053966045
0.0,0.088458486
0.0,0.09874767
1.0,0.05843995
0.0,0.045136526
0.0,0.06290183
0.0,0.0722981
0.0,0.03780158
0.0,0.102061436
1.0,0.017794408
0.0,0.05961699
0.0,0.06162957
0.0,0.049214117
0.0,0.13793033
1.0,0.041017964
0.0,0.09955403
0.0,0.058473345
0.0,0.042260285
0.0,0.07649111
1.0,0.122909464
0.0,0.04286414
0.0,0.025044253
0.0,0.02839338
0.0,0.083709806
0.0,0.103588775
0.0,0.037621953
0.0,0.11429273
0.0,0.068827316
0.0,0.055024736
0.0,0.04276027
1.0,0.043543387
0.0,0.049753107
0.0,0.095262684
0.0,0.03521929
0.0,0.055733006
0.0,0.04611952
0.0,0.047958266
0.0,0.06894442
0.0,0.032529864
0.0,0.10884471
0.0,0.050075658
0.0,0.063191846
0.0,0.04126452
0.0,0.03781912
0.0,0.013957603
0.0,0.083127156
0.0,0.02921418
0.0,0.0537239
0.0,0.028098874
0.0,0.04378167
0.0,0.048464734
0.0,0.025527455
0.0,0.051425
0.0,0.096693434
0.0,0.038091738
0.0,0.10128081
0.0,0.06258452
0.0,0.100946344
0.0,0.04059737
0.0,0.048508503
0.0,0.042548906
0.0,0.03296411
0.0,0.07644056
0.0,0.057071112
0.0,0.050672337
0.0,0.11376475
0.0,0.06878469
0.0,0.05604517
0.0,0.06262436
0.0,0.02684528
0.0,0.042435035
0.0,0.050837368
0.0,0.07779649
0.0,0.04931605
0.0,0.07851549
0.0,0.031999387
0.0,0.038438503
0.0,0.040397853
0.0,0.0325902
0.0,0.052622974
0.0,0.023513105
0.0,0.04694777
0.0,0.0820715
0.0,0.07916821
0.0,0.038622066
0.0,0.03442009
0.0,0.051540945
0.0,0.060864996
0.0,0.08039158
0.0,0.12096715
0.0,0.09081533
0.0,0.039504472
0.0,0.08868129
0.0,0.07840538
0.0,0.1928329
0.0,0.040819846
0.0,0.085643254
0.0,0.06633808
0.0,0.1716958
0.0,0.035547193
0.0,0.07184224
0.0,0.03632334
0.0,0.068544924
0.0,0.053885743
0.0,0.09230776
0.0,0.063522115
0.0,0.08151247
1.0,0.048882313
0.0,0.107792296
0.0,0.13782896
0.0,0.07537325
0.0,0.042829365
0.0,0.03386042
0.0,0.051271968
0.0,0.020227727
0.0,0.09065995
0.0,0.038415324
0.0,0.032536797
0.0,0.04639654
0.0,0.040719785
0.0,0.0299078
1.0,0.030262595
0.0,0.054334328
0.0,0.050952863
0.0,0.040745538
1.0,0.035491675
0.0,0.10503628
0.0,0.060083367
0.0,0.031225646
0.0,0.11397069
0.0,0.041656636
0.0,0.09574659
1.0,0.05363176
0.0,0.051002428
0.0,0.040130828
0.0,0.026496565
0.0,0.06688152
0.0,0.054116406
0.0,0.073952556
1.0,0.062418543
0.0,0.07345901
0.0,0.04135032
0.0,0.05791849
0.0,0.03275887
0.0,0.05428142
0.0,0.04660508
0.0,0.11952367
0.0,0.045182824
0.0,0.042715315
0.0,0.049271222
0.0,0.025992602
0.0,0.03862061
0.0,0.03874048
0.0,0.024749847
0.0,0.04743284
0.0,0.053263135
0.0,0.10265994
1.0,0.089472145
0.0,0.03787837
0.0,0.07943362
0.0,0.12188019
0.0,0.024122855
0.0,0.024730677
0.0,0.0561027
0.0,0.091758244
0.0,0.036422703
0.0,0.079246916
0.0,0.08712856
1.0,0.046978246
0.0,0.069853805
0.0,0.038525537
0.0,0.025270592
0.0,0.10509816
0.0,0.03946516
0.0,0.038949136
0.0,0.0894787
0.0,0.032343827
0.0,0.110013425
0.0,0.06341058
0.0,0.18301621
0.0,0.07212554
0.0,0.08464798
0.0,0.061263382
0.0,0.007655159
0.0,0.011537282
0.0,0.071790256
0.0,0.039509993
1.0,0.06196429
0.0,0.095700994
0.0,0.09998288
0.0,0.039685555
0.0,0.093840614
0.0,0.039334647
0.0,0.11533413
0.0,0.038064793
0.0,0.09039362
0.0,0.10029868
0.0,0.08617937
0.0,0.12258859
0.0,0.09201947
0.0,0.038353864
0.0,0.03472696
1.0,0.085075006
0.0,0.051988747
0.0,0.039131537
0.0,0.037146658
0.0,0.07589352
0.0,0.036925342
0.0,0.047769792
1.0,0.033832207
1.0,0.022609808
0.0,0.029445063
0.0,0.012620399
0.0,0.0384932
0.0,0.05413264
0.0,0.056348417
0.0,0.05470838
0.0,0.047859557
0.0,0.039631717
0.0,0.017976163
0.0,0.05048345
0.0,0.11065217
0.0,0.037023403
0.0,0.08700511
0.0,0.072419964
0.0,0.037676383
0.0,0.05160267
0.0,0.05598063
0.0,0.056322493
0.0,0.07026669
0.0,0.08573318
0.0,0.045634232
0.0,0.06477185
0.0,0.054118548
0.0,0.04210159
0.0,0.06312496
0.0,0.028871676
0.0,0.044049457
0.0,0.049900033
0.0,0.05919365
0.0,0.2060339
0.0,0.12642655
0.0,0.07460518
0.0,0.06199362
0.0,0.03609271
0.0,0.037931997
0.0,0.041064873
0.0,0.111744665
0.0,0.030580612
0.0,0.05851394
0.0,0.03819375
0.0,0.06152783
0.0,0.06373954
0.0,0.054511078
0.0,0.031145701
0.0,0.043809466
0.0,0.02496094
0.0,0.061414775
0.0,0.086816795
1.0,0.04101034
0.0,0.045027066
0.0,0.03095977
0.0,0.025059938
0.0,0.13472341
0.0,0.08420996
0.0,0.11358013
0.0,0.106646165
0.0,0.045565866
0.0,0.04786777
0.0,0.07342257
0.0,0.061760556
1.0,0.04231836
0.0,0.058244962
0.0,0.07955977
0.0,0.015264394
0.0,0.0569171
0.0,0.03359243
0.0,0.046248727
0.0,0.11111163
0.0,0.034935113
1.0,0.05052899
0.0,0.037401993
0.0,0.079226814
0.0,0.051893193
0.0,0.059248347
0.0,0.04165856
0.0,0.038555805
0.0,0.028944928
0.0,0.04566081
0.0,0.092168644
0.0,0.036886908
0.0,0.08108614
0.0,0.05496867
0.0,0.06914337
0.0,0.044019137
0.0,0.087497875
0.0,0.06300622
0.0,0.038863186
0.0,0.029521389
0.0,0.019457415
0.0,0.066205576
0.0,0.09310706
0.0,0.08326791
0.0,0.04100293
0.0,0.041242015
0.0,0.08194433
0.0,0.060716406
0.0,0.06615377
0.0,0.11908494
1.0,0.02078608
0.0,0.050077043
0.0,0.028230757
0.0,0.06490901
0.0,0.059174627
0.0,0.036408205
0.0,0.055262398
0.0,0.057310987
0.0,0.07635774
0.0,0.12312448
0.0,0.056578886
0.0,0.04193715
0.0,0.019952524
0.0,0.042370453
0.0,0.06534231
0.0,0.10451424
0.0,0.06366324
0.0,0.023801036
0.0,0.032984376
0.0,0.09454632
0.0,0.048886184
0.0,0.108313665
0.0,0.115820296
0.0,0.043462258
1.0,0.12241656
0.0,0.06411258
0.0,0.028543899
0.0,0.056841172
0.0,0.05326245
0.0,0.04976464
0.0,0.048884526
0.0,0.013773611
1.0,0.088150606
0.0,0.041947573
0.0,0.021045204
0.0,0.0431337
0.0,0.08950657
0.0,0.0514022
0.0,0.11286855
0.0,0.05436278
0.0,0.091520965
0.0,0.06639706
0.0,0.07084143
0.0,0.03106377
0.0,0.02593032
0.0,0.09626664
0.0,0.04007281
0.0,0.10324437
0.0,0.07558895
0.0,0.0655619
0.0,0.03819803
0.0,0.11122481
0.0,0.03386497
0.0,0.041810323
0.0,0.10085377
0.0,0.04135028
0.0,0.12102326
0.0,0.029996924
0.0,0.13465585
0.0,0.045835063
0.0,0.023882482
0.0,0.029550796
0.0,0.047457885
0.0,0.018757878
0.0,0.06865994
0.0,0.04722654
0.0,0.039240677
0.0,0.0489769
0.0,0.09619167
0.0,0.04332464
0.0,0.07154107
0.0,0.14742947
0.0,0.02415749
0.0,0.051846474
1.0,0.052864186
0.0,0.07142351
0.0,0.079766005
0.0,0.061652586
0.0,0.063234195
1.0,0.03602624
0.0,0.07128408
0.0,0.06866881
0.0,0.08433068
0.0,0.030463582
0.0,0.023235444
0.0,0.08371583
0.0,0.065574154
0.0,0.09786467
0.0,0.027601037
0.0,0.075091496
0.0,0.094826564
0.0,0.022794213
0.0,0.034439035
0.0,0.066397734
0.0,0.029297352
0.0,0.041989997
0.0,0.051452495
0.0,0.057814132
0.0,0.089169495
0.0,0.10360125
0.0,0.041776225
0.0,0.039009266
0.0,0.0493567
0.0,0.03312608
0.0,0.028986584
0.0,0.06547032
0.0,0.037855547
0.0,0.05507616
0.0,0.03504286
0.0,0.02724496
1.0,0.047817014
0.0,0.040239494
0.0,0.064476185
0.0,0.0756377
0.0,0.03617438
0.0,0.04826835
0.0,0.038156692
1.0,0.055672687
0.0,0.10431415
0.0,0.05838249
0.0,0.063502334
0.0,0.04111754
0.0,0.04403778
0.0,0.03235669
0.0,0.050393667
0.0,0.042079672
0.0,0.03597961
0.0,0.055191506
0.0,0.041130543
0.0,0.03392545
0.0,0.07652743
0.0,0.040179655
0.0,0.04625567
0.0,0.029111942
0.0,0.057308335
0.0,0.04067637
0.0,0.054240383
0.0,0.03541837
0.0,0.078028016
0.0,0.032206886
0.0,0.04460495
0.0,0.04020746
1.0,0.0345302
2.0,0.048457503
0.0,0.05872698
0.0,0.050319638
0.0,0.08093861
0.0,0.06319305
0.0,0.016128456
0.0,0.03202045
0.0,0.066548035
0.0,0.07727695
0.0,0.048459765
0.0,0.048886627
0.0,0.045830864
0.0,0.11244704
0.0,0.027365372
0.0,0.04243208
0.0,0.045661397
0.0,0.06478892
0.0,0.04441747
0.0,0.0673252
1.0,0.049358394
0.0,0.13623473
1.0,0.051417522
0.0,0.06478501
0.0,0.090426
1.0,0.18328798
0.0,0.04855189
0.0,0.052830696
0.0,0.060594715
0.0,0.05927884
0.0,0.05521787
0.0,0.029074252
0.0,0.044382136
0.0,0.0538628
0.0,0.049469326
0.0,0.0937957
0.0,0.0987335
0.0,0.09023406
0.0,0.03323872
0.0,0.014395474
0.0,0.06295605
0.0,0.1268271
0.0,0.08348403
0.0,0.04350074
0.0,0.078231394
0.0,0.049998924
0.0,0.05976816
0.0,0.06845894
0.0,0.12615068
0.0,0.06983157
0.0,0.059195697
0.0,0.057413653
0.0,0.049826138
0.0,0.06422746
0.0,0.04620195
0.0,0.064015254
0.0,0.038748942
0.0,0.027286317
0.0,0.07416451
0.0,0.06563114
0.0,0.043158818
0.0,0.061112102
0.0,0.07520276
0.0,0.104575835
0.0,0.057316165
0.0,0.043320343
0.0,0.03867717
0.0,0.034897186
0.0,0.09925066
0.0,0.06601848
0.0,0.05095053
0.0,0.020850765
0.0,0.060720664
0.0,0.12007853
0.0,0.07143511
0.0,0.06327105
0.0,0.04547015
0.0,0.07145478
0.0,0.04584964
0.0,0.03655222
0.0,0.106983006
0.0,0.041475855
0.0,0.03719123
0.0,0.05583257
0.0,0.06196207
0.0,0.09294914
0.0,0.054149806
0.0,0.062203042
0.0,0.07191377
0.0,0.077585
0.0,0.0340749
0.0,0.1055567
0.0,0.028197326
0.0,0.04651066
0.0,0.045532897
0.0,0.01795585
0.0,0.07880411
0.0,0.012542941
0.0,0.029644493
0.0,0.19885392
0.0,0.053639393
0.0,0.04358826
0.0,0.034892596
0.0,0.027395373
0.0,0.05631656
0.0,0.04272104
0.0,0.054928266
0.0,0.06898318
0.0,0.06476066
0.0,0.10315511
0.0,0.04571486
0.0,0.038071945
0.0,0.066293806
0.0,0.10155167
0.0,0.02465385
0.0,0.04812653
0.0,0.067361094
0.0,0.036562175
0.0,0.019804332
0.0,0.040968552
0.0,0.11943171
0.0,0.051214326
0.0,0.06709365
0.0,0.04299628
0.0,0.08895494
0.0,0.037779268
0.0,0.048523027
0.0,0.05617176
0.0,0.056660175
0.0,0.08500504
0.0,0.08441464
0.0,0.034927167
0.0,0.023083951
0.0,0.045294672
0.0,0.018702308
0.0,0.038661625
0.0,0.0635392
0.0,0.054903325
0.0,0.112922244
0.0,0.043948352
0.0,0.09493483
0.0,0.036555216
0.0,0.047385752
1.0,0.05100892
0.0,0.06547861
0.0,0.089443825
0.0,0.06623835
0.0,0.053862005
0.0,0.027957473
0.0,0.14130236
0.0,0.02926687
0.0,0.028402343
0.0,0.056431852
0.0,0.10297435
0.0,0.122002065
0.0,0.042917214
1.0,0.040652115
0.0,0.03628273
1.0,0.12072597
0.0,0.0556358
0.0,0.20004897
0.0,0.061577257
0.0,0.049186997
0.0,0.12619412
0.0,0.042079173
0.0,0.07080884
0.0,0.037349027
0.0,0.10026217
0.0,0.06767423
0.0,0.068187095
0.0,0.0721096
0.0,0.078229114
0.0,0.0122231245
0.0,0.06827405
0.0,0.081342444
0.0,0.07098338
0.0,0.045781873
0.0,0.029296707
0.0,0.16522266
0.0,0.067672305
0.0,0.05520647
0.0,0.048817024
0.0,0.081463724
0.0,0.056429055
0.0,0.027990889
0.0,0.05058499
0.0,0.11853959
0.0,0.07922927
0.0,0.062045682
0.0,0.08556235
0.0,0.09767265
0.0,0.065285005
0.0,0.060862295
0.0,0.047780044
0.0,0.050946474
0.0,0.09997444
0.0,0.04182803
0.0,0.04184608
0.0,0.038354702
0.0,0.05332387
0.0,0.028593156
0.0,0.05530401
0.0,0.07665339
0.0,0.056682903
0.0,0.027124953
0.0,0.05144403
0.0,0.03574511
0.0,0.056891974
0.0,0.052042544
0.0,0.053056177
0.0,0.05587168
0.0,0.03160022
0.0,0.030025387
0.0,0.08223567
0.0,0.077592835
0.0,0.042089727
0.0,0.071699806
0.0,0.045238942
0.0,0.10612189
0.0,0.04076429
0.0,0.058211964
0.0,0.08848515
0.0,0.056929342
0.0,0.045385
0.0,0.09342855
0.0,0.051382765
1.0,0.024481934
0.0,0.0430606
0.0,0.04109694
0.0,0.037678037
0.0,0.04205574
0.0,0.052916773
0.0,0.06528046
0.0,0.037587862
0.0,0.040525362
0.0,0.018394709
0.0,0.008061417
0.0,0.049167134
0.0,0.040224493
0.0,0.06317079
0.0,0.07743623
0.0,0.043271147
0.0,0.07313805
0.0,0.0770175
0.0,0.020943765
0.0,0.10636106
0.0,0.04940551
0.0,0.038549904
1.0,0.038395327
0.0,0.05733258
0.0,0.076226644
0.0,0.12050896
0.0,0.036525335
0.0,0.107150644
0.0,0.07689006
0.0,0.08573609
0.0,0.042847402
0.0,0.07519914
0.0,0.035620477
0.0,0.034960043
0.0,0.0458896
0.0,0.03693536
0.0,0.10270444
0.0,0.038025245
0.0,0.08643106
0.0,0.06281098
0.0,0.08178112
0.0,0.07011196
0.0,0.015999388
0.0,0.08787766
0.0,0.14110556
0.0,0.02691602
0.0,0.014852301
0.0,0.10618709
0.0,0.04964277
0.0,0.04076989
0.0,0.04263288
0.0,0.070011586
1.0,0.08054264
0.0,0.040655237
0.0,0.041744683
0.0,0.049286496
0.0,0.062445603
0.0,0.034105152
0.0,0.12984098
1.0,0.10878281
1.0,0.12359052
0.0,0.06883744
0.0,0.03458093
0.0,0.06625326
0.0,0.0583309
0.0,0.08158628
0.0,0.08957678
0.0,0.13716884
0.0,0.052985992
0.0,0.04285895
0.0,0.06725058
0.0,0.054311972
0.0,0.07532446
0.0,0.08025438
0.0,0.038145922
0.0,0.054562073
0.0,0.052571736
0.0,0.10037319
0.0,0.09028547
1.0,0.020534141
0.0,0.05512553
0.0,0.09352965
0.0,0.026303846
0.0,0.03242049
0.0,0.04904418
1.0,0.034126673
0.0,0.07126094
0.0,0.040673424
0.0,0.07259003
0.0,0.018720224
0.0,0.01991704
0.0,0.046776064
0.0,0.04906212
0.0,0.060069133
0.0,0.03083654
0.0,0.0634441
0.0,0.05423467
0.0,0.07457879
0.0,0.024443872
0.0,0.096654505
0.0,0.117002636
0.0,0.1351802
0.0,0.03089491
0.0,0.06433476
0.0,0.08105278
0.0,0.05879609
0.0,0.17489469
0.0,0.04477133
0.0,0.030564154
0.0,0.024245068
0.0,0.12651575
0.0,0.09417816
1.0,0.057133984
0.0,0.070622444
0.0,0.09287245
0.0,0.039043095
0.0,0.074649915
0.0,0.09512537
0.0,0.03543491
0.0,0.08835727
0.0,0.020299334
0.0,0.037707567
0.0,0.059261177
0.0,0.07021999
0.0,0.036652382
0.0,0.07999332
1.0,0.10245176
0.0,0.07414043
0.0,0.04412379
0.0,0.1313581
0.0,0.051199578
1.0,0.09458834
0.0,0.05683964
0.0,0.039549615
0.0,0.108911894
0.0,0.040286012
0.0,0.023819849
0.0,0.07886467
0.0,0.115005806
0.0,0.15429822
0.0,0.09215204
0.0,0.05339264
0.0,0.019182548
0.0,0.039230574
0.0,0.037405364
0.0,0.008758238
0.0,0.032934885
0.0,0.054768387
0.0,0.06681901
0.0,0.021314744
0.0,0.06630655
0.0,0.03901481
0.0,0.0721635
0.0,0.044673383
0.0,0.06780173
0.0,0.049907435
0.0,0.048094984
0.0,0.041999288
0.0,0.053466067
0.0,0.020383438
0.0,0.09141372
0.0,0.046938233
0.0,0.074351296
0.0,0.029530441
0.0,0.0676432
0.0,0.05383733
0.0,0.051244177
0.0,0.05054757
0.0,0.054080937
0.0,0.06495304
0.0,0.10567155
1.0,0.04307617
0.0,0.23946229
0.0,0.024301551
0.0,0.030201761
0.0,0.07104505
0.0,0.11718449
0.0,0.047107834
0.0,0.024674702
0.0,0.051618196
0.0,0.09183668
0.0,0.043845013
0.0,0.07921548
0.0,0.09411217
0.0,0.07502693
0.0,0.10155176
0.0,0.030065516
0.0,0.058277994
0.0,0.09629111
0.0,0.023133317
0.0,0.11031106
0.0,0.03421673
0.0,0.0949437
0.0,0.07149418
0.0,0.03618656
0.0,0.11251287
0.0,0.036876142
0.0,0.037251506
0.0,0.025125759
0.0,0.055078432
0.0,0.038594414
0.0,0.04822708
0.0,0.030619351
0.0,0.1031921
0.0,0.045623876
0.0,0.05657167
0.0,0.067158304
0.0,0.11005688
0.0,0.079073995
0.0,0.0661938
0.0,0.05815593
0.0,0.10679221
0.0,0.08483345
0.0,0.040799238
0.0,0.072308585
0.0,0.05703131
0.0,0.091985956
0.0,0.09527672
0.0,0.07098724
0.0,0.07288846
0.0,0.079127446
0.0,0.04323664
0.0,0.020468086
0.0,0.022698224
0.0,0.051832926
0.0,0.032157212
0.0,0.04113382
0.0,0.12665915
0.0,0.05605339
0.0,0.06218928
0.0,0.08065144
0.0,0.025048636
0.0,0.0805895
0.0,0.06401193
0.0,0.052287407
0.0,0.025309857
0.0,0.0684788
0.0,0.04493762
0.0,0.039415266
0.0,0.05714875
0.0,0.022781447
0.0,0.06009999
0.0,0.03762041
0.0,0.0881865
0.0,0.03514968
0.0,0.07414814
0.0,0.037713427
0.0,0.08318743
0.0,0.04703421
0.0,0.023481518
0.0,0.02686017
0.0,0.046534307
0.0,0.08646957
0.0,0.052347705
0.0,0.03870479
0.0,0.024676148
0.0,0.055969898
0.0,0.018692188
0.0,0.07414379
0.0,0.019231372
0.0,0.13025671
0.0,0.05383353
0.0,0.036214784
0.0,0.035965357
0.0,0.24817882
0.0,0.05748977
0.0,0.02601951
0.0,0.045264468
0.0,0.053926818
0.0,0.043136865
0.0,0.0964853
0.0,0.06511237
0.0,0.057264097
0.0,0.0239664
0.0,0.05929388
0.0,0.06647517
0.0,0.046529092
0.0,0.035433825
0.0,0.05502694
0.0,0.10827517
0.0,0.0443971
0.0,0.056383274
0.0,0.061934702
0.0,0.03788816
0.0,0.055173494
0.0,0.012434416
0.0,0.04042533
0.0,0.041639138
0.0,0.10722534
0.0,0.050796516
0.0,0.033447236
0.0,0.025288407
0.0,0.07981135
0.0,0.11494188
0.0,0.03849263
0.0,0.048729412
0.0,0.083229005
0.0,0.032497942
0.0,0.055840824
0.0,0.013118008
0.0,0.081975006
1.0,0.103523985
1.0,0.05502004
0.0,0.054274045
0.0,0.047147498
0.0,0.018044041
0.0,0.07180705
0.0,0.032663476
0.0,0.05139987
0.0,0.06555152
0.0,0.031726893
1.0,0.047131203
0.0,0.058197226
0.0,0.022439891
0.0,0.021469321
0.0,0.04049604
0.0,0.03831975
0.0,0.08330667
0.0,0.030693699
0.0,0.06801906
0.0,0.06792063
1.0,0.034356255
0.0,0.07523041
0.0,0.057473093
0.0,0.038579233
1.0,0.01568501
0.0,0.04809962
0.0,0.01373187
0.0,0.026181377
0.0,0.0675388
0.0,0.026285227
0.0,0.078905374
2.0,0.061613645
0.0,0.036682177
0.0,0.0890322
0.0,0.0639963
0.0,0.062446557
0.0,0.0569876
0.0,0.057030197
0.0,0.05851672
0.0,0.015813261
0.0,0.051259305
0.0,0.036285862
1.0,0.030090515
0.0,0.09419287
0.0,0.02462234
0.0,0.05548746
0.0,0.03371175
0.0,0.08613549
0.0,0.058169205
0.0,0.03651745
0.0,0.08812303
0.0,0.08144236
0.0,0.06764453
0.0,0.06324711
0.0,0.044527404
0.0,0.047801305
0.0,0.012120419
0.0,0.0607531
0.0,0.051341522
0.0,0.037553467
1.0,0.04557895
1.0,0.03009703
0.0,0.045996793
0.0,0.014811317
0.0,0.04471247
0.0,0.08094978
1.0,0.018796576
0.0,0.021162037
0.0,0.06089481
0.0,0.07174055
0.0,0.094998926
0.0,0.07365961
0.0,0.11973536
0.0,0.023311386
0.0,0.1300054
0.0,0.014162525
0.0,0.07634577
0.0,0.016189057
0.0,0.0181188
0.0,0.06308337
0.0,0.05082588
0.0,0.08040841
0.0,0.08983581
0.0,0.08180035
0.0,0.04937094
0.0,0.04292749
0.0,0.03916144
0.0,0.017436815
0.0,0.050413087
0.0,0.08575297
0.0,0.07516759
0.0,0.07107937
0.0,0.09127182
0.0,0.11716353
0.0,0.039797988
0.0,0.08279316
0.0,0.028403481
0.0,0.04221994
0.0,0.060526982
0.0,0.048335098
0.0,0.060199227
0.0,0.04895418
0.0,0.052123733
0.0,0.029050319
0.0,0.07130879
0.0,0.04869724
0.0,0.063315205
1.0,0.032994572
0.0,0.043027885
0.0,0.027190361
0.0,0.07171605
0.0,0.026255228
0.0,0.09577298
0.0,0.024471441
0.0,0.036350526
0.0,0.060538527
0.0,0.102232404
1.0,0.044422768
0.0,0.039786395
0.0,0.054516274
0.0,0.029938634
0.0,0.06117394
0.0,0.08237477
0.0,0.05680813
0.0,0.037355334
0.0,0.089483544
0.0,0.09526718
0.0,0.04254655
0.0,0.059426546
0.0,0.07162435
0.0,0.101426475
0.0,0.06778387
0.0,0.029157149
0.0,0.030873146
0.0,0.043309208
0.0,0.07850467
0.0,0.076369695
0.0,0.07934171
0.0,0.026560333
0.0,0.05166412
0.0,0.06124901
0.0,0.04762689
0.0,0.077402025
0.0,0.06505805
0.0,0.06673409
0.0,0.07568532
0.0,0.061949752
0.0,0.18022999
0.0,0.043288253
1.0,0.033588715
0.0,0.09375358
0.0,0.0747334
0.0,0.030791594
0.0,0.06508685
0.0,0.034991648
0.0,0.04244497
0.0,0.06288021
0.0,0.101044945
0.0,0.0500467
0.0,0.03133399
0.0,0.024148922
0.0,0.0544614
0.0,0.024449911
0.0,0.028448781
0.0,0.07377192
0.0,0.02708477
0.0,0.06719572
0.0,0.019388482
0.0,0.052909832
0.0,0.09154399
0.0,0.0381782
0.0,0.046417095
0.0,0.033505995
0.0,0.047029145
0.0,0.064761385
0.0,0.059615627
0.0,0.07204064
0.0,0.050014615
1.0,0.08359341
0.0,0.041733377
1.0,0.03947056
1.0,0.055301253
0.0,0.022275299
1.0,0.05417441
0.0,0.12482706
0.0,0.071819015
0.0,0.055342156
0.0,0.07265569
0.0,0.078217626
0.0,0.046680078
0.0,0.024293512
0.0,0.06475413
1.0,0.06411781
0.0,0.04362939
0.0,0.04396613
0.0,0.09881305
0.0,0.054274693
0.0,0.04819595
0.0,0.013755548
0.0,0.074835494
0.0,0.048782468
0.0,0.029918628
0.0,0.029778333
0.0,0.049191218
0.0,0.028581243
0.0,0.0511114
0.0,0.031630505
0.0,0.05710706
0.0,0.050829783
0.0,0.038098313
0.0,0.030201847
0.0,0.017313518
0.0,0.092751116
1.0,0.04015663
0.0,0.02356013
0.0,0.050264195
0.0,0.054909777
0.0,0.05696744
0.0,0.12338075
0.0,0.09359799
0.0,0.08944285
0.0,0.046937313
0.0,0.052933693
0.0,0.068390794
0.0,0.08845405
0.0,0.118196815
0.0,0.056178324
1.0,0.061067883
0.0,0.046324715
0.0,0.08805801
0.0,0.06530387
0.0,0.040364232
0.0,0.06537718
0.0,0.04884848
0.0,0.0537403
0.0,0.06607674
0.0,0.051774334
0.0,0.043940056
0.0,0.07621265
0.0,0.03803275
0.0,0.16150633
0.0,0.07264772
0.0,0.049534474
0.0,0.04465287
0.0,0.05258512
0.0,0.13989699
0.0,0.05515945
0.0,0.027030103
0.0,0.08924819
0.0,0.041898776
0.0,0.026826788
0.0,0.042129766
0.0,0.037424795
0.0,0.1094176
0.0,0.0165911
0.0,0.088944
0.0,0.13319854
0.0,0.043895096
0.0,0.024161708
0.0,0.021669427
1.0,0.054529406
0.0,0.03814543
0.0,0.07265832
0.0,0.04708495
0.0,0.09813169
0.0,0.037000123
0.0,0.049154032
0.0,0.07551359
0.0,0.024031032
0.0,0.045375954
0.0,0.09299449
0.0,0.12016951
0.0,0.04062551
0.0,0.09782212
0.0,0.03412843
0.0,0.066420786
0.0,0.103472315
0.0,0.04595032
1.0,0.038354117
0.0,0.062058985
0.0,0.11312049
0.0,0.040360324
0.0,0.055382006
0.0,0.070793904
0.0,0.06863863
0.0,0.04283819
0.0,0.03536081
0.0,0.080493875
0.0,0.08378121
0.0,0.034717984
0.0,0.08887045
0.0,0.027925791
0.0,0.11053621
0.0,0.07340589
1.0,0.053284854
0.0,0.0640347
0.0,0.030837407
0.0,0.06970883
0.0,0.05097043
0.0,0.037956856
0.0,0.044460297
0.0,0.05407177
0.0,0.049611438
0.0,0.062558055
0.0,0.044605672
0.0,0.0737224
0.0,0.050226603
0.0,0.03134148
0.0,0.07784666
0.0,0.11677342
0.0,0.029817564
0.0,0.05614304
0.0,0.082058325
0.0,0.053153757
0.0,0.07398476
0.0,0.04626339
0.0,0.011051755
0.0,0.04183589
0.0,0.06230688
0.0,0.0352992
0.0,0.06143387
0.0,0.0708463
0.0,0.029781174
0.0,0.049481288
1.0,0.05134162
0.0,0.054227352
0.0,0.08942796
0.0,0.041465037
0.0,0.072998546
0.0,0.027913196
0.0,0.04659108
0.0,0.0733161
0.0,0.03170416
0.0,0.12617144
0.0,0.02685319
0.0,0.062328424
0.0,0.038409114
0.0,0.032825638
0.0,0.05048506
0.0,0.07548539
0.0,0.026451662
0.0,0.049106523
1.0,0.04151153
0.0,0.07547415
0.0,0.028832275
0.0,0.06044458
0.0,0.02938017
0.0,0.024276454
0.0,0.055497516
0.0,0.0551524
0.0,0.1332398
0.0,0.048965037
0.0,0.051520035
0.0,0.0828135
1.0,0.09680143
1.0,0.048782468
0.0,0.058861773
0.0,0.06326952
0.0,0.043319352
0.0,0.037662357
0.0,0.09567649
0.0,0.06680082
0.0,0.08533591
0.0,0.041247033
0.0,0.07463109
0.0,0.04111039
0.0,0.030887326
0.0,0.037527062
0.0,0.09595533
0.0,0.060221676
0.0,0.05485376
0.0,0.13669835
0.0,0.036144517
0.0,0.03425031
0.0,0.09770511
0.0,0.05222225
0.0,0.066303656
0.0,0.06661877
0.0,0.035548247
0.0,0.08888833
0.0,0.05704483
0.0,0.10488759
0.0,0.04371606
0.0,0.07629592
0.0,0.053101037
0.0,0.022309344
0.0,0.061708614
0.0,0.010944786
0.0,0.03933256
0.0,0.052642174
0.0,0.045601144
0.0,0.06708207
0.0,0.028416676
0.0,0.054937772
0.0,0.17808726
0.0,0.15134431
0.0,0.07587492
0.0,0.02355202
0.0,0.024246942
0.0,0.030038862
0.0,0.060085215
0.0,0.042239636
0.0,0.06948986
0.0,0.055050507
0.0,0.06957039
0.0,0.062887885
0.0,0.07517433
0.0,0.016074007
0.0,0.019491673
0.0,0.08417438
0.0,0.05507615
0.0,0.036783066
0.0,0.015696159
1.0,0.04683427
0.0,0.05101551
0.0,0.041061588
0.0,0.06382071
0.0,0.1095421
0.0,0.06461351
0.0,0.0323154
0.0,0.06274928
0.0,0.08765412
0.0,0.035072364
0.0,0.013159426
0.0,0.05819829
0.0,0.09296265
0.0,0.03452824
0.0,0.061918683
0.0,0.045301843
0.0,0.019023178
0.0,0.06817577
0.0,0.07338129
0.0,0.042819727
1.0,0.03427297
0.0,0.03292633
0.0,0.044997595
0.0,0.06600249
0.0,0.09179509
0.0,0.08623195
0.0,0.06707024
0.0,0.057159215
0.0,0.08208655
0.0,0.035530757
0.0,0.044893116
0.0,0.05781336
0.0,0.035249364
0.0,0.06919627
0.0,0.08208649
0.0,0.062286712
2.0,0.06756327
0.0,0.06468401
0.0,0.104571626
0.0,0.03690946
0.0,0.05972534
0.0,0.045259893
0.0,0.081874356
0.0,0.07725014
1.0,0.057237275
0.0,0.037540916
0.0,0.045924384
0.0,0.05991854
0.0,0.09079673
0.0,0.058110334
0.0,0.037278444
1.0,0.048036106
0.0,0.046370022
0.0,0.090106234
0.0,0.060868043
0.0,0.07434867
0.0,0.08199377
0.0,0.07950774
0.0,0.06212162
0.0,0.079964906
0.0,0.053279266
0.0,0.07423364
0.0,0.0481333
0.0,0.05598294
0.0,0.041657668
0.0,0.04557228
0.0,0.029410377
0.0,0.04642573
0.0,0.037736744
0.0,0.043830883
1.0,0.037018918
0.0,0.032844335
0.0,0.025149828
0.0,0.063732095
0.0,0.038792405
0.0,0.06721835
0.0,0.040777452
0.0,0.052065007
0.0,0.06027418
0.0,0.06994146
0.0,0.034971546
0.0,0.118426934
0.0,0.049076416
0.0,0.021395413
0.0,0.039341435
0.0,0.031654388
0.0,0.06552096
0.0,0.0126345605
0.0,0.03278645
0.0,0.047981072
0.0,0.02346887
0.0,0.02917623
0.0,0.025608568
0.0,0.04308153
0.0,0.057122543
0.0,0.06383928
0.0,0.05409463
0.0,0.0704587
0.0,0.041246325
0.0,0.055247985
0.0,0.041075177
1.0,0.041634433
0.0,0.016993588
0.0,0.04889313
0.0,0.11373909
0.0,0.047096424
0.0,0.08065128
0.0,0.03381039
0.0,0.0961454
0.0,0.090570256
0.0,0.06758402
0.0,0.04817971
1.0,0.08811553
0.0,0.025654841
0.0,0.044777244
0.0,0.06308647
0.0,0.023615252
0.0,0.060856
0.0,0.04223458
1.0,0.036556352
0.0,0.0729746
0.0,0.08641751
0.0,0.040100716
0.0,0.037244562
0.0,0.09011358
0.0,0.059765622
0.0,0.14040592
0.0,0.06290717
0.0,0.09021692
0.0,0.040360786
0.0,0.07531774
1.0,0.05098074
0.0,0.046784207
0.0,0.058811273
0.0,0.068178564
0.0,0.026068203
0.0,0.08530318
0.0,0.07674391
0.0,0.031194825
0.0,0.045056168
1.0,0.03329511
0.0,0.0753643
0.0,0.040411532
0.0,0.018240718
0.0,0.10615479
0.0,0.07516442
0.0,0.050198443
0.0,0.0564638
0.0,0.05418292
0.0,0.043151144
0.0,0.04727769
0.0,0.040943358
0.0,0.040157452
0.0,0.050574213
0.0,0.17581713
1.0,0.07512402
0.0,0.049503446
0.0,0.07471319
0.0,0.036404315
1.0,0.082692906
0.0,0.059292946
0.0,0.072933726
0.0,0.04191734
0.0,0.043208875
0.0,0.08692367
0.0,0.07991266
0.0,0.0531883
0.0,0.058474332
0.0,0.06154812
0.0,0.020603847
0.0,0.07115646
0.0,0.080148295
0.0,0.05785765
0.0,0.037843328
0.0,0.03373571
0.0,0.04474672
0.0,0.10135579
0.0,0.10345766
0.0,0.13101074
0.0,0.057432506
0.0,0.04608918
0.0,0.110834464
0.0,0.05447348
0.0,0.07457797
0.0,0.060479235
0.0,0.048110582
0.0,0.058338773
0.0,0.032558557
0.0,0.04608419
0.0,0.07420349
0.0,0.10794112
0.0,0.09891457
0.0,0.0501444
0.0,0.02591383
0.0,0.039536886
0.0,0.044331077
0.0,0.08741082
0.0,0.04882042
0.0,0.073100984
1.0,0.03926544
0.0,0.09082399
0.0,0.02778277
0.0,0.027144063
0.0,0.036548488
0.0,0.032796506
0.0,0.03674797
0.0,0.08074622
0.0,0.03987566
0.0,0.0730234
0.0,0.08203003
0.0,0.035802327
0.0,0.06018832
0.0,0.056222863
0.0,0.024415763
0.0,0.034233004
0.0,0.02024771
0.0,0.074860185
0.0,0.1196712
1.0,0.016007653
0.0,0.057636812
0.0,0.09900661
0.0,0.0889236
0.0,0.06480565
0.0,0.081111275
0.0,0.051942535
0.0,0.07736863
0.0,0.025326818
0.0,0.07506712
0.0,0.05709101
0.0,0.09427112
0.0,0.033989184
0.0,0.07183395
0.0,0.034481857
0.0,0.0609814
0.0,0.05810831
0.0,0.11503214
0.0,0.091901556
0.0,0.06491723
0.0,0.038366504
0.0,0.02036461
0.0,0.04961856
0.0,0.08210528
0.0,0.059359767
0.0,0.03303276
0.0,0.07965857
0.0,0.021760713
0.0,0.07751876
0.0,0.06651704
0.0,0.026872905
0.0,0.063605815
0.0,0.10464814
0.0,0.04350545
0.0,0.05037046
0.0,0.10548098
0.0,0.07674281
1.0,0.047650628
0.0,0.034274325
0.0,0.04482377
0.0,0.049691558
0.0,0.12670615
0.0,0.018455796
1.0,0.10457571
0.0,0.05467109
0.0,0.06870397
0.0,0.0762922
2.0,0.047004037
0.0,0.105587885
0.0,0.032479923
0.0,0.051921014
0.0,0.14068224
0.0,0.041428573
0.0,0.04513216
0.0,0.044656835
0.0,0.06425012
0.0,0.09392182
0.0,0.08534767
0.0,0.0695812
0.0,0.09424874
0.0,0.03875938
0.0,0.08288129
0.0,0.03678005
0.0,0.03111303
0.0,0.026438914
0.0,0.08430185
0.0,0.036533576
0.0,0.035225183
0.0,0.05903723
0.0,0.053895004
0.0,0.05842691
0.0,0.025268724
0.0,0.07217585
0.0,0.03528823
0.0,0.13271013
0.0,0.07880363
0.0,0.04965534
1.0,0.07764554
0.0,0.030165017
1.0,0.047953624
0.0,0.094871745
0.0,0.026129596
1.0,0.037355848
0.0,0.050430782
0.0,0.06220491
0.0,0.025206303
0.0,0.0358637
0.0,0.08450179
0.0,0.054379143
0.0,0.036860496
0.0,0.052378114
0.0,0.10401999
0.0,0.06842278
0.0,0.102216974
0.0,0.062237397
0.0,0.05552004
0.0,0.06762635
0.0,0.082516015
0.0,0.0678521
0.0,0.023146778
0.0,0.034372427
0.0,0.054709632
0.0,0.12054186
0.0,0.036384325
0.0,0.03187123
0.0,0.03273348
0.0,0.062267587
0.0,0.021408118
2.0,0.020174304
0.0,0.05006976
0.0,0.07967822
1.0,0.11088214
0.0,0.03493843
0.0,0.035060726
0.0,0.07912529
0.0,0.091974154
0.0,0.048894085
0.0,0.058605976
0.0,0.052151874
0.0,0.06529914
0.0,0.06132973
0.0,0.030297147
0.0,0.07733774
1.0,0.01807369
0.0,0.07517827
0.0,0.036131956
0.0,0.06029722
0.0,0.07570485
0.0,0.06498293
0.0,0.02831846
0.0,0.06071438
0.0,0.104432024
0.0,0.08153908
0.0,0.03600544
0.0,0.0926573
0.0,0.08493347
0.0,0.11546534
0.0,0.029733058
0.0,0.025407208
0.0,0.023283646
0.0,0.076314256
0.0,0.046898656
0.0,0.062778525
0.0,0.07019681
0.0,0.0691869
0.0,0.04459799
0.0,0.037637312
0.0,0.09720816
0.0,0.08524113
0.0,0.03701555
1.0,0.039156698
0.0,0.045935642
0.0,0.10449867
0.0,0.030587962
0.0,0.0399388
0.0,0.0712879
0.0,0.059803937
0.0,0.04799739
1.0,0.084552474
0.0,0.043288812
0.0,0.06858697
0.0,0.058149997
0.0,0.034857042
0.0,0.07741378
0.0,0.053560123
0.0,0.0620685
0.0,0.07189536
0.0,0.036488466
0.0,0.0285851
0.0,0.058052283
0.0,0.054777086
0.0,0.041067146
0.0,0.04782636
0.0,0.06970813
0.0,0.06479032
0.0,0.040870056
0.0,0.08355976
0.0,0.043098193
0.0,0.092627525
0.0,0.04633742
0.0,0.092460364
0.0,0.02000948
0.0,0.06184465
0.0,0.09343435
0.0,0.075154975
0.0,0.020685928
0.0,0.042625807
0.0,0.07941991
0.0,0.08521366
0.0,0.054897577
0.0,0.045024298
0.0,0.0763962
0.0,0.10062248
0.0,0.055818327
0.0,0.06366069
0.0,0.0320982
0.0,0.16203777
0.0,0.04526574
0.0,0.045045167
0.0,0.02335871
0.0,0.030627646
0.0,0.079893865
0.0,0.043752536
0.0,0.022087958
0.0,0.035371535
0.0,0.020102764
0.0,0.02630327
0.0,0.05635445
0.0,0.059306517
0.0,0.074901
0.0,0.042351246
0.0,0.034088224
0.0,0.092069775
0.0,0.043460064
0.0,0.09623051
0.0,0.074663974
0.0,0.05335429
0.0,0.04339233
0.0,0.07984289
0.0,0.07467932
0.0,0.035218447
0.0,0.021085635
0.0,0.058492362
0.0,0.08507539
0.0,0.031814367
0.0,0.061257306
0.0,0.04340023
0.0,0.07220031
0.0,0.053029455
0.0,0.042453006
0.0,0.025031
0.0,0.057225678
0.0,0.051539667
1.0,0.04963103
0.0,0.052385133
0.0,0.088366665
0.0,0.023323039
0.0,0.06314792
0.0,0.027863022
0.0,0.11972143
0.0,0.04424981
0.0,0.049738307
0.0,0.05442682
0.0,0.09623051
0.0,0.06484319
0.0,0.03396069
0.0,0.028242659
0.0,0.05957746
0.0,0.042280946
0.0,0.06894586
1.0,0.085954756
0.0,0.073241636
0.0,0.028048808
0.0,0.03954586
0.0,0.034730334
0.0,0.05125972
0.0,0.11570195
0.0,0.06746895
0.0,0.030466327
1.0,0.036032267
0.0,0.08031667
0.0,0.095792755
0.0,0.026767679
0.0,0.0599
0.0,0.04247996
0.0,0.06081504
0.0,0.05534031
0.0,0.04407957
0.0,0.10223776
0.0,0.07806404
1.0,0.04210659
0.0,0.084426835
0.0,0.07974181
0.0,0.10141143
0.0,0.08825697
0.0,0.11001275
0.0,0.020524763
0.0,0.06879703
0.0,0.052072257
0.0,0.040553473
0.0,0.109916925
0.0,0.117771775
0.0,0.14764515
0.0,0.06007062
0.0,0.07623682
0.0,0.09394386
0.0,0.087389365
0.0,0.04352892
0.0,0.06781969
0.0,0.039015684
0.0,0.041728742
0.0,0.036112353
0.0,0.032588955
0.0,0.052313466
0.0,0.048976105
0.0,0.07511431
0.0,0.026514929
0.0,0.04680083
0.0,0.08430762
1.0,0.05847641
0.0,0.05320338
0.0,0.029520756
0.0,0.092077106
0.0,0.05127441
0.0,0.08563664
0.0,0.022481479
0.0,0.03256143
0.0,0.031708833
0.0,0.036239296
0.0,0.033285
0.0,0.07329285
0.0,0.05899951
1.0,0.07841204
0.0,0.073136725
0.0,0.051596418
0.0,0.048557308
0.0,0.03947873
0.0,0.058879852
0.0,0.04501129
0.0,0.050310187
1.0,0.04332803
0.0,0.057920948
0.0,0.10560778
0.0,0.0331384
0.0,0.034857158
0.0,0.080194436
1.0,0.10664413
0.0,0.043350674
0.0,0.130408
0.0,0.06705863
0.0,0.0404008
0.0,0.03280733
0.0,0.079219714
0.0,0.08938414
0.0,0.03556691
0.0,0.026568452
0.0,0.077320926
0.0,0.03395366
0.0,0.022921192
0.0,0.04700377
0.0,0.06101712
0.0,0.04698501
0.0,0.058756307
0.0,0.01737935
0.0,0.08750453
0.0,0.04990834
0.0,0.041026846
0.0,0.103962824
0.0,0.07867548
0.0,0.05726299
1.0,0.0665185
0.0,0.091462
0.0,0.03094808
0.0,0.058095593
0.0,0.09574965
0.0,0.03723785
0.0,0.031052116
0.0,0.042066693
0.0,0.032526962
0.0,0.16519737
0.0,0.03587865
0.0,0.10540174
0.0,0.033574544
0.0,0.0716325
0.0,0.043377742
0.0,0.07844158
0.0,0.06890151
0.0,0.085848056
0.0,0.053748872
0.0,0.077291034
0.0,0.117558934
0.0,0.032279838
0.0,0.09917064
1.0,0.039244644
0.0,0.033301495
0.0,0.029966457
0.0,0.06978978
0.0,0.09060377
0.0,0.13087949
0.0,0.06125691
0.0,0.05694987
0.0,0.028763615
0.0,0.08293612
0.0,0.048413828
0.0,0.053311996
0.0,0.1064997
0.0,0.073644474
0.0,0.041096747
0.0,0.01845812
0.0,0.11084123
1.0,0.04262817
0.0,0.08295463
0.0,0.090781465
0.0,0.061707467
0.0,0.048445486
0.0,0.05637978
0.0,0.06821264
0.0,0.09976243
0.0,0.04463554
0.0,0.073779374
0.0,0.049525168
0.0,0.058245324
0.0,0.0364382
0.0,0.06866636
1.0,0.044719417
0.0,0.036241267
1.0,0.03735788
0.0,0.03933592
0.0,0.07251019
0.0,0.084208116
0.0,0.022753295
1.0,0.059066884
0.0,0.045091458
0.0,0.09770511
0.0,0.025647942
0.0,0.11582217
0.0,0.033807132
0.0,0.016153371
0.0,0.018472234
0.0,0.050804265
0.0,0.035210203
0.0,0.09701085
0.0,0.08932721
0.0,0.04188066
0.0,0.018102176
0.0,0.081366435
0.0,0.107588254
0.0,0.05097668
1.0,0.06448876
0.0,0.06449067
0.0,0.06669717
0.0,0.100976676
1.0,0.02641011
0.0,0.09413053
0.0,0.07297352
0.0,0.039887697
0.0,0.101612605
0.0,0.0649601
0.0,0.04723654
0.0,0.10676278
0.0,0.056424372
0.0,0.068234436
0.0,0.060935967
0.0,0.06337505
0.0,0.049049795
0.0,0.03654349
0.0,0.043738455
0.0,0.031828295
0.0,0.07391371
0.0,0.04078076
0.0,0.104292065
0.0,0.07710135
0.0,0.03318136
0.0,0.07462691
0.0,0.036537025
0.0,0.059716254
0.0,0.03407732
0.0,0.050285146
0.0,0.08083328
0.0,0.16548334
1.0,0.052384034
0.0,0.12559879
0.0,0.038071126
0.0,0.034306113
0.0,0.13005978
0.0,0.045365505
0.0,0.06764538
0.0,0.043271434
0.0,0.07777219
0.0,0.07345509
0.0,0.090492114
0.0,0.08786465
0.0,0.04774588
0.0,0.0714272
0.0,0.068276115
0.0,0.056361772
2.0,0.04019203
0.0,0.09146966
0.0,0.030115046
0.0,0.050129507
0.0,0.039051883
0.0,0.04641816
0.0,0.043112785
0.0,0.08154414
0.0,0.07948181
0.0,0.042212896
0.0,0.06620805
0.0,0.06552208
0.0,0.05718075
0.0,0.027026005
0.0,0.06759711
0.0,0.058735467
0.0,0.040046126
0.0,0.05322122
0.0,0.024270678
0.0,0.07223399
0.0,0.012783852
0.0,0.013502767
0.0,0.0496574
0.0,0.023971051
0.0,0.028921943
0.0,0.06324879
0.0,0.05243964
0.0,0.024253868
0.0,0.034427296
0.0,0.039401945
0.0,0.044429313
0.0,0.11524845
0.0,0.025842188
0.0,0.045883477
0.0,0.05571627
0.0,0.04268693
0.0,0.05248985
0.0,0.03498756
0.0,0.07747786
1.0,0.051285125
0.0,0.06941097
0.0,0.0559505
0.0,0.0565562
0.0,0.028527122
0.0,0.019134713
0.0,0.032158654
0.0,0.061659966
0.0,0.03460132
0.0,0.016810356
1.0,0.04385917
1.0,0.1047415
0.0,0.03554067
0.0,0.04346524
0.0,0.11234684
0.0,0.06698889
0.0,0.06633928
0.0,0.028859688
1.0,0.031018004
0.0,0.06899055
0.0,0.053367518
0.0,0.03605494
0.0,0.057006
0.0,0.080693945
0.0,0.073130235
0.0,0.043626167
0.0,0.043097865
0.0,0.03843623
1.0,0.052526906
0.0,0.11125677
0.0,0.034291197
0.0,0.08917706
0.0,0.08432613
0.0,0.041397154
0.0,0.047282513
0.0,0.06301344
0.0,0.03757204
0.0,0.042634632
0.0,0.09542153
0.0,0.0501139
0.0,0.04795326
0.0,0.11777352
0.0,0.07531807
1.0,0.05262094
0.0,0.056688633
0.0,0.0757525
1.0,0.03285326
1.0,0.03663521
1.0,0.082113735
0.0,0.036207013
1.0,0.042532615
0.0,0.07651827
0.0,0.13454655
0.0,0.04348363
0.0,0.13335018
0.0,0.05509058
0.0,0.05452717
0.0,0.033327468
0.0,0.026163582
0.0,0.11215421
0.0,0.04502075
0.0,0.055746216
0.0,0.044399068
0.0,0.048126392
0.0,0.06548404
0.0,0.066676706
0.0,0.09652425
0.0,0.026867881
0.0,0.031837206
0.0,0.07188752
0.0,0.04165421
1.0,0.04021546
0.0,0.08716696
0.0,0.043357685
0.0,0.060471795
0.0,0.10092829
0.0,0.07321073
0.0,0.06789184
0.0,0.090594746
0.0,0.059318397
0.0,0.043315094
0.0,0.0419693
0.0,0.058230992
0.0,0.06685471
0.0,0.069769554
0.0,0.03700554
1.0,0.09852704
1.0,0.040415734
0.0,0.16089246
0.0,0.07564374
0.0,0.038510107
0.0,0.09343733
0.0,0.034355517
1.0,0.04571704
0.0,0.081484124
0.0,0.08325167
0.0,0.045124862
1.0,0.037131835
0.0,0.07779782
0.0,0.066123605
0.0,0.045153186
0.0,0.038535386
0.0,0.030865991
0.0,0.08591075
0.0,0.051198848
0.0,0.05372088
0.0,0.044436876
0.0,0.07002005
0.0,0.04127796
0.0,0.13136268
0.0,0.0349283
0.0,0.049151592
0.0,0.065558836
0.0,0.09478041
0.0,0.034986243
0.0,0.039040342
0.0,0.042715333
0.0,0.03665525
0.0,0.0356917
0.0,0.053211704
1.0,0.031295065
0.0,0.12816232
1.0,0.022478122
0.0,0.046632
0.0,0.043959253
0.0,0.052262105
0.0,0.06007606
0.0,0.05397549
0.0,0.04006446
1.0,0.019778833
0.0,0.03926862
0.0,0.070101894
0.0,0.0431395
0.0,0.04650037
1.0,0.050030217
0.0,0.045394566
0.0,0.038731504
0.0,0.08118022
0.0,0.021241358
0.0,0.044074398
0.0,0.06854032
0.0,0.0511567
0.0,0.044255994
0.0,0.04525277
0.0,0.04965558
0.0,0.12362335
0.0,0.043291844
0.0,0.118245974
0.0,0.042550936
1.0,0.110848576
0.0,0.041092865
0.0,0.04697874
0.0,0.051130485
0.0,0.01959986
0.0,0.041605003
0.0,0.06485017
0.0,0.038516924
1.0,0.029596556
0.0,0.045137968
0.0,0.06037156
0.0,0.016677557
0.0,0.09845462
0.0,0.096094616
0.0,0.114448786
0.0,0.09024882
0.0,0.0784015
0.0,0.038815033
0.0,0.04407261
0.0,0.03924281
0.0,0.067927435
0.0,0.05283664
0.0,0.03913521
0.0,0.049722537
0.0,0.040139534
0.0,0.0623528
0.0,0.1164118
0.0,0.07299099
0.0,0.08607206
0.0,0.0505394
0.0,0.07092147
0.0,0.08954941
0.0,0.06807565
0.0,0.05662088
0.0,0.016422495
0.0,0.044113945
0.0,0.097231984
0.0,0.07152739
0.0,0.07796899
0.0,0.04990646
1.0,0.014669373
0.0,0.04336974
0.0,0.042234298
0.0,0.055282418
0.0,0.03909103
0.0,0.069191515
0.0,0.0423272
0.0,0.062186345
0.0,0.02784966
0.0,0.035365768
0.0,0.03389761
0.0,0.073508136
0.0,0.06700036
0.0,0.04867716
0.0,0.048859242
0.0,0.07426016
1.0,0.06707612
0.0,0.05715766
0.0,0.09688954
0.0,0.032469146
0.0,0.034417186
0.0,0.05390805
0.0,0.055620573
0.0,0.055833608
0.0,0.07180772
0.0,0.042707983
0.0,0.03433724
0.0,0.01942897
0.0,0.04712538
0.0,0.035366137
0.0,0.06688832
0.0,0.07705952
0.0,0.06207945
0.0,0.09633488
0.0,0.067420706
0.0,0.056690797
0.0,0.035797425
0.0,0.066099554
0.0,0.04208134
0.0,0.11589504
0.0,0.057472557
0.0,0.052553438
0.0,0.037615187
0.0,0.04528314
0.0,0.07752777
0.0,0.061270658
0.0,0.06436127
0.0,0.05656278
0.0,0.015667047
0.0,0.07691107
0.0,0.07214568
0.0,0.0507209
0.0,0.031214941
0.0,0.08706921
0.0,0.14264168
1.0,0.04445629
0.0,0.011478813
0.0,0.057043932
0.0,0.04657802
0.0,0.03880828
0.0,0.010769412
0.0,0.10144974
0.0,0.03581141
0.0,0.034652986
0.0,0.06584625
0.0,0.0598026
1.0,0.040604245
1.0,0.05474215
1.0,0.059423033
0.0,0.059043497
0.0,0.023116335
0.0,0.06904828
0.0,0.08510877
0.0,0.11095561
0.0,0.05011512
0.0,0.058140017
0.0,0.09278746
0.0,0.052764963
0.0,0.059920598
0.0,0.04200061
0.0,0.057424974
0.0,0.055161633
0.0,0.054118548
0.0,0.03207444
0.0,0.049865447
0.0,0.056478936
0.0,0.044342242
0.0,0.07513297
0.0,0.067005694
0.0,0.101823926
0.0,0.037522428
0.0,0.1184528
1.0,0.0796099
0.0,0.057170555
0.0,0.13313219
0.0,0.042978607
0.0,0.020340126
0.0,0.02131514
0.0,0.026660893
0.0,0.056879986
0.0,0.06846824
0.0,0.03928327
0.0,0.063282184
0.0,0.025684744
0.0,0.10274948
0.0,0.012331752
0.0,0.041630957
0.0,0.03282622
0.0,0.06151721
0.0,0.14692976
0.0,0.05434714
0.0,0.07097502
0.0,0.08609587
0.0,0.06895096
0.0,0.059770767
0.0,0.05652773
0.0,0.06570466
0.0,0.035958927
0.0,0.04964426
0.0,0.13925838
0.0,0.03192261
0.0,0.11033189
0.0,0.045446374
0.0,0.059473857
0.0,0.02075321
1.0,0.056755386
0.0,0.098526284
0.0,0.07622445
1.0,0.049330276
0.0,0.067901075
0.0,0.07321583
0.0,0.12608847
0.0,0.050085593
0.0,0.040012397
0.0,0.13956809
0.0,0.058698982
0.0,0.04689651
0.0,0.041315377
0.0,0.057929922
0.0,0.054257408
0.0,0.04716117
0.0,0.09816543
0.0,0.043826245
0.0,0.08240631
0.0,0.030396705
0.0,0.04461984
0.0,0.035364047
0.0,0.043301445
0.0,0.05274401
0.0,0.027644794
0.0,0.06306853
0.0,0.01808118
0.0,0.063276
0.0,0.046768658
0.0,0.039311394
0.0,0.05607617
0.0,0.020298589
0.0,0.12343839
0.0,0.0373952
0.0,0.042277034
0.0,0.040744178
0.0,0.0562419
0.0,0.03702206
0.0,0.056810893
0.0,0.055931576
0.0,0.033451192
0.0,0.10845491
0.0,0.103802375
0.0,0.034474704
0.0,0.04784299
0.0,0.07640284
0.0,0.05124154
0.0,0.092496306
0.0,0.02454365
0.0,0.043415923
0.0,0.057522554
0.0,0.030871702
0.0,0.06435958
0.0,0.04481834
0.0,0.06982
0.0,0.07124581
0.0,0.03173087
0.0,0.12562804
0.0,0.037891828
0.0,0.052165378
0.0,0.042677164
0.0,0.06470906
0.0,0.06683256
0.0,0.072442725
0.0,0.054484166
0.0,0.12950973
0.0,0.04213539
0.0,0.08355357
0.0,0.059135195
0.0,0.08668465
0.0,0.032451037
0.0,0.06952514
0.0,0.07735723
0.0,0.08942796
0.0,0.03900337
0.0,0.055004064
0.0,0.06807795
0.0,0.055835843
0.0,0.053546026
0.0,0.061402123
0.0,0.10054361
0.0,0.060120985
0.0,0.040288683
0.0,0.07368836
0.0,0.20517136
0.0,0.036380753
0.0,0.02395735
0.0,0.06534162
0.0,0.05926321
0.0,0.07380541
0.0,0.046104632
0.0,0.03073654
0.0,0.033664893
0.0,0.033194054
0.0,0.0821786
0.0,0.053861953
0.0,0.0467502
0.0,0.052956946
0.0,0.0318961
0.0,0.032169573
0.0,0.04317045
0.0,0.019982774
0.0,0.050723273
0.0,0.030609658
0.0,0.037682097
0.0,0.04821335
0.0,0.064730234
0.0,0.04365307
0.0,0.12312439
0.0,0.07803284
0.0,0.064634
0.0,0.059324168
0.0,0.04906968
0.0,0.10952221
0.0,0.052939296
0.0,0.08866981
0.0,0.037363596
1.0,0.041855045
0.0,0.07211672
0.0,0.09869443
0.0,0.037391312
0.0,0.050338477
0.0,0.066389784
0.0,0.07777783
0.0,0.035625167
0.0,0.04520032
0.0,0.06756894
0.0,0.06867399
0.0,0.078460395
0.0,0.038726777
0.0,0.06875977
0.0,0.15170087
0.0,0.02449791
0.0,0.021473508
0.0,0.11329293
0.0,0.09736931
0.0,0.040335335
0.0,0.054837167
0.0,0.06953994
0.0,0.034246325
0.0,0.07345545
0.0,0.08467269
0.0,0.05478675
0.0,0.06309631
0.0,0.054528028
0.0,0.08007747
0.0,0.04139001
1.0,0.103823066
1.0,0.06068658
0.0,0.08118533
0.0,0.062298354
0.0,0.036012206
0.0,0.033750772
0.0,0.044345688
0.0,0.044417746
0.0,0.062184714
0.0,0.024831956
0.0,0.15791485
0.0,0.031348143
0.0,0.14268063
0.0,0.04660679
0.0,0.08567969
0.0,0.051268864
0.0,0.037372135
0.0,0.06819294
0.0,0.076368675
0.0,0.050664943
0.0,0.045985766
0.0,0.03782868
0.0,0.036432553
0.0,0.078322805
0.0,0.05891827
0.0,0.053247645
0.0,0.050959133
0.0,0.0648489
0.0,0.04422971
0.0,0.04219185
0.0,0.04128296
0.0,0.037005946
0.0,0.027099187
0.0,0.06904426
0.0,0.050240446
0.0,0.08839187
0.0,0.088109165
0.0,0.13079607
0.0,0.06235417
0.0,0.10434444
0.0,0.040554766
0.0,0.03956395
0.0,0.07335052
0.0,0.025512634
0.0,0.039558798
0.0,0.03684377
0.0,0.03689827
0.0,0.0775215
1.0,0.050702043
0.0,0.06473925
0.0,0.04409832
0.0,0.012666629
0.0,0.09975977
0.0,0.04683952
0.0,0.048163332
0.0,0.07099164
0.0,0.05700536
0.0,0.07017193
0.0,0.1226356
0.0,0.048666835
0.0,0.03710387
0.0,0.016788583
0.0,0.050482582
1.0,0.0582566
0.0,0.16312829
0.0,0.12590154
0.0,0.068754725
0.0,0.0573126
0.0,0.04995274
0.0,0.03543109
0.0,0.037309635
0.0,0.03504677
0.0,0.042685527
0.0,0.013135634
0.0,0.04394215
0.0,0.047012933
0.0,0.061260287
0.0,0.11996933
1.0,0.060275804
0.0,0.10374151
0.0,0.040172163
0.0,0.049216207
0.0,0.08657774
0.0,0.08814897
0.0,0.03891344
0.0,0.07914605
0.0,0.06520172
0.0,0.043527633
0.0,0.039521545
0.0,0.042708576
1.0,0.044753015
0.0,0.031450283
0.0,0.04002974
0.0,0.023250053
0.0,0.06783573
0.0,0.07956182
0.0,0.03987819
0.0,0.06739904
0.0,0.04415353
0.0,0.049121976
0.0,0.049237143
0.0,0.07652918
0.0,0.082631536
0.0,0.070623994
0.0,0.103808664
0.0,0.048947856
0.0,0.083752766
0.0,0.030161163
0.0,0.043796077
0.0,0.082233444
0.0,0.10633347
0.0,0.044382684
0.0,0.05118703
0.0,0.02329824
0.0,0.056055583
0.0,0.041925695
0.0,0.09994325
0.0,0.08194767
0.0,0.07059884
0.0,0.07905066
0.0,0.025925944
0.0,0.061110877
0.0,0.043899365
0.0,0.061176565
0.0,0.069934756
0.0,0.06334269
0.0,0.028524496
0.0,0.08169779
0.0,0.10693627
0.0,0.1053541
0.0,0.04243979
0.0,0.037988544
0.0,0.0828398
0.0,0.04777312
0.0,0.03935273
0.0,0.025658535
0.0,0.051656533
0.0,0.064940676
0.0,0.0737375
0.0,0.059557863
1.0,0.051744446
1.0,0.05985061
0.0,0.055729393
0.0,0.053404916
0.0,0.05472299
0.0,0.08583942
0.0,0.04087477
0.0,0.043377724
0.0,0.0966443
0.0,0.04156229
0.0,0.101917826
0.0,0.05415058
0.0,0.121774666
0.0,0.069719434
0.0,0.041922174
0.0,0.049989365
0.0,0.06506584
0.0,0.023950862
0.0,0.04045719
0.0,0.02874631
0.0,0.09450652
0.0,0.022335231
0.0,0.04810205
0.0,0.058158178
0.0,0.11862746
0.0,0.058373526
0.0,0.055954847
0.0,0.017755426
0.0,0.084238276
0.0,0.08326653
0.0,0.10225966
0.0,0.05638712
0.0,0.045063496
0.0,0.026566412
0.0,0.059468187
0.0,0.05234663
0.0,0.09157784
0.0,0.09384916
0.0,0.034950826
0.0,0.0408347
0.0,0.04643547
0.0,0.09880808
0.0,0.036705185
0.0,0.071599185
0.0,0.043189265
0.0,0.050754555
0.0,0.092279956
0.0,0.08762132
0.0,0.03518248
0.0,0.06810281
0.0,0.045519374
0.0,0.066285476
0.0,0.041269656
0.0,0.12673117
0.0,0.09779614
0.0,0.02682698
0.0,0.06651241
0.0,0.053276088
0.0,0.04776018
0.0,0.065235056
1.0,0.060195323
1.0,0.04844997
1.0,0.05073885
0.0,0.019920401
0.0,0.039968368
0.0,0.06333701
0.0,0.11851543
0.0,0.06689935
0.0,0.07949205
0.0,0.062803164
0.0,0.08677112
0.0,0.019578068
0.0,0.06720665
1.0,0.12726863
0.0,0.066336855
0.0,0.08506921
0.0,0.050739042
0.0,0.02362585
0.0,0.050695032
1.0,0.065890275
0.0,0.050739866
0.0,0.05358932
0.0,0.032280363
0.0,0.03561022
0.0,0.031623386
0.0,0.10797608
0.0,0.034521785
0.0,0.0344173
0.0,0.068448685
0.0,0.043087468
0.0,0.058435354
0.0,0.045209892
0.0,0.08901286
1.0,0.0940582
0.0,0.1158296
0.0,0.059675023
0.0,0.0938544
0.0,0.06105526
0.0,0.01854974
0.0,0.05447319
0.0,0.030663505
0.0,0.041380104
0.0,0.015296694
0.0,0.040306628
0.0,0.08852415
0.0,0.031983215
0.0,0.024794556
0.0,0.038358215
0.0,0.074284285
0.0,0.069559544
1.0,0.025169767
0.0,0.042687602
0.0,0.11208615
0.0,0.13188876
0.0,0.053331114
0.0,0.05266457
0.0,0.05415407
0.0,0.10058243
0.0,0.053078458
0.0,0.13213237
0.0,0.05248765
0.0,0.16711968
0.0,0.06135778
0.0,0.13949545
0.0,0.03610285
0.0,0.07630217
0.0,0.044176675
0.0,0.056055687
0.0,0.04935232
0.0,0.056972332
0.0,0.06888684
0.0,0.06129883
0.0,0.038591597
0.0,0.07034416
0.0,0.05143113
0.0,0.08660768
0.0,0.07109053
0.0,0.079728544
0.0,0.046550885
0.0,0.06834884
0.0,0.022763899
0.0,0.06643916
0.0,0.03125824
0.0,0.07186903
0.0,0.07462299
1.0,0.03894206
0.0,0.10428356
0.0,0.04798263
0.0,0.07088621
0.0,0.049114905
0.0,0.047554296
0.0,0.06340908
0.0,0.041606884
1.0,0.07325906
0.0,0.049573414
0.0,0.039160114
0.0,0.060136423
0.0,0.034426853
0.0,0.0529904
0.0,0.11218608
0.0,0.08551728
0.0,0.09819539
0.0,0.08819239
0.0,0.054707885
0.0,0.056877516
0.0,0.045935556
0.0,0.10418634
0.0,0.045095243
0.0,0.07439252
0.0,0.097482555
0.0,0.037722636
0.0,0.09569885
0.0,0.08568159
0.0,0.023116048
1.0,0.040691543
0.0,0.047908556
0.0,0.106931776
0.0,0.0721259
1.0,0.13124625
0.0,0.040177315
0.0,0.056529563
0.0,0.021280073
0.0,0.1365848
0.0,0.08086832
0.0,0.01882798
0.0,0.06611634
0.0,0.064165324
0.0,0.07384853
0.0,0.06095538
0.0,0.055772938
0.0,0.051497363
0.0,0.09713606
0.0,0.06276335
0.0,0.050013043
1.0,0.10371772
0.0,0.08737503
0.0,0.020932162
0.0,0.043387506
0.0,0.097153984
0.0,0.06495765
0.0,0.09641475
0.0,0.08643447
0.0,0.0883531
0.0,0.04583213
0.0,0.11494109
0.0,0.113647304
0.0,0.054022405
0.0,0.031151852
0.0,0.06316258
0.0,0.050800607
0.0,0.05490305
0.0,0.038671322
0.0,0.08468933
0.0,0.0681177
0.0,0.043090813
0.0,0.05476455
0.0,0.07886919
1.0,0.038229868
0.0,0.02571521
0.0,0.0804311
0.0,0.06259311
0.0,0.057720724
0.0,0.09916305
0.0,0.0756276
0.0,0.057287842
0.0,0.055915162
0.0,0.11982543
0.0,0.026065867
0.0,0.1327431
1.0,0.10823393
0.0,0.088376775
0.0,0.06542986
0.0,0.13349211
0.0,0.07332428
0.0,0.02559122
0.0,0.06526637
0.0,0.046085663
0.0,0.029842941
0.0,0.1123018
1.0,0.06028043
0.0,0.066666126
0.0,0.042301796
0.0,0.039891027
1.0,0.08042486
0.0,0.039156042
0.0,0.15508452
0.0,0.04164716
0.0,0.026837984
0.0,0.055336047
0.0,0.071416594
0.0,0.059255637
0.0,0.010298181
0.0,0.061033037
0.0,0.06900802
0.0,0.060797844
0.0,0.06382852
0.0,0.08199342
0.0,0.037648655
0.0,0.043764014
0.0,0.054661497
0.0,0.028525393
0.0,0.027973182
0.0,0.049791556
0.0,0.05871553
0.0,0.035538603
0.0,0.021518374
0.0,0.022625532
0.0,0.1354624
1.0,0.086474225
0.0,0.054394156
0.0,0.011358008
0.0,0.011564756
1.0,0.058146812
0.0,0.03303459
0.0,0.049710516
0.0,0.04949745
0.0,0.06867982
0.0,0.040716194
1.0,0.03850796
0.0,0.038957085
0.0,0.01715789
0.0,0.025453312
0.0,0.059831362
0.0,0.05899581
0.0,0.06462155
1.0,0.06632327
0.0,0.10754499
0.0,0.04223609
0.0,0.038386505
0.0,0.05309258
0.0,0.058841176
0.0,0.020514391
0.0,0.021296335
0.0,0.07725691
0.0,0.026719207
0.0,0.046605214
0.0,0.093165144
0.0,0.04971412
0.0,0.023658138
0.0,0.06909039
0.0,0.011708596
0.0,0.063000254
0.0,0.074550346
1.0,0.10211056
0.0,0.06758999
0.0,0.03459236
0.0,0.07399725
0.0,0.11830931
0.0,0.037681308
0.0,0.059211265
0.0,0.062155038
0.0,0.041409492
0.0,0.059333928
0.0,0.099185176
0.0,0.035680965
0.0,0.065032
0.0,0.06523839
0.0,0.07840297
0.0,0.055427037
0.0,0.038492907
0.0,0.047133606
0.0,0.048971362
0.0,0.057935614
0.0,0.044691876
0.0,0.03954443
0.0,0.04221825
0.0,0.11091319
0.0,0.0494155
0.0,0.073659465
0.0,0.015252542
0.0,0.05226076
0.0,0.05326806
0.0,0.05871757
0.0,0.04037509
0.0,0.024844073
0.0,0.040005207
0.0,0.03903461
0.0,0.073944904
0.0,0.051597722
0.0,0.034991447
1.0,0.073842585
0.0,0.059300806
0.0,0.037252128
0.0,0.05208902
0.0,0.05657758
0.0,0.038157746
0.0,0.0414202
0.0,0.03927628
0.0,0.027887985
0.0,0.048055783
0.0,0.039738443
0.0,0.028306754
0.0,0.040765963
0.0,0.020882674
0.0,0.016363565
0.0,0.031193292
0.0,0.053407244
0.0,0.07240591
0.0,0.051352296
0.0,0.042662553
0.0,0.07173736
0.0,0.041775048
0.0,0.10398494
0.0,0.11545334
0.0,0.05961048
0.0,0.04235074
0.0,0.06147302
0.0,0.056227796
0.0,0.02955391
0.0,0.0399564
0.0,0.06397769
0.0,0.027588906
0.0,0.0352417
0.0,0.058891702
0.0,0.029041745
0.0,0.03402551
0.0,0.08914551
0.0,0.07193606
0.0,0.122245535
0.0,0.038184248
0.0,0.0991639
0.0,0.110700935
0.0,0.022640307
0.0,0.023720536
0.0,0.07052465
0.0,0.06369544
0.0,0.091392666
0.0,0.034040436
0.0,0.05156624
0.0,0.09086284
0.0,0.022269808
0.0,0.08152962
0.0,0.048739523
1.0,0.04281144
0.0,0.050942976
0.0,0.21624042
0.0,0.038116466
0.0,0.06215907
0.0,0.081252836
0.0,0.06784709
0.0,0.09981237
0.0,0.076265946
0.0,0.0442492
0.0,0.038871173
0.0,0.049232095
0.0,0.067555256
0.0,0.038680803
0.0,0.04417674
0.0,0.01370058
0.0,0.055356223
0.0,0.07508264
0.0,0.044366077
0.0,0.058099832
0.0,0.06083546
0.0,0.0530485
0.0,0.07909116
0.0,0.050348222
0.0,0.05548246
0.0,0.03937642
0.0,0.036913723
0.0,0.078659534
0.0,0.029007241
0.0,0.049793266
0.0,0.06179448
0.0,0.03536406
0.0,0.0299296
0.0,0.083068594
0.0,0.046772785
0.0,0.065387405
0.0,0.08741458
0.0,0.04585561
0.0,0.023803512
0.0,0.06650616
0.0,0.034324273
0.0,0.114263065
0.0,0.15164039
0.0,0.028440386
0.0,0.051743235
1.0,0.05500817
0.0,0.04606589
0.0,0.028774247
0.0,0.08424145
0.0,0.07888675
0.0,0.076073445
0.0,0.06756646
0.0,0.03252732
0.0,0.054359592
0.0,0.04470206
0.0,0.037497353
0.0,0.017180396
0.0,0.022076156
0.0,0.07256539
0.0,0.105221614
0.0,0.021096498
0.0,0.07128571
0.0,0.08807099
0.0,0.0947617
0.0,0.025728185
0.0,0.029535595
0.0,0.030540712
1.0,0.04209924
0.0,0.04031962
0.0,0.058857
0.0,0.02798567
0.0,0.08658955
0.0,0.050173774
1.0,0.0761773
0.0,0.08033793
0.0,0.099617116
0.0,0.04503546
0.0,0.10030726
0.0,0.07666081
0.0,0.08973256
0.0,0.037491523
0.0,0.0863222
0.0,0.058215197
0.0,0.03464902
0.0,0.042444445
0.0,0.0917692
0.0,0.08727355
0.0,0.06459562
0.0,0.07584935
0.0,0.07181367
0.0,0.10020193
0.0,0.019674301
0.0,0.034128953
0.0,0.06511761
0.0,0.03761736
0.0,0.03343867
0.0,0.04561498
0.0,0.08975969
0.0,0.09666458
0.0,0.021153308
0.0,0.04171183
0.0,0.034163
0.0,0.087732434
0.0,0.033558585
0.0,0.06156827
0.0,0.06840306
0.0,0.12478739
0.0,0.06316835
0.0,0.014560879
0.0,0.102128476
0.0,0.09473409
0.0,0.10857268
0.0,0.028090741
0.0,0.064858764
0.0,0.023525832
0.0,0.043417785
0.0,0.09666886
0.0,0.07536157
0.0,0.048243456
0.0,0.04388505
0.0,0.09309161
0.0,0.073654376
0.0,0.07257288
0.0,0.0350236
0.0,0.05856085
0.0,0.06122933
0.0,0.08243406
0.0,0.0258146
0.0,0.047367387
0.0,0.047222666
0.0,0.110534206
0.0,0.02510188
0.0,0.09860313
0.0,0.041296624
0.0,0.06996351
0.0,0.036340926
0.0,0.07443529
0.0,0.058792826
0.0,0.043786265
0.0,0.044457115
0.0,0.073306955
0.0,0.020964937
1.0,0.03396652
1.0,0.07771123
0.0,0.07074846
0.0,0.028400123
0.0,0.072105885
0.0,0.061737575
0.0,0.020341804
0.0,0.047934674
0.0,0.053866655
0.0,0.037348155
0.0,0.039490554
0.0,0.015330459
0.0,0.08163338
1.0,0.024980813
0.0,0.080608875
0.0,0.048167992
0.0,0.043520305
0.0,0.0654881
0.0,0.06148246
0.0,0.07160936
0.0,0.031934604
0.0,0.04833646
0.0,0.0755218
0.0,0.03521286
0.0,0.019700043
0.0,0.048816487
0.0,0.044415817
0.0,0.028953666
0.0,0.08353683
0.0,0.063937314
0.0,0.113913074
0.0,0.045812577
0.0,0.051067814
0.0,0.037885506
0.0,0.041017007
0.0,0.033427145
0.0,0.03712229
0.0,0.06594243
0.0,0.02700721
0.0,0.060069676
0.0,0.05699991
0.0,0.05803681
0.0,0.060193628
0.0,0.04540331
0.0,0.09650324
1.0,0.04099212
0.0,0.07257055
0.0,0.050437853
0.0,0.032843333
0.0,0.06871218
0.0,0.044779055
0.0,0.06908511
0.0,0.048688464
0.0,0.04615531
0.0,0.044460952
0.0,0.12875968
1.0,0.026745657
0.0,0.055724293
0.0,0.05539739
0.0,0.069245696
0.0,0.12087835
0.0,0.05172994
0.0,0.060440313
0.0,0.040431827
0.0,0.0381267
0.0,0.049205083
0.0,0.0597575
0.0,0.122185394
0.0,0.04495811
0.0,0.040861305
0.0,0.03417261
0.0,0.06809873
0.0,0.047081403
0.0,0.058760595
0.0,0.074546866
0.0,0.042504963
0.0,0.13594589
0.0,0.061636653
0.0,0.034564745
0.0,0.040443745
0.0,0.0361818
0.0,0.04991936
0.0,0.04601463
0.0,0.06699755
0.0,0.11443594
0.0,0.1530817
0.0,0.11289656
0.0,0.076980785
1.0,0.12098979
0.0,0.1066001
0.0,0.0437209
0.0,0.045821667
0.0,0.041556623
0.0,0.06442996
0.0,0.12167944
0.0,0.07403627
0.0,0.059752204
0.0,0.06378627
0.0,0.057057317
0.0,0.021178672
0.0,0.056890864
0.0,0.041157067
0.0,0.07992656
0.0,0.052185804
0.0,0.08401925
0.0,0.09558059
0.0,0.050923184
0.0,0.12531738
0.0,0.041615658
0.0,0.04148592
1.0,0.08472851
0.0,0.053845722
0.0,0.033753492
0.0,0.05436553
0.0,0.044776175
0.0,0.03694905
0.0,0.055148758
0.0,0.05407493
0.0,0.092662245
0.0,0.00963902
0.0,0.10095349
0.0,0.07757351
0.0,0.04336097
0.0,0.05344361
0.0,0.16504739
0.0,0.07317967
1.0,0.066704534
0.0,0.050703034
0.0,0.015614223
0.0,0.08101167
1.0,0.029057315
0.0,0.046398573
0.0,0.0814148
0.0,0.013656665
0.0,0.06949017
0.0,0.11595626
0.0,0.03222437
0.0,0.061403267
0.0,0.06803236
0.0,0.07890251
0.0,0.10204251
0.0,0.056151543
0.0,0.02656265
0.0,0.10978306
0.0,0.023479592
0.0,0.11746242
0.0,0.06511662
0.0,0.06971607
0.0,0.07164116
0.0,0.047278274
0.0,0.04051607
0.0,0.051413327
0.0,0.08442881
0.0,0.050157722
0.0,0.022886189
0.0,0.038022958
0.0,0.057966452
0.0,0.03786165
0.0,0.07866246
0.0,0.027769182
0.0,0.053357214
0.0,0.3549546
0.0,0.058770526
0.0,0.041932132
0.0,0.047272842
0.0,0.05428243
0.0,0.071131065
0.0,0.03468019
0.0,0.019912757
0.0,0.07156347
0.0,0.054301836
0.0,0.0683093
0.0,0.10545
0.0,0.06507276
0.0,0.01977874
0.0,0.05238361
0.0,0.050549716
0.0,0.059636977
0.0,0.0869433
0.0,0.029870858
0.0,0.04437223
0.0,0.059795525
0.0,0.049391262
0.0,0.05009536
0.0,0.07499385
0.0,0.052938376
0.0,0.13953553
0.0,0.05023884
1.0,0.08860138
0.0,0.019739658
0.0,0.056414258
0.0,0.030118076
0.0,0.11253568
0.0,0.043541
0.0,0.03344607
0.0,0.07880393
0.0,0.029438073
0.0,0.09123792
0.0,0.06488667
0.0,0.040703032
0.0,0.025382541
0.0,0.054990035
0.0,0.053591955
0.0,0.031046268
0.0,0.10264423
0.0,0.024631454
0.0,0.08427398
0.0,0.047371812
0.0,0.05198644
0.0,0.06256867
0.0,0.038683753
0.0,0.04270043
0.0,0.08292345
0.0,0.108498074
0.0,0.095273584
0.0,0.012520849
0.0,0.107331
0.0,0.06901928
0.0,0.076194085
0.0,0.045848414
0.0,0.15800744
0.0,0.03209852
0.0,0.06111866
0.0,0.07707819
0.0,0.050059233
0.0,0.041723132
0.0,0.06408941
0.0,0.039846066
0.0,0.044999592
0.0,0.11711834
0.0,0.07242004
0.0,0.031021185
0.0,0.047729243
0.0,0.03296603
0.0,0.092114866
0.0,0.057758167
0.0,0.017982764
0.0,0.03642614
0.0,0.081276745
0.0,0.044882223
0.0,0.03424131
0.0,0.051459562
0.0,0.055624686
0.0,0.09376359
0.0,0.04339839
0.0,0.04116427
0.0,0.11428142
0.0,0.03235089
0.0,0.1165765
0.0,0.06519174
0.0,0.12763819
0.0,0.04241009
0.0,0.021339282
1.0,0.044379048
0.0,0.046694525
0.0,0.064108394
0.0,0.039309125
0.0,0.041510776
0.0,0.06279821
0.0,0.04270733
0.0,0.07194643
0.0,0.073754326
0.0,0.07797082
0.0,0.018349871
0.0,0.041460272
0.0,0.13111436
0.0,0.050734375
0.0,0.07422816
0.0,0.07091792
0.0,0.06691331
2.0,0.07632195
0.0,0.07675906
0.0,0.06369722
0.0,0.08680498
0.0,0.037786204
0.0,0.11567938
0.0,0.108073354
0.0,0.048353612
0.0,0.0067026336
0.0,0.044464156
0.0,0.028582852
0.0,0.06681987
0.0,0.028014483
0.0,0.042557325
0.0,0.05237167
0.0,0.054937616
0.0,0.04557795
0.0,0.067286156
0.0,0.065509744
0.0,0.08029568
0.0,0.049236156
0.0,0.07368371
0.0,0.07963166
0.0,0.11814064
0.0,0.08503701
0.0,0.042546835
0.0,0.05056435
0.0,0.09744693
0.0,0.08632414
0.0,0.06661753
0.0,0.035256945
0.0,0.08690674
0.0,0.01953437
0.0,0.09922877
0.0,0.03577154
0.0,0.036875475
0.0,0.046909727
0.0,0.050683163
0.0,0.0086599
0.0,0.09251608
0.0,0.05584157
1.0,0.037201714
0.0,0.08188921
0.0,0.15109354
0.0,0.056076996
1.0,0.089550555
0.0,0.043870404
0.0,0.06096666
0.0,0.04692512
0.0,0.050383504
0.0,0.046459414
2.0,0.06822455
0.0,0.05764136
0.0,0.07273573
0.0,0.07179111
0.0,0.04255548
0.0,0.013453024
0.0,0.041361462
0.0,0.06644251
0.0,0.021537231
0.0,0.046582107
0.0,0.04123708
0.0,0.0637222
0.0,0.04436523
0.0,0.07096277
0.0,0.052633412
0.0,0.030190919
0.0,0.04147332
0.0,0.06118555
0.0,0.028971095
0.0,0.048124395
0.0,0.057700884
0.0,0.07276605
0.0,0.0456058
0.0,0.037121072
0.0,0.043524954
0.0,0.09669931
0.0,0.029007476
0.0,0.107814044
0.0,0.04588925
0.0,0.06698472
0.0,0.054780938
0.0,0.032514233
0.0,0.047052473
0.0,0.03603201
0.0,0.047505658
0.0,0.04547683
0.0,0.050007556
0.0,0.03399309
0.0,0.017754657
0.0,0.0330604
0.0,0.052601047
0.0,0.03053017
0.0,0.059098747
0.0,0.047537044
0.0,0.051433828
0.0,0.038315292
0.0,0.040753216
0.0,0.068415046
0.0,0.017731695
0.0,0.066781774
0.0,0.03087338
0.0,0.030493492
0.0,0.08846055
0.0,0.03865241
0.0,0.039248593
0.0,0.12817344
0.0,0.13166393
0.0,0.041580684
0.0,0.035266798
0.0,0.07518433
0.0,0.06374109
0.0,0.05715232
0.0,0.050649773
1.0,0.04778852
0.0,0.014878932
1.0,0.04937499
0.0,0.110038035
0.0,0.08093245
0.0,0.07240191
0.0,0.03687342
0.0,0.041759893
0.0,0.069100074
0.0,0.05106645
0.0,0.03317037
0.0,0.037016995
0.0,0.088582665
0.0,0.068440154
0.0,0.07932465
0.0,0.079787455
0.0,0.08332831
0.0,0.032078248
0.0,0.06958623
0.0,0.06648336
0.0,0.05160188
0.0,0.06886628
0.0,0.022209
0.0,0.06706144
0.0,0.087651275
0.0,0.029216213
0.0,0.04198407
0.0,0.010306557
0.0,0.044154733
0.0,0.03813101
0.0,0.024631899
0.0,0.039106075
0.0,0.03764393
0.0,0.02307088
0.0,0.03220899
0.0,0.046463113
0.0,0.0609041
0.0,0.06642262
0.0,0.06549065
0.0,0.064841665
0.0,0.07603917
1.0,0.05092799
0.0,0.07808712
0.0,0.10283161
0.0,0.078118704
0.0,0.053543344
0.0,0.057849042
0.0,0.05789082
0.0,0.077252604
0.0,0.06625598
0.0,0.11526296
0.0,0.018179856
0.0,0.04462512
0.0,0.03716253
0.0,0.029603317
0.0,0.07677169
0.0,0.10716541
0.0,0.03587901
0.0,0.064667486
0.0,0.10429276
1.0,0.02949571
1.0,0.036808245
1.0,0.09749057
0.0,0.040453814
0.0,0.027661145
0.0,0.12448085
0.0,0.03724854
0.0,0.032885063
0.0,0.03894871
0.0,0.09895113
0.0,0.039060935
0.0,0.053095467
0.0,0.036185335
0.0,0.05382634
0.0,0.018390823
0.0,0.14706092
0.0,0.03930416
0.0,0.040286608
0.0,0.040526293
0.0,0.030861914
0.0,0.074066244
0.0,0.039849676
0.0,0.11101858
0.0,0.042572834
1.0,0.049253043
0.0,0.08320945
1.0,0.05000508
1.0,0.052689236
0.0,0.028622746
0.0,0.14444627
0.0,0.063901044
0.0,0.04955153
0.0,0.12050322
0.0,0.01704282
0.0,0.1590879
0.0,0.04748883
0.0,0.042252406
0.0,0.027237453
0.0,0.06853017
0.0,0.06542678
0.0,0.059258547
0.0,0.04550531
0.0,0.07115791
0.0,0.03726339
0.0,0.05360637
0.0,0.05618885
0.0,0.06962824
0.0,0.12109587
0.0,0.056414995
0.0,0.036348917
0.0,0.090803206
0.0,0.040984593
0.0,0.045794077
0.0,0.013430284
0.0,0.04781993
0.0,0.09607831
0.0,0.09519657
0.0,0.05813784
0.0,0.08965767
0.0,0.057618536
0.0,0.06925703
0.0,0.05070852
0.0,0.054386012
0.0,0.07373806
0.0,0.052804355
0.0,0.071669966
0.0,0.04532868
0.0,0.039286077
0.0,0.07726071
0.0,0.05656402
0.0,0.036855347
0.0,0.05317343
0.0,0.06829967
0.0,0.081792474
0.0,0.0952278
0.0,0.03435976
0.0,0.039416056
0.0,0.07864246
0.0,0.0800647
0.0,0.049423844
0.0,0.0410903
0.0,0.04277926
0.0,0.04894055
0.0,0.037188783
0.0,0.06306283
0.0,0.04480569
0.0,0.07141087
0.0,0.070386164
0.0,0.023892323
0.0,0.03821813
0.0,0.06350952
0.0,0.041160014
0.0,0.067025796
0.0,0.03295655
1.0,0.09006435
0.0,0.14361405
0.0,0.056171656
0.0,0.07440492
0.0,0.036008857
0.0,0.048026487
0.0,0.033224538
0.0,0.061033823
0.0,0.03779799
0.0,0.07268708
0.0,0.07763834
0.0,0.09214558
0.0,0.046646476
0.0,0.041680854
0.0,0.05739568
0.0,0.06580222
0.0,0.038442373
0.0,0.048204802
0.0,0.012642703
0.0,0.07559587
0.0,0.06314209
0.0,0.06908326
0.0,0.060655955
0.0,0.043791004
0.0,0.02610709
0.0,0.04011879
0.0,0.06353171
0.0,0.064260796
0.0,0.014846234
0.0,0.08670307
0.0,0.02979508
0.0,0.06332937
0.0,0.07008361
1.0,0.09987986
0.0,0.045777902
0.0,0.08521786
0.0,0.039197437
0.0,0.05907784
0.0,0.095824555
0.0,0.11795241
0.0,0.057005715
1.0,0.02662395
0.0,0.053695783
0.0,0.06440597
0.0,0.09577298
0.0,0.0776364
0.0,0.04717426
0.0,0.054833744
0.0,0.033084862
0.0,0.02139578
0.0,0.076103926
0.0,0.07407898
0.0,0.066178985
0.0,0.031491734
0.0,0.024947256
0.0,0.08288781
0.0,0.050384704
0.0,0.042655088
0.0,0.085129246
0.0,0.033502147
0.0,0.036352936
0.0,0.035647802
0.0,0.019794751
1.0,0.09006822
0.0,0.056840725
0.0,0.054173518
0.0,0.04175394
0.0,0.041109778
0.0,0.039469525
0.0,0.070381135
0.0,0.10595554
0.0,0.051595483
0.0,0.07117661
0.0,0.045143437
0.0,0.06191827
0.0,0.122445345
0.0,0.039637897
0.0,0.06669347
0.0,0.065692864
0.0,0.05057103
0.0,0.06546223
0.0,0.05520779
0.0,0.08620185
0.0,0.0259677
0.0,0.04621345
0.0,0.055260144
0.0,0.020801678
0.0,0.06384561
0.0,0.08700499
0.0,0.029262433
0.0,0.07939829
0.0,0.052915636
0.0,0.060986344
0.0,0.05596029
0.0,0.084695704
0.0,0.08224144
0.0,0.027139118
0.0,0.097341694
0.0,0.055622034
0.0,0.068534404
0.0,0.08127818
0.0,0.07137976
0.0,0.04427748
0.0,0.055862796
0.0,0.026369125
1.0,0.034295447
0.0,0.04029408
0.0,0.09579543
0.0,0.02883215
0.0,0.056474708
0.0,0.04930777
0.0,0.07473062
0.0,0.06027471
0.0,0.049636
0.0,0.047877543
0.0,0.033917334
0.0,0.06843937
0.0,0.069214486
0.0,0.059069615
0.0,0.039506882
0.0,0.14686467
0.0,0.0630343
0.0,0.07094883
0.0,0.05678175
0.0,0.04697997
0.0,0.048445903
0.0,0.04519724
0.0,0.045327686
0.0,0.080828615
0.0,0.08221548
0.0,0.040694125
0.0,0.030271284
0.0,0.04000366
0.0,0.037145417
0.0,0.07891643
1.0,0.041147415
0.0,0.084913865
0.0,0.093872346
0.0,0.062102336
0.0,0.018519022
0.0,0.047773823
0.0,0.059260894
0.0,0.040941913
0.0,0.05503065
0.0,0.043692283
0.0,0.038779106
0.0,0.06596096
0.0,0.06609136
0.0,0.05870377
0.0,0.04101034
0.0,0.09813033
0.0,0.053912777
0.0,0.0467436
0.0,0.048139542
0.0,0.06597199
1.0,0.07098166
0.0,0.068650775
0.0,0.051872015
0.0,0.06957878
0.0,0.047261886
1.0,0.031783283
0.0,0.048349805
0.0,0.06844161
0.0,0.057038274
0.0,0.03968612
0.0,0.06362855
0.0,0.07663833
0.0,0.11502281
0.0,0.0997425
0.0,0.06742164
0.0,0.03152892
0.0,0.05455229
0.0,0.057834372
0.0,0.0669079
0.0,0.035485785
0.0,0.047991507
0.0,0.05234745
0.0,0.038298946
0.0,0.11647198
0.0,0.03756511
0.0,0.038353406
0.0,0.03813623
0.0,0.075574756
0.0,0.11988815
0.0,0.03092958
0.0,0.04887439
0.0,0.039649617
0.0,0.025098229
0.0,0.05634757
0.0,0.050549716
0.0,0.021597115
0.0,0.05491046
0.0,0.07050622
0.0,0.046758514
0.0,0.049924046
0.0,0.08803849
0.0,0.1170175
0.0,0.06476107
0.0,0.021276876
0.0,0.071296655
0.0,0.039656043
0.0,0.020087155
0.0,0.049671184
0.0,0.047245912
0.0,0.05241427
0.0,0.10281366
0.0,0.059861314
0.0,0.038911935
0.0,0.070623994
0.0,0.04793769
0.0,0.06139956
0.0,0.066781804
0.0,0.058275882
0.0,0.04757641
0.0,0.028167747
0.0,0.071268275
0.0,0.077210695
0.0,0.051588275
0.0,0.07550053
0.0,0.12761053
0.0,0.049427945
0.0,0.028825993
0.0,0.03881546
0.0,0.08066971
0.0,0.019975372
0.0,0.09331182
0.0,0.027749088
0.0,0.06949165
0.0,0.033189826
0.0,0.07406012
1.0,0.05212199
0.0,0.05357913
0.0,0.11126704
0.0,0.039742727
0.0,0.079264
0.0,0.045290977
0.0,0.08655828
0.0,0.036005665
0.0,0.0533105
0.0,0.12220824
0.0,0.06715549
0.0,0.021176219
0.0,0.07157891
0.0,0.03220873
0.0,0.04760918
0.0,0.05626329
0.0,0.047477692
0.0,0.06583432
1.0,0.04142032
0.0,0.040955894
0.0,0.04538788
1.0,0.05343454
0.0,0.035670534
0.0,0.04459202
1.0,0.046364956
0.0,0.035649482
0.0,0.025411097
0.0,0.10333305
0.0,0.08468503
0.0,0.082441054
0.0,0.028422844
0.0,0.05091602
0.0,0.046292145
0.0,0.034070384
0.0,0.064277604
0.0,0.06251815
0.0,0.06340603
0.0,0.03312723
0.0,0.044568423
0.0,0.045360856
0.0,0.06187344
0.0,0.07128158
0.0,0.02272739
0.0,0.08155697
0.0,0.037537746
0.0,0.08934685
0.0,0.056947153
0.0,0.041283924
0.0,0.048512317
0.0,0.061439116
0.0,0.042003974
0.0,0.089033276
0.0,0.06870101
0.0,0.033498902
0.0,0.058778025
0.0,0.053333215
0.0,0.077613965
0.0,0.025448445
0.0,0.0517949
2.0,0.051217794
0.0,0.044306204
0.0,0.050596282
0.0,0.046273343
0.0,0.042439565
0.0,0.05316448
0.0,0.044062316
0.0,0.05829078
0.0,0.08388054
0.0,0.03153722
0.0,0.017638948
0.0,0.05218543
0.0,0.13323012
0.0,0.04451645
0.0,0.053276774
0.0,0.048261173
0.0,0.048711177
0.0,0.111054376
0.0,0.018667089
0.0,0.0414861
0.0,0.04634376
0.0,0.057846587
0.0,0.020046066
0.0,0.027152542
0.0,0.08153574
0.0,0.084382065
0.0,0.04648955
0.0,0.106919974
0.0,0.03635018
1.0,0.038553637
0.0,0.10559587
0.0,0.1415939
0.0,0.04252637
0.0,0.05066497
0.0,0.04099796
0.0,0.018279744
0.0,0.053495906
0.0,0.06033573
0.0,0.070948154
0.0,0.041986253
0.0,0.07030005
0.0,0.02958747
0.0,0.044066288
0.0,0.032515828
0.0,0.07112182
0.0,0.1651808
0.0,0.19483948
0.0,0.06516908
0.0,0.027378097
0.0,0.020110242
0.0,0.079818085
0.0,0.037874326
0.0,0.04612398
0.0,0.034300387
0.0,0.03880395
0.0,0.039345507
0.0,0.066549
0.0,0.06657924
0.0,0.06367386
0.0,0.05893856
0.0,0.03769644
0.0,0.027135314
0.0,0.06530163
0.0,0.11936487
0.0,0.10802809
0.0,0.07529912
1.0,0.06829249
0.0,0.0550451
0.0,0.09006882
0.0,0.045639433
1.0,0.03507939
0.0,0.11239464
0.0,0.025222642
0.0,0.07465536
0.0,0.035070356
0.0,0.034516685
0.0,0.025678277
0.0,0.06802516
1.0,0.042580813
0.0,0.041063428
0.0,0.07350421
0.0,0.03741953
0.0,0.034747414
0.0,0.061009757
0.0,0.053257015
0.0,0.031506002
0.0,0.040032722
0.0,0.14032386
0.0,0.07857126
0.0,0.08185345
0.0,0.08166336
0.0,0.074092366
0.0,0.098454386
0.0,0.062452573
0.0,0.054951318
0.0,0.02750653
0.0,0.037245255
0.0,0.06561156
0.0,0.042555705
0.0,0.06921683
0.0,0.14190666
1.0,0.10901716
0.0,0.03039498
0.0,0.013485285
0.0,0.11586879
0.0,0.16069898
0.0,0.053548325
0.0,0.0473933
0.0,0.015884437
0.0,0.016312793
0.0,0.038438357
0.0,0.026344366
0.0,0.06362221
0.0,0.09093982
0.0,0.079203695
1.0,0.04223875
0.0,0.033071313
0.0,0.044195786
0.0,0.04177515
0.0,0.028096825
0.0,0.07091291
0.0,0.066469386
0.0,0.05251298
1.0,0.048678346
0.0,0.062936485
0.0,0.04508806
0.0,0.024284663
0.0,0.056166403
0.0,0.09705883
1.0,0.04730071
0.0,0.033647113
0.0,0.034166012
0.0,0.05099968
0.0,0.029152436
0.0,0.04623545
0.0,0.051416416
0.0,0.05072274
0.0,0.07440151
0.0,0.07856609
0.0,0.061987765
0.0,0.05589153
0.0,0.054004736
0.0,0.03591939
0.0,0.0646656
0.0,0.012932041
0.0,0.08245647
0.0,0.06762732
0.0,0.043407228
1.0,0.08311198
0.0,0.07595644
0.0,0.05607007
0.0,0.054757316
0.0,0.064238414
0.0,0.05279515
0.0,0.049058072
0.0,0.05086433
0.0,0.053972658
0.0,0.08359848
0.0,0.03818146
0.0,0.06187931
0.0,0.0731528
0.0,0.045800105
0.0,0.019099781
1.0,0.08026219
0.0,0.04938019
0.0,0.060262498
0.0,0.086062744
0.0,0.059841935
0.0,0.08607587
0.0,0.05644668
0.0,0.10276267
1.0,0.039498974
0.0,0.039023124
2.0,0.05446122
0.0,0.056471154
0.0,0.061019883
0.0,0.040684227
0.0,0.07657145
0.0,0.03299473
0.0,0.063921094
0.0,0.054367993
1.0,0.030362677
0.0,0.073236115
0.0,0.030975763
0.0,0.07000482
0.0,0.05025607
0.0,0.068306156
0.0,0.020334763
0.0,0.03437569
0.0,0.042645346
0.0,0.042304035
0.0,0.05584226
0.0,0.09014371
0.0,0.06497921
0.0,0.012258344
0.0,0.059363898
0.0,0.047914952
0.0,0.050826702
0.0,0.044557944
0.0,0.10587306
0.0,0.029579796
0.0,0.059316546
0.0,0.060366407
0.0,0.06114988
0.0,0.06470172
0.0,0.052942667
0.0,0.06380906
0.0,0.04752437
0.0,0.048770048
0.0,0.035924785
0.0,0.081977315
0.0,0.036628414
0.0,0.11511834
0.0,0.046460323
0.0,0.033344954
0.0,0.05321279
0.0,0.040341374
0.0,0.060044933
0.0,0.095227346
0.0,0.0697197
0.0,0.08918017
0.0,0.0747055
0.0,0.07918406
0.0,0.03903498
0.0,0.06345064
1.0,0.064298324
0.0,0.0644966
0.0,0.07446597
0.0,0.039554235
0.0,0.086660266
0.0,0.0671143
0.0,0.034722984
0.0,0.1449876
0.0,0.03937317
0.0,0.03996183
0.0,0.050164036
0.0,0.048557423
0.0,0.01673892
0.0,0.061845798
0.0,0.032811634
0.0,0.07110982
0.0,0.068776295
0.0,0.121333376
0.0,0.034406815
0.0,0.02537671
0.0,0.034470253
0.0,0.053119298
0.0,0.047922537
0.0,0.1074353
0.0,0.07607065
0.0,0.07256844
0.0,0.08513247
0.0,0.02726387
0.0,0.062008623
1.0,0.05657748
0.0,0.073955975
0.0,0.052321225
0.0,0.036961276
0.0,0.066334724
0.0,0.034688644
0.0,0.04990232
0.0,0.11057164
0.0,0.021485247
0.0,0.047037534
0.0,0.03984812
0.0,0.071001835
0.0,0.07012938
0.0,0.018116089
0.0,0.06584914
0.0,0.09786636
0.0,0.041620754
0.0,0.044384718
0.0,0.06873011
0.0,0.06784984
0.0,0.09066577
0.0,0.03833918
0.0,0.17315501
0.0,0.038633134
0.0,0.08745037
0.0,0.07198232
0.0,0.022616643
0.0,0.06834356
0.0,0.08584249
0.0,0.039067827
0.0,0.039141912
0.0,0.042439263
0.0,0.015679492
0.0,0.057056528
0.0,0.06709269
0.0,0.059043624
0.0,0.039073735
0.0,0.06385895
0.0,0.055917773
0.0,0.11801727
0.0,0.068133585
0.0,0.06629362
1.0,0.09723393
0.0,0.06751004
1.0,0.08187957
0.0,0.035812486
0.0,0.10339311
0.0,0.05554831
1.0,0.09740231
0.0,0.081668325
0.0,0.08089979
0.0,0.059599027
0.0,0.05027721
0.0,0.13246499
0.0,0.06300089
0.0,0.04752356
0.0,0.09069264
0.0,0.06886354
0.0,0.031767283
0.0,0.024877064
0.0,0.08975255
0.0,0.10480034
0.0,0.03891882
1.0,0.02883776
0.0,0.019764645
0.0,0.044002287
0.0,0.036397252
0.0,0.06613568
0.0,0.03444237
0.0,0.11667435
0.0,0.10580009
0.0,0.05304625
0.0,0.014107324
0.0,0.03666784
0.0,0.022483934
0.0,0.026718989
1.0,0.07479782
0.0,0.03795362
1.0,0.09271285
0.0,0.06355756
0.0,0.069577724
0.0,0.07266192
0.0,0.050823383
0.0,0.08594595
0.0,0.115663774
0.0,0.09798809
0.0,0.05077237
0.0,0.1385539
0.0,0.06111493
0.0,0.10045924
0.0,0.042564023
0.0,0.061658908
0.0,0.071110666
0.0,0.0472999
0.0,0.04503855
0.0,0.10808655
0.0,0.08623494
0.0,0.02522073
0.0,0.020381855
0.0,0.032115776
0.0,0.04668831
0.0,0.09345123
0.0,0.09402134
0.0,0.1206641
0.0,0.077295974
0.0,0.04059946
0.0,0.040197417
0.0,0.024462342
0.0,0.0425093
0.0,0.07191236
0.0,0.085682526
0.0,0.057086095
0.0,0.076173596
0.0,0.06733775
0.0,0.06817824
0.0,0.048798405
0.0,0.04896109
1.0,0.0284819
0.0,0.06026373
1.0,0.05865584
0.0,0.051952492
0.0,0.027951462
0.0,0.0804692
0.0,0.068538815
0.0,0.07287532
0.0,0.052467853
0.0,0.073048756
0.0,0.07828565
0.0,0.07985932
0.0,0.052005112
0.0,0.0761919
0.0,0.14216214
0.0,0.02564821
0.0,0.082927264
0.0,0.118685484
0.0,0.056869596
0.0,0.032890975
0.0,0.040704854
0.0,0.06630073
0.0,0.023129534
0.0,0.06642674
0.0,0.037672017
0.0,0.03434317
0.0,0.055252638
0.0,0.10107794
0.0,0.09251119
0.0,0.049922094
0.0,0.034448612
0.0,0.034186706
0.0,0.09979871
0.0,0.029316273
0.0,0.06324829
0.0,0.06399008
0.0,0.06404967
0.0,0.051842816
0.0,0.10875657
0.0,0.048523538
0.0,0.06388843
0.0,0.0376224
0.0,0.058156542
0.0,0.10076509
0.0,0.08048248
0.0,0.122679405
0.0,0.036750004
0.0,0.057058923
0.0,0.05515353
0.0,0.02111604
0.0,0.025954368
0.0,0.12266572
0.0,0.050016284
0.0,0.027164688
0.0,0.039311826
0.0,0.03357262
0.0,0.061194874
0.0,0.118396334
0.0,0.073593184
0.0,0.052302692
0.0,0.12882066
0.0,0.059469603
0.0,0.0424957
0.0,0.044826142
0.0,0.102470964
0.0,0.04663349
0.0,0.0697446
0.0,0.07661955
0.0,0.040875025
0.0,0.016518814
0.0,0.07570914
0.0,0.10761424
0.0,0.039863266
0.0,0.05604409
0.0,0.023943268
0.0,0.031702925
0.0,0.03038304
0.0,0.068254255
0.0,0.030860517
1.0,0.10770629
2.0,0.03425243
0.0,0.07460387
0.0,0.04269084
1.0,0.089586474
0.0,0.06698599
0.0,0.077465884
0.0,0.051623143
0.0,0.03985688
1.0,0.060034685
0.0,0.06285077
1.0,0.046137754
0.0,0.03715307
0.0,0.061683726
0.0,0.068744674
0.0,0.050740473
0.0,0.08067686
0.0,0.039482627
0.0,0.072844364
0.0,0.073059656
0.0,0.034167737
0.0,0.03259868
1.0,0.0666382
0.0,0.11178687
0.0,0.06292006
0.0,0.04511604
0.0,0.030017514
0.0,0.056213
0.0,0.10497219
0.0,0.0136726545
0.0,0.0661742
0.0,0.09537995
0.0,0.06386947
1.0,0.024143131
0.0,0.05334241
0.0,0.07169208
0.0,0.114263065
0.0,0.056445874
0.0,0.092305064
0.0,0.119804375
0.0,0.041961316
0.0,0.043763533
1.0,0.026956929
0.0,0.06647349
0.0,0.036319584
0.0,0.07333113
0.0,0.038826603
0.0,0.08031326
0.0,0.09577632
0.0,0.03201013
0.0,0.04129184
0.0,0.053972863
0.0,0.07781859
0.0,0.05116912
0.0,0.019632401
0.0,0.057501107
0.0,0.05709803
0.0,0.058712393
1.0,0.053115778
0.0,0.07306314
0.0,0.044815905
0.0,0.048509933
0.0,0.11117576
0.0,0.03473779
0.0,0.048887208
0.0,0.025075225
2.0,0.071597
0.0,0.085704245
0.0,0.04285711
0.0,0.01795264
0.0,0.065196276
0.0,0.05276836
0.0,0.07967435
0.0,0.043139867
0.0,0.07794587
0.0,0.06530803
0.0,0.024826545
0.0,0.06697088
0.0,0.102185614
0.0,0.029535469
0.0,0.06794736
0.0,0.03042237
0.0,0.059969906
0.0,0.1397126
0.0,0.12785786
0.0,0.017802512
0.0,0.07944544
1.0,0.0453516
0.0,0.10591771
0.0,0.017621286
0.0,0.12314382
0.0,0.042304054
0.0,0.05350542
0.0,0.017875949
0.0,0.050051022
0.0,0.07229431
0.0,0.093150616
0.0,0.015117249
0.0,0.058451027
0.0,0.038265027
0.0,0.05617913
0.0,0.048221678
0.0,0.046083026
0.0,0.036278006
0.0,0.04336881
0.0,0.044175074
0.0,0.03633753
0.0,0.088696025
0.0,0.08971789
0.0,0.074414715
0.0,0.120171376
0.0,0.0377119
0.0,0.03382477
0.0,0.040551692
0.0,0.04131612
0.0,0.082273364
0.0,0.07762285
0.0,0.071828336
0.0,0.035099685
0.0,0.038612343
0.0,0.06965055
0.0,0.07284878
0.0,0.030212738
0.0,0.053096455
0.0,0.11675691
0.0,0.05117888
0.0,0.05254477
0.0,0.06173188
0.0,0.09363
0.0,0.06578165
0.0,0.017900001
0.0,0.07227759
0.0,0.012897592
0.0,0.07545733
0.0,0.098861426
0.0,0.07574504
0.0,0.07055186
0.0,0.051461842
0.0,0.055306252
0.0,0.09259595
0.0,0.04611411
0.0,0.06552788
0.0,0.05060772
0.0,0.05496277
0.0,0.08266143
0.0,0.07350691
0.0,0.078247845
0.0,0.07210015
0.0,0.013827387
0.0,0.044613883
0.0,0.09052688
0.0,0.07091589
0.0,0.021555334
0.0,0.062091943
0.0,0.047650695
0.0,0.043175984
0.0,0.08181529
1.0,0.072942
0.0,0.107228816
0.0,0.12443878
0.0,0.07105589
0.0,0.10406762
0.0,0.027597103
0.0,0.05437341
1.0,0.03647467
0.0,0.029995779
0.0,0.020116532
0.0,0.120874345
0.0,0.07775195
0.0,0.039158564
0.0,0.05034844
0.0,0.12369402
0.0,0.085853375
0.0,0.049884807
0.0,0.0381365
0.0,0.032948617
0.0,0.049035925
0.0,0.035962887
0.0,0.033548456
1.0,0.080626056
0.0,0.047956437
0.0,0.050377402
1.0,0.043498833
0.0,0.03723064
0.0,0.053657133
0.0,0.050792783
0.0,0.06727908
0.0,0.039588258
0.0,0.030795882
0.0,0.044019327
0.0,0.045526147
0.0,0.076651566
0.0,0.051286396
0.0,0.030377666
0.0,0.045326218
0.0,0.058220223
1.0,0.027556943
0.0,0.072864465
0.0,0.03388888
0.0,0.03614319
0.0,0.03049384
0.0,0.02950889
0.0,0.057854038
0.0,0.025633492
0.0,0.06428097
0.0,0.0689539
0.0,0.07304043
0.0,0.14458331
0.0,0.049157664
0.0,0.052315436
0.0,0.036136746
0.0,0.042093962
1.0,0.052691143
0.0,0.07638987
0.0,0.034886923
0.0,0.05831637
0.0,0.10859018
0.0,0.03447809
0.0,0.06041297
0.0,0.08406686
0.0,0.048454497
0.0,0.07365768
0.0,0.12179092
0.0,0.052771956
0.0,0.02472471
0.0,0.041933574
0.0,0.03901745
0.0,0.05452501
0.0,0.027251275
0.0,0.06693522
0.0,0.06363706
0.0,0.07526256
0.0,0.0602504
0.0,0.056070603
0.0,0.023899604
0.0,0.040676937
0.0,0.037856955
0.0,0.0952501
0.0,0.075328514
1.0,0.018691983
0.0,0.041167375
0.0,0.08082815
0.0,0.051308017
0.0,0.049425445
0.0,0.019424599
0.0,0.07156754
1.0,0.015651941
0.0,0.056412186
0.0,0.035330623
0.0,0.026602186
1.0,0.054386802
0.0,0.08820539
1.0,0.06702554
0.0,0.05865616
0.0,0.08196635
0.0,0.019124635
0.0,0.057090152
0.0,0.07024853
0.0,0.0941019
0.0,0.09933825
0.0,0.0684072
0.0,0.025074998
0.0,0.0531233
0.0,0.07063022
0.0,0.03289008
0.0,0.033439755
0.0,0.02599865
0.0,0.05930471
0.0,0.05248009
0.0,0.025049102
0.0,0.030475773
0.0,0.065332495
0.0,0.051740177
0.0,0.043556385
0.0,0.071874656
1.0,0.031383485
0.0,0.08006911
0.0,0.060353097
0.0,0.02851193
0.0,0.12496787
0.0,0.04433594
0.0,0.071717896
0.0,0.12009782
0.0,0.09196736
0.0,0.05581399
1.0,0.038838565
0.0,0.059124988
0.0,0.056790307
0.0,0.04904809
0.0,0.033678122
0.0,0.04093024
0.0,0.081227005
0.0,0.0697686
0.0,0.04565177
0.0,0.07485919
1.0,0.022809012
0.0,0.06597171
0.0,0.016969917
0.0,0.0672878
0.0,0.08535835
0.0,0.025536478
0.0,0.13412467
0.0,0.07959589
0.0,0.06600519
0.0,0.03627417
0.0,0.028757498
0.0,0.04267482
0.0,0.04364633
0.0,0.13801849
0.0,0.047740392
0.0,0.056358118
0.0,0.03857173
0.0,0.0431862
0.0,0.03705931
0.0,0.08287078
0.0,0.09175074
0.0,0.10240165
0.0,0.04369262
0.0,0.08756739
0.0,0.048184786
0.0,0.087785
0.0,0.08833893
0.0,0.11062229
0.0,0.06890721
0.0,0.09076017
0.0,0.08151169
0.0,0.032276593
0.0,0.026896672
0.0,0.05267095
0.0,0.03434068
0.0,0.03489371
0.0,0.020139461
0.0,0.058812734
0.0,0.03478848
0.0,0.044218466
0.0,0.08317101
0.0,0.077824615
0.0,0.08900386
0.0,0.04411643
0.0,0.07178425
0.0,0.087445214
0.0,0.051424313
0.0,0.08554542
0.0,0.038106907
0.0,0.036350127
0.0,0.06734051
0.0,0.02261835
0.0,0.048310608
0.0,0.05659239
0.0,0.0456881
0.0,0.0581303
0.0,0.015923742
0.0,0.040506586
0.0,0.03892292
0.0,0.04763359
0.0,0.073214784
0.0,0.044484366
0.0,0.080553204
0.0,0.084187925
0.0,0.057145946
0.0,0.059026677
0.0,0.0093463035
0.0,0.0796836
0.0,0.017888952
0.0,0.07766813
0.0,0.083435796
0.0,0.052804604
0.0,0.08178693
0.0,0.060460463
1.0,0.03264599
0.0,0.012234688
0.0,0.07434855
0.0,0.034442157
0.0,0.041168258
0.0,0.04822586
0.0,0.028087113
0.0,0.046881147
0.0,0.056065124
0.0,0.07025798
0.0,0.06401854
0.0,0.068891734
1.0,0.025728885
0.0,0.08995576
0.0,0.10724777
0.0,0.06291218
0.0,0.046807103
0.0,0.049504176
0.0,0.04526134
0.0,0.081142455
0.0,0.050057754
0.0,0.043887768
0.0,0.06536624
0.0,0.020489786
0.0,0.066846386
0.0,0.11460175
0.0,0.038450055
0.0,0.05871945
0.0,0.09364101
0.0,0.056062024
0.0,0.03038052
0.0,0.026146881
0.0,0.08590108
0.0,0.05513883
0.0,0.037837394
0.0,0.09941307
1.0,0.05967908
0.0,0.053135663
0.0,0.044202972
0.0,0.072626874
0.0,0.05031846
0.0,0.059563685
0.0,0.03467935
0.0,0.084602766
0.0,0.06798143
0.0,0.04168326
0.0,0.057953987
0.0,0.13250434
0.0,0.014118919
0.0,0.03979681
0.0,0.034507565
0.0,0.1089561
0.0,0.04791335
0.0,0.014671492
0.0,0.021541884
0.0,0.089268446
0.0,0.04954298
1.0,0.014062835
0.0,0.04487595
0.0,0.088074744
0.0,0.060841113
0.0,0.03479996
0.0,0.074064076
0.0,0.042774342
0.0,0.14887077
0.0,0.076469265
0.0,0.05345857
0.0,0.04858373
0.0,0.025916228
0.0,0.07261198
1.0,0.06762309
0.0,0.033781912
0.0,0.09688146
0.0,0.071910374
0.0,0.04792855
0.0,0.06548932
0.0,0.029292028
0.0,0.04622379
0.0,0.016152885
0.0,0.08641981
0.0,0.0651946
0.0,0.14509788
0.0,0.033820674
0.0,0.0788664
0.0,0.12623084
0.0,0.05056471
0.0,0.04502123
0.0,0.08259758
0.0,0.04427801
0.0,0.044043787
0.0,0.0635796
0.0,0.042954598
0.0,0.06599789
0.0,0.116546094
0.0,0.014124589
0.0,0.0935483
0.0,0.029130425
0.0,0.1204468
0.0,0.076421425
0.0,0.021646045
0.0,0.0405422
0.0,0.051944416
0.0,0.090436645
0.0,0.033877667
1.0,0.06250268
0.0,0.045279317
0.0,0.08690541
0.0,0.018221471
0.0,0.103113055
0.0,0.032127906
0.0,0.03934406
0.0,0.04629219
0.0,0.04252775
0.0,0.08929616
0.0,0.060240574
0.0,0.04200598
0.0,0.038783677
0.0,0.09735418
0.0,0.050088696
0.0,0.06210607
0.0,0.12294363
0.0,0.101397604
0.0,0.052351847
0.0,0.03432352
0.0,0.083823465
0.0,0.083785884
0.0,0.09815808
0.0,0.042300686
0.0,0.06380443
0.0,0.071119815
0.0,0.025495948
0.0,0.034122914
0.0,0.048534483
0.0,0.067756526
0.0,0.060470007
0.0,0.047550827
0.0,0.022150569
0.0,0.0534995
0.0,0.037320845
0.0,0.031056661
0.0,0.034096144
0.0,0.0519887
0.0,0.039928745
0.0,0.034821108
0.0,0.0689763
0.0,0.08227843
0.0,0.057901975
0.0,0.04564768
0.0,0.03414111
0.0,0.03740105
0.0,0.07865361
0.0,0.03266841
0.0,0.036901545
0.0,0.08387254
0.0,0.026152717
0.0,0.037543494
0.0,0.06275109
0.0,0.103362836
0.0,0.053120233
0.0,0.030724538
0.0,0.013343585
0.0,0.039862238
0.0,0.059520528
0.0,0.12324457
0.0,0.034734957
0.0,0.11028618
0.0,0.024417952
0.0,0.04580692
0.0,0.05578617
0.0,0.03366637
0.0,0.048477262
0.0,0.07957078
0.0,0.024586136
0.0,0.09335027
0.0,0.090281405
0.0,0.049847096
0.0,0.062348638
0.0,0.088130936
0.0,0.088135004
0.0,0.041264795
0.0,0.046740122
0.0,0.05270783
0.0,0.04796593
0.0,0.04992093
0.0,0.0819321
0.0,0.036298998
0.0,0.019249711
0.0,0.03870874
0.0,0.10409284
0.0,0.07748473
0.0,0.032763228
1.0,0.028846536
0.0,0.030471034
0.0,0.06151618
0.0,0.052900914
0.0,0.10783446
0.0,0.04197126
0.0,0.023682259
0.0,0.026059119
0.0,0.056017745
0.0,0.07519769
0.0,0.07781847
0.0,0.060136825
0.0,0.023986006
1.0,0.12917282
0.0,0.02200958
0.0,0.041003924
1.0,0.045958474
0.0,0.033709582
0.0,0.07527557
0.0,0.06371129
0.0,0.08096629
0.0,0.09685749
0.0,0.044570528
0.0,0.026043206
0.0,0.07160718
0.0,0.040739477
0.0,0.016275972
0.0,0.045507155
0.0,0.04903249
0.0,0.124748066
0.0,0.11087017
0.0,0.05964406
0.0,0.09351961
0.0,0.024184957
0.0,0.09789977
0.0,0.04765158
0.0,0.054483816
0.0,0.03973414
0.0,0.032833997
0.0,0.082646236
0.0,0.047945645
0.0,0.07085611
0.0,0.09854696
0.0,0.022547945
0.0,0.07306287
0.0,0.03400778
0.0,0.052598186
0.0,0.06669862
0.0,0.069568165
0.0,0.07550053
0.0,0.06396593
0.0,0.07113922
0.0,0.082920544
0.0,0.05714559
0.0,0.089870706
0.0,0.036307633
0.0,0.07902451
0.0,0.023680959
0.0,0.026301175
0.0,0.09159252
0.0,0.109966755
0.0,0.08212372
0.0,0.02268564
0.0,0.048900872
0.0,0.03358804
0.0,0.120257996
0.0,0.04989385
0.0,0.042977605
0.0,0.019356187
0.0,0.091143295
0.0,0.063284725
0.0,0.09570884
0.0,0.04676516
0.0,0.013534308
0.0,0.0979655
0.0,0.054647293
0.0,0.037726812
0.0,0.04706145
0.0,0.0948531
0.0,0.04109218
0.0,0.05936724
0.0,0.06475203
0.0,0.03665455
0.0,0.123805806
0.0,0.030238103
0.0,0.06939529
0.0,0.090688966
0.0,0.08324663
0.0,0.05447561
0.0,0.05357389
0.0,0.036354426
0.0,0.021588827
0.0,0.12957022
0.0,0.06910981
0.0,0.077707805
0.0,0.053806145
0.0,0.040965248
0.0,0.04652621
0.0,0.051508956
0.0,0.05281158
0.0,0.1250186
0.0,0.04483153
0.0,0.07396508
1.0,0.063072965
0.0,0.01889712
0.0,0.041216657
0.0,0.026680756
0.0,0.038823623
0.0,0.039836377
0.0,0.07483547
0.0,0.07850632
0.0,0.09285483
0.0,0.076863706
0.0,0.052684236
0.0,0.038595498
0.0,0.043197796
1.0,0.039391913
0.0,0.08307022
0.0,0.06102567
0.0,0.05552343
0.0,0.05648194
0.0,0.04212665
1.0,0.10458065
0.0,0.101625204
0.0,0.08471182
1.0,0.027058564
0.0,0.041622166
0.0,0.025276028
0.0,0.068061724
0.0,0.031545132
0.0,0.06865578
0.0,0.020983908
0.0,0.044646062
0.0,0.059365
0.0,0.052828897
0.0,0.087362945
0.0,0.094968736
0.0,0.046768993
0.0,0.08262523
0.0,0.023848195
0.0,0.04658477
0.0,0.08841884
0.0,0.0121086985
0.0,0.042541057
0.0,0.06268544
0.0,0.065688945
0.0,0.04570601
0.0,0.047595832
0.0,0.021608116
0.0,0.03712043
0.0,0.026126256
0.0,0.05230025
0.0,0.07103808
0.0,0.06699938
0.0,0.046524346
0.0,0.0477008
0.0,0.044435605
0.0,0.10779096
0.0,0.063984126
0.0,0.094837956
0.0,0.049519476
0.0,0.07699822
0.0,0.10107668
0.0,0.08597312
0.0,0.049711227
0.0,0.12859946
0.0,0.05463424
0.0,0.11504288
0.0,0.032020222
0.0,0.086584106
0.0,0.035046168
0.0,0.020126367
0.0,0.029543146
0.0,0.05454615
0.0,0.053807378
0.0,0.037748765
0.0,0.036891762
0.0,0.096656606
0.0,0.0746292
0.0,0.05226642
0.0,0.047001615
0.0,0.05269798
0.0,0.018398989
0.0,0.05528081
0.0,0.069849476
0.0,0.0556553
0.0,0.10634585
0.0,0.09768078
0.0,0.070703514
0.0,0.024869889
0.0,0.06785118
0.0,0.035816874
0.0,0.027827917
0.0,0.038712062
0.0,0.03931475
0.0,0.0975001
0.0,0.059946835
1.0,0.0218538
0.0,0.08443074
0.0,0.015929218
1.0,0.06395725
0.0,0.1157902
1.0,0.034095168
1.0,0.05070192
0.0,0.08821267
0.0,0.057695795
0.0,0.08132295
0.0,0.06622458
0.0,0.031144455
0.0,0.038980518
0.0,0.14761923
0.0,0.024058
0.0,0.048650105
0.0,0.085358314
0.0,0.08190204
0.0,0.040198952
0.0,0.036337372
0.0,0.05694859
0.0,0.09389229
0.0,0.10649808
0.0,0.070875205
0.0,0.058945138
0.0,0.059493743
0.0,0.053258717
0.0,0.051850356
0.0,0.051500138
2.0,0.054043904
0.0,0.06989625
0.0,0.042185813
0.0,0.035484347
0.0,0.04456275
0.0,0.08280418
0.0,0.051315602
0.0,0.041816264
0.0,0.045394287
0.0,0.04940068
0.0,0.041756686
1.0,0.06005653
0.0,0.043823592
0.0,0.029670557
0.0,0.027634395
0.0,0.03950683
0.0,0.022345692
0.0,0.04366656
0.0,0.025382347
0.0,0.045949247
0.0,0.046572402
0.0,0.0643044
0.0,0.0460629
0.0,0.021699993
0.0,0.06224648
0.0,0.03400533
0.0,0.02555893
0.0,0.06556185
0.0,0.062042754
0.0,0.033631314
0.0,0.098157845
0.0,0.014402038
0.0,0.044127412
0.0,0.071055174
0.0,0.05551686
0.0,0.024635753
0.0,0.10232282
0.0,0.0597432
0.0,0.050515234
0.0,0.077154644
0.0,0.0565668
0.0,0.08559871
0.0,0.06756753
0.0,0.040012017
0.0,0.093142465
0.0,0.039406963
1.0,0.022800334
0.0,0.01902314
0.0,0.107239485
0.0,0.03858768
0.0,0.046105403
0.0,0.044111717
0.0,0.061166763
0.0,0.025775105
0.0,0.056825116
0.0,0.010747076
0.0,0.06923145
0.0,0.058717992
0.0,0.038483143
1.0,0.03341333
0.0,0.06177035
0.0,0.08373062
0.0,0.07415221
0.0,0.038724948
0.0,0.060077526
0.0,0.018627405
0.0,0.032365933
0.0,0.05703792
0.0,0.07453147
0.0,0.049652334
0.0,0.043423668
0.0,0.08739953
0.0,0.07547939
0.0,0.06154445
0.0,0.0525481
0.0,0.087372445
0.0,0.028819272
0.0,0.0620445
1.0,0.060735952
0.0,0.0351446
0.0,0.028007124
0.0,0.047209226
0.0,0.05775068
0.0,0.051654663
0.0,0.06146263
0.0,0.04871624
1.0,0.043250434
0.0,0.07259282
0.0,0.080334865
0.0,0.06669451
0.0,0.05542299
0.0,0.12608363
0.0,0.025197122
0.0,0.033753105
0.0,0.026803147
0.0,0.049969632
0.0,0.040071607
0.0,0.02723248
0.0,0.08549579
0.0,0.0626693
0.0,0.05939776
0.0,0.03515719
0.0,0.041120935
0.0,0.02841207
0.0,0.061247624
0.0,0.08789589
0.0,0.05002079
0.0,0.021829158
0.0,0.1041622
0.0,0.029431954
1.0,0.06417709
0.0,0.023260709
0.0,0.043817967
0.0,0.040755294
0.0,0.024377327
1.0,0.05584266
0.0,0.10172279
0.0,0.058720764
0.0,0.05897744
0.0,0.06757439
0.0,0.047335163
0.0,0.069462806
0.0,0.02416339
0.0,0.023167338
0.0,0.04009085
0.0,0.06280098
0.0,0.076784134
0.0,0.025115553
0.0,0.05034167
0.0,0.049004115
0.0,0.060622763
0.0,0.049004838
0.0,0.050773047
0.0,0.054680265
0.0,0.074521735
0.0,0.0286778
0.0,0.07478268
0.0,0.04469601
0.0,0.07963424
0.0,0.10027317
0.0,0.03195622
0.0,0.03863334
1.0,0.028416635
0.0,0.04413381
0.0,0.043872893
0.0,0.042480405
0.0,0.03618026
0.0,0.03476445
0.0,0.051058296
0.0,0.056687713
0.0,0.066507936
0.0,0.03819723
0.0,0.027434316
0.0,0.04489986
0.0,0.047398247
0.0,0.06244483
0.0,0.15104711
0.0,0.06428403
0.0,0.05414932
0.0,0.019777665
0.0,0.07701724
0.0,0.048798427
0.0,0.09797239
1.0,0.080927305
0.0,0.05893055
0.0,0.0792626
0.0,0.030954588
0.0,0.08210706
0.0,0.04985708
0.0,0.014576947
0.0,0.12431286
0.0,0.04634597
0.0,0.038654197
0.0,0.044379726
0.0,0.05164816
0.0,0.056047495
0.0,0.029839752
0.0,0.013058345
0.0,0.05163991
0.0,0.042402104
0.0,0.0910299
0.0,0.039605156
0.0,0.06779356
0.0,0.04113847
0.0,0.033192802
0.0,0.08984022
0.0,0.039728686
0.0,0.08186686
0.0,0.043676224
1.0,0.039746344
0.0,0.016079694
0.0,0.035353594
0.0,0.058260296
0.0,0.06515451
0.0,0.10803389
0.0,0.009391027
0.0,0.010279194
0.0,0.032737307
0.0,0.065087855
0.0,0.098684974
0.0,0.082475305
0.0,0.09257202
0.0,0.06381344
0.0,0.11881626
0.0,0.17506586
0.0,0.037703414
0.0,0.03997994
0.0,0.05880101
0.0,0.022776559
0.0,0.048853256
0.0,0.104185596
0.0,0.025536343
0.0,0.035376932
0.0,0.050170086
0.0,0.088183224
0.0,0.020029718
0.0,0.0088226665
0.0,0.09063082
0.0,0.048179064
0.0,0.046821654
0.0,0.015728554
0.0,0.11709768
0.0,0.038949396
0.0,0.058389284
0.0,0.07221848
0.0,0.021378055
0.0,0.051198795
0.0,0.091567546
0.0,0.022941682
0.0,0.053171985
0.0,0.06471363
0.0,0.058939952
0.0,0.033256285
0.0,0.1251547
0.0,0.05575071
0.0,0.090896904
0.0,0.09940506
0.0,0.063961536
0.0,0.05172725
0.0,0.08531195
0.0,0.03602624
0.0,0.04387643
0.0,0.086153015
0.0,0.03929539
0.0,0.09517303
0.0,0.054806426
0.0,0.06334488
0.0,0.021316402
0.0,0.06120224
0.0,0.043280534
0.0,0.058382448
0.0,0.084241495
0.0,0.085633785
0.0,0.024480429
0.0,0.050007246
0.0,0.052203897
0.0,0.030829057
1.0,0.04848984
0.0,0.052874297
0.0,0.036786173
0.0,0.048013914
0.0,0.03701202
0.0,0.03605358
0.0,0.024723036
0.0,0.04107353
0.0,0.0686959
0.0,0.10286608
1.0,0.041705288
0.0,0.054615617
0.0,0.08737682
0.0,0.05265819
0.0,0.043412156
0.0,0.0380555
0.0,0.10947052
0.0,0.051872067
0.0,0.12483631
0.0,0.06426574
0.0,0.06362163
0.0,0.054889828
0.0,0.031209748
0.0,0.053432792
0.0,0.03026541
0.0,0.034897253
0.0,0.0306707
0.0,0.046905342
0.0,0.05935985
0.0,0.05690779
0.0,0.030553224
0.0,0.13775228
0.0,0.057923734
0.0,0.041023385
0.0,0.06436849
0.0,0.030334182
0.0,0.071221225
1.0,0.14652632
0.0,0.08422675
0.0,0.026256166
0.0,0.09858169
0.0,0.048129283
0.0,0.040678952
0.0,0.011215485
0.0,0.048819233
0.0,0.05665996
0.0,0.11128083
0.0,0.036455076
1.0,0.03817527
0.0,0.035264544
0.0,0.066358864
0.0,0.05108518
0.0,0.07232541
0.0,0.057849593
0.0,0.07143601
0.0,0.111385204
0.0,0.118068494
0.0,0.046415813
0.0,0.049316257
0.0,0.02494043
0.0,0.061686493
0.0,0.036900997
0.0,0.033411432
0.0,0.06510684
0.0,0.06116382
0.0,0.027362814
0.0,0.041157126
0.0,0.04147249
0.0,0.061428804
0.0,0.07113159
0.0,0.0247255
0.0,0.046758648
0.0,0.12175449
0.0,0.08523087
0.0,0.051804833
0.0,0.03411351
0.0,0.025993247
0.0,0.049602427
1.0,0.08664589
0.0,0.05657933
0.0,0.05293989
0.0,0.019699572
1.0,0.100594275
1.0,0.009500447
0.0,0.044083413
0.0,0.060396582
0.0,0.06784799
0.0,0.089931205
1.0,0.020844264
0.0,0.048444584
0.0,0.053614754
0.0,0.07854983
0.0,0.030969294
0.0,0.12210187
0.0,0.061866876
1.0,0.08970497
0.0,0.053708225
0.0,0.079635
0.0,0.04241193
0.0,0.080172375
0.0,0.03615255
0.0,0.11457842
0.0,0.04752725
0.0,0.022270476
0.0,0.079489775
0.0,0.036824077
0.0,0.07629119
1.0,0.021232232
0.0,0.044112243
0.0,0.02712728
0.0,0.023560692
0.0,0.06278775
0.0,0.04174894
1.0,0.052057087
0.0,0.03419884
0.0,0.037186373
1.0,0.04383358
0.0,0.123246916
0.0,0.1549045
0.0,0.038807113
0.0,0.03189814
0.0,0.06481452
0.0,0.08380826
0.0,0.041646305
0.0,0.09035863
0.0,0.041145258
0.0,0.063830204
0.0,0.04110935
0.0,0.106172636
0.0,0.069085695
0.0,0.050288383
0.0,0.18385649
0.0,0.04741866
0.0,0.07554575
0.0,0.06225301
0.0,0.05230541
0.0,0.054240823
0.0,0.020535335
0.0,0.027282909
0.0,0.07873838
0.0,0.042365726
0.0,0.032578185
0.0,0.018136937
0.0,0.044291206
1.0,0.07748399
0.0,0.05411615
0.0,0.031999875
0.0,0.05468029
0.0,0.06710139
0.0,0.07769547
0.0,0.08809934
0.0,0.052405596
0.0,0.050740376
0.0,0.11016902
1.0,0.14855655
0.0,0.03391245
0.0,0.026409997
1.0,0.036609225
0.0,0.031957775
0.0,0.061785933
0.0,0.06893222
1.0,0.053345628
0.0,0.056700774
0.0,0.026580604
0.0,0.028082572
0.0,0.05171132
0.0,0.03296513
0.0,0.029591532
0.0,0.040067554
0.0,0.08460053
0.0,0.053441368
0.0,0.042996176
0.0,0.01969144
0.0,0.033463124
1.0,0.007926271
0.0,0.04788994
0.0,0.036282226
0.0,0.021853456
0.0,0.065609284
0.0,0.019381363
0.0,0.080083966
0.0,0.050111152
0.0,0.034684557
0.0,0.032570716
0.0,0.05478555
0.0,0.06501547
0.0,0.033341564
0.0,0.013282528
0.0,0.08136888
0.0,0.042150643
0.0,0.047370277
0.0,0.03701018
0.0,0.055785492
0.0,0.015835952
0.0,0.041454736
0.0,0.08968226
0.0,0.0843242
0.0,0.04025431
0.0,0.044428486
0.0,0.06558857
0.0,0.14858721
0.0,0.050640862
0.0,0.034248855
0.0,0.12978797
0.0,0.039368816
0.0,0.04070645
0.0,0.047763504
0.0,0.023686301
0.0,0.048359975
0.0,0.020366427
0.0,0.020589616
0.0,0.034707274
0.0,0.034776304
0.0,0.025801629
0.0,0.060457435
0.0,0.0656292
0.0,0.045559134
0.0,0.029074125
0.0,0.030789772
0.0,0.09347242
1.0,0.0350066
0.0,0.082680136
0.0,0.06662344
0.0,0.048231497
1.0,0.10720152
0.0,0.03631098
0.0,0.08664928
0.0,0.05765245
0.0,0.019351305
0.0,0.04522255
0.0,0.03386964
0.0,0.05704763
0.0,0.02249264
0.0,0.05112137
0.0,0.05253705
0.0,0.05934567
0.0,0.07082512
0.0,0.057609197
0.0,0.04819563
0.0,0.052458674
0.0,0.028879387
0.0,0.043439012
0.0,0.03504916
0.0,0.08149279
0.0,0.046009168
0.0,0.17241678
0.0,0.06727337
0.0,0.079895616
0.0,0.11186179
0.0,0.027952755
0.0,0.057109088
0.0,0.06345706
0.0,0.0683727
0.0,0.0672136
0.0,0.094027616
0.0,0.045644242
0.0,0.05039261
0.0,0.027781142
1.0,0.049509253
0.0,0.056500647
1.0,0.10402778
0.0,0.046342812
0.0,0.04502365
0.0,0.05604358
0.0,0.066281416
0.0,0.101149246
0.0,0.0515247
0.0,0.06880188
0.0,0.04498998
0.0,0.057357326
0.0,0.053567864
0.0,0.065777935
0.0,0.021201883
0.0,0.050528534
0.0,0.105950944
1.0,0.031782962
0.0,0.017811276
0.0,0.048360527
0.0,0.03915655
0.0,0.058432706
0.0,0.053736083
0.0,0.064258635
0.0,0.07834555
0.0,0.0925944
0.0,0.049644426
0.0,0.038160857
0.0,0.03263072
0.0,0.08141437
0.0,0.061029427
0.0,0.035263266
0.0,0.13568173
0.0,0.08322746
0.0,0.10847891
0.0,0.0431007
0.0,0.09372951
0.0,0.03467057
0.0,0.035154592
0.0,0.09487378
0.0,0.05203371
0.0,0.04543415
0.0,0.022769805
0.0,0.09369852
0.0,0.04409218
0.0,0.05178673
0.0,0.10371926
0.0,0.08687322
0.0,0.022860002
0.0,0.06603743
0.0,0.032436386
0.0,0.050877117
0.0,0.047371678
0.0,0.037952695
0.0,0.08151171
0.0,0.045103006
0.0,0.055743985
0.0,0.049014304
0.0,0.04085318
0.0,0.051085107
0.0,0.083663195
2.0,0.03973221
0.0,0.08272289
0.0,0.029457703
0.0,0.1399878
0.0,0.033838015
0.0,0.029369188
0.0,0.029962143
0.0,0.039945506
0.0,0.029283384
0.0,0.026785348
0.0,0.04272124
0.0,0.07509651
1.0,0.042414684
0.0,0.041462228
0.0,0.12058271
0.0,0.04879787
0.0,0.07243174
0.0,0.085714914
0.0,0.05499869
0.0,0.031634726
0.0,0.055949405
0.0,0.062678754
0.0,0.06255173
0.0,0.08878569
0.0,0.04846508
0.0,0.09272528
0.0,0.054115657
0.0,0.059269935
0.0,0.031447977
0.0,0.0844049
0.0,0.07869518
0.0,0.08617137
0.0,0.066089615
0.0,0.01587877
0.0,0.049977496
0.0,0.04478181
0.0,0.022626018
0.0,0.041487683
0.0,0.027839184
0.0,0.0975986
0.0,0.062198058
1.0,0.039456505
0.0,0.08314642
0.0,0.030844232
0.0,0.05184949
0.0,0.042431474
0.0,0.04970798
0.0,0.11608436
0.0,0.08531697
0.0,0.054992236
0.0,0.024614817
0.0,0.061946046
0.0,0.07087066
0.0,0.061042685
0.0,0.04570954
0.0,0.02815056
0.0,0.04933117
0.0,0.060460202
0.0,0.044498984
1.0,0.03811636
0.0,0.09020212
0.0,0.06408978
0.0,0.048576575
0.0,0.14284045
0.0,0.06147677
0.0,0.091311336
0.0,0.08653833
0.0,0.093612775
0.0,0.023196898
0.0,0.053341746
0.0,0.0883894
0.0,0.053254195
0.0,0.044657983
0.0,0.039954133
0.0,0.073602065
0.0,0.03526964
0.0,0.0984595
0.0,0.055532273
0.0,0.07727434
0.0,0.09054441
0.0,0.08448956
0.0,0.051745754
0.0,0.054721843
1.0,0.024958346
0.0,0.086406425
0.0,0.030011488
0.0,0.08269149
0.0,0.057626136
0.0,0.043047912
0.0,0.074558064
0.0,0.046695724
0.0,0.01880885
0.0,0.063460656
0.0,0.050299104
0.0,0.019830812
0.0,0.084516965
0.0,0.094934374
0.0,0.043659233
0.0,0.026098888
0.0,0.07528316
0.0,0.07044382
0.0,0.048518933
0.0,0.063633695
0.0,0.06135126
0.0,0.048865885
0.0,0.07677696
0.0,0.06493355
0.0,0.08820972
0.0,0.058267824
0.0,0.08724567
0.0,0.07645127
0.0,0.022462126
0.0,0.05500611
0.0,0.11467467
0.0,0.12095414
0.0,0.09441159
0.0,0.042554323
0.0,0.033609092
0.0,0.049837567
0.0,0.05570402
0.0,0.06995332
0.0,0.03536064
0.0,0.0206843
0.0,0.05911594
0.0,0.0845111
0.0,0.047742285
1.0,0.123102605
0.0,0.041841514
1.0,0.041223258
0.0,0.052564465
0.0,0.06749655
0.0,0.07721316
0.0,0.04140264
0.0,0.035543144
0.0,0.047078058
0.0,0.058578193
0.0,0.033794686
0.0,0.06986734
0.0,0.06219791
0.0,0.026393693
0.0,0.08545976
1.0,0.041642413
0.0,0.09446601
0.0,0.053640198
0.0,0.057749603
0.0,0.07555021
0.0,0.040588062
0.0,0.061554942
0.0,0.04876591
0.0,0.03486231
0.0,0.0556271
0.0,0.056350403
0.0,0.036669865
0.0,0.038371004
0.0,0.025683079
0.0,0.053098783
0.0,0.07755825
0.0,0.065345034
0.0,0.08158365
0.0,0.031597566
0.0,0.06518295
0.0,0.092865184
0.0,0.014236245
0.0,0.05358342
0.0,0.054610983
0.0,0.032699518
0.0,0.042166606
0.0,0.050946087
0.0,0.05949442
0.0,0.08386792
0.0,0.09619905
0.0,0.11536314
0.0,0.04961357
0.0,0.033670384
0.0,0.052551836
0.0,0.06045954
0.0,0.026878223
0.0,0.08682534
0.0,0.048968658
0.0,0.047666218
0.0,0.052009895
0.0,0.05558327
0.0,0.06274655
0.0,0.07076609
0.0,0.039865583
0.0,0.048053607
0.0,0.045346968
0.0,0.04716326
0.0,0.06611223
0.0,0.04029606
0.0,0.04359339
0.0,0.07304614
0.0,0.03968236
0.0,0.08573875
0.0,0.05261547
0.0,0.039382823
0.0,0.0430125
0.0,0.04321607
0.0,0.057441983
0.0,0.09691602
0.0,0.11202844
0.0,0.040714987
0.0,0.043617263
0.0,0.06136523
0.0,0.011230003
0.0,0.053238656
0.0,0.071620084
0.0,0.050530724
0.0,0.08160972
0.0,0.044366203
0.0,0.054601215
0.0,0.040197533
0.0,0.037868798
1.0,0.051486265
0.0,0.08209655
0.0,0.046601415
0.0,0.09218386
1.0,0.052316833
1.0,0.038818717
0.0,0.059195004
0.0,0.035750754
0.0,0.053740043
0.0,0.021586655
0.0,0.07670747
0.0,0.028369155
2.0,0.022071417
0.0,0.03145741
0.0,0.046477824
0.0,0.09088139
0.0,0.06238123
0.0,0.028257517
0.0,0.14195183
0.0,0.064544626
0.0,0.021468299
0.0,0.03615917
0.0,0.038877625
0.0,0.2145046
0.0,0.030429088
0.0,0.034766108
0.0,0.11293285
0.0,0.038323205
0.0,0.06430535
0.0,0.09843887
0.0,0.042725705
0.0,0.054939557
1.0,0.09154707
0.0,0.117180966
0.0,0.03877367
0.0,0.02619158
0.0,0.0574699
1.0,0.04782757
0.0,0.037797123
0.0,0.073361665
0.0,0.042682026
0.0,0.03127324
0.0,0.05157251
0.0,0.06125088
0.0,0.06173101
0.0,0.08484365
0.0,0.029716957
0.0,0.19728428
0.0,0.044858582
0.0,0.046411432
0.0,0.123777
0.0,0.03487453
0.0,0.07643835
0.0,0.044855647
0.0,0.05627538
0.0,0.09891629
0.0,0.01701643
0.0,0.057491496
0.0,0.03704756
0.0,0.05231057
0.0,0.08380658
0.0,0.12639563
0.0,0.05653123
1.0,0.052560154
0.0,0.09080149
0.0,0.014586348
0.0,0.028180106
0.0,0.060620274
0.0,0.09556127
0.0,0.027697057
0.0,0.123758145
0.0,0.09734462
1.0,0.045859218
0.0,0.031611145
0.0,0.035483874
0.0,0.04603236
0.0,0.033774517
0.0,0.07264245
0.0,0.027278148
0.0,0.0824339
0.0,0.038554076
0.0,0.0393149
0.0,0.05981329
0.0,0.024604583
0.0,0.06500165
0.0,0.046104632
0.0,0.024604313
0.0,0.09540488
0.0,0.11513042
0.0,0.08564701
0.0,0.02654124
0.0,0.05689314
0.0,0.029487005
0.0,0.04471451
0.0,0.091691084
0.0,0.057780124
0.0,0.08252014
0.0,0.111795664
0.0,0.02667647
0.0,0.04748206
0.0,0.052917123
0.0,0.061899435
0.0,0.032662883
0.0,0.05290418
0.0,0.076406084
0.0,0.069306895
0.0,0.12003742
0.0,0.053089645
0.0,0.091448724
0.0,0.05173645
0.0,0.095054686
0.0,0.10951338
0.0,0.059981346
0.0,0.08655649
0.0,0.06281357
0.0,0.038633946
0.0,0.054481763
0.0,0.07487154
0.0,0.04284532
0.0,0.083799906
0.0,0.07163648
1.0,0.031865682
0.0,0.07861334
0.0,0.048445
0.0,0.08003353
0.0,0.067116916
0.0,0.09129567
0.0,0.06134889
0.0,0.0982078
0.0,0.021978987
0.0,0.051885672
0.0,0.0454024
0.0,0.10156305
0.0,0.09441661
0.0,0.03616536
0.0,0.2145046
0.0,0.065043196
0.0,0.072549164
0.0,0.0887322
0.0,0.040054984
0.0,0.08294698
0.0,0.12236801
0.0,0.040993154
0.0,0.032384507
0.0,0.037329867
0.0,0.036968682
0.0,0.091849074
0.0,0.05576028
0.0,0.03392715
0.0,0.054231204
0.0,0.04130515
0.0,0.04097525
0.0,0.12857151
0.0,0.02707506
0.0,0.06371622
0.0,0.084109
0.0,0.025205294
0.0,0.01886078
0.0,0.04392114
0.0,0.04936202
0.0,0.07407033
0.0,0.10962252
0.0,0.0677658
0.0,0.11641696
0.0,0.033824448
0.0,0.055263203
0.0,0.09305566
0.0,0.08341746
1.0,0.02332871
0.0,0.075045966
0.0,0.024872437
0.0,0.05120053
0.0,0.025194226
0.0,0.08549599
0.0,0.03366579
0.0,0.025376588
0.0,0.037364434
0.0,0.049864903
0.0,0.039537698
1.0,0.094544515
0.0,0.08555582
0.0,0.07631928
0.0,0.09781993
0.0,0.0629656
0.0,0.08552984
0.0,0.08163603
0.0,0.06184285
1.0,0.07725474
0.0,0.034255862
0.0,0.07263657
1.0,0.047073994
0.0,0.041898534
0.0,0.08222187
0.0,0.052167617
0.0,0.027349494
0.0,0.12531063
0.0,0.10336432
0.0,0.04878619
0.0,0.10177238
0.0,0.054719288
0.0,0.08508612
0.0,0.07761364
0.0,0.05495973
0.0,0.02312348
0.0,0.034909338
0.0,0.06298704
0.0,0.04150347
0.0,0.11680903
0.0,0.06333806
0.0,0.058705647
0.0,0.046049684
0.0,0.06801773
0.0,0.034471598
0.0,0.052715495
0.0,0.01837883
0.0,0.05554215
0.0,0.10148138
0.0,0.02040817
0.0,0.03301226
0.0,0.05477915
0.0,0.056896668
0.0,0.033005837
0.0,0.044125266
0.0,0.0704817
1.0,0.052018106
0.0,0.084587865
0.0,0.076103374
0.0,0.06463394
0.0,0.053829886
0.0,0.0358551
0.0,0.042117596
0.0,0.0670608
0.0,0.050737012
0.0,0.08311507
0.0,0.059228376
0.0,0.0978503
0.0,0.03922775
0.0,0.057222866
0.0,0.01047359
0.0,0.02089619
0.0,0.058096897
0.0,0.021934574
0.0,0.06427962
0.0,0.06542153
0.0,0.06975698
0.0,0.021052271
0.0,0.050356507
0.0,0.0523496
2.0,0.039992675
0.0,0.09453184
0.0,0.050239608
0.0,0.05380943
1.0,0.17636149
0.0,0.03548032
0.0,0.10448699
0.0,0.015989847
0.0,0.03869309
1.0,0.07169722
0.0,0.03267396
0.0,0.06615207
0.0,0.040042784
0.0,0.02905313
0.0,0.06976815
0.0,0.046627153
0.0,0.05311588
0.0,0.086400285
0.0,0.038675472
0.0,0.0457903
0.0,0.10343583
0.0,0.06511435
0.0,0.08008904
0.0,0.061794005
0.0,0.09982629
0.0,0.038342655
0.0,0.039425135
0.0,0.07067577
0.0,0.02993778
0.0,0.050061334
0.0,0.050978575
0.0,0.052204695
0.0,0.035613924
0.0,0.025692705
0.0,0.05657059
0.0,0.037419155
1.0,0.027480718
0.0,0.048832852
0.0,0.09087617
0.0,0.072763234
0.0,0.042959616
0.0,0.09872893
0.0,0.05356472
0.0,0.032942425
0.0,0.06886175
0.0,0.039535098
0.0,0.024007369
0.0,0.053314105
0.0,0.05049286
0.0,0.14250664
0.0,0.03222867
0.0,0.09247681
0.0,0.16411737
0.0,0.014992362
0.0,0.048712224
0.0,0.059510197
0.0,0.04474958
0.0,0.017862119
0.0,0.07166224
0.0,0.079759136
0.0,0.07267473
0.0,0.039823197
0.0,0.045292016
0.0,0.062532075
1.0,0.057838038
0.0,0.059402917
0.0,0.11447488
0.0,0.064417705
0.0,0.017444184
1.0,0.0639517
0.0,0.018347554
0.0,0.035642363
0.0,0.04644134
0.0,0.024527762
1.0,0.031050043
0.0,0.056049008
0.0,0.047223795
0.0,0.08040149
0.0,0.055910334
0.0,0.031176876
0.0,0.16695535
0.0,0.0455182
0.0,0.0407408
0.0,0.05012344
0.0,0.07104603
0.0,0.08174537
0.0,0.06255931
0.0,0.07677916
0.0,0.084140666
1.0,0.030142788
0.0,0.07935544
0.0,0.060222354
0.0,0.12477805
0.0,0.13127032
0.0,0.08041477
0.0,0.035861783
0.0,0.07216847
0.0,0.042826977
0.0,0.113783784
0.0,0.04198147
0.0,0.056821104
0.0,0.012967621
0.0,0.052143566
0.0,0.019627413
0.0,0.078857414
0.0,0.032804407
0.0,0.07116385
0.0,0.10935792
0.0,0.09671982
0.0,0.037959844
0.0,0.040780835
0.0,0.054482646
0.0,0.05444333
0.0,0.056647588
0.0,0.04860264
0.0,0.043384198
0.0,0.04919535
0.0,0.03345754
0.0,0.048941486
0.0,0.10932117
1.0,0.129443
0.0,0.032943793
0.0,0.01741052
0.0,0.06693595
0.0,0.046526566
0.0,0.09617016
0.0,0.041821666
0.0,0.061221752
0.0,0.06587904
0.0,0.1471243
0.0,0.047432594
0.0,0.058508318
0.0,0.023477029
0.0,0.11720673
0.0,0.11580102
0.0,0.1435302
0.0,0.06092769
0.0,0.051708434
0.0,0.14207445
0.0,0.09818073
0.0,0.07272716
0.0,0.034703486
0.0,0.08974052
0.0,0.03525607
0.0,0.048015174
0.0,0.035583757
0.0,0.05927819
1.0,0.040071033
0.0,0.027400782
0.0,0.048192713
0.0,0.068866745
0.0,0.11075379
0.0,0.057858866
0.0,0.060334034
0.0,0.11508637
0.0,0.06583018
0.0,0.03943307
0.0,0.01878705
0.0,0.06904742
0.0,0.043757357
0.0,0.054480426
1.0,0.08984861
0.0,0.12670982
0.0,0.029664643
0.0,0.038093828
0.0,0.04488231
0.0,0.0322386
0.0,0.02165606
0.0,0.04600945
0.0,0.07143495
0.0,0.06630377
0.0,0.050249048
0.0,0.049238387
0.0,0.10615302
0.0,0.038358912
0.0,0.05499705
0.0,0.092370704
0.0,0.11703555
0.0,0.03553657
0.0,0.053116385
0.0,0.08122311
0.0,0.03485187
1.0,0.024330005
0.0,0.06889101
0.0,0.020662919
0.0,0.09532184
0.0,0.09511179
0.0,0.03982242
0.0,0.11153641
0.0,0.060142417
0.0,0.030906256
0.0,0.07217007
0.0,0.12004524
0.0,0.058027126
0.0,0.06483449
0.0,0.08492371
0.0,0.090018585
0.0,0.056728166
0.0,0.07796264
0.0,0.08267876
0.0,0.07980606
0.0,0.11043037
0.0,0.052414767
0.0,0.0354525
0.0,0.045574345
0.0,0.10563842
0.0,0.08097239
0.0,0.334742
0.0,0.016417813
0.0,0.038882464
0.0,0.035951484
0.0,0.03884729
1.0,0.037348263
0.0,0.057324104
0.0,0.052236915
0.0,0.06506705
0.0,0.025601864
0.0,0.03851525
0.0,0.04800771
0.0,0.059776396
1.0,0.038819198
0.0,0.027158447
0.0,0.054903258
0.0,0.029044474
0.0,0.0276301
0.0,0.07517356
0.0,0.019629097
0.0,0.057772547
0.0,0.045985542
0.0,0.13681762
0.0,0.08323139
0.0,0.069286965
0.0,0.093001895
0.0,0.041480917
1.0,0.04032843
0.0,0.09000382
0.0,0.049631197
1.0,0.02228386
0.0,0.046222888
0.0,0.055445842
0.0,0.04210428
0.0,0.04438586
0.0,0.036691327
0.0,0.07381967
0.0,0.035540584
0.0,0.09491129
0.0,0.0686083
0.0,0.078119114
0.0,0.040843226
0.0,0.031853635
0.0,0.08668533
0.0,0.058233324
0.0,0.10068858
0.0,0.025544114
0.0,0.09913577
0.0,0.04990841
0.0,0.03330869
0.0,0.05781959
0.0,0.05005663
0.0,0.064539626
0.0,0.16541314
0.0,0.07282308
0.0,0.045403853
0.0,0.13694935
0.0,0.0644772
0.0,0.050782807
0.0,0.06351899
0.0,0.060124982
0.0,0.04149217
0.0,0.05029728
0.0,0.022036094
0.0,0.0406369
0.0,0.07598645
0.0,0.033925872
1.0,0.017089678
0.0,0.08689919
0.0,0.034859914
0.0,0.04985254
0.0,0.080127776
0.0,0.032269098
0.0,0.040598456
0.0,0.038325507
0.0,0.09156086
0.0,0.01655234
0.0,0.02596385
0.0,0.06074935
0.0,0.042395614
0.0,0.039317545
0.0,0.122168265
0.0,0.05849641
0.0,0.101746954
0.0,0.06290462
0.0,0.07174301
1.0,0.059773773
0.0,0.021854477
0.0,0.055681713
0.0,0.051549964
1.0,0.062157705
0.0,0.044315163
0.0,0.089958
0.0,0.08879323
0.0,0.06864009
0.0,0.055404045
0.0,0.14233609
0.0,0.011406393
1.0,0.07274423
0.0,0.052805815
0.0,0.044218995
1.0,0.05763783
0.0,0.05133425
0.0,0.034696005
0.0,0.037774116
0.0,0.042067394
0.0,0.034325913
0.0,0.04073802
0.0,0.023072451
0.0,0.0656856
0.0,0.05113446
0.0,0.078869075
0.0,0.053758703
0.0,0.05219016
0.0,0.042060196
0.0,0.05373958
0.0,0.031994626
0.0,0.04691364
0.0,0.093778305
0.0,0.06560024
0.0,0.04419606
0.0,0.0521615
0.0,0.048587464
0.0,0.03528311
0.0,0.027854176
0.0,0.05564262
0.0,0.023599898
0.0,0.08552254
0.0,0.041227978
0.0,0.06489614
0.0,0.042405624
0.0,0.054584242
0.0,0.09467453
0.0,0.18606502
0.0,0.080184415
0.0,0.0819675
0.0,0.033780012
1.0,0.064729705
0.0,0.06586082
0.0,0.03212063
0.0,0.016192948
0.0,0.029203512
0.0,0.08722696
0.0,0.045692496
0.0,0.027164986
0.0,0.053332157
0.0,0.058507845
1.0,0.11319344
0.0,0.07828526
0.0,0.0821701
0.0,0.11954835
0.0,0.05191678
1.0,0.06037372
0.0,0.058710963
0.0,0.029997539
0.0,0.03342662
1.0,0.09248025
0.0,0.043933228
0.0,0.06363152
0.0,0.04648266
1.0,0.037931763
0.0,0.031824335
0.0,0.03839608
0.0,0.035004165
1.0,0.057160184
0.0,0.07521689
0.0,0.04554645
0.0,0.025944592
0.0,0.049690276
0.0,0.062341325
0.0,0.06527652
0.0,0.048924264
0.0,0.0659184
0.0,0.039278846
0.0,0.031911008
0.0,0.06784514
0.0,0.09217197
0.0,0.07610951
0.0,0.089093246
0.0,0.028371172
0.0,0.05179673
1.0,0.08948371
0.0,0.09358108
1.0,0.08817518
0.0,0.056318115
0.0,0.05840145
0.0,0.07870563
0.0,0.042083908
0.0,0.048512965
0.0,0.024936922
0.0,0.042073775
0.0,0.050291523
0.0,0.02497369
0.0,0.037294216
0.0,0.07941908
0.0,0.03954724
0.0,0.057886735
0.0,0.11054169
1.0,0.058899704
0.0,0.08925687
0.0,0.052214205
0.0,0.043926585
0.0,0.026514512
0.0,0.023749262
0.0,0.04210414
0.0,0.05202808
0.0,0.023994574
0.0,0.13240966
0.0,0.07007472
1.0,0.10153811
0.0,0.07379964
0.0,0.07148491
0.0,0.10150398
0.0,0.107224524
0.0,0.13353203
0.0,0.08802789
0.0,0.025714057
0.0,0.033371836
0.0,0.04680333
0.0,0.043367527
0.0,0.090742126
0.0,0.037811637
0.0,0.06276323
0.0,0.05234523
0.0,0.040046945
0.0,0.1343693
0.0,0.058653295
0.0,0.036999665
0.0,0.019631747
1.0,0.02911236
0.0,0.08979261
0.0,0.03411382
0.0,0.039067473
0.0,0.118191466
0.0,0.046567425
0.0,0.05523641
0.0,0.10079296
0.0,0.030653419
0.0,0.044319708
0.0,0.014440747
0.0,0.1516925
0.0,0.08808591
0.0,0.03659226
0.0,0.026632342
1.0,0.037771236
0.0,0.0375927
0.0,0.14175583
0.0,0.04662455
1.0,0.07942173
0.0,0.05494325
0.0,0.14297143
0.0,0.04630307
0.0,0.053138502
0.0,0.056515332
0.0,0.05513047
0.0,0.04402017
0.0,0.03312584
0.0,0.057704955
0.0,0.06715723
1.0,0.038237996
0.0,0.012131654
0.0,0.09533162
0.0,0.07335559
0.0,0.05624748
0.0,0.05967164
0.0,0.06918927
0.0,0.046139844
0.0,0.057875365
0.0,0.08319108
0.0,0.03546623
0.0,0.050768472
0.0,0.09170684
0.0,0.043898005
0.0,0.026835987
0.0,0.05567675
0.0,0.06331904
0.0,0.043554723
0.0,0.045127124
0.0,0.059289187
0.0,0.08763394
0.0,0.04861669
0.0,0.033975217
0.0,0.09291634
0.0,0.07378194
0.0,0.11451817
0.0,0.06756279
0.0,0.06524143
0.0,0.06849804
0.0,0.07415709
0.0,0.058567215
1.0,0.13425606
0.0,0.11729775
0.0,0.06863703
0.0,0.057668164
0.0,0.032671012
0.0,0.058842186
0.0,0.057812408
0.0,0.055234198
0.0,0.15168852
1.0,0.08312748
0.0,0.07581801
0.0,0.061141364
0.0,0.10847144
0.0,0.054136097
0.0,0.09662227
0.0,0.038085636
1.0,0.03922152
0.0,0.088729024
0.0,0.05562568
0.0,0.07695693
0.0,0.032957714
0.0,0.048183843
0.0,0.028661314
0.0,0.035829905
0.0,0.06399059
0.0,0.036187354
0.0,0.039913345
0.0,0.052656483
0.0,0.045958206
0.0,0.06350391
0.0,0.042762004
0.0,0.06357665
0.0,0.076302975
0.0,0.07292336
1.0,0.052198548
0.0,0.06594982
0.0,0.0383254
0.0,0.07081374
0.0,0.08475895
0.0,0.08006491
0.0,0.06404512
0.0,0.09817451
0.0,0.039051212
0.0,0.069570094
0.0,0.10695411
0.0,0.06585919
0.0,0.037511587
0.0,0.08290801
0.0,0.04446666
0.0,0.08629897
0.0,0.023225665
0.0,0.056533173
0.0,0.0806038
0.0,0.05996516
0.0,0.03825607
0.0,0.022539891
0.0,0.07301936
0.0,0.03546645
0.0,0.04508591
0.0,0.09405239
0.0,0.09691745
0.0,0.06843186
0.0,0.08706066
0.0,0.096270084
0.0,0.055436816
0.0,0.039204806
0.0,0.035413135
0.0,0.07295943
0.0,0.030946236
0.0,0.11559659
0.0,0.03725232
0.0,0.08605093
0.0,0.06894349
0.0,0.06422247
0.0,0.07007339
0.0,0.07304771
0.0,0.06291014
0.0,0.052883048
0.0,0.073200226
0.0,0.07593768
0.0,0.09804764
0.0,0.09476857
0.0,0.068176255
0.0,0.02925628
0.0,0.09572406
0.0,0.03644548
0.0,0.09144498
0.0,0.04516557
0.0,0.03602641
0.0,0.021987237
0.0,0.07912507
0.0,0.049573295
0.0,0.06641046
0.0,0.0702094
0.0,0.058624633
0.0,0.113075405
0.0,0.03335165
0.0,0.14182551
0.0,0.020940568
0.0,0.07387597
0.0,0.07076382
0.0,0.07897222
0.0,0.06632169
0.0,0.042650696
0.0,0.038736325
0.0,0.022366822
0.0,0.07924348
0.0,0.049130436
0.0,0.035511363
0.0,0.035582077
0.0,0.08031604
0.0,0.050502878
0.0,0.050912984
1.0,0.044423826
0.0,0.04899582
0.0,0.02863353
0.0,0.08522573
0.0,0.118581764
0.0,0.08848557
0.0,0.06195965
0.0,0.062805235
0.0,0.04455563
0.0,0.030019302
0.0,0.066833384
0.0,0.026603315
0.0,0.087150246
0.0,0.062357586
0.0,0.052415166
0.0,0.08516105
0.0,0.017529026
0.0,0.017578403
0.0,0.04837019
0.0,0.048792005
0.0,0.03386042
0.0,0.039003182
0.0,0.06287075
0.0,0.10395853
0.0,0.05489687
0.0,0.042301796
0.0,0.06253888
1.0,0.053268164
0.0,0.063079014
0.0,0.06816943
0.0,0.034020446
0.0,0.0537008
0.0,0.044109486
0.0,0.09965955
0.0,0.034347244
0.0,0.108012825
0.0,0.038047627
0.0,0.071169585
0.0,0.054476958
0.0,0.063642964
0.0,0.056648694
0.0,0.049417693
0.0,0.058773007
1.0,0.037346266
1.0,0.03466976
0.0,0.0227413
0.0,0.072335966
0.0,0.055343818
0.0,0.03278766
0.0,0.018797338
0.0,0.039448075
0.0,0.071591474
0.0,0.031073963
0.0,0.03012964
0.0,0.08505761
0.0,0.058149166
0.0,0.04598037
0.0,0.055028986
0.0,0.074869186
0.0,0.054525323
0.0,0.09139167
0.0,0.064699344
0.0,0.047118507
0.0,0.049980357
0.0,0.10951312
0.0,0.041652225
0.0,0.062135097
0.0,0.040484957
0.0,0.07295101
0.0,0.06435069
0.0,0.05645131
0.0,0.06991262
0.0,0.059572008
0.0,0.06714993
0.0,0.097830266
0.0,0.033359505
0.0,0.10023908
0.0,0.033328168
0.0,0.034725666
0.0,0.038624514
0.0,0.053615265
0.0,0.033667542
0.0,0.062139098
0.0,0.061341576
0.0,0.051043056
0.0,0.048288934
0.0,0.037937243
0.0,0.07457065
1.0,0.053393584
0.0,0.022689968
0.0,0.048434515
0.0,0.06893899
0.0,0.100208834
0.0,0.13972937
0.0,0.08883054
0.0,0.045267165
0.0,0.044906925
0.0,0.01639429
0.0,0.03448725
0.0,0.032599833
0.0,0.040028904
0.0,0.0659535
0.0,0.13502575
0.0,0.122444876
0.0,0.063668855
0.0,0.053040292
0.0,0.024841277
0.0,0.06667307
0.0,0.05158766
0.0,0.024756232
0.0,0.03563784
0.0,0.061194595
0.0,0.043506715
0.0,0.14890401
0.0,0.08411562
0.0,0.075497165
0.0,0.10460471
0.0,0.13813119
0.0,0.054553512
1.0,0.048320077
0.0,0.04697885
0.0,0.042352192
0.0,0.04889707
0.0,0.053682033
0.0,0.17373759
0.0,0.041269027
0.0,0.022315953
0.0,0.04693145
0.0,0.042931214
0.0,0.07460664
0.0,0.05001791
0.0,0.04901783
0.0,0.036540214
0.0,0.08755264
0.0,0.045100488
0.0,0.05573383
0.0,0.06435259
0.0,0.051223487
0.0,0.053202707
0.0,0.04887856
0.0,0.07953864
0.0,0.047545407
0.0,0.07725179
1.0,0.09184128
0.0,0.04778517
0.0,0.035272885
0.0,0.030737242
0.0,0.02665732
0.0,0.029332632
0.0,0.026087403
0.0,0.08259817
0.0,0.09618724
0.0,0.050704822
0.0,0.037449125
0.0,0.11311947
0.0,0.062448822
0.0,0.09395586
0.0,0.04147265
0.0,0.06885047
0.0,0.04668386
0.0,0.04233925
0.0,0.040109187
0.0,0.05262546
0.0,0.06336556
0.0,0.030266607
0.0,0.06235491
0.0,0.051527083
0.0,0.037296936
0.0,0.022630712
0.0,0.0505957
0.0,0.06599358
0.0,0.063857
0.0,0.10940216
0.0,0.051042814
0.0,0.028889924
0.0,0.045877084
0.0,0.05088192
0.0,0.061106272
0.0,0.025836544
0.0,0.10846432
0.0,0.056798566
0.0,0.021355458
0.0,0.052727237
0.0,0.15354735
0.0,0.05044367
0.0,0.056388438
0.0,0.04026527
0.0,0.090777315
0.0,0.047634386
0.0,0.060637563
0.0,0.05638185
0.0,0.059056744
0.0,0.069625676
0.0,0.033046562
0.0,0.036749527
0.0,0.10539209
0.0,0.03289579
0.0,0.04563906
0.0,0.030326199
0.0,0.10546237
0.0,0.11346234
0.0,0.18519737
0.0,0.016718315
0.0,0.051079825
0.0,0.039280176
0.0,0.058181535
0.0,0.048016317
0.0,0.12784988
0.0,0.06604943
0.0,0.050763607
0.0,0.064829975
0.0,0.041821327
1.0,0.041363847
0.0,0.03190021
0.0,0.035156906
0.0,0.074336976
0.0,0.039227
0.0,0.115403086
0.0,0.04684738
0.0,0.02733385
0.0,0.06449839
0.0,0.04684019
0.0,0.03658992
0.0,0.036318664
0.0,0.023429355
0.0,0.083541736
0.0,0.10174894
0.0,0.059358094
0.0,0.040993113
1.0,0.21428183
0.0,0.048436478
0.0,0.07020821
0.0,0.04184868
0.0,0.08122557
1.0,0.048214663
0.0,0.07666359
0.0,0.05431148
0.0,0.10694904
0.0,0.034808356
0.0,0.046888996
0.0,0.051990308
0.0,0.036324136
0.0,0.056157943
0.0,0.059369475
0.0,0.04284587
0.0,0.05850419
0.0,0.07683758
0.0,0.09861658
1.0,0.028091064
0.0,0.04924433
0.0,0.062761255
0.0,0.0348097
0.0,0.069939226
0.0,0.10109943
0.0,0.046258517
0.0,0.062568076
0.0,0.05084995
0.0,0.032915074
0.0,0.07139077
0.0,0.06923498
0.0,0.041208815
0.0,0.059939288
0.0,0.029094137
0.0,0.019746784
0.0,0.028507024
0.0,0.033971686
0.0,0.061702702
1.0,0.046618614
0.0,0.066584826
0.0,0.037206717
0.0,0.013664227
0.0,0.104543805
0.0,0.11776717
0.0,0.014730256
0.0,0.051351853
0.0,0.037488967
0.0,0.04389122
0.0,0.029187236
0.0,0.02311304
1.0,0.066125184
0.0,0.052339766
0.0,0.08076406
0.0,0.015729193
0.0,0.020224312
0.0,0.06589899
0.0,0.03780549
0.0,0.039026067
0.0,0.02413619
0.0,0.07232917
0.0,0.017974997
0.0,0.107992426
0.0,0.04650942
0.0,0.07442667
0.0,0.053604964
1.0,0.0507685
0.0,0.039930116
0.0,0.04981839
0.0,0.051150776
0.0,0.08965318
0.0,0.04183553
0.0,0.042056665
0.0,0.010565167
0.0,0.09597949
0.0,0.067290306
0.0,0.11426486
0.0,0.054298196
1.0,0.062620595
1.0,0.03763993
0.0,0.059799377
0.0,0.042080957
0.0,0.032792643
0.0,0.059268285
0.0,0.099677816
0.0,0.07027231
0.0,0.031864133
0.0,0.06602943
0.0,0.033994146
0.0,0.052818708
0.0,0.019814497
0.0,0.051947437
0.0,0.16896895
0.0,0.026573267
0.0,0.039548483
0.0,0.1870129
1.0,0.025609044
0.0,0.03355148
0.0,0.11111744
0.0,0.04205097
0.0,0.11307697
0.0,0.132148
0.0,0.05861426
0.0,0.07631047
0.0,0.049129777
1.0,0.06614884
0.0,0.07790678
0.0,0.061181583
0.0,0.022699816
0.0,0.06439267
0.0,0.043992992
0.0,0.08178662
0.0,0.050402388
0.0,0.056927036
0.0,0.053356856
0.0,0.038588542
0.0,0.074695244
0.0,0.03642854
0.0,0.049617164
0.0,0.069926485
0.0,0.030413333
0.0,0.021744821
0.0,0.039769646
0.0,0.044599906
0.0,0.047801442
0.0,0.09599624
0.0,0.08416956
0.0,0.06727973
0.0,0.04464142
0.0,0.100831896
0.0,0.062327713
0.0,0.046817325
0.0,0.058073573
0.0,0.09459258
0.0,0.15912038
0.0,0.06007589
0.0,0.05126671
0.0,0.068893805
0.0,0.063040495
0.0,0.046023406
0.0,0.055484246
0.0,0.05418483
0.0,0.020256992
0.0,0.060282644
0.0,0.045132503
0.0,0.14095281
0.0,0.06165876
0.0,0.08841585
0.0,0.08891741
0.0,0.022742491
0.0,0.09759992
0.0,0.10241547
0.0,0.029808907
0.0,0.11220502
0.0,0.08915287
0.0,0.093281455
0.0,0.05685058
0.0,0.05651172
0.0,0.059788313
0.0,0.058418386
0.0,0.06813934
0.0,0.031134713
0.0,0.12565504
0.0,0.05507101
0.0,0.058833685
0.0,0.053307574
0.0,0.056559704
0.0,0.10566503
0.0,0.046225023
0.0,0.049537282
0.0,0.10243994
0.0,0.034280766
0.0,0.0350914
0.0,0.09457576
0.0,0.054150544
0.0,0.12981838
0.0,0.0728575
0.0,0.064654075
0.0,0.065567136
0.0,0.055581443
0.0,0.04991681
0.0,0.011553066
0.0,0.045114536
0.0,0.06735071
0.0,0.033889398
0.0,0.095604524
1.0,0.103937685
0.0,0.04872386
0.0,0.041697077
0.0,0.072376505
0.0,0.041314844
0.0,0.05903864
0.0,0.07064538
0.0,0.10340035
0.0,0.07184477
0.0,0.044383258
0.0,0.06439879
0.0,0.02210214
0.0,0.023096304
0.0,0.042626683
0.0,0.10454555
0.0,0.030043632
0.0,0.06736209
0.0,0.046910867
0.0,0.07676254
0.0,0.04455801
0.0,0.062186375
0.0,0.05944196
0.0,0.036734145
0.0,0.021852665
0.0,0.09217722
0.0,0.08874354
0.0,0.07400988
0.0,0.046132233
0.0,0.15175107
1.0,0.033899564
0.0,0.062211927
0.0,0.04167583
0.0,0.04161909
0.0,0.08952908
0.0,0.10008868
1.0,0.06478047
0.0,0.056914467
0.0,0.055513263
0.0,0.016382536
2.0,0.038977247
0.0,0.05256271
0.0,0.07216839
0.0,0.087085195
0.0,0.06609338
0.0,0.047450393
0.0,0.098678105
0.0,0.017071199
0.0,0.07217764
0.0,0.0665323
0.0,0.042980988
0.0,0.06534106
0.0,0.080966786
0.0,0.075695604
0.0,0.02608254
0.0,0.0356324
0.0,0.052036565
0.0,0.04751925
0.0,0.042320278
0.0,0.09583017
0.0,0.08239201
0.0,0.06229583
0.0,0.042881474
0.0,0.014208373
0.0,0.065064475
0.0,0.03992077
0.0,0.1166825
0.0,0.04725808
0.0,0.0373243
0.0,0.031001296
0.0,0.039852165
0.0,0.04268001
0.0,0.0502232
0.0,0.07145332
0.0,0.04795191
1.0,0.05531597
0.0,0.08345963
0.0,0.08028868
0.0,0.06363443
0.0,0.023345001
0.0,0.038172286
0.0,0.04951884
0.0,0.02221724
0.0,0.023712859
0.0,0.041998368
0.0,0.037169144
0.0,0.039501347
0.0,0.043385398
0.0,0.03759921
0.0,0.034589425
0.0,0.13466953
0.0,0.028462106
0.0,0.13161315
0.0,0.058067594
0.0,0.0125211235
0.0,0.04423359
0.0,0.062461536
0.0,0.07219444
0.0,0.09914834
1.0,0.033521127
0.0,0.04604415
0.0,0.05298512
0.0,0.02952571
0.0,0.04611411
0.0,0.050048873
0.0,0.05639446
0.0,0.03953304
0.0,0.046949536
0.0,0.035899594
0.0,0.0608653
0.0,0.11050253
1.0,0.11252948
1.0,0.010946462
1.0,0.052924834
0.0,0.055058096
0.0,0.097623944
0.0,0.03946789
0.0,0.04244303
0.0,0.049192768
0.0,0.038986765
0.0,0.060093224
0.0,0.028852133
0.0,0.035718277
0.0,0.07815697
0.0,0.058586515
0.0,0.104213715
0.0,0.04925006
0.0,0.0696613
0.0,0.033902552
0.0,0.03098656
1.0,0.06641686
0.0,0.04697885
0.0,0.07120859
0.0,0.037986968
0.0,0.045703176
0.0,0.037657253
1.0,0.0661313
0.0,0.052207608
0.0,0.042345148
0.0,0.15039416
0.0,0.06823727
0.0,0.080415
0.0,0.0674755
0.0,0.06076344
0.0,0.038422853
0.0,0.097828045
0.0,0.028171588
0.0,0.0347804
0.0,0.08080453
0.0,0.08633853
0.0,0.067817196
0.0,0.042101007
0.0,0.053076077
0.0,0.10755858
0.0,0.05056237
0.0,0.024212131
0.0,0.03495111
0.0,0.056902286
0.0,0.093916535
1.0,0.055214867
0.0,0.036437314
0.0,0.023322705
1.0,0.038328122
0.0,0.094131626
0.0,0.041246776
0.0,0.04121638
0.0,0.044825714
0.0,0.031012
0.0,0.06229277
0.0,0.03812352
1.0,0.04270501
0.0,0.025775818
0.0,0.094674416
1.0,0.015529938
0.0,0.03405643
0.0,0.1032812
0.0,0.07131022
0.0,0.024643308
0.0,0.041066773
0.0,0.042615056
0.0,0.07735419
0.0,0.04130787
0.0,0.015402177
0.0,0.036869127
0.0,0.07236322
0.0,0.08362425
0.0,0.036179677
0.0,0.013713476
0.0,0.07655086
0.0,0.022843525
0.0,0.05512616
0.0,0.03675419
0.0,0.05971657
0.0,0.05629645
0.0,0.06271581
0.0,0.040445402
0.0,0.016410856
0.0,0.059087742
0.0,0.10648985
0.0,0.035667405
0.0,0.022745399
0.0,0.026502024
0.0,0.10132366
0.0,0.0607997
0.0,0.031183716
0.0,0.028058961
0.0,0.025803179
0.0,0.07723754
0.0,0.0384182
0.0,0.024723107
0.0,0.06846009
0.0,0.07279162
1.0,0.049484942
0.0,0.06461096
0.0,0.06213486
0.0,0.036207084
0.0,0.059070926
0.0,0.023794342
0.0,0.020384848
0.0,0.056799028
0.0,0.069491185
0.0,0.0676428
0.0,0.059388135
2.0,0.038346075
2.0,0.08157855
0.0,0.05318149
0.0,0.09757447
0.0,0.027420636
0.0,0.052671753
0.0,0.031762343
1.0,0.07243537
0.0,0.086891115
0.0,0.055541515
0.0,0.039005525
0.0,0.048748724
0.0,0.032966815
0.0,0.041547626
0.0,0.051989343
0.0,0.047724143
0.0,0.11755263
0.0,0.030549873
0.0,0.034521867
0.0,0.051114663
0.0,0.015766753
0.0,0.031006366
0.0,0.04624555
0.0,0.0418799
0.0,0.038164444
0.0,0.03207473
0.0,0.07724689
0.0,0.035298865
0.0,0.026643367
0.0,0.036026616
0.0,0.07357564
0.0,0.079378456
0.0,0.036155153
0.0,0.06983096
0.0,0.054439202
0.0,0.056954484
0.0,0.04423534
1.0,0.049249567
0.0,0.07503559
0.0,0.1725835
0.0,0.09569752
0.0,0.07884944
0.0,0.039890587
0.0,0.069689855
0.0,0.08047016
0.0,0.056860786
0.0,0.05153485
0.0,0.047580447
0.0,0.014600544
0.0,0.058850743
1.0,0.046132125
0.0,0.093365535
0.0,0.07826857
0.0,0.028194245
0.0,0.050264433
0.0,0.0659809
0.0,0.08126315
0.0,0.031619452
0.0,0.11423081
0.0,0.05328709
0.0,0.035951503
0.0,0.070048265
0.0,0.030625148
0.0,0.032523707
0.0,0.070398584
0.0,0.047176056
0.0,0.039033882
0.0,0.10506178
0.0,0.08294091
0.0,0.05903743
0.0,0.06727966
0.0,0.015158292
0.0,0.09800412
0.0,0.031475533
0.0,0.035741396
0.0,0.07245686
0.0,0.019854382
0.0,0.05940282
0.0,0.11850831
0.0,0.077465884
0.0,0.0996452
0.0,0.061064273
0.0,0.037568457
0.0,0.07388443
0.0,0.05186341
0.0,0.08863781
0.0,0.027373033
0.0,0.07134498
0.0,0.06049002
0.0,0.13614038
0.0,0.01352825
0.0,0.039016277
0.0,0.15545316
0.0,0.024388116
1.0,0.05799703
0.0,0.03393406
0.0,0.03693492
0.0,0.0366028
0.0,0.07059181
0.0,0.048835065
1.0,0.057923142
0.0,0.03124547
0.0,0.044676386
0.0,0.10212546
0.0,0.048656043
0.0,0.041812774
0.0,0.04174074
0.0,0.11064669
0.0,0.063175425
0.0,0.040932387
0.0,0.019120922
0.0,0.04097189
0.0,0.09113005
0.0,0.063710004
0.0,0.025166959
1.0,0.09463519
0.0,0.10083887
0.0,0.10926259
0.0,0.11468397
0.0,0.029559111
0.0,0.04654973
0.0,0.028788766
0.0,0.04877235
0.0,0.019702315
0.0,0.028066508
0.0,0.08157541
1.0,0.03957761
0.0,0.06482583
0.0,0.02538317
0.0,0.066814184
0.0,0.07532026
0.0,0.060998008
0.0,0.030478155
0.0,0.06018746
0.0,0.046724524
0.0,0.035217576
0.0,0.07384961
0.0,0.10924811
0.0,0.053932898
0.0,0.029941447
0.0,0.044417683
0.0,0.023327898
0.0,0.09689044
0.0,0.043882642
0.0,0.04073293
0.0,0.030185679
0.0,0.039278567
0.0,0.06424304
0.0,0.0457429
0.0,0.040506974
1.0,0.0773952
0.0,0.084282175
0.0,0.021543076
0.0,0.09174849
0.0,0.037485912
0.0,0.07657189
0.0,0.09227313
0.0,0.06847929
0.0,0.077747986
0.0,0.043261882
0.0,0.078480676
0.0,0.037460573
0.0,0.081643015
0.0,0.10508107
0.0,0.032971703
0.0,0.035077598
0.0,0.031931162
0.0,0.03281553
0.0,0.041256495
0.0,0.12697543
0.0,0.03852526
1.0,0.06264586
0.0,0.08206441
0.0,0.044177182
0.0,0.026718952
0.0,0.06584497
0.0,0.04926831
0.0,0.06647573
0.0,0.072214894
0.0,0.13828886
1.0,0.05574502
0.0,0.082931794
0.0,0.054185554
0.0,0.06322789
1.0,0.031262938
0.0,0.021495638
0.0,0.042226724
0.0,0.038404208
0.0,0.034167282
0.0,0.055484246
0.0,0.022449138
0.0,0.054370582
0.0,0.05956807
0.0,0.032147784
0.0,0.038880534
0.0,0.06401432
0.0,0.065757334
0.0,0.030290011
0.0,0.046254456
0.0,0.05132184
0.0,0.074624114
0.0,0.083633184
0.0,0.08457572
0.0,0.08431222
0.0,0.060471017
0.0,0.1495299
0.0,0.0909374
0.0,0.06662662
0.0,0.04647623
0.0,0.07133889
0.0,0.011735403
0.0,0.1303391
0.0,0.09769561
0.0,0.059121717
0.0,0.070508696
0.0,0.05244134
0.0,0.10710314
0.0,0.11600031
0.0,0.050567556
0.0,0.04696035
0.0,0.057070542
0.0,0.13958406
0.0,0.049432892
0.0,0.068812385
0.0,0.05685306
0.0,0.06309962
0.0,0.08160925
0.0,0.043884378
0.0,0.06422045
0.0,0.09950318
0.0,0.031579506
0.0,0.044278793
0.0,0.09531848
0.0,0.05752018
0.0,0.093336985
0.0,0.04553505
0.0,0.06944514
0.0,0.0407667
0.0,0.035724528
0.0,0.06675841
0.0,0.0691004
1.0,0.03624676
0.0,0.026585383
0.0,0.07840867
0.0,0.06913535
1.0,0.053019494
0.0,0.05213079
0.0,0.06771806
0.0,0.1346955
0.0,0.046429403
0.0,0.036132336
0.0,0.0376224
0.0,0.090248644
0.0,0.040426604
0.0,0.09095466
0.0,0.03628534
0.0,0.0591145
0.0,0.026429094
0.0,0.062147364
0.0,0.035318866
0.0,0.059482623
0.0,0.07883651
0.0,0.028873976
0.0,0.055505745
0.0,0.08376168
0.0,0.03306972
0.0,0.09739393
0.0,0.08245124
0.0,0.061948363
0.0,0.10259686
0.0,0.056886658
0.0,0.060379364
0.0,0.027189571
0.0,0.12530358
0.0,0.06661026
0.0,0.10335249
0.0,0.03413603
0.0,0.04849118
0.0,0.032395195
0.0,0.06349068
0.0,0.047599304
0.0,0.061609797
0.0,0.13534838
0.0,0.07888366
0.0,0.023113262
0.0,0.078433976
0.0,0.085538976
0.0,0.023951992
0.0,0.086863734
0.0,0.035558842
0.0,0.0543428
0.0,0.04830561
0.0,0.07685615
0.0,0.08194767
0.0,0.06618531
0.0,0.020213822
0.0,0.037315667
0.0,0.047379516
0.0,0.071027905
0.0,0.052166995
0.0,0.0649996
0.0,0.123934604
0.0,0.025286201
1.0,0.039215237
0.0,0.037150003
0.0,0.06560221
0.0,0.050582822
1.0,0.035361536
0.0,0.044664264
0.0,0.07991541
0.0,0.11589394
0.0,0.087212816
0.0,0.07965596
0.0,0.036669657
0.0,0.040713843
0.0,0.06494607
0.0,0.05300397
0.0,0.046701647
0.0,0.04161409
1.0,0.049303822
0.0,0.03532973
0.0,0.076512836
0.0,0.102562666
0.0,0.08393296
0.0,0.07395915
0.0,0.053003997
0.0,0.071191244
0.0,0.050193205
0.0,0.047066476
0.0,0.059537504
0.0,0.06401684
0.0,0.054195605
0.0,0.080555215
0.0,0.054828774
0.0,0.10638226
0.0,0.0491953
0.0,0.03348175
0.0,0.060329027
0.0,0.06603544
0.0,0.033439085
0.0,0.03686299
0.0,0.12320761
0.0,0.0761184
0.0,0.051191814
0.0,0.052522924
0.0,0.039183274
0.0,0.07920838
0.0,0.11856469
0.0,0.07581731
0.0,0.024752855
0.0,0.053139262
0.0,0.051753253
3.0,0.14711426
0.0,0.039959677
0.0,0.06565272
0.0,0.023859683
0.0,0.03923873
0.0,0.08825095
0.0,0.08306297
0.0,0.08541063
0.0,0.054139663
0.0,0.057738647
0.0,0.08954099
0.0,0.101100154
0.0,0.04635671
0.0,0.08459282
0.0,0.022651149
0.0,0.09182331
0.0,0.07317154
0.0,0.018123355
0.0,0.0384167
0.0,0.07365381
0.0,0.05212515
0.0,0.049327243
0.0,0.051574748
0.0,0.057323176
0.0,0.046692096
0.0,0.10388443
0.0,0.03952311
0.0,0.032678258
0.0,0.06998083
0.0,0.08988253
0.0,0.034249116
0.0,0.0815385
0.0,0.067298174
0.0,0.07453773
0.0,0.062485933
0.0,0.08155464
0.0,0.040920578
0.0,0.073872656
0.0,0.024550194
0.0,0.04060045
0.0,0.020289164
0.0,0.1266785
0.0,0.056962363
0.0,0.03645605
0.0,0.079912074
0.0,0.06418622
0.0,0.07295489
0.0,0.030413045
0.0,0.048885718
0.0,0.06689218
0.0,0.07417809
0.0,0.01714464
0.0,0.064589605
0.0,0.023040976
0.0,0.05255404
0.0,0.0750814
0.0,0.039002493
0.0,0.08784521
0.0,0.089285135
0.0,0.033803295
0.0,0.04151331
0.0,0.020415705
0.0,0.06573371
1.0,0.06786689
0.0,0.015048278
0.0,0.044220135
0.0,0.02604533
0.0,0.040314585
0.0,0.10096329
0.0,0.055692255
0.0,0.060876373
0.0,0.039896846
0.0,0.07759276
0.0,0.08291064
0.0,0.044768
0.0,0.09811507
1.0,0.04727661
0.0,0.06525525
0.0,0.03888992
0.0,0.06972452
0.0,0.06626375
0.0,0.045929246
0.0,0.10730081
0.0,0.07519978
0.0,0.045354754
0.0,0.008931566
0.0,0.019946845
0.0,0.0676809
0.0,0.0389491
0.0,0.06277712
0.0,0.1266044
0.0,0.019436022
1.0,0.039498765
0.0,0.05136204
0.0,0.08945854
0.0,0.0509234
0.0,0.082505785
0.0,0.076066956
0.0,0.053091392
0.0,0.09487378
0.0,0.047650516
0.0,0.041808605
0.0,0.017132523
0.0,0.069773376
1.0,0.07296552
0.0,0.050621256
0.0,0.024395213
0.0,0.029977491
0.0,0.089082494
0.0,0.040128395
0.0,0.036211003
0.0,0.15292141
0.0,0.043484047
0.0,0.03616008
0.0,0.04273159
0.0,0.09238227
0.0,0.06807088
0.0,0.03976955
0.0,0.036733814
0.0,0.088241816
0.0,0.062195715
0.0,0.06349253
1.0,0.03443004
0.0,0.079809636
0.0,0.044675022
0.0,0.018350843
0.0,0.054581925
0.0,0.09316832
0.0,0.02513809
0.0,0.050031573
0.0,0.02141882
0.0,0.044915214
0.0,0.06999611
0.0,0.10520646
0.0,0.052230615
0.0,0.06733836
0.0,0.0748744
0.0,0.0709463
0.0,0.039254658
0.0,0.05582964
0.0,0.07349997
0.0,0.040827144
0.0,0.104147226
0.0,0.03446662
0.0,0.02731759
0.0,0.09694791
0.0,0.09356515
0.0,0.036941368
0.0,0.048706576
1.0,0.11078728
0.0,0.021973476
0.0,0.052383684
0.0,0.027118925
1.0,0.039042503
0.0,0.0985043
0.0,0.049676206
0.0,0.043108016
0.0,0.10834362
0.0,0.021910656
1.0,0.055538084
0.0,0.04148675
0.0,0.044809215
0.0,0.051061608
0.0,0.058653027
0.0,0.101329505
0.0,0.038755484
0.0,0.06871444
0.0,0.026197938
1.0,0.035681967
0.0,0.07495366
0.0,0.07181719
0.0,0.037465326
0.0,0.035806745
0.0,0.045457795
0.0,0.07013731
0.0,0.050498497
0.0,0.06464353
0.0,0.091773644
0.0,0.064832725
0.0,0.06288411
0.0,0.024406161
0.0,0.023832552
0.0,0.038550913
0.0,0.06450752
0.0,0.041407775
0.0,0.046958603
0.0,0.04956155
0.0,0.1093299
0.0,0.035563402
0.0,0.04158023
0.0,0.042133864
0.0,0.035116374
0.0,0.124812625
0.0,0.047775943
0.0,0.03658797
0.0,0.027573833
0.0,0.043922145
0.0,0.04957897
0.0,0.051156484
0.0,0.05417264
0.0,0.120805435
0.0,0.030704137
0.0,0.04273255
0.0,0.11641091
0.0,0.0414898
0.0,0.055712122
0.0,0.041638702
0.0,0.029965673
0.0,0.091025464
1.0,0.028203484
0.0,0.10254086
0.0,0.11800884
0.0,0.062333953
0.0,0.02768734
0.0,0.050343804
0.0,0.059472796
0.0,0.037812717
0.0,0.08746807
0.0,0.13256605
0.0,0.04202529
0.0,0.06977108
0.0,0.11234197
0.0,0.07486586
0.0,0.06246103
0.0,0.061352678
0.0,0.046569157
0.0,0.06764711
0.0,0.04110723
0.0,0.049021527
0.0,0.03582391
0.0,0.04431907
0.0,0.054121103
0.0,0.06996176
0.0,0.052287307
0.0,0.03076456
0.0,0.05727338
1.0,0.044851176
0.0,0.044419184
1.0,0.06748011
0.0,0.04035777
0.0,0.1100944
0.0,0.052967664
0.0,0.0431286
0.0,0.091543004
0.0,0.052225113
0.0,0.03692513
0.0,0.07962547
0.0,0.08552564
0.0,0.048870638
0.0,0.05903788
0.0,0.088351205
0.0,0.04882715
0.0,0.038135756
0.0,0.093771234
0.0,0.05901995
0.0,0.02248
0.0,0.08842374
0.0,0.025726946
0.0,0.0754443
0.0,0.06616707
0.0,0.039275177
0.0,0.053752318
0.0,0.14315052
0.0,0.074217506
0.0,0.042738114
0.0,0.026389904
0.0,0.06725101
0.0,0.049487777
0.0,0.09023053
0.0,0.029170208
0.0,0.054912947
0.0,0.04918416
0.0,0.11967802
0.0,0.034826305
0.0,0.02021521
0.0,0.03534446
0.0,0.052873768
0.0,0.05573548
0.0,0.06942355
0.0,0.07445539
0.0,0.071578704
0.0,0.10082562
0.0,0.036961824
1.0,0.065854356
0.0,0.024849523
0.0,0.06000681
0.0,0.13579679
0.0,0.06393405
0.0,0.07285218
0.0,0.03672593
0.0,0.06676872
0.0,0.11465302
0.0,0.083997376
0.0,0.025564048
0.0,0.053310115
0.0,0.019279042
0.0,0.0635435
0.0,0.028340505
0.0,0.064784676
0.0,0.07101135
0.0,0.025945978
1.0,0.092866026
0.0,0.02778746
0.0,0.09610002
0.0,0.070336044
0.0,0.13386826
0.0,0.108884715
0.0,0.054792758
0.0,0.043787163
0.0,0.11237052
0.0,0.023326753
0.0,0.023912212
1.0,0.047544114
0.0,0.10215244
0.0,0.049831934
0.0,0.047469676
0.0,0.03613004
0.0,0.035618387
0.0,0.050059926
0.0,0.034243386
0.0,0.0742911
0.0,0.017149474
0.0,0.02813286
0.0,0.09717952
1.0,0.080769934
0.0,0.08292817
0.0,0.06195894
0.0,0.035545498
0.0,0.038408402
0.0,0.089845255
0.0,0.119911365
1.0,0.036845155
0.0,0.06489269
0.0,0.050952572
0.0,0.038492136
0.0,0.024433885
0.0,0.07259007
0.0,0.022022272
0.0,0.03983917
1.0,0.060726542
0.0,0.057238474
0.0,0.053208403
0.0,0.16619518
1.0,0.03213388
0.0,0.029815972
0.0,0.035777137
0.0,0.043765996
0.0,0.09329927
0.0,0.061492927
0.0,0.09264245
0.0,0.10144137
0.0,0.08592886
0.0,0.034555614
0.0,0.03395837
0.0,0.029312288
0.0,0.029729981
0.0,0.041646723
0.0,0.11774
1.0,0.023628544
1.0,0.043756478
0.0,0.071015686
0.0,0.045717232
0.0,0.09783365
0.0,0.066036105
0.0,0.045348205
0.0,0.06900776
0.0,0.049328275
0.0,0.018842468
0.0,0.047145136
0.0,0.074643545
0.0,0.08754439
0.0,0.13086939
0.0,0.0871183
0.0,0.06406362
0.0,0.03235774
0.0,0.058192827
0.0,0.060713887
0.0,0.05552078
0.0,0.0585604
0.0,0.07298255
0.0,0.088258296
0.0,0.045410328
0.0,0.05221311
0.0,0.14371142
0.0,0.08969894
0.0,0.043858357
0.0,0.049608387
0.0,0.03331981
0.0,0.021318546
0.0,0.06391121
0.0,0.0529613
1.0,0.070503615
0.0,0.07703538
0.0,0.046650458
0.0,0.032164544
0.0,0.06733379
0.0,0.05768845
0.0,0.069577724
0.0,0.040254213
0.0,0.063857
0.0,0.071149565
0.0,0.040644497
0.0,0.043004584
0.0,0.13346754
0.0,0.026839674
0.0,0.02569306
0.0,0.027411904
0.0,0.054239985
0.0,0.10928578
0.0,0.051495496
0.0,0.130018
0.0,0.01274287
0.0,0.07846781
1.0,0.0792105
1.0,0.04078321
1.0,0.033611815
0.0,0.11656855
0.0,0.042325564
0.0,0.043840103
0.0,0.022861473
0.0,0.043005895
0.0,0.048554227
0.0,0.10206791
0.0,0.08850127
0.0,0.057147253
0.0,0.039239347
0.0,0.07379323
0.0,0.025799684
0.0,0.039390314
0.0,0.051807698
0.0,0.11414081
0.0,0.07188449
0.0,0.058288276
0.0,0.09155807
0.0,0.118239716
0.0,0.017848123
0.0,0.06080753
0.0,0.06144585
0.0,0.05752007
0.0,0.070890196
0.0,0.05418226
0.0,0.07150318
0.0,0.027977064
0.0,0.15174796
0.0,0.080851205
0.0,0.04235783
0.0,0.07313988
0.0,0.08318866
0.0,0.07914586
0.0,0.044901744
0.0,0.11002172
0.0,0.042960968
0.0,0.023511298
0.0,0.017034201
0.0,0.05450481
1.0,0.043287694
0.0,0.06448194
0.0,0.08611952
0.0,0.024974668
0.0,0.07388721
0.0,0.07135762
0.0,0.042144876
0.0,0.03612408
0.0,0.05595736
0.0,0.09683636
0.0,0.04470541
0.0,0.072278455
0.0,0.075177126
0.0,0.06845133
0.0,0.082550175
0.0,0.078856245
0.0,0.069215655
0.0,0.032441013
0.0,0.03377969
0.0,0.08060834
0.0,0.042472687
0.0,0.020174699
0.0,0.045880325
0.0,0.03916144
0.0,0.112812266
0.0,0.129685
0.0,0.118742175
0.0,0.08619612
0.0,0.025342947
0.0,0.058742497
0.0,0.030263461
0.0,0.05161561
0.0,0.054496523
0.0,0.080143385
0.0,0.0478006
0.0,0.03861376
0.0,0.104112916
0.0,0.045511995
0.0,0.035701826
0.0,0.06180043
0.0,0.02965275
0.0,0.081847794
0.0,0.022063285
0.0,0.0335618
0.0,0.052542686
0.0,0.039665952
0.0,0.064146675
0.0,0.037137322
0.0,0.06310783
0.0,0.054925032
0.0,0.06584691
0.0,0.046639517
0.0,0.09060883
0.0,0.07953884
0.0,0.07615547
0.0,0.024242872
0.0,0.11284524
0.0,0.053599417
0.0,0.048783675
0.0,0.04437907
0.0,0.048796684
0.0,0.056710616
0.0,0.025199585
0.0,0.04125059
0.0,0.056485265
0.0,0.026794814
0.0,0.05189485
0.0,0.031043248
0.0,0.049206845
0.0,0.020832399
0.0,0.05097359
0.0,0.054856088
0.0,0.06605582
0.0,0.047028854
0.0,0.040840734
0.0,0.06188747
0.0,0.055260014
0.0,0.11391524
0.0,0.045025624
0.0,0.063491344
0.0,0.046556547
0.0,0.062470146
0.0,0.064103514
0.0,0.03301105
0.0,0.025356013
0.0,0.019632373
0.0,0.040429883
0.0,0.03033482
0.0,0.05335477
0.0,0.07982761
0.0,0.026353387
0.0,0.02170882
0.0,0.06891023
0.0,0.067964464
1.0,0.075169705
0.0,0.09244773
0.0,0.05575507
0.0,0.056757767
0.0,0.062479917
0.0,0.04588317
0.0,0.054322798
0.0,0.05388523
0.0,0.049056552
0.0,0.06115991
0.0,0.042265404
0.0,0.047723345
0.0,0.019118005
0.0,0.08114351
0.0,0.03201537
0.0,0.057080694
0.0,0.0526821
0.0,0.059788812
0.0,0.017768962
0.0,0.04998784
0.0,0.043188132
0.0,0.034288794
0.0,0.08985227
0.0,0.14813732
0.0,0.053573687
0.0,0.028138079
0.0,0.053677503
0.0,0.03311398
0.0,0.12808296
0.0,0.045625396
0.0,0.021456253
0.0,0.06599943
0.0,0.08382894
1.0,0.08881093
0.0,0.07605462
0.0,0.08592443
0.0,0.024468176
0.0,0.052794434
0.0,0.053458292
1.0,0.04902751
0.0,0.06513274
0.0,0.056333102
0.0,0.048056405
1.0,0.054371
0.0,0.026150884
0.0,0.050012182
0.0,0.04182869
0.0,0.04536388
0.0,0.054910954
0.0,0.09375733
0.0,0.037787378
0.0,0.054128613
0.0,0.050563168
0.0,0.11179951
0.0,0.12777004
0.0,0.043042783
0.0,0.108459204
0.0,0.033903215
0.0,0.0662165
0.0,0.110159725
0.0,0.05826649
0.0,0.044128507
0.0,0.05718131
0.0,0.042312935
0.0,0.07002335
0.0,0.05378447
0.0,0.024311636
0.0,0.061470147
0.0,0.035054207
0.0,0.051526077
0.0,0.05594703
0.0,0.030732669
0.0,0.053532265
0.0,0.12660521
1.0,0.03725721
0.0,0.038062
0.0,0.04095226
0.0,0.09178835
0.0,0.046349198
0.0,0.042650796
0.0,0.07988465
0.0,0.046260744
0.0,0.035389923
0.0,0.03687391
1.0,0.046492256
0.0,0.06516812
0.0,0.1020979
0.0,0.07927878
0.0,0.10574229
0.0,0.07336117
0.0,0.070365995
0.0,0.06895336
1.0,0.06966277
0.0,0.0350623
0.0,0.07146108
0.0,0.032383487
0.0,0.032807317
0.0,0.087658465
0.0,0.07813154
0.0,0.024502605
0.0,0.040935315
0.0,0.10528932
0.0,0.06381009
0.0,0.049209777
0.0,0.044494547
0.0,0.12124313
0.0,0.044161156
0.0,0.040312067
0.0,0.05930782
0.0,0.04352317
0.0,0.100766
0.0,0.06613534
0.0,0.047008183
0.0,0.061996296
0.0,0.029567372
0.0,0.115503974
0.0,0.083643496
0.0,0.104160756
0.0,0.057535898
0.0,0.04240825
0.0,0.050273232
0.0,0.029643094
0.0,0.057046328
0.0,0.081523724
0.0,0.035035774
1.0,0.07659159
0.0,0.046950586
0.0,0.06633719
0.0,0.076057345
0.0,0.05657853
0.0,0.056926437
0.0,0.025671838
0.0,0.04135038
0.0,0.14373837
0.0,0.06571022
0.0,0.030303605
0.0,0.036534287
0.0,0.06476126
0.0,0.07318914
0.0,0.07076382
0.0,0.047370978
0.0,0.026762968
0.0,0.11142228
0.0,0.04284448
0.0,0.06607182
0.0,0.06361386
0.0,0.06888444
0.0,0.07468169
0.0,0.07640346
0.0,0.030011546
0.0,0.0535044
0.0,0.09867961
0.0,0.07108917
0.0,0.035334684
0.0,0.0475738
0.0,0.048781767
0.0,0.07770039
0.0,0.031056039
0.0,0.08307489
0.0,0.058849312
0.0,0.031116918
0.0,0.043344416
0.0,0.04694177
0.0,0.15546893
0.0,0.15545401
0.0,0.057878125
0.0,0.019277286
0.0,0.021322794
0.0,0.044196144
0.0,0.044945616
0.0,0.032753047
0.0,0.093527645
0.0,0.06663622
0.0,0.092556566
0.0,0.056160834
1.0,0.053734533
0.0,0.118106306
0.0,0.10115286
0.0,0.07227552
0.0,0.047103003
0.0,0.09517671
0.0,0.10572465
0.0,0.07302671
0.0,0.09311296
0.0,0.029468887
0.0,0.072220884
0.0,0.108839266
0.0,0.06952461
0.0,0.037361283
0.0,0.038585693
0.0,0.04456377
0.0,0.014875839
1.0,0.053510904
0.0,0.039404143
0.0,0.07720197
0.0,0.09398293
0.0,0.058652624
0.0,0.08240906
0.0,0.05783914
0.0,0.040800814
0.0,0.034763522
0.0,0.044231102
0.0,0.11137524
0.0,0.035878856
0.0,0.10989591
1.0,0.045655366
0.0,0.035289306
0.0,0.05994752
0.0,0.13185197
0.0,0.052170105
0.0,0.049918097
0.0,0.06840025
0.0,0.102523595
0.0,0.090926215
0.0,0.08487683
0.0,0.041763335
0.0,0.03745441
0.0,0.06560596
0.0,0.042117354
0.0,0.12061241
0.0,0.049855795
0.0,0.05913446
2.0,0.04244578
0.0,0.051368237
0.0,0.039810248
0.0,0.0533735
0.0,0.031995177
0.0,0.016528388
0.0,0.06612774
0.0,0.05126006
0.0,0.06935063
0.0,0.10244004
0.0,0.1087908
0.0,0.00881166
0.0,0.03189338
0.0,0.06294303
0.0,0.04487914
0.0,0.050873987
0.0,0.061839446
0.0,0.068650745
0.0,0.04374849
0.0,0.16807559
0.0,0.1029059
0.0,0.052839905
0.0,0.066981606
0.0,0.049849782
0.0,0.043443486
0.0,0.10585212
0.0,0.08980392
0.0,0.043233648
0.0,0.046533734
0.0,0.07044674
0.0,0.121242344
1.0,0.065148205
0.0,0.028361352
0.0,0.032771602
1.0,0.08685491
0.0,0.1130014
0.0,0.031376738
0.0,0.04231132
0.0,0.11547178
0.0,0.073115036
0.0,0.0494274
0.0,0.05617353
0.0,0.0526428
0.0,0.053885434
0.0,0.06630623
0.0,0.044488586
0.0,0.089938134
0.0,0.06938172
1.0,0.06326493
0.0,0.038620465
0.0,0.04359701
0.0,0.050338574
0.0,0.06971687
0.0,0.079930805
0.0,0.04187225
0.0,0.06635818
0.0,0.086816795
0.0,0.028774973
0.0,0.048439067
2.0,0.08429122
0.0,0.073577955
0.0,0.050207734
0.0,0.07252331
0.0,0.12772995
0.0,0.040489435
0.0,0.07013587
0.0,0.02486952
0.0,0.05207099
0.0,0.09610218
0.0,0.12404617
0.0,0.046345636
0.0,0.054207213
0.0,0.06514864
0.0,0.061156295
0.0,0.036754437
0.0,0.043751575
1.0,0.06795949
0.0,0.03088865
0.0,0.02759038
0.0,0.1055095
0.0,0.06510926
0.0,0.05834954
0.0,0.07828742
0.0,0.044035766
0.0,0.051563706
0.0,0.11214303
0.0,0.06329942
0.0,0.07547892
0.0,0.091551565
0.0,0.07051782
0.0,0.06251463
0.0,0.062052563
1.0,0.018058527
0.0,0.051023662
0.0,0.054786216
0.0,0.07291018
0.0,0.021158474
0.0,0.04832904
0.0,0.117460035
0.0,0.0567582
0.0,0.034991432
0.0,0.06829628
0.0,0.06608071
0.0,0.1091499
0.0,0.053208355
0.0,0.06387996
0.0,0.08219122
0.0,0.028544294
0.0,0.06573288
0.0,0.042758886
0.0,0.08758342
0.0,0.03828045
0.0,0.052990302
0.0,0.06716266
0.0,0.043003824
0.0,0.070138946
0.0,0.03143144
0.0,0.08603755
0.0,0.08164012
0.0,0.027664877
0.0,0.015708385
0.0,0.06584886
0.0,0.059274517
0.0,0.16472238
0.0,0.046102896
0.0,0.048124533
0.0,0.035142154
0.0,0.06612123
0.0,0.030886736
0.0,0.074887075
0.0,0.034825373
0.0,0.078166924
0.0,0.06495304
1.0,0.047785215
0.0,0.04576727
0.0,0.03148843
0.0,0.048624177
0.0,0.02438379
0.0,0.028698102
0.0,0.12295281
0.0,0.044501062
0.0,0.04243218
0.0,0.04527621
1.0,0.06370396
0.0,0.08722047
0.0,0.05472821
0.0,0.049962915
0.0,0.07909576
0.0,0.101944365
0.0,0.028934054
0.0,0.05100391
0.0,0.06983259
0.0,0.11031356
0.0,0.03435853
0.0,0.050621502
0.0,0.07784747
0.0,0.056692906
0.0,0.044320382
0.0,0.05452454
0.0,0.093083285
0.0,0.033617683
0.0,0.0422197
0.0,0.05966481
0.0,0.048956163
0.0,0.08116195
0.0,0.027051095
0.0,0.02661207
0.0,0.14911495
0.0,0.043491177
0.0,0.056246083
0.0,0.055520304
0.0,0.05934024
0.0,0.04527297
0.0,0.081664294
0.0,0.029788986
0.0,0.123511925
0.0,0.06739001
0.0,0.09438047
0.0,0.11419095
0.0,0.03095983
0.0,0.024086442
0.0,0.14233956
0.0,0.07616281
0.0,0.08166212
1.0,0.05661626
1.0,0.05677734
0.0,0.037963428
0.0,0.03164903
0.0,0.08610933
0.0,0.061909914
0.0,0.022449566
0.0,0.058651056
0.0,0.07512792
0.0,0.084802315
0.0,0.06856408
1.0,0.039380886
0.0,0.04469993
0.0,0.04224562
0.0,0.04941972
0.0,0.09526205
0.0,0.027746627
0.0,0.040307917
1.0,0.046893287
0.0,0.058316745
0.0,0.059862312
0.0,0.04088629
0.0,0.05936186
0.0,0.10474639
0.0,0.028973872
0.0,0.06751529
0.0,0.08888969
0.0,0.04663689
0.0,0.048818674
0.0,0.06646688
0.0,0.065499716
1.0,0.03133825
1.0,0.060065564
0.0,0.041910123
0.0,0.055258013
0.0,0.13550061
0.0,0.05331576
0.0,0.027247638
0.0,0.049938023
0.0,0.03590398
0.0,0.05092872
0.0,0.045393765
0.0,0.048290707
1.0,0.09115045
0.0,0.10449865
0.0,0.07536495
0.0,0.07390631
0.0,0.028948931
0.0,0.08184003
0.0,0.09543341
0.0,0.042767346
0.0,0.11494331
0.0,0.0624053
1.0,0.07261278
0.0,0.035715926
0.0,0.11266682
0.0,0.032373607
0.0,0.03755732
0.0,0.07261937
0.0,0.039516814
1.0,0.050834823
0.0,0.056067318
0.0,0.06308906
0.0,0.019670717
0.0,0.0384745
0.0,0.086638905
0.0,0.03571625
0.0,0.04757641
0.0,0.041296426
0.0,0.1424251
0.0,0.026782973
0.0,0.17721954
2.0,0.07076893
0.0,0.04142324
0.0,0.076126315
0.0,0.048751168
0.0,0.06637402
0.0,0.084769845
1.0,0.032232925
0.0,0.09406336
0.0,0.121643126
0.0,0.0708921
0.0,0.038195446
0.0,0.03574806
0.0,0.034618154
0.0,0.08508811
0.0,0.040918685
0.0,0.025080224
0.0,0.034311004
0.0,0.058032744
0.0,0.10643883
1.0,0.041947953
0.0,0.09858836
0.0,0.06708501
0.0,0.03726108
0.0,0.052587178
0.0,0.1259649
1.0,0.040475886
0.0,0.03843055
0.0,0.078226544
0.0,0.08596966
0.0,0.041391943
0.0,0.04351078
0.0,0.03360818
0.0,0.03183224
0.0,0.040619213
0.0,0.04574096
0.0,0.08692066
0.0,0.08514481
0.0,0.049166292
0.0,0.05468895
0.0,0.02619017
0.0,0.030335354
0.0,0.046958826
0.0,0.03442216
0.0,0.042597707
0.0,0.016410558
0.0,0.044905126
0.0,0.05334915
0.0,0.021794919
0.0,0.030490948
0.0,0.05909666
0.0,0.035961602
0.0,0.106772
0.0,0.040588796
0.0,0.064054035
0.0,0.058401033
0.0,0.044161197
0.0,0.028503014
0.0,0.053212564
0.0,0.109960146
0.0,0.022894124
0.0,0.0570783
0.0,0.036137864
0.0,0.06578597
0.0,0.027522957
0.0,0.092170715
0.0,0.024501894
0.0,0.07674877
0.0,0.08183862
0.0,0.05481194
0.0,0.05583438
0.0,0.06528229
0.0,0.013430405
0.0,0.13859104
0.0,0.074593976
0.0,0.063101485
1.0,0.05130973
0.0,0.021507552
0.0,0.03945186
0.0,0.07247657
0.0,0.033600807
1.0,0.027303824
0.0,0.039843425
0.0,0.040319182
0.0,0.043143265
0.0,0.06755634
0.0,0.046293803
0.0,0.0383108
0.0,0.09077281
0.0,0.051708803
0.0,0.08202537
0.0,0.060732562
0.0,0.07124078
0.0,0.022816986
0.0,0.11644966
0.0,0.08579801
1.0,0.04961487
0.0,0.046636134
0.0,0.06148649
0.0,0.054554813
0.0,0.04439979
0.0,0.042352255
0.0,0.08305184
0.0,0.030406157
0.0,0.08302313
0.0,0.025137538
0.0,0.075548686
0.0,0.10329718
0.0,0.035398938
0.0,0.03399163
0.0,0.08118526
0.0,0.06921799
0.0,0.08107948
0.0,0.014918575
0.0,0.029978592
0.0,0.05731257
0.0,0.043711226
0.0,0.081374824
0.0,0.05468264
0.0,0.10523767
0.0,0.049420804
0.0,0.03959979
0.0,0.047735136
0.0,0.07025288
0.0,0.054783773
0.0,0.04558923
0.0,0.122619025
0.0,0.08913688
0.0,0.1146208
0.0,0.096808724
0.0,0.1453611
0.0,0.11012029
0.0,0.071772836
0.0,0.022490818
0.0,0.05111537
0.0,0.10598409
0.0,0.051925324
0.0,0.051544998
0.0,0.048629183
0.0,0.1144411
0.0,0.05388376
0.0,0.05097471
0.0,0.03760016
0.0,0.07135866
0.0,0.19888005
0.0,0.05043862
0.0,0.058621965
0.0,0.07255335
0.0,0.080063686
0.0,0.016704187
0.0,0.091511056
0.0,0.05074408
0.0,0.045094684
0.0,0.06982718
0.0,0.030897416
0.0,0.086004615
0.0,0.047076285
0.0,0.090023264
0.0,0.03416725
0.0,0.061457425
0.0,0.052838154
0.0,0.05917251
0.0,0.055819366
1.0,0.15683194
0.0,0.04679668
0.0,0.035447836
0.0,0.073785074
0.0,0.09119214
0.0,0.07526391
0.0,0.037870027
0.0,0.08797726
0.0,0.027270034
0.0,0.20804635
0.0,0.0951041
0.0,0.011228772
0.0,0.06960201
1.0,0.0897665
0.0,0.08705327
0.0,0.059995934
0.0,0.12567493
0.0,0.023680756
0.0,0.08484925
0.0,0.14843607
0.0,0.027944252
0.0,0.026471144
0.0,0.06818074
0.0,0.08676773
0.0,0.09660675
0.0,0.08124062
0.0,0.07923849
0.0,0.024316065
0.0,0.040368177
0.0,0.039487977
0.0,0.03735526
0.0,0.07817456
0.0,0.106879145
0.0,0.054009885
0.0,0.045423493
0.0,0.028334979
0.0,0.10754571
0.0,0.036614966
0.0,0.06521071
0.0,0.06075316
0.0,0.027672173
0.0,0.111273214
0.0,0.07836083
0.0,0.117709175
0.0,0.046859715
0.0,0.0848271
0.0,0.036526695
0.0,0.059133347
0.0,0.076879755
0.0,0.045411777
0.0,0.03209303
0.0,0.041192785
0.0,0.17001514
0.0,0.04198321
0.0,0.07065724
0.0,0.04299827
0.0,0.038169757
0.0,0.076243475
0.0,0.06143176
0.0,0.07980682
0.0,0.10213715
0.0,0.0707013
0.0,0.07779838
0.0,0.13577244
0.0,0.01859097
0.0,0.059343096
0.0,0.018357959
0.0,0.05017887
0.0,0.057247974
0.0,0.053370804
0.0,0.042838026
0.0,0.042243823
0.0,0.04746757
0.0,0.11181384
0.0,0.051940378
0.0,0.056064885
0.0,0.042528927
0.0,0.028776469
0.0,0.057811294
0.0,0.042540222
0.0,0.048378773
1.0,0.047088653
0.0,0.06175851
0.0,0.073455125
0.0,0.022793226
0.0,0.06463625
0.0,0.091928735
0.0,0.04170807
1.0,0.02363855
0.0,0.053273726
1.0,0.083188936
0.0,0.078668505
0.0,0.08872695
0.0,0.021613702
0.0,0.08076393
0.0,0.10714086
0.0,0.079552375
0.0,0.05566454
0.0,0.057931304
0.0,0.14532326
0.0,0.027367394
0.0,0.029632268
0.0,0.027940854
0.0,0.022913925
0.0,0.05141948
0.0,0.057863664
0.0,0.048534483
0.0,0.054616503
0.0,0.035047807
0.0,0.12390234
0.0,0.09779601
0.0,0.058596797
0.0,0.06548921
0.0,0.031458713
0.0,0.024078738
0.0,0.02976113
0.0,0.07362702
0.0,0.03917093
0.0,0.043708682
0.0,0.077020325
0.0,0.037321113
0.0,0.063664846
0.0,0.016489508
0.0,0.050555885
0.0,0.12716563
0.0,0.082265876
0.0,0.056550268
0.0,0.04729769
0.0,0.07015483
0.0,0.04356669
0.0,0.010148989
0.0,0.033858903
0.0,0.07599883
1.0,0.03296952
0.0,0.028370265
0.0,0.048655648
0.0,0.053187247
0.0,0.05922626
0.0,0.05334018
0.0,0.054324247
0.0,0.023617337
0.0,0.03327294
0.0,0.0997114
0.0,0.071326956
0.0,0.03986646
0.0,0.035371266
0.0,0.04776795
0.0,0.02742945
0.0,0.040850416
0.0,0.10265402
0.0,0.102806605
0.0,0.04969573
0.0,0.04201884
0.0,0.08584106
1.0,0.03624365
1.0,0.052208405
0.0,0.027591985
0.0,0.034385525
0.0,0.023669885
0.0,0.09493483
0.0,0.048244722
0.0,0.0360047
0.0,0.078357115
0.0,0.06423575
0.0,0.056114953
0.0,0.026199337
0.0,0.033448033
0.0,0.08754484
0.0,0.060523026
0.0,0.06802925
0.0,0.07778525
0.0,0.036024965
0.0,0.08704223
0.0,0.04332813
0.0,0.028817898
0.0,0.099854
0.0,0.03332756
0.0,0.052564062
0.0,0.07091214
0.0,0.034668237
0.0,0.024850197
1.0,0.071571335
0.0,0.019167734
0.0,0.012424441
0.0,0.039785124
0.0,0.048865978
0.0,0.044646718
0.0,0.06637003
0.0,0.06609656
0.0,0.028398877
0.0,0.046773434
0.0,0.0809837
0.0,0.060873963
0.0,0.020850904
0.0,0.048579797
0.0,0.045817185
0.0,0.034681533
0.0,0.040546026
0.0,0.10161958
0.0,0.014756747
0.0,0.039716035
0.0,0.037878532
0.0,0.06556878
0.0,0.038155235
0.0,0.10093441
0.0,0.041140273
0.0,0.11334148
0.0,0.079221055
0.0,0.021274645
0.0,0.046031415
0.0,0.03058452
0.0,0.07039912
0.0,0.048379235
0.0,0.11574739
0.0,0.118622996
1.0,0.09151228
0.0,0.06586717
0.0,0.019490818
0.0,0.025519995
0.0,0.04397787
0.0,0.08605088
2.0,0.08410908
0.0,0.07574637
0.0,0.058255948
0.0,0.01937776
0.0,0.0373371
0.0,0.034665447
0.0,0.022856709
0.0,0.06316771
0.0,0.031065326
0.0,0.030459398
0.0,0.08624876
0.0,0.030239025
0.0,0.08764605
0.0,0.044317253
0.0,0.07891331
0.0,0.054154947
0.0,0.17293102
0.0,0.053290036
0.0,0.030381532
0.0,0.09486369
0.0,0.026379764
0.0,0.08866969
0.0,0.1267157
0.0,0.0857257
0.0,0.06653327
0.0,0.039096545
0.0,0.05062283
0.0,0.08887011
0.0,0.07198063
0.0,0.09569351
0.0,0.06347146
0.0,0.047063176
0.0,0.059794284
0.0,0.05323396
0.0,0.054318525
0.0,0.052545894
0.0,0.06895941
0.0,0.033724613
0.0,0.10054958
0.0,0.09544897
0.0,0.07297874
0.0,0.086643286
0.0,0.025008285
0.0,0.052426763
0.0,0.044473846
0.0,0.03944697
0.0,0.0955656
0.0,0.013602911
0.0,0.04116388
0.0,0.021867987
0.0,0.045575712
0.0,0.06602701
0.0,0.09560616
0.0,0.055361766
0.0,0.028939877
0.0,0.02007303
0.0,0.09932016
0.0,0.065864496
0.0,0.07524745
0.0,0.03681818
0.0,0.15563782
0.0,0.05961173
0.0,0.030024141
0.0,0.04432212
0.0,0.059496067
0.0,0.038378157
0.0,0.0330721
0.0,0.058425516
0.0,0.08544073
0.0,0.0203796
0.0,0.06574178
0.0,0.12918235
0.0,0.09009571
1.0,0.07483478
0.0,0.040044233
0.0,0.075802416
0.0,0.064189024
0.0,0.041875847
0.0,0.09889792
0.0,0.065323494
0.0,0.09158829
0.0,0.08673189
0.0,0.04255428
0.0,0.01635418
0.0,0.048849247
0.0,0.015921654
0.0,0.04225736
0.0,0.054562163
0.0,0.076929994
1.0,0.053104103
0.0,0.017050656
0.0,0.048327543
0.0,0.08884926
0.0,0.03617138
0.0,0.057245847
0.0,0.028663993
0.0,0.0540965
0.0,0.02786778
0.0,0.056367256
0.0,0.07492772
0.0,0.0651029
0.0,0.09504068
0.0,0.024953373
0.0,0.039268192
0.0,0.05461525
0.0,0.063853584
0.0,0.038919434
0.0,0.049957696
0.0,0.048353426
0.0,0.07078751
0.0,0.09194772
0.0,0.05918569
0.0,0.07014647
0.0,0.06313643
0.0,0.05285403
0.0,0.027899038
0.0,0.04144331
0.0,0.086932555
0.0,0.056235865
0.0,0.046024088
0.0,0.04070103
0.0,0.05113785
1.0,0.053553533
0.0,0.05888513
0.0,0.024020836
0.0,0.06442549
0.0,0.04506807
0.0,0.11842434
0.0,0.036832124
0.0,0.05493065
0.0,0.0496659
0.0,0.04705945
0.0,0.043560166
0.0,0.04051122
0.0,0.03335265
0.0,0.077096865
1.0,0.02105491
0.0,0.05206357
0.0,0.052818406
0.0,0.06906728
0.0,0.058138464
0.0,0.12637755
0.0,0.021861825
0.0,0.052137777
0.0,0.0443371
0.0,0.04812701
0.0,0.04034836
0.0,0.024517309
0.0,0.029916473
0.0,0.04610791
0.0,0.06593632
0.0,0.012593149
0.0,0.04453284
0.0,0.10275054
0.0,0.09984705
0.0,0.09047745
0.0,0.07148381
1.0,0.041384425
0.0,0.029233187
0.0,0.02984852
0.0,0.06903141
0.0,0.048803173
0.0,0.086020075
0.0,0.07803777
1.0,0.035666607
0.0,0.090995826
0.0,0.080387056
0.0,0.08938414
0.0,0.022306047
0.0,0.046708107
0.0,0.04306247
0.0,0.06336538
0.0,0.080798715
0.0,0.11429696
0.0,0.08034746
0.0,0.0454893
0.0,0.03625966
0.0,0.035342183
0.0,0.04528629
0.0,0.07944991
0.0,0.09303756
0.0,0.10637161
0.0,0.056639835
0.0,0.04363911
0.0,0.07220766
0.0,0.04754171
0.0,0.06040014
0.0,0.07162087
0.0,0.058020294
0.0,0.02708043
0.0,0.061884325
0.0,0.061954286
0.0,0.10109828
0.0,0.076716125
0.0,0.10466272
0.0,0.031046312
0.0,0.070620656
0.0,0.035627782
0.0,0.035380103
0.0,0.036390815
0.0,0.042824607
0.0,0.0704605
0.0,0.071210966
0.0,0.044782817
0.0,0.027990274
0.0,0.07897915
0.0,0.036396507
1.0,0.07942533
0.0,0.046774905
0.0,0.042178206
0.0,0.09314965
0.0,0.0400649
0.0,0.022950852
0.0,0.02028104
0.0,0.071094625
0.0,0.10495272
0.0,0.044082783
0.0,0.04069329
0.0,0.04280256
0.0,0.057766512
0.0,0.021247294
0.0,0.05924346
0.0,0.08649583
0.0,0.037860367
0.0,0.08522345
0.0,0.051634543
0.0,0.049724787
0.0,0.053440616
0.0,0.032746237
0.0,0.027207987
0.0,0.03603426
0.0,0.077113114
0.0,0.066948146
0.0,0.042347208
0.0,0.0689286
0.0,0.05673858
0.0,0.053050473
1.0,0.036674954
0.0,0.050527785
0.0,0.08342335
0.0,0.014843154
0.0,0.03472113
0.0,0.041460034
0.0,0.054147482
0.0,0.094725214
0.0,0.16078177
0.0,0.10252458
0.0,0.056550294
0.0,0.06579384
0.0,0.085095435
0.0,0.03245062
0.0,0.07912186
0.0,0.06468685
0.0,0.058157347
0.0,0.06667334
0.0,0.03527041
0.0,0.056216136
0.0,0.034124233
0.0,0.035173103
0.0,0.07387671
0.0,0.07545243
0.0,0.033309672
0.0,0.06366221
0.0,0.08919786
0.0,0.049388766
0.0,0.105078615
0.0,0.043148592
0.0,0.046935547
0.0,0.020424847
0.0,0.02477144
0.0,0.039179407
0.0,0.03270038
0.0,0.053716794
0.0,0.042639285
0.0,0.035881132
0.0,0.08500089
0.0,0.08358751
0.0,0.049957506
0.0,0.050105203
0.0,0.057564177
0.0,0.03403948
0.0,0.051821213
0.0,0.029700268
0.0,0.07213773
0.0,0.054809302
0.0,0.10259884
0.0,0.042645812
0.0,0.050090607
0.0,0.06014775
0.0,0.036228687
0.0,0.116997585
0.0,0.022903722
0.0,0.037636325
0.0,0.069157645
0.0,0.104109615
0.0,0.030657116
0.0,0.02579848
0.0,0.035870917
0.0,0.06355162
0.0,0.042876795
0.0,0.061862774
0.0,0.04589822
0.0,0.096687995
0.0,0.029157301
0.0,0.06408516
0.0,0.0965171
0.0,0.08092572
0.0,0.074065596
0.0,0.09152983
0.0,0.057227507
0.0,0.15215866
0.0,0.060862876
0.0,0.044837385
0.0,0.029127106
0.0,0.056100346
0.0,0.09212704
0.0,0.09921623
1.0,0.06599188
0.0,0.039364554
0.0,0.057832014
0.0,0.08263899
0.0,0.03878414
0.0,0.026374267
0.0,0.14592865
1.0,0.0465029
0.0,0.10478441
0.0,0.06306522
0.0,0.09306529
0.0,0.0652177
0.0,0.038604222
0.0,0.05452899
0.0,0.03954092
0.0,0.063916616
0.0,0.04327201
0.0,0.029178776
0.0,0.03239246
0.0,0.023941876
0.0,0.049526796
0.0,0.05282606
0.0,0.07528176
0.0,0.020738224
0.0,0.026952984
0.0,0.03548819
0.0,0.068045974
0.0,0.09465758
0.0,0.044816203
0.0,0.038355857
0.0,0.16484275
0.0,0.07340369
0.0,0.07511639
0.0,0.04965721
0.0,0.05749317
0.0,0.1378577
0.0,0.037541132
0.0,0.022391226
0.0,0.06392367
0.0,0.057068117
0.0,0.024700329
0.0,0.079106905
0.0,0.015155213
0.0,0.067093775
0.0,0.06698451
0.0,0.06723676
0.0,0.03331447
0.0,0.06020208
0.0,0.049746156
0.0,0.059327308
0.0,0.11739315
0.0,0.10276752
0.0,0.030607877
0.0,0.02858765
0.0,0.051206782
0.0,0.13958406
0.0,0.049443502
0.0,0.09772152
0.0,0.040079404
0.0,0.055671215
0.0,0.055968765
0.0,0.050571125
0.0,0.053567454
0.0,0.0842842
1.0,0.03784062
0.0,0.04250401
0.0,0.07122978
0.0,0.094606385
0.0,0.04854971
0.0,0.054656
0.0,0.060357917
0.0,0.046398617
0.0,0.079542436
0.0,0.15522684
0.0,0.07665467
0.0,0.09543067
0.0,0.10221529
0.0,0.09624636
0.0,0.07407145
0.0,0.036275014
0.0,0.024349574
0.0,0.0291963
0.0,0.036161155
0.0,0.037577003
0.0,0.07494262
0.0,0.08743066
0.0,0.05275538
0.0,0.10193785
0.0,0.033046372
0.0,0.10545196
0.0,0.06572144
0.0,0.038756534
0.0,0.10750418
0.0,0.058306985
0.0,0.0611474
0.0,0.029477362
0.0,0.07844297
0.0,0.073350534
0.0,0.044987835
0.0,0.09487206
0.0,0.025284585
0.0,0.05613284
0.0,0.03919985
0.0,0.065407924
0.0,0.045630924
1.0,0.042214002
0.0,0.05850475
0.0,0.08433056
0.0,0.09325942
0.0,0.077621296
0.0,0.019548627
0.0,0.0860316
0.0,0.05369929
0.0,0.106978394
0.0,0.044086967
0.0,0.10076158
0.0,0.047445554
0.0,0.03812403
0.0,0.05801562
0.0,0.04840854
0.0,0.043271765
0.0,0.07781259
0.0,0.050400108
0.0,0.04987534
0.0,0.03852063
0.0,0.049238764
0.0,0.07408495
0.0,0.05139575
0.0,0.0629526
0.0,0.027160855
0.0,0.03768923
0.0,0.025206987
0.0,0.118977614
0.0,0.08372009
0.0,0.08152116
0.0,0.13092294
0.0,0.04253507
0.0,0.07032964
0.0,0.048997734
0.0,0.07503437
0.0,0.035042375
0.0,0.041913882
1.0,0.03814259
0.0,0.02832705
0.0,0.029577298
0.0,0.041460134
0.0,0.03713805
0.0,0.06739473
0.0,0.048555106
0.0,0.039528236
0.0,0.023888974
0.0,0.022020392
0.0,0.14698759
0.0,0.056579385
0.0,0.080298364
0.0,0.04540825
0.0,0.019199897
0.0,0.049873464
0.0,0.061956253
0.0,0.1384214
0.0,0.04204195
0.0,0.07528575
0.0,0.036639802
0.0,0.04516094
0.0,0.024728175
0.0,0.10021098
0.0,0.0770804
0.0,0.094861
0.0,0.097193465
0.0,0.054836173
0.0,0.076437846
0.0,0.050964795
0.0,0.06850937
0.0,0.025468646
0.0,0.024372399
0.0,0.0400403
0.0,0.058551803
0.0,0.031218069
0.0,0.026168149
0.0,0.03888122
0.0,0.022935852
0.0,0.027946917
0.0,0.01540203
0.0,0.061838724
0.0,0.06477927
0.0,0.03376814
0.0,0.05136613
0.0,0.052234925
1.0,0.1491669
0.0,0.08804126
0.0,0.06342893
0.0,0.12698108
0.0,0.053075116
0.0,0.04920079
1.0,0.050688237
1.0,0.066412136
0.0,0.04131134
0.0,0.07076834
0.0,0.08323893
0.0,0.07107168
0.0,0.1047915
0.0,0.033225615
0.0,0.06058814
0.0,0.047134683
0.0,0.06927772
1.0,0.05679598
0.0,0.04692892
0.0,0.04592272
0.0,0.103921585
0.0,0.03581981
0.0,0.06485431
0.0,0.06589667
0.0,0.033674527
0.0,0.070036076
0.0,0.05437585
0.0,0.0572613
0.0,0.0865309
0.0,0.054258883
0.0,0.052742425
0.0,0.045618545
0.0,0.13653474
0.0,0.06604004
0.0,0.06960012
0.0,0.09652898
1.0,0.067483574
0.0,0.031205269
0.0,0.03736579
0.0,0.026139826
0.0,0.022163922
0.0,0.018674718
0.0,0.07021162
0.0,0.082786754
0.0,0.053308666
0.0,0.059354868
0.0,0.09800248
0.0,0.030727526
0.0,0.018483564
0.0,0.024492431
0.0,0.052450694
0.0,0.034831256
0.0,0.109579146
0.0,0.10304341
0.0,0.0383842
0.0,0.048535664
0.0,0.049321808
0.0,0.076122835
0.0,0.05621367
0.0,0.046504717
0.0,0.07609723
0.0,0.05149223
0.0,0.035384525
0.0,0.03751223
0.0,0.044937
0.0,0.039808482
0.0,0.06952842
0.0,0.044573776
0.0,0.053035498
0.0,0.01286297
0.0,0.039615996
0.0,0.07382184
0.0,0.03054565
0.0,0.06419983
0.0,0.03018932
1.0,0.060310215
0.0,0.13035911
0.0,0.048557725
0.0,0.041424602
0.0,0.07193068
0.0,0.11573787
0.0,0.023821997
1.0,0.023127396
0.0,0.07345579
0.0,0.06938404
0.0,0.040538527
0.0,0.081664294
0.0,0.08472295
0.0,0.1326766
0.0,0.033519913
0.0,0.0607997
0.0,0.09028515
0.0,0.054243464
0.0,0.048568167
0.0,0.05485511
0.0,0.032087367
0.0,0.10431693
0.0,0.054335207
0.0,0.034519203
0.0,0.03667389
0.0,0.036829945
0.0,0.052006055
0.0,0.03299594
0.0,0.078558855
0.0,0.059646364
0.0,0.083362624
0.0,0.108024
0.0,0.02544347
0.0,0.077987716
0.0,0.07019231
0.0,0.064610906
0.0,0.042679075
0.0,0.04584743
0.0,0.0345302
0.0,0.024164474
0.0,0.07385044
0.0,0.08131218
0.0,0.04793858
0.0,0.0714807
0.0,0.08191704
0.0,0.056955382
0.0,0.06645341
0.0,0.049160924
0.0,0.10870887
0.0,0.05591175
0.0,0.04920494
0.0,0.044795416
0.0,0.14948201
0.0,0.112011775
0.0,0.07849389
0.0,0.051271822
0.0,0.056087825
0.0,0.06971267
0.0,0.021650061
0.0,0.08534079
0.0,0.061051607
0.0,0.096187286
0.0,0.05881314
0.0,0.16711968
0.0,0.013099618
0.0,0.043358285
0.0,0.1031673
0.0,0.06580796
0.0,0.024299305
0.0,0.0734554
0.0,0.020408073
0.0,0.0982352
0.0,0.06040329
0.0,0.03940217
0.0,0.04171897
0.0,0.08940805
0.0,0.053217284
0.0,0.045619067
1.0,0.063935876
0.0,0.040041998
0.0,0.03543641
1.0,0.04256989
0.0,0.10202682
0.0,0.048823167
0.0,0.07084326
0.0,0.08711688
0.0,0.0797209
0.0,0.052962713
0.0,0.06408785
0.0,0.06944361
0.0,0.07930207
0.0,0.10368064
0.0,0.042004555
0.0,0.041770406
0.0,0.051743384
0.0,0.056688756
0.0,0.057635628
0.0,0.033110663
0.0,0.04015006
0.0,0.08639829
0.0,0.049294136
0.0,0.06034878
0.0,0.029034365
0.0,0.05358907
0.0,0.040666133
0.0,0.09982334
0.0,0.0722194
0.0,0.07911609
0.0,0.024652757
0.0,0.048136216
0.0,0.047774233
0.0,0.0625829
0.0,0.06549571
0.0,0.12619051
0.0,0.047017306
0.0,0.03544268
0.0,0.055579558
0.0,0.06267146
0.0,0.10030062
0.0,0.105414405
0.0,0.04006383
0.0,0.06695115
0.0,0.040450245
0.0,0.04584868
0.0,0.03478304
0.0,0.041316457
0.0,0.033733588
0.0,0.06398465
0.0,0.045819566
0.0,0.060775757
0.0,0.020463305
0.0,0.032538988
0.0,0.057161804
0.0,0.025625987
0.0,0.0895208
0.0,0.023959773
0.0,0.10319933
0.0,0.048442602
0.0,0.075396255
0.0,0.04863352
0.0,0.049646843
0.0,0.065896004
0.0,0.076183945
0.0,0.05242489
0.0,0.047557037
0.0,0.021220522
0.0,0.06726429
0.0,0.024998128
0.0,0.04134632
0.0,0.035885032
0.0,0.08154915
0.0,0.03949302
1.0,0.02684962
0.0,0.13030474
0.0,0.06180671
0.0,0.047485955
0.0,0.070900336
0.0,0.08644769
0.0,0.033171616
0.0,0.026459888
0.0,0.07105718
0.0,0.046382803
0.0,0.104942694
0.0,0.057315946
0.0,0.056118887
0.0,0.05806319
0.0,0.040040933
0.0,0.04782148
0.0,0.04306508
0.0,0.038780253
0.0,0.039579064
0.0,0.08070226
0.0,0.05521858
0.0,0.032429878
0.0,0.1011931
0.0,0.060851734
0.0,0.039765228
0.0,0.039903373
0.0,0.031251013
0.0,0.12639466
1.0,0.07163979
0.0,0.04505808
0.0,0.04022073
0.0,0.0516324
0.0,0.05669661
0.0,0.08051069
0.0,0.10362676
1.0,0.056083225
0.0,0.03448439
0.0,0.0402651
0.0,0.038912065
0.0,0.06316582
0.0,0.07006513
1.0,0.041077115
0.0,0.07816452
0.0,0.092178494
0.0,0.1325495
0.0,0.039884083
0.0,0.04787658
0.0,0.07843571
0.0,0.027188715
0.0,0.042286288
0.0,0.04694047
0.0,0.020698588
0.0,0.05097945
0.0,0.031417564
0.0,0.055060416
0.0,0.06900602
0.0,0.09659104
0.0,0.06098211
0.0,0.039515212
0.0,0.11143407
0.0,0.0720844
0.0,0.03374757
0.0,0.059079923
0.0,0.068092935
0.0,0.059203614
0.0,0.035129473
0.0,0.037736796
1.0,0.03448232
0.0,0.03785663
0.0,0.04348952
0.0,0.03253284
0.0,0.020865325
0.0,0.03411966
1.0,0.048814416
0.0,0.05217844
0.0,0.041824102
0.0,0.06455817
0.0,0.05158178
0.0,0.050000355
0.0,0.03763681
0.0,0.061483603
0.0,0.07079534
0.0,0.0723872
0.0,0.025869742
0.0,0.036414124
0.0,0.073024794
0.0,0.08250587
0.0,0.038432144
0.0,0.09545853
0.0,0.069728374
0.0,0.09181768
0.0,0.036963657
0.0,0.11047756
0.0,0.053225037
0.0,0.053604018
0.0,0.03271036
1.0,0.07631356
0.0,0.036999207
0.0,0.081921354
0.0,0.060566854
0.0,0.14716431
0.0,0.05007535
0.0,0.055143934
0.0,0.0976273
0.0,0.068281144
0.0,0.056758903
0.0,0.039427806
0.0,0.07290528
0.0,0.061385203
0.0,0.040906806
0.0,0.17967302
0.0,0.05812139
0.0,0.06806364
0.0,0.040361598
0.0,0.039479822
0.0,0.041851293
0.0,0.08281089
0.0,0.028922755
0.0,0.032131676
0.0,0.10875276
0.0,0.051660918
0.0,0.0883018
0.0,0.048911154
0.0,0.03547626
0.0,0.065207504
0.0,0.02830712
0.0,0.031578436
0.0,0.08488312
0.0,0.050861664
0.0,0.054411042
0.0,0.08927575
0.0,0.042948492
0.0,0.064308845
0.0,0.08024067
0.0,0.09517201
0.0,0.11630199
0.0,0.044081397
0.0,0.047470696
0.0,0.07563752
0.0,0.09574052
0.0,0.11218408
0.0,0.03111042
0.0,0.06614493
0.0,0.0674973
0.0,0.04511901
0.0,0.084393956
0.0,0.06449752
0.0,0.04591357
0.0,0.056952693
0.0,0.032761276
0.0,0.0767677
0.0,0.04958053
0.0,0.072738014
0.0,0.09370194
0.0,0.0396017
0.0,0.08360089
0.0,0.1366916
0.0,0.045958295
0.0,0.025655918
1.0,0.07248516
0.0,0.06826936
0.0,0.0450375
0.0,0.039855625
0.0,0.03342203
0.0,0.05158168
0.0,0.03409785
0.0,0.027197376
0.0,0.0603334
0.0,0.05324947
0.0,0.062391106
0.0,0.041871175
0.0,0.08928415
0.0,0.046814665
0.0,0.03775861
0.0,0.05026386
0.0,0.06245391
0.0,0.038301483
0.0,0.053095862
0.0,0.04156532
0.0,0.11087268
0.0,0.051802978
0.0,0.021312803
0.0,0.09509063
0.0,0.052510455
1.0,0.03172889
0.0,0.0475142
0.0,0.047678538
0.0,0.03273579
0.0,0.041768238
1.0,0.03237859
0.0,0.03055774
0.0,0.013844091
0.0,0.09069681
0.0,0.045936145
0.0,0.055287585
0.0,0.050498836
0.0,0.037819877
0.0,0.021653933
0.0,0.06901449
0.0,0.04110384
0.0,0.029562846
0.0,0.08548132
0.0,0.06858134
0.0,0.026474576
0.0,0.057474997
0.0,0.07150434
0.0,0.066818245
0.0,0.082561746
0.0,0.043333046
0.0,0.13170494
0.0,0.12598072
0.0,0.054721218
0.0,0.08808245
0.0,0.03911527
0.0,0.026221234
0.0,0.021677364
0.0,0.110361144
0.0,0.024024352
0.0,0.12978107
0.0,0.043672558
0.0,0.1161543
0.0,0.057108667
0.0,0.035088472
0.0,0.06405591
0.0,0.034075223
0.0,0.07505205
0.0,0.0478659
0.0,0.05392854
0.0,0.05422885
0.0,0.08393092
0.0,0.06945319
0.0,0.05727483
0.0,0.034301057
0.0,0.027202798
0.0,0.04481379
0.0,0.04365155
0.0,0.09492211
0.0,0.028178737
0.0,0.08698425
0.0,0.083555356
0.0,0.037540503
1.0,0.058250904
0.0,0.044393588
0.0,0.053722188
0.0,0.064278
0.0,0.14354764
0.0,0.029573843
0.0,0.038418822
0.0,0.058873788
0.0,0.06570514
0.0,0.013388186
0.0,0.026950657
0.0,0.0314339
0.0,0.04570479
0.0,0.031999707
0.0,0.037250813
0.0,0.040855482
0.0,0.078488275
0.0,0.025878467
0.0,0.020759752
0.0,0.06650328
0.0,0.10388671
0.0,0.077185184
0.0,0.06395939
0.0,0.03320024
0.0,0.06070474
0.0,0.07797985
0.0,0.047632977
0.0,0.09891082
0.0,0.037214026
1.0,0.07927583
0.0,0.030529398
0.0,0.046265773
0.0,0.05900865
0.0,0.10950388
0.0,0.033573996
0.0,0.031051997
0.0,0.05934383
0.0,0.033192772
0.0,0.03421869
0.0,0.106874995
0.0,0.057804346
0.0,0.04916458
1.0,0.066415116
0.0,0.09289074
0.0,0.096572384
0.0,0.026841681
0.0,0.066945784
0.0,0.039895497
0.0,0.067008264
0.0,0.04068997
0.0,0.06761517
0.0,0.028773354
0.0,0.033518873
0.0,0.07654195
0.0,0.023181595
1.0,0.038693458
0.0,0.08400651
1.0,0.10418694
0.0,0.031175895
0.0,0.04514464
0.0,0.06398599
0.0,0.04194929
0.0,0.013751449
0.0,0.0701553
0.0,0.036533732
0.0,0.043054134
0.0,0.027578712
0.0,0.047054783
0.0,0.0728369
0.0,0.038978938
0.0,0.03757989
0.0,0.10257049
0.0,0.033163264
0.0,0.1076165
0.0,0.038076773
0.0,0.063010775
0.0,0.053585105
0.0,0.019722007
0.0,0.04648658
0.0,0.052261632
0.0,0.09291369
0.0,0.030542852
0.0,0.07751283
0.0,0.09226895
0.0,0.06509529
0.0,0.015417888
0.0,0.061193164
0.0,0.05240077
2.0,0.12209404
1.0,0.0657377
0.0,0.10070665
0.0,0.08956303
0.0,0.03733334
0.0,0.12772992
0.0,0.16388845
0.0,0.13614586
0.0,0.030412724
0.0,0.08465303
0.0,0.042458758
0.0,0.044487335
0.0,0.0657881
0.0,0.051849045
0.0,0.097621895
0.0,0.070333764
0.0,0.039213553
0.0,0.047375064
0.0,0.034665
0.0,0.09241974
0.0,0.050536968
0.0,0.054920383
0.0,0.018687662
0.0,0.08557239
0.0,0.07723457
0.0,0.03625103
0.0,0.07854065
0.0,0.0674906
0.0,0.05585731
1.0,0.02807126
0.0,0.07211214
0.0,0.100470066
0.0,0.04096894
0.0,0.058925916
0.0,0.07881768
0.0,0.075987816
0.0,0.04077693
0.0,0.043103125
0.0,0.059721466
0.0,0.043147255
0.0,0.04926932
0.0,0.052936606
0.0,0.016368434
0.0,0.03715548
0.0,0.054924913
0.0,0.09778044
0.0,0.09114208
0.0,0.025076684
0.0,0.036007777
0.0,0.08103828
0.0,0.024585161
0.0,0.03961358
0.0,0.076711826
0.0,0.0325298
0.0,0.07835362
0.0,0.104914196
0.0,0.06609804
0.0,0.04515489
0.0,0.051924754
0.0,0.038219094
0.0,0.053123858
0.0,0.025806747
0.0,0.020629771
0.0,0.05720175
0.0,0.056807153
0.0,0.03801473
0.0,0.132713
0.0,0.122616306
0.0,0.044446263
0.0,0.052589536
0.0,0.06918067
0.0,0.03762143
0.0,0.024537448
0.0,0.03792017
0.0,0.034784615
0.0,0.048228458
0.0,0.05611926
1.0,0.04225019
0.0,0.059397124
0.0,0.13335545
0.0,0.07291451
0.0,0.07362019
0.0,0.046275858
0.0,0.047856018
0.0,0.15259872
0.0,0.03033586
1.0,0.035166647
0.0,0.038157053
0.0,0.06768723
0.0,0.08640531
0.0,0.049179632
0.0,0.07627473
0.0,0.033653673
0.0,0.047499135
0.0,0.075819805
0.0,0.041369252
0.0,0.06476595
0.0,0.1237326
0.0,0.066566125
0.0,0.03723249
0.0,0.03668034
0.0,0.12944973
0.0,0.05379265
0.0,0.106240444
0.0,0.07268261
0.0,0.045559026
0.0,0.044823408
0.0,0.06576691
0.0,0.08833035
0.0,0.055915616
0.0,0.029240144
0.0,0.07256899
0.0,0.028504333
0.0,0.09706693
0.0,0.06890803
0.0,0.06934344
0.0,0.052731685
0.0,0.039338004
0.0,0.05018308
0.0,0.08034568
0.0,0.085180186
0.0,0.022438157
0.0,0.055518717
0.0,0.06380382
0.0,0.10369854
0.0,0.069365926
0.0,0.046662204
0.0,0.03208091
0.0,0.03010597
0.0,0.0519462
0.0,0.07938483
0.0,0.01835457
0.0,0.043022674
0.0,0.07310426
0.0,0.029768666
0.0,0.06878391
0.0,0.07743487
0.0,0.020979347
0.0,0.057568446
0.0,0.08653119
0.0,0.11042968
0.0,0.045981683
0.0,0.040930826
0.0,0.046536595
0.0,0.041795492
0.0,0.05731946
0.0,0.04879938
0.0,0.112449
0.0,0.06970766
0.0,0.04849113
1.0,0.056248337
0.0,0.038625382
0.0,0.065768935
0.0,0.020198222
0.0,0.0636544
0.0,0.045393117
0.0,0.029922437
0.0,0.07872329
0.0,0.04865472
0.0,0.03665464
0.0,0.036613274
0.0,0.061751
0.0,0.079164185
0.0,0.072999485
0.0,0.09642427
0.0,0.050509214
0.0,0.057175707
0.0,0.040113837
0.0,0.123976156
0.0,0.018825386
0.0,0.05268941
0.0,0.024999416
0.0,0.1795878
0.0,0.018975217
0.0,0.103360645
0.0,0.032489713
0.0,0.07595076
0.0,0.031240182
0.0,0.11235959
0.0,0.028551277
0.0,0.040605173
0.0,0.06806734
0.0,0.052970596
0.0,0.05118552
0.0,0.013989412
0.0,0.053113803
0.0,0.11530493
0.0,0.025162578
0.0,0.03347487
1.0,0.022425119
0.0,0.03766611
0.0,0.110109575
0.0,0.07340661
0.0,0.062213898
0.0,0.03976219
0.0,0.035016183
0.0,0.019014535
0.0,0.07024873
0.0,0.102366105
0.0,0.06409594
0.0,0.057024296
0.0,0.039461546
0.0,0.039807703
0.0,0.06097916
0.0,0.07458729
0.0,0.039023533
0.0,0.068815716
0.0,0.051317047
0.0,0.03155497
0.0,0.06829709
0.0,0.033219595
0.0,0.026993189
0.0,0.050774768
0.0,0.037998836
0.0,0.043176293
0.0,0.084212214
0.0,0.0702969
1.0,0.041105293
0.0,0.04159707
0.0,0.08031699
0.0,0.06091964
0.0,0.04222246
0.0,0.04879019
0.0,0.033829853
0.0,0.07378148
0.0,0.04640603
0.0,0.031713687
0.0,0.11196091
0.0,0.11349697
0.0,0.021699827
0.0,0.022741158
0.0,0.059014406
0.0,0.034312624
0.0,0.015922602
0.0,0.059658468
0.0,0.035003096
0.0,0.025671056
0.0,0.030114442
0.0,0.12482304
0.0,0.09601716
0.0,0.083758
0.0,0.120514646
1.0,0.06052336
0.0,0.09091071
0.0,0.10664804
0.0,0.039690703
0.0,0.035888027
0.0,0.1271594
0.0,0.077668875
0.0,0.05755969
0.0,0.037356544
0.0,0.06789626
0.0,0.030287815
1.0,0.03314559
0.0,0.050465014
0.0,0.046408154
0.0,0.034568418
0.0,0.04583423
0.0,0.031020356
0.0,0.0759927
0.0,0.09776985
0.0,0.040820934
0.0,0.03507847
0.0,0.039688338
0.0,0.09158829
0.0,0.026585953
0.0,0.06698349
0.0,0.05610976
0.0,0.08213469
0.0,0.06984058
0.0,0.06461096
0.0,0.07724328
0.0,0.026723882
0.0,0.077527344
0.0,0.027147053
0.0,0.10507671
0.0,0.051500726
0.0,0.04793561
0.0,0.016046
0.0,0.0352187
0.0,0.09220432
0.0,0.057369743
0.0,0.06670762
0.0,0.044298492
0.0,0.11776442
0.0,0.02272921
0.0,0.02636201
0.0,0.045585014
0.0,0.034387477
0.0,0.026715308
0.0,0.015899235
0.0,0.026951415
0.0,0.06817617
0.0,0.06515866
0.0,0.032676373
0.0,0.023944296
0.0,0.06974088
0.0,0.024538372
0.0,0.086827785
0.0,0.054371778
0.0,0.05418594
0.0,0.06419955
0.0,0.04667182
0.0,0.044613075
0.0,0.056849536
0.0,0.13228878
0.0,0.045582384
0.0,0.08794941
0.0,0.09675837
0.0,0.07404974
0.0,0.0513077
0.0,0.036063295
0.0,0.04478512
0.0,0.0820197
0.0,0.036313903
0.0,0.041042775
0.0,0.075504154
0.0,0.08385715
0.0,0.069477335
0.0,0.05283644
0.0,0.046455957
0.0,0.039292578
0.0,0.051230885
0.0,0.06046323
0.0,0.08353811
0.0,0.10689971
0.0,0.06561954
0.0,0.16499057
0.0,0.07682867
0.0,0.059559736
1.0,0.04610905
0.0,0.035031717
0.0,0.04595409
0.0,0.24009588
0.0,0.03535292
0.0,0.12775674
0.0,0.022636993
0.0,0.044707328
0.0,0.047087938
0.0,0.03212031
0.0,0.06053043
0.0,0.044494294
0.0,0.13653825
0.0,0.07374061
0.0,0.020756813
0.0,0.053599775
0.0,0.1204396
0.0,0.020365272
0.0,0.0451819
0.0,0.021589434
0.0,0.026041703
0.0,0.069440335
0.0,0.029771462
0.0,0.0505135
0.0,0.05744472
0.0,0.037820652
0.0,0.05874628
0.0,0.034983926
0.0,0.08434954
0.0,0.031832468
0.0,0.044542037
0.0,0.061986275
0.0,0.025190527
0.0,0.063072935
0.0,0.04347878
0.0,0.0344357
0.0,0.015882717
0.0,0.046888817
0.0,0.0423548
0.0,0.034624096
0.0,0.01738851
0.0,0.0878437
0.0,0.05868166
0.0,0.10071633
0.0,0.09489462
0.0,0.021639463
0.0,0.04327389
0.0,0.0945126
0.0,0.073292606
0.0,0.020687673
0.0,0.028358864
0.0,0.03787039
0.0,0.15564418
0.0,0.10171528
0.0,0.03776198
0.0,0.0720505
0.0,0.04621707
0.0,0.08287279
0.0,0.033567596
0.0,0.08531382
0.0,0.06302952
0.0,0.05764588
0.0,0.072956614
0.0,0.075457305
0.0,0.07222199
0.0,0.04596474
0.0,0.06283191
0.0,0.1921449
0.0,0.05040518
0.0,0.06920041
0.0,0.045881048
0.0,0.028628588
0.0,0.024585526
0.0,0.04115715
0.0,0.106277205
1.0,0.02469384
0.0,0.08516885
0.0,0.10505747
0.0,0.08458875
0.0,0.040669527
0.0,0.056850307
0.0,0.050511356
0.0,0.13975225
0.0,0.04017904
0.0,0.10881516
0.0,0.046300404
0.0,0.06496632
0.0,0.02761893
0.0,0.11700442
0.0,0.037954792
0.0,0.054312594
0.0,0.07364858
0.0,0.052610405
0.0,0.046128273
0.0,0.119913965
0.0,0.079405405
0.0,0.078957856
0.0,0.042520307
0.0,0.09219513
0.0,0.027379911
0.0,0.0535465
0.0,0.024265992
0.0,0.10255323
0.0,0.037701003
0.0,0.0836567
0.0,0.07065923
0.0,0.126644
0.0,0.017812667
0.0,0.085360676
0.0,0.0511399
0.0,0.049622416
0.0,0.052072182
0.0,0.051112983
1.0,0.05464276
0.0,0.061324906
0.0,0.029868124
0.0,0.055034604
0.0,0.03846641
0.0,0.074579306
0.0,0.095845416
0.0,0.048643008
0.0,0.041230492
1.0,0.03832284
0.0,0.06219542
0.0,0.034401927
0.0,0.103965946
0.0,0.052681044
0.0,0.12570004
0.0,0.044729225
0.0,0.025006521
0.0,0.047930125
0.0,0.038998086
0.0,0.14561257
0.0,0.0549356
0.0,0.09703546
0.0,0.02190418
0.0,0.013103136
0.0,0.013278659
0.0,0.0314146
0.0,0.09234391
0.0,0.051736154
0.0,0.036627695
0.0,0.090914376
0.0,0.08701712
0.0,0.085124925
1.0,0.04601586
0.0,0.07300867
0.0,0.040112134
0.0,0.029841006
0.0,0.0760254
0.0,0.07372254
0.0,0.072009645
0.0,0.052779406
0.0,0.085593365
0.0,0.030784825
0.0,0.054452624
0.0,0.05986752
0.0,0.07140449
0.0,0.07934235
0.0,0.07977855
0.0,0.032145146
0.0,0.029149238
0.0,0.043518562
0.0,0.091457814
0.0,0.05034431
0.0,0.07388039
0.0,0.037489306
0.0,0.025420018
0.0,0.071779646
0.0,0.02185401
0.0,0.0496985
0.0,0.018573673
0.0,0.082203135
0.0,0.074278474
1.0,0.059439383
0.0,0.06455728
0.0,0.02357793
0.0,0.03436192
0.0,0.068499185
0.0,0.07451456
0.0,0.0426953
0.0,0.05853469
0.0,0.062101774
0.0,0.042853083
0.0,0.052203327
0.0,0.038410965
0.0,0.034392297
0.0,0.07070776
0.0,0.07844323
0.0,0.03733649
0.0,0.087987915
0.0,0.11971583
0.0,0.052256722
0.0,0.10146087
1.0,0.060339082
0.0,0.040594254
0.0,0.05256815
0.0,0.031804733
0.0,0.09274088
0.0,0.027948184
0.0,0.037055496
0.0,0.047481585
0.0,0.07930986
0.0,0.052503794
1.0,0.059764512
0.0,0.04207903
0.0,0.02723992
0.0,0.020019807
0.0,0.030153167
0.0,0.018253883
0.0,0.06046865
0.0,0.26831555
0.0,0.05554459
0.0,0.024894673
0.0,0.05971133
0.0,0.105287105
1.0,0.086055644
0.0,0.058055356
0.0,0.06574322
0.0,0.05391869
0.0,0.015182728
0.0,0.026744815
0.0,0.038859665
0.0,0.093119025
0.0,0.051588275
0.0,0.063407
0.0,0.012976683
0.0,0.05254101
0.0,0.078166924
0.0,0.08657411
0.0,0.094591096
0.0,0.040062264
0.0,0.06433161
0.0,0.037554435
0.0,0.0680937
0.0,0.083607525
0.0,0.09088594
0.0,0.034965597
0.0,0.07630021
0.0,0.04379896
0.0,0.06976923
0.0,0.039236072
0.0,0.07465372
0.0,0.045889754
0.0,0.05149707
0.0,0.047462545
0.0,0.09649759
0.0,0.09130753
0.0,0.06598458
1.0,0.03493861
0.0,0.06489564
0.0,0.044976916
0.0,0.042899024
0.0,0.13603099
0.0,0.039637744
0.0,0.048377667
0.0,0.045448605
0.0,0.08033527
0.0,0.062317103
0.0,0.05247904
0.0,0.042974982
0.0,0.020148683
0.0,0.09029411
0.0,0.035946086
0.0,0.07026987
0.0,0.022958208
0.0,0.040788695
0.0,0.08447613
0.0,0.019512698
1.0,0.07054311
1.0,0.050524145
0.0,0.07269873
0.0,0.06527566
0.0,0.030629208
0.0,0.061815564
0.0,0.055484604
0.0,0.115352586
0.0,0.0494739
0.0,0.042948164
1.0,0.050006434
0.0,0.0413218
0.0,0.06115778
0.0,0.03741143
0.0,0.05598127
0.0,0.06505619
0.0,0.048209537
0.0,0.032687064
0.0,0.06592901
0.0,0.035146512
0.0,0.048894156
0.0,0.07450758
0.0,0.061262127
0.0,0.054705773
0.0,0.05277986
0.0,0.02652669
0.0,0.021738218
0.0,0.03868228
0.0,0.07317356
0.0,0.0700283
0.0,0.02205956
0.0,0.17865749
0.0,0.030502465
0.0,0.04904229
0.0,0.0453866
1.0,0.05052203
0.0,0.01036969
0.0,0.114312924
0.0,0.057510484
0.0,0.058013074
0.0,0.08330469
0.0,0.0440293
0.0,0.089397945
0.0,0.038522176
0.0,0.06726753
0.0,0.044029005
0.0,0.03815056
0.0,0.06169923
0.0,0.05892142
0.0,0.043938294
0.0,0.034048684
0.0,0.073968604
0.0,0.03790061
0.0,0.054426692
0.0,0.14450404
0.0,0.077067494
0.0,0.10586484
0.0,0.052022967
0.0,0.08713031
0.0,0.071654856
0.0,0.10680105
0.0,0.07310064
0.0,0.06878927
0.0,0.049944907
0.0,0.07035905
0.0,0.16717109
0.0,0.08587843
0.0,0.036636062
0.0,0.0725882
1.0,0.060411327
0.0,0.093603894
1.0,0.09278339
0.0,0.016012646
0.0,0.050362006
0.0,0.012292182
0.0,0.039313663
0.0,0.02645648
0.0,0.057575144
0.0,0.04978759
0.0,0.08619877
0.0,0.022584002
0.0,0.063286774
0.0,0.06529565
0.0,0.0860138
0.0,0.08519887
0.0,0.033777658
0.0,0.042456307
0.0,0.062132698
0.0,0.049752086
0.0,0.05294144
0.0,0.024258519
0.0,0.06215169
0.0,0.06169661
0.0,0.024187634
0.0,0.02086623
0.0,0.05949547
0.0,0.03630682
0.0,0.041702304
0.0,0.061437443
0.0,0.047961585
0.0,0.04510178
0.0,0.074874826
0.0,0.04404822
0.0,0.068477824
0.0,0.083177194
0.0,0.023981431
0.0,0.06398782
0.0,0.046981562
0.0,0.05061344
0.0,0.058972098
0.0,0.09429176
0.0,0.05997986
0.0,0.06559652
0.0,0.09732005
1.0,0.048199743
0.0,0.041187223
0.0,0.052748058
0.0,0.064762264
0.0,0.07108907
0.0,0.03990581
0.0,0.05650024
0.0,0.03431413
0.0,0.18466006
0.0,0.06904738
0.0,0.05623423
0.0,0.121262
0.0,0.1134555
0.0,0.04889532
0.0,0.061209302
0.0,0.035724528
0.0,0.06891851
0.0,0.054513026
0.0,0.077980146
0.0,0.08164066
0.0,0.0386676
0.0,0.06265441
0.0,0.03299553
0.0,0.075725645
0.0,0.031767283
0.0,0.04601059
0.0,0.05797281
0.0,0.088439
0.0,0.07007095
0.0,0.07084238
0.0,0.11592351
0.0,0.078809336
0.0,0.2553125
0.0,0.053192496
0.0,0.092314065
0.0,0.017374916
0.0,0.12882881
2.0,0.074080355
0.0,0.07125923
0.0,0.028017502
0.0,0.040989086
0.0,0.031273834
0.0,0.054895077
0.0,0.111142844
0.0,0.06349837
0.0,0.029999841
0.0,0.020837944
0.0,0.07019201
0.0,0.02811505
0.0,0.06799351
0.0,0.043327987
0.0,0.12669553
0.0,0.085597694
0.0,0.058194797
0.0,0.06314724
0.0,0.08011688
0.0,0.04346313
0.0,0.03661284
0.0,0.071072355
0.0,0.028559187
0.0,0.036487684
0.0,0.09490181
0.0,0.093966976
0.0,0.019914826
0.0,0.05346431
0.0,0.095315956
0.0,0.04578925
0.0,0.029184232
0.0,0.047588706
0.0,0.05162263
0.0,0.039799277
0.0,0.04356397
0.0,0.038641114
0.0,0.035484992
0.0,0.028618911
0.0,0.0344448
0.0,0.04009154
0.0,0.058509603
0.0,0.060443427
0.0,0.05312734
0.0,0.07067577
0.0,0.040563006
0.0,0.07932851
0.0,0.1017388
0.0,0.05460171
0.0,0.04547618
0.0,0.07253941
0.0,0.044479318
0.0,0.04293723
0.0,0.038495753
0.0,0.03175459
0.0,0.08933569
0.0,0.049229797
0.0,0.052694686
0.0,0.03393194
0.0,0.060231786
0.0,0.06611787
0.0,0.037802354
0.0,0.050198924
0.0,0.04342901
0.0,0.051673137
0.0,0.082232475
0.0,0.029323012
0.0,0.051462237
0.0,0.059559353
0.0,0.080142446
0.0,0.046741907
0.0,0.061266772
0.0,0.039125677
0.0,0.09462443
0.0,0.04237193
0.0,0.067180246
0.0,0.042840354
0.0,0.035676233
0.0,0.0495306
0.0,0.098249435
0.0,0.043685533
0.0,0.062210456
0.0,0.03284975
0.0,0.031751666
0.0,0.019495733
0.0,0.009348377
0.0,0.05927125
0.0,0.063497186
0.0,0.06165923
0.0,0.06303839
0.0,0.039170142
0.0,0.09924247
0.0,0.045545712
0.0,0.06358721
0.0,0.05499659
0.0,0.049257807
0.0,0.06891434
0.0,0.075851806
0.0,0.05429475
0.0,0.071597755
0.0,0.07248561
0.0,0.075730085
0.0,0.028968358
0.0,0.029815346
0.0,0.03417145
0.0,0.112883456
0.0,0.08564864
0.0,0.07572944
0.0,0.07211672
0.0,0.049285438
0.0,0.11250569
0.0,0.05682333
0.0,0.04182452
0.0,0.064904146
0.0,0.07514593
0.0,0.16836894
0.0,0.042257927
0.0,0.039558742
0.0,0.07076908
0.0,0.041258343
0.0,0.025664408
0.0,0.025986975
0.0,0.04942415
0.0,0.021046087
0.0,0.052661605
0.0,0.11121892
0.0,0.042554893
0.0,0.041364696
0.0,0.018300563
0.0,0.09802221
0.0,0.038580228
0.0,0.04520694
0.0,0.07139065
0.0,0.06412698
0.0,0.0424972
1.0,0.085625775
0.0,0.09853174
0.0,0.07024045
0.0,0.06994363
0.0,0.09724784
0.0,0.03447099
0.0,0.06045983
0.0,0.056752626
0.0,0.043873917
1.0,0.098049134
0.0,0.06604077
0.0,0.056498304
0.0,0.05226744
1.0,0.04104242
0.0,0.1693666
0.0,0.095051736
0.0,0.041451573
0.0,0.062575474
0.0,0.08592163
1.0,0.029533371
0.0,0.14659053
0.0,0.087092794
0.0,0.046504475
0.0,0.04247457
0.0,0.16490836
0.0,0.077491455
0.0,0.033470802
0.0,0.026701592
0.0,0.02524329
0.0,0.11264343
0.0,0.1232582
0.0,0.049888995
0.0,0.04255089
0.0,0.048627887
0.0,0.067456916
0.0,0.040342778
0.0,0.09932056
0.0,0.08675934
0.0,0.04049544
0.0,0.03515285
0.0,0.078641295
0.0,0.038175747
0.0,0.086879
0.0,0.042140957
0.0,0.03640043
0.0,0.07071312
0.0,0.09491097
0.0,0.03728376
1.0,0.040653434
0.0,0.057275087
0.0,0.1312471
0.0,0.047914106
0.0,0.053592287
0.0,0.08540342
0.0,0.058337104
1.0,0.028157473
0.0,0.05802425
0.0,0.068678394
0.0,0.07886898
0.0,0.07609543
1.0,0.09580167
0.0,0.023192119
0.0,0.056481224
0.0,0.053318936
0.0,0.049697198
0.0,0.0482873
0.0,0.048645258
0.0,0.04470332
0.0,0.07697557
0.0,0.11080262
0.0,0.07113552
0.0,0.08775654
0.0,0.073542
0.0,0.04948157
0.0,0.035014365
0.0,0.03584869
0.0,0.09893691
0.0,0.049527504
0.0,0.042521525
0.0,0.023720402
0.0,0.06027497
0.0,0.046740346
0.0,0.050239775
0.0,0.019375348
1.0,0.03631132
0.0,0.032856613
0.0,0.0322667
0.0,0.057851497
0.0,0.10614821
0.0,0.09411024
0.0,0.054713912
0.0,0.044341628
1.0,0.03815347
0.0,0.034583457
0.0,0.07134939
0.0,0.03982517
0.0,0.10245284
0.0,0.040372126
0.0,0.04316973
0.0,0.061385963
0.0,0.05273963
0.0,0.036654413
0.0,0.030004334
0.0,0.026081694
0.0,0.06469145
0.0,0.095346734
0.0,0.055143695
0.0,0.054654486
0.0,0.054203026
0.0,0.09603401
0.0,0.078722015
0.0,0.058041394
0.0,0.041419506
0.0,0.08724888
0.0,0.033770185
0.0,0.054448742
0.0,0.026977928
0.0,0.05867864
0.0,0.024488999
0.0,0.034532733
0.0,0.10205482
0.0,0.06857613
0.0,0.048526175
0.0,0.039254244
0.0,0.0646475
0.0,0.08295526
0.0,0.024936637
0.0,0.03673299
0.0,0.14105916
0.0,0.089405745
0.0,0.07499556
0.0,0.0337983
0.0,0.032054793
0.0,0.025090989
0.0,0.03843321
0.0,0.030853072
0.0,0.0069521475
0.0,0.018531997
0.0,0.042404126
0.0,0.08622023
0.0,0.042788275
0.0,0.07652794
0.0,0.037445214
0.0,0.030979972
0.0,0.046977013
0.0,0.023221644
0.0,0.043550882
0.0,0.042229325
0.0,0.0676648
0.0,0.03988222
0.0,0.08073216
1.0,0.05681433
0.0,0.076248676
0.0,0.034785442
0.0,0.09666785
0.0,0.10494872
0.0,0.045144793
0.0,0.065174274
0.0,0.059083194
0.0,0.048588205
0.0,0.037438218
0.0,0.04103661
0.0,0.068421215
0.0,0.035327557
0.0,0.10716559
0.0,0.051705673
0.0,0.07935533
0.0,0.054273862
0.0,0.054182533
0.0,0.032294
0.0,0.03615524
0.0,0.061144777
0.0,0.032086417
0.0,0.026034527
0.0,0.053053178
0.0,0.05483204
0.0,0.034169286
0.0,0.07835777
0.0,0.030845731
0.0,0.020073222
0.0,0.031158224
0.0,0.14608371
0.0,0.024021935
0.0,0.10348347
0.0,0.04450624
0.0,0.069849744
0.0,0.06749691
0.0,0.12014943
0.0,0.046066858
0.0,0.01841089
0.0,0.11731811
0.0,0.084871285
0.0,0.056811083
0.0,0.062234104
0.0,0.058872834
0.0,0.039180342
0.0,0.06183996
0.0,0.054615486
0.0,0.034661014
0.0,0.061098013
0.0,0.03437664
1.0,0.023457099
0.0,0.044307366
0.0,0.07292687
0.0,0.047020692
0.0,0.039782733
0.0,0.039194394
0.0,0.08742283
0.0,0.089818306
0.0,0.033415705
0.0,0.050984602
0.0,0.049555592
0.0,0.03858965
0.0,0.045322046
0.0,0.05662682
0.0,0.037209395
0.0,0.042813234
0.0,0.060974333
0.0,0.05405379
0.0,0.08737001
0.0,0.06622193
0.0,0.06121742
0.0,0.040489726
0.0,0.08317013
0.0,0.061252136
0.0,0.034473885
0.0,0.06653019
0.0,0.025697215
0.0,0.061072744
0.0,0.08154433
0.0,0.046546314
0.0,0.02500254
0.0,0.13586414
0.0,0.04487927
0.0,0.030160155
0.0,0.051131852
0.0,0.061552126
0.0,0.049357288
0.0,0.06614915
0.0,0.048201926
0.0,0.07173099
0.0,0.059107654
0.0,0.110901445
0.0,0.04368164
0.0,0.074533
0.0,0.018337792
0.0,0.1140288
0.0,0.037612766
0.0,0.059742685
0.0,0.07605834
0.0,0.050115574
0.0,0.068933435
0.0,0.054205015
0.0,0.058688153
0.0,0.08365444
0.0,0.03561686
0.0,0.10126014
0.0,0.07107758
0.0,0.053861544
0.0,0.037251506
0.0,0.050836593
0.0,0.04224181
1.0,0.067786716
0.0,0.05739868
0.0,0.03371259
0.0,0.09002807
0.0,0.07468814
1.0,0.041987434
0.0,0.091734886
0.0,0.06933524
0.0,0.052636802
0.0,0.07880546
0.0,0.048793774
0.0,0.094391175
0.0,0.07739463
0.0,0.07953368
0.0,0.035538483
0.0,0.039844185
0.0,0.047227643
0.0,0.039626956
0.0,0.078689665
0.0,0.059145518
0.0,0.10991089
0.0,0.05004329
0.0,0.05229304
0.0,0.06434972
0.0,0.06826314
0.0,0.12673897
0.0,0.060035944
0.0,0.036777962
0.0,0.05074057
0.0,0.049759135
0.0,0.06011813
0.0,0.014592324
0.0,0.052271202
0.0,0.048692852
0.0,0.043854717
0.0,0.106497064
0.0,0.05701062
0.0,0.081919655
0.0,0.06429757
0.0,0.0391019
0.0,0.049560342
0.0,0.14929986
0.0,0.0385091
0.0,0.049965106
0.0,0.059524443
0.0,0.06806251
0.0,0.07044356
0.0,0.079775095
0.0,0.055595968
0.0,0.11512361
0.0,0.030584127
0.0,0.060805555
0.0,0.15206388
0.0,0.09403807
0.0,0.042589724
0.0,0.0369605
0.0,0.07793702
0.0,0.034863688
0.0,0.0658312
0.0,0.07812094
1.0,0.058505684
0.0,0.071401745
0.0,0.08649753
0.0,0.021736715
0.0,0.09595313
0.0,0.12805383
0.0,0.112516254
0.0,0.042796418
0.0,0.030010529
0.0,0.051538583
0.0,0.051849168
0.0,0.0698556
0.0,0.016802311
1.0,0.07720878
0.0,0.073138505
0.0,0.15246536
0.0,0.053375207
0.0,0.06533416
0.0,0.09914276
0.0,0.09316976
0.0,0.1081031
0.0,0.06758577
0.0,0.037274446
0.0,0.05301881
0.0,0.10086464
0.0,0.030596
0.0,0.04110541
0.0,0.07798675
0.0,0.11125711
0.0,0.030263029
0.0,0.06431056
0.0,0.12355602
0.0,0.029419592
0.0,0.085604504
0.0,0.04264848
0.0,0.06487149
0.0,0.11471025
0.0,0.06312038
0.0,0.058489684
0.0,0.040392786
0.0,0.04295009
0.0,0.03123826
0.0,0.059737615
1.0,0.040574845
0.0,0.093903996
0.0,0.011297867
0.0,0.024417184
0.0,0.10880652
0.0,0.047627866
0.0,0.011526169
0.0,0.02971129
0.0,0.042154163
0.0,0.059930857
0.0,0.08181213
0.0,0.046273783
0.0,0.09379302
0.0,0.07573034
0.0,0.029913463
0.0,0.037227374
0.0,0.05375564
0.0,0.09502418
0.0,0.075910695
0.0,0.08432139
0.0,0.054987334
0.0,0.08598165
0.0,0.050057538
0.0,0.038828753
0.0,0.057557575
0.0,0.1063679
0.0,0.111101516
0.0,0.042704076
0.0,0.069184065
0.0,0.059136
0.0,0.022294542
0.0,0.057910755
0.0,0.07090192
1.0,0.09672429
0.0,0.025345933
0.0,0.060345486
0.0,0.06488139
0.0,0.10577618
0.0,0.07554024
0.0,0.11079711
0.0,0.042936616
0.0,0.041349746
0.0,0.041125797
0.0,0.045670718
0.0,0.037906304
0.0,0.056172673
0.0,0.043841127
0.0,0.058098532
0.0,0.10119124
0.0,0.106966764
0.0,0.03883566
0.0,0.10497049
0.0,0.055231616
0.0,0.093967065
0.0,0.05169862
0.0,0.05272877
0.0,0.037028365
0.0,0.019928772
0.0,0.07930124
0.0,0.08920211
0.0,0.061554473
0.0,0.038473252
0.0,0.04905997
0.0,0.07158125
0.0,0.069344014
0.0,0.042894214
0.0,0.033486493
0.0,0.08421001
0.0,0.07655612
0.0,0.034749817
0.0,0.043446906
0.0,0.041511804
0.0,0.035527132
1.0,0.06346126
0.0,0.081216276
0.0,0.036350787
0.0,0.053311538
0.0,0.07966113
0.0,0.10417844
0.0,0.052510627
0.0,0.016054267
0.0,0.04537617
0.0,0.06766403
0.0,0.0666934
0.0,0.07031745
0.0,0.05083342
0.0,0.04193469
0.0,0.037829526
0.0,0.031695925
0.0,0.1087851
0.0,0.04677359
0.0,0.02477124
0.0,0.029764663
0.0,0.08064148
0.0,0.028986335
0.0,0.036732186
0.0,0.051275562
0.0,0.056015342
0.0,0.040022645
0.0,0.021506485
0.0,0.057660617
0.0,0.048844684
0.0,0.08487059
0.0,0.05430169
0.0,0.009787312
0.0,0.07901505
0.0,0.08257177
0.0,0.039854046
0.0,0.04921447
0.0,0.12782098
0.0,0.06873052
0.0,0.05052005
0.0,0.025111996
0.0,0.052677304
0.0,0.08102495
0.0,0.044104755
0.0,0.060798164
0.0,0.051277667
0.0,0.050309874
0.0,0.08318866
0.0,0.14756835
0.0,0.052359436
0.0,0.059221655
0.0,0.052939713
0.0,0.042159688
1.0,0.06490282
0.0,0.040079746
0.0,0.13507469
0.0,0.044802018
0.0,0.025696184
0.0,0.05226709
0.0,0.05234643
0.0,0.068905406
0.0,0.03372442
1.0,0.035001192
0.0,0.08306962
0.0,0.030945808
0.0,0.043793153
0.0,0.056695852
0.0,0.07840393
0.0,0.026812632
0.0,0.071084626
0.0,0.077379644
0.0,0.060571674
0.0,0.06963338
0.0,0.050469585
0.0,0.070146635
1.0,0.07142828
0.0,0.094799116
0.0,0.03770354
0.0,0.041889504
0.0,0.0524578
0.0,0.10653437
0.0,0.05605542
0.0,0.050350912
0.0,0.04134399
0.0,0.02344897
0.0,0.03227858
0.0,0.020073213
0.0,0.060550015
0.0,0.046741083
0.0,0.040526465
0.0,0.12528917
0.0,0.036043316
0.0,0.051123098
0.0,0.042813033
0.0,0.026273562
0.0,0.051426396
0.0,0.059630267
0.0,0.07104586
0.0,0.0820567
0.0,0.08180938
0.0,0.04741914
0.0,0.058198128
0.0,0.067118675
0.0,0.031829447
0.0,0.08669383
0.0,0.01965714
0.0,0.02121857
0.0,0.02088844
0.0,0.019307856
0.0,0.06865127
0.0,0.052256174
0.0,0.032239754
0.0,0.0135734035
0.0,0.02220539
0.0,0.05793813
0.0,0.039000466
0.0,0.03966348
0.0,0.09936395
0.0,0.044329494
0.0,0.051673803
0.0,0.045618154
0.0,0.06389626
0.0,0.089436024
0.0,0.070287995
0.0,0.030558018
0.0,0.08803005
0.0,0.12922007
0.0,0.048171643
0.0,0.08608091
0.0,0.21822743
0.0,0.06217819
0.0,0.046459988
0.0,0.08547806
0.0,0.034467936
0.0,0.023830393
0.0,0.04364974
0.0,0.083572745
0.0,0.01184087
0.0,0.06861559
0.0,0.11176923
0.0,0.028518226
0.0,0.09497834
0.0,0.032261636
0.0,0.051254734
0.0,0.037062474
0.0,0.09346331
0.0,0.04004685
0.0,0.14264767
0.0,0.04604204
0.0,0.07002612
0.0,0.026126068
0.0,0.040336873
0.0,0.09656958
0.0,0.037078366
0.0,0.03284347
0.0,0.06666777
0.0,0.03561029
0.0,0.024841739
0.0,0.09052738
0.0,0.04001568
0.0,0.042138103
0.0,0.049634416
0.0,0.031124145
0.0,0.04555012
0.0,0.029520981
0.0,0.033430412
0.0,0.10058214
0.0,0.07102874
0.0,0.067984596
0.0,0.09064126
0.0,0.048233036
0.0,0.06214883
0.0,0.028248478
0.0,0.04535681
0.0,0.040583223
0.0,0.045833465
0.0,0.059180442
0.0,0.027023789
1.0,0.04226333
0.0,0.026181104
0.0,0.059099816
0.0,0.06493532
0.0,0.03999832
0.0,0.070824616
0.0,0.043117043
0.0,0.06369918
0.0,0.07568947
0.0,0.0904875
0.0,0.10389136
0.0,0.025082543
0.0,0.06603674
0.0,0.07650612
0.0,0.072036944
0.0,0.08008545
1.0,0.053829037
0.0,0.044563875
0.0,0.05991517
0.0,0.042939298
0.0,0.082400575
0.0,0.08424804
0.0,0.071589254
0.0,0.04241903
0.0,0.06116131
0.0,0.034532998
0.0,0.049206726
0.0,0.05185394
0.0,0.05903039
0.0,0.07200896
0.0,0.04397223
0.0,0.059913512
0.0,0.06455091
0.0,0.055566918
0.0,0.06952774
0.0,0.04058185
0.0,0.048430845
0.0,0.059626825
0.0,0.033579968
0.0,0.0580066
0.0,0.044483114
0.0,0.043269083
0.0,0.042440478
0.0,0.061628483
0.0,0.040604107
0.0,0.04286424
0.0,0.06053033
0.0,0.049036182
0.0,0.06478427
0.0,0.15807246
0.0,0.016137294
0.0,0.03937854
0.0,0.051726732
0.0,0.11723549
0.0,0.027721528
0.0,0.05364258
0.0,0.06063265
0.0,0.033721767
0.0,0.03925666
0.0,0.043117225
0.0,0.041287843
0.0,0.13389993
0.0,0.031786494
0.0,0.032457676
0.0,0.11810743
0.0,0.05137179
0.0,0.07845982
0.0,0.029804017
0.0,0.05217359
0.0,0.05832108
0.0,0.038634002
0.0,0.029431673
0.0,0.082414165
0.0,0.047841415
0.0,0.13352254
0.0,0.025599899
0.0,0.10913575
0.0,0.06202261
0.0,0.07245157
0.0,0.060076978
0.0,0.0745501
0.0,0.07989487
0.0,0.057155088
0.0,0.10641077
0.0,0.043506466
0.0,0.07930831
0.0,0.07255653
0.0,0.077255845
0.0,0.048224825
0.0,0.08442029
0.0,0.07096917
0.0,0.095351845
0.0,0.050849468
0.0,0.06864943
0.0,0.10208407
0.0,0.050112754
0.0,0.042857394
0.0,0.010578314
0.0,0.051006876
0.0,0.034768082
0.0,0.07118075
0.0,0.026800795
0.0,0.046117783
0.0,0.12978168
0.0,0.05331187
0.0,0.058672875
0.0,0.013984524
0.0,0.03836795
0.0,0.046414398
0.0,0.02524595
0.0,0.062331576
0.0,0.0911376
0.0,0.067832015
0.0,0.032344937
0.0,0.04197334
0.0,0.015263709
0.0,0.14307949
0.0,0.057755746
0.0,0.08094853
0.0,0.060343917
1.0,0.015781758
0.0,0.0519327
0.0,0.055768576
0.0,0.041637868
0.0,0.041310687
0.0,0.06347058
0.0,0.18629605
1.0,0.041344464
0.0,0.023195315
0.0,0.01708752
0.0,0.058331456
0.0,0.044504415
0.0,0.009610391
0.0,0.038198125
0.0,0.082904905
0.0,0.050600722
0.0,0.04397896
1.0,0.082747385
0.0,0.059758242
0.0,0.054030493
0.0,0.09211452
0.0,0.03270961
0.0,0.10367688
0.0,0.04659788
0.0,0.071220815
0.0,0.072783574
0.0,0.056765806
0.0,0.03893547
1.0,0.036606204
0.0,0.043334037
0.0,0.054603532
0.0,0.04325237
0.0,0.03603766
0.0,0.045714445
0.0,0.07520344
0.0,0.030122314
0.0,0.10654318
0.0,0.05169914
0.0,0.0946182
0.0,0.03960179
0.0,0.06257282
0.0,0.051586702
0.0,0.0640826
0.0,0.05864851
0.0,0.04888863
0.0,0.031483535
0.0,0.020039912
0.0,0.06601889
0.0,0.07955272
0.0,0.040952105
0.0,0.0371818
0.0,0.05700823
0.0,0.027863408
0.0,0.04929564
0.0,0.09399556
0.0,0.040326122
0.0,0.041576125
0.0,0.054478634
0.0,0.0809766
0.0,0.019286435
0.0,0.02905101
0.0,0.03880001
0.0,0.07733014
0.0,0.11838905
0.0,0.10591584
0.0,0.02773963
0.0,0.05414862
0.0,0.035813645
0.0,0.08412488
0.0,0.061238702
0.0,0.051722366
0.0,0.03074658
0.0,0.08240466
0.0,0.07196873
0.0,0.04746696
0.0,0.061800078
0.0,0.06020201
0.0,0.040939026
0.0,0.071415916
0.0,0.14088303
0.0,0.12524283
0.0,0.076107755
0.0,0.08944195
0.0,0.03596889
0.0,0.034928486
1.0,0.052432965
0.0,0.04374069
0.0,0.040959388
0.0,0.06298458
0.0,0.054157943
0.0,0.06892065
0.0,0.039937563
0.0,0.09801
0.0,0.077729
0.0,0.06609913
0.0,0.06410485
0.0,0.051828034
0.0,0.07042927
0.0,0.04405351
1.0,0.048454244
0.0,0.057093978
0.0,0.028083872
0.0,0.055786397
0.0,0.057450913
0.0,0.06888763
0.0,0.08354914
0.0,0.021638822
0.0,0.094139144
0.0,0.031790588
0.0,0.035079658
0.0,0.1684388
1.0,0.05652091
0.0,0.07317628
0.0,0.072401255
1.0,0.050554294
0.0,0.024297183
0.0,0.07767732
0.0,0.04477419
0.0,0.041737437
1.0,0.17378652
0.0,0.056985073
0.0,0.063610435
1.0,0.1136821
0.0,0.07091146
0.0,0.050780434
0.0,0.04948579
0.0,0.08319969
0.0,0.107999325
0.0,0.07353438
0.0,0.05668547
0.0,0.03806893
0.0,0.07643622
0.0,0.0462891
0.0,0.11262044
0.0,0.01667339
0.0,0.035033204
0.0,0.06430992
0.0,0.092127964
0.0,0.09067868
0.0,0.07943013
0.0,0.056662284
0.0,0.04088169
0.0,0.044943795
0.0,0.051614553
0.0,0.03315228
0.0,0.05353043
0.0,0.17351961
0.0,0.08603504
0.0,0.08682456
0.0,0.060301762
0.0,0.07706313
0.0,0.023293931
0.0,0.052878708
0.0,0.1393187
0.0,0.08732573
0.0,0.03324807
0.0,0.037460823
0.0,0.0657737
0.0,0.05631844
0.0,0.050035678
0.0,0.10950539
1.0,0.051991075
0.0,0.07048918
0.0,0.086630315
0.0,0.085276216
0.0,0.06374158
0.0,0.0495486
0.0,0.066464126
0.0,0.05582309
0.0,0.084795594
1.0,0.046580665
0.0,0.037770495
0.0,0.051048875
0.0,0.059971623
0.0,0.07576068
1.0,0.052829236
0.0,0.04169133
0.0,0.13933891
0.0,0.043677308
0.0,0.032677885
0.0,0.054740008
0.0,0.03871627
0.0,0.08259612
0.0,0.06695881
0.0,0.047260333
0.0,0.05846901
0.0,0.06308665
0.0,0.047702506
0.0,0.032373853
0.0,0.052558776
0.0,0.039847072
0.0,0.0092676245
0.0,0.04722125
0.0,0.071330406
0.0,0.04160367
0.0,0.054964554
0.0,0.03540687
0.0,0.052195534
0.0,0.045407362
0.0,0.056158103
0.0,0.053690866
0.0,0.102579735
0.0,0.031314768
0.0,0.041181453
0.0,0.02841253
0.0,0.07279251
0.0,0.06452333
1.0,0.035219457
0.0,0.08340704
0.0,0.057974882
0.0,0.07844744
0.0,0.028621271
0.0,0.063439354
0.0,0.03403547
0.0,0.035580654
0.0,0.06654861
0.0,0.027152529
0.0,0.04154016
0.0,0.08419874
0.0,0.071591645
0.0,0.028819326
0.0,0.067354545
0.0,0.050878644
2.0,0.021801218
0.0,0.02641138
0.0,0.03802938
0.0,0.08376503
0.0,0.045427002
0.0,0.07396788
0.0,0.072117865
0.0,0.042083226
0.0,0.071753055
0.0,0.06824915
0.0,0.07341268
0.0,0.033927944
0.0,0.061998542
0.0,0.096319675
0.0,0.03670643
1.0,0.096539214
0.0,0.06599972
1.0,0.039250445
0.0,0.02735522
0.0,0.038713686
0.0,0.081174575
0.0,0.022691406
0.0,0.07373594
0.0,0.08552658
0.0,0.01187501
0.0,0.16717109
0.0,0.032541547
0.0,0.046443224
0.0,0.027957581
0.0,0.06744856
0.0,0.06982383
0.0,0.07598883
0.0,0.058849104
0.0,0.049910363
0.0,0.06910218
0.0,0.014370339
0.0,0.07569214
0.0,0.07269568
0.0,0.04492856
0.0,0.053986557
0.0,0.11864619
0.0,0.03704521
0.0,0.04947876
0.0,0.035661828
0.0,0.033053495
0.0,0.022411147
0.0,0.025793154
0.0,0.057517137
0.0,0.1511405
0.0,0.0834171
0.0,0.048393033
0.0,0.062229652
0.0,0.060318872
0.0,0.066026725
0.0,0.089207515
0.0,0.081532195
0.0,0.046934538
0.0,0.06194993
0.0,0.12269146
0.0,0.033046152
0.0,0.049025755
0.0,0.041440763
0.0,0.024422027
0.0,0.040070344
0.0,0.07979659
0.0,0.08223771
0.0,0.07715979
0.0,0.063392185
0.0,0.037300438
0.0,0.026178207
0.0,0.051712405
0.0,0.06655873
0.0,0.09088349
0.0,0.039370768
0.0,0.042433374
0.0,0.048156854
0.0,0.083976954
0.0,0.06576476
0.0,0.053943712
0.0,0.03823244
0.0,0.08231865
0.0,0.05800303
0.0,0.037374504
0.0,0.038246404
0.0,0.01967251
0.0,0.046237014
0.0,0.06468938
0.0,0.047084164
0.0,0.14253788
0.0,0.039040882
0.0,0.13246956
0.0,0.046552308
0.0,0.082919866
1.0,0.0156091675
0.0,0.046009317
0.0,0.051864646
0.0,0.035072263
0.0,0.07480466
0.0,0.11136444
0.0,0.054444447
0.0,0.07076514
0.0,0.048453853
0.0,0.06905353
0.0,0.038302798
0.0,0.040294275
0.0,0.028387668
0.0,0.07972478
0.0,0.028524483
0.0,0.038564686
0.0,0.044643633
1.0,0.045848593
0.0,0.04046068
0.0,0.067382045
0.0,0.029804742
0.0,0.11212124
0.0,0.05621561
0.0,0.047346495
0.0,0.07821436
0.0,0.076131836
0.0,0.027565984
0.0,0.034560658
0.0,0.08201195
0.0,0.03928265
0.0,0.04009875
0.0,0.023882004
0.0,0.053563572
0.0,0.07381266
0.0,0.022125844
0.0,0.102579884
0.0,0.067119375
0.0,0.04099804
0.0,0.0766463
0.0,0.039469358
0.0,0.08356321
1.0,0.099260315
0.0,0.020011665
0.0,0.040585004
0.0,0.060146146
0.0,0.09386805
0.0,0.12102528
0.0,0.08170204
0.0,0.047806956
0.0,0.022258904
0.0,0.054284837
0.0,0.09299298
0.0,0.035053905
0.0,0.040273968
0.0,0.043797206
0.0,0.03978114
0.0,0.043933436
0.0,0.11235032
0.0,0.04687044
0.0,0.053947262
0.0,0.086338095
0.0,0.036759064
0.0,0.06331533
0.0,0.03152423
0.0,0.06168339
0.0,0.024630008
0.0,0.084174275
0.0,0.03876467
0.0,0.062475566
0.0,0.05137997
0.0,0.03402575
0.0,0.024781235
0.0,0.06553599
0.0,0.045663267
0.0,0.13416858
0.0,0.03041187
0.0,0.057295725
0.0,0.04250306
0.0,0.05226238
0.0,0.07897335
0.0,0.024122152
0.0,0.03703066
1.0,0.042907678
0.0,0.037650038
0.0,0.044156205
0.0,0.042303853
0.0,0.0467309
0.0,0.029614486
0.0,0.046815895
0.0,0.04176571
0.0,0.1318421
1.0,0.08138161
0.0,0.13302834
0.0,0.035841614
0.0,0.037587937
0.0,0.068034634
0.0,0.05446083
0.0,0.06327672
0.0,0.050127428
0.0,0.037362423
0.0,0.02178322
0.0,0.052446567
0.0,0.07401309
0.0,0.055884056
0.0,0.04425342
0.0,0.07832164
0.0,0.034187637
0.0,0.08764333
0.0,0.09375018
0.0,0.046944655
0.0,0.045595624
0.0,0.014726436
0.0,0.07400547
0.0,0.06840787
0.0,0.0827019
0.0,0.06138166
0.0,0.038044542
0.0,0.0264268
0.0,0.016620785
0.0,0.06534699
0.0,0.07161961
0.0,0.049936358
0.0,0.05541073
0.0,0.015159087
0.0,0.06909488
1.0,0.060254667
0.0,0.038936548
0.0,0.037945114
0.0,0.059643958
0.0,0.012395989
0.0,0.027175494
0.0,0.052646793
0.0,0.06406973
0.0,0.03628479
1.0,0.041201543
0.0,0.064487174
0.0,0.040192187
0.0,0.02253509
0.0,0.052594878
0.0,0.04912659
0.0,0.02602332
0.0,0.0386163
0.0,0.045222398
0.0,0.051790927
0.0,0.06298251
0.0,0.035121467
0.0,0.09213038
0.0,0.08744476
0.0,0.06668739
0.0,0.071343146
1.0,0.041601054
0.0,0.06389129
0.0,0.057376802
0.0,0.050620727
1.0,0.043901205
0.0,0.07774253
0.0,0.036169067
0.0,0.0569098
0.0,0.044173725
0.0,0.07079824
0.0,0.06700036
0.0,0.057872176
0.0,0.084823824
1.0,0.060305413
0.0,0.06410824
0.0,0.044265874
0.0,0.050780263
0.0,0.03175341
0.0,0.06216894
0.0,0.12923133
0.0,0.051203143
0.0,0.048577525
1.0,0.017654212
0.0,0.10577169
0.0,0.03825795
0.0,0.061466042
0.0,0.03911083
0.0,0.06855696
0.0,0.048302107
0.0,0.0234374
0.0,0.047106914
0.0,0.062609635
0.0,0.029331109
0.0,0.04254004
0.0,0.0803061
0.0,0.09160632
0.0,0.075105146
0.0,0.015221692
0.0,0.057803642
0.0,0.044032406
0.0,0.04610558
0.0,0.07323179
0.0,0.040833607
0.0,0.053917766
0.0,0.1274098
0.0,0.035374943
0.0,0.05274753
1.0,0.057993516
0.0,0.034317043
0.0,0.07506021
0.0,0.074081436
0.0,0.0780435
0.0,0.13290392
0.0,0.08473531
0.0,0.046641007
0.0,0.08121131
0.0,0.09907913
0.0,0.03259974
0.0,0.060113344
0.0,0.046215635
0.0,0.058394965
0.0,0.03864651
0.0,0.028676994
0.0,0.052869193
0.0,0.14933527
0.0,0.06609804
0.0,0.06453575
0.0,0.042262703
0.0,0.03360199
0.0,0.057225186
1.0,0.0738084
0.0,0.022973023
0.0,0.038664445
0.0,0.0132173635
0.0,0.05806848
0.0,0.045481145
0.0,0.057009384
0.0,0.01877658
0.0,0.06052626
0.0,0.016385028
0.0,0.027810048
0.0,0.016121974
0.0,0.056052
0.0,0.014779795
0.0,0.065630026
0.0,0.07818799
0.0,0.054521658
0.0,0.043347888
0.0,0.030662803
0.0,0.089270815
0.0,0.06761684
0.0,0.05474964
0.0,0.047260128
0.0,0.061709203
0.0,0.020388339
0.0,0.06586648
0.0,0.04560093
0.0,0.05105267
0.0,0.05711783
0.0,0.020638745
0.0,0.053942453
0.0,0.030322844
0.0,0.121739104
0.0,0.041956775
0.0,0.060527816
0.0,0.03684846
0.0,0.08553482
0.0,0.049453545
0.0,0.06710151
0.0,0.12690061
0.0,0.045863308
0.0,0.039740793
1.0,0.05405219
0.0,0.046820402
0.0,0.036141314
0.0,0.017849432
0.0,0.13956983
0.0,0.022812907
1.0,0.08445132
0.0,0.06893699
0.0,0.07722609
0.0,0.05678121
0.0,0.07754298
0.0,0.052022573
0.0,0.08620664
0.0,0.08156288
0.0,0.08146761
0.0,0.04673384
0.0,0.06444692
0.0,0.05420336
0.0,0.01616852
0.0,0.056881424
0.0,0.13090156
0.0,0.055055443
0.0,0.029328493
0.0,0.081482604
0.0,0.06523011
0.0,0.044168398
0.0,0.09202496
0.0,0.039809775
0.0,0.033624016
0.0,0.1576227
0.0,0.06102605
0.0,0.07261522
0.0,0.07108597
0.0,0.027717931
0.0,0.0587458
0.0,0.06221037
0.0,0.04755797
0.0,0.08373804
0.0,0.07687989
0.0,0.10035006
0.0,0.052546848
0.0,0.0191088
0.0,0.04893754
1.0,0.07313247
0.0,0.120616175
0.0,0.11856811
0.0,0.08036687
0.0,0.053000256
0.0,0.032006454
0.0,0.033047304
0.0,0.06444775
1.0,0.080541104
1.0,0.042980883
0.0,0.06314844
0.0,0.049594052
0.0,0.040271875
0.0,0.066294946
0.0,0.02862018
0.0,0.041150004
0.0,0.044226415
0.0,0.047941804
0.0,0.056399517
0.0,0.046474017
0.0,0.07052989
0.0,0.0689502
0.0,0.08549304
0.0,0.07625911
0.0,0.03564639
0.0,0.06472829
0.0,0.089235805
0.0,0.10925233
0.0,0.0545196
0.0,0.042795643
0.0,0.04644672
0.0,0.10066164
0.0,0.04405784
0.0,0.079898514
0.0,0.025276883
0.0,0.039254993
0.0,0.10256188
0.0,0.20367597
1.0,0.03371254
0.0,0.020914523
0.0,0.085134566
0.0,0.06339529
0.0,0.034845605
0.0,0.027208857
0.0,0.077981986
0.0,0.18487658
0.0,0.022309665
0.0,0.06070584
0.0,0.043067828
0.0,0.053635135
1.0,0.06229161
0.0,0.03167666
0.0,0.08705607
0.0,0.072395556
0.0,0.052549005
0.0,0.09702736
0.0,0.16659077
0.0,0.04421117
0.0,0.04425367
0.0,0.08236153
1.0,0.05662663
0.0,0.105254784
0.0,0.058271937
0.0,0.12444293
0.0,0.03747583
0.0,0.05486484
0.0,0.021783117
0.0,0.05838082
0.0,0.07417749
0.0,0.07731105
0.0,0.049579397
0.0,0.080578476
0.0,0.046852008
0.0,0.04954711
1.0,0.063158646
0.0,0.040060468
1.0,0.052952334
0.0,0.083842434
0.0,0.051586676
0.0,0.10149299
0.0,0.06275805
0.0,0.046648122
0.0,0.04367066
0.0,0.06637082
0.0,0.05050259
1.0,0.06924243
0.0,0.03472174
0.0,0.055537555
0.0,0.09317008
0.0,0.06256784
0.0,0.04645452
0.0,0.06462458
0.0,0.16591415
0.0,0.058298297
0.0,0.040623784
0.0,0.10599485
0.0,0.04199466
0.0,0.08011108
0.0,0.11283755
0.0,0.12654513
0.0,0.021458022
0.0,0.059369277
0.0,0.0828011
0.0,0.08758284
0.0,0.05576605
0.0,0.059208725
0.0,0.11277271
0.0,0.06499706
0.0,0.053433776
0.0,0.057478424
0.0,0.036739506
0.0,0.045030437
0.0,0.043276735
0.0,0.045860726
0.0,0.06614143
0.0,0.065191165
0.0,0.050017405
0.0,0.037543386
0.0,0.026641054
0.0,0.047270834
0.0,0.048647832
0.0,0.05778427
0.0,0.020771705
0.0,0.14772198
0.0,0.040834017
0.0,0.040906437
0.0,0.053421013
0.0,0.066559464
0.0,0.07355894
0.0,0.041498862
0.0,0.05457006
0.0,0.02130052
0.0,0.042014692
0.0,0.117173955
0.0,0.04035363
0.0,0.13073915
0.0,0.04848309
0.0,0.063791506
0.0,0.034105998
0.0,0.042594336
0.0,0.11619097
0.0,0.030534435
0.0,0.06240691
0.0,0.025048625
0.0,0.07276216
0.0,0.050767966
0.0,0.1032362
0.0,0.051286492
0.0,0.03320246
0.0,0.085319005
0.0,0.0512696
0.0,0.081021436
0.0,0.03062484
0.0,0.060224436
0.0,0.06877367
0.0,0.03967721
0.0,0.040130023
0.0,0.072682716
0.0,0.083130926
1.0,0.035148524
0.0,0.030872852
0.0,0.12799388
0.0,0.08453915
0.0,0.08337371
0.0,0.07698741
0.0,0.079667926
0.0,0.0561483
1.0,0.03832138
0.0,0.07863681
0.0,0.089066744
0.0,0.05415802
0.0,0.043617304
0.0,0.11477582
0.0,0.052404646
0.0,0.03720908
0.0,0.068697736
0.0,0.047698412
0.0,0.02902242
0.0,0.023787864
0.0,0.0406583
0.0,0.04165002
0.0,0.03601004
0.0,0.05348274
0.0,0.07004559
1.0,0.028044462
0.0,0.06366477
0.0,0.080485396
0.0,0.049583815
0.0,0.031421278
0.0,0.07512821
0.0,0.030853704
0.0,0.027927801
0.0,0.08101321
0.0,0.046587326
0.0,0.038317084
0.0,0.05726706
0.0,0.0409102
0.0,0.04101826
0.0,0.056860704
0.0,0.057484318
0.0,0.059172936
0.0,0.10607471
0.0,0.033767417
0.0,0.03644673
0.0,0.035877846
0.0,0.05653029
0.0,0.046391718
0.0,0.038134117
0.0,0.08639167
0.0,0.054852806
1.0,0.032303013
0.0,0.08868736
0.0,0.042091854
0.0,0.04056577
0.0,0.074407294
0.0,0.051732898
0.0,0.11495279
0.0,0.09154855
0.0,0.07083998
0.0,0.06428078
0.0,0.022646116
0.0,0.05395174
0.0,0.031143727
0.0,0.03614648
1.0,0.09026978
0.0,0.073006414
0.0,0.0440682
0.0,0.028091466
0.0,0.0200934
0.0,0.02357738
1.0,0.040901132
0.0,0.044260215
0.0,0.016971966
0.0,0.06033331
0.0,0.02004794
0.0,0.046889555
0.0,0.054395996
0.0,0.0420545
0.0,0.08801307
0.0,0.09258753
0.0,0.07043206
0.0,0.12747799
0.0,0.05183419
0.0,0.047488693
0.0,0.03592059
0.0,0.06969906
0.0,0.062125795
0.0,0.021843236
0.0,0.07951301
0.0,0.064363524
0.0,0.059645537
0.0,0.12398836
0.0,0.066742495
0.0,0.074685484
0.0,0.1101174
0.0,0.08542745
0.0,0.042368617
0.0,0.03518285
0.0,0.07447875
0.0,0.04726646
0.0,0.100249
0.0,0.07756007
1.0,0.06725502
0.0,0.07523283
0.0,0.027630996
0.0,0.04052349
0.0,0.06376529
0.0,0.073853604
0.0,0.04578849
0.0,0.04613971
0.0,0.03630954
0.0,0.07225099
0.0,0.055789843
0.0,0.07340762
0.0,0.055653047
0.0,0.07077121
0.0,0.04470443
0.0,0.06781167
0.0,0.09442629
0.0,0.043422237
0.0,0.027945599
0.0,0.052347127
0.0,0.053823724
0.0,0.043344848
0.0,0.05560477
0.0,0.06485547
0.0,0.040938847
0.0,0.12814888
0.0,0.027493156
0.0,0.090635076
0.0,0.060369905
0.0,0.034598827
0.0,0.10241693
0.0,0.049562752
0.0,0.114377536
0.0,0.040134445
0.0,0.017500972
0.0,0.06993036
0.0,0.055445142
0.0,0.07587456
0.0,0.040521637
0.0,0.12209902
0.0,0.020174708
0.0,0.042955212
0.0,0.04631809
0.0,0.03557899
0.0,0.046599276
0.0,0.0689598
0.0,0.034753677
0.0,0.042265482
0.0,0.16187999
0.0,0.025760531
0.0,0.041224595
0.0,0.07375355
1.0,0.09836283
0.0,0.051878273
0.0,0.062244225
0.0,0.08281579
0.0,0.02791526
0.0,0.09451084
0.0,0.029591208
0.0,0.08191987
1.0,0.05698502
0.0,0.022431761
0.0,0.03050885
0.0,0.08596935
0.0,0.041623414
0.0,0.0736247
0.0,0.046741262
0.0,0.040686205
0.0,0.03624185
0.0,0.06156701
1.0,0.064623326
0.0,0.02200409
0.0,0.02899094
0.0,0.09090616
0.0,0.08921696
0.0,0.10627994
0.0,0.08578246
0.0,0.11127194
0.0,0.051145628
0.0,0.077248916
0.0,0.0726268
0.0,0.034270715
0.0,0.030542197
0.0,0.038961228
0.0,0.09857248
0.0,0.080318585
0.0,0.06787838
0.0,0.05753642
0.0,0.06761216
0.0,0.051284045
0.0,0.04602775
0.0,0.052073076
0.0,0.0435481
0.0,0.026887184
0.0,0.06246961
0.0,0.092699096
0.0,0.081082694
0.0,0.04087251
0.0,0.04589971
0.0,0.032117765
0.0,0.07491636
1.0,0.08397876
0.0,0.03459231
0.0,0.07551989
0.0,0.028464943
0.0,0.072369635
0.0,0.11165598
0.0,0.07741659
0.0,0.072645225
0.0,0.0443188
0.0,0.028795425
0.0,0.08006777
0.0,0.05321835
0.0,0.074155845
0.0,0.038979366
0.0,0.16672741
0.0,0.03466204
0.0,0.1342627
0.0,0.023945346
0.0,0.048918433
0.0,0.076602384
0.0,0.06741143
1.0,0.06586038
0.0,0.05279938
0.0,0.06364415
0.0,0.04383245
0.0,0.072083026
0.0,0.016018739
0.0,0.04408644
0.0,0.055696
0.0,0.0688303
0.0,0.04977095
0.0,0.04537775
0.0,0.02502674
0.0,0.10403031
0.0,0.04392673
0.0,0.052573364
0.0,0.0886392
0.0,0.057786364
0.0,0.09520197
0.0,0.071815886
0.0,0.041014932
0.0,0.063231274
0.0,0.024519086
0.0,0.08227795
0.0,0.03434228
0.0,0.09011383
0.0,0.03911385
0.0,0.046520263
0.0,0.06430476
0.0,0.04439852
0.0,0.052060936
0.0,0.07228024
0.0,0.015006946
0.0,0.053306736
1.0,0.07067442
0.0,0.056434758
0.0,0.022491826
0.0,0.037081867
0.0,0.026096858
0.0,0.045732625
0.0,0.050432272
0.0,0.12789524
1.0,0.0790363
0.0,0.021755982
0.0,0.022597909
0.0,0.013958282
0.0,0.039160673
1.0,0.02972641
0.0,0.06338541
0.0,0.05895894
0.0,0.070475735
0.0,0.09863417
0.0,0.04933404
0.0,0.108266726
0.0,0.047333583
0.0,0.0394802
1.0,0.049347684
0.0,0.03872672
0.0,0.028603058
0.0,0.025559671
0.0,0.048061583
0.0,0.068721585
0.0,0.06370499
0.0,0.030220099
0.0,0.118871905
0.0,0.04031526
0.0,0.033813693
0.0,0.043481763
0.0,0.105425715
0.0,0.046371702
0.0,0.043627165
0.0,0.07133189
0.0,0.0371846
0.0,0.09782068
0.0,0.04846515
0.0,0.03220111
0.0,0.03523029
0.0,0.047330562
0.0,0.07571986
0.0,0.033990756
1.0,0.021946866
0.0,0.050072767
0.0,0.06137455
0.0,0.035993543
0.0,0.037639394
0.0,0.028465595
0.0,0.075285226
0.0,0.02015544
0.0,0.094242856
0.0,0.032975398
0.0,0.118880466
0.0,0.062065538
0.0,0.04334708
0.0,0.047452815
0.0,0.070491634
0.0,0.10575417
0.0,0.029936124
0.0,0.061022006
0.0,0.044410907
0.0,0.050667576
0.0,0.049116287
0.0,0.023406932
0.0,0.10020059
0.0,0.03067946
0.0,0.08110642
0.0,0.039387573
0.0,0.0373387
0.0,0.026894094
0.0,0.034372065
0.0,0.020407967
1.0,0.040549643
0.0,0.05529499
0.0,0.048044994
0.0,0.02601208
0.0,0.059479132
0.0,0.048329636
0.0,0.03488248
0.0,0.048506282
0.0,0.06292406
0.0,0.059016615
0.0,0.06674367
0.0,0.055126633
0.0,0.049963485
0.0,0.06445516
0.0,0.11701686
0.0,0.0865097
0.0,0.08688647
0.0,0.06717512
0.0,0.06430795
0.0,0.06189814
0.0,0.06621953
0.0,0.0198528
1.0,0.04420681
0.0,0.05579954
0.0,0.08136314
0.0,0.042895056
0.0,0.053714745
0.0,0.046852745
0.0,0.08611699
0.0,0.051737785
0.0,0.025522832
0.0,0.06523369
0.0,0.0822476
0.0,0.05258996
0.0,0.10060924
0.0,0.031018168
0.0,0.09434409
0.0,0.041924637
0.0,0.06554158
0.0,0.09619905
0.0,0.034001473
0.0,0.093883425
0.0,0.04588435
0.0,0.044229962
0.0,0.0435606
0.0,0.10049503
0.0,0.07112382
0.0,0.06662945
0.0,0.019854628
0.0,0.034470104
1.0,0.10623971
0.0,0.028561952
0.0,0.068421
0.0,0.023569725
0.0,0.04849712
0.0,0.072551936
0.0,0.0620088
0.0,0.04727424
0.0,0.10937774
0.0,0.037986822
0.0,0.07635877
0.0,0.021006364
0.0,0.08198908
0.0,0.12182662
1.0,0.029077064
0.0,0.028452689
0.0,0.07395637
0.0,0.06400515
1.0,0.037286
0.0,0.03079939
0.0,0.02610643
0.0,0.026763083
0.0,0.038343422
0.0,0.11761986
0.0,0.037611835
0.0,0.063398816
0.0,0.11259853
0.0,0.09149265
0.0,0.034968946
0.0,0.07439428
0.0,0.035695937
0.0,0.03297675
0.0,0.11105581
0.0,0.050872386
0.0,0.09092781
0.0,0.021398973
0.0,0.08073162
0.0,0.04985701
0.0,0.1549957
0.0,0.03306666
0.0,0.077942565
0.0,0.04669508
0.0,0.062105652
0.0,0.018613901
0.0,0.06786404
0.0,0.061620712
0.0,0.039497353
0.0,0.1275068
0.0,0.08826057
0.0,0.09443246
0.0,0.06264626
0.0,0.06353099
0.0,0.10844746
0.0,0.08589195
0.0,0.083735496
0.0,0.020780759
0.0,0.030116051
0.0,0.05956303
0.0,0.13610041
0.0,0.09039235
0.0,0.029100034
0.0,0.044299595
0.0,0.03380797
0.0,0.047540896
0.0,0.05626261
0.0,0.04362207
0.0,0.044893052
0.0,0.06657032
0.0,0.07993662
0.0,0.091345325
0.0,0.034174547
0.0,0.057839002
1.0,0.033454254
0.0,0.011648098
0.0,0.04296023
0.0,0.0481781
0.0,0.058873802
0.0,0.17791891
0.0,0.09728281
0.0,0.06295035
0.0,0.090146974
0.0,0.052255154
0.0,0.074021846
1.0,0.039457183
0.0,0.045835823
0.0,0.025850087
0.0,0.052518267
0.0,0.0980036
0.0,0.17365086
0.0,0.020301115
0.0,0.070518345
0.0,0.015774755
0.0,0.08421816
0.0,0.09601441
0.0,0.04143547
0.0,0.049434308
0.0,0.036262855
0.0,0.030486804
0.0,0.04419018
0.0,0.042350497
0.0,0.0343413
0.0,0.065939635
0.0,0.07469257
0.0,0.061572675
0.0,0.041580964
0.0,0.069832094
1.0,0.0505128
0.0,0.021481907
0.0,0.07810686
0.0,0.038620465
1.0,0.03740533
0.0,0.1086629
0.0,0.013536555
0.0,0.083657935
0.0,0.093420446
0.0,0.10604258
0.0,0.03441579
0.0,0.06128065
0.0,0.047930192
0.0,0.13265331
0.0,0.12254362
0.0,0.042387813
0.0,0.05849225
0.0,0.089527585
0.0,0.041035317
0.0,0.053223033
0.0,0.05957533
0.0,0.048802663
0.0,0.10677297
0.0,0.07669602
0.0,0.03070828
0.0,0.051527552
0.0,0.09001133
0.0,0.069634944
0.0,0.075728565
0.0,0.06277077
0.0,0.038495567
0.0,0.04805693
0.0,0.030932235
0.0,0.04033068
0.0,0.035617065
0.0,0.063232176
0.0,0.055288613
0.0,0.05657009
0.0,0.06844139
0.0,0.09665229
0.0,0.021699661
0.0,0.0524598
0.0,0.058121655
0.0,0.08607674
0.0,0.0901413
0.0,0.06699945
0.0,0.08506726
0.0,0.11212974
0.0,0.06219471
0.0,0.046851672
0.0,0.15822192
0.0,0.11933272
0.0,0.089197025
0.0,0.099942505
0.0,0.021976031
0.0,0.056657963
0.0,0.044194587
0.0,0.068435
0.0,0.03543423
0.0,0.023723535
0.0,0.14875552
0.0,0.052894115
0.0,0.085256316
1.0,0.08132319
0.0,0.07238044
0.0,0.07580532
0.0,0.03829447
0.0,0.06530826
0.0,0.08818356
0.0,0.120202035
0.0,0.036584634
0.0,0.0373919
0.0,0.07071713
0.0,0.092551455
0.0,0.055226546
0.0,0.036913846
0.0,0.06082229
0.0,0.025456225
0.0,0.0781443
0.0,0.02548275
0.0,0.03323211
0.0,0.07350796
0.0,0.052796826
0.0,0.057266023
0.0,0.054496575
0.0,0.03295897
0.0,0.060448587
0.0,0.056947615
0.0,0.038410287
0.0,0.057193376
0.0,0.09257674
0.0,0.087877914
0.0,0.11941628
2.0,0.04072699
0.0,0.061074056
0.0,0.019931547
0.0,0.11681365
0.0,0.14628786
0.0,0.059798975
0.0,0.044831082
0.0,0.056723867
0.0,0.049399763
0.0,0.18051937
0.0,0.08501718
0.0,0.048842005
0.0,0.04583729
0.0,0.06865876
0.0,0.054300472
0.0,0.06532694
0.0,0.050879322
0.0,0.05066999
0.0,0.014324836
0.0,0.13262112
0.0,0.021235686
0.0,0.023584858
0.0,0.0699469
0.0,0.09800412
0.0,0.03356996
0.0,0.080324024
0.0,0.034083348
0.0,0.043485247
0.0,0.05347058
0.0,0.058573864
0.0,0.057521746
0.0,0.08817835
0.0,0.051020864
0.0,0.091152966
0.0,0.10480429
0.0,0.058448087
0.0,0.03885133
0.0,0.06580724
0.0,0.045624766
0.0,0.036785346
0.0,0.06343769
0.0,0.026636507
0.0,0.020774577
0.0,0.05457542
0.0,0.048065618
0.0,0.045668624
0.0,0.038802005
0.0,0.0958661
0.0,0.018229892
0.0,0.041677475
0.0,0.053254932
0.0,0.05241359
0.0,0.02201783
0.0,0.032961626
0.0,0.06807386
0.0,0.071064666
0.0,0.03955118
0.0,0.0657157
0.0,0.058754835
1.0,0.02380275
0.0,0.04498166
0.0,0.04295861
0.0,0.07528754
0.0,0.07413962
0.0,0.080102906
0.0,0.049311813
0.0,0.05435884
0.0,0.019292891
0.0,0.07150806
0.0,0.016666992
0.0,0.04075197
0.0,0.050673157
0.0,0.05605753
0.0,0.042251077
0.0,0.03814563
0.0,0.07180351
0.0,0.07462881
0.0,0.040379636
0.0,0.032036595
0.0,0.05154077
0.0,0.060807485
0.0,0.10265732
0.0,0.031271495
0.0,0.051020622
0.0,0.053512793
0.0,0.027473368
0.0,0.07962063
0.0,0.11829876
0.0,0.059888322
1.0,0.11258224
0.0,0.06464411
0.0,0.057453297
0.0,0.040506084
0.0,0.057212472
0.0,0.062864795
0.0,0.10940933
0.0,0.058539685
0.0,0.07303141
0.0,0.076525405
0.0,0.13424516
0.0,0.015025118
0.0,0.04403946
0.0,0.034812126
0.0,0.060933992
0.0,0.055803183
0.0,0.0459871
0.0,0.04729374
0.0,0.080044486
0.0,0.04245843
0.0,0.038445946
0.0,0.029309396
0.0,0.033019517
0.0,0.038769178
0.0,0.049917098
0.0,0.09360425
0.0,0.062810324
0.0,0.06547152
0.0,0.059413258
0.0,0.08364545
0.0,0.05294143
0.0,0.046884857
0.0,0.09111049
0.0,0.08765353
0.0,0.03586782
0.0,0.037827794
0.0,0.02693099
0.0,0.032227024
1.0,0.052496184
0.0,0.038681448
0.0,0.048702884
0.0,0.06903669
0.0,0.10860936
0.0,0.081664234
0.0,0.0369654
0.0,0.084609926
0.0,0.086687215
0.0,0.031393707
0.0,0.040286627
0.0,0.095427446
0.0,0.023359712
0.0,0.04896004
0.0,0.051254272
0.0,0.061023097
0.0,0.054046832
0.0,0.05639925
0.0,0.10954832
0.0,0.049373433
0.0,0.100918666
0.0,0.056026936
0.0,0.029650474
0.0,0.059899345
0.0,0.07269218
0.0,0.057389062
0.0,0.07601197
0.0,0.050040282
0.0,0.10902509
0.0,0.053812943
0.0,0.07184981
0.0,0.060151022
0.0,0.11948771
0.0,0.07949218
0.0,0.09460413
0.0,0.012157128
0.0,0.060962997
0.0,0.08155981
0.0,0.091671236
0.0,0.040726542
0.0,0.07026925
0.0,0.01504299
1.0,0.06486838
0.0,0.07105431
0.0,0.04381066
0.0,0.07251856
0.0,0.064865075
0.0,0.04160788
0.0,0.023133527
0.0,0.03851112
0.0,0.031489525
0.0,0.08534301
0.0,0.09489129
0.0,0.020857895
0.0,0.09444491
0.0,0.071701825
1.0,0.029948458
0.0,0.017902229
0.0,0.1903173
0.0,0.03330421
0.0,0.06313634
0.0,0.06831817
0.0,0.058667812
0.0,0.052417316
0.0,0.030745847
0.0,0.038958386
0.0,0.050875977
0.0,0.06305183
0.0,0.12046616
0.0,0.086807795
0.0,0.182773
0.0,0.08739272
0.0,0.06118555
0.0,0.1308337
0.0,0.051257547
0.0,0.048152056
0.0,0.04903962
0.0,0.060061857
0.0,0.05507553
0.0,0.09656668
0.0,0.06742608
0.0,0.042765632
0.0,0.09551157
0.0,0.068834305
0.0,0.039077573
0.0,0.04078424
0.0,0.04950781
0.0,0.0662553
0.0,0.08068623
0.0,0.026454449
0.0,0.029815588
0.0,0.03434068
0.0,0.110620126
0.0,0.0745507
0.0,0.016896304
0.0,0.043149434
0.0,0.034940943
0.0,0.07468669
0.0,0.07302584
0.0,0.078610756
0.0,0.04369389
0.0,0.026547873
0.0,0.04201345
0.0,0.06067493
0.0,0.04809308
0.0,0.04148812
0.0,0.073465385
0.0,0.11203773
0.0,0.08920879
0.0,0.060602415
0.0,0.07709576
0.0,0.02520229
0.0,0.0488424
0.0,0.046443265
0.0,0.03927574
0.0,0.051654488
0.0,0.038827956
0.0,0.044980712
0.0,0.062381797
0.0,0.026934007
0.0,0.058128152
0.0,0.10690838
0.0,0.09307776
0.0,0.06378764
0.0,0.10193892
0.0,0.035867497
0.0,0.07833812
0.0,0.09910486
0.0,0.04251984
0.0,0.10335944
0.0,0.14071012
0.0,0.12657169
0.0,0.06779305
0.0,0.014550309
0.0,0.07787357
0.0,0.042592548
1.0,0.04682476
0.0,0.045238078
0.0,0.082397506
0.0,0.07045367
0.0,0.054600775
0.0,0.02834356
0.0,0.022718485
0.0,0.04441671
0.0,0.0836361
0.0,0.046395056
0.0,0.15052713
0.0,0.07640448
0.0,0.047217153
0.0,0.034498435
0.0,0.11749939
0.0,0.06987493
0.0,0.036331326
0.0,0.06001403
0.0,0.062143184
0.0,0.05188117
0.0,0.08004987
0.0,0.045547597
0.0,0.034100045
0.0,0.10142785
0.0,0.045180775
0.0,0.07538069
0.0,0.097594485
0.0,0.13317959
0.0,0.05454562
0.0,0.01490761
0.0,0.06665036
0.0,0.048163444
0.0,0.02271216
0.0,0.0476734
0.0,0.15553676
0.0,0.053955574
0.0,0.0652803
0.0,0.106675714
0.0,0.08468749
0.0,0.08884032
0.0,0.02478847
0.0,0.04801476
0.0,0.051471513
0.0,0.118807875
0.0,0.021769088
0.0,0.050349977
0.0,0.038770065
0.0,0.08010783
0.0,0.049784787
0.0,0.045829423
0.0,0.039917856
0.0,0.09069264
0.0,0.03341062
1.0,0.1002495
0.0,0.039934933
0.0,0.031148376
0.0,0.0679921
0.0,0.108339235
0.0,0.1082339
0.0,0.06568027
0.0,0.0415548
0.0,0.08181354
0.0,0.034466144
0.0,0.15409648
0.0,0.028896399
0.0,0.15811844
0.0,0.034278918
0.0,0.045474857
0.0,0.04546549
1.0,0.04939357
0.0,0.10276166
0.0,0.037390474
0.0,0.054597545
0.0,0.05226988
0.0,0.11639517
0.0,0.02976993
0.0,0.055431567
0.0,0.091097474
0.0,0.07176871
0.0,0.06424806
0.0,0.061000593
0.0,0.040184576
0.0,0.12982087
0.0,0.06031519
1.0,0.116115615
0.0,0.17500019
0.0,0.07697454
0.0,0.061569035
0.0,0.023300262
0.0,0.07597426
0.0,0.020887982
0.0,0.08226368
0.0,0.047736913
0.0,0.09855293
0.0,0.05227422
0.0,0.062536485
0.0,0.0346989
0.0,0.0970443
0.0,0.04445292
0.0,0.023430929
0.0,0.06449125
0.0,0.03706859
0.0,0.038303256
0.0,0.040552832
0.0,0.0687269
0.0,0.048647948
0.0,0.04541206
0.0,0.04768968
0.0,0.04180514
0.0,0.030057933
0.0,0.069591455
0.0,0.14107099
0.0,0.021048075
0.0,0.082085356
1.0,0.049076326
0.0,0.03670111
0.0,0.0796862
0.0,0.042534463
0.0,0.042304218
0.0,0.045268074
0.0,0.07224734
0.0,0.056268122
0.0,0.008942126
0.0,0.057605542
0.0,0.08443787
0.0,0.050076827
0.0,0.014012873
0.0,0.039278004
0.0,0.025070503
0.0,0.045543775
0.0,0.0715826
0.0,0.09511442
0.0,0.06276425
0.0,0.030844584
0.0,0.049819082
0.0,0.044109866
0.0,0.08588785
0.0,0.092646554
0.0,0.031416576
0.0,0.04649587
0.0,0.097623944
0.0,0.030583965
0.0,0.039110232
0.0,0.052518293
0.0,0.054146424
0.0,0.05913232
0.0,0.115572646
0.0,0.053979043
0.0,0.07679021
0.0,0.04528139
0.0,0.09398797
0.0,0.030201877
0.0,0.0746779
0.0,0.06180656
0.0,0.044463776
0.0,0.047575004
0.0,0.035212237
0.0,0.100124955
0.0,0.017600628
0.0,0.07658372
0.0,0.03910471
0.0,0.035723627
0.0,0.07643965
0.0,0.0651702
0.0,0.07237875
0.0,0.075289086
0.0,0.041628912
0.0,0.047296245
0.0,0.06831736
0.0,0.06223348
0.0,0.062731154
0.0,0.04938321
0.0,0.121075064
0.0,0.06158129
0.0,0.03385698
0.0,0.033493042
0.0,0.090632945
0.0,0.06489538
0.0,0.04854564
0.0,0.06653626
0.0,0.07825994
0.0,0.047185596
0.0,0.033227704
0.0,0.01063744
0.0,0.0576209
0.0,0.027394773
0.0,0.036273442
0.0,0.11892617
0.0,0.024528991
0.0,0.058395438
0.0,0.015766196
0.0,0.06865087
1.0,0.0806384
0.0,0.042931233
0.0,0.0532148
0.0,0.07921095
0.0,0.022167895
0.0,0.017195772
0.0,0.050147366
0.0,0.10329893
0.0,0.0666592
0.0,0.054322798
0.0,0.06982735
0.0,0.05092357
0.0,0.028370075
0.0,0.055844497
0.0,0.050795134
0.0,0.06442105
0.0,0.061475363
0.0,0.06706921
0.0,0.08014203
0.0,0.11042921
0.0,0.048580397
0.0,0.07107182
0.0,0.048202846
0.0,0.0262537
0.0,0.046228044
0.0,0.09226618
0.0,0.059961285
0.0,0.20822242
0.0,0.07332711
0.0,0.10282234
0.0,0.08935989
0.0,0.041481372
0.0,0.06400604
0.0,0.06311406
0.0,0.049640924
0.0,0.07021664
0.0,0.068250544
0.0,0.037189424
0.0,0.035426375
0.0,0.10196459
0.0,0.036631156
0.0,0.0599603
0.0,0.056300007
0.0,0.030607847
0.0,0.05048891
0.0,0.03161443
1.0,0.06015911
0.0,0.039137676
0.0,0.02598037
0.0,0.031647205
0.0,0.02284051
0.0,0.026036886
0.0,0.04202315
0.0,0.060256664
0.0,0.06278152
0.0,0.015681345
0.0,0.08124912
0.0,0.039363146
0.0,0.06816129
0.0,0.025443653
0.0,0.026349254
0.0,0.09923504
1.0,0.04478115
0.0,0.022563409
0.0,0.07524294
0.0,0.08124648
0.0,0.093462914
0.0,0.059092097
1.0,0.031211652
0.0,0.03239357
0.0,0.07104413
0.0,0.0476171
0.0,0.11230089
0.0,0.10132979
0.0,0.056229416
0.0,0.047713313
0.0,0.08978109
0.0,0.03816526
0.0,0.093005575
0.0,0.05551575
0.0,0.10663477
0.0,0.041098353
0.0,0.03342839
0.0,0.032876205
0.0,0.072098285
0.0,0.09124936
0.0,0.048779
0.0,0.038888972
0.0,0.075610906
0.0,0.043335177
1.0,0.033685543
0.0,0.066195376
0.0,0.080291435
0.0,0.06624432
0.0,0.05361036
0.0,0.044514943
0.0,0.0625338
0.0,0.03941974
0.0,0.117249936
0.0,0.1341342
0.0,0.07121626
0.0,0.09889615
1.0,0.050528318
0.0,0.030559562
0.0,0.08638154
0.0,0.061122853
0.0,0.13942073
0.0,0.054603375
0.0,0.087573364
0.0,0.047004037
0.0,0.015093969
0.0,0.05236972
0.0,0.043069266
0.0,0.05258522
0.0,0.04464146
0.0,0.07653513
0.0,0.028280487
0.0,0.08049695
0.0,0.028679894
0.0,0.03387334
0.0,0.054587238
0.0,0.030135114
0.0,0.049967967
1.0,0.0211636
0.0,0.10698931
0.0,0.027493823
1.0,0.039562553
0.0,0.072943114
0.0,0.049275827
0.0,0.15112528
0.0,0.07823934
0.0,0.113424934
0.0,0.021596663
0.0,0.060617097
0.0,0.08571393
0.0,0.061387982
0.0,0.05279501
0.0,0.07037939
0.0,0.027427109
0.0,0.077258535
0.0,0.11238816
0.0,0.041499436
0.0,0.034060866
0.0,0.07485769
0.0,0.027085982
0.0,0.019702343
0.0,0.038823865
0.0,0.031726304
0.0,0.03650787
0.0,0.11377657
0.0,0.0884957
0.0,0.04112972
0.0,0.03952045
0.0,0.053325497
0.0,0.04700195
0.0,0.025102956
0.0,0.029641187
0.0,0.06618389
0.0,0.027164947
0.0,0.0704836
0.0,0.0650521
0.0,0.053529993
0.0,0.14665669
0.0,0.08262527
1.0,0.039699238
0.0,0.08132699
0.0,0.039342597
0.0,0.04216331
0.0,0.132713
0.0,0.03246218
1.0,0.05116153
0.0,0.06839927
0.0,0.08024269
0.0,0.04729902
0.0,0.08489711
0.0,0.10990091
0.0,0.07910809
0.0,0.09790435
0.0,0.08413776
0.0,0.03732218
0.0,0.028975999
0.0,0.046071842
0.0,0.081897885
0.0,0.031302005
0.0,0.025166754
0.0,0.04424481
0.0,0.07405625
0.0,0.10449932
2.0,0.051848374
0.0,0.03303399
0.0,0.10650712
0.0,0.024111528
0.0,0.039223917
0.0,0.017972562
0.0,0.09899882
0.0,0.041280676
0.0,0.046900287
0.0,0.061794598
0.0,0.077622145
0.0,0.10470359
0.0,0.041626412
1.0,0.06863572
0.0,0.025567219
0.0,0.046631042
0.0,0.05759817
0.0,0.040726967
0.0,0.04105585
0.0,0.051211886
1.0,0.085415766
0.0,0.025086492
0.0,0.04709153
0.0,0.061086986
0.0,0.03212699
0.0,0.049573295
0.0,0.044491366
0.0,0.08597607
0.0,0.09397508
0.0,0.050363254
0.0,0.049097814
0.0,0.07139065
0.0,0.07396324
0.0,0.20340201
1.0,0.041959494
0.0,0.022344094
0.0,0.04249116
0.0,0.060049772
0.0,0.112255946
0.0,0.043208487
0.0,0.060835544
0.0,0.042513292
0.0,0.038747832
0.0,0.12241248
0.0,0.051732704
0.0,0.022395091
0.0,0.028195295
0.0,0.0395939
0.0,0.044713892
0.0,0.046917062
1.0,0.033011016
0.0,0.07064475
0.0,0.07565009
0.0,0.07165278
0.0,0.06538362
0.0,0.0656584
0.0,0.07416294
0.0,0.07844435
0.0,0.057445187
1.0,0.0805585
0.0,0.049077027
0.0,0.03979343
0.0,0.10023846
1.0,0.040030375
0.0,0.016630886
0.0,0.059220415
0.0,0.0350573
0.0,0.11594352
0.0,0.082064316
1.0,0.039279897
0.0,0.03466475
0.0,0.02569354
0.0,0.107051976
0.0,0.04706549
0.0,0.06582406
0.0,0.077514626
0.0,0.050342005
0.0,0.03341075
0.0,0.044223636
0.0,0.09819385
0.0,0.12843597
0.0,0.049819626
0.0,0.046650283
0.0,0.03686085
0.0,0.113785304
0.0,0.05516697
0.0,0.059407182
0.0,0.081412464
0.0,0.09287503
0.0,0.0838041
0.0,0.040612765
0.0,0.08695441
0.0,0.06112915
1.0,0.06523717
0.0,0.09371148
0.0,0.030404054
0.0,0.08595452
0.0,0.020027636
0.0,0.04836687
0.0,0.030091433
0.0,0.055076055
0.0,0.071775794
0.0,0.03823796
0.0,0.04139445
0.0,0.058715668
0.0,0.10150263
0.0,0.03064294
0.0,0.037812952
0.0,0.039600812
0.0,0.025018567
0.0,0.035613004
0.0,0.058757793
0.0,0.05043184
0.0,0.043948144
0.0,0.033245392
0.0,0.098328486
0.0,0.0804313
0.0,0.044282485
1.0,0.031491403
0.0,0.04154759
0.0,0.070312835
0.0,0.07101145
0.0,0.045417994
0.0,0.088321805
0.0,0.0781231
0.0,0.024491627
0.0,0.09719092
0.0,0.03146407
0.0,0.09289852
0.0,0.026895916
0.0,0.03036747
0.0,0.040691115
0.0,0.1025368
0.0,0.047682814
0.0,0.084915265
0.0,0.046242
0.0,0.028561708
0.0,0.064853
0.0,0.054973766
0.0,0.03546466
0.0,0.06413469
0.0,0.059004486
0.0,0.067063436
0.0,0.04437431
0.0,0.028307091
2.0,0.12767965
0.0,0.063656956
0.0,0.035169832
0.0,0.028256884
0.0,0.08549522
0.0,0.02421802
0.0,0.08878925
0.0,0.052316185
0.0,0.033811662
1.0,0.025568292
0.0,0.07767142
0.0,0.14478631
0.0,0.08927552
0.0,0.054350987
0.0,0.06035659
0.0,0.025493711
1.0,0.038045682
0.0,0.0378193
0.0,0.05752523
0.0,0.08104484
1.0,0.024645446
0.0,0.04628537
0.0,0.04704009
0.0,0.059286896
0.0,0.06102534
0.0,0.0884652
0.0,0.12996171
0.0,0.034453176
0.0,0.04003738
0.0,0.0946372
0.0,0.06323091
0.0,0.09014973
0.0,0.026133657
0.0,0.046004802
1.0,0.11354834
0.0,0.018704493
0.0,0.06976385
0.0,0.059271462
0.0,0.033627767
0.0,0.05299686
0.0,0.05543679
0.0,0.057786707
1.0,0.0485596
0.0,0.11051895
0.0,0.071948
0.0,0.0585186
0.0,0.051830653
0.0,0.043221243
0.0,0.048952922
0.0,0.14762466
0.0,0.10952074
0.0,0.026419505
1.0,0.055845883
0.0,0.046145543
0.0,0.049012877
0.0,0.030579459
0.0,0.057035092
0.0,0.04316878
0.0,0.01797852
0.0,0.067311905
0.0,0.0787486
0.0,0.05916292
0.0,0.040313974
1.0,0.027173279
0.0,0.02676367
0.0,0.090338245
0.0,0.049435887
0.0,0.038529836
0.0,0.035787508
0.0,0.089836426
0.0,0.07073035
0.0,0.063527204
0.0,0.06701241
0.0,0.06891164
0.0,0.07505263
0.0,0.046732903
0.0,0.048714314
0.0,0.024629198
0.0,0.06907293
0.0,0.13994184
0.0,0.03283381
0.0,0.036164828
0.0,0.04453055
0.0,0.020288989
0.0,0.011670525
0.0,0.060651414
0.0,0.07475327
0.0,0.06798725
0.0,0.04840046
0.0,0.093284056
0.0,0.047365464
0.0,0.050556947
0.0,0.09377723
0.0,0.06292784
0.0,0.035743833
0.0,0.057467736
0.0,0.04533478
0.0,0.10267646
0.0,0.013483433
0.0,0.05606574
0.0,0.03682487
0.0,0.04734426
0.0,0.034656867
0.0,0.03622188
0.0,0.047600985
0.0,0.09945039
0.0,0.0986155
0.0,0.087056465
0.0,0.07301668
0.0,0.051916435
0.0,0.106497064
0.0,0.06347328
0.0,0.01841132
0.0,0.057188388
0.0,0.06934709
0.0,0.05073776
1.0,0.025662305
0.0,0.095589325
0.0,0.06008824
0.0,0.04961662
1.0,0.034048654
0.0,0.032622226
0.0,0.045225676
0.0,0.033200305
0.0,0.08598247
0.0,0.020454671
0.0,0.035542786
0.0,0.039109338
0.0,0.06942203
0.0,0.030256305
0.0,0.092171684
0.0,0.04093955
0.0,0.052324943
0.0,0.018370822
0.0,0.08508917
0.0,0.08650804
0.0,0.09321385
0.0,0.017552545
1.0,0.07856189
0.0,0.07112247
1.0,0.043402366
0.0,0.01336774
1.0,0.03428405
0.0,0.027662674
0.0,0.058750425
0.0,0.11775684
0.0,0.017487941
0.0,0.04311073
0.0,0.08093414
0.0,0.058274105
0.0,0.038823143
0.0,0.06146414
0.0,0.10366571
0.0,0.057998054
0.0,0.053814895
0.0,0.052946225
0.0,0.02390545
0.0,0.05660633
0.0,0.12216343
0.0,0.029893685
0.0,0.04223992
0.0,0.076040514
0.0,0.050468262
0.0,0.069743425
0.0,0.06904611
0.0,0.036943886
0.0,0.046554994
0.0,0.08130264
0.0,0.024322303
0.0,0.11699295
0.0,0.053120438
0.0,0.07752664
0.0,0.079573795
0.0,0.030246222
0.0,0.0436384
0.0,0.05193508
0.0,0.039605986
1.0,0.04458949
0.0,0.022405367
0.0,0.058570735
0.0,0.016661525
0.0,0.05988735
0.0,0.06525055
0.0,0.066441976
0.0,0.064841196
0.0,0.02947545
0.0,0.06044631
1.0,0.045877762
0.0,0.023976732
0.0,0.049504295
0.0,0.062029738
0.0,0.09247372
0.0,0.048553858
0.0,0.044652063
0.0,0.034065768
0.0,0.055753075
0.0,0.035207603
0.0,0.052085243
0.0,0.048710942
0.0,0.1223426
0.0,0.10769923
0.0,0.09487148
0.0,0.07439009
0.0,0.06568651
0.0,0.025493834
0.0,0.07558958
0.0,0.043464333
0.0,0.05420602
0.0,0.037430525
0.0,0.060959246
0.0,0.069064215
0.0,0.09484288
0.0,0.05192931
0.0,0.12709773
0.0,0.1528955
0.0,0.049485747
0.0,0.049403884
0.0,0.042236958
0.0,0.038457774
0.0,0.047741167
0.0,0.08447943
0.0,0.021408353
0.0,0.03080506
0.0,0.047269188
0.0,0.106858686
0.0,0.028476795
0.0,0.025878072
0.0,0.06349916
2.0,0.093813725
0.0,0.04230904
0.0,0.04191464
0.0,0.042046517
0.0,0.11563036
0.0,0.039531324
1.0,0.060163096
0.0,0.08330393
0.0,0.030164773
0.0,0.03256132
0.0,0.08598159
0.0,0.040091425
0.0,0.04114759
0.0,0.052041553
0.0,0.025200449
0.0,0.06734921
0.0,0.031123374
0.0,0.07156463
0.0,0.059327733
0.0,0.08999326
0.0,0.089156374
0.0,0.09197245
0.0,0.06660977
0.0,0.106564626
0.0,0.0528834
0.0,0.039121553
0.0,0.045535743
0.0,0.081919484
0.0,0.025604086
0.0,0.120977215
0.0,0.027912557
0.0,0.04469482
0.0,0.06467575
0.0,0.03843066
0.0,0.06319354
0.0,0.0499754
0.0,0.038967602
0.0,0.034374297
0.0,0.06221918
0.0,0.073704615
0.0,0.03966677
0.0,0.054240875
0.0,0.061403178
2.0,0.0636365
0.0,0.09676022
0.0,0.1042326
0.0,0.056225732
0.0,0.11579796
0.0,0.036409248
0.0,0.0468638
0.0,0.05343133
0.0,0.041889925
0.0,0.059835687
0.0,0.033695392
0.0,0.10544175
0.0,0.036618162
0.0,0.052075513
0.0,0.036173448
0.0,0.07381114
0.0,0.045924164
0.0,0.044617094
0.0,0.08453224
0.0,0.03587935
0.0,0.07313467
0.0,0.08326545
0.0,0.04925013
0.0,0.029001918
1.0,0.026063692
0.0,0.04599131
0.0,0.037235007
1.0,0.039592918
0.0,0.04202449
0.0,0.05913108
0.0,0.06037988
0.0,0.06968864
0.0,0.1349402
0.0,0.038579106
0.0,0.07625431
0.0,0.06160642
0.0,0.063157216
1.0,0.08182029
1.0,0.06624897
1.0,0.07795427
0.0,0.04356235
0.0,0.027380552
0.0,0.024379186
0.0,0.05526618
0.0,0.07702363
0.0,0.07169649
0.0,0.06296516
0.0,0.095566146
0.0,0.04767299
0.0,0.07992877
0.0,0.029941533
0.0,0.0816803
0.0,0.11817765
0.0,0.03948918
0.0,0.057685837
0.0,0.14331725
0.0,0.12953651
0.0,0.0703962
0.0,0.05501112
0.0,0.07593421
1.0,0.038224544
0.0,0.07662178
0.0,0.035917163
0.0,0.03453201
0.0,0.035581723
0.0,0.05503203
0.0,0.025032086
0.0,0.066624045
0.0,0.0460774
0.0,0.012976516
0.0,0.049293287
0.0,0.1035039
0.0,0.051186323
0.0,0.047779977
0.0,0.03600618
0.0,0.06540762
0.0,0.10333066
0.0,0.036476776
0.0,0.019132642
0.0,0.042352475
0.0,0.015330605
2.0,0.08835727
0.0,0.076583736
0.0,0.078289084
0.0,0.059061
0.0,0.13261701
0.0,0.08352424
0.0,0.15977006
0.0,0.051641166
0.0,0.033013143
0.0,0.051544435
0.0,0.04167543
0.0,0.07784755
1.0,0.045468915
0.0,0.04563684
0.0,0.054003615
0.0,0.076333545
0.0,0.008625012
0.0,0.03343856
0.0,0.025735706
0.0,0.07469827
0.0,0.029169567
0.0,0.055671785
0.0,0.03276698
0.0,0.046631932
0.0,0.055055454
0.0,0.08818567
0.0,0.06531991
0.0,0.07629766
0.0,0.03974487
0.0,0.045370825
0.0,0.044446476
0.0,0.07437363
0.0,0.062449384
0.0,0.02128197
0.0,0.04917956
0.0,0.06151278
0.0,0.05162792
0.0,0.061787084
0.0,0.02016286
0.0,0.059077967
0.0,0.042485166
0.0,0.045596275
1.0,0.045447998
0.0,0.053073913
0.0,0.030885382
0.0,0.064425044
0.0,0.057859857
0.0,0.07580148
0.0,0.058068536
0.0,0.0679602
0.0,0.021877311
0.0,0.09404914
0.0,0.13292289
0.0,0.064217314
0.0,0.06662713
0.0,0.07886757
0.0,0.04493621
0.0,0.06494099
1.0,0.06433194
0.0,0.084426396
0.0,0.07195452
0.0,0.049369104
0.0,0.05087413
0.0,0.08541027
1.0,0.05196971
0.0,0.06557613
0.0,0.07494903
0.0,0.054174833
0.0,0.047852732
0.0,0.12766376
0.0,0.033280633
0.0,0.07795096
0.0,0.0970888
0.0,0.023605403
0.0,0.055687606
0.0,0.02333939
0.0,0.0154472785
0.0,0.09274256
0.0,0.08786477
0.0,0.09935075
0.0,0.016386263
0.0,0.06885118
1.0,0.078596964
0.0,0.02217627
0.0,0.015491065
0.0,0.051473305
0.0,0.076540954
0.0,0.033269353
0.0,0.034789093
0.0,0.06647103
0.0,0.053693477
0.0,0.06679691
1.0,0.12305419
0.0,0.045541734
0.0,0.047481224
0.0,0.041833077
0.0,0.044226356
0.0,0.0405376
0.0,0.07016902
0.0,0.065377116
0.0,0.097774744
0.0,0.05377406
0.0,0.029927088
0.0,0.0856812
0.0,0.04840928
0.0,0.038230214
0.0,0.051812664
0.0,0.06221838
0.0,0.045359556
0.0,0.056822002
0.0,0.02551244
0.0,0.09497934
0.0,0.034513343
0.0,0.051317487
0.0,0.05354508
1.0,0.06686488
0.0,0.05983346
0.0,0.034290068
0.0,0.05566828
0.0,0.1418236
0.0,0.055727825
0.0,0.020419218
0.0,0.09693312
0.0,0.051267006
0.0,0.060138345
0.0,0.043237876
0.0,0.07662485
0.0,0.06364665
0.0,0.07066269
0.0,0.10147528
0.0,0.05040996
0.0,0.048611958
0.0,0.04660061
0.0,0.040789023
0.0,0.061191794
0.0,0.051573124
0.0,0.109857425
0.0,0.083359525
0.0,0.031142747
0.0,0.060023304
1.0,0.022727564
0.0,0.024879104
0.0,0.076636985
0.0,0.051271453
0.0,0.0882669
0.0,0.1668083
0.0,0.031427424
0.0,0.024642143
0.0,0.02569632
0.0,0.04715584
0.0,0.05540904
0.0,0.093309194
0.0,0.030805795
0.0,0.05124095
0.0,0.069640025
1.0,0.059569877
0.0,0.07794713
0.0,0.031327207
0.0,0.111554146
0.0,0.051915023
0.0,0.06645867
0.0,0.033722218
1.0,0.042693548
0.0,0.049709592
0.0,0.042387832
0.0,0.08273109
0.0,0.023116391
0.0,0.03434025
0.0,0.08329448
0.0,0.054625824
0.0,0.040637173
0.0,0.07366157
0.0,0.042390198
0.0,0.040735554
0.0,0.021031532
0.0,0.04502902
0.0,0.044581536
0.0,0.056442346
0.0,0.03003329
0.0,0.08406979
0.0,0.19146803
0.0,0.0473675
0.0,0.06723716
0.0,0.061745968
0.0,0.074644774
0.0,0.021517973
0.0,0.032024574
0.0,0.045389913
0.0,0.08891712
0.0,0.1069016
0.0,0.034051865
0.0,0.065920115
0.0,0.058682974
0.0,0.050520293
0.0,0.08074329
0.0,0.12711033
0.0,0.05153195
0.0,0.044379197
0.0,0.039479673
0.0,0.07227132
0.0,0.12673272
0.0,0.037577167
0.0,0.053615548
0.0,0.036227807
0.0,0.051726438
1.0,0.018602746
0.0,0.048046436
0.0,0.087838136
0.0,0.043941252
0.0,0.039241068
0.0,0.04852
2.0,0.04694996
0.0,0.047834985
0.0,0.03662768
0.0,0.060571417
0.0,0.053289756
0.0,0.052793123
0.0,0.06278855
0.0,0.04434315
1.0,0.06657987
0.0,0.05745054
0.0,0.0662553
0.0,0.046762392
0.0,0.06792737
0.0,0.040587634
0.0,0.0641856
0.0,0.043259673
0.0,0.11243921
0.0,0.090517014
0.0,0.08007873
0.0,0.1792525
0.0,0.04494193
0.0,0.040568538
0.0,0.07103546
0.0,0.06677159
0.0,0.06892782
0.0,0.12649551
0.0,0.03372743
0.0,0.05910844
0.0,0.039422445
0.0,0.033941083
0.0,0.04479354
0.0,0.079355896
0.0,0.11104432
0.0,0.102292165
0.0,0.039981365
0.0,0.122676715
0.0,0.027870225
0.0,0.07135891
1.0,0.0729666
0.0,0.060649883
0.0,0.059079263
0.0,0.092409894
0.0,0.04677301
0.0,0.03541837
1.0,0.040794045
1.0,0.03926795
1.0,0.048382394
0.0,0.050680142
0.0,0.09037601
0.0,0.045121767
0.0,0.017469456
0.0,0.073789716
0.0,0.05871729
0.0,0.07279197
0.0,0.037746117
0.0,0.05256063
0.0,0.049515344
0.0,0.070151955
0.0,0.039165474
0.0,0.023469865
1.0,0.10038138
0.0,0.044786938
0.0,0.045499627
0.0,0.050633088
0.0,0.022355903
0.0,0.0432185
0.0,0.061709777
0.0,0.02606731
0.0,0.05105362
0.0,0.035103
0.0,0.053610075
0.0,0.07235573
0.0,0.034756646
2.0,0.048938498
0.0,0.09289369
0.0,0.066475786
0.0,0.05011127
0.0,0.05954017
0.0,0.081506856
0.0,0.071411796
0.0,0.041759074
0.0,0.1371648
0.0,0.020185351
0.0,0.05397176
0.0,0.10178548
0.0,0.036018353
0.0,0.054041367
0.0,0.044934858
0.0,0.047980227
0.0,0.04207853
0.0,0.0847811
0.0,0.09746505
0.0,0.0606051
0.0,0.06606833
0.0,0.04400642
0.0,0.05737954
0.0,0.052095156
0.0,0.039442774
0.0,0.038191624
0.0,0.061359596
0.0,0.021435024
0.0,0.043315466
0.0,0.03875903
0.0,0.047765374
0.0,0.08682812
0.0,0.09505781
0.0,0.023679672
0.0,0.06339514
0.0,0.07360375
0.0,0.022691883
1.0,0.037192687
0.0,0.036630493
0.0,0.045080192
0.0,0.078517064
0.0,0.09590494
0.0,0.04398431
0.0,0.044708863
0.0,0.0511508
0.0,0.04436396
0.0,0.051187567
0.0,0.04183146
0.0,0.03937766
1.0,0.10458374
0.0,0.055922575
0.0,0.056425072
0.0,0.08153379
0.0,0.05501469
0.0,0.065336265
0.0,0.052362207
0.0,0.022287378
0.0,0.054160524
0.0,0.021561801
1.0,0.079093836
0.0,0.07505094
0.0,0.03472661
0.0,0.074135944
0.0,0.045702323
0.0,0.064717084
0.0,0.043767832
1.0,0.044061787
0.0,0.044303585
0.0,0.1386614
0.0,0.046901472
0.0,0.05733095
0.0,0.042782277
0.0,0.049944073
0.0,0.112466775
0.0,0.046699777
0.0,0.050488383
0.0,0.047367543
0.0,0.07169707
0.0,0.1478651
0.0,0.024947233
0.0,0.07614888
0.0,0.037919067
0.0,0.068362474
0.0,0.09610254
0.0,0.066200905
0.0,0.07455959
0.0,0.04376441
1.0,0.0484817
0.0,0.13692346
0.0,0.058359627
0.0,0.021379616
0.0,0.07386671
0.0,0.069930494
0.0,0.04043044
0.0,0.04774613
0.0,0.024879448
0.0,0.080173425
0.0,0.03867149
0.0,0.066548765
0.0,0.08513053
0.0,0.05490056
0.0,0.040878534
0.0,0.039612446
0.0,0.046019696
0.0,0.053454213
0.0,0.10623328
0.0,0.069791496
0.0,0.04042907
0.0,0.07295463
0.0,0.10334027
0.0,0.037237335
0.0,0.038214613
0.0,0.033661652
1.0,0.03377225
0.0,0.02209429
0.0,0.06817502
0.0,0.025970178
0.0,0.047608837
1.0,0.07181686
0.0,0.042584974
0.0,0.03521941
0.0,0.022027312
0.0,0.18969895
0.0,0.09234637
0.0,0.041959696
0.0,0.05745105
0.0,0.042755805
0.0,0.026618922
0.0,0.03964026
0.0,0.051363707
0.0,0.06922482
0.0,0.12132262
0.0,0.032669548
0.0,0.045706578
0.0,0.11380652
0.0,0.054008238
1.0,0.061222613
0.0,0.057025112
0.0,0.043903362
0.0,0.053277817
0.0,0.0684237
0.0,0.084027864
0.0,0.035162788
0.0,0.033433616
0.0,0.058813393
0.0,0.043876573
0.0,0.047439966
0.0,0.07170124
0.0,0.049388766
0.0,0.11105345
0.0,0.044761423
0.0,0.062052667
0.0,0.0885244
0.0,0.0275953
0.0,0.13579679
0.0,0.091830134
0.0,0.051909357
0.0,0.048614576
0.0,0.03258782
0.0,0.10712048
0.0,0.047101162
1.0,0.04077454
0.0,0.064788565
0.0,0.06805507
0.0,0.086727194
0.0,0.061439086
0.0,0.05545133
0.0,0.037106596
0.0,0.085143924
0.0,0.07197864
0.0,0.059328467
0.0,0.032395706
0.0,0.043922167
1.0,0.050667938
0.0,0.028498271
0.0,0.055944044
0.0,0.07518417
0.0,0.020489296
0.0,0.05418483
0.0,0.088305965
0.0,0.033736918
0.0,0.04776034
0.0,0.052385807
0.0,0.027987245
0.0,0.040429283
0.0,0.04077366
0.0,0.04240247
0.0,0.07581481
0.0,0.08178038
0.0,0.031872354
0.0,0.069107324
0.0,0.09064755
0.0,0.1267452
0.0,0.091514595
0.0,0.09171883
0.0,0.091923565
0.0,0.035258442
0.0,0.049343966
0.0,0.03861678
0.0,0.057008162
0.0,0.06411454
0.0,0.038068604
0.0,0.035145506
0.0,0.088475615
0.0,0.1132854
0.0,0.111101516
0.0,0.05933332
0.0,0.02942251
0.0,0.06894537
0.0,0.059124086
0.0,0.16380303
0.0,0.046685684
0.0,0.059009764
0.0,0.070048064
0.0,0.063586466
0.0,0.095908485
0.0,0.041223515
0.0,0.047546633
0.0,0.05232761
0.0,0.098042026
0.0,0.019046387
0.0,0.038538527
0.0,0.03478599
0.0,0.02877791
0.0,0.025380425
0.0,0.03359376
0.0,0.05276101
1.0,0.06758097
0.0,0.0314798
0.0,0.08364709
0.0,0.042384557
0.0,0.038250763
0.0,0.10673738
0.0,0.030180786
0.0,0.06198369
0.0,0.029340215
0.0,0.04118742
0.0,0.037452552
0.0,0.07187616
0.0,0.086325996
0.0,0.05007308
0.0,0.06693184
0.0,0.016694807
0.0,0.080140114
0.0,0.053082835
0.0,0.034548808
0.0,0.054895822
0.0,0.03746311
0.0,0.024902225
0.0,0.062958516
0.0,0.03219365
0.0,0.12717399
0.0,0.08014656
0.0,0.08273271
0.0,0.07597546
0.0,0.021347068
0.0,0.025416855
0.0,0.082797706
0.0,0.06408006
0.0,0.034620825
0.0,0.09275897
0.0,0.04957682
0.0,0.045956172
0.0,0.07893239
0.0,0.0885594
0.0,0.12909892
0.0,0.05373738
0.0,0.04043709
0.0,0.04735756
0.0,0.040535104
0.0,0.030009627
0.0,0.039465614
0.0,0.06980166
0.0,0.09091775
0.0,0.042638943
0.0,0.02162464
0.0,0.032024495
0.0,0.05775354
0.0,0.03576359
0.0,0.059121184
1.0,0.043860592
0.0,0.05182618
0.0,0.036535963
0.0,0.04527489
0.0,0.06342078
0.0,0.05875981
0.0,0.06879811
3.0,0.01794131
0.0,0.03209309
0.0,0.07336386
0.0,0.035791554
0.0,0.036500283
0.0,0.037550405
0.0,0.08403027
0.0,0.068262786
0.0,0.029530441
0.0,0.03990402
0.0,0.050794236
0.0,0.045451745
0.0,0.015484123
0.0,0.0867028
0.0,0.036566585
0.0,0.07505318
0.0,0.04240898
0.0,0.17537576
1.0,0.05231818
0.0,0.045873694
0.0,0.04584282
0.0,0.026095366
0.0,0.053545974
0.0,0.11107487
0.0,0.059055857
0.0,0.14459902
0.0,0.0731187
0.0,0.094810195
0.0,0.09040265
1.0,0.077561356
0.0,0.04155553
0.0,0.08515797
0.0,0.06137373
0.0,0.053276166
0.0,0.014633924
0.0,0.07602513
0.0,0.037805308
0.0,0.05369134
0.0,0.048018493
0.0,0.049927976
1.0,0.08254533
0.0,0.045827236
0.0,0.045730382
0.0,0.043636836
0.0,0.036483698
0.0,0.07487622
0.0,0.045743927
0.0,0.09044687
0.0,0.023591606
0.0,0.054865286
0.0,0.11970322
1.0,0.064133465
0.0,0.018944804
0.0,0.032603174
0.0,0.06887265
0.0,0.047843743
0.0,0.071666785
0.0,0.049714856
0.0,0.047450304
0.0,0.051137388
0.0,0.07746267
1.0,0.06296932
0.0,0.050385475
0.0,0.036890265
0.0,0.048074786
0.0,0.0508443
1.0,0.048863903
0.0,0.031110642
0.0,0.041986573
0.0,0.051935673
1.0,0.13721444
0.0,0.046992697
0.0,0.040819515
0.0,0.1192184
0.0,0.044177096
0.0,0.0658694
0.0,0.047891904
1.0,0.07716376
1.0,0.13274817
0.0,0.064591765
0.0,0.035134498
0.0,0.06687215
0.0,0.12721345
0.0,0.046002917
0.0,0.0910496
0.0,0.032470338
0.0,0.083455175
0.0,0.041888047
0.0,0.040773273
0.0,0.10548749
0.0,0.026000783
0.0,0.048463717
0.0,0.035447836
0.0,0.07533008
0.0,0.038792036
0.0,0.03940837
0.0,0.03799206
0.0,0.09090467
0.0,0.032830194
0.0,0.066345386
0.0,0.05300506
0.0,0.02125613
0.0,0.07367141
0.0,0.15555505
0.0,0.025328437
0.0,0.2010527
0.0,0.05859473
0.0,0.06856182
0.0,0.063452244
0.0,0.04151135
0.0,0.069256015
0.0,0.013197828
0.0,0.1296978
0.0,0.035740543
0.0,0.13014019
0.0,0.032206178
1.0,0.031291824
0.0,0.04669851
0.0,0.09301121
0.0,0.05869624
0.0,0.045656975
0.0,0.10146043
0.0,0.06898256
0.0,0.035458248
0.0,0.04602086
0.0,0.07885196
0.0,0.052393153
0.0,0.06865556
0.0,0.04712008
0.0,0.060917113
0.0,0.02355504
0.0,0.10666554
0.0,0.030976368
0.0,0.028382132
0.0,0.052228548
0.0,0.049116522
0.0,0.051580846
0.0,0.032741148
0.0,0.052390654
0.0,0.033587016
0.0,0.07464034
0.0,0.08043611
0.0,0.09559224
0.0,0.10212752
0.0,0.04600072
0.0,0.067106925
0.0,0.064550415
1.0,0.07609964
0.0,0.04908494
0.0,0.04686331
0.0,0.073670074
0.0,0.093385935
0.0,0.04196724
0.0,0.109208785
0.0,0.050436746
0.0,0.062059324
0.0,0.07146105
0.0,0.028671443
0.0,0.055928122
0.0,0.06040989
0.0,0.040303245
1.0,0.030895177
0.0,0.07363197
0.0,0.04145782
0.0,0.09443473
0.0,0.039751768
0.0,0.0072343447
1.0,0.07092969
0.0,0.04566183
0.0,0.088744745
0.0,0.037352856
0.0,0.06973283
0.0,0.06270385
0.0,0.03909103
1.0,0.02681552
0.0,0.048359238
0.0,0.049711537
0.0,0.050339893
0.0,0.033156767
0.0,0.043627933
0.0,0.08598665
0.0,0.043884315
0.0,0.056825157
0.0,0.106818184
0.0,0.04018245
0.0,0.09241955
0.0,0.037430685
0.0,0.08633258
0.0,0.058398835
0.0,0.0495127
0.0,0.11724555
0.0,0.05195913
0.0,0.051613793
0.0,0.03876195
1.0,0.05362204
0.0,0.07896301
0.0,0.05098003
0.0,0.069177896
0.0,0.035305902
0.0,0.052139714
0.0,0.0722819
0.0,0.046145342
0.0,0.061337028
0.0,0.059359595
0.0,0.051058173
1.0,0.06755461
0.0,0.06332345
0.0,0.04256875
0.0,0.05212726
0.0,0.06654934
0.0,0.13294645
0.0,0.080409035
0.0,0.034189153
0.0,0.05582779
0.0,0.045347683
0.0,0.100723654
0.0,0.11476157
0.0,0.10263101
0.0,0.041182157
0.0,0.012834438
0.0,0.031956524
0.0,0.024763528
0.0,0.016245376
0.0,0.04879994
0.0,0.07482965
0.0,0.03320642
0.0,0.07278305
0.0,0.07525038
0.0,0.038466394
0.0,0.028802318
0.0,0.04981131
0.0,0.044081796
0.0,0.06683757
0.0,0.07228111
0.0,0.06727027
0.0,0.065778315
1.0,0.036850587
0.0,0.04463301
0.0,0.09213908
0.0,0.07766657
0.0,0.07183388
0.0,0.111698635
0.0,0.056903694
0.0,0.040123556
0.0,0.03581392
0.0,0.046307646
0.0,0.033952057
0.0,0.08447182
0.0,0.11198758
1.0,0.039764695
0.0,0.028501043
0.0,0.050450455
1.0,0.08714634
0.0,0.05072373
0.0,0.12339022
0.0,0.06888273
0.0,0.04658708
0.0,0.06690545
0.0,0.052716225
0.0,0.052606214
0.0,0.040313605
0.0,0.04937339
0.0,0.05795031
0.0,0.06644739
0.0,0.06973938
0.0,0.044239156
0.0,0.050442904
0.0,0.02592148
0.0,0.06978965
0.0,0.05202205
0.0,0.034981187
0.0,0.067097105
1.0,0.09899972
0.0,0.050427273
0.0,0.03225642
0.0,0.0436589
0.0,0.046142377
0.0,0.04180448
0.0,0.053415738
0.0,0.0569095
0.0,0.07187037
0.0,0.056470815
0.0,0.023590267
0.0,0.08408626
0.0,0.038443837
1.0,0.011021038
0.0,0.05231327
0.0,0.0400424
0.0,0.05232554
0.0,0.027877137
0.0,0.030925376
0.0,0.09884349
0.0,0.046371613
0.0,0.05920576
0.0,0.059843462
0.0,0.14722475
0.0,0.06603674
0.0,0.06842227
0.0,0.022041328
0.0,0.025557576
0.0,0.032692112
0.0,0.067472585
0.0,0.030143967
0.0,0.05785674
0.0,0.058359638
0.0,0.0300315
0.0,0.14631931
0.0,0.03631546
0.0,0.04801721
0.0,0.023190694
0.0,0.06707187
0.0,0.0766197
0.0,0.02950294
0.0,0.05976732
0.0,0.060993426
0.0,0.057700224
0.0,0.074824184
0.0,0.09241122
0.0,0.06955689
0.0,0.049962245
0.0,0.043696262
0.0,0.017201439
0.0,0.08557574
0.0,0.049129218
0.0,0.12250036
0.0,0.03260893
1.0,0.057724357
0.0,0.09037978
0.0,0.08932904
1.0,0.06306397
1.0,0.027810154
0.0,0.052542113
0.0,0.036442127
0.0,0.0710771
0.0,0.05217672
0.0,0.048099894
0.0,0.04062396
0.0,0.09967116
0.0,0.07823281
0.0,0.05522935
0.0,0.021254722
0.0,0.046032205
0.0,0.065224454
0.0,0.05094504
0.0,0.02380586
0.0,0.017734358
1.0,0.041227877
1.0,0.043621153
1.0,0.04093596
0.0,0.12619527
0.0,0.023754053
0.0,0.024881382
0.0,0.1284507
0.0,0.033670112
0.0,0.07384644
0.0,0.055480342
0.0,0.03731316
0.0,0.06738423
0.0,0.04844098
0.0,0.103839114
0.0,0.014957459
0.0,0.04125366
0.0,0.05570855
0.0,0.07594659
0.0,0.09007947
0.0,0.053785123
0.0,0.05745809
0.0,0.05369171
0.0,0.058671992
0.0,0.030932559
0.0,0.095085874
0.0,0.01967127
0.0,0.034296513
1.0,0.09416097
0.0,0.06503166
0.0,0.07841705
0.0,0.108272664
0.0,0.062986195
0.0,0.055428755
0.0,0.04737755
0.0,0.022751277
2.0,0.047392078
0.0,0.04957788
0.0,0.0926508
0.0,0.02702121
0.0,0.060442764
0.0,0.07491414
0.0,0.05368083
0.0,0.016737131
0.0,0.062777415
0.0,0.032902457
0.0,0.087870345
0.0,0.02216423
0.0,0.13326201
0.0,0.01685926
0.0,0.04408909
0.0,0.022437965
0.0,0.1286372
0.0,0.03609977
0.0,0.06182631
0.0,0.08844965
0.0,0.08676225
0.0,0.025664102
0.0,0.031331524
0.0,0.037483536
0.0,0.037603766
0.0,0.07106822
0.0,0.060267985
0.0,0.020997932
0.0,0.020766594
0.0,0.086123995
0.0,0.06346114
0.0,0.020501778
1.0,0.10647731
0.0,0.14147028
0.0,0.100700386
0.0,0.041479178
0.0,0.072665215
0.0,0.05361846
0.0,0.05738189
0.0,0.035122607
0.0,0.018391559
0.0,0.062219564
0.0,0.059984006
0.0,0.05223029
0.0,0.077184856
0.0,0.059769813
0.0,0.05863685
0.0,0.041282155
0.0,0.110660456
0.0,0.040321257
0.0,0.06732995
0.0,0.08121612
0.0,0.06536378
0.0,0.037407327
0.0,0.024855983
0.0,0.030084562
0.0,0.08259545
0.0,0.04154402
0.0,0.043437418
0.0,0.051494073
0.0,0.044044584
0.0,0.049364183
0.0,0.018206768
0.0,0.088154554
0.0,0.027325926
0.0,0.11211063
0.0,0.04478585
0.0,0.08771719
0.0,0.051640995
0.0,0.05138208
0.0,0.018116865
0.0,0.039628483
0.0,0.037156828
0.0,0.033429537
0.0,0.06688239
1.0,0.039119203
0.0,0.03314145
0.0,0.0410525
0.0,0.052340716
0.0,0.08886996
0.0,0.078536384
0.0,0.050799396
0.0,0.03578164
0.0,0.091147855
0.0,0.029196257
0.0,0.06640793
0.0,0.0872044
1.0,0.074090846
0.0,0.109743156
0.0,0.06416797
0.0,0.026578259
0.0,0.015514809
0.0,0.08762854
0.0,0.078101315
0.0,0.06437822
0.0,0.035076346
0.0,0.05069718
0.0,0.05354651
1.0,0.05666623
0.0,0.06132195
0.0,0.059819084
0.0,0.046114244
0.0,0.044962507
0.0,0.035973348
0.0,0.11489969
0.0,0.041358206
0.0,0.041845325
0.0,0.04697175
0.0,0.05851468
0.0,0.13172604
1.0,0.052212786
0.0,0.04306093
0.0,0.01569285
0.0,0.057005268
0.0,0.07501992
0.0,0.06338644
0.0,0.022624098
0.0,0.107590385
0.0,0.05250815
0.0,0.061606567
0.0,0.049975544
0.0,0.06589949
0.0,0.04926669
0.0,0.032221142
0.0,0.05559244
0.0,0.10209527
0.0,0.05013639
0.0,0.018325064
0.0,0.026159527
0.0,0.06387119
0.0,0.08165513
0.0,0.051551268
0.0,0.044874474
0.0,0.030875457
0.0,0.10500083
0.0,0.09129611
0.0,0.04550826
0.0,0.020673996
0.0,0.053656418
1.0,0.04094775
0.0,0.075182505
0.0,0.035520405
0.0,0.03336458
0.0,0.062289592
0.0,0.071901135
0.0,0.11091297
0.0,0.10557674
0.0,0.048652794
0.0,0.040977575
0.0,0.039739523
0.0,0.05725379
0.0,0.046512235
1.0,0.06357769
0.0,0.04166724
0.0,0.033684324
0.0,0.060911536
0.0,0.058429196
0.0,0.042391654
1.0,0.035675857
0.0,0.030946383
0.0,0.057945214
0.0,0.01827611
0.0,0.13829817
0.0,0.05369933
0.0,0.15690501
0.0,0.042076524
0.0,0.06960523
0.0,0.056813683
0.0,0.033458274
0.0,0.055865165
0.0,0.05871553
0.0,0.04553355
0.0,0.055126477
0.0,0.048895486
1.0,0.039788935
0.0,0.107474044
1.0,0.036442928
0.0,0.17453682
1.0,0.06464267
0.0,0.08616865
0.0,0.038890973
0.0,0.06837736
0.0,0.045326713
0.0,0.050061215
0.0,0.039806414
0.0,0.061492838
1.0,0.040251218
0.0,0.038339674
0.0,0.017292494
0.0,0.02210156
0.0,0.06951481
0.0,0.042086396
0.0,0.06315136
0.0,0.040053573
0.0,0.050392803
1.0,0.12820062
0.0,0.075744025
1.0,0.0519075
0.0,0.027757678
0.0,0.07520645
0.0,0.021213815
0.0,0.04622454
0.0,0.038150616
1.0,0.07336474
0.0,0.05214312
0.0,0.10259199
1.0,0.05499056
0.0,0.025472423
0.0,0.07766604
0.0,0.11194746
0.0,0.117173426
0.0,0.058901053
0.0,0.104845256
0.0,0.10439416
0.0,0.046999484
0.0,0.06141439
0.0,0.03550171
0.0,0.048368372
0.0,0.05195368
0.0,0.037498746
0.0,0.059925742
0.0,0.07975364
0.0,0.06276164
0.0,0.04254639
0.0,0.025639445
0.0,0.052248
0.0,0.033093
0.0,0.062466927
0.0,0.042572793
0.0,0.0615234
0.0,0.043124054
0.0,0.17543371
0.0,0.041075
0.0,0.105301745
0.0,0.08014031
0.0,0.06890902
0.0,0.07975938
0.0,0.062501326
0.0,0.05183283
0.0,0.058722697
0.0,0.060580947
0.0,0.026366912
0.0,0.112303086
0.0,0.053616583
0.0,0.09447299
1.0,0.059028268
0.0,0.11190708
0.0,0.07231398
1.0,0.06537413
0.0,0.05954051
0.0,0.08672823
0.0,0.08758439
0.0,0.092629954
0.0,0.11459831
0.0,0.04852178
0.0,0.046163723
0.0,0.08155728
0.0,0.018869864
0.0,0.058779147
0.0,0.117286064
0.0,0.054270666
0.0,0.05443511
0.0,0.13149598
0.0,0.032425456
0.0,0.04103156
0.0,0.049120106
0.0,0.013832201
0.0,0.06901893
0.0,0.040383812
0.0,0.061786536
0.0,0.050223656
0.0,0.02013226
0.0,0.040528186
0.0,0.07265112
0.0,0.086404115
0.0,0.04142879
1.0,0.10288527
1.0,0.062352654
0.0,0.04593446
0.0,0.050186552
0.0,0.066298656
0.0,0.14344966
1.0,0.052341536
0.0,0.078776516
0.0,0.030368352
0.0,0.11151913
0.0,0.026759816
0.0,0.028876385
0.0,0.07559706
0.0,0.050058275
0.0,0.034999575
0.0,0.060874864
0.0,0.008341224
0.0,0.030772306
0.0,0.039486263
0.0,0.026303107
0.0,0.034929417
0.0,0.036878146
0.0,0.041535128
0.0,0.03086764
0.0,0.039669435
0.0,0.050209817
0.0,0.13039318
0.0,0.047691338
0.0,0.037910283
0.0,0.051338978
0.0,0.05040501
0.0,0.03479445
0.0,0.099246375
0.0,0.043997943
0.0,0.03577074
0.0,0.023826245
0.0,0.06625852
0.0,0.09861963
0.0,0.058794014
0.0,0.077676095
0.0,0.08966941
0.0,0.04830031
0.0,0.03336488
0.0,0.018225305
0.0,0.052917074
0.0,0.03141683
0.0,0.0299082
1.0,0.052686594
0.0,0.077034324
0.0,0.1489802
0.0,0.019231535
0.0,0.056164127
0.0,0.0770652
0.0,0.043841146
0.0,0.048150033
0.0,0.03720922
0.0,0.07146211
0.0,0.035557687
0.0,0.06007801
0.0,0.046359763
0.0,0.07418538
0.0,0.08738092
0.0,0.01981992
0.0,0.03527948
0.0,0.042606242
0.0,0.060473584
0.0,0.0673938
0.0,0.05564007
0.0,0.03224715
0.0,0.08188236
0.0,0.037734672
0.0,0.09795039
0.0,0.044008624
1.0,0.038147014
0.0,0.050279222
0.0,0.034193162
1.0,0.024546506
0.0,0.058844347
0.0,0.036396317
0.0,0.045669563
0.0,0.047573436
0.0,0.027346639
0.0,0.025353499
0.0,0.08752364
0.0,0.02400208
0.0,0.025608774
0.0,0.055626158
0.0,0.030856676
0.0,0.0583909
0.0,0.0724994
0.0,0.054070853
0.0,0.041531485
0.0,0.06384305
0.0,0.09032072
0.0,0.13626099
0.0,0.05167353
0.0,0.039113104
0.0,0.0411246
0.0,0.04883071
0.0,0.086426
0.0,0.08477775
0.0,0.12530202
0.0,0.055056047
0.0,0.07787371
0.0,0.04773313
0.0,0.0416228
0.0,0.056836173
0.0,0.060545858
0.0,0.06889975
0.0,0.04472895
0.0,0.029400589
0.0,0.07109195
0.0,0.042761028
0.0,0.045856312
0.0,0.02737683
0.0,0.08588916
0.0,0.08288801
0.0,0.047553208
0.0,0.03358804
0.0,0.019669048
0.0,0.056758933
0.0,0.034704577
0.0,0.07991949
0.0,0.047195476
0.0,0.047943383
0.0,0.08847979
0.0,0.025908235
0.0,0.09409929
0.0,0.0406221
0.0,0.05359765
0.0,0.028190091
0.0,0.0384628
0.0,0.06374116
0.0,0.09740242
0.0,0.03797853
0.0,0.054118548
0.0,0.044404533
0.0,0.03606123
0.0,0.05581306
0.0,0.05192109
0.0,0.055746883
0.0,0.023308575
0.0,0.06387256
0.0,0.094450876
0.0,0.082566395
0.0,0.04896576
0.0,0.044123225
0.0,0.06355392
0.0,0.033965465
0.0,0.058596853
0.0,0.0737236
0.0,0.065203615
0.0,0.045796826
0.0,0.061183244
0.0,0.07957375
0.0,0.09999194
0.0,0.06793378
0.0,0.042335294
0.0,0.023242913
1.0,0.0900811
0.0,0.07082387
1.0,0.040843364
0.0,0.020162705
0.0,0.053380653
0.0,0.08977476
0.0,0.029258136
1.0,0.04358909
0.0,0.03553406
0.0,0.059686534
0.0,0.10270038
0.0,0.07591641
0.0,0.09523811
1.0,0.062090345
0.0,0.04120333
0.0,0.06494653
0.0,0.049547866
0.0,0.07905741
0.0,0.06616029
0.0,0.059511743
0.0,0.06704285
0.0,0.071154214
0.0,0.026182864
0.0,0.08184928
0.0,0.045559414
0.0,0.062421177
0.0,0.057378005
0.0,0.09594613
0.0,0.09854219
0.0,0.070285715
0.0,0.05405433
0.0,0.041105468
0.0,0.08287293
0.0,0.058875978
0.0,0.037806176
1.0,0.075283125
1.0,0.058410127
0.0,0.038799696
0.0,0.060254768
0.0,0.106201775
0.0,0.13071409
0.0,0.026876813
0.0,0.10080387
0.0,0.06054895
0.0,0.016804403
0.0,0.06887564
0.0,0.079627365
0.0,0.04020915
0.0,0.078232735
0.0,0.063005134
0.0,0.09793502
0.0,0.035742097
0.0,0.06566887
0.0,0.047240213
1.0,0.045334518
0.0,0.049297426
0.0,0.045679864
0.0,0.038301684
0.0,0.094227396
1.0,0.05790917
0.0,0.10499257
0.0,0.13891453
0.0,0.051157728
0.0,0.09296797
0.0,0.065210365
0.0,0.05067253
0.0,0.073514126
0.0,0.056241818
0.0,0.09420453
0.0,0.04663367
0.0,0.03194586
0.0,0.06857762
0.0,0.06638959
0.0,0.04860584
0.0,0.07626787
0.0,0.060455907
0.0,0.051416807
0.0,0.080849394
0.0,0.08549222
0.0,0.058385693
0.0,0.064058706
0.0,0.049361452
0.0,0.045640346
0.0,0.07377339
0.0,0.05494105
0.0,0.05976192
0.0,0.06357757
0.0,0.023835575
0.0,0.110527985
0.0,0.039513968
0.0,0.029317867
0.0,0.038882982
0.0,0.048967045
1.0,0.050504323
0.0,0.04253418
0.0,0.041826114
0.0,0.052150134
0.0,0.015676994
0.0,0.04498408
0.0,0.050727285
0.0,0.05122246
0.0,0.07080243
0.0,0.054663293
0.0,0.02792446
0.0,0.038054574
0.0,0.05470482
0.0,0.050163463
0.0,0.030447884
0.0,0.04818274
0.0,0.045839738
0.0,0.06402072
0.0,0.061593056
0.0,0.082289256
0.0,0.042208206
0.0,0.07156318
0.0,0.037806895
0.0,0.020639885
0.0,0.054404274
0.0,0.079073586
0.0,0.04837995
0.0,0.04510264
0.0,0.11958663
0.0,0.05803233
0.0,0.038386576
0.0,0.02704266
0.0,0.009741078
0.0,0.07653564
0.0,0.04590453
0.0,0.04481674
0.0,0.040030926
0.0,0.08872253
0.0,0.028857417
0.0,0.056623932
0.0,0.0271953
0.0,0.06947713
0.0,0.04720459
0.0,0.047755674
0.0,0.11630543
0.0,0.05325807
0.0,0.06617693
0.0,0.036594022
1.0,0.03639692
0.0,0.028871428
0.0,0.08578451
0.0,0.057102688
0.0,0.020901872
0.0,0.067433104
0.0,0.073833026
0.0,0.022683553
0.0,0.037468005
1.0,0.05034448
0.0,0.09947056
0.0,0.047029458
0.0,0.047218412
0.0,0.061753094
1.0,0.06039347
0.0,0.060580514
0.0,0.045092747
0.0,0.036971852
0.0,0.046620414
0.0,0.057422537
2.0,0.049025897
0.0,0.03504782
0.0,0.03670137
0.0,0.053416885
0.0,0.06305963
0.0,0.03266774
0.0,0.045150563
0.0,0.0638243
0.0,0.04422199
0.0,0.06546203
0.0,0.027498426
0.0,0.0452039
0.0,0.04361011
0.0,0.028259646
0.0,0.037168946
0.0,0.019603897
0.0,0.06177975
0.0,0.043179486
1.0,0.07658149
0.0,0.04732688
0.0,0.037943974
0.0,0.036048643
0.0,0.06430802
0.0,0.017788723
1.0,0.025515713
0.0,0.05583065
0.0,0.047264233
0.0,0.036173344
0.0,0.08418949
0.0,0.011749367
0.0,0.04341594
0.0,0.051573765
0.0,0.07291599
0.0,0.07452742
1.0,0.03306644
0.0,0.051063046
0.0,0.025775768
0.0,0.097693145
0.0,0.12692875
0.0,0.04045929
0.0,0.023503777
0.0,0.026111709
0.0,0.056643683
0.0,0.06498034
0.0,0.034065314
0.0,0.07249643
1.0,0.05831427
0.0,0.011830451
0.0,0.07393863
0.0,0.13190018
0.0,0.06864849
0.0,0.024457712
0.0,0.09506601
0.0,0.05882524
0.0,0.116686724
0.0,0.025814008
0.0,0.039029546
0.0,0.08164689
0.0,0.051053476
0.0,0.047211364
0.0,0.07139708
0.0,0.041884214
0.0,0.017465474
0.0,0.06892693
0.0,0.038977377
0.0,0.09021692
0.0,0.07398254
0.0,0.030562885
0.0,0.049812216
0.0,0.04643038
0.0,0.054574355
0.0,0.03827129
0.0,0.04789339
0.0,0.037253194
0.0,0.02630781
0.0,0.068361826
0.0,0.024515871
0.0,0.052868173
0.0,0.04724625
0.0,0.106842026
0.0,0.06125088
0.0,0.040776286
0.0,0.10720609
0.0,0.017258152
0.0,0.086423896
0.0,0.037877575
0.0,0.046053506
0.0,0.028848682
0.0,0.076765686
0.0,0.046236552
0.0,0.038906183
0.0,0.028179703
0.0,0.11173454
0.0,0.062244225
0.0,0.058376115
0.0,0.041454695
0.0,0.07896428
0.0,0.049522214
0.0,0.08382364
0.0,0.064655736
0.0,0.057485085
0.0,0.042390887
0.0,0.032184716
0.0,0.10304636
0.0,0.12083657
0.0,0.10842776
0.0,0.054825597
0.0,0.06647246
0.0,0.07662573
0.0,0.05426081
0.0,0.021445278
0.0,0.068888776
0.0,0.027407734
0.0,0.04936416
0.0,0.11340122
0.0,0.0751858
0.0,0.048072767
0.0,0.040972613
0.0,0.044961415
0.0,0.073762804
0.0,0.06789437
0.0,0.057475626
0.0,0.06597008
0.0,0.047672696
0.0,0.11100448
0.0,0.037352856
0.0,0.036604963
0.0,0.04710833
0.0,0.1772618
0.0,0.069501124
0.0,0.11782334
0.0,0.062914275
1.0,0.051867146
0.0,0.044739656
1.0,0.045536503
0.0,0.06060207
0.0,0.05203624
0.0,0.037666056
0.0,0.055391762
0.0,0.101240106
0.0,0.06282248
0.0,0.037144884
0.0,0.03920043
0.0,0.0446688
0.0,0.057269655
0.0,0.08365738
0.0,0.09175785
0.0,0.05323424
0.0,0.035711158
0.0,0.019175788
0.0,0.042530425
0.0,0.084439196
0.0,0.08617386
0.0,0.07301505
0.0,0.07566183
0.0,0.09035666
2.0,0.049645633
0.0,0.08956631
0.0,0.0454718
0.0,0.039367482
0.0,0.07981763
0.0,0.16878138
0.0,0.04976967
0.0,0.07882847
0.0,0.052171446
0.0,0.05193924
0.0,0.060142573
0.0,0.050224423
0.0,0.052420266
0.0,0.06385072
1.0,0.04581148
0.0,0.036323167
0.0,0.055024527
0.0,0.091050774
0.0,0.03608784
0.0,0.04975446
0.0,0.04461922
0.0,0.013909971
0.0,0.027023364
0.0,0.105554335
0.0,0.04346398
1.0,0.03629064
0.0,0.06204391
0.0,0.05370915
0.0,0.078277946
0.0,0.08561769
0.0,0.07604585
0.0,0.03805432
0.0,0.018555252
0.0,0.053007144
0.0,0.042867083
0.0,0.07015119
0.0,0.087628625
0.0,0.032035112
0.0,0.014035322
0.0,0.08519125
0.0,0.043686617
0.0,0.017819319
0.0,0.07507715
0.0,0.055444825
0.0,0.045682304
0.0,0.06360771
0.0,0.11307622
0.0,0.041820154
0.0,0.071929686
0.0,0.07115784
0.0,0.029652214
0.0,0.06915126
0.0,0.0697968
0.0,0.04918627
0.0,0.05672746
0.0,0.037925594
0.0,0.069766454
0.0,0.055969205
0.0,0.07235125
0.0,0.13086829
0.0,0.05380681
0.0,0.09919748
0.0,0.09286514
0.0,0.041806176
0.0,0.0882653
0.0,0.048200734
0.0,0.07314251
0.0,0.051267616
0.0,0.07768076
0.0,0.01715178
0.0,0.062698975
0.0,0.012752103
0.0,0.053550802
0.0,0.036585994
0.0,0.05071599
0.0,0.098119564
0.0,0.06702327
0.0,0.05874457
0.0,0.030925052
0.0,0.039244495
0.0,0.039383404
0.0,0.04603471
0.0,0.08880424
0.0,0.01843459
0.0,0.052744336
0.0,0.017083868
0.0,0.03338651
0.0,0.11007592
0.0,0.022228684
0.0,0.07064524
0.0,0.029566286
0.0,0.020821456
0.0,0.1627014
0.0,0.058111537
0.0,0.0795164
2.0,0.106186025
0.0,0.07297189
1.0,0.10983422
0.0,0.03396924
0.0,0.12480233
0.0,0.04676407
0.0,0.078586094
0.0,0.03418467
0.0,0.039836377
0.0,0.13486575
0.0,0.069677636
0.0,0.038525186
0.0,0.09005435
0.0,0.038145248
0.0,0.050590083
0.0,0.05420411
0.0,0.08755311
1.0,0.072114
0.0,0.053430185
0.0,0.12631014
0.0,0.045212027
0.0,0.022208344
0.0,0.101022884
0.0,0.086114466
0.0,0.035977278
0.0,0.021914072
0.0,0.035904698
0.0,0.052050166
0.0,0.04206214
0.0,0.03553774
0.0,0.03535796
0.0,0.103511795
0.0,0.048649523
0.0,0.072106816
0.0,0.053002432
0.0,0.033097498
0.0,0.06963418
0.0,0.04511845
0.0,0.028101621
0.0,0.029477151
0.0,0.032180022
0.0,0.02723226
0.0,0.074006215
0.0,0.10880398
0.0,0.030906241
1.0,0.03494636
0.0,0.044145238
0.0,0.05750743
0.0,0.083213575
0.0,0.037680067
0.0,0.030199746
0.0,0.05543288
0.0,0.05405776
0.0,0.036718402
0.0,0.032974754
0.0,0.017419439
0.0,0.07457001
0.0,0.06401092
0.0,0.119588375
0.0,0.0761367
0.0,0.022013662
0.0,0.06731775
0.0,0.13464355
0.0,0.061475452
0.0,0.15308124
0.0,0.038878903
0.0,0.06533595
0.0,0.15558092
0.0,0.01266989
0.0,0.026991142
1.0,0.028132135
0.0,0.017183911
0.0,0.064790234
0.0,0.077909715
1.0,0.03328676
0.0,0.09060926
0.0,0.091683365
0.0,0.088976026
0.0,0.07003262
0.0,0.04381166
0.0,0.038502306
0.0,0.043162584
0.0,0.057511896
0.0,0.044674873
0.0,0.038510732
0.0,0.04994507
0.0,0.034849297
0.0,0.045560546
0.0,0.04154406
0.0,0.067216136
0.0,0.105394
0.0,0.040689833
0.0,0.03362355
0.0,0.15612511
0.0,0.045274377
0.0,0.035736524
0.0,0.0659802
0.0,0.022237327
0.0,0.02449672
0.0,0.04409441
0.0,0.085947156
0.0,0.06339752
0.0,0.0578451
0.0,0.06229892
0.0,0.06027474
0.0,0.06534412
0.0,0.049061373
0.0,0.02806964
0.0,0.028695542
0.0,0.07170382
0.0,0.0591209
1.0,0.11727935
0.0,0.053771444
0.0,0.08287196
0.0,0.048441976
0.0,0.11862486
1.0,0.061140142
0.0,0.07229238
2.0,0.066920795
0.0,0.053793307
0.0,0.110368304
0.0,0.049627315
0.0,0.1088836
0.0,0.04078107
0.0,0.01841132
0.0,0.09324448
0.0,0.026802303
0.0,0.025483467
0.0,0.049958054
0.0,0.024026781
0.0,0.06590512
0.0,0.04215014
0.0,0.041328065
0.0,0.05649332
0.0,0.022427868
0.0,0.056150258
0.0,0.07865211
0.0,0.030137412
0.0,0.024272367
0.0,0.020022785
0.0,0.038055737
0.0,0.104482576
0.0,0.034387477
0.0,0.043573402
0.0,0.037341565
0.0,0.024259444
0.0,0.069244295
0.0,0.036727857
0.0,0.048370536
1.0,0.046174243
0.0,0.07130838
0.0,0.014388632
0.0,0.052537076
0.0,0.067056775
0.0,0.13356355
0.0,0.061644267
0.0,0.115228035
0.0,0.054652974
0.0,0.04461437
1.0,0.05518928
0.0,0.07118364
0.0,0.030062018
0.0,0.037100084
0.0,0.08433108
0.0,0.04467029
0.0,0.035664804
0.0,0.08079748
0.0,0.06513632
0.0,0.03944996
0.0,0.024909563
0.0,0.05002771
0.0,0.055495344
0.0,0.063208275
0.0,0.047442183
0.0,0.06705361
0.0,0.021170363
0.0,0.036258757
0.0,0.046429783
0.0,0.10106121
0.0,0.02266729
0.0,0.018785322
0.0,0.03798389
0.0,0.11304985
1.0,0.044538658
0.0,0.056717023
0.0,0.024369065
0.0,0.037356738
0.0,0.042748917
0.0,0.03971999
0.0,0.06197209
0.0,0.07224107
0.0,0.053347114
0.0,0.07129037
0.0,0.061537337
0.0,0.09019186
0.0,0.020244177
0.0,0.03103308
0.0,0.13888866
0.0,0.044934794
0.0,0.051762015
0.0,0.053242337
0.0,0.071999
0.0,0.09511158
0.0,0.058288164
0.0,0.07015272
0.0,0.085727915
0.0,0.08617011
0.0,0.07062005
0.0,0.06628319
0.0,0.042079374
0.0,0.115256146
0.0,0.040247247
0.0,0.051037386
0.0,0.023957761
0.0,0.013724964
0.0,0.06431738
0.0,0.041011747
0.0,0.060123436
0.0,0.049976114
0.0,0.039779566
0.0,0.07036818
0.0,0.024335122
0.0,0.026719678
0.0,0.058572326
0.0,0.07491561
0.0,0.054659568
0.0,0.06654848
2.0,0.07521906
0.0,0.030561952
0.0,0.020061137
0.0,0.085817195
0.0,0.13457744
0.0,0.04880955
0.0,0.07923001
0.0,0.04994679
0.0,0.12524748
0.0,0.015689505
0.0,0.045508564
0.0,0.05080768
0.0,0.03441305
0.0,0.047539786
1.0,0.037160955
1.0,0.03277237
0.0,0.017373085
1.0,0.07565241
0.0,0.07904866
0.0,0.030822603
0.0,0.060354695
0.0,0.023629557
0.0,0.06451441
0.0,0.05805198
0.0,0.021382775
1.0,0.06556856
0.0,0.059996337
0.0,0.06262377
0.0,0.07436158
0.0,0.08161706
0.0,0.0777536
0.0,0.047607273
0.0,0.05670277
0.0,0.053017065
0.0,0.04033489
0.0,0.048752654
0.0,0.07277928
0.0,0.049027275
0.0,0.05830265
0.0,0.08157155
0.0,0.023312896
0.0,0.07934503
0.0,0.02553257
0.0,0.075811885
0.0,0.058820613
0.0,0.054852676
0.0,0.06378849
0.0,0.080900684
0.0,0.04114055
0.0,0.04343172
0.0,0.10566815
0.0,0.069
0.0,0.057235077
0.0,0.021032404
0.0,0.08511088
0.0,0.034968197
0.0,0.03753304
0.0,0.09258067
1.0,0.04338219
0.0,0.06048059
0.0,0.03158645
0.0,0.046279497
0.0,0.043274157
0.0,0.04158721
0.0,0.07256695
0.0,0.02337268
0.0,0.06905398
0.0,0.053621106
0.0,0.08621402
0.0,0.076989464
0.0,0.14733927
0.0,0.037604805
0.0,0.092317715
0.0,0.024471605
0.0,0.07170431
0.0,0.046061542
0.0,0.056691676
0.0,0.03997967
0.0,0.084096484
0.0,0.12937833
0.0,0.055918932
0.0,0.07188449
0.0,0.042482857
0.0,0.05859733
0.0,0.055087887
1.0,0.051442802
0.0,0.09010284
0.0,0.034353174
0.0,0.06230942
0.0,0.0597252
0.0,0.059841935
0.0,0.034769326
0.0,0.09624751
0.0,0.030863548
0.0,0.061455112
0.0,0.016610106
0.0,0.041849494
0.0,0.031072142
0.0,0.06024648
0.0,0.038760435
0.0,0.046700805
0.0,0.06493046
0.0,0.043002572
0.0,0.09276605
0.0,0.06954649
0.0,0.038873196
0.0,0.05003234
0.0,0.08761187
0.0,0.043113157
0.0,0.16084516
0.0,0.25316134
0.0,0.02421451
0.0,0.04021912
0.0,0.047278997
0.0,0.048213974
0.0,0.092260726
0.0,0.03380081
0.0,0.04175161
0.0,0.052313693
0.0,0.092542514
0.0,0.011902306
0.0,0.02740435
0.0,0.023790155
0.0,0.07046569
0.0,0.13045818
0.0,0.11136614
0.0,0.059296254
0.0,0.087124445
0.0,0.10314202
0.0,0.027095787
0.0,0.098311536
0.0,0.056181617
0.0,0.10988624
0.0,0.07237457
1.0,0.11267136
0.0,0.041528434
0.0,0.021498282
0.0,0.09397334
0.0,0.10742496
0.0,0.04701114
0.0,0.05908701
0.0,0.07656017
0.0,0.04483416
0.0,0.073397525
1.0,0.10165629
0.0,0.03093725
0.0,0.09274871
0.0,0.08540369
0.0,0.03198558
0.0,0.0778251
0.0,0.14734454
0.0,0.05938274
0.0,0.083317675
0.0,0.026845228
1.0,0.17430831
1.0,0.03837146
0.0,0.037819985
0.0,0.023724586
0.0,0.040731825
0.0,0.063640065
0.0,0.026547391
0.0,0.048429806
0.0,0.08003846
0.0,0.051529
0.0,0.02584347
0.0,0.029965973
0.0,0.026522415
0.0,0.06378688
0.0,0.04905232
0.0,0.0548436
0.0,0.053512655
0.0,0.043343153
0.0,0.045895748
0.0,0.10926007
0.0,0.07374135
0.0,0.0633365
0.0,0.047393367
0.0,0.02557173
0.0,0.07547429
0.0,0.07654642
0.0,0.05622367
0.0,0.023014382
0.0,0.040183563
0.0,0.08039955
0.0,0.09691027
0.0,0.0521976
0.0,0.044581577
1.0,0.17583355
0.0,0.08539443
0.0,0.053506594
0.0,0.04537773
1.0,0.024879223
0.0,0.040156208
0.0,0.05136449
0.0,0.04766465
0.0,0.051080823
0.0,0.037594907
0.0,0.037771415
1.0,0.07051671
0.0,0.11033005
0.0,0.046006095
0.0,0.06765119
0.0,0.082418494
1.0,0.050149903
0.0,0.055197783
0.0,0.03138263
0.0,0.081713006
0.0,0.094861925
0.0,0.104992166
0.0,0.06252665
0.0,0.050617494
0.0,0.04008242
0.0,0.10763462
0.0,0.025175072
0.0,0.031958062
0.0,0.03100412
0.0,0.013870516
0.0,0.038593512
1.0,0.04893082
0.0,0.056330282
0.0,0.052152842
0.0,0.06002515
0.0,0.044966966
0.0,0.038191713
0.0,0.03754534
0.0,0.10435763
0.0,0.02222539
0.0,0.09136103
0.0,0.07125558
0.0,0.0152121065
0.0,0.024024628
0.0,0.022326235
0.0,0.03956197
0.0,0.05689051
0.0,0.0570432
0.0,0.05335981
0.0,0.04791719
0.0,0.0925618
0.0,0.041590143
0.0,0.08272531
0.0,0.027539473
1.0,0.07111212
0.0,0.058931816
0.0,0.03972399
0.0,0.056485936
0.0,0.065525025
0.0,0.033758126
1.0,0.040920094
0.0,0.015476002
0.0,0.03321812
0.0,0.04623349
0.0,0.036165033
1.0,0.079148576
0.0,0.04156342
0.0,0.056539834
0.0,0.030503469
1.0,0.09599601
0.0,0.04851861
0.0,0.035647817
0.0,0.036663186
0.0,0.045178793
0.0,0.05035797
0.0,0.080641404
0.0,0.028082546
0.0,0.12335657
0.0,0.040811107
0.0,0.09051888
0.0,0.13351214
0.0,0.105537325
0.0,0.06739991
0.0,0.053073093
0.0,0.062778376
0.0,0.075864136
0.0,0.031806644
0.0,0.08224332
0.0,0.03303068
0.0,0.07167307
0.0,0.11256987
0.0,0.050371613
0.0,0.07383702
0.0,0.11492385
0.0,0.05364874
0.0,0.07524573
0.0,0.09054935
0.0,0.033461753
0.0,0.038860794
0.0,0.028446449
0.0,0.041431043
0.0,0.030351516
0.0,0.01895054
0.0,0.07082796
0.0,0.056447003
0.0,0.08000625
0.0,0.06490798
0.0,0.11458804
0.0,0.03556649
0.0,0.03929732
0.0,0.09928389
0.0,0.062279552
0.0,0.028346237
0.0,0.05159863
0.0,0.051786184
0.0,0.080295645
0.0,0.07057447
0.0,0.06223378
0.0,0.123308785
0.0,0.09228312
0.0,0.05071626
0.0,0.02541465
0.0,0.03742474
0.0,0.065289795
0.0,0.03915029
0.0,0.13287134
0.0,0.024521682
2.0,0.040687624
0.0,0.08195081
0.0,0.058323085
0.0,0.034639157
0.0,0.030430596
0.0,0.11718376
0.0,0.04863978
0.0,0.04074628
0.0,0.06810312
0.0,0.06354229
1.0,0.041366354
0.0,0.10479118
0.0,0.05278434
0.0,0.08749564
0.0,0.083453745
0.0,0.06023361
0.0,0.08504853
0.0,0.075995676
0.0,0.06355977
0.0,0.056275606
0.0,0.029945232
0.0,0.08527223
0.0,0.06876702
1.0,0.0969806
0.0,0.06844495
0.0,0.08155557
0.0,0.07257425
0.0,0.2047585
0.0,0.05175212
0.0,0.046050735
0.0,0.11507432
0.0,0.06468691
0.0,0.11566513
0.0,0.076773666
0.0,0.064473435
0.0,0.041536473
0.0,0.114200994
0.0,0.040511493
0.0,0.049933143
0.0,0.035761222
0.0,0.038744193
0.0,0.025799315
0.0,0.05609807
0.0,0.057539575
0.0,0.12623084
0.0,0.049700443
0.0,0.10329061
0.0,0.10406365
0.0,0.04984524
0.0,0.06585834
0.0,0.04408606
0.0,0.14200717
0.0,0.03926748
0.0,0.09549864
0.0,0.044750497
0.0,0.054896034
0.0,0.06322388
0.0,0.06564347
0.0,0.1182113
0.0,0.040226273
0.0,0.058739528
0.0,0.07090516
0.0,0.063647605
0.0,0.07277023
0.0,0.027904758
0.0,0.052963562
0.0,0.087096535
0.0,0.17906375
0.0,0.03599907
0.0,0.050536003
0.0,0.04477265
0.0,0.088074304
0.0,0.07094481
0.0,0.06724322
0.0,0.051515587
0.0,0.100027606
0.0,0.046337306
0.0,0.055143196
0.0,0.12982878
0.0,0.031211326
0.0,0.09177452
0.0,0.061737075
0.0,0.054844346
0.0,0.020154862
0.0,0.021477534
0.0,0.0677137
0.0,0.113165595
0.0,0.1351192
0.0,0.03462119
0.0,0.085289024
0.0,0.07217188
0.0,0.042871192
0.0,0.04098717
1.0,0.037682887
0.0,0.061363764
0.0,0.015196439
0.0,0.13204224
0.0,0.099077426
0.0,0.059290882
0.0,0.045403723
0.0,0.05112254
0.0,0.024030047
0.0,0.068383195
0.0,0.010358259
0.0,0.062200107
0.0,0.048429113
1.0,0.025011374
0.0,0.066328965
0.0,0.04241509
0.0,0.054109335
0.0,0.08976616
0.0,0.021997534
0.0,0.03410967
0.0,0.04539346
0.0,0.08048827
0.0,0.09354954
0.0,0.10292302
0.0,0.04416073
0.0,0.04181375
0.0,0.07335867
0.0,0.034677282
0.0,0.14579098
0.0,0.084097266
0.0,0.015840113
0.0,0.046284974
0.0,0.04907913
0.0,0.053208098
0.0,0.03956797
0.0,0.025648823
0.0,0.044898577
0.0,0.0679778
0.0,0.07568893
0.0,0.04974018
0.0,0.066204734
1.0,0.034936097
0.0,0.067213155
0.0,0.05187004
0.0,0.030207075
0.0,0.0391943
0.0,0.04498788
0.0,0.042562034
0.0,0.050893616
0.0,0.06898534
0.0,0.020555174
0.0,0.093012005
0.0,0.033596084
0.0,0.053576343
0.0,0.033875372
0.0,0.0863057
0.0,0.07356508
0.0,0.018674264
0.0,0.047971144
0.0,0.118826285
0.0,0.03112045
0.0,0.0395888
0.0,0.040433545
0.0,0.076161206
0.0,0.045822278
0.0,0.050591312
0.0,0.070805505
0.0,0.040258646
0.0,0.14774129
0.0,0.072392
0.0,0.10030502
0.0,0.057267006
0.0,0.06678928
0.0,0.01824453
0.0,0.043688536
0.0,0.034235727
0.0,0.030220518
0.0,0.08620777
0.0,0.022633605
0.0,0.02559896
0.0,0.064370126
0.0,0.045936674
0.0,0.04143782
0.0,0.09746868
0.0,0.033119664
0.0,0.06332494
0.0,0.09979498
0.0,0.050002884
0.0,0.0472351
0.0,0.03835529
0.0,0.05251769
0.0,0.08196954
0.0,0.049292065
0.0,0.039214768
0.0,0.044086084
0.0,0.041849677
0.0,0.025544003
0.0,0.06472496
0.0,0.057946995
0.0,0.057501644
0.0,0.042831756
0.0,0.120616175
0.0,0.031422596
0.0,0.07141789
0.0,0.10065089
0.0,0.044869617
0.0,0.033147518
0.0,0.054706126
0.0,0.04892191
0.0,0.076571375
1.0,0.036974993
0.0,0.04780958
0.0,0.051338878
0.0,0.049806133
0.0,0.020976776
0.0,0.06727052
0.0,0.01573187
0.0,0.04756917
0.0,0.047415383
0.0,0.06536057
0.0,0.044511184
0.0,0.05428432
0.0,0.074974164
0.0,0.076947495
0.0,0.08438128
0.0,0.020868609
0.0,0.06460109
0.0,0.10585348
0.0,0.05615817
0.0,0.03778752
0.0,0.03730204
0.0,0.039254956
0.0,0.022618316
0.0,0.1361145
0.0,0.049968988
0.0,0.022486195
0.0,0.027493287
0.0,0.09361799
0.0,0.07742554
0.0,0.032606658
0.0,0.050689787
0.0,0.056060046
0.0,0.09527504
0.0,0.06780779
0.0,0.086073555
0.0,0.053607978
0.0,0.05651266
0.0,0.06549469
0.0,0.038617812
0.0,0.03545744
0.0,0.03774133
0.0,0.039814673
0.0,0.04136949
0.0,0.05972423
0.0,0.0895033
0.0,0.049066123
0.0,0.028154923
0.0,0.064799644
0.0,0.051912896
0.0,0.039315723
0.0,0.04610934
0.0,0.03039369
0.0,0.07330631
0.0,0.047503322
0.0,0.07492425
0.0,0.023557443
0.0,0.055178046
0.0,0.054101776
0.0,0.06955327
1.0,0.05935829
0.0,0.05343979
0.0,0.06644058
0.0,0.03158312
0.0,0.056782644
0.0,0.08658947
0.0,0.0590927
0.0,0.10380232
0.0,0.121931575
0.0,0.06613201
0.0,0.04759118
0.0,0.09345235
0.0,0.06915705
0.0,0.07310629
0.0,0.05181338
0.0,0.084750205
0.0,0.035357352
0.0,0.09084911
0.0,0.03283323
0.0,0.04056757
0.0,0.041295737
1.0,0.06801254
0.0,0.0635337
0.0,0.08912229
0.0,0.053703923
1.0,0.0384794
0.0,0.03263024
0.0,0.058736753
0.0,0.075782485
0.0,0.08935716
0.0,0.042316888
0.0,0.09486677
0.0,0.08320478
0.0,0.107128166
0.0,0.08571123
0.0,0.098868996
0.0,0.08285691
0.0,0.055827323
0.0,0.08068246
0.0,0.058788143
0.0,0.031281173
0.0,0.062018767
0.0,0.0074007907
0.0,0.0784857
0.0,0.06420553
0.0,0.062754355
0.0,0.06447428
0.0,0.088027045
0.0,0.06740171
0.0,0.09220958
0.0,0.06344467
0.0,0.060243376
0.0,0.05085645
0.0,0.030965306
0.0,0.03778224
0.0,0.042110503
0.0,0.05672868
0.0,0.09391206
0.0,0.060525566
0.0,0.039182544
0.0,0.022637835
0.0,0.017282002
0.0,0.081013404
0.0,0.07439062
0.0,0.1302338
0.0,0.048289187
0.0,0.04480125
0.0,0.037350327
0.0,0.07706913
0.0,0.09794077
0.0,0.109661214
0.0,0.040080186
0.0,0.01837402
0.0,0.04107976
0.0,0.03713433
0.0,0.016596014
0.0,0.019525971
0.0,0.10270082
1.0,0.04919049
0.0,0.07392543
0.0,0.082709275
0.0,0.08351648
0.0,0.03763383
0.0,0.069537155
0.0,0.046173736
1.0,0.029735597
0.0,0.024746023
0.0,0.07232532
0.0,0.024760034
0.0,0.12643674
0.0,0.05973662
1.0,0.03403607
0.0,0.025789514
0.0,0.065125376
0.0,0.07378708
0.0,0.047912188
0.0,0.04668662
0.0,0.07683904
0.0,0.040472258
0.0,0.06199786
0.0,0.10031241
0.0,0.06534483
0.0,0.038517896
0.0,0.054969482
0.0,0.031363904
0.0,0.08253604
0.0,0.0918673
1.0,0.02574474
0.0,0.10361772
0.0,0.05670099
0.0,0.057159215
0.0,0.013373096
0.0,0.026106082
0.0,0.0312611
0.0,0.065387376
0.0,0.023533069
0.0,0.051040355
0.0,0.10705473
0.0,0.04487244
0.0,0.047095302
0.0,0.084889196
0.0,0.06037988
0.0,0.0302454
0.0,0.061678905
0.0,0.05225737
0.0,0.042158745
0.0,0.040864658
0.0,0.066421196
0.0,0.071184725
0.0,0.017964158
0.0,0.061885625
0.0,0.049375907
0.0,0.05953492
0.0,0.04241974
0.0,0.03553672
0.0,0.060461644
0.0,0.09377511
0.0,0.05290368
0.0,0.103698984
0.0,0.08754359
0.0,0.074956276
0.0,0.12268631
0.0,0.111638516
0.0,0.032489326
0.0,0.05423467
1.0,0.048176285
0.0,0.057295904
0.0,0.05453671
0.0,0.060674008
0.0,0.054725237
0.0,0.096479736
0.0,0.030729607
0.0,0.055115804
0.0,0.09668422
0.0,0.04797334
0.0,0.064719185
0.0,0.059994705
0.0,0.03682861
0.0,0.056132965
0.0,0.03878645
0.0,0.05306913
0.0,0.04546707
0.0,0.032427836
0.0,0.06129345
0.0,0.051143408
0.0,0.040381
0.0,0.12973024
0.0,0.07850856
0.0,0.040183812
0.0,0.08589944
0.0,0.07131265
0.0,0.059385613
0.0,0.0658524
0.0,0.03968826
0.0,0.06209117
1.0,0.03889756
0.0,0.034748472
0.0,0.043450117
0.0,0.071021914
0.0,0.02724165
0.0,0.06245165
0.0,0.04052042
0.0,0.02218324
0.0,0.031698767
0.0,0.034853466
0.0,0.05744732
0.0,0.014771558
0.0,0.045558415
0.0,0.049293008
0.0,0.061470453
1.0,0.022257365
0.0,0.031705268
0.0,0.085782625
0.0,0.033702046
0.0,0.046249386
0.0,0.019673785
0.0,0.08586005
1.0,0.066138305
0.0,0.0115148695
0.0,0.020999955
0.0,0.0389666
1.0,0.03140801
0.0,0.055033054
0.0,0.043256767
0.0,0.08329861
0.0,0.056455806
0.0,0.09277861
0.0,0.05324607
0.0,0.05667896
0.0,0.057244454
0.0,0.07180135
0.0,0.050876826
0.0,0.12891471
0.0,0.060402326
0.0,0.18289536
0.0,0.07277701
0.0,0.024381617
0.0,0.03409645
0.0,0.018376954
0.0,0.055570524
1.0,0.040736273
0.0,0.06601004
0.0,0.08403327
0.0,0.04870725
0.0,0.03965162
0.0,0.13123752
0.0,0.101470806
0.0,0.052663162
0.0,0.10159613
0.0,0.055912867
0.0,0.05198416
0.0,0.036966372
0.0,0.08651118
0.0,0.040550724
0.0,0.048803918
0.0,0.036708057
0.0,0.103480205
0.0,0.036840923
0.0,0.09340753
0.0,0.07988122
0.0,0.079912074
0.0,0.13919254
0.0,0.036329836
0.0,0.036076434
0.0,0.03352338
0.0,0.06485007
0.0,0.03252808
0.0,0.047107317
0.0,0.0677428
0.0,0.08326243
0.0,0.17708945
0.0,0.025087126
0.0,0.041302454
0.0,0.079738505
0.0,0.08541752
0.0,0.10597055
1.0,0.03983974
0.0,0.030518599
0.0,0.09213512
0.0,0.09605888
0.0,0.050358836
0.0,0.08524524
0.0,0.092912
0.0,0.08507343
1.0,0.046066485
0.0,0.06712933
0.0,0.082820445
0.0,0.056633934
0.0,0.05832617
0.0,0.08147053
0.0,0.06402799
0.0,0.08116292
0.0,0.055848785
0.0,0.024103895
0.0,0.029560197
0.0,0.018888246
0.0,0.045329697
0.0,0.033312514
0.0,0.06409299
0.0,0.109134525
0.0,0.049181063
0.0,0.032701623
0.0,0.047098536
0.0,0.055286475
0.0,0.04926288
0.0,0.024151687
0.0,0.10642823
0.0,0.040968433
0.0,0.053985465
0.0,0.026355172
0.0,0.027143946
0.0,0.022654152
0.0,0.032229315
0.0,0.042838354
0.0,0.05972463
0.0,0.026334368
0.0,0.073626176
0.0,0.037231866
0.0,0.05128456
0.0,0.075001605
0.0,0.035540465
1.0,0.032918714
0.0,0.085101016
0.0,0.033412866
0.0,0.03754258
0.0,0.04717709
0.0,0.03346654
0.0,0.031944472
0.0,0.02555977
0.0,0.07033128
0.0,0.052548178
0.0,0.031458743
0.0,0.06412325
0.0,0.06565486
0.0,0.05804593
0.0,0.055870946
0.0,0.03673537
0.0,0.063732274
0.0,0.06264601
0.0,0.089105606
0.0,0.04393635
0.0,0.05086091
0.0,0.033072937
0.0,0.042332407
0.0,0.08980857
0.0,0.052180182
0.0,0.046455447
0.0,0.03952388
0.0,0.101079136
0.0,0.025355373
0.0,0.05327563
0.0,0.043334287
0.0,0.050495077
0.0,0.046957105
0.0,0.09058187
0.0,0.060676698
0.0,0.04244902
0.0,0.027539156
0.0,0.054359127
0.0,0.1134555
0.0,0.02579469
0.0,0.125916
0.0,0.066617124
0.0,0.03718758
0.0,0.08747898
0.0,0.060671926
0.0,0.03937734
0.0,0.038369685
0.0,0.08511587
0.0,0.06676205
0.0,0.05918919
0.0,0.04782552
0.0,0.028471256
0.0,0.060302567
0.0,0.060977373
0.0,0.04941296
1.0,0.061663184
0.0,0.13303725
0.0,0.09641121
0.0,0.108164504
1.0,0.09680559
0.0,0.045451984
0.0,0.063170604
0.0,0.07097983
0.0,0.10947793
1.0,0.05324635
0.0,0.061934054
0.0,0.097339794
0.0,0.09924006
0.0,0.028667971
0.0,0.055011384
0.0,0.054711383
0.0,0.091242
0.0,0.038604684
0.0,0.07618578
0.0,0.032908153
0.0,0.040461335
0.0,0.15944317
0.0,0.037988346
0.0,0.03508352
0.0,0.06013711
0.0,0.04111225
0.0,0.043726213
0.0,0.099231675
0.0,0.045790367
0.0,0.091890976
0.0,0.09882902
0.0,0.113256045
0.0,0.03491403
0.0,0.07803302
0.0,0.024287963
0.0,0.05465454
0.0,0.07079537
0.0,0.060234286
0.0,0.058220025
0.0,0.10813598
0.0,0.07290285
0.0,0.05721152
0.0,0.044966236
0.0,0.02984983
0.0,0.027660722
0.0,0.050085068
0.0,0.061521783
0.0,0.10320672
0.0,0.058615465
0.0,0.054781135
0.0,0.06837032
0.0,0.07037172
0.0,0.029534427
0.0,0.052146453
0.0,0.056887254
0.0,0.015810335
0.0,0.024270551
0.0,0.03936981
0.0,0.07404758
0.0,0.028660126
0.0,0.057749107
0.0,0.112916246
0.0,0.04392156
1.0,0.030620402
0.0,0.09899009
0.0,0.022633053
0.0,0.025057752
0.0,0.04137367
0.0,0.05778781
0.0,0.07758753
0.0,0.06028296
0.0,0.090552635
0.0,0.050542556
0.0,0.06001459
0.0,0.091595575
0.0,0.027458804
0.0,0.07678805
0.0,0.037824962
0.0,0.114135966
0.0,0.056127343
0.0,0.09292924
0.0,0.108916156
0.0,0.050169393
0.0,0.033695728
0.0,0.04882531
0.0,0.05628982
0.0,0.044988587
0.0,0.030294143
0.0,0.04533696
0.0,0.068365134
0.0,0.09543054
0.0,0.08297823
0.0,0.024957264
0.0,0.10292089
0.0,0.038314454
0.0,0.011829797
0.0,0.052449543
0.0,0.097124755
0.0,0.06682798
0.0,0.07228666
0.0,0.10980511
0.0,0.051860914
0.0,0.04652319
0.0,0.07811662
0.0,0.028448103
0.0,0.04339721
0.0,0.07251399
0.0,0.04247212
0.0,0.0368149
0.0,0.060618773
0.0,0.05615299
0.0,0.07743636
0.0,0.09507372
0.0,0.052745417
0.0,0.0843915
0.0,0.027594838
0.0,0.07845804
0.0,0.042044595
0.0,0.07512413
0.0,0.08210375
0.0,0.13587736
0.0,0.02315719
0.0,0.039691612
0.0,0.062252432
0.0,0.12046616
0.0,0.0688894
0.0,0.023117516
0.0,0.054017186
0.0,0.041442975
0.0,0.06439795
0.0,0.08826345
0.0,0.02985575
0.0,0.02971119
0.0,0.04519043
0.0,0.071385816
0.0,0.031425294
0.0,0.0800647
0.0,0.07069728
0.0,0.050421022
0.0,0.036409352
0.0,0.07932181
0.0,0.058548704
1.0,0.05127358
0.0,0.061129734
0.0,0.06517031
0.0,0.072784856
0.0,0.04806188
0.0,0.04287066
0.0,0.079630345
0.0,0.06133125
0.0,0.025852134
0.0,0.048485443
0.0,0.12299271
0.0,0.09887767
0.0,0.06311322
1.0,0.046859268
0.0,0.041283943
0.0,0.052226804
1.0,0.06988299
0.0,0.07048026
0.0,0.033839613
0.0,0.053001255
0.0,0.051234137
0.0,0.029365072
0.0,0.038257003
0.0,0.08397427
0.0,0.041212115
0.0,0.03356393
0.0,0.07017748
0.0,0.06679299
0.0,0.042297
0.0,0.0341521
0.0,0.016251087
0.0,0.048154857
0.0,0.047939382
0.0,0.033773504
0.0,0.0553473
0.0,0.060305674
0.0,0.06677558
0.0,0.1252765
1.0,0.13289034
0.0,0.0261673
0.0,0.087238975
1.0,0.058614656
0.0,0.06419068
0.0,0.050606947
0.0,0.019404557
0.0,0.048838906
0.0,0.041675787
0.0,0.051621765
0.0,0.023303328
0.0,0.023170687
0.0,0.06477692
0.0,0.049784835
0.0,0.052558474
0.0,0.04331549
0.0,0.039179705
0.0,0.039629087
0.0,0.11151184
0.0,0.019842532
0.0,0.09198988
0.0,0.045921408
0.0,0.038958404
0.0,0.04569764
0.0,0.08519188
0.0,0.03676283
0.0,0.05791154
0.0,0.029268099
0.0,0.02958352
0.0,0.05563076
0.0,0.05249458
0.0,0.04308611
0.0,0.04160732
0.0,0.056276586
0.0,0.02313666
0.0,0.032089874
0.0,0.039871782
0.0,0.092409715
0.0,0.03555116
0.0,0.0677745
0.0,0.10532914
0.0,0.06038158
0.0,0.07454711
0.0,0.08705185
0.0,0.06332975
0.0,0.031713992
0.0,0.1244127
0.0,0.06308903
0.0,0.08704526
0.0,0.07571557
0.0,0.03655384
0.0,0.045491904
0.0,0.107795745
0.0,0.07751274
0.0,0.052049544
1.0,0.057270966
0.0,0.052110087
0.0,0.06072463
0.0,0.032911543
0.0,0.018656721
0.0,0.087527275
0.0,0.032093808
0.0,0.09107661
0.0,0.05279836
0.0,0.05838667
0.0,0.0218057
1.0,0.029544638
0.0,0.012607467
0.0,0.09583731
0.0,0.06737835
0.0,0.06410659
0.0,0.09230579
1.0,0.05765366
0.0,0.030823192
0.0,0.028115118
0.0,0.13322516
0.0,0.025060905
0.0,0.113995716
0.0,0.057780784
0.0,0.082460515
0.0,0.017258218
0.0,0.046049573
0.0,0.06595759
0.0,0.04212896
1.0,0.0527381
0.0,0.04432668
0.0,0.05669896
0.0,0.09803237
0.0,0.07018411
0.0,0.024416473
0.0,0.04325103
0.0,0.04697896
0.0,0.03251966
0.0,0.07973379
0.0,0.1394335
0.0,0.08265565
0.0,0.09160248
0.0,0.013339825
0.0,0.031237857
1.0,0.057392374
0.0,0.037805453
0.0,0.03899476
0.0,0.12857924
0.0,0.058953203
0.0,0.07826108
0.0,0.11920468
0.0,0.07526698
0.0,0.051918615
0.0,0.027848411
0.0,0.051652767
0.0,0.12521225
0.0,0.04881453
0.0,0.015582463
0.0,0.038023755
0.0,0.04507727
0.0,0.07940548
0.0,0.10342279
0.0,0.03911609
0.0,0.10175603
0.0,0.030902587
0.0,0.04638453
0.0,0.03314115
0.0,0.054559004
0.0,0.046503477
0.0,0.018587008
1.0,0.016381584
0.0,0.051582053
0.0,0.09310528
0.0,0.059112865
0.0,0.03015712
0.0,0.06489132
0.0,0.018847097
0.0,0.042981908
0.0,0.042912483
0.0,0.07997909
0.0,0.07923817
0.0,0.051448718
0.0,0.05223283
0.0,0.02685953
0.0,0.064212106
0.0,0.047286097
0.0,0.04994679
0.0,0.10945567
0.0,0.060879245
0.0,0.07372328
0.0,0.024361199
0.0,0.080151506
0.0,0.016891697
0.0,0.04927221
0.0,0.037172526
0.0,0.04988074
0.0,0.07013078
0.0,0.060647946
0.0,0.02394377
0.0,0.05494443
0.0,0.05218322
0.0,0.037606813
1.0,0.043523375
0.0,0.059777994
0.0,0.030616255
0.0,0.09433457
0.0,0.11780969
0.0,0.07416294
0.0,0.04064622
0.0,0.06429753
0.0,0.06994146
0.0,0.058225647
0.0,0.023639012
0.0,0.06302445
0.0,0.03964888
0.0,0.033086218
0.0,0.098114416
0.0,0.034535814
1.0,0.04873397
0.0,0.07090664
0.0,0.083387986
0.0,0.08003708
0.0,0.08036666
0.0,0.019427702
0.0,0.010400115
1.0,0.09559737
0.0,0.05484296
0.0,0.060621258
0.0,0.053440336
0.0,0.035786092
1.0,0.05111476
0.0,0.06951829
0.0,0.0541215
0.0,0.051981978
0.0,0.09662844
0.0,0.15319648
0.0,0.04849294
0.0,0.02755342
0.0,0.10327889
0.0,0.017127482
0.0,0.057501998
0.0,0.03868038
0.0,0.08158396
0.0,0.17476122
0.0,0.049541652
0.0,0.03569526
0.0,0.03817831
0.0,0.02569229
0.0,0.10656534
0.0,0.02187267
0.0,0.08885534
0.0,0.10664487
1.0,0.04729469
0.0,0.0465186
0.0,0.049958266
0.0,0.07451145
0.0,0.033954322
0.0,0.07726911
0.0,0.07758278
0.0,0.025758088
0.0,0.09526927
0.0,0.06793129
0.0,0.04043551
0.0,0.079564594
0.0,0.06209739
0.0,0.045454804
0.0,0.06824759
0.0,0.07938307
0.0,0.06421646
0.0,0.07703355
0.0,0.0835984
0.0,0.07054406
0.0,0.0745217
0.0,0.0577569
0.0,0.04248298
0.0,0.06516165
0.0,0.03920363
0.0,0.025224458
0.0,0.057161316
0.0,0.044630393
0.0,0.018322688
0.0,0.037022945
0.0,0.057041362
0.0,0.04312586
0.0,0.020589577
1.0,0.037464734
0.0,0.17354581
0.0,0.04739983
0.0,0.058587495
0.0,0.089680076
0.0,0.08804764
0.0,0.0591412
0.0,0.04623946
0.0,0.13426231
0.0,0.06265151
0.0,0.05553206
0.0,0.08180453
0.0,0.024789426
0.0,0.027671024
0.0,0.06776483
0.0,0.08070501
0.0,0.03235197
0.0,0.07176298
0.0,0.020614795
0.0,0.06744759
0.0,0.043669187
0.0,0.07079505
0.0,0.07704236
0.0,0.050884612
0.0,0.039689396
0.0,0.017829366
0.0,0.0577885
0.0,0.065517664
0.0,0.043311007
0.0,0.03789591
0.0,0.041240107
0.0,0.06868552
0.0,0.07357964
0.0,0.04162441
0.0,0.08748321
0.0,0.13842833
0.0,0.0329206
0.0,0.09165747
0.0,0.053360164
0.0,0.021182278
0.0,0.064569004
0.0,0.028063644
2.0,0.01721758
0.0,0.037529245
0.0,0.049165025
0.0,0.088812456
0.0,0.14772469
0.0,0.025485009
0.0,0.069607235
0.0,0.08783164
0.0,0.04547867
0.0,0.029227138
0.0,0.027197
0.0,0.05507125
0.0,0.06397244
0.0,0.036800437
0.0,0.053990677
0.0,0.029093029
0.0,0.043097124
0.0,0.10478718
0.0,0.04761665
0.0,0.07080165
0.0,0.0800735
0.0,0.03743254
0.0,0.0378136
0.0,0.071504526
0.0,0.048760932
0.0,0.08366663
0.0,0.06322063
0.0,0.059761234
0.0,0.01967996
0.0,0.037032742
0.0,0.024483008
1.0,0.024084616
0.0,0.043500468
0.0,0.07105589
0.0,0.04770444
1.0,0.054981645
0.0,0.026971882
0.0,0.12123876
0.0,0.0772143
0.0,0.046584394
0.0,0.010501985
0.0,0.07873294
0.0,0.050302293
0.0,0.030900288
0.0,0.044511292
0.0,0.028700374
0.0,0.0823503
0.0,0.054372113
0.0,0.031822953
0.0,0.03933712
0.0,0.053044893
0.0,0.04551588
0.0,0.060003918
0.0,0.04342694
0.0,0.0611754
0.0,0.06699828
0.0,0.052265495
0.0,0.038201
0.0,0.078407064
0.0,0.06812803
0.0,0.1163727
0.0,0.087258026
0.0,0.15849255
0.0,0.066801555
0.0,0.041034084
0.0,0.079037204
0.0,0.03626585
0.0,0.061364133
0.0,0.058711104
0.0,0.056747578
1.0,0.027027925
0.0,0.025876455
0.0,0.06349325
0.0,0.054625854
0.0,0.071291044
0.0,0.07333081
0.0,0.13259469
0.0,0.04158041
0.0,0.062131483
0.0,0.09583534
0.0,0.057635464
0.0,0.042984657
0.0,0.06973958
0.0,0.040587112
0.0,0.09486616
0.0,0.021298042
0.0,0.046507135
0.0,0.0798451
0.0,0.14482613
0.0,0.10326825
0.0,0.09062149
0.0,0.033358168
0.0,0.041143294
1.0,0.075907454
0.0,0.02432924
0.0,0.036942866
0.0,0.07417247
1.0,0.04327032
1.0,0.060121454
0.0,0.082007304
0.0,0.024074798
0.0,0.077055186
0.0,0.05209349
0.0,0.095992856
0.0,0.011453832
0.0,0.023714397
0.0,0.043154806
0.0,0.024749635
0.0,0.089941524
0.0,0.032269143
0.0,0.050126784
0.0,0.055007685
0.0,0.0433415
0.0,0.07571358
0.0,0.056314114
0.0,0.06904203
0.0,0.019384729
0.0,0.11213736
0.0,0.043136824
0.0,0.036236513
0.0,0.060497925
0.0,0.09827858
1.0,0.06606713
0.0,0.042732693
0.0,0.080059715
0.0,0.030389646
0.0,0.07120041
0.0,0.079775624
0.0,0.090834685
0.0,0.07277743
0.0,0.05519452
0.0,0.015132381
0.0,0.05419194
0.0,0.06260153
0.0,0.13917749
0.0,0.025704715
0.0,0.050095838
0.0,0.038813904
1.0,0.063748844
0.0,0.13296369
0.0,0.04613177
0.0,0.027910948
0.0,0.0721487
0.0,0.08590438
0.0,0.050391767
0.0,0.046185322
0.0,0.09312108
0.0,0.0754133
0.0,0.054095406
0.0,0.08069408
0.0,0.034319855
0.0,0.08188066
0.0,0.029222442
0.0,0.038486704
0.0,0.04131297
0.0,0.060615838
0.0,0.04290694
0.0,0.05464779
0.0,0.05609898
0.0,0.13921213
0.0,0.045622528
0.0,0.034722634
0.0,0.07516204
0.0,0.0847159
0.0,0.055013087
0.0,0.043671183
0.0,0.049223058
0.0,0.10208724
0.0,0.084587015
0.0,0.036892727
0.0,0.0911265
0.0,0.03613256
0.0,0.09719573
0.0,0.0052289222
0.0,0.035214905
0.0,0.058972575
0.0,0.022396736
0.0,0.05597892
0.0,0.059683207
0.0,0.029737795
0.0,0.039186507
0.0,0.10238163
0.0,0.10583784
0.0,0.1049218
1.0,0.039332207
0.0,0.036220346
0.0,0.043994315
0.0,0.04914726
0.0,0.030073546
0.0,0.08176233
0.0,0.06669035
0.0,0.052204646
0.0,0.0871328
0.0,0.066495605
0.0,0.044018257
0.0,0.039584726
0.0,0.037158262
0.0,0.023687905
0.0,0.027565708
0.0,0.03571029
0.0,0.057477243
0.0,0.0323724
0.0,0.04010074
0.0,0.04478431
0.0,0.081763536
0.0,0.12739424
0.0,0.07818735
0.0,0.02686509
0.0,0.076223046
0.0,0.039607137
0.0,0.038833342
0.0,0.06897592
0.0,0.0499037
0.0,0.04196714
0.0,0.07527665
0.0,0.057324324
0.0,0.037436165
0.0,0.08240415
0.0,0.06689361
0.0,0.03205221
0.0,0.052119903
0.0,0.0424457
0.0,0.030854145
0.0,0.05755371
0.0,0.03882303
0.0,0.026651066
0.0,0.08996962
0.0,0.04734065
0.0,0.028446624
0.0,0.08570809
0.0,0.03286437
0.0,0.088224545
0.0,0.036016945
0.0,0.111760326
0.0,0.051585667
0.0,0.08753116
0.0,0.05338707
0.0,0.04038343
0.0,0.05367283
1.0,0.051907055
0.0,0.040570453
0.0,0.02946293
0.0,0.041453946
0.0,0.048930984
0.0,0.04313337
0.0,0.07630858
0.0,0.036166705
0.0,0.058814935
0.0,0.07562857
0.0,0.16256788
0.0,0.03220111
0.0,0.023433633
0.0,0.038091082
0.0,0.08282515
0.0,0.04637294
0.0,0.047140393
0.0,0.045335837
0.0,0.14748695
0.0,0.025435198
0.0,0.06918149
0.0,0.08373081
0.0,0.025091708
0.0,0.053803887
0.0,0.041186713
0.0,0.07330762
0.0,0.031665877
0.0,0.028162804
0.0,0.036137193
0.0,0.09134213
0.0,0.13247752
0.0,0.046378046
0.0,0.042415474
0.0,0.10479475
1.0,0.032396045
0.0,0.048146497
0.0,0.07810975
0.0,0.029863482
1.0,0.021535968
0.0,0.036871765
0.0,0.08104261
0.0,0.13286026
0.0,0.098256536
0.0,0.0070285015
0.0,0.020704865
0.0,0.058454193
0.0,0.09407872
0.0,0.014562081
0.0,0.036241233
0.0,0.07613833
0.0,0.06547503
0.0,0.04621925
0.0,0.08969487
1.0,0.02515063
0.0,0.04891174
0.0,0.09363291
0.0,0.06506708
0.0,0.06199195
0.0,0.05854527
0.0,0.060609724
0.0,0.040903665
0.0,0.07110693
0.0,0.04853217
0.0,0.026755352
0.0,0.085009605
0.0,0.057980716
0.0,0.03343311
0.0,0.100935414
0.0,0.037427776
0.0,0.07135194
0.0,0.049666636
0.0,0.048937283
0.0,0.045456752
0.0,0.10249554
0.0,0.09465968
0.0,0.114754096
0.0,0.037644543
0.0,0.031147677
0.0,0.00991187
0.0,0.059671797
0.0,0.06897897
0.0,0.06638922
0.0,0.06359045
0.0,0.05251261
0.0,0.11027551
0.0,0.049465105
0.0,0.057617906
0.0,0.060434926
0.0,0.05889864
0.0,0.05780265
0.0,0.09052229
0.0,0.10551234
0.0,0.057929106
0.0,0.048424125
0.0,0.07067287
0.0,0.065964304
0.0,0.07135281
0.0,0.04609252
0.0,0.08171731
1.0,0.053381138
0.0,0.026399318
0.0,0.022325043
1.0,0.04257391
0.0,0.05652603
0.0,0.04685089
0.0,0.095669694
0.0,0.063890286
0.0,0.104948394
0.0,0.06011386
0.0,0.02947299
0.0,0.03542445
0.0,0.066617
0.0,0.07675914
0.0,0.05900937
0.0,0.021816015
0.0,0.05196597
0.0,0.03945703
0.0,0.041037392
0.0,0.07999359
0.0,0.04990051
0.0,0.047199234
0.0,0.120616175
0.0,0.039213423
0.0,0.04746264
0.0,0.069546804
0.0,0.057811912
0.0,0.03617959
1.0,0.024704982
1.0,0.07097369
0.0,0.046287023
0.0,0.045178622
0.0,0.05661691
0.0,0.064715974
0.0,0.039822116
0.0,0.085882284
0.0,0.060012788
0.0,0.14259198
0.0,0.05508945
1.0,0.03320439
0.0,0.068688266
0.0,0.110383935
0.0,0.097527795
0.0,0.0507993
0.0,0.06015399
0.0,0.03735079
0.0,0.116683885
0.0,0.12590154
0.0,0.03731291
0.0,0.04223029
0.0,0.041958176
0.0,0.05633184
0.0,0.048299365
0.0,0.06579268
0.0,0.047835212
0.0,0.05496078
0.0,0.055594616
0.0,0.07342796
0.0,0.04359892
0.0,0.06177216
0.0,0.034325927
0.0,0.07736588
0.0,0.043139435
0.0,0.060453545
0.0,0.05871659
0.0,0.096802585
0.0,0.034958143
0.0,0.06994146
0.0,0.06563661
0.0,0.040776074
0.0,0.042276207
0.0,0.054247577
0.0,0.0914822
0.0,0.059903357
0.0,0.06171059
0.0,0.03857574
0.0,0.023882026
0.0,0.14233567
0.0,0.046117518
0.0,0.038839325
0.0,0.073205166
0.0,0.05619345
0.0,0.054977003
0.0,0.082682975
0.0,0.079553895
0.0,0.044603355
0.0,0.058835227
0.0,0.03261591
0.0,0.03600716
0.0,0.06422734
1.0,0.06875239
0.0,0.087708846
0.0,0.0821424
0.0,0.01892901
0.0,0.10299699
0.0,0.060595307
0.0,0.07390472
0.0,0.05663238
0.0,0.03662017
0.0,0.09415683
0.0,0.052607946
1.0,0.06219456
0.0,0.035689097
0.0,0.051094927
1.0,0.042607807
0.0,0.14859807
0.0,0.055970486
1.0,0.07812347
0.0,0.038610905
0.0,0.06788168
0.0,0.09081251
0.0,0.050911892
0.0,0.04982281
0.0,0.057374503
0.0,0.037342366
0.0,0.09540579
0.0,0.08505578
0.0,0.059100803
0.0,0.087139904
0.0,0.06977198
0.0,0.046226125
0.0,0.037497155
0.0,0.033169292
0.0,0.038517326
0.0,0.113288745
0.0,0.021961398
0.0,0.023651337
0.0,0.08025021
0.0,0.08925113
0.0,0.06837498
0.0,0.04390615
0.0,0.036410585
0.0,0.08627345
0.0,0.101769276
0.0,0.033578
0.0,0.087485544
0.0,0.039434254
0.0,0.06757884
0.0,0.12125064
0.0,0.016255876
0.0,0.05196473
0.0,0.041100625
0.0,0.06875764
0.0,0.13594946
0.0,0.05942643
0.0,0.08351632
0.0,0.09078714
0.0,0.08089679
0.0,0.06441276
0.0,0.07963933
0.0,0.15370472
1.0,0.05232352
0.0,0.11150849
0.0,0.026483428
0.0,0.039485432
0.0,0.014815188
0.0,0.05313939
0.0,0.053549934
0.0,0.050711714
0.0,0.05562906
0.0,0.0532643
0.0,0.044512395
0.0,0.030225057
0.0,0.07581726
0.0,0.040564146
0.0,0.08618463
0.0,0.045128368
0.0,0.030630756
0.0,0.048890308
0.0,0.08037527
0.0,0.06687084
0.0,0.057347864
0.0,0.085396945
1.0,0.01658591
0.0,0.038537074
0.0,0.11255677
0.0,0.033415686
0.0,0.046791233
0.0,0.11908937
0.0,0.015485399
0.0,0.02825772
0.0,0.050225355
0.0,0.049830317
0.0,0.06296013
0.0,0.06466648
0.0,0.051476076
0.0,0.103346035
0.0,0.034502283
0.0,0.09685361
0.0,0.038345505
0.0,0.06149574
0.0,0.11449306
0.0,0.037025504
0.0,0.08909524
0.0,0.024453502
0.0,0.045432113
0.0,0.04118322
0.0,0.100856274
0.0,0.046095908
1.0,0.040916365
0.0,0.024981624
0.0,0.03608564
0.0,0.04633788
0.0,0.04061261
0.0,0.02393714
0.0,0.047330607
0.0,0.035877727
0.0,0.015614618
0.0,0.050127856
0.0,0.015681854
0.0,0.036601894
1.0,0.045165487
0.0,0.05381523
0.0,0.025526408
0.0,0.06769759
0.0,0.08391811
0.0,0.03904036
0.0,0.044873275
0.0,0.03592619
1.0,0.059387114
0.0,0.06707327
0.0,0.039183386
0.0,0.046602435
0.0,0.1354748
0.0,0.034783155
0.0,0.044286393
0.0,0.059533697
0.0,0.050172888
0.0,0.031297438
0.0,0.042052113
0.0,0.06257625
0.0,0.061701052
0.0,0.022031557
0.0,0.018079689
0.0,0.04731975
1.0,0.03410492
0.0,0.16805318
0.0,0.052144885
0.0,0.0316787
0.0,0.05763574
0.0,0.06664015
0.0,0.06391771
0.0,0.017804151
0.0,0.07337751
0.0,0.04020988
0.0,0.07747963
0.0,0.091935046
0.0,0.06977005
0.0,0.04644176
0.0,0.091034666
1.0,0.082704306
0.0,0.03767809
0.0,0.040505312
0.0,0.033711657
0.0,0.06317784
1.0,0.06371436
0.0,0.05823695
0.0,0.05362071
0.0,0.11366795
0.0,0.033495005
0.0,0.020136446
0.0,0.09425454
1.0,0.037704673
1.0,0.04410793
0.0,0.06321955
0.0,0.03523582
0.0,0.06879158
0.0,0.1031671
0.0,0.029393846
0.0,0.06350161
0.0,0.12130578
0.0,0.08791025
0.0,0.09699073
0.0,0.07138497
0.0,0.071322635
0.0,0.06259387
0.0,0.11699653
1.0,0.02482979
0.0,0.070960306
0.0,0.05682357
0.0,0.1297156
0.0,0.10179201
0.0,0.06606457
0.0,0.07435852
0.0,0.043972816
0.0,0.11374001
0.0,0.038802024
0.0,0.04493475
0.0,0.037205707
0.0,0.040283494
0.0,0.06893424
0.0,0.096430704
0.0,0.08806603
0.0,0.019790024
0.0,0.07030322
0.0,0.06327105
0.0,0.051707152
1.0,0.051042352
0.0,0.04077864
0.0,0.03531582
0.0,0.045012295
0.0,0.032584246
0.0,0.047181144
0.0,0.045854647
0.0,0.08656639
0.0,0.05650725
0.0,0.07565754
0.0,0.13107298
0.0,0.05800942
0.0,0.034683798
0.0,0.0538824
0.0,0.03826711
0.0,0.056877814
0.0,0.044476878
0.0,0.06237036
0.0,0.041997686
0.0,0.03430639
0.0,0.112449214
0.0,0.0666638
0.0,0.08136982
0.0,0.030029811
0.0,0.07102814
0.0,0.05425509
0.0,0.046113912
0.0,0.037865963
0.0,0.045302965
0.0,0.06471992
0.0,0.054296773
0.0,0.03058185
0.0,0.046328206
1.0,0.03167264
0.0,0.04544475
0.0,0.114734896
0.0,0.04800817
0.0,0.05292023
0.0,0.08058109
0.0,0.078176945
0.0,0.082784146
0.0,0.10975205
0.0,0.062367506
1.0,0.13379781
0.0,0.02524766
0.0,0.048674654
0.0,0.052742675
0.0,0.03076101
0.0,0.026837343
1.0,0.10231136
0.0,0.13227339
0.0,0.08854033
0.0,0.02257766
0.0,0.061553124
0.0,0.06469358
0.0,0.0929019
0.0,0.057136845
0.0,0.06667111
0.0,0.054393962
0.0,0.03854676
0.0,0.05188728
0.0,0.09467453
0.0,0.07977692
0.0,0.07395312
0.0,0.03736563
0.0,0.07644923
0.0,0.085771374
0.0,0.03594689
0.0,0.066383265
0.0,0.09595157
0.0,0.11362487
0.0,0.04734548
0.0,0.093902655
0.0,0.039055496
0.0,0.026982456
0.0,0.19325835
0.0,0.028659005
0.0,0.07296597
0.0,0.10731319
0.0,0.047078688
0.0,0.04376656
0.0,0.06910576
0.0,0.049072955
0.0,0.030148221
0.0,0.016013455
0.0,0.04914733
0.0,0.06014114
1.0,0.032977004
0.0,0.03699402
0.0,0.04376274
0.0,0.013208576
0.0,0.010886714
0.0,0.033202745
0.0,0.0467436
0.0,0.06686555
0.0,0.032403477
0.0,0.0619768
0.0,0.09122151
0.0,0.045760572
1.0,0.054995935
0.0,0.052305486
0.0,0.049995348
0.0,0.08700019
0.0,0.06436615
0.0,0.07351257
0.0,0.052361857
0.0,0.039303504
0.0,0.04197502
0.0,0.04929343
0.0,0.09556314
0.0,0.054119606
0.0,0.02574291
0.0,0.06303448
0.0,0.024111263
0.0,0.07626471
0.0,0.052272372
0.0,0.030191034
0.0,0.033516604
0.0,0.13744529
0.0,0.06973727
0.0,0.057473626
0.0,0.056791663
0.0,0.06912296
1.0,0.09123559
0.0,0.03691893
0.0,0.042125344
0.0,0.11981323
0.0,0.020323101
0.0,0.039089203
0.0,0.0214503
0.0,0.11118753
0.0,0.039787076
0.0,0.03699277
0.0,0.064314574
0.0,0.051733762
0.0,0.02920205
0.0,0.026357157
0.0,0.033637777
0.0,0.019752895
0.0,0.015389059
0.0,0.057740655
0.0,0.07193404
0.0,0.019057352
1.0,0.037053127
0.0,0.08724507
0.0,0.15833373
0.0,0.0399649
0.0,0.0965098
0.0,0.040265694
1.0,0.029988915
0.0,0.03812437
0.0,0.054286752
0.0,0.0381227
0.0,0.058583025
0.0,0.036510814
0.0,0.04254152
0.0,0.042428236
0.0,0.0942526
0.0,0.042503543
0.0,0.07647762
0.0,0.038444277
0.0,0.04719444
0.0,0.05399392
0.0,0.07485137
0.0,0.058693357
0.0,0.025776826
0.0,0.066803195
0.0,0.08237036
0.0,0.13899972
0.0,0.046695102
0.0,0.106612936
0.0,0.009065515
0.0,0.050668158
0.0,0.025442572
0.0,0.066731796
0.0,0.052613817
0.0,0.029153742
0.0,0.039597183
0.0,0.023259412
0.0,0.023920547
0.0,0.055231772
1.0,0.07345733
0.0,0.034154005
0.0,0.08564985
0.0,0.041020878
0.0,0.046222337
0.0,0.08789113
0.0,0.052524727
0.0,0.049915906
0.0,0.07009424
0.0,0.05170397
0.0,0.052958395
0.0,0.059013113
0.0,0.07955549
0.0,0.071518555
0.0,0.025420405
0.0,0.186326
0.0,0.03949822
1.0,0.07101426
0.0,0.027861562
0.0,0.12648486
0.0,0.03100415
0.0,0.09511594
1.0,0.045760635
0.0,0.034030765
0.0,0.07476719
0.0,0.08061633
0.0,0.052545972
0.0,0.026826853
0.0,0.09936255
0.0,0.03904053
0.0,0.09979555
0.0,0.0778091
0.0,0.033114642
0.0,0.062556766
0.0,0.039510764
0.0,0.031706054
0.0,0.037972283
0.0,0.075111195
0.0,0.029726595
0.0,0.1115521
0.0,0.1397368
0.0,0.053713657
0.0,0.034387395
0.0,0.07463746
0.0,0.06918172
1.0,0.09154879
0.0,0.09885311
0.0,0.039674107
0.0,0.05321295
0.0,0.034495015
0.0,0.058358833
0.0,0.05549622
0.0,0.051190473
0.0,0.08819407
0.0,0.022751538
0.0,0.03444999
0.0,0.035387427
0.0,0.03429126
0.0,0.035818614
0.0,0.030258369
0.0,0.037470758
0.0,0.02391285
0.0,0.044193655
0.0,0.043689243
0.0,0.031642888
0.0,0.0913711
0.0,0.032032315
0.0,0.011720851
0.0,0.044718564
1.0,0.048549667
0.0,0.07861334
0.0,0.09376755
0.0,0.037623584
0.0,0.05769578
0.0,0.08702301
0.0,0.054528806
0.0,0.059610907
0.0,0.069337666
0.0,0.07101741
0.0,0.03825186
0.0,0.059743654
0.0,0.087681584
0.0,0.03931548
0.0,0.07017643
0.0,0.02144221
0.0,0.06781798
0.0,0.027120749
0.0,0.056846905
0.0,0.03286868
0.0,0.05572833
0.0,0.06135588
0.0,0.045532636
0.0,0.061423764
0.0,0.025526542
0.0,0.06568421
0.0,0.028885255
0.0,0.04052581
0.0,0.10158872
0.0,0.0882435
0.0,0.063791506
0.0,0.054277718
0.0,0.04633563
0.0,0.0366028
0.0,0.094482094
0.0,0.0803444
0.0,0.116531424
0.0,0.043677848
0.0,0.089840576
0.0,0.102319114
0.0,0.13004471
0.0,0.038587954
0.0,0.04299718
0.0,0.08250767
0.0,0.021568937
0.0,0.028519057
0.0,0.039538562
0.0,0.043149948
0.0,0.059759766
0.0,0.07528349
0.0,0.062200937
0.0,0.058919676
0.0,0.041989535
0.0,0.102562964
0.0,0.10779245
0.0,0.03165321
0.0,0.08088687
0.0,0.039276507
0.0,0.031714216
0.0,0.06963135
0.0,0.03752309
1.0,0.030155826
0.0,0.06428815
0.0,0.06075817
0.0,0.017620925
0.0,0.05588371
0.0,0.025612194
0.0,0.09921008
0.0,0.084054634
0.0,0.04449368
0.0,0.027254837
1.0,0.084681675
0.0,0.07174734
0.0,0.014232119
0.0,0.09060991
0.0,0.01791181
0.0,0.08072434
1.0,0.048657946
0.0,0.04670733
1.0,0.06791781
0.0,0.10060828
0.0,0.054335363
0.0,0.06617575
0.0,0.06443116
0.0,0.0711515
0.0,0.038526546
0.0,0.038491014
0.0,0.11901075
0.0,0.043925643
0.0,0.11138095
0.0,0.114183925
0.0,0.024435226
0.0,0.030719249
0.0,0.040298425
0.0,0.07578918
1.0,0.039772052
0.0,0.22134656
0.0,0.09506975
0.0,0.025719905
0.0,0.08386843
0.0,0.09937601
0.0,0.052458823
0.0,0.12341191
0.0,0.041377243
0.0,0.032378174
0.0,0.08512516
0.0,0.0962052
0.0,0.05268313
0.0,0.06471953
0.0,0.050687708
0.0,0.030516766
0.0,0.014280397
0.0,0.092531905
0.0,0.039521035
0.0,0.04706991
0.0,0.075266816
1.0,0.037883174
0.0,0.03646511
0.0,0.14276762
0.0,0.056221068
0.0,0.03553067
0.0,0.02819723
0.0,0.03404013
0.0,0.13927212
0.0,0.077306494
0.0,0.06758097
0.0,0.031293094
0.0,0.04152988
0.0,0.041240975
0.0,0.056180052
0.0,0.04437232
0.0,0.043839935
0.0,0.06832796
0.0,0.062305693
0.0,0.04220571
0.0,0.095579594
0.0,0.043446757
0.0,0.046331078
0.0,0.061022326
0.0,0.054365322
0.0,0.05537563
0.0,0.03081051
0.0,0.0442365
0.0,0.0906587
0.0,0.0333853
0.0,0.038094934
0.0,0.076803766
0.0,0.042963855
0.0,0.12298136
0.0,0.014159203
0.0,0.025705708
0.0,0.04879091
0.0,0.062545195
1.0,0.02604646
0.0,0.090964764
0.0,0.084890954
0.0,0.048649315
0.0,0.057016384
0.0,0.027194407
0.0,0.05011204
0.0,0.047397006
0.0,0.1164965
0.0,0.08408225
0.0,0.060330696
0.0,0.051023442
0.0,0.08729087
0.0,0.03781405
0.0,0.03489867
0.0,0.059580613
0.0,0.029613383
0.0,0.026715461
0.0,0.08126925
0.0,0.038244836
0.0,0.054039046
0.0,0.064714774
0.0,0.12189245
0.0,0.058796078
0.0,0.038574085
1.0,0.13324809
0.0,0.07426698
0.0,0.07244642
0.0,0.050523207
0.0,0.053113878
0.0,0.1628213
0.0,0.037333716
0.0,0.058196656
0.0,0.04159298
0.0,0.049489662
0.0,0.10398813
0.0,0.09800412
0.0,0.039796866
0.0,0.091266006
0.0,0.06991502
0.0,0.046820514
0.0,0.08096911
0.0,0.078761816
0.0,0.070922956
0.0,0.062042546
0.0,0.08017865
0.0,0.06826732
0.0,0.054365814
0.0,0.022061959
0.0,0.045668148
0.0,0.11860806
0.0,0.047552276
0.0,0.046370044
0.0,0.09896088
0.0,0.029520925
0.0,0.08389883
0.0,0.03250544
0.0,0.034903895
0.0,0.087322876
0.0,0.039904345
0.0,0.033229638
0.0,0.05218324
0.0,0.07803531
0.0,0.02589003
1.0,0.02167693
0.0,0.061600663
0.0,0.037924744
0.0,0.017137343
0.0,0.053491082
0.0,0.05344449
1.0,0.058597386
0.0,0.03970931
0.0,0.018902447
0.0,0.06913123
0.0,0.036726072
0.0,0.03590444
0.0,0.037647326
0.0,0.05552976
0.0,0.04106599
0.0,0.0722584
0.0,0.09297484
0.0,0.071901836
0.0,0.06001791
0.0,0.09164132
0.0,0.042472646
0.0,0.046689846
0.0,0.06566246
0.0,0.063135765
0.0,0.12080964
0.0,0.037963502
0.0,0.071131386
0.0,0.050869595
0.0,0.0520062
0.0,0.051014613
0.0,0.009817844
1.0,0.024171446
0.0,0.022384191
0.0,0.048505746
0.0,0.08041538
0.0,0.05009426
0.0,0.03221163
0.0,0.057045944
0.0,0.0722347
0.0,0.042410154
0.0,0.10609624
0.0,0.04097578
0.0,0.029589629
0.0,0.03800862
0.0,0.06931423
0.0,0.048133988
0.0,0.042690188
0.0,0.1369978
0.0,0.045083202
0.0,0.094675615
0.0,0.14331648
0.0,0.04524703
0.0,0.06884126
0.0,0.072797626
0.0,0.050216474
0.0,0.05585374
0.0,0.056066837
0.0,0.019465823
0.0,0.042775463
0.0,0.08849545
0.0,0.038718335
0.0,0.06697771
0.0,0.03230201
0.0,0.0557162
0.0,0.027707044
0.0,0.037864644
0.0,0.028019346
0.0,0.118765905
0.0,0.0871998
0.0,0.03776911
0.0,0.060370795
0.0,0.03332208
0.0,0.0529634
0.0,0.09944491
0.0,0.06669124
0.0,0.06354823
0.0,0.017461753
0.0,0.15209924
0.0,0.0723331
0.0,0.06367778
0.0,0.068615235
0.0,0.05510348
0.0,0.06777511
0.0,0.0537103
0.0,0.097134665
1.0,0.040034667
0.0,0.044244893
0.0,0.06728845
0.0,0.061861224
0.0,0.070320934
2.0,0.106400475
0.0,0.10103832
0.0,0.11163756
0.0,0.041208815
0.0,0.03738083
0.0,0.100571305
0.0,0.03428827
0.0,0.050455846
0.0,0.041003533
0.0,0.09917579
0.0,0.05096832
0.0,0.055916175
0.0,0.08557826
0.0,0.07209547
0.0,0.062202062
0.0,0.0584494
0.0,0.062525995
0.0,0.035395004
0.0,0.07585278
0.0,0.027637018
0.0,0.04761061
0.0,0.04293365
0.0,0.06235872
0.0,0.0697459
0.0,0.06162396
0.0,0.032370504
0.0,0.14882928
0.0,0.085600995
0.0,0.056271758
0.0,0.05726946
0.0,0.118932605
0.0,0.059397396
0.0,0.07444754
0.0,0.03952899
0.0,0.056501456
0.0,0.07979278
0.0,0.021793153
0.0,0.14748822
0.0,0.022210315
0.0,0.06254031
0.0,0.058586307
0.0,0.020432347
0.0,0.12098682
0.0,0.05059937
0.0,0.043012705
0.0,0.07262119
0.0,0.083607346
0.0,0.13530172
0.0,0.018610386
0.0,0.08787831
0.0,0.0846249
0.0,0.04926671
0.0,0.05657163
0.0,0.102375925
0.0,0.12238738
0.0,0.06885522
0.0,0.015006345
0.0,0.06630111
0.0,0.07258252
0.0,0.062709026
0.0,0.080189064
0.0,0.06231921
0.0,0.048881147
0.0,0.053768445
0.0,0.07645
0.0,0.1054848
0.0,0.0500098
0.0,0.074715294
0.0,0.066261254
0.0,0.07777657
0.0,0.09305643
0.0,0.04955219
0.0,0.06718656
0.0,0.07020587
0.0,0.04229605
0.0,0.04626895
0.0,0.022925925
0.0,0.03703774
0.0,0.06401129
0.0,0.05342985
1.0,0.057482343
0.0,0.051613692
0.0,0.053067397
0.0,0.03877835
0.0,0.015907183
0.0,0.0921781
0.0,0.027637083
0.0,0.06112003
0.0,0.07865093
0.0,0.04346431
0.0,0.07860787
0.0,0.020679774
0.0,0.06821743
0.0,0.050982635
0.0,0.038099203
0.0,0.023020154
0.0,0.07210121
0.0,0.066517234
0.0,0.056912623
0.0,0.059527256
0.0,0.046900913
0.0,0.064451866
0.0,0.04852157
0.0,0.07538713
0.0,0.026371615
0.0,0.06900791
0.0,0.02932357
0.0,0.06819085
0.0,0.049668554
0.0,0.09090519
0.0,0.027915552
1.0,0.042844236
0.0,0.031070333
0.0,0.053679958
0.0,0.037919123
0.0,0.10645875
0.0,0.08096235
0.0,0.033535004
0.0,0.032151125
0.0,0.05463824
1.0,0.03140365
0.0,0.049168378
0.0,0.04605357
0.0,0.053070158
0.0,0.032219928
0.0,0.047818586
0.0,0.020299325
0.0,0.036501326
0.0,0.094779275
0.0,0.02982897
0.0,0.02595568
0.0,0.09015106
0.0,0.033930242
0.0,0.09081602
0.0,0.07425783
0.0,0.051183224
0.0,0.09532184
0.0,0.057618454
0.0,0.07948913
0.0,0.027303876
0.0,0.05800975
0.0,0.030425228
0.0,0.063140854
0.0,0.041641064
0.0,0.07572131
0.0,0.042008564
0.0,0.058244072
0.0,0.05742199
0.0,0.19315176
0.0,0.07928048
0.0,0.0896166
0.0,0.04966564
1.0,0.039012857
0.0,0.050733455
0.0,0.051224634
0.0,0.030748706
1.0,0.044912368
0.0,0.112354025
0.0,0.05749066
0.0,0.042542152
0.0,0.060692266
0.0,0.06352228
0.0,0.08275028
1.0,0.03757756
0.0,0.078242026
0.0,0.1433589
0.0,0.13206585
0.0,0.053279415
0.0,0.08033199
0.0,0.057234082
0.0,0.06150319
0.0,0.05355463
0.0,0.096784495
0.0,0.048920065
3.0,0.08713475
0.0,0.02655718
0.0,0.03076717
0.0,0.03319991
0.0,0.09115031
0.0,0.04508929
0.0,0.06294822
0.0,0.02069905
0.0,0.034309253
0.0,0.086928084
0.0,0.03323848
0.0,0.12686981
0.0,0.059303466
0.0,0.033362385
0.0,0.046860028
0.0,0.057183016
0.0,0.0318066
0.0,0.12498188
0.0,0.020415705
0.0,0.041805558
0.0,0.069640025
0.0,0.030296482
0.0,0.06401176
0.0,0.054729883
0.0,0.04003402
0.0,0.06592869
0.0,0.08101325
0.0,0.060677335
0.0,0.046222575
0.0,0.023583328
0.0,0.05610017
0.0,0.056482963
0.0,0.09532675
1.0,0.04010041
0.0,0.020654595
0.0,0.06302522
1.0,0.020009147
0.0,0.14561261
0.0,0.058393236
0.0,0.09487559
0.0,0.07986977
0.0,0.048235334
0.0,0.13252105
0.0,0.027856791
0.0,0.031199735
0.0,0.03993796
0.0,0.11521004
0.0,0.04556693
0.0,0.06890992
0.0,0.038285177
0.0,0.06213209
0.0,0.010100432
0.0,0.08134854
0.0,0.04709887
0.0,0.053443357
0.0,0.018717911
0.0,0.07324942
0.0,0.06852008
0.0,0.11289955
0.0,0.06844495
0.0,0.044807784
0.0,0.044612117
0.0,0.036915377
0.0,0.020296644
0.0,0.070259415
0.0,0.06842278
0.0,0.038088776
0.0,0.03946855
0.0,0.055198956
0.0,0.028103309
0.0,0.03670235
0.0,0.05220049
0.0,0.037488237
0.0,0.08688852
0.0,0.033206496
0.0,0.10238178
1.0,0.060300354
0.0,0.03807082
0.0,0.0758176
0.0,0.04757784
0.0,0.10996182
0.0,0.032459535
0.0,0.06400393
0.0,0.10220326
0.0,0.10300401
0.0,0.08531375
0.0,0.10893065
0.0,0.08245603
0.0,0.042448513
0.0,0.05584399
0.0,0.064798094
0.0,0.07012349
0.0,0.04334464
0.0,0.028673384
0.0,0.057337966
0.0,0.020389436
0.0,0.07297847
0.0,0.06797121
0.0,0.0527344
0.0,0.061400075
0.0,0.052868396
0.0,0.07391794
0.0,0.01292632
0.0,0.06332085
0.0,0.041110605
0.0,0.053218022
0.0,0.0246147
0.0,0.04812208
0.0,0.0577425
0.0,0.027836038
0.0,0.04209019
0.0,0.044491492
0.0,0.035145458
0.0,0.03571996
0.0,0.07235973
0.0,0.07032347
0.0,0.026129982
1.0,0.100962445
0.0,0.05714442
0.0,0.07294677
0.0,0.08808111
0.0,0.03218042
0.0,0.08592333
0.0,0.052168664
0.0,0.07789675
0.0,0.07739459
0.0,0.046222597
0.0,0.10218391
0.0,0.029530048
1.0,0.058676008
0.0,0.022059476
0.0,0.08950349
0.0,0.05527156
0.0,0.02281321
0.0,0.06621716
0.0,0.08094853
0.0,0.06407411
0.0,0.054488674
0.0,0.050607525
0.0,0.0553192
1.0,0.029443182
0.0,0.022342538
0.0,0.024336841
0.0,0.038102075
1.0,0.045317464
0.0,0.026039207
0.0,0.0735828
0.0,0.02451033
0.0,0.08267217
0.0,0.0649009
0.0,0.08104056
0.0,0.07995145
1.0,0.11443288
0.0,0.1281862
0.0,0.096318394
0.0,0.03996238
0.0,0.05420212
0.0,0.050237834
0.0,0.029854612
0.0,0.037215516
0.0,0.041572776
0.0,0.15486217
0.0,0.08818364
0.0,0.061102603
1.0,0.04266835
0.0,0.046518467
0.0,0.07221073
0.0,0.050744828
0.0,0.043492258
0.0,0.039901737
0.0,0.050384898
0.0,0.09121682
0.0,0.08845005
0.0,0.051663555
0.0,0.03949673
0.0,0.024231996
0.0,0.06732873
0.0,0.033251368
0.0,0.070216544
0.0,0.020895313
0.0,0.011935531
0.0,0.054010764
0.0,0.06846512
0.0,0.07415144
0.0,0.022278111
0.0,0.045068845
0.0,0.030253824
0.0,0.069524825
1.0,0.1085203
0.0,0.049901962
0.0,0.035694934
0.0,0.038987897
0.0,0.08408815
0.0,0.08417464
0.0,0.054047577
0.0,0.043168616
0.0,0.04115548
0.0,0.09592964
0.0,0.047625594
0.0,0.019916033
0.0,0.068762705
0.0,0.062992625
1.0,0.072010845
0.0,0.02397487
0.0,0.06134444
1.0,0.06163783
0.0,0.0351035
0.0,0.050803006
0.0,0.030979233
0.0,0.06167608
0.0,0.1901444
0.0,0.04879987
0.0,0.098085605
0.0,0.047235347
0.0,0.07144412
0.0,0.08420073
0.0,0.054989904
0.0,0.04681967
0.0,0.044551745
0.0,0.038763985
0.0,0.12431382
0.0,0.07495459
0.0,0.09965688
0.0,0.060602356
2.0,0.01850247
0.0,0.11576751
1.0,0.051325858
0.0,0.12799132
0.0,0.046286404
0.0,0.03820501
0.0,0.074908055
0.0,0.09824443
0.0,0.013240357
0.0,0.06548683
0.0,0.023806848
0.0,0.13619484
0.0,0.04477372
0.0,0.044359434
0.0,0.037210353
0.0,0.050163604
0.0,0.040488664
0.0,0.06279975
0.0,0.05393052
0.0,0.04804206
0.0,0.047432907
0.0,0.011469682
0.0,0.056021526
0.0,0.04089039
0.0,0.07421864
0.0,0.026017351
0.0,0.033311278
0.0,0.05000651
0.0,0.049741603
0.0,0.045275733
0.0,0.06252319
0.0,0.01907106
0.0,0.08915238
0.0,0.03491681
0.0,0.02807395
0.0,0.033471294
0.0,0.05662242
1.0,0.026469138
0.0,0.053027052
0.0,0.054320518
0.0,0.057619993
0.0,0.0898553
0.0,0.05428551
0.0,0.055955514
0.0,0.039261226
0.0,0.03976894
0.0,0.04915124
0.0,0.027654234
0.0,0.0939558
0.0,0.04236605
0.0,0.07128632
0.0,0.03992661
0.0,0.084738165
0.0,0.057809226
1.0,0.028360324
0.0,0.06232364
0.0,0.0727056
0.0,0.043077707
0.0,0.06937555
0.0,0.033341564
0.0,0.068731315
0.0,0.058846142
0.0,0.031680994
0.0,0.066929616
0.0,0.02460916
0.0,0.03905224
0.0,0.07005147
0.0,0.18782322
0.0,0.042763166
0.0,0.04069556
0.0,0.050969288
0.0,0.092867374
0.0,0.053193793
0.0,0.052971907
0.0,0.055914603
0.0,0.054932706
0.0,0.26479366
2.0,0.06154561
0.0,0.08709188
0.0,0.035376865
0.0,0.15506136
0.0,0.05902313
0.0,0.04710916
0.0,0.0822047
0.0,0.022381032
0.0,0.039394394
0.0,0.053366195
0.0,0.035146747
0.0,0.08883808
0.0,0.018290905
0.0,0.07828364
0.0,0.020308668
0.0,0.075236455
0.0,0.050299317
0.0,0.050808094
0.0,0.0631386
0.0,0.056706287
0.0,0.071876265
0.0,0.10418743
0.0,0.07880682
0.0,0.059893604
0.0,0.0273154
0.0,0.109965175
0.0,0.052370347
0.0,0.024413167
0.0,0.035479795
0.0,0.048399724
0.0,0.0397606
0.0,0.016258946
0.0,0.06790954
0.0,0.07986115
0.0,0.088804744
0.0,0.026877224
0.0,0.07814182
0.0,0.05054663
0.0,0.07565848
0.0,0.08107554
0.0,0.038140975
0.0,0.1040708
0.0,0.049895227
0.0,0.082258895
0.0,0.035725243
0.0,0.059686124
0.0,0.08884609
0.0,0.047381073
0.0,0.08580871
0.0,0.046789918
0.0,0.08881393
0.0,0.07701328
0.0,0.10931656
0.0,0.045577407
0.0,0.02857135
0.0,0.05682956
0.0,0.057571135
1.0,0.03713929
0.0,0.062753566
0.0,0.041216142
0.0,0.06722161
0.0,0.0367048
0.0,0.05576863
0.0,0.057831336
0.0,0.03382777
0.0,0.038421683
0.0,0.04098387
0.0,0.087486506
0.0,0.053393595
0.0,0.048985332
0.0,0.10410541
0.0,0.07254534
0.0,0.07157234
0.0,0.06164568
0.0,0.039474197
0.0,0.07254083
0.0,0.054521527
0.0,0.0886078
0.0,0.11258967
0.0,0.041796487
1.0,0.056381207
0.0,0.051100068
0.0,0.053478103
0.0,0.021729657
0.0,0.039267685
0.0,0.090169206
0.0,0.10661146
0.0,0.029822044
0.0,0.062824376
0.0,0.049965627
0.0,0.039113123
0.0,0.055362504
0.0,0.055520277
0.0,0.049620904
0.0,0.15271133
0.0,0.05949536
0.0,0.070235595
0.0,0.07396472
0.0,0.03106343
0.0,0.05056254
0.0,0.0530572
0.0,0.0730706
0.0,0.08001575
0.0,0.081206396
0.0,0.05684311
0.0,0.09057019
0.0,0.11195405
0.0,0.08197121
0.0,0.14261213
0.0,0.057841156
0.0,0.0416558
0.0,0.047607385
0.0,0.04794777
0.0,0.043859318
0.0,0.06525046
0.0,0.034548514
0.0,0.10203171
0.0,0.037780423
0.0,0.040099286
0.0,0.10911236
0.0,0.10358788
0.0,0.0325537
0.0,0.039166648
0.0,0.07163535
0.0,0.043344125
0.0,0.06943443
0.0,0.062952116
0.0,0.04221026
0.0,0.051606555
0.0,0.086979955
0.0,0.073558874
0.0,0.04067381
0.0,0.061211172
0.0,0.055372935
1.0,0.06372632
0.0,0.11065996
0.0,0.055918187
0.0,0.06343709
0.0,0.095120065
0.0,0.14170203
0.0,0.05029344
0.0,0.01778941
0.0,0.090443976
0.0,0.0857357
0.0,0.10999392
0.0,0.11890374
0.0,0.024873042
0.0,0.054621425
0.0,0.07671629
0.0,0.046706125
0.0,0.032363094
0.0,0.07232437
0.0,0.017442588
0.0,0.053382766
0.0,0.024921196
0.0,0.04586648
0.0,0.029126745
0.0,0.076833434
0.0,0.0555528
0.0,0.04279244
0.0,0.04168135
0.0,0.02731049
0.0,0.08889255
0.0,0.11249887
0.0,0.036129214
0.0,0.040249243
0.0,0.04811531
0.0,0.036226097
0.0,0.009629382
0.0,0.06572338
0.0,0.07045121
0.0,0.053355202
0.0,0.062147126
0.0,0.076836735
0.0,0.12777497
0.0,0.03517166
0.0,0.019376429
0.0,0.046186887
0.0,0.103362836
0.0,0.0791053
0.0,0.048855726
0.0,0.08194515
0.0,0.03827817
0.0,0.056545388
0.0,0.029752303
0.0,0.04462505
0.0,0.052714515
0.0,0.07393831
0.0,0.0291763
0.0,0.018326532
0.0,0.06421477
0.0,0.07071639
0.0,0.04565706
0.0,0.023626167
0.0,0.046061896
0.0,0.047487855
0.0,0.045697946
0.0,0.07002589
0.0,0.12562124
0.0,0.05655202
0.0,0.045862213
0.0,0.14594224
0.0,0.0706475
0.0,0.05847276
0.0,0.049264103
0.0,0.07654487
0.0,0.040172968
0.0,0.024064675
0.0,0.041347817
2.0,0.053166125
0.0,0.06112335
0.0,0.12758976
0.0,0.066117935
0.0,0.03741291
0.0,0.056694906
0.0,0.06992982
0.0,0.069319636
0.0,0.08964895
0.0,0.058508668
0.0,0.06500246
0.0,0.04019943
1.0,0.06481486
0.0,0.02458556
0.0,0.055950914
0.0,0.065591514
0.0,0.040558927
0.0,0.032627515
0.0,0.036503695
0.0,0.04232387
0.0,0.04785823
0.0,0.04182324
0.0,0.054496054
0.0,0.028729826
0.0,0.08499965
0.0,0.036868952
0.0,0.044167113
0.0,0.086403415
0.0,0.040198125
0.0,0.09772361
0.0,0.011547724
0.0,0.040417835
0.0,0.049430653
0.0,0.07489214
0.0,0.047390338
0.0,0.044758864
0.0,0.03844415
0.0,0.04023485
0.0,0.042106427
0.0,0.020292444
0.0,0.08164876
0.0,0.09601954
0.0,0.065300785
0.0,0.07578474
0.0,0.023872666
0.0,0.06326493
0.0,0.03406754
0.0,0.038605366
0.0,0.06964733
0.0,0.11040557
0.0,0.025016336
0.0,0.0647503
0.0,0.057144362
0.0,0.08594992
0.0,0.06649167
0.0,0.03823313
0.0,0.081100866
0.0,0.062011197
0.0,0.054810736
0.0,0.09184575
0.0,0.033570092
0.0,0.04815782
0.0,0.06675312
1.0,0.04050467
0.0,0.07005682
0.0,0.094749406
0.0,0.042978607
0.0,0.044360764
0.0,0.058758043
0.0,0.06145139
0.0,0.06400556
0.0,0.112008676
0.0,0.041956432
0.0,0.038416643
0.0,0.0696633
0.0,0.073841594
0.0,0.028336708
0.0,0.062514186
0.0,0.0231539
0.0,0.08469183
0.0,0.02999987
0.0,0.04820542
0.0,0.10714686
0.0,0.08527076
0.0,0.04922083
0.0,0.086481154
0.0,0.07556171
0.0,0.1708812
0.0,0.027116947
0.0,0.08615718
0.0,0.035709847
0.0,0.03969125
0.0,0.12016341
0.0,0.087230116
0.0,0.054394156
0.0,0.052898455
0.0,0.04279309
0.0,0.039388325
0.0,0.06436284
0.0,0.056173354
0.0,0.04563863
0.0,0.037887223
0.0,0.023020197
0.0,0.06685372
0.0,0.09456475
0.0,0.0631451
0.0,0.0336151
0.0,0.043633386
0.0,0.009765429
0.0,0.06278743
0.0,0.051336087
0.0,0.029681312
0.0,0.039099548
0.0,0.07693088
0.0,0.030777091
0.0,0.014623411
0.0,0.039169937
0.0,0.06254326
0.0,0.07834688
0.0,0.064083025
0.0,0.04286557
1.0,0.034075014
0.0,0.04757514
0.0,0.05780592
0.0,0.03287108
0.0,0.025646217
0.0,0.06296995
1.0,0.03514576
0.0,0.045934524
1.0,0.03038133
0.0,0.06681538
0.0,0.08125199
0.0,0.13521111
0.0,0.034064665
0.0,0.042149335
0.0,0.051781766
0.0,0.11654579
0.0,0.04951487
0.0,0.06765428
0.0,0.037286907
0.0,0.14723715
0.0,0.04031526
0.0,0.10179048
0.0,0.06226343
0.0,0.16558924
0.0,0.08239311
0.0,0.044156417
0.0,0.060191333
0.0,0.06789654
0.0,0.04069589
0.0,0.052461877
0.0,0.117876954
0.0,0.032374654
0.0,0.042081982
0.0,0.089444995
0.0,0.062106956
0.0,0.1636519
0.0,0.051304813
0.0,0.055083357
0.0,0.08481695
0.0,0.0548594
0.0,0.07127881
0.0,0.15838754
0.0,0.052132655
0.0,0.10425979
0.0,0.07270896
0.0,0.048907097
0.0,0.04049602
0.0,0.056042206
0.0,0.08254724
0.0,0.05272158
0.0,0.065153174
0.0,0.07267793
0.0,0.088148795
0.0,0.06264958
0.0,0.065834105
0.0,0.02378859
0.0,0.044997897
1.0,0.046253003
0.0,0.046242815
0.0,0.07740725
0.0,0.04097359
0.0,0.059101492
0.0,0.072640374
0.0,0.0711983
0.0,0.08866884
0.0,0.0891317
0.0,0.033479948
0.0,0.06399673
0.0,0.036897812
0.0,0.06309652
0.0,0.06256712
0.0,0.07306262
0.0,0.09462344
0.0,0.054898467
0.0,0.08067563
0.0,0.06610885
0.0,0.050688382
0.0,0.083116256
0.0,0.06493743
0.0,0.042921204
0.0,0.05287856
0.0,0.08989256
1.0,0.02278952
0.0,0.037789825
0.0,0.02825287
0.0,0.066010796
0.0,0.056402583
0.0,0.036291365
0.0,0.07325424
0.0,0.06900434
0.0,0.033963926
0.0,0.09283464
1.0,0.053796526
0.0,0.06405367
1.0,0.033415336
0.0,0.034186184
0.0,0.04227532
0.0,0.03020107
0.0,0.0119714
0.0,0.092297286
0.0,0.05615398
0.0,0.0200737
0.0,0.12771192
0.0,0.033706367
0.0,0.047241315
0.0,0.032685943
0.0,0.062442776
0.0,0.07832815
0.0,0.06985697
0.0,0.05952019
0.0,0.03552249
0.0,0.041823283
0.0,0.08736603
0.0,0.08106344
0.0,0.05750636
0.0,0.06719412
0.0,0.050736167
0.0,0.07699062
0.0,0.10347557
0.0,0.13213734
0.0,0.13136694
0.0,0.11289955
0.0,0.04016569
0.0,0.06096105
0.0,0.08776717
0.0,0.06585972
0.0,0.033544745
0.0,0.08420467
1.0,0.08495011
1.0,0.1240638
0.0,0.017932568
0.0,0.056151193
0.0,0.04791817
0.0,0.08280363
0.0,0.058824793
0.0,0.07248312
0.0,0.02630889
0.0,0.05258026
0.0,0.081254736
0.0,0.12310613
0.0,0.063339725
0.0,0.06141738
0.0,0.061728317
0.0,0.04880022
0.0,0.06381338
0.0,0.08666775
0.0,0.03854998
0.0,0.10642823
0.0,0.037432324
0.0,0.11437394
0.0,0.05973816
0.0,0.078563616
0.0,0.03474324
1.0,0.04780958
1.0,0.066359244
0.0,0.0501346
0.0,0.043768313
0.0,0.047839932
0.0,0.046506666
0.0,0.07641811
0.0,0.04358543
0.0,0.01019308
0.0,0.022871789
0.0,0.08038238
0.0,0.03827921
0.0,0.08755395
0.0,0.036039345
0.0,0.07026906
0.0,0.20934024
0.0,0.048042085
0.0,0.028344925
0.0,0.09515579
0.0,0.065289795
0.0,0.042025212
0.0,0.06839056
0.0,0.052703656
1.0,0.029553954
0.0,0.061737813
0.0,0.037446626
0.0,0.050044604
0.0,0.06458299
0.0,0.092319384
1.0,0.11574974
0.0,0.04942415
0.0,0.03872273
0.0,0.048498534
0.0,0.043036237
0.0,0.031943165
0.0,0.020575022
0.0,0.048394646
0.0,0.041764453
0.0,0.11095526
0.0,0.013310717
0.0,0.07294061
0.0,0.044944823
0.0,0.085965335
0.0,0.0748485
0.0,0.104942515
0.0,0.04224763
0.0,0.021391883
0.0,0.04682994
0.0,0.049939074
0.0,0.055436473
0.0,0.06857291
0.0,0.040583108
0.0,0.07487936
0.0,0.055195678
0.0,0.049108606
0.0,0.036080923
1.0,0.06015762
0.0,0.03991624
0.0,0.042585686
0.0,0.05598673
0.0,0.04802101
0.0,0.06790936
0.0,0.08172982
0.0,0.060027786
0.0,0.028072745
0.0,0.068339415
0.0,0.06032235
0.0,0.07321268
0.0,0.064356096
0.0,0.14676291
0.0,0.04869074
0.0,0.026110627
0.0,0.057304237
0.0,0.047859028
1.0,0.060270257
0.0,0.051997993
1.0,0.10100186
0.0,0.086731955
0.0,0.07762274
0.0,0.045911554
0.0,0.048414197
0.0,0.036923457
0.0,0.051057905
0.0,0.057908036
0.0,0.028786365
0.0,0.07046292
0.0,0.045832984
0.0,0.040508747
0.0,0.03055541
0.0,0.086256124
0.0,0.023365662
0.0,0.06670902
0.0,0.09294373
0.0,0.054807365
0.0,0.061642975
0.0,0.03910667
0.0,0.048086822
0.0,0.025778584
0.0,0.05947414
0.0,0.04355923
0.0,0.03505297
0.0,0.053439304
0.0,0.06169314
0.0,0.051468346
0.0,0.038114414
0.0,0.102649294
0.0,0.078513935
0.0,0.029102463
0.0,0.03553035
0.0,0.06804086
0.0,0.04066055
0.0,0.086249955
0.0,0.06756292
0.0,0.033495978
0.0,0.12067612
0.0,0.07169905
0.0,0.04018109
0.0,0.06472773
0.0,0.03917681
0.0,0.044031482
0.0,0.025227658
0.0,0.046272922
0.0,0.09387024
0.0,0.012538438
0.0,0.05261705
0.0,0.052759755
0.0,0.08697161
0.0,0.022821087
0.0,0.04185574
0.0,0.06090872
0.0,0.062636584
1.0,0.034229703
0.0,0.043942172
0.0,0.05221159
0.0,0.041588914
0.0,0.07557645
0.0,0.102930166
0.0,0.07838563
0.0,0.13270427
0.0,0.12134541
1.0,0.037539393
0.0,0.026588095
0.0,0.08402446
0.0,0.03230297
0.0,0.14298232
0.0,0.14836425
0.0,0.0608162
1.0,0.11227064
1.0,0.0785698
1.0,0.037195206
0.0,0.042602643
0.0,0.078914925
0.0,0.039622247
0.0,0.04260382
0.0,0.03755798
0.0,0.054045103
0.0,0.042704664
0.0,0.052871548
0.0,0.037318833
0.0,0.051639244
0.0,0.05429475
0.0,0.027819093
0.0,0.023509236
0.0,0.04448358
0.0,0.04584903
0.0,0.06417461
0.0,0.019809198
0.0,0.02745193
0.0,0.0411841
0.0,0.05641649
0.0,0.013901855
0.0,0.03293685
1.0,0.096385196
0.0,0.10443822
0.0,0.035123326
0.0,0.04366479
0.0,0.10321966
0.0,0.05278059
0.0,0.046833646
0.0,0.08118398
0.0,0.08167769
0.0,0.059675153
0.0,0.036441572
0.0,0.08768986
0.0,0.098824404
0.0,0.07382818
0.0,0.06687674
0.0,0.07858975
0.0,0.015581936
0.0,0.043405324
0.0,0.02132009
0.0,0.09131265
0.0,0.039460663
0.0,0.024800232
0.0,0.034243025
1.0,0.0732233
0.0,0.041498028
0.0,0.03464091
0.0,0.039581876
0.0,0.085735515
0.0,0.042691797
0.0,0.10159112
0.0,0.07302138
0.0,0.07504679
0.0,0.02441354
0.0,0.06749211
0.0,0.10189027
0.0,0.056544323
0.0,0.07261707
0.0,0.15603937
0.0,0.07068799
0.0,0.113780476
0.0,0.1149033
0.0,0.046167575
0.0,0.087185994
0.0,0.0643351
0.0,0.059282515
0.0,0.041995563
0.0,0.078574106
0.0,0.08448386
0.0,0.07896812
0.0,0.06864894
0.0,0.1001192
0.0,0.088681266
0.0,0.041244492
0.0,0.05598666
0.0,0.06998176
0.0,0.04878272
0.0,0.040156554
0.0,0.0224469
0.0,0.07560344
0.0,0.07992989
0.0,0.040308397
0.0,0.045707755
0.0,0.068580754
0.0,0.04467208
0.0,0.0718591
0.0,0.051750418
0.0,0.053293113
0.0,0.07340036
0.0,0.066357456
0.0,0.050477117
0.0,0.07984348
0.0,0.05239825
0.0,0.07527247
0.0,0.04350607
0.0,0.034798153
0.0,0.040379614
0.0,0.046839498
0.0,0.082772166
0.0,0.03516559
0.0,0.04289389
0.0,0.11012906
0.0,0.03622207
0.0,0.04600989
0.0,0.042464428
0.0,0.03631863
0.0,0.13446009
0.0,0.025381586
0.0,0.054536372
0.0,0.049341943
0.0,0.102236986
0.0,0.07158492
0.0,0.1090714
0.0,0.058287166
0.0,0.07374383
0.0,0.04897251
0.0,0.08988814
0.0,0.018409284
0.0,0.10554533
0.0,0.08296836
1.0,0.024594402
0.0,0.0444483
0.0,0.041721083
0.0,0.046536017
0.0,0.019417746
0.0,0.022085588
0.0,0.06303095
0.0,0.04361439
0.0,0.05315903
1.0,0.028322281
1.0,0.06188173
1.0,0.033005003
0.0,0.06070607
0.0,0.034997404
0.0,0.035070375
0.0,0.0823396
0.0,0.052302342
0.0,0.03548418
0.0,0.06741555
1.0,0.02831773
0.0,0.09653408
1.0,0.079813294
0.0,0.023160912
0.0,0.070855424
0.0,0.08693594
0.0,0.051906485
0.0,0.06159135
0.0,0.04104579
0.0,0.018891022
0.0,0.12607653
0.0,0.050569315
0.0,0.06953311
0.0,0.033034574
0.0,0.05589685
0.0,0.05967188
0.0,0.039078113
0.0,0.034567676
0.0,0.046120465
0.0,0.023258269
0.0,0.04782796
0.0,0.041524492
0.0,0.030916221
0.0,0.0864024
0.0,0.08812064
0.0,0.03878623
0.0,0.01797414
0.0,0.060566276
1.0,0.06804628
0.0,0.02084001
0.0,0.05798583
0.0,0.057315685
0.0,0.061166793
0.0,0.027492369
0.0,0.07398264
0.0,0.043497503
0.0,0.046028167
0.0,0.053436093
0.0,0.015750222
0.0,0.042923518
0.0,0.057780534
0.0,0.026392926
1.0,0.12718457
0.0,0.044683564
0.0,0.07018319
0.0,0.04617039
0.0,0.0712536
0.0,0.07179573
0.0,0.10134629
0.0,0.09592301
0.0,0.056435995
0.0,0.048129972
0.0,0.051071033
0.0,0.053884506
0.0,0.020693436
0.0,0.053124428
0.0,0.0714771
0.0,0.06918446
1.0,0.04019481
0.0,0.060851067
0.0,0.052427515
0.0,0.03490198
0.0,0.025464347
0.0,0.09525285
0.0,0.02996663
0.0,0.044837408
0.0,0.114027336
0.0,0.07194215
0.0,0.06104145
0.0,0.03680047
0.0,0.07036308
0.0,0.06371526
0.0,0.06360759
0.0,0.049215384
0.0,0.06681568
0.0,0.03478181
0.0,0.054341245
0.0,0.037821896
0.0,0.034759957
0.0,0.0406482
0.0,0.0685395
0.0,0.031502772
1.0,0.05070944
1.0,0.044223443
0.0,0.1909528
0.0,0.07316902
0.0,0.052005954
1.0,0.046615392
0.0,0.043789875
1.0,0.03965304
2.0,0.014794447
0.0,0.023155954
0.0,0.077099845
0.0,0.07255653
0.0,0.047099568
0.0,0.07978829
0.0,0.02243328
0.0,0.07805739
0.0,0.052391727
0.0,0.018153852
0.0,0.036615074
1.0,0.027662225
0.0,0.029686308
0.0,0.047854878
0.0,0.03782828
0.0,0.03592845
0.0,0.06050462
1.0,0.08313552
0.0,0.1035052
0.0,0.08245666
0.0,0.06060305
0.0,0.05619215
0.0,0.06015687
0.0,0.111245975
0.0,0.0464186
0.0,0.08703073
0.0,0.056027737
0.0,0.060773816
0.0,0.08350111
0.0,0.045371257
0.0,0.08062638
0.0,0.034135737
0.0,0.06293051
0.0,0.027440963
0.0,0.05826635
0.0,0.05151996
0.0,0.062581025
0.0,0.06427698
0.0,0.07005288
0.0,0.05323292
0.0,0.043721505
1.0,0.045933165
0.0,0.035803676
0.0,0.12748075
0.0,0.07129718
0.0,0.043618012
0.0,0.047994573
0.0,0.13764884
0.0,0.026021743
0.0,0.03432146
0.0,0.03714689
0.0,0.04206322
0.0,0.05406663
0.0,0.06213
0.0,0.07706893
0.0,0.08285545
0.0,0.04217294
0.0,0.009945195
0.0,0.060629267
0.0,0.033790484
0.0,0.05715262
0.0,0.06409496
0.0,0.092249684
1.0,0.07716649
0.0,0.11457211
0.0,0.08972572
0.0,0.04282148
0.0,0.07783683
0.0,0.10520907
0.0,0.08023743
1.0,0.039424494
0.0,0.03564102
0.0,0.04152065
0.0,0.035175703
0.0,0.09866582
0.0,0.02021391
0.0,0.037255682
0.0,0.0463972
0.0,0.0812869
0.0,0.060230378
0.0,0.03246311
0.0,0.0645221
0.0,0.017897697
0.0,0.08264578
0.0,0.044124212
0.0,0.07480795
0.0,0.08380184
0.0,0.05305743
0.0,0.13055532
0.0,0.06269043
0.0,0.026309706
0.0,0.09793185
0.0,0.057116672
0.0,0.10055946
0.0,0.08575559
0.0,0.111452624
0.0,0.045371108
0.0,0.035374284
0.0,0.020772386
0.0,0.043648615
0.0,0.06373094
0.0,0.066644035
0.0,0.08819481
0.0,0.07216266
0.0,0.024988474
0.0,0.049512416
0.0,0.02691335
0.0,0.043757126
0.0,0.06897713
0.0,0.040559158
0.0,0.010193367
0.0,0.040499516
0.0,0.06886874
0.0,0.05283662
0.0,0.0313013
0.0,0.036147345
0.0,0.08407852
0.0,0.05558205
0.0,0.016722677
0.0,0.044004362
0.0,0.014159892
0.0,0.09723952
0.0,0.035332005
0.0,0.039818734
0.0,0.020511016
0.0,0.05596427
0.0,0.08463075
0.0,0.08452128
0.0,0.07525018
0.0,0.015101305
0.0,0.022050517
0.0,0.10475693
0.0,0.0667526
0.0,0.061109304
0.0,0.051538583
0.0,0.062113456
0.0,0.0348023
0.0,0.08079686
0.0,0.06667429
0.0,0.060174372
0.0,0.041166253
0.0,0.05457434
0.0,0.10720175
0.0,0.031499874
0.0,0.022828097
0.0,0.049393263
0.0,0.023936454
0.0,0.0479336
1.0,0.042265203
0.0,0.10411512
0.0,0.069739014
0.0,0.07482407
0.0,0.096404314
0.0,0.14605229
0.0,0.02228282
0.0,0.04753659
0.0,0.04303053
0.0,0.037517294
0.0,0.016065378
0.0,0.10140384
0.0,0.07255716
0.0,0.0714786
0.0,0.0523699
0.0,0.087414846
0.0,0.034765877
0.0,0.03483406
0.0,0.07242337
0.0,0.0654802
0.0,0.04063041
0.0,0.048618242
0.0,0.096767604
0.0,0.05862377
0.0,0.20651615
0.0,0.05589349
0.0,0.040539026
0.0,0.04931767
0.0,0.078048915
0.0,0.04837688
0.0,0.037164036
0.0,0.03428935
0.0,0.024481082
0.0,0.069130376
0.0,0.03438379
0.0,0.06637614
0.0,0.030951003
0.0,0.06974989
0.0,0.07421896
0.0,0.059913028
0.0,0.057293087
0.0,0.087125525
1.0,0.04734828
0.0,0.02092757
0.0,0.071412444
0.0,0.044697523
0.0,0.11991294
0.0,0.07066388
0.0,0.12546812
0.0,0.04486641
0.0,0.041717004
0.0,0.034519367
0.0,0.15006213
0.0,0.050954346
0.0,0.0342831
0.0,0.041237947
0.0,0.043999117
0.0,0.05184897
1.0,0.05765032
0.0,0.06891539
0.0,0.059400823
0.0,0.024534138
0.0,0.10532557
0.0,0.04353828
0.0,0.05524015
0.0,0.049905982
0.0,0.058982477
0.0,0.0487464
0.0,0.0594202
1.0,0.05815097
0.0,0.03030073
0.0,0.0203751
0.0,0.05494262
0.0,0.054991554
0.0,0.034296658
0.0,0.029794725
0.0,0.036707617
0.0,0.050903153
0.0,0.058997016
0.0,0.025433136
0.0,0.04557369
0.0,0.10715034
0.0,0.0396351
0.0,0.068194576
0.0,0.028962255
0.0,0.045173086
0.0,0.021756593
0.0,0.071754664
0.0,0.07969901
0.0,0.047526095
1.0,0.0668819
0.0,0.062417176
0.0,0.040240988
0.0,0.04847844
0.0,0.059429917
0.0,0.05087658
0.0,0.027677584
0.0,0.08357528
0.0,0.008761354
0.0,0.040322006
1.0,0.04210657
0.0,0.029473497
0.0,0.06253683
0.0,0.03726199
1.0,0.099773586
0.0,0.031045128
0.0,0.049379416
0.0,0.11658534
0.0,0.068610884
0.0,0.087219715
1.0,0.05967643
0.0,0.031831574
0.0,0.052123435
1.0,0.16054994
0.0,0.04953648
0.0,0.045432743
0.0,0.056017425
0.0,0.038906705
0.0,0.06085922
0.0,0.03358607
0.0,0.061608974
0.0,0.020992326
0.0,0.101572394
0.0,0.054111764
0.0,0.062181216
0.0,0.034266382
0.0,0.068187214
0.0,0.065521866
0.0,0.04622555
0.0,0.030591477
0.0,0.031141099
0.0,0.058353044
0.0,0.032863397
0.0,0.056449696
0.0,0.035186756
0.0,0.052128453
0.0,0.052247655
0.0,0.057583656
1.0,0.11409856
0.0,0.06848761
0.0,0.07331001
1.0,0.050029285
0.0,0.10067465
0.0,0.033226326
0.0,0.050531037
0.0,0.04888434
0.0,0.06446364
0.0,0.093378626
1.0,0.024540257
0.0,0.040766098
0.0,0.10356032
0.0,0.04854654
0.0,0.046537902
0.0,0.025875382
0.0,0.09915832
0.0,0.044629563
0.0,0.058498
0.0,0.048953738
0.0,0.09157025
0.0,0.055957653
0.0,0.07706118
0.0,0.0375431
0.0,0.052781016
0.0,0.038263112
0.0,0.06405834
0.0,0.031766947
0.0,0.03603007
0.0,0.040857606
0.0,0.05455005
0.0,0.0351616
0.0,0.044917054
0.0,0.15453649
0.0,0.038115304
1.0,0.035961602
0.0,0.046027314
0.0,0.057200633
0.0,0.098398276
0.0,0.05090534
0.0,0.069766924
0.0,0.047574323
0.0,0.07005401
0.0,0.011100916
0.0,0.029139664
0.0,0.11122319
0.0,0.06882751
0.0,0.06130596
0.0,0.04154796
0.0,0.044520862
0.0,0.026275855
0.0,0.0125817275
0.0,0.060989134
0.0,0.048967533
0.0,0.02799528
0.0,0.07175365
0.0,0.02702107
0.0,0.02198382
1.0,0.067431636
0.0,0.11094484
0.0,0.057030417
0.0,0.058986273
0.0,0.09025963
0.0,0.044934515
0.0,0.038094226
0.0,0.033792626
0.0,0.0908375
0.0,0.09480716
0.0,0.062257465
0.0,0.062462132
0.0,0.05075332
0.0,0.048823796
0.0,0.029448884
0.0,0.04040581
0.0,0.04460063
0.0,0.033582002
0.0,0.04788743
0.0,0.063396834
0.0,0.07343757
0.0,0.045931198
0.0,0.043997735
0.0,0.04118436
0.0,0.03662974
0.0,0.03468777
0.0,0.08100286
0.0,0.06684917
0.0,0.034802
0.0,0.05598829
0.0,0.069395654
0.0,0.04333774
0.0,0.023179483
0.0,0.081971526
0.0,0.04549505
0.0,0.08776696
0.0,0.059309207
0.0,0.065430105
0.0,0.1282358
0.0,0.07162992
0.0,0.08620444
0.0,0.041524038
0.0,0.08040944
0.0,0.04455045
0.0,0.053295016
0.0,0.09336273
0.0,0.06784985
0.0,0.124002196
0.0,0.042821955
0.0,0.04160026
0.0,0.03912691
0.0,0.04538838
0.0,0.08251724
0.0,0.056933522
0.0,0.054539572
0.0,0.049287014
0.0,0.054221638
0.0,0.046659335
0.0,0.049993277
0.0,0.078891866
0.0,0.036111835
0.0,0.06856957
0.0,0.09746968
0.0,0.025563926
0.0,0.062107667
0.0,0.03903018
0.0,0.1100734
0.0,0.10226156
2.0,0.13615055
1.0,0.04277881
0.0,0.052947085
0.0,0.11729948
0.0,0.03223792
1.0,0.0915761
0.0,0.032759372
1.0,0.02888524
0.0,0.12128982
0.0,0.03590463
0.0,0.04785951
0.0,0.04025053
0.0,0.090078995
0.0,0.06683166
0.0,0.04675372
0.0,0.056411043
0.0,0.05854809
0.0,0.045491774
0.0,0.09210679
0.0,0.06680235
1.0,0.057053234
0.0,0.05580856
0.0,0.034901597
0.0,0.038870282
0.0,0.04413928
0.0,0.11197818
0.0,0.04135675
0.0,0.04541832
0.0,0.0501101
0.0,0.035653837
0.0,0.025558611
0.0,0.018357731
0.0,0.04505883
0.0,0.06273636
0.0,0.036751773
0.0,0.04638519
0.0,0.11917111
0.0,0.053476546
0.0,0.09367618
0.0,0.035995107
0.0,0.07352566
0.0,0.03804416
0.0,0.12923448
0.0,0.06469416
0.0,0.06216814
0.0,0.04124113
0.0,0.052597735
0.0,0.048931405
0.0,0.027875036
0.0,0.040327236
0.0,0.07534608
0.0,0.030206341
0.0,0.06874915
0.0,0.07941771
0.0,0.1408076
1.0,0.05330699
0.0,0.03183619
0.0,0.024306593
0.0,0.056013618
0.0,0.038325198
0.0,0.07733863
0.0,0.084421426
0.0,0.06137092
0.0,0.07972733
0.0,0.04803265
0.0,0.022969475
0.0,0.06328863
0.0,0.030604228
0.0,0.07835217
0.0,0.053992376
0.0,0.06659575
0.0,0.040460467
0.0,0.06186462
0.0,0.033853315
0.0,0.06349808
0.0,0.05336312
0.0,0.06378213
0.0,0.12548618
1.0,0.044468757
0.0,0.068825506
0.0,0.055849798
0.0,0.050097488
0.0,0.078783676
0.0,0.041718256
0.0,0.06986886
0.0,0.057835996
1.0,0.043183953
0.0,0.036798313
0.0,0.04938733
0.0,0.064956136
0.0,0.09504634
0.0,0.08209616
0.0,0.043138985
0.0,0.091194205
0.0,0.040570047
0.0,0.119725026
0.0,0.05620764
1.0,0.03714586
0.0,0.029965658
0.0,0.06240188
0.0,0.06370165
0.0,0.020491662
0.0,0.04716994
0.0,0.052046467
0.0,0.043018527
0.0,0.05598159
0.0,0.07672287
0.0,0.04003843
0.0,0.051447466
0.0,0.08725865
2.0,0.06409326
0.0,0.08038084
0.0,0.02263668
0.0,0.04066274
0.0,0.07321108
0.0,0.063189074
0.0,0.0290177
0.0,0.020969756
0.0,0.04333319
0.0,0.054881167
0.0,0.025164379
0.0,0.09683818
0.0,0.037049275
0.0,0.037401583
0.0,0.05457576
0.0,0.04757643
0.0,0.09904311
0.0,0.032878745
0.0,0.05613062
0.0,0.038236924
0.0,0.049249027
0.0,0.07983221
0.0,0.038370326
0.0,0.046809822
0.0,0.04083071
0.0,0.036968276
0.0,0.03705159
0.0,0.032928262
0.0,0.047082007
0.0,0.04363072
0.0,0.03995535
0.0,0.098053664
0.0,0.081903465
0.0,0.036406696
0.0,0.056718618
0.0,0.012633495
0.0,0.12553939
0.0,0.05484504
0.0,0.053540654
0.0,0.022285655
0.0,0.07772326
0.0,0.03409185
0.0,0.059503146
0.0,0.08920956
0.0,0.08492023
0.0,0.032075603
0.0,0.025071602
0.0,0.14718437
0.0,0.024647808
0.0,0.063566044
0.0,0.055552296
0.0,0.1115704
0.0,0.07940097
0.0,0.036071964
1.0,0.03156215
0.0,0.13362719
0.0,0.042412035
0.0,0.0363147
0.0,0.057638653
0.0,0.0499682
0.0,0.051296838
0.0,0.057074513
0.0,0.07984268
0.0,0.049053654
0.0,0.05196193
0.0,0.07740456
0.0,0.07068657
0.0,0.06821401
0.0,0.042780012
0.0,0.1537314
0.0,0.06315293
0.0,0.041065365
0.0,0.041313462
0.0,0.025165614
0.0,0.066067256
0.0,0.020778667
0.0,0.046640404
0.0,0.041815586
0.0,0.046393573
0.0,0.03901812
0.0,0.057569243
0.0,0.06814759
0.0,0.071934484
0.0,0.05822594
0.0,0.116000086
0.0,0.0532745
0.0,0.16852288
0.0,0.04718247
0.0,0.019752217
0.0,0.047389615
0.0,0.022776417
0.0,0.07652714
0.0,0.04767231
0.0,0.065927655
0.0,0.009329402
0.0,0.075759344
0.0,0.063402735
0.0,0.11088547
0.0,0.08782531
0.0,0.04041203
0.0,0.11058192
1.0,0.08215891
0.0,0.08019218
0.0,0.07074533
0.0,0.029235417
0.0,0.03321885
0.0,0.040728427
0.0,0.14539304
0.0,0.022906374
0.0,0.05785528
1.0,0.055062927
0.0,0.095539674
0.0,0.044259813
0.0,0.056868758
0.0,0.0593623
0.0,0.06701977
0.0,0.063506424
0.0,0.042178247
0.0,0.060091563
0.0,0.09553116
0.0,0.057929922
0.0,0.09873192
0.0,0.072772846
0.0,0.046089575
0.0,0.057989564
0.0,0.10640519
1.0,0.029045152
0.0,0.01324364
0.0,0.063901015
0.0,0.032295126
0.0,0.07154475
0.0,0.06578913
0.0,0.03189388
0.0,0.03483908
0.0,0.08730058
1.0,0.05030462
0.0,0.048727438
0.0,0.04845283
0.0,0.036244635
0.0,0.045578167
0.0,0.025605978
0.0,0.06913206
0.0,0.042186998
0.0,0.07739384
0.0,0.049914908
0.0,0.042767957
0.0,0.07901204
0.0,0.062673494
0.0,0.043626666
0.0,0.027762879
0.0,0.050929617
0.0,0.057385202
0.0,0.04333003
0.0,0.051866576
0.0,0.050627775
0.0,0.085491106
0.0,0.12299154
0.0,0.02589449
0.0,0.043251075
0.0,0.022958612
0.0,0.06945961
1.0,0.057548247
0.0,0.049132615
0.0,0.036051672
0.0,0.037621666
0.0,0.036825888
0.0,0.044879932
0.0,0.09752182
0.0,0.04283443
0.0,0.02122031
0.0,0.07003766
0.0,0.024545617
0.0,0.04410831
0.0,0.052174233
0.0,0.020227157
0.0,0.07223525
0.0,0.043294467
0.0,0.040514022
0.0,0.14096464
0.0,0.032416023
0.0,0.051085643
1.0,0.059858628
0.0,0.05222541
0.0,0.05709471
0.0,0.0695825
0.0,0.12537602
1.0,0.0845137
0.0,0.07245306
0.0,0.041097686
0.0,0.049043152
0.0,0.034466505
0.0,0.04586276
0.0,0.056991145
0.0,0.04419958
0.0,0.08763122
0.0,0.036455024
0.0,0.053365648
0.0,0.03668361
0.0,0.059109457
0.0,0.053710096
0.0,0.065456755
0.0,0.11135955
0.0,0.021395087
0.0,0.059958983
0.0,0.040006902
0.0,0.051102992
0.0,0.081244394
0.0,0.03904928
0.0,0.05341565
0.0,0.014983743
0.0,0.09405316
0.0,0.04510223
0.0,0.035165977
0.0,0.1178271
0.0,0.06438957
0.0,0.05109293
0.0,0.05972463
0.0,0.053503048
0.0,0.1504914
0.0,0.043333232
0.0,0.030077275
0.0,0.09496629
1.0,0.060315825
0.0,0.0664686
0.0,0.06592557
0.0,0.07723754
0.0,0.09880163
0.0,0.029844094
0.0,0.033600647
0.0,0.084345594
0.0,0.10901207
0.0,0.033932183
0.0,0.08025059
0.0,0.049317505
0.0,0.13774388
0.0,0.07868696
0.0,0.057073753
0.0,0.11528038
0.0,0.031577248
0.0,0.06414949
0.0,0.051139947
0.0,0.09387776
0.0,0.0979219
0.0,0.092097916
0.0,0.018620886
1.0,0.09201965
0.0,0.03715463
0.0,0.041373968
1.0,0.026971716
0.0,0.17919338
0.0,0.060005706
0.0,0.08750512
0.0,0.038125772
0.0,0.04323437
1.0,0.07511023
0.0,0.07308699
0.0,0.025816077
2.0,0.043509785
0.0,0.06516958
0.0,0.09379729
0.0,0.07428889
0.0,0.07561992
0.0,0.038609084
0.0,0.07409248
0.0,0.084533446
0.0,0.058749583
0.0,0.05461847
0.0,0.03619776
0.0,0.026852038
0.0,0.045061193
0.0,0.08395137
0.0,0.112282366
0.0,0.04302134
0.0,0.0129625015
0.0,0.047348708
0.0,0.04977852
0.0,0.059391644
0.0,0.05959975
0.0,0.12606268
0.0,0.08994067
0.0,0.12395659
0.0,0.059214752
0.0,0.03466991
0.0,0.042406835
0.0,0.04711662
0.0,0.072438166
0.0,0.04283623
0.0,0.07787514
0.0,0.047695547
0.0,0.038177475
0.0,0.026771672
0.0,0.020188093
0.0,0.10849644
0.0,0.04245837
0.0,0.13565621
0.0,0.08399906
0.0,0.08787098
0.0,0.05073665
0.0,0.022167895
0.0,0.09522567
0.0,0.02740857
0.0,0.06299088
0.0,0.091311604
0.0,0.10943503
0.0,0.04462488
0.0,0.033289365
0.0,0.028358728
0.0,0.0643412
0.0,0.041984133
0.0,0.08609406
0.0,0.010110704
0.0,0.032762244
0.0,0.040539123
0.0,0.036698796
0.0,0.08371873
0.0,0.10643386
0.0,0.04778433
0.0,0.09310463
0.0,0.09636167
0.0,0.08047204
0.0,0.045952708
0.0,0.09124076
0.0,0.05583475
0.0,0.06391227
0.0,0.040525906
0.0,0.067013174
0.0,0.035698015
0.0,0.067835085
0.0,0.0787525
0.0,0.06526418
0.0,0.052446667
0.0,0.05570766
0.0,0.06410687
0.0,0.13809398
0.0,0.09843842
0.0,0.027873348
0.0,0.11919021
0.0,0.028409727
0.0,0.09694847
0.0,0.036354028
0.0,0.04595056
0.0,0.035131734
0.0,0.06993482
0.0,0.07935953
0.0,0.036803998
0.0,0.026160026
0.0,0.041231163
0.0,0.036315497
0.0,0.06298075
0.0,0.06705834
0.0,0.04030682
0.0,0.058409084
0.0,0.113301985
0.0,0.021303903
0.0,0.018908216
0.0,0.06097253
0.0,0.063645996
0.0,0.05709542
0.0,0.041184023
0.0,0.04685261
0.0,0.072630614
0.0,0.07266319
0.0,0.095528126
0.0,0.04702585
0.0,0.05625231
0.0,0.04044338
0.0,0.08779948
0.0,0.04422279
0.0,0.053455666
0.0,0.03352776
0.0,0.0631032
0.0,0.10878038
0.0,0.054232266
0.0,0.044716835
0.0,0.02920248
0.0,0.062486827
0.0,0.044944394
1.0,0.055365093
0.0,0.033562824
0.0,0.051831298
0.0,0.03314142
0.0,0.05918847
0.0,0.03538373
0.0,0.044009317
0.0,0.058493424
0.0,0.06267424
0.0,0.049354486
0.0,0.08106066
0.0,0.025395907
0.0,0.054964527
1.0,0.062952645
0.0,0.04683552
0.0,0.07722968
0.0,0.08390745
0.0,0.053451255
0.0,0.024977276
0.0,0.054148957
0.0,0.11911303
0.0,0.08548641
0.0,0.062697545
0.0,0.09605847
0.0,0.03863903
0.0,0.010338299
0.0,0.032853387
0.0,0.06993069
0.0,0.048626866
0.0,0.023177572
0.0,0.018017586
0.0,0.041408032
0.0,0.0410388
0.0,0.056494962
0.0,0.026623465
0.0,0.118054815
0.0,0.0376879
0.0,0.062803194
0.0,0.050385065
0.0,0.060748376
0.0,0.06897542
0.0,0.036616694
0.0,0.07308464
0.0,0.085089415
0.0,0.050557286
0.0,0.058583025
0.0,0.054134652
0.0,0.025626939
0.0,0.035354923
0.0,0.07594605
0.0,0.14888358
0.0,0.03978558
0.0,0.016616246
0.0,0.05306846
0.0,0.08655904
0.0,0.04329835
0.0,0.011840689
0.0,0.06184642
0.0,0.041060507
0.0,0.052700087
0.0,0.04625212
0.0,0.0660135
0.0,0.065846756
0.0,0.031250983
0.0,0.04855015
0.0,0.06285137
0.0,0.0630462
0.0,0.024620555
0.0,0.05092335
0.0,0.039675638
0.0,0.019645475
0.0,0.037399374
0.0,0.06449592
0.0,0.08483695
0.0,0.07968848
0.0,0.0516324
0.0,0.047680426
0.0,0.06500184
0.0,0.08548344
0.0,0.06481542
0.0,0.07081374
0.0,0.04398544
0.0,0.041889504
0.0,0.049270943
0.0,0.03742715
0.0,0.030672178
0.0,0.048237476
0.0,0.09698536
0.0,0.056909095
0.0,0.083369024
0.0,0.024182662
0.0,0.08038878
0.0,0.027576778
0.0,0.030813126
0.0,0.063272655
0.0,0.047374185
0.0,0.08246942
0.0,0.071804225
0.0,0.07622337
0.0,0.0883365
0.0,0.06005865
0.0,0.027478568
0.0,0.121936694
0.0,0.019017028
0.0,0.07005366
0.0,0.067215554
0.0,0.031828266
0.0,0.045041904
0.0,0.056005888
1.0,0.08947697
0.0,0.063298486
1.0,0.026291296
0.0,0.018175948
0.0,0.06500506
0.0,0.055253215
0.0,0.01829785
0.0,0.10754755
0.0,0.030067723
0.0,0.03179571
0.0,0.086865306
0.0,0.03144301
0.0,0.028808871
0.0,0.054226447
0.0,0.043900326
0.0,0.049361665
0.0,0.020867962
0.0,0.024457036
0.0,0.069342166
0.0,0.06576652
0.0,0.04863941
0.0,0.04512286
0.0,0.041876145
0.0,0.07353145
0.0,0.060519133
0.0,0.04410976
0.0,0.050166525
0.0,0.054268725
0.0,0.0348663
0.0,0.061386462
0.0,0.03883197
0.0,0.025504936
0.0,0.0694535
0.0,0.094803415
0.0,0.039194413
0.0,0.08156475
0.0,0.054367926
0.0,0.015627109
0.0,0.09510233
1.0,0.043794136
0.0,0.06301465
0.0,0.0676669
0.0,0.06965264
0.0,0.078614354
0.0,0.062771864
0.0,0.03716964
0.0,0.02917036
0.0,0.040467203
0.0,0.014544426
0.0,0.104514346
0.0,0.045407705
0.0,0.09404672
0.0,0.08546172
0.0,0.06408346
0.0,0.115595795
0.0,0.040018942
0.0,0.076004736
0.0,0.14028752
0.0,0.06272042
0.0,0.036937527
0.0,0.0365865
0.0,0.12478751
0.0,0.037658155
0.0,0.050867632
0.0,0.034152474
0.0,0.03763085
0.0,0.06670603
0.0,0.04689018
0.0,0.09514542
0.0,0.026011521
0.0,0.075026274
0.0,0.11274876
0.0,0.023576042
0.0,0.080689386
0.0,0.06320337
0.0,0.05278235
0.0,0.06561222
0.0,0.04019757
0.0,0.05347619
0.0,0.037386697
0.0,0.02285027
0.0,0.018240213
0.0,0.111896574
0.0,0.12331987
0.0,0.04902627
0.0,0.043411825
0.0,0.015207588
0.0,0.06335812
0.0,0.0496196
0.0,0.059156433
0.0,0.028060166
0.0,0.040862903
0.0,0.065209806
0.0,0.034657545
0.0,0.050205674
0.0,0.10813872
0.0,0.028559024
0.0,0.086362965
0.0,0.04208774
0.0,0.087061405
0.0,0.051564764
0.0,0.056076594
0.0,0.05372577
0.0,0.04062233
1.0,0.05995341
0.0,0.06723056
0.0,0.14031489
0.0,0.15026675
0.0,0.030145735
0.0,0.11155165
0.0,0.11357536
0.0,0.20532076
0.0,0.09025085
0.0,0.03946599
0.0,0.067070074
0.0,0.10155147
0.0,0.06941772
0.0,0.066093944
0.0,0.1142383
0.0,0.113853335
0.0,0.08049956
0.0,0.10147846
0.0,0.05196629
0.0,0.075215854
0.0,0.030455565
0.0,0.06249033
0.0,0.094677195
0.0,0.008389866
0.0,0.036142398
0.0,0.06908075
0.0,0.05627734
0.0,0.1262489
0.0,0.062441703
0.0,0.047839433
0.0,0.051729
0.0,0.01586949
0.0,0.055501483
0.0,0.049137488
0.0,0.041437957
0.0,0.023562757
0.0,0.061051693
0.0,0.113562584
0.0,0.21339935
0.0,0.08939656
0.0,0.05925321
0.0,0.07187832
0.0,0.013120617
0.0,0.04992193
0.0,0.090732634
0.0,0.06967643
0.0,0.036020156
0.0,0.075815246
0.0,0.046341594
0.0,0.03484102
1.0,0.07045054
0.0,0.044830225
0.0,0.015816549
0.0,0.062697366
0.0,0.020364018
0.0,0.08675015
0.0,0.023476548
0.0,0.062782176
0.0,0.03636842
0.0,0.066521004
1.0,0.023620196
0.0,0.03666784
0.0,0.03782253
0.0,0.051744148
0.0,0.034199018
0.0,0.07226743
0.0,0.051585544
0.0,0.023970708
0.0,0.05104106
1.0,0.04430308
0.0,0.047203958
0.0,0.10875564
0.0,0.09993367
0.0,0.046024308
0.0,0.0364155
0.0,0.04814581
0.0,0.06835793
0.0,0.052750096
0.0,0.086222075
0.0,0.030577024
0.0,0.09399794
0.0,0.13418919
0.0,0.04350186
0.0,0.054682404
0.0,0.1287983
0.0,0.04928102
1.0,0.042887263
0.0,0.0765632
0.0,0.030036815
0.0,0.09633247
0.0,0.04759286
0.0,0.124326736
0.0,0.043621298
0.0,0.045679014
0.0,0.15931213
0.0,0.049475506
0.0,0.033785053
0.0,0.099734895
0.0,0.06910678
0.0,0.05147161
0.0,0.11908937
0.0,0.07187524
0.0,0.066447124
0.0,0.05032151
0.0,0.0739012
0.0,0.059332713
0.0,0.031165699
0.0,0.06890606
0.0,0.06454026
0.0,0.10151942
0.0,0.052814163
0.0,0.07752416
0.0,0.054280825
0.0,0.040498454
0.0,0.09518917
0.0,0.021035714
0.0,0.05881381
0.0,0.04511436
0.0,0.038788483
0.0,0.015446711
0.0,0.05423485
0.0,0.036847282
0.0,0.064516135
0.0,0.0767251
0.0,0.02713446
0.0,0.065639384
1.0,0.10571391
0.0,0.054026347
0.0,0.0830189
0.0,0.03579193
0.0,0.07022528
0.0,0.07232917
0.0,0.076352365
0.0,0.054239843
0.0,0.043790545
0.0,0.053029202
0.0,0.0601905
0.0,0.057940807
0.0,0.03364429
0.0,0.08127535
0.0,0.12382709
0.0,0.04209306
0.0,0.021805376
0.0,0.0582656
0.0,0.09187168
0.0,0.040223915
0.0,0.06008778
0.0,0.13871884
0.0,0.03280869
0.0,0.08430752
0.0,0.03832752
0.0,0.045637563
0.0,0.055261437
0.0,0.06851385
0.0,0.05419442
0.0,0.11546218
0.0,0.02104684
0.0,0.04714635
0.0,0.0569575
0.0,0.04420042
0.0,0.02219586
0.0,0.040232126
0.0,0.13301988
0.0,0.014126407
0.0,0.0528719
0.0,0.0645197
0.0,0.023177426
0.0,0.07565418
0.0,0.029532244
0.0,0.07226953
0.0,0.037668247
0.0,0.061107468
0.0,0.09154478
0.0,0.04504422
1.0,0.05983814
0.0,0.05019629
0.0,0.041976266
0.0,0.08323691
0.0,0.036876917
0.0,0.14171816
0.0,0.08449722
0.0,0.07767632
0.0,0.045072608
0.0,0.09287287
0.0,0.15286525
1.0,0.09876048
0.0,0.041765347
0.0,0.028781341
0.0,0.0708504
0.0,0.05548857
0.0,0.042683065
0.0,0.022214603
0.0,0.09608586
0.0,0.10326525
0.0,0.044541165
0.0,0.11225506
0.0,0.122187085
0.0,0.097097114
0.0,0.03896829
0.0,0.053703003
0.0,0.03525807
0.0,0.09339192
0.0,0.03240145
0.0,0.11003105
0.0,0.074820645
0.0,0.046130694
0.0,0.06420147
0.0,0.06206604
0.0,0.033794686
0.0,0.080071166
0.0,0.051573224
0.0,0.03899794
1.0,0.041494608
0.0,0.040414672
0.0,0.055288427
0.0,0.09614316
0.0,0.070424505
0.0,0.17116396
0.0,0.07938428
0.0,0.072856456
0.0,0.02647132
0.0,0.11742033
0.0,0.12472915
0.0,0.059054773
0.0,0.037689753
0.0,0.039005656
0.0,0.10728359
0.0,0.05517602
0.0,0.06292577
0.0,0.056699365
0.0,0.060002115
0.0,0.05324899
0.0,0.03236956
0.0,0.035383243
0.0,0.038442537
0.0,0.06323839
0.0,0.044590145
0.0,0.07947738
0.0,0.10186579
0.0,0.07553008
0.0,0.068021104
0.0,0.1401582
0.0,0.04281734
0.0,0.043681704
0.0,0.044805307
0.0,0.07784121
1.0,0.046104964
1.0,0.06962352
0.0,0.043477744
0.0,0.07091643
0.0,0.090321645
0.0,0.10372509
0.0,0.12631339
0.0,0.057037596
0.0,0.021224864
0.0,0.032300625
0.0,0.08852959
0.0,0.07216556
0.0,0.11712499
0.0,0.046276808
0.0,0.1264292
0.0,0.05703085
0.0,0.064395376
0.0,0.036869004
0.0,0.030627646
0.0,0.045518786
0.0,0.08906126
0.0,0.052193195
0.0,0.07202266
0.0,0.060327932
0.0,0.0671707
0.0,0.031082766
0.0,0.061587974
0.0,0.047265135
0.0,0.06210352
0.0,0.08266448
0.0,0.04991757
0.0,0.039048962
0.0,0.03620244
0.0,0.047773257
0.0,0.054134965
0.0,0.1323724
0.0,0.05449816
0.0,0.038372174
0.0,0.05737762
0.0,0.048907142
1.0,0.05642585
0.0,0.07489518
0.0,0.03386717
0.0,0.04114243
0.0,0.12107812
0.0,0.06550678
0.0,0.0939271
0.0,0.02962601
0.0,0.029159276
0.0,0.09452927
0.0,0.042060256
0.0,0.06548186
0.0,0.023954974
0.0,0.040857565
0.0,0.033494383
0.0,0.071523294
0.0,0.057111077
0.0,0.07055472
0.0,0.039568402
0.0,0.04870054
0.0,0.101837724
0.0,0.02350732
0.0,0.077413894
0.0,0.15241775
0.0,0.053254094
0.0,0.0312146
0.0,0.03997542
0.0,0.03576936
0.0,0.07121786
0.0,0.044990774
0.0,0.082198426
0.0,0.037863616
0.0,0.05550056
0.0,0.05612362
0.0,0.036514852
0.0,0.052889414
0.0,0.027784506
0.0,0.07365985
0.0,0.13481756
0.0,0.05792209
0.0,0.061116006
0.0,0.0886206
0.0,0.05516643
0.0,0.13594042
3.0,0.06554562
0.0,0.12865001
0.0,0.05092527
0.0,0.061552625
0.0,0.07904659
0.0,0.065820575
0.0,0.0452351
0.0,0.059215784
0.0,0.06830684
0.0,0.0773373
0.0,0.051232375
0.0,0.013886484
0.0,0.028137462
0.0,0.044610266
0.0,0.051633313
0.0,0.09595432
0.0,0.08349237
0.0,0.101431936
2.0,0.067856245
0.0,0.057366557
0.0,0.07149104
0.0,0.036343664
0.0,0.0650843
0.0,0.06764535
0.0,0.03473418
0.0,0.05676903
0.0,0.074703075
0.0,0.06851289
0.0,0.08588199
0.0,0.05511294
0.0,0.0585859
0.0,0.15288104
0.0,0.061957225
0.0,0.05669796
0.0,0.06686022
0.0,0.10265431
0.0,0.05361923
0.0,0.039393302
0.0,0.057939038
0.0,0.07570532
0.0,0.041760966
0.0,0.060853127
0.0,0.06727536
0.0,0.05760274
1.0,0.028044622
0.0,0.02621207
0.0,0.07757865
0.0,0.050358377
0.0,0.041560903
2.0,0.017338129
0.0,0.069946066
1.0,0.0858872
0.0,0.019321008
0.0,0.029670332
0.0,0.09407352
0.0,0.031148642
0.0,0.11887219
0.0,0.026253525
0.0,0.13181156
0.0,0.059679337
1.0,0.041757304
0.0,0.09460041
0.0,0.08903371
0.0,0.041850515
0.0,0.12326972
0.0,0.06964962
0.0,0.03300598
0.0,0.047524057
0.0,0.070306934
0.0,0.04999566
0.0,0.051347617
0.0,0.039895423
0.0,0.035235833
0.0,0.047325302
0.0,0.037284683
0.0,0.0791273
0.0,0.074862726
0.0,0.04311805
0.0,0.10314133
0.0,0.035105944
0.0,0.036974374
0.0,0.034685254
0.0,0.035323802
0.0,0.124243
0.0,0.058284134
0.0,0.059948977
0.0,0.043502316
0.0,0.046056226
0.0,0.054931723
1.0,0.097409815
0.0,0.064957805
1.0,0.051727053
0.0,0.069577724
0.0,0.082512535
1.0,0.071606666
0.0,0.061814517
0.0,0.04393886
0.0,0.03085013
0.0,0.08616536
0.0,0.027189648
0.0,0.068190135
0.0,0.061426666
0.0,0.032925718
0.0,0.07738677
0.0,0.047968056
0.0,0.023989677
0.0,0.13344152
0.0,0.080110736
0.0,0.106446445
0.0,0.070795916
0.0,0.083427146
0.0,0.09114747
0.0,0.046684083
0.0,0.10730347
0.0,0.022865508
0.0,0.036220137
0.0,0.076113865
0.0,0.054462906
0.0,0.06372014
0.0,0.06250124
0.0,0.10173608
0.0,0.03396347
0.0,0.08389458
1.0,0.049679972
0.0,0.056390602
0.0,0.08178446
0.0,0.05074766
0.0,0.044750154
0.0,0.044604246
1.0,0.048820328
0.0,0.03215177
0.0,0.05299314
0.0,0.106103905
0.0,0.032025535
0.0,0.03221828
0.0,0.040112898
0.0,0.07311092
0.0,0.05891521
0.0,0.051944613
0.0,0.14901936
0.0,0.10032109
0.0,0.057057805
0.0,0.024963679
0.0,0.07371897
0.0,0.08038828
0.0,0.024498098
0.0,0.07816289
0.0,0.07495188
0.0,0.049343262
0.0,0.071591645
0.0,0.079102926
0.0,0.14298365
0.0,0.033470385
0.0,0.02768669
0.0,0.09152773
0.0,0.042892396
0.0,0.05008533
0.0,0.05208969
0.0,0.068197615
0.0,0.024403483
0.0,0.019703114
0.0,0.055823836
0.0,0.06987319
0.0,0.017613683
0.0,0.06351545
0.0,0.069872856
0.0,0.1028091
0.0,0.094546
0.0,0.061981086
0.0,0.06044847
0.0,0.07223931
0.0,0.09357167
0.0,0.042530265
0.0,0.056317847
0.0,0.07271332
1.0,0.048969146
0.0,0.049542435
0.0,0.039778106
0.0,0.027192695
0.0,0.05601422
1.0,0.102040365
0.0,0.036330618
0.0,0.06584264
0.0,0.04777797
0.0,0.05573678
0.0,0.076177225
0.0,0.0386163
0.0,0.110878654
0.0,0.01711983
0.0,0.040045284
0.0,0.035703648
0.0,0.077592246
0.0,0.05182539
0.0,0.06599443
0.0,0.051262166
0.0,0.04257399
0.0,0.05636677
0.0,0.041049153
0.0,0.03484971
0.0,0.02999834
0.0,0.05125735
1.0,0.060666397
1.0,0.07658173
0.0,0.04604066
0.0,0.059722662
0.0,0.08765792
0.0,0.040449087
0.0,0.098649405
0.0,0.05500233
0.0,0.075489
0.0,0.061189927
0.0,0.04760557
0.0,0.050006554
0.0,0.05862357
0.0,0.05100087
0.0,0.04650137
0.0,0.08292889
0.0,0.05456539
0.0,0.06891382
0.0,0.13237466
0.0,0.039479822
0.0,0.13296705
0.0,0.030472923
0.0,0.040399566
0.0,0.068268254
0.0,0.015022246
0.0,0.072871044
0.0,0.09713495
0.0,0.03679963
0.0,0.06292526
1.0,0.078565225
0.0,0.050105013
0.0,0.06204027
0.0,0.05524961
0.0,0.028571215
0.0,0.03548374
0.0,0.026435623
0.0,0.06167393
0.0,0.013217559
0.0,0.0385677
0.0,0.047011815
0.0,0.07525707
0.0,0.0665946
0.0,0.061757952
0.0,0.04125026
0.0,0.07133579
0.0,0.08825958
0.0,0.021840872
0.0,0.048790887
0.0,0.037552286
0.0,0.10349758
0.0,0.051003814
0.0,0.056986444
0.0,0.04984895
0.0,0.114779435
0.0,0.03840285
0.0,0.05297835
0.0,0.037818722
0.0,0.053754754
0.0,0.077811554
0.0,0.091695875
0.0,0.0616927
0.0,0.08303398
0.0,0.05578666
0.0,0.115141176
0.0,0.07284808
0.0,0.013149917
0.0,0.08266661
0.0,0.044552147
0.0,0.071351476
0.0,0.02919556
0.0,0.06252473
0.0,0.06073824
0.0,0.044940963
0.0,0.03664281
0.0,0.07264564
0.0,0.05814082
0.0,0.0845146
0.0,0.07570355
0.0,0.043695223
0.0,0.03999607
0.0,0.045162555
0.0,0.062459257
0.0,0.08797079
0.0,0.036080718
0.0,0.029087812
0.0,0.11865518
0.0,0.013821731
0.0,0.045802813
0.0,0.020047147
0.0,0.074306086
0.0,0.086123995
0.0,0.07358346
0.0,0.037291262
0.0,0.022771867
0.0,0.054308645
0.0,0.043558694
0.0,0.07565779
0.0,0.023949161
0.0,0.03747576
0.0,0.033774212
0.0,0.041357063
0.0,0.08106986
0.0,0.120083965
0.0,0.0630367
0.0,0.06054599
0.0,0.09050602
0.0,0.047398657
0.0,0.071419895
0.0,0.107779704
0.0,0.0074871005
0.0,0.06753235
0.0,0.0850435
0.0,0.066849545
0.0,0.023878928
0.0,0.059952937
0.0,0.09830827
0.0,0.038548633
0.0,0.04857736
0.0,0.038638663
0.0,0.045174725
0.0,0.08848975
0.0,0.029661702
0.0,0.034698207
0.0,0.04772166
0.0,0.02878458
0.0,0.040813576
0.0,0.043577388
0.0,0.029893558
0.0,0.1185981
0.0,0.076631814
0.0,0.024905015
0.0,0.076513894
0.0,0.027281206
0.0,0.052975394
0.0,0.027748413
0.0,0.016557196
0.0,0.08542
0.0,0.10904019
0.0,0.048105214
0.0,0.016008126
0.0,0.04990258
1.0,0.062411327
0.0,0.07240372
0.0,0.027724568
0.0,0.019555116
0.0,0.09030922
0.0,0.094785765
0.0,0.09545948
0.0,0.037124984
0.0,0.049305253
0.0,0.06632846
0.0,0.03364429
0.0,0.04773047
0.0,0.034752052
0.0,0.04804813
0.0,0.10812913
0.0,0.053096786
1.0,0.063037515
0.0,0.058045723
0.0,0.034531765
0.0,0.09445169
0.0,0.046673287
0.0,0.038425293
0.0,0.07907174
0.0,0.09606827
0.0,0.06253622
0.0,0.033267576
0.0,0.05565079
0.0,0.053730488
0.0,0.08087727
0.0,0.04876656
0.0,0.12060404
0.0,0.12016582
0.0,0.068861194
0.0,0.059650585
0.0,0.08561525
0.0,0.07627711
0.0,0.019013729
0.0,0.022641128
1.0,0.05475288
0.0,0.08034867
0.0,0.04667645
0.0,0.052762497
0.0,0.048055142
0.0,0.09617809
0.0,0.1070458
0.0,0.035691053
0.0,0.06624123
0.0,0.03950144
1.0,0.12543133
0.0,0.057506084
0.0,0.02061794
0.0,0.024215572
1.0,0.11161935
0.0,0.10096579
0.0,0.062993765
0.0,0.03585657
0.0,0.09542913
0.0,0.038131535
0.0,0.10749741
0.0,0.10566155
0.0,0.040161476
0.0,0.054053813
0.0,0.13067621
0.0,0.11547178
0.0,0.04645817
0.0,0.036500838
0.0,0.040453717
0.0,0.034318384
0.0,0.036657155
0.0,0.05045368
0.0,0.024833733
0.0,0.05013209
0.0,0.13143091
0.0,0.06404032
0.0,0.043280326
0.0,0.025559891
0.0,0.034785893
0.0,0.025258051
0.0,0.04971329
0.0,0.041950513
0.0,0.026215857
0.0,0.033535246
0.0,0.081826836
0.0,0.049585517
1.0,0.037399035
0.0,0.043774616
0.0,0.067643546
0.0,0.05045149
0.0,0.080737226
0.0,0.057799052
0.0,0.037613735
0.0,0.040748473
0.0,0.06658214
0.0,0.08025113
1.0,0.038132682
0.0,0.08679339
0.0,0.029771661
0.0,0.0764168
0.0,0.0541
0.0,0.06216974
0.0,0.05458776
0.0,0.048965808
0.0,0.07929643
0.0,0.03818758
0.0,0.070808
0.0,0.05710932
0.0,0.02319743
0.0,0.0664282
0.0,0.036412634
0.0,0.060237072
0.0,0.061921194
0.0,0.053898565
0.0,0.08737103
0.0,0.078930564
0.0,0.039202448
0.0,0.05116468
0.0,0.099440664
0.0,0.06410527
0.0,0.0692982
0.0,0.056092747
0.0,0.050386123
0.0,0.07586396
0.0,0.13724057
0.0,0.0627046
0.0,0.054963388
0.0,0.039605364
0.0,0.022938479
0.0,0.09450251
0.0,0.062131986
0.0,0.06410476
0.0,0.10915982
0.0,0.0758108
0.0,0.053535625
0.0,0.067601524
0.0,0.043684117
0.0,0.11445182
0.0,0.09590494
0.0,0.03322072
0.0,0.10115537
0.0,0.06032143
0.0,0.02529217
0.0,0.038436323
1.0,0.06096422
0.0,0.05969001
1.0,0.044770665
0.0,0.057993215
0.0,0.05716565
0.0,0.059938088
0.0,0.03884964
0.0,0.026025714
0.0,0.03726444
0.0,0.03458141
0.0,0.056691553
0.0,0.22663303
0.0,0.015754646
0.0,0.061730422
0.0,0.054631688
0.0,0.05835811
0.0,0.017685277
0.0,0.041931152
0.0,0.075630195
0.0,0.06568175
0.0,0.08479592
0.0,0.07623646
0.0,0.056318358
0.0,0.06539976
0.0,0.14624526
0.0,0.07272585
0.0,0.055244945
0.0,0.06430875
0.0,0.052906707
0.0,0.0619046
0.0,0.024628047
0.0,0.09892285
0.0,0.09181838
0.0,0.03325914
0.0,0.07121553
0.0,0.038930066
0.0,0.03047246
0.0,0.03239637
0.0,0.07567388
0.0,0.11047919
0.0,0.069873124
0.0,0.0437012
0.0,0.0707021
0.0,0.04919155
0.0,0.018587602
0.0,0.05566918
0.0,0.02129851
0.0,0.034853518
0.0,0.061041128
0.0,0.06810929
1.0,0.07879889
0.0,0.05302785
1.0,0.09816028
0.0,0.0703015
1.0,0.13061777
0.0,0.05253382
0.0,0.043948732
0.0,0.05950268
0.0,0.07878063
0.0,0.066228405
0.0,0.039759822
0.0,0.032036837
0.0,0.057723533
0.0,0.05120473
0.0,0.06376058
0.0,0.034578245
0.0,0.14117302
0.0,0.02709863
0.0,0.03128641
0.0,0.04081276
0.0,0.052931182
0.0,0.063978896
0.0,0.052011188
0.0,0.02096073
1.0,0.042570356
0.0,0.023778088
0.0,0.040184442
0.0,0.05396872
0.0,0.063775174
0.0,0.07424809
0.0,0.036237933
0.0,0.04070829
0.0,0.09514433
2.0,0.05371527
0.0,0.07798675
0.0,0.03928441
0.0,0.14129752
0.0,0.048835322
1.0,0.07547705
0.0,0.032432318
0.0,0.113567345
0.0,0.032466624
0.0,0.021878876
0.0,0.042642176
0.0,0.018069742
0.0,0.048044283
0.0,0.023938417
0.0,0.08256903
0.0,0.085752465
1.0,0.051105965
0.0,0.114263065
0.0,0.035518914
0.0,0.02697016
0.0,0.05569228
0.0,0.093116716
0.0,0.04436885
0.0,0.045872733
0.0,0.027421433
0.0,0.07036511
0.0,0.07821448
0.0,0.040629014
0.0,0.051406883
0.0,0.04320599
0.0,0.022402888
0.0,0.06474635
0.0,0.07054402
0.0,0.10742562
0.0,0.0968518
0.0,0.04453025
0.0,0.09381654
0.0,0.077062756
0.0,0.045040723
0.0,0.051267322
0.0,0.053689532
1.0,0.045563087
1.0,0.06875712
0.0,0.031030476
0.0,0.09981654
0.0,0.06450875
0.0,0.07331833
0.0,0.046508223
1.0,0.05898183
0.0,0.12602761
0.0,0.04512353
0.0,0.06840793
0.0,0.0537526
0.0,0.0886206
0.0,0.026555875
0.0,0.0942243
0.0,0.06490325
0.0,0.11266145
0.0,0.09657363
0.0,0.053505663
0.0,0.081350066
0.0,0.04545422
0.0,0.079037204
1.0,0.0629252
0.0,0.09104431
0.0,0.064422555
0.0,0.020053772
0.0,0.033136837
0.0,0.055013902
0.0,0.052873794
0.0,0.06144811
0.0,0.053106636
1.0,0.03726412
0.0,0.08549915
0.0,0.0461497
0.0,0.059493825
0.0,0.06916404
0.0,0.11791462
0.0,0.079983324
0.0,0.13249145
0.0,0.103407994
0.0,0.024018098
0.0,0.16010648
0.0,0.02680606
0.0,0.09004142
0.0,0.038969498
0.0,0.07497922
0.0,0.05926273
0.0,0.061256547
0.0,0.04104661
0.0,0.04005365
0.0,0.012762456
0.0,0.037979074
0.0,0.07769371
1.0,0.04613408
0.0,0.06335103
0.0,0.04077193
0.0,0.042281024
0.0,0.038876697
0.0,0.03857127
0.0,0.05872964
0.0,0.023818873
0.0,0.06839409
0.0,0.028275201
0.0,0.072634004
0.0,0.021280875
1.0,0.046250552
0.0,0.041546103
0.0,0.03994933
0.0,0.086432345
0.0,0.051439323
0.0,0.04589892
0.0,0.041032404
0.0,0.129706
0.0,0.08846009
0.0,0.068746656
0.0,0.027230635
0.0,0.03205698
1.0,0.07964039
0.0,0.06875164
0.0,0.034329757
0.0,0.049642723
0.0,0.04455835
0.0,0.04503952
0.0,0.05660012
0.0,0.07703935
0.0,0.06461237
0.0,0.01226504
0.0,0.051043883
0.0,0.073684126
0.0,0.023605041
0.0,0.036943324
0.0,0.020844761
0.0,0.0702641
0.0,0.06885368
0.0,0.015159637
0.0,0.08845322
0.0,0.041309446
0.0,0.036701772
0.0,0.09410692
0.0,0.05726236
0.0,0.020840209
0.0,0.045311265
0.0,0.03888059
0.0,0.04309994
0.0,0.042176016
0.0,0.09795184
0.0,0.026500015
0.0,0.018936755
0.0,0.04186119
0.0,0.0637348
0.0,0.051069766
0.0,0.07255211
0.0,0.019200135
0.0,0.07542141
0.0,0.038783178
0.0,0.049613237
0.0,0.06211919
0.0,0.020507986
0.0,0.025584048
0.0,0.07953118
0.0,0.07842075
0.0,0.044696562
0.0,0.042565707
0.0,0.09015003
0.0,0.056326117
0.0,0.04142399
1.0,0.042259518
0.0,0.031731717
0.0,0.04022428
0.0,0.02520283
0.0,0.048599258
0.0,0.11225244
0.0,0.06679971
0.0,0.11194369
0.0,0.03878756
0.0,0.106120326
0.0,0.11799178
0.0,0.03542254
0.0,0.059517633
0.0,0.07440542
0.0,0.055536985
0.0,0.025812445
0.0,0.0729364
0.0,0.034085006
0.0,0.050730553
0.0,0.03298666
0.0,0.052938275
0.0,0.027038638
0.0,0.0364913
0.0,0.03151189
0.0,0.058028426
0.0,0.041481134
0.0,0.012953431
0.0,0.0351834
0.0,0.15727927
0.0,0.036877796
0.0,0.075531594
0.0,0.03370256
0.0,0.06592448
0.0,0.04351327
0.0,0.121105984
0.0,0.042347427
0.0,0.064908974
0.0,0.0768153
0.0,0.031043159
0.0,0.07445347
0.0,0.06274763
0.0,0.036017545
0.0,0.019207736
0.0,0.028366275
1.0,0.03432506
0.0,0.02093355
0.0,0.02402536
0.0,0.089132175
0.0,0.04381214
0.0,0.0705738
0.0,0.040105097
0.0,0.03946514
0.0,0.06918492
0.0,0.035425715
0.0,0.0733011
0.0,0.05416401
0.0,0.046375327
0.0,0.06738169
0.0,0.051623095
0.0,0.052327212
0.0,0.055187758
0.0,0.05946983
0.0,0.020385362
0.0,0.02351927
0.0,0.035873055
0.0,0.048991896
0.0,0.13828513
0.0,0.042182334
0.0,0.13304746
0.0,0.05012884
0.0,0.1182113
0.0,0.018851113
0.0,0.07943748
0.0,0.03004008
0.0,0.066587314
0.0,0.09448858
0.0,0.0625031
0.0,0.03548193
0.0,0.056028657
0.0,0.068038456
0.0,0.06666759
0.0,0.029304463
0.0,0.13062237
0.0,0.08130431
0.0,0.049029194
0.0,0.07572387
0.0,0.037303995
0.0,0.12658656
0.0,0.0487046
0.0,0.09615067
0.0,0.08008094
0.0,0.07061972
0.0,0.082937606
0.0,0.023581091
0.0,0.053285006
0.0,0.03495751
0.0,0.07422952
0.0,0.034097865
0.0,0.05929119
0.0,0.04352892
0.0,0.035831477
0.0,0.066318974
0.0,0.021255735
0.0,0.05495306
0.0,0.027513864
0.0,0.05381759
0.0,0.03036133
0.0,0.055868335
0.0,0.13988109
0.0,0.090639465
0.0,0.042170648
0.0,0.04509131
0.0,0.078736275
0.0,0.06571655
0.0,0.016705796
0.0,0.0424163
0.0,0.14706095
0.0,0.08459115
0.0,0.05186326
0.0,0.044837087
0.0,0.027664917
0.0,0.0533374
0.0,0.03825014
0.0,0.03466351
0.0,0.09433541
0.0,0.08718654
0.0,0.026912156
0.0,0.04947152
0.0,0.058646582
0.0,0.007288519
0.0,0.04136509
0.0,0.039221987
0.0,0.022626363
0.0,0.074585766
0.0,0.01143837
0.0,0.08430008
0.0,0.0654137
0.0,0.042349122
0.0,0.053731177
0.0,0.04344326
0.0,0.05125872
0.0,0.059751164
0.0,0.03249819
0.0,0.081496246
0.0,0.14060527
0.0,0.04132292
0.0,0.06032054
0.0,0.050418593
0.0,0.032226827
0.0,0.08674209
0.0,0.06556389
0.0,0.043645266
0.0,0.12177391
0.0,0.04680208
0.0,0.02089944
0.0,0.10271297
0.0,0.021134375
0.0,0.05569919
0.0,0.07737042
0.0,0.029640578
0.0,0.055918466
0.0,0.09534328
0.0,0.049821146
0.0,0.03085325
0.0,0.10527014
0.0,0.024664598
0.0,0.11270935
0.0,0.037226807
0.0,0.12873727
0.0,0.09373543
0.0,0.07249214
1.0,0.024704393
0.0,0.07173055
0.0,0.045382924
0.0,0.14755633
0.0,0.039378524
0.0,0.094677195
0.0,0.09005946
0.0,0.059709936
0.0,0.14980339
0.0,0.025177209
0.0,0.06156955
0.0,0.10998901
0.0,0.082490854
0.0,0.044576775
0.0,0.069778964
0.0,0.043500617
0.0,0.059550762
0.0,0.06618657
0.0,0.10897975
0.0,0.061517254
0.0,0.048271436
0.0,0.03932737
0.0,0.06503085
0.0,0.05134715
0.0,0.06606577
0.0,0.044879034
0.0,0.053816896
0.0,0.042346943
0.0,0.030130645
0.0,0.09337422
0.0,0.042196937
0.0,0.06337076
0.0,0.046454694
0.0,0.036862485
0.0,0.10075485
0.0,0.09929937
0.0,0.035710085
0.0,0.09203444
0.0,0.034836303
0.0,0.01908021
0.0,0.0713816
0.0,0.03031618
0.0,0.023129731
0.0,0.051849194
0.0,0.04037024
0.0,0.08181525
0.0,0.12988043
0.0,0.02619464
0.0,0.047872864
0.0,0.06327114
0.0,0.042099863
0.0,0.06368921
0.0,0.06264928
0.0,0.05077397
0.0,0.07147257
0.0,0.06618247
0.0,0.05931636
0.0,0.08430687
0.0,0.043440357
0.0,0.099414825
0.0,0.059278797
0.0,0.03395099
0.0,0.068817206
0.0,0.04176977
0.0,0.07133117
0.0,0.08295677
0.0,0.03890574
0.0,0.024894247
0.0,0.045448106
0.0,0.04451662
0.0,0.05509741
0.0,0.0653331
0.0,0.03111677
0.0,0.06805412
0.0,0.09605558
0.0,0.062465023
0.0,0.032647792
0.0,0.06269413
0.0,0.07597718
0.0,0.09191361
0.0,0.09914933
0.0,0.081871256
0.0,0.043661106
0.0,0.03170277
0.0,0.09850387
0.0,0.050440833
0.0,0.03325838
0.0,0.081556775
0.0,0.038414262
0.0,0.08298826
0.0,0.10715821
1.0,0.04237953
0.0,0.01787756
0.0,0.02648493
0.0,0.06363443
0.0,0.037354674
0.0,0.1401778
0.0,0.051589824
0.0,0.047247626
0.0,0.118643865
0.0,0.02523265
0.0,0.031934224
0.0,0.08944135
0.0,0.07771377
0.0,0.05677826
0.0,0.11076398
0.0,0.11468255
0.0,0.029341208
1.0,0.031257495
0.0,0.09274301
0.0,0.08271851
0.0,0.05392665
0.0,0.08563843
0.0,0.042508874
0.0,0.033373237
0.0,0.091155246
0.0,0.06558263
0.0,0.040437266
0.0,0.03271672
0.0,0.07289051
0.0,0.066144295
0.0,0.12463733
1.0,0.074156694
0.0,0.09079294
0.0,0.015894262
0.0,0.08678515
1.0,0.048404362
1.0,0.0629502
0.0,0.10943503
0.0,0.06690401
0.0,0.039857827
0.0,0.03487847
0.0,0.06721498
0.0,0.031760376
0.0,0.077215165
0.0,0.037640307
0.0,0.025728516
0.0,0.04268638
0.0,0.071942545
0.0,0.08426805
0.0,0.034972817
0.0,0.034642626
0.0,0.14536063
0.0,0.059226908
0.0,0.034831304
0.0,0.063834496
0.0,0.045789227
0.0,0.027955795
0.0,0.0698594
0.0,0.055767618
0.0,0.029760193
0.0,0.039712414
0.0,0.048394162
0.0,0.030005034
0.0,0.025616664
0.0,0.032241397
1.0,0.05778368
0.0,0.04608982
0.0,0.05036059
0.0,0.06820068
0.0,0.032657012
0.0,0.040293045
0.0,0.07368445
0.0,0.024990238
0.0,0.06261908
0.0,0.074870646
0.0,0.029341362
0.0,0.11136988
0.0,0.11673197
0.0,0.027330084
0.0,0.053256504
0.0,0.05826899
0.0,0.030648185
0.0,0.05101028
0.0,0.0941959
0.0,0.044573292
0.0,0.048730645
0.0,0.023803115
0.0,0.027657926
0.0,0.031326298
0.0,0.057824828
0.0,0.02429928
0.0,0.080331914
0.0,0.05263153
0.0,0.027111491
0.0,0.062087175
0.0,0.07975813
0.0,0.04625071
0.0,0.091055244
0.0,0.049226087
0.0,0.034283347
0.0,0.023543721
0.0,0.060545195
0.0,0.039355114
0.0,0.036185715
0.0,0.05421675
0.0,0.13173679
0.0,0.09205344
0.0,0.064131565
0.0,0.05619721
0.0,0.0667663
0.0,0.062367253
0.0,0.029297324
0.0,0.03026463
0.0,0.06288977
0.0,0.051971026
0.0,0.017312717
0.0,0.069808915
0.0,0.049724314
0.0,0.07005889
0.0,0.037053373
0.0,0.034193896
0.0,0.045024812
0.0,0.043187514
0.0,0.015903436
0.0,0.060270026
0.0,0.093886584
0.0,0.045981247
1.0,0.0615462
0.0,0.06229834
0.0,0.041297667
0.0,0.05813353
0.0,0.044178445
1.0,0.054570973
0.0,0.044867545
0.0,0.049491458
0.0,0.09271687
0.0,0.04980495
0.0,0.045554247
0.0,0.032583624
0.0,0.07445201
1.0,0.027434774
0.0,0.04071666
0.0,0.0661867
0.0,0.13267343
0.0,0.07388576
0.0,0.018378971
0.0,0.06368956
0.0,0.057340644
0.0,0.04496465
0.0,0.156315
0.0,0.042502813
0.0,0.037874017
0.0,0.091674685
0.0,0.06403385
0.0,0.050964087
0.0,0.05950262
1.0,0.06427147
0.0,0.048184626
0.0,0.110234395
0.0,0.021555025
0.0,0.072671935
0.0,0.06642547
0.0,0.12630188
0.0,0.01609925
0.0,0.06650507
0.0,0.03302813
0.0,0.06119649
1.0,0.030351285
0.0,0.042728335
0.0,0.051425
1.0,0.025643233
0.0,0.055435732
1.0,0.08319691
0.0,0.037891377
0.0,0.082884826
0.0,0.08310411
0.0,0.0668381
0.0,0.06091659
0.0,0.043204322
0.0,0.042569768
0.0,0.031119427
0.0,0.06107851
0.0,0.074883506
0.0,0.04262335
0.0,0.02275489
0.0,0.0674749
0.0,0.05158178
0.0,0.050857298
0.0,0.048711084
0.0,0.053240333
0.0,0.054536738
0.0,0.036750704
0.0,0.12967019
0.0,0.12596981
0.0,0.053002227
0.0,0.02139069
0.0,0.04404049
0.0,0.10051113
0.0,0.031737242
0.0,0.028563546
0.0,0.058493577
0.0,0.03948489
0.0,0.025523584
0.0,0.098050065
1.0,0.03527672
0.0,0.013426621
0.0,0.04449478
0.0,0.052121073
0.0,0.049132496
0.0,0.04625622
0.0,0.071342126
0.0,0.05726236
0.0,0.04248938
0.0,0.03955959
0.0,0.041925713
0.0,0.079749875
0.0,0.025516722
0.0,0.06198536
0.0,0.04308237
0.0,0.02579057
0.0,0.053633265
0.0,0.032786045
0.0,0.043503996
0.0,0.04149783
0.0,0.021704752
0.0,0.020827413
0.0,0.04305826
0.0,0.023841407
0.0,0.04761715
0.0,0.070143506
0.0,0.08991588
0.0,0.060097393
0.0,0.05811704
0.0,0.055972476
0.0,0.06592366
0.0,0.13679847
0.0,0.054027736
0.0,0.076587535
0.0,0.15354837
0.0,0.05987944
0.0,0.10365859
0.0,0.03741059
0.0,0.062466897
0.0,0.11252814
0.0,0.055844378
0.0,0.031229412
0.0,0.057900056
0.0,0.024691615
0.0,0.053924643
0.0,0.037193324
0.0,0.044070028
0.0,0.02794917
0.0,0.039328158
1.0,0.1229046
0.0,0.061246295
0.0,0.048776302
0.0,0.049852088
1.0,0.034904227
0.0,0.016122552
0.0,0.040950388
1.0,0.028795905
0.0,0.09158829
0.0,0.048509173
0.0,0.037239254
0.0,0.05897667
0.0,0.06415796
0.0,0.08543246
0.0,0.03305403
0.0,0.06337979
0.0,0.032148916
0.0,0.059338823
0.0,0.05796739
0.0,0.03805185
0.0,0.029229563
0.0,0.06784862
0.0,0.0873158
0.0,0.05394976
0.0,0.091577806
0.0,0.019905789
0.0,0.036685675
0.0,0.027883623
0.0,0.035706066
0.0,0.096207954
0.0,0.038807724
1.0,0.074334316
0.0,0.061471142
0.0,0.07560153
0.0,0.06714063
1.0,0.07754675
0.0,0.10360809
0.0,0.028154587
0.0,0.12852444
0.0,0.02715846
0.0,0.04668582
0.0,0.039739087
0.0,0.08136485
0.0,0.050348606
0.0,0.0580606
0.0,0.06956497
0.0,0.032649443
0.0,0.08160956
0.0,0.04489087
0.0,0.080878615
1.0,0.03571392
0.0,0.031464446
0.0,0.014525893
0.0,0.05045072
0.0,0.050946888
0.0,0.026825905
0.0,0.107378095
0.0,0.041545805
0.0,0.06517132
0.0,0.039981708
0.0,0.053165786
1.0,0.036173932
0.0,0.10989368
0.0,0.115536034
0.0,0.09983429
0.0,0.050239705
1.0,0.023716195
0.0,0.05055502
0.0,0.08633338
0.0,0.06304852
0.0,0.08098096
0.0,0.12958913
0.0,0.054593354
0.0,0.042500746
0.0,0.10231224
0.0,0.08585948
0.0,0.097639635
0.0,0.018470366
0.0,0.08645242
0.0,0.049288917
0.0,0.09360421
0.0,0.030139022
0.0,0.098071665
1.0,0.039070956
0.0,0.035891123
0.0,0.053273648
0.0,0.041869596
1.0,0.060745567
0.0,0.033637777
0.0,0.021216627
0.0,0.05320503
0.0,0.044788964
0.0,0.10706454
0.0,0.052525077
0.0,0.034614883
0.0,0.03395544
0.0,0.06836615
0.0,0.05909066
0.0,0.065255076
0.0,0.064196005
1.0,0.0685702
0.0,0.027660273
0.0,0.078416266
0.0,0.03916878
0.0,0.07197837
0.0,0.053664107
0.0,0.09124558
0.0,0.03293925
0.0,0.103457116
0.0,0.06524196
0.0,0.0816951
0.0,0.04115303
0.0,0.056220718
0.0,0.055224586
0.0,0.07348154
0.0,0.04628186
0.0,0.051098995
0.0,0.051032715
0.0,0.05585507
0.0,0.057365477
0.0,0.04052552
0.0,0.033519864
0.0,0.030888002
0.0,0.05017224
0.0,0.03382264
0.0,0.06550665
0.0,0.07211211
0.0,0.02632125
0.0,0.015849307
0.0,0.045203984
0.0,0.050057635
0.0,0.029201074
0.0,0.10971011
0.0,0.06473491
0.0,0.047005154
0.0,0.024048043
0.0,0.032551292
0.0,0.07323301
0.0,0.053359937
0.0,0.045267016
1.0,0.04246888
0.0,0.05891344
0.0,0.07886223
1.0,0.0701913
0.0,0.10072684
0.0,0.031527974
0.0,0.047629252
0.0,0.050839428
0.0,0.07470283
0.0,0.04553583
1.0,0.026251271
0.0,0.086961165
0.0,0.026591646
0.0,0.056368195
0.0,0.031777464
0.0,0.20072514
0.0,0.069126256
0.0,0.05079385
0.0,0.14023013
0.0,0.07155171
0.0,0.042048786
0.0,0.081527576
0.0,0.061807003
0.0,0.074563466
0.0,0.040053762
0.0,0.07528961
0.0,0.053228326
0.0,0.052746475
0.0,0.07251437
1.0,0.062617324
0.0,0.01482465
0.0,0.047064163
0.0,0.10542446
0.0,0.047574095
0.0,0.10001922
0.0,0.09760574
0.0,0.027223468
0.0,0.04989356
0.0,0.098238945
0.0,0.012869688
0.0,0.040899318
0.0,0.03910007
0.0,0.043754622
0.0,0.03531654
0.0,0.05634718
0.0,0.08163202
0.0,0.025917094
0.0,0.0832747
0.0,0.037546378
0.0,0.04872974
0.0,0.04283439
0.0,0.11236538
0.0,0.0770729
0.0,0.10414648
1.0,0.03105065
0.0,0.05927785
0.0,0.017146554
0.0,0.063464195
0.0,0.0780777
0.0,0.06548154
0.0,0.03380065
0.0,0.053697675
0.0,0.08017329
0.0,0.05240772
0.0,0.020550312
0.0,0.07647315
0.0,0.08561708
0.0,0.04086902
0.0,0.028572142
0.0,0.02544341
1.0,0.04619371
0.0,0.05245635
0.0,0.04761365
0.0,0.052496534
0.0,0.043071486
0.0,0.07696995
0.0,0.059493825
0.0,0.08309379
0.0,0.09799739
0.0,0.09779195
0.0,0.03919615
1.0,0.05290789
0.0,0.06436535
0.0,0.083468266
0.0,0.06970155
0.0,0.07738223
1.0,0.045344546
0.0,0.045161176
0.0,0.06624639
0.0,0.11993787
0.0,0.11639581
0.0,0.136623
0.0,0.025118763
0.0,0.052884154
0.0,0.023621717
0.0,0.030627646
0.0,0.060924448
0.0,0.06869721
0.0,0.058430143
0.0,0.025281403
0.0,0.096951306
0.0,0.03444738
0.0,0.054000165
0.0,0.04083725
0.0,0.06482766
0.0,0.048795495
0.0,0.054178864
0.0,0.080225244
1.0,0.04303447
0.0,0.07457307
0.0,0.07081904
0.0,0.0577873
0.0,0.09174977
0.0,0.05712483
0.0,0.07107548
0.0,0.077935986
0.0,0.030360838
0.0,0.02469397
0.0,0.013343445
0.0,0.026917148
0.0,0.04430946
0.0,0.07977068
0.0,0.03830132
0.0,0.0704282
0.0,0.07021139
0.0,0.08332304
0.0,0.05415833
0.0,0.07827714
0.0,0.07142204
0.0,0.04338496
0.0,0.049877647
0.0,0.117131025
0.0,0.050212786
0.0,0.057575528
0.0,0.059009988
0.0,0.060482826
0.0,0.106522664
0.0,0.019815499
0.0,0.05300099
0.0,0.061039932
0.0,0.047888868
1.0,0.060843173
0.0,0.03218777
0.0,0.032990307
0.0,0.046121232
0.0,0.038334228
0.0,0.13112721
0.0,0.044209614
0.0,0.15031153
1.0,0.064695425
1.0,0.03267304
0.0,0.0995937
0.0,0.023424238
0.0,0.05660954
0.0,0.053478893
0.0,0.09596233
0.0,0.10647856
0.0,0.07542998
0.0,0.080235384
0.0,0.03963221
0.0,0.06347279
0.0,0.025099713
0.0,0.089827515
0.0,0.02568543
0.0,0.03548978
0.0,0.02831939
0.0,0.03699573
0.0,0.08168359
0.0,0.048060462
0.0,0.07208636
0.0,0.030619789
0.0,0.08943479
0.0,0.06732215
0.0,0.059482053
0.0,0.050890606
0.0,0.035882533
0.0,0.016038436
0.0,0.057200443
0.0,0.039242864
0.0,0.024790585
1.0,0.043591667
0.0,0.08263004
0.0,0.06712367
0.0,0.05447506
0.0,0.08953886
0.0,0.08708374
0.0,0.1453878
0.0,0.04696673
0.0,0.035331853
0.0,0.07854664
0.0,0.046070483
0.0,0.04668989
0.0,0.060700238
0.0,0.04966363
0.0,0.023681298
0.0,0.05803576
0.0,0.046814065
0.0,0.04415595
0.0,0.058327228
0.0,0.09070508
0.0,0.042684246
0.0,0.0498316
0.0,0.021521728
0.0,0.04452303
0.0,0.05333993
0.0,0.025682624
1.0,0.043587387
0.0,0.03974862
0.0,0.066856585
0.0,0.039755084
0.0,0.04792857
0.0,0.088786155
0.0,0.071905404
1.0,0.050080482
0.0,0.07076642
0.0,0.0617667
0.0,0.05409868
0.0,0.07224186
0.0,0.10843417
0.0,0.023542464
0.0,0.03689878
0.0,0.013088655
0.0,0.047755055
0.0,0.106970996
1.0,0.09345899
0.0,0.04800826
0.0,0.04619554
1.0,0.10040757
0.0,0.06823685
2.0,0.0575811
0.0,0.03894672
0.0,0.046214886
0.0,0.056924567
0.0,0.047706988
0.0,0.02066968
0.0,0.05372626
0.0,0.03257368
0.0,0.05097165
0.0,0.12382512
0.0,0.034565352
0.0,0.117941946
0.0,0.03367093
0.0,0.017627269
0.0,0.027871434
0.0,0.03194138
0.0,0.020513961
0.0,0.037625987
0.0,0.0291673
0.0,0.08286679
0.0,0.056008156
0.0,0.031005258
0.0,0.017354928
0.0,0.14168268
0.0,0.047737047
1.0,0.048326112
0.0,0.06724553
0.0,0.033265214
0.0,0.060746524
0.0,0.04159794
0.0,0.056414742
0.0,0.029865889
0.0,0.044670165
0.0,0.030100431
0.0,0.107161626
0.0,0.05127869
0.0,0.07080361
0.0,0.09281724
0.0,0.049634464
0.0,0.014598337
0.0,0.06642034
0.0,0.028486246
0.0,0.08158249
0.0,0.03312649
0.0,0.03511899
0.0,0.07344523
0.0,0.06241399
0.0,0.041833553
0.0,0.09287754
0.0,0.08415164
0.0,0.0386664
0.0,0.057547547
0.0,0.038789
0.0,0.072154894
0.0,0.055662256
0.0,0.087066635
0.0,0.061819028
0.0,0.09726704
0.0,0.05373315
0.0,0.05182188
0.0,0.030624827
0.0,0.07321143
0.0,0.08799471
0.0,0.06517005
0.0,0.040111944
0.0,0.025474938
0.0,0.069286905
0.0,0.04842588
0.0,0.053422514
0.0,0.06096342
0.0,0.07499006
0.0,0.039772525
0.0,0.044707626
0.0,0.045096662
0.0,0.042440537
0.0,0.022856371
0.0,0.061552126
0.0,0.10909358
0.0,0.04140191
0.0,0.02668717
1.0,0.035106648
0.0,0.09052911
0.0,0.055032544
0.0,0.025010563
0.0,0.11025206
0.0,0.024389442
0.0,0.069134764
0.0,0.019271294
0.0,0.041369922
0.0,0.03701193
0.0,0.06506705
0.0,0.05661335
0.0,0.12724599
0.0,0.05702802
0.0,0.017655425
0.0,0.1222783
0.0,0.015939126
0.0,0.05471193
0.0,0.03711753
0.0,0.032788187
0.0,0.06274291
0.0,0.046485737
0.0,0.071588874
0.0,0.054639217
0.0,0.075962275
0.0,0.019950204
0.0,0.11313403
0.0,0.08432762
0.0,0.040808246
0.0,0.028716458
0.0,0.034762
0.0,0.03934581
1.0,0.04192104
0.0,0.07812038
0.0,0.028550595
0.0,0.0876186
0.0,0.06948111
0.0,0.038802397
0.0,0.054377094
0.0,0.05404513
0.0,0.054884806
0.0,0.05035874
0.0,0.01907758
0.0,0.0728871
0.0,0.052292615
0.0,0.04464127
0.0,0.064788565
0.0,0.043351192
0.0,0.04769932
0.0,0.024811257
0.0,0.05341681
0.0,0.058387406
0.0,0.02401101
0.0,0.060383998
0.0,0.038137138
0.0,0.03122986
0.0,0.081170544
0.0,0.05824924
0.0,0.046122972
0.0,0.05490419
0.0,0.04073029
0.0,0.05425315
0.0,0.099186406
0.0,0.07056313
1.0,0.12113951
0.0,0.0901493
0.0,0.048155453
0.0,0.053431954
1.0,0.053997166
0.0,0.063879855
0.0,0.051936343
0.0,0.054902658
0.0,0.09241952
0.0,0.06306419
0.0,0.06754817
0.0,0.096878685
0.0,0.02234094
0.0,0.020554822
0.0,0.0523501
0.0,0.030631091
0.0,0.060835894
0.0,0.024523003
0.0,0.06789422
0.0,0.020238455
0.0,0.061101757
0.0,0.041434716
1.0,0.1345638
0.0,0.07735102
0.0,0.08366695
0.0,0.05380035
0.0,0.043845642
1.0,0.036775313
0.0,0.044905834
0.0,0.07825442
0.0,0.03880367
0.0,0.032960024
1.0,0.041418754
0.0,0.041984454
0.0,0.09044433
0.0,0.070298254
0.0,0.030688504
0.0,0.064904846
0.0,0.07847062
0.0,0.034316715
0.0,0.029778391
0.0,0.064216666
0.0,0.03587254
0.0,0.04153677
0.0,0.1283595
0.0,0.16986099
0.0,0.074821435
0.0,0.051869124
0.0,0.09871109
0.0,0.048152056
0.0,0.07537789
0.0,0.07685474
0.0,0.07017298
0.0,0.05683704
0.0,0.023841998
0.0,0.075709306
0.0,0.032039113
0.0,0.06872981
0.0,0.046760343
1.0,0.11428668
0.0,0.055206142
0.0,0.04973916
0.0,0.042209353
0.0,0.03050741
0.0,0.030859133
0.0,0.04032766
0.0,0.029319977
0.0,0.06269985
0.0,0.06321656
0.0,0.06804206
0.0,0.11240766
0.0,0.061405987
2.0,0.028781766
0.0,0.06571405
0.0,0.044966303
0.0,0.019384386
0.0,0.055973504
0.0,0.09208384
0.0,0.13638133
0.0,0.06500667
0.0,0.06667404
0.0,0.07866535
0.0,0.034276158
0.0,0.101593226
0.0,0.031414613
0.0,0.05108803
0.0,0.08300172
0.0,0.05715585
0.0,0.087916076
0.0,0.05747897
0.0,0.0296604
0.0,0.07746275
0.0,0.04015311
0.0,0.04315028
0.0,0.04254917
0.0,0.034089524
0.0,0.025394818
0.0,0.06655527
0.0,0.030890433
0.0,0.055337273
0.0,0.06449694
0.0,0.09540542
0.0,0.052445844
0.0,0.027526395
0.0,0.028459487
0.0,0.07136873
0.0,0.065718025
0.0,0.029623806
0.0,0.092941776
0.0,0.04433588
0.0,0.04421541
0.0,0.06610504
0.0,0.034390643
0.0,0.016851913
0.0,0.03366586
0.0,0.04804882
0.0,0.10731611
0.0,0.0666453
0.0,0.030739704
0.0,0.033759754
0.0,0.12100635
0.0,0.08736022
0.0,0.07125539
0.0,0.047654558
0.0,0.013971507
0.0,0.066954404
0.0,0.0226678
0.0,0.045434996
0.0,0.03792657
0.0,0.0385976
0.0,0.07915775
0.0,0.019149052
0.0,0.0397432
0.0,0.029172655
0.0,0.03403403
0.0,0.023611572
0.0,0.10419096
0.0,0.087262645
0.0,0.031267423
1.0,0.07597524
0.0,0.05199926
0.0,0.039846104
0.0,0.05315903
0.0,0.042466328
0.0,0.055433698
0.0,0.079925835
0.0,0.05681669
0.0,0.030966459
0.0,0.07429491
0.0,0.038199272
0.0,0.039280906
0.0,0.018520381
0.0,0.048688978
0.0,0.029627593
0.0,0.08211667
0.0,0.08741908
0.0,0.056532122
0.0,0.055842645
0.0,0.065678224
0.0,0.055464447
0.0,0.025418647
0.0,0.044564024
1.0,0.041960314
0.0,0.018008206
0.0,0.06532785
0.0,0.06423878
0.0,0.061516196
0.0,0.06534025
0.0,0.06101139
0.0,0.06014279
0.0,0.034635108
0.0,0.029791273
0.0,0.041696478
0.0,0.07616153
0.0,0.02733535
0.0,0.16871876
0.0,0.016742336
0.0,0.052123584
0.0,0.062378258
0.0,0.09185004
0.0,0.034839958
0.0,0.06489414
0.0,0.10685879
0.0,0.086576015
0.0,0.07668688
0.0,0.188527
0.0,0.07755165
0.0,0.055128526
0.0,0.07545682
0.0,0.024023494
0.0,0.113830894
0.0,0.078910336
0.0,0.036574744
0.0,0.04404463
0.0,0.030599268
0.0,0.037957925
1.0,0.07564589
0.0,0.029372662
0.0,0.025456503
0.0,0.12168507
0.0,0.14854707
0.0,0.039541487
0.0,0.10719265
0.0,0.07311692
0.0,0.028741898
0.0,0.11121728
0.0,0.04506893
0.0,0.021988358
0.0,0.061481345
0.0,0.031475145
0.0,0.072613984
0.0,0.06107446
0.0,0.08744697
0.0,0.1212897
0.0,0.03360289
0.0,0.0170095
0.0,0.08948269
0.0,0.05142946
0.0,0.011902459
0.0,0.042053517
0.0,0.041513722
0.0,0.084363095
0.0,0.036960572
0.0,0.089125946
0.0,0.037979234
0.0,0.039365962
0.0,0.059966933
0.0,0.021652354
0.0,0.042725623
0.0,0.09615017
0.0,0.058504052
0.0,0.09027292
0.0,0.083656855
0.0,0.07285677
0.0,0.040497143
0.0,0.11031132
0.0,0.037097253
0.0,0.118919306
0.0,0.063652374
0.0,0.0565709
0.0,0.050148323
0.0,0.03695379
0.0,0.04573699
0.0,0.076434396
0.0,0.034002446
0.0,0.076828085
0.0,0.029169038
0.0,0.037752777
0.0,0.10037319
0.0,0.069369584
0.0,0.05303426
1.0,0.023926126
0.0,0.022448871
0.0,0.07638954
0.0,0.066893354
0.0,0.05275598
0.0,0.047334015
0.0,0.045954417
0.0,0.044624478
0.0,0.049818296
0.0,0.042302623
0.0,0.07087306
0.0,0.06331469
0.0,0.053224277
0.0,0.08605561
0.0,0.11056662
0.0,0.048508037
0.0,0.029899303
0.0,0.102128744
0.0,0.102307945
0.0,0.08151599
0.0,0.04542434
0.0,0.035677508
0.0,0.06413463
0.0,0.033725917
0.0,0.047692955
0.0,0.043506403
0.0,0.15630007
0.0,0.1294654
0.0,0.016408477
0.0,0.02371088
0.0,0.028497523
0.0,0.07828666
0.0,0.09396595
0.0,0.035696637
0.0,0.024732292
0.0,0.05674724
0.0,0.0699997
0.0,0.024989273
0.0,0.06065862
0.0,0.057705645
0.0,0.019078208
0.0,0.052639812
0.0,0.048314247
0.0,0.056403954
0.0,0.08468646
0.0,0.032870136
0.0,0.13499115
0.0,0.14785363
0.0,0.1149768
0.0,0.043203317
0.0,0.04114045
0.0,0.12965868
0.0,0.040669177
0.0,0.10192514
0.0,0.1313123
0.0,0.09033799
0.0,0.06371018
0.0,0.047021434
0.0,0.04280709
0.0,0.03005756
0.0,0.040388897
0.0,0.13485646
0.0,0.08188691
0.0,0.03350908
0.0,0.046375923
0.0,0.047851454
0.0,0.041008852
0.0,0.12479179
0.0,0.028894788
0.0,0.041272804
0.0,0.04059499
1.0,0.056998443
0.0,0.014692474
0.0,0.02567594
0.0,0.04738268
0.0,0.03608261
0.0,0.03039901
0.0,0.038195685
0.0,0.033099473
0.0,0.031936493
0.0,0.034204397
1.0,0.038763467
0.0,0.02259166
0.0,0.022760458
0.0,0.059926257
0.0,0.05055931
0.0,0.07310878
0.0,0.063315615
0.0,0.03309936
0.0,0.03579618
0.0,0.06549235
0.0,0.039163195
0.0,0.071828164
0.0,0.07312518
0.0,0.098101415
0.0,0.0758827
0.0,0.017939564
0.0,0.067803815
0.0,0.054559782
0.0,0.10639139
0.0,0.05468835
0.0,0.041068733
0.0,0.061672993
0.0,0.03292829
0.0,0.03577932
0.0,0.09749318
0.0,0.037694696
0.0,0.08582202
0.0,0.04387308
0.0,0.05613339
0.0,0.05555155
0.0,0.075559795
0.0,0.10269093
0.0,0.045503315
0.0,0.07298173
0.0,0.027234674
0.0,0.07822076
0.0,0.07703429
0.0,0.085339576
0.0,0.034979835
0.0,0.08882084
0.0,0.10059475
0.0,0.06295125
0.0,0.059287347
0.0,0.06019024
0.0,0.0632331
0.0,0.02225604
0.0,0.04363694
0.0,0.07356217
0.0,0.019214304
0.0,0.07891
0.0,0.091992825
0.0,0.09535644
0.0,0.10447085
0.0,0.02545239
0.0,0.050867192
0.0,0.03621071
0.0,0.051971372
0.0,0.09448953
0.0,0.056677364
0.0,0.0322519
0.0,0.053077597
0.0,0.016438337
1.0,0.039526198
0.0,0.06256449
0.0,0.033572268
0.0,0.033074938
0.0,0.11917191
0.0,0.08409268
0.0,0.04859492
0.0,0.08103365
0.0,0.043021463
1.0,0.07425894
0.0,0.05485376
0.0,0.10983859
0.0,0.075662196
0.0,0.045316514
0.0,0.0778697
0.0,0.10333258
0.0,0.04849294
0.0,0.10634163
0.0,0.044299107
0.0,0.0896007
0.0,0.071813814
0.0,0.042673398
0.0,0.05152868
0.0,0.057494033
0.0,0.08631955
0.0,0.109290056
0.0,0.06821521
0.0,0.025614917
0.0,0.05913834
0.0,0.026145598
0.0,0.08529407
0.0,0.0771015
0.0,0.076028585
0.0,0.11373453
0.0,0.0569294
0.0,0.055962108
0.0,0.071214296
0.0,0.048334226
0.0,0.03729873
0.0,0.074859515
0.0,0.105577566
0.0,0.067768745
0.0,0.01780438
0.0,0.03901747
0.0,0.044233754
0.0,0.065104805
0.0,0.037629273
0.0,0.094677195
0.0,0.07189013
0.0,0.022618122
0.0,0.03438349
0.0,0.06352442
0.0,0.024485461
0.0,0.03898771
0.0,0.06515041
0.0,0.106925964
0.0,0.045405544
1.0,0.052370347
0.0,0.05049657
0.0,0.037101693
0.0,0.07391776
0.0,0.0969542
0.0,0.10074642
0.0,0.06581819
0.0,0.05343576
0.0,0.06991925
0.0,0.035906665
0.0,0.028851474
0.0,0.05433189
0.0,0.05456725
0.0,0.05278668
0.0,0.03372122
0.0,0.08116348
0.0,0.09710845
0.0,0.053129226
0.0,0.051440082
0.0,0.015086457
0.0,0.06063574
0.0,0.048882198
0.0,0.033774808
0.0,0.075653784
0.0,0.12490419
0.0,0.066891156
0.0,0.056560893
0.0,0.06050664
0.0,0.15213566
0.0,0.021947317
0.0,0.027688012
0.0,0.019858036
0.0,0.027000204
0.0,0.07142589
0.0,0.039139412
0.0,0.03366401
0.0,0.061963283
0.0,0.023133252
0.0,0.023244012
0.0,0.021817941
0.0,0.13116176
0.0,0.042871416
0.0,0.057571176
0.0,0.05773281
0.0,0.087512
0.0,0.090591244
0.0,0.028609918
0.0,0.039463636
0.0,0.030765248
0.0,0.04799574
0.0,0.06082136
0.0,0.03173821
0.0,0.02745142
0.0,0.048299387
0.0,0.10785538
0.0,0.048316114
0.0,0.06469916
0.0,0.02814974
0.0,0.046150364
0.0,0.07700859
0.0,0.053350322
0.0,0.12478757
0.0,0.055308625
0.0,0.04379808
0.0,0.046151772
1.0,0.0797325
0.0,0.056987084
0.0,0.027880033
0.0,0.15150525
0.0,0.049138706
0.0,0.09031568
0.0,0.043500885
0.0,0.07503741
0.0,0.05694938
0.0,0.071670644
0.0,0.03162975
0.0,0.0509953
0.0,0.07156963
1.0,0.10174094
0.0,0.028689181
0.0,0.071489476
0.0,0.06630307
0.0,0.028009474
0.0,0.03408488
0.0,0.04313232
0.0,0.042904567
0.0,0.10829089
0.0,0.0649597
0.0,0.059090942
0.0,0.033153936
1.0,0.084369615
0.0,0.053445317
0.0,0.071200795
0.0,0.068404816
0.0,0.019949574
0.0,0.084187604
0.0,0.04871097
0.0,0.039130155
0.0,0.1812939
0.0,0.044241942
0.0,0.04589028
0.0,0.060778294
1.0,0.08667196
0.0,0.016720563
0.0,0.026936833
0.0,0.04284534
0.0,0.061073765
0.0,0.049167745
0.0,0.048182763
0.0,0.022530608
0.0,0.024358679
0.0,0.051252097
0.0,0.1053431
0.0,0.02797549
0.0,0.08281022
0.0,0.036855012
0.0,0.028715733
0.0,0.043847166
0.0,0.049600985
0.0,0.06820565
0.0,0.08615872
0.0,0.056822002
0.0,0.040896215
0.0,0.11044291
0.0,0.04745578
0.0,0.040005244
0.0,0.06660337
0.0,0.022154137
0.0,0.11300038
0.0,0.061134193
0.0,0.075946555
0.0,0.098180644
0.0,0.05604299
0.0,0.094308436
0.0,0.022921652
0.0,0.040078774
0.0,0.08124734
0.0,0.044780467
0.0,0.028189057
0.0,0.03961503
0.0,0.04851285
0.0,0.033791177
0.0,0.0689743
0.0,0.044425182
0.0,0.043250866
0.0,0.039171543
0.0,0.030290257
0.0,0.05786427
0.0,0.05995415
0.0,0.07537034
0.0,0.06809841
0.0,0.03093573
0.0,0.030868229
0.0,0.036213577
1.0,0.11216316
0.0,0.05678825
0.0,0.083573565
0.0,0.015220414
0.0,0.07442921
0.0,0.08298787
0.0,0.109227486
0.0,0.043916784
0.0,0.05177152
0.0,0.026293702
0.0,0.052208878
0.0,0.035403766
0.0,0.09462669
0.0,0.060069133
0.0,0.055279624
0.0,0.05289693
0.0,0.14936897
0.0,0.083363295
0.0,0.07299499
0.0,0.054308165
0.0,0.040694278
0.0,0.0353715
0.0,0.098580986
1.0,0.052536875
0.0,0.10140297
0.0,0.03842522
0.0,0.049578853
0.0,0.037509315
0.0,0.06827805
0.0,0.032901563
0.0,0.056883674
0.0,0.035944354
0.0,0.15513748
0.0,0.06571987
0.0,0.061798368
0.0,0.08280179
0.0,0.038902048
0.0,0.024219349
0.0,0.036239557
0.0,0.102215365
0.0,0.010419379
0.0,0.09086263
0.0,0.022876576
0.0,0.048134793
0.0,0.09810544
0.0,0.058082312
0.0,0.07012664
0.0,0.065921366
0.0,0.044615753
0.0,0.07888549
0.0,0.05457387
0.0,0.053497102
0.0,0.0657546
0.0,0.06835918
0.0,0.06789307
0.0,0.020077147
0.0,0.03611795
0.0,0.081810355
0.0,0.0449844
0.0,0.0520805
0.0,0.115161106
0.0,0.050606947
0.0,0.06988474
0.0,0.014670233
1.0,0.13005091
0.0,0.049522832
0.0,0.07907477
0.0,0.035324406
0.0,0.08931631
0.0,0.10318261
0.0,0.045666795
0.0,0.036091868
0.0,0.040008772
1.0,0.017982515
0.0,0.06479054
0.0,0.080569714
0.0,0.05285262
0.0,0.06406066
0.0,0.045666926
0.0,0.08107953
0.0,0.049189977
0.0,0.039181855
0.0,0.064692326
0.0,0.02374137
0.0,0.05070238
0.0,0.033869654
0.0,0.06660166
0.0,0.023966558
0.0,0.043310054
0.0,0.028565943
0.0,0.066861115
0.0,0.041176148
0.0,0.035784014
0.0,0.038547255
1.0,0.048133116
0.0,0.05704494
0.0,0.07902854
0.0,0.017866183
0.0,0.04997211
0.0,0.08697902
0.0,0.0798883
0.0,0.09716098
0.0,0.04233451
0.0,0.02833841
0.0,0.059953038
0.0,0.07082627
0.0,0.03866769
0.0,0.0815013
0.0,0.015256382
0.0,0.046456113
0.0,0.09993097
0.0,0.03364689
0.0,0.059266347
0.0,0.034338597
0.0,0.04658895
0.0,0.040728793
0.0,0.03773588
0.0,0.08076371
0.0,0.037690993
0.0,0.06967523
0.0,0.12567289
0.0,0.10275387
0.0,0.04235274
0.0,0.058247544
0.0,0.021261493
0.0,0.0393435
0.0,0.052133374
0.0,0.058525506
0.0,0.03526328
0.0,0.05514438
0.0,0.035984054
0.0,0.080961384
0.0,0.1274786
0.0,0.13659577
0.0,0.09620309
0.0,0.031691253
0.0,0.061994772
0.0,0.08240851
0.0,0.07342756
0.0,0.034447115
0.0,0.026581567
0.0,0.020873535
0.0,0.0663954
0.0,0.050802376
0.0,0.05924061
0.0,0.05374809
0.0,0.13361031
0.0,0.029638685
0.0,0.08743129
0.0,0.06605757
0.0,0.061925475
0.0,0.110170074
1.0,0.07596517
0.0,0.07763166
0.0,0.09411794
0.0,0.044422977
0.0,0.06823688
0.0,0.039356053
0.0,0.06264656
0.0,0.028169936
0.0,0.054175504
0.0,0.016971918
0.0,0.017614188
0.0,0.034922455
0.0,0.0396996
0.0,0.03315824
0.0,0.038657203
0.0,0.030580407
0.0,0.042971395
0.0,0.06659599
0.0,0.041619863
0.0,0.07006057
0.0,0.037856396
0.0,0.06656893
0.0,0.054367784
0.0,0.09977162
0.0,0.03440237
0.0,0.038849086
0.0,0.049048346
0.0,0.040294908
0.0,0.053176954
0.0,0.06522265
0.0,0.058350347
0.0,0.037744373
0.0,0.057554584
0.0,0.09397475
0.0,0.099223875
1.0,0.055427987
0.0,0.11297252
0.0,0.061503716
0.0,0.014115506
0.0,0.07003928
0.0,0.05105798
0.0,0.026231475
0.0,0.0818654
0.0,0.080582246
0.0,0.028533924
0.0,0.03440365
0.0,0.058594618
0.0,0.045803774
0.0,0.056938194
0.0,0.034012254
0.0,0.050898492
0.0,0.03221661
0.0,0.08430639
0.0,0.07066997
0.0,0.043999873
0.0,0.02978873
0.0,0.04293932
0.0,0.053171348
0.0,0.078515805
0.0,0.029879192
0.0,0.048889633
0.0,0.063110605
0.0,0.028019933
0.0,0.060697563
0.0,0.056134436
0.0,0.023131885
0.0,0.07606652
0.0,0.0679034
0.0,0.048412763
0.0,0.06259842
0.0,0.028448036
0.0,0.027887173
0.0,0.05600295
0.0,0.051735736
1.0,0.06601933
0.0,0.041878343
0.0,0.070683286
0.0,0.026874866
0.0,0.042507477
0.0,0.050367337
0.0,0.08231241
0.0,0.043392204
0.0,0.05797238
0.0,0.04463154
0.0,0.051822916
0.0,0.035563774
0.0,0.05745513
0.0,0.053993277
0.0,0.048463672
0.0,0.054028973
0.0,0.042622436
0.0,0.02471165
0.0,0.057230454
0.0,0.06384677
0.0,0.05192267
0.0,0.042142786
0.0,0.16354823
0.0,0.038550217
0.0,0.026652578
0.0,0.050822243
1.0,0.051023614
0.0,0.06616076
0.0,0.01705038
0.0,0.06082416
0.0,0.09682682
0.0,0.09305566
0.0,0.055302717
0.0,0.030004619
0.0,0.10350789
1.0,0.049361102
0.0,0.05783139
0.0,0.06959255
0.0,0.06862479
0.0,0.019656092
0.0,0.029694067
0.0,0.053070206
0.0,0.075555585
0.0,0.08384363
0.0,0.055105712
0.0,0.039379273
0.0,0.03411455
0.0,0.023970045
0.0,0.066902235
0.0,0.02486435
0.0,0.03482159
0.0,0.045725957
0.0,0.030491877
0.0,0.0881237
0.0,0.07161855
0.0,0.1229926
0.0,0.116069034
0.0,0.038563363
0.0,0.052624255
0.0,0.09903395
0.0,0.052894194
0.0,0.07477574
0.0,0.056628954
0.0,0.08214593
0.0,0.12033822
0.0,0.042699207
1.0,0.052495908
1.0,0.030341517
0.0,0.035431005
0.0,0.1284261
0.0,0.08122098
0.0,0.026615558
0.0,0.027904864
0.0,0.06530751
0.0,0.087952465
0.0,0.101399004
0.0,0.06327694
0.0,0.029588034
0.0,0.06338659
0.0,0.051907003
0.0,0.052134193
0.0,0.06826773
0.0,0.06658441
0.0,0.04055614
0.0,0.072688505
0.0,0.042205207
0.0,0.035301775
0.0,0.031552773
1.0,0.031887766
0.0,0.102018185
0.0,0.057739526
0.0,0.04150169
0.0,0.077223286
0.0,0.040655952
0.0,0.1139727
0.0,0.045887347
0.0,0.050703153
0.0,0.09476545
0.0,0.022180775
0.0,0.05189396
0.0,0.025759023
0.0,0.08838761
0.0,0.04636255
0.0,0.086104736
0.0,0.105385356
0.0,0.11594601
0.0,0.04489815
0.0,0.1111164
0.0,0.029509299
0.0,0.0231019
0.0,0.038651064
0.0,0.07876328
0.0,0.04631842
0.0,0.03346298
0.0,0.041820113
0.0,0.04957897
0.0,0.022572763
1.0,0.05553063
0.0,0.048198298
0.0,0.04586462
0.0,0.061103433
0.0,0.049310684
0.0,0.06763932
0.0,0.055868495
0.0,0.033304464
0.0,0.07337975
0.0,0.048143238
0.0,0.07763899
0.0,0.11065537
1.0,0.03612222
0.0,0.115728766
1.0,0.046983287
0.0,0.05681183
0.0,0.06986466
0.0,0.05897328
0.0,0.08840847
1.0,0.07514677
0.0,0.116899826
0.0,0.043361634
0.0,0.05364084
0.0,0.054697137
0.0,0.07715508
1.0,0.07880716
0.0,0.053448748
0.0,0.060813908
0.0,0.12001659
0.0,0.037999433
1.0,0.043687783
0.0,0.03636785
0.0,0.02835094
0.0,0.022746105
0.0,0.070793435
0.0,0.06133317
0.0,0.040296655
0.0,0.034962196
0.0,0.061152097
0.0,0.081536785
0.0,0.06488948
0.0,0.085582614
0.0,0.05232594
0.0,0.029740915
0.0,0.06849076
1.0,0.10859634
0.0,0.048147578
0.0,0.08597105
0.0,0.07884711
0.0,0.08444989
0.0,0.0656452
0.0,0.088305295
0.0,0.034450468
0.0,0.0498899
0.0,0.09646888
0.0,0.03193553
0.0,0.061038595
2.0,0.0650767
1.0,0.16835026
0.0,0.04367156
0.0,0.04687594
0.0,0.020680977
0.0,0.07362074
0.0,0.04308015
0.0,0.04415551
1.0,0.05465321
0.0,0.041756965
1.0,0.0481994
0.0,0.07169013
0.0,0.09321909
0.0,0.10042663
0.0,0.08100359
0.0,0.12276309
0.0,0.09072746
1.0,0.019642074
0.0,0.071851045
0.0,0.09548097
0.0,0.06010887
0.0,0.034914248
0.0,0.045845315
0.0,0.05157529
0.0,0.059519336
0.0,0.07188449
0.0,0.08967088
0.0,0.09306285
3.0,0.04300975
0.0,0.112915546
0.0,0.09831453
0.0,0.10943503
0.0,0.050453126
0.0,0.014075373
0.0,0.075850956
0.0,0.050330173
0.0,0.03038866
0.0,0.034663115
0.0,0.03746018
0.0,0.08260341
0.0,0.032442465
0.0,0.03851092
0.0,0.062268328
0.0,0.04641309
0.0,0.052286383
0.0,0.039172515
0.0,0.036921185
0.0,0.06288084
0.0,0.07223819
0.0,0.062630236
0.0,0.059730865
0.0,0.028462486
0.0,0.0716278
0.0,0.07718408
0.0,0.069555
0.0,0.041243374
0.0,0.040300287
0.0,0.03056593
0.0,0.060046136
0.0,0.024263538
0.0,0.08284669
0.0,0.025533982
0.0,0.09068516
0.0,0.07161756
0.0,0.033415943
0.0,0.044665225
0.0,0.030378157
0.0,0.034734145
0.0,0.10051204
0.0,0.028930645
0.0,0.061152387
0.0,0.08294336
0.0,0.040428165
0.0,0.032959614
0.0,0.04487101
0.0,0.02126855
0.0,0.08216142
0.0,0.10274872
0.0,0.078136325
0.0,0.041029077
0.0,0.04288716
0.0,0.10174018
1.0,0.065896854
0.0,0.022190074
0.0,0.05979467
0.0,0.14824891
0.0,0.043400772
0.0,0.034030944
0.0,0.036352538
1.0,0.085978575
0.0,0.038035236
0.0,0.054860786
0.0,0.04135511
0.0,0.03543859
0.0,0.07401451
0.0,0.06699381
0.0,0.035726383
0.0,0.062592275
0.0,0.039037995
0.0,0.10730468
0.0,0.03724893
0.0,0.063640475
0.0,0.07260329
0.0,0.03729119
0.0,0.04063066
0.0,0.046308503
0.0,0.056243215
0.0,0.11539054
0.0,0.027754262
0.0,0.12415742
0.0,0.062336538
0.0,0.056570683
0.0,0.015240815
0.0,0.12552539
0.0,0.033012167
1.0,0.04260949
0.0,0.07434346
0.0,0.045204483
0.0,0.10779312
0.0,0.074594796
0.0,0.109734595
0.0,0.061154604
0.0,0.02549105
0.0,0.061474778
0.0,0.032953832
0.0,0.093874715
0.0,0.043575913
0.0,0.06528469
0.0,0.09310946
0.0,0.083232164
1.0,0.020644117
0.0,0.12802471
0.0,0.13733955
0.0,0.06583941
0.0,0.04601033
1.0,0.039796524
0.0,0.040184118
0.0,0.04229466
0.0,0.04396026
0.0,0.058260683
0.0,0.027049843
0.0,0.06328548
0.0,0.027371297
0.0,0.054799136
0.0,0.049212568
0.0,0.03095143
0.0,0.046330724
0.0,0.040961735
0.0,0.055625997
0.0,0.03345566
0.0,0.05937981
0.0,0.04829817
0.0,0.058660816
0.0,0.04547683
0.0,0.04003671
0.0,0.047416173
0.0,0.0740478
0.0,0.14936581
0.0,0.09886023
0.0,0.06518036
0.0,0.06956075
0.0,0.06485273
0.0,0.041675072
0.0,0.07979761
0.0,0.09576011
0.0,0.05651501
0.0,0.076907806
0.0,0.09121095
0.0,0.034874596
0.0,0.092960306
0.0,0.06507608
0.0,0.06821853
0.0,0.054815806
0.0,0.068588
0.0,0.024784839
0.0,0.04949745
0.0,0.059311073
0.0,0.06566819
0.0,0.053541534
0.0,0.04468122
0.0,0.013826319
0.0,0.03135991
0.0,0.07705308
0.0,0.048383042
0.0,0.03005819
0.0,0.024816629
0.0,0.047280755
0.0,0.04259397
0.0,0.056785297
0.0,0.037868924
0.0,0.10648985
0.0,0.019712163
0.0,0.028145634
0.0,0.032515474
0.0,0.025577998
0.0,0.1511504
0.0,0.02197928
0.0,0.03695839
0.0,0.05102488
0.0,0.08109252
0.0,0.040432155
0.0,0.08201802
0.0,0.051517896
0.0,0.049475834
1.0,0.02794192
0.0,0.046236157
0.0,0.050768036
0.0,0.12173765
0.0,0.09843448
0.0,0.11399586
0.0,0.09027353
0.0,0.105983436
0.0,0.027438857
0.0,0.044615157
0.0,0.018818934
0.0,0.05796043
0.0,0.05630755
0.0,0.097763926
0.0,0.09681736
0.0,0.03480572
0.0,0.0963107
1.0,0.07905662
0.0,0.12140775
0.0,0.03677486
0.0,0.040396333
0.0,0.06290537
0.0,0.053704396
0.0,0.060377132
0.0,0.011071926
0.0,0.051245913
0.0,0.07776129
0.0,0.01371124
0.0,0.023352494
1.0,0.05595194
0.0,0.07421721
0.0,0.061763268
1.0,0.050229307
0.0,0.085404396
0.0,0.07558205
0.0,0.14219521
0.0,0.11536221
0.0,0.036539603
0.0,0.019265993
0.0,0.029834703
0.0,0.04034932
0.0,0.092705935
0.0,0.046411186
0.0,0.1297901
0.0,0.018608646
0.0,0.0476539
0.0,0.053023033
2.0,0.112219654
0.0,0.0938565
0.0,0.09800477
0.0,0.059222814
0.0,0.06961909
1.0,0.067375906
0.0,0.042423643
0.0,0.013216406
0.0,0.039404575
0.0,0.043165054
0.0,0.021554954
0.0,0.12748656
0.0,0.05979872
0.0,0.026460102
0.0,0.04198225
0.0,0.07676953
0.0,0.044140544
0.0,0.08442034
1.0,0.069290996
0.0,0.1321314
0.0,0.10117611
0.0,0.06979279
0.0,0.038141266
0.0,0.027344396
0.0,0.06769452
0.0,0.10326505
0.0,0.09698398
0.0,0.025038078
0.0,0.10045876
0.0,0.048882686
0.0,0.037629165
0.0,0.043961577
0.0,0.20272502
0.0,0.037529767
0.0,0.018679127
0.0,0.0704752
0.0,0.038139064
0.0,0.058254376
0.0,0.050508298
0.0,0.03944108
0.0,0.02642122
0.0,0.050299533
0.0,0.09855955
0.0,0.04591392
0.0,0.036845736
0.0,0.03691061
0.0,0.053273726
0.0,0.049747128
0.0,0.05750636
0.0,0.10031956
1.0,0.09004374
0.0,0.041619685
0.0,0.062988214
0.0,0.05321854
0.0,0.059746504
0.0,0.051860914
0.0,0.044322684
0.0,0.06905039
0.0,0.094740465
0.0,0.10328448
0.0,0.06622063
0.0,0.083096005
0.0,0.069433846
0.0,0.06866875
0.0,0.113592476
0.0,0.01822494
0.0,0.029699022
0.0,0.07682272
0.0,0.074303694
0.0,0.14098579
0.0,0.0621564
0.0,0.040054128
0.0,0.044305
0.0,0.041929852
0.0,0.14291687
0.0,0.034135297
0.0,0.11559455
0.0,0.10129351
0.0,0.103090346
1.0,0.057818048
0.0,0.0314955
0.0,0.064514875
0.0,0.024458935
0.0,0.052231014
0.0,0.022556148
1.0,0.11692542
0.0,0.063882336
0.0,0.07055095
0.0,0.033236817
0.0,0.05157942
0.0,0.039152533
0.0,0.029518813
0.0,0.054956663
0.0,0.073011875
1.0,0.10018012
0.0,0.051436327
0.0,0.064790204
0.0,0.07258948
0.0,0.039268866
0.0,0.055905163
0.0,0.071157776
0.0,0.038761508
1.0,0.10818282
0.0,0.101575956
0.0,0.075871
0.0,0.038125355
0.0,0.065689854
0.0,0.07319838
0.0,0.06804219
0.0,0.04150834
0.0,0.04557413
0.0,0.04319244
0.0,0.07065744
0.0,0.05236303
0.0,0.08531193
0.0,0.032383334
0.0,0.10156368
0.0,0.05210964
0.0,0.07825346
0.0,0.06596671
0.0,0.07925045
0.0,0.022905994
0.0,0.09096387
0.0,0.047211636
0.0,0.02654686
0.0,0.059231315
0.0,0.059451032
0.0,0.059883654
0.0,0.09444007
0.0,0.09656226
0.0,0.08614059
0.0,0.059344087
0.0,0.038502984
0.0,0.059693977
0.0,0.051302243
0.0,0.030527448
1.0,0.039606664
0.0,0.04997185
0.0,0.112186536
0.0,0.104208596
0.0,0.032041606
1.0,0.05827866
0.0,0.07726638
0.0,0.10513741
0.0,0.04041874
0.0,0.03167625
0.0,0.091318525
0.0,0.10229755
0.0,0.07647246
0.0,0.036543228
0.0,0.048007093
0.0,0.037688475
0.0,0.051810414
0.0,0.04383057
0.0,0.07225668
0.0,0.041891985
0.0,0.10522698
0.0,0.11807204
0.0,0.052850377
0.0,0.052597284
0.0,0.07229494
1.0,0.04505694
0.0,0.11681098
0.0,0.074983224
0.0,0.064112276
0.0,0.14461038
0.0,0.040049676
0.0,0.070827045
0.0,0.04098129
0.0,0.0275091
0.0,0.072995864
0.0,0.01960973
0.0,0.026899828
0.0,0.054155927
0.0,0.050591238
0.0,0.040220194
0.0,0.084397435
0.0,0.051547628
0.0,0.05553333
0.0,0.09792828
0.0,0.047522694
0.0,0.03282293
0.0,0.052407343
0.0,0.14015722
0.0,0.032318853
0.0,0.07245782
0.0,0.048315145
0.0,0.067683406
0.0,0.038466062
0.0,0.058578555
0.0,0.027695961
0.0,0.037446786
1.0,0.047978558
0.0,0.06911103
0.0,0.11322362
0.0,0.067226164
0.0,0.073167354
0.0,0.05124298
1.0,0.048311204
0.0,0.0716645
0.0,0.10599819
0.0,0.072372824
0.0,0.0373525
0.0,0.08736159
0.0,0.055131312
0.0,0.03494706
0.0,0.06957394
0.0,0.016476406
0.0,0.057079658
0.0,0.024421167
0.0,0.08085944
0.0,0.09517303
0.0,0.027000604
0.0,0.072614685
0.0,0.10748783
0.0,0.061099805
0.0,0.03784093
0.0,0.071649805
0.0,0.028808843
0.0,0.048730645
0.0,0.02035434
0.0,0.05847563
0.0,0.072096035
1.0,0.11421747
0.0,0.069889784
0.0,0.051513646
0.0,0.0370367
0.0,0.056545146
0.0,0.11390115
0.0,0.04572273
0.0,0.042947426
0.0,0.025782492
0.0,0.042091392
0.0,0.06925904
0.0,0.06578816
0.0,0.05295509
0.0,0.070259266
0.0,0.020927422
1.0,0.08534053
0.0,0.09776458
0.0,0.013034145
0.0,0.061850164
0.0,0.06034177
0.0,0.11237058
1.0,0.05318722
0.0,0.03915009
0.0,0.04258055
0.0,0.11663707
0.0,0.030384243
0.0,0.057453077
0.0,0.039684456
0.0,0.023212455
0.0,0.081460655
0.0,0.08650347
0.0,0.047937118
0.0,0.05449702
0.0,0.09034307
0.0,0.085504726
0.0,0.030205477
0.0,0.035909217
0.0,0.059517745
0.0,0.0141036585
0.0,0.081111774
0.0,0.086075425
0.0,0.07728259
0.0,0.035294943
0.0,0.07552576
0.0,0.05186858
0.0,0.0328747
0.0,0.0636721
0.0,0.05677999
0.0,0.034094043
0.0,0.055540614
0.0,0.054523464
0.0,0.045526646
0.0,0.0672658
0.0,0.05078329
0.0,0.0634665
0.0,0.048438627
0.0,0.04877651
0.0,0.029328674
0.0,0.040181376
0.0,0.10726014
0.0,0.059007287
0.0,0.059658524
0.0,0.03762247
0.0,0.09454632
0.0,0.022366192
0.0,0.01227971
0.0,0.06904452
0.0,0.035755306
0.0,0.08750916
0.0,0.04147912
0.0,0.07185735
0.0,0.048008215
0.0,0.08930077
0.0,0.1032373
0.0,0.074772656
1.0,0.051041014
0.0,0.10572298
0.0,0.015345584
0.0,0.04588654
0.0,0.057345074
0.0,0.1171203
0.0,0.037031878
0.0,0.12863798
0.0,0.074952915
0.0,0.03830892
0.0,0.16002536
0.0,0.042265747
0.0,0.03761546
1.0,0.045763493
0.0,0.0432665
0.0,0.054926068
0.0,0.08426825
0.0,0.07684648
0.0,0.06494653
0.0,0.05393875
0.0,0.040873796
0.0,0.06616002
0.0,0.034443665
0.0,0.052674063
0.0,0.094114326
0.0,0.030740218
0.0,0.06225197
0.0,0.06241701
0.0,0.05032067
0.0,0.12119243
0.0,0.06878302
0.0,0.05208902
0.0,0.05050789
0.0,0.056500375
0.0,0.05009462
0.0,0.042022526
0.0,0.059567392
0.0,0.029670388
0.0,0.06716641
0.0,0.023866635
0.0,0.055931747
0.0,0.025262099
0.0,0.04803423
0.0,0.04609061
0.0,0.0508646
0.0,0.095295936
1.0,0.03517431
1.0,0.017461486
0.0,0.050295025
0.0,0.02666308
0.0,0.017063752
0.0,0.057713293
0.0,0.062336095
0.0,0.11579186
0.0,0.04028129
0.0,0.048892267
0.0,0.102180794
0.0,0.044035513
0.0,0.08135389
0.0,0.049115982
0.0,0.046251018
0.0,0.06369621
0.0,0.040330105
1.0,0.063696064
0.0,0.029333081
0.0,0.022005834
0.0,0.051579077
0.0,0.050619207
0.0,0.05980026
0.0,0.0923969
0.0,0.046420485
0.0,0.07101043
0.0,0.10124312
0.0,0.031577803
0.0,0.050175972
0.0,0.07084873
0.0,0.04433588
0.0,0.046407647
0.0,0.076937735
0.0,0.04094566
0.0,0.035588086
0.0,0.08217421
0.0,0.037505828
0.0,0.023321316
1.0,0.03680319
0.0,0.026269477
0.0,0.049016897
0.0,0.056056503
0.0,0.029460035
0.0,0.121791415
0.0,0.05549307
0.0,0.11586067
1.0,0.046206646
0.0,0.053164784
0.0,0.030875089
0.0,0.07004673
1.0,0.033093635
0.0,0.066233456
0.0,0.06919119
0.0,0.058234744
0.0,0.09765332
0.0,0.09255463
0.0,0.041775387
0.0,0.061165277
0.0,0.09810039
0.0,0.05479673
0.0,0.03849467
0.0,0.033129096
0.0,0.043173246
0.0,0.06848566
1.0,0.048283063
0.0,0.06569841
0.0,0.06548616
0.0,0.026765712
0.0,0.07014623
0.0,0.068522885
0.0,0.094974466
0.0,0.088097826
1.0,0.09302777
1.0,0.087273635
0.0,0.08112241
0.0,0.04567899
0.0,0.14682283
0.0,0.028971426
0.0,0.09432184
0.0,0.044914186
1.0,0.09422636
0.0,0.05319141
0.0,0.05085143
0.0,0.13848539
0.0,0.038040966
0.0,0.050915726
0.0,0.06275081
0.0,0.14816287
0.0,0.08186556
0.0,0.070162795
0.0,0.070982605
0.0,0.07080135
0.0,0.10960313
0.0,0.16933969
0.0,0.07116107
0.0,0.064281374
0.0,0.056233723
0.0,0.048470143
1.0,0.030311497
0.0,0.100449614
0.0,0.06389184
0.0,0.09780836
0.0,0.08191694
0.0,0.10843821
0.0,0.07325089
0.0,0.031162161
0.0,0.060068585
0.0,0.04139674
0.0,0.058157098
0.0,0.068686135
0.0,0.08511299
0.0,0.08626104
0.0,0.046561807
0.0,0.07295383
0.0,0.09368351
0.0,0.10980819
0.0,0.020207983
0.0,0.082662
0.0,0.04261644
0.0,0.033080474
0.0,0.047581717
1.0,0.045575973
0.0,0.025396913
0.0,0.044425078
0.0,0.03972785
0.0,0.077923015
0.0,0.038287878
0.0,0.012072355
0.0,0.08691101
0.0,0.06431959
0.0,0.026692197
0.0,0.08488776
0.0,0.042539045
0.0,0.061190102
0.0,0.064700335
0.0,0.062295415
0.0,0.08646922
0.0,0.044649765
0.0,0.10332844
0.0,0.074053586
0.0,0.0667719
0.0,0.057714615
0.0,0.032817077
0.0,0.07573211
0.0,0.06534246
0.0,0.11965973
0.0,0.062236004
0.0,0.031386465
0.0,0.036803417
0.0,0.10304886
0.0,0.051262632
1.0,0.03195622
0.0,0.11305476
0.0,0.04935557
0.0,0.05153335
0.0,0.03177855
0.0,0.03064145
0.0,0.10396971
0.0,0.07758422
0.0,0.06837054
0.0,0.053766213
0.0,0.018770216
0.0,0.07184392
0.0,0.050300207
0.0,0.038986187
0.0,0.062965
0.0,0.09349911
0.0,0.082205325
0.0,0.06790528
0.0,0.12995043
0.0,0.07263123
0.0,0.048450664
0.0,0.061008014
0.0,0.0371818
0.0,0.122520104
0.0,0.09698388
0.0,0.07368754
1.0,0.03756903
0.0,0.1658209
0.0,0.06119241
0.0,0.09094598
0.0,0.047139112
0.0,0.13833846
0.0,0.034296118
0.0,0.049534827
0.0,0.056138184
0.0,0.07055913
0.0,0.05694267
1.0,0.12686843
0.0,0.09232634
0.0,0.06806351
0.0,0.054017767
0.0,0.08855775
0.0,0.014977564
0.0,0.03260215
0.0,0.08136372
0.0,0.045824923
0.0,0.08002125
0.0,0.058312003
0.0,0.06296917
0.0,0.12720038
0.0,0.06386394
0.0,0.010163537
1.0,0.0889976
0.0,0.06917466
0.0,0.10591291
0.0,0.036111612
0.0,0.12396504
0.0,0.08298011
0.0,0.036583573
0.0,0.03391704
0.0,0.05419531
0.0,0.123351835
0.0,0.07887998
0.0,0.04680244
0.0,0.047186565
0.0,0.043883607
0.0,0.08273109
0.0,0.115258895
0.0,0.10238397
0.0,0.039762497
0.0,0.10180669
0.0,0.059953094
1.0,0.0674982
0.0,0.055267394
0.0,0.033406798
0.0,0.041188188
0.0,0.057028674
1.0,0.056560136
0.0,0.07525786
0.0,0.042712137
0.0,0.061907522
0.0,0.033097357
0.0,0.0321291
0.0,0.044593167
1.0,0.035899594
0.0,0.017911093
1.0,0.16742685
0.0,0.079096965
0.0,0.046034623
0.0,0.06497407
0.0,0.102319844
0.0,0.06448784
0.0,0.038640007
0.0,0.024153864
0.0,0.09854696
0.0,0.070024684
0.0,0.12673758
0.0,0.052699886
0.0,0.07506469
0.0,0.058965124
0.0,0.05107098
0.0,0.14910057
0.0,0.10208748
0.0,0.031394098
0.0,0.018705448
0.0,0.0471694
0.0,0.036309123
0.0,0.024996292
0.0,0.104346186
0.0,0.031591944
0.0,0.09284601
0.0,0.04990077
0.0,0.07034441
0.0,0.03300933
0.0,0.051288083
0.0,0.06394189
0.0,0.08862783
0.0,0.060849644
0.0,0.054155283
0.0,0.04647962
0.0,0.040113915
0.0,0.041844647
0.0,0.068116985
0.0,0.08238462
0.0,0.045992695
0.0,0.032441042
0.0,0.035668544
0.0,0.10120581
0.0,0.08243449
0.0,0.042027596
0.0,0.047717407
1.0,0.077966616
0.0,0.10431081
1.0,0.040396832
0.0,0.065934
0.0,0.048331343
0.0,0.048817255
0.0,0.04520416
0.0,0.031221343
0.0,0.0430061
0.0,0.06745463
0.0,0.023750303
0.0,0.10816951
0.0,0.04181726
0.0,0.019244278
0.0,0.030715294
1.0,0.08744897
0.0,0.059235495
0.0,0.037927836
0.0,0.0842088
0.0,0.06849846
0.0,0.0650396
0.0,0.04803299
0.0,0.055773098
0.0,0.07356389
0.0,0.08781489
0.0,0.03284587
0.0,0.051306136
0.0,0.104481354
0.0,0.032614402
0.0,0.114267446
0.0,0.052978553
0.0,0.022911869
0.0,0.03035654
0.0,0.06420865
0.0,0.12241248
0.0,0.06609804
0.0,0.12842889
0.0,0.035910793
0.0,0.16082923
1.0,0.051678214
0.0,0.022261716
0.0,0.08752763
0.0,0.08079482
0.0,0.085732736
0.0,0.07955883
0.0,0.04714815
0.0,0.01619016
0.0,0.038069475
0.0,0.07060995
0.0,0.045120627
0.0,0.063719176
0.0,0.039585274
0.0,0.1182555
0.0,0.06890409
0.0,0.06722243
0.0,0.08969676
0.0,0.030622637
0.0,0.05716126
0.0,0.052402597
0.0,0.043437395
0.0,0.06595762
0.0,0.02775376
0.0,0.05156501
0.0,0.023475664
0.0,0.036623437
1.0,0.054309964
0.0,0.076879136
0.0,0.045145847
0.0,0.087370545
0.0,0.07499971
0.0,0.06216488
0.0,0.019375958
0.0,0.037877414
0.0,0.04451955
0.0,0.07133253
0.0,0.036112268
0.0,0.079181306
0.0,0.058851853
0.0,0.012973998
0.0,0.06867546
0.0,0.029413251
0.0,0.05302738
0.0,0.041540653
0.0,0.055237304
0.0,0.05235926
0.0,0.058983363
0.0,0.06259526
0.0,0.038753636
0.0,0.035483517
0.0,0.062488884
0.0,0.031290676
0.0,0.028067417
0.0,0.06095413
0.0,0.03741721
0.0,0.08954556
0.0,0.11990985
0.0,0.028077686
0.0,0.034127098
0.0,0.17520574
0.0,0.05594411
0.0,0.031155536
0.0,0.060691644
0.0,0.058084182
0.0,0.042279452
0.0,0.07408244
0.0,0.075236544
0.0,0.061116092
0.0,0.10965044
0.0,0.065478824
1.0,0.113438755
0.0,0.15868448
0.0,0.027248457
0.0,0.09988745
0.0,0.12858923
1.0,0.047474496
0.0,0.029891932
0.0,0.029506471
0.0,0.032927178
0.0,0.057127118
0.0,0.081472546
0.0,0.035823893
0.0,0.050056178
0.0,0.014076662
0.0,0.024765914
0.0,0.06768386
0.0,0.06208876
0.0,0.037304886
0.0,0.04921142
0.0,0.13399656
1.0,0.044490457
0.0,0.048124604
0.0,0.08955525
0.0,0.041463632
0.0,0.06164872
0.0,0.091856584
0.0,0.04140345
0.0,0.04661457
0.0,0.05118957
0.0,0.05446192
0.0,0.1100085
0.0,0.053139184
0.0,0.09440319
0.0,0.06106503
0.0,0.06785971
0.0,0.055772714
0.0,0.060016308
0.0,0.06812847
0.0,0.026716506
0.0,0.09073071
0.0,0.06600664
0.0,0.03906252
0.0,0.08112338
0.0,0.0214726
0.0,0.03123537
0.0,0.04322359
0.0,0.04285092
0.0,0.06823695
1.0,0.03311976
0.0,0.034881566
0.0,0.08110064
0.0,0.049679473
0.0,0.061084904
0.0,0.054241005
0.0,0.03732453
0.0,0.094449796
0.0,0.07641346
0.0,0.0740383
0.0,0.041975684
0.0,0.027065637
0.0,0.028032254
0.0,0.050308242
0.0,0.08705364
1.0,0.02431254
0.0,0.019077025
0.0,0.057738014
0.0,0.046093248
0.0,0.049596347
0.0,0.08997905
0.0,0.05315738
0.0,0.07814802
0.0,0.019643301
0.0,0.032309007
0.0,0.053050928
1.0,0.07694364
0.0,0.046768036
0.0,0.033919435
0.0,0.030271227
0.0,0.0638811
1.0,0.068477824
0.0,0.050840035
0.0,0.02601027
0.0,0.057241313
0.0,0.0632151
0.0,0.009591809
0.0,0.08935409
0.0,0.031048356
0.0,0.050703853
0.0,0.08513657
0.0,0.065173514
0.0,0.051273044
0.0,0.038841065
0.0,0.05746779
0.0,0.05061537
0.0,0.060425386
0.0,0.060024552
0.0,0.07121073
0.0,0.04027009
0.0,0.09654085
0.0,0.036579646
0.0,0.09020388
0.0,0.0987731
0.0,0.11324559
0.0,0.06639764
0.0,0.06218821
0.0,0.021216324
0.0,0.08453093
0.0,0.05432207
0.0,0.039639484
0.0,0.037867714
0.0,0.037757494
0.0,0.040572252
0.0,0.03479251
0.0,0.07444257
0.0,0.04600864
0.0,0.05734029
0.0,0.04888835
0.0,0.032765776
0.0,0.09015127
0.0,0.053106178
0.0,0.052518994
0.0,0.052462075
0.0,0.06597557
0.0,0.055156898
0.0,0.07260689
0.0,0.040844142
0.0,0.039239235
0.0,0.00918623
0.0,0.060374785
0.0,0.04747004
0.0,0.06082957
0.0,0.06886664
0.0,0.04926887
0.0,0.02855837
0.0,0.057400502
0.0,0.07509193
0.0,0.056535356
0.0,0.042016696
0.0,0.08300732
0.0,0.012759432
0.0,0.08111069
0.0,0.048937425
1.0,0.029793901
0.0,0.07470817
0.0,0.046469092
0.0,0.04394718
0.0,0.07346076
0.0,0.051378477
0.0,0.07818861
0.0,0.040390052
0.0,0.07101243
0.0,0.059106354
0.0,0.038732886
0.0,0.040774032
0.0,0.07998544
0.0,0.05169364
0.0,0.046309695
0.0,0.09326626
0.0,0.06965533
0.0,0.0334577
0.0,0.04591077
0.0,0.032629523
0.0,0.03926295
0.0,0.06621386
0.0,0.07034711
0.0,0.04012476
0.0,0.10550764
0.0,0.04462363
0.0,0.03865969
0.0,0.024275493
0.0,0.03280581
0.0,0.075593874
0.0,0.089143984
0.0,0.053266335
0.0,0.052675217
0.0,0.04874617
0.0,0.14424564
0.0,0.06748935
0.0,0.046358015
0.0,0.06500438
0.0,0.11296797
0.0,0.05209076
0.0,0.036384046
0.0,0.047300465
0.0,0.0667897
0.0,0.051135924
0.0,0.075290844
0.0,0.0333835
0.0,0.042148855
1.0,0.040688924
0.0,0.08033946
0.0,0.04386032
0.0,0.043272443
0.0,0.099303484
0.0,0.07842247
0.0,0.027199088
0.0,0.024834076
0.0,0.081989214
0.0,0.06948174
0.0,0.037253086
0.0,0.055536482
0.0,0.03986467
0.0,0.0781291
0.0,0.05495547
0.0,0.07462849
0.0,0.0828771
0.0,0.08501787
0.0,0.02098546
0.0,0.035799183
0.0,0.04806085
0.0,0.07642986
0.0,0.10165283
0.0,0.05478069
0.0,0.12936334
0.0,0.0868583
0.0,0.12147671
0.0,0.07279872
0.0,0.05278021
1.0,0.027514402
0.0,0.11509676
0.0,0.06529182
0.0,0.04872737
0.0,0.06752002
0.0,0.07936214
0.0,0.020675406
0.0,0.03956629
0.0,0.053947702
1.0,0.03911178
0.0,0.1025501
0.0,0.032387473
0.0,0.09005832
0.0,0.05167501
0.0,0.056670554
0.0,0.058703378
0.0,0.08795012
0.0,0.07220525
0.0,0.06087527
0.0,0.04789019
0.0,0.039789677
0.0,0.07812653
0.0,0.081065804
0.0,0.007749426
0.0,0.0261828
0.0,0.037554327
0.0,0.06455257
0.0,0.13051178
0.0,0.018426778
0.0,0.07338713
0.0,0.0889927
0.0,0.041040856
0.0,0.057819534
0.0,0.10060869
0.0,0.030044062
0.0,0.03444751
0.0,0.051920544
0.0,0.08561573
0.0,0.057404853
0.0,0.025079172
0.0,0.028122786
0.0,0.060342003
0.0,0.041017868
0.0,0.06565685
0.0,0.08966006
0.0,0.033831708
0.0,0.054921076
0.0,0.042184845
0.0,0.114283495
0.0,0.04510593
0.0,0.07102057
0.0,0.03884542
0.0,0.115067296
0.0,0.08923268
0.0,0.10116053
0.0,0.023602746
0.0,0.043530058
0.0,0.049543403
0.0,0.051401783
0.0,0.120030954
0.0,0.0837613
0.0,0.042544037
0.0,0.024815468
0.0,0.07150151
0.0,0.16430753
0.0,0.05764041
0.0,0.06637293
0.0,0.072076805
0.0,0.062794216
0.0,0.09853965
0.0,0.061007284
0.0,0.042191483
0.0,0.01930594
0.0,0.067392424
0.0,0.030133002
0.0,0.07490339
0.0,0.049877316
0.0,0.024291137
0.0,0.03068941
0.0,0.051299922
0.0,0.0395668
0.0,0.019826198
0.0,0.11060562
0.0,0.048664883
0.0,0.08741958
0.0,0.05848086
0.0,0.035919167
0.0,0.055717092
0.0,0.056454137
0.0,0.058328148
1.0,0.061406016
0.0,0.026911233
0.0,0.09680353
0.0,0.07630791
0.0,0.05554787
0.0,0.039203364
0.0,0.036874175
0.0,0.079869755
0.0,0.05359768
0.0,0.068173915
0.0,0.035348706
0.0,0.072334826
0.0,0.065615885
0.0,0.081014946
0.0,0.048772976
0.0,0.105560824
0.0,0.043704264
0.0,0.10667348
0.0,0.067527205
0.0,0.09158623
0.0,0.037566952
0.0,0.059441198
1.0,0.09179106
0.0,0.11146447
0.0,0.04222735
0.0,0.05135614
0.0,0.06896536
0.0,0.027113559
0.0,0.06318986
0.0,0.12010968
0.0,0.02736661
0.0,0.030694386
0.0,0.08838091
0.0,0.028861284
0.0,0.061949514
0.0,0.026308626
0.0,0.052016694
0.0,0.042210378
0.0,0.07843833
0.0,0.09289468
0.0,0.075487375
0.0,0.025566924
0.0,0.03737901
0.0,0.13534479
0.0,0.08332757
0.0,0.09630526
0.0,0.0607714
0.0,0.080559805
0.0,0.051260747
0.0,0.041257612
0.0,0.06565876
0.0,0.089856304
0.0,0.058171324
0.0,0.06368928
0.0,0.1060801
0.0,0.074895285
0.0,0.032410875
1.0,0.09566735
0.0,0.043855447
0.0,0.05633313
0.0,0.06715161
0.0,0.034984875
0.0,0.044302404
0.0,0.03554533
0.0,0.042906817
0.0,0.048758768
0.0,0.06497029
0.0,0.0566819
0.0,0.08552458
0.0,0.026376694
0.0,0.028503245
0.0,0.06214286
0.0,0.047627933
0.0,0.081750005
0.0,0.046399858
0.0,0.05164873
0.0,0.013822094
0.0,0.034014933
0.0,0.027647879
0.0,0.08713874
0.0,0.027942266
1.0,0.06451862
0.0,0.07885896
0.0,0.0499729
0.0,0.05481642
0.0,0.048132885
0.0,0.046523925
0.0,0.04121007
0.0,0.087823056
0.0,0.07800112
0.0,0.042842686
0.0,0.11143261
0.0,0.063013114
0.0,0.00869323
0.0,0.046416275
0.0,0.04016339
0.0,0.041570276
0.0,0.036997903
0.0,0.06758899
0.0,0.033473928
0.0,0.015710715
0.0,0.018071432
0.0,0.03890325
0.0,0.026585674
0.0,0.0350335
0.0,0.04814498
0.0,0.052392475
0.0,0.048472684
0.0,0.039957523
0.0,0.071883805
0.0,0.049454372
0.0,0.091692306
0.0,0.06206255
0.0,0.045497067
0.0,0.044376083
0.0,0.045856725
0.0,0.078519456
0.0,0.07989893
0.0,0.043459587
0.0,0.037876584
0.0,0.031645063
0.0,0.05559997
0.0,0.047224876
0.0,0.09322713
0.0,0.09215568
0.0,0.06680822
0.0,0.059270557
0.0,0.08953191
0.0,0.026462007
0.0,0.058726154
0.0,0.043634735
0.0,0.05795418
0.0,0.043878164
0.0,0.063432455
0.0,0.03923351
0.0,0.04279311
0.0,0.044217646
0.0,0.10918911
0.0,0.048287854
0.0,0.09452718
0.0,0.040533636
0.0,0.082361445
0.0,0.07512362
0.0,0.105096
0.0,0.089405656
0.0,0.06754364
0.0,0.042921286
0.0,0.07398762
1.0,0.04334745
0.0,0.036415864
1.0,0.07590025
0.0,0.073450394
0.0,0.11498341
0.0,0.036471803
1.0,0.06334583
0.0,0.043489873
0.0,0.05002072
0.0,0.04323637
0.0,0.10451694
1.0,0.030004963
0.0,0.058495376
0.0,0.031947717
0.0,0.043334037
0.0,0.040077798
0.0,0.08036515
0.0,0.036745146
0.0,0.032035325
0.0,0.07703958
0.0,0.048348837
0.0,0.062132265
1.0,0.07114828
0.0,0.041365445
0.0,0.09779475
0.0,0.114801496
0.0,0.059555702
0.0,0.042964593
1.0,0.14198184
0.0,0.06975417
0.0,0.090746775
0.0,0.061701436
0.0,0.016423834
0.0,0.03227879
0.0,0.042246986
0.0,0.037678126
0.0,0.06609339
0.0,0.048214342
0.0,0.049868256
0.0,0.054582316
0.0,0.10496381
0.0,0.04451348
0.0,0.03352444
0.0,0.104810864
0.0,0.04023347
0.0,0.03789875
0.0,0.115693174
0.0,0.034015223
0.0,0.0418052
0.0,0.03169447
0.0,0.06571182
0.0,0.1027032
0.0,0.011472773
0.0,0.034065526
0.0,0.05773182
0.0,0.053653806
0.0,0.05456332
0.0,0.034047306
0.0,0.07824539
0.0,0.06594759
0.0,0.022388943
1.0,0.06497268
0.0,0.0650717
0.0,0.05898886
1.0,0.102515094
0.0,0.05322183
1.0,0.044705197
0.0,0.05570434
0.0,0.120223016
0.0,0.037097502
0.0,0.08200828
0.0,0.090951666
0.0,0.11091821
0.0,0.038374625
0.0,0.0630773
0.0,0.018073171
0.0,0.059302814
0.0,0.098622546
0.0,0.011869507
0.0,0.08254628
0.0,0.046762235
0.0,0.11687082
0.0,0.08223587
0.0,0.036576875
0.0,0.049139924
0.0,0.06690191
0.0,0.039991166
0.0,0.06057228
0.0,0.031615756
1.0,0.032824792
0.0,0.035027206
0.0,0.064573996
0.0,0.065864764
0.0,0.07526325
0.0,0.047638655
0.0,0.026584521
0.0,0.09154807
0.0,0.10179019
0.0,0.06034829
0.0,0.10597901
0.0,0.037271194
0.0,0.046602212
0.0,0.06531376
0.0,0.03836749
0.0,0.055034734
0.0,0.07739188
0.0,0.057514146
0.0,0.047981486
0.0,0.06333571
0.0,0.069574684
0.0,0.054866776
0.0,0.028991118
0.0,0.048269574
0.0,0.07546294
0.0,0.059199777
0.0,0.025458386
0.0,0.06597895
0.0,0.0509803
0.0,0.02958098
0.0,0.033070475
0.0,0.035595026
0.0,0.06051056
1.0,0.03555201
0.0,0.024333185
0.0,0.1173992
0.0,0.07823744
0.0,0.10086883
0.0,0.030260041
0.0,0.042195246
0.0,0.02592561
0.0,0.043221798
0.0,0.04787658
0.0,0.11868981
0.0,0.05474626
0.0,0.08233871
0.0,0.0843633
0.0,0.047705986
0.0,0.025447596
0.0,0.053194527
0.0,0.047539353
0.0,0.07638528
0.0,0.03593599
0.0,0.03574213
0.0,0.10290666
1.0,0.10131008
0.0,0.03131647
0.0,0.043828983
0.0,0.06882354
0.0,0.10014148
0.0,0.07448692
0.0,0.03581361
0.0,0.033312898
0.0,0.036392584
0.0,0.04714197
0.0,0.074875325
0.0,0.049069703
0.0,0.13996302
0.0,0.15522157
0.0,0.0818554
0.0,0.020095497
0.0,0.05312782
0.0,0.074404314
0.0,0.017540297
0.0,0.06652456
0.0,0.038305502
0.0,0.069460474
0.0,0.080374524
0.0,0.09310444
0.0,0.0658223
0.0,0.041048393
0.0,0.07187464
0.0,0.04724578
0.0,0.116424285
1.0,0.055923052
1.0,0.08016152
0.0,0.05018863
0.0,0.032137237
0.0,0.029504882
0.0,0.11266787
0.0,0.05472662
0.0,0.05555322
0.0,0.06591071
0.0,0.04008156
0.0,0.07368106
0.0,0.030614577
0.0,0.07852839
0.0,0.05612673
0.0,0.11716677
0.0,0.048381057
0.0,0.071877874
0.0,0.16930439
0.0,0.05911684
0.0,0.06516135
1.0,0.05235709
0.0,0.03632497
0.0,0.0721205
0.0,0.03681862
0.0,0.052842565
0.0,0.041223414
0.0,0.031356547
0.0,0.10656275
0.0,0.044108227
0.0,0.08250417
0.0,0.050521184
0.0,0.03642873
0.0,0.024327036
0.0,0.07394815
0.0,0.11134864
0.0,0.10155879
0.0,0.06491127
0.0,0.048485123
0.0,0.043960027
0.0,0.055341378
0.0,0.0442527
1.0,0.042289656
0.0,0.059106156
0.0,0.06379996
0.0,0.07776266
0.0,0.052653294
0.0,0.035518833
0.0,0.1782289
0.0,0.08704802
0.0,0.076362595
0.0,0.093440406
0.0,0.04971464
0.0,0.093074694
0.0,0.06095692
0.0,0.05699392
0.0,0.085625246
0.0,0.025275014
0.0,0.063370086
0.0,0.11480385
0.0,0.026246827
0.0,0.08492684
0.0,0.05900934
0.0,0.061658997
0.0,0.13546115
0.0,0.02280078
0.0,0.06808522
0.0,0.029025104
0.0,0.10298179
0.0,0.01954256
0.0,0.028254284
0.0,0.07441677
0.0,0.10238856
0.0,0.057699203
0.0,0.053504016
0.0,0.04862603
0.0,0.061020073
0.0,0.085999526
0.0,0.064535365
0.0,0.03446435
0.0,0.059814945
0.0,0.0338284
0.0,0.1264292
2.0,0.04099587
0.0,0.034964677
0.0,0.041707754
1.0,0.09995242
0.0,0.05789525
0.0,0.05892087
1.0,0.09240377
0.0,0.06536755
0.0,0.03766246
0.0,0.069845475
0.0,0.06691744
0.0,0.10088583
0.0,0.06536783
0.0,0.061263967
0.0,0.035562895
0.0,0.054173905
0.0,0.04545862
0.0,0.034564182
0.0,0.047793075
0.0,0.039250784
0.0,0.038420163
0.0,0.06349655
0.0,0.07985185
0.0,0.08122932
0.0,0.038657293
0.0,0.045092642
0.0,0.10178512
1.0,0.057749853
0.0,0.028432507
0.0,0.03229525
0.0,0.07597948
0.0,0.07105409
0.0,0.04799391
0.0,0.09721168
0.0,0.05080441
0.0,0.057289727
1.0,0.037684325
0.0,0.036247037
0.0,0.025631633
0.0,0.06464982
0.0,0.08872331
0.0,0.03505459
0.0,0.054969925
0.0,0.050063457
0.0,0.08094482
0.0,0.04883621
1.0,0.09105039
0.0,0.030110594
0.0,0.115350276
0.0,0.05343961
0.0,0.041753463
0.0,0.030832335
0.0,0.04197286
0.0,0.043636568
0.0,0.14644615
0.0,0.051120028
0.0,0.05585206
0.0,0.09191659
1.0,0.0655343
0.0,0.0504335
0.0,0.036083076
0.0,0.029130911
0.0,0.050859895
0.0,0.103814356
0.0,0.06573365
0.0,0.053564925
0.0,0.08455401
0.0,0.13338546
0.0,0.064126156
0.0,0.03686846
0.0,0.10813346
0.0,0.036974993
0.0,0.026398148
0.0,0.070579655
1.0,0.11731523
0.0,0.04342408
0.0,0.041907705
0.0,0.025733057
0.0,0.04994905
0.0,0.11038452
0.0,0.049073096
0.0,0.054862563
0.0,0.043400586
0.0,0.05298713
0.0,0.043337386
0.0,0.043857373
0.0,0.049966462
0.0,0.11362558
0.0,0.039512612
0.0,0.12752499
0.0,0.07409099
0.0,0.051110033
0.0,0.066905044
0.0,0.01959544
0.0,0.024324276
0.0,0.040801026
1.0,0.07269152
0.0,0.06075762
0.0,0.053080127
0.0,0.06457324
0.0,0.07223504
0.0,0.064976364
0.0,0.035771046
0.0,0.041201722
0.0,0.06452687
0.0,0.07691822
0.0,0.12533943
0.0,0.021234885
0.0,0.057584617
0.0,0.054231565
0.0,0.03682961
0.0,0.061501987
0.0,0.062240545
0.0,0.045409523
0.0,0.03424848
0.0,0.030469218
0.0,0.05021961
0.0,0.060886983
0.0,0.034082603
0.0,0.0763229
0.0,0.08378193
0.0,0.041963596
0.0,0.040169768
0.0,0.05379138
0.0,0.035561875
1.0,0.07029869
0.0,0.028221443
0.0,0.032711513
0.0,0.021113545
0.0,0.044075217
0.0,0.045971796
0.0,0.09533603
0.0,0.03684512
0.0,0.040562484
0.0,0.048712987
0.0,0.060171805
0.0,0.059653517
0.0,0.063798405
0.0,0.08521264
0.0,0.032595295
0.0,0.09556446
0.0,0.042688865
0.0,0.10586085
0.0,0.07584841
0.0,0.03317456
0.0,0.060618944
0.0,0.0494506
0.0,0.038866542
0.0,0.04991919
0.0,0.0628446
0.0,0.05464083
0.0,0.059089925
0.0,0.04201988
0.0,0.090961725
0.0,0.047857545
0.0,0.09717113
0.0,0.07084434
0.0,0.05837414
1.0,0.033616018
0.0,0.093055524
0.0,0.17558852
0.0,0.045197196
0.0,0.13429317
0.0,0.041088067
0.0,0.04837988
0.0,0.035988532
0.0,0.02675234
0.0,0.04317164
0.0,0.019157035
0.0,0.06135588
0.0,0.040815406
0.0,0.029374385
0.0,0.08840713
0.0,0.042593278
0.0,0.035389587
0.0,0.029903922
0.0,0.03882057
0.0,0.05945445
0.0,0.038904034
0.0,0.073982395
0.0,0.062385604
0.0,0.039989106
0.0,0.062416013
0.0,0.012858585
0.0,0.0890859
0.0,0.06036235
0.0,0.043264978
0.0,0.103362836
0.0,0.058528718
0.0,0.057626177
0.0,0.085331984
0.0,0.15186736
0.0,0.05372349
1.0,0.06552152
0.0,0.043885782
0.0,0.05310028
0.0,0.06631186
1.0,0.06647947
0.0,0.038150597
0.0,0.043665603
0.0,0.065374315
0.0,0.06235922
0.0,0.06765072
0.0,0.064371355
0.0,0.01889913
0.0,0.037948206
0.0,0.048502486
0.0,0.054103933
0.0,0.03557168
0.0,0.031675693
0.0,0.041754596
0.0,0.060829103
0.0,0.045343205
0.0,0.050732248
0.0,0.04243139
0.0,0.061063893
0.0,0.06570972
0.0,0.051581364
0.0,0.039682396
0.0,0.05341182
0.0,0.048025135
0.0,0.062668175
0.0,0.055060223
0.0,0.026070777
0.0,0.12736952
0.0,0.028732566
0.0,0.07669507
0.0,0.037367053
0.0,0.10763267
0.0,0.04893887
0.0,0.04619164
0.0,0.06915286
0.0,0.029130105
0.0,0.04849911
0.0,0.09879845
0.0,0.043805916
0.0,0.036029913
0.0,0.033113047
0.0,0.02740857
0.0,0.056879282
0.0,0.036368437
0.0,0.026288688
0.0,0.07811278
0.0,0.06615877
0.0,0.10378876
0.0,0.062220424
0.0,0.04226899
0.0,0.025062794
0.0,0.05024004
0.0,0.038440686
0.0,0.044370838
0.0,0.099141985
0.0,0.1779851
0.0,0.017306559
0.0,0.106550656
0.0,0.046751425
1.0,0.042540263
0.0,0.114859916
0.0,0.06536799
0.0,0.05093287
1.0,0.023751594
0.0,0.11053052
0.0,0.093314394
0.0,0.022788867
0.0,0.09407296
1.0,0.050419
0.0,0.083116256
2.0,0.03994257
0.0,0.047525346
0.0,0.17436093
0.0,0.035150114
0.0,0.02178536
0.0,0.05355057
0.0,0.04944647
0.0,0.01645457
0.0,0.042891905
0.0,0.05199311
0.0,0.12931542
0.0,0.08975743
1.0,0.05086598
0.0,0.042634144
0.0,0.038660612
0.0,0.12749057
0.0,0.049021456
0.0,0.053353705
0.0,0.032994006
0.0,0.03825691
0.0,0.07557297
0.0,0.04284681
0.0,0.055097543
0.0,0.056072477
1.0,0.056811273
1.0,0.07259249
0.0,0.06953477
0.0,0.031513
0.0,0.04148974
0.0,0.02297483
0.0,0.05001812
0.0,0.042564996
0.0,0.096706666
0.0,0.027351687
0.0,0.056941587
0.0,0.11526596
0.0,0.061390266
0.0,0.07830055
0.0,0.02141114
0.0,0.04114241
0.0,0.049015705
0.0,0.025949728
1.0,0.052768186
0.0,0.07405263
0.0,0.061143085
0.0,0.04410896
0.0,0.035226848
0.0,0.05048766
0.0,0.0724572
0.0,0.047092494
0.0,0.04931405
0.0,0.061841495
0.0,0.11174178
0.0,0.05229546
0.0,0.08418174
0.0,0.05191886
0.0,0.08296674
0.0,0.092253774
0.0,0.09370956
0.0,0.058388196
0.0,0.06258656
0.0,0.09745253
0.0,0.053907998
0.0,0.062363222
0.0,0.06369898
0.0,0.048999116
0.0,0.054516483
0.0,0.065356426
0.0,0.031100245
0.0,0.12808113
0.0,0.057335913
0.0,0.07269658
0.0,0.04606677
0.0,0.037572723
0.0,0.026291119
0.0,0.10197174
2.0,0.03297908
0.0,0.078226246
0.0,0.041711792
0.0,0.12614341
0.0,0.041752584
0.0,0.065463014
0.0,0.053688563
0.0,0.093857035
1.0,0.09463273
1.0,0.040235177
0.0,0.008325095
0.0,0.033489928
0.0,0.05220604
0.0,0.04871157
0.0,0.119220905
0.0,0.066298075
0.0,0.019212088
0.0,0.042947307
0.0,0.033144057
0.0,0.034966495
0.0,0.08519026
0.0,0.07390745
0.0,0.076470636
0.0,0.054384433
0.0,0.028966563
0.0,0.046200477
0.0,0.053243835
0.0,0.046768613
0.0,0.07350172
0.0,0.08632408
0.0,0.043310303
0.0,0.07709624
0.0,0.046343453
0.0,0.094024256
0.0,0.1005248
0.0,0.03624232
0.0,0.031984407
0.0,0.031774145
0.0,0.07617043
0.0,0.026085401
0.0,0.045133255
0.0,0.04736384
1.0,0.06283465
0.0,0.054357987
0.0,0.04581452
0.0,0.047821596
0.0,0.12488627
0.0,0.09337832
0.0,0.0965859
0.0,0.038773727
0.0,0.030665552
0.0,0.06418407
0.0,0.15837453
0.0,0.021248449
0.0,0.033918563
0.0,0.07513269
0.0,0.049084585
0.0,0.04701966
0.0,0.097598255
0.0,0.04567642
0.0,0.015612629
0.0,0.08719859
0.0,0.061676286
0.0,0.055686362
0.0,0.044299066
0.0,0.044232406
0.0,0.08773463
0.0,0.10352389
0.0,0.033353522
0.0,0.023415998
0.0,0.05848645
0.0,0.066651024
0.0,0.041549686
0.0,0.039153747
0.0,0.060874864
0.0,0.039979976
0.0,0.048053242
0.0,0.0890647
0.0,0.04227887
0.0,0.022362417
0.0,0.121681124
0.0,0.08586361
0.0,0.12690231
1.0,0.040291812
0.0,0.06308548
0.0,0.024316644
0.0,0.07241675
0.0,0.024783906
0.0,0.107319206
1.0,0.04850938
0.0,0.08144916
0.0,0.06620698
0.0,0.050422944
0.0,0.10037117
0.0,0.01176497
0.0,0.039890647
0.0,0.086967304
1.0,0.10485038
0.0,0.027633144
0.0,0.041293807
0.0,0.07720167
0.0,0.08648559
0.0,0.08856246
0.0,0.06362374
0.0,0.02694043
0.0,0.14140072
0.0,0.048344113
0.0,0.069108546
0.0,0.07686156
0.0,0.044419378
0.0,0.0860316
1.0,0.019210877
0.0,0.024264835
0.0,0.11194679
0.0,0.0880688
0.0,0.072033614
0.0,0.10841029
0.0,0.04368364
0.0,0.080387816
0.0,0.054761793
0.0,0.056437287
0.0,0.04205073
0.0,0.08170005
0.0,0.05284026
0.0,0.05838255
0.0,0.065444894
0.0,0.06375398
0.0,0.11699973
0.0,0.050478347
0.0,0.05523836
0.0,0.08635382
0.0,0.06615682
0.0,0.04005789
0.0,0.022289174
0.0,0.06851497
0.0,0.10750061
0.0,0.081963085
0.0,0.066704825
0.0,0.09258085
0.0,0.06153546
0.0,0.03964748
0.0,0.04097109
0.0,0.06562933
0.0,0.09022649
0.0,0.073257856
1.0,0.046662048
0.0,0.033049762
0.0,0.021759478
0.0,0.04382777
0.0,0.09535989
0.0,0.12949213
1.0,0.028318176
0.0,0.086214796
0.0,0.108671196
0.0,0.027292265
0.0,0.10843531
0.0,0.09153783
0.0,0.08203749
0.0,0.06118412
0.0,0.031708818
0.0,0.15999806
0.0,0.07843425
0.0,0.10137619
1.0,0.118038855
0.0,0.084682174
0.0,0.049335286
0.0,0.013673991
0.0,0.043846708
0.0,0.06827473
0.0,0.0672036
0.0,0.10434534
0.0,0.09509006
0.0,0.07036845
0.0,0.046505537
1.0,0.07206886
0.0,0.047749523
0.0,0.033675265
0.0,0.018437563
0.0,0.06064595
0.0,0.042437606
0.0,0.021294853
0.0,0.023969987
0.0,0.049088493
0.0,0.032803547
0.0,0.05691121
0.0,0.06952526
0.0,0.025815388
0.0,0.022544999
0.0,0.0561301
0.0,0.10047653
0.0,0.051010843
0.0,0.104723245
0.0,0.040427875
0.0,0.044429377
0.0,0.04224481
0.0,0.10347335
0.0,0.04503441
0.0,0.01950321
0.0,0.051773645
1.0,0.055263758
0.0,0.064876236
0.0,0.14628476
0.0,0.037165135
0.0,0.0658019
0.0,0.05066632
0.0,0.050542533
0.0,0.066810474
0.0,0.058500703
0.0,0.06724484
0.0,0.044905234
0.0,0.050611485
0.0,0.051261872
0.0,0.078563616
0.0,0.06292006
0.0,0.084131464
0.0,0.09313218
0.0,0.068756096
0.0,0.07394209
0.0,0.055237096
0.0,0.097251415
0.0,0.11579307
0.0,0.034357123
0.0,0.040880736
0.0,0.07163674
0.0,0.020460758
0.0,0.03853676
0.0,0.042168275
0.0,0.06543859
0.0,0.079345
0.0,0.082850605
0.0,0.027867647
0.0,0.047024682
0.0,0.03975808
0.0,0.048297018
0.0,0.033716045
0.0,0.025919095
1.0,0.06737203
0.0,0.036012325
0.0,0.040751018
0.0,0.03369044
0.0,0.053272557
0.0,0.07093442
0.0,0.05552327
0.0,0.03523454
0.0,0.11629365
0.0,0.039838485
0.0,0.07916666
0.0,0.047652856
0.0,0.056010533
0.0,0.036038436
0.0,0.05519531
0.0,0.034526873
0.0,0.0587267
0.0,0.06610805
0.0,0.06091133
1.0,0.035000026
1.0,0.06715928
0.0,0.066630974
0.0,0.04257115
0.0,0.018571097
0.0,0.06855826
0.0,0.05096523
0.0,0.065326825
1.0,0.044619925
0.0,0.10990584
0.0,0.04449998
0.0,0.020473884
0.0,0.017486466
0.0,0.039392326
1.0,0.10260019
0.0,0.025681743
0.0,0.06395533
0.0,0.034101736
0.0,0.022258576
0.0,0.046614636
0.0,0.01886855
0.0,0.05343961
0.0,0.041418836
0.0,0.090502776
0.0,0.04216546
0.0,0.025597788
0.0,0.019268988
0.0,0.067007326
0.0,0.041952774
0.0,0.068672284
0.0,0.1164965
0.0,0.035984416
0.0,0.072535604
0.0,0.06189194
0.0,0.04217495
1.0,0.02813298
0.0,0.07883422
0.0,0.03766469
0.0,0.07497879
0.0,0.05322085
0.0,0.049933046
0.0,0.02824616
0.0,0.055638585
0.0,0.049486406
0.0,0.060248043
0.0,0.092870876
0.0,0.043506444
0.0,0.060789756
0.0,0.07495788
0.0,0.04962857
0.0,0.07068359
0.0,0.060001
0.0,0.054962955
0.0,0.055320837
0.0,0.0599242
0.0,0.038448863
0.0,0.06548226
0.0,0.040295232
0.0,0.03392144
0.0,0.03143285
0.0,0.08394182
0.0,0.01874519
0.0,0.068048745
0.0,0.043242022
0.0,0.048720144
0.0,0.052749366
0.0,0.036468565
0.0,0.026223235
0.0,0.050618265
0.0,0.02570539
0.0,0.05142777
0.0,0.044904336
0.0,0.04774078
0.0,0.0483862
0.0,0.033585798
0.0,0.037645727
0.0,0.10724789
0.0,0.05751486
0.0,0.067787714
0.0,0.104091346
0.0,0.04091299
0.0,0.025947241
0.0,0.04075065
0.0,0.078098334
0.0,0.11161222
0.0,0.0659646
0.0,0.039644133
0.0,0.03546021
0.0,0.04496538
0.0,0.014782932
0.0,0.057470586
0.0,0.04657118
0.0,0.06870825
0.0,0.029279921
0.0,0.041695684
0.0,0.102326185
0.0,0.12406492
0.0,0.08294253
1.0,0.077232234
0.0,0.06862209
0.0,0.056631897
0.0,0.018122025
0.0,0.12413173
0.0,0.08438552
0.0,0.023838326
2.0,0.097066745
0.0,0.029668096
0.0,0.06950311
0.0,0.027888956
0.0,0.07121524
0.0,0.053856637
0.0,0.047781385
0.0,0.09001116
0.0,0.050452743
0.0,0.031099949
0.0,0.039050676
0.0,0.05657853
0.0,0.042874627
0.0,0.049501866
0.0,0.06635171
0.0,0.093779445
0.0,0.054937445
0.0,0.060469314
0.0,0.087107494
0.0,0.071059175
0.0,0.03957859
1.0,0.038495477
0.0,0.048828125
0.0,0.027898226
0.0,0.066933736
1.0,0.03995259
0.0,0.044592127
0.0,0.08388235
0.0,0.07757567
0.0,0.05000076
0.0,0.05626741
0.0,0.09271912
0.0,0.057509538
0.0,0.036513336
0.0,0.033334047
0.0,0.05944209
0.0,0.03420083
0.0,0.052032642
0.0,0.06782257
0.0,0.07859783
0.0,0.032631546
0.0,0.06653344
0.0,0.018454246
0.0,0.074514024
0.0,0.051366866
0.0,0.10356654
0.0,0.037724435
0.0,0.041532
0.0,0.08262622
0.0,0.026534826
0.0,0.04171195
0.0,0.052610755
0.0,0.06233844
1.0,0.050491683
1.0,0.040619753
0.0,0.038026605
0.0,0.07335466
0.0,0.048984442
0.0,0.069506444
0.0,0.12688328
0.0,0.058660593
0.0,0.09764238
0.0,0.06297824
0.0,0.09010041
0.0,0.072361805
0.0,0.04546731
0.0,0.067450516
0.0,0.06354835
0.0,0.074035294
0.0,0.080069356
0.0,0.023168422
0.0,0.14923055
0.0,0.04682134
0.0,0.07763279
0.0,0.16275206
0.0,0.03904725
0.0,0.026229762
0.0,0.019882092
0.0,0.017503886
0.0,0.015397448
0.0,0.048129123
1.0,0.02460585
0.0,0.053189456
0.0,0.08672652
0.0,0.050988663
0.0,0.09988745
1.0,0.05590959
0.0,0.022821022
0.0,0.05160407
0.0,0.07190228
0.0,0.031538453
0.0,0.108206496
0.0,0.03915132
0.0,0.03771978
0.0,0.06393554
0.0,0.06111889
0.0,0.04249619
0.0,0.074088305
0.0,0.069378644
0.0,0.0642693
0.0,0.05876432
0.0,0.055175547
0.0,0.0709355
0.0,0.06323139
0.0,0.101715714
0.0,0.08965987
1.0,0.0910036
0.0,0.06341516
0.0,0.038124263
0.0,0.059458945
0.0,0.04091943
0.0,0.062026337
0.0,0.044979382
0.0,0.055042736
0.0,0.062677905
0.0,0.041859254
0.0,0.024305679
0.0,0.06897391
0.0,0.052554965
0.0,0.1392103
0.0,0.039097458
0.0,0.08659275
0.0,0.050958984
0.0,0.0920139
0.0,0.054249838
0.0,0.042158745
0.0,0.1386384
0.0,0.05113239
0.0,0.10546479
0.0,0.04329364
0.0,0.082402065
0.0,0.05955255
0.0,0.061075598
0.0,0.050278194
0.0,0.037387677
0.0,0.019582951
0.0,0.076708056
0.0,0.1304601
0.0,0.04201389
0.0,0.13671136
0.0,0.052169085
0.0,0.060699705
0.0,0.07593629
0.0,0.045624726
0.0,0.069169566
0.0,0.07313962
0.0,0.06564708
0.0,0.11014922
0.0,0.07679018
0.0,0.07554697
0.0,0.021170313
0.0,0.06327286
0.0,0.017103944
0.0,0.06311747
0.0,0.048152305
0.0,0.08975513
0.0,0.035562996
1.0,0.039765567
0.0,0.046569202
0.0,0.04222556
0.0,0.17634614
0.0,0.04255548
0.0,0.038158163
0.0,0.020780966
0.0,0.078024
0.0,0.037260994
0.0,0.1339111
0.0,0.01039945
0.0,0.040316276
0.0,0.049578805
0.0,0.07270535
0.0,0.053152084
0.0,0.012528015
0.0,0.027243922
0.0,0.04191588
0.0,0.033976674
0.0,0.048684727
0.0,0.06197658
1.0,0.08655909
0.0,0.09341878
0.0,0.057013936
0.0,0.047667105
0.0,0.03139552
0.0,0.041203998
0.0,0.052901268
0.0,0.043137297
0.0,0.049106285
0.0,0.037200544
0.0,0.038946368
1.0,0.1105297
0.0,0.09012888
0.0,0.027424324
0.0,0.08765044
0.0,0.047648992
0.0,0.076284856
0.0,0.04830867
0.0,0.07335879
0.0,0.074717864
0.0,0.042547382
0.0,0.056079056
0.0,0.039498296
0.0,0.048488867
1.0,0.04001877
0.0,0.091340825
0.0,0.03304218
0.0,0.015164083
0.0,0.07088396
0.0,0.062571235
0.0,0.033814643
0.0,0.052254133
0.0,0.065982096
1.0,0.014243457
0.0,0.04634577
0.0,0.042570256
0.0,0.104630925
0.0,0.07837118
0.0,0.10242802
0.0,0.049375035
0.0,0.07175761
0.0,0.033628985
0.0,0.087495744
0.0,0.11650731
0.0,0.07258332
0.0,0.056439843
0.0,0.025784656
0.0,0.06544777
0.0,0.039345413
0.0,0.03607019
0.0,0.061831765
0.0,0.028565874
0.0,0.057343982
0.0,0.1000924
0.0,0.02787251
0.0,0.06595425
0.0,0.012772404
0.0,0.041000504
0.0,0.056414742
0.0,0.081719294
0.0,0.038995467
0.0,0.033168375
0.0,0.09438474
0.0,0.098676875
0.0,0.042325847
0.0,0.058615576
0.0,0.03380225
0.0,0.06301555
0.0,0.08172259
0.0,0.17146833
0.0,0.043400668
0.0,0.0537577
0.0,0.09203228
0.0,0.021969546
0.0,0.03437177
0.0,0.08270931
0.0,0.059034444
0.0,0.062161263
0.0,0.031132918
0.0,0.041104212
0.0,0.054038327
0.0,0.022604622
0.0,0.0650593
0.0,0.09391972
0.0,0.045491338
0.0,0.04271116
0.0,0.053555295
0.0,0.018216485
0.0,0.1325849
0.0,0.03236231
0.0,0.025766933
0.0,0.025456212
0.0,0.045756686
0.0,0.03437638
0.0,0.04345853
0.0,0.0664338
0.0,0.09347606
0.0,0.0900698
0.0,0.035331212
0.0,0.062487394
0.0,0.05483973
0.0,0.050971817
0.0,0.025056532
0.0,0.08462488
0.0,0.071797825
0.0,0.0436203
0.0,0.032724477
0.0,0.027931571
0.0,0.052539606
0.0,0.049257196
1.0,0.04161532
0.0,0.04029475
0.0,0.058882996
0.0,0.066623606
0.0,0.058174126
1.0,0.04129875
0.0,0.13472071
0.0,0.045880213
0.0,0.025602158
0.0,0.050625533
0.0,0.08551104
1.0,0.051001064
0.0,0.11358316
0.0,0.05417264
0.0,0.06221755
0.0,0.0474183
0.0,0.113620594
0.0,0.043273475
0.0,0.021537067
0.0,0.035472505
0.0,0.08261499
0.0,0.087175354
0.0,0.054697137
1.0,0.044412322
1.0,0.04554052
0.0,0.029166257
0.0,0.07326245
0.0,0.0444187
0.0,0.06964035
0.0,0.050445598
0.0,0.10130945
0.0,0.04224284
0.0,0.045841355
0.0,0.022634596
0.0,0.037705105
0.0,0.06338653
0.0,0.06688835
0.0,0.06855434
0.0,0.048715472
0.0,0.05070129
0.0,0.06334662
0.0,0.057842396
0.0,0.06615527
0.0,0.0754637
0.0,0.040757954
0.0,0.06794165
0.0,0.034553487
0.0,0.046291128
0.0,0.09661734
0.0,0.03235643
0.0,0.086905494
0.0,0.05952216
0.0,0.08571651
0.0,0.13593148
0.0,0.12236772
0.0,0.047076665
0.0,0.07118195
0.0,0.062220305
2.0,0.035675127
0.0,0.070618466
0.0,0.057418402
0.0,0.039855566
0.0,0.05476831
0.0,0.055965975
0.0,0.089068696
0.0,0.04292579
0.0,0.06441666
0.0,0.109062135
0.0,0.11467405
0.0,0.03999561
0.0,0.08878505
0.0,0.039998874
0.0,0.061429065
0.0,0.050683115
0.0,0.12637429
0.0,0.07050289
0.0,0.045572713
0.0,0.09228915
1.0,0.06338765
0.0,0.074877076
0.0,0.10559078
0.0,0.10012181
0.0,0.079750635
0.0,0.06389949
0.0,0.038508713
0.0,0.047384553
1.0,0.0240817
0.0,0.034620892
0.0,0.044638034
0.0,0.06731096
0.0,0.037570123
0.0,0.014743805
0.0,0.043263346
0.0,0.08606049
0.0,0.07173506
0.0,0.040935237
0.0,0.059208047
0.0,0.056220744
1.0,0.023325887
1.0,0.021580676
0.0,0.04618651
0.0,0.092887685
0.0,0.10562493
0.0,0.045480907
0.0,0.06107286
0.0,0.0782089
0.0,0.031743404
0.0,0.041284084
1.0,0.1039093
0.0,0.034933664
0.0,0.10160984
0.0,0.054289676
0.0,0.06887426
2.0,0.05659073
0.0,0.12279622
0.0,0.09084911
0.0,0.01733212
0.0,0.085404485
0.0,0.10701804
0.0,0.04796952
0.0,0.06409082
0.0,0.091687106
0.0,0.051209785
0.0,0.038869858
0.0,0.022405248
0.0,0.07266962
0.0,0.02408294
0.0,0.06585278
0.0,0.0320926
0.0,0.056442212
0.0,0.051080555
0.0,0.041996025
0.0,0.11861179
0.0,0.03874953
0.0,0.049499292
0.0,0.024364717
0.0,0.045770958
0.0,0.057820085
0.0,0.02171728
0.0,0.057697225
0.0,0.11653417
0.0,0.045903105
0.0,0.023564544
0.0,0.054197483
0.0,0.050538387
0.0,0.04472686
1.0,0.047624163
0.0,0.08395253
0.0,0.01977641
0.0,0.05908835
0.0,0.07444996
0.0,0.042644024
0.0,0.09113091
0.0,0.017015602
0.0,0.074414566
0.0,0.08924134
0.0,0.07912496
0.0,0.043148614
0.0,0.07563893
0.0,0.104870036
0.0,0.050632436
0.0,0.08796728
0.0,0.059903774
0.0,0.088045165
0.0,0.055904016
0.0,0.08919628
0.0,0.16257668
0.0,0.07710948
0.0,0.029449768
1.0,0.047171805
0.0,0.0635282
0.0,0.05214996
0.0,0.07184796
0.0,0.070077665
0.0,0.062722184
0.0,0.078416266
0.0,0.02807415
0.0,0.041850053
0.0,0.14210151
0.0,0.09339867
0.0,0.019105183
0.0,0.10000825
0.0,0.04173262
0.0,0.04306518
0.0,0.11685231
0.0,0.04486917
0.0,0.13024007
0.0,0.08082796
0.0,0.026837343
0.0,0.034281224
0.0,0.030728376
0.0,0.042003516
0.0,0.03819532
0.0,0.082273014
0.0,0.11074808
0.0,0.035469834
0.0,0.12515946
0.0,0.049405724
0.0,0.022342369
0.0,0.03488185
0.0,0.03485925
1.0,0.09411715
0.0,0.0253349
0.0,0.06477312
0.0,0.033166032
0.0,0.06904489
0.0,0.05533759
0.0,0.16852665
0.0,0.06355262
0.0,0.058449008
0.0,0.069256164
0.0,0.022222508
0.0,0.17798322
0.0,0.066373624
0.0,0.07155819
0.0,0.0644029
0.0,0.04703825
0.0,0.03683298
0.0,0.023979489
0.0,0.06968008
0.0,0.0917068
0.0,0.033304464
0.0,0.024066236
0.0,0.052905392
0.0,0.04928363
0.0,0.10332849
0.0,0.013419427
0.0,0.07941222
0.0,0.049157128
0.0,0.04455737
0.0,0.06391768
0.0,0.047451075
0.0,0.036314752
0.0,0.044031985
0.0,0.04179974
0.0,0.027289363
0.0,0.086081624
0.0,0.050514415
0.0,0.04558169
0.0,0.08843723
0.0,0.03322159
0.0,0.058258682
0.0,0.068485186
0.0,0.032823652
0.0,0.06282476
0.0,0.025996182
0.0,0.05237469
0.0,0.06354392
0.0,0.030459153
0.0,0.03299627
0.0,0.08638895
0.0,0.07376628
1.0,0.053344022
0.0,0.06233767
0.0,0.05946297
0.0,0.06400805
0.0,0.06639954
0.0,0.018108644
0.0,0.048370007
0.0,0.06786119
0.0,0.046735488
0.0,0.079215065
0.0,0.05230434
0.0,0.062160462
0.0,0.10118398
0.0,0.05151642
0.0,0.029642148
0.0,0.021145403
0.0,0.061427075
0.0,0.09754526
0.0,0.062508255
0.0,0.050958645
0.0,0.050588153
0.0,0.09029135
0.0,0.08815779
0.0,0.071707055
0.0,0.06579949
0.0,0.05423137
0.0,0.06815241
0.0,0.09750894
0.0,0.05355601
0.0,0.060463864
0.0,0.017552404
0.0,0.02308403
0.0,0.10810227
0.0,0.02041584
0.0,0.046733707
0.0,0.06783243
0.0,0.08544933
0.0,0.03396127
0.0,0.076180026
0.0,0.11596143
0.0,0.02509105
0.0,0.085280895
0.0,0.12656824
0.0,0.056771018
0.0,0.04846663
0.0,0.02567152
0.0,0.11478827
0.0,0.046443023
0.0,0.046378024
0.0,0.018270524
0.0,0.06780036
0.0,0.05887446
0.0,0.045782372
0.0,0.0679516
0.0,0.046181995
0.0,0.06531394
0.0,0.038470265
0.0,0.047095954
0.0,0.040270954
0.0,0.07319548
0.0,0.09659926
0.0,0.098773435
0.0,0.062709875
0.0,0.031636447
0.0,0.10436852
0.0,0.04648104
0.0,0.04267777
1.0,0.10826807
0.0,0.052348204
0.0,0.047410794
0.0,0.046271842
0.0,0.07482461
0.0,0.048461337
0.0,0.0892667
0.0,0.038123846
0.0,0.056435134
0.0,0.10443498
0.0,0.06526194
0.0,0.03930032
0.0,0.04517287
0.0,0.0975711
0.0,0.035894718
0.0,0.037431274
0.0,0.026006958
0.0,0.07212717
0.0,0.044445947
0.0,0.051700026
0.0,0.07006079
0.0,0.043373648
0.0,0.040247343
0.0,0.06774005
0.0,0.08695768
0.0,0.046243258
0.0,0.04367308
1.0,0.049922407
0.0,0.028753303
0.0,0.071996495
0.0,0.032808315
0.0,0.041313898
0.0,0.026753578
0.0,0.055437
0.0,0.11010343
0.0,0.07604556
0.0,0.046360932
0.0,0.08669788
0.0,0.10277283
0.0,0.048411842
0.0,0.067889415
0.0,0.048954345
0.0,0.06336942
0.0,0.037842825
1.0,0.062334932
0.0,0.08074284
0.0,0.058586154
0.0,0.034302842
0.0,0.037371937
0.0,0.08879024
0.0,0.07485361
0.0,0.041925997
0.0,0.02817019
0.0,0.04010877
0.0,0.057754755
0.0,0.08829668
0.0,0.13487984
0.0,0.052130617
0.0,0.040129047
0.0,0.028067673
0.0,0.0939336
0.0,0.081187695
0.0,0.02142785
0.0,0.16868788
0.0,0.0601814
0.0,0.034775626
0.0,0.10386944
0.0,0.05772827
0.0,0.034078702
0.0,0.07296166
0.0,0.05907891
0.0,0.03175812
0.0,0.05583289
0.0,0.06561344
1.0,0.040295426
0.0,0.048886277
0.0,0.0546838
0.0,0.047437795
0.0,0.044517487
0.0,0.07830163
0.0,0.08563039
0.0,0.054813743
0.0,0.1267452
1.0,0.051564764
0.0,0.045216426
0.0,0.06318814
0.0,0.049183596
0.0,0.047315463
1.0,0.03454074
0.0,0.1204472
0.0,0.12360118
0.0,0.044842795
0.0,0.0990203
0.0,0.0384322
1.0,0.021984521
0.0,0.050338164
0.0,0.11218569
0.0,0.06641765
0.0,0.06825201
0.0,0.053590152
0.0,0.06338251
0.0,0.041449934
0.0,0.054009963
0.0,0.028680563
0.0,0.022397462
0.0,0.048595503
0.0,0.12470709
0.0,0.06312612
0.0,0.021054812
0.0,0.056286007
0.0,0.07658244
0.0,0.043713268
0.0,0.02490119
0.0,0.057417255
0.0,0.022627346
0.0,0.055783257
0.0,0.04199434
0.0,0.06805059
0.0,0.0791719
0.0,0.017646933
0.0,0.07566512
0.0,0.054799136
0.0,0.059923142
0.0,0.03027638
0.0,0.10007107
0.0,0.04138338
0.0,0.032663476
0.0,0.043253876
0.0,0.08766849
0.0,0.03864395
0.0,0.0220002
0.0,0.022733416
0.0,0.06681102
0.0,0.024596043
0.0,0.035082884
0.0,0.04819701
0.0,0.046380393
0.0,0.12655859
0.0,0.033734296
0.0,0.049570058
0.0,0.04874854
0.0,0.036480725
1.0,0.07650109
0.0,0.12143496
0.0,0.04084046
0.0,0.01912135
0.0,0.092841655
0.0,0.10291427
0.0,0.03220776
0.0,0.0722765
0.0,0.0975035
0.0,0.09360278
0.0,0.06864983
0.0,0.05124936
0.0,0.05016236
0.0,0.09736593
0.0,0.027117632
0.0,0.073053926
0.0,0.022507362
0.0,0.12986179
0.0,0.12513937
0.0,0.10187036
0.0,0.043135013
0.0,0.039298013
0.0,0.07215538
0.0,0.078945756
0.0,0.046765737
0.0,0.056877248
0.0,0.027314268
0.0,0.04298445
0.0,0.04333693
0.0,0.08149865
0.0,0.031224528
1.0,0.037955716
0.0,0.045530073
0.0,0.045082256
0.0,0.059836257
0.0,0.023575064
0.0,0.06396592
0.0,0.06747316
0.0,0.15304992
0.0,0.07641235
0.0,0.024398526
0.0,0.06490071
0.0,0.036078084
0.0,0.07129834
0.0,0.05224344
0.0,0.073527925
0.0,0.05268062
0.0,0.060111422
0.0,0.08961181
0.0,0.06428668
0.0,0.06373539
0.0,0.053312823
0.0,0.04754033
0.0,0.021735255
0.0,0.071698405
0.0,0.08351242
0.0,0.08243736
0.0,0.042953327
0.0,0.046097644
0.0,0.09825909
0.0,0.059079643
0.0,0.09338455
0.0,0.08753679
0.0,0.05654803
0.0,0.030443832
0.0,0.028432209
0.0,0.066782266
0.0,0.05282163
0.0,0.078341514
0.0,0.14123689
0.0,0.048912484
0.0,0.08915674
0.0,0.05748877
0.0,0.10157404
0.0,0.10124561
0.0,0.08755069
0.0,0.08827349
0.0,0.009882812
0.0,0.052369148
0.0,0.077821314
0.0,0.11295879
1.0,0.0306143
0.0,0.01721327
0.0,0.03643033
0.0,0.05072639
0.0,0.09880019
0.0,0.12407326
0.0,0.048001803
0.0,0.06935946
0.0,0.065838434
0.0,0.048861783
0.0,0.08460033
0.0,0.06197442
0.0,0.047517054
0.0,0.056279242
0.0,0.05189485
0.0,0.052043613
1.0,0.04140888
0.0,0.055577915
0.0,0.07918357
0.0,0.05589597
0.0,0.033780124
0.0,0.04437293
0.0,0.08540935
0.0,0.077769786
0.0,0.09405695
1.0,0.02296528
0.0,0.042185772
0.0,0.05150495
0.0,0.037153885
0.0,0.13267343
0.0,0.039393395
0.0,0.020930167
0.0,0.040764757
0.0,0.07168883
0.0,0.05779991
0.0,0.06408208
0.0,0.07408689
0.0,0.036559105
0.0,0.022540107
0.0,0.039606817
0.0,0.046941344
0.0,0.050866853
0.0,0.058458902
0.0,0.035178203
0.0,0.053908434
0.0,0.09716253
0.0,0.055259593
0.0,0.024369087
0.0,0.04778476
0.0,0.07260194
0.0,0.039347477
0.0,0.047658466
0.0,0.042015575
0.0,0.05211697
0.0,0.035944354
0.0,0.07370569
0.0,0.02999532
0.0,0.06569525
0.0,0.041852787
0.0,0.073628284
0.0,0.14828208
0.0,0.035139725
0.0,0.041023932
0.0,0.08709736
0.0,0.068333745
0.0,0.06759969
0.0,0.061787847
1.0,0.032173086
0.0,0.051182397
0.0,0.03382516
0.0,0.037994903
0.0,0.06656235
0.0,0.08830104
0.0,0.03985948
0.0,0.0826235
0.0,0.028753797
0.0,0.020751834
1.0,0.07115311
0.0,0.052111056
0.0,0.018297525
0.0,0.055148035
0.0,0.030586546
0.0,0.022099327
0.0,0.08864571
0.0,0.059163835
0.0,0.10441308
0.0,0.033666562
0.0,0.05195435
0.0,0.05379504
0.0,0.0440306
1.0,0.09171763
0.0,0.11777998
0.0,0.056552507
0.0,0.11186179
0.0,0.023749113
0.0,0.05710119
0.0,0.06703663
0.0,0.04092013
0.0,0.05760931
0.0,0.14245977
0.0,0.07161534
0.0,0.038011394
0.0,0.027951315
1.0,0.07426438
0.0,0.042570375
0.0,0.03192757
0.0,0.02534285
0.0,0.06769636
0.0,0.087283745
0.0,0.10942073
0.0,0.05211036
0.0,0.037796926
0.0,0.038021818
0.0,0.03353846
0.0,0.07639304
0.0,0.06142927
0.0,0.060193084
0.0,0.061567917
0.0,0.09892394
0.0,0.039018698
0.0,0.054599393
0.0,0.03530033
0.0,0.08779555
0.0,0.040205278
0.0,0.053175762
0.0,0.09478162
0.0,0.056956276
0.0,0.052426066
0.0,0.05097872
0.0,0.06995849
0.0,0.015062413
0.0,0.102454156
0.0,0.09009809
1.0,0.0493124
0.0,0.034055244
0.0,0.039841242
0.0,0.08011539
0.0,0.06430849
0.0,0.06568051
1.0,0.07925977
0.0,0.025997324
0.0,0.039178062
0.0,0.060473956
0.0,0.06400613
0.0,0.037888035
0.0,0.12082657
0.0,0.036834337
0.0,0.043440215
0.0,0.068902135
0.0,0.009958743
0.0,0.07619619
0.0,0.048168037
0.0,0.047372445
0.0,0.11579796
0.0,0.028872669
0.0,0.016973844
0.0,0.04013802
0.0,0.07933028
0.0,0.06024072
0.0,0.04047245
0.0,0.057985913
0.0,0.03929142
0.0,0.024586357
0.0,0.055158343
0.0,0.08268798
1.0,0.06441386
0.0,0.08864127
0.0,0.053336076
0.0,0.03756502
0.0,0.010403567
0.0,0.027142884
1.0,0.0422074
0.0,0.054737553
0.0,0.036362782
0.0,0.013756998
0.0,0.035720132
0.0,0.06848151
0.0,0.024010107
0.0,0.04653267
0.0,0.12012474
1.0,0.0823339
0.0,0.05528703
0.0,0.03962259
1.0,0.030359028
0.0,0.037149616
0.0,0.09572925
1.0,0.03949029
0.0,0.020638036
0.0,0.072869904
1.0,0.049711727
1.0,0.031028714
1.0,0.04360404
0.0,0.062166926
0.0,0.03940226
0.0,0.11448203
0.0,0.030312696
0.0,0.08413909
0.0,0.076126136
0.0,0.044868782
0.0,0.048482347
0.0,0.035828456
0.0,0.04343429
0.0,0.060172234
0.0,0.06087363
0.0,0.060924403
0.0,0.102000065
0.0,0.038612563
0.0,0.06709419
0.0,0.050039377
0.0,0.05396903
0.0,0.10937092
0.0,0.087687686
0.0,0.047328755
0.0,0.06983153
0.0,0.06814128
0.0,0.058487844
0.0,0.05061631
0.0,0.034528058
0.0,0.010151773
0.0,0.094268516
0.0,0.026028506
0.0,0.022029372
0.0,0.04189488
0.0,0.058575846
0.0,0.06630704
0.0,0.10072255
0.0,0.06538552
0.0,0.019420208
0.0,0.045819
0.0,0.054928817
0.0,0.06772497
0.0,0.056001842
0.0,0.07931262
0.0,0.037438467
0.0,0.056976296
0.0,0.06852806
0.0,0.022578973
0.0,0.05676023
0.0,0.072556466
0.0,0.078269005
0.0,0.065575905
0.0,0.06918502
0.0,0.032547038
0.0,0.058108144
0.0,0.06682707
0.0,0.04086651
0.0,0.020244256
0.0,0.08924632
0.0,0.03245472
0.0,0.04654272
0.0,0.07301703
0.0,0.095315956
0.0,0.08096519
0.0,0.05483777
0.0,0.13340226
0.0,0.034990996
0.0,0.047469202
0.0,0.029738164
0.0,0.06013367
0.0,0.062220365
0.0,0.017341617
0.0,0.03858019
0.0,0.057913765
0.0,0.04394848
0.0,0.05131421
0.0,0.07367015
0.0,0.032108825
0.0,0.058935735
0.0,0.054449484
0.0,0.061173532
0.0,0.05287866
0.0,0.046407625
0.0,0.023922693
0.0,0.048823867
0.0,0.06528771
0.0,0.022907894
0.0,0.052828707
0.0,0.047362395
0.0,0.037038587
0.0,0.036724146
0.0,0.042032525
0.0,0.060879886
0.0,0.06858097
0.0,0.058626004
1.0,0.049064673
0.0,0.070595674
0.0,0.058730885
0.0,0.03890507
0.0,0.027461959
0.0,0.058111385
0.0,0.02716781
1.0,0.03855437
0.0,0.03889274
0.0,0.077034175
0.0,0.1462724
0.0,0.13221203
0.0,0.040691428
0.0,0.039699145
0.0,0.030160444
0.0,0.061215784
0.0,0.04323734
0.0,0.08753291
0.0,0.06354593
0.0,0.047850907
1.0,0.0530822
0.0,0.06645584
0.0,0.090956524
0.0,0.10875818
0.0,0.07851163
0.0,0.045950297
0.0,0.066510506
0.0,0.05639465
0.0,0.047637086
0.0,0.12745264
0.0,0.025583327
0.0,0.019755317
0.0,0.044881195
0.0,0.02336897
0.0,0.038947094
0.0,0.10162288
0.0,0.057359267
0.0,0.065382965
0.0,0.052356713
0.0,0.03904585
0.0,0.050112803
0.0,0.11661564
0.0,0.04324567
0.0,0.10721581
0.0,0.064703755
0.0,0.073592655
1.0,0.07470685
0.0,0.084651254
0.0,0.028535938
1.0,0.17173606
0.0,0.07913705
0.0,0.054428093
0.0,0.08686763
0.0,0.034182698
0.0,0.078302376
0.0,0.04294356
0.0,0.060840677
0.0,0.050368585
0.0,0.093035296
0.0,0.06686509
0.0,0.04881239
0.0,0.049754813
0.0,0.023270516
0.0,0.06934709
0.0,0.036036614
0.0,0.03236217
0.0,0.07410136
0.0,0.047673516
0.0,0.041000016
0.0,0.04326091
0.0,0.10405026
0.0,0.13310099
0.0,0.0697618
0.0,0.12921624
0.0,0.033028856
0.0,0.047983155
0.0,0.015036085
0.0,0.06584079
0.0,0.048374206
0.0,0.021433122
0.0,0.03953542
0.0,0.04146537
0.0,0.056286033
0.0,0.05078186
0.0,0.042294595
0.0,0.03948632
0.0,0.072494544
0.0,0.06676745
0.0,0.032347236
0.0,0.043242782
0.0,0.042837925
0.0,0.032975633
0.0,0.10635411
0.0,0.06464442
0.0,0.06390997
0.0,0.023319848
0.0,0.050635286
0.0,0.045035783
0.0,0.039307028
0.0,0.06809617
0.0,0.047718365
0.0,0.101666205
0.0,0.030792944
0.0,0.13925838
0.0,0.063402064
1.0,0.08039732
0.0,0.090504974
0.0,0.09810825
0.0,0.029354166
0.0,0.051830653
0.0,0.042271227
0.0,0.04507742
0.0,0.11083203
0.0,0.027390346
0.0,0.05817855
0.0,0.030103402
0.0,0.07774046
0.0,0.06986245
0.0,0.039881896
0.0,0.048137683
0.0,0.09617424
0.0,0.037724294
0.0,0.05821084
0.0,0.04121286
0.0,0.15168524
1.0,0.040610634
0.0,0.048169438
0.0,0.06211614
0.0,0.020609576
0.0,0.026709156
0.0,0.02526605
0.0,0.090128385
0.0,0.054025095
0.0,0.068495624
0.0,0.082235284
0.0,0.11726431
0.0,0.06596293
0.0,0.08488363
0.0,0.09419761
0.0,0.07432205
0.0,0.08400238
0.0,0.0633859
0.0,0.041894678
0.0,0.05025353
0.0,0.08986518
0.0,0.09775405
0.0,0.04748548
0.0,0.04159935
0.0,0.041124485
0.0,0.11947757
0.0,0.09311794
0.0,0.05229663
0.0,0.043942276
0.0,0.08624373
0.0,0.0741561
0.0,0.08374718
0.0,0.07664934
1.0,0.042805906
0.0,0.028447425
0.0,0.04850982
0.0,0.10506308
0.0,0.053307954
0.0,0.16349281
0.0,0.063945055
0.0,0.017731018
0.0,0.04475005
0.0,0.041096747
0.0,0.063582905
0.0,0.0663888
0.0,0.056895852
0.0,0.056380507
0.0,0.022973867
0.0,0.04083637
0.0,0.08147666
0.0,0.06042755
0.0,0.008775645
0.0,0.031443506
0.0,0.044128314
0.0,0.04657025
0.0,0.023475619
0.0,0.045158032
0.0,0.042539574
0.0,0.05069728
0.0,0.08059604
0.0,0.032872237
0.0,0.05546368
0.0,0.0568926
0.0,0.061359715
0.0,0.060407557
0.0,0.041586336
0.0,0.064243
0.0,0.04571654
0.0,0.04175171
0.0,0.06677837
0.0,0.07945779
0.0,0.07287044
0.0,0.13252307
0.0,0.08013473
0.0,0.04813936
0.0,0.09656097
0.0,0.053969596
0.0,0.01810349
0.0,0.054260924
0.0,0.06697842
0.0,0.11886227
0.0,0.049024165
0.0,0.051414065
0.0,0.024919424
0.0,0.0976239
0.0,0.11756275
0.0,0.08741674
0.0,0.045560002
0.0,0.022523496
0.0,0.051359814
0.0,0.032708254
0.0,0.06578327
2.0,0.023993637
0.0,0.05880822
0.0,0.07767013
0.0,0.039669357
0.0,0.039036565
0.0,0.076779924
0.0,0.12685192
0.0,0.054450158
0.0,0.046047293
0.0,0.070278816
0.0,0.054164797
0.0,0.043645144
0.0,0.062240634
0.0,0.03809575
0.0,0.056903355
0.0,0.04590446
0.0,0.03801667
0.0,0.02890719
0.0,0.100439504
0.0,0.039069615
1.0,0.043963194
0.0,0.052423466
0.0,0.044528402
0.0,0.027533157
0.0,0.106686145
0.0,0.065748125
0.0,0.056837637
0.0,0.0444241
0.0,0.013541739
0.0,0.029168328
0.0,0.10264922
0.0,0.04118524
0.0,0.048391532
0.0,0.058818173
0.0,0.020758763
0.0,0.040872373
0.0,0.09772846
2.0,0.08978405
0.0,0.11844286
0.0,0.11210317
0.0,0.031320084
0.0,0.066094734
0.0,0.061077304
0.0,0.04367889
0.0,0.042799152
0.0,0.03279222
0.0,0.06478799
1.0,0.018958647
0.0,0.027379075
0.0,0.04315201
0.0,0.059439383
0.0,0.06239288
0.0,0.03873156
0.0,0.035974395
0.0,0.062785916
0.0,0.076599315
0.0,0.017399682
0.0,0.08299926
0.0,0.06702282
0.0,0.047766443
0.0,0.02883024
0.0,0.033034243
0.0,0.086464375
0.0,0.03612045
0.0,0.11606261
0.0,0.040595822
0.0,0.05527037
0.0,0.033702943
0.0,0.019117448
0.0,0.10722629
0.0,0.021205582
0.0,0.03717786
0.0,0.04137793
0.0,0.08391222
0.0,0.14206739
0.0,0.09604411
0.0,0.12765646
0.0,0.039284334
2.0,0.05797994
0.0,0.06647742
0.0,0.05702457
1.0,0.07071334
0.0,0.07354614
0.0,0.08565469
0.0,0.15840599
0.0,0.1348275
0.0,0.037142284
0.0,0.106310606
0.0,0.018559607
0.0,0.090171136
0.0,0.07688595
0.0,0.019641025
0.0,0.04300844
0.0,0.07826337
0.0,0.053992584
0.0,0.06492291
0.0,0.0631051
0.0,0.05903253
0.0,0.1003
0.0,0.041026413
0.0,0.035173822
0.0,0.027270436
0.0,0.07279131
0.0,0.018732091
0.0,0.030213904
0.0,0.046401408
0.0,0.02376214
0.0,0.10114469
0.0,0.07833102
0.0,0.037848365
0.0,0.06274255
0.0,0.06881835
0.0,0.039791726
0.0,0.050473195
0.0,0.09006517
0.0,0.036946986
0.0,0.12401547
0.0,0.06769704
0.0,0.033068143
0.0,0.019441204
0.0,0.07875595
0.0,0.030338218
0.0,0.07094846
1.0,0.02552244
0.0,0.044429038
0.0,0.038043454
0.0,0.060613338
0.0,0.057156764
0.0,0.0867741
0.0,0.055020828
0.0,0.08755069
0.0,0.06721753
0.0,0.051135875
0.0,0.023781808
0.0,0.055724956
0.0,0.13915333
0.0,0.061387517
0.0,0.049355686
0.0,0.08198673
0.0,0.045470346
0.0,0.07988739
0.0,0.034708712
0.0,0.071230225
0.0,0.038323972
0.0,0.03414785
0.0,0.015405666
0.0,0.08655009
0.0,0.029242389
0.0,0.070277505
0.0,0.02884267
0.0,0.059793074
0.0,0.13652952
0.0,0.044456482
0.0,0.045418903
0.0,0.06848439
0.0,0.049080558
0.0,0.056754004
0.0,0.030984553
0.0,0.06692456
0.0,0.031937268
0.0,0.063582174
0.0,0.058154587
0.0,0.044859264
0.0,0.08535741
0.0,0.108993776
0.0,0.053744145
1.0,0.061054837
0.0,0.1129164
0.0,0.020894537
0.0,0.020086521
0.0,0.08932785
0.0,0.052551858
1.0,0.039189927
0.0,0.07993921
0.0,0.070256665
0.0,0.0660306
0.0,0.04868324
0.0,0.061799694
0.0,0.044864163
0.0,0.074506596
0.0,0.051261872
0.0,0.04982374
0.0,0.05133988
0.0,0.07696276
0.0,0.027026689
0.0,0.16669388
0.0,0.062020022
0.0,0.063123785
0.0,0.11139338
0.0,0.02902509
0.0,0.040552583
0.0,0.10619712
0.0,0.068942636
0.0,0.024676243
0.0,0.13417463
0.0,0.076695636
1.0,0.06722602
0.0,0.033799827
0.0,0.1022578
0.0,0.048512504
0.0,0.052088425
0.0,0.11628746
1.0,0.05562524
0.0,0.08479139
0.0,0.09454557
1.0,0.03288798
0.0,0.02539977
0.0,0.12213676
0.0,0.04119361
0.0,0.029598335
0.0,0.08546327
0.0,0.062956184
1.0,0.07612821
0.0,0.040563025
0.0,0.042970844
0.0,0.06978985
0.0,0.053166125
0.0,0.063366674
0.0,0.07080196
0.0,0.07330809
0.0,0.09456881
0.0,0.037505973
0.0,0.09402795
0.0,0.066266656
0.0,0.060714986
0.0,0.025533386
0.0,0.04439035
0.0,0.042134125
0.0,0.09571952
0.0,0.073861174
0.0,0.058468994
0.0,0.105559826
0.0,0.052854963
0.0,0.047961585
0.0,0.11737289
0.0,0.028687293
0.0,0.072074674
0.0,0.060481455
1.0,0.04403255
0.0,0.11892617
0.0,0.06686881
0.0,0.055891518
0.0,0.063109234
0.0,0.03631825
0.0,0.041371778
0.0,0.0727835
1.0,0.049950194
0.0,0.0752375
0.0,0.09970836
0.0,0.04692391
0.0,0.05396095
0.0,0.036150344
0.0,0.036672838
0.0,0.01736131
0.0,0.06851764
0.0,0.07374773
0.0,0.04999883
0.0,0.046011865
0.0,0.026622223
0.0,0.057980854
0.0,0.08586361
0.0,0.08307315
0.0,0.043560166
0.0,0.09835242
0.0,0.069125764
0.0,0.039708138
0.0,0.069069654
0.0,0.08379519
0.0,0.035462037
0.0,0.12281936
0.0,0.08249595
0.0,0.07134873
0.0,0.04947119
0.0,0.09254944
0.0,0.08234766
0.0,0.055444375
0.0,0.072540015
0.0,0.047311515
0.0,0.065315016
0.0,0.048104458
0.0,0.0371167
0.0,0.058748856
0.0,0.03937882
0.0,0.03847872
0.0,0.06982689
0.0,0.07070395
0.0,0.045125615
0.0,0.10998476
0.0,0.07945305
0.0,0.096793264
0.0,0.06467228
0.0,0.054136768
0.0,0.038386047
0.0,0.075916246
0.0,0.12378281
0.0,0.102900594
0.0,0.057372767
0.0,0.05504712
0.0,0.08584613
0.0,0.03561686
1.0,0.061681904
0.0,0.06766796
0.0,0.038282804
0.0,0.18812142
0.0,0.055848718
0.0,0.017974295
1.0,0.060310934
0.0,0.047702417
0.0,0.05656529
0.0,0.052700616
0.0,0.07555425
0.0,0.047657058
0.0,0.05383227
0.0,0.06669698
0.0,0.05625582
0.0,0.056381986
0.0,0.06672092
0.0,0.10169661
0.0,0.046347342
0.0,0.04904329
0.0,0.097835794
0.0,0.038776778
0.0,0.04535711
0.0,0.05034664
0.0,0.075262815
0.0,0.047857683
0.0,0.075971745
0.0,0.04137355
0.0,0.05394271
0.0,0.033336256
0.0,0.05683048
0.0,0.03632679
0.0,0.05388127
0.0,0.04040637
0.0,0.016754363
0.0,0.06596089
0.0,0.052431114
0.0,0.05260872
0.0,0.06281486
0.0,0.072462924
0.0,0.056071408
0.0,0.06288873
0.0,0.055358138
0.0,0.06043657
0.0,0.08596406
0.0,0.05305857
0.0,0.0497983
0.0,0.11567944
0.0,0.08790926
0.0,0.084562294
1.0,0.03264826
0.0,0.038995504
0.0,0.09897805
0.0,0.073847756
0.0,0.09993119
1.0,0.028189044
0.0,0.028680645
0.0,0.067497715
0.0,0.11899441
0.0,0.07698989
0.0,0.10998091
0.0,0.035927374
0.0,0.08698858
0.0,0.06937967
0.0,0.0254571
0.0,0.04406391
0.0,0.10678773
0.0,0.039262854
0.0,0.046993636
0.0,0.09779391
0.0,0.10739743
0.0,0.12220824
0.0,0.025493858
0.0,0.051953234
0.0,0.02581673
1.0,0.034748625
0.0,0.040628277
0.0,0.045115653
0.0,0.025121206
0.0,0.053176623
0.0,0.094729036
0.0,0.07468897
0.0,0.095289126
0.0,0.04226605
0.0,0.081188895
0.0,0.10943262
0.0,0.031965103
0.0,0.03973926
0.0,0.04577753
0.0,0.09101752
0.0,0.052865323
0.0,0.04610072
0.0,0.029324185
0.0,0.057007685
0.0,0.091260284
0.0,0.061879884
0.0,0.08611369
0.0,0.072444245
0.0,0.016423326
0.0,0.052266292
0.0,0.06557841
0.0,0.12431352
0.0,0.11385928
0.0,0.06465314
0.0,0.0997748
0.0,0.03849966
0.0,0.059565656
0.0,0.02971129
0.0,0.0441863
0.0,0.06510678
0.0,0.10852842
0.0,0.043322284
0.0,0.046471044
0.0,0.037365362
0.0,0.02272556
0.0,0.04979483
0.0,0.07481009
0.0,0.03238142
0.0,0.04805895
1.0,0.04205484
0.0,0.049584005
0.0,0.117863744
0.0,0.008858879
0.0,0.046075314
0.0,0.11689969
0.0,0.022904191
0.0,0.069105886
0.0,0.1156206
0.0,0.04731321
0.0,0.03682427
0.0,0.109659486
0.0,0.0667752
0.0,0.04934199
0.0,0.03229468
0.0,0.040382616
0.0,0.073771
0.0,0.020934328
0.0,0.05028289
0.0,0.049771424
0.0,0.026343111
0.0,0.051890943
0.0,0.050455146
0.0,0.020814497
0.0,0.08096752
0.0,0.107448265
0.0,0.0699689
0.0,0.053233832
0.0,0.049210105
0.0,0.04645064
0.0,0.0481843
0.0,0.08000429
0.0,0.104867235
0.0,0.03484451
0.0,0.032455463
0.0,0.09906639
0.0,0.02814872
0.0,0.051806316
0.0,0.04595111
0.0,0.018342234
0.0,0.08193882
1.0,0.061083928
1.0,0.042560004
0.0,0.058538094
0.0,0.09696178
0.0,0.119273275
0.0,0.038201787
1.0,0.07083187
0.0,0.07416695
0.0,0.0756988
0.0,0.04040554
0.0,0.120594494
0.0,0.01755468
0.0,0.08588208
0.0,0.058088418
0.0,0.04212565
0.0,0.047435105
0.0,0.024642214
0.0,0.07991813
0.0,0.030804854
0.0,0.084269054
0.0,0.07290083
0.0,0.05770234
0.0,0.04867377
0.0,0.024111297
0.0,0.08437601
0.0,0.02699705
0.0,0.028129881
0.0,0.08956559
0.0,0.04254923
0.0,0.03582205
0.0,0.051529713
0.0,0.036941227
0.0,0.0253808
0.0,0.067668274
0.0,0.06595089
0.0,0.10159782
0.0,0.045910176
0.0,0.14342535
0.0,0.071478836
1.0,0.073238105
1.0,0.039568704
0.0,0.073346764
0.0,0.030039048
0.0,0.083145946
0.0,0.122899674
0.0,0.08775583
0.0,0.0562979
0.0,0.03529957
0.0,0.03516656
0.0,0.0851561
0.0,0.096589655
0.0,0.027318891
0.0,0.032653272
0.0,0.031475656
0.0,0.042505916
0.0,0.055987168
0.0,0.045812577
0.0,0.030376332
0.0,0.06966335
0.0,0.030891066
0.0,0.057434615
0.0,0.03329438
0.0,0.047658965
0.0,0.09158361
0.0,0.07788652
0.0,0.06574216
0.0,0.028530536
0.0,0.15294154
0.0,0.041027337
1.0,0.05641439
0.0,0.02802258
0.0,0.028775426
1.0,0.047116302
0.0,0.03954588
1.0,0.048321962
0.0,0.09736092
0.0,0.034751605
0.0,0.081710026
0.0,0.053551044
0.0,0.07944127
0.0,0.042024672
0.0,0.15807907
0.0,0.094746694
0.0,0.033369653
0.0,0.066922136
0.0,0.043406215
0.0,0.052264795
0.0,0.036592066
0.0,0.045480277
0.0,0.021731306
0.0,0.06380775
0.0,0.04326968
0.0,0.051863387
0.0,0.042388096
0.0,0.10357615
1.0,0.0446082
0.0,0.020690575
0.0,0.1447644
0.0,0.10703901
0.0,0.04252923
0.0,0.087350346
0.0,0.0761353
0.0,0.08245466
0.0,0.12307872
0.0,0.045483053
1.0,0.08758195
0.0,0.026115645
1.0,0.066223696
0.0,0.022227827
0.0,0.054605797
0.0,0.10011484
0.0,0.03558539
0.0,0.10025199
0.0,0.042520348
2.0,0.076560974
0.0,0.05503888
0.0,0.11221915
1.0,0.097059205
0.0,0.03576946
0.0,0.061141234
1.0,0.05603821
0.0,0.05465647
0.0,0.06993272
0.0,0.07115829
0.0,0.06247351
0.0,0.063497595
0.0,0.02609304
0.0,0.060231127
0.0,0.076826476
0.0,0.05623343
0.0,0.034801472
0.0,0.049301516
0.0,0.05199953
0.0,0.056038797
0.0,0.03630116
0.0,0.06490666
0.0,0.04022708
0.0,0.06961059
0.0,0.039533947
0.0,0.04080984
0.0,0.049783245
0.0,0.10009223
0.0,0.042475786
1.0,0.016000524
0.0,0.04740885
0.0,0.059142105
1.0,0.0438726
0.0,0.045592688
0.0,0.07746171
1.0,0.037312552
0.0,0.08009973
0.0,0.06483067
0.0,0.02724548
0.0,0.027749538
0.0,0.0977919
0.0,0.0905187
0.0,0.04709263
0.0,0.027750757
0.0,0.0929444
0.0,0.14619625
0.0,0.19675599
0.0,0.030874941
0.0,0.034660734
0.0,0.08357343
0.0,0.04342503
0.0,0.035648618
0.0,0.14703295
0.0,0.047772095
0.0,0.03802914
0.0,0.051307283
0.0,0.065149136
0.0,0.026234891
0.0,0.045602888
0.0,0.04073
0.0,0.06991208
0.0,0.07645805
0.0,0.05401187
0.0,0.013754177
0.0,0.025628615
0.0,0.0636823
0.0,0.054891817
0.0,0.021958392
0.0,0.04289974
0.0,0.079919584
0.0,0.07320878
0.0,0.03540454
0.0,0.041448075
0.0,0.07807246
0.0,0.111490145
0.0,0.1574749
0.0,0.05087003
0.0,0.049450763
0.0,0.065556824
0.0,0.06404225
0.0,0.049498513
0.0,0.09871707
0.0,0.06754569
0.0,0.055405367
0.0,0.026129283
0.0,0.029238053
0.0,0.08480678
0.0,0.10209106
0.0,0.087012224
0.0,0.028713897
0.0,0.014277939
0.0,0.05787985
0.0,0.094824255
0.0,0.065246195
0.0,0.086936355
0.0,0.12284445
0.0,0.032041147
1.0,0.08760302
0.0,0.06859258
0.0,0.024526559
0.0,0.08960916
0.0,0.0123510305
0.0,0.07353482
0.0,0.03623741
0.0,0.07399649
0.0,0.0604472
0.0,0.078543015
0.0,0.0757207
0.0,0.035024967
0.0,0.06267112
1.0,0.037748963
0.0,0.07215726
0.0,0.038632676
0.0,0.058104876
0.0,0.046752185
0.0,0.06708476
0.0,0.056937896
0.0,0.055462383
0.0,0.07704532
0.0,0.065914266
1.0,0.027534416
0.0,0.046589103
0.0,0.053469893
0.0,0.055954795
0.0,0.07068059
0.0,0.040664695
0.0,0.021752683
0.0,0.061072104
0.0,0.059079923
0.0,0.08230445
0.0,0.023254165
0.0,0.03901968
0.0,0.08185693
0.0,0.050807267
0.0,0.09580327
0.0,0.019515842
0.0,0.12241248
0.0,0.119365275
0.0,0.061520055
0.0,0.044521354
0.0,0.04398431
0.0,0.036110513
0.0,0.043194085
0.0,0.07940753
1.0,0.0523342
0.0,0.049046658
0.0,0.037098546
0.0,0.0555294
0.0,0.070562325
0.0,0.055162158
0.0,0.059760652
0.0,0.03144235
0.0,0.06442422
0.0,0.09120634
0.0,0.031023966
0.0,0.037205297
0.0,0.10261777
0.0,0.06743061
0.0,0.045761246
0.0,0.07791518
0.0,0.04529854
0.0,0.032795176
0.0,0.09830408
0.0,0.0934913
0.0,0.077179775
0.0,0.053253204
1.0,0.08912031
0.0,0.04574153
0.0,0.0703505
0.0,0.06323727
0.0,0.07131087
0.0,0.056129646
0.0,0.036587846
0.0,0.12981369
0.0,0.07316271
0.0,0.055649515
0.0,0.05590626
0.0,0.10228804
0.0,0.054615773
1.0,0.05621202
0.0,0.04002398
0.0,0.043974534
0.0,0.03221953
0.0,0.040816553
0.0,0.0416386
0.0,0.08912388
0.0,0.06745682
0.0,0.03285768
0.0,0.03491731
0.0,0.051226
0.0,0.07555443
0.0,0.06676735
1.0,0.050711688
0.0,0.05123797
0.0,0.026148291
0.0,0.026460078
0.0,0.032866266
0.0,0.026084816
0.0,0.043414578
0.0,0.029331906
0.0,0.041178662
0.0,0.07429551
0.0,0.05709123
0.0,0.027220912
0.0,0.0686624
1.0,0.06810419
0.0,0.09579733
0.0,0.076069854
0.0,0.051318
0.0,0.03801897
0.0,0.06429596
0.0,0.055147298
0.0,0.030664558
0.0,0.08928503
0.0,0.05013424
0.0,0.0945012
0.0,0.08134068
0.0,0.06546197
0.0,0.07332662
0.0,0.03603256
0.0,0.039232183
0.0,0.04395764
0.0,0.05966972
0.0,0.0817011
0.0,0.038861483
0.0,0.08642513
0.0,0.023987722
0.0,0.020112302
0.0,0.067838095
0.0,0.22791187
0.0,0.04957729
0.0,0.036206566
0.0,0.08950082
1.0,0.026088635
0.0,0.07523648
0.0,0.05283062
0.0,0.06670711
0.0,0.16714168
0.0,0.06946193
0.0,0.08380316
0.0,0.01923039
1.0,0.043573733
0.0,0.04909786
1.0,0.05194863
0.0,0.060267698
0.0,0.067906216
0.0,0.053825878
0.0,0.053226776
0.0,0.053953975
0.0,0.03890765
0.0,0.04019481
0.0,0.07840224
0.0,0.058952305
0.0,0.06084033
0.0,0.014986437
0.0,0.049599685
0.0,0.065440185
0.0,0.09187387
0.0,0.018367967
0.0,0.0420692
0.0,0.08153014
0.0,0.031456854
0.0,0.06762919
0.0,0.045644
0.0,0.065304555
0.0,0.024362464
0.0,0.11795589
0.0,0.059150536
0.0,0.04458105
1.0,0.052584346
0.0,0.033612907
0.0,0.059137058
0.0,0.072499126
0.0,0.11994725
0.0,0.08923921
0.0,0.05507776
0.0,0.04878898
0.0,0.03450791
0.0,0.050248474
0.0,0.0514366
0.0,0.06585664
0.0,0.03268566
0.0,0.08210375
0.0,0.018255606
0.0,0.041146003
0.0,0.04549312
0.0,0.068766855
0.0,0.03860682
0.0,0.033967845
0.0,0.064768426
0.0,0.02948103
0.0,0.021819001
0.0,0.035636686
0.0,0.032120463
0.0,0.043879546
0.0,0.04453615
0.0,0.054951005
0.0,0.040615592
0.0,0.05553529
0.0,0.0953724
0.0,0.03190004
0.0,0.03747242
0.0,0.01831218
0.0,0.027704256
0.0,0.071064666
0.0,0.06318986
0.0,0.019489711
0.0,0.047482874
0.0,0.07205361
0.0,0.06184975
0.0,0.020086464
0.0,0.10254584
0.0,0.093220875
0.0,0.019053416
0.0,0.050531883
0.0,0.048872594
0.0,0.14121787
0.0,0.039738577
0.0,0.040112212
0.0,0.034808807
0.0,0.077859245
0.0,0.03454255
0.0,0.04590877
0.0,0.06292418
0.0,0.041608036
0.0,0.07109042
0.0,0.040133603
0.0,0.041849397
0.0,0.04666383
0.0,0.033219878
0.0,0.11136067
0.0,0.032521877
0.0,0.03942038
0.0,0.04170352
0.0,0.08013832
0.0,0.055392846
0.0,0.085280485
0.0,0.076393895
0.0,0.042686075
0.0,0.046672642
0.0,0.11805315
0.0,0.028391037
0.0,0.09558465
0.0,0.077432044
0.0,0.111101516
0.0,0.042366758
0.0,0.053550597
0.0,0.05359589
0.0,0.041184437
0.0,0.09341933
0.0,0.054306235
0.0,0.09985112
0.0,0.115574576
0.0,0.021956328
0.0,0.040685955
1.0,0.052634943
0.0,0.0409031
0.0,0.03220873
0.0,0.034261677
1.0,0.046350412
0.0,0.045692127
0.0,0.048633613
0.0,0.048924822
0.0,0.044954315
0.0,0.10928318
0.0,0.048005216
0.0,0.069190234
0.0,0.051267423
0.0,0.05481986
0.0,0.044930466
0.0,0.05131734
0.0,0.05578133
0.0,0.045923356
0.0,0.11871319
0.0,0.022070872
0.0,0.09705304
0.0,0.08329937
0.0,0.050278
0.0,0.058937155
0.0,0.073834166
0.0,0.02796214
0.0,0.08700048
0.0,0.057032075
0.0,0.061735723
0.0,0.030150795
0.0,0.121635415
0.0,0.06177353
0.0,0.057172626
0.0,0.025352325
0.0,0.103070214
0.0,0.06108029
0.0,0.09919743
1.0,0.023977807
0.0,0.039036673
0.0,0.06537082
0.0,0.012900316
0.0,0.019024711
1.0,0.09325257
0.0,0.05111586
0.0,0.014395715
0.0,0.07372351
0.0,0.0423551
0.0,0.04926549
0.0,0.036188822
0.0,0.104100525
0.0,0.020554408
0.0,0.062262245
0.0,0.036175
0.0,0.06571511
0.0,0.044448152
0.0,0.037353195
0.0,0.07278538
0.0,0.027373215
0.0,0.046796925
0.0,0.032465182
0.0,0.052980978
0.0,0.019290317
0.0,0.08384721
0.0,0.074290164
0.0,0.021928895
0.0,0.033850588
0.0,0.04253933
0.0,0.071972705
1.0,0.03280711
0.0,0.03525249
1.0,0.10755324
0.0,0.04179019
0.0,0.030285418
0.0,0.08932005
0.0,0.061437577
0.0,0.063001215
1.0,0.039820936
0.0,0.25879762
0.0,0.023914287
0.0,0.056767214
0.0,0.055649597
0.0,0.02711347
0.0,0.12345049
0.0,0.016277175
0.0,0.07139371
0.0,0.074531615
0.0,0.035920605
0.0,0.054352153
0.0,0.047161303
0.0,0.2500851
0.0,0.056535464
0.0,0.01791908
0.0,0.046549577
0.0,0.10555152
0.0,0.06984484
0.0,0.11299833
0.0,0.049113523
0.0,0.051766384
0.0,0.03386941
0.0,0.040314566
0.0,0.07283297
0.0,0.059818484
0.0,0.06409456
0.0,0.02309472
0.0,0.06036491
0.0,0.07952298
0.0,0.066726044
1.0,0.14019269
0.0,0.026257468
0.0,0.0635475
0.0,0.11856028
1.0,0.041195553
0.0,0.11289252
0.0,0.026254889
0.0,0.06547881
0.0,0.109958254
0.0,0.024737446
0.0,0.018780826
0.0,0.024396922
0.0,0.08772983
0.0,0.052211866
0.0,0.13136518
0.0,0.07234386
0.0,0.04846018
0.0,0.10197524
0.0,0.039307777
0.0,0.055967856
0.0,0.019103616
0.0,0.057148535
0.0,0.055635214
0.0,0.06970585
0.0,0.03341532
0.0,0.07761354
0.0,0.03202384
0.0,0.036822464
0.0,0.031879056
0.0,0.019163504
0.0,0.08583041
0.0,0.024363115
0.0,0.04533789
0.0,0.07382698
0.0,0.07876782
0.0,0.027240558
0.0,0.03439681
0.0,0.04839638
0.0,0.07006594
0.0,0.034841187
0.0,0.0729817
0.0,0.034315616
0.0,0.047664534
0.0,0.0336131
0.0,0.12980619
0.0,0.0753352
0.0,0.048785955
0.0,0.037259232
0.0,0.042039383
0.0,0.08193921
0.0,0.03917935
0.0,0.034457695
0.0,0.059928045
0.0,0.049685325
0.0,0.07629172
0.0,0.039440442
0.0,0.13770683
0.0,0.03053681
0.0,0.021895804
0.0,0.08615546
0.0,0.073761396
0.0,0.09163883
0.0,0.0710548
0.0,0.08281401
1.0,0.05541821
0.0,0.049868517
0.0,0.11091816
0.0,0.086222075
0.0,0.03380937
0.0,0.060022376
0.0,0.04307931
0.0,0.0660792
0.0,0.057435684
0.0,0.054603066
0.0,0.045254927
0.0,0.096325606
0.0,0.11217207
0.0,0.04149712
0.0,0.064632
0.0,0.06887902
0.0,0.08447549
0.0,0.03060563
0.0,0.07220356
0.0,0.06007489
0.0,0.043641604
0.0,0.06636769
0.0,0.051625483
0.0,0.041263398
0.0,0.060069103
0.0,0.023199476
0.0,0.055644874
0.0,0.045125574
0.0,0.07748735
0.0,0.08487685
0.0,0.07404999
0.0,0.052980307
0.0,0.08720878
0.0,0.044059224
0.0,0.0778975
0.0,0.06671786
0.0,0.048659824
0.0,0.06347111
0.0,0.06763867
0.0,0.07246045
0.0,0.054198787
0.0,0.0393471
0.0,0.03896515
0.0,0.08307871
1.0,0.07383702
0.0,0.08162334
0.0,0.06497785
0.0,0.04094445
0.0,0.07921189
0.0,0.0851693
0.0,0.020667974
0.0,0.042625546
0.0,0.045273684
0.0,0.030196909
0.0,0.030897401
0.0,0.06915347
0.0,0.058379903
0.0,0.06536168
0.0,0.041511487
0.0,0.083821006
0.0,0.04070177
0.0,0.04896597
0.0,0.04837875
0.0,0.023937583
0.0,0.040346146
0.0,0.03731364
0.0,0.060808077
0.0,0.044471215
0.0,0.07690172
0.0,0.033017218
0.0,0.056151167
0.0,0.072031625
0.0,0.060437895
0.0,0.032521117
0.0,0.078183025
0.0,0.036736686
0.0,0.046967223
0.0,0.04567812
0.0,0.038206466
0.0,0.051319372
0.0,0.040228423
0.0,0.07544859
0.0,0.06625017
0.0,0.014623453
0.0,0.046838
0.0,0.081225105
0.0,0.0495319
0.0,0.05344338
0.0,0.07793335
0.0,0.11116002
0.0,0.030891597
0.0,0.08063406
0.0,0.033135857
0.0,0.033628684
0.0,0.047165148
0.0,0.09613875
0.0,0.05363439
0.0,0.025570594
0.0,0.07497147
0.0,0.034071308
0.0,0.047566973
0.0,0.06890284
0.0,0.045606017
0.0,0.06961059
0.0,0.052639462
1.0,0.039678495
0.0,0.039635118
0.0,0.06458784
0.0,0.06792581
0.0,0.04700305
0.0,0.03940852
0.0,0.12553945
0.0,0.05902168
0.0,0.035681218
0.0,0.031325985
0.0,0.07357564
0.0,0.040740293
0.0,0.087808564
0.0,0.0578996
0.0,0.03753537
0.0,0.03902679
0.0,0.040518563
0.0,0.03811901
0.0,0.04983022
0.0,0.12171362
0.0,0.064390615
0.0,0.13789983
0.0,0.09869448
0.0,0.054212302
0.0,0.09149795
0.0,0.0745002
0.0,0.027779896
0.0,0.020050425
0.0,0.09324399
0.0,0.052068483
0.0,0.043759257
0.0,0.057900593
0.0,0.053302262
0.0,0.065480575
0.0,0.040614255
0.0,0.05733165
0.0,0.08685392
0.0,0.044232853
0.0,0.03624856
0.0,0.04316812
0.0,0.13068567
0.0,0.11514403
1.0,0.03159636
0.0,0.020288631
0.0,0.07811926
0.0,0.022896634
0.0,0.07351634
0.0,0.0858325
0.0,0.022129854
0.0,0.04914377
0.0,0.08111062
0.0,0.045971997
0.0,0.03516428
0.0,0.0705884
1.0,0.103472166
0.0,0.03207325
0.0,0.01941794
0.0,0.11676598
0.0,0.010319358
0.0,0.038569063
0.0,0.09234409
0.0,0.066964395
0.0,0.07337488
0.0,0.041653514
0.0,0.03609271
0.0,0.058754932
0.0,0.07717308
0.0,0.09759238
0.0,0.03962274
0.0,0.04104702
0.0,0.05019227
0.0,0.03378639
0.0,0.06575623
0.0,0.092832245
0.0,0.01296152
0.0,0.11206354
0.0,0.06543712
0.0,0.070981674
0.0,0.040710717
0.0,0.035800226
0.0,0.030171245
0.0,0.057867005
0.0,0.024564058
0.0,0.024002207
0.0,0.024925616
0.0,0.036180504
0.0,0.041299894
0.0,0.051071882
0.0,0.03786663
0.0,0.08435227
0.0,0.028963856
0.0,0.056847528
0.0,0.04724731
0.0,0.08764187
0.0,0.046129704
0.0,0.032156307
0.0,0.05173154
0.0,0.031217875
0.0,0.05353653
0.0,0.017383121
0.0,0.13010934
0.0,0.043034695
0.0,0.087540716
0.0,0.11579655
0.0,0.08413439
0.0,0.12538886
0.0,0.035439182
0.0,0.051004715
0.0,0.03533797
0.0,0.04956247
0.0,0.016071761
0.0,0.05535836
0.0,0.076392934
0.0,0.08191098
0.0,0.058515683
0.0,0.024940133
0.0,0.070162795
0.0,0.046962366
0.0,0.04198251
0.0,0.08287058
0.0,0.056500457
0.0,0.07990034
0.0,0.032190274
0.0,0.049483646
0.0,0.055709865
0.0,0.03152477
0.0,0.046041228
0.0,0.03740146
0.0,0.084022254
0.0,0.019773252
0.0,0.111955814
0.0,0.042445842
0.0,0.034676936
0.0,0.044351503
0.0,0.17064147
0.0,0.029493896
0.0,0.13892457
0.0,0.08150142
0.0,0.011240568
0.0,0.039532833
0.0,0.03344199
0.0,0.10609624
0.0,0.10135062
0.0,0.07988857
0.0,0.042714134
0.0,0.044646613
0.0,0.034937214
0.0,0.088554546
0.0,0.065259136
0.0,0.15959837
0.0,0.029293872
0.0,0.09597949
0.0,0.122940116
0.0,0.025771517
0.0,0.024921753
0.0,0.061662346
0.0,0.08100423
0.0,0.11648787
0.0,0.05326303
1.0,0.055729527
0.0,0.054319948
0.0,0.04472831
0.0,0.06048584
0.0,0.07334234
0.0,0.061101962
0.0,0.037032656
0.0,0.081166714
0.0,0.020744137
0.0,0.11678041
0.0,0.05745454
0.0,0.042454362
0.0,0.037404187
0.0,0.08636132
1.0,0.13102612
0.0,0.052471608
0.0,0.10907332
0.0,0.060906105
0.0,0.05246435
0.0,0.046785768
0.0,0.08592956
0.0,0.022599988
0.0,0.075357616
0.0,0.116086185
1.0,0.05788875
0.0,0.026660994
0.0,0.04258422
0.0,0.064967684
0.0,0.065272175
0.0,0.08927749
0.0,0.036148466
0.0,0.049140133
0.0,0.101365335
0.0,0.045873106
0.0,0.0782652
0.0,0.050954007
0.0,0.04556804
0.0,0.13059473
0.0,0.02442735
0.0,0.031637594
0.0,0.09354383
0.0,0.07393227
0.0,0.114069805
0.0,0.0825619
0.0,0.032042492
0.0,0.10784726
0.0,0.041174952
0.0,0.024331316
0.0,0.05852509
0.0,0.031101683
0.0,0.05343212
0.0,0.032091897
0.0,0.026328782
0.0,0.05330699
1.0,0.02866081
0.0,0.11881184
0.0,0.08331041
0.0,0.05276987
0.0,0.054426797
0.0,0.04233083
0.0,0.061295904
0.0,0.08179879
0.0,0.06612644
0.0,0.069033794
0.0,0.056727897
0.0,0.051973775
0.0,0.06653646
0.0,0.07511603
0.0,0.039216228
0.0,0.021990635
0.0,0.045137234
0.0,0.014982364
0.0,0.024220444
0.0,0.059598856
0.0,0.038834233
0.0,0.060770888
0.0,0.09582611
0.0,0.045576233
0.0,0.10870379
0.0,0.08363869
0.0,0.022649355
0.0,0.090536445
0.0,0.0498968
0.0,0.06585182
0.0,0.13015185
0.0,0.08622006
0.0,0.07507854
0.0,0.074639484
0.0,0.06393734
1.0,0.059598047
0.0,0.056262407
0.0,0.05285907
0.0,0.065436594
0.0,0.07207058
0.0,0.120401435
0.0,0.017465
0.0,0.08073078
0.0,0.069295526
0.0,0.06292448
0.0,0.07970266
0.0,0.02384376
0.0,0.07018297
0.0,0.08083355
0.0,0.08202889
0.0,0.07552529
0.0,0.08476255
0.0,0.059300918
0.0,0.021801488
0.0,0.08638702
0.0,0.17958544
0.0,0.12288482
0.0,0.025160527
0.0,0.07733343
0.0,0.054686368
1.0,0.046139162
0.0,0.059842903
0.0,0.054057036
0.0,0.041990537
0.0,0.052645512
0.0,0.02880332
0.0,0.053845696
0.0,0.06979943
0.0,0.062298354
0.0,0.06081553
0.0,0.057968717
0.0,0.0673486
0.0,0.06605569
0.0,0.14723851
0.0,0.040930495
0.0,0.04484707
0.0,0.10684182
0.0,0.06093861
0.0,0.017254712
0.0,0.053369466
0.0,0.088348314
0.0,0.048689697
0.0,0.0199146
0.0,0.020337537
0.0,0.104514346
0.0,0.08880974
0.0,0.061419386
0.0,0.049246468
0.0,0.06838558
0.0,0.069744155
0.0,0.048997454
0.0,0.095315956
0.0,0.022992421
0.0,0.021568175
0.0,0.092172995
0.0,0.02632735
0.0,0.04939383
0.0,0.032048695
0.0,0.08527597
0.0,0.10532708
0.0,0.05106134
0.0,0.11385858
0.0,0.059349775
0.0,0.12512541
0.0,0.038226567
1.0,0.032449275
1.0,0.04888264
0.0,0.06482114
0.0,0.051013127
0.0,0.03798032
0.0,0.054759182
0.0,0.0626416
0.0,0.03842117
0.0,0.05775208
0.0,0.034021858
0.0,0.06512059
0.0,0.048247136
0.0,0.043383
0.0,0.041631334
1.0,0.016495263
0.0,0.06436833
0.0,0.06746737
0.0,0.031022102
0.0,0.039069634
0.0,0.08447214
0.0,0.08082141
0.0,0.04207247
0.0,0.09689943
1.0,0.097267136
0.0,0.067254476
0.0,0.061923675
0.0,0.08392167
0.0,0.06370411
0.0,0.06693356
0.0,0.05182801
0.0,0.034184866
0.0,0.035939746
0.0,0.082751095
0.0,0.11041831
0.0,0.026795952
0.0,0.028423114
0.0,0.11901705
0.0,0.05823874
0.0,0.076680556
0.0,0.10655731
0.0,0.04417927
0.0,0.0615762
0.0,0.049897656
0.0,0.037123937
0.0,0.053978525
0.0,0.058697194
0.0,0.06560712
0.0,0.049658302
0.0,0.0512772
0.0,0.06229283
0.0,0.0485772
0.0,0.063591026
0.0,0.04772239
0.0,0.085920095
0.0,0.04483384
0.0,0.038450126
0.0,0.02508752
0.0,0.08560638
0.0,0.071337126
0.0,0.064560264
0.0,0.123235986
0.0,0.17218849
0.0,0.027582789
0.0,0.075887315
0.0,0.08828772
0.0,0.037227444
0.0,0.057684407
0.0,0.12428892
0.0,0.075927794
0.0,0.020046717
0.0,0.046685264
0.0,0.0746876
0.0,0.045434043
0.0,0.04265521
0.0,0.040494904
0.0,0.050559863
0.0,0.06763
0.0,0.014446952
0.0,0.030047672
0.0,0.08476451
0.0,0.054640934
0.0,0.029167661
0.0,0.0628329
0.0,0.041900292
0.0,0.07407644
0.0,0.043694682
0.0,0.041342296
0.0,0.03997016
1.0,0.042175997
0.0,0.19061983
0.0,0.040874653
0.0,0.06675796
0.0,0.05568414
0.0,0.061767995
0.0,0.05190792
0.0,0.053337347
0.0,0.020342832
0.0,0.074714296
1.0,0.0777554
0.0,0.023321392
0.0,0.09743195
0.0,0.03654936
0.0,0.058702145
0.0,0.05227696
0.0,0.03755651
0.0,0.0765371
0.0,0.033233505
0.0,0.024086626
0.0,0.13916759
0.0,0.0490555
0.0,0.05518068
0.0,0.08727297
0.0,0.06155541
0.0,0.016569572
0.0,0.04793209
0.0,0.055258907
0.0,0.03347299
0.0,0.08076008
0.0,0.045970418
0.0,0.077540725
0.0,0.031008998
0.0,0.07387433
0.0,0.027107328
0.0,0.090085484
0.0,0.038331285
0.0,0.054263227
0.0,0.08129117
0.0,0.070486404
1.0,0.090340056
0.0,0.04096656
0.0,0.02467262
0.0,0.04615956
0.0,0.032017794
0.0,0.09072426
0.0,0.020089567
0.0,0.07152872
0.0,0.04688394
0.0,0.025036123
0.0,0.04676788
0.0,0.029045083
0.0,0.02984018
0.0,0.04706825
0.0,0.038032297
0.0,0.030883864
0.0,0.048349254
0.0,0.08412099
0.0,0.045997784
0.0,0.05364296
0.0,0.06556124
0.0,0.03207534
0.0,0.10695034
0.0,0.056398682
0.0,0.039519094
0.0,0.09441386
1.0,0.084963076
0.0,0.0702645
0.0,0.055005312
0.0,0.050410178
0.0,0.06273994
0.0,0.054636013
0.0,0.10019622
0.0,0.052038573
0.0,0.01675335
0.0,0.06832195
0.0,0.06040508
0.0,0.053898204
0.0,0.03565671
0.0,0.07212232
0.0,0.048180465
0.0,0.091551565
0.0,0.040121067
0.0,0.028107222
0.0,0.08296098
0.0,0.023950804
0.0,0.015551094
0.0,0.12176651
0.0,0.028564185
0.0,0.048666626
0.0,0.06208084
0.0,0.08321901
0.0,0.10156784
0.0,0.021092322
0.0,0.028047256
0.0,0.03807759
0.0,0.04958708
0.0,0.07089222
0.0,0.0400623
0.0,0.07205943
0.0,0.06228805
0.0,0.017175097
0.0,0.06353759
0.0,0.08616902
0.0,0.03854711
0.0,0.028322186
0.0,0.12735848
0.0,0.03177372
0.0,0.048119668
0.0,0.14756717
0.0,0.045232426
0.0,0.0521425
0.0,0.051699832
0.0,0.10667271
0.0,0.04890558
0.0,0.031157184
0.0,0.057407577
0.0,0.062063202
0.0,0.18389758
0.0,0.050754894
0.0,0.028451726
0.0,0.04947869
0.0,0.042876713
0.0,0.04553863
0.0,0.050013803
0.0,0.039349485
0.0,0.053117827
0.0,0.036322422
0.0,0.036674585
0.0,0.07818556
0.0,0.042387348
0.0,0.052436367
0.0,0.05105844
0.0,0.02975744
0.0,0.06566101
0.0,0.03208726
0.0,0.026550367
0.0,0.06969766
0.0,0.059935346
0.0,0.030524187
0.0,0.05325902
0.0,0.081106864
0.0,0.029390723
2.0,0.013219703
0.0,0.008224528
0.0,0.05350884
0.0,0.04689427
0.0,0.032228917
0.0,0.062058363
0.0,0.07313481
0.0,0.052825104
0.0,0.06670681
0.0,0.041944914
0.0,0.06989785
0.0,0.042650655
0.0,0.07810135
0.0,0.10217869
0.0,0.039628882
0.0,0.07842636
0.0,0.020210141
0.0,0.044340864
1.0,0.038420785
0.0,0.052603833
0.0,0.0790789
0.0,0.018884383
0.0,0.13728863
0.0,0.046688534
0.0,0.06759997
0.0,0.0266416
0.0,0.030190732
0.0,0.036572374
0.0,0.024240283
0.0,0.07835086
0.0,0.05113005
1.0,0.099306755
0.0,0.058806144
0.0,0.08019241
0.0,0.08780558
0.0,0.06966985
0.0,0.12196277
0.0,0.04549195
0.0,0.020796709
0.0,0.067594014
0.0,0.07418878
0.0,0.045439176
0.0,0.05437092
0.0,0.10384161
0.0,0.03771697
0.0,0.07533754
0.0,0.032369547
1.0,0.060572628
0.0,0.0599337
0.0,0.09209524
0.0,0.14947961
0.0,0.055293646
0.0,0.04044338
0.0,0.08111089
0.0,0.021035874
0.0,0.019790277
0.0,0.08016832
0.0,0.04237272
0.0,0.051149312
0.0,0.076300465
0.0,0.055090003
0.0,0.027942574
0.0,0.076428406
0.0,0.042666174
0.0,0.13480894
0.0,0.016393226
0.0,0.07606889
0.0,0.040242795
0.0,0.028323403
0.0,0.096868664
0.0,0.064843304
0.0,0.070918344
0.0,0.06037637
0.0,0.039474815
0.0,0.023985252
0.0,0.06030426
0.0,0.03712155
0.0,0.06680775
0.0,0.033281684
0.0,0.068093665
0.0,0.05039559
0.0,0.10538224
1.0,0.05382303
0.0,0.12488097
0.0,0.06924664
0.0,0.066548765
0.0,0.049903914
0.0,0.093364514
0.0,0.049811885
0.0,0.03678389
0.0,0.06762987
0.0,0.09689867
0.0,0.046082415
0.0,0.054618116
0.0,0.032033157
0.0,0.08047319
0.0,0.056359112
0.0,0.027993117
0.0,0.04628665
0.0,0.02028101
0.0,0.045251995
0.0,0.033562984
0.0,0.07483376
0.0,0.037202884
0.0,0.02459751
0.0,0.10484193
0.0,0.02082788
0.0,0.07792071
0.0,0.06999354
0.0,0.037608787
0.0,0.060200546
0.0,0.04323567
0.0,0.0702817
0.0,0.052199468
0.0,0.018270865
0.0,0.04965335
0.0,0.06070691
0.0,0.04182049
0.0,0.034706067
0.0,0.05491276
0.0,0.030255295
0.0,0.106744125
0.0,0.038391117
0.0,0.035743613
0.0,0.050033577
0.0,0.059159875
0.0,0.047110733
0.0,0.054313708
0.0,0.04518599
0.0,0.050740592
0.0,0.069306366
0.0,0.10658541
0.0,0.05776927
0.0,0.072122045
0.0,0.080488965
0.0,0.061728656
0.0,0.032605898
0.0,0.036066923
0.0,0.050392583
0.0,0.050006125
0.0,0.069993176
0.0,0.06242277
0.0,0.09787069
0.0,0.08948745
0.0,0.036637094
0.0,0.0988098
0.0,0.06415264
0.0,0.036691464
0.0,0.05287813
0.0,0.042369083
0.0,0.03577903
0.0,0.06530376
0.0,0.04571431
0.0,0.05941653
0.0,0.056525867
0.0,0.108645186
0.0,0.11346137
0.0,0.029318789
0.0,0.07563045
0.0,0.053223465
0.0,0.048975803
0.0,0.04979989
0.0,0.093039215
0.0,0.061749853
0.0,0.1036689
0.0,0.056809403
0.0,0.076176025
0.0,0.010847782
0.0,0.052853804
0.0,0.06293225
0.0,0.032336194
0.0,0.12074928
0.0,0.044217855
0.0,0.050295316
0.0,0.088639796
1.0,0.03852368
0.0,0.050720513
0.0,0.101684384
0.0,0.08366065
0.0,0.17297922
0.0,0.033192802
0.0,0.11421104
0.0,0.046964783
0.0,0.026399609
0.0,0.06410323
0.0,0.041537724
0.0,0.034653578
0.0,0.0340588
0.0,0.06127203
0.0,0.06361693
2.0,0.026674142
0.0,0.04570152
0.0,0.038101092
0.0,0.056450475
0.0,0.034343805
0.0,0.16252488
0.0,0.081463605
0.0,0.036612697
0.0,0.049677152
0.0,0.0625096
0.0,0.054341204
0.0,0.02874091
0.0,0.02091971
0.0,0.08361606
0.0,0.05803666
0.0,0.1087196
0.0,0.07092546
0.0,0.03165516
0.0,0.016712202
1.0,0.047345728
0.0,0.061417364
0.0,0.08286333
0.0,0.030615978
0.0,0.05871824
0.0,0.046795875
0.0,0.063739784
0.0,0.07698776
0.0,0.119960465
0.0,0.17725049
0.0,0.048400324
0.0,0.05550752
0.0,0.04312718
0.0,0.04363222
0.0,0.040737882
0.0,0.04171885
0.0,0.12256034
0.0,0.044427723
0.0,0.102605954
0.0,0.121665865
0.0,0.03944159
0.0,0.06748857
0.0,0.07857172
0.0,0.029500324
0.0,0.06725254
0.0,0.07817702
0.0,0.08049756
0.0,0.05611677
0.0,0.045101568
0.0,0.07255432
0.0,0.052519742
0.0,0.07239701
0.0,0.095835656
0.0,0.048699357
0.0,0.04733846
1.0,0.055753075
0.0,0.039759576
0.0,0.014601811
0.0,0.0456511
0.0,0.07459928
0.0,0.067244954
0.0,0.019710725
0.0,0.070605405
0.0,0.032700628
0.0,0.12117686
0.0,0.097639635
0.0,0.03070784
0.0,0.021291148
0.0,0.020051429
0.0,0.0503427
0.0,0.02407527
0.0,0.032635156
0.0,0.074512534
1.0,0.15104721
0.0,0.062179793
0.0,0.03567477
0.0,0.022217855
0.0,0.12709796
0.0,0.01460748
0.0,0.03537467
0.0,0.07342257
0.0,0.061228015
0.0,0.11540925
0.0,0.03697993
1.0,0.068548225
0.0,0.063200526
0.0,0.051193185
0.0,0.13540451
0.0,0.07895626
0.0,0.047505453
0.0,0.088458866
0.0,0.09779116
0.0,0.059046578
0.0,0.11510763
0.0,0.07131964
0.0,0.02442338
0.0,0.13873279
0.0,0.03917229
0.0,0.069251925
0.0,0.037808158
0.0,0.09243621
0.0,0.03257177
0.0,0.035181474
0.0,0.060180686
0.0,0.06427892
0.0,0.01762332
0.0,0.05545318
0.0,0.06996738
0.0,0.051349234
0.0,0.029750034
0.0,0.082160816
0.0,0.06355756
0.0,0.039481837
0.0,0.05863906
0.0,0.060037762
0.0,0.039750025
0.0,0.03977158
0.0,0.10212623
0.0,0.044399388
0.0,0.15299898
0.0,0.021827858
0.0,0.09287059
0.0,0.0801259
0.0,0.036369666
0.0,0.042781867
0.0,0.034612242
0.0,0.07617839
0.0,0.023016894
0.0,0.037564017
0.0,0.054758072
0.0,0.048813857
0.0,0.049984027
0.0,0.044645168
0.0,0.0627354
0.0,0.120859675
0.0,0.016062353
0.0,0.08315336
0.0,0.049333476
0.0,0.07756807
0.0,0.095369674
1.0,0.047887884
0.0,0.050746858
0.0,0.03953574
0.0,0.068156555
0.0,0.029615898
0.0,0.05225478
0.0,0.04504824
0.0,0.064683646
0.0,0.025043812
0.0,0.04159409
0.0,0.042499833
0.0,0.11960611
0.0,0.050295193
0.0,0.04081535
0.0,0.07261755
0.0,0.089120224
0.0,0.029371051
0.0,0.0672103
0.0,0.029526528
0.0,0.04559288
0.0,0.024066087
0.0,0.038924407
0.0,0.053494334
0.0,0.06930749
0.0,0.041958794
0.0,0.05662917
0.0,0.10646295
0.0,0.16157758
0.0,0.04093699
1.0,0.127664
0.0,0.06611992
0.0,0.021199122
0.0,0.07188934
0.0,0.037646428
1.0,0.0362525
0.0,0.035230678
0.0,0.065239385
0.0,0.029577143
0.0,0.10955537
0.0,0.051234137
0.0,0.045038104
0.0,0.07707793
0.0,0.033761024
0.0,0.07007569
0.0,0.09208904
0.0,0.06583911
0.0,0.071031585
0.0,0.088298306
0.0,0.04542228
1.0,0.04737667
0.0,0.046487577
0.0,0.07221162
0.0,0.018144358
0.0,0.06445654
1.0,0.03961067
0.0,0.040467937
0.0,0.0805376
0.0,0.060770094
0.0,0.04972704
0.0,0.06276063
0.0,0.06983176
0.0,0.024936577
0.0,0.06852125
0.0,0.05786019
0.0,0.05813001
0.0,0.11178991
1.0,0.04988785
0.0,0.07122853
0.0,0.056492697
0.0,0.03218208
0.0,0.05410294
0.0,0.06757602
0.0,0.064212106
0.0,0.062243734
0.0,0.10996439
0.0,0.0662751
0.0,0.09499523
0.0,0.03847395
1.0,0.046989605
0.0,0.031824015
1.0,0.04377476
0.0,0.05977919
0.0,0.028391985
0.0,0.064080596
0.0,0.051752463
0.0,0.04316777
0.0,0.052012578
0.0,0.067907386
0.0,0.06726352
0.0,0.04895355
0.0,0.06566986
0.0,0.02866007
0.0,0.025401514
0.0,0.057129
0.0,0.058380067
0.0,0.09159034
0.0,0.06950838
0.0,0.07250976
0.0,0.06800281
0.0,0.0506647
0.0,0.08546885
0.0,0.04793017
0.0,0.06871585
0.0,0.0639592
1.0,0.043389082
0.0,0.042789012
0.0,0.06434863
0.0,0.06051766
0.0,0.059851937
0.0,0.13056827
0.0,0.051991224
0.0,0.043468975
0.0,0.09147568
0.0,0.08128353
0.0,0.056419045
0.0,0.026963819
0.0,0.041782618
0.0,0.05183661
0.0,0.06626543
0.0,0.056357283
0.0,0.039282706
1.0,0.10873448
0.0,0.038769085
0.0,0.042825505
0.0,0.036688335
0.0,0.037439466
0.0,0.063624166
0.0,0.0685065
0.0,0.0120289875
0.0,0.0520768
0.0,0.08512728
0.0,0.088642776
0.0,0.042800456
0.0,0.028040009
0.0,0.033062924
0.0,0.06533229
0.0,0.13103618
0.0,0.075916395
0.0,0.024690662
0.0,0.020332804
0.0,0.040658783
0.0,0.09252283
0.0,0.043568164
0.0,0.043926273
0.0,0.017012583
0.0,0.074327014
0.0,0.0803291
0.0,0.14814086
0.0,0.07143134
0.0,0.06991922
0.0,0.039842628
0.0,0.09858893
0.0,0.059927344
0.0,0.035307787
0.0,0.03891329
0.0,0.050323427
1.0,0.08969902
0.0,0.1808357
0.0,0.041963916
0.0,0.06511047
0.0,0.06936399
0.0,0.0685097
0.0,0.0724628
0.0,0.036775842
0.0,0.07383938
0.0,0.09703171
0.0,0.062457547
0.0,0.0726852
0.0,0.056090422
0.0,0.062000893
0.0,0.03926862
0.0,0.015050173
0.0,0.013767714
0.0,0.04008382
0.0,0.033173878
0.0,0.16102307
0.0,0.0898532
0.0,0.04336037
0.0,0.059704483
0.0,0.08655913
0.0,0.11964036
0.0,0.07284419
0.0,0.053350117
0.0,0.088201225
0.0,0.04791093
0.0,0.05170158
0.0,0.033274956
0.0,0.047594585
0.0,0.07436501
0.0,0.053444095
0.0,0.02139578
0.0,0.0618356
0.0,0.05779988
0.0,0.043009996
0.0,0.03812439
0.0,0.01021291
0.0,0.040780235
0.0,0.073729575
0.0,0.06587824
0.0,0.067975
0.0,0.06211504
0.0,0.0924885
0.0,0.059196275
0.0,0.030905461
0.0,0.038014673
0.0,0.053684518
0.0,0.060348418
0.0,0.07305356
0.0,0.037964806
0.0,0.035158012
0.0,0.025189806
0.0,0.067560084
0.0,0.10402962
0.0,0.029263396
1.0,0.025114164
0.0,0.046928115
0.0,0.07867713
0.0,0.12877601
0.0,0.08634983
0.0,0.047178756
0.0,0.038898837
0.0,0.071489476
0.0,0.06338199
0.0,0.016120099
0.0,0.07682669
0.0,0.05974283
0.0,0.03619614
0.0,0.10442333
0.0,0.07623435
0.0,0.05670807
0.0,0.037963916
0.0,0.0890059
0.0,0.028071743
0.0,0.05744732
0.0,0.037034705
1.0,0.045322284
0.0,0.036521137
1.0,0.059400793
0.0,0.0955497
0.0,0.07416532
0.0,0.08721768
0.0,0.09690343
0.0,0.066060044
0.0,0.04623133
0.0,0.06865711
0.0,0.031147039
0.0,0.042957872
0.0,0.05377262
1.0,0.07132444
0.0,0.023800423
1.0,0.12407113
0.0,0.11820257
0.0,0.11361539
0.0,0.053196482
0.0,0.07669017
0.0,0.08960104
0.0,0.047778837
0.0,0.06819277
0.0,0.07519143
0.0,0.06807847
0.0,0.023218146
0.0,0.047061335
0.0,0.090266295
0.0,0.09172256
0.0,0.0720667
0.0,0.04991574
0.0,0.05159418
0.0,0.056407236
0.0,0.030850777
0.0,0.067738086
0.0,0.025893044
2.0,0.047194645
0.0,0.02604456
0.0,0.028208958
0.0,0.06650813
0.0,0.045839082
0.0,0.047231406
0.0,0.069692925
0.0,0.056721784
0.0,0.05927686
0.0,0.0536546
0.0,0.051711615
0.0,0.068249896
0.0,0.055098593
0.0,0.051062167
1.0,0.05949485
0.0,0.044778414
1.0,0.0669521
0.0,0.07846545
0.0,0.04287281
0.0,0.06875675
0.0,0.052454196
0.0,0.062072907
1.0,0.018080067
0.0,0.053544443
0.0,0.062768646
0.0,0.13471687
0.0,0.07599928
0.0,0.08057049
0.0,0.046836257
0.0,0.034102954
0.0,0.10116309
0.0,0.054945372
0.0,0.031574763
0.0,0.07095751
0.0,0.030905845
0.0,0.034817487
0.0,0.080586046
0.0,0.06619817
0.0,0.010115435
0.0,0.039116014
0.0,0.08088568
0.0,0.06284016
0.0,0.066700414
0.0,0.038411424
1.0,0.02721458
0.0,0.03548995
0.0,0.043763973
0.0,0.03971111
0.0,0.036350474
0.0,0.07195586
0.0,0.09344615
0.0,0.040577613
0.0,0.043854486
0.0,0.06892035
0.0,0.08549567
0.0,0.05492574
0.0,0.1111225
0.0,0.10167275
0.0,0.075872205
0.0,0.033306226
0.0,0.039858684
0.0,0.030672455
0.0,0.0837699
0.0,0.052608296
0.0,0.051271014
0.0,0.1088142
0.0,0.06530477
0.0,0.06389979
0.0,0.059222307
0.0,0.13136978
1.0,0.09473504
0.0,0.036796276
0.0,0.10305525
0.0,0.067661546
0.0,0.052752458
0.0,0.061361324
0.0,0.12593018
0.0,0.0765259
0.0,0.12874746
0.0,0.028874403
0.0,0.030175189
0.0,0.039101467
0.0,0.046449974
0.0,0.037886716
0.0,0.045481317
0.0,0.03589636
0.0,0.06254902
0.0,0.015478018
0.0,0.062883265
0.0,0.049232498
0.0,0.04479877
0.0,0.054617647
0.0,0.0118243545
0.0,0.039652035
0.0,0.044892237
0.0,0.117307596
0.0,0.05561922
0.0,0.034231633
0.0,0.031379476
0.0,0.037412945
1.0,0.039334983
0.0,0.028780023
0.0,0.12003611
0.0,0.03456794
0.0,0.025062926
0.0,0.033749405
0.0,0.080859184
0.0,0.05353237
0.0,0.06102157
0.0,0.064654715
0.0,0.12027726
0.0,0.08520697
0.0,0.04898818
0.0,0.11098614
0.0,0.13473588
0.0,0.036310423
0.0,0.052402124
0.0,0.06619175
0.0,0.04854652
0.0,0.0531496
0.0,0.07765584
0.0,0.044310283
0.0,0.042448007
0.0,0.064084984
0.0,0.095995784
0.0,0.042280644
0.0,0.06042775
0.0,0.04352097
0.0,0.06489737
0.0,0.08404465
0.0,0.035213344
0.0,0.0599766
0.0,0.05306358
0.0,0.07721839
0.0,0.07223549
0.0,0.09328733
0.0,0.04265584
0.0,0.029097717
0.0,0.06219545
0.0,0.11133757
0.0,0.05998112
0.0,0.052882418
0.0,0.0232733
1.0,0.05527571
0.0,0.016910603
0.0,0.060389988
0.0,0.056835767
0.0,0.03270234
0.0,0.0929475
0.0,0.13852043
0.0,0.07796877
0.0,0.06960694
0.0,0.041966338
0.0,0.08595095
0.0,0.052791588
0.0,0.048882335
0.0,0.039239533
1.0,0.046144333
0.0,0.072888754
0.0,0.04686872
0.0,0.029355524
0.0,0.058496073
0.0,0.0848397
0.0,0.067805834
0.0,0.044587065
0.0,0.03821474
0.0,0.1098094
0.0,0.11133683
0.0,0.08107879
0.0,0.07955591
0.0,0.049085356
0.0,0.04845697
0.0,0.0474781
0.0,0.16119912
0.0,0.050588466
2.0,0.04609083
0.0,0.05733538
1.0,0.041123286
0.0,0.10880491
0.0,0.11284971
0.0,0.019491449
0.0,0.047173068
0.0,0.04019991
0.0,0.042936064
0.0,0.039521866
0.0,0.08613631
0.0,0.07906612
1.0,0.063411966
0.0,0.09059721
0.0,0.0333821
0.0,0.04056608
0.0,0.039780304
0.0,0.06503129
0.0,0.053077787
0.0,0.03949161
0.0,0.10177907
2.0,0.052895002
0.0,0.023751708
0.0,0.08955837
0.0,0.04843886
0.0,0.039189495
0.0,0.07562046
0.0,0.10743187
0.0,0.093768194
0.0,0.024476437
0.0,0.05253294
0.0,0.0554354
0.0,0.100039914
1.0,0.024485063
0.0,0.08786833
0.0,0.05729492
0.0,0.05599857
0.0,0.12990464
0.0,0.048852205
0.0,0.12217199
0.0,0.063225634
0.0,0.029411316
0.0,0.06895299
0.0,0.09143148
1.0,0.04466471
0.0,0.04062086
0.0,0.01645574
0.0,0.09940786
0.0,0.096154615
1.0,0.01695181
0.0,0.046136677
0.0,0.05141046
0.0,0.068495326
0.0,0.043479607
0.0,0.06055956
0.0,0.048449945
0.0,0.045832872
0.0,0.050435808
0.0,0.041579396
0.0,0.04760591
0.0,0.03818481
1.0,0.045562066
0.0,0.03137294
0.0,0.037323087
1.0,0.037158296
0.0,0.037987676
0.0,0.05631312
0.0,0.048621487
0.0,0.055641584
0.0,0.046427764
0.0,0.0556271
0.0,0.07802768
0.0,0.063659854
0.0,0.043264728
0.0,0.056589648
1.0,0.07510174
0.0,0.035417374
0.0,0.070834205
0.0,0.035724528
0.0,0.07694291
0.0,0.09550631
0.0,0.03263111
0.0,0.037798963
0.0,0.07531713
1.0,0.043692306
0.0,0.049427662
0.0,0.09473909
0.0,0.108984396
0.0,0.05670399
0.0,0.024798954
0.0,0.05866661
0.0,0.072131336
0.0,0.043825302
0.0,0.025518754
1.0,0.029079603
0.0,0.053859692
0.0,0.05345842
0.0,0.06407716
1.0,0.09173466
0.0,0.084282175
0.0,0.05432702
0.0,0.03576963
0.0,0.04343456
0.0,0.057677336
0.0,0.089962244
0.0,0.08748922
0.0,0.041513704
0.0,0.03988477
0.0,0.034085933
0.0,0.063408025
0.0,0.036080666
2.0,0.07418435
0.0,0.0506576
0.0,0.043738812
0.0,0.021276614
0.0,0.07348595
0.0,0.021181632
0.0,0.068338506
0.0,0.018007778
0.0,0.06881438
0.0,0.036625322
0.0,0.045327816
0.0,0.044359796
0.0,0.057814296
0.0,0.11347678
0.0,0.06812764
0.0,0.023360502
0.0,0.08532883
0.0,0.035504237
0.0,0.049687553
0.0,0.0607005
0.0,0.024408499
0.0,0.036369182
0.0,0.06664694
0.0,0.053588174
0.0,0.08989976
0.0,0.068124816
0.0,0.046371743
1.0,0.06802029
0.0,0.06741829
1.0,0.06703537
0.0,0.05501537
0.0,0.03475676
0.0,0.04715231
0.0,0.028738568
0.0,0.08159633
0.0,0.09251119
0.0,0.08555178
0.0,0.025830397
0.0,0.085989684
0.0,0.053771507
0.0,0.05428295
0.0,0.072164185
0.0,0.11327551
0.0,0.058852848
0.0,0.059881296
0.0,0.070814855
0.0,0.106549844
0.0,0.04264429
0.0,0.052354142
0.0,0.06154844
0.0,0.064879626
1.0,0.050355956
0.0,0.07879622
0.0,0.039027385
0.0,0.03599689
0.0,0.090090424
0.0,0.025249187
0.0,0.07551247
0.0,0.04631661
0.0,0.041605577
0.0,0.04897204
1.0,0.059116278
0.0,0.018430617
0.0,0.058691427
0.0,0.04038776
0.0,0.015487903
0.0,0.081290625
0.0,0.048045497
0.0,0.049125493
0.0,0.036694616
0.0,0.044608817
0.0,0.05781791
0.0,0.10097249
0.0,0.0222947
0.0,0.011535214
0.0,0.02326509
0.0,0.05113904
0.0,0.024988212
0.0,0.082130805
0.0,0.0521245
0.0,0.052491702
0.0,0.051395115
0.0,0.029472597
0.0,0.052088547
0.0,0.13288674
0.0,0.04510107
0.0,0.05588284
0.0,0.11169672
1.0,0.050283372
0.0,0.05981847
0.0,0.08480987
0.0,0.06331542
0.0,0.017485658
0.0,0.051745728
0.0,0.036525875
0.0,0.033310466
0.0,0.044193152
0.0,0.063099466
0.0,0.08966644
0.0,0.05586045
0.0,0.058211617
0.0,0.04678847
0.0,0.05489826
0.0,0.03261218
0.0,0.048508063
0.0,0.035211314
0.0,0.09079422
0.0,0.019504419
0.0,0.07321042
0.0,0.043975584
0.0,0.09090519
1.0,0.049271926
0.0,0.091617115
0.0,0.061706793
0.0,0.05882019
0.0,0.04012241
0.0,0.08172255
0.0,0.020442795
0.0,0.05684127
0.0,0.03156126
0.0,0.10671356
0.0,0.03642305
0.0,0.07074368
0.0,0.03550105
0.0,0.07581536
0.0,0.06965776
0.0,0.13961351
0.0,0.06060175
0.0,0.03909798
0.0,0.036303256
0.0,0.03545627
0.0,0.09960002
0.0,0.0416229
0.0,0.044843245
0.0,0.072073385
0.0,0.040689543
0.0,0.061028756
0.0,0.029180055
0.0,0.029152088
0.0,0.07400858
0.0,0.12789465
0.0,0.020932183
0.0,0.045529313
0.0,0.07862738
0.0,0.11978593
0.0,0.05568482
0.0,0.064196005
0.0,0.02985615
0.0,0.042643353
0.0,0.057725873
0.0,0.023008829
1.0,0.12226687
0.0,0.08680548
0.0,0.06417121
0.0,0.050362125
0.0,0.07921692
0.0,0.037065834
0.0,0.045690864
0.0,0.05464792
0.0,0.052229844
0.0,0.047452454
0.0,0.017657505
0.0,0.03508884
0.0,0.037589386
0.0,0.027820393
0.0,0.02452042
0.0,0.06904878
0.0,0.05921841
0.0,0.08213958
1.0,0.03241865
0.0,0.04061021
0.0,0.04165864
0.0,0.033392034
0.0,0.090078995
0.0,0.037099607
0.0,0.05403924
0.0,0.05346795
0.0,0.056570683
0.0,0.17711079
0.0,0.022828238
0.0,0.071087815
0.0,0.057667904
0.0,0.07326113
0.0,0.019505087
0.0,0.05809468
0.0,0.04173063
0.0,0.03629273
0.0,0.04531282
0.0,0.082451314
0.0,0.052781016
0.0,0.05482135
0.0,0.09126714
0.0,0.04968369
0.0,0.02511184
1.0,0.040736448
0.0,0.21865833
0.0,0.046087336
0.0,0.059224818
0.0,0.07087022
1.0,0.121047646
0.0,0.06149568
0.0,0.06689556
0.0,0.07881309
0.0,0.057782687
0.0,0.043505054
0.0,0.050129533
0.0,0.10571849
0.0,0.063177116
0.0,0.06195327
0.0,0.032162517
0.0,0.03375354
0.0,0.11809733
1.0,0.04568638
0.0,0.07461077
0.0,0.060036916
0.0,0.055873558
0.0,0.07989672
0.0,0.13239631
0.0,0.112813935
0.0,0.04663687
2.0,0.076615445
0.0,0.05428005
0.0,0.08897369
0.0,0.059041735
0.0,0.05237814
0.0,0.1656072
0.0,0.074305534
0.0,0.01988651
0.0,0.042450093
0.0,0.037381828
0.0,0.09317212
0.0,0.08709039
0.0,0.029828984
0.0,0.1682579
0.0,0.0818517
0.0,0.06105277
0.0,0.049270142
0.0,0.021992374
0.0,0.06804278
0.0,0.08710598
0.0,0.026133595
0.0,0.05285602
0.0,0.028249137
0.0,0.03974737
1.0,0.06458902
0.0,0.027452782
0.0,0.044259794
0.0,0.009875012
0.0,0.05776588
0.0,0.045585103
0.0,0.02673441
0.0,0.03367607
0.0,0.041712485
0.0,0.07444577
0.0,0.08721045
0.0,0.022001667
0.0,0.058090415
0.0,0.038536157
0.0,0.054065052
0.0,0.104220174
0.0,0.080651864
0.0,0.06959136
0.0,0.03383532
0.0,0.049201563
0.0,0.0483307
0.0,0.08271527
0.0,0.05126737
0.0,0.050242003
0.0,0.043386534
0.0,0.02302752
0.0,0.020530734
0.0,0.07717429
0.0,0.05500868
0.0,0.0648032
0.0,0.04900743
1.0,0.057594035
0.0,0.042708106
0.0,0.040574323
0.0,0.038756944
0.0,0.038260613
0.0,0.08809478
0.0,0.09614551
0.0,0.015615265
0.0,0.046318267
0.0,0.098337114
0.0,0.0386612
0.0,0.041327078
0.0,0.043615952
1.0,0.05787611
0.0,0.09512408
0.0,0.04849356
0.0,0.030904075
0.0,0.043864567
0.0,0.099511765
0.0,0.0724675
0.0,0.09737707
0.0,0.06391159
0.0,0.051365007
0.0,0.069539346
0.0,0.03678091
0.0,0.09158178
0.0,0.10885979
0.0,0.04093338
0.0,0.05056218
0.0,0.05081953
0.0,0.090007514
0.0,0.122838624
0.0,0.079062425
0.0,0.034061205
0.0,0.054424718
0.0,0.058035456
0.0,0.028953597
0.0,0.04744517
1.0,0.06574006
0.0,0.026624013
0.0,0.08995345
0.0,0.07149506
0.0,0.0699869
1.0,0.079718776
0.0,0.026995776
0.0,0.08166745
0.0,0.05727834
0.0,0.1365424
0.0,0.06627519
0.0,0.047530852
0.0,0.029728154
0.0,0.11720217
0.0,0.07491447
0.0,0.040751718
0.0,0.07086144
0.0,0.048717473
0.0,0.043051504
0.0,0.01940094
0.0,0.05128588
0.0,0.0207068
0.0,0.058653016
0.0,0.10043285
0.0,0.101957396
0.0,0.049860075
0.0,0.05328363
0.0,0.065622516
0.0,0.08199151
1.0,0.051667348
0.0,0.14476627
0.0,0.13927254
0.0,0.022369977
0.0,0.104615316
0.0,0.10312166
0.0,0.049468853
0.0,0.03763616
0.0,0.03868359
0.0,0.09420897
0.0,0.06975721
0.0,0.058793552
0.0,0.09896984
0.0,0.10384904
0.0,0.076328956
0.0,0.04108297
0.0,0.035281546
0.0,0.11287619
0.0,0.05088757
0.0,0.039417673
0.0,0.15350866
0.0,0.08015533
0.0,0.12844932
0.0,0.07605393
0.0,0.117474794
0.0,0.07133579
0.0,0.14393316
0.0,0.0689698
0.0,0.054098733
0.0,0.029225172
0.0,0.05067545
0.0,0.02363836
0.0,0.08219925
0.0,0.04768072
0.0,0.09654471
0.0,0.07737348
0.0,0.06417491
0.0,0.05973374
1.0,0.02893622
0.0,0.020921286
0.0,0.14001136
0.0,0.03617174
0.0,0.041659534
0.0,0.03584609
0.0,0.04366646
0.0,0.12302583
0.0,0.033642154
0.0,0.052056767
0.0,0.025315855
0.0,0.039931733
0.0,0.071037255
0.0,0.058569297
0.0,0.055994697
0.0,0.07436842
0.0,0.12765646
0.0,0.06370867
0.0,0.11029576
0.0,0.015286354
0.0,0.063039385
0.0,0.039130863
0.0,0.074031554
0.0,0.029016193
0.0,0.05230803
0.0,0.06539615
0.0,0.12403321
0.0,0.09832208
0.0,0.12046684
0.0,0.026294267
0.0,0.05263532
0.0,0.053719778
0.0,0.07370019
0.0,0.044579007
1.0,0.055568192
0.0,0.10698548
0.0,0.087509304
0.0,0.055006348
0.0,0.12920582
0.0,0.01376182
0.0,0.03761576
0.0,0.049338087
1.0,0.0570987
0.0,0.02190584
0.0,0.036998536
0.0,0.032825544
0.0,0.021989647
0.0,0.055698458
0.0,0.029446946
0.0,0.019409895
0.0,0.061573908
1.0,0.04720306
0.0,0.0729031
0.0,0.079115786
0.0,0.0428761
0.0,0.05546438
0.0,0.02285429
1.0,0.048457433
0.0,0.069329366
0.0,0.08101282
0.0,0.043129645
0.0,0.03556271
0.0,0.07046525
0.0,0.048438188
0.0,0.052681044
0.0,0.07139933
0.0,0.055464394
0.0,0.03949334
0.0,0.13330288
0.0,0.04886754
0.0,0.033249736
0.0,0.03453934
0.0,0.039212152
0.0,0.034474377
0.0,0.08812064
0.0,0.04301106
0.0,0.021761347
0.0,0.017051486
0.0,0.06047361
0.0,0.075001575
0.0,0.05200516
0.0,0.08701874
0.0,0.05143851
0.0,0.057765055
0.0,0.058794115
0.0,0.03719382
0.0,0.07436083
0.0,0.046065867
1.0,0.022131067
1.0,0.023309374
0.0,0.0387359
0.0,0.09791878
0.0,0.027973196
0.0,0.047284946
0.0,0.08277201
0.0,0.08768472
0.0,0.06921165
0.0,0.04974891
0.0,0.07266664
0.0,0.05802436
1.0,0.011695193
0.0,0.082378455
0.0,0.08167968
1.0,0.019047648
0.0,0.11132037
0.0,0.03340143
0.0,0.12587813
0.0,0.04251676
0.0,0.03490068
0.0,0.048080355
0.0,0.044765994
0.0,0.052301195
0.0,0.014755515
0.0,0.058687985
0.0,0.025575338
0.0,0.06930725
0.0,0.09113608
0.0,0.018837294
0.0,0.073655285
0.0,0.052059844
0.0,0.04206244
0.0,0.055033486
0.0,0.084975556
0.0,0.1017422
0.0,0.04587805
0.0,0.048940457
0.0,0.14478043
0.0,0.08117225
0.0,0.06753963
0.0,0.06254269
0.0,0.09107387
0.0,0.09379002
0.0,0.024008721
0.0,0.028070886
0.0,0.043118954
0.0,0.032695778
0.0,0.054085474
0.0,0.012097006
0.0,0.07170398
0.0,0.05284624
0.0,0.065722235
0.0,0.01853047
0.0,0.033444636
0.0,0.07453535
0.0,0.035552602
0.0,0.026797473
0.0,0.03316175
0.0,0.07800365
0.0,0.036098424
0.0,0.031690273
0.0,0.06952789
0.0,0.11767433
0.0,0.06143176
0.0,0.05001955
0.0,0.06157144
0.0,0.045877676
0.0,0.21254158
0.0,0.080919504
0.0,0.041942313
0.0,0.08175917
0.0,0.02028957
0.0,0.14911495
0.0,0.03123467
0.0,0.09308295
0.0,0.12633947
0.0,0.04871647
0.0,0.10968815
0.0,0.02947978
0.0,0.021515265
0.0,0.119992875
0.0,0.049777575
0.0,0.059895374
0.0,0.05374673
0.0,0.040797934
0.0,0.07137394
0.0,0.026846342
0.0,0.036260817
0.0,0.024858091
0.0,0.08918476
0.0,0.08623279
1.0,0.05452692
0.0,0.055670377
0.0,0.027448999
0.0,0.052026913
1.0,0.1100447
0.0,0.014245358
0.0,0.026259245
0.0,0.074413076
0.0,0.043952145
0.0,0.084480435
0.0,0.07074531
0.0,0.054557726
1.0,0.060273733
0.0,0.07072122
0.0,0.06788414
0.0,0.035772223
0.0,0.09166972
0.0,0.060205456
0.0,0.09228
0.0,0.07471351
1.0,0.056204848
0.0,0.06291365
0.0,0.043465864
0.0,0.023467537
0.0,0.040571168
0.0,0.04613936
0.0,0.030366587
0.0,0.0350782
0.0,0.11749749
0.0,0.041127484
0.0,0.02076381
1.0,0.074649915
0.0,0.078150414
0.0,0.046767637
0.0,0.07159547
0.0,0.050352015
0.0,0.0981126
0.0,0.07677685
0.0,0.041352585
0.0,0.042393394
0.0,0.05714164
0.0,0.04401811
0.0,0.037861593
0.0,0.05933045
0.0,0.032231744
0.0,0.03434906
0.0,0.042874485
0.0,0.0635358
0.0,0.036664184
0.0,0.023321904
0.0,0.054845273
0.0,0.0618046
0.0,0.052719243
0.0,0.034429446
0.0,0.013709037
0.0,0.05024282
0.0,0.016531328
0.0,0.1083976
0.0,0.037413105
0.0,0.064473696
0.0,0.072198264
0.0,0.04285895
0.0,0.07708724
0.0,0.035999637
0.0,0.04125061
0.0,0.08884701
0.0,0.026482962
0.0,0.05186168
1.0,0.033456087
0.0,0.057534114
0.0,0.033483602
0.0,0.03377851
0.0,0.057782356
0.0,0.06217994
0.0,0.057095256
0.0,0.078481056
0.0,0.058706682
0.0,0.05518181
0.0,0.06191712
0.0,0.059973538
0.0,0.10613941
0.0,0.056162067
0.0,0.039902307
0.0,0.052158043
0.0,0.042092558
0.0,0.06571946
0.0,0.037601236
0.0,0.05159418
0.0,0.03637796
0.0,0.046436112
0.0,0.08194171
0.0,0.059815146
0.0,0.06337232
0.0,0.10073018
0.0,0.07665701
0.0,0.09221551
0.0,0.07575992
0.0,0.11504376
0.0,0.11846613
0.0,0.02167755
0.0,0.110036485
0.0,0.048685912
0.0,0.12470358
0.0,0.05530454
0.0,0.07347556
0.0,0.069233
0.0,0.049529396
0.0,0.03992469
0.0,0.07064767
0.0,0.053796627
0.0,0.08289485
0.0,0.08433174
0.0,0.05660258
1.0,0.073555365
0.0,0.03487508
0.0,0.027222574
0.0,0.18704362
0.0,0.07710308
0.0,0.052877247
0.0,0.030000856
1.0,0.037002664
0.0,0.044834435
0.0,0.05550826
0.0,0.038831215
1.0,0.06518779
0.0,0.01471317
0.0,0.033871043
0.0,0.0451032
0.0,0.07279131
0.0,0.08808732
0.0,0.0819876
0.0,0.03428544
0.0,0.060613915
0.0,0.09136413
1.0,0.051523644
0.0,0.09665619
0.0,0.046342522
0.0,0.08813921
1.0,0.018787937
0.0,0.07676907
0.0,0.047333065
0.0,0.069736324
0.0,0.04634632
0.0,0.020399608
0.0,0.07582633
0.0,0.0472992
0.0,0.041109446
0.0,0.061201133
1.0,0.015425609
0.0,0.051097
0.0,0.08549245
0.0,0.04764347
0.0,0.053001255
0.0,0.055084
0.0,0.06061958
0.0,0.0782057
0.0,0.027464958
0.0,0.04064682
0.0,0.014489312
0.0,0.19309053
0.0,0.075195536
0.0,0.07766657
0.0,0.07292082
0.0,0.11846864
0.0,0.09223026
0.0,0.12205786
0.0,0.18193534
0.0,0.09606887
0.0,0.04214787
0.0,0.05776544
0.0,0.14123446
0.0,0.031829994
0.0,0.025824264
0.0,0.068363175
0.0,0.07509569
0.0,0.06894405
0.0,0.084229566
0.0,0.044263445
0.0,0.019013511
0.0,0.096533716
0.0,0.012901546
0.0,0.050372668
0.0,0.059602976
0.0,0.081140615
0.0,0.04821887
0.0,0.10586767
0.0,0.04381218
0.0,0.06340335
0.0,0.0740429
0.0,0.038852327
0.0,0.07047607
0.0,0.05963415
0.0,0.025334973
0.0,0.06120303
0.0,0.03443004
0.0,0.05730653
0.0,0.070386305
0.0,0.08985539
0.0,0.03836579
0.0,0.08193382
0.0,0.062657766
0.0,0.079548165
0.0,0.07727165
0.0,0.031113314
0.0,0.053641003
0.0,0.03896846
0.0,0.07990369
0.0,0.054023743
0.0,0.060518697
0.0,0.07065828
0.0,0.07090578
0.0,0.050601877
0.0,0.05372772
0.0,0.044273786
0.0,0.050771885
0.0,0.10000038
0.0,0.044625476
0.0,0.04383385
0.0,0.062339988
0.0,0.041039035
0.0,0.05236715
0.0,0.060831193
0.0,0.049489476
0.0,0.039858438
0.0,0.05743478
0.0,0.034616385
0.0,0.10424553
0.0,0.048652656
0.0,0.09729186
0.0,0.07563239
0.0,0.08267923
0.0,0.04878521
0.0,0.047248617
0.0,0.11175516
0.0,0.08217586
0.0,0.045280896
0.0,0.051450532
0.0,0.024885464
0.0,0.0452562
0.0,0.0776931
0.0,0.092957824
0.0,0.041181177
0.0,0.050242797
0.0,0.037479244
0.0,0.062445305
0.0,0.028076667
0.0,0.05079729
0.0,0.06933859
0.0,0.047573958
0.0,0.09908886
0.0,0.03747862
0.0,0.07133056
0.0,0.07155942
0.0,0.07391776
0.0,0.105989695
0.0,0.048035305
0.0,0.03473418
0.0,0.04291007
0.0,0.050471753
0.0,0.046541855
0.0,0.1226532
0.0,0.03539259
0.0,0.1206389
0.0,0.068704255
0.0,0.039129354
0.0,0.03987735
0.0,0.07902165
0.0,0.051809005
0.0,0.05420018
0.0,0.06966842
0.0,0.06297226
0.0,0.049991533
0.0,0.052602403
0.0,0.051286347
0.0,0.056950685
0.0,0.059616935
0.0,0.09194879
0.0,0.06455361
0.0,0.0335327
0.0,0.035162203
0.0,0.040944412
0.0,0.02750699
0.0,0.06428803
0.0,0.040746354
0.0,0.05097041
0.0,0.07280596
0.0,0.054684438
0.0,0.043932557
0.0,0.06084802
0.0,0.062455103
0.0,0.04434814
0.0,0.040911175
0.0,0.018896129
0.0,0.07162656
0.0,0.03654915
0.0,0.14258134
0.0,0.0660445
0.0,0.08797508
1.0,0.09450435
0.0,0.036982168
0.0,0.057425003
0.0,0.036474705
1.0,0.14929242
0.0,0.06216239
0.0,0.06867243
0.0,0.10762574
0.0,0.11244243
0.0,0.05566475
0.0,0.013845451
0.0,0.011046918
0.0,0.061173823
0.0,0.05841936
0.0,0.056933604
0.0,0.07321268
0.0,0.023472976
0.0,0.09052639
0.0,0.04972204
0.0,0.042860173
0.0,0.06462347
0.0,0.043322407
0.0,0.035371434
0.0,0.054325335
0.0,0.03578471
0.0,0.035701487
0.0,0.087852836
0.0,0.060534254
0.0,0.06710914
0.0,0.08496132
0.0,0.06555136
0.0,0.08792429
0.0,0.056868974
0.0,0.06743316
0.0,0.12273651
0.0,0.047654923
0.0,0.09694507
0.0,0.019647516
0.0,0.06485323
0.0,0.06363759
0.0,0.0644831
0.0,0.0481815
0.0,0.01804744
0.0,0.044030704
0.0,0.04611378
0.0,0.04900685
0.0,0.034950692
0.0,0.07399524
0.0,0.04900463
0.0,0.062892474
0.0,0.07031914
0.0,0.04774661
0.0,0.1005584
0.0,0.027006876
0.0,0.05379863
0.0,0.03091821
0.0,0.029988099
0.0,0.043644037
0.0,0.047143385
0.0,0.025300952
0.0,0.04795701
1.0,0.044002138
0.0,0.06578573
0.0,0.082591005
0.0,0.13578302
1.0,0.10195657
0.0,0.06506181
0.0,0.010845847
0.0,0.03781885
0.0,0.14445889
0.0,0.103687406
0.0,0.10622082
0.0,0.084080964
0.0,0.11405784
0.0,0.10049057
0.0,0.09040159
0.0,0.06709221
0.0,0.063103594
0.0,0.049121253
0.0,0.06758097
0.0,0.04865616
0.0,0.049736526
0.0,0.091308504
0.0,0.08959088
0.0,0.077000976
0.0,0.04793106
0.0,0.07645587
0.0,0.03948342
0.0,0.06808305
1.0,0.027187392
0.0,0.038583227
0.0,0.041160446
0.0,0.055347383
0.0,0.12852365
0.0,0.03621145
0.0,0.04138036
0.0,0.06281979
0.0,0.08275251
0.0,0.06560121
0.0,0.054134935
0.0,0.09122517
0.0,0.05751826
0.0,0.035150517
0.0,0.065465026
0.0,0.01564257
0.0,0.04648009
0.0,0.030483998
0.0,0.050936006
0.0,0.046685774
0.0,0.047214314
0.0,0.07010531
0.0,0.047291577
0.0,0.08625765
0.0,0.07281278
0.0,0.053260177
0.0,0.016747758
0.0,0.047093526
0.0,0.06092353
0.0,0.044323936
0.0,0.04841092
1.0,0.03861969
1.0,0.05687231
0.0,0.03324013
1.0,0.04366204
0.0,0.10000929
0.0,0.04408497
0.0,0.04842999
1.0,0.096555166
0.0,0.06863844
0.0,0.05369609
0.0,0.040421613
0.0,0.048162892
0.0,0.06299938
0.0,0.057873018
0.0,0.01995419
0.0,0.03844171
0.0,0.060812805
0.0,0.13356397
0.0,0.08183384
0.0,0.030972986
0.0,0.032137148
0.0,0.050236207
0.0,0.03233792
0.0,0.043444835
0.0,0.059768103
0.0,0.025930975
0.0,0.11940843
0.0,0.056088723
0.0,0.04305935
0.0,0.03541957
0.0,0.022139786
0.0,0.042619772
0.0,0.019236764
0.0,0.02798567
0.0,0.051360596
0.0,0.041869737
0.0,0.11566813
0.0,0.1141007
0.0,0.06341975
0.0,0.056353845
0.0,0.034616817
0.0,0.047270454
1.0,0.085318804
0.0,0.045795105
0.0,0.06376508
0.0,0.09040405
0.0,0.04615045
0.0,0.105719104
0.0,0.109539755
0.0,0.07633959
0.0,0.050192725
0.0,0.04516854
0.0,0.05035869
0.0,0.04930154
0.0,0.04424669
0.0,0.079953015
0.0,0.029166868
0.0,0.09986481
0.0,0.032993704
0.0,0.11570399
0.0,0.03596784
0.0,0.086603224
0.0,0.08711199
0.0,0.061881613
0.0,0.08273192
0.0,0.056436885
0.0,0.05246435
0.0,0.05105574
0.0,0.06425465
0.0,0.016071163
0.0,0.06838395
0.0,0.038797565
0.0,0.02678074
0.0,0.050335187
0.0,0.070241295
0.0,0.064367406
0.0,0.046948887
0.0,0.07902993
0.0,0.09173571
0.0,0.01433266
0.0,0.08736603
0.0,0.10022766
0.0,0.059051927
0.0,0.13469855
0.0,0.042777933
0.0,0.042737745
0.0,0.042402573
0.0,0.022078577
0.0,0.037728682
0.0,0.013513331
0.0,0.046388775
0.0,0.11367766
0.0,0.03927868
0.0,0.04124589
0.0,0.1456506
0.0,0.15084566
1.0,0.039156526
1.0,0.05347596
0.0,0.016902396
0.0,0.06745003
0.0,0.0892293
0.0,0.058797184
0.0,0.11954333
0.0,0.035519052
0.0,0.044860058
0.0,0.020082384
0.0,0.03976464
0.0,0.047994938
0.0,0.044627562
0.0,0.023169825
0.0,0.042981416
0.0,0.03970242
0.0,0.16763438
0.0,0.048298422
1.0,0.07628104
1.0,0.067321025
0.0,0.032774214
0.0,0.12435102
0.0,0.017275376
0.0,0.032981798
0.0,0.052403446
0.0,0.04977712
0.0,0.056251932
0.0,0.08010726
0.0,0.06618839
0.0,0.02268034
0.0,0.032473326
0.0,0.03786284
0.0,0.050107975
0.0,0.07028726
0.0,0.04801307
0.0,0.06921579
0.0,0.06357702
0.0,0.062409464
2.0,0.025409365
1.0,0.05729216
0.0,0.10271172
0.0,0.061454263
0.0,0.032866832
0.0,0.07254923
0.0,0.04191738
0.0,0.037259463
0.0,0.07234048
1.0,0.044137113
0.0,0.068907246
0.0,0.034709424
0.0,0.033872385
0.0,0.036085915
0.0,0.09176223
0.0,0.077051476
0.0,0.02036862
0.0,0.09136506
0.0,0.04193659
0.0,0.069723055
0.0,0.052285336
0.0,0.053599417
0.0,0.06561829
0.0,0.06954396
0.0,0.043298908
0.0,0.03783806
0.0,0.08231551
0.0,0.027211878
0.0,0.086145885
0.0,0.031781886
0.0,0.051887453
0.0,0.031403635
0.0,0.07145332
0.0,0.057185553
0.0,0.050998997
0.0,0.036512274
0.0,0.04425519
0.0,0.11324824
0.0,0.121805474
0.0,0.12197548
0.0,0.028882293
0.0,0.06504291
0.0,0.06863484
0.0,0.016762994
0.0,0.094237775
0.0,0.040173694
0.0,0.023375813
0.0,0.15396184
0.0,0.018613376
0.0,0.0663681
0.0,0.050535955
0.0,0.039725218
0.0,0.032740287
0.0,0.022180997
0.0,0.08598944
0.0,0.036597773
0.0,0.13587499
0.0,0.06742159
0.0,0.035535045
1.0,0.11587532
0.0,0.06579037
0.0,0.02713455
0.0,0.0654688
0.0,0.083473146
0.0,0.033711318
0.0,0.023513664
0.0,0.037666865
0.0,0.04065415
0.0,0.07633202
0.0,0.034262657
0.0,0.07883696
0.0,0.09795674
0.0,0.05811215
0.0,0.076831676
0.0,0.035633914
0.0,0.07926989
0.0,0.03899982
0.0,0.065502465
0.0,0.045735005
0.0,0.066537485
0.0,0.09769892
0.0,0.04723812
0.0,0.060139105
0.0,0.066232316
0.0,0.05365987
0.0,0.093613625
0.0,0.046239264
0.0,0.03627287
0.0,0.11657344
0.0,0.07515121
0.0,0.029130105
0.0,0.09174678
0.0,0.0702687
1.0,0.020163523
1.0,0.06376048
0.0,0.01569146
0.0,0.047797956
0.0,0.060757358
0.0,0.061052743
0.0,0.047048435
0.0,0.05872176
0.0,0.052885897
0.0,0.11347998
0.0,0.08781594
0.0,0.045836132
0.0,0.07615725
0.0,0.06338731
1.0,0.12426925
0.0,0.023158524
0.0,0.08469183
1.0,0.051671907
0.0,0.038941097
0.0,0.08151123
0.0,0.047041595
1.0,0.04298693
0.0,0.03370505
0.0,0.049159516
0.0,0.037197243
0.0,0.050367408
0.0,0.042916067
1.0,0.09126041
0.0,0.066642575
0.0,0.049087208
0.0,0.072461784
0.0,0.07283485
0.0,0.09223952
0.0,0.027269604
0.0,0.04377946
0.0,0.06377214
0.0,0.039054584
0.0,0.023053538
0.0,0.05623761
0.0,0.047195677
0.0,0.045660894
0.0,0.053693656
0.0,0.033083253
0.0,0.046603058
0.0,0.06662165
0.0,0.103433885
0.0,0.0901401
0.0,0.043892834
0.0,0.06343385
0.0,0.1061657
0.0,0.07220556
0.0,0.10205482
1.0,0.040414404
0.0,0.058699265
0.0,0.08271673
0.0,0.08275111
0.0,0.059476838
0.0,0.0694312
0.0,0.032758947
0.0,0.067554355
0.0,0.13445833
0.0,0.043558277
0.0,0.112169825
0.0,0.036018696
0.0,0.07957169
0.0,0.044665627
0.0,0.034818303
1.0,0.045967236
0.0,0.037507616
1.0,0.06233645
0.0,0.020585218
0.0,0.044624053
0.0,0.03711438
0.0,0.051052988
0.0,0.028428333
0.0,0.0723724
0.0,0.057362195
0.0,0.067021996
0.0,0.16156295
0.0,0.045808822
0.0,0.12113486
0.0,0.09570761
0.0,0.10335081
0.0,0.076810025
0.0,0.040398296
0.0,0.072248384
0.0,0.05223004
0.0,0.04771554
0.0,0.06359696
0.0,0.055905577
0.0,0.055510882
0.0,0.031985488
0.0,0.06643086
0.0,0.04867556
0.0,0.043133307
0.0,0.05492156
1.0,0.047607113
0.0,0.07687734
0.0,0.035909664
0.0,0.12064623
1.0,0.08135063
0.0,0.0323495
0.0,0.06697174
0.0,0.051890027
0.0,0.054410033
0.0,0.06390647
0.0,0.054943223
0.0,0.0852582
0.0,0.043758586
0.0,0.027772995
0.0,0.05125779
0.0,0.062552325
0.0,0.056909338
0.0,0.051847488
0.0,0.061273374
0.0,0.08966652
0.0,0.098228455
0.0,0.033730082
0.0,0.03314491
0.0,0.065118715
0.0,0.052516613
0.0,0.04769198
0.0,0.028130472
0.0,0.026385967
0.0,0.11282324
0.0,0.047281545
0.0,0.056310944
0.0,0.07442458
0.0,0.109461434
0.0,0.050325062
0.0,0.07663203
0.0,0.04843491
0.0,0.0784943
0.0,0.11764064
0.0,0.04406412
0.0,0.053536862
0.0,0.11121145
0.0,0.048199125
0.0,0.035049878
0.0,0.04534842
0.0,0.025834907
0.0,0.09190546
0.0,0.077483766
0.0,0.08450171
0.0,0.07473664
0.0,0.041433
0.0,0.10240209
0.0,0.03291572
0.0,0.041233893
0.0,0.11227187
0.0,0.079439
0.0,0.05362938
0.0,0.132713
0.0,0.03890331
0.0,0.07041831
0.0,0.020483434
0.0,0.09064949
0.0,0.032716956
0.0,0.05161406
0.0,0.093161836
0.0,0.076760195
0.0,0.12199944
0.0,0.036955938
1.0,0.06909024
0.0,0.06036534
0.0,0.056691986
0.0,0.056385238
1.0,0.05585664
0.0,0.020518022
0.0,0.03553635
0.0,0.0510133
0.0,0.04396397
0.0,0.04151141
0.0,0.048925616
0.0,0.05042001
0.0,0.065564044
0.0,0.052043192
0.0,0.086646944
0.0,0.024567736
0.0,0.0816038
0.0,0.03841157
0.0,0.05333048
0.0,0.04932437
0.0,0.03488757
0.0,0.034489915
0.0,0.05442141
0.0,0.044850133
0.0,0.057092153
0.0,0.08525361
0.0,0.065203555
0.0,0.112844765
0.0,0.05968093
0.0,0.046125326
0.0,0.046009608
0.0,0.050978307
1.0,0.042619348
0.0,0.044580687
0.0,0.11658889
0.0,0.06263306
0.0,0.07997444
0.0,0.06685117
0.0,0.047194824
0.0,0.07670584
0.0,0.07155171
0.0,0.040102553
0.0,0.09182915
0.0,0.15626279
0.0,0.04358483
0.0,0.020077847
0.0,0.03684607
0.0,0.018882807
0.0,0.035555314
0.0,0.062184893
0.0,0.044296317
0.0,0.049342837
0.0,0.08310839
1.0,0.04089454
0.0,0.05178231
0.0,0.066765666
0.0,0.049491525
0.0,0.026037743
0.0,0.095373265
0.0,0.011195447
0.0,0.08659583
0.0,0.052687377
0.0,0.06525805
0.0,0.067660056
0.0,0.030495834
0.0,0.048096336
2.0,0.06979464
1.0,0.028096825
0.0,0.03909731
0.0,0.05963743
1.0,0.052492954
0.0,0.097123966
0.0,0.06662203
0.0,0.0663019
0.0,0.027225144
0.0,0.07577856
1.0,0.05337043
0.0,0.16969372
0.0,0.043343235
0.0,0.087140426
0.0,0.049100924
0.0,0.054691322
0.0,0.057186205
0.0,0.19418272
0.0,0.050149687
0.0,0.04379913
0.0,0.06545794
0.0,0.015567349
0.0,0.11031356
0.0,0.06692577
0.0,0.012316713
0.0,0.06341283
1.0,0.10175049
0.0,0.025016598
0.0,0.08416238
0.0,0.04581987
0.0,0.03811303
0.0,0.02467162
0.0,0.06025109
0.0,0.13573273
0.0,0.0503385
0.0,0.02991506
0.0,0.019885145
0.0,0.025874406
0.0,0.075112484
0.0,0.041456573
0.0,0.05807061
1.0,0.05502307
0.0,0.027558994
0.0,0.029624669
0.0,0.06879837
0.0,0.038069148
1.0,0.15496778
0.0,0.058820922
0.0,0.10036722
0.0,0.042403966
0.0,0.0466493
0.0,0.022860557
0.0,0.03304502
0.0,0.02700761
0.0,0.07868372
1.0,0.10590644
0.0,0.047717273
0.0,0.043186527
0.0,0.045147717
0.0,0.037024673
0.0,0.04126308
0.0,0.048090078
0.0,0.060418647
0.0,0.06486668
1.0,0.042992137
0.0,0.10532512
0.0,0.033408485
0.0,0.05732588
0.0,0.091441184
1.0,0.04457637
0.0,0.060853012
0.0,0.1326384
0.0,0.04105908
0.0,0.032968607
0.0,0.049164347
0.0,0.029957872
0.0,0.0300765
0.0,0.0800782
0.0,0.071530566
0.0,0.05056425
0.0,0.04365405
0.0,0.027976237
0.0,0.031175686
0.0,0.08837615
0.0,0.07064524
0.0,0.0631029
0.0,0.036732517
0.0,0.046528272
0.0,0.07664879
0.0,0.06843242
0.0,0.04318733
0.0,0.057904765
0.0,0.043407023
0.0,0.05174585
0.0,0.09276153
0.0,0.03593013
0.0,0.07148937
1.0,0.06522666
0.0,0.06876092
0.0,0.088336
1.0,0.021500692
0.0,0.07580227
0.0,0.025586585
0.0,0.07284718
0.0,0.06890143
0.0,0.060131636
0.0,0.027456773
0.0,0.049199663
0.0,0.20706801
0.0,0.06709631
0.0,0.036360823
0.0,0.0649391
0.0,0.06096679
0.0,0.037119478
0.0,0.056099355
0.0,0.04655155
0.0,0.069286436
0.0,0.09310013
0.0,0.0428165
0.0,0.08470027
0.0,0.062118683
0.0,0.07452959
0.0,0.03190007
0.0,0.057358094
0.0,0.07222946
0.0,0.04303295
0.0,0.06022659
0.0,0.067466855
0.0,0.040781595
0.0,0.025939286
0.0,0.030768918
0.0,0.04620475
1.0,0.027689569
0.0,0.07885651
0.0,0.023381833
0.0,0.046132296
0.0,0.056497198
0.0,0.049135424
0.0,0.07593986
0.0,0.035650145
0.0,0.11107985
0.0,0.04986847
0.0,0.043669518
0.0,0.080036014
0.0,0.03994737
0.0,0.035229165
0.0,0.037520926
0.0,0.13197161
0.0,0.08523845
0.0,0.055863354
0.0,0.023696084
0.0,0.028502647
0.0,0.10893163
0.0,0.050690196
0.0,0.060600333
0.0,0.050890557
0.0,0.044888988
0.0,0.06826427
0.0,0.04943907
0.0,0.05336037
0.0,0.041017026
0.0,0.08319112
0.0,0.042201728
0.0,0.043583293
0.0,0.0146685615
0.0,0.04080155
0.0,0.060655203
0.0,0.025903393
0.0,0.06243676
0.0,0.02409198
0.0,0.07094149
0.0,0.069957204
0.0,0.047652014
0.0,0.0499733
0.0,0.055093076
0.0,0.018445661
0.0,0.067682676
0.0,0.07490218
0.0,0.06577605
0.0,0.04087023
0.0,0.06312023
0.0,0.05147475
0.0,0.10030846
0.0,0.022575894
0.0,0.06313429
0.0,0.065205045
0.0,0.08102553
0.0,0.029793248
0.0,0.097498246
0.0,0.056228492
0.0,0.050395276
0.0,0.04737947
0.0,0.09590656
0.0,0.11374625
0.0,0.039702058
0.0,0.036734197
0.0,0.0855353
0.0,0.035901736
0.0,0.054234773
1.0,0.060017023
0.0,0.05208835
1.0,0.052683733
0.0,0.09327872
0.0,0.112337925
0.0,0.03030349
0.0,0.07118228
0.0,0.12745082
0.0,0.032157686
0.0,0.0400053
0.0,0.04245981
1.0,0.03984394
0.0,0.10697605
0.0,0.08966973
0.0,0.0761883
0.0,0.105653636
0.0,0.06886364
0.0,0.07223056
0.0,0.046038553
0.0,0.06260806
0.0,0.0673619
0.0,0.05027685
0.0,0.04426009
0.0,0.0750549
0.0,0.09545614
0.0,0.059262533
0.0,0.078864016
0.0,0.036045827
0.0,0.030350836
1.0,0.050721217
0.0,0.086444564
0.0,0.16218176
0.0,0.07831429
0.0,0.06776761
0.0,0.045127124
0.0,0.022241462
0.0,0.051457327
0.0,0.08042762
0.0,0.15144716
0.0,0.037375644
0.0,0.07700881
0.0,0.026378041
0.0,0.024416473
0.0,0.06688351
0.0,0.031445395
0.0,0.026125932
0.0,0.03323444
1.0,0.032277778
0.0,0.067899436
0.0,0.08774704
0.0,0.062511206
0.0,0.11185525
0.0,0.07835812
0.0,0.074104965
0.0,0.027851067
0.0,0.07739574
1.0,0.021969453
0.0,0.07177903
0.0,0.057436887
0.0,0.048223514
0.0,0.04811125
0.0,0.05541949
0.0,0.032810226
0.0,0.07547475
0.0,0.037053533
0.0,0.031905472
0.0,0.024108745
0.0,0.055074453
0.0,0.047347695
0.0,0.104601696
1.0,0.06085478
0.0,0.025762226
0.0,0.07051402
0.0,0.060968958
0.0,0.14113319
0.0,0.08008003
0.0,0.043919213
0.0,0.08277761
0.0,0.047624007
0.0,0.033247724
0.0,0.032676592
0.0,0.14926445
0.0,0.066152304
0.0,0.043944664
0.0,0.041453253
0.0,0.0494102
0.0,0.05177362
0.0,0.09298211
0.0,0.037279584
1.0,0.12619683
0.0,0.078949556
0.0,0.03626398
0.0,0.05379791
0.0,0.024542164
0.0,0.02622401
0.0,0.069922954
1.0,0.058650833
0.0,0.062403217
0.0,0.07449168
0.0,0.044682585
0.0,0.024544599
0.0,0.045725018
0.0,0.06744295
0.0,0.087324694
0.0,0.034064047
0.0,0.05336149
0.0,0.0358027
0.0,0.028558493
0.0,0.03135312
0.0,0.03721392
0.0,0.10831449
0.0,0.070965245
0.0,0.03204512
0.0,0.047467932
0.0,0.18598843
0.0,0.044444546
0.0,0.06112443
0.0,0.038470265
0.0,0.060196225
1.0,0.068471946
0.0,0.023217935
0.0,0.03299468
0.0,0.07650333
0.0,0.07435743
0.0,0.05664108
0.0,0.046076566
0.0,0.05113146
0.0,0.042178206
0.0,0.07692899
0.0,0.05148128
0.0,0.037593547
0.0,0.051372502
0.0,0.08703131
0.0,0.017652705
0.0,0.071089104
0.0,0.083667666
0.0,0.055663463
0.0,0.04804023
2.0,0.04815316
0.0,0.045846097
0.0,0.029205238
0.0,0.049110644
0.0,0.036363684
0.0,0.0411268
0.0,0.054242633
0.0,0.046743177
0.0,0.046611946
0.0,0.03691654
0.0,0.11604164
0.0,0.05825285
0.0,0.078836136
1.0,0.07470009
0.0,0.064733595
0.0,0.02581546
0.0,0.07660216
0.0,0.07988925
0.0,0.018664258
1.0,0.08620764
0.0,0.05948146
0.0,0.09109594
0.0,0.034549963
0.0,0.06286402
0.0,0.09143682
0.0,0.06085842
0.0,0.082018875
0.0,0.040542662
0.0,0.082820095
0.0,0.098117135
0.0,0.09234338
0.0,0.038304936
0.0,0.08647525
0.0,0.088673785
0.0,0.041066423
0.0,0.0956999
0.0,0.0137778865
0.0,0.06662351
0.0,0.06468517
0.0,0.026745517
0.0,0.04534667
0.0,0.045064826
0.0,0.047149837
0.0,0.03195645
0.0,0.02117118
0.0,0.0367544
0.0,0.067550555
0.0,0.13790566
0.0,0.06938839
0.0,0.019308979
0.0,0.09225951
0.0,0.0373259
2.0,0.10475933
0.0,0.044638544
0.0,0.04963335
0.0,0.06476098
0.0,0.04801023
0.0,0.042137943
0.0,0.049035765
0.0,0.07393805
0.0,0.06593734
0.0,0.069402106
0.0,0.06863963
0.0,0.05030407
0.0,0.03936996
0.0,0.08211013
1.0,0.037759278
0.0,0.07013848
0.0,0.032011732
0.0,0.035198286
0.0,0.040215246
0.0,0.075013556
0.0,0.019857269
0.0,0.040478453
0.0,0.05832481
0.0,0.04199162
0.0,0.054686643
1.0,0.075392805
0.0,0.07321293
0.0,0.039564308
0.0,0.07140238
0.0,0.05453042
0.0,0.039068107
0.0,0.07902155
0.0,0.04243963
0.0,0.03785627
0.0,0.07381958
0.0,0.023293018
0.0,0.06683402
0.0,0.16019292
0.0,0.036048766
0.0,0.07212525
0.0,0.052540958
0.0,0.03141926
0.0,0.09064634
0.0,0.045569997
0.0,0.051641658
0.0,0.0341701
0.0,0.030603528
0.0,0.030865433
0.0,0.031735443
0.0,0.055601694
0.0,0.054504916
0.0,0.05380634
0.0,0.022811154
0.0,0.073659435
0.0,0.06926259
0.0,0.039445125
0.0,0.03320203
0.0,0.039498087
0.0,0.024008721
0.0,0.030892245
0.0,0.07776183
0.0,0.056834478
0.0,0.04570954
0.0,0.0752072
0.0,0.11714415
0.0,0.07530973
0.0,0.024589734
0.0,0.086820334
0.0,0.049163386
0.0,0.11355332
0.0,0.06436112
0.0,0.070661195
0.0,0.037232894
0.0,0.11342972
0.0,0.035424568
0.0,0.055764854
0.0,0.032500096
0.0,0.05743382
0.0,0.03188161
0.0,0.06988505
0.0,0.043653198
0.0,0.040603332
0.0,0.09067115
0.0,0.050885268
0.0,0.08385577
0.0,0.045057155
0.0,0.059532095
0.0,0.039910965
0.0,0.07517189
0.0,0.06528405
0.0,0.041986495
0.0,0.044906393
0.0,0.03612207
0.0,0.021471962
0.0,0.045172356
0.0,0.07996815
0.0,0.06551477
0.0,0.11328
1.0,0.10141796
0.0,0.0713478
0.0,0.09733299
0.0,0.048325468
0.0,0.09598594
0.0,0.034139205
0.0,0.053046197
1.0,0.06333653
0.0,0.051898316
0.0,0.056822013
0.0,0.039678495
0.0,0.080878176
0.0,0.06795257
0.0,0.09427072
0.0,0.049005166
0.0,0.060119335
0.0,0.03289419
0.0,0.032879934
0.0,0.013298866
0.0,0.058868874
0.0,0.07236536
1.0,0.05799916
0.0,0.0671837
1.0,0.030062333
0.0,0.09167801
0.0,0.06912903
0.0,0.042550527
0.0,0.037540577
0.0,0.03145786
0.0,0.07952162
0.0,0.06636136
0.0,0.077978715
0.0,0.056553315
0.0,0.034622412
0.0,0.070058055
0.0,0.023627846
0.0,0.0440043
1.0,0.039344568
0.0,0.08385475
0.0,0.0393447
0.0,0.063211285
0.0,0.045735464
0.0,0.04531139
0.0,0.042929143
0.0,0.048842493
0.0,0.10181752
0.0,0.11015104
0.0,0.12630923
1.0,0.07461287
0.0,0.107602745
0.0,0.010824463
0.0,0.044780828
0.0,0.033176202
0.0,0.059294954
0.0,0.03528259
0.0,0.052067265
1.0,0.030334588
0.0,0.043633696
0.0,0.03749891
0.0,0.055515803
0.0,0.05767545
0.0,0.03372939
0.0,0.02306626
0.0,0.049511164
0.0,0.079157524
0.0,0.054772098
0.0,0.021007948
0.0,0.056715034
0.0,0.023687758
0.0,0.017865568
0.0,0.017706264
0.0,0.07728164
0.0,0.042561993
0.0,0.036013372
0.0,0.01253022
0.0,0.06543666
0.0,0.06136792
0.0,0.0424508
0.0,0.087671176
0.0,0.025847401
0.0,0.04219372
0.0,0.032823604
0.0,0.066841125
0.0,0.06340572
0.0,0.06679331
1.0,0.019953284
0.0,0.045349114
0.0,0.042325422
0.0,0.0656371
0.0,0.06370142
0.0,0.050223343
0.0,0.03922818
0.0,0.062257137
0.0,0.10301413
0.0,0.040478453
0.0,0.03702605
0.0,0.09046071
0.0,0.05998724
0.0,0.06533994
0.0,0.033829562
0.0,0.037442304
0.0,0.059404872
0.0,0.12916292
1.0,0.09242514
0.0,0.04992212
0.0,0.07849329
0.0,0.05586988
0.0,0.054997507
0.0,0.05591708
0.0,0.2038183
0.0,0.04569494
0.0,0.10591851
0.0,0.05293132
0.0,0.027533643
0.0,0.06846091
0.0,0.033997174
0.0,0.027818775
0.0,0.07047051
0.0,0.061920427
0.0,0.04573963
0.0,0.05733239
0.0,0.04655399
0.0,0.04983279
0.0,0.023592124
1.0,0.032355256
0.0,0.05357637
0.0,0.069444776
0.0,0.06700723
0.0,0.06153145
0.0,0.06632574
0.0,0.01979341
0.0,0.053233832
0.0,0.115531296
1.0,0.0736203
0.0,0.052927196
0.0,0.03163711
0.0,0.04244242
0.0,0.045209505
0.0,0.03903779
0.0,0.034472965
0.0,0.03230266
0.0,0.059947576
0.0,0.03224395
0.0,0.08578966
0.0,0.10651687
0.0,0.046050627
0.0,0.081255585
0.0,0.03691101
0.0,0.024159692
0.0,0.07148881
0.0,0.04563608
1.0,0.040488627
0.0,0.048813507
0.0,0.051583134
0.0,0.027542269
0.0,0.061659023
0.0,0.03616536
0.0,0.0590608
0.0,0.08006109
0.0,0.11761329
0.0,0.050201174
0.0,0.037900086
0.0,0.035683617
0.0,0.060229804
0.0,0.041521326
0.0,0.054019455
0.0,0.021395791
0.0,0.038813405
0.0,0.0418934
0.0,0.045365006
0.0,0.033576608
0.0,0.018261492
0.0,0.10264437
1.0,0.08422069
0.0,0.03734155
0.0,0.09227652
0.0,0.0455228
0.0,0.06135822
0.0,0.108540766
0.0,0.04228917
0.0,0.042982053
0.0,0.14797391
1.0,0.042253576
0.0,0.041299637
0.0,0.083181575
0.0,0.033911347
0.0,0.053146712
0.0,0.034778975
1.0,0.043046415
0.0,0.05224733
0.0,0.050490502
0.0,0.054215122
0.0,0.035721786
0.0,0.044983543
1.0,0.047880463
0.0,0.067948945
0.0,0.13024311
0.0,0.027020207
0.0,0.05108854
0.0,0.022914395
1.0,0.08239605
0.0,0.122363545
0.0,0.07155941
0.0,0.07642561
0.0,0.096630245
0.0,0.020418819
0.0,0.02843629
0.0,0.10247849
0.0,0.076621816
0.0,0.039398372
0.0,0.069898754
0.0,0.07411371
1.0,0.05001173
0.0,0.092119396
0.0,0.070116475
0.0,0.11199885
0.0,0.02087934
0.0,0.018998204
0.0,0.04401469
0.0,0.028649673
0.0,0.061176054
0.0,0.07136385
0.0,0.073497936
0.0,0.07021731
0.0,0.047575183
0.0,0.082566395
0.0,0.07932177
0.0,0.035410367
0.0,0.05953492
0.0,0.06600894
0.0,0.06666018
0.0,0.07721022
0.0,0.04398865
0.0,0.08357562
0.0,0.013657335
0.0,0.07155523
0.0,0.10361273
0.0,0.09936004
0.0,0.085501686
0.0,0.025356218
0.0,0.07328128
0.0,0.03979694
0.0,0.031575724
0.0,0.031572774
0.0,0.0577869
0.0,0.05191926
0.0,0.056616437
0.0,0.0449129
0.0,0.0766212
0.0,0.15086706
0.0,0.07143322
0.0,0.05671543
0.0,0.03450625
0.0,0.063227475
0.0,0.04636173
0.0,0.041575015
0.0,0.104967386
0.0,0.045697946
0.0,0.06616792
0.0,0.033562824
0.0,0.03464013
0.0,0.080970325
0.0,0.053736623
0.0,0.06557916
0.0,0.036715463
0.0,0.05221042
0.0,0.063187085
0.0,0.10433987
0.0,0.14115614
0.0,0.038887672
0.0,0.044701144
0.0,0.038039062
0.0,0.028408209
0.0,0.1143114
0.0,0.10276146
0.0,0.040091254
0.0,0.11932057
0.0,0.060434032
0.0,0.0623215
0.0,0.097593784
0.0,0.08240468
0.0,0.090145215
0.0,0.041010436
0.0,0.03990634
0.0,0.04891034
0.0,0.052422415
0.0,0.07029742
0.0,0.082782194
0.0,0.055055454
0.0,0.040289298
0.0,0.0879803
0.0,0.08090234
0.0,0.04493055
0.0,0.03839919
0.0,0.04051601
0.0,0.040142175
0.0,0.04482454
0.0,0.09390664
0.0,0.045516487
0.0,0.045057222
0.0,0.01815541
0.0,0.035190348
0.0,0.03890071
0.0,0.04362546
0.0,0.06718448
1.0,0.053418465
0.0,0.10101626
0.0,0.021809358
0.0,0.028886741
0.0,0.034732986
0.0,0.04317652
0.0,0.103126034
0.0,0.029190049
1.0,0.07015041
1.0,0.05346144
0.0,0.040068034
0.0,0.079865485
0.0,0.036228392
0.0,0.054698184
0.0,0.058909144
0.0,0.11440846
1.0,0.0662531
0.0,0.028669748
0.0,0.03359456
0.0,0.06713106
0.0,0.051492624
0.0,0.07805247
0.0,0.047497753
0.0,0.05389913
0.0,0.081693135
0.0,0.06861466
0.0,0.04478331
1.0,0.11412944
0.0,0.101358935
0.0,0.077783175
0.0,0.09534953
0.0,0.0264831
0.0,0.042261533
0.0,0.024326954
0.0,0.031464025
0.0,0.040200368
0.0,0.06451989
0.0,0.056531813
0.0,0.019907326
0.0,0.016054863
0.0,0.08279695
0.0,0.033971474
0.0,0.06655048
0.0,0.06673158
0.0,0.10945068
0.0,0.042167246
0.0,0.032066625
0.0,0.029855736
0.0,0.04845667
0.0,0.057972092
0.0,0.03288696
0.0,0.053010847
0.0,0.027663216
0.0,0.04279599
0.0,0.024063116
0.0,0.062332287
0.0,0.08049744
0.0,0.04719014
0.0,0.014299387
1.0,0.0251747
0.0,0.07210544
0.0,0.05344816
0.0,0.020015322
0.0,0.014973708
1.0,0.07480877
1.0,0.043152153
0.0,0.059433177
0.0,0.13486391
0.0,0.04752752
0.0,0.08490796
0.0,0.021369454
0.0,0.03434505
0.0,0.027544055
1.0,0.037264068
0.0,0.110870324
0.0,0.05081403
0.0,0.06629792
0.0,0.100132674
0.0,0.054821454
0.0,0.03654361
0.0,0.032280564
0.0,0.08382109
0.0,0.047972858
0.0,0.056330968
0.0,0.12408823
0.0,0.15606973
0.0,0.037767544
0.0,0.05865651
0.0,0.07745554
0.0,0.0814292
0.0,0.061063893
0.0,0.034121513
0.0,0.08453847
0.0,0.119057685
0.0,0.027105996
0.0,0.08001905
0.0,0.043225054
0.0,0.040131
0.0,0.04850725
0.0,0.0144312335
0.0,0.0670625
0.0,0.08664106
0.0,0.06796247
0.0,0.0715748
0.0,0.08204102
0.0,0.018808734
0.0,0.04728513
0.0,0.02875314
0.0,0.030437578
0.0,0.13777265
0.0,0.061896898
0.0,0.034804426
0.0,0.06239142
0.0,0.08995962
0.0,0.082019426
0.0,0.057245247
0.0,0.017113147
0.0,0.033558458
0.0,0.018177014
0.0,0.04352352
0.0,0.11041805
0.0,0.032003675
0.0,0.05352402
0.0,0.06397086
0.0,0.014996674
0.0,0.080748335
0.0,0.04535895
0.0,0.06300003
0.0,0.053614423
0.0,0.032349225
0.0,0.047650333
0.0,0.062647544
1.0,0.0776448
0.0,0.09865773
0.0,0.08480825
0.0,0.04814698
0.0,0.081098005
0.0,0.05334261
0.0,0.084650606
0.0,0.058988087
0.0,0.044385165
0.0,0.035555925
0.0,0.053091418
0.0,0.0654817
0.0,0.05772832
0.0,0.06581954
0.0,0.04396034
0.0,0.0484502
1.0,0.067233056
0.0,0.044191696
0.0,0.05357122
0.0,0.057588212
1.0,0.09484388
0.0,0.058393963
0.0,0.0830784
0.0,0.035747074
1.0,0.058853187
0.0,0.030620752
0.0,0.10421461
0.0,0.025210822
0.0,0.043011125
0.0,0.037132367
0.0,0.04741936
0.0,0.07229434
0.0,0.030274041
0.0,0.12238785
0.0,0.026091434
0.0,0.028522184
0.0,0.069261536
0.0,0.022886822
0.0,0.070265844
0.0,0.08105163
0.0,0.114202216
0.0,0.085951604
0.0,0.085237555
0.0,0.10735726
0.0,0.08549551
0.0,0.025469288
0.0,0.026971484
1.0,0.038908113
0.0,0.029447591
0.0,0.06524119
0.0,0.10109803
0.0,0.09358405
0.0,0.10054704
0.0,0.046612456
0.0,0.062000938
0.0,0.06933152
0.0,0.062702596
0.0,0.07206368
0.0,0.029418765
0.0,0.075895295
0.0,0.07183799
0.0,0.048632383
0.0,0.021035904
0.0,0.06695108
0.0,0.07016306
0.0,0.07759012
0.0,0.08781887
0.0,0.040381134
0.0,0.048999768
0.0,0.094634354
0.0,0.06225227
0.0,0.055862993
0.0,0.06008334
0.0,0.17841709
0.0,0.03447824
0.0,0.025247538
0.0,0.017522374
0.0,0.053802013
0.0,0.037483
0.0,0.14507131
0.0,0.046252206
0.0,0.079993814
0.0,0.015777033
0.0,0.08430912
0.0,0.07197394
0.0,0.06927233
1.0,0.05243074
0.0,0.07342038
0.0,0.038867153
0.0,0.057074323
0.0,0.055103876
0.0,0.026521353
0.0,0.08168895
0.0,0.034574207
0.0,0.04342737
0.0,0.029601088
0.0,0.03114579
0.0,0.04858475
0.0,0.04334683
0.0,0.02279179
0.0,0.075050086
0.0,0.056593373
0.0,0.08593464
0.0,0.0341514
0.0,0.08172458
0.0,0.06352611
0.0,0.08718433
0.0,0.080802545
0.0,0.040731553
0.0,0.03673413
0.0,0.04623512
1.0,0.042692266
0.0,0.039239872
0.0,0.040042304
0.0,0.061541766
1.0,0.08155557
0.0,0.0296024
0.0,0.05657392
0.0,0.03589506
0.0,0.048441954
0.0,0.054065272
0.0,0.049064483
0.0,0.055010427
0.0,0.06172517
0.0,0.02820023
0.0,0.04859789
1.0,0.03701604
0.0,0.02826602
0.0,0.11595098
0.0,0.060006034
0.0,0.025491232
0.0,0.048203535
0.0,0.059086997
0.0,0.12976429
0.0,0.02391643
0.0,0.07149047
0.0,0.074994095
0.0,0.11924649
0.0,0.041608512
0.0,0.102452494
0.0,0.06364809
0.0,0.049995467
0.0,0.054418206
0.0,0.11319922
0.0,0.075325556
0.0,0.03669005
0.0,0.02632288
0.0,0.038752045
0.0,0.030784018
0.0,0.019926757
0.0,0.09738306
0.0,0.06245695
0.0,0.044107553
2.0,0.041533228
0.0,0.04329009
0.0,0.061776374
0.0,0.066172466
0.0,0.021239007
0.0,0.06331892
0.0,0.058084153
0.0,0.15522015
0.0,0.064684816
0.0,0.036932368
0.0,0.036515027
0.0,0.035625525
1.0,0.0833559
0.0,0.0706281
0.0,0.05910013
0.0,0.047586344
0.0,0.04059648
0.0,0.05443684
0.0,0.051812492
1.0,0.025294269
0.0,0.039846446
0.0,0.04828396
0.0,0.12164133
0.0,0.058194492
0.0,0.08105239
0.0,0.095294304
0.0,0.07003539
0.0,0.05391198
0.0,0.04899484
0.0,0.039572157
0.0,0.097375214
0.0,0.10538098
0.0,0.058280967
0.0,0.05833236
0.0,0.049959935
0.0,0.07341573
0.0,0.043484274
0.0,0.080247685
0.0,0.042556737
1.0,0.06612805
0.0,0.09193075
0.0,0.067683876
2.0,0.055684928
0.0,0.07956131
0.0,0.08102915
0.0,0.10742106
0.0,0.04527951
0.0,0.052208703
0.0,0.08340978
0.0,0.079468854
0.0,0.13004056
0.0,0.03488185
0.0,0.024658963
0.0,0.047631048
0.0,0.036837727
0.0,0.013018064
0.0,0.009436556
0.0,0.03717719
0.0,0.046873637
0.0,0.04583589
0.0,0.037467167
0.0,0.04644291
0.0,0.10696773
0.0,0.019264761
0.0,0.04437016
1.0,0.028845338
0.0,0.062075336
0.0,0.039429497
0.0,0.029980363
0.0,0.032941718
0.0,0.012426658
0.0,0.06487508
0.0,0.042517893
0.0,0.07783363
0.0,0.06520472
0.0,0.06082829
0.0,0.024090072
0.0,0.0488801
0.0,0.025733817
1.0,0.043604307
0.0,0.063961126
0.0,0.044391215
0.0,0.061331194
0.0,0.05191569
0.0,0.09277817
0.0,0.057087034
0.0,0.06221028
0.0,0.07780174
0.0,0.048299365
0.0,0.024826083
1.0,0.063638866
0.0,0.03392476
0.0,0.11863821
0.0,0.1537747
0.0,0.0435218
0.0,0.03924455
0.0,0.06038938
0.0,0.054251894
0.0,0.04640667
0.0,0.023936521
0.0,0.03356734
0.0,0.04404866
0.0,0.044206597
0.0,0.024007095
0.0,0.11142355
0.0,0.054529615
0.0,0.030428361
0.0,0.02005098
0.0,0.023524845
0.0,0.10034537
0.0,0.062486142
0.0,0.03062579
0.0,0.05789146
0.0,0.020864958
0.0,0.044598397
0.0,0.027843976
0.0,0.05071766
0.0,0.06750856
0.0,0.052697428
0.0,0.06579475
0.0,0.018544806
0.0,0.035629533
0.0,0.033661876
0.0,0.0828771
0.0,0.105688505
0.0,0.041900292
0.0,0.07936373
0.0,0.05490373
0.0,0.05732946
0.0,0.06778348
0.0,0.045502797
0.0,0.049032934
0.0,0.08955747
0.0,0.10477896
0.0,0.034979485
0.0,0.074301675
0.0,0.057978116
0.0,0.105815634
1.0,0.038279664
0.0,0.07575302
0.0,0.032708406
0.0,0.031505324
0.0,0.062194087
0.0,0.07869366
0.0,0.036232144
0.0,0.054906398
0.0,0.05924222
0.0,0.025366377
0.0,0.04923038
0.0,0.06778148
0.0,0.06598817
0.0,0.041479334
0.0,0.06029242
0.0,0.08862779
0.0,0.038711857
0.0,0.050110124
0.0,0.051896684
0.0,0.08196754
0.0,0.11880861
0.0,0.084267326
0.0,0.04213063
0.0,0.058623012
0.0,0.13951421
0.0,0.0974047
0.0,0.11789179
0.0,0.098995
0.0,0.09844603
0.0,0.060434896
0.0,0.017072037
0.0,0.07726763
0.0,0.079609275
0.0,0.07557872
0.0,0.055152267
0.0,0.07193459
0.0,0.043994755
0.0,0.10252863
0.0,0.03544672
0.0,0.036967587
0.0,0.100307815
0.0,0.04287577
0.0,0.167894
0.0,0.085863285
1.0,0.052318856
1.0,0.07667741
1.0,0.043627538
0.0,0.011572413
0.0,0.090084255
0.0,0.07813722
0.0,0.086608216
0.0,0.045623854
0.0,0.1003131
0.0,0.061735928
0.0,0.074277975
0.0,0.03196361
0.0,0.0613185
0.0,0.048395384
0.0,0.021294376
1.0,0.044982214
0.0,0.04638716
0.0,0.057427466
0.0,0.04301467
0.0,0.059900258
0.0,0.033765517
0.0,0.09062269
0.0,0.043254826
0.0,0.0740264
0.0,0.04387237
0.0,0.09116555
0.0,0.057879105
0.0,0.12043997
0.0,0.03695231
0.0,0.09385811
0.0,0.10124474
0.0,0.061662436
0.0,0.025654841
0.0,0.03685633
0.0,0.041393247
0.0,0.037264563
0.0,0.037008382
0.0,0.045660067
0.0,0.04788873
0.0,0.029844021
0.0,0.058439143
1.0,0.03331571
0.0,0.09120795
0.0,0.06169705
0.0,0.15691185
0.0,0.057510033
0.0,0.04263939
0.0,0.08748438
2.0,0.06049801
0.0,0.03405211
0.0,0.03206297
0.0,0.10752084
1.0,0.054351117
0.0,0.09793874
1.0,0.04128936
0.0,0.059151072
1.0,0.046271645
0.0,0.045399114
0.0,0.08047281
0.0,0.058684263
0.0,0.06084715
0.0,0.062099256
0.0,0.054838657
0.0,0.04036527
0.0,0.044735692
0.0,0.055034366
0.0,0.07070368
0.0,0.11761655
0.0,0.06656153
0.0,0.10109943
0.0,0.09119368
0.0,0.04388421
0.0,0.056823734
0.0,0.042099
0.0,0.04141088
0.0,0.04907148
0.0,0.07149479
0.0,0.056161903
0.0,0.026805907
0.0,0.04672729
0.0,0.05452457
0.0,0.05065905
0.0,0.056679036
0.0,0.08460274
0.0,0.036789626
0.0,0.0568236
0.0,0.061270103
0.0,0.051827267
0.0,0.08396402
0.0,0.035901703
1.0,0.12157392
0.0,0.03417248
0.0,0.055245288
0.0,0.034224108
0.0,0.062815055
0.0,0.08075846
0.0,0.043871157
0.0,0.045138657
0.0,0.06600337
0.0,0.039453328
0.0,0.05185609
0.0,0.046875782
0.0,0.044685207
0.0,0.06588934
0.0,0.039691687
0.0,0.06086717
0.0,0.042616136
0.0,0.060791973
0.0,0.081222236
0.0,0.108211994
0.0,0.03213169
0.0,0.058512084
0.0,0.017065704
0.0,0.022339385
0.0,0.043550115
0.0,0.059866935
0.0,0.18042055
0.0,0.079203546
0.0,0.13305838
0.0,0.08545329
0.0,0.056067225
0.0,0.024441715
0.0,0.059249055
0.0,0.108630985
1.0,0.057868496
0.0,0.078103974
0.0,0.08472709
0.0,0.08789097
0.0,0.076481536
0.0,0.022967558
0.0,0.07552194
0.0,0.102827445
0.0,0.170777
0.0,0.018089898
0.0,0.038240314
0.0,0.07557702
0.0,0.06735345
0.0,0.02508038
0.0,0.04289708
0.0,0.032132763
0.0,0.07653995
0.0,0.05908998
0.0,0.041500285
0.0,0.14981107
0.0,0.05464148
0.0,0.0322224
0.0,0.030379694
0.0,0.043601148
0.0,0.070226654
0.0,0.07660843
0.0,0.04780126
0.0,0.064825274
0.0,0.059709053
0.0,0.08621657
0.0,0.054068185
0.0,0.048255652
0.0,0.033034477
0.0,0.01736054
0.0,0.04065851
0.0,0.010866233
0.0,0.04250723
0.0,0.085113965
0.0,0.058778808
0.0,0.046875916
0.0,0.037348066
0.0,0.024326375
0.0,0.035998195
0.0,0.05561031
1.0,0.08448753
0.0,0.043443754
0.0,0.100005314
0.0,0.09558488
0.0,0.0327875
0.0,0.095945925
0.0,0.111216195
0.0,0.049026877
0.0,0.02588228
1.0,0.08186011
0.0,0.08747537
0.0,0.054553606
0.0,0.092056826
0.0,0.09628689
0.0,0.052296806
0.0,0.06283889
0.0,0.054244343
0.0,0.06513271
0.0,0.12194376
0.0,0.0658906
0.0,0.114499554
0.0,0.04534671
0.0,0.05203624
0.0,0.031867307
0.0,0.058449216
0.0,0.019198542
0.0,0.036327153
0.0,0.074115016
0.0,0.06440228
0.0,0.07696029
0.0,0.08420949
0.0,0.1371006
0.0,0.0920926
0.0,0.051015124
0.0,0.0889172
0.0,0.07147114
0.0,0.059274007
0.0,0.06443589
0.0,0.04559534
0.0,0.05356293
0.0,0.012099348
0.0,0.042129967
0.0,0.057995107
0.0,0.016113713
0.0,0.05091366
0.0,0.023768134
0.0,0.11535885
0.0,0.031689804
0.0,0.06727745
0.0,0.049758684
0.0,0.06362275
0.0,0.05448826
0.0,0.087424785
0.0,0.036655005
0.0,0.041053344
0.0,0.06923172
0.0,0.03340836
0.0,0.041881256
0.0,0.09475203
1.0,0.05587758
1.0,0.032160293
0.0,0.039666653
0.0,0.035081446
0.0,0.034039173
0.0,0.03971283
0.0,0.06095686
0.0,0.083134234
0.0,0.1288767
0.0,0.12331893
0.0,0.054723617
0.0,0.060073815
0.0,0.059065036
0.0,0.08591525
0.0,0.06497337
0.0,0.11358083
1.0,0.04009196
0.0,0.18001935
0.0,0.06338447
0.0,0.059123635
0.0,0.06712152
0.0,0.03889092
0.0,0.06944812
0.0,0.05828422
1.0,0.058876175
0.0,0.023306105
0.0,0.05517576
0.0,0.060270745
0.0,0.03683263
0.0,0.07318326
1.0,0.049843173
0.0,0.035735212
0.0,0.040559255
0.0,0.070650496
0.0,0.05061894
0.0,0.060992334
0.0,0.056247987
0.0,0.03267952
0.0,0.06492947
0.0,0.05941653
0.0,0.042171612
0.0,0.06366946
0.0,0.040944546
0.0,0.070849106
0.0,0.040446233
0.0,0.076298356
0.0,0.092470676
0.0,0.09192473
0.0,0.033070285
0.0,0.03445226
0.0,0.03706258
0.0,0.039238617
0.0,0.03873383
0.0,0.025626939
0.0,0.03634207
0.0,0.064708136
0.0,0.046906415
0.0,0.021948762
0.0,0.061237272
0.0,0.0855548
0.0,0.032879967
0.0,0.09844096
0.0,0.058509573
0.0,0.05015251
0.0,0.08142602
0.0,0.034030344
0.0,0.027850736
0.0,0.046532467
0.0,0.08346823
0.0,0.10137435
0.0,0.022985898
0.0,0.07468505
0.0,0.07425333
0.0,0.048798542
0.0,0.06172271
0.0,0.09255176
0.0,0.07238039
0.0,0.08351781
0.0,0.038828436
0.0,0.12809224
0.0,0.07053091
0.0,0.07749404
0.0,0.08143685
0.0,0.09588388
0.0,0.024163678
0.0,0.017149998
0.0,0.081813455
0.0,0.012404516
0.0,0.05933998
0.0,0.024053134
0.0,0.08212662
0.0,0.05451508
0.0,0.06549481
0.0,0.07531717
0.0,0.09272057
0.0,0.116251126
0.0,0.031256214
0.0,0.03086789
0.0,0.044922024
0.0,0.0541499
0.0,0.050302126
0.0,0.10207441
0.0,0.12183242
0.0,0.023863278
0.0,0.033200383
0.0,0.04905962
0.0,0.040584363
0.0,0.06581913
1.0,0.043601207
0.0,0.08183098
0.0,0.035476733
0.0,0.02222947
0.0,0.036236946
0.0,0.07329519
0.0,0.04167189
0.0,0.107133046
0.0,0.012377904
0.0,0.053934146
0.0,0.029212257
0.0,0.03976629
0.0,0.026805472
0.0,0.05938812
0.0,0.05375391
0.0,0.08215662
0.0,0.021523967
0.0,0.06944735
0.0,0.026815034
0.0,0.054179136
0.0,0.13352206
1.0,0.058599565
0.0,0.047455397
0.0,0.11467254
0.0,0.07357451
0.0,0.07646323
0.0,0.11384441
0.0,0.06629502
0.0,0.07222862
0.0,0.10602627
0.0,0.054341193
0.0,0.060532264
0.0,0.079374894
0.0,0.07011156
0.0,0.06590914
0.0,0.032678008
0.0,0.062069148
0.0,0.07214531
0.0,0.10800859
0.0,0.12014445
0.0,0.051621273
0.0,0.122527644
0.0,0.052335072
0.0,0.08536963
0.0,0.06123181
0.0,0.043003537
0.0,0.09787361
0.0,0.104505725
0.0,0.068181194
1.0,0.052965164
1.0,0.055545833
1.0,0.13348393
0.0,0.038391482
1.0,0.08756551
0.0,0.060798626
0.0,0.06877305
0.0,0.07634221
0.0,0.06948943
0.0,0.06795478
0.0,0.100348264
0.0,0.050728206
0.0,0.061554972
0.0,0.043824133
0.0,0.101469405
0.0,0.02909515
0.0,0.0366383
0.0,0.08755664
0.0,0.03308204
0.0,0.031108804
0.0,0.0816077
0.0,0.03095701
0.0,0.08295622
0.0,0.06838724
1.0,0.04849495
0.0,0.08183449
0.0,0.05107573
0.0,0.040299155
1.0,0.08819643
0.0,0.05678798
0.0,0.08985026
0.0,0.08469736
0.0,0.07209514
0.0,0.13145359
0.0,0.08026384
0.0,0.046305478
1.0,0.04973354
0.0,0.03387143
0.0,0.022882031
0.0,0.04206559
0.0,0.054481663
0.0,0.019609937
0.0,0.042597182
0.0,0.04155389
0.0,0.08407538
0.0,0.04672965
0.0,0.04451125
0.0,0.060988262
0.0,0.09000835
0.0,0.08441927
0.0,0.04720961
0.0,0.04578021
0.0,0.06139899
2.0,0.07428037
0.0,0.05008595
0.0,0.09491948
0.0,0.09905338
0.0,0.13692775
0.0,0.06762856
0.0,0.040613502
0.0,0.06489811
0.0,0.071920216
0.0,0.105555445
0.0,0.058557972
0.0,0.09221617
0.0,0.035400994
0.0,0.02071976
0.0,0.054068998
0.0,0.049321126
0.0,0.090560235
0.0,0.04414648
0.0,0.01977115
0.0,0.09147903
1.0,0.031663943
0.0,0.055886026
0.0,0.04852333
0.0,0.07019894
0.0,0.06379896
0.0,0.18475573
0.0,0.039466213
0.0,0.059263803
0.0,0.049220033
0.0,0.03208423
0.0,0.052281424
1.0,0.036726862
0.0,0.09825693
1.0,0.050834145
0.0,0.034617987
0.0,0.05199197
0.0,0.07431213
1.0,0.042803418
0.0,0.11286785
0.0,0.022028457
0.0,0.03221329
0.0,0.08077868
0.0,0.098085
0.0,0.070969544
0.0,0.037173945
0.0,0.05644057
0.0,0.061755773
0.0,0.09733079
0.0,0.012931073
0.0,0.08561545
0.0,0.044813532
0.0,0.05677401
0.0,0.020098584
0.0,0.045089696
0.0,0.03883351
0.0,0.06076305
0.0,0.017325252
0.0,0.053626463
0.0,0.08198585
0.0,0.13552116
0.0,0.08816052
0.0,0.042110905
0.0,0.04416128
0.0,0.043321643
0.0,0.037636574
0.0,0.043081447
0.0,0.061144516
0.0,0.073141396
0.0,0.013902922
0.0,0.040548287
0.0,0.039058104
0.0,0.07788253
0.0,0.080725
0.0,0.02307409
0.0,0.03843143
0.0,0.056689538
0.0,0.048938636
1.0,0.041430805
0.0,0.04865776
0.0,0.032076932
0.0,0.057951473
0.0,0.07471875
0.0,0.015907396
0.0,0.02093335
0.0,0.08234472
0.0,0.048529044
1.0,0.05117395
0.0,0.042142868
0.0,0.03609271
0.0,0.0916245
0.0,0.054827087
0.0,0.02580964
0.0,0.060017567
0.0,0.027030129
0.0,0.07710756
1.0,0.12144237
0.0,0.03501595
0.0,0.11689606
0.0,0.10485323
0.0,0.08000202
0.0,0.046860896
0.0,0.012832364
0.0,0.1301915
0.0,0.02787485
0.0,0.05598466
0.0,0.04508759
0.0,0.08667792
1.0,0.095651746
0.0,0.04223059
0.0,0.061332393
1.0,0.0488956
0.0,0.04035515
0.0,0.02420524
0.0,0.011957765
0.0,0.04257996
0.0,0.02574291
0.0,0.023781456
0.0,0.06066553
0.0,0.081822276
0.0,0.022890532
1.0,0.044787727
0.0,0.070724785
0.0,0.071240805
1.0,0.115600534
0.0,0.053220406
0.0,0.081137076
0.0,0.032324415
1.0,0.06971953
0.0,0.033543356
0.0,0.023013733
0.0,0.04016144
0.0,0.04282128
0.0,0.051497266
0.0,0.07838744
0.0,0.041114345
0.0,0.07982384
0.0,0.05218401
0.0,0.043422133
0.0,0.022394206
0.0,0.151267
0.0,0.06654223
0.0,0.0677584
0.0,0.061402693
0.0,0.14286408
0.0,0.024061166
0.0,0.12493251
0.0,0.03510392
0.0,0.016689768
0.0,0.070397645
0.0,0.079272315
0.0,0.05293643
0.0,0.034835905
0.0,0.04253292
0.0,0.040961284
0.0,0.0838075
0.0,0.023688119
0.0,0.023018364
0.0,0.017070327
0.0,0.04698658
0.0,0.061502486
0.0,0.015164177
0.0,0.17256182
0.0,0.013716577
0.0,0.026223421
0.0,0.05599761
0.0,0.10058648
1.0,0.04320418
0.0,0.040469382
0.0,0.04202988
0.0,0.1140791
0.0,0.0614947
0.0,0.03938917
0.0,0.019871563
0.0,0.02831912
0.0,0.044706687
1.0,0.03983522
1.0,0.041595142
0.0,0.04398632
0.0,0.038778443
0.0,0.07386019
0.0,0.037755873
0.0,0.024246145
0.0,0.058424097
0.0,0.034485884
0.0,0.030221973
0.0,0.032203045
0.0,0.04748611
0.0,0.05448556
0.0,0.036364984
0.0,0.058244545
0.0,0.05843137
0.0,0.08426942
1.0,0.048017718
1.0,0.09941639
0.0,0.06596582
0.0,0.061715618
0.0,0.04151479
0.0,0.07104691
0.0,0.05730433
0.0,0.039622042
0.0,0.05647476
0.0,0.13535191
0.0,0.061921135
0.0,0.026232138
0.0,0.09089157
0.0,0.0703616
0.0,0.09274937
0.0,0.042117693
0.0,0.029085178
0.0,0.05097972
0.0,0.082968995
0.0,0.07317499
0.0,0.063996546
1.0,0.04287992
0.0,0.04908976
0.0,0.01974621
0.0,0.027132869
0.0,0.094402656
0.0,0.055215
0.0,0.038934004
0.0,0.056078628
0.0,0.16755038
0.0,0.038964387
0.0,0.107261986
0.0,0.031046031
0.0,0.07020161
0.0,0.13608974
0.0,0.045374982
0.0,0.06823522
0.0,0.078583136
0.0,0.08689472
0.0,0.07677085
0.0,0.04751218
0.0,0.031712994
0.0,0.04425764
1.0,0.06172551
0.0,0.1456022
1.0,0.06873551
0.0,0.05546931
0.0,0.039294995
0.0,0.073089205
0.0,0.056038905
0.0,0.06210663
0.0,0.035465267
0.0,0.030015295
0.0,0.022078292
0.0,0.079710566
0.0,0.08414663
0.0,0.096869305
0.0,0.027995614
0.0,0.074411735
0.0,0.049266994
0.0,0.03529555
0.0,0.040967748
0.0,0.14201468
0.0,0.07455954
0.0,0.053017974
0.0,0.06477233
0.0,0.10856642
0.0,0.050113827
0.0,0.15839234
0.0,0.034022506
0.0,0.072524674
0.0,0.08620119
0.0,0.063240014
0.0,0.045415893
0.0,0.03685988
0.0,0.037674174
0.0,0.044943687
0.0,0.07867717
0.0,0.064950466
0.0,0.10753904
0.0,0.037053797
0.0,0.07284225
0.0,0.031212993
0.0,0.082366124
0.0,0.029151851
0.0,0.040697694
0.0,0.020909797
0.0,0.07069151
0.0,0.03208466
0.0,0.039238114
0.0,0.044508744
0.0,0.048548
0.0,0.04124953
0.0,0.066694625
1.0,0.1183943
0.0,0.07881725
0.0,0.0502074
0.0,0.05927723
0.0,0.019939769
0.0,0.085269794
0.0,0.10046949
0.0,0.04547683
0.0,0.10734152
0.0,0.069304466
0.0,0.054625824
0.0,0.021987133
0.0,0.074325524
0.0,0.09395613
1.0,0.100301094
0.0,0.08901307
1.0,0.047226608
0.0,0.059355844
0.0,0.03832821
0.0,0.10152828
0.0,0.03865613
0.0,0.05456587
0.0,0.014548567
0.0,0.05770988
0.0,0.034130137
0.0,0.052296355
0.0,0.05623474
0.0,0.03228344
0.0,0.049522452
0.0,0.047766466
0.0,0.03376017
0.0,0.08194218
1.0,0.081946045
0.0,0.052206688
0.0,0.07398543
0.0,0.024294311
0.0,0.045182176
0.0,0.0347526
0.0,0.04402533
0.0,0.061735045
0.0,0.070891954
0.0,0.058865998
0.0,0.025477136
0.0,0.024200588
0.0,0.019585071
0.0,0.0557096
0.0,0.023032077
0.0,0.082434334
0.0,0.084316686
0.0,0.03830987
0.0,0.099995874
0.0,0.080874994
0.0,0.038264517
0.0,0.041773893
0.0,0.06609784
0.0,0.043526053
0.0,0.13262397
0.0,0.055352367
0.0,0.065688446
0.0,0.039325327
0.0,0.04096179
0.0,0.042115204
0.0,0.024253406
0.0,0.056775916
0.0,0.08123878
0.0,0.043630347
0.0,0.06781946
0.0,0.10855347
0.0,0.029268796
0.0,0.08964908
0.0,0.051923938
0.0,0.074512355
0.0,0.09752475
0.0,0.033653464
0.0,0.065410845
0.0,0.038343295
0.0,0.03382898
0.0,0.02440814
1.0,0.027075447
0.0,0.015241832
0.0,0.1106057
0.0,0.06489624
0.0,0.043047562
0.0,0.041257672
0.0,0.0977409
0.0,0.087918945
0.0,0.032552194
0.0,0.063632466
0.0,0.008348299
0.0,0.03549589
0.0,0.041342355
0.0,0.04429414
0.0,0.028312262
0.0,0.05264039
0.0,0.041796487
0.0,0.08771227
0.0,0.048857752
0.0,0.082712054
0.0,0.086726494
0.0,0.039134055
0.0,0.029390708
0.0,0.051206294
0.0,0.052725703
0.0,0.049773276
0.0,0.070797235
0.0,0.10452563
0.0,0.032265928
0.0,0.024243508
1.0,0.085496604
0.0,0.053140476
0.0,0.022042349
0.0,0.07453734
0.0,0.038144976
2.0,0.020568077
0.0,0.064264275
0.0,0.057397928
0.0,0.113036536
1.0,0.071567
0.0,0.10203405
0.0,0.027247716
0.0,0.03402476
0.0,0.028935945
0.0,0.069976956
0.0,0.06292076
0.0,0.026443956
0.0,0.034321804
0.0,0.06464675
0.0,0.038515527
0.0,0.026822312
0.0,0.085116334
0.0,0.0463216
0.0,0.08638183
0.0,0.0429832
1.0,0.045496155
0.0,0.044099938
0.0,0.048457686
0.0,0.035168424
0.0,0.049131162
0.0,0.04143626
0.0,0.029579837
0.0,0.05338185
0.0,0.01782225
0.0,0.052647345
0.0,0.025331154
0.0,0.06495243
0.0,0.027540063
0.0,0.04237506
0.0,0.024245162
1.0,0.06853113
0.0,0.039062314
0.0,0.113980144
0.0,0.031545524
0.0,0.031672463
0.0,0.09269859
0.0,0.041601073
0.0,0.050691016
0.0,0.03342122
0.0,0.034615677
0.0,0.103512235
0.0,0.07296204
0.0,0.04206182
0.0,0.08425853
0.0,0.045043603
0.0,0.06970045
0.0,0.039623193
0.0,0.04828237
0.0,0.042120427
0.0,0.04665809
0.0,0.041001774
0.0,0.035635207
0.0,0.058371678
0.0,0.033045225
0.0,0.037973296
0.0,0.033169687
0.0,0.04720101
0.0,0.086618125
0.0,0.072733335
1.0,0.027370382
1.0,0.08225395
0.0,0.064111665
0.0,0.026194764
0.0,0.04393612
0.0,0.08273259
0.0,0.06705569
0.0,0.076095395
0.0,0.08847654
0.0,0.11452434
0.0,0.046365663
0.0,0.072554074
0.0,0.11869694
0.0,0.045760855
0.0,0.044274062
0.0,0.022800334
0.0,0.051980715
0.0,0.04493381
0.0,0.04293078
0.0,0.07935801
0.0,0.06664848
0.0,0.042547345
0.0,0.038997214
0.0,0.045418058
0.0,0.04674993
0.0,0.040940177
0.0,0.107957624
0.0,0.02970643
1.0,0.060018253
0.0,0.0326252
0.0,0.10417104
0.0,0.018866643
0.0,0.054568004
0.0,0.04046892
0.0,0.045222785
0.0,0.06323228
0.0,0.09584622
1.0,0.02927572
0.0,0.077795915
0.0,0.08192718
0.0,0.058862362
0.0,0.056805745
0.0,0.071145244
0.0,0.09392881
0.0,0.08337204
0.0,0.073650725
0.0,0.017521638
0.0,0.06622028
0.0,0.033486445
0.0,0.031171748
0.0,0.08530641
1.0,0.038145047
0.0,0.042150903
0.0,0.042392462
0.0,0.037638225
0.0,0.06352084
0.0,0.072173655
0.0,0.03966225
0.0,0.04227893
0.0,0.08183023
0.0,0.11632185
0.0,0.068059355
0.0,0.097387105
0.0,0.055525996
0.0,0.027317198
0.0,0.04213368
0.0,0.17228532
0.0,0.039538905
0.0,0.09311114
0.0,0.0263299
0.0,0.09212897
0.0,0.039393134
0.0,0.0529358
0.0,0.061461676
1.0,0.023055978
0.0,0.03404737
0.0,0.080038495
0.0,0.062496424
0.0,0.046038374
0.0,0.039331663
0.0,0.027172618
0.0,0.07156444
0.0,0.04954697
0.0,0.05754243
0.0,0.07440332
0.0,0.049361333
0.0,0.03695379
0.0,0.03537646
0.0,0.052861653
0.0,0.06854172
0.0,0.08790245
0.0,0.06305712
0.0,0.09051219
0.0,0.018293146
0.0,0.06668851
0.0,0.08576991
0.0,0.046820294
0.0,0.06386394
0.0,0.037514217
0.0,0.05007098
0.0,0.058458347
0.0,0.06252716
0.0,0.15208876
0.0,0.04883425
0.0,0.101570845
0.0,0.15538909
0.0,0.0549788
0.0,0.03049915
0.0,0.031167096
0.0,0.12900987
0.0,0.033068538
0.0,0.0748815
0.0,0.029781315
0.0,0.024753682
0.0,0.030070964
0.0,0.044100948
0.0,0.04896172
0.0,0.07227066
0.0,0.024336817
1.0,0.07651068
0.0,0.031940423
0.0,0.043069758
0.0,0.035240002
0.0,0.07453755
0.0,0.044616096
0.0,0.071934246
0.0,0.043647286
0.0,0.08636181
0.0,0.01918017
0.0,0.034914065
0.0,0.07913273
0.0,0.045289487
0.0,0.089567214
0.0,0.02381868
1.0,0.06253346
0.0,0.056238092
0.0,0.06553302
0.0,0.053227562
0.0,0.09666054
0.0,0.057993215
0.0,0.026891813
0.0,0.04727699
0.0,0.1203527
0.0,0.10048236
0.0,0.032302413
0.0,0.06274731
0.0,0.021743536
0.0,0.05318512
0.0,0.060771123
0.0,0.03740574
0.0,0.015590891
1.0,0.07374434
0.0,0.04453783
0.0,0.045008026
0.0,0.027009334
0.0,0.049939644
0.0,0.08604005
0.0,0.040164884
0.0,0.04956767
0.0,0.08804789
0.0,0.0535661
0.0,0.08277631
0.0,0.026875712
0.0,0.03783943
0.0,0.03581122
0.0,0.06220408
0.0,0.12341596
0.0,0.04414686
0.0,0.069274314
1.0,0.08083447
0.0,0.04980514
0.0,0.05853536
0.0,0.042056244
0.0,0.06550325
0.0,0.011873487
0.0,0.08454076
0.0,0.052159607
0.0,0.06988269
0.0,0.080640405
0.0,0.027213216
0.0,0.057390414
0.0,0.056303993
0.0,0.0939558
0.0,0.10243823
0.0,0.022652704
0.0,0.04263205
0.0,0.030128518
0.0,0.091065705
0.0,0.030537378
0.0,0.038211823
1.0,0.03668916
0.0,0.02369622
0.0,0.06691476
0.0,0.018525971
0.0,0.077681504
0.0,0.09050118
0.0,0.0360732
0.0,0.04621572
0.0,0.03375338
1.0,0.10647818
0.0,0.081048526
0.0,0.05328419
0.0,0.08708873
0.0,0.030525105
0.0,0.014859987
0.0,0.04943374
0.0,0.06349095
0.0,0.08733335
0.0,0.13566585
0.0,0.11229457
0.0,0.035596844
0.0,0.057358433
0.0,0.050171882
0.0,0.055124372
0.0,0.04292448
0.0,0.059629444
0.0,0.069131695
0.0,0.0435824
0.0,0.03531107
0.0,0.03660957
0.0,0.06751629
0.0,0.018678458
0.0,0.031108804
0.0,0.035127413
0.0,0.031936966
0.0,0.06487215
0.0,0.077501245
1.0,0.08471077
0.0,0.04612891
0.0,0.03221464
0.0,0.06392054
0.0,0.057780262
0.0,0.13977559
0.0,0.08845258
0.0,0.039351266
0.0,0.04728939
0.0,0.041169316
0.0,0.028754812
0.0,0.07922553
0.0,0.028137784
0.0,0.037284665
0.0,0.122143745
0.0,0.05535873
1.0,0.07763144
2.0,0.02655157
0.0,0.06234293
0.0,0.052199792
0.0,0.035217695
0.0,0.09482548
0.0,0.06587642
1.0,0.03617371
0.0,0.044254556
0.0,0.04604823
0.0,0.040898908
0.0,0.043623358
0.0,0.084538065
0.0,0.088532254
0.0,0.039201103
0.0,0.09859617
0.0,0.059808616
0.0,0.035718855
0.0,0.08625053
0.0,0.074237116
0.0,0.018164251
0.0,0.06254917
0.0,0.04848808
0.0,0.04001667
0.0,0.08465186
0.0,0.11326158
0.0,0.05961551
0.0,0.07546582
0.0,0.11182715
0.0,0.10883081
1.0,0.06854264
0.0,0.18299416
0.0,0.024666809
0.0,0.09517467
0.0,0.021558294
0.0,0.044904098
0.0,0.124032445
0.0,0.06104296
0.0,0.08607128
0.0,0.034067035
0.0,0.036119793
0.0,0.052531015
0.0,0.022439249
0.0,0.06510641
0.0,0.036664374
0.0,0.057396203
0.0,0.024614077
0.0,0.07517519
0.0,0.009102377
0.0,0.064844675
0.0,0.09182267
0.0,0.03329492
0.0,0.065427795
0.0,0.044290446
0.0,0.084777
0.0,0.024837866
0.0,0.025427692
0.0,0.07008229
0.0,0.06066738
0.0,0.06589701
0.0,0.06317302
0.0,0.09166765
0.0,0.0627506
0.0,0.10013857
0.0,0.10603787
1.0,0.043167897
0.0,0.08330054
0.0,0.040673677
0.0,0.020970356
0.0,0.057757508
0.0,0.06838724
0.0,0.043494247
0.0,0.026531864
0.0,0.024320275
0.0,0.09136753
0.0,0.05615339
0.0,0.08294138
0.0,0.06685678
0.0,0.03160873
0.0,0.03713927
0.0,0.04149247
0.0,0.07755514
0.0,0.021857657
0.0,0.028826527
0.0,0.108253434
0.0,0.08566137
0.0,0.104712635
0.0,0.04452715
1.0,0.057678588
0.0,0.08566574
0.0,0.04947421
0.0,0.039954495
0.0,0.048540108
0.0,0.024010185
0.0,0.070803024
0.0,0.06471684
0.0,0.051663704
0.0,0.0488791
0.0,0.056397486
0.0,0.13309658
0.0,0.049548365
0.0,0.07156512
0.0,0.029705694
0.0,0.12093217
0.0,0.088232435
0.0,0.08571544
0.0,0.037952587
0.0,0.09348315
0.0,0.07920495
0.0,0.018478498
0.0,0.04933858
0.0,0.03147894
0.0,0.058379263
0.0,0.036186267
0.0,0.10805697
0.0,0.0345917
0.0,0.1125572
0.0,0.042917848
0.0,0.09526202
0.0,0.044716045
0.0,0.04413162
0.0,0.043830715
0.0,0.0748754
0.0,0.06635171
0.0,0.08962053
0.0,0.068211116
0.0,0.08916945
0.0,0.11350287
0.0,0.094737664
0.0,0.07553908
0.0,0.027120762
0.0,0.052394927
0.0,0.033872012
0.0,0.054789886
0.0,0.060846277
0.0,0.021074217
0.0,0.03778862
0.0,0.071739614
0.0,0.088065654
0.0,0.08261121
0.0,0.025185566
0.0,0.046348754
0.0,0.07919947
0.0,0.025333608
0.0,0.028452363
0.0,0.07646531
0.0,0.060921356
0.0,0.05397845
0.0,0.053153504
0.0,0.05089633
0.0,0.061072018
0.0,0.025492897
0.0,0.03772773
0.0,0.12263823
0.0,0.08488646
0.0,0.057932187
0.0,0.04109747
0.0,0.052743956
0.0,0.036570802
0.0,0.039737552
0.0,0.016091185
0.0,0.0499225
0.0,0.033977468
0.0,0.06279232
0.0,0.070592105
0.0,0.10073972
0.0,0.09889615
0.0,0.044715896
0.0,0.05639392
0.0,0.030976132
0.0,0.11838527
0.0,0.015467246
0.0,0.052194066
1.0,0.0884444
0.0,0.11091821
0.0,0.023147132
0.0,0.06390892
0.0,0.07128588
0.0,0.03906885
0.0,0.042960558
0.0,0.07036523
0.0,0.023324851
0.0,0.06807987
0.0,0.068487786
0.0,0.0745528
0.0,0.04566791
0.0,0.06520677
0.0,0.086878315
0.0,0.06340615
0.0,0.035193082
0.0,0.05834172
0.0,0.042224754
0.0,0.05063642
0.0,0.12940776
0.0,0.032289784
0.0,0.08080844
0.0,0.04509892
0.0,0.10169811
1.0,0.057900485
0.0,0.08503835
0.0,0.046910755
0.0,0.047806047
0.0,0.06108986
0.0,0.0671494
0.0,0.07025791
0.0,0.06475187
1.0,0.06454081
0.0,0.036455926
0.0,0.06509718
0.0,0.058520176
1.0,0.0197822
0.0,0.037070427
0.0,0.04583574
0.0,0.049742885
0.0,0.04206481
0.0,0.029294487
0.0,0.15996177
0.0,0.037729204
0.0,0.04197458
0.0,0.029429525
0.0,0.013671527
0.0,0.050244663
0.0,0.07321653
0.0,0.040700257
0.0,0.05603093
0.0,0.054602284
0.0,0.03200088
0.0,0.026414001
0.0,0.05625684
0.0,0.03902188
0.0,0.04696548
0.0,0.036050968
0.0,0.04851662
0.0,0.038634904
0.0,0.0409118
0.0,0.059834614
0.0,0.05782331
0.0,0.115736626
0.0,0.04052969
0.0,0.04656261
0.0,0.030434094
0.0,0.06363762
0.0,0.04300803
0.0,0.108470015
0.0,0.07583949
0.0,0.052142102
0.0,0.047482602
0.0,0.041338984
1.0,0.05179377
0.0,0.021942943
0.0,0.058586236
0.0,0.088599056
0.0,0.10586085
0.0,0.10110715
0.0,0.05607935
0.0,0.0671904
0.0,0.045170806
0.0,0.05418145
0.0,0.037328284
0.0,0.046169773
0.0,0.076389655
0.0,0.040150236
0.0,0.06141524
0.0,0.024382988
0.0,0.02365604
0.0,0.05249288
0.0,0.042085454
0.0,0.058054663
0.0,0.051595606
0.0,0.034858704
0.0,0.05270177
0.0,0.048072197
0.0,0.03697441
0.0,0.04480163
0.0,0.040885746
0.0,0.041757442
0.0,0.08935541
0.0,0.038184628
1.0,0.051430147
0.0,0.08589062
0.0,0.045989208
0.0,0.011798863
0.0,0.05792451
0.0,0.025375934
0.0,0.083373636
1.0,0.041044984
0.0,0.07741925
0.0,0.06803786
0.0,0.057342656
0.0,0.09141481
0.0,0.06692126
0.0,0.039337985
0.0,0.05461055
1.0,0.018563235
0.0,0.02416581
0.0,0.056632463
0.0,0.03388303
0.0,0.015139995
1.0,0.0424939
0.0,0.09933754
0.0,0.037194833
0.0,0.026196776
0.0,0.035784062
0.0,0.039940245
0.0,0.03785766
0.0,0.04927125
1.0,0.0627282
0.0,0.06317998
0.0,0.046846375
0.0,0.075727284
0.0,0.054378778
0.0,0.07194182
0.0,0.050901018
0.0,0.06859054
0.0,0.08072635
0.0,0.096655406
1.0,0.05286023
0.0,0.07546215
0.0,0.06675452
0.0,0.068095714
0.0,0.07488622
0.0,0.038363483
0.0,0.022723598
0.0,0.05714901
0.0,0.05494913
0.0,0.0875947
0.0,0.080002725
1.0,0.082488656
0.0,0.04043921
0.0,0.03862435
0.0,0.06609574
0.0,0.041952834
0.0,0.047155593
0.0,0.036285687
0.0,0.024744218
0.0,0.04820765
0.0,0.07358776
0.0,0.016857909
1.0,0.08305089
0.0,0.072516516
0.0,0.08817881
0.0,0.06723123
1.0,0.03288566
0.0,0.118014514
1.0,0.08210432
0.0,0.054816097
0.0,0.0726691
0.0,0.06272568
0.0,0.024128791
0.0,0.048118867
0.0,0.022777982
0.0,0.025133427
0.0,0.03630895
0.0,0.10224216
0.0,0.017491452
0.0,0.050230194
0.0,0.019816991
0.0,0.02553906
0.0,0.05983303
0.0,0.071453005
0.0,0.055020776
0.0,0.05525256
0.0,0.120029464
0.0,0.06469308
0.0,0.04314857
0.0,0.059394576
0.0,0.08577475
0.0,0.038096096
0.0,0.037735086
0.0,0.024637057
0.0,0.07658255
0.0,0.15089968
1.0,0.061495125
0.0,0.08643203
0.0,0.09561519
0.0,0.1101011
0.0,0.039122187
0.0,0.06293326
0.0,0.033663593
0.0,0.036844857
0.0,0.0520222
0.0,0.055780374
0.0,0.031920508
0.0,0.05126424
0.0,0.06672776
0.0,0.12339793
0.0,0.08358927
0.0,0.037556637
0.0,0.051862568
0.0,0.049346603
0.0,0.11011545
0.0,0.0820213
0.0,0.07660396
0.0,0.041956432
0.0,0.085814945
0.0,0.049952623
0.0,0.11816582
0.0,0.033766627
0.0,0.022285284
0.0,0.07658094
0.0,0.027709857
0.0,0.06374857
0.0,0.058896646
0.0,0.06421646
0.0,0.08657746
0.0,0.04057676
0.0,0.040820118
0.0,0.069813095
0.0,0.048516944
0.0,0.050859943
0.0,0.030413175
0.0,0.063726395
0.0,0.042241067
0.0,0.091304466
0.0,0.060044862
0.0,0.04041683
0.0,0.11836997
0.0,0.048789144
0.0,0.10363066
1.0,0.069774106
0.0,0.08250763
0.0,0.08805226
0.0,0.028057449
0.0,0.06370943
0.0,0.06504645
0.0,0.042321954
0.0,0.0720997
0.0,0.04139804
0.0,0.04677905
0.0,0.048028663
0.0,0.037507154
0.0,0.04617092
0.0,0.025018245
0.0,0.03714145
0.0,0.047543865
0.0,0.039914697
0.0,0.11751441
0.0,0.05224506
0.0,0.065191194
0.0,0.05576842
0.0,0.0613277
0.0,0.05460111
1.0,0.04967642
0.0,0.027837962
0.0,0.05099129
0.0,0.058647953
1.0,0.05192151
0.0,0.052760284
0.0,0.059513956
0.0,0.061855353
0.0,0.06419762
0.0,0.07344531
0.0,0.03603687
0.0,0.041891064
0.0,0.054702304
0.0,0.031047437
0.0,0.061471965
0.0,0.05464328
0.0,0.013453351
0.0,0.035865854
0.0,0.04287904
0.0,0.0595984
0.0,0.05901618
0.0,0.045301434
0.0,0.023400594
0.0,0.07549252
0.0,0.098209575
0.0,0.07524745
0.0,0.078070335
0.0,0.05944195
0.0,0.0575777
0.0,0.012698741
0.0,0.04622262
0.0,0.09762152
0.0,0.043737996
0.0,0.06555043
0.0,0.05486837
0.0,0.01951494
0.0,0.118276596
0.0,0.022908974
0.0,0.10301261
0.0,0.071342126
0.0,0.09031391
0.0,0.059802283
0.0,0.045612432
0.0,0.037191764
1.0,0.15482241
0.0,0.014505578
0.0,0.04026066
0.0,0.032203723
0.0,0.0335371
0.0,0.021491937
0.0,0.042231984
0.0,0.03706251
0.0,0.029925147
0.0,0.05848701
0.0,0.04359753
0.0,0.07744369
0.0,0.03584575
0.0,0.08342112
0.0,0.016906653
1.0,0.0327739
0.0,0.05586699
0.0,0.026330577
1.0,0.038687848
0.0,0.08430836
0.0,0.059755906
0.0,0.037801363
0.0,0.05956871
1.0,0.03876428
0.0,0.04165578
0.0,0.04181441
0.0,0.04362467
0.0,0.03842397
0.0,0.037801687
0.0,0.02857424
0.0,0.043122243
0.0,0.05166444
0.0,0.10312166
0.0,0.050793026
0.0,0.10503343
0.0,0.07430422
0.0,0.03350577
0.0,0.034885325
0.0,0.06906194
0.0,0.035239227
1.0,0.03006963
0.0,0.040757023
0.0,0.03429587
1.0,0.064205006
0.0,0.049475625
0.0,0.06906662
0.0,0.10935412
0.0,0.061339747
0.0,0.06273256
0.0,0.022008728
0.0,0.07636176
0.0,0.12502474
0.0,0.052166574
0.0,0.06325945
0.0,0.03000801
0.0,0.052273348
0.0,0.059114106
0.0,0.072580494
0.0,0.038484775
0.0,0.039727226
1.0,0.035820886
0.0,0.07006771
0.0,0.12849349
0.0,0.019951897
0.0,0.036343317
0.0,0.0870358
0.0,0.04660108
0.0,0.05806059
0.0,0.07318883
0.0,0.08279068
1.0,0.026491776
0.0,0.04208401
0.0,0.06550812
0.0,0.06340234
0.0,0.05610832
0.0,0.049792316
0.0,0.04187926
0.0,0.024609992
0.0,0.016709054
0.0,0.04444497
0.0,0.03683936
0.0,0.053052444
0.0,0.06103784
0.0,0.05331862
0.0,0.07888254
0.0,0.034616105
0.0,0.06268221
0.0,0.03785082
0.0,0.055302456
0.0,0.06738105
0.0,0.018003767
0.0,0.05463342
0.0,0.012099787
0.0,0.0368411
0.0,0.048810784
0.0,0.02269264
0.0,0.05727842
0.0,0.06919822
0.0,0.031443715
0.0,0.09856735
0.0,0.089065425
0.0,0.078732416
0.0,0.026389817
0.0,0.041975945
0.0,0.05615478
0.0,0.06803674
0.0,0.04431738
0.0,0.037340302
0.0,0.027699064
0.0,0.017868219
0.0,0.029752985
0.0,0.051051967
0.0,0.019937668
0.0,0.1175503
0.0,0.034474064
0.0,0.04862974
0.0,0.012252437
1.0,0.06835379
0.0,0.034720715
0.0,0.056686297
0.0,0.07241417
0.0,0.09922931
0.0,0.035268478
0.0,0.038705565
0.0,0.044831358
0.0,0.072595224
0.0,0.06324095
0.0,0.056457732
0.0,0.05930502
0.0,0.046639428
0.0,0.033577006
0.0,0.061507896
0.0,0.046897717
0.0,0.113071844
0.0,0.040002227
0.0,0.050057635
0.0,0.15368643
0.0,0.04281207
0.0,0.033921458
0.0,0.06602211
0.0,0.030396082
0.0,0.06757133
0.0,0.04257403
0.0,0.027944239
0.0,0.025298405
0.0,0.043002285
0.0,0.04390688
0.0,0.050141748
0.0,0.054517314
0.0,0.061739694
0.0,0.087029964
0.0,0.025796205
0.0,0.016969869
0.0,0.035134397
0.0,0.04800705
0.0,0.03498913
0.0,0.06595898
0.0,0.022932058
0.0,0.06519252
0.0,0.09128787
0.0,0.04209577
0.0,0.03899154
0.0,0.09170608
0.0,0.03998922
0.0,0.06067476
0.0,0.08621928
0.0,0.04666628
0.0,0.071385816
0.0,0.05751253
0.0,0.09346296
0.0,0.07195805
0.0,0.04820487
0.0,0.16892126
1.0,0.025136184
0.0,0.026794828
0.0,0.10437457
0.0,0.04449495
1.0,0.044070195
0.0,0.06447938
0.0,0.05811463
0.0,0.053903088
0.0,0.046356425
0.0,0.05888387
0.0,0.037755445
0.0,0.053656034
0.0,0.09248488
0.0,0.042484354
0.0,0.074365474
0.0,0.028133947
0.0,0.09658462
1.0,0.02611182
0.0,0.054759588
0.0,0.061070006
0.0,0.032878634
0.0,0.03633928
0.0,0.025502685
0.0,0.112428434
0.0,0.073316306
0.0,0.027659297
0.0,0.09993531
0.0,0.123253204
1.0,0.04178019
0.0,0.02088358
0.0,0.032255974
0.0,0.044309013
1.0,0.05606336
0.0,0.03667861
0.0,0.09537315
0.0,0.045084774
0.0,0.06055527
0.0,0.026541494
0.0,0.037702084
0.0,0.034056902
0.0,0.03344234
0.0,0.054845273
0.0,0.06623725
0.0,0.069300644
0.0,0.0451203
0.0,0.040206082
0.0,0.048415836
0.0,0.08641994
0.0,0.062975205
0.0,0.057511542
0.0,0.077215314
0.0,0.039598867
0.0,0.0709734
0.0,0.1017179
0.0,0.043524183
0.0,0.054865677
0.0,0.047201417
0.0,0.07106134
0.0,0.0626971
0.0,0.11106724
0.0,0.059244137
0.0,0.018735833
0.0,0.0424506
0.0,0.031836353
0.0,0.011906694
0.0,0.070020616
0.0,0.03797786
0.0,0.061819058
0.0,0.089438364
0.0,0.0599052
0.0,0.027738994
0.0,0.093246564
0.0,0.07078862
0.0,0.021777634
0.0,0.065418534
0.0,0.07033493
0.0,0.04745438
0.0,0.070301004
0.0,0.025833983
0.0,0.054747004
0.0,0.040699635
0.0,0.0390969
0.0,0.055689745
0.0,0.09904391
0.0,0.08656831
0.0,0.12513383
1.0,0.0767737
0.0,0.052011285
0.0,0.03170613
0.0,0.05172851
0.0,0.034861263
0.0,0.03749771
0.0,0.07996823
0.0,0.08037103
0.0,0.029700695
0.0,0.11327109
0.0,0.070045725
0.0,0.025028208
0.0,0.037388105
0.0,0.110747926
0.0,0.053625904
0.0,0.049822643
0.0,0.07391868
0.0,0.042559315
0.0,0.038560696
0.0,0.08444641
0.0,0.080372185
0.0,0.033125397
0.0,0.058695037
1.0,0.07722903
0.0,0.043982778
0.0,0.101014696
0.0,0.029052092
0.0,0.061527155
0.0,0.042868778
0.0,0.04241992
0.0,0.070614025
0.0,0.1001859
0.0,0.059456985
0.0,0.05235704
0.0,0.04498198
0.0,0.08843352
0.0,0.0868145
0.0,0.059088517
0.0,0.1051167
0.0,0.09421663
0.0,0.042104118
0.0,0.04027543
0.0,0.019062387
0.0,0.05000639
0.0,0.07369868
0.0,0.05715678
0.0,0.07372729
0.0,0.07625903
0.0,0.058601297
0.0,0.077394314
0.0,0.10358294
0.0,0.07807871
0.0,0.15188947
0.0,0.063454874
0.0,0.12709594
0.0,0.059058603
0.0,0.03856658
0.0,0.039884843
0.0,0.04255418
0.0,0.08163541
0.0,0.045574084
0.0,0.045383006
0.0,0.06734046
0.0,0.041754797
0.0,0.039445743
0.0,0.019927347
1.0,0.011543006
0.0,0.07251759
0.0,0.06378957
0.0,0.2686752
0.0,0.08459847
0.0,0.09924117
0.0,0.058918387
0.0,0.08562825
0.0,0.06113029
0.0,0.04712109
0.0,0.04952446
0.0,0.045483164
0.0,0.041394845
0.0,0.037621323
0.0,0.027628044
0.0,0.060210392
0.0,0.0712254
0.0,0.030487647
0.0,0.10727002
0.0,0.0381435
0.0,0.0653181
0.0,0.057945587
0.0,0.052379888
0.0,0.058914747
0.0,0.028384946
0.0,0.05332514
0.0,0.10736939
0.0,0.050433837
0.0,0.08048213
0.0,0.0576979
0.0,0.082982205
0.0,0.048967417
0.0,0.041613117
0.0,0.022446495
0.0,0.018116089
0.0,0.06977814
0.0,0.03876162
0.0,0.04300694
0.0,0.03582181
0.0,0.064193584
0.0,0.05488062
0.0,0.07463728
0.0,0.04092536
0.0,0.04693595
0.0,0.105243236
0.0,0.06776842
0.0,0.04072736
0.0,0.04763034
0.0,0.022673108
0.0,0.053777084
0.0,0.0754311
0.0,0.055556558
0.0,0.018201152
0.0,0.055629857
0.0,0.057920173
0.0,0.034994468
0.0,0.07871203
0.0,0.09494153
0.0,0.052720144
0.0,0.06116875
0.0,0.040752046
0.0,0.05615813
0.0,0.09392397
0.0,0.082326345
0.0,0.076503605
0.0,0.035614584
0.0,0.040328756
0.0,0.06718838
0.0,0.13605317
0.0,0.08578451
0.0,0.04454454
0.0,0.019584324
0.0,0.03766681
0.0,0.06600853
0.0,0.041431002
0.0,0.050110914
0.0,0.09044195
0.0,0.10687071
0.0,0.08202443
0.0,0.06733001
0.0,0.0409302
0.0,0.024302896
0.0,0.023493268
0.0,0.079305924
0.0,0.04861008
0.0,0.13604611
0.0,0.04915743
0.0,0.102507666
0.0,0.10605795
0.0,0.07111484
0.0,0.074587554
0.0,0.08242152
0.0,0.079849
0.0,0.17293908
0.0,0.08085016
0.0,0.10147083
1.0,0.10067902
0.0,0.07162927
0.0,0.045880847
0.0,0.032129683
0.0,0.057153985
0.0,0.056800276
0.0,0.041526593
0.0,0.044676512
0.0,0.048405103
0.0,0.08412723
0.0,0.06117852
0.0,0.045900546
0.0,0.01682301
0.0,0.035640545
0.0,0.03614962
1.0,0.04656201
0.0,0.041118503
0.0,0.05625075
0.0,0.0375431
0.0,0.03855461
0.0,0.03333225
0.0,0.022178173
0.0,0.06696403
0.0,0.06852868
0.0,0.054427963
0.0,0.04471526
0.0,0.052877877
0.0,0.08754583
0.0,0.05138017
0.0,0.10731453
0.0,0.041326802
0.0,0.12596801
0.0,0.040068205
0.0,0.032835644
0.0,0.046657644
0.0,0.023639949
0.0,0.034446392
0.0,0.067005344
0.0,0.0518353
0.0,0.041803643
1.0,0.047562685
0.0,0.043145422
0.0,0.020708736
0.0,0.052101243
0.0,0.038602494
1.0,0.047535412
0.0,0.04120524
0.0,0.055467516
0.0,0.021877404
0.0,0.06093812
0.0,0.042851448
0.0,0.09625939
0.0,0.05739734
0.0,0.04041951
0.0,0.062159352
0.0,0.08941001
0.0,0.02285986
0.0,0.05147156
0.0,0.028466435
0.0,0.025956944
0.0,0.051676933
0.0,0.0778956
0.0,0.074094914
0.0,0.057473324
0.0,0.06602518
0.0,0.022195725
0.0,0.08595595
0.0,0.044092245
1.0,0.08388738
0.0,0.053453855
0.0,0.059016854
0.0,0.040412977
0.0,0.034467556
0.0,0.15251626
0.0,0.08046274
0.0,0.03868191
0.0,0.10468343
0.0,0.043175943
0.0,0.038590953
0.0,0.055297866
0.0,0.046225045
0.0,0.075387985
0.0,0.046484653
0.0,0.05419633
0.0,0.029594298
0.0,0.028262828
0.0,0.088598385
0.0,0.070576385
0.0,0.09686619
0.0,0.08959557
0.0,0.03242244
0.0,0.049921237
0.0,0.057110913
0.0,0.0664931
0.0,0.042375363
0.0,0.07207619
0.0,0.024464523
0.0,0.07076885
0.0,0.04051383
0.0,0.024035662
0.0,0.10028125
0.0,0.025047023
0.0,0.04179366
0.0,0.10386753
0.0,0.10667612
0.0,0.014166551
0.0,0.039869025
0.0,0.08549706
0.0,0.064955376
0.0,0.067981
0.0,0.03481385
0.0,0.06403844
0.0,0.051228322
0.0,0.026183724
0.0,0.067279816
0.0,0.12344466
0.0,0.12454652
0.0,0.042827345
1.0,0.036436584
0.0,0.07749409
1.0,0.09221758
0.0,0.050403014
0.0,0.07990758
0.0,0.061710116
0.0,0.05668059
0.0,0.08162887
0.0,0.11948771
0.0,0.063203566
0.0,0.02253308
0.0,0.0323164
0.0,0.03394976
0.0,0.037028983
0.0,0.05685089
2.0,0.050911162
0.0,0.06776477
0.0,0.052876566
0.0,0.075181805
0.0,0.046159472
0.0,0.061139368
0.0,0.039162185
0.0,0.02598342
0.0,0.07083292
0.0,0.0767789
0.0,0.04797073
0.0,0.031880487
0.0,0.041483052
0.0,0.092523605
0.0,0.04691758
0.0,0.052071862
0.0,0.052455522
0.0,0.0637603
0.0,0.053427953
2.0,0.028482933
0.0,0.053312022
0.0,0.10031851
0.0,0.047702506
1.0,0.079477
0.0,0.12176706
0.0,0.18540718
0.0,0.02638618
0.0,0.03256795
0.0,0.02759801
0.0,0.03530994
0.0,0.084980644
0.0,0.08768982
0.0,0.04283157
0.0,0.034372263
0.0,0.09844692
0.0,0.083614744
0.0,0.065545864
0.0,0.08848245
0.0,0.04591891
0.0,0.06433203
0.0,0.009901255
0.0,0.11092794
1.0,0.026945915
0.0,0.024785075
0.0,0.04858605
1.0,0.06718845
0.0,0.03226579
0.0,0.028212227
0.0,0.0981867
0.0,0.046261758
0.0,0.086958244
0.0,0.023404542
0.0,0.08467184
0.0,0.08616334
0.0,0.07968951
0.0,0.019120194
0.0,0.05641072
0.0,0.03515776
1.0,0.06871405
0.0,0.107150644
1.0,0.06908326
0.0,0.03869602
0.0,0.073687926
0.0,0.04992762
0.0,0.053221192
0.0,0.0677899
0.0,0.049628213
0.0,0.05915567
0.0,0.04243718
0.0,0.0683358
0.0,0.021094706
0.0,0.05701641
0.0,0.036914706
0.0,0.040781576
0.0,0.098535776
0.0,0.050002217
0.0,0.060702916
0.0,0.07584269
1.0,0.05626494
0.0,0.052293614
0.0,0.109579355
0.0,0.05399549
0.0,0.07365441
0.0,0.025114594
0.0,0.06759969
0.0,0.06778513
0.0,0.09714523
0.0,0.10080435
0.0,0.07346864
0.0,0.02937143
0.0,0.03346777
0.0,0.06949347
0.0,0.056693647
0.0,0.073164
0.0,0.037920892
0.0,0.03721543
0.0,0.097189896
0.0,0.029027069
0.0,0.088341914
0.0,0.058677435
0.0,0.0588267
0.0,0.037572846
0.0,0.09603401
0.0,0.035431106
0.0,0.055311844
0.0,0.056350634
0.0,0.050606947
2.0,0.051477328
0.0,0.06454618
0.0,0.11780974
0.0,0.09657183
0.0,0.050141197
0.0,0.056663204
0.0,0.033329517
0.0,0.03895378
0.0,0.036285535
0.0,0.09837993
0.0,0.1482198
0.0,0.032281395
0.0,0.04418799
0.0,0.07066236
0.0,0.017970018
0.0,0.036980864
0.0,0.057666365
0.0,0.056694254
0.0,0.04160653
0.0,0.044351503
0.0,0.03332807
0.0,0.053157963
0.0,0.09596375
0.0,0.028054988
0.0,0.073280826
1.0,0.055060327
0.0,0.109464094
0.0,0.038532116
0.0,0.09407067
0.0,0.05542762
0.0,0.05581359
0.0,0.11666458
0.0,0.053248506
0.0,0.04533845
0.0,0.06532271
0.0,0.035246894
0.0,0.03781892
0.0,0.046919033
0.0,0.08581347
0.0,0.1210789
0.0,0.07950391
0.0,0.024094
0.0,0.07916458
0.0,0.08525381
0.0,0.022257365
0.0,0.030931467
0.0,0.07272501
0.0,0.038826678
0.0,0.081825376
0.0,0.083289236
0.0,0.0597387
0.0,0.045918692
0.0,0.018116089
0.0,0.0926334
0.0,0.028178561
0.0,0.024869865
0.0,0.036652245
0.0,0.056330953
0.0,0.07089658
0.0,0.055033814
0.0,0.04194895
0.0,0.110453755
0.0,0.050456543
0.0,0.060028844
0.0,0.102976605
1.0,0.023529647
0.0,0.037913986
0.0,0.07852635
0.0,0.11873448
0.0,0.056975346
0.0,0.06436305
0.0,0.145532
0.0,0.05082995
0.0,0.03986967
0.0,0.043616578
0.0,0.02660259
0.0,0.13090171
0.0,0.021670967
0.0,0.08584902
0.0,0.033568796
0.0,0.07787036
0.0,0.089565076
0.0,0.06822679
0.0,0.067036755
0.0,0.07127458
0.0,0.035997696
0.0,0.050547354
0.0,0.032529384
0.0,0.057948932
0.0,0.040633492
0.0,0.05608748
0.0,0.04936595
0.0,0.025806367
0.0,0.087258026
0.0,0.050465375
0.0,0.09674013
0.0,0.08267549
0.0,0.08477213
0.0,0.079714596
0.0,0.0317046
0.0,0.09370339
0.0,0.12808342
0.0,0.03652391
0.0,0.062994756
0.0,0.08602692
0.0,0.06370563
0.0,0.08324151
0.0,0.025059208
0.0,0.01688143
0.0,0.05740124
0.0,0.1277171
0.0,0.025887797
0.0,0.03603378
0.0,0.09210995
1.0,0.05241119
0.0,0.03953696
0.0,0.037896708
1.0,0.048867445
1.0,0.018881908
0.0,0.024380803
1.0,0.059159026
0.0,0.070470564
0.0,0.04689622
0.0,0.08112199
1.0,0.04818412
0.0,0.06542755
0.0,0.050931923
1.0,0.04353903
0.0,0.036424946
0.0,0.07698974
0.0,0.098984756
0.0,0.09628689
0.0,0.073264405
0.0,0.05021748
0.0,0.03642479
0.0,0.028836371
0.0,0.055990692
0.0,0.066213466
0.0,0.06098422
0.0,0.032086097
0.0,0.058462765
0.0,0.06613763
0.0,0.031983234
0.0,0.019661602
0.0,0.07299795
0.0,0.061912928
0.0,0.07596778
0.0,0.047713198
0.0,0.061982047
0.0,0.04389231
0.0,0.05877839
0.0,0.035500966
0.0,0.037056573
0.0,0.026410952
0.0,0.02349888
0.0,0.095101744
0.0,0.076999545
0.0,0.05963318
1.0,0.042326715
0.0,0.06017575
0.0,0.06602238
0.0,0.022743784
0.0,0.011053262
0.0,0.04022319
0.0,0.02923302
0.0,0.06744148
0.0,0.09731633
0.0,0.034205247
0.0,0.05607571
0.0,0.030500967
0.0,0.014219522
0.0,0.039541185
0.0,0.059905544
0.0,0.028244477
0.0,0.043447692
0.0,0.102839455
0.0,0.080686055
0.0,0.07334571
0.0,0.044423338
0.0,0.07612831
0.0,0.11780974
0.0,0.05001898
0.0,0.14782076
0.0,0.045244314
0.0,0.07339231
0.0,0.03396347
0.0,0.03578471
0.0,0.0998034
0.0,0.108874254
0.0,0.0771744
0.0,0.050154015
1.0,0.059979487
0.0,0.032419145
0.0,0.055693053
1.0,0.062218852
0.0,0.056566045
0.0,0.03351157
0.0,0.04868447
0.0,0.06439461
0.0,0.0147737
0.0,0.09104656
0.0,0.05843708
0.0,0.04839077
0.0,0.090829186
0.0,0.072084986
0.0,0.13240997
0.0,0.048822634
0.0,0.066305
0.0,0.10776562
0.0,0.06460932
0.0,0.08770692
0.0,0.06647151
1.0,0.04890875
0.0,0.06803989
0.0,0.049530055
0.0,0.076111235
0.0,0.06177216
0.0,0.07182573
0.0,0.047491003
0.0,0.041305467
0.0,0.040952925
0.0,0.019038986
0.0,0.044810947
0.0,0.04020869
0.0,0.06247643
0.0,0.08255826
1.0,0.066345796
0.0,0.071496636
0.0,0.104790226
0.0,0.046475854
0.0,0.034805685
0.0,0.019196007
0.0,0.046122447
0.0,0.14877774
0.0,0.035569303
0.0,0.09458365
0.0,0.09615305
0.0,0.08639641
0.0,0.037896708
0.0,0.14391558
0.0,0.051339295
1.0,0.0606618
0.0,0.05506063
0.0,0.040794432
0.0,0.026387766
0.0,0.03733316
0.0,0.05321391
0.0,0.038434785
1.0,0.08377424
0.0,0.05766491
0.0,0.12105287
0.0,0.07735097
0.0,0.09450237
0.0,0.091689005
0.0,0.063599974
0.0,0.046117518
0.0,0.07683365
1.0,0.082700916
0.0,0.09505189
0.0,0.03184346
0.0,0.028853497
0.0,0.02037746
0.0,0.07775714
0.0,0.0647332
0.0,0.033736855
0.0,0.04344131
0.0,0.03620432
0.0,0.04922595
1.0,0.060307026
0.0,0.042108275
0.0,0.0071265893
0.0,0.06899891
0.0,0.041957133
0.0,0.033504143
0.0,0.047766127
0.0,0.07113291
0.0,0.123500265
0.0,0.0968091
0.0,0.028450925
0.0,0.058342807
0.0,0.104118004
0.0,0.11491591
0.0,0.067697205
0.0,0.04973776
0.0,0.028261399
0.0,0.046082675
0.0,0.015767949
0.0,0.07116629
0.0,0.017920336
0.0,0.11016172
0.0,0.0657812
0.0,0.081835896
0.0,0.0652822
0.0,0.024076762
0.0,0.025063822
0.0,0.06796829
0.0,0.055166684
0.0,0.091615885
0.0,0.07839129
0.0,0.029089103
0.0,0.0606249
0.0,0.056953046
0.0,0.112979524
0.0,0.037446678
0.0,0.082969904
1.0,0.027081966
0.0,0.03743256
0.0,0.07008923
0.0,0.06630563
0.0,0.069024116
0.0,0.026828516
0.0,0.039212525
0.0,0.047292817
0.0,0.035750736
0.0,0.055178467
0.0,0.03771134
0.0,0.08397525
0.0,0.058567733
0.0,0.14297923
0.0,0.038884968
0.0,0.0595404
0.0,0.049877316
0.0,0.026377223
0.0,0.043548808
0.0,0.04846298
0.0,0.046483766
0.0,0.07332955
0.0,0.056937948
0.0,0.07246733
0.0,0.041404597
0.0,0.084681064
0.0,0.040872004
0.0,0.078999944
0.0,0.042506866
0.0,0.11967947
0.0,0.05165156
0.0,0.06116099
0.0,0.09603401
0.0,0.08399473
0.0,0.043773238
0.0,0.085954756
0.0,0.04705014
0.0,0.097334966
0.0,0.106804915
0.0,0.066208795
0.0,0.039429214
0.0,0.06206986
0.0,0.0658336
0.0,0.082010746
0.0,0.051833693
0.0,0.07348819
0.0,0.07599627
0.0,0.040550746
0.0,0.096313246
0.0,0.14243203
0.0,0.08751306
1.0,0.047824766
0.0,0.043508746
0.0,0.042039882
0.0,0.095471136
0.0,0.011511443
0.0,0.09120564
0.0,0.08385603
0.0,0.025522223
0.0,0.03048939
0.0,0.04220044
0.0,0.061537158
0.0,0.044214208
0.0,0.07535163
0.0,0.025853379
0.0,0.04190673
0.0,0.050747514
1.0,0.029900087
0.0,0.080124676
0.0,0.038758773
0.0,0.04556252
0.0,0.026109729
0.0,0.07949129
0.0,0.09530323
0.0,0.0788834
0.0,0.063508995
0.0,0.044480145
0.0,0.12246587
0.0,0.067409985
0.0,0.05910221
0.0,0.022676826
0.0,0.066904485
0.0,0.05969818
0.0,0.06869416
0.0,0.060092337
0.0,0.022328362
0.0,0.09049043
0.0,0.070537105
0.0,0.05758908
0.0,0.026151521
1.0,0.03680677
0.0,0.04279217
0.0,0.024404531
0.0,0.038411587
0.0,0.04935272
0.0,0.06999448
0.0,0.031623613
0.0,0.048636165
0.0,0.065208346
0.0,0.06779786
0.0,0.036213055
0.0,0.06511774
0.0,0.09193939
0.0,0.026454464
0.0,0.107274465
0.0,0.047054715
0.0,0.07215823
0.0,0.10514668
1.0,0.032301903
0.0,0.13251227
0.0,0.10961463
0.0,0.046999823
0.0,0.07055849
0.0,0.045458294
0.0,0.064190924
0.0,0.016877165
0.0,0.021376567
0.0,0.18148002
0.0,0.06869931
0.0,0.037934095
0.0,0.051968645
0.0,0.034996253
0.0,0.07832815
0.0,0.04241092
0.0,0.053599417
0.0,0.07203472
0.0,0.041684393
0.0,0.07630578
0.0,0.15896067
0.0,0.016357744
0.0,0.04539686
0.0,0.10316145
0.0,0.058662664
0.0,0.042990066
0.0,0.033620793
0.0,0.035551786
1.0,0.044319347
0.0,0.04675887
0.0,0.061076384
0.0,0.04459831
0.0,0.07073052
1.0,0.074290976
0.0,0.03501869
0.0,0.07980085
0.0,0.029923692
1.0,0.047550008
0.0,0.15612905
0.0,0.059192155
0.0,0.085303016
0.0,0.04181746
0.0,0.05485188
0.0,0.04804907
0.0,0.014350803
0.0,0.043132856
1.0,0.056056757
0.0,0.04732756
0.0,0.07143563
0.0,0.035074923
0.0,0.05923931
0.0,0.05120639
0.0,0.117149845
0.0,0.024567947
0.0,0.10980819
0.0,0.053586666
0.0,0.043923024
0.0,0.060159683
0.0,0.024174765
0.0,0.0610537
0.0,0.042418566
0.0,0.043814793
0.0,0.033153225
1.0,0.034068026
0.0,0.09507295
1.0,0.03157395
0.0,0.06250951
0.0,0.046198823
0.0,0.040337335
0.0,0.067776754
0.0,0.0317799
0.0,0.03473017
0.0,0.067075066
0.0,0.097008996
0.0,0.028655125
0.0,0.027063442
0.0,0.061939444
0.0,0.02496775
0.0,0.049063854
0.0,0.0245034
0.0,0.06206415
0.0,0.06981694
0.0,0.03657914
0.0,0.02499317
0.0,0.06829297
0.0,0.055832274
0.0,0.05891386
0.0,0.06879135
0.0,0.06513901
0.0,0.122823015
0.0,0.08732684
0.0,0.09930666
1.0,0.042020142
0.0,0.0716254
0.0,0.06515084
0.0,0.038283244
0.0,0.094575174
0.0,0.09193553
0.0,0.061817512
0.0,0.046106063
0.0,0.05500578
0.0,0.07224851
0.0,0.030801153
0.0,0.017689992
0.0,0.051130682
0.0,0.05038999
0.0,0.07017845
0.0,0.13168699
0.0,0.047142528
0.0,0.050153032
0.0,0.06812702
0.0,0.083384864
0.0,0.040251143
0.0,0.041145198
0.0,0.04163064
0.0,0.097055525
0.0,0.071100086
0.0,0.0900939
0.0,0.039292112
0.0,0.021137338
0.0,0.04075916
0.0,0.0408692
0.0,0.05254607
0.0,0.050140455
0.0,0.04567834
0.0,0.025962265
2.0,0.039391764
0.0,0.05670588
0.0,0.07985245
0.0,0.044775363
0.0,0.0636419
0.0,0.07475546
0.0,0.043166455
0.0,0.05769692
0.0,0.08066594
0.0,0.01766505
0.0,0.050837442
0.0,0.0555564
0.0,0.0873111
0.0,0.058500703
0.0,0.025719635
0.0,0.06519205
0.0,0.12540929
0.0,0.051603872
0.0,0.1069405
0.0,0.050783265
0.0,0.025392674
0.0,0.07826908
0.0,0.12810159
0.0,0.092708096
0.0,0.02746742
0.0,0.025418563
0.0,0.020214545
0.0,0.041509803
0.0,0.03071966
0.0,0.039048534
0.0,0.06110888
0.0,0.05521405
0.0,0.06766293
0.0,0.07162362
0.0,0.056274172
0.0,0.109497875
0.0,0.030399516
0.0,0.03962461
1.0,0.04294958
0.0,0.04604279
0.0,0.029438999
0.0,0.05371558
0.0,0.12815401
0.0,0.15708345
0.0,0.04885731
0.0,0.04682927
0.0,0.038352545
0.0,0.074049205
0.0,0.019975629
0.0,0.018758263
0.0,0.06906375
0.0,0.0548248
0.0,0.05413837
0.0,0.10250801
0.0,0.047257427
0.0,0.05030956
0.0,0.027629321
0.0,0.16146435
0.0,0.042930517
0.0,0.025243808
0.0,0.026042014
0.0,0.057221964
0.0,0.025125843
0.0,0.05929156
0.0,0.035749868
0.0,0.040609702
0.0,0.06640017
0.0,0.027482878
0.0,0.041245576
0.0,0.06026382
0.0,0.063589394
0.0,0.12552539
0.0,0.022844233
0.0,0.03979423
0.0,0.0643236
0.0,0.039125063
0.0,0.05647611
0.0,0.059909888
0.0,0.084884115
0.0,0.04855629
0.0,0.13398622
0.0,0.04264805
0.0,0.08166562
0.0,0.04217851
1.0,0.047038518
1.0,0.0837344
0.0,0.030599486
0.0,0.034371544
1.0,0.05989689
0.0,0.041203924
0.0,0.072461955
0.0,0.07221944
0.0,0.079347834
0.0,0.064139396
0.0,0.12159552
0.0,0.06588696
0.0,0.028718745
0.0,0.048190575
0.0,0.011670591
0.0,0.11546578
0.0,0.050511766
1.0,0.025250223
0.0,0.07095421
1.0,0.08457248
0.0,0.0415722
0.0,0.09882142
0.0,0.034403566
0.0,0.10170233
0.0,0.048139405
0.0,0.04504869
