ClaimNb,Predicted
0.0,0.10294999
0.0,0.019269107
0.0,0.034216505
0.0,0.06566385
0.0,0.072331205
0.0,0.024461245
0.0,0.06490935
0.0,0.059806276
0.0,0.020710168
0.0,0.05369683
0.0,0.065451264
0.0,0.024653016
0.0,0.07550743
0.0,0.07481843
0.0,0.024811279
0.0,0.014493845
0.0,0.057304755
0.0,0.18162575
0.0,0.018098207
0.0,0.09319131
0.0,0.056274682
0.0,0.06797638
0.0,0.07272496
0.0,0.026815496
0.0,0.09066181
0.0,0.05053981
0.0,0.018279195
0.0,0.042846013
0.0,0.05602242
0.0,0.026482545
0.0,0.01175589
0.0,0.05888109
0.0,0.11837189
0.0,0.04658544
0.0,0.013036719
0.0,0.03455176
0.0,0.13229011
0.0,0.016152924
0.0,0.037086837
0.0,0.038972378
0.0,0.0844049
0.0,0.04983695
0.0,0.02363092
0.0,0.08514266
0.0,0.029738149
1.0,0.05036234
0.0,0.04366042
0.0,0.041364025
0.0,0.02512244
0.0,0.021787738
0.0,0.078828916
0.0,0.08492249
0.0,0.03402728
0.0,0.084069304
0.0,0.022178607
0.0,0.06045
0.0,0.027268967
0.0,0.05829388
0.0,0.0436151
0.0,0.038600266
0.0,0.0249281
0.0,0.04189472
0.0,0.055908255
0.0,0.11714208
0.0,0.054526832
0.0,0.05526647
0.0,0.035546806
0.0,0.037755623
0.0,0.06428523
0.0,0.02159661
0.0,0.13367786
0.0,0.006406738
0.0,0.05866571
1.0,0.17940074
0.0,0.008912057
0.0,0.03788162
0.0,0.04165101
0.0,0.0681837
0.0,0.05669788
0.0,0.07964438
0.0,0.039968614
0.0,0.14012794
0.0,0.07850602
0.0,0.07112106
0.0,0.049341567
0.0,0.055326615
0.0,0.0696561
1.0,0.042985395
0.0,0.03371413
0.0,0.08100386
0.0,0.0684055
0.0,0.021257102
0.0,0.14300667
0.0,0.018561013
0.0,0.09359296
0.0,0.13989924
0.0,0.0067858635
0.0,0.054274328
0.0,0.06125567
0.0,0.0869251
0.0,0.046641916
0.0,0.03509788
0.0,0.021481948
0.0,0.037453946
0.0,0.08134295
0.0,0.063442774
0.0,0.018360462
0.0,0.04858401
0.0,0.056705732
0.0,0.05116175
0.0,0.05994442
1.0,0.08089945
0.0,0.08107775
0.0,0.07392913
0.0,0.03332812
0.0,0.038765058
0.0,0.05111152
0.0,0.03880234
0.0,0.02056038
0.0,0.043138243
0.0,0.07223678
0.0,0.091340736
0.0,0.06255871
0.0,0.044211216
0.0,0.031486403
0.0,0.019209934
0.0,0.07360087
0.0,0.06372319
0.0,0.0514734
0.0,0.013607315
0.0,0.027484138
0.0,0.044709735
0.0,0.033679795
0.0,0.05227317
0.0,0.0161445
0.0,0.044869598
0.0,0.018085664
0.0,0.019912643
0.0,0.025272531
0.0,0.047177747
0.0,0.053257495
0.0,0.010209488
0.0,0.029193696
0.0,0.048143536
0.0,0.051340397
0.0,0.056042086
0.0,0.029252667
0.0,0.05085354
0.0,0.057373412
0.0,0.032163378
0.0,0.043080706
0.0,0.042157516
0.0,0.037638422
0.0,0.06941094
2.0,0.021391414
0.0,0.046712138
0.0,0.05452605
0.0,0.061548825
0.0,0.069486246
0.0,0.056953862
0.0,0.042333335
0.0,0.0064767036
0.0,0.028850758
0.0,0.01112054
0.0,0.055016052
0.0,0.07361816
0.0,0.053253002
0.0,0.054095972
0.0,0.055677015
0.0,0.05455583
0.0,0.013973106
0.0,0.062752575
0.0,0.059320986
0.0,0.17305316
0.0,0.04956805
0.0,0.03544361
0.0,0.07211003
0.0,0.0137825655
0.0,0.05173475
0.0,0.06752669
0.0,0.06178169
0.0,0.06466198
0.0,0.06007512
0.0,0.105797365
0.0,0.06585997
0.0,0.03447313
0.0,0.025445327
0.0,0.04379944
0.0,0.05965268
0.0,0.01875321
0.0,0.059264947
1.0,0.052960392
0.0,0.016852846
0.0,0.061064444
0.0,0.07135949
0.0,0.021384897
0.0,0.06618427
0.0,0.07411896
0.0,0.017876092
0.0,0.013823056
0.0,0.034049027
0.0,0.063668035
0.0,0.03061433
0.0,0.035552584
0.0,0.076196246
0.0,0.046632886
0.0,0.04240809
1.0,0.07547586
0.0,0.025450448
1.0,0.0717855
0.0,0.009050234
0.0,0.011596187
0.0,0.04527595
0.0,0.05213196
0.0,0.054056212
0.0,0.04568664
0.0,0.074098125
0.0,0.0609532
0.0,0.033662356
0.0,0.01626494
0.0,0.07153118
0.0,0.04796284
0.0,0.019951
0.0,0.07667189
0.0,0.04205841
0.0,0.037690543
0.0,0.02091911
0.0,0.071120426
0.0,0.03896989
0.0,0.007944411
0.0,0.026387628
0.0,0.066355206
0.0,0.01497765
0.0,0.09329638
0.0,0.07288912
0.0,0.051173974
0.0,0.052310225
0.0,0.033818625
0.0,0.031737044
0.0,0.04369714
0.0,0.080840796
0.0,0.06755838
0.0,0.019421108
0.0,0.05653746
0.0,0.08282372
0.0,0.10133167
2.0,0.36213064
0.0,0.047685243
0.0,0.08054665
0.0,0.023500785
0.0,0.03638398
0.0,0.019990902
0.0,0.036602624
0.0,0.07793015
0.0,0.019925598
0.0,0.09887732
0.0,0.013928642
0.0,0.15039907
0.0,0.10082858
0.0,0.04193257
0.0,0.060352318
0.0,0.04822073
0.0,0.036347926
0.0,0.033337116
0.0,0.0734759
0.0,0.06916747
0.0,0.034525324
0.0,0.10048032
0.0,0.10408861
0.0,0.035302434
0.0,0.06576411
0.0,0.025675792
0.0,0.045976378
0.0,0.08112319
0.0,0.053263057
0.0,0.04155896
0.0,0.022868592
0.0,0.06275925
1.0,0.06195956
0.0,0.03754031
0.0,0.013689479
0.0,0.05123201
0.0,0.021222172
0.0,0.06727709
0.0,0.055875447
0.0,0.012475098
0.0,0.04939887
0.0,0.042430565
0.0,0.018108489
0.0,0.078821175
0.0,0.085584305
0.0,0.01833906
0.0,0.013430034
1.0,0.0620739
0.0,0.059028845
0.0,0.04519513
0.0,0.019882964
0.0,0.059287872
0.0,0.046371523
0.0,0.051112518
0.0,0.03891921
0.0,0.033270624
0.0,0.044396974
0.0,0.0824751
0.0,0.034876492
0.0,0.047091395
0.0,0.030807367
0.0,0.055297047
0.0,0.050359435
0.0,0.027629428
0.0,0.06795801
0.0,0.098867625
0.0,0.08473675
0.0,0.026088871
0.0,0.028109273
0.0,0.03973458
0.0,0.054706633
0.0,0.044620052
0.0,0.033071816
0.0,0.09006388
0.0,0.056046147
0.0,0.120009206
0.0,0.17232037
0.0,0.017597472
0.0,0.07269024
0.0,0.015173927
0.0,0.029989386
0.0,0.023419123
0.0,0.016113222
0.0,0.036184095
0.0,0.021883404
0.0,0.024667773
0.0,0.0070371535
0.0,0.05112432
0.0,0.046331495
0.0,0.020507291
0.0,0.053738147
0.0,0.05192656
0.0,0.0147013115
0.0,0.1145454
0.0,0.039662227
0.0,0.07531444
0.0,0.08519253
0.0,0.059706844
0.0,0.086657666
0.0,0.07189046
0.0,0.024014594
0.0,0.058146007
0.0,0.046925567
0.0,0.05919173
0.0,0.036572147
0.0,0.05523525
0.0,0.06114259
0.0,0.0321059
0.0,0.061619814
1.0,0.036835566
0.0,0.049658608
0.0,0.050701194
0.0,0.07744838
0.0,0.046185717
0.0,0.035660926
0.0,0.0062551755
0.0,0.0321272
0.0,0.0700919
0.0,0.015502725
0.0,0.08432625
0.0,0.1262594
0.0,0.04969921
0.0,0.06121803
0.0,0.025345858
0.0,0.0301902
0.0,0.04692373
0.0,0.03498928
0.0,0.07860607
0.0,0.061920542
0.0,0.026934162
0.0,0.049257692
0.0,0.13157092
0.0,0.024112195
0.0,0.029628115
1.0,0.11600296
0.0,0.050651245
0.0,0.047362845
0.0,0.05347504
0.0,0.06222876
0.0,0.02935929
0.0,0.04331377
0.0,0.054320805
0.0,0.0650441
0.0,0.006051408
0.0,0.06359637
0.0,0.065044746
0.0,0.041230593
0.0,0.08376779
0.0,0.040276736
0.0,0.06432666
0.0,0.017935809
0.0,0.03143757
0.0,0.0152392015
0.0,0.026502453
0.0,0.020506293
1.0,0.062252164
0.0,0.10522492
0.0,0.0207522
0.0,0.031030195
0.0,0.02170616
1.0,0.10455143
0.0,0.07906906
0.0,0.022527449
0.0,0.053990886
1.0,0.097565286
0.0,0.08731345
0.0,0.06485648
0.0,0.024503365
0.0,0.062659614
0.0,0.0609267
0.0,0.05947749
0.0,0.06876392
0.0,0.016419308
0.0,0.11105199
0.0,0.03400311
0.0,0.046396673
0.0,0.039604306
0.0,0.025566487
1.0,0.09558009
0.0,0.075778835
0.0,0.0627794
0.0,0.052722834
1.0,0.06329363
0.0,0.043795995
0.0,0.11811743
0.0,0.06004682
0.0,0.022845268
0.0,0.061141804
0.0,0.082713336
0.0,0.058745716
0.0,0.059909984
0.0,0.033136614
0.0,0.054374345
0.0,0.02175926
0.0,0.042577684
0.0,0.037227426
0.0,0.028422315
0.0,0.027166087
0.0,0.17614192
0.0,0.0527821
0.0,0.042155005
0.0,0.19282968
0.0,0.0666153
0.0,0.020902678
0.0,0.092114866
0.0,0.044363074
0.0,0.045228716
0.0,0.057021603
0.0,0.04922369
0.0,0.1719692
0.0,0.084312364
0.0,0.03397013
0.0,0.06749781
0.0,0.060655624
0.0,0.022695474
0.0,0.0066532707
0.0,0.061222207
0.0,0.06535613
0.0,0.07073329
0.0,0.022672318
0.0,0.03477924
0.0,0.086647704
0.0,0.0638487
1.0,0.061552845
1.0,0.07594717
0.0,0.19087432
0.0,0.08077568
0.0,0.06403556
0.0,0.055286396
0.0,0.09130916
0.0,0.06039422
1.0,0.053939007
1.0,0.27062997
0.0,0.015528293
0.0,0.04834499
0.0,0.07687987
0.0,0.027377404
0.0,0.030609263
0.0,0.02894762
0.0,0.06368665
0.0,0.06744563
0.0,0.043306008
0.0,0.019141585
0.0,0.11409009
0.0,0.025453616
0.0,0.07166904
0.0,0.034729738
0.0,0.035892285
1.0,0.08621846
0.0,0.019420682
0.0,0.0591371
0.0,0.046731457
0.0,0.11694808
0.0,0.04492961
0.0,0.05681581
0.0,0.057953794
0.0,0.044396106
0.0,0.03652659
0.0,0.038450364
0.0,0.04540485
0.0,0.0840226
0.0,0.036397338
0.0,0.0975424
0.0,0.067007355
0.0,0.04744854
0.0,0.020988682
0.0,0.04772587
0.0,0.033342615
1.0,0.0426264
0.0,0.012380093
0.0,0.08083764
1.0,0.05842081
0.0,0.07863936
0.0,0.046929054
0.0,0.021652209
0.0,0.09179607
0.0,0.09674446
0.0,0.06829915
0.0,0.03269941
0.0,0.03142844
0.0,0.036020756
0.0,0.029181685
0.0,0.03711663
0.0,0.08109472
0.0,0.055233855
0.0,0.17105088
0.0,0.0216326
0.0,0.03951828
0.0,0.030804208
0.0,0.026740734
0.0,0.049608365
0.0,0.062609695
0.0,0.026310759
0.0,0.012922326
0.0,0.08835986
0.0,0.10471918
0.0,0.05738898
0.0,0.017470064
0.0,0.09128352
0.0,0.027975157
0.0,0.07310569
0.0,0.04928685
0.0,0.05710092
0.0,0.05395645
0.0,0.07132039
1.0,0.042953942
0.0,0.035927594
0.0,0.07316292
0.0,0.056805663
0.0,0.047510255
0.0,0.040417872
0.0,0.023836836
0.0,0.037811656
0.0,0.014034439
0.0,0.06127536
0.0,0.06462747
0.0,0.05814494
0.0,0.035755187
0.0,0.07172248
0.0,0.08626059
0.0,0.02994466
0.0,0.031694457
0.0,0.070811376
0.0,0.038706765
0.0,0.061982047
0.0,0.045360595
0.0,0.008461597
0.0,0.08665056
0.0,0.060764544
0.0,0.06891894
0.0,0.032440625
0.0,0.013774904
0.0,0.026479527
0.0,0.0285485
0.0,0.012615977
0.0,0.03845187
0.0,0.053394295
0.0,0.03424995
0.0,0.051428065
0.0,0.08436233
0.0,0.12325574
0.0,0.046503674
0.0,0.02824573
0.0,0.05375947
0.0,0.040623143
0.0,0.073461324
0.0,0.07550286
0.0,0.023418576
0.0,0.060929257
0.0,0.06046078
0.0,0.06067638
0.0,0.06640141
0.0,0.025526773
0.0,0.03715137
0.0,0.04178513
0.0,0.054304253
0.0,0.016251622
0.0,0.041966237
0.0,0.031317607
0.0,0.029817095
0.0,0.113749936
0.0,0.04316629
0.0,0.05319156
0.0,0.020725846
0.0,0.059582233
0.0,0.031095233
0.0,0.034564264
0.0,0.017946683
0.0,0.03314175
0.0,0.071030006
0.0,0.044584133
0.0,0.033903442
0.0,0.023652645
0.0,0.052374493
0.0,0.049270164
0.0,0.0584838
0.0,0.023136396
0.0,0.074252956
0.0,0.028949317
0.0,0.051613174
0.0,0.07428573
0.0,0.034514397
1.0,0.031780433
0.0,0.04034322
1.0,0.031177873
0.0,0.024424182
0.0,0.026508875
0.0,0.024494417
0.0,0.0137400115
0.0,0.042801417
0.0,0.03713311
0.0,0.023274668
0.0,0.050045915
0.0,0.03616515
0.0,0.027749352
0.0,0.04121286
0.0,0.01729313
0.0,0.024424182
1.0,0.060434435
0.0,0.015189738
0.0,0.26892507
0.0,0.023807768
0.0,0.051483244
0.0,0.027874744
0.0,0.022477213
0.0,0.020134354
0.0,0.03310331
0.0,0.02849452
0.0,0.007562868
0.0,0.053687155
0.0,0.052907538
0.0,0.03011091
0.0,0.009791775
0.0,0.020467998
0.0,0.03889652
0.0,0.019576883
0.0,0.030716114
0.0,0.013076652
0.0,0.06740266
0.0,0.030956862
0.0,0.009433889
0.0,0.08744086
0.0,0.028543463
0.0,0.049549166
0.0,0.16981441
1.0,0.05539229
0.0,0.031582396
0.0,0.08512553
0.0,0.07720782
0.0,0.05251561
0.0,0.035490863
0.0,0.030221181
0.0,0.061061084
0.0,0.0760856
0.0,0.04604448
0.0,0.026394598
0.0,0.04477297
0.0,0.06223661
0.0,0.03506902
0.0,0.08245792
0.0,0.043394748
0.0,0.03367568
0.0,0.011940614
0.0,0.056444958
0.0,0.034841754
0.0,0.07688726
0.0,0.035785086
0.0,0.044136584
0.0,0.053079113
0.0,0.032384414
0.0,0.07234424
0.0,0.07678776
0.0,0.056810975
0.0,0.083961375
0.0,0.009388147
0.0,0.083675526
0.0,0.050030407
0.0,0.039521467
0.0,0.070687294
0.0,0.051626712
1.0,0.06297158
0.0,0.05697122
0.0,0.04772
0.0,0.1002758
0.0,0.03418545
0.0,0.076471455
0.0,0.06826838
0.0,0.0645824
0.0,0.028509742
0.0,0.044005476
0.0,0.03952603
0.0,0.049540117
0.0,0.016774924
0.0,0.029604701
0.0,0.049871728
0.0,0.031604014
0.0,0.032232974
0.0,0.058561407
0.0,0.17281052
0.0,0.04606196
0.0,0.037085492
0.0,0.08020575
0.0,0.06509228
0.0,0.071411386
0.0,0.034863956
0.0,0.076300316
0.0,0.065181404
0.0,0.012790054
0.0,0.0654008
0.0,0.07038273
0.0,0.07326738
0.0,0.07339014
1.0,0.013468012
0.0,0.07472965
0.0,0.048343536
0.0,0.08168003
1.0,0.040770825
0.0,0.01683114
0.0,0.0319989
0.0,0.031341042
0.0,0.044511586
0.0,0.052779786
0.0,0.11194674
0.0,0.045886844
0.0,0.025861714
0.0,0.021602295
0.0,0.013374932
0.0,0.06218507
0.0,0.05050625
0.0,0.047935244
0.0,0.014313372
0.0,0.04955538
0.0,0.026818335
0.0,0.07576191
0.0,0.066348925
0.0,0.067044094
0.0,0.11079367
0.0,0.062748834
0.0,0.064030945
0.0,0.03358269
0.0,0.06359079
0.0,0.024125857
0.0,0.03947421
0.0,0.053948574
0.0,0.38858265
0.0,0.07947147
0.0,0.084523834
0.0,0.08125603
0.0,0.075488456
0.0,0.024925271
0.0,0.044396617
0.0,0.10565424
0.0,0.073327735
0.0,0.060574997
0.0,0.023804214
0.0,0.011138663
0.0,0.049318068
0.0,0.055527534
0.0,0.0155429095
0.0,0.038996637
0.0,0.055882268
0.0,0.06432145
0.0,0.015445599
0.0,0.058836617
0.0,0.011668366
0.0,0.0337741
0.0,0.052336495
0.0,0.027300049
0.0,0.103579685
0.0,0.05114168
0.0,0.062365796
0.0,0.03111723
0.0,0.06560315
0.0,0.058810715
1.0,0.06720905
0.0,0.07090037
0.0,0.04299425
1.0,0.041815106
0.0,0.043582108
0.0,0.09149339
0.0,0.057054162
0.0,0.064198665
0.0,0.03967965
0.0,0.046935614
0.0,0.05249498
0.0,0.077727765
0.0,0.06519424
0.0,0.08427359
0.0,0.01809667
0.0,0.081376955
0.0,0.014217569
0.0,0.060396366
0.0,0.05503258
1.0,0.10326195
0.0,0.048687674
0.0,0.08887935
0.0,0.097184286
0.0,0.02269803
0.0,0.06736065
0.0,0.027151143
0.0,0.047354963
0.0,0.07986505
0.0,0.016290724
0.0,0.09387476
0.0,0.029022295
0.0,0.061719343
0.0,0.06998961
0.0,0.09370312
0.0,0.07678878
0.0,0.060580138
0.0,0.06257086
0.0,0.03367374
0.0,0.03787826
0.0,0.028711475
0.0,0.048206273
0.0,0.039441627
2.0,0.08612313
0.0,0.035108004
0.0,0.08125877
0.0,0.049985863
0.0,0.0655841
0.0,0.07523798
0.0,0.030926498
0.0,0.031427752
0.0,0.033470195
0.0,0.027060848
0.0,0.059245847
0.0,0.057559416
0.0,0.041841432
0.0,0.075173005
0.0,0.023431152
0.0,0.029680094
0.0,0.05700183
0.0,0.031688776
1.0,0.14355993
0.0,0.030794619
0.0,0.036145948
0.0,0.03486196
0.0,0.023111872
0.0,0.059343606
0.0,0.08502697
0.0,0.10494904
0.0,0.060311742
0.0,0.065399505
0.0,0.027445465
0.0,0.048970338
0.0,0.07047208
0.0,0.056707438
0.0,0.064082965
0.0,0.06631771
0.0,0.05583624
0.0,0.022222359
0.0,0.07171988
1.0,0.04701419
0.0,0.093351826
0.0,0.04914243
0.0,0.037532754
0.0,0.014285334
0.0,0.04337762
0.0,0.043685243
0.0,0.081325844
0.0,0.056382764
0.0,0.037859283
0.0,0.100865364
0.0,0.09472863
1.0,0.16654073
0.0,0.08083044
0.0,0.08735828
0.0,0.0070677046
0.0,0.0538286
0.0,0.05456228
0.0,0.06600003
0.0,0.050172456
0.0,0.053170208
0.0,0.07690856
0.0,0.023008488
0.0,0.043264378
0.0,0.04441078
0.0,0.06933218
0.0,0.080159456
0.0,0.08425704
0.0,0.023794863
0.0,0.04344647
0.0,0.026482204
0.0,0.05634866
0.0,0.05240232
0.0,0.020473767
1.0,0.045323234
0.0,0.0958634
0.0,0.05326532
0.0,0.10053241
0.0,0.01649126
0.0,0.05639535
0.0,0.0293183
0.0,0.056057613
0.0,0.028845558
0.0,0.01602437
0.0,0.03578268
0.0,0.066216186
0.0,0.03176804
0.0,0.037997402
0.0,0.076594636
1.0,0.16749594
0.0,0.058279827
0.0,0.052790835
0.0,0.026088472
0.0,0.11929173
0.0,0.040912326
2.0,0.052325767
0.0,0.022947842
0.0,0.09368453
0.0,0.021174543
0.0,0.07602094
0.0,0.037908077
0.0,0.07080236
0.0,0.06021447
0.0,0.059392538
0.0,0.06259896
0.0,0.038223486
0.0,0.02030281
0.0,0.06931391
0.0,0.04348108
0.0,0.03152038
0.0,0.018660298
0.0,0.035572186
0.0,0.03436274
0.0,0.018251263
0.0,0.065820575
0.0,0.05202391
0.0,0.08253042
0.0,0.047582693
0.0,0.022873979
0.0,0.052462727
0.0,0.05323571
0.0,0.033588152
0.0,0.037424117
0.0,0.07699488
0.0,0.08172191
0.0,0.04968412
0.0,0.016127888
0.0,0.04564248
1.0,0.07236789
0.0,0.025028959
0.0,0.028143365
0.0,0.010693152
1.0,0.0227517
0.0,0.05360021
0.0,0.012790365
0.0,0.04554764
0.0,0.060093425
0.0,0.051957272
0.0,0.03261501
0.0,0.05452075
0.0,0.03934044
0.0,0.01874259
0.0,0.11757034
0.0,0.03295605
0.0,0.0070488034
0.0,0.013653208
0.0,0.047850497
0.0,0.0879084
0.0,0.039820652
0.0,0.14657356
0.0,0.06430829
0.0,0.045133986
0.0,0.031565987
0.0,0.15929131
0.0,0.06838137
0.0,0.046762682
0.0,0.049597766
0.0,0.037831403
0.0,0.066984594
0.0,0.029175548
0.0,0.032523196
0.0,0.047211774
0.0,0.01618127
0.0,0.060343917
0.0,0.048480775
0.0,0.061218295
1.0,0.11430982
0.0,0.04886013
0.0,0.02983008
0.0,0.06570565
1.0,0.11716155
0.0,0.075207785
0.0,0.0740359
0.0,0.020096524
0.0,0.023925226
0.0,0.07167369
0.0,0.022289291
0.0,0.02267115
0.0,0.043684326
0.0,0.031362258
0.0,0.033018116
0.0,0.040879723
0.0,0.049059268
0.0,0.011561795
0.0,0.013196796
0.0,0.012314323
0.0,0.048978113
0.0,0.0593951
0.0,0.049082574
0.0,0.062032297
0.0,0.068353966
0.0,0.11191568
0.0,0.056948483
0.0,0.050777696
0.0,0.0440094
0.0,0.06054889
0.0,0.06979309
0.0,0.05256577
0.0,0.101711445
0.0,0.021123806
0.0,0.08885316
0.0,0.030433383
0.0,0.080418184
0.0,0.07043715
0.0,0.018051451
0.0,0.019890703
0.0,0.057257462
0.0,0.025695512
0.0,0.14109315
0.0,0.033578433
0.0,0.0339869
0.0,0.110730134
0.0,0.018293712
0.0,0.034500442
0.0,0.06092243
1.0,0.04804589
0.0,0.07364844
0.0,0.031847924
0.0,0.033998895
0.0,0.045555267
0.0,0.05064463
0.0,0.04700184
0.0,0.076894864
0.0,0.06428156
0.0,0.058336366
0.0,0.039994046
0.0,0.11052145
0.0,0.039173167
0.0,0.17458747
0.0,0.024923917
0.0,0.06029601
0.0,0.02314946
0.0,0.05035509
0.0,0.010219239
0.0,0.03976348
0.0,0.05917243
0.0,0.027736839
0.0,0.04870435
0.0,0.010031621
0.0,0.07321258
0.0,0.04071487
0.0,0.03689308
0.0,0.030714167
0.0,0.18445615
0.0,0.06205058
0.0,0.046111844
0.0,0.0691613
0.0,0.01965775
0.0,0.06563034
0.0,0.03885359
0.0,0.027492186
0.0,0.10720175
0.0,0.047137495
0.0,0.11229733
0.0,0.062466003
0.0,0.07398984
0.0,0.070621766
0.0,0.07339126
0.0,0.06066446
0.0,0.0385174
0.0,0.09321949
0.0,0.027708787
0.0,0.01782102
0.0,0.026797727
0.0,0.03745659
0.0,0.03455858
0.0,0.02435315
0.0,0.032500174
0.0,0.060696956
0.0,0.0696365
0.0,0.07239532
0.0,0.1321647
0.0,0.050575513
0.0,0.030589946
0.0,0.04441408
0.0,0.05097583
0.0,0.12672073
0.0,0.07649983
0.0,0.021303913
0.0,0.022699546
0.0,0.017423352
0.0,0.07777701
0.0,0.024451252
0.0,0.028870478
0.0,0.12413214
0.0,0.13398539
0.0,0.087663814
0.0,0.16551447
0.0,0.02526935
0.0,0.031049687
0.0,0.08438126
0.0,0.113898054
0.0,0.043864273
0.0,0.026018133
0.0,0.047309056
0.0,0.033860806
0.0,0.033832386
0.0,0.042253837
0.0,0.0446375
0.0,0.06965158
0.0,0.016510656
0.0,0.049176842
0.0,0.08101653
1.0,0.035537567
0.0,0.016123267
0.0,0.06455226
0.0,0.03532033
0.0,0.06585549
0.0,0.05291137
0.0,0.091861054
0.0,0.029086966
0.0,0.054594006
0.0,0.09747407
0.0,0.049005657
0.0,0.050122146
0.0,0.044048175
0.0,0.0242687
0.0,0.09825539
0.0,0.068733215
0.0,0.016312653
0.0,0.018429747
0.0,0.029844264
0.0,0.016867856
1.0,0.053901184
0.0,0.030461157
0.0,0.06669895
0.0,0.06616193
0.0,0.07310197
0.0,0.033079483
0.0,0.044892196
0.0,0.023308352
0.0,0.06272987
0.0,0.034604654
0.0,0.013278241
0.0,0.075364806
0.0,0.03188967
0.0,0.058929764
0.0,0.022908527
0.0,0.071629204
0.0,0.019486012
0.0,0.08486491
0.0,0.064597644
0.0,0.0139867915
0.0,0.061772294
0.0,0.015195932
0.0,0.07418212
0.0,0.07050404
0.0,0.01966797
0.0,0.05363214
0.0,0.059912942
0.0,0.05017911
0.0,0.017002081
0.0,0.03845438
0.0,0.0309002
0.0,0.009876029
0.0,0.02026934
0.0,0.010236356
0.0,0.025585243
0.0,0.038161878
0.0,0.03196553
0.0,0.048904464
0.0,0.08257583
0.0,0.07579916
0.0,0.096006334
0.0,0.052423142
0.0,0.044118132
0.0,0.02746429
0.0,0.020101316
0.0,0.046152495
0.0,0.09333774
0.0,0.056448754
0.0,0.046135575
0.0,0.060219236
0.0,0.053255767
0.0,0.05722573
0.0,0.043624397
0.0,0.026189707
0.0,0.06856879
0.0,0.013088854
0.0,0.04935498
0.0,0.045751996
0.0,0.028801192
0.0,0.04585786
0.0,0.025198083
0.0,0.015559001
0.0,0.054486025
0.0,0.0841453
0.0,0.074434444
0.0,0.046677805
0.0,0.044408977
0.0,0.040109687
0.0,0.0293369
0.0,0.016364291
0.0,0.0804254
0.0,0.057857472
0.0,0.022360507
0.0,0.073596306
0.0,0.064058036
0.0,0.020934299
0.0,0.06864295
0.0,0.024478842
0.0,0.10704356
0.0,0.013965619
0.0,0.052954182
0.0,0.013860248
0.0,0.02941596
0.0,0.029105878
0.0,0.489858
0.0,0.060523894
0.0,0.0778699
0.0,0.060845234
0.0,0.05589234
1.0,0.1065878
0.0,0.061835464
0.0,0.06621836
0.0,0.076923795
0.0,0.010928833
0.0,0.03538832
0.0,0.039980758
0.0,0.04382591
0.0,0.06859358
0.0,0.07006747
0.0,0.047724757
0.0,0.06019825
0.0,0.03411372
0.0,0.024871144
0.0,0.057029247
0.0,0.04169097
0.0,0.015396913
0.0,0.01798917
0.0,0.04909465
0.0,0.043252703
0.0,0.027918413
0.0,0.0657806
0.0,0.030625353
0.0,0.05000758
0.0,0.06038057
0.0,0.021245388
0.0,0.04368043
0.0,0.050903104
0.0,0.021754686
0.0,0.026024945
0.0,0.040486213
0.0,0.023884976
0.0,0.054823782
0.0,0.017786289
1.0,0.068008006
0.0,0.09125258
0.0,0.057457242
0.0,0.055254534
0.0,0.0696845
0.0,0.024723165
0.0,0.025888858
0.0,0.0688628
0.0,0.080776334
0.0,0.04117986
0.0,0.058956522
0.0,0.11876097
0.0,0.042353082
0.0,0.060917053
0.0,0.047761068
0.0,0.041483153
0.0,0.015327908
0.0,0.056235865
0.0,0.025311377
0.0,0.05554477
0.0,0.064799845
0.0,0.044837624
0.0,0.137768
0.0,0.043870382
0.0,0.033261027
0.0,0.07069899
0.0,0.017727688
0.0,0.042761516
0.0,0.052412666
0.0,0.017670745
0.0,0.04977233
1.0,0.083489306
0.0,0.016644556
0.0,0.05740581
0.0,0.06953026
0.0,0.040038943
0.0,0.08394901
0.0,0.069184594
0.0,0.045645308
0.0,0.05706548
0.0,0.017099656
0.0,0.03575957
0.0,0.06022337
0.0,0.14755356
0.0,0.04791109
0.0,0.08920552
0.0,0.076186545
0.0,0.028066508
0.0,0.013317003
0.0,0.00955025
0.0,0.061313193
0.0,0.073468186
1.0,0.08825833
0.0,0.041409276
0.0,0.019988682
0.0,0.047076553
0.0,0.053740762
0.0,0.05759994
0.0,0.04534831
0.0,0.028398039
0.0,0.06040479
0.0,0.042726785
0.0,0.08428541
0.0,0.07289002
0.0,0.030669676
0.0,0.030729474
0.0,0.036349714
0.0,0.06655359
0.0,0.043370504
0.0,0.06173101
0.0,0.05729824
0.0,0.029884849
0.0,0.015029669
0.0,0.05873062
0.0,0.042242132
0.0,0.060241953
0.0,0.036520164
0.0,0.02795854
0.0,0.045080237
0.0,0.1065218
0.0,0.02131447
0.0,0.017947247
0.0,0.053058516
0.0,0.015768835
0.0,0.109055795
0.0,0.07920417
0.0,0.05072574
1.0,0.07271329
0.0,0.038513213
0.0,0.060470063
1.0,0.031898275
0.0,0.056613103
0.0,0.033587657
0.0,0.068030186
1.0,0.07691591
0.0,0.025722003
0.0,0.05542019
0.0,0.060378384
0.0,0.026533345
0.0,0.065937795
0.0,0.052436516
0.0,0.04708194
0.0,0.06698535
0.0,0.07095932
0.0,0.11534386
0.0,0.065709606
0.0,0.0075218393
0.0,0.046645742
0.0,0.022085536
0.0,0.07246332
0.0,0.1516672
0.0,0.021840341
0.0,0.06173887
0.0,0.043910105
0.0,0.033127468
0.0,0.07762045
1.0,0.08546257
0.0,0.015528679
0.0,0.032612007
0.0,0.025689717
0.0,0.027356004
0.0,0.02239995
0.0,0.028751055
0.0,0.01886274
0.0,0.047394544
0.0,0.06322288
0.0,0.023803398
0.0,0.044956334
0.0,0.03421159
0.0,0.027950237
0.0,0.018200379
1.0,0.033114076
0.0,0.027528457
0.0,0.037332896
0.0,0.07875494
0.0,0.061920516
0.0,0.1828283
0.0,0.07818522
0.0,0.032310084
0.0,0.07287428
0.0,0.05392831
0.0,0.048828617
0.0,0.050805673
0.0,0.019434437
0.0,0.065303124
0.0,0.06562311
0.0,0.032873083
0.0,0.07927832
0.0,0.018133953
0.0,0.06219232
0.0,0.06461894
0.0,0.054008547
0.0,0.10339727
0.0,0.08547384
0.0,0.015702678
0.0,0.053418744
0.0,0.03126249
0.0,0.121769495
0.0,0.020340912
0.0,0.015415741
0.0,0.06195427
0.0,0.023221944
0.0,0.09071671
0.0,0.06321675
0.0,0.07886577
0.0,0.027676567
0.0,0.07410855
0.0,0.027953075
0.0,0.10273538
0.0,0.05067231
0.0,0.046995185
0.0,0.010137497
0.0,0.10461806
0.0,0.059037402
0.0,0.08860713
0.0,0.027981054
0.0,0.043452397
0.0,0.06927547
0.0,0.054374006
0.0,0.03822777
0.0,0.06792144
0.0,0.04401171
0.0,0.031834487
0.0,0.025973707
0.0,0.03385149
0.0,0.06624284
0.0,0.04784995
0.0,0.06315034
0.0,0.019457202
0.0,0.062269103
0.0,0.039723855
0.0,0.07266605
0.0,0.040530697
0.0,0.07122102
0.0,0.056955736
0.0,0.064894155
1.0,0.111647785
0.0,0.106165014
0.0,0.022444278
0.0,0.040409952
0.0,0.09740219
0.0,0.070084184
0.0,0.02243528
0.0,0.048888467
0.0,0.044588916
0.0,0.013522336
0.0,0.067970574
0.0,0.018994771
0.0,0.06006234
0.0,0.03082422
0.0,0.06367162
0.0,0.13315505
0.0,0.02846269
0.0,0.030438172
0.0,0.030716378
0.0,0.0218333
0.0,0.014812885
0.0,0.031257868
0.0,0.035098195
0.0,0.031272225
0.0,0.017257733
0.0,0.034595463
0.0,0.06118501
0.0,0.041592427
0.0,0.018529681
0.0,0.03783732
0.0,0.06652779
0.0,0.037754506
0.0,0.021658674
0.0,0.059102524
0.0,0.025797728
0.0,0.117237866
0.0,0.0074541317
0.0,0.042591654
0.0,0.041158404
0.0,0.05115797
0.0,0.044008307
0.0,0.044355564
0.0,0.028971288
0.0,0.04715386
0.0,0.037000444
0.0,0.073629655
0.0,0.06736169
0.0,0.07121387
0.0,0.01704677
0.0,0.048972134
0.0,0.13514447
0.0,0.017315425
0.0,0.03940305
0.0,0.019211262
0.0,0.03921458
0.0,0.040628996
0.0,0.04352126
0.0,0.07717503
0.0,0.054030262
0.0,0.03816264
0.0,0.04668477
0.0,0.054886322
0.0,0.065067574
0.0,0.07415892
0.0,0.034377623
0.0,0.05444564
0.0,0.0087133
0.0,0.013697595
0.0,0.04504635
0.0,0.06440707
0.0,0.03841879
0.0,0.05174141
0.0,0.052440643
0.0,0.014842453
0.0,0.035218112
0.0,0.054866225
0.0,0.06903664
0.0,0.02490365
0.0,0.08686514
0.0,0.025965508
0.0,0.038874622
0.0,0.013986011
0.0,0.08242584
0.0,0.023432024
0.0,0.0567008
0.0,0.027211387
0.0,0.019966763
0.0,0.036910888
0.0,0.06143299
0.0,0.021572938
0.0,0.037588723
0.0,0.024441354
0.0,0.06646708
1.0,0.07345593
0.0,0.047925808
0.0,0.04430289
0.0,0.038614348
0.0,0.04922886
0.0,0.074888855
0.0,0.038901545
0.0,0.038957123
0.0,0.02550874
0.0,0.065347165
0.0,0.017096264
0.0,0.036786873
1.0,0.19012092
0.0,0.08042288
0.0,0.08513641
0.0,0.031190734
0.0,0.022403305
0.0,0.041359924
0.0,0.07178824
0.0,0.041326962
0.0,0.04407734
0.0,0.035771746
0.0,0.10630929
0.0,0.03764675
0.0,0.026799835
0.0,0.043788664
0.0,0.04335754
0.0,0.08383636
0.0,0.050004076
0.0,0.04669399
0.0,0.07611839
0.0,0.017163152
0.0,0.08818289
0.0,0.03445377
0.0,0.030295528
0.0,0.047849357
0.0,0.08323167
0.0,0.05011003
0.0,0.052205242
0.0,0.016174998
0.0,0.025405621
0.0,0.09766203
0.0,0.019911598
0.0,0.07012941
0.0,0.054120407
0.0,0.040878788
0.0,0.029823806
0.0,0.061337832
0.0,0.04056285
0.0,0.036911502
0.0,0.061000217
0.0,0.026188333
0.0,0.078921705
0.0,0.022782955
0.0,0.06920462
0.0,0.07073889
0.0,0.03645339
0.0,0.048730902
0.0,0.043644622
0.0,0.094866134
0.0,0.004340822
0.0,0.07336999
0.0,0.036958564
0.0,0.017282998
0.0,0.052659623
0.0,0.07530392
0.0,0.029942805
0.0,0.03169207
0.0,0.076359734
0.0,0.019345623
0.0,0.07044449
1.0,0.036853362
0.0,0.049294136
0.0,0.015526257
0.0,0.050005864
0.0,0.0356029
0.0,0.0639414
1.0,0.034779523
0.0,0.017429177
0.0,0.03273517
0.0,0.024119921
0.0,0.062232412
0.0,0.030901423
0.0,0.08097142
1.0,0.051709298
1.0,0.050983243
0.0,0.031984832
0.0,0.068246774
0.0,0.03858972
0.0,0.021616135
0.0,0.08888827
0.0,0.04914611
0.0,0.013505923
0.0,0.01733993
0.0,0.05000386
0.0,0.026002605
0.0,0.071783684
0.0,0.016256342
0.0,0.062539905
0.0,0.058361407
0.0,0.05193176
0.0,0.08177418
0.0,0.048977554
0.0,0.020689145
0.0,0.029063383
0.0,0.041984633
0.0,0.041575987
0.0,0.032206226
0.0,0.03800244
0.0,0.03700106
0.0,0.03489346
0.0,0.059277568
0.0,0.07899938
0.0,0.041038938
0.0,0.045140486
0.0,0.062072344
0.0,0.06617749
0.0,0.063668065
0.0,0.06574423
0.0,0.050319903
0.0,0.055166654
0.0,0.030643685
1.0,0.028666453
0.0,0.04446935
0.0,0.06116096
0.0,0.06860162
0.0,0.050414793
0.0,0.055338487
1.0,0.06223378
0.0,0.055381067
0.0,0.012251741
0.0,0.012064361
1.0,0.056775756
0.0,0.03396974
0.0,0.065232664
0.0,0.06428478
0.0,0.080077276
0.0,0.02715556
0.0,0.029965915
0.0,0.13222808
0.0,0.026033409
0.0,0.033884097
0.0,0.020688089
0.0,0.035196908
0.0,0.03779756
0.0,0.10563893
0.0,0.072917454
0.0,0.012352679
1.0,0.04821809
0.0,0.07484752
0.0,0.14838895
1.0,0.13065434
0.0,0.062048256
0.0,0.03139046
0.0,0.045089632
0.0,0.10855011
0.0,0.06954717
0.0,0.04695791
0.0,0.07570499
0.0,0.03687669
0.0,0.042431656
0.0,0.033023566
0.0,0.018300492
0.0,0.06788142
0.0,0.014309025
0.0,0.07517103
0.0,0.0751137
0.0,0.023362018
0.0,0.032102365
0.0,0.0526657
0.0,0.11062835
0.0,0.027942628
0.0,0.07329491
0.0,0.04660128
0.0,0.023872474
0.0,0.045103393
0.0,0.08891487
0.0,0.006425407
0.0,0.05748018
0.0,0.054480672
0.0,0.05335304
0.0,0.03537172
0.0,0.07875621
0.0,0.07712985
0.0,0.021008028
0.0,0.048925057
0.0,0.07004399
0.0,0.026229661
0.0,0.02304526
0.0,0.038467787
0.0,0.012323281
0.0,0.036850303
0.0,0.07370662
0.0,0.057281535
0.0,0.027755732
0.0,0.03374041
0.0,0.053625952
0.0,0.024829825
0.0,0.06073695
0.0,0.06882209
0.0,0.03385301
1.0,0.040958177
0.0,0.031620294
0.0,0.061680228
0.0,0.00866496
0.0,0.04580895
0.0,0.015270254
0.0,0.01229424
0.0,0.09976652
0.0,0.077601016
0.0,0.014764995
0.0,0.026527626
0.0,0.05779321
0.0,0.15218812
0.0,0.07369713
0.0,0.06457218
0.0,0.05709727
0.0,0.06154309
0.0,0.03641619
0.0,0.07169146
0.0,0.08148201
0.0,0.01668333
0.0,0.028473645
0.0,0.023723941
0.0,0.04295163
0.0,0.04742334
0.0,0.056662377
0.0,0.061474632
0.0,0.050355256
0.0,0.013354533
0.0,0.07004284
0.0,0.057024706
0.0,0.040287953
0.0,0.04862058
0.0,0.013323786
0.0,0.021835666
0.0,0.058388673
0.0,0.031744976
0.0,0.031373594
0.0,0.018235901
0.0,0.15983342
0.0,0.06455488
0.0,0.034287516
0.0,0.024994373
0.0,0.052122984
0.0,0.041561577
0.0,0.03272281
0.0,0.036679868
0.0,0.05210035
0.0,0.024543136
0.0,0.05402753
0.0,0.037999325
0.0,0.05474656
0.0,0.04674846
0.0,0.038324267
0.0,0.025575912
0.0,0.041218974
0.0,0.05074705
0.0,0.060225468
0.0,0.040569253
0.0,0.041739028
0.0,0.055956583
0.0,0.08238557
0.0,0.020633165
1.0,0.029496174
0.0,0.03928904
0.0,0.020161927
0.0,0.029379176
1.0,0.016948432
0.0,0.07803464
0.0,0.12929116
0.0,0.050419383
0.0,0.027511803
0.0,0.026018828
0.0,0.024027618
0.0,0.031925347
1.0,0.01384981
0.0,0.03147061
0.0,0.063592665
0.0,0.058650244
0.0,0.039918102
0.0,0.03403286
0.0,0.052205242
0.0,0.06656191
0.0,0.06352778
0.0,0.03737718
0.0,0.031002581
0.0,0.046751425
0.0,0.03744782
0.0,0.031580787
0.0,0.034117658
0.0,0.013374862
0.0,0.035719793
0.0,0.014492484
0.0,0.013325609
1.0,0.028417354
0.0,0.025215354
0.0,0.068312325
0.0,0.020323092
0.0,0.08418668
0.0,0.025390508
0.0,0.036076315
0.0,0.039953314
0.0,0.04617191
0.0,0.059513405
0.0,0.022397771
0.0,0.06986663
0.0,0.026047789
1.0,0.083956175
0.0,0.025347793
0.0,0.06574862
0.0,0.041261725
0.0,0.10852301
0.0,0.033024494
0.0,0.059728816
0.0,0.034971982
0.0,0.08043389
0.0,0.050227057
0.0,0.013753961
1.0,0.06255712
0.0,0.030800756
0.0,0.033910558
0.0,0.054185633
0.0,0.07020751
0.0,0.07568998
0.0,0.041239027
0.0,0.018650798
0.0,0.03089684
0.0,0.009871805
0.0,0.04188529
0.0,0.04138253
0.0,0.03242281
0.0,0.08893658
0.0,0.07245901
0.0,0.02245719
0.0,0.054069668
0.0,0.032907307
0.0,0.028665155
0.0,0.022939648
0.0,0.02826195
0.0,0.07573106
0.0,0.059080742
0.0,0.03654434
0.0,0.0877963
0.0,0.030693201
0.0,0.06743045
0.0,0.015041685
0.0,0.18539904
0.0,0.04169811
0.0,0.05590218
0.0,0.020526387
0.0,0.26158902
0.0,0.057474475
0.0,0.06582164
0.0,0.016911272
0.0,0.0652751
0.0,0.036085106
0.0,0.05091585
0.0,0.046423182
0.0,0.06420491
0.0,0.012261443
1.0,0.044117145
0.0,0.099234
0.0,0.021120705
0.0,0.0657961
0.0,0.06819072
0.0,0.024180196
0.0,0.055626463
0.0,0.06632268
0.0,0.03505469
0.0,0.042598724
0.0,0.050673373
0.0,0.05217513
0.0,0.018056754
0.0,0.03644821
0.0,0.041400906
0.0,0.034686446
0.0,0.025811154
0.0,0.019098734
0.0,0.03963181
0.0,0.027797295
0.0,0.037914366
0.0,0.19699761
0.0,0.07021986
0.0,0.012043359
0.0,0.044051997
0.0,0.06982763
0.0,0.017486233
0.0,0.017946683
0.0,0.08667849
0.0,0.009415351
0.0,0.06929635
0.0,0.07697069
0.0,0.029613469
0.0,0.04706975
0.0,0.084755495
0.0,0.040407043
0.0,0.063630156
0.0,0.059936974
0.0,0.05675019
0.0,0.052762948
0.0,0.07529645
0.0,0.02348078
0.0,0.040231913
0.0,0.013966397
0.0,0.05256256
0.0,0.019011525
0.0,0.01575424
0.0,0.0637348
0.0,0.059013985
0.0,0.07378036
0.0,0.08203566
0.0,0.06674176
0.0,0.044054918
0.0,0.049724337
0.0,0.062624246
0.0,0.11401238
0.0,0.044094577
0.0,0.02464883
0.0,0.06890816
0.0,0.029569868
0.0,0.020537803
0.0,0.033955116
0.0,0.023432404
0.0,0.011941167
0.0,0.016362824
0.0,0.070976615
0.0,0.06271883
0.0,0.071401
0.0,0.04051472
0.0,0.05472409
0.0,0.039615806
0.0,0.03519649
0.0,0.013458755
0.0,0.046663515
0.0,0.05087413
0.0,0.054341815
0.0,0.08441762
0.0,0.01714196
0.0,0.008339526
1.0,0.060133927
0.0,0.049869895
0.0,0.04112684
0.0,0.08261097
0.0,0.07300197
1.0,0.081797
0.0,0.034828447
0.0,0.024667915
0.0,0.03286194
0.0,0.013532011
0.0,0.047617987
0.0,0.024664551
0.0,0.07356675
0.0,0.02924515
0.0,0.06369661
0.0,0.03290064
0.0,0.02668773
0.0,0.12826821
0.0,0.17658931
0.0,0.013430105
0.0,0.032601528
0.0,0.060378626
0.0,0.07978807
0.0,0.02173058
0.0,0.037344806
1.0,0.07555038
0.0,0.067635804
0.0,0.02774299
0.0,0.0702815
0.0,0.11269135
0.0,0.045014247
0.0,0.043126374
0.0,0.08156817
0.0,0.058139686
0.0,0.023169538
0.0,0.039941486
1.0,0.06650848
0.0,0.018704787
0.0,0.05776792
0.0,0.07870231
0.0,0.11441703
1.0,0.01726142
0.0,0.018224165
2.0,0.07797762
0.0,0.11375043
0.0,0.064427964
0.0,0.09444653
0.0,0.055163972
0.0,0.026789347
0.0,0.06974284
0.0,0.07362897
0.0,0.050586343
0.0,0.043279152
0.0,0.047142506
0.0,0.04723165
0.0,0.066833004
0.0,0.04099968
0.0,0.0601533
0.0,0.047088362
0.0,0.07556679
0.0,0.027371049
0.0,0.05418411
0.0,0.021422016
0.0,0.047771752
0.0,0.01463169
0.0,0.026889466
0.0,0.03632412
0.0,0.06327036
0.0,0.01784956
0.0,0.039117057
0.0,0.046429053
0.0,0.019207168
0.0,0.06351751
0.0,0.091819935
0.0,0.02435229
0.0,0.063493736
0.0,0.019246206
0.0,0.058132242
0.0,0.32779244
0.0,0.07370177
0.0,0.062839955
0.0,0.02819098
0.0,0.0566434
0.0,0.06123765
0.0,0.00995056
0.0,0.04102906
0.0,0.06044588
0.0,0.059802655
0.0,0.023598175
0.0,0.008797511
0.0,0.08447406
0.0,0.08384499
0.0,0.014921121
0.0,0.017654844
0.0,0.07001647
0.0,0.022038082
0.0,0.036469035
0.0,0.03297878
0.0,0.1778636
0.0,0.008390166
0.0,0.04251477
0.0,0.059916142
0.0,0.19409132
0.0,0.021537673
1.0,0.058489602
0.0,0.08647105
0.0,0.03298172
0.0,0.01631792
0.0,0.07269381
0.0,0.06611292
0.0,0.01852024
0.0,0.0594069
0.0,0.08294906
0.0,0.015042948
0.0,0.021165023
0.0,0.07387854
0.0,0.04040891
0.0,0.0130314855
0.0,0.04638256
0.0,0.050363593
0.0,0.06600293
1.0,0.054773062
0.0,0.066534996
0.0,0.03904833
0.0,0.030661123
0.0,0.060511023
0.0,0.08513511
0.0,0.060278907
0.0,0.04351748
0.0,0.057168156
0.0,0.056188077
0.0,0.04230196
0.0,0.047500744
0.0,0.041198537
0.0,0.034021582
1.0,0.051535167
0.0,0.011405125
0.0,0.061984204
0.0,0.027469372
0.0,0.016449409
0.0,0.044920206
0.0,0.12958053
0.0,0.03737873
0.0,0.036124684
0.0,0.043211743
0.0,0.03447293
0.0,0.042953797
1.0,0.042396303
0.0,0.06711131
0.0,0.02661821
0.0,0.04695704
0.0,0.024751168
0.0,0.02701714
0.0,0.037802335
0.0,0.044398665
0.0,0.065502845
0.0,0.02300828
0.0,0.12499642
0.0,0.038962528
0.0,0.013974718
0.0,0.082844704
0.0,0.07626249
0.0,0.027397476
0.0,0.03412223
1.0,0.060946286
0.0,0.017859599
0.0,0.03614776
0.0,0.058869857
1.0,0.0809854
0.0,0.053730153
0.0,0.039900824
0.0,0.063457176
0.0,0.05132138
0.0,0.040076554
0.0,0.08191138
0.0,0.056371637
0.0,0.03177998
0.0,0.011152407
0.0,0.047813136
0.0,0.021897871
0.0,0.08898768
0.0,0.05616003
0.0,0.017226605
0.0,0.14217487
0.0,0.011571706
0.0,0.07014928
0.0,0.015589887
0.0,0.009957666
0.0,0.054609027
0.0,0.048563723
0.0,0.027568271
0.0,0.067093104
0.0,0.030281331
0.0,0.07237323
0.0,0.046308503
0.0,0.03797279
0.0,0.041086517
0.0,0.016798666
0.0,0.04265293
0.0,0.059956584
0.0,0.0915589
0.0,0.054546412
0.0,0.033580948
0.0,0.03245136
0.0,0.01746774
0.0,0.03227053
0.0,0.06535854
0.0,0.038298506
0.0,0.07601634
0.0,0.048310008
0.0,0.029630277
0.0,0.015354572
0.0,0.033162665
0.0,0.07542085
0.0,0.059276495
0.0,0.05880627
0.0,0.051085524
0.0,0.06723162
0.0,0.06435147
0.0,0.027334802
0.0,0.042606138
1.0,0.043665625
0.0,0.038531303
0.0,0.053478662
0.0,0.053007055
0.0,0.050377954
0.0,0.015421527
0.0,0.04381964
0.0,0.07478061
0.0,0.077778
0.0,0.052207284
0.0,0.05358932
1.0,0.05913593
0.0,0.049222942
0.0,0.07698056
0.0,0.045018777
0.0,0.03381877
0.0,0.027580172
0.0,0.051620338
0.0,0.04728973
0.0,0.04312767
0.0,0.020790838
0.0,0.05189176
0.0,0.05883207
0.0,0.0121123595
0.0,0.05939901
0.0,0.03994657
0.0,0.078828424
0.0,0.04189586
0.0,0.015746016
0.0,0.08094899
0.0,0.05238888
0.0,0.020352738
0.0,0.044268932
0.0,0.08960963
0.0,0.0972503
0.0,0.0462549
0.0,0.055855922
1.0,0.11791625
0.0,0.06700039
0.0,0.05372449
0.0,0.03829047
0.0,0.052897774
0.0,0.019339811
0.0,0.07414147
0.0,0.025360197
0.0,0.048576184
0.0,0.052472983
0.0,0.06174096
0.0,0.052452147
0.0,0.027196236
0.0,0.014145086
0.0,0.0839374
0.0,0.1289327
0.0,0.09549417
0.0,0.14790745
0.0,0.025520993
0.0,0.05590887
0.0,0.07481271
0.0,0.02316345
1.0,0.106747106
1.0,0.052663036
0.0,0.064972244
0.0,0.09517215
0.0,0.01798447
0.0,0.06207214
0.0,0.030414002
0.0,0.013319943
0.0,0.06386028
0.0,0.02205159
0.0,0.075013086
0.0,0.092256546
0.0,0.02439735
0.0,0.049650818
0.0,0.06739808
0.0,0.013112586
0.0,0.042441085
0.0,0.016901696
0.0,0.05394505
0.0,0.13046172
0.0,0.092997864
0.0,0.011315739
0.0,0.102778815
0.0,0.061243374
0.0,0.021097954
0.0,0.077084534
0.0,0.051260725
0.0,0.056999613
0.0,0.04409243
0.0,0.022127554
0.0,0.07265413
0.0,0.01840544
0.0,0.11146213
0.0,0.044465892
0.0,0.06890741
0.0,0.034973834
0.0,0.05127292
0.0,0.0760172
0.0,0.069023244
0.0,0.060071737
0.0,0.07730117
0.0,0.04987061
0.0,0.021948876
0.0,0.035343666
0.0,0.034511037
0.0,0.041404046
0.0,0.04303332
0.0,0.06995781
0.0,0.045949224
0.0,0.028226906
0.0,0.05856438
0.0,0.029364344
0.0,0.014209842
0.0,0.070070714
0.0,0.08361594
0.0,0.006218685
0.0,0.024192154
2.0,0.055940628
0.0,0.029607227
0.0,0.07221723
0.0,0.03793996
0.0,0.048448376
0.0,0.15488777
0.0,0.019526232
0.0,0.0639813
0.0,0.10634815
0.0,0.06692823
0.0,0.040376168
0.0,0.06325926
0.0,0.04532356
0.0,0.061907522
0.0,0.03729062
0.0,0.034244888
0.0,0.021476684
0.0,0.064935535
0.0,0.04246542
0.0,0.12931295
0.0,0.0930289
0.0,0.05909914
0.0,0.05569016
0.0,0.049610965
0.0,0.026402881
0.0,0.046415545
0.0,0.023016322
0.0,0.053745247
0.0,0.046493255
0.0,0.04979412
0.0,0.07414457
0.0,0.09083941
0.0,0.06225672
0.0,0.01624083
0.0,0.029235724
0.0,0.05196374
0.0,0.02449792
0.0,0.02274235
0.0,0.0735386
0.0,0.11076588
0.0,0.060953636
0.0,0.037965346
1.0,0.037607443
0.0,0.039421543
1.0,0.059435386
0.0,0.045444034
0.0,0.01774044
0.0,0.06243968
1.0,0.028053343
0.0,0.046860497
0.0,0.030502247
0.0,0.0386478
1.0,0.16397026
0.0,0.029287588
0.0,0.07771714
0.0,0.02045279
0.0,0.028584924
0.0,0.011328226
0.0,0.008596857
1.0,0.1142866
0.0,0.047936
1.0,0.040480655
0.0,0.070192255
0.0,0.03403956
0.0,0.06247333
0.0,0.018808177
0.0,0.081441276
0.0,0.1492064
0.0,0.058449984
0.0,0.038076065
0.0,0.048021793
0.0,0.07027047
0.0,0.016608901
0.0,0.07377114
0.0,0.07504144
0.0,0.10361308
0.0,0.06325576
0.0,0.026013693
0.0,0.06421939
0.0,0.040928014
0.0,0.037419476
0.0,0.08236141
0.0,0.036277957
0.0,0.06342493
0.0,0.046130802
0.0,0.053515576
0.0,0.032551415
0.0,0.08254887
0.0,0.026838891
0.0,0.06997002
0.0,0.01815123
0.0,0.06577439
0.0,0.039976828
0.0,0.052466553
0.0,0.04291093
0.0,0.054213107
0.0,0.018643098
0.0,0.056652464
0.0,0.06337076
0.0,0.028962642
0.0,0.018409353
1.0,0.07104564
0.0,0.019479092
0.0,0.026302794
0.0,0.063626334
0.0,0.06108722
0.0,0.06690653
0.0,0.009004932
0.0,0.043347493
0.0,0.034304705
0.0,0.10626651
0.0,0.091712795
0.0,0.035431966
0.0,0.050480705
0.0,0.019820025
0.0,0.0163387
0.0,0.022101022
0.0,0.05044899
0.0,0.0448718
0.0,0.047639087
0.0,0.040063143
0.0,0.039825153
0.0,0.05259405
0.0,0.012942862
0.0,0.13441297
0.0,0.068745606
0.0,0.026217584
0.0,0.04471995
0.0,0.022421964
0.0,0.07207055
0.0,0.03789497
0.0,0.06783153
0.0,0.06749683
0.0,0.054516405
0.0,0.042499226
0.0,0.08299799
0.0,0.06059012
0.0,0.032411184
0.0,0.024548016
0.0,0.02832243
0.0,0.051313326
1.0,0.06809766
0.0,0.04305044
0.0,0.053417243
0.0,0.060411833
0.0,0.05475682
0.0,0.044278957
0.0,0.07108415
1.0,0.028499955
0.0,0.08179191
0.0,0.035737272
0.0,0.020338884
0.0,0.033363894
0.0,0.06659686
0.0,0.013108779
0.0,0.019007664
0.0,0.0237364
0.0,0.04467909
0.0,0.036720205
0.0,0.018091701
0.0,0.044205926
0.0,0.057743035
0.0,0.03621979
0.0,0.03338288
0.0,0.047806684
0.0,0.029271072
1.0,0.106674746
0.0,0.08548263
0.0,0.035676863
0.0,0.0573509
0.0,0.018914042
0.0,0.023221146
0.0,0.018218849
0.0,0.049954124
0.0,0.05451045
0.0,0.020498795
0.0,0.061748262
0.0,0.069950834
0.0,0.032503985
0.0,0.039401963
0.0,0.054555543
1.0,0.4430317
0.0,0.08201563
0.0,0.026354041
0.0,0.0417251
0.0,0.02700377
0.0,0.056659043
0.0,0.018588595
0.0,0.05988975
0.0,0.017634021
0.0,0.055507228
0.0,0.047366276
0.0,0.04037534
0.0,0.022357576
0.0,0.067006335
0.0,0.026898738
0.0,0.0911829
0.0,0.023668349
0.0,0.16101098
0.0,0.11095974
0.0,0.06822855
0.0,0.06264423
0.0,0.023991177
0.0,0.012834964
0.0,0.034755666
0.0,0.057424262
0.0,0.039959755
0.0,0.073254734
0.0,0.030306192
0.0,0.036313746
0.0,0.025323424
0.0,0.025476066
0.0,0.033882596
0.0,0.03029667
0.0,0.058578555
0.0,0.0595736
0.0,0.051646486
0.0,0.041760072
0.0,0.02881508
0.0,0.05915766
0.0,0.049643125
1.0,0.047209274
0.0,0.063707486
0.0,0.024127502
0.0,0.048343927
1.0,0.053734433
0.0,0.017985705
0.0,0.053704027
0.0,0.07705624
0.0,0.19016129
0.0,0.035606127
0.0,0.0643546
0.0,0.06085989
0.0,0.041302867
0.0,0.025840279
0.0,0.07247384
0.0,0.09376681
0.0,0.06949005
0.0,0.09507662
0.0,0.04457225
0.0,0.021662712
0.0,0.02037171
0.0,0.069408886
0.0,0.023660993
0.0,0.05218322
0.0,0.026027452
0.0,0.02176065
0.0,0.079118714
0.0,0.09686483
0.0,0.08341211
0.0,0.06377301
0.0,0.06646338
0.0,0.07278688
0.0,0.051700495
0.0,0.02339537
0.0,0.044976532
0.0,0.053210486
0.0,0.04320756
0.0,0.036104657
0.0,0.021236323
0.0,0.015961211
0.0,0.037346233
0.0,0.050445285
0.0,0.028377246
0.0,0.023546517
0.0,0.06016766
1.0,0.1403564
0.0,0.027166178
1.0,0.015185256
0.0,0.074286014
0.0,0.05814997
0.0,0.055827696
0.0,0.08703123
0.0,0.021661587
0.0,0.08196449
0.0,0.09105463
0.0,0.038501516
0.0,0.096338235
0.0,0.1480672
0.0,0.019620094
0.0,0.030054249
0.0,0.056952827
0.0,0.018710952
0.0,0.028682793
0.0,0.029102338
0.0,0.034524832
0.0,0.034000922
0.0,0.016467601
0.0,0.04899262
0.0,0.0647312
0.0,0.014715745
0.0,0.062468804
0.0,0.04303808
0.0,0.1286951
0.0,0.035723284
0.0,0.06256615
0.0,0.06355147
0.0,0.070063666
0.0,0.12567106
0.0,0.06343751
0.0,0.021859573
0.0,0.019674592
0.0,0.0641517
1.0,0.063576534
0.0,0.14172934
0.0,0.07744218
1.0,0.073388286
0.0,0.030256001
0.0,0.033946633
0.0,0.020288961
0.0,0.06461493
0.0,0.011565093
0.0,0.14320567
0.0,0.035229485
0.0,0.021681033
0.0,0.05809702
0.0,0.03263332
0.0,0.07062473
0.0,0.08654002
0.0,0.0517518
0.0,0.03972846
0.0,0.06521583
0.0,0.012828864
0.0,0.06868095
0.0,0.040682074
0.0,0.024449525
0.0,0.036329385
1.0,0.037512768
0.0,0.03986908
0.0,0.020846032
1.0,0.06945408
0.0,0.005938383
0.0,0.015345986
0.0,0.020202799
0.0,0.07212731
0.0,0.030253679
0.0,0.09831263
0.0,0.054239403
0.0,0.1459195
0.0,0.07227611
0.0,0.021933444
1.0,0.06311731
0.0,0.046706907
0.0,0.04784655
0.0,0.05923469
1.0,0.085079715
0.0,0.053428933
0.0,0.0790012
0.0,0.034076393
0.0,0.035617065
0.0,0.040369913
0.0,0.03590619
0.0,0.07368627
0.0,0.03746068
1.0,0.109456524
0.0,0.050279655
0.0,0.0664015
0.0,0.06005083
0.0,0.067744605
0.0,0.015001108
0.0,0.027885245
0.0,0.036877885
0.0,0.031378277
0.0,0.06551087
0.0,0.012290389
0.0,0.06311316
0.0,0.085345
0.0,0.041044846
0.0,0.057189506
1.0,0.10292639
0.0,0.07263778
0.0,0.032876126
0.0,0.0766622
0.0,0.04980426
0.0,0.019492174
0.0,0.068986274
0.0,0.034729093
0.0,0.04892746
0.0,0.035818275
0.0,0.052319754
1.0,0.09431512
0.0,0.025140308
0.0,0.051736478
0.0,0.0877344
0.0,0.0063296854
0.0,0.040428184
0.0,0.053371083
0.0,0.022854019
0.0,0.06338647
0.0,0.071910344
0.0,0.043650866
0.0,0.056533955
0.0,0.03494411
0.0,0.052683834
0.0,0.0504945
0.0,0.06096416
1.0,0.021160956
0.0,0.07248602
0.0,0.07480937
0.0,0.022229353
0.0,0.057100266
0.0,0.04165151
1.0,0.032878995
0.0,0.05408176
0.0,0.024379186
1.0,0.020813067
0.0,0.062144384
0.0,0.112965435
0.0,0.07988396
0.0,0.06054257
0.0,0.07108112
0.0,0.03318212
0.0,0.034065526
0.0,0.04442266
0.0,0.049987793
0.0,0.08842315
0.0,0.046942912
0.0,0.060695246
0.0,0.018645808
0.0,0.06254834
0.0,0.07014576
0.0,0.021131301
0.0,0.019339941
0.0,0.055339515
0.0,0.07069279
0.0,0.06445273
0.0,0.01577367
0.0,0.03253188
0.0,0.026784135
0.0,0.03716948
0.0,0.102318384
0.0,0.06419013
0.0,0.050765082
0.0,0.030933296
0.0,0.01440348
0.0,0.024027675
0.0,0.029302059
0.0,0.028891247
0.0,0.04893922
1.0,0.08542297
1.0,0.04568067
0.0,0.075241715
0.0,0.017725296
0.0,0.043306854
0.0,0.06577994
0.0,0.052787863
0.0,0.029583335
0.0,0.02474109
0.0,0.04646781
0.0,0.041529227
0.0,0.015753526
0.0,0.009927815
0.0,0.06996853
0.0,0.017890649
0.0,0.06826542
0.0,0.043148715
0.0,0.06483249
0.0,0.053941373
0.0,0.041935854
0.0,0.054171942
0.0,0.087989464
0.0,0.028396996
0.0,0.041325286
0.0,0.020810269
0.0,0.043079764
0.0,0.026450716
0.0,0.08951546
0.0,0.071237385
1.0,0.060051877
1.0,0.06508643
0.0,0.05757726
0.0,0.051607467
0.0,0.08837347
0.0,0.026657905
0.0,0.01620465
0.0,0.037518386
0.0,0.025671484
0.0,0.023953717
0.0,0.021461563
0.0,0.05652161
0.0,0.04797359
0.0,0.09615219
0.0,0.062794246
0.0,0.029995207
1.0,0.021340769
0.0,0.06364378
0.0,0.11438507
0.0,0.07396229
0.0,0.0138964
0.0,0.02356904
0.0,0.055525336
0.0,0.013953843
0.0,0.061258517
0.0,0.015527976
1.0,0.06186065
0.0,0.07039869
1.0,0.06676204
0.0,0.01396418
0.0,0.027274013
0.0,0.034626357
0.0,0.06091572
0.0,0.027876113
0.0,0.06537603
0.0,0.049484544
0.0,0.07044075
0.0,0.13373065
1.0,0.37558174
0.0,0.05591007
0.0,0.034659594
0.0,0.010448769
0.0,0.024558213
0.0,0.07727312
0.0,0.06662489
0.0,0.014354792
0.0,0.026743425
0.0,0.06786281
0.0,0.042704318
1.0,0.043524828
0.0,0.036031373
0.0,0.050669342
1.0,0.04664492
0.0,0.04362706
0.0,0.051720075
0.0,0.03779309
0.0,0.080892116
0.0,0.03808102
0.0,0.05260639
0.0,0.04104293
0.0,0.031912576
0.0,0.07042595
0.0,0.05504127
0.0,0.08690446
0.0,0.020313509
0.0,0.038400143
0.0,0.056859374
0.0,0.0567772
0.0,0.07292799
0.0,0.051874913
0.0,0.022749629
0.0,0.06260708
0.0,0.041800335
0.0,0.02067866
0.0,0.028773725
1.0,0.09828711
0.0,0.032653634
1.0,0.033176757
0.0,0.0278356
0.0,0.028894966
0.0,0.012479179
0.0,0.048906676
0.0,0.043273784
0.0,0.08581437
0.0,0.02424655
0.0,0.044026002
0.0,0.03616486
0.0,0.06327911
0.0,0.05608023
0.0,0.030513855
0.0,0.015247146
0.0,0.06070804
0.0,0.05030846
0.0,0.034430843
0.0,0.047502827
0.0,0.049041912
0.0,0.026835002
0.0,0.032473296
0.0,0.013421475
0.0,0.03558301
0.0,0.030461883
0.0,0.032842092
1.0,0.014070314
0.0,0.07954836
0.0,0.08343472
0.0,0.01177117
0.0,0.01785277
0.0,0.045055933
0.0,0.027251458
0.0,0.03885088
1.0,0.06859567
0.0,0.06021654
0.0,0.020392762
0.0,0.048871778
0.0,0.036238413
0.0,0.048195332
0.0,0.048182856
0.0,0.055710398
1.0,0.014619305
0.0,0.029150935
0.0,0.09542797
0.0,0.025709815
0.0,0.03968805
0.0,0.05221647
0.0,0.056571465
0.0,0.03922242
0.0,0.031924143
0.0,0.007930622
0.0,0.048798963
0.0,0.032360826
0.0,0.049666304
0.0,0.078245014
0.0,0.047180198
0.0,0.07881904
0.0,0.051283263
0.0,0.095850036
0.0,0.019098734
0.0,0.05499444
0.0,0.024908233
0.0,0.048646253
0.0,0.059156235
0.0,0.03010491
0.0,0.004586501
0.0,0.046390258
0.0,0.048357807
0.0,0.05480261
0.0,0.12176709
0.0,0.06051062
0.0,0.09133455
0.0,0.025465889
0.0,0.12573496
0.0,0.022407226
0.0,0.025482323
1.0,0.07561761
0.0,0.07355964
0.0,0.03595505
0.0,0.10074866
0.0,0.049251515
0.0,0.06851356
0.0,0.028474472
0.0,0.011091847
0.0,0.05117073
0.0,0.043760654
0.0,0.036952518
0.0,0.046997536
0.0,0.03590622
0.0,0.042575493
0.0,0.091683656
0.0,0.023957567
0.0,0.020068916
0.0,0.018343143
0.0,0.09147437
0.0,0.037787683
0.0,0.07885523
0.0,0.10090864
0.0,0.02680597
0.0,0.027088191
1.0,0.028087823
0.0,0.039110642
0.0,0.04926138
0.0,0.028888201
0.0,0.021015963
0.0,0.05832883
0.0,0.011292152
0.0,0.04056318
0.0,0.05261768
0.0,0.019104172
0.0,0.026163045
0.0,0.058478616
0.0,0.050355617
0.0,0.0281373
0.0,0.044678025
0.0,0.056884
0.0,0.022536969
0.0,0.010832667
0.0,0.029909754
0.0,0.041745022
0.0,0.020973226
0.0,0.029464671
0.0,0.027934114
0.0,0.05483016
0.0,0.04520778
0.0,0.039203197
0.0,0.03415259
0.0,0.02169993
0.0,0.037716538
0.0,0.044501763
0.0,0.036900505
0.0,0.03901146
0.0,0.026939955
0.0,0.10420209
0.0,0.022770412
0.0,0.006787747
0.0,0.04524979
0.0,0.046458326
0.0,0.054093264
0.0,0.06997175
0.0,0.025865968
0.0,0.037242252
0.0,0.070007995
0.0,0.026825368
0.0,0.027592603
0.0,0.0112124635
0.0,0.05023712
0.0,0.05476575
0.0,0.03963716
0.0,0.017009217
0.0,0.08125419
0.0,0.016772684
0.0,0.08568059
0.0,0.012293255
0.0,0.030498203
0.0,0.038260214
0.0,0.055002965
0.0,0.091633104
0.0,0.030940318
0.0,0.050681327
0.0,0.03681088
0.0,0.09426211
0.0,0.020462817
0.0,0.07288288
0.0,0.07435078
0.0,0.07161025
0.0,0.10494937
1.0,0.03283295
0.0,0.062180504
0.0,0.017820373
0.0,0.03374012
0.0,0.015306587
0.0,0.059806205
0.0,0.053716168
0.0,0.054555725
0.0,0.033889573
0.0,0.015856428
0.0,0.035334803
0.0,0.0125389695
0.0,0.077567495
0.0,0.062320698
0.0,0.057341054
0.0,0.020393083
0.0,0.069361575
0.0,0.088253394
0.0,0.048099548
0.0,0.025521869
0.0,0.07466818
0.0,0.027553987
0.0,0.05981985
0.0,0.024654767
0.0,0.03862061
0.0,0.041366056
0.0,0.029101908
0.0,0.035288546
0.0,0.04694423
0.0,0.036542773
0.0,0.04810001
0.0,0.03838083
0.0,0.032478563
0.0,0.079603866
0.0,0.08643539
0.0,0.11635358
0.0,0.030157955
0.0,0.04521955
0.0,0.07298678
0.0,0.03639312
0.0,0.074692175
0.0,0.09302308
1.0,0.096360244
0.0,0.024044134
0.0,0.061290585
0.0,0.056379862
0.0,0.029342998
0.0,0.01989279
0.0,0.06415246
1.0,0.030644547
0.0,0.039866723
0.0,0.059151143
0.0,0.015732246
0.0,0.07110833
0.0,0.029766537
0.0,0.050646104
0.0,0.08131443
0.0,0.07496628
0.0,0.12377432
0.0,0.05015794
1.0,0.091010556
0.0,0.014172766
0.0,0.020307273
0.0,0.040379267
0.0,0.06973087
0.0,0.060343456
0.0,0.04709474
0.0,0.07297425
0.0,0.049032655
0.0,0.01618657
0.0,0.021078056
1.0,0.072493285
0.0,0.058870643
0.0,0.05959627
0.0,0.022053503
0.0,0.012767034
0.0,0.018779276
0.0,0.055775784
0.0,0.0109672975
0.0,0.024782736
0.0,0.121757045
0.0,0.081095956
0.0,0.021324778
0.0,0.05363746
0.0,0.07009006
0.0,0.015934102
0.0,0.031173546
0.0,0.03557212
0.0,0.034416333
0.0,0.03086652
1.0,0.13479969
0.0,0.06036468
0.0,0.044237196
0.0,0.0553177
0.0,0.10936074
0.0,0.056643456
0.0,0.047420695
0.0,0.053266563
0.0,0.10221656
0.0,0.009726161
0.0,0.028433185
0.0,0.036767635
0.0,0.03363261
1.0,0.06347282
0.0,0.03294772
0.0,0.021902341
0.0,0.036147155
0.0,0.035045765
0.0,0.038303565
0.0,0.081015065
0.0,0.012344795
0.0,0.07519157
0.0,0.075583026
0.0,0.041844405
0.0,0.060636062
0.0,0.011235734
0.0,0.06900121
0.0,0.016897835
0.0,0.03232682
0.0,0.035681676
0.0,0.046759114
0.0,0.026706595
0.0,0.08100324
0.0,0.037644472
0.0,0.040380098
0.0,0.0697301
0.0,0.019398829
0.0,0.064634405
0.0,0.15305233
0.0,0.03647782
0.0,0.031952515
0.0,0.13236478
0.0,0.067049354
0.0,0.029664122
0.0,0.11103764
0.0,0.026236128
0.0,0.058416158
0.0,0.027174301
0.0,0.06440005
0.0,0.040665377
0.0,0.0501226
0.0,0.031759497
0.0,0.041745357
2.0,0.04402554
0.0,0.079706006
0.0,0.049195934
0.0,0.03686078
0.0,0.017293748
0.0,0.044630736
0.0,0.08085614
0.0,0.028952781
0.0,0.059858486
0.0,0.047766764
1.0,0.052521545
0.0,0.051226586
0.0,0.010146739
0.0,0.0779483
0.0,0.06736068
0.0,0.014610266
0.0,0.070507266
0.0,0.049020637
0.0,0.018325781
0.0,0.024506042
1.0,0.048482392
0.0,0.08334036
0.0,0.06597096
0.0,0.015682662
0.0,0.039582916
0.0,0.094438426
0.0,0.080108464
0.0,0.013443239
0.0,0.05041015
0.0,0.026224684
0.0,0.02378791
0.0,0.062043242
0.0,0.037320435
0.0,0.018026918
0.0,0.03684851
1.0,0.06030231
0.0,0.06447431
0.0,0.05319922
0.0,0.032421015
0.0,0.06977946
0.0,0.023975234
0.0,0.0155183235
0.0,0.041781224
0.0,0.031435426
0.0,0.024764165
1.0,0.08346516
0.0,0.083029345
0.0,0.01779075
0.0,0.054469347
0.0,0.017981315
0.0,0.07262057
0.0,0.05215232
0.0,0.03870263
0.0,0.019650787
0.0,0.02689239
0.0,0.05730672
0.0,0.021487143
0.0,0.054251146
0.0,0.056127824
0.0,0.04184329
0.0,0.07844506
0.0,0.025745662
0.0,0.021324372
0.0,0.033576015
0.0,0.014682368
0.0,0.104711056
0.0,0.07223222
0.0,0.0306967
0.0,0.029032385
0.0,0.020032585
0.0,0.06084368
0.0,0.05636301
0.0,0.055132363
0.0,0.075349174
0.0,0.01782016
0.0,0.050839525
1.0,0.09451675
0.0,0.055322237
0.0,0.08358751
0.0,0.0222769
0.0,0.16575056
0.0,0.056541923
0.0,0.048465867
0.0,0.08584453
0.0,0.07590557
0.0,0.055509426
1.0,0.013772914
0.0,0.04270715
0.0,0.07413011
0.0,0.0434811
0.0,0.03319133
0.0,0.013188744
0.0,0.02610159
0.0,0.09566061
1.0,0.06846467
0.0,0.05473844
0.0,0.035538636
0.0,0.046588037
0.0,0.061400205
0.0,0.06374036
0.0,0.029952087
0.0,0.0548493
0.0,0.044990882
0.0,0.045432135
0.0,0.117487684
0.0,0.0365872
0.0,0.06068425
0.0,0.04201379
0.0,0.13894558
1.0,0.06682108
0.0,0.018136201
0.0,0.0681773
0.0,0.03936737
0.0,0.082465395
0.0,0.032641366
0.0,0.0860588
0.0,0.03479996
0.0,0.08272618
0.0,0.062007114
0.0,0.077479705
0.0,0.01882641
0.0,0.029567964
0.0,0.03569056
0.0,0.030463248
0.0,0.046637893
0.0,0.00627705
0.0,0.04246206
0.0,0.06536864
0.0,0.021463212
0.0,0.10308965
0.0,0.11543809
0.0,0.012271697
0.0,0.076803476
1.0,0.35025603
0.0,0.015260406
0.0,0.053278275
0.0,0.0411628
0.0,0.043230847
0.0,0.16303654
0.0,0.03054393
0.0,0.052218538
0.0,0.058830347
0.0,0.093650684
0.0,0.040699635
0.0,0.029541047
0.0,0.038594157
0.0,0.018807424
0.0,0.021691313
0.0,0.016488038
0.0,0.01584754
0.0,0.032729004
0.0,0.062229473
0.0,0.05218807
0.0,0.022090012
0.0,0.02034808
1.0,0.09718412
0.0,0.021780986
0.0,0.026790624
0.0,0.044209257
0.0,0.06376495
0.0,0.088568985
0.0,0.039242584
0.0,0.026332434
1.0,0.053941578
0.0,0.06960224
0.0,0.023707658
0.0,0.046844367
0.0,0.011096915
0.0,0.044003606
0.0,0.020156696
0.0,0.047810834
0.0,0.060243018
0.0,0.019974323
0.0,0.050992433
0.0,0.090771124
0.0,0.021240162
0.0,0.01672007
1.0,0.082436845
0.0,0.044703428
0.0,0.09589884
0.0,0.07287056
0.0,0.048028912
0.0,0.07993795
0.0,0.062073454
0.0,0.013905879
0.0,0.089231655
0.0,0.06804112
0.0,0.06027093
0.0,0.03675482
0.0,0.016496334
0.0,0.02010654
0.0,0.032065935
0.0,0.05644575
0.0,0.07358332
0.0,0.047342025
0.0,0.027648076
0.0,0.10334953
0.0,0.03460145
0.0,0.105731755
0.0,0.025273845
0.0,0.06575045
0.0,0.05632115
0.0,0.057435736
0.0,0.0447734
0.0,0.07879847
0.0,0.040686868
0.0,0.022575721
1.0,0.045169942
0.0,0.08426998
1.0,0.07061685
0.0,0.07078238
0.0,0.04843408
0.0,0.093730554
0.0,0.015029562
0.0,0.03544329
0.0,0.049531356
0.0,0.030013233
0.0,0.069308
0.0,0.17767575
0.0,0.06313059
0.0,0.03495571
0.0,0.085444175
0.0,0.07978769
0.0,0.022035886
0.0,0.015804019
0.0,0.09827264
0.0,0.017693704
0.0,0.054996826
0.0,0.01070432
0.0,0.020825487
0.0,0.091814965
0.0,0.05698245
0.0,0.06528639
1.0,0.049943525
0.0,0.040445905
1.0,0.05953546
0.0,0.023955055
0.0,0.009352817
0.0,0.05691588
0.0,0.01704273
0.0,0.03885396
0.0,0.037096635
0.0,0.044903867
0.0,0.054578673
0.0,0.10683576
0.0,0.061442513
0.0,0.060475715
0.0,0.04645064
0.0,0.059640106
0.0,0.025943158
0.0,0.02580014
0.0,0.011908283
0.0,0.043736786
0.0,0.07283525
0.0,0.07695715
0.0,0.06539425
0.0,0.038686685
0.0,0.03781831
0.0,0.0461098
0.0,0.07606773
0.0,0.032583036
0.0,0.02397855
0.0,0.09003687
0.0,0.036958423
0.0,0.036808595
0.0,0.15905866
0.0,0.03416624
0.0,0.13096645
0.0,0.08240391
0.0,0.071581826
0.0,0.07223769
0.0,0.06474601
0.0,0.05950597
0.0,0.033068474
0.0,0.061215725
0.0,0.058512922
0.0,0.057825077
0.0,0.016102336
0.0,0.022009201
0.0,0.022504065
0.0,0.056438755
0.0,0.058242712
1.0,0.112418756
0.0,0.08023047
0.0,0.04352678
0.0,0.06804216
0.0,0.065308884
0.0,0.07374256
0.0,0.24663065
0.0,0.053951018
0.0,0.061640035
0.0,0.057718303
0.0,0.0695232
0.0,0.11273547
0.0,0.06718118
0.0,0.029599436
0.0,0.032853793
0.0,0.06079999
0.0,0.06926269
0.0,0.054963294
0.0,0.024406904
0.0,0.028290696
0.0,0.03783162
0.0,0.045608804
0.0,0.07907845
0.0,0.057006802
0.0,0.08961758
0.0,0.08079235
0.0,0.059563357
0.0,0.045313075
0.0,0.05755269
0.0,0.07836972
0.0,0.14243248
0.0,0.087596
0.0,0.058034874
0.0,0.119723365
1.0,0.05720239
0.0,0.038103182
0.0,0.018678334
1.0,0.049745705
0.0,0.025954405
1.0,0.03664216
0.0,0.020686243
0.0,0.032777466
0.0,0.027234856
0.0,0.024578515
2.0,0.20152739
0.0,0.013233451
0.0,0.041417137
0.0,0.050065823
0.0,0.19717696
0.0,0.02273412
0.0,0.07480085
0.0,0.05560315
0.0,0.050562203
0.0,0.038793273
0.0,0.045373466
0.0,0.036974147
0.0,0.02146484
0.0,0.07505377
0.0,0.07253685
0.0,0.06964049
1.0,0.028309522
0.0,0.07009207
0.0,0.08868034
0.0,0.034259506
0.0,0.047369305
0.0,0.0383524
0.0,0.026977478
0.0,0.023524903
0.0,0.01651002
0.0,0.052994825
0.0,0.0323708
0.0,0.0816958
0.0,0.025202805
0.0,0.07355
0.0,0.0807219
0.0,0.046463843
0.0,0.08651461
0.0,0.028510083
0.0,0.06164494
0.0,0.051391266
0.0,0.07431826
0.0,0.018860806
0.0,0.07571239
0.0,0.020920686
0.0,0.041655563
0.0,0.11660366
0.0,0.13267526
0.0,0.02715728
0.0,0.046045315
0.0,0.05043932
0.0,0.03192072
0.0,0.06532374
0.0,0.073425844
0.0,0.025343044
0.0,0.050397053
1.0,0.52454805
0.0,0.064319395
0.0,0.012224635
0.0,0.073302284
0.0,0.08304135
0.0,0.0812021
0.0,0.04552352
0.0,0.031260997
0.0,0.018625762
0.0,0.06726988
0.0,0.013081143
0.0,0.032268804
0.0,0.04139305
0.0,0.025708735
0.0,0.02048033
0.0,0.03997155
0.0,0.015601704
0.0,0.057355795
0.0,0.026890185
0.0,0.015091509
0.0,0.052392002
0.0,0.05310043
0.0,0.027899478
0.0,0.054229006
0.0,0.03404352
0.0,0.04369295
0.0,0.0599141
0.0,0.08882325
0.0,0.042348117
0.0,0.056705475
0.0,0.06674526
0.0,0.042362574
0.0,0.054528054
0.0,0.05870594
0.0,0.055491984
0.0,0.02578676
0.0,0.05823638
0.0,0.060902823
0.0,0.06906234
0.0,0.03233792
0.0,0.016952585
0.0,0.027745714
0.0,0.02640438
0.0,0.052362006
0.0,0.024281224
0.0,0.08811429
0.0,0.040115118
0.0,0.043791547
1.0,0.020730808
0.0,0.061478265
0.0,0.048304573
0.0,0.041266292
0.0,0.050977215
0.0,0.047775008
0.0,0.018441519
0.0,0.088105805
0.0,0.07749794
0.0,0.03248138
0.0,0.067239314
0.0,0.011622366
0.0,0.031922743
0.0,0.034827184
0.0,0.0217017
1.0,0.054669943
0.0,0.047289886
0.0,0.022980694
0.0,0.046209484
0.0,0.019942109
0.0,0.07512975
0.0,0.03922657
0.0,0.036767177
0.0,0.052004863
0.0,0.020671384
0.0,0.05798575
0.0,0.053811483
0.0,0.011918055
0.0,0.057427455
0.0,0.022821467
1.0,0.04905695
0.0,0.05314382
0.0,0.030485874
0.0,0.4681661
0.0,0.07437354
0.0,0.04098981
0.0,0.02527199
0.0,0.019465238
0.0,0.038622156
0.0,0.060924813
0.0,0.058172602
0.0,0.03920015
0.0,0.039717853
0.0,0.04185704
0.0,0.05238216
0.0,0.033391763
0.0,0.036802802
0.0,0.024806548
0.0,0.030426113
0.0,0.07161231
0.0,0.027154082
0.0,0.026852986
0.0,0.040935688
0.0,0.05990006
0.0,0.04741068
0.0,0.05373543
0.0,0.03213333
0.0,0.026992919
0.0,0.120137975
0.0,0.042650186
0.0,0.031639043
0.0,0.18428469
0.0,0.018787911
0.0,0.011905133
0.0,0.026340522
0.0,0.049658988
0.0,0.026297463
0.0,0.06274095
0.0,0.08476286
0.0,0.06784424
0.0,0.026221083
0.0,0.02763002
0.0,0.036267057
0.0,0.055567395
0.0,0.037429433
0.0,0.028060554
1.0,0.06496645
0.0,0.09985319
0.0,0.06163357
0.0,0.058190525
0.0,0.023751844
0.0,0.06672706
0.0,0.015933974
0.0,0.065975
0.0,0.04033041
0.0,0.09201881
1.0,0.020521075
0.0,0.022978283
0.0,0.025308264
0.0,0.10073599
0.0,0.020147339
0.0,0.010575973
0.0,0.046871424
0.0,0.0457767
0.0,0.036553055
0.0,0.031971887
0.0,0.019495223
0.0,0.06994651
0.0,0.058054082
0.0,0.018733859
0.0,0.13175632
0.0,0.076301485
0.0,0.024476834
0.0,0.06651568
0.0,0.058509212
0.0,0.043236144
0.0,0.034962144
0.0,0.05908353
0.0,0.028717883
0.0,0.03183649
0.0,0.02422762
0.0,0.0995381
0.0,0.015335021
0.0,0.04326811
0.0,0.018726643
0.0,0.040488645
0.0,0.062520534
0.0,0.037805777
0.0,0.03418982
0.0,0.06604496
0.0,0.03152044
0.0,0.09711966
0.0,0.06600113
0.0,0.032778434
0.0,0.056978635
0.0,0.05982148
0.0,0.041562688
0.0,0.034959912
0.0,0.047761753
0.0,0.050986208
0.0,0.029461931
0.0,0.041327767
0.0,0.07039068
0.0,0.053425852
0.0,0.07793476
0.0,0.018174162
0.0,0.046640404
0.0,0.06917991
0.0,0.07687217
0.0,0.060914006
0.0,0.032596212
0.0,0.0548075
0.0,0.14212377
0.0,0.040521365
0.0,0.084837824
0.0,0.07536978
0.0,0.037846882
0.0,0.0458079
0.0,0.026984142
0.0,0.034280587
0.0,0.020904034
0.0,0.059969537
0.0,0.04661528
0.0,0.06982423
0.0,0.098957665
0.0,0.03864935
0.0,0.016298922
0.0,0.04968646
0.0,0.061292954
0.0,0.06652613
0.0,0.057660423
0.0,0.06499954
0.0,0.040899374
0.0,0.047325775
0.0,0.08766273
0.0,0.02959592
0.0,0.06483974
0.0,0.04591418
0.0,0.03799144
0.0,0.045576278
0.0,0.012008929
0.0,0.025526008
0.0,0.03507076
0.0,0.08225964
0.0,0.079309896
0.0,0.026138704
0.0,0.062227607
0.0,0.05237574
0.0,0.04263085
0.0,0.045000687
0.0,0.018449452
0.0,0.023945404
0.0,0.026473707
0.0,0.006146258
0.0,0.04323905
0.0,0.037407648
0.0,0.079904035
0.0,0.054546908
0.0,0.019002661
0.0,0.072078764
0.0,0.05746168
0.0,0.017971244
0.0,0.058657546
0.0,0.03074601
0.0,0.01663796
0.0,0.023229118
2.0,0.2044144
0.0,0.06338898
0.0,0.075918764
0.0,0.08638035
0.0,0.04673335
0.0,0.027991757
0.0,0.04708785
1.0,0.05124953
0.0,0.06442701
0.0,0.016560663
0.0,0.036236048
0.0,0.04725553
0.0,0.053681932
0.0,0.084235504
0.0,0.06399519
0.0,0.08455467
0.0,0.057962444
0.0,0.052513484
0.0,0.06745864
0.0,0.02412481
0.0,0.055838
0.0,0.08309973
0.0,0.035666708
0.0,0.04322757
0.0,0.07297676
1.0,0.033661827
0.0,0.0620416
0.0,0.06041755
0.0,0.032037113
0.0,0.08200449
0.0,0.034803677
0.0,0.04337245
0.0,0.04581987
0.0,0.020733843
0.0,0.06668291
0.0,0.053388722
0.0,0.14617725
0.0,0.04548468
0.0,0.067726895
0.0,0.045236588
0.0,0.03816488
0.0,0.07477246
0.0,0.043046866
0.0,0.039334476
1.0,0.035151053
0.0,0.062104885
0.0,0.035998657
0.0,0.054088984
0.0,0.039162673
0.0,0.07340484
0.0,0.053218123
0.0,0.025124632
0.0,0.024394024
0.0,0.08133447
0.0,0.034665562
0.0,0.03291994
0.0,0.045179375
0.0,0.07643325
0.0,0.017704211
0.0,0.0470422
0.0,0.058560487
0.0,0.06350252
0.0,0.030005135
0.0,0.019816114
0.0,0.21445554
0.0,0.066433266
0.0,0.024764875
0.0,0.056044944
0.0,0.027214345
0.0,0.015488789
0.0,0.064368546
0.0,0.038981132
0.0,0.03737832
0.0,0.06511677
0.0,0.06166658
0.0,0.02371365
0.0,0.010838118
1.0,0.04962973
0.0,0.013548056
0.0,0.07021072
0.0,0.005427205
0.0,0.050757412
0.0,0.025196161
0.0,0.047912005
0.0,0.05228319
0.0,0.046508662
0.0,0.008654072
0.0,0.059861142
0.0,0.023663452
0.0,0.04771625
0.0,0.03816892
0.0,0.04366246
0.0,0.052654322
0.0,0.010735434
0.0,0.031710375
0.0,0.04429053
0.0,0.06624418
0.0,0.023994185
0.0,0.041911125
0.0,0.064086355
0.0,0.06651279
0.0,0.031259775
0.0,0.041018102
0.0,0.061508335
0.0,0.06461595
0.0,0.02743637
0.0,0.04458855
2.0,0.20067346
0.0,0.038350664
0.0,0.05220639
0.0,0.048065342
0.0,0.016426215
0.0,0.06956604
0.0,0.039954323
0.0,0.021439848
0.0,0.02968839
0.0,0.024610672
0.0,0.04790949
0.0,0.07230348
0.0,0.08421615
0.0,0.026565133
0.0,0.027089717
0.0,0.0798573
0.0,0.057337884
0.0,0.02721341
0.0,0.04571122
0.0,0.024466693
0.0,0.034340285
0.0,0.06052548
0.0,0.043408263
1.0,0.059075586
0.0,0.108755015
0.0,0.051671043
0.0,0.026458183
0.0,0.06073488
0.0,0.06900161
0.0,0.050638907
0.0,0.035881132
0.0,0.04606141
0.0,0.045199115
0.0,0.034334343
0.0,0.031486027
0.0,0.022769108
1.0,0.060924914
0.0,0.027035866
0.0,0.02407883
0.0,0.060774714
0.0,0.05920333
0.0,0.048629627
0.0,0.059043087
0.0,0.02704368
0.0,0.1196506
0.0,0.033995897
0.0,0.07168059
0.0,0.104743496
0.0,0.02591351
0.0,0.017053714
0.0,0.060516246
0.0,0.07304275
0.0,0.054811236
1.0,0.41495705
0.0,0.05927874
0.0,0.045781218
0.0,0.028046347
0.0,0.096745275
0.0,0.029042978
0.0,0.030125171
0.0,0.028482186
0.0,0.023379669
0.0,0.031134596
0.0,0.052119855
0.0,0.01654235
0.0,0.06207217
0.0,0.075546324
0.0,0.00961239
0.0,0.016930452
0.0,0.02849403
0.0,0.033930127
1.0,0.012688391
0.0,0.04905405
1.0,0.052895352
0.0,0.03901241
0.0,0.0201994
0.0,0.03638684
0.0,0.021520868
0.0,0.046718307
0.0,0.05137723
0.0,0.07117637
0.0,0.022950511
0.0,0.06653899
0.0,0.040820874
0.0,0.06929493
0.0,0.100180455
0.0,0.03848138
0.0,0.028528918
0.0,0.10189455
0.0,0.048184186
0.0,0.03438151
0.0,0.010346727
0.0,0.06793726
0.0,0.036263634
0.0,0.04135292
0.0,0.07095188
0.0,0.028867409
0.0,0.07320661
0.0,0.04480319
0.0,0.031878114
0.0,0.038468465
0.0,0.03467629
0.0,0.06092766
0.0,0.0411039
0.0,0.040084943
0.0,0.10964254
0.0,0.059925172
0.0,0.057201315
0.0,0.028529366
0.0,0.049390223
0.0,0.0448149
0.0,0.032132763
0.0,0.053359147
0.0,0.060193542
0.0,0.035257954
0.0,0.020942906
0.0,0.055707023
0.0,0.035726164
0.0,0.014723845
0.0,0.035392117
0.0,0.06814008
0.0,0.05427415
0.0,0.047491252
0.0,0.058017112
0.0,0.04169604
0.0,0.052368626
0.0,0.08838612
0.0,0.02687703
0.0,0.044266164
0.0,0.045151595
0.0,0.04961998
0.0,0.035705727
0.0,0.06747496
0.0,0.013661524
0.0,0.061847582
0.0,0.07631691
0.0,0.062893026
0.0,0.030891303
0.0,0.028540945
0.0,0.02344272
0.0,0.047695525
0.0,0.05739333
2.0,0.10855171
0.0,0.0069279433
0.0,0.0719877
0.0,0.075871915
0.0,0.035185166
0.0,0.05357596
0.0,0.049724553
0.0,0.17565422
0.0,0.021809537
0.0,0.50060403
0.0,0.09277047
0.0,0.06530985
0.0,0.08241054
0.0,0.031649966
0.0,0.052859347
1.0,0.07572438
0.0,0.038378507
0.0,0.02699942
0.0,0.087913975
0.0,0.10149793
0.0,0.039083518
0.0,0.080801636
0.0,0.034459274
0.0,0.08692004
0.0,0.07170497
0.0,0.069460735
0.0,0.015741168
0.0,0.0753095
0.0,0.020106722
0.0,0.022943467
0.0,0.031305347
0.0,0.05096698
0.0,0.0584129
0.0,0.07384744
0.0,0.05599032
0.0,0.022913586
0.0,0.04661426
0.0,0.017006224
0.0,0.030498872
0.0,0.013967503
1.0,0.055103112
0.0,0.03419921
0.0,0.038739353
0.0,0.08446123
0.0,0.02702098
0.0,0.08662135
0.0,0.06738716
0.0,0.046095245
0.0,0.026098588
0.0,0.027657371
0.0,0.031084782
0.0,0.08530584
1.0,0.06318665
0.0,0.035222683
0.0,0.028858408
0.0,0.02539644
0.0,0.030197887
0.0,0.080662
0.0,0.022865267
0.0,0.023522804
0.0,0.084556565
0.0,0.039584726
0.0,0.012727166
0.0,0.056702908
0.0,0.04196992
0.0,0.058127806
0.0,0.026229387
0.0,0.07565061
0.0,0.033052363
0.0,0.026252547
0.0,0.047573347
0.0,0.03837049
0.0,0.043084342
0.0,0.020973636
0.0,0.081174634
0.0,0.07777031
0.0,0.04182735
0.0,0.027918627
0.0,0.0468934
0.0,0.03593462
0.0,0.0745319
0.0,0.05448821
0.0,0.018430222
3.0,0.0706051
0.0,0.021541473
0.0,0.060582638
0.0,0.048895042
0.0,0.05187711
0.0,0.013351209
0.0,0.035882447
0.0,0.016635787
0.0,0.01463943
0.0,0.020090343
0.0,0.07886405
0.0,0.046220988
1.0,0.07238116
1.0,0.02768285
0.0,0.051128145
0.0,0.094903186
0.0,0.052131064
1.0,0.064778894
0.0,0.025814747
0.0,0.012716344
0.0,0.03287431
0.0,0.038849235
0.0,0.019934094
0.0,0.025167426
0.0,0.07014232
0.0,0.038786117
0.0,0.05897789
0.0,0.073797986
0.0,0.03295894
0.0,0.024238145
0.0,0.09739825
0.0,0.04560917
0.0,0.021142911
0.0,0.05242779
0.0,0.043482862
0.0,0.110003985
0.0,0.020817544
0.0,0.06454749
0.0,0.050931998
0.0,0.02210099
0.0,0.05785493
0.0,0.082621925
0.0,0.015495187
0.0,0.057091445
0.0,0.088743724
0.0,0.024348935
0.0,0.0706215
0.0,0.051383793
0.0,0.030485366
0.0,0.0163062
0.0,0.07112355
0.0,0.067802615
0.0,0.050698146
0.0,0.08266328
2.0,0.077399686
0.0,0.017154716
0.0,0.051636733
0.0,0.030764457
0.0,0.004194799
0.0,0.08206931
1.0,0.03517468
1.0,0.0813401
0.0,0.057792205
0.0,0.063329235
0.0,0.054136563
0.0,0.07714901
0.0,0.081989706
0.0,0.018513422
0.0,0.03566989
0.0,0.013462432
0.0,0.055280518
0.0,0.05604131
0.0,0.031361822
0.0,0.047769815
0.0,0.058042277
0.0,0.17664072
0.0,0.067772105
0.0,0.04997976
0.0,0.06879808
0.0,0.03696549
0.0,0.08104876
0.0,0.025035143
0.0,0.064845
1.0,0.06480648
0.0,0.013927108
0.0,0.03464056
0.0,0.019530598
0.0,0.027348308
0.0,0.076656245
0.0,0.024544153
0.0,0.02223847
0.0,0.051667053
0.0,0.04282487
0.0,0.048476152
0.0,0.049873415
0.0,0.080675095
0.0,0.043232433
0.0,0.04621779
0.0,0.042003494
0.0,0.06330262
0.0,0.04258993
0.0,0.08432967
0.0,0.054285638
0.0,0.075154044
1.0,0.024648067
1.0,0.034852654
0.0,0.0601216
0.0,0.028106017
0.0,0.017576978
0.0,0.019892134
0.0,0.013032964
0.0,0.011508206
0.0,0.06895847
0.0,0.04916615
0.0,0.099260025
0.0,0.080069415
0.0,0.03465528
0.0,0.04621614
0.0,0.021982487
0.0,0.043795474
0.0,0.046053745
1.0,0.20598312
0.0,0.040454295
0.0,0.07818291
0.0,0.027029086
0.0,0.05672127
0.0,0.029872725
0.0,0.024121119
0.0,0.056971706
0.0,0.058069974
0.0,0.0702431
0.0,0.04572903
0.0,0.06104232
0.0,0.04262943
0.0,0.08871468
0.0,0.045546535
0.0,0.08195875
0.0,0.1786384
0.0,0.015345957
0.0,0.047461756
0.0,0.042238567
0.0,0.07407711
0.0,0.029273361
0.0,0.065985024
0.0,0.02112152
0.0,0.041203707
0.0,0.011293853
0.0,0.052383833
0.0,0.057614677
0.0,0.02479503
0.0,0.046238713
0.0,0.07235105
0.0,0.09701008
0.0,0.01782169
0.0,0.023405079
0.0,0.06679426
0.0,0.031201579
0.0,0.02879463
0.0,0.061044313
1.0,0.025033567
0.0,0.070658386
0.0,0.04314131
0.0,0.016359204
1.0,0.059275873
0.0,0.08021811
0.0,0.0200078
0.0,0.043141924
1.0,0.053523995
0.0,0.042809438
0.0,0.060504705
0.0,0.18616222
0.0,0.15982138
0.0,0.040708505
0.0,0.0503476
0.0,0.039968938
0.0,0.0775916
0.0,0.038837824
0.0,0.053583957
0.0,0.020097932
0.0,0.073008016
0.0,0.0576084
0.0,0.031399112
0.0,0.038951848
0.0,0.026231024
0.0,0.079289496
0.0,0.095237814
0.0,0.038364872
0.0,0.06806596
0.0,0.08779423
0.0,0.03469943
0.0,0.08673878
0.0,0.021697653
0.0,0.028520932
0.0,0.057809416
0.0,0.078516856
0.0,0.20238703
0.0,0.05232372
0.0,0.06124507
0.0,0.038116522
0.0,0.032078814
0.0,0.09152144
0.0,0.08294779
0.0,0.04169338
0.0,0.035053104
0.0,0.041183278
0.0,0.03828516
0.0,0.07528715
0.0,0.07467982
0.0,0.025905665
0.0,0.013795334
0.0,0.060720995
0.0,0.059547015
0.0,0.043293063
0.0,0.03478513
0.0,0.02768825
0.0,0.024630666
0.0,0.040555116
0.0,0.04888003
0.0,0.020895943
0.0,0.09302749
0.0,0.015726928
0.0,0.0504938
0.0,0.063534595
0.0,0.028762517
0.0,0.025567694
0.0,0.055048488
0.0,0.12116114
1.0,0.14748007
0.0,0.033560265
1.0,0.07432973
0.0,0.08319149
0.0,0.023579944
0.0,0.039940894
0.0,0.06533038
0.0,0.061579105
0.0,0.067861356
0.0,0.010708005
0.0,0.026673162
0.0,0.080420405
0.0,0.034631543
0.0,0.07972374
0.0,0.009663365
0.0,0.024677608
0.0,0.09064971
0.0,0.025279474
0.0,0.019694444
0.0,0.046094805
0.0,0.050416667
0.0,0.044269018
0.0,0.030961925
0.0,0.0128309745
0.0,0.075711206
0.0,0.026822401
0.0,0.092858896
0.0,0.07134573
0.0,0.06188077
0.0,0.037211597
0.0,0.07151944
0.0,0.012870854
0.0,0.046914086
0.0,0.05942289
0.0,0.038334228
1.0,0.09127133
0.0,0.048593417
0.0,0.018144757
0.0,0.12698022
0.0,0.024568485
0.0,0.06045428
0.0,0.06253249
0.0,0.03724511
0.0,0.03217247
0.0,0.06307146
0.0,0.019535301
0.0,0.03576905
0.0,0.033326816
0.0,0.063471004
0.0,0.1275442
0.0,0.060029015
0.0,0.04198229
0.0,0.024060499
0.0,0.05394194
0.0,0.07159499
0.0,0.07387238
0.0,0.027133115
0.0,0.026119044
0.0,0.029577708
0.0,0.01516028
0.0,0.069797605
0.0,0.072978534
0.0,0.071477644
0.0,0.24153881
0.0,0.018458815
0.0,0.050326068
0.0,0.06880687
0.0,0.06290675
0.0,0.07062857
0.0,0.029097814
0.0,0.02319743
0.0,0.051935848
0.0,0.1034732
0.0,0.019353824
0.0,0.07834682
0.0,0.06231012
0.0,0.04371208
0.0,0.088670805
0.0,0.04048998
1.0,0.1698981
0.0,0.059330124
0.0,0.0477656
0.0,0.065801576
0.0,0.06134956
0.0,0.12459258
0.0,0.056993444
0.0,0.0262454
0.0,0.037463076
0.0,0.022923738
0.0,0.044972714
0.0,0.04586333
0.0,0.021508044
0.0,0.03678961
1.0,0.06665438
0.0,0.050697688
0.0,0.017754242
0.0,0.033234343
0.0,0.04685739
0.0,0.01685594
0.0,0.009116994
0.0,0.03408634
0.0,0.015295534
0.0,0.023221012
0.0,0.04449563
0.0,0.05025933
0.0,0.026378846
1.0,0.041067224
0.0,0.09589847
0.0,0.067255825
0.0,0.06371682
0.0,0.055091366
0.0,0.036572617
0.0,0.08772177
0.0,0.15473141
0.0,0.03802363
2.0,0.16405526
0.0,0.017525006
0.0,0.017467082
0.0,0.05123113
0.0,0.046963125
0.0,0.048020236
0.0,0.029018946
0.0,0.017679831
0.0,0.028947301
0.0,0.021715311
0.0,0.034118682
0.0,0.04341764
0.0,0.036561023
0.0,0.040423077
0.0,0.03227259
1.0,0.11575316
0.0,0.032167703
1.0,0.06514305
0.0,0.041839182
0.0,0.1271419
0.0,0.059335075
0.0,0.03477677
0.0,0.064622276
0.0,0.05232574
0.0,0.043844514
0.0,0.02348078
2.0,0.03343386
0.0,0.013892677
0.0,0.0783087
0.0,0.07251607
0.0,0.063546166
0.0,0.045872778
0.0,0.12105552
0.0,0.054531172
0.0,0.067299485
0.0,0.023674682
0.0,0.042173825
0.0,0.046460874
0.0,0.019454846
0.0,0.035775773
0.0,0.038169246
0.0,0.041857
0.0,0.039351642
1.0,0.024714395
0.0,0.09275282
0.0,0.14277859
0.0,0.038687628
0.0,0.03638769
0.0,0.06430061
0.0,0.06048281
0.0,0.05994535
0.0,0.047067218
0.0,0.021732021
0.0,0.051655747
0.0,0.06064893
0.0,0.04210456
0.0,0.062169354
1.0,0.06819495
0.0,0.055472407
0.0,0.023278518
0.0,0.040770512
0.0,0.048367884
1.0,0.01327193
1.0,0.068659715
0.0,0.07023171
0.0,0.1861225
0.0,0.03889177
0.0,0.06163567
0.0,0.11187595
0.0,0.06926018
0.0,0.0181653
0.0,0.0910193
1.0,0.13741958
0.0,0.020843001
0.0,0.06034813
0.0,0.03852991
0.0,0.032699615
0.0,0.05272306
0.0,0.040726446
0.0,0.057108354
0.0,0.043281876
0.0,0.091399685
0.0,0.045973968
0.0,0.043022897
0.0,0.026236229
0.0,0.048178032
0.0,0.046489418
0.0,0.022646915
0.0,0.01675105
0.0,0.012572647
1.0,0.04999323
0.0,0.030799435
0.0,0.273934
0.0,0.054686498
0.0,0.081984
0.0,0.02355048
0.0,0.028160334
1.0,0.0906453
0.0,0.037741438
0.0,0.051321402
0.0,0.023514796
0.0,0.08558663
0.0,0.04720403
0.0,0.038976558
0.0,0.032116022
0.0,0.029449783
0.0,0.027946824
0.0,0.05220731
0.0,0.21171668
0.0,0.013326169
0.0,0.058346227
0.0,0.015197787
1.0,0.088563114
0.0,0.067162775
0.0,0.035586234
0.0,0.054444186
0.0,0.035540044
0.0,0.067391425
0.0,0.062450517
0.0,0.08856157
0.0,0.056328215
0.0,0.053679474
0.0,0.049833074
0.0,0.06251061
0.0,0.045765787
0.0,0.012873518
0.0,0.032522716
0.0,0.04137841
0.0,0.025931075
0.0,0.021181278
0.0,0.05241137
0.0,0.022318656
0.0,0.056687634
0.0,0.029200628
0.0,0.054685403
0.0,0.05792716
0.0,0.030651607
0.0,0.026281819
0.0,0.058878113
0.0,0.02442261
0.0,0.05946263
0.0,0.044883184
0.0,0.052052
0.0,0.056897618
1.0,0.06511457
0.0,0.034786157
1.0,0.04782349
0.0,0.03015692
0.0,0.08233479
0.0,0.041188896
0.0,0.0142799
0.0,0.07020051
0.0,0.035160005
0.0,0.033442292
0.0,0.1027498
0.0,0.030998088
0.0,0.024885334
0.0,0.04749064
0.0,0.009626077
0.0,0.028777018
0.0,0.009766519
0.0,0.036444698
0.0,0.06285922
0.0,0.019670118
0.0,0.02694282
0.0,0.04514849
0.0,0.06444835
0.0,0.024260832
0.0,0.054989956
0.0,0.06952787
0.0,0.024095252
0.0,0.061935455
0.0,0.21797854
0.0,0.040888123
0.0,0.056107033
0.0,0.01910194
0.0,0.032926124
0.0,0.024393152
1.0,0.0971054
0.0,0.021038573
0.0,0.051786184
0.0,0.07197373
0.0,0.03464532
0.0,0.015954234
0.0,0.04297582
0.0,0.05592831
0.0,0.047020804
0.0,0.021151382
0.0,0.047734432
0.0,0.017147101
0.0,0.03671359
0.0,0.023171835
0.0,0.0960975
0.0,0.079605386
0.0,0.08707162
0.0,0.072460696
0.0,0.02217612
0.0,0.0706136
0.0,0.04722564
0.0,0.04825519
0.0,0.08354175
0.0,0.067270644
0.0,0.15487446
0.0,0.05044507
0.0,0.024961608
0.0,0.051253635
0.0,0.0068597565
0.0,0.022093214
0.0,0.036466114
0.0,0.064837456
0.0,0.06793401
0.0,0.069520086
0.0,0.029238764
0.0,0.06339382
0.0,0.04355188
0.0,0.04305399
0.0,0.032563698
0.0,0.061542384
0.0,0.055477645
0.0,0.100239515
0.0,0.08958393
0.0,0.10466486
0.0,0.038414337
0.0,0.034320217
0.0,0.039526727
0.0,0.030575128
0.0,0.013705422
1.0,0.049256284
1.0,0.04402025
0.0,0.021963418
0.0,0.041214436
0.0,0.07998848
0.0,0.07925521
0.0,0.109731615
0.0,0.06625922
0.0,0.040962886
0.0,0.013066772
0.0,0.06568945
0.0,0.009263741
0.0,0.06063797
0.0,0.02440531
0.0,0.05470567
0.0,0.070131004
0.0,0.04016182
0.0,0.15237936
1.0,0.06124602
0.0,0.030241275
0.0,0.04177778
0.0,0.058563363
0.0,0.034855295
0.0,0.07104904
0.0,0.015223615
0.0,0.07025512
0.0,0.03454665
0.0,0.03964833
0.0,0.047009595
0.0,0.02503321
0.0,0.048309453
0.0,0.05883994
0.0,0.023190737
0.0,0.019088855
0.0,0.01730958
0.0,0.043480914
0.0,0.045360032
0.0,0.07281037
0.0,0.054867454
0.0,0.04702273
0.0,0.018865285
0.0,0.040924463
0.0,0.025013724
0.0,0.02276213
0.0,0.06986153
0.0,0.07225819
0.0,0.05631003
0.0,0.05842304
0.0,0.022444665
0.0,0.07087049
0.0,0.052648626
0.0,0.04253487
0.0,0.06616223
0.0,0.067758985
0.0,0.060661856
0.0,0.032550145
0.0,0.029555192
0.0,0.04721211
0.0,0.039769303
0.0,0.03402103
0.0,0.039865736
0.0,0.026772644
0.0,0.13747557
0.0,0.09425826
0.0,0.024803165
0.0,0.04330547
0.0,0.024691427
0.0,0.021672165
0.0,0.05349537
0.0,0.02322675
0.0,0.010375215
0.0,0.02008544
0.0,0.056694094
0.0,0.018627761
1.0,0.063855745
0.0,0.08488618
0.0,0.07346947
0.0,0.024149511
0.0,0.04542993
0.0,0.064733416
1.0,0.14282574
0.0,0.058565177
0.0,0.028708477
0.0,0.0276132
0.0,0.044938974
0.0,0.1019352
0.0,0.092060156
0.0,0.0729556
1.0,0.087816566
1.0,0.036990527
0.0,0.015642146
0.0,0.06371499
0.0,0.08611537
0.0,0.016319219
1.0,0.21270736
0.0,0.05300986
0.0,0.07429989
0.0,0.08380019
0.0,0.044551063
0.0,0.069432326
0.0,0.067490794
0.0,0.013909865
0.0,0.031461533
0.0,0.08657688
0.0,0.08629
0.0,0.06814861
0.0,0.03252808
0.0,0.022210717
0.0,0.02626676
0.0,0.047462255
0.0,0.0120466845
0.0,0.019596767
0.0,0.030174254
1.0,0.04594743
0.0,0.07801172
0.0,0.03343129
0.0,0.066067666
0.0,0.0843954
0.0,0.019266792
0.0,0.05868776
0.0,0.039630562
0.0,0.04465102
1.0,0.07333033
0.0,0.02649702
0.0,0.04721069
0.0,0.03913633
1.0,0.0663522
0.0,0.019956645
0.0,0.049993705
0.0,0.078715555
0.0,0.040352784
0.0,0.02948647
0.0,0.08524898
0.0,0.027952729
0.0,0.091899194
0.0,0.06517946
0.0,0.023215666
0.0,0.015280189
0.0,0.011061804
0.0,0.03025691
0.0,0.052027386
0.0,0.046695657
0.0,0.06901411
0.0,0.023862675
0.0,0.02259709
0.0,0.05739935
0.0,0.024419501
0.0,0.059178155
0.0,0.05486952
0.0,0.023833428
0.0,0.024633955
0.0,0.045369163
0.0,0.018634645
0.0,0.014697351
0.0,0.20238754
0.0,0.013437061
0.0,0.021527087
0.0,0.038956866
0.0,0.06578055
0.0,0.05638505
0.0,0.021137297
0.0,0.032078814
0.0,0.07606935
0.0,0.0667146
0.0,0.043865047
0.0,0.026410185
0.0,0.024699587
0.0,0.028607614
0.0,0.0711206
0.0,0.032455713
0.0,0.014712328
0.0,0.07216345
0.0,0.10051319
0.0,0.05862511
0.0,0.014730868
0.0,0.052567497
0.0,0.029023997
0.0,0.019643366
0.0,0.056857992
0.0,0.046364028
0.0,0.07862912
0.0,0.052919395
0.0,0.068835385
0.0,0.07490711
0.0,0.038293265
0.0,0.038385533
0.0,0.032458033
0.0,0.06669989
0.0,0.020755872
0.0,0.08696411
0.0,0.05011799
0.0,0.030034536
0.0,0.07083198
0.0,0.02113092
0.0,0.03171254
0.0,0.056180254
0.0,0.03613733
0.0,0.059059054
0.0,0.04142231
0.0,0.02501445
0.0,0.008042842
0.0,0.06319046
0.0,0.09988926
0.0,0.050182484
0.0,0.06913633
0.0,0.038179968
0.0,0.021471236
0.0,0.07412965
0.0,0.017303308
0.0,0.113832735
0.0,0.049870275
0.0,0.07297839
0.0,0.04575686
0.0,0.0826882
0.0,0.07730119
0.0,0.0786478
0.0,0.044293195
0.0,0.015589835
0.0,0.04508254
0.0,0.0752813
0.0,0.017696152
0.0,0.0367988
0.0,0.038952406
0.0,0.05039148
0.0,0.10118619
0.0,0.08736507
0.0,0.044584002
0.0,0.07632106
0.0,0.054265015
0.0,0.053737175
0.0,0.020113837
0.0,0.050618965
0.0,0.01783412
0.0,0.056774225
0.0,0.05709357
0.0,0.030611541
0.0,0.0957855
0.0,0.046554748
0.0,0.041752107
0.0,0.06523331
0.0,0.026075762
0.0,0.050049923
0.0,0.035493333
0.0,0.04752877
0.0,0.05846247
0.0,0.05898678
0.0,0.049555406
0.0,0.05477395
0.0,0.050620172
0.0,0.04315707
0.0,0.053750217
0.0,0.0751816
0.0,0.03565166
0.0,0.07259329
0.0,0.092565574
0.0,0.03953783
1.0,0.03578031
0.0,0.041687176
0.0,0.06285623
0.0,0.061080668
1.0,0.052543942
0.0,0.053885177
0.0,0.21682695
0.0,0.016215302
0.0,0.08145044
0.0,0.051650573
0.0,0.060599063
1.0,0.053338796
0.0,0.07088087
0.0,0.0981031
0.0,0.026950195
0.0,0.023546955
0.0,0.04352987
0.0,0.049752727
0.0,0.086556986
0.0,0.09659378
0.0,0.04016272
0.0,0.039618697
0.0,0.04644061
0.0,0.06920954
0.0,0.0646451
0.0,0.040294617
0.0,0.05490645
0.0,0.048547976
0.0,0.054650523
0.0,0.03695506
0.0,0.04712318
0.0,0.07258281
0.0,0.08198228
0.0,0.20017569
0.0,0.04828746
0.0,0.044630267
0.0,0.03434852
0.0,0.050668035
0.0,0.06242295
0.0,0.023035713
0.0,0.055263862
0.0,0.107463405
0.0,0.043109886
0.0,0.08331623
0.0,0.03301262
0.0,0.013845722
0.0,0.16679208
0.0,0.084012
0.0,0.036301404
0.0,0.039596014
0.0,0.021155266
0.0,0.09081327
0.0,0.051849414
0.0,0.079927206
0.0,0.020529158
0.0,0.019782634
0.0,0.031535536
0.0,0.0059841904
0.0,0.10114293
0.0,0.088285
0.0,0.038830157
0.0,0.06413133
0.0,0.015607672
0.0,0.04527416
0.0,0.05361846
0.0,0.031732626
0.0,0.02600831
0.0,0.029450947
0.0,0.06536051
0.0,0.049051523
0.0,0.0712573
0.0,0.03896879
0.0,0.0266972
0.0,0.033909135
0.0,0.024600923
0.0,0.043747425
1.0,0.101245366
0.0,0.04490757
0.0,0.02798535
0.0,0.07094946
0.0,0.08797667
0.0,0.03996913
0.0,0.05697244
0.0,0.026212357
0.0,0.057990283
0.0,0.06319851
0.0,0.028675491
0.0,0.018611629
0.0,0.0636061
0.0,0.035436902
0.0,0.020870907
0.0,0.018725678
0.0,0.04517205
0.0,0.03151252
0.0,0.031640295
0.0,0.018346049
0.0,0.029936008
0.0,0.023639893
0.0,0.065275416
0.0,0.07557499
0.0,0.049059853
1.0,0.04169986
0.0,0.024581049
1.0,0.06412793
0.0,0.063084364
0.0,0.13169825
0.0,0.08825255
0.0,0.055384472
0.0,0.1303322
0.0,0.07374357
0.0,0.08072215
0.0,0.05580776
0.0,0.05053333
0.0,0.021711243
0.0,0.055310473
0.0,0.12609553
0.0,0.013195123
0.0,0.02072973
0.0,0.028043566
0.0,0.011432208
0.0,0.025895018
0.0,0.014783805
0.0,0.04944416
0.0,0.014381155
0.0,0.025020737
0.0,0.026299482
0.0,0.041158207
0.0,0.06336737
0.0,0.12105575
0.0,0.095671564
0.0,0.056517974
0.0,0.05877501
0.0,0.1769368
0.0,0.023269983
1.0,0.061141133
0.0,0.0831199
0.0,0.03814596
0.0,0.041744962
0.0,0.054657534
0.0,0.062101893
0.0,0.021603718
0.0,0.052960694
0.0,0.03859629
0.0,0.0178932
0.0,0.048483364
0.0,0.087496474
0.0,0.13404788
0.0,0.028051483
0.0,0.043903783
0.0,0.04224578
0.0,0.13757652
0.0,0.083183065
0.0,0.067219704
0.0,0.05187323
0.0,0.043337718
0.0,0.08138078
0.0,0.063937314
0.0,0.051143117
0.0,0.07975975
0.0,0.014535947
1.0,0.083977915
0.0,0.1574029
0.0,0.016293786
0.0,0.062337045
0.0,0.106138945
0.0,0.04496
0.0,0.031281665
0.0,0.013576335
1.0,0.08474924
0.0,0.043983363
0.0,0.038073268
0.0,0.07721519
0.0,0.0830739
0.0,0.061248805
0.0,0.038736988
0.0,0.043776996
0.0,0.021693517
0.0,0.03621903
0.0,0.089792915
0.0,0.104860984
0.0,0.025854735
0.0,0.08542868
0.0,0.045325242
0.0,0.02176556
0.0,0.03773057
0.0,0.0155387595
0.0,0.029868908
0.0,0.030366948
0.0,0.062478904
0.0,0.03578502
0.0,0.058821302
0.0,0.025590405
0.0,0.044096597
0.0,0.0777127
0.0,0.02539075
0.0,0.038378086
0.0,0.029149823
0.0,0.047993656
0.0,0.08857325
0.0,0.034076735
0.0,0.038209673
0.0,0.019926216
0.0,0.042166967
1.0,0.06117846
0.0,0.1160309
0.0,0.07531146
0.0,0.055604585
0.0,0.023353152
0.0,0.09956436
0.0,0.05809415
0.0,0.04730069
0.0,0.03994678
0.0,0.054470673
0.0,0.050614115
0.0,0.051525094
0.0,0.07311138
0.0,0.031203706
0.0,0.03162156
0.0,0.061981574
0.0,0.028579049
0.0,0.031423423
0.0,0.06796514
0.0,0.038264044
0.0,0.056621
0.0,0.06291993
0.0,0.023342151
0.0,0.08965331
0.0,0.058179647
0.0,0.02214704
0.0,0.060147192
0.0,0.02487047
0.0,0.051576715
0.0,0.09948086
1.0,0.07026034
0.0,0.022943335
0.0,0.03800295
0.0,0.04131782
0.0,0.025309205
0.0,0.03920327
0.0,0.06892857
0.0,0.044115968
0.0,0.028978623
0.0,0.026503641
0.0,0.03090104
0.0,0.014301024
0.0,0.05226998
0.0,0.048850134
0.0,0.018195745
0.0,0.05932315
0.0,0.03146572
0.0,0.0562393
0.0,0.060774338
0.0,0.029296694
0.0,0.04465262
0.0,0.0752617
0.0,0.026631212
0.0,0.1612339
0.0,0.024401762
0.0,0.057048503
0.0,0.047363386
0.0,0.03975986
0.0,0.03541636
0.0,0.008238938
0.0,0.06000552
0.0,0.010433703
0.0,0.012002437
0.0,0.030108858
0.0,0.046080567
0.0,0.0792292
0.0,0.029757056
0.0,0.05511257
0.0,0.08072953
0.0,0.018862784
0.0,0.03687347
1.0,0.0556358
0.0,0.042166445
0.0,0.06488933
0.0,0.046569467
0.0,0.026994592
0.0,0.0500248
0.0,0.05240737
0.0,0.05561686
0.0,0.06511404
1.0,0.13554743
0.0,0.07258744
0.0,0.06757502
0.0,0.032649413
1.0,0.07034402
0.0,0.03278603
0.0,0.0547416
0.0,0.05995261
0.0,0.046446763
1.0,0.030857794
0.0,0.018704796
0.0,0.040035356
0.0,0.041757483
0.0,0.030924596
0.0,0.057373013
0.0,0.060215704
0.0,0.048609897
0.0,0.015006667
0.0,0.0226104
0.0,0.055485874
0.0,0.055291247
0.0,0.05437276
0.0,0.035511278
1.0,0.071821004
0.0,0.047905765
0.0,0.022107694
0.0,0.06541142
0.0,0.066487014
0.0,0.049817536
0.0,0.023157023
0.0,0.025888685
0.0,0.075880855
0.0,0.08177001
0.0,0.11554964
0.0,0.010887913
0.0,0.042308472
0.0,0.029971974
1.0,0.046721853
0.0,0.010200057
0.0,0.09114134
0.0,0.061082095
0.0,0.056014005
0.0,0.058747694
0.0,0.067955524
0.0,0.028783262
0.0,0.0624708
1.0,0.079982504
0.0,0.03157199
1.0,0.059748042
0.0,0.06615319
0.0,0.07463895
0.0,0.050416548
0.0,0.01646354
0.0,0.05926708
0.0,0.06884494
0.0,0.06584889
0.0,0.024384325
0.0,0.050328013
0.0,0.012162277
0.0,0.03193477
0.0,0.016589407
0.0,0.075604275
0.0,0.015417344
0.0,0.04489971
1.0,0.049422994
0.0,0.1612148
0.0,0.1345155
0.0,0.02102718
0.0,0.10120849
0.0,0.05229426
0.0,0.06479408
0.0,0.022995042
0.0,0.057110667
0.0,0.08981394
0.0,0.1073567
0.0,0.10163586
0.0,0.024830572
0.0,0.013056508
0.0,0.08160001
0.0,0.05809839
0.0,0.0667276
0.0,0.024434399
0.0,0.020008698
0.0,0.0071792104
0.0,0.033331122
0.0,0.12448726
0.0,0.018975914
0.0,0.02531559
0.0,0.019555116
0.0,0.019180186
0.0,0.07469157
0.0,0.08744626
0.0,0.048311986
0.0,0.021475393
0.0,0.060975324
0.0,0.08082025
0.0,0.04838491
0.0,0.040049523
0.0,0.036159273
0.0,0.028495213
0.0,0.079454795
0.0,0.033401065
0.0,0.05604783
0.0,0.041181706
0.0,0.03649358
0.0,0.06742902
0.0,0.033468965
0.0,0.023686156
0.0,0.024414727
0.0,0.06522081
0.0,0.07147349
0.0,0.05842226
0.0,0.055878405
0.0,0.052094188
0.0,0.07634495
0.0,0.09830621
0.0,0.23203348
1.0,0.20510411
0.0,0.024954967
0.0,0.052668035
0.0,0.0736587
0.0,0.034659363
0.0,0.019736242
1.0,0.074206576
0.0,0.019384358
0.0,0.04784801
0.0,0.07382347
0.0,0.02716763
0.0,0.041825596
0.0,0.04104943
0.0,0.10527885
0.0,0.035577126
0.0,0.07816623
0.0,0.08117312
0.0,0.030414348
0.0,0.056508932
0.0,0.027851334
0.0,0.024814025
0.0,0.05900757
0.0,0.036170844
0.0,0.12515922
0.0,0.042653278
0.0,0.011998077
0.0,0.07481528
0.0,0.061353073
0.0,0.02606736
0.0,0.018401893
0.0,0.029672056
0.0,0.0360838
1.0,0.09804826
0.0,0.019004518
0.0,0.030837717
0.0,0.06849683
1.0,0.048383664
0.0,0.054216236
0.0,0.066528045
0.0,0.042941734
0.0,0.06856415
0.0,0.057588764
1.0,0.029886203
0.0,0.013474956
0.0,0.1659688
0.0,0.014759456
1.0,0.05730119
0.0,0.03697284
0.0,0.056063842
0.0,0.034357596
0.0,0.13415362
0.0,0.094551004
0.0,0.048796613
0.0,0.06594149
0.0,0.03843689
0.0,0.07159359
0.0,0.06009099
1.0,0.083680935
0.0,0.042979755
0.0,0.015035575
0.0,0.07383618
0.0,0.098540895
0.0,0.035155296
0.0,0.07380954
0.0,0.03243396
0.0,0.051766805
0.0,0.01958239
0.0,0.024815125
0.0,0.0412119
0.0,0.03379833
0.0,0.049540617
0.0,0.059714634
0.0,0.034249444
1.0,0.053386174
0.0,0.04648924
0.0,0.023229916
0.0,0.03821055
0.0,0.09158082
0.0,0.038980946
0.0,0.065526895
0.0,0.05136143
0.0,0.069341704
0.0,0.06885986
0.0,0.0905263
0.0,0.045317918
0.0,0.024719877
0.0,0.05953215
0.0,0.092350364
0.0,0.0971962
0.0,0.09778836
0.0,0.044203416
0.0,0.035006817
0.0,0.049088307
0.0,0.045586795
0.0,0.051150117
1.0,0.031381644
0.0,0.02188451
0.0,0.056820076
0.0,0.082706556
0.0,0.032432646
0.0,0.025626525
0.0,0.023738269
1.0,0.2161546
0.0,0.08291934
0.0,0.033197347
0.0,0.08421366
0.0,0.09122203
0.0,0.05575491
0.0,0.043835316
0.0,0.04263396
0.0,0.0235395
1.0,0.0781383
0.0,0.07216463
0.0,0.061363634
0.0,0.054647814
1.0,0.20990089
0.0,0.027862038
0.0,0.014986037
0.0,0.03549692
0.0,0.055774108
0.0,0.12061819
0.0,0.07513417
0.0,0.07326713
0.0,0.050261006
0.0,0.015569443
0.0,0.104751386
0.0,0.043084342
0.0,0.03162105
0.0,0.09045239
0.0,0.04779472
0.0,0.055293147
0.0,0.05603145
0.0,0.029588994
0.0,0.058192328
0.0,0.16704169
0.0,0.040543303
0.0,0.07885318
1.0,0.024350828
0.0,0.07780153
0.0,0.18046606
0.0,0.11782329
0.0,0.053395953
0.0,0.05390247
0.0,0.05559183
0.0,0.028340654
0.0,0.032356013
0.0,0.028334763
0.0,0.024357807
0.0,0.018437598
0.0,0.09214854
0.0,0.077095985
0.0,0.021549383
0.0,0.040740117
0.0,0.068519406
0.0,0.07859314
0.0,0.02572513
0.0,0.03282495
0.0,0.06434243
0.0,0.049291924
0.0,0.027037503
0.0,0.038411204
1.0,0.043922
0.0,0.027607433
0.0,0.0150666805
1.0,0.053487156
0.0,0.075267516
0.0,0.03680319
0.0,0.061206795
0.0,0.025160527
0.0,0.06863976
0.0,0.09162299
0.0,0.040789783
0.0,0.07960026
0.0,0.10286349
0.0,0.094398424
0.0,0.060957212
0.0,0.018098466
0.0,0.0876091
0.0,0.03149448
0.0,0.048699237
0.0,0.09760924
0.0,0.061401743
0.0,0.026881631
0.0,0.023392137
0.0,0.06529092
0.0,0.056242034
0.0,0.089729354
0.0,0.013159125
0.0,0.034237918
0.0,0.057807006
0.0,0.044301704
0.0,0.028148815
0.0,0.055550545
0.0,0.058436662
0.0,0.046644077
0.0,0.06675242
0.0,0.13493429
0.0,0.07722402
0.0,0.046395876
0.0,0.06918961
1.0,0.07576342
0.0,0.08076593
0.0,0.042602766
0.0,0.025714437
0.0,0.017816864
0.0,0.047357786
0.0,0.04455478
0.0,0.08146539
0.0,0.02761378
0.0,0.024844214
0.0,0.036044452
0.0,0.037856683
0.0,0.022916831
0.0,0.015944112
0.0,0.028159367
0.0,0.15221487
0.0,0.03426751
1.0,0.06190367
0.0,0.049708407
0.0,0.06762841
0.0,0.15625514
0.0,0.019287722
0.0,0.0201606
0.0,0.076413155
0.0,0.044150878
0.0,0.03595159
0.0,0.052263502
0.0,0.062234696
0.0,0.0280256
0.0,0.057661578
0.0,0.023180025
0.0,0.06576439
0.0,0.06514162
0.0,0.008160151
0.0,0.009717988
0.0,0.052448444
0.0,0.028400367
0.0,0.051933445
0.0,0.018020447
0.0,0.07877096
0.0,0.068345286
0.0,0.06437852
0.0,0.048138212
0.0,0.05819649
0.0,0.02282592
0.0,0.02490277
0.0,0.030454664
0.0,0.0556223
0.0,0.017567424
0.0,0.045370005
0.0,0.020486228
0.0,0.021779709
0.0,0.028326279
0.0,0.017395815
0.0,0.06655405
0.0,0.044267073
0.0,0.05561442
0.0,0.07434936
0.0,0.022003515
0.0,0.055993125
0.0,0.04054274
0.0,0.038458377
0.0,0.051115908
1.0,0.08182409
0.0,0.104797
0.0,0.03860275
0.0,0.05768179
0.0,0.03917793
0.0,0.044321377
0.0,0.06632612
0.0,0.025628552
0.0,0.023784984
0.0,0.045957334
0.0,0.035659242
0.0,0.03786423
0.0,0.005399389
0.0,0.060083367
0.0,0.027397268
0.0,0.037042122
0.0,0.025090775
0.0,0.058862895
0.0,0.049827397
0.0,0.07417625
0.0,0.06043893
0.0,0.039119855
0.0,0.060653903
0.0,0.009031602
0.0,0.0487171
0.0,0.06648359
0.0,0.07627442
0.0,0.07468951
0.0,0.083810315
0.0,0.019297676
0.0,0.18877922
0.0,0.07364505
0.0,0.038639233
0.0,0.055194996
0.0,0.093853325
0.0,0.057761624
0.0,0.051099457
0.0,0.055602886
0.0,0.13417134
0.0,0.067420125
0.0,0.05644485
0.0,0.01737104
0.0,0.06212659
0.0,0.040390167
0.0,0.054678936
0.0,0.054285977
0.0,0.073482834
0.0,0.25794876
0.0,0.013528276
0.0,0.024532862
0.0,0.014354792
0.0,0.04296578
0.0,0.014726872
0.0,0.047256388
0.0,0.08281889
0.0,0.030289376
0.0,0.060776133
0.0,0.0179864
0.0,0.06270879
0.0,0.06248251
0.0,0.13447997
0.0,0.08340879
0.0,0.07190132
0.0,0.05451747
0.0,0.028230594
0.0,0.047955066
1.0,0.06313345
0.0,0.08466271
0.0,0.016413532
0.0,0.06782348
0.0,0.029577116
0.0,0.07293379
1.0,0.10295947
0.0,0.040442202
0.0,0.0625208
0.0,0.0885461
0.0,0.1007562
0.0,0.08234492
1.0,0.03169816
0.0,0.02495424
0.0,0.029464236
0.0,0.053757243
0.0,0.056982763
0.0,0.03406759
0.0,0.040723708
0.0,0.045011308
0.0,0.091024466
0.0,0.047952116
0.0,0.06869734
0.0,0.052581813
0.0,0.059060067
0.0,0.028499983
0.0,0.020805884
0.0,0.02797577
0.0,0.019852687
0.0,0.052596007
0.0,0.04078558
0.0,0.014897192
0.0,0.030657716
0.0,0.1280614
0.0,0.06320041
0.0,0.023235368
0.0,0.07789103
0.0,0.053533927
1.0,0.04292061
0.0,0.04194257
0.0,0.036640238
0.0,0.03194181
0.0,0.038958237
0.0,0.057756502
0.0,0.02184283
0.0,0.061772883
0.0,0.058283247
0.0,0.044435732
0.0,0.06715149
0.0,0.020793812
0.0,0.027953235
0.0,0.054297365
0.0,0.027521685
0.0,0.048720468
0.0,0.04782137
0.0,0.07133063
0.0,0.04104037
0.0,0.028686691
0.0,0.025342416
0.0,0.03660168
0.0,0.035321526
0.0,0.04278183
0.0,0.03992069
0.0,0.044064187
0.0,0.04709245
0.0,0.034908704
1.0,0.04067067
0.0,0.04240799
0.0,0.034007713
0.0,0.032084137
0.0,0.015692469
0.0,0.017280262
0.0,0.056021806
0.0,0.017305683
1.0,0.07195102
0.0,0.029468114
0.0,0.062672704
0.0,0.011730267
0.0,0.051353812
1.0,0.031335663
0.0,0.045723036
0.0,0.022704557
0.0,0.04995117
0.0,0.07163938
1.0,0.2641307
0.0,0.037459448
0.0,0.009024051
0.0,0.0467543
0.0,0.042174205
0.0,0.048993763
0.0,0.04293453
0.0,0.06560382
1.0,0.13268311
0.0,0.0433508
0.0,0.022938237
0.0,0.06993009
0.0,0.011098022
0.0,0.021735368
0.0,0.07781157
0.0,0.025070993
0.0,0.012643806
0.0,0.022786923
0.0,0.038249303
0.0,0.050930176
0.0,0.050555646
0.0,0.068146124
0.0,0.07306705
0.0,0.03179221
0.0,0.074278966
0.0,0.041130427
0.0,0.060234115
0.0,0.01465321
0.0,0.074048534
0.0,0.060481917
0.0,0.052108523
0.0,0.028418927
0.0,0.020102236
0.0,0.041087437
0.0,0.071757026
0.0,0.045971252
0.0,0.06077202
0.0,0.04634449
0.0,0.062227458
0.0,0.036145948
0.0,0.03631851
0.0,0.03144985
0.0,0.05355029
0.0,0.025930457
0.0,0.031185322
0.0,0.07230632
0.0,0.04546211
0.0,0.09669381
0.0,0.028918205
0.0,0.02346747
0.0,0.020757228
0.0,0.05710281
0.0,0.01823059
0.0,0.035769083
0.0,0.03657361
0.0,0.065674946
0.0,0.07484848
0.0,0.021065384
0.0,0.097134806
0.0,0.038907185
0.0,0.20888583
0.0,0.039705582
0.0,0.070616804
0.0,0.035933077
0.0,0.03670235
0.0,0.020282846
0.0,0.06416537
1.0,0.025174616
0.0,0.024689414
0.0,0.05049354
0.0,0.062848106
0.0,0.07465746
0.0,0.052178167
0.0,0.014475556
0.0,0.039850112
0.0,0.05419832
0.0,0.07632728
0.0,0.08766913
0.0,0.021097492
0.0,0.07177925
0.0,0.05008232
0.0,0.03353438
0.0,0.018271875
0.0,0.07049849
0.0,0.0673957
0.0,0.062229563
0.0,0.09560416
0.0,0.019284632
0.0,0.051583037
0.0,0.040062893
0.0,0.04114565
1.0,0.029325318
0.0,0.11797272
0.0,0.021190237
0.0,0.071820766
0.0,0.02285235
0.0,0.12950967
0.0,0.08798112
0.0,0.020621657
0.0,0.055599254
0.0,0.013354406
1.0,0.083018675
0.0,0.06014732
0.0,0.046098873
0.0,0.05538701
0.0,0.03726138
0.0,0.07593457
0.0,0.025690012
0.0,0.01958749
0.0,0.09301498
0.0,0.13389061
0.0,0.020323431
0.0,0.035237867
0.0,0.038599934
0.0,0.036449686
1.0,0.051464885
0.0,0.027520122
0.0,0.060076177
0.0,0.06335835
0.0,0.05311988
0.0,0.08373576
0.0,0.08802182
0.0,0.022135004
0.0,0.01988816
0.0,0.06006389
0.0,0.023692243
0.0,0.025226574
0.0,0.01988138
0.0,0.02692335
0.0,0.0904995
0.0,0.044015467
0.0,0.17482236
1.0,0.14695904
0.0,0.06689348
0.0,0.118826486
0.0,0.06789583
0.0,0.086627215
0.0,0.06990405
0.0,0.025586976
0.0,0.021932011
0.0,0.044774596
0.0,0.025879096
0.0,0.023238026
0.0,0.018874697
0.0,0.054691974
0.0,0.040573508
2.0,0.048908472
0.0,0.017215429
0.0,0.05926533
0.0,0.047016747
0.0,0.074244015
0.0,0.034665544
0.0,0.118377306
0.0,0.0261048
0.0,0.0104767615
1.0,0.027616585
0.0,0.03444112
0.0,0.022197058
0.0,0.0759922
0.0,0.035651047
0.0,0.06163977
0.0,0.028355699
0.0,0.07277462
0.0,0.042131152
0.0,0.030324595
0.0,0.038142867
0.0,0.020202009
0.0,0.051142335
0.0,0.058463335
0.0,0.029186277
0.0,0.038082402
0.0,0.16967508
0.0,0.07936971
0.0,0.039317094
0.0,0.07929286
0.0,0.020951545
0.0,0.06356286
0.0,0.054171942
0.0,0.053742632
0.0,0.07717628
0.0,0.060639255
0.0,0.09303644
0.0,0.062095024
0.0,0.055784907
0.0,0.08074883
0.0,0.02389507
0.0,0.07563546
0.0,0.37361968
0.0,0.06236841
0.0,0.019928934
0.0,0.04107578
0.0,0.032423582
0.0,0.077521205
0.0,0.03256899
0.0,0.059213933
0.0,0.0656248
0.0,0.063888244
0.0,0.08520147
0.0,0.051945705
0.0,0.037785303
0.0,0.04793202
0.0,0.051361088
0.0,0.01974667
1.0,0.13015014
0.0,0.07816286
0.0,0.013302945
0.0,0.057612218
0.0,0.08101294
0.0,0.028203174
0.0,0.05508472
0.0,0.062291346
0.0,0.08501434
0.0,0.029229883
0.0,0.044149466
0.0,0.068594135
0.0,0.0366098
0.0,0.04864477
0.0,0.040399797
0.0,0.03248621
0.0,0.10649341
0.0,0.07440403
1.0,0.08796786
0.0,0.025977496
0.0,0.012716083
0.0,0.04876928
0.0,0.046231925
1.0,0.064240955
0.0,0.098014355
0.0,0.041151576
0.0,0.041396502
0.0,0.031795498
0.0,0.036122963
0.0,0.06537249
0.0,0.06599512
0.0,0.023725968
0.0,0.04306066
0.0,0.08906126
0.0,0.022943728
0.0,0.071526125
0.0,0.10733202
0.0,0.026215607
0.0,0.041127995
0.0,0.039500065
0.0,0.07310451
0.0,0.03784275
0.0,0.0033617555
0.0,0.024800185
0.0,0.02430001
0.0,0.044346362
0.0,0.051151045
0.0,0.08638327
0.0,0.024753246
0.0,0.037232168
0.0,0.024802396
0.0,0.045849226
0.0,0.080834314
0.0,0.07225354
0.0,0.025092173
0.0,0.09143203
0.0,0.04994681
0.0,0.047956552
0.0,0.043978058
1.0,0.17503038
0.0,0.036162186
0.0,0.024066798
0.0,0.051892377
0.0,0.051142506
0.0,0.04417438
0.0,0.04091449
0.0,0.07636464
0.0,0.035537638
0.0,0.063381575
0.0,0.022825692
0.0,0.07892419
0.0,0.028466815
0.0,0.03349887
0.0,0.038924944
0.0,0.057556562
0.0,0.026336089
0.0,0.056474976
0.0,0.05699317
0.0,0.03232155
0.0,0.052321523
0.0,0.036171295
0.0,0.035476413
0.0,0.04170004
0.0,0.026784148
1.0,0.044622093
0.0,0.036578197
0.0,0.06938523
0.0,0.066199735
0.0,0.015972823
0.0,0.066521704
0.0,0.09132976
0.0,0.03913939
0.0,0.09526241
0.0,0.0699909
1.0,0.08655758
0.0,0.06775716
0.0,0.03113026
0.0,0.037615888
0.0,0.01999956
0.0,0.079774424
0.0,0.021741597
0.0,0.04097115
0.0,0.028170729
0.0,0.05062355
0.0,0.053703565
0.0,0.02619534
0.0,0.11061134
0.0,0.03840897
1.0,0.03238486
0.0,0.040404208
0.0,0.037199248
0.0,0.04087756
0.0,0.04025492
0.0,0.037650235
0.0,0.0833298
0.0,0.1352727
0.0,0.060358305
0.0,0.07112621
0.0,0.028275564
1.0,0.08188769
0.0,0.04513896
0.0,0.027020838
0.0,0.06277314
0.0,0.052736264
0.0,0.058229357
0.0,0.075521834
0.0,0.05428616
0.0,0.052508652
1.0,0.08486962
0.0,0.035507046
0.0,0.020555517
0.0,0.064421296
0.0,0.019176867
0.0,0.044195555
1.0,0.07303002
0.0,0.057497885
0.0,0.020624854
0.0,0.016565716
0.0,0.02744566
0.0,0.059631545
0.0,0.034709424
0.0,0.030417917
0.0,0.15901579
0.0,0.029806605
0.0,0.010267291
0.0,0.028204424
0.0,0.06832619
0.0,0.018666795
0.0,0.02868107
0.0,0.07589222
0.0,0.029141929
0.0,0.039094232
0.0,0.06512806
0.0,0.035691444
0.0,0.056032144
0.0,0.06777086
0.0,0.01287606
0.0,0.013663126
0.0,0.058193825
0.0,0.030020047
0.0,0.069568664
0.0,0.048732318
0.0,0.043634675
0.0,0.039185107
0.0,0.017333457
0.0,0.05338088
0.0,0.047174305
0.0,0.03751665
0.0,0.045060337
0.0,0.01396422
0.0,0.06520116
0.0,0.016759876
0.0,0.1507366
0.0,0.039353408
0.0,0.15847294
0.0,0.0589597
0.0,0.046243787
0.0,0.06265236
0.0,0.06653785
0.0,0.093493134
0.0,0.07044163
0.0,0.050881144
0.0,0.13292952
0.0,0.0759503
0.0,0.06563566
0.0,0.08894795
0.0,0.046113737
0.0,0.021624506
0.0,0.06363513
0.0,0.037745163
0.0,0.015265813
0.0,0.018263826
0.0,0.04603447
0.0,0.10061802
0.0,0.12046179
0.0,0.025318451
0.0,0.025211003
0.0,0.03574702
0.0,0.072699785
0.0,0.080357164
0.0,0.04737721
0.0,0.07615946
0.0,0.023626775
0.0,0.019600635
0.0,0.022879282
0.0,0.066720635
0.0,0.13471423
0.0,0.0748366
0.0,0.024615731
0.0,0.031060794
0.0,0.024872046
0.0,0.046019807
0.0,0.04956507
0.0,0.08267237
0.0,0.0158206
0.0,0.094790936
0.0,0.057277657
1.0,0.09001047
0.0,0.059414703
0.0,0.042934693
0.0,0.02287352
0.0,0.05461353
0.0,0.030533053
0.0,0.02395695
0.0,0.090894654
0.0,0.0467849
0.0,0.05862058
0.0,0.03764916
0.0,0.032521177
0.0,0.08742533
0.0,0.06366593
0.0,0.07024441
0.0,0.050688915
1.0,0.08700899
0.0,0.048805945
0.0,0.051201753
0.0,0.04015552
0.0,0.02789373
0.0,0.026074035
0.0,0.031474065
0.0,0.072528206
0.0,0.06641347
0.0,0.071706764
0.0,0.07060264
0.0,0.11092466
0.0,0.053835813
0.0,0.048066877
0.0,0.027484661
0.0,0.057630546
0.0,0.20261769
0.0,0.06562543
0.0,0.07056384
0.0,0.024127629
0.0,0.066014096
0.0,0.039108813
0.0,0.026666487
0.0,0.034686625
0.0,0.032836363
0.0,0.041023344
1.0,0.034316074
0.0,0.054366305
0.0,0.011073351
0.0,0.03185982
0.0,0.019853273
0.0,0.042218953
0.0,0.013288293
0.0,0.06512903
0.0,0.05170671
0.0,0.03530006
0.0,0.042601712
0.0,0.054888234
0.0,0.03985914
0.0,0.046202764
0.0,0.052502066
0.0,0.0721248
0.0,0.055469893
0.0,0.09696654
0.0,0.033414587
0.0,0.07151829
0.0,0.065670624
0.0,0.033344556
0.0,0.054244574
0.0,0.022231653
0.0,0.03871614
0.0,0.030899817
0.0,0.04262154
0.0,0.07930967
0.0,0.02950543
0.0,0.06777345
0.0,0.043510094
0.0,0.008551149
0.0,0.069831744
0.0,0.04235363
0.0,0.074131735
0.0,0.043329846
0.0,0.023260832
0.0,0.017397532
0.0,0.027908338
0.0,0.059354074
0.0,0.041337878
0.0,0.083977595
0.0,0.04742585
0.0,0.09053981
0.0,0.05787077
0.0,0.0605176
0.0,0.1003798
0.0,0.055171285
0.0,0.04819542
0.0,0.024007244
0.0,0.040641107
0.0,0.05816166
0.0,0.03250225
0.0,0.016240334
0.0,0.055049248
0.0,0.032903116
0.0,0.026365856
0.0,0.06903251
0.0,0.022377394
0.0,0.018613394
0.0,0.05740057
0.0,0.027744643
0.0,0.0123695955
0.0,0.08740607
1.0,0.028438624
1.0,0.056770597
0.0,0.05211195
0.0,0.035265453
0.0,0.043565754
0.0,0.03331814
1.0,0.051948555
0.0,0.057215624
0.0,0.062364724
1.0,0.052182022
0.0,0.060320657
0.0,0.045844328
0.0,0.03040691
0.0,0.032358017
0.0,0.015428765
0.0,0.045487672
0.0,0.07485569
0.0,0.045705877
0.0,0.025210306
0.0,0.08958746
0.0,0.028861243
1.0,0.04537773
0.0,0.042048022
0.0,0.029588725
0.0,0.037225902
0.0,0.04528815
0.0,0.045838036
0.0,0.042299055
0.0,0.026484843
0.0,0.02533977
0.0,0.08357249
0.0,0.06370663
0.0,0.06593781
0.0,0.04162909
0.0,0.051348254
0.0,0.024699198
0.0,0.08922683
0.0,0.030461447
0.0,0.055011436
0.0,0.020922683
0.0,0.039477393
0.0,0.012301271
0.0,0.046485297
0.0,0.02572907
0.0,0.06798475
0.0,0.047959343
0.0,0.06147308
0.0,0.087885685
0.0,0.16197664
0.0,0.03798925
0.0,0.037841633
0.0,0.023462122
0.0,0.08660169
0.0,0.021655874
0.0,0.08125621
0.0,0.03891494
0.0,0.029451875
0.0,0.039332524
0.0,0.059012014
0.0,0.07343551
0.0,0.02662
0.0,0.019594252
0.0,0.0419122
0.0,0.027274793
0.0,0.08078623
0.0,0.057933845
0.0,0.05656475
0.0,0.01545803
0.0,0.048592422
0.0,0.012199374
1.0,0.043717146
0.0,0.0691403
0.0,0.07113264
0.0,0.032121565
0.0,0.03844932
0.0,0.10163688
0.0,0.024110528
0.0,0.061341282
0.0,0.0658585
1.0,0.090931416
0.0,0.03876062
0.0,0.044957876
0.0,0.03562211
0.0,0.03712169
0.0,0.073241666
0.0,0.06484036
0.0,0.073141664
0.0,0.06764364
0.0,0.0501428
0.0,0.11219828
0.0,0.026611371
0.0,0.0171574
0.0,0.09010013
0.0,0.0776908
0.0,0.07922006
0.0,0.017618842
0.0,0.04940921
0.0,0.04002209
0.0,0.09130381
0.0,0.015530493
0.0,0.06348685
0.0,0.084581815
0.0,0.0641622
0.0,0.08470047
0.0,0.059043467
1.0,0.05341834
0.0,0.0510902
1.0,0.030128116
0.0,0.027726127
0.0,0.034689125
0.0,0.07498173
0.0,0.054710574
1.0,0.061034214
0.0,0.054813247
0.0,0.06470675
0.0,0.05008208
0.0,0.097698756
0.0,0.042609025
0.0,0.021881662
0.0,0.032984424
0.0,0.12143895
0.0,0.032918118
0.0,0.054301225
0.0,0.069272466
0.0,0.06301236
0.0,0.034146514
0.0,0.06373483
0.0,0.16173543
0.0,0.035431206
0.0,0.02175676
1.0,0.031513408
0.0,0.07686418
0.0,0.04073353
0.0,0.024743121
0.0,0.040953454
0.0,0.038206868
0.0,0.08237083
0.0,0.07222099
0.0,0.04942561
0.0,0.036653973
0.0,0.050654434
0.0,0.08223109
0.0,0.031035433
0.0,0.0035897251
0.0,0.04622584
0.0,0.013109666
1.0,0.018010732
0.0,0.10007937
0.0,0.048964687
0.0,0.08406906
0.0,0.06231933
0.0,0.053171195
0.0,0.053810123
0.0,0.034025606
0.0,0.030336425
0.0,0.022128545
0.0,0.046367787
0.0,0.0793481
0.0,0.051279232
0.0,0.02477339
0.0,0.043946657
0.0,0.025046784
0.0,0.048753865
0.0,0.038184028
0.0,0.0072206147
0.0,0.046627887
0.0,0.0548385
0.0,0.024411619
0.0,0.14532806
0.0,0.1841345
0.0,0.04409378
0.0,0.022923497
0.0,0.040056303
0.0,0.018333063
0.0,0.039833643
0.0,0.020344306
0.0,0.044895023
1.0,0.092013985
0.0,0.05149945
0.0,0.056115728
0.0,0.04497449
0.0,0.0637499
0.0,0.052386407
0.0,0.058110166
0.0,0.06789184
0.0,0.1563324
1.0,0.04004601
0.0,0.021238085
0.0,0.022184275
0.0,0.033247832
0.0,0.053626746
0.0,0.05288688
0.0,0.04872867
0.0,0.06024099
0.0,0.040162377
0.0,0.08030568
0.0,0.0494514
0.0,0.038628623
0.0,0.06522437
0.0,0.036128562
0.0,0.09406592
0.0,0.055491507
0.0,0.06475481
0.0,0.06371736
0.0,0.052028153
0.0,0.013142582
0.0,0.036178812
0.0,0.026818974
0.0,0.02290524
0.0,0.047492724
1.0,0.057999548
0.0,0.035190918
0.0,0.016852284
0.0,0.0377434
0.0,0.022631478
1.0,0.069521375
0.0,0.026736844
0.0,0.03382858
0.0,0.17557102
0.0,0.0570007
0.0,0.051429633
0.0,0.04542789
0.0,0.013803467
0.0,0.118016265
0.0,0.0634432
0.0,0.019033657
0.0,0.052818708
0.0,0.05532097
0.0,0.048585333
0.0,0.067850515
0.0,0.08077419
0.0,0.0387154
0.0,0.062155426
0.0,0.052186128
0.0,0.082837395
0.0,0.03676327
0.0,0.024846822
0.0,0.05169295
0.0,0.07455333
0.0,0.06439995
0.0,0.04071431
0.0,0.03554245
0.0,0.09610039
0.0,0.07120601
0.0,0.049319927
0.0,0.013876708
0.0,0.041005272
0.0,0.057583902
0.0,0.014071844
0.0,0.057156246
0.0,0.021807935
1.0,0.05572477
0.0,0.033299573
0.0,0.07468381
0.0,0.03623325
0.0,0.05557325
0.0,0.02586577
0.0,0.042367466
0.0,0.042219296
0.0,0.07342408
0.0,0.080574214
0.0,0.017032258
0.0,0.046940558
0.0,0.1736113
0.0,0.011864098
0.0,0.09105268
0.0,0.026699375
0.0,0.04966806
0.0,0.05972269
0.0,0.019348731
0.0,0.0531457
0.0,0.03240768
0.0,0.050204884
0.0,0.07386068
0.0,0.019140288
0.0,0.0531715
0.0,0.041076235
0.0,0.08629686
1.0,0.087429
0.0,0.022664567
0.0,0.4101381
0.0,0.054670542
0.0,0.03606534
0.0,0.06912573
0.0,0.16633892
1.0,0.072276555
0.0,0.054405026
0.0,0.054814372
0.0,0.04557643
0.0,0.062120564
0.0,0.09019982
0.0,0.04579229
0.0,0.038921364
1.0,0.042011447
0.0,0.06778088
0.0,0.06916826
0.0,0.015563809
0.0,0.07027034
0.0,0.05201786
0.0,0.031703934
0.0,0.017141674
0.0,0.07538242
0.0,0.04292243
0.0,0.011214377
0.0,0.036698133
0.0,0.032892622
0.0,0.06704465
0.0,0.059783895
0.0,0.045898244
0.0,0.043903362
0.0,0.10116183
0.0,0.07260585
0.0,0.031168329
0.0,0.05575914
0.0,0.058284815
0.0,0.051685534
0.0,0.065768555
0.0,0.06434252
0.0,0.060807947
0.0,0.032302935
0.0,0.029524008
0.0,0.055072196
0.0,0.029273137
0.0,0.037004784
0.0,0.06511674
0.0,0.087607965
0.0,0.042479835
0.0,0.04853969
0.0,0.06042029
0.0,0.04213915
0.0,0.045889534
0.0,0.06473752
0.0,0.06448937
0.0,0.014006172
0.0,0.030429639
0.0,0.065741375
0.0,0.03253959
0.0,0.025053963
0.0,0.044788346
1.0,0.06189324
0.0,0.07200504
0.0,0.034368034
0.0,0.09231626
0.0,0.1266169
0.0,0.03696725
0.0,0.042718552
0.0,0.18535018
0.0,0.012709839
0.0,0.077739045
0.0,0.1505836
0.0,0.03880032
0.0,0.041103095
0.0,0.010471838
0.0,0.036531884
1.0,0.04552743
0.0,0.03694517
0.0,0.020700295
0.0,0.039266676
0.0,0.033784892
0.0,0.10718751
0.0,0.09077411
0.0,0.020198222
0.0,0.11423168
0.0,0.026671713
0.0,0.03422773
0.0,0.05421696
0.0,0.026745643
0.0,0.03589968
0.0,0.039574325
0.0,0.06928958
0.0,0.051690415
0.0,0.08458842
0.0,0.052158043
0.0,0.012059806
0.0,0.028573653
0.0,0.04625234
0.0,0.06417362
0.0,0.06661144
0.0,0.0347064
0.0,0.023073079
0.0,0.028887637
1.0,0.078081615
0.0,0.027672239
0.0,0.05843499
1.0,0.12303066
0.0,0.14638603
0.0,0.06663019
0.0,0.065513745
0.0,0.11381697
0.0,0.041268397
1.0,0.046034403
0.0,0.036455978
0.0,0.061382495
0.0,0.028690604
1.0,0.037171233
0.0,0.06227504
0.0,0.08707546
0.0,0.057955865
0.0,0.044766143
0.0,0.02230474
0.0,0.058945306
0.0,0.03141394
0.0,0.03840908
0.0,0.017486224
0.0,0.048493676
0.0,0.05493141
0.0,0.061946858
0.0,0.055305567
0.0,0.041467644
0.0,0.022994407
0.0,0.06394795
0.0,0.06880611
0.0,0.11230485
0.0,0.041674454
0.0,0.084276386
0.0,0.032600984
0.0,0.0138354665
1.0,0.07236299
2.0,0.1626402
0.0,0.048667066
0.0,0.06620223
0.0,0.047942057
0.0,0.016515594
0.0,0.09389952
0.0,0.0158471
0.0,0.054350235
0.0,0.029903637
0.0,0.040829577
0.0,0.08182477
0.0,0.033156294
0.0,0.07538666
0.0,0.050040476
0.0,0.06900309
0.0,0.011376377
0.0,0.042889614
0.0,0.057471298
0.0,0.019825602
1.0,0.085725665
0.0,0.050383672
1.0,0.07397054
0.0,0.04897447
0.0,0.030760996
0.0,0.019453509
0.0,0.034400728
0.0,0.041255116
0.0,0.04897877
0.0,0.029095914
0.0,0.028207343
0.0,0.07724953
0.0,0.053764675
0.0,0.06388773
0.0,0.038978066
0.0,0.061771676
0.0,0.043351896
0.0,0.037504096
0.0,0.024450704
0.0,0.09881611
0.0,0.04453265
0.0,0.08388888
0.0,0.014997654
0.0,0.025494806
0.0,0.063391335
0.0,0.017452246
0.0,0.052546248
0.0,0.02505124
0.0,0.09093612
0.0,0.0283514
0.0,0.049473263
0.0,0.043211225
0.0,0.019573046
0.0,0.063139044
0.0,0.06951493
0.0,0.028839575
0.0,0.05699718
0.0,0.053419102
1.0,0.038549867
0.0,0.056357954
0.0,0.051453624
0.0,0.04252992
0.0,0.08118135
0.0,0.059234392
0.0,0.06318546
0.0,0.025065579
0.0,0.0657095
0.0,0.014674648
0.0,0.029448153
0.0,0.012241113
0.0,0.027275119
0.0,0.07598597
0.0,0.017105054
0.0,0.056273714
0.0,0.015392185
0.0,0.040373914
0.0,0.060593195
0.0,0.045198664
0.0,0.06226536
0.0,0.16069297
0.0,0.10151535
0.0,0.022524916
0.0,0.028190872
0.0,0.030500224
0.0,0.06413701
0.0,0.07084775
0.0,0.02437921
0.0,0.03458636
0.0,0.13941912
0.0,0.036428712
0.0,0.019122034
0.0,0.057484068
0.0,0.034471616
0.0,0.05898342
0.0,0.06425669
1.0,0.08930093
0.0,0.029919954
0.0,0.036093503
0.0,0.05075119
0.0,0.14992242
0.0,0.015470927
0.0,0.06889903
0.0,0.026492106
0.0,0.08663915
0.0,0.018538104
0.0,0.050138112
0.0,0.04319765
0.0,0.091281496
0.0,0.062569596
0.0,0.06078961
0.0,0.026833914
0.0,0.020163715
0.0,0.062888436
0.0,0.05769406
0.0,0.0753625
0.0,0.044298768
0.0,0.04053474
0.0,0.041348763
0.0,0.02961279
0.0,0.060633402
0.0,0.03167515
0.0,0.057025425
0.0,0.019488866
0.0,0.039746687
1.0,0.08010881
0.0,0.07282433
0.0,0.052026294
0.0,0.035369594
0.0,0.07764106
0.0,0.08013779
0.0,0.03785044
0.0,0.042640384
0.0,0.023824962
0.0,0.047967255
0.0,0.01925274
0.0,0.05632526
0.0,0.034875795
0.0,0.028434921
0.0,0.07910162
0.0,0.06702538
0.0,0.04232613
0.0,0.068776265
0.0,0.08342971
0.0,0.094438806
0.0,0.091604576
0.0,0.011799257
0.0,0.089393124
0.0,0.041104235
0.0,0.021406883
0.0,0.038853683
0.0,0.02844615
0.0,0.051597007
0.0,0.044690683
0.0,0.04965984
0.0,0.027761199
0.0,0.071487494
0.0,0.017191567
0.0,0.0680152
1.0,0.05117129
0.0,0.016823491
0.0,0.040088654
0.0,0.020587426
0.0,0.054354694
0.0,0.038334776
1.0,0.063933454
0.0,0.013942722
0.0,0.0442812
1.0,0.031846344
0.0,0.0190019
0.0,0.06632475
1.0,0.088816896
0.0,0.036578912
0.0,0.0622074
0.0,0.070247635
0.0,0.030676799
0.0,0.035071928
0.0,0.03930652
0.0,0.05969795
0.0,0.049459063
1.0,0.024982112
0.0,0.06579393
0.0,0.036776472
0.0,0.06778325
0.0,0.026103878
0.0,0.04208254
0.0,0.058587383
0.0,0.053937413
0.0,0.034261514
0.0,0.048512246
0.0,0.018059423
1.0,0.053102583
0.0,0.050884295
0.0,0.018968314
0.0,0.060207695
0.0,0.021362048
0.0,0.06560337
0.0,0.05124723
0.0,0.027121034
0.0,0.0450863
0.0,0.046648078
1.0,0.022382196
0.0,0.023039768
0.0,0.040797234
1.0,0.020193389
0.0,0.07819104
0.0,0.04279456
0.0,0.06373164
0.0,0.045733437
0.0,0.014221237
0.0,0.06178331
0.0,0.038347866
0.0,0.06504872
0.0,0.08373414
0.0,0.08422818
0.0,0.031698372
0.0,0.018046131
0.0,0.043856744
0.0,0.087804005
0.0,0.13522446
0.0,0.032623626
0.0,0.032574166
0.0,0.051386833
0.0,0.047087103
0.0,0.038880777
0.0,0.101054944
0.0,0.086481445
0.0,0.094738066
0.0,0.09135291
0.0,0.033636186
0.0,0.07774861
0.0,0.05720955
0.0,0.2136123
0.0,0.048213284
0.0,0.02023499
0.0,0.06779237
0.0,0.058522284
0.0,0.047604322
0.0,0.06316473
0.0,0.046604056
0.0,0.108252324
0.0,0.06711682
0.0,0.040537212
0.0,0.1026817
0.0,0.056876786
0.0,0.027420297
0.0,0.038684435
0.0,0.07352479
0.0,0.0429411
0.0,0.03508774
0.0,0.053428553
0.0,0.019292597
0.0,0.04539894
0.0,0.037824586
0.0,0.0526013
0.0,0.1309142
0.0,0.08410222
0.0,0.0049849637
0.0,0.081040174
0.0,0.03496456
0.0,0.03145381
1.0,0.03318962
0.0,0.06598511
0.0,0.09204971
0.0,0.04858846
0.0,0.025072116
0.0,0.13091442
0.0,0.07259983
0.0,0.06341064
0.0,0.019342605
0.0,0.06490771
0.0,0.04688703
0.0,0.06128623
0.0,0.06261335
0.0,0.065558635
0.0,0.041099824
0.0,0.062765144
0.0,0.039376136
0.0,0.06681463
0.0,0.051055934
0.0,0.034533903
0.0,0.037365433
0.0,0.023805838
1.0,0.05404732
0.0,0.026585547
0.0,0.078595504
0.0,0.039279692
0.0,0.050122503
0.0,0.024816036
1.0,0.041576996
0.0,0.05815208
0.0,0.028559692
0.0,0.06778484
0.0,0.039234295
0.0,0.0631264
0.0,0.026055826
0.0,0.019081129
0.0,0.04902578
0.0,0.058219694
0.0,0.05228915
0.0,0.047861747
0.0,0.02452878
0.0,0.01566867
0.0,0.058403514
0.0,0.011279785
0.0,0.013935691
0.0,0.016931718
0.0,0.04617814
0.0,0.0929257
0.0,0.03365226
0.0,0.055477805
0.0,0.030878535
0.0,0.025469497
0.0,0.04436227
0.0,0.05301886
0.0,0.065355055
0.0,0.112460524
1.0,0.053849474
0.0,0.027518168
0.0,0.031891875
0.0,0.07793283
0.0,0.04028309
0.0,0.05937024
0.0,0.011007257
0.0,0.047898345
0.0,0.041644994
0.0,0.049605053
0.0,0.05611899
0.0,0.106177166
0.0,0.04264555
0.0,0.015893603
0.0,0.10135342
0.0,0.038528826
1.0,0.073866546
0.0,0.026089743
0.0,0.035209063
0.0,0.06911782
0.0,0.03603555
0.0,0.0908213
0.0,0.022478413
0.0,0.10211089
0.0,0.018551432
0.0,0.035562333
0.0,0.03188792
0.0,0.020941976
0.0,0.083862625
0.0,0.031610526
0.0,0.036936842
0.0,0.0666379
0.0,0.05631814
0.0,0.028570738
0.0,0.037122842
0.0,0.05006551
0.0,0.102756076
0.0,0.016556075
0.0,0.024109688
0.0,0.051595066
0.0,0.021252511
0.0,0.04961875
0.0,0.06925414
0.0,0.05846098
0.0,0.038783472
0.0,0.055257484
0.0,0.047771797
0.0,0.025221873
0.0,0.0724825
0.0,0.039974313
0.0,0.07530388
0.0,0.023584925
0.0,0.077998854
0.0,0.0628815
0.0,0.04164454
0.0,0.06593781
0.0,0.03624612
0.0,0.03199275
0.0,0.043566357
0.0,0.029660882
0.0,0.013840653
0.0,0.058571853
0.0,0.053752318
0.0,0.01777559
1.0,0.045449622
0.0,0.017690044
0.0,0.04502803
0.0,0.03275198
0.0,0.02552434
0.0,0.012690303
0.0,0.05731883
0.0,0.07756737
0.0,0.022042958
0.0,0.056289468
0.0,0.024884373
0.0,0.07433364
0.0,0.035244826
0.0,0.061099455
0.0,0.026616547
0.0,0.08082649
0.0,0.051409088
0.0,0.06804401
0.0,0.013581846
0.0,0.06689728
0.0,0.015114763
0.0,0.083845474
0.0,0.040671483
0.0,0.03481302
0.0,0.055785067
0.0,0.07812247
0.0,0.036596954
0.0,0.033047352
0.0,0.054589164
0.0,0.045906607
0.0,0.04154204
0.0,0.1635541
0.0,0.068071805
0.0,0.074813634
0.0,0.043527007
1.0,0.03267438
1.0,0.06582304
0.0,0.015048386
0.0,0.026935227
1.0,0.04074179
1.0,0.048731945
0.0,0.036493164
0.0,0.017701054
0.0,0.047056198
0.0,0.02591755
0.0,0.02649107
0.0,0.069809034
0.0,0.15762118
0.0,0.07011605
0.0,0.070788994
0.0,0.02229634
0.0,0.037248895
0.0,0.06825989
0.0,0.038363867
0.0,0.022869192
0.0,0.055809014
0.0,0.040833123
0.0,0.02663699
0.0,0.09201285
0.0,0.0411419
0.0,0.0409589
0.0,0.076381095
0.0,0.07323241
1.0,0.07512721
0.0,0.074971035
0.0,0.077225015
0.0,0.056119125
0.0,0.06600683
0.0,0.02041365
0.0,0.048053518
0.0,0.035820015
0.0,0.020515438
0.0,0.012615748
0.0,0.065979764
0.0,0.07593468
0.0,0.06627799
0.0,0.06490183
0.0,0.036711276
0.0,0.07906017
0.0,0.016971456
0.0,0.0170225
0.0,0.0248577
0.0,0.017189648
0.0,0.07185865
0.0,0.049724862
0.0,0.05073694
0.0,0.047100715
1.0,0.1877828
0.0,0.01835724
0.0,0.061869204
0.0,0.016516482
1.0,0.08343126
0.0,0.033406477
0.0,0.028165719
0.0,0.05267401
0.0,0.038929734
0.0,0.030721022
0.0,0.03687333
0.0,0.017433956
0.0,0.017579684
0.0,0.030605907
0.0,0.11239153
0.0,0.040644422
0.0,0.04170312
0.0,0.1298603
0.0,0.027048256
0.0,0.052648045
0.0,0.07035161
0.0,0.052319802
0.0,0.054368872
0.0,0.020658761
0.0,0.06191632
0.0,0.067170665
0.0,0.04115344
0.0,0.029132703
0.0,0.032453097
0.0,0.031017635
0.0,0.08115565
0.0,0.0609154
0.0,0.07263768
0.0,0.028836152
0.0,0.074099824
0.0,0.016427986
0.0,0.07969043
0.0,0.07106568
0.0,0.054683056
0.0,0.01899497
0.0,0.08027348
0.0,0.032087456
0.0,0.06312544
0.0,0.034287762
0.0,0.026596097
0.0,0.06778012
0.0,0.06477794
0.0,0.015695792
0.0,0.10901649
0.0,0.06657781
0.0,0.07775859
0.0,0.03204729
0.0,0.03872168
0.0,0.019833725
0.0,0.044441223
0.0,0.075881794
0.0,0.019341739
0.0,0.049065724
0.0,0.043104727
0.0,0.08101236
0.0,0.06367857
0.0,0.029742176
0.0,0.032732546
0.0,0.04915117
0.0,0.023106188
0.0,0.021767356
0.0,0.06811455
0.0,0.07579363
0.0,0.05453952
0.0,0.03228578
0.0,0.050761115
0.0,0.033143535
0.0,0.029751126
0.0,0.03204327
0.0,0.05485121
0.0,0.0112994015
0.0,0.03711392
0.0,0.04591173
1.0,0.06093315
0.0,0.07466387
0.0,0.065250896
1.0,0.053368587
0.0,0.019224266
0.0,0.06244617
0.0,0.019085951
0.0,0.053029936
0.0,0.04812272
0.0,0.032322783
0.0,0.04515013
0.0,0.05671767
0.0,0.060603395
0.0,0.052011013
0.0,0.027471965
0.0,0.01838822
0.0,0.01983694
0.0,0.0305241
0.0,0.10070889
0.0,0.066687554
0.0,0.016960768
0.0,0.1417561
0.0,0.05256246
0.0,0.023467885
0.0,0.022128757
0.0,0.04137957
0.0,0.079006836
0.0,0.04353882
0.0,0.06887834
0.0,0.037368856
0.0,0.0521036
0.0,0.012486322
0.0,0.032421667
0.0,0.015555662
0.0,0.046627663
0.0,0.024013666
0.0,0.05246398
0.0,0.075230554
0.0,0.031258002
1.0,0.20586261
1.0,0.058880106
0.0,0.02866413
0.0,0.10695646
0.0,0.024624443
2.0,0.08811715
0.0,0.052602828
0.0,0.05435713
0.0,0.049619105
0.0,0.048526477
0.0,0.053149298
0.0,0.022619717
0.0,0.036301456
0.0,0.013565225
0.0,0.041274182
0.0,0.03869593
0.0,0.046200186
0.0,0.016443802
0.0,0.054795504
0.0,0.015465675
0.0,0.034667842
0.0,0.050909318
0.0,0.060958926
0.0,0.039587423
0.0,0.061646882
0.0,0.056412857
0.0,0.12785499
0.0,0.085557476
0.0,0.077154644
0.0,0.051076267
1.0,0.07984831
0.0,0.010039406
0.0,0.10151361
0.0,0.07996832
1.0,0.021616494
0.0,0.032556135
0.0,0.084822595
0.0,0.07778187
0.0,0.02502631
0.0,0.03821208
0.0,0.056300234
0.0,0.02050337
0.0,0.047373325
0.0,0.044027157
0.0,0.06588275
0.0,0.057026472
0.0,0.05984533
0.0,0.30516034
1.0,0.05342654
0.0,0.082963616
0.0,0.021197677
0.0,0.061166182
0.0,0.041761346
0.0,0.056216028
0.0,0.05578517
0.0,0.049808368
0.0,0.05474972
1.0,0.06545526
0.0,0.033094343
0.0,0.026855342
0.0,0.056870926
0.0,0.0354234
0.0,0.03155303
0.0,0.06660291
0.0,0.030136824
0.0,0.06329251
0.0,0.038469363
0.0,0.009740846
0.0,0.04987506
0.0,0.051925346
1.0,0.22126731
0.0,0.06106663
0.0,0.090077795
0.0,0.08037582
0.0,0.018675538
0.0,0.057450667
0.0,0.0495059
0.0,0.0104729105
0.0,0.020068495
0.0,0.080795914
0.0,0.06042023
0.0,0.04495256
0.0,0.09942805
0.0,0.0374612
0.0,0.07525829
0.0,0.060122848
0.0,0.05202736
0.0,0.024135027
0.0,0.060358606
0.0,0.050087787
0.0,0.055616464
0.0,0.065942496
0.0,0.0940909
0.0,0.03327375
0.0,0.025994943
0.0,0.040766682
0.0,0.058273118
0.0,0.0680627
0.0,0.03234398
0.0,0.0813306
0.0,0.11386661
0.0,0.04026189
0.0,0.021982372
0.0,0.009869918
0.0,0.05965686
0.0,0.013854586
0.0,0.03311575
0.0,0.01566666
0.0,0.030686732
0.0,0.054027893
0.0,0.052276336
0.0,0.066249914
0.0,0.035381302
0.0,0.049150467
0.0,0.043379873
0.0,0.051565353
0.0,0.05159605
0.0,0.02221776
0.0,0.025828771
0.0,0.051233746
0.0,0.048467368
0.0,0.03586233
0.0,0.04758083
0.0,0.012177748
0.0,0.036468916
0.0,0.061334353
0.0,0.0359563
0.0,0.09151527
0.0,0.027898267
0.0,0.055269845
0.0,0.04020265
0.0,0.065508336
0.0,0.0680493
0.0,0.044657193
0.0,0.026517559
0.0,0.061698332
0.0,0.035806473
0.0,0.029052576
0.0,0.045552835
0.0,0.067850746
0.0,0.054350443
1.0,0.04760582
0.0,0.018966533
0.0,0.08884016
0.0,0.040565558
0.0,0.1114255
0.0,0.02583307
0.0,0.04169167
0.0,0.07221455
0.0,0.037238948
0.0,0.029589882
0.0,0.05427588
0.0,0.07915148
0.0,0.05845192
0.0,0.033917204
0.0,0.04754493
0.0,0.021394046
0.0,0.04308453
0.0,0.04677689
0.0,0.06350867
0.0,0.074149415
0.0,0.035662066
0.0,0.014191668
0.0,0.10878116
0.0,0.051824227
0.0,0.072555184
0.0,0.036566216
0.0,0.04674761
0.0,0.037435822
0.0,0.08627075
0.0,0.029195672
0.0,0.09168127
0.0,0.06923229
0.0,0.04796714
0.0,0.06979517
0.0,0.096649
0.0,0.056739636
0.0,0.10290941
1.0,0.06422717
0.0,0.1142962
0.0,0.039174493
0.0,0.035833735
0.0,0.018220803
0.0,0.04680215
0.0,0.015023865
0.0,0.053572
0.0,0.03577113
0.0,0.053578258
1.0,0.050104298
0.0,0.01935328
0.0,0.07639171
0.0,0.015810743
0.0,0.03834876
0.0,0.027733427
0.0,0.054987047
0.0,0.024538256
0.0,0.022149827
0.0,0.08548418
0.0,0.062232353
0.0,0.0725245
0.0,0.042303573
0.0,0.081294246
0.0,0.021421986
0.0,0.040218834
0.0,0.05409275
0.0,0.05541472
0.0,0.06878009
0.0,0.051380806
0.0,0.0641695
0.0,0.108909145
0.0,0.06938004
0.0,0.037668947
0.0,0.055565145
0.0,0.08494206
0.0,0.09502899
0.0,0.14059721
0.0,0.045997497
0.0,0.037669845
0.0,0.04183902
0.0,0.06892719
0.0,0.08569031
1.0,0.046146665
0.0,0.053775266
0.0,0.043969125
0.0,0.069810815
0.0,0.06354876
0.0,0.059169903
0.0,0.015173066
0.0,0.024479285
0.0,0.13884418
0.0,0.04161133
0.0,0.02391399
0.0,0.05270823
0.0,0.03562114
0.0,0.0129283415
0.0,0.027724925
0.0,0.064068176
0.0,0.030924654
0.0,0.02658518
0.0,0.070716254
0.0,0.09623351
0.0,0.099106625
0.0,0.18646081
0.0,0.028893575
0.0,0.0314668
0.0,0.052676547
0.0,0.019873893
0.0,0.102892086
0.0,0.105670564
0.0,0.047014147
0.0,0.023725707
0.0,0.049459513
0.0,0.022094037
0.0,0.07520108
0.0,0.030220762
0.0,0.070895776
0.0,0.07081239
0.0,0.09757773
0.0,0.10205107
0.0,0.059862025
0.0,0.054344483
0.0,0.06289655
0.0,0.16701026
0.0,0.03913355
0.0,0.05266856
0.0,0.013054435
0.0,0.04980915
0.0,0.08118716
0.0,0.14247152
0.0,0.0756872
0.0,0.047766875
0.0,0.05585989
0.0,0.07296406
0.0,0.05897446
0.0,0.028511835
0.0,0.011737888
0.0,0.073868394
0.0,0.050556224
0.0,0.107867315
0.0,0.027591944
0.0,0.046023298
0.0,0.01413421
0.0,0.08049123
0.0,0.079627916
0.0,0.07465839
0.0,0.052081645
0.0,0.04421501
0.0,0.06092516
0.0,0.09096398
0.0,0.059517592
0.0,0.072414525
0.0,0.036262944
0.0,0.040712774
0.0,0.037568152
0.0,0.040358055
0.0,0.035856586
0.0,0.054666996
0.0,0.07315132
0.0,0.038315695
0.0,0.05624614
0.0,0.058834583
0.0,0.079464875
0.0,0.06445519
0.0,0.06757716
0.0,0.071715735
0.0,0.051919952
0.0,0.019871514
0.0,0.03460774
0.0,0.1538859
0.0,0.06883919
0.0,0.040138997
0.0,0.018966705
0.0,0.048556566
0.0,0.06052736
0.0,0.040821537
0.0,0.095367625
0.0,0.024055682
0.0,0.055086456
0.0,0.046183053
0.0,0.027828619
0.0,0.07175037
0.0,0.038200818
0.0,0.04467939
0.0,0.050302006
0.0,0.078629166
0.0,0.03239629
0.0,0.055226114
0.0,0.08310397
0.0,0.029704092
0.0,0.02688067
0.0,0.04880199
0.0,0.04324204
0.0,0.028048795
0.0,0.036124855
0.0,0.077453405
0.0,0.055692576
0.0,0.04320519
0.0,0.043883394
0.0,0.035856057
0.0,0.040281862
0.0,0.034695428
0.0,0.026154775
0.0,0.059276126
0.0,0.046201974
0.0,0.04573108
0.0,0.13715543
0.0,0.011539401
0.0,0.020437464
0.0,0.1923561
0.0,0.052915134
0.0,0.03432889
0.0,0.03131786
0.0,0.106152155
0.0,0.0405119
0.0,0.056843027
0.0,0.032176077
0.0,0.010017486
0.0,0.0617398
0.0,0.022020675
0.0,0.05188493
0.0,0.0628117
0.0,0.023222972
1.0,0.013189391
1.0,0.047095302
0.0,0.06466033
0.0,0.075252905
0.0,0.18252751
0.0,0.041845687
0.0,0.016777763
1.0,0.11260916
0.0,0.084346965
0.0,0.026047243
0.0,0.09509079
0.0,0.04950491
0.0,0.06899404
0.0,0.10615043
0.0,0.06010125
0.0,0.08141761
0.0,0.06116945
0.0,0.03957391
0.0,0.022054123
0.0,0.04827314
0.0,0.087296195
0.0,0.04181429
0.0,0.045305148
0.0,0.017887468
0.0,0.016107827
0.0,0.045509152
0.0,0.027274065
0.0,0.0882905
0.0,0.031701125
0.0,0.073935494
0.0,0.044489942
0.0,0.018396173
0.0,0.013371993
0.0,0.038042456
0.0,0.036517795
1.0,0.05065301
0.0,0.05283843
0.0,0.03059362
0.0,0.02133612
0.0,0.012333857
0.0,0.06950156
0.0,0.029143194
0.0,0.026313582
0.0,0.019989979
0.0,0.044251055
0.0,0.03736793
0.0,0.04386367
0.0,0.040088996
0.0,0.038597487
0.0,0.20098096
0.0,0.069111854
0.0,0.06440554
0.0,0.07989706
0.0,0.012690303
0.0,0.01852659
0.0,0.017306138
0.0,0.101217076
0.0,0.021877311
0.0,0.087638736
0.0,0.015763829
0.0,0.03696565
0.0,0.02653232
0.0,0.013413042
0.0,0.0248305
0.0,0.045497693
0.0,0.040452637
0.0,0.04163205
0.0,0.057276633
0.0,0.037051678
0.0,0.03503808
0.0,0.062948875
0.0,0.052748106
0.0,0.08670309
0.0,0.041557774
0.0,0.053067498
0.0,0.063838914
0.0,0.020900875
0.0,0.07158724
0.0,0.08433339
0.0,0.051903315
0.0,0.07513142
0.0,0.049220476
0.0,0.02977734
0.0,0.0317766
0.0,0.03212149
0.0,0.053071573
0.0,0.058661938
0.0,0.029185915
0.0,0.026819676
0.0,0.08731039
0.0,0.024147253
0.0,0.037670042
0.0,0.038633596
0.0,0.09262058
1.0,0.028800698
0.0,0.026101526
0.0,0.05410526
0.0,0.06477627
0.0,0.05026448
0.0,0.04375744
0.0,0.05537671
0.0,0.0657072
0.0,0.0632798
0.0,0.05429967
0.0,0.034496445
0.0,0.05115887
0.0,0.06051059
0.0,0.099558376
0.0,0.073946245
0.0,0.05511454
0.0,0.022481028
0.0,0.019835133
0.0,0.018013496
0.0,0.04836724
0.0,0.014554799
0.0,0.018662773
0.0,0.008971578
0.0,0.026470916
1.0,0.055359706
0.0,0.08259104
0.0,0.03767112
0.0,0.016542643
0.0,0.055346273
0.0,0.046256684
0.0,0.020165533
0.0,0.03867433
0.0,0.07493322
0.0,0.04969471
0.0,0.07263555
0.0,0.05912775
0.0,0.03634656
0.0,0.0402892
0.0,0.04494956
0.0,0.048193358
0.0,0.0309505
0.0,0.060116496
0.0,0.07482764
0.0,0.03959018
0.0,0.04047656
0.0,0.038010687
0.0,0.049976923
0.0,0.0183184
0.0,0.0481575
0.0,0.013123952
0.0,0.03715337
0.0,0.05542656
0.0,0.04781188
0.0,0.060411848
0.0,0.07205272
0.0,0.037806984
0.0,0.08683412
0.0,0.06918753
0.0,0.02323447
0.0,0.033726882
0.0,0.046625394
0.0,0.07474837
0.0,0.020975156
0.0,0.0963971
0.0,0.029017216
0.0,0.22940034
0.0,0.062288612
0.0,0.030707635
0.0,0.04617226
0.0,0.05104656
0.0,0.046058424
1.0,0.05559549
0.0,0.02975246
0.0,0.047740646
0.0,0.046304643
0.0,0.065428734
0.0,0.033348784
0.0,0.074846946
0.0,0.020862412
0.0,0.023910353
0.0,0.18313935
1.0,0.18435237
0.0,0.15008886
0.0,0.09135803
0.0,0.021071784
0.0,0.032740194
0.0,0.077612676
0.0,0.039028745
0.0,0.14026882
0.0,0.03951231
0.0,0.06842938
0.0,0.049833097
0.0,0.040030546
0.0,0.036220655
1.0,0.016867109
0.0,0.033581283
0.0,0.036497116
0.0,0.011091847
0.0,0.03711417
1.0,0.07335911
0.0,0.034529064
0.0,0.05422391
0.0,0.070056915
0.0,0.053931884
0.0,0.07597358
0.0,0.053182837
0.0,0.037328374
0.0,0.06463787
0.0,0.06644248
0.0,0.068344
0.0,0.09757033
0.0,0.023034647
0.0,0.017023457
0.0,0.032278962
0.0,0.033460364
0.0,0.0644644
0.0,0.025399262
0.0,0.073370196
0.0,0.02018279
0.0,0.049829274
0.0,0.13040419
0.0,0.054992132
0.0,0.054103814
0.0,0.016074559
0.0,0.029095497
0.0,0.036362782
0.0,0.05231646
0.0,0.06607318
0.0,0.11827541
0.0,0.09754619
0.0,0.024733743
0.0,0.020710297
0.0,0.0638464
0.0,0.056743506
0.0,0.094476305
0.0,0.072794005
0.0,0.029760987
0.0,0.07373727
0.0,0.05086174
0.0,0.035428993
0.0,0.052669793
0.0,0.09290363
0.0,0.05055902
0.0,0.037371457
0.0,0.07292009
0.0,0.08875094
0.0,0.13674358
0.0,0.075188525
0.0,0.088786796
0.0,0.034965195
2.0,0.042237602
0.0,0.054869786
0.0,0.026234878
0.0,0.07031421
0.0,0.07479999
0.0,0.024965238
0.0,0.033692032
0.0,0.04490149
0.0,0.05905722
0.0,0.08183937
0.0,0.036941033
0.0,0.07123953
0.0,0.047282897
0.0,0.012328095
0.0,0.062052887
0.0,0.058677547
0.0,0.061136615
0.0,0.06416142
0.0,0.14091675
0.0,0.014702679
0.0,0.025932398
0.0,0.02728114
1.0,0.08351755
1.0,0.08398264
1.0,0.09953924
0.0,0.027713241
1.0,0.053575475
0.0,0.057767972
0.0,0.02392939
0.0,0.037042703
0.0,0.053463034
0.0,0.038473986
0.0,0.055979908
0.0,0.039660204
0.0,0.06533321
0.0,0.08284776
0.0,0.029698938
0.0,0.017792312
0.0,0.0691257
0.0,0.07078464
0.0,0.014833454
0.0,0.023605177
0.0,0.077322
0.0,0.052033562
0.0,0.066163756
0.0,0.07223029
0.0,0.023912735
0.0,0.049220055
0.0,0.08955423
0.0,0.0856793
0.0,0.037727028
0.0,0.12786776
0.0,0.074401334
0.0,0.04960893
0.0,0.036019642
0.0,0.010974731
0.0,0.072031125
0.0,0.08516325
0.0,0.031316575
0.0,0.04788921
0.0,0.09458843
0.0,0.061573997
0.0,0.19581537
0.0,0.072775975
0.0,0.02694603
0.0,0.028617123
0.0,0.07924242
0.0,0.08073786
0.0,0.033878684
0.0,0.034791365
0.0,0.05463244
0.0,0.045664467
0.0,0.042340685
0.0,0.06807315
0.0,0.045507483
0.0,0.052545168
0.0,0.017771665
0.0,0.015965901
0.0,0.01848546
0.0,0.09064002
0.0,0.052666124
1.0,0.042488184
1.0,0.06354426
0.0,0.04182406
0.0,0.033661216
0.0,0.03054932
0.0,0.037159767
0.0,0.022199884
0.0,0.040774655
0.0,0.16214703
0.0,0.032096304
0.0,0.03803721
0.0,0.020247316
0.0,0.045745842
0.0,0.0498374
1.0,0.030355453
0.0,0.06893199
0.0,0.025810748
0.0,0.06985104
0.0,0.048169646
0.0,0.060700282
0.0,0.053320285
0.0,0.038665794
0.0,0.024913983
0.0,0.06643539
0.0,0.037322767
0.0,0.053376272
0.0,0.061219916
0.0,0.023191579
0.0,0.065126434
0.0,0.019779155
0.0,0.0282159
0.0,0.06739997
0.0,0.04213117
0.0,0.1049751
0.0,0.06637897
0.0,0.026990216
0.0,0.086290434
0.0,0.06582229
0.0,0.115132995
1.0,0.057434287
0.0,0.06631556
0.0,0.06337958
0.0,0.053654574
0.0,0.023276787
0.0,0.05610912
1.0,0.04363846
0.0,0.05990894
0.0,0.07214946
0.0,0.033862792
1.0,0.111125946
0.0,0.02491839
0.0,0.0672932
0.0,0.061134018
0.0,0.06480402
0.0,0.046972197
0.0,0.05912882
0.0,0.04876049
0.0,0.07672313
0.0,0.021038514
0.0,0.08388178
1.0,0.06452992
0.0,0.036683455
0.0,0.023140378
0.0,0.08265164
0.0,0.014189381
0.0,0.031587034
0.0,0.041215416
0.0,0.017188992
0.0,0.018945679
0.0,0.057520017
0.0,0.07003258
0.0,0.04123177
0.0,0.08187348
0.0,0.045602147
0.0,0.091826305
0.0,0.054593537
0.0,0.02347216
0.0,0.060617037
0.0,0.054185245
0.0,0.02269711
0.0,0.04933606
0.0,0.062478278
0.0,0.09555833
0.0,0.024387233
0.0,0.15779185
0.0,0.025841905
0.0,0.07425676
0.0,0.06955427
0.0,0.045537934
0.0,0.0265776
0.0,0.05063584
0.0,0.02568559
0.0,0.065122984
0.0,0.016839134
0.0,0.051520206
0.0,0.055148717
0.0,0.039678138
0.0,0.06347869
0.0,0.07825676
0.0,0.029016497
0.0,0.0730958
0.0,0.056924947
0.0,0.06279477
0.0,0.049067855
0.0,0.023254286
0.0,0.06513639
1.0,0.06051838
0.0,0.056632113
0.0,0.10877519
0.0,0.055061586
0.0,0.02922619
0.0,0.05028409
0.0,0.10665557
2.0,0.054426406
0.0,0.08292339
0.0,0.056041818
0.0,0.071127586
1.0,0.20234552
0.0,0.049905032
0.0,0.0660768
0.0,0.02517128
0.0,0.051557463
0.0,0.017034266
0.0,0.04575797
0.0,0.020972095
1.0,0.07544218
0.0,0.02418708
0.0,0.046122663
0.0,0.027262129
0.0,0.055567183
0.0,0.032565
1.0,0.07713294
0.0,0.07497843
0.0,0.054219026
0.0,0.036057826
0.0,0.058836702
0.0,0.023158439
0.0,0.025130935
0.0,0.044517487
0.0,0.023838928
0.0,0.08311297
0.0,0.015155112
0.0,0.08522239
0.0,0.06357942
0.0,0.039045442
0.0,0.06395381
0.0,0.0589466
0.0,0.014883332
0.0,0.04190293
0.0,0.046611615
0.0,0.019118872
0.0,0.05882241
0.0,0.05617543
0.0,0.04516723
0.0,0.05741895
0.0,0.022900445
0.0,0.05411184
0.0,0.068844445
0.0,0.038639344
0.0,0.020389417
0.0,0.07146534
0.0,0.020881759
0.0,0.036885604
0.0,0.025590355
0.0,0.031369407
0.0,0.02346379
0.0,0.010275225
0.0,0.051931836
0.0,0.04390399
0.0,0.01972862
0.0,0.01866189
0.0,0.054476805
0.0,0.051793914
0.0,0.057483546
0.0,0.051873676
0.0,0.050749592
0.0,0.048521202
1.0,0.10373523
0.0,0.023532722
0.0,0.14743243
0.0,0.040450785
1.0,0.07093967
0.0,0.07077029
0.0,0.044716347
0.0,0.05519823
0.0,0.05025554
0.0,0.06129241
0.0,0.06668803
0.0,0.12170869
0.0,0.034074865
0.0,0.03699319
0.0,0.049071245
0.0,0.026551811
0.0,0.087487884
0.0,0.035146747
0.0,0.06985061
0.0,0.065764576
0.0,0.040991627
0.0,0.07340872
0.0,0.017374577
0.0,0.07360722
0.0,0.041120365
0.0,0.023416076
0.0,0.09083733
0.0,0.09356016
0.0,0.050580554
0.0,0.022150218
0.0,0.055517737
0.0,0.057833627
0.0,0.030332215
0.0,0.017458614
0.0,0.04365734
0.0,0.035930302
0.0,0.022246733
0.0,0.06753802
0.0,0.081189424
1.0,0.054174162
0.0,0.086530656
0.0,0.04819524
0.0,0.018545363
0.0,0.061011504
0.0,0.09097695
0.0,0.09797062
0.0,0.052754372
0.0,0.018944288
0.0,0.048038464
0.0,0.06456285
0.0,0.04194589
0.0,0.060255688
0.0,0.038684346
1.0,0.030223183
0.0,0.03947922
0.0,0.02308414
1.0,0.06812527
0.0,0.055053107
0.0,0.0692779
0.0,0.032906614
0.0,0.044159953
0.0,0.009119616
0.0,0.062178012
0.0,0.055493757
0.0,0.049480624
0.0,0.11380981
0.0,0.03252081
0.0,0.026286043
0.0,0.023385111
0.0,0.03774351
0.0,0.032283597
0.0,0.055079468
0.0,0.026484793
0.0,0.04341845
0.0,0.056091946
0.0,0.03693906
0.0,0.06527576
0.0,0.041386478
0.0,0.071427
0.0,0.083697796
0.0,0.037418675
0.0,0.053233072
0.0,0.0555013
0.0,0.027721277
1.0,0.12029995
0.0,0.049577363
0.0,0.02895905
0.0,0.020516738
0.0,0.073864065
1.0,0.10347266
0.0,0.05213146
0.0,0.026614822
0.0,0.039214507
0.0,0.05203736
1.0,0.06664763
0.0,0.100924395
0.0,0.08482152
0.0,0.0671253
0.0,0.05916707
0.0,0.033669997
0.0,0.022601906
0.0,0.22844431
0.0,0.035584148
0.0,0.09470505
0.0,0.030298794
0.0,0.035154022
0.0,0.062246244
0.0,0.03929312
0.0,0.09515073
0.0,0.07225478
0.0,0.04455582
0.0,0.04179657
0.0,0.025559478
0.0,0.027663188
0.0,0.06576219
1.0,0.12862198
0.0,0.04792226
0.0,0.02449221
0.0,0.026378267
0.0,0.045576297
0.0,0.07977513
0.0,0.018681478
0.0,0.18740222
0.0,0.07189414
0.0,0.021319095
0.0,0.0150000425
0.0,0.027638678
0.0,0.04683331
0.0,0.080121584
0.0,0.012896756
0.0,0.04246726
0.0,0.1226811
0.0,0.03593841
0.0,0.047589727
0.0,0.026141746
0.0,0.038307622
0.0,0.1325981
0.0,0.06354956
0.0,0.013004874
1.0,0.41103896
0.0,0.032801684
0.0,0.030572053
1.0,0.04741344
0.0,0.022425644
0.0,0.03748627
0.0,0.03443426
0.0,0.020745493
0.0,0.02625937
0.0,0.09125445
0.0,0.07742626
0.0,0.052051503
0.0,0.021707496
0.0,0.038744047
0.0,0.1450431
0.0,0.023273746
0.0,0.045411214
1.0,0.060952272
0.0,0.016775548
0.0,0.055913936
0.0,0.0897136
0.0,0.066842146
0.0,0.06478662
1.0,0.061213844
0.0,0.052266914
0.0,0.040139437
0.0,0.09642431
0.0,0.023583282
0.0,0.04048909
0.0,0.059524048
1.0,0.017999956
0.0,0.054858692
0.0,0.06373085
0.0,0.08773351
0.0,0.039913002
0.0,0.04592366
0.0,0.038104072
0.0,0.0534095
0.0,0.038168445
0.0,0.020727605
0.0,0.047590792
0.0,0.0415525
0.0,0.032673538
0.0,0.025688235
0.0,0.04370483
0.0,0.06486838
0.0,0.030386662
0.0,0.031307362
0.0,0.021979814
0.0,0.046412297
0.0,0.08327232
0.0,0.032234956
0.0,0.07524783
2.0,0.03391835
0.0,0.039886232
0.0,0.037491273
0.0,0.007847533
0.0,0.013313415
0.0,0.09020892
0.0,0.07476717
0.0,0.04925161
0.0,0.19683808
0.0,0.033604637
0.0,0.049450696
0.0,0.07713562
0.0,0.07691564
0.0,0.057901423
0.0,0.08832677
0.0,0.06465284
0.0,0.08928324
2.0,0.060208067
0.0,0.058155976
0.0,0.044719547
0.0,0.0585654
0.0,0.06335205
0.0,0.035774134
0.0,0.031744916
0.0,0.07985684
0.0,0.15212837
0.0,0.057073195
0.0,0.049413405
0.0,0.0584607
0.0,0.2072684
1.0,0.20700952
0.0,0.10173148
0.0,0.043374456
0.0,0.04049542
0.0,0.032159865
0.0,0.06159658
0.0,0.046162687
0.0,0.06348138
0.0,0.07521626
0.0,0.030920763
0.0,0.035012312
0.0,0.04501558
0.0,0.09595638
0.0,0.03578715
0.0,0.044504777
0.0,0.06840632
0.0,0.047034394
0.0,0.021153904
0.0,0.026878197
0.0,0.0042121527
1.0,0.03289182
1.0,0.05997258
0.0,0.02004385
0.0,0.024797382
0.0,0.06194104
0.0,0.03688729
0.0,0.06683163
0.0,0.057494365
0.0,0.10532768
0.0,0.049535323
0.0,0.04547414
0.0,0.014083222
0.0,0.017040845
0.0,0.13060096
1.0,0.046705812
0.0,0.046178207
0.0,0.042352617
0.0,0.033881124
0.0,0.06648111
0.0,0.07512599
0.0,0.042015854
0.0,0.022656139
0.0,0.033244696
0.0,0.05360811
0.0,0.059395384
0.0,0.050585404
0.0,0.03094234
0.0,0.06595001
0.0,0.04781218
0.0,0.0476164
1.0,0.18432942
0.0,0.057998497
0.0,0.05478466
0.0,0.1132108
0.0,0.03456303
0.0,0.015740694
0.0,0.06773791
0.0,0.044946857
0.0,0.0704718
0.0,0.052458398
0.0,0.064135924
0.0,0.075546846
0.0,0.06826383
0.0,0.07039743
0.0,0.03203786
0.0,0.055806696
0.0,0.030524231
0.0,0.042474106
0.0,0.07774876
0.0,0.043656424
0.0,0.01746425
0.0,0.052520745
1.0,0.030530956
0.0,0.064373314
0.0,0.05005143
0.0,0.012724089
0.0,0.07070226
0.0,0.042519394
0.0,0.0647763
0.0,0.061832413
0.0,0.09605093
0.0,0.048449185
0.0,0.019680671
0.0,0.07318998
0.0,0.035922404
0.0,0.020451803
0.0,0.07843223
0.0,0.07381016
0.0,0.06885627
0.0,0.05806689
0.0,0.037823573
0.0,0.058643058
0.0,0.05923928
0.0,0.03861713
1.0,0.034958877
0.0,0.04837033
0.0,0.0431309
0.0,0.082867935
0.0,0.048496082
0.0,0.05609732
0.0,0.03590812
0.0,0.036658607
0.0,0.48128992
0.0,0.06438825
0.0,0.06770314
0.0,0.026126318
0.0,0.044512607
0.0,0.05944042
0.0,0.06487472
0.0,0.013926769
0.0,0.04526222
0.0,0.04986728
0.0,0.01614185
0.0,0.024717143
0.0,0.010846913
0.0,0.024060603
0.0,0.06294235
0.0,0.0146652395
0.0,0.09069666
0.0,0.021012656
0.0,0.019223625
0.0,0.07947158
0.0,0.047621984
0.0,0.038726978
0.0,0.042431798
0.0,0.07006333
0.0,0.058722526
0.0,0.06293471
0.0,0.014212891
0.0,0.035751317
0.0,0.05797089
0.0,0.04373981
0.0,0.06949411
0.0,0.04796792
0.0,0.06464581
0.0,0.062093068
0.0,0.06608972
0.0,0.06276637
0.0,0.025640214
0.0,0.051812172
0.0,0.046205916
0.0,0.04476426
0.0,0.057337064
0.0,0.023470672
0.0,0.1791973
0.0,0.06224645
0.0,0.05607975
0.0,0.0100558065
0.0,0.050762735
0.0,0.03239107
0.0,0.18951167
0.0,0.021192733
0.0,0.072578125
1.0,0.08554143
0.0,0.029467214
0.0,0.044994697
0.0,0.07709547
0.0,0.06454989
0.0,0.06813024
0.0,0.04362864
0.0,0.048847105
0.0,0.07017397
0.0,0.036744483
0.0,0.05660255
0.0,0.03889446
0.0,0.050536316
0.0,0.015569777
0.0,0.03481508
0.0,0.058130357
0.0,0.101643085
0.0,0.04220058
0.0,0.06901434
0.0,0.1058658
0.0,0.046742886
0.0,0.051430687
0.0,0.054116536
0.0,0.047928937
0.0,0.1555442
0.0,0.06761773
0.0,0.019693261
0.0,0.040700622
0.0,0.037220452
0.0,0.029005831
0.0,0.033639893
0.0,0.045707643
0.0,0.026682552
0.0,0.07062795
0.0,0.050410297
0.0,0.026424432
0.0,0.058082826
0.0,0.032058034
0.0,0.087604225
0.0,0.08601421
1.0,0.03968035
0.0,0.046158656
0.0,0.08666523
0.0,0.04674086
0.0,0.034969214
0.0,0.008761438
0.0,0.082039416
0.0,0.045148514
0.0,0.05983326
0.0,0.114893384
0.0,0.018825127
0.0,0.023250263
0.0,0.03929541
0.0,0.014787881
0.0,0.021995708
0.0,0.06106258
0.0,0.059217956
0.0,0.024054488
0.0,0.05817389
0.0,0.23140913
0.0,0.08818514
0.0,0.05732897
0.0,0.013746781
0.0,0.057455406
0.0,0.020981038
0.0,0.029186737
0.0,0.053919617
0.0,0.08096567
0.0,0.08264287
0.0,0.04160038
0.0,0.053186182
0.0,0.06546287
0.0,0.060224608
0.0,0.050470885
0.0,0.06544324
0.0,0.06927567
0.0,0.037988782
0.0,0.024494277
0.0,0.08015689
0.0,0.2264722
0.0,0.071446225
0.0,0.034359254
0.0,0.04295759
0.0,0.0341975
0.0,0.03598225
0.0,0.018054765
0.0,0.03639628
0.0,0.022690054
0.0,0.025349135
0.0,0.06281007
0.0,0.033811644
0.0,0.02074123
0.0,0.03903997
0.0,0.04933726
0.0,0.01765088
0.0,0.024208149
0.0,0.04835905
0.0,0.038283024
0.0,0.08114756
0.0,0.013644701
0.0,0.039417937
0.0,0.05004157
0.0,0.04828852
0.0,0.011999616
0.0,0.046090476
0.0,0.08018977
0.0,0.04697549
0.0,0.021656597
0.0,0.018251698
0.0,0.0091510005
0.0,0.07615509
0.0,0.040698994
1.0,0.08815375
0.0,0.055393558
0.0,0.06662897
0.0,0.033014305
1.0,0.10696228
0.0,0.04494313
0.0,0.07238068
0.0,0.11976231
0.0,0.024224373
0.0,0.12876698
0.0,0.033998553
0.0,0.020610392
0.0,0.14326905
0.0,0.041046884
0.0,0.14698422
0.0,0.073730946
0.0,0.039923396
0.0,0.06851924
0.0,0.022194106
0.0,0.024613172
0.0,0.06747197
0.0,0.03964039
0.0,0.052879415
0.0,0.07779056
0.0,0.05186727
0.0,0.024451252
0.0,0.039583046
0.0,0.043031003
0.0,0.016366187
0.0,0.01156614
0.0,0.06792691
0.0,0.05951596
0.0,0.010270474
0.0,0.07445649
0.0,0.03271794
0.0,0.039286904
0.0,0.09179607
0.0,0.052509204
0.0,0.06421529
0.0,0.06042327
0.0,0.024069369
0.0,0.061994758
0.0,0.043952942
0.0,0.071877584
0.0,0.027178824
0.0,0.047263734
0.0,0.060778625
0.0,0.041086987
0.0,0.033366743
0.0,0.06254189
0.0,0.014871904
0.0,0.079129145
0.0,0.07227542
0.0,0.0789772
0.0,0.060632534
0.0,0.08313988
0.0,0.023185939
0.0,0.0376683
0.0,0.111285396
1.0,0.01859942
0.0,0.022240527
0.0,0.09029707
0.0,0.033615086
0.0,0.064666346
0.0,0.02274375
0.0,0.028432494
0.0,0.0761047
0.0,0.060715508
0.0,0.039282948
0.0,0.06814523
0.0,0.05071002
0.0,0.040575523
0.0,0.051842887
0.0,0.07490411
0.0,0.05158375
0.0,0.02015765
0.0,0.022630744
0.0,0.058503605
0.0,0.054832645
0.0,0.05747579
0.0,0.02106385
0.0,0.07409382
0.0,0.06533695
0.0,0.02888093
0.0,0.035596758
0.0,0.014699776
0.0,0.04547063
0.0,0.053147674
0.0,0.034616634
0.0,0.04756856
0.0,0.1048034
0.0,0.05564137
0.0,0.07303308
0.0,0.070739426
0.0,0.04407812
0.0,0.034154657
0.0,0.040276907
0.0,0.021077624
0.0,0.08195953
0.0,0.027429739
0.0,0.05933472
0.0,0.030322889
0.0,0.018347483
0.0,0.13933937
0.0,0.026188333
0.0,0.0134914145
0.0,0.053657748
0.0,0.035396572
0.0,0.01821315
0.0,0.022382451
0.0,0.052050065
0.0,0.110575005
0.0,0.052836947
0.0,0.04896758
0.0,0.04621092
0.0,0.027776187
0.0,0.016856173
1.0,0.034530576
0.0,0.009409651
0.0,0.07734394
0.0,0.016272357
0.0,0.049598075
0.0,0.113656625
0.0,0.08278914
0.0,0.15352643
0.0,0.051963814
0.0,0.04004135
0.0,0.038030304
0.0,0.06728457
0.0,0.061317742
0.0,0.056962118
1.0,0.07021005
0.0,0.049488127
0.0,0.07217114
0.0,0.018050624
0.0,0.048037365
0.0,0.06257013
0.0,0.01881808
0.0,0.021403003
0.0,0.034926653
0.0,0.019244242
0.0,0.049757615
0.0,0.021442711
0.0,0.025900342
0.0,0.05101223
0.0,0.04261719
0.0,0.0815406
0.0,0.026890516
0.0,0.027314633
0.0,0.04239317
0.0,0.04879873
0.0,0.058309585
0.0,0.0154787265
0.0,0.01653579
0.0,0.055627283
0.0,0.09550456
0.0,0.06657612
0.0,0.07856953
0.0,0.10482254
0.0,0.0489395
0.0,0.03142856
0.0,0.046672642
0.0,0.037642248
0.0,0.041692004
0.0,0.06828888
0.0,0.046568424
0.0,0.02792021
0.0,0.05798633
0.0,0.10970964
0.0,0.045053955
0.0,0.030635124
0.0,0.041620895
0.0,0.02448623
0.0,0.03088715
0.0,0.06316711
0.0,0.04632847
0.0,0.019171976
1.0,0.06129079
0.0,0.020928461
0.0,0.043894593
1.0,0.047707397
0.0,0.055163026
0.0,0.06270053
0.0,0.033045508
0.0,0.051642716
0.0,0.057649247
0.0,0.032493744
0.0,0.073141016
0.0,0.019926187
0.0,0.044603504
0.0,0.027645493
0.0,0.057211503
0.0,0.04804087
0.0,0.0286345
0.0,0.046493456
0.0,0.055256747
0.0,0.046854645
0.0,0.045986816
0.0,0.036827046
0.0,0.036307167
0.0,0.032085422
0.0,0.0475445
0.0,0.01960113
0.0,0.029752785
0.0,0.05098334
0.0,0.06913591
0.0,0.048000045
0.0,0.021644652
0.0,0.01546999
0.0,0.025420805
0.0,0.057384465
0.0,0.0516069
0.0,0.021825485
0.0,0.074256726
0.0,0.011993089
0.0,0.08863531
0.0,0.05009985
0.0,0.030474436
0.0,0.055208314
0.0,0.027026419
1.0,0.068006724
0.0,0.01675303
0.0,0.12241726
0.0,0.04227665
0.0,0.051326614
0.0,0.02973676
0.0,0.05833229
0.0,0.07518846
0.0,0.043078613
0.0,0.04795296
0.0,0.020114318
0.0,0.04636673
0.0,0.03750751
0.0,0.07099984
0.0,0.05813051
0.0,0.049630843
0.0,0.02495449
0.0,0.07666597
1.0,0.05444964
0.0,0.06954903
0.0,0.035835512
0.0,0.056850374
0.0,0.06744675
0.0,0.032537263
0.0,0.05920082
0.0,0.029419424
0.0,0.023428472
0.0,0.04244685
0.0,0.0255947
0.0,0.04170471
0.0,0.06920158
0.0,0.013951794
0.0,0.019915387
0.0,0.07041541
0.0,0.049292278
0.0,0.047179163
0.0,0.075725086
0.0,0.08117993
0.0,0.07040271
0.0,0.06057618
0.0,0.043717854
0.0,0.046362236
1.0,0.062254585
0.0,0.076415464
1.0,0.024169924
0.0,0.05825135
0.0,0.045043796
0.0,0.15333718
0.0,0.0485952
0.0,0.08037643
0.0,0.027486142
0.0,0.048154097
0.0,0.04865718
0.0,0.044713255
0.0,0.08993942
0.0,0.074935906
0.0,0.05725607
0.0,0.06550457
1.0,0.22232433
0.0,0.039483495
1.0,0.16442649
0.0,0.022161502
0.0,0.11565787
1.0,0.03213926
1.0,0.1699837
0.0,0.06111825
0.0,0.057049956
0.0,0.157576
0.0,0.0191162
0.0,0.101715475
0.0,0.062257938
0.0,0.042017937
0.0,0.07951153
0.0,0.06775774
0.0,0.036008496
0.0,0.039517
0.0,0.019370185
0.0,0.0312583
0.0,0.06668178
0.0,0.020828407
0.0,0.00746785
0.0,0.06022481
0.0,0.03585103
0.0,0.020989414
0.0,0.049475033
1.0,0.048171505
0.0,0.064848155
0.0,0.032579087
0.0,0.105149865
0.0,0.04059284
0.0,0.16494824
0.0,0.07047785
0.0,0.07267308
0.0,0.049827583
0.0,0.010669917
0.0,0.07125676
0.0,0.061820738
0.0,0.101284385
0.0,0.036044724
0.0,0.047422573
0.0,0.026101489
0.0,0.040590867
0.0,0.062223583
0.0,0.049140885
0.0,0.043597676
0.0,0.026808437
0.0,0.059381507
0.0,0.05339338
0.0,0.05073036
0.0,0.011123966
0.0,0.03842152
0.0,0.012097318
0.0,0.06481018
0.0,0.04180416
0.0,0.06622004
0.0,0.051567122
0.0,0.021878876
0.0,0.029367201
0.0,0.03737791
0.0,0.09261264
0.0,0.043441933
0.0,0.054825403
0.0,0.0622781
0.0,0.03132004
0.0,0.052713886
0.0,0.037292045
0.0,0.08556317
0.0,0.020811688
2.0,0.07891576
0.0,0.07513047
0.0,0.07523806
0.0,0.0848252
0.0,0.04864368
0.0,0.06448907
0.0,0.053168967
1.0,0.048582993
0.0,0.03805699
0.0,0.037886318
0.0,0.025586268
0.0,0.066231936
0.0,0.017088251
0.0,0.06463139
0.0,0.02043118
0.0,0.07845097
0.0,0.024314847
0.0,0.021194898
0.0,0.012364978
0.0,0.051247794
0.0,0.09043783
0.0,0.048953317
0.0,0.04426682
0.0,0.1355419
0.0,0.08476659
0.0,0.04631102
0.0,0.061810378
0.0,0.07839776
0.0,0.044933207
0.0,0.06893925
0.0,0.05611974
0.0,0.03465442
0.0,0.06827307
0.0,0.028092496
0.0,0.019546717
0.0,0.028094774
0.0,0.03924423
0.0,0.027947305
0.0,0.10889824
0.0,0.02816733
0.0,0.077658504
0.0,0.021728383
0.0,0.030384185
0.0,0.05902181
0.0,0.09749067
0.0,0.08333246
0.0,0.05919887
0.0,0.06428291
0.0,0.035658088
0.0,0.028485391
0.0,0.015974727
0.0,0.039689776
0.0,0.030813875
0.0,0.039936457
0.0,0.06461473
0.0,0.024285601
0.0,0.036610898
0.0,0.01642653
0.0,0.016908975
0.0,0.026085723
0.0,0.050205458
0.0,0.06787667
0.0,0.014089381
0.0,0.038871247
0.0,0.04400086
1.0,0.044393755
0.0,0.029304728
1.0,0.031786587
0.0,0.03934714
0.0,0.038337883
0.0,0.04794055
0.0,0.027077021
0.0,0.04961998
0.0,0.04293154
0.0,0.11799156
0.0,0.06468058
0.0,0.021963995
0.0,0.05148084
0.0,0.02198143
0.0,0.030735748
0.0,0.021342814
0.0,0.027903002
0.0,0.10011737
0.0,0.0129046235
0.0,0.014468331
0.0,0.038696356
0.0,0.07123418
0.0,0.05313787
0.0,0.04127564
0.0,0.058258824
0.0,0.08385579
0.0,0.026362587
0.0,0.054824904
0.0,0.04145118
0.0,0.012424506
0.0,0.07735224
0.0,0.045697052
0.0,0.02785306
0.0,0.062958576
0.0,0.09225406
0.0,0.055035442
0.0,0.084759355
0.0,0.020054977
0.0,0.09231534
0.0,0.052354768
0.0,0.02715965
0.0,0.06745177
0.0,0.06300726
0.0,0.029295731
0.0,0.06989789
0.0,0.012166772
0.0,0.026413232
0.0,0.07708922
0.0,0.037902527
0.0,0.049001776
0.0,0.08829321
0.0,0.036930677
0.0,0.046835274
0.0,0.027719188
0.0,0.056803808
0.0,0.062480275
0.0,0.019646121
0.0,0.036364134
0.0,0.07227783
0.0,0.015047094
0.0,0.033459615
0.0,0.021060675
0.0,0.035773896
1.0,0.095128864
0.0,0.017100463
0.0,0.08274127
0.0,0.0794346
0.0,0.053945825
0.0,0.07295379
0.0,0.0684441
0.0,0.022107705
0.0,0.038981877
0.0,0.05088614
0.0,0.06396869
0.0,0.028001621
0.0,0.022433985
0.0,0.056412347
0.0,0.08783003
0.0,0.02941523
0.0,0.06029279
0.0,0.08739578
0.0,0.05738367
0.0,0.17542234
0.0,0.1341003
0.0,0.01566698
0.0,0.040500928
0.0,0.054580003
0.0,0.060460262
0.0,0.018001141
0.0,0.06398038
0.0,0.19752266
0.0,0.056290705
0.0,0.15763412
0.0,0.06773918
0.0,0.12932152
0.0,0.060656045
0.0,0.053857483
0.0,0.19190058
0.0,0.018880818
0.0,0.035154272
0.0,0.019334372
0.0,0.119779095
0.0,0.14367506
0.0,0.03271209
0.0,0.26557285
0.0,0.0602733
0.0,0.044327125
0.0,0.069010444
0.0,0.010129897
0.0,0.10156499
0.0,0.037771758
0.0,0.031821784
0.0,0.06663037
1.0,0.025889859
1.0,0.0923138
0.0,0.07173824
0.0,0.031173337
0.0,0.019304119
0.0,0.04690693
0.0,0.08094257
0.0,0.046698734
0.0,0.0701257
0.0,0.06710747
0.0,0.05603324
1.0,0.08370869
0.0,0.030266233
0.0,0.047213685
0.0,0.045587275
0.0,0.056504175
0.0,0.017237188
0.0,0.07466141
0.0,0.08701301
0.0,0.066618174
0.0,0.025746237
0.0,0.09124986
0.0,0.01869611
0.0,0.02001742
0.0,0.015996428
0.0,0.02790388
0.0,0.086311914
0.0,0.04770908
1.0,0.05259686
0.0,0.07623915
0.0,0.06494752
0.0,0.06492656
0.0,0.035875827
0.0,0.07200463
0.0,0.019352976
0.0,0.035867617
0.0,0.023880545
0.0,0.019323062
0.0,0.06899325
0.0,0.057705533
0.0,0.028845105
0.0,0.092621446
0.0,0.023755921
0.0,0.057496816
0.0,0.037360176
0.0,0.09177465
0.0,0.024716187
0.0,0.04814744
0.0,0.017238848
0.0,0.029735696
0.0,0.06287811
0.0,0.046979524
1.0,0.03587559
0.0,0.075216174
0.0,0.03325381
0.0,0.039129503
0.0,0.052068036
0.0,0.036496714
0.0,0.06886083
0.0,0.12780714
0.0,0.01681309
0.0,0.05260393
0.0,0.07074159
0.0,0.06231924
0.0,0.06026906
0.0,0.07751721
0.0,0.05001168
0.0,0.058609735
1.0,0.0710272
0.0,0.04058727
0.0,0.034151822
1.0,0.050297998
0.0,0.044620734
0.0,0.042091373
0.0,0.16505753
0.0,0.043312594
0.0,0.034263723
0.0,0.039852016
0.0,0.028587691
0.0,0.036538053
0.0,0.013941147
0.0,0.04501367
0.0,0.18184263
0.0,0.01971348
0.0,0.03401571
0.0,0.059418656
0.0,0.015108962
0.0,0.09490285
0.0,0.07570568
0.0,0.037292402
0.0,0.07284239
0.0,0.06168402
0.0,0.032865986
0.0,0.03129287
0.0,0.06342175
0.0,0.103226304
0.0,0.0784816
0.0,0.080106325
0.0,0.060007267
0.0,0.04731673
0.0,0.02525375
0.0,0.045756973
0.0,0.006924918
0.0,0.037375536
0.0,0.075825535
0.0,0.011467621
0.0,0.0660696
0.0,0.05450034
0.0,0.071319915
0.0,0.046053044
0.0,0.20020683
0.0,0.07336938
0.0,0.03462969
0.0,0.026013307
0.0,0.02492363
0.0,0.018513829
0.0,0.028113738
0.0,0.04106082
0.0,0.040525828
0.0,0.04563558
0.0,0.023163771
0.0,0.07925817
0.0,0.098811075
0.0,0.027209219
0.0,0.021904692
0.0,0.07020858
0.0,0.047395922
0.0,0.05665415
0.0,0.043487944
0.0,0.17292866
0.0,0.049086574
0.0,0.03460142
0.0,0.052824475
0.0,0.020337032
0.0,0.03246707
0.0,0.072295345
0.0,0.01813998
0.0,0.015256935
0.0,0.016280692
0.0,0.06722668
0.0,0.05495357
0.0,0.025301024
0.0,0.072573766
0.0,0.1345973
0.0,0.09340018
0.0,0.05265402
0.0,0.02614475
0.0,0.056104276
0.0,0.069127806
0.0,0.013781257
0.0,0.05637137
0.0,0.06225749
0.0,0.078289986
0.0,0.084481046
0.0,0.022149988
1.0,0.050012946
0.0,0.08067298
0.0,0.08288192
0.0,0.068810545
0.0,0.021224003
0.0,0.06784602
0.0,0.08341292
0.0,0.034067363
0.0,0.019240929
0.0,0.08957122
0.0,0.032089017
0.0,0.055079415
0.0,0.025500886
0.0,0.036660776
0.0,0.021126123
0.0,0.039294396
0.0,0.062029473
0.0,0.095083624
0.0,0.056290705
0.0,0.02866927
0.0,0.02329855
0.0,0.07474199
0.0,0.058119256
0.0,0.047574434
0.0,0.07157444
0.0,0.074808
0.0,0.048145697
0.0,0.1463489
0.0,0.06820236
0.0,0.040182985
0.0,0.024424182
0.0,0.10196021
0.0,0.011805819
0.0,0.062118907
0.0,0.066085845
0.0,0.027754303
0.0,0.021914877
2.0,0.016381716
0.0,0.056887418
0.0,0.060275715
0.0,0.04554936
0.0,0.050740376
0.0,0.129408
0.0,0.049373716
0.0,0.040348858
0.0,0.016037809
0.0,0.05515169
0.0,0.07330994
0.0,0.07567276
0.0,0.015437088
0.0,0.05039518
0.0,0.047066454
0.0,0.018323649
0.0,0.042695645
0.0,0.05669861
0.0,0.052694485
2.0,0.037519082
0.0,0.058612194
0.0,0.027231753
0.0,0.07165298
0.0,0.019831842
0.0,0.016631179
0.0,0.010670008
0.0,0.06302228
0.0,0.030663023
0.0,0.024087429
0.0,0.038729675
0.0,0.055065524
0.0,0.19495162
0.0,0.058892235
0.0,0.056681715
0.0,0.046799622
0.0,0.016621476
0.0,0.038566284
0.0,0.013148963
0.0,0.021663414
0.0,0.03741095
0.0,0.027763886
0.0,0.02204095
0.0,0.11484412
0.0,0.025575362
0.0,0.040656283
0.0,0.033548538
0.0,0.018212914
0.0,0.11349064
0.0,0.10868814
0.0,0.050325565
0.0,0.017993562
0.0,0.064734
0.0,0.03718742
0.0,0.056945253
0.0,0.029886004
0.0,0.0721448
0.0,0.08563713
0.0,0.057329025
0.0,0.028481737
0.0,0.07413587
0.0,0.027178915
0.0,0.0147805065
0.0,0.047099568
0.0,0.061009873
0.0,0.027037568
0.0,0.029473033
0.0,0.05384662
0.0,0.047642563
0.0,0.025398549
0.0,0.01983816
0.0,0.05747175
0.0,0.03331614
0.0,0.06323085
0.0,0.049955674
0.0,0.038052253
0.0,0.018047964
0.0,0.06359524
0.0,0.033582564
0.0,0.070841506
1.0,0.037223965
0.0,0.061852876
0.0,0.025964964
0.0,0.1506721
0.0,0.056641296
0.0,0.022125792
0.0,0.04011956
0.0,0.0340775
0.0,0.051737685
1.0,0.045743294
0.0,0.024524055
0.0,0.076754026
0.0,0.071664974
0.0,0.039750382
0.0,0.066549145
0.0,0.020409748
0.0,0.02249706
0.0,0.018906675
0.0,0.04930455
0.0,0.024635835
0.0,0.033772424
0.0,0.014916888
0.0,0.08226654
0.0,0.050157674
0.0,0.057249557
0.0,0.025094507
0.0,0.02825287
0.0,0.049512748
0.0,0.03981953
0.0,0.049974136
0.0,0.04317471
0.0,0.06005487
0.0,0.016858561
0.0,0.03667219
0.0,0.016523486
0.0,0.0794559
0.0,0.053751856
0.0,0.06879804
0.0,0.027015518
0.0,0.067181654
0.0,0.07045986
0.0,0.024473578
0.0,0.048828546
0.0,0.061614823
0.0,0.08294538
0.0,0.060663115
0.0,0.03797279
0.0,0.038538877
1.0,0.10619301
0.0,0.06134832
0.0,0.019562634
0.0,0.12453369
0.0,0.035918996
0.0,0.052569855
1.0,0.04724357
0.0,0.011482859
0.0,0.08707699
0.0,0.046216846
0.0,0.0545793
0.0,0.026932042
0.0,0.015214965
0.0,0.08167047
0.0,0.021425867
0.0,0.06971887
0.0,0.0994916
0.0,0.073705845
0.0,0.038423788
0.0,0.023164257
0.0,0.25292546
0.0,0.06357451
0.0,0.056910235
0.0,0.017640539
0.0,0.017318744
0.0,0.06342568
0.0,0.08067532
0.0,0.24748765
0.0,0.06017925
0.0,0.021001587
0.0,0.022427823
0.0,0.06157235
0.0,0.07113435
1.0,0.04184309
0.0,0.057953436
0.0,0.06421511
0.0,0.06445925
0.0,0.014890012
0.0,0.025735315
0.0,0.060440805
0.0,0.078234345
0.0,0.019601375
0.0,0.02064726
0.0,0.032268804
0.0,0.06281581
2.0,0.062354777
0.0,0.06212123
0.0,0.081823915
0.0,0.049793504
0.0,0.04178433
0.0,0.057673816
0.0,0.013381669
1.0,0.047307365
0.0,0.022693582
0.0,0.058031637
0.0,0.054254714
0.0,0.081478685
0.0,0.022372678
0.0,0.027785514
0.0,0.05959772
0.0,0.014823845
0.0,0.06333885
0.0,0.047187623
0.0,0.009542266
0.0,0.015454028
0.0,0.051083036
0.0,0.041176464
0.0,0.015611222
0.0,0.029885292
0.0,0.043367364
0.0,0.03225665
0.0,0.06609451
0.0,0.0596811
0.0,0.03288337
0.0,0.08365092
0.0,0.05990746
0.0,0.07535823
0.0,0.073894784
0.0,0.06249456
0.0,0.014167138
0.0,0.042617068
0.0,0.030187925
0.0,0.04202908
0.0,0.07808779
0.0,0.04870154
0.0,0.032163806
0.0,0.017460346
0.0,0.05290491
0.0,0.031231483
0.0,0.20743969
0.0,0.029333556
0.0,0.029755
0.0,0.117174484
0.0,0.012945361
0.0,0.03062804
0.0,0.039162464
0.0,0.041367337
0.0,0.029413449
0.0,0.15413067
0.0,0.018450068
0.0,0.03927177
0.0,0.049751874
0.0,0.02390128
0.0,0.03988962
0.0,0.025059544
1.0,0.019661546
0.0,0.10026427
0.0,0.04501397
0.0,0.012600753
0.0,0.02457336
0.0,0.04667422
0.0,0.03166055
0.0,0.06564793
0.0,0.035840057
0.0,0.03512021
0.0,0.019894117
0.0,0.074570715
0.0,0.052451693
0.0,0.068218075
0.0,0.053076204
0.0,0.036268096
1.0,0.058421396
0.0,0.019806704
0.0,0.021078195
0.0,0.12494321
0.0,0.479213
0.0,0.059839565
0.0,0.122678176
0.0,0.01777586
0.0,0.05366581
0.0,0.017281085
0.0,0.0331031
0.0,0.065689854
0.0,0.07720182
0.0,0.018566431
0.0,0.035197094
0.0,0.045683175
0.0,0.040076364
0.0,0.036897812
0.0,0.03628176
0.0,0.022098735
0.0,0.06717278
0.0,0.060847584
0.0,0.03242207
0.0,0.0936882
0.0,0.10497405
0.0,0.047375336
0.0,0.019884065
0.0,0.040001143
0.0,0.08281672
0.0,0.01855128
0.0,0.029909983
0.0,0.07136193
1.0,0.061418787
0.0,0.035467736
0.0,0.06532601
0.0,0.04439579
0.0,0.006412475
0.0,0.061236322
0.0,0.039535698
0.0,0.023661174
0.0,0.020330323
0.0,0.018354142
0.0,0.06472829
0.0,0.14148322
0.0,0.070996955
0.0,0.0601046
0.0,0.037258275
0.0,0.06418566
0.0,0.036966566
0.0,0.07067201
0.0,0.042102735
0.0,0.020212444
0.0,0.0638044
0.0,0.062535174
1.0,0.06177362
0.0,0.031040391
0.0,0.04450172
0.0,0.030478315
0.0,0.02356814
0.0,0.025519338
0.0,0.07104776
0.0,0.01351939
0.0,0.01346473
0.0,0.02997699
0.0,0.024030494
1.0,0.07009739
0.0,0.056680363
0.0,0.016444616
0.0,0.04043927
1.0,0.39877835
0.0,0.02606322
0.0,0.16068137
0.0,0.044361338
1.0,0.045511216
1.0,0.045983747
0.0,0.051683906
0.0,0.055893276
0.0,0.07956228
0.0,0.043838847
0.0,0.04855557
0.0,0.038608827
0.0,0.03718834
0.0,0.06887285
0.0,0.08324885
0.0,0.064070225
0.0,0.025279872
0.0,0.0143909175
0.0,0.02715478
0.0,0.07071508
0.0,0.07323227
0.0,0.094351664
0.0,0.034505673
1.0,0.06168149
0.0,0.02045229
0.0,0.053994283
0.0,0.079516515
1.0,0.08747274
0.0,0.049389564
0.0,0.040960893
0.0,0.06905019
0.0,0.023314744
0.0,0.03885709
0.0,0.07722638
0.0,0.041562982
0.0,0.06339016
0.0,0.05774996
0.0,0.028480854
0.0,0.048151482
0.0,0.036671754
0.0,0.031005198
0.0,0.06720646
0.0,0.02520379
0.0,0.054244213
0.0,0.033776887
0.0,0.068988875
1.0,0.056012966
0.0,0.028539734
0.0,0.013013087
0.0,0.070573196
0.0,0.06240155
0.0,0.025446687
0.0,0.015370395
0.0,0.07239141
0.0,0.04737667
0.0,0.012641841
0.0,0.055641584
0.0,0.06411579
0.0,0.025018806
0.0,0.07709517
0.0,0.034093946
0.0,0.06863614
0.0,0.09635416
0.0,0.06652606
0.0,0.03778296
0.0,0.09089708
0.0,0.013547416
0.0,0.032635543
0.0,0.2472576
0.0,0.039045833
0.0,0.03738878
0.0,0.06849686
0.0,0.053427253
0.0,0.042125106
0.0,0.06237448
0.0,0.06951624
0.0,0.02274709
0.0,0.12674005
0.0,0.042021044
0.0,0.04921963
0.0,0.028224552
0.0,0.07403778
0.0,0.04027435
0.0,0.046757244
0.0,0.06751925
0.0,0.033818528
0.0,0.055666156
0.0,0.09371306
0.0,0.09032373
0.0,0.12043003
0.0,0.061522607
0.0,0.031975027
0.0,0.022439688
0.0,0.029791243
0.0,0.040450726
0.0,0.03244248
0.0,0.07728593
0.0,0.034727637
0.0,0.011813743
0.0,0.07421379
0.0,0.0681253
0.0,0.029771548
0.0,0.06216011
0.0,0.06607957
0.0,0.054167755
0.0,0.050207183
0.0,0.027805487
0.0,0.048671033
0.0,0.01403755
0.0,0.041253168
0.0,0.071361415
1.0,0.07059002
0.0,0.03874689
0.0,0.031701274
0.0,0.06913981
0.0,0.085920975
0.0,0.04294276
0.0,0.060565755
0.0,0.03730702
0.0,0.036591057
0.0,0.048915867
0.0,0.03310615
0.0,0.14063941
0.0,0.042600997
0.0,0.04538712
0.0,0.013196796
0.0,0.039289076
0.0,0.07735733
0.0,0.039269876
0.0,0.02379229
0.0,0.048463833
0.0,0.06389422
0.0,0.030096598
1.0,0.068778515
0.0,0.02101943
0.0,0.014361331
0.0,0.045238316
0.0,0.051323384
0.0,0.038154762
0.0,0.060894635
0.0,0.027499672
0.0,0.034531664
0.0,0.0384903
0.0,0.043039024
0.0,0.11212194
0.0,0.07644508
0.0,0.07827998
0.0,0.06448519
0.0,0.025936948
1.0,0.079785936
0.0,0.063921005
0.0,0.06883811
0.0,0.09100212
0.0,0.041097883
1.0,0.07985143
0.0,0.077237755
0.0,0.050683234
0.0,0.03086942
0.0,0.054267988
0.0,0.033687487
0.0,0.033838693
0.0,0.051378526
0.0,0.07422183
0.0,0.09082624
0.0,0.011792788
0.0,0.06919908
0.0,0.03985747
0.0,0.041984472
0.0,0.016938858
0.0,0.041071005
0.0,0.023053559
0.0,0.047705397
0.0,0.011847686
0.0,0.051160995
0.0,0.019523066
0.0,0.10260755
0.0,0.06803778
1.0,0.04752902
0.0,0.069295324
0.0,0.015952751
0.0,0.0694451
0.0,0.05434868
0.0,0.028451318
0.0,0.040236767
0.0,0.052265845
0.0,0.06736408
0.0,0.060953375
0.0,0.015264466
0.0,0.02966562
0.0,0.06344686
0.0,0.041105155
0.0,0.07821239
0.0,0.051408157
0.0,0.051520105
0.0,0.05580563
0.0,0.039322756
0.0,0.019146632
0.0,0.022931423
0.0,0.033881932
0.0,0.011226239
0.0,0.033079214
0.0,0.03397742
1.0,0.023856167
0.0,0.031379055
1.0,0.1277955
0.0,0.025291845
0.0,0.073852494
0.0,0.07186941
0.0,0.099245735
0.0,0.050398137
0.0,0.047300283
0.0,0.09776092
0.0,0.029096344
0.0,0.027790336
0.0,0.08490877
0.0,0.060612008
0.0,0.02903647
0.0,0.03510139
0.0,0.022724638
0.0,0.055968832
0.0,0.03328889
0.0,0.06418091
0.0,0.026062412
0.0,0.051782925
0.0,0.053335898
0.0,0.031421714
0.0,0.03306718
0.0,0.029143263
1.0,0.10339535
1.0,0.037310455
0.0,0.03374152
0.0,0.0060904445
0.0,0.010900583
0.0,0.047844402
0.0,0.07952113
0.0,0.02080124
0.0,0.22107795
0.0,0.025785333
0.0,0.05955275
0.0,0.074685216
0.0,0.0555031
0.0,0.021941572
0.0,0.054628976
0.0,0.04742594
0.0,0.031878933
0.0,0.047758497
0.0,0.032414183
0.0,0.049162798
0.0,0.01603823
0.0,0.02048112
0.0,0.046584528
0.0,0.015890466
0.0,0.056054324
0.0,0.06852385
0.0,0.019563967
0.0,0.027339105
0.0,0.053678628
0.0,0.046303846
0.0,0.03911174
0.0,0.05581561
0.0,0.030030627
0.0,0.017156761
0.0,0.049577195
0.0,0.023020033
0.0,0.06761916
0.0,0.024754945
0.0,0.03363675
0.0,0.05935648
0.0,0.06755067
0.0,0.085565165
0.0,0.047442384
0.0,0.07113722
0.0,0.030279253
0.0,0.06952623
0.0,0.036614217
0.0,0.027713016
0.0,0.024250064
0.0,0.025402121
0.0,0.068972826
0.0,0.03799204
0.0,0.01481309
0.0,0.042217325
0.0,0.026241647
0.0,0.08983548
0.0,0.012957255
0.0,0.03868866
0.0,0.04232835
0.0,0.017287226
0.0,0.03276604
0.0,0.06462005
0.0,0.011605159
0.0,0.05929668
0.0,0.043443423
1.0,0.090834334
0.0,0.065417506
0.0,0.028855326
0.0,0.040707592
0.0,0.019211262
0.0,0.050501507
0.0,0.20315687
0.0,0.05059558
0.0,0.060398597
0.0,0.048195977
0.0,0.049650274
0.0,0.103279084
0.0,0.082352534
0.0,0.052329782
0.0,0.014605606
0.0,0.032595854
0.0,0.044820562
0.0,0.024130471
0.0,0.073137805
0.0,0.023262218
0.0,0.05371266
0.0,0.0308286
0.0,0.05552981
0.0,0.041288376
0.0,0.07531896
0.0,0.027843963
0.0,0.046155203
0.0,0.061133742
0.0,0.030443702
0.0,0.064947955
0.0,0.074313015
0.0,0.038641628
0.0,0.05771478
0.0,0.03384013
0.0,0.039533097
0.0,0.016967587
0.0,0.01829394
0.0,0.031255886
0.0,0.046424665
1.0,0.069487736
0.0,0.048816252
1.0,0.10464126
0.0,0.08399902
0.0,0.03643914
0.0,0.04289575
0.0,0.014209829
0.0,0.04417185
0.0,0.036693357
0.0,0.039077777
0.0,0.029723588
0.0,0.030318942
0.0,0.06561585
0.0,0.13788241
1.0,0.30860454
0.0,0.030125717
0.0,0.050737374
0.0,0.054372683
0.0,0.060136825
1.0,0.08680291
0.0,0.025252558
0.0,0.09643188
0.0,0.031878237
0.0,0.030142127
0.0,0.06673329
0.0,0.017808923
0.0,0.06888527
0.0,0.06562245
0.0,0.013607931
0.0,0.019452842
0.0,0.07610661
0.0,0.061699525
0.0,0.03692059
0.0,0.025963603
0.0,0.024094425
0.0,0.061313882
0.0,0.038800657
0.0,0.06671015
0.0,0.012319703
0.0,0.071358696
0.0,0.059255198
1.0,0.03358588
0.0,0.03339275
0.0,0.018546805
0.0,0.012490109
0.0,0.03938057
0.0,0.013944099
0.0,0.04535069
0.0,0.02787594
0.0,0.031782843
0.0,0.027631957
0.0,0.04557982
0.0,0.051753107
0.0,0.13354845
0.0,0.042514935
0.0,0.0683757
0.0,0.056166325
0.0,0.04921306
0.0,0.07914418
0.0,0.019304523
0.0,0.016601965
0.0,0.083994195
0.0,0.09499745
0.0,0.04492175
0.0,0.050994255
0.0,0.029315671
0.0,0.051063847
0.0,0.014363502
0.0,0.027910454
0.0,0.023079846
0.0,0.03130708
0.0,0.053138703
0.0,0.043070067
0.0,0.02075617
0.0,0.041748323
0.0,0.03172042
0.0,0.03941585
0.0,0.0170291
0.0,0.035937842
1.0,0.0604645
0.0,0.044322453
0.0,0.023087606
0.0,0.081484005
0.0,0.035281062
0.0,0.019345714
0.0,0.062242147
0.0,0.034996353
0.0,0.09276693
0.0,0.022408476
0.0,0.02440288
0.0,0.049146533
0.0,0.06355017
0.0,0.0837354
1.0,0.053501695
0.0,0.032851662
0.0,0.049636498
0.0,0.12924094
0.0,0.048176378
0.0,0.05828836
0.0,0.06607247
0.0,0.052784238
0.0,0.031045262
0.0,0.026260836
0.0,0.017689377
1.0,0.065427594
0.0,0.014712125
0.0,0.016507255
0.0,0.046717886
0.0,0.062426284
0.0,0.043146864
0.0,0.08365558
0.0,0.021762103
0.0,0.060669698
0.0,0.032554615
0.0,0.010520309
0.0,0.0714845
0.0,0.050849102
0.0,0.05953273
0.0,0.050308794
0.0,0.03041242
0.0,0.084082335
0.0,0.020109762
0.0,0.04688164
0.0,0.03383319
0.0,0.119329706
0.0,0.057831723
0.0,0.04629007
0.0,0.039557762
0.0,0.07775742
0.0,0.055469736
0.0,0.014746414
0.0,0.04232169
0.0,0.012238038
0.0,0.015441475
0.0,0.037830465
0.0,0.02238466
0.0,0.026830845
0.0,0.03338441
0.0,0.020193042
0.0,0.03728264
0.0,0.038442206
0.0,0.02410478
0.0,0.08165635
1.0,0.037054647
0.0,0.03824192
1.0,0.090016395
0.0,0.057777423
0.0,0.04738627
0.0,0.01571142
0.0,0.0487534
0.0,0.06438711
0.0,0.041190565
0.0,0.035644725
0.0,0.04770351
0.0,0.0686967
0.0,0.06700937
0.0,0.050463665
0.0,0.030851925
0.0,0.06432706
1.0,0.037295476
0.0,0.09803015
0.0,0.040226888
0.0,0.04473183
0.0,0.020886678
0.0,0.0646039
0.0,0.07009531
0.0,0.028013961
0.0,0.033911172
0.0,0.044707626
0.0,0.05766592
0.0,0.024392698
0.0,0.16922122
0.0,0.08647188
0.0,0.10043486
0.0,0.04270998
0.0,0.042457905
0.0,0.04892991
0.0,0.041871093
0.0,0.032448653
0.0,0.056875322
0.0,0.052854106
0.0,0.05122444
0.0,0.065236054
0.0,0.056450758
0.0,0.045272518
0.0,0.044244893
0.0,0.017984325
0.0,0.0466475
0.0,0.047525663
0.0,0.08109631
0.0,0.038351174
0.0,0.066534564
0.0,0.04722262
0.0,0.13480085
0.0,0.017300949
0.0,0.030296063
0.0,0.03387179
0.0,0.033349995
0.0,0.03423622
1.0,0.07727684
0.0,0.06376866
0.0,0.07702228
0.0,0.036101215
0.0,0.08259065
0.0,0.014740979
0.0,0.014900233
0.0,0.05310501
0.0,0.09978708
0.0,0.06010426
1.0,0.17048027
0.0,0.050021365
0.0,0.07794657
0.0,0.027551793
0.0,0.04515078
0.0,0.09099899
0.0,0.062326923
0.0,0.06655832
1.0,0.012501973
0.0,0.02268006
0.0,0.031527385
0.0,0.031833712
0.0,0.047236722
0.0,0.051211666
0.0,0.053766906
0.0,0.04550887
0.0,0.07177581
0.0,0.07040144
0.0,0.09062799
0.0,0.023815444
0.0,0.06319995
0.0,0.050337013
0.0,0.03397972
0.0,0.06259729
0.0,0.06898256
0.0,0.017429909
0.0,0.03428969
0.0,0.11091258
1.0,0.07707363
0.0,0.14020447
0.0,0.05442586
0.0,0.034429397
0.0,0.054752305
0.0,0.04758739
0.0,0.045817472
0.0,0.042927425
1.0,0.07861994
0.0,0.122472234
0.0,0.06679726
0.0,0.19683254
0.0,0.02284077
0.0,0.06561084
0.0,0.0951648
0.0,0.03759957
0.0,0.07284513
0.0,0.041415438
0.0,0.06485301
1.0,0.07073238
0.0,0.051180173
0.0,0.03415285
0.0,0.04949273
0.0,0.038187906
0.0,0.011861694
0.0,0.06364099
0.0,0.061245564
0.0,0.047359593
0.0,0.029457029
1.0,0.06434817
0.0,0.052904107
0.0,0.019631531
0.0,0.016800525
0.0,0.018572
0.0,0.026612539
0.0,0.026574027
0.0,0.015723657
0.0,0.018361853
1.0,0.07021355
0.0,0.04700715
1.0,0.030462477
0.0,0.09266633
0.0,0.016764808
0.0,0.044491895
0.0,0.052489348
0.0,0.049595024
0.0,0.06739525
0.0,0.035591003
0.0,0.06269046
0.0,0.026339455
0.0,0.04116804
0.0,0.07526418
0.0,0.08732792
0.0,0.018896211
0.0,0.05349797
0.0,0.010789746
0.0,0.080612354
0.0,0.061822593
0.0,0.035355177
0.0,0.029772881
0.0,0.095554754
0.0,0.018146798
0.0,0.04135647
0.0,0.030183448
0.0,0.05501731
0.0,0.05475241
0.0,0.0712937
0.0,0.06860555
0.0,0.009400385
0.0,0.069290884
0.0,0.039993417
0.0,0.05476844
0.0,0.07153848
1.0,0.12159552
0.0,0.027523968
0.0,0.06663259
1.0,0.045155644
0.0,0.02983816
0.0,0.039195944
0.0,0.019605897
0.0,0.06955543
0.0,0.01720326
0.0,0.08521597
0.0,0.05459385
0.0,0.05851125
0.0,0.041524235
0.0,0.043148283
0.0,0.06528678
2.0,0.021238176
0.0,0.03824369
0.0,0.023981512
0.0,0.051427744
1.0,0.047857568
0.0,0.05934898
0.0,0.076830685
0.0,0.034913413
0.0,0.040951014
0.0,0.0789074
0.0,0.11374831
0.0,0.06962727
0.0,0.045435883
0.0,0.03215505
0.0,0.03279183
0.0,0.041073807
0.0,0.017033413
0.0,0.06973988
0.0,0.03147118
0.0,0.013005445
0.0,0.05201565
0.0,0.032291647
0.0,0.03317068
0.0,0.057634007
0.0,0.068750195
0.0,0.082257874
1.0,0.06955665
0.0,0.09004159
0.0,0.07730688
0.0,0.022869585
0.0,0.04917576
0.0,0.13246945
0.0,0.06292407
0.0,0.019621413
0.0,0.022023048
0.0,0.04015485
0.0,0.065408096
0.0,0.018761232
0.0,0.021634117
0.0,0.008088656
0.0,0.03386565
0.0,0.0344786
0.0,0.032124
1.0,0.06289837
0.0,0.053371947
0.0,0.12067724
0.0,0.034198806
0.0,0.026790664
1.0,0.024251718
0.0,0.019702211
0.0,0.029859267
0.0,0.0760836
0.0,0.08554175
0.0,0.08296638
0.0,0.036005232
0.0,0.03143201
0.0,0.019699488
0.0,0.029667417
0.0,0.09523934
0.0,0.06484216
0.0,0.07957939
0.0,0.06661214
0.0,0.070351474
0.0,0.13010618
0.0,0.02906653
0.0,0.06322652
0.0,0.044150077
0.0,0.02988351
0.0,0.026123665
0.0,0.03994556
0.0,0.08511161
0.0,0.034185175
1.0,0.049377345
0.0,0.030674225
1.0,0.0601802
0.0,0.030345308
0.0,0.06084384
0.0,0.05202788
0.0,0.05344955
0.0,0.022125263
0.0,0.022153832
0.0,0.031313393
0.0,0.0359508
0.0,0.033638354
0.0,0.038520247
0.0,0.09440522
0.0,0.057071466
0.0,0.08023116
0.0,0.07854591
0.0,0.07986181
0.0,0.047189087
0.0,0.06935688
0.0,0.03741027
0.0,0.026414808
0.0,0.034220826
0.0,0.040111963
0.0,0.016631551
0.0,0.055475183
0.0,0.048078086
0.0,0.032933835
1.0,0.05711595
0.0,0.042310975
0.0,0.053933915
0.0,0.07915916
0.0,0.11764728
0.0,0.049450696
0.0,0.048075724
0.0,0.073693596
0.0,0.027642395
0.0,0.040595494
1.0,0.20227857
0.0,0.022889156
0.0,0.055938844
0.0,0.13472097
0.0,0.0949188
0.0,0.055150583
0.0,0.069887385
0.0,0.035291728
0.0,0.058919538
0.0,0.039703045
0.0,0.03597803
0.0,0.01963564
0.0,0.029827788
0.0,0.105857216
0.0,0.033763826
0.0,0.025159879
0.0,0.014147102
0.0,0.022683153
0.0,0.025143161
0.0,0.03952469
0.0,0.11004108
0.0,0.030943742
0.0,0.039559707
0.0,0.060073916
0.0,0.047733042
1.0,0.044329114
0.0,0.032870404
0.0,0.015961273
0.0,0.020773971
1.0,0.0526609
0.0,0.046438813
1.0,0.06837061
0.0,0.060419768
0.0,0.05472722
1.0,0.2065247
0.0,0.03809871
0.0,0.059839424
0.0,0.06795542
0.0,0.11826639
0.0,0.030573161
0.0,0.08209827
0.0,0.043131232
0.0,0.045904726
0.0,0.034225952
0.0,0.021554245
0.0,0.053172845
0.0,0.024597872
0.0,0.052073997
0.0,0.04550744
0.0,0.08214882
0.0,0.023956664
0.0,0.034023464
0.0,0.038943954
0.0,0.06486009
0.0,0.03327056
0.0,0.030445458
1.0,0.14269687
0.0,0.05002907
0.0,0.07119308
0.0,0.042911522
0.0,0.021206988
0.0,0.020711452
0.0,0.02412518
0.0,0.028061008
0.0,0.049901914
0.0,0.061984457
0.0,0.041710317
0.0,0.042284716
0.0,0.035462156
0.0,0.015520869
0.0,0.0640413
0.0,0.062530704
0.0,0.15297146
0.0,0.042481944
0.0,0.030373551
0.0,0.0382506
0.0,0.032690383
0.0,0.06997098
0.0,0.0708425
0.0,0.034553226
0.0,0.06466474
1.0,0.07285086
0.0,0.06659044
0.0,0.07394547
0.0,0.08250462
0.0,0.013052493
0.0,0.053283915
0.0,0.0365582
0.0,0.01603992
0.0,0.0450223
1.0,0.048346624
0.0,0.05016681
0.0,0.05125437
0.0,0.060041323
0.0,0.017806206
0.0,0.072875634
0.0,0.031922456
0.0,0.078673586
0.0,0.10597527
0.0,0.051370323
1.0,0.083786726
0.0,0.04484763
0.0,0.044422112
0.0,0.045323707
0.0,0.057186235
0.0,0.016782677
0.0,0.059484366
0.0,0.0832585
0.0,0.062378198
0.0,0.03746438
0.0,0.057994485
0.0,0.019536104
0.0,0.03695701
0.0,0.027262649
0.0,0.027429882
0.0,0.04306064
0.0,0.04438982
0.0,0.080212295
0.0,0.045858342
0.0,0.06413848
0.0,0.06298599
0.0,0.044308886
0.0,0.059874415
0.0,0.044050213
0.0,0.04006572
0.0,0.046807837
0.0,0.13923253
0.0,0.041005958
0.0,0.044649296
0.0,0.01442302
0.0,0.051585667
0.0,0.03517173
0.0,0.01766425
0.0,0.064525336
0.0,0.04241873
0.0,0.032832716
0.0,0.17919666
0.0,0.04011686
0.0,0.027810724
0.0,0.066803336
0.0,0.024005435
0.0,0.0145712765
0.0,0.07120774
0.0,0.051273264
0.0,0.045200516
0.0,0.020839643
0.0,0.022460906
0.0,0.02318886
0.0,0.08862401
0.0,0.2291761
0.0,0.046471246
0.0,0.04791285
0.0,0.042478114
0.0,0.07337727
0.0,0.04939717
0.0,0.06621074
0.0,0.06961775
0.0,0.064215
0.0,0.07002372
0.0,0.017631516
0.0,0.045608126
0.0,0.14951721
0.0,0.066581585
0.0,0.04943926
0.0,0.023904528
0.0,0.0837596
0.0,0.093319476
0.0,0.14683563
0.0,0.033564713
0.0,0.0403262
0.0,0.058932167
1.0,0.051177487
0.0,0.08315463
0.0,0.020271728
0.0,0.050826874
0.0,0.06734814
0.0,0.0838768
0.0,0.11353218
0.0,0.027363975
0.0,0.011209705
0.0,0.07787978
0.0,0.034684476
0.0,0.035359543
0.0,0.06615909
0.0,0.019975247
0.0,0.033597637
2.0,0.054911062
0.0,0.029211463
0.0,0.07422887
0.0,0.024561903
0.0,0.0487914
0.0,0.09014255
0.0,0.018669803
0.0,0.048941087
0.0,0.04865356
0.0,0.035608284
0.0,0.04021427
0.0,0.04332181
0.0,0.015142999
0.0,0.05104364
0.0,0.0882393
0.0,0.035349734
0.0,0.039921604
0.0,0.07754069
0.0,0.045073055
0.0,0.051097266
1.0,0.013686555
0.0,0.15477735
0.0,0.017147101
0.0,0.06886937
0.0,0.049884997
0.0,0.02594536
0.0,0.038235098
0.0,0.039910946
0.0,0.07491041
0.0,0.026406193
0.0,0.19327664
0.0,0.020494612
1.0,0.03457737
0.0,0.0207589
0.0,0.040850844
0.0,0.026483353
0.0,0.015548402
0.0,0.03697455
0.0,0.054535594
0.0,0.07662697
0.0,0.074566774
0.0,0.09506601
0.0,0.03520062
0.0,0.059669632
0.0,0.9132703
0.0,0.029365702
0.0,0.045773294
0.0,0.031506304
0.0,0.05409066
0.0,0.056584768
0.0,0.04763218
0.0,0.052376542
0.0,0.033825625
0.0,0.07367675
0.0,0.016398817
0.0,0.029923322
0.0,0.0808049
0.0,0.0764894
0.0,0.020808533
0.0,0.028085116
0.0,0.09592582
0.0,0.052954733
0.0,0.027986897
0.0,0.051783025
0.0,0.039410926
0.0,0.031284127
0.0,0.023660993
0.0,0.013475662
0.0,0.016093517
1.0,0.05746498
0.0,0.05153158
0.0,0.018216625
0.0,0.020004453
0.0,0.020213272
0.0,0.05215016
0.0,0.030861164
0.0,0.03568314
0.0,0.062848106
0.0,0.028192874
0.0,0.051007316
0.0,0.047192078
0.0,0.0138749145
0.0,0.09297314
0.0,0.07208734
0.0,0.08496251
0.0,0.08087858
1.0,0.0862305
0.0,0.081124306
0.0,0.05743115
1.0,0.08170461
0.0,0.03347171
0.0,0.03228469
0.0,0.07735006
0.0,0.040898576
0.0,0.05758953
0.0,0.02265023
0.0,0.025834488
0.0,0.047864918
0.0,0.04625737
0.0,0.030841481
0.0,0.05834795
0.0,0.026685694
0.0,0.036525145
0.0,0.055466484
0.0,0.03856119
0.0,0.061755005
0.0,0.05936868
0.0,0.01903904
0.0,0.042882867
0.0,0.07230686
0.0,0.018692305
0.0,0.070819244
0.0,0.06747314
0.0,0.05571377
0.0,0.055692628
0.0,0.034904644
0.0,0.07146722
0.0,0.040235847
0.0,0.052193567
0.0,0.034215003
0.0,0.050110605
0.0,0.039790396
0.0,0.09702549
0.0,0.013886723
0.0,0.04830356
0.0,0.045635514
0.0,0.022632513
0.0,0.051714968
0.0,0.0058690556
0.0,0.022677422
0.0,0.027914794
0.0,0.045338817
0.0,0.05052251
0.0,0.0161965
0.0,0.018180577
0.0,0.070224494
0.0,0.06291713
0.0,0.023996212
0.0,0.056040507
0.0,0.013906615
0.0,0.023427814
0.0,0.03950502
0.0,0.052343033
0.0,0.050634682
0.0,0.059043903
0.0,0.011538954
0.0,0.034663726
0.0,0.10451474
0.0,0.082890496
0.0,0.048372544
0.0,0.054496862
0.0,0.0478554
0.0,0.041242685
0.0,0.05161561
0.0,0.044278897
0.0,0.041308522
0.0,0.027516395
0.0,0.014245793
0.0,0.08865552
0.0,0.014395845
0.0,0.0700967
0.0,0.072179034
0.0,0.09424373
0.0,0.038347572
0.0,0.058991533
0.0,0.06283609
0.0,0.03461569
0.0,0.02449534
0.0,0.11511213
0.0,0.021411017
0.0,0.045434453
0.0,0.058146894
0.0,0.020591266
0.0,0.02055347
0.0,0.096688226
0.0,0.01219139
0.0,0.05621514
0.0,0.031121429
0.0,0.18784884
0.0,0.043286644
0.0,0.058614835
0.0,0.018270325
0.0,0.037107762
0.0,0.04334588
0.0,0.033851154
0.0,0.010633879
0.0,0.054420542
0.0,0.059010748
0.0,0.039383028
0.0,0.12184666
0.0,0.13541737
0.0,0.039991397
0.0,0.013684356
0.0,0.02493515
0.0,0.07263913
0.0,0.08544261
0.0,0.025975727
0.0,0.034655876
1.0,0.05127087
0.0,0.044989057
0.0,0.046327565
0.0,0.024458738
1.0,0.11423261
0.0,0.057579443
0.0,0.062051572
0.0,0.02174198
0.0,0.016656782
0.0,0.03480713
0.0,0.0554476
0.0,0.050625846
0.0,0.050534677
1.0,0.092352256
0.0,0.072400905
0.0,0.05596595
1.0,0.04784933
0.0,0.06410427
0.0,0.10910115
0.0,0.056737743
0.0,0.019310094
0.0,0.02586069
0.0,0.029086357
0.0,0.06539424
0.0,0.020243492
0.0,0.053887438
0.0,0.04422241
1.0,0.044300776
0.0,0.026483832
0.0,0.084194064
0.0,0.03482486
0.0,0.14352961
0.0,0.048801057
0.0,0.04209266
0.0,0.031363994
0.0,0.07050905
0.0,0.018173832
0.0,0.037866037
0.0,0.042813767
0.0,0.012928379
0.0,0.07091819
0.0,0.02760259
0.0,0.08504435
0.0,0.038985536
0.0,0.021245612
0.0,0.3297571
0.0,0.08022228
0.0,0.014016268
0.0,0.054141726
1.0,0.051383376
0.0,0.06193637
0.0,0.09593769
0.0,0.056550562
0.0,0.040852346
0.0,0.043798145
0.0,0.045761727
0.0,0.040382832
0.0,0.023525361
0.0,0.052855365
0.0,0.011514688
0.0,0.047264975
0.0,0.047958177
0.0,0.0717664
0.0,0.059745193
0.0,0.02152871
0.0,0.01364599
0.0,0.032140106
0.0,0.027040739
0.0,0.03157359
0.0,0.037745055
0.0,0.017110659
0.0,0.054866068
0.0,0.05319184
0.0,0.026832571
0.0,0.046353593
0.0,0.034312688
0.0,0.015003726
0.0,0.033758126
0.0,0.051669467
0.0,0.034640707
0.0,0.033446774
0.0,0.0158938
0.0,0.039827544
0.0,0.056062102
0.0,0.023338757
0.0,0.021353401
0.0,0.024354195
0.0,0.014863694
0.0,0.04229849
0.0,0.061789647
0.0,0.0379597
0.0,0.016733637
0.0,0.051032618
0.0,0.047305018
0.0,0.020403529
0.0,0.014043301
0.0,0.051574502
0.0,0.04554886
0.0,0.06509377
0.0,0.090925865
0.0,0.13643453
0.0,0.19943571
0.0,0.063048564
0.0,0.03537852
0.0,0.05803136
0.0,0.031091852
0.0,0.0132577745
0.0,0.095185876
0.0,0.038766537
0.0,0.06756822
0.0,0.033023894
0.0,0.09121184
0.0,0.04828608
0.0,0.07404384
0.0,0.06805392
0.0,0.0389779
0.0,0.03446877
0.0,0.037928
0.0,0.07792298
0.0,0.07130536
0.0,0.020418206
0.0,0.07242083
0.0,0.047218412
0.0,0.022740118
0.0,0.04540238
1.0,0.08324647
0.0,0.06855025
0.0,0.022352386
0.0,0.053448148
0.0,0.04803473
0.0,0.061678637
0.0,0.05124899
0.0,0.019333623
0.0,0.050354876
0.0,0.03412005
0.0,0.026525717
1.0,0.05756499
0.0,0.03689931
0.0,0.07444985
1.0,0.05992023
0.0,0.07182097
0.0,0.07485612
0.0,0.01100627
0.0,0.03694133
0.0,0.025583388
0.0,0.015135202
0.0,0.025520798
0.0,0.055977747
1.0,0.0533931
0.0,0.07604913
0.0,0.021869019
0.0,0.03591761
0.0,0.043792758
0.0,0.018762682
0.0,0.12782957
0.0,0.09380299
0.0,0.05587787
0.0,0.024711851
0.0,0.03318503
0.0,0.044634543
0.0,0.052185707
1.0,0.05510868
0.0,0.028839892
0.0,0.094110064
0.0,0.024496952
0.0,0.042439103
0.0,0.14808837
1.0,0.054446783
0.0,0.04216162
0.0,0.034350667
0.0,0.029631082
0.0,0.07969054
0.0,0.029659044
0.0,0.0920351
0.0,0.06899011
0.0,0.029756162
0.0,0.06804855
0.0,0.008014642
0.0,0.05117234
0.0,0.03710385
0.0,0.03491866
0.0,0.031507384
0.0,0.05299414
0.0,0.0277155
0.0,0.053058844
0.0,0.029024633
0.0,0.076692
0.0,0.033558615
0.0,0.062503904
0.0,0.0371273
0.0,0.015408664
0.0,0.040436454
0.0,0.054619655
0.0,0.05025341
0.0,0.014335155
0.0,0.028146923
0.0,0.06523969
0.0,0.0783129
0.0,0.05551726
0.0,0.062471993
0.0,0.016210593
0.0,0.0838278
0.0,0.019645596
0.0,0.038676508
0.0,0.02135717
0.0,0.056290302
0.0,0.033268467
0.0,0.06751328
0.0,0.05095641
0.0,0.05578826
0.0,0.06116316
0.0,0.063180394
0.0,0.034639105
0.0,0.028120225
0.0,0.05772155
0.0,0.06885072
0.0,0.033386923
0.0,0.06993016
0.0,0.050276443
1.0,0.034323864
0.0,0.042398244
0.0,0.08866877
0.0,0.0723001
0.0,0.13725258
0.0,0.056300126
0.0,0.029209528
0.0,0.123141944
0.0,0.035059173
0.0,0.019202333
0.0,0.021907993
0.0,0.075284675
1.0,0.05918552
0.0,0.03307407
0.0,0.051137045
0.0,0.067852035
0.0,0.06624985
0.0,0.11178866
0.0,0.068261854
0.0,0.033042528
0.0,0.024251556
0.0,0.098188974
0.0,0.08696029
0.0,0.044865444
0.0,0.041217834
0.0,0.05690999
0.0,0.022644464
0.0,0.082459494
0.0,0.038484555
0.0,0.0350677
0.0,0.059421588
0.0,0.0172275
0.0,0.08876632
0.0,0.02310038
0.0,0.022961646
0.0,0.040407468
0.0,0.038701136
0.0,0.05384159
0.0,0.019013312
0.0,0.04027007
0.0,0.05253545
0.0,0.06433344
1.0,0.16057211
2.0,0.037633203
0.0,0.021371359
0.0,0.05474314
0.0,0.009823552
0.0,0.074790545
0.0,0.037832215
0.0,0.058231592
0.0,0.052394476
0.0,0.04934519
0.0,0.06341289
0.0,0.011456858
0.0,0.017839026
0.0,0.03215683
0.0,0.05463317
0.0,0.03382811
1.0,0.06002787
2.0,0.05245827
0.0,0.01676469
0.0,0.061592173
0.0,0.034729227
0.0,0.049612503
0.0,0.019753791
0.0,0.09995861
0.0,0.00695754
0.0,0.05205992
0.0,0.038880553
0.0,0.04909222
1.0,0.05850966
0.0,0.040454872
0.0,0.03822119
0.0,0.04584671
0.0,0.06382235
0.0,0.051064797
0.0,0.0463351
0.0,0.05879274
0.0,0.04227395
0.0,0.14613149
0.0,0.0436141
0.0,0.06522411
0.0,0.028883932
0.0,0.041336816
0.0,0.015430148
0.0,0.07713785
0.0,0.010439052
0.0,0.076619074
0.0,0.05846607
0.0,0.021675639
0.0,0.102641754
0.0,0.10247795
0.0,0.0481235
0.0,0.058704246
0.0,0.024717813
0.0,0.05267911
0.0,0.03100724
0.0,0.05466426
0.0,0.011422062
0.0,0.07162524
0.0,0.058593236
0.0,0.05430617
0.0,0.052502766
0.0,0.0142591605
0.0,0.077472836
0.0,0.015310398
0.0,0.013401208
1.0,0.072561584
0.0,0.04364818
0.0,0.025449611
0.0,0.038396005
0.0,0.025236417
0.0,0.030743692
0.0,0.048723556
0.0,0.019142881
0.0,0.020164609
0.0,0.066933475
0.0,0.022293745
0.0,0.053278908
0.0,0.08701061
0.0,0.040684596
0.0,0.04485807
0.0,0.018371794
0.0,0.047353834
0.0,0.03238707
0.0,0.03405721
0.0,0.026773894
0.0,0.056078628
0.0,0.05018995
0.0,0.041075803
0.0,0.053334855
1.0,0.0227358
1.0,0.065869115
0.0,0.069367036
0.0,0.044868827
0.0,0.044456437
0.0,0.030977018
0.0,0.108274445
0.0,0.080509
0.0,0.019757021
0.0,0.029105697
0.0,0.064429775
0.0,0.061011154
0.0,0.015589256
1.0,0.10208943
0.0,0.049104836
0.0,0.01739784
0.0,0.035648413
0.0,0.057387747
0.0,0.06466964
0.0,0.09232731
1.0,0.04016521
0.0,0.046410814
0.0,0.05645345
0.0,0.054272827
0.0,0.09345629
0.0,0.060164817
0.0,0.018735325
0.0,0.120650865
0.0,0.052788116
0.0,0.07664192
0.0,0.051216185
0.0,0.05387166
0.0,0.061314102
0.0,0.045312386
0.0,0.047916368
0.0,0.06988369
1.0,0.20715626
0.0,0.09194112
0.0,0.073078126
0.0,0.03771136
0.0,0.04165741
0.0,0.030388836
0.0,0.15197551
0.0,0.06867916
0.0,0.07682904
0.0,0.02360637
1.0,0.028390741
0.0,0.07447332
0.0,0.06598977
0.0,0.08442209
0.0,0.06771893
0.0,0.060196184
0.0,0.10330755
0.0,0.06740325
0.0,0.053627588
0.0,0.042165518
0.0,0.042000048
0.0,0.05719128
0.0,0.033735584
0.0,0.16855976
0.0,0.0152366655
0.0,0.06668784
0.0,0.05801083
0.0,0.035705607
0.0,0.07335293
0.0,0.04787674
0.0,0.05178406
0.0,0.13298461
0.0,0.039806165
0.0,0.06411425
0.0,0.05065649
0.0,0.063218005
0.0,0.055916123
0.0,0.045406494
0.0,0.058396272
0.0,0.013150287
0.0,0.076395705
0.0,0.042042688
0.0,0.064852856
0.0,0.06127678
0.0,0.06425226
0.0,0.040946033
0.0,0.016552854
0.0,0.019990169
0.0,0.024463344
1.0,0.09783283
0.0,0.02137133
0.0,0.07601108
0.0,0.06937332
0.0,0.08115255
0.0,0.05687992
0.0,0.07574193
0.0,0.04119779
0.0,0.070121385
0.0,0.026700052
0.0,0.021525588
0.0,0.024810001
0.0,0.048617173
0.0,0.049452417
0.0,0.14341632
0.0,0.038248062
0.0,0.028723415
0.0,0.019446248
0.0,0.07688515
0.0,0.07837641
0.0,0.056017827
0.0,0.02726209
0.0,0.056200534
0.0,0.057119817
0.0,0.031103063
0.0,0.015795588
0.0,0.0560334
0.0,0.030902293
0.0,0.037008382
0.0,0.013157444
0.0,0.05520847
0.0,0.027586274
0.0,0.016335787
0.0,0.054883078
0.0,0.069328144
0.0,0.029220268
0.0,0.05158353
0.0,0.031598724
0.0,0.04455924
0.0,0.025586657
0.0,0.07039889
0.0,0.05881349
0.0,0.050998583
1.0,0.05614474
0.0,0.20035684
0.0,0.041720048
0.0,0.0581604
0.0,0.07371855
0.0,0.06437705
0.0,0.03946134
0.0,0.013803467
0.0,0.025119182
0.0,0.13397516
0.0,0.06369393
0.0,0.030701296
1.0,0.044541612
0.0,0.07275186
0.0,0.03231748
0.0,0.025815658
0.0,0.016058547
1.0,0.17938444
0.0,0.020979807
0.0,0.08089256
0.0,0.03457363
0.0,0.02505947
0.0,0.07555518
0.0,0.023650976
0.0,0.089582264
0.0,0.10125734
0.0,0.061698377
0.0,0.030023081
0.0,0.084886946
0.0,0.053307854
0.0,0.044218823
0.0,0.05881133
0.0,0.031958703
0.0,0.04556328
0.0,0.031548336
0.0,0.019215394
0.0,0.032066073
0.0,0.03669437
0.0,0.025392978
0.0,0.071841896
0.0,0.068921566
0.0,0.03172677
0.0,0.049372822
0.0,0.022365104
0.0,0.042324133
0.0,0.023161275
0.0,0.04404158
0.0,0.094429895
0.0,0.027551228
0.0,0.046517737
0.0,0.052001614
1.0,0.07993441
0.0,0.00909881
0.0,0.052110635
0.0,0.040172968
0.0,0.016286787
0.0,0.05890726
0.0,0.029697083
0.0,0.030240381
0.0,0.051518954
0.0,0.020901842
0.0,0.085617736
0.0,0.060993556
0.0,0.024214163
0.0,0.054901008
0.0,0.07919824
0.0,0.043310862
0.0,0.06126883
0.0,0.04918252
0.0,0.038432475
0.0,0.01891866
0.0,0.03768204
0.0,0.051226098
0.0,0.05044591
0.0,0.07428807
0.0,0.018449197
0.0,0.031034205
0.0,0.0652173
0.0,0.07742456
0.0,0.053524226
0.0,0.015582121
0.0,0.04768563
0.0,0.070908286
0.0,0.013798136
0.0,0.06250808
0.0,0.02323211
0.0,0.03276604
0.0,0.02429189
0.0,0.022025978
0.0,0.07499463
0.0,0.033846147
0.0,0.055741698
0.0,0.041328676
0.0,0.040051013
0.0,0.042206094
0.0,0.07218029
0.0,0.04615102
0.0,0.06541551
0.0,0.08716939
0.0,0.028152613
0.0,0.049819484
0.0,0.046922836
2.0,0.071798146
0.0,0.09351863
0.0,0.036321677
0.0,0.05556599
0.0,0.04999306
1.0,0.02425284
0.0,0.039129205
0.0,0.017307516
0.0,0.18368724
0.0,0.054315157
0.0,0.028318148
0.0,0.026500873
0.0,0.05616217
0.0,0.043833017
0.0,0.04826115
0.0,0.017513946
0.0,0.068908736
0.0,0.043306585
0.0,0.014476888
0.0,0.04331751
0.0,0.05290875
0.0,0.010764688
0.0,0.06372234
0.0,0.0491654
0.0,0.031231975
0.0,0.055250425
0.0,0.06164559
0.0,0.04773673
0.0,0.044250466
0.0,0.03978994
0.0,0.045070566
0.0,0.014766882
0.0,0.036167033
0.0,0.021481559
0.0,0.043943703
0.0,0.07129907
0.0,0.03857583
0.0,0.076035224
0.0,0.15415904
0.0,0.026014324
0.0,0.033009112
0.0,0.052543417
0.0,0.021809265
0.0,0.02912001
0.0,0.09208268
0.0,0.042753544
0.0,0.05185033
0.0,0.07166187
0.0,0.03151261
0.0,0.05747294
0.0,0.07832618
0.0,0.026289415
0.0,0.06318368
0.0,0.04692845
0.0,0.055510193
0.0,0.03343279
0.0,0.056822624
0.0,0.107741475
0.0,0.06006074
0.0,0.053899977
0.0,0.06585181
0.0,0.042048525
0.0,0.021573082
1.0,0.122910894
0.0,0.095252395
0.0,0.03445599
0.0,0.017124722
0.0,0.06841167
0.0,0.05906032
0.0,0.07241769
0.0,0.036546536
0.0,0.013385307
0.0,0.08709477
0.0,0.05828037
0.0,0.15437019
0.0,0.022260092
0.0,0.015472417
0.0,0.029885776
1.0,0.062615976
0.0,0.046087228
0.0,0.040974647
0.0,0.03441364
0.0,0.026608452
0.0,0.065487474
0.0,0.060675513
0.0,0.05439089
0.0,0.05226086
0.0,0.070147
0.0,0.013394425
0.0,0.03818363
0.0,0.03021422
0.0,0.039766252
0.0,0.019582111
0.0,0.011340484
0.0,0.033715032
0.0,0.05517055
0.0,0.009843584
0.0,0.04120021
0.0,0.08913328
0.0,0.08040534
0.0,0.06530032
0.0,0.061810892
0.0,0.072933674
0.0,0.2418636
0.0,0.0884943
0.0,0.06731021
0.0,0.09169257
0.0,0.036619857
0.0,0.03325178
0.0,0.01669362
0.0,0.44115222
0.0,0.02445174
0.0,0.03413351
0.0,0.09103645
0.0,0.0666745
0.0,0.053040124
0.0,0.040760018
0.0,0.0806986
0.0,0.041479275
0.0,0.06035645
0.0,0.024140116
1.0,0.074324675
0.0,0.042464547
0.0,0.02831592
0.0,0.023856588
0.0,0.02612055
0.0,0.051759843
0.0,0.039628126
0.0,0.090639964
0.0,0.06332128
0.0,0.025187692
0.0,0.0354027
0.0,0.025494065
0.0,0.07153503
1.0,0.1223676
0.0,0.0470485
0.0,0.056352124
0.0,0.060118444
0.0,0.036633234
0.0,0.04436394
0.0,0.05297105
0.0,0.015595709
0.0,0.028373566
0.0,0.04552584
0.0,0.05880655
0.0,0.0730555
0.0,0.039382633
0.0,0.054396696
0.0,0.05263321
0.0,0.07875186
0.0,0.05287755
0.0,0.06145142
0.0,0.029121662
0.0,0.068494104
0.0,0.021390017
0.0,0.072250366
0.0,0.02136758
0.0,0.04146375
0.0,0.10874802
0.0,0.06439316
0.0,0.020096265
0.0,0.028777443
0.0,0.12144173
0.0,0.030112475
0.0,0.11827061
1.0,0.064926095
0.0,0.043260973
0.0,0.05325704
0.0,0.04670403
0.0,0.028890627
0.0,0.084805384
0.0,0.049599044
0.0,0.052778654
0.0,0.05494508
0.0,0.049739894
0.0,0.055989705
0.0,0.019699713
0.0,0.13961399
0.0,0.07490004
0.0,0.032033063
0.0,0.03228521
0.0,0.059941318
0.0,0.028790716
0.0,0.046105318
0.0,0.0796881
1.0,0.1077075
0.0,0.028234243
0.0,0.05191287
0.0,0.040392943
0.0,0.05319458
0.0,0.03005637
0.0,0.011955228
1.0,0.06636301
0.0,0.04375214
0.0,0.056668065
0.0,0.03708107
0.0,0.03974193
0.0,0.182978
0.0,0.022741929
0.0,0.074291915
0.0,0.06216918
1.0,0.06529833
0.0,0.08528817
0.0,0.042339757
0.0,0.025887476
0.0,0.047666263
0.0,0.051548366
0.0,0.042240724
0.0,0.08514953
0.0,0.043527298
0.0,0.0096798055
0.0,0.048113566
1.0,0.036671422
0.0,0.033092275
0.0,0.044107847
0.0,0.04332028
0.0,0.076976284
0.0,0.032579817
0.0,0.03569604
0.0,0.053664602
0.0,0.07056074
0.0,0.07096446
0.0,0.014007535
0.0,0.035041522
0.0,0.035769153
0.0,0.02000078
0.0,0.024520922
0.0,0.08861875
0.0,0.070816934
0.0,0.018227624
0.0,0.08970991
0.0,0.018105708
0.0,0.02745667
0.0,0.027450962
0.0,0.052377764
0.0,0.06650494
0.0,0.02820386
0.0,0.061033618
0.0,0.03441226
0.0,0.043813914
0.0,0.025098432
0.0,0.09007679
0.0,0.0460355
0.0,0.019986156
0.0,0.046205297
2.0,0.08198748
0.0,0.06723197
0.0,0.055431977
0.0,0.010079589
0.0,0.020132357
0.0,0.022099305
0.0,0.05033538
0.0,0.02782383
0.0,0.018993566
0.0,0.03736098
0.0,0.063968934
0.0,0.028253166
0.0,0.046368383
0.0,0.069552675
0.0,0.06104238
0.0,0.067674465
0.0,0.048367217
0.0,0.028378045
0.0,0.04086797
0.0,0.049112376
0.0,0.05968201
0.0,0.0505043
0.0,0.02823629
1.0,0.044142164
0.0,0.06325371
0.0,0.04055177
0.0,0.037218
0.0,0.052753642
0.0,0.030763708
0.0,0.024228739
0.0,0.039344568
0.0,0.044215705
0.0,0.03508849
0.0,0.039264917
0.0,0.013715673
0.0,0.017410802
0.0,0.049373318
0.0,0.010767009
0.0,0.07238723
0.0,0.08613052
0.0,0.043712478
0.0,0.038789928
0.0,0.031381853
0.0,0.08125935
0.0,0.0609757
0.0,0.031197859
0.0,0.0075099017
0.0,0.2334778
0.0,0.03890561
0.0,0.036681704
0.0,0.024045257
0.0,0.04404694
0.0,0.013846706
0.0,0.036802523
0.0,0.13055177
0.0,0.059808485
0.0,0.09505691
0.0,0.02606869
0.0,0.09802634
0.0,0.0064564478
0.0,0.027309163
0.0,0.027285889
0.0,0.017612483
0.0,0.08189461
0.0,0.0629999
0.0,0.04050334
0.0,0.059389126
0.0,0.073389776
0.0,0.025372062
0.0,0.016771965
0.0,0.025862072
0.0,0.04174488
0.0,0.018162476
0.0,0.029740673
0.0,0.037120257
0.0,0.05123377
0.0,0.02205896
0.0,0.019409692
0.0,0.06866677
0.0,0.030077618
0.0,0.060196586
0.0,0.028886907
0.0,0.0328111
0.0,0.03215706
0.0,0.03769279
0.0,0.020413503
0.0,0.02264795
0.0,0.022989988
0.0,0.021982415
0.0,0.19288984
0.0,0.062717006
0.0,0.03424417
0.0,0.038159948
1.0,0.06987273
0.0,0.014917052
0.0,0.019176263
0.0,0.018319814
0.0,0.0286907
1.0,0.09424141
0.0,0.076216355
0.0,0.04145707
0.0,0.058886003
0.0,0.05222364
0.0,0.012222204
0.0,0.03740383
0.0,0.022103056
0.0,0.021684393
0.0,0.024275737
0.0,0.05625507
0.0,0.12072781
0.0,0.022977911
0.0,0.05584322
0.0,0.037782744
1.0,0.049456753
0.0,0.0433532
0.0,0.04054819
0.0,0.030434486
0.0,0.071758345
0.0,0.032193296
0.0,0.04556011
0.0,0.016409291
0.0,0.053681597
0.0,0.057683334
0.0,0.03295561
1.0,0.057791695
0.0,0.040484205
0.0,0.0396412
0.0,0.06100916
0.0,0.018874094
0.0,0.073393606
0.0,0.067464344
0.0,0.012721887
0.0,0.056985915
1.0,0.074078664
0.0,0.039738744
0.0,0.05615505
0.0,0.06049589
0.0,0.0447958
0.0,0.03357238
0.0,0.061035566
0.0,0.040042706
0.0,0.039082862
0.0,0.045812666
0.0,0.06621337
0.0,0.026387187
0.0,0.06511547
1.0,0.032920506
0.0,0.025657557
0.0,0.03918133
0.0,0.06168811
0.0,0.06282359
0.0,0.14737706
0.0,0.046733506
0.0,0.06442618
0.0,0.05713991
0.0,0.03896032
0.0,0.09230178
0.0,0.03566708
1.0,0.059070375
0.0,0.09861013
0.0,0.05126253
0.0,0.045361612
0.0,0.050995275
0.0,0.051695887
0.0,0.058965854
0.0,0.050199665
0.0,0.05916464
0.0,0.025574252
0.0,0.017058179
0.0,0.018917955
0.0,0.070643306
0.0,0.034771346
0.0,0.050928377
0.0,0.07833281
0.0,0.01798423
0.0,0.020395203
0.0,0.0670334
0.0,0.024579126
0.0,0.020134151
0.0,0.022062749
0.0,0.050970167
0.0,0.0859853
0.0,0.05115153
0.0,0.03783824
0.0,0.061671667
0.0,0.031147767
0.0,0.014588038
0.0,0.059050802
0.0,0.073406786
0.0,0.018927503
0.0,0.0649543
1.0,0.048039287
0.0,0.035359208
0.0,0.08685489
0.0,0.043777015
0.0,0.022639453
0.0,0.022784075
0.0,0.048183843
0.0,0.06036468
0.0,0.070454836
0.0,0.023419928
0.0,0.04768481
0.0,0.036808576
0.0,0.06983873
0.0,0.04907342
0.0,0.010321001
0.0,0.052468054
0.0,0.025865883
0.0,0.05082801
0.0,0.0663819
0.0,0.035309017
0.0,0.018177932
0.0,0.039531816
0.0,0.025235202
0.0,0.03770805
0.0,0.053147726
0.0,0.028889235
1.0,0.07198254
0.0,0.035473336
0.0,0.03437
0.0,0.08200523
0.0,0.06539806
0.0,0.024468081
0.0,0.016002867
0.0,0.042592734
0.0,0.081724524
0.0,0.030630346
0.0,0.014033355
0.0,0.033247467
0.0,0.05595357
0.0,0.046123102
0.0,0.01995162
0.0,0.06603787
0.0,0.06561832
0.0,0.053314436
0.0,0.052977618
0.0,0.05749098
0.0,0.040062875
0.0,0.046754256
0.0,0.03113801
0.0,0.08593734
0.0,0.045641802
0.0,0.08257817
1.0,0.04299917
0.0,0.07013419
0.0,0.04928175
1.0,0.06426942
1.0,0.19866292
0.0,0.042378657
0.0,0.023704357
0.0,0.04297279
0.0,0.044728097
0.0,0.048178606
0.0,0.079793125
0.0,0.07155634
0.0,0.05878904
0.0,0.060044445
0.0,0.15916364
0.0,0.017446447
0.0,0.1300015
0.0,0.04411319
0.0,0.08422314
0.0,0.03672588
0.0,0.044835955
0.0,0.049059924
0.0,0.07134624
0.0,0.04043522
0.0,0.041989297
0.0,0.07479361
0.0,0.06555199
0.0,0.30657953
0.0,0.07270084
0.0,0.04561787
0.0,0.04522218
0.0,0.03978142
0.0,0.043875884
0.0,0.034276776
0.0,0.057983454
0.0,0.0227377
0.0,0.028162267
0.0,0.14741093
0.0,0.05767046
0.0,0.03711206
0.0,0.049583983
0.0,0.01810109
0.0,0.044221
0.0,0.046551265
0.0,0.037864484
0.0,0.041176796
0.0,0.050023012
1.0,0.08469098
0.0,0.080228895
0.0,0.022903645
0.0,0.015301443
0.0,0.02206419
0.0,0.03518528
1.0,0.071985066
0.0,0.030562054
0.0,0.019207763
0.0,0.06073753
0.0,0.019702682
0.0,0.047600098
0.0,0.05419018
0.0,0.05359653
0.0,0.07217181
0.0,0.042018518
0.0,0.03200256
0.0,0.008843958
0.0,0.081930965
0.0,0.021835249
0.0,0.030031802
0.0,0.052910212
0.0,0.029383954
0.0,0.071460724
0.0,0.06086305
0.0,0.037368856
0.0,0.072353624
0.0,0.025717674
0.0,0.051941294
0.0,0.048777863
0.0,0.07147775
0.0,0.04841549
0.0,0.018333936
0.0,0.062034264
0.0,0.056005113
0.0,0.040745985
0.0,0.06899259
0.0,0.044781663
0.0,0.031510208
0.0,0.0639718
0.0,0.06215341
0.0,0.05842886
0.0,0.05071326
0.0,0.0486978
0.0,0.06404154
0.0,0.061982933
0.0,0.06035268
0.0,0.033201795
0.0,0.057882845
0.0,0.05515682
0.0,0.15638235
0.0,0.050306346
0.0,0.05041626
0.0,0.018944252
0.0,0.027733572
0.0,0.09085132
0.0,0.10465033
0.0,0.021533247
0.0,0.062890016
0.0,0.09758003
0.0,0.022475764
0.0,0.06198004
0.0,0.023570523
0.0,0.086567216
0.0,0.019293977
0.0,0.021945486
0.0,0.013789119
0.0,0.014723487
0.0,0.09936449
0.0,0.067953415
0.0,0.01755175
0.0,0.017089661
0.0,0.021820365
0.0,0.052010816
0.0,0.051325757
0.0,0.024868406
0.0,0.050693337
0.0,0.05768376
0.0,0.0336929
0.0,0.11776128
0.0,0.04256648
0.0,0.15867954
0.0,0.11795612
0.0,0.05410921
0.0,0.06702436
0.0,0.32357594
0.0,0.029701233
0.0,0.04830333
0.0,0.019233664
0.0,0.04393549
0.0,0.027661078
1.0,0.0757588
0.0,0.054746013
0.0,0.048943
0.0,0.049122445
0.0,0.06001167
0.0,0.043990456
0.0,0.051455315
0.0,0.032883998
0.0,0.06443018
0.0,0.08527943
0.0,0.023144659
0.0,0.020880464
0.0,0.057310686
0.0,0.02988096
0.0,0.04361928
0.0,0.043440234
0.0,0.07505495
0.0,0.0629262
0.0,0.040571943
0.0,0.028438907
0.0,0.062185857
0.0,0.103245005
0.0,0.057120964
0.0,0.028194407
0.0,0.051758364
0.0,0.01122276
0.0,0.025017278
0.0,0.041651785
0.0,0.06051036
0.0,0.06720863
0.0,0.05366944
0.0,0.040431365
1.0,0.08683963
0.0,0.022123102
0.0,0.051360425
0.0,0.00841764
0.0,0.031044373
0.0,0.028104704
0.0,0.052959837
0.0,0.015524703
0.0,0.040281806
0.0,0.04881381
0.0,0.036855716
0.0,0.043339785
0.0,0.0090881735
1.0,0.07969122
0.0,0.049058963
0.0,0.026411785
0.0,0.33076876
0.0,0.035864606
0.0,0.047008473
0.0,0.09824972
1.0,0.18513149
0.0,0.06280387
0.0,0.022101918
0.0,0.040736407
0.0,0.06326228
0.0,0.03792572
0.0,0.014027541
0.0,0.1089865
0.0,0.058978636
0.0,0.039630167
0.0,0.07048723
0.0,0.08926287
0.0,0.08287698
0.0,0.03315672
0.0,0.06176262
0.0,0.011543991
0.0,0.17727192
0.0,0.062859
0.0,0.01357587
0.0,0.059181374
0.0,0.07030838
0.0,0.073020615
0.0,0.09939186
0.0,0.014204511
0.0,0.038209874
0.0,0.070504375
0.0,0.02793823
0.0,0.049138516
0.0,0.06629358
1.0,0.043039005
0.0,0.06053841
0.0,0.093875974
0.0,0.22469231
0.0,0.014594105
0.0,0.10125531
0.0,0.03545967
0.0,0.019144168
0.0,0.07501316
0.0,0.055335164
0.0,0.020565782
0.0,0.027965995
0.0,0.047933895
0.0,0.07349191
0.0,0.018110422
0.0,0.064447425
0.0,0.08108971
0.0,0.09601105
1.0,0.08410431
0.0,0.054946393
0.0,0.022705
0.0,0.0695761
0.0,0.0707345
0.0,0.025342874
0.0,0.052514985
0.0,0.032879293
1.0,0.063157596
0.0,0.07486465
0.0,0.09910632
0.0,0.029533878
0.0,0.07599881
0.0,0.024869509
0.0,0.07127908
0.0,0.012580413
0.0,0.06057228
0.0,0.18049312
0.0,0.045518592
0.0,0.016698811
0.0,0.024362894
0.0,0.032992654
0.0,0.06348423
0.0,0.036775753
0.0,0.11432901
0.0,0.07395898
0.0,0.023598278
0.0,0.09973998
0.0,0.06719674
0.0,0.026450917
0.0,0.06469305
0.0,0.07130055
0.0,0.08289908
0.0,0.042990353
0.0,0.038231853
0.0,0.059715144
0.0,0.013335023
0.0,0.045514926
0.0,0.044503823
0.0,0.05679969
0.0,0.013974545
0.0,0.025809836
0.0,0.040735535
0.0,0.04580742
0.0,0.01032807
0.0,0.048041396
0.0,0.049298577
0.0,0.027594695
0.0,0.04904002
0.0,0.05752586
0.0,0.035930388
0.0,0.08801328
0.0,0.035469647
0.0,0.05249621
0.0,0.029352222
0.0,0.06968583
0.0,0.15303545
0.0,0.037624948
0.0,0.064146616
1.0,0.06572879
0.0,0.15199086
0.0,0.026511377
0.0,0.14285201
0.0,0.039325982
0.0,0.056484833
0.0,0.04425707
0.0,0.08319996
0.0,0.076952234
0.0,0.0674934
0.0,0.014038675
0.0,0.073764354
0.0,0.016174998
0.0,0.010960512
0.0,0.035044983
0.0,0.034485344
0.0,0.07329589
0.0,0.018105865
0.0,0.015436794
0.0,0.02094749
0.0,0.042627618
0.0,0.027623855
0.0,0.06162685
0.0,0.07515605
0.0,0.014741703
0.0,0.034659594
0.0,0.038417432
0.0,0.031069074
0.0,0.05326148
0.0,0.13062525
0.0,0.076855674
0.0,0.08181841
1.0,0.053774007
0.0,0.007205385
0.0,0.09351788
0.0,0.06194752
0.0,0.058990996
0.0,0.026691485
0.0,0.03477911
0.0,0.020476598
0.0,0.056254935
0.0,0.035558097
0.0,0.01970722
0.0,0.06716177
0.0,0.024752855
0.0,0.12359738
0.0,0.02233225
0.0,0.1019803
0.0,0.043171167
0.0,0.02414076
0.0,0.024969833
0.0,0.037482105
0.0,0.026896723
0.0,0.07352821
0.0,0.10723299
0.0,0.044370413
0.0,0.055103138
0.0,0.044100486
0.0,0.032004345
0.0,0.062774815
0.0,0.059688102
0.0,0.012784639
0.0,0.1614615
0.0,0.08389098
0.0,0.049609687
0.0,0.03953159
0.0,0.036277488
0.0,0.019819222
0.0,0.061518148
0.0,0.033146366
0.0,0.10629008
0.0,0.06895848
0.0,0.08575651
0.0,0.066846386
0.0,0.02041107
0.0,0.03395332
0.0,0.01670555
0.0,0.04417796
0.0,0.029329304
0.0,0.05546926
0.0,0.022923127
0.0,0.012904438
0.0,0.06666471
0.0,0.04188575
0.0,0.012863032
0.0,0.06155371
0.0,0.06188117
0.0,0.058952022
0.0,0.029346902
0.0,0.05664952
0.0,0.08663304
1.0,0.043054935
0.0,0.21558784
0.0,0.047212042
0.0,0.03419548
0.0,0.028580835
1.0,0.03313554
0.0,0.015817914
0.0,0.072911195
0.0,0.03220099
0.0,0.033470467
0.0,0.01941045
0.0,0.03223451
0.0,0.056894418
0.0,0.021115428
0.0,0.07390306
0.0,0.07196097
0.0,0.055431344
0.0,0.017805586
0.0,0.04894181
0.0,0.028430529
0.0,0.04433357
0.0,0.01803592
0.0,0.040820077
0.0,0.027166903
0.0,0.03928666
0.0,0.079346925
0.0,0.05914467
0.0,0.053865496
0.0,0.043979652
0.0,0.07835534
0.0,0.042156875
0.0,0.060541112
0.0,0.037633274
0.0,0.06598037
0.0,0.059722807
0.0,0.033454925
0.0,0.050839525
0.0,0.040223688
0.0,0.031504348
0.0,0.033398308
0.0,0.05408919
0.0,0.026129432
0.0,0.025846107
1.0,0.07124262
0.0,0.015877863
0.0,0.06459489
1.0,0.12553705
0.0,0.05374468
0.0,0.022593912
0.0,0.07173044
0.0,0.06707497
0.0,0.02186927
0.0,0.017942652
0.0,0.052687123
0.0,0.09255776
0.0,0.12100049
0.0,0.06425761
0.0,0.038811684
0.0,0.21835288
0.0,0.0679834
0.0,0.03664286
0.0,0.06596511
0.0,0.03693446
0.0,0.026297376
0.0,0.01900355
0.0,0.082500786
0.0,0.028582156
0.0,0.07244863
0.0,0.03272435
0.0,0.042686626
0.0,0.018680783
0.0,0.020003194
0.0,0.033991307
0.0,0.07582996
0.0,0.05863534
0.0,0.039371967
0.0,0.0599142
1.0,0.05593639
0.0,0.04088062
0.0,0.037687775
0.0,0.0690935
0.0,0.040820353
0.0,0.018267084
0.0,0.09479713
1.0,0.07356718
0.0,0.043921642
1.0,0.06421918
0.0,0.08371248
0.0,0.054378595
0.0,0.021418083
0.0,0.034159284
0.0,0.04217833
0.0,0.042305145
0.0,0.024333185
0.0,0.056052934
0.0,0.054326944
0.0,0.062310003
1.0,0.10956232
0.0,0.013723942
0.0,0.033428803
0.0,0.07436083
0.0,0.048399586
0.0,0.041102745
0.0,0.03229083
0.0,0.059168223
0.0,0.01720034
0.0,0.07776155
0.0,0.019834036
0.0,0.013933385
0.0,0.0459107
0.0,0.052973147
0.0,0.0729937
0.0,0.05601211
0.0,0.052325867
0.0,0.084185034
1.0,0.055991307
0.0,0.059138324
0.0,0.058303952
1.0,0.119202144
0.0,0.044688147
0.0,0.025958836
0.0,0.053459823
0.0,0.029969316
0.0,0.056452952
0.0,0.072658285
0.0,0.019161731
0.0,0.039582856
0.0,0.025447547
0.0,0.029790862
0.0,0.035924923
0.0,0.028231995
0.0,0.041445643
0.0,0.07399838
0.0,0.027069585
0.0,0.019302333
0.0,0.060584646
0.0,0.04651991
0.0,0.026564563
0.0,0.078633584
0.0,0.030128649
0.0,0.052832764
0.0,0.023919396
0.0,0.028026361
0.0,0.09533952
0.0,0.041255962
0.0,0.053641018
0.0,0.059627935
0.0,0.0238292
0.0,0.047744744
0.0,0.114115395
0.0,0.06992367
0.0,0.07026598
0.0,0.03573925
0.0,0.06887239
0.0,0.022300825
0.0,0.022671983
0.0,0.03443828
0.0,0.042138226
0.0,0.02710707
0.0,0.019419977
0.0,0.0165418
0.0,0.044535495
0.0,0.06028023
0.0,0.05725936
0.0,0.019832306
1.0,0.08466845
0.0,0.033330582
0.0,0.06145495
0.0,0.030720538
0.0,0.011753878
0.0,0.0720573
0.0,0.08099554
0.0,0.022870578
0.0,0.013962809
0.0,0.026362764
0.0,0.08018186
0.0,0.047074243
0.0,0.010602994
0.0,0.09539741
0.0,0.060070906
0.0,0.016711995
0.0,0.054705825
0.0,0.020148693
0.0,0.06234724
0.0,0.048154213
0.0,0.015786704
1.0,0.06852483
0.0,0.030813463
0.0,0.057498187
0.0,0.0152057605
0.0,0.014225429
0.0,0.01523713
0.0,0.10377731
0.0,0.04242251
0.0,0.05945846
0.0,0.3476752
0.0,0.026102882
0.0,0.051437628
0.0,0.017751856
0.0,0.052515086
0.0,0.030872395
0.0,0.014171726
0.0,0.025747515
0.0,0.034267806
0.0,0.014703436
0.0,0.02332969
0.0,0.06565888
0.0,0.046093687
0.0,0.05805689
0.0,0.06104625
0.0,0.028862124
0.0,0.0149639435
0.0,0.03181071
0.0,0.09232262
0.0,0.060408246
0.0,0.070114434
0.0,0.06831718
0.0,0.07316937
0.0,0.04340636
0.0,0.04544297
0.0,0.0356737
0.0,0.045487825
1.0,0.14850974
0.0,0.07285038
0.0,0.027098734
0.0,0.058463056
0.0,0.07500966
0.0,0.065021895
0.0,0.14859307
0.0,0.04658877
0.0,0.030340461
0.0,0.05372741
0.0,0.063736014
0.0,0.056132186
0.0,0.055692308
0.0,0.041735984
0.0,0.06025158
0.0,0.030581748
0.0,0.054325182
0.0,0.07581861
0.0,0.04517479
0.0,0.03868822
1.0,0.055047438
0.0,0.030877827
0.0,0.024561998
0.0,0.05711162
0.0,0.04556791
0.0,0.07430118
0.0,0.047589228
0.0,0.05293704
0.0,0.035291996
0.0,0.02278665
0.0,0.017869726
0.0,0.048938964
0.0,0.05164023
0.0,0.05711701
1.0,0.064715326
0.0,0.020323459
0.0,0.06899631
0.0,0.028405203
0.0,0.01923404
0.0,0.031885106
0.0,0.09516797
0.0,0.0519943
0.0,0.08940671
0.0,0.09496027
0.0,0.034094762
0.0,0.032871597
0.0,0.039806753
0.0,0.020215586
0.0,0.0656024
0.0,0.06733988
0.0,0.0450906
0.0,0.033561416
0.0,0.04817401
0.0,0.17416763
0.0,0.105047025
0.0,0.0407682
0.0,0.020116014
0.0,0.044014312
0.0,0.041257672
0.0,0.04731355
0.0,0.02658153
0.0,0.047782138
0.0,0.022969957
0.0,0.05543568
0.0,0.06342924
0.0,0.030070204
0.0,0.038945626
0.0,0.0513823
0.0,0.06067758
0.0,0.085962385
0.0,0.057882596
1.0,0.11429134
0.0,0.031161716
0.0,0.04074787
0.0,0.014882324
0.0,0.035983592
0.0,0.05057913
0.0,0.0623029
0.0,0.040636417
0.0,0.03409055
0.0,0.056184698
0.0,0.06326282
0.0,0.03889615
0.0,0.032287307
0.0,0.05790468
0.0,0.06422276
0.0,0.08465642
0.0,0.060646065
0.0,0.015848944
0.0,0.04649538
0.0,0.052810624
0.0,0.048842914
0.0,0.06150486
0.0,0.06657432
0.0,0.01998182
0.0,0.014164564
0.0,0.06285586
0.0,0.033302557
0.0,0.10076922
0.0,0.03318106
0.0,0.029338451
0.0,0.251275
0.0,0.04052407
0.0,0.1285356
0.0,0.096072
0.0,0.033908438
0.0,0.09183931
0.0,0.032026604
0.0,0.04338186
0.0,0.12675746
0.0,0.020036854
0.0,0.06903857
0.0,0.047545068
0.0,0.014296681
0.0,0.079052396
0.0,0.023981843
0.0,0.08442567
0.0,0.042867698
0.0,0.015122751
0.0,0.039274745
0.0,0.04160621
1.0,0.06642291
0.0,0.061277524
0.0,0.050711542
0.0,0.046800427
0.0,0.2826942
0.0,0.01809416
1.0,0.032882176
0.0,0.030392053
0.0,0.052513584
0.0,0.10200305
0.0,0.057416923
0.0,0.019169379
0.0,0.030269928
0.0,0.042178288
0.0,0.053888515
0.0,0.03386105
0.0,0.064879395
0.0,0.054173414
0.0,0.04426036
0.0,0.031811785
0.0,0.04463648
0.0,0.10768254
0.0,0.055900045
0.0,0.042433843
0.0,0.06610977
0.0,0.018057443
0.0,0.027150845
0.0,0.09147254
0.0,0.05950662
0.0,0.0390571
0.0,0.057167694
0.0,0.053539235
0.0,0.023333106
1.0,0.08801267
0.0,0.025073491
0.0,0.051597007
0.0,0.052994218
0.0,0.06923073
0.0,0.02010932
0.0,0.11902011
0.0,0.052983757
0.0,0.03410271
0.0,0.012409497
0.0,0.04342499
0.0,0.03413318
0.0,0.04545595
0.0,0.059374146
0.0,0.014114867
0.0,0.020392762
0.0,0.0142152645
0.0,0.024413446
0.0,0.01216201
0.0,0.022510655
0.0,0.021575406
0.0,0.047779016
0.0,0.028545804
0.0,0.02638973
0.0,0.051724143
0.0,0.06496491
0.0,0.035122924
0.0,0.11522733
0.0,0.052417867
2.0,0.047803722
0.0,0.045709603
0.0,0.050118633
0.0,0.05168011
0.0,0.048844103
0.0,0.07876925
0.0,0.046342477
0.0,0.03873078
0.0,0.009736968
0.0,0.011673396
0.0,0.063353956
0.0,0.0353658
0.0,0.02432838
0.0,0.034038734
0.0,0.09820022
0.0,0.04466778
0.0,0.045140617
0.0,0.035242558
0.0,0.08029291
0.0,0.20202217
0.0,0.05480789
0.0,0.054095794
0.0,0.09483181
0.0,0.057029653
0.0,0.1283655
0.0,0.07708856
0.0,0.050672725
0.0,0.07885729
0.0,0.08046318
0.0,0.012129404
0.0,0.07101345
0.0,0.032169636
0.0,0.05245132
0.0,0.0953108
0.0,0.08448902
0.0,0.060033996
0.0,0.052542213
0.0,0.047767922
0.0,0.038912807
0.0,0.052957993
0.0,0.019200474
0.0,0.04472492
0.0,0.058842354
0.0,0.020485418
0.0,0.05664875
0.0,0.049001217
0.0,0.026608935
0.0,0.09876896
0.0,0.069257304
0.0,0.066895045
0.0,0.019875456
0.0,0.025376841
0.0,0.016317593
0.0,0.08383556
0.0,0.040985942
0.0,0.014359154
0.0,0.014362132
0.0,0.03188751
0.0,0.031104427
0.0,0.031170484
0.0,0.06399282
0.0,0.02525362
0.0,0.035252675
0.0,0.04623104
0.0,0.010037712
0.0,0.05263595
0.0,0.023877539
0.0,0.056113105
0.0,0.025977682
0.0,0.017836364
0.0,0.07607725
0.0,0.03726339
0.0,0.1257681
0.0,0.0682608
0.0,0.011749698
0.0,0.016839463
0.0,0.016252078
0.0,0.03316513
0.0,0.081946164
0.0,0.04772289
0.0,0.04489059
1.0,0.02731966
0.0,0.082813695
1.0,0.016298968
0.0,0.02224373
0.0,0.026954642
0.0,0.059077613
0.0,0.0101344865
0.0,0.06400532
0.0,0.027025541
0.0,0.019087162
0.0,0.049384996
0.0,0.011512486
0.0,0.06478681
0.0,0.053908356
0.0,0.040204376
0.0,0.07882337
0.0,0.062479097
0.0,0.042423826
0.0,0.066205986
0.0,0.01941895
0.0,0.05396674
1.0,0.1891044
0.0,0.034944095
0.0,0.0413745
0.0,0.055598725
0.0,0.07012913
0.0,0.07708951
0.0,0.029272355
0.0,0.04609468
0.0,0.06696931
0.0,0.057310384
0.0,0.044853125
0.0,0.073049694
0.0,0.011095836
0.0,0.068266205
0.0,0.040114067
0.0,0.04030119
0.0,0.067939304
0.0,0.049746893
0.0,0.018753495
0.0,0.035600085
0.0,0.04351555
1.0,0.053798217
0.0,0.026207384
0.0,0.057261966
0.0,0.061971232
0.0,0.020972546
0.0,0.02215325
0.0,0.024225146
0.0,0.054834083
0.0,0.042723708
0.0,0.05888117
0.0,0.12560825
0.0,0.0152876815
0.0,0.07664466
0.0,0.056040082
0.0,0.027196132
0.0,0.03251237
0.0,0.021317214
0.0,0.048246928
0.0,0.08561918
0.0,0.01341514
0.0,0.02812877
0.0,0.039241128
0.0,0.04653866
0.0,0.042837985
0.0,0.019636568
0.0,0.07302974
0.0,0.036463697
0.0,0.026903484
0.0,0.05114346
0.0,0.08292084
0.0,0.036415324
0.0,0.035325065
0.0,0.021684797
0.0,0.03773345
0.0,0.07335631
0.0,0.02277583
0.0,0.029393202
0.0,0.014497847
0.0,0.023737317
0.0,0.01937666
0.0,0.13491242
0.0,0.083791554
0.0,0.030682374
0.0,0.0651606
0.0,0.05315743
0.0,0.036296193
0.0,0.028309077
0.0,0.02239048
0.0,0.0714026
0.0,0.044402964
0.0,0.060096808
0.0,0.12552263
0.0,0.03410131
0.0,0.07859442
0.0,0.1452344
0.0,0.08940728
0.0,0.02810965
1.0,0.08407937
0.0,0.035089042
0.0,0.051951848
0.0,0.018871421
0.0,0.028203
0.0,0.051162872
0.0,0.033677865
1.0,0.05467221
0.0,0.067627996
0.0,0.056758065
1.0,0.13583435
0.0,0.05316448
0.0,0.04401064
0.0,0.19088297
0.0,0.030989561
0.0,0.03117756
0.0,0.053965323
0.0,0.030193223
1.0,0.12143617
0.0,0.06049895
0.0,0.052509427
0.0,0.071008064
0.0,0.08001619
1.0,0.07588805
1.0,0.042293426
0.0,0.041468456
1.0,0.02348451
0.0,0.051666193
0.0,0.04115434
0.0,0.14973249
0.0,0.054400176
0.0,0.043042086
0.0,0.08575113
0.0,0.02758517
0.0,0.054251403
0.0,0.028634828
0.0,0.01709932
0.0,0.042712137
0.0,0.04979488
0.0,0.046315506
0.0,0.030806486
0.0,0.016105056
0.0,0.032816626
0.0,0.014443626
0.0,0.054751597
1.0,0.07158936
0.0,0.05549016
0.0,0.021183642
0.0,0.023047548
0.0,0.061841965
0.0,0.058109447
0.0,0.036877744
0.0,0.033971474
1.0,0.09335098
0.0,0.04144679
0.0,0.0850742
0.0,0.043341562
0.0,0.08562574
0.0,0.04419819
0.0,0.036495425
0.0,0.07459408
0.0,0.052792344
0.0,0.04022543
0.0,0.024379153
1.0,0.03051275
0.0,0.025441008
0.0,0.060408477
1.0,0.16155258
0.0,0.052033164
0.0,0.031741843
0.0,0.017920798
0.0,0.08373766
0.0,0.036626562
1.0,0.09391667
0.0,0.070794635
0.0,0.07362857
0.0,0.02419076
0.0,0.046256088
0.0,0.0470389
0.0,0.05587425
0.0,0.010624432
0.0,0.03373222
0.0,0.010502456
0.0,0.042778667
0.0,0.07191264
0.0,0.032975163
0.0,0.0353645
0.0,0.051396146
0.0,0.024247797
0.0,0.03802049
0.0,0.014269261
0.0,0.030630901
0.0,0.067702726
0.0,0.10483621
1.0,0.039424457
0.0,0.066836886
0.0,0.047934785
0.0,0.013594798
0.0,0.06484676
0.0,0.0744168
0.0,0.28644294
0.0,0.05663492
0.0,0.057028078
0.0,0.03741416
0.0,0.114708796
0.0,0.12129797
0.0,0.06657536
0.0,0.0136489635
0.0,0.054534733
0.0,0.017722989
0.0,0.0783931
0.0,0.052957512
0.0,0.032660812
0.0,0.059954382
0.0,0.07377656
0.0,0.031120747
0.0,0.038274735
1.0,0.19799784
0.0,0.08116335
0.0,0.07898143
0.0,0.02985827
0.0,0.033691984
0.0,0.02114141
0.0,0.043027144
0.0,0.021440841
0.0,0.117006235
0.0,0.07010473
0.0,0.120550685
0.0,0.0234096
0.0,0.0562015
0.0,0.08613582
0.0,0.014493347
0.0,0.059220698
0.0,0.039825514
0.0,0.07906812
0.0,0.05660961
0.0,0.037889823
0.0,0.014073924
0.0,0.040282324
0.0,0.021051066
0.0,0.15873449
0.0,0.02388534
0.0,0.039766952
0.0,0.05373146
0.0,0.015224174
0.0,0.0464221
0.0,0.05427531
0.0,0.073710695
0.0,0.023553018
0.0,0.01596342
0.0,0.083161846
0.0,0.061146088
0.0,0.015314998
0.0,0.037771758
0.0,0.04228397
0.0,0.034097865
0.0,0.05765847
0.0,0.045009807
0.0,0.17858636
1.0,0.13561654
0.0,0.08076624
0.0,0.16828078
1.0,0.09742138
0.0,0.031108491
0.0,0.051168412
0.0,0.03166686
0.0,0.043128885
1.0,0.05846186
0.0,0.026502442
0.0,0.09317398
0.0,0.03381358
0.0,0.03738655
0.0,0.05902814
0.0,0.07148288
0.0,0.06023305
0.0,0.05137664
0.0,0.05915776
0.0,0.021228466
0.0,0.047239922
0.0,0.08005464
0.0,0.051463194
0.0,0.06810666
0.0,0.030112246
0.0,0.035151374
0.0,0.063852645
1.0,0.0661583
0.0,0.049181156
0.0,0.06598837
0.0,0.022856656
0.0,0.057865568
0.0,0.027476054
0.0,0.038831417
0.0,0.05009658
0.0,0.015634203
0.0,0.045546427
0.0,0.042951956
0.0,0.016376374
0.0,0.20039843
0.0,0.028088827
0.0,0.018311596
0.0,0.07221551
0.0,0.059194412
0.0,0.01614901
0.0,0.028192915
0.0,0.06425333
0.0,0.02217222
1.0,0.06521615
0.0,0.069360256
0.0,0.015183061
0.0,0.05855409
0.0,0.012660034
1.0,0.06633978
0.0,0.062908985
1.0,0.028184272
0.0,0.048492406
0.0,0.055102877
0.0,0.08130894
0.0,0.034656025
0.0,0.23961069
0.0,0.08114795
0.0,0.14318885
0.0,0.03505172
0.0,0.028664676
0.0,0.016678758
0.0,0.06720543
0.0,0.05093457
0.0,0.039435513
0.0,0.015744178
0.0,0.067004755
0.0,0.017542848
0.0,0.05324165
0.0,0.054273218
0.0,0.024455998
0.0,0.022715352
0.0,0.057499543
0.0,0.030309444
0.0,0.030682504
0.0,0.017736651
0.0,0.087667495
0.0,0.02545886
0.0,0.20878449
0.0,0.08910534
0.0,0.04247591
0.0,0.04936336
0.0,0.060624957
0.0,0.01323792
0.0,0.06541011
0.0,0.08077286
0.0,0.0264283
0.0,0.034328826
0.0,0.02828166
0.0,0.069708996
0.0,0.035054024
0.0,0.02001367
0.0,0.011888047
0.0,0.070448115
1.0,0.079848655
0.0,0.07951823
0.0,0.037857696
0.0,0.07932434
0.0,0.08826408
0.0,0.07096233
0.0,0.08649726
0.0,0.061980687
0.0,0.031615213
0.0,0.065177135
0.0,0.047368694
0.0,0.07381555
0.0,0.07430033
0.0,0.022992542
0.0,0.018089648
0.0,0.035822373
0.0,0.073822975
0.0,0.061366208
0.0,0.052805286
0.0,0.06181219
0.0,0.07630192
0.0,0.018678334
0.0,0.031033628
0.0,0.0450147
0.0,0.03787295
0.0,0.045486588
0.0,0.010804033
0.0,0.03285829
0.0,0.047975697
1.0,0.064982496
0.0,0.09092053
0.0,0.034989327
0.0,0.01507874
0.0,0.03488935
0.0,0.09979745
0.0,0.07394346
0.0,0.028841887
0.0,0.11048299
0.0,0.08605519
0.0,0.040879373
0.0,0.1320661
0.0,0.027756566
0.0,0.25019252
0.0,0.04411807
0.0,0.031587865
0.0,0.05899889
0.0,0.02197465
0.0,0.040554862
0.0,0.023886263
0.0,0.0633294
0.0,0.050249215
0.0,0.09503021
0.0,0.03412207
0.0,0.054534815
0.0,0.022116203
0.0,0.025122823
0.0,0.08079844
0.0,0.029472752
0.0,0.030060815
0.0,0.031666163
0.0,0.077909864
0.0,0.017533615
0.0,0.029180055
0.0,0.045525342
0.0,0.05114148
0.0,0.010665841
0.0,0.0430644
0.0,0.05673577
0.0,0.039946817
0.0,0.046228327
0.0,0.09265756
0.0,0.032971278
0.0,0.05375455
0.0,0.04382723
0.0,0.013600076
0.0,0.11225308
0.0,0.059194524
0.0,0.033920664
0.0,0.09649979
0.0,0.06654542
0.0,0.05864328
0.0,0.07260726
0.0,0.040289834
0.0,0.05735577
0.0,0.085740015
0.0,0.046402156
0.0,0.05224135
0.0,0.04258867
0.0,0.036499046
1.0,0.14778446
0.0,0.026031386
0.0,0.05675601
0.0,0.0604998
0.0,0.03487689
0.0,0.09573783
0.0,0.06692296
0.0,0.046513632
0.0,0.06202125
0.0,0.07562472
0.0,0.050290205
0.0,0.12432591
0.0,0.028140655
0.0,0.06117108
0.0,0.078937665
0.0,0.013704475
0.0,0.041374877
0.0,0.06591363
0.0,0.072464526
0.0,0.035014465
0.0,0.07156159
0.0,0.046375062
0.0,0.062399365
0.0,0.03394291
0.0,0.067171596
0.0,0.020205034
0.0,0.022801585
0.0,0.08548258
0.0,0.05962805
0.0,0.04658315
0.0,0.04434888
0.0,0.043149333
0.0,0.07813264
0.0,0.06053958
0.0,0.011096915
0.0,0.02024722
0.0,0.028587569
0.0,0.059862453
0.0,0.026559293
0.0,0.06570101
0.0,0.06100144
0.0,0.06110055
0.0,0.056080204
0.0,0.031862523
1.0,0.04125195
0.0,0.07581156
0.0,0.057041295
0.0,0.1018981
0.0,0.060647033
0.0,0.03842245
0.0,0.027120374
0.0,0.09502776
0.0,0.060321406
0.0,0.034299437
1.0,0.061997242
0.0,0.091519356
0.0,0.07169211
0.0,0.041174635
0.0,0.036205165
0.0,0.048539367
0.0,0.06904528
0.0,0.037525684
0.0,0.019741578
0.0,0.02744311
0.0,0.022768479
0.0,0.026926149
0.0,0.021157475
0.0,0.033459917
0.0,0.07530312
0.0,0.029734816
0.0,0.055231247
0.0,0.042628348
0.0,0.031729177
1.0,0.026719347
0.0,0.017967686
0.0,0.032091912
0.0,0.049184933
0.0,0.011194396
0.0,0.07606605
0.0,0.058914986
0.0,0.074956365
0.0,0.07253889
0.0,0.01343047
0.0,0.049944025
0.0,0.03845231
0.0,0.057703815
0.0,0.027314581
0.0,0.06762987
0.0,0.014468076
0.0,0.019785266
0.0,0.0146129485
0.0,0.019882973
0.0,0.10543708
0.0,0.075834155
0.0,0.046245042
0.0,0.07010226
1.0,0.11257872
0.0,0.02429525
0.0,0.016723873
0.0,0.05480295
0.0,0.051111106
0.0,0.047492795
0.0,0.033495277
0.0,0.008946677
0.0,0.078958854
0.0,0.059218183
0.0,0.06883234
0.0,0.031809118
0.0,0.06279047
0.0,0.048305284
0.0,0.02382695
1.0,0.089534886
0.0,0.06726163
0.0,0.054539286
0.0,0.019479379
0.0,0.03109476
0.0,0.020374198
0.0,0.078709625
0.0,0.047416672
0.0,0.038853087
0.0,0.03706502
0.0,0.16386373
0.0,0.09058831
0.0,0.024507152
0.0,0.055461377
0.0,0.04982609
0.0,0.06960347
0.0,0.08586623
0.0,0.058962326
0.0,0.06512946
0.0,0.06815289
0.0,0.11921215
0.0,0.06668593
0.0,0.10490799
0.0,0.05219982
0.0,0.03729338
0.0,0.04785369
0.0,0.03949956
0.0,0.06890563
0.0,0.08874862
0.0,0.01451413
0.0,0.079811424
0.0,0.02266153
0.0,0.04428996
0.0,0.034805868
0.0,0.0385684
0.0,0.05229688
0.0,0.01560227
0.0,0.037618667
0.0,0.06687999
0.0,0.05378098
0.0,0.0746145
0.0,0.027556838
0.0,0.06382652
1.0,0.029271895
0.0,0.08270299
0.0,0.050466914
0.0,0.043449886
0.0,0.04304266
0.0,0.05771932
0.0,0.0221962
0.0,0.07029309
0.0,0.048000775
0.0,0.026961686
0.0,0.032068476
0.0,0.033533726
0.0,0.07869874
0.0,0.07607365
0.0,0.051260967
0.0,0.014521897
0.0,0.07021124
0.0,0.06661056
0.0,0.08621089
0.0,0.09342481
0.0,0.068753935
1.0,0.17846262
0.0,0.04061501
0.0,0.021278836
0.0,0.02861569
0.0,0.032822445
0.0,0.04137081
0.0,0.027786003
0.0,0.016238483
0.0,0.043409526
0.0,0.040690105
0.0,0.009399345
0.0,0.030532863
0.0,0.03137922
0.0,0.023823576
0.0,0.07476145
0.0,0.033041757
0.0,0.048163146
0.0,0.067472875
0.0,0.10829823
0.0,0.07099272
0.0,0.2551324
0.0,0.062883474
0.0,0.034399204
0.0,0.068630256
0.0,0.128562
0.0,0.061445516
0.0,0.059766762
0.0,0.028661232
0.0,0.03596846
0.0,0.04104835
0.0,0.0523504
0.0,0.03328473
0.0,0.15045752
0.0,0.053329643
0.0,0.07810185
0.0,0.120580405
0.0,0.05343212
0.0,0.07900209
0.0,0.04322458
0.0,0.070818014
0.0,0.01464274
0.0,0.024547465
0.0,0.034304902
0.0,0.019869488
0.0,0.05797954
0.0,0.033031832
0.0,0.04430612
1.0,0.025941698
0.0,0.043839913
0.0,0.012602802
0.0,0.031845994
0.0,0.11102753
0.0,0.056239113
0.0,0.022154707
0.0,0.008673402
0.0,0.034596007
0.0,0.032560714
0.0,0.117466785
0.0,0.08770617
0.0,0.061364044
0.0,0.03497315
1.0,0.075136304
0.0,0.05606392
0.0,0.13511154
0.0,0.037970018
0.0,0.014657367
0.0,0.044825565
0.0,0.0445602
0.0,0.020242557
1.0,0.24926455
0.0,0.032444585
0.0,0.063154586
0.0,0.057077534
0.0,0.040402148
0.0,0.057990864
0.0,0.018189006
0.0,0.040684965
0.0,0.05808979
0.0,0.061014995
0.0,0.028792076
0.0,0.07238466
0.0,0.06733465
0.0,0.054041162
1.0,0.057850838
0.0,0.02432134
0.0,0.09041731
0.0,0.042125024
0.0,0.048996635
0.0,0.035193
0.0,0.0329977
0.0,0.06736258
0.0,0.016789712
0.0,0.04752136
0.0,0.03236907
0.0,0.04987227
0.0,0.018961685
0.0,0.039614182
0.0,0.05269298
0.0,0.05405737
0.0,0.047707714
0.0,0.029153243
0.0,0.046199746
0.0,0.024485577
0.0,0.37603578
0.0,0.05016968
0.0,0.045257516
0.0,0.022626752
0.0,0.012846438
0.0,0.06495307
0.0,0.053508483
0.0,0.042140655
0.0,0.065591075
0.0,0.065599926
0.0,0.08114447
0.0,0.13782148
0.0,0.061269693
0.0,0.08863219
0.0,0.032672588
0.0,0.028543068
0.0,0.03185883
0.0,0.016802015
0.0,0.02672559
0.0,0.042904526
0.0,0.07303636
0.0,0.09352577
0.0,0.092832506
0.0,0.020901881
0.0,0.041713424
0.0,0.05295082
0.0,0.06714425
0.0,0.020736039
0.0,0.077064484
0.0,0.044010576
0.0,0.07525591
0.0,0.059124198
0.0,0.075995386
0.0,0.058096867
0.0,0.10668464
0.0,0.031631153
0.0,0.053298905
0.0,0.033886213
0.0,0.1287119
0.0,0.032663614
0.0,0.055046596
1.0,0.067571655
0.0,0.06554696
0.0,0.052411944
0.0,0.067919105
0.0,0.052536774
0.0,0.055818222
0.0,0.048773743
0.0,0.05941708
0.0,0.07756254
0.0,0.06410161
0.0,0.015195838
0.0,0.10235454
0.0,0.04463844
0.0,0.078466274
0.0,0.07599651
0.0,0.024207536
0.0,0.031921208
0.0,0.024068888
0.0,0.021129176
0.0,0.03318753
0.0,0.019853104
0.0,0.057502285
0.0,0.04595913
0.0,0.04461401
1.0,0.026700038
1.0,0.0788822
1.0,0.068562314
0.0,0.06519341
0.0,0.01687027
0.0,0.052143343
0.0,0.061186455
0.0,0.0810591
0.0,0.12981579
0.0,0.07182758
0.0,0.057055764
0.0,0.027996495
0.0,0.05715897
0.0,0.06752855
0.0,0.053922884
0.0,0.15702368
0.0,0.032363124
0.0,0.081946045
0.0,0.053847753
0.0,0.024046002
0.0,0.12213361
0.0,0.017778208
0.0,0.052322198
0.0,0.011510741
0.0,0.080968566
0.0,0.09640519
0.0,0.069403656
0.0,0.07104695
0.0,0.16934921
0.0,0.06347049
0.0,0.04169423
0.0,0.047825996
0.0,0.07675888
0.0,0.0458079
0.0,0.15625075
0.0,0.05659764
0.0,0.043582045
0.0,0.018930545
0.0,0.024336655
0.0,0.13633884
0.0,0.048708018
0.0,0.008602622
0.0,0.012913659
0.0,0.055945057
0.0,0.02833129
0.0,0.04248225
0.0,0.03219009
0.0,0.03370577
0.0,0.03162595
0.0,0.07608916
0.0,0.009680742
0.0,0.032526452
0.0,0.049031764
0.0,0.050362416
0.0,0.042225942
0.0,0.069698595
0.0,0.033775244
0.0,0.07154032
0.0,0.031307288
0.0,0.056403633
0.0,0.026716746
0.0,0.055094283
0.0,0.03409702
0.0,0.06182864
0.0,0.07186597
0.0,0.015954774
0.0,0.026494682
0.0,0.034742825
0.0,0.020034485
0.0,0.07890439
0.0,0.05703667
0.0,0.06312502
0.0,0.108093865
0.0,0.046248548
0.0,0.016715182
0.0,0.08523087
0.0,0.054746743
0.0,0.07527595
0.0,0.03623304
0.0,0.07923941
0.0,0.02744447
0.0,0.014005719
0.0,0.09692475
0.0,0.07776022
0.0,0.05951542
0.0,0.02789018
0.0,0.08889906
0.0,0.10040642
0.0,0.05180152
0.0,0.04639092
0.0,0.040375706
0.0,0.061581306
0.0,0.06860789
0.0,0.071664356
0.0,0.019110294
0.0,0.069062375
0.0,0.087829255
0.0,0.14845043
0.0,0.047266282
0.0,0.06263554
0.0,0.057167597
0.0,0.016848668
0.0,0.014633637
0.0,0.04563906
0.0,0.023772351
1.0,0.049285322
0.0,0.080924064
0.0,0.027386596
0.0,0.029371683
0.0,0.15837795
0.0,0.062455967
0.0,0.04069261
0.0,0.021422118
0.0,0.061477005
0.0,0.115915045
0.0,0.05475267
0.0,0.09506862
0.0,0.040623434
0.0,0.046715304
0.0,0.015487852
0.0,0.053843927
0.0,0.07136791
0.0,0.03910294
0.0,0.006830358
0.0,0.031646404
0.0,0.025334176
0.0,0.058093835
0.0,0.097067855
0.0,0.05356411
0.0,0.036433805
0.0,0.11233524
0.0,0.013615234
0.0,0.10745856
0.0,0.016169846
0.0,0.034873366
0.0,0.043212093
0.0,0.12500829
0.0,0.037609667
0.0,0.066835456
0.0,0.047021747
0.0,0.03278889
0.0,0.03400836
0.0,0.04392845
0.0,0.041715592
0.0,0.052035794
0.0,0.06542508
0.0,0.08858125
0.0,0.04685795
0.0,0.0172322
0.0,0.04497973
0.0,0.060192063
0.0,0.041567937
0.0,0.044721358
0.0,0.0735574
0.0,0.06839318
0.0,0.07063288
0.0,0.018355463
0.0,0.06240698
0.0,0.14043075
0.0,0.05872645
0.0,0.0449526
0.0,0.031616904
0.0,0.0449325
0.0,0.069007024
0.0,0.021477759
0.0,0.07903396
0.0,0.0111103
0.0,0.0680725
0.0,0.0704194
0.0,0.030715207
0.0,0.05936602
0.0,0.042004738
0.0,0.05078007
0.0,0.03292958
0.0,0.025396017
0.0,0.0741675
0.0,0.08220425
0.0,0.029792096
0.0,0.053242415
1.0,0.044338774
0.0,0.064461276
0.0,0.023633648
0.0,0.056005836
0.0,0.050791137
0.0,0.0580464
0.0,0.06422665
0.0,0.053693146
0.0,0.06968032
0.0,0.021603048
0.0,0.015105526
0.0,0.06185953
0.0,0.008022588
0.0,0.062165
0.0,0.059703216
0.0,0.09966653
0.0,0.02398174
0.0,0.032213707
0.0,0.058910828
0.0,0.03896006
0.0,0.013482617
0.0,0.054398693
0.0,0.075578175
1.0,0.125675
0.0,0.04132233
0.0,0.01561091
0.0,0.052351147
0.0,0.037684686
0.0,0.044922303
0.0,0.056166403
0.0,0.050068043
0.0,0.047873136
0.0,0.09055236
0.0,0.048840072
0.0,0.07840243
0.0,0.058294114
0.0,0.021028843
0.0,0.036642652
0.0,0.06831179
1.0,0.079344355
1.0,0.031939585
0.0,0.027444955
1.0,0.03674825
0.0,0.081613064
0.0,0.033600006
2.0,0.023877153
0.0,0.06271023
0.0,0.052403823
0.0,0.03368122
0.0,0.06898555
0.0,0.023701407
0.0,0.041393228
0.0,0.04826451
0.0,0.055783976
0.0,0.046416234
1.0,0.11389794
0.0,0.045428216
0.0,0.06459937
0.0,0.052784037
0.0,0.023179438
0.0,0.08016074
0.0,0.1033898
0.0,0.040096376
0.0,0.022672793
0.0,0.040981174
0.0,0.028935613
0.0,0.059246823
0.0,0.020456037
0.0,0.01709152
0.0,0.08369807
0.0,0.07427931
0.0,0.025898539
0.0,0.046857435
1.0,0.049502976
0.0,0.017892262
0.0,0.014274542
0.0,0.022496803
0.0,0.027113663
0.0,0.0500357
0.0,0.015322712
0.0,0.049821813
0.0,0.027228389
0.0,0.04969478
1.0,0.06183822
0.0,0.07758233
0.0,0.06323016
1.0,0.06521761
0.0,0.07296528
0.0,0.10125676
0.0,0.054211427
0.0,0.05461684
0.0,0.04607512
0.0,0.026141446
0.0,0.066007145
0.0,0.040646203
1.0,0.085575715
0.0,0.13387299
0.0,0.056551874
2.0,0.11538438
0.0,0.09865646
0.0,0.06732004
0.0,0.028012907
0.0,0.05293494
0.0,0.06537768
0.0,0.020794615
0.0,0.13172479
0.0,0.06747615
0.0,0.017479096
1.0,0.012394749
0.0,0.13495842
0.0,0.02037076
0.0,0.048169646
0.0,0.02608576
0.0,0.0711009
0.0,0.051047534
0.0,0.119268894
0.0,0.052996337
0.0,0.02204567
0.0,0.046792552
0.0,0.014438854
0.0,0.03712408
0.0,0.05945798
0.0,0.016932389
0.0,0.11035552
1.0,0.06272784
0.0,0.034640707
0.0,0.018377103
0.0,0.057340413
0.0,0.0661684
1.0,0.058715753
0.0,0.027297003
0.0,0.027919212
0.0,0.018289264
0.0,0.049891397
0.0,0.05910337
0.0,0.05695697
0.0,0.020332068
0.0,0.08235897
0.0,0.053502563
0.0,0.04831024
1.0,0.014357134
0.0,0.06793161
0.0,0.062877595
0.0,0.053229444
0.0,0.036521696
0.0,0.061990056
0.0,0.055087533
0.0,0.033920147
0.0,0.032495942
0.0,0.032393325
0.0,0.051843878
0.0,0.049113125
0.0,0.06969106
0.0,0.095440574
0.0,0.062588066
0.0,0.03153217
0.0,0.09536751
0.0,0.22350869
0.0,0.06678002
0.0,0.020213533
0.0,0.0419147
0.0,0.035665397
0.0,0.021980057
1.0,0.26322806
1.0,0.03880027
0.0,0.040836275
0.0,0.043303613
0.0,0.047238976
0.0,0.018996673
0.0,0.011804383
0.0,0.07205285
0.0,0.041705348
0.0,0.024197428
0.0,0.053639688
0.0,0.010203847
0.0,0.07267828
0.0,0.07354137
0.0,0.021988012
0.0,0.057628267
1.0,0.057951115
0.0,0.08221811
0.0,0.017616397
0.0,0.017769063
0.0,0.06139056
0.0,0.0827784
0.0,0.09657117
0.0,0.03804726
0.0,0.05869568
0.0,0.062602796
0.0,0.03852065
0.0,0.057952523
0.0,0.038102075
0.0,0.09178406
0.0,0.047842786
0.0,0.1833233
0.0,0.04843881
0.0,0.068619385
0.0,0.04939722
0.0,0.042366274
1.0,0.06750145
0.0,0.039169528
0.0,0.09284367
0.0,0.024621578
0.0,0.034999523
0.0,0.01951309
0.0,0.03708125
0.0,0.014646245
0.0,0.095442235
0.0,0.03806118
0.0,0.023579977
0.0,0.036983527
0.0,0.01523713
0.0,0.028479673
0.0,0.011790663
0.0,0.044198968
0.0,0.092358395
0.0,0.04581614
0.0,0.045956917
0.0,0.059827812
0.0,0.068376124
0.0,0.035535723
0.0,0.02692389
0.0,0.05475507
0.0,0.03822757
0.0,0.0520521
0.0,0.02192832
0.0,0.05022289
0.0,0.024357505
0.0,0.117375076
0.0,0.047674425
0.0,0.08260378
0.0,0.010541631
0.0,0.096737966
0.0,0.027013713
0.0,0.046745025
1.0,0.06768321
0.0,0.026864026
0.0,0.025970796
0.0,0.07489032
0.0,0.13013113
0.0,0.100984596
0.0,0.057015598
0.0,0.09800248
0.0,0.091457054
0.0,0.0965653
0.0,0.041854024
0.0,0.10387826
0.0,0.036633566
0.0,0.01456406
0.0,0.019166866
0.0,0.07090233
0.0,0.04333625
0.0,0.016661946
0.0,0.04885929
0.0,0.123707764
0.0,0.033899467
0.0,0.052169807
0.0,0.03282683
0.0,0.062473778
0.0,0.065641075
0.0,0.045458857
0.0,0.005198991
0.0,0.0277416
0.0,0.08803626
0.0,0.1255813
0.0,0.076739624
0.0,0.050972767
0.0,0.20861611
0.0,0.0674445
1.0,0.08713965
0.0,0.114896946
0.0,0.05272658
0.0,0.034252938
0.0,0.038815625
0.0,0.03742981
0.0,0.07512352
0.0,0.055995047
0.0,0.059167236
0.0,0.061141334
0.0,0.023285955
0.0,0.054884806
0.0,0.037258524
0.0,0.015487393
0.0,0.052324668
0.0,0.037128683
0.0,0.038505647
0.0,0.041426677
0.0,0.02346915
1.0,0.028610887
0.0,0.073100515
0.0,0.045238465
0.0,0.024249706
0.0,0.07389707
0.0,0.027126826
0.0,0.060907498
0.0,0.06264505
0.0,0.0711047
0.0,0.07538177
0.0,0.03246503
2.0,0.064946435
0.0,0.05754265
0.0,0.04228556
0.0,0.025477646
0.0,0.015777973
0.0,0.046402823
1.0,0.21619026
0.0,0.01391285
1.0,0.023982998
0.0,0.04073608
0.0,0.05971466
0.0,0.05508099
0.0,0.056777418
0.0,0.026933443
0.0,0.074954055
0.0,0.15152927
0.0,0.09166947
0.0,0.05510884
0.0,0.019664068
0.0,0.009806531
0.0,0.009424163
0.0,0.018169804
0.0,0.0787246
0.0,0.06906718
1.0,0.058595903
0.0,0.03363428
0.0,0.053996522
0.0,0.025330842
0.0,0.19540425
1.0,0.08498593
0.0,0.07443058
0.0,0.04495001
0.0,0.017933654
0.0,0.026107538
0.0,0.07687551
0.0,0.038359735
0.0,0.04188375
1.0,0.06282093
0.0,0.058337186
0.0,0.1324556
0.0,0.051773716
0.0,0.060580313
0.0,0.019404769
0.0,0.028667685
0.0,0.030681597
0.0,0.07051049
0.0,0.0627659
0.0,0.019984622
0.0,0.15123613
0.0,0.13069166
0.0,0.068990916
0.0,0.037834704
0.0,0.048326228
0.0,0.031770267
0.0,0.09381093
0.0,0.021659572
0.0,0.029847836
0.0,0.07125324
0.0,0.14657053
0.0,0.027388413
0.0,0.009901969
0.0,0.06451469
0.0,0.05505048
0.0,0.052172717
0.0,0.13888726
0.0,0.102009065
0.0,0.035952926
0.0,0.016079158
0.0,0.034741998
0.0,0.04530649
1.0,0.12542082
0.0,0.030744087
0.0,0.04839979
0.0,0.030303707
0.0,0.03452995
0.0,0.075471
0.0,0.10908663
0.0,0.020224225
0.0,0.050403424
0.0,0.03927044
0.0,0.0405056
0.0,0.07241406
1.0,0.07854189
0.0,0.027651794
0.0,0.0688198
0.0,0.015091509
0.0,0.039641846
0.0,0.0763634
0.0,0.035397604
0.0,0.06990285
0.0,0.033651106
0.0,0.06426012
0.0,0.06465276
0.0,0.06546016
0.0,0.027680196
0.0,0.0563932
1.0,0.068866745
0.0,0.05271268
0.0,0.019371986
0.0,0.08530621
0.0,0.04826451
1.0,0.091671765
0.0,0.04438059
1.0,0.04636111
0.0,0.06995167
0.0,0.047088407
0.0,0.0751562
0.0,0.033509973
0.0,0.08192823
0.0,0.030985452
0.0,0.0655887
0.0,0.01864708
0.0,0.018291296
0.0,0.035467397
0.0,0.07119358
0.0,0.02789449
0.0,0.03919944
0.0,0.058307208
0.0,0.045636997
0.0,0.10235249
0.0,0.027868563
0.0,0.041054107
0.0,0.048462816
0.0,0.02242419
0.0,0.018840699
0.0,0.11223601
0.0,0.0820392
0.0,0.041493163
0.0,0.10371223
0.0,0.11251979
0.0,0.036728665
0.0,0.06284741
0.0,0.013232089
0.0,0.064877026
0.0,0.022585928
0.0,0.05082445
0.0,0.18653134
0.0,0.021821208
0.0,0.046669994
0.0,0.061085008
3.0,0.15557897
0.0,0.015729733
0.0,0.057895266
0.0,0.090063274
0.0,0.04993393
0.0,0.046478666
0.0,0.04769855
0.0,0.041985054
0.0,0.12675078
0.0,0.068228066
0.0,0.08002186
0.0,0.019269163
0.0,0.05026314
0.0,0.08838943
0.0,0.06331533
0.0,0.04051097
0.0,0.011817219
0.0,0.0665142
0.0,0.03930776
0.0,0.07553555
0.0,0.020365514
0.0,0.07765976
0.0,0.07243516
0.0,0.051209908
0.0,0.056149375
0.0,0.054678597
0.0,0.04767663
1.0,0.07556555
2.0,0.04531554
0.0,0.07675877
0.0,0.024159241
0.0,0.036983598
0.0,0.014299728
0.0,0.02215643
0.0,0.06631107
0.0,0.041366197
0.0,0.032364223
0.0,0.10362007
0.0,0.02995767
0.0,0.011207449
0.0,0.01382502
0.0,0.022033405
0.0,0.022180902
0.0,0.08257592
0.0,0.05246768
0.0,0.020598091
0.0,0.012188187
0.0,0.034148403
0.0,0.047935657
0.0,0.028935667
0.0,0.021367406
0.0,0.0416677
0.0,0.023297783
0.0,0.03746377
0.0,0.06362459
0.0,0.0617417
0.0,0.0511831
0.0,0.021533206
0.0,0.031631015
0.0,0.04770617
0.0,0.06466323
1.0,0.06047182
1.0,0.08801018
0.0,0.07788736
0.0,0.045715097
0.0,0.08903825
0.0,0.025845084
0.0,0.079711154
0.0,0.029307509
0.0,0.03647801
0.0,0.01898662
0.0,0.052609902
0.0,0.032754764
0.0,0.026703794
0.0,0.029437736
0.0,0.041888826
0.0,0.055668574
0.0,0.024756646
0.0,0.033592317
0.0,0.015091509
0.0,0.04545788
0.0,0.06494752
0.0,0.054267935
0.0,0.18918863
0.0,0.032331906
0.0,0.056720946
0.0,0.013580149
0.0,0.028722977
0.0,0.042996727
0.0,0.045716383
0.0,0.026026087
0.0,0.06282555
0.0,0.06327537
0.0,0.0695381
0.0,0.022444867
0.0,0.0075198887
0.0,0.04651822
0.0,0.044642292
0.0,0.03741455
0.0,0.039033808
0.0,0.03873854
0.0,0.27211672
0.0,0.05144705
0.0,0.052286807
0.0,0.0887978
0.0,0.0183828
0.0,0.05758083
0.0,0.07785525
0.0,0.042703077
0.0,0.051016536
0.0,0.020604407
0.0,0.029184913
0.0,0.050327484
0.0,0.05974726
0.0,0.022417603
0.0,0.025198396
0.0,0.021746408
0.0,0.055076633
0.0,0.043259095
0.0,0.041092828
0.0,0.023938097
0.0,0.039998624
0.0,0.015059261
0.0,0.08429321
0.0,0.06556351
0.0,0.032145865
1.0,0.09749271
0.0,0.08295744
0.0,0.026585903
0.0,0.022930592
0.0,0.037880395
0.0,0.030538993
0.0,0.077506624
0.0,0.041352727
0.0,0.06443481
0.0,0.026213758
0.0,0.014544344
0.0,0.013089515
0.0,0.06710878
0.0,0.041374046
0.0,0.03565334
0.0,0.05197861
0.0,0.09103462
0.0,0.0811654
0.0,0.1100544
0.0,0.021681065
0.0,0.085878104
0.0,0.065615475
0.0,0.057405483
0.0,0.029255666
0.0,0.038618825
0.0,0.08356691
0.0,0.037626922
0.0,0.039909672
1.0,0.10194777
0.0,0.053129964
1.0,0.055929616
0.0,0.03579181
0.0,0.0084221205
0.0,0.103586644
0.0,0.048519306
0.0,0.044242002
0.0,0.03502338
0.0,0.0658803
0.0,0.025202975
0.0,0.027781326
0.0,0.036895826
0.0,0.02432097
0.0,0.102769725
0.0,0.03562112
0.0,0.042343713
1.0,0.062105
0.0,0.024655707
0.0,0.036128595
0.0,0.03694889
0.0,0.022436596
0.0,0.041382805
0.0,0.059926372
0.0,0.048320167
0.0,0.030268613
0.0,0.026348839
0.0,0.15125093
0.0,0.04352373
0.0,0.052482165
0.0,0.035802275
0.0,0.09232159
0.0,0.057629887
0.0,0.07555166
0.0,0.081744395
0.0,0.03762615
0.0,0.05675203
0.0,0.06431341
0.0,0.06274396
0.0,0.01770335
0.0,0.06606045
0.0,0.104446836
2.0,0.042452276
0.0,0.05332275
0.0,0.080872715
0.0,0.07363155
0.0,0.018217163
0.0,0.052863307
0.0,0.027479224
0.0,0.055040848
0.0,0.047142327
0.0,0.07549781
0.0,0.040990885
0.0,0.048616108
0.0,0.03918348
0.0,0.052043784
0.0,0.049333874
0.0,0.12019851
0.0,0.02332088
0.0,0.040274832
0.0,0.0724462
0.0,0.034081675
0.0,0.023785675
0.0,0.06843286
0.0,0.040632058
0.0,0.04631906
0.0,0.043065343
0.0,0.05205384
0.0,0.1254016
1.0,0.030164398
0.0,0.03352661
1.0,0.041857697
0.0,0.03088064
0.0,0.03536968
0.0,0.044663157
0.0,0.14851189
0.0,0.012253851
0.0,0.027224027
0.0,0.039939754
0.0,0.025034498
0.0,0.068339676
0.0,0.08102109
0.0,0.019280596
1.0,0.05841382
0.0,0.092620015
0.0,0.052415818
0.0,0.03742931
0.0,0.043657776
0.0,0.03946821
0.0,0.023192938
0.0,0.0715513
0.0,0.051525094
0.0,0.08135049
0.0,0.1103632
0.0,0.020961048
0.0,0.040519606
0.0,0.08168837
0.0,0.06689953
0.0,0.0165014
0.0,0.021661885
0.0,0.014283305
0.0,0.038019966
0.0,0.049437255
1.0,0.06815844
0.0,0.02111419
0.0,0.07982513
0.0,0.031717878
0.0,0.025175191
0.0,0.08437738
0.0,0.01691996
0.0,0.06365659
0.0,0.029512085
0.0,0.043547645
0.0,0.025123267
0.0,0.063786104
0.0,0.044541504
0.0,0.046529938
0.0,0.027358979
0.0,0.054504294
0.0,0.06581781
0.0,0.055839997
0.0,0.071113124
0.0,0.030668024
1.0,0.042629752
0.0,0.03663409
0.0,0.06967454
0.0,0.070757575
0.0,0.05188179
0.0,0.031630352
0.0,0.048459165
0.0,0.035101693
0.0,0.020015512
0.0,0.037761185
0.0,0.02990937
0.0,0.08263471
0.0,0.02787852
0.0,0.030305065
0.0,0.0927887
0.0,0.024647292
0.0,0.033889897
0.0,0.046278704
0.0,0.106244095
0.0,0.026602045
0.0,0.05397091
0.0,0.067996845
0.0,0.020685978
0.0,0.08286094
0.0,0.049284406
0.0,0.019457573
0.0,0.012350259
0.0,0.053166457
0.0,0.053330228
0.0,0.0354998
0.0,0.054471243
0.0,0.024771158
0.0,0.055038277
0.0,0.03008644
0.0,0.014571208
0.0,0.031191403
0.0,0.03723403
0.0,0.12731615
1.0,0.08013175
0.0,0.07677746
0.0,0.0142176505
0.0,0.07659022
0.0,0.056868296
0.0,0.037850257
0.0,0.027392762
0.0,0.068223864
0.0,0.055983618
0.0,0.019660478
0.0,0.038395382
0.0,0.077519394
0.0,0.11139643
0.0,0.053478815
0.0,0.051481258
0.0,0.07862213
0.0,0.057467543
0.0,0.021405362
0.0,0.07551819
0.0,0.014689525
0.0,0.016621476
0.0,0.014596005
0.0,0.042217746
0.0,0.045709886
1.0,0.049451802
0.0,0.15363051
0.0,0.014346889
0.0,0.030999847
0.0,0.05238316
0.0,0.070516475
0.0,0.04028724
0.0,0.017192919
0.0,0.036555532
0.0,0.075950734
0.0,0.07592164
0.0,0.03098139
0.0,0.06770999
0.0,0.030229626
0.0,0.030173145
0.0,0.035778448
0.0,0.044214737
0.0,0.06729674
0.0,0.04467677
0.0,0.019346794
0.0,0.011597896
0.0,0.032910004
0.0,0.0440831
0.0,0.0141824605
0.0,0.016697228
0.0,0.08639444
0.0,0.045290094
0.0,0.082288355
0.0,0.026132049
0.0,0.04136706
0.0,0.019977238
0.0,0.07635287
1.0,0.08147934
0.0,0.012283774
0.0,0.067079045
0.0,0.034779176
1.0,0.19091271
1.0,0.091210075
0.0,0.066285275
0.0,0.038125247
0.0,0.068577945
0.0,0.03378225
0.0,0.036325663
0.0,0.053579766
2.0,0.09456584
0.0,0.069927804
0.0,0.021516446
0.0,0.027236402
1.0,0.045766443
0.0,0.030560583
0.0,0.0783316
0.0,0.044113085
0.0,0.043281484
0.0,0.074688725
0.0,0.08896606
0.0,0.030308245
0.0,0.031781144
0.0,0.019445283
0.0,0.01660354
0.0,0.06479005
0.0,0.060641743
0.0,0.08750674
0.0,0.014720398
0.0,0.06286008
0.0,0.058087144
0.0,0.04243914
0.0,0.13036048
0.0,0.048424356
0.0,0.054993812
0.0,0.034661725
1.0,0.11150581
0.0,0.053794987
0.0,0.06477434
0.0,0.02662612
0.0,0.01587441
0.0,0.14427173
0.0,0.16511261
0.0,0.073884286
0.0,0.035987057
0.0,0.027199075
0.0,0.07802383
0.0,0.06428536
0.0,0.02000078
0.0,0.08891909
0.0,0.036603812
0.0,0.06875269
0.0,0.06613606
0.0,0.062408753
0.0,0.08256348
0.0,0.046186928
0.0,0.06283677
0.0,0.30011287
0.0,0.017552914
0.0,0.02017973
0.0,0.012264355
1.0,0.03929966
0.0,0.035111435
0.0,0.04713819
0.0,0.035033487
0.0,0.037056856
0.0,0.13032934
0.0,0.033774503
0.0,0.07312184
0.0,0.026255427
0.0,0.0382002
0.0,0.02512583
0.0,0.08215019
0.0,0.02747042
0.0,0.057746686
1.0,0.06952622
0.0,0.089359164
0.0,0.041447837
0.0,0.025367828
0.0,0.03573606
0.0,0.0414294
0.0,0.15185402
0.0,0.08372173
0.0,0.04026191
0.0,0.07622033
0.0,0.057356052
0.0,0.050267357
1.0,0.082949094
0.0,0.11628586
0.0,0.054742463
0.0,0.08337793
1.0,0.049064647
0.0,0.058232687
0.0,0.05534725
0.0,0.07496714
0.0,0.018781971
1.0,0.04460197
1.0,0.07987419
0.0,0.06596432
0.0,0.040677108
0.0,0.025182337
0.0,0.034343462
0.0,0.062131304
0.0,0.072439
0.0,0.015030507
0.0,0.058672678
0.0,0.04070862
0.0,0.03188062
0.0,0.030758062
0.0,0.031829342
0.0,0.06890313
0.0,0.047531623
0.0,0.08832273
0.0,0.069207124
0.0,0.06843895
0.0,0.03969477
0.0,0.027481858
0.0,0.041241504
0.0,0.031656455
0.0,0.07248675
0.0,0.029418133
0.0,0.03873527
0.0,0.017724805
0.0,0.029778888
0.0,0.06577085
0.0,0.091544494
0.0,0.05272123
0.0,0.036434483
0.0,0.048742194
0.0,0.032736495
0.0,0.096632525
0.0,0.11315486
1.0,0.051053718
0.0,0.05740737
0.0,0.05676337
0.0,0.051363755
0.0,0.041869335
0.0,0.05833265
0.0,0.06748008
0.0,0.035639472
0.0,0.03837717
0.0,0.024861125
0.0,0.060918506
0.0,0.07591223
0.0,0.05389692
0.0,0.023689566
0.0,0.06286322
0.0,0.03141812
0.0,0.06928908
0.0,0.045406297
0.0,0.005272266
0.0,0.017741928
0.0,0.05631151
0.0,0.04043491
0.0,0.033311293
0.0,0.04809909
0.0,0.042862095
0.0,0.021993024
0.0,0.06866702
0.0,0.044440817
0.0,0.05622978
0.0,0.015652897
0.0,0.08044979
0.0,0.063101605
0.0,0.031500053
0.0,0.039707664
0.0,0.005695264
0.0,0.020039272
0.0,0.06081714
0.0,0.015031934
0.0,0.054422773
0.0,0.02031106
0.0,0.011247318
0.0,0.089190036
0.0,0.05292227
0.0,0.16825819
0.0,0.026801229
0.0,0.04556437
0.0,0.019305333
0.0,0.03998232
0.0,0.024577016
0.0,0.047201686
0.0,0.05069276
0.0,0.025365518
0.0,0.05334658
0.0,0.061170395
0.0,0.03904207
0.0,0.046508662
0.0,0.06508907
0.0,0.05133041
0.0,0.05254717
1.0,0.079482004
0.0,0.016433392
1.0,0.15236464
0.0,0.026589021
0.0,0.057329122
0.0,0.031228803
0.0,0.06253986
0.0,0.02464199
0.0,0.015223085
0.0,0.062186405
0.0,0.062051114
1.0,0.079714954
0.0,0.060086146
0.0,0.065857686
0.0,0.0130614275
0.0,0.060614683
0.0,0.038424246
0.0,0.06454961
0.0,0.029257745
0.0,0.020616328
0.0,0.0366208
0.0,0.046367392
0.0,0.041283336
0.0,0.035506655
0.0,0.22878282
0.0,0.09866709
0.0,0.05675046
0.0,0.06536281
0.0,0.0917138
0.0,0.026253022
0.0,0.044366542
0.0,0.059268128
0.0,0.08765153
0.0,0.029935637
0.0,0.047320247
0.0,0.030352645
0.0,0.057654858
0.0,0.05499643
0.0,0.053717345
0.0,0.03458702
0.0,0.059911344
0.0,0.07759295
0.0,0.075908795
0.0,0.04254927
0.0,0.030500384
0.0,0.05817493
0.0,0.027938284
0.0,0.009189393
0.0,0.07305447
0.0,0.01462473
0.0,0.038282
0.0,0.029126814
0.0,0.087880045
0.0,0.033926003
0.0,0.040189903
0.0,0.01967068
0.0,0.022353206
0.0,0.01701458
0.0,0.070241764
0.0,0.027432537
0.0,0.02073845
0.0,0.01939427
0.0,0.0243164
0.0,0.06406842
0.0,0.043117166
0.0,0.052167743
0.0,0.07925875
0.0,0.01850563
0.0,0.045977913
0.0,0.053667933
0.0,0.034006935
0.0,0.01115061
0.0,0.023302417
0.0,0.023122806
0.0,0.06939092
0.0,0.11281098
0.0,0.013112192
0.0,0.014592359
0.0,0.014343509
0.0,0.058085747
0.0,0.0529006
0.0,0.03461563
0.0,0.027465533
0.0,0.19980782
1.0,0.058320776
0.0,0.05623053
0.0,0.045235295
0.0,0.067273885
1.0,0.054024465
0.0,0.07403466
0.0,0.09415095
0.0,0.027636688
0.0,0.0153239975
0.0,0.020155841
0.0,0.06930793
0.0,0.06758338
0.0,0.02122298
0.0,0.046538725
0.0,0.07348637
0.0,0.022323817
0.0,0.033470433
0.0,0.06309884
0.0,0.026857149
0.0,0.061967004
0.0,0.070628166
0.0,0.0663851
0.0,0.023176864
1.0,0.022395892
0.0,0.051669516
0.0,0.040809862
0.0,0.04816071
1.0,0.089162774
0.0,0.014609277
0.0,0.07518939
0.0,0.075521216
0.0,0.016620921
0.0,0.06306085
0.0,0.08338421
0.0,0.034684774
0.0,0.061086275
0.0,0.0153239975
0.0,0.09030612
0.0,0.033036716
0.0,0.03734121
0.0,0.051872563
0.0,0.090906225
0.0,0.04657904
0.0,0.028413763
0.0,0.07399487
0.0,0.045873545
0.0,0.040099017
0.0,0.015592831
0.0,0.05859515
0.0,0.07054039
0.0,0.012091286
0.0,0.015928732
0.0,0.036601998
0.0,0.038478024
0.0,0.05905031
0.0,0.041829664
0.0,0.038506255
0.0,0.042789724
0.0,0.079572886
0.0,0.02688549
0.0,0.036542512
0.0,0.06258853
0.0,0.04756867
0.0,0.04768295
0.0,0.030610038
0.0,0.05309314
0.0,0.055541966
0.0,0.038253207
0.0,0.027746959
0.0,0.034705654
0.0,0.012567019
0.0,0.09258248
1.0,0.027353343
0.0,0.06757314
0.0,0.038808167
0.0,0.025735106
0.0,0.02506883
0.0,0.07386829
0.0,0.043541126
0.0,0.04140035
0.0,0.01935234
0.0,0.047903344
0.0,0.0295873
0.0,0.03884905
0.0,0.03627192
0.0,0.027714932
0.0,0.01914909
0.0,0.038804986
0.0,0.1113209
0.0,0.053230785
0.0,0.035450067
0.0,0.034252744
0.0,0.07590952
0.0,0.032852855
0.0,0.03908618
0.0,0.022770194
0.0,0.047406636
0.0,0.027287815
0.0,0.039805368
0.0,0.106844164
0.0,0.029165644
0.0,0.11992106
1.0,0.15023239
0.0,0.19838123
0.0,0.016950468
0.0,0.037863437
0.0,0.08366424
0.0,0.037139732
0.0,0.032202065
0.0,0.09246257
0.0,0.015194729
0.0,0.03457696
0.0,0.022321805
0.0,0.03298938
0.0,0.06403956
0.0,0.03201083
0.0,0.058692645
0.0,0.06921762
0.0,0.091811195
0.0,0.061262418
1.0,0.082010195
0.0,0.09802085
0.0,0.036086448
0.0,0.08458699
0.0,0.052426215
0.0,0.022750432
0.0,0.03446179
0.0,0.056579992
0.0,0.016821021
0.0,0.042369485
0.0,0.017833583
0.0,0.041495554
0.0,0.036606222
1.0,0.0177343
0.0,0.02305047
0.0,0.046029266
0.0,0.055350207
0.0,0.049082547
0.0,0.06880769
0.0,0.08258317
0.0,0.03311553
0.0,0.033539325
0.0,0.037684415
0.0,0.01582481
0.0,0.024911962
0.0,0.030286733
0.0,0.05980512
0.0,0.024138262
0.0,0.05147318
0.0,0.027428849
0.0,0.018465038
0.0,0.06004519
0.0,0.036666755
1.0,0.07684842
0.0,0.01794539
0.0,0.024824357
0.0,0.035452772
0.0,0.04757035
0.0,0.070934996
0.0,0.021663683
0.0,0.07101343
0.0,0.019166866
0.0,0.053074814
0.0,0.016485851
0.0,0.048653632
0.0,0.028827311
0.0,0.060397647
0.0,0.04586532
0.0,0.035712503
0.0,0.16881359
0.0,0.09407681
0.0,0.04775005
0.0,0.055844177
1.0,0.17399135
0.0,0.061592996
0.0,0.016327338
0.0,0.088001154
0.0,0.13248587
0.0,0.050705597
0.0,0.014006172
0.0,0.015753143
0.0,0.060174
0.0,0.06389049
0.0,0.01357431
0.0,0.039185986
0.0,0.06886651
0.0,0.075499594
0.0,0.0643101
0.0,0.06265092
0.0,0.03218513
0.0,0.033092607
0.0,0.047186837
0.0,0.046371944
0.0,0.14384916
0.0,0.019105501
0.0,0.057351857
0.0,0.040795773
0.0,0.078385495
0.0,0.061695095
0.0,0.066566885
1.0,0.046281748
0.0,0.028374257
0.0,0.04540972
0.0,0.12631236
0.0,0.038060434
0.0,0.07815969
0.0,0.038723655
0.0,0.07028937
0.0,0.032114
0.0,0.07016426
0.0,0.08738157
0.0,0.078379184
0.0,0.036000974
0.0,0.040365003
0.0,0.08616819
0.0,0.043480873
0.0,0.046046168
0.0,0.09913099
0.0,0.039880756
0.0,0.061394893
0.0,0.075701386
0.0,0.17012343
0.0,0.07250789
0.0,0.014767742
0.0,0.020221872
0.0,0.06231694
0.0,0.08699343
0.0,0.023297329
0.0,0.059437584
0.0,0.031593755
1.0,0.06455085
0.0,0.028306363
0.0,0.030322932
0.0,0.06398162
0.0,0.021635737
0.0,0.005447662
0.0,0.06361599
0.0,0.045369636
0.0,0.08682145
0.0,0.049917884
0.0,0.04128288
0.0,0.042123538
0.0,0.032662135
0.0,0.044755362
0.0,0.025712254
0.0,0.05835463
0.0,0.04358859
0.0,0.058869593
0.0,0.06046401
0.0,0.019361818
0.0,0.0368903
0.0,0.03015229
1.0,0.021190573
1.0,0.05079952
1.0,0.2721737
0.0,0.03641204
0.0,0.021376293
0.0,0.040745653
0.0,0.044524793
0.0,0.013371017
0.0,0.03072757
0.0,0.045464016
0.0,0.03456865
0.0,0.0912009
0.0,0.01593496
0.0,0.03913346
2.0,0.053275708
0.0,0.04056157
0.0,0.015289198
0.0,0.055176336
0.0,0.059387993
0.0,0.0850972
0.0,0.057293497
0.0,0.019019913
0.0,0.01937146
0.0,0.06313181
1.0,0.06424432
0.0,0.029781373
0.0,0.07470582
1.0,0.139487
0.0,0.051177025
0.0,0.049941596
0.0,0.04649423
0.0,0.02075218
0.0,0.04478649
0.0,0.016908273
0.0,0.021001177
0.0,0.05011433
0.0,0.08044204
0.0,0.028682984
0.0,0.022745518
0.0,0.054322384
0.0,0.013239549
0.0,0.092410594
0.0,0.040633354
0.0,0.21886033
0.0,0.047258485
0.0,0.02479867
0.0,0.049410976
0.0,0.059641242
0.0,0.04037297
0.0,0.05373984
0.0,0.034644622
0.0,0.047843743
0.0,0.06721307
0.0,0.0487988
0.0,0.038049586
0.0,0.040144473
0.0,0.00992047
0.0,0.05942595
0.0,0.025505481
0.0,0.059932314
0.0,0.043644037
0.0,0.022684623
0.0,0.04491783
0.0,0.083940804
0.0,0.048947506
0.0,0.022813905
0.0,0.024334576
0.0,0.13230446
0.0,0.03315805
0.0,0.10059586
0.0,0.053196024
0.0,0.049547136
0.0,0.089169666
0.0,0.23488802
0.0,0.05295943
0.0,0.037800044
0.0,0.056483448
0.0,0.0095865
0.0,0.059556812
0.0,0.013377108
0.0,0.02968679
0.0,0.024036143
0.0,0.06977827
0.0,0.027443253
0.0,0.04641278
0.0,0.037262697
0.0,0.06610797
0.0,0.03702584
0.0,0.025543053
0.0,0.05284095
0.0,0.0144173335
0.0,0.04675646
0.0,0.024324682
0.0,0.05868047
0.0,0.040436108
0.0,0.027598286
0.0,0.05786866
0.0,0.15424831
0.0,0.07496163
0.0,0.02935145
0.0,0.033300605
0.0,0.043125227
0.0,0.09938466
0.0,0.04867101
0.0,0.06699765
0.0,0.05322373
0.0,0.12439238
0.0,0.027551806
0.0,0.03385193
0.0,0.070152424
0.0,0.047305427
0.0,0.061853115
0.0,0.023789475
0.0,0.032308865
0.0,0.031957667
0.0,0.053049028
0.0,0.060224377
0.0,0.032438397
0.0,0.08728342
0.0,0.031880774
0.0,0.04787647
0.0,0.018574435
0.0,0.044028353
0.0,0.01853465
1.0,0.079078525
0.0,0.014272242
0.0,0.066482
0.0,0.01991025
0.0,0.047934443
0.0,0.026619608
0.0,0.042322174
0.0,0.067398
0.0,0.04274068
0.0,0.0520319
0.0,0.043790754
0.0,0.06588075
1.0,0.06422699
0.0,0.019764362
0.0,0.016469525
0.0,0.053712018
0.0,0.015597554
0.0,0.046323963
0.0,0.047796562
0.0,0.13074857
0.0,0.08133176
0.0,0.05562763
0.0,0.04441567
0.0,0.07834729
0.0,0.071265094
0.0,0.08352289
2.0,0.05837389
0.0,0.067970134
0.0,0.024837239
0.0,0.014231698
0.0,0.014840026
0.0,0.03932915
0.0,0.087962195
0.0,0.08051629
0.0,0.035475146
0.0,0.075659305
0.0,0.054634213
0.0,0.06691103
0.0,0.04480319
0.0,0.056495715
0.0,0.05923267
0.0,0.02229382
0.0,0.034464728
0.0,0.0165988
1.0,0.11535448
0.0,0.07647701
0.0,0.0669529
0.0,0.09060347
0.0,0.07439172
0.0,0.042152993
0.0,0.043192316
0.0,0.08307398
0.0,0.03391431
0.0,0.028278477
0.0,0.0758142
0.0,0.07507467
0.0,0.06988642
0.0,0.045633752
0.0,0.022236943
0.0,0.036005475
0.0,0.052750874
0.0,0.033090618
0.0,0.0693754
0.0,0.03926748
0.0,0.029089741
0.0,0.039784838
0.0,0.022244006
0.0,0.021521546
0.0,0.021478139
0.0,0.022614736
0.0,0.023962194
0.0,0.029629372
0.0,0.07564628
0.0,0.04334648
0.0,0.048823122
0.0,0.028819147
0.0,0.025480963
0.0,0.09187422
0.0,0.039558552
0.0,0.028438311
0.0,0.034089215
0.0,0.05400932
0.0,0.0585847
0.0,0.060931638
0.0,0.057758637
0.0,0.06910946
0.0,0.06471036
0.0,0.019872103
0.0,0.032422546
0.0,0.029011115
0.0,0.047952347
0.0,0.038260322
0.0,0.061459273
0.0,0.04405704
0.0,0.036303513
0.0,0.056237046
0.0,0.021231575
0.0,0.058781695
0.0,0.0600804
1.0,0.06280026
0.0,0.08106043
0.0,0.050587934
0.0,0.022574615
0.0,0.12829684
0.0,0.033760622
0.0,0.029337585
0.0,0.03555908
0.0,0.0075641987
0.0,0.051821187
0.0,0.01653456
1.0,0.09047352
0.0,0.04421484
1.0,0.17527166
0.0,0.018773843
0.0,0.037542563
0.0,0.00888682
0.0,0.06431399
0.0,0.056388196
0.0,0.062162064
0.0,0.13484797
0.0,0.14108714
0.0,0.026980141
0.0,0.0644109
0.0,0.016468275
0.0,0.029079076
1.0,0.08131505
0.0,0.09246676
0.0,0.05274401
0.0,0.074964315
0.0,0.062165562
0.0,0.047930673
0.0,0.031677295
0.0,0.038503904
0.0,0.028607327
0.0,0.030156963
0.0,0.05820404
1.0,0.016109686
0.0,0.027287776
0.0,0.079706706
0.0,0.019157711
0.0,0.028814256
0.0,0.03128677
0.0,0.049607202
0.0,0.019939998
0.0,0.038567685
0.0,0.055258274
0.0,0.03511405
2.0,0.09617135
0.0,0.060513332
0.0,0.013149008
0.0,0.04940073
0.0,0.05279033
0.0,0.051339664
0.0,0.06777283
0.0,0.08328896
0.0,0.02827911
0.0,0.14939728
0.0,0.020067183
0.0,0.053723827
0.0,0.058508206
0.0,0.020611964
0.0,0.04595056
0.0,0.053602714
0.0,0.06982816
0.0,0.047522377
0.0,0.07826176
0.0,0.028015245
0.0,0.0795973
0.0,0.09958211
0.0,0.0625511
0.0,0.02950529
0.0,0.039085846
0.0,0.041883335
0.0,0.088731304
0.0,0.05192931
0.0,0.07868959
0.0,0.010266185
0.0,0.06664638
0.0,0.06667007
0.0,0.0155748855
0.0,0.081693135
0.0,0.014719605
1.0,0.019485576
0.0,0.017551608
0.0,0.09479306
0.0,0.076019235
0.0,0.01802624
0.0,0.052924898
0.0,0.023883894
0.0,0.09988112
0.0,0.012591582
0.0,0.034374706
0.0,0.05549291
1.0,0.037788726
0.0,0.050077975
0.0,0.026603036
0.0,0.0458034
1.0,0.43518952
0.0,0.01581996
0.0,0.021163085
0.0,0.06610977
0.0,0.018425582
1.0,0.16123518
0.0,0.03275787
0.0,0.064324364
0.0,0.051362656
0.0,0.036038555
0.0,0.03459914
0.0,0.19413307
0.0,0.07019201
0.0,0.023803035
0.0,0.029314721
0.0,0.07869844
0.0,0.022476945
0.0,0.017253676
0.0,0.054140642
0.0,0.01865376
0.0,0.14428285
0.0,0.034507252
0.0,0.044946387
0.0,0.05099924
0.0,0.028082332
0.0,0.022150325
0.0,0.061355207
0.0,0.031233583
0.0,0.06450826
0.0,0.041508913
0.0,0.0422905
0.0,0.053376935
0.0,0.0692109
0.0,0.06423627
0.0,0.018363692
0.0,0.04406305
0.0,0.018732136
0.0,0.034751423
0.0,0.05002659
0.0,0.037629165
0.0,0.032915466
0.0,0.040377922
0.0,0.016759118
0.0,0.048603825
0.0,0.07548655
0.0,0.041869618
0.0,0.038736306
0.0,0.09096272
0.0,0.066065714
0.0,0.020294843
0.0,0.17769036
0.0,0.028322984
0.0,0.060960438
0.0,0.06545582
0.0,0.052130714
0.0,0.035476465
0.0,0.07928668
0.0,0.051205732
1.0,0.06670657
0.0,0.06312631
0.0,0.040897425
0.0,0.06508904
0.0,0.012911615
0.0,0.08151175
0.0,0.06488122
1.0,0.06725733
0.0,0.08053574
0.0,0.031114826
0.0,0.062153485
0.0,0.11007131
0.0,0.032797147
0.0,0.031197384
0.0,0.10207721
0.0,0.030574415
0.0,0.032184135
0.0,0.022987336
0.0,0.0787697
0.0,0.0837591
1.0,0.08814316
0.0,0.071275204
0.0,0.10256834
0.0,0.04538379
0.0,0.05184719
0.0,0.071611755
0.0,0.045038857
0.0,0.036784522
0.0,0.023989826
0.0,0.046351187
0.0,0.045983635
0.0,0.06392213
0.0,0.024856089
0.0,0.018326707
0.0,0.024717143
0.0,0.051814392
0.0,0.029145777
0.0,0.060417622
0.0,0.017829468
0.0,0.026660867
0.0,0.08504098
0.0,0.047862977
0.0,0.0132229235
0.0,0.03158729
0.0,0.05888148
0.0,0.017489627
0.0,0.063332446
0.0,0.048289143
0.0,0.04028388
0.0,0.034639634
0.0,0.05172757
0.0,0.16395146
0.0,0.080601916
0.0,0.066253655
0.0,0.010605517
0.0,0.04555075
0.0,0.059784506
0.0,0.08239012
0.0,0.06958622
0.0,0.040182564
0.0,0.07169129
0.0,0.02641152
0.0,0.02192028
0.0,0.02056895
0.0,0.024910562
0.0,0.04172703
0.0,0.037988365
0.0,0.04257391
0.0,0.049810007
0.0,0.064844154
0.0,0.05085148
0.0,0.056694876
1.0,0.055741273
0.0,0.041445643
0.0,0.006179589
1.0,0.02607094
0.0,0.03465728
0.0,0.06918298
0.0,0.015540516
0.0,0.035638724
0.0,0.05434565
0.0,0.037976682
0.0,0.012329277
0.0,0.01836992
0.0,0.050517112
0.0,0.020619346
0.0,0.042559415
0.0,0.07138864
0.0,0.091936626
0.0,0.12738863
0.0,0.065408304
0.0,0.04517886
0.0,0.05024028
0.0,0.069237955
0.0,0.033080664
0.0,0.053476393
1.0,0.08599272
0.0,0.0572573
0.0,0.024717437
0.0,0.012433059
0.0,0.038871378
0.0,0.01303767
0.0,0.04464753
0.0,0.02977372
0.0,0.058771383
0.0,0.04938396
0.0,0.06327341
0.0,0.07429324
0.0,0.050427534
0.0,0.09612399
0.0,0.06779167
0.0,0.038989276
0.0,0.027077783
0.0,0.028856454
0.0,0.07288959
0.0,0.060766805
0.0,0.031582758
0.0,0.09920682
0.0,0.056219995
0.0,0.01968959
0.0,0.023030948
0.0,0.023883814
0.0,0.021966247
0.0,0.022967657
0.0,0.03950969
0.0,0.045705266
0.0,0.023997413
0.0,0.053475678
0.0,0.06474373
1.0,0.10901846
0.0,0.052943524
0.0,0.040501177
0.0,0.023173118
0.0,0.045066655
0.0,0.017544588
0.0,0.042562053
0.0,0.06722293
0.0,0.3637007
0.0,0.036085777
0.0,0.061816435
0.0,0.021402953
0.0,0.0073630353
0.0,0.048582554
0.0,0.07772361
0.0,0.047793943
0.0,0.07290556
0.0,0.06872401
0.0,0.02702044
1.0,0.061837014
0.0,0.046677157
0.0,0.066293746
0.0,0.04718418
0.0,0.08429867
0.0,0.05655396
0.0,0.14861217
0.0,0.027920824
0.0,0.022546567
0.0,0.0810051
0.0,0.046717353
0.0,0.025148269
0.0,0.059286967
0.0,0.04884729
0.0,0.0309505
0.0,0.08003105
0.0,0.088541664
0.0,0.03603849
0.0,0.08026074
0.0,0.04067104
0.0,0.061981957
0.0,0.03935656
0.0,0.017291678
0.0,0.021290924
0.0,0.09049009
0.0,0.062666476
0.0,0.07033735
0.0,0.038370237
0.0,0.060151033
0.0,0.029045139
1.0,0.09727919
0.0,0.18201616
0.0,0.071597785
0.0,0.0379015
0.0,0.06138383
0.0,0.05938554
0.0,0.06468898
0.0,0.058157474
0.0,0.05922581
0.0,0.067876145
0.0,0.074207276
0.0,0.07301348
0.0,0.026532738
0.0,0.012973689
0.0,0.049340438
0.0,0.015069037
0.0,0.047340807
0.0,0.03527203
0.0,0.06638127
0.0,0.052850276
0.0,0.02006169
0.0,0.021132702
0.0,0.028506262
0.0,0.06120119
0.0,0.017809458
0.0,0.063085735
0.0,0.034398384
0.0,0.03134015
0.0,0.055334505
0.0,0.021034861
0.0,0.046246562
0.0,0.05150635
0.0,0.072848864
0.0,0.030134438
0.0,0.038593624
0.0,0.09561453
0.0,0.066951334
0.0,0.030701999
0.0,0.021462515
0.0,0.049741462
0.0,0.06935101
0.0,0.02019444
0.0,0.041923374
0.0,0.07323123
0.0,0.047275886
0.0,0.039720446
0.0,0.01299218
0.0,0.06897368
0.0,0.14950757
1.0,0.06495353
0.0,0.026974777
0.0,0.03984561
0.0,0.03885257
0.0,0.029169219
0.0,0.08595279
0.0,0.07733903
0.0,0.04762353
0.0,0.05426139
0.0,0.048715916
0.0,0.024814699
0.0,0.06900042
0.0,0.025911532
0.0,0.027397804
0.0,0.026606688
0.0,0.06747235
0.0,0.08016324
0.0,0.06393318
0.0,0.050785106
0.0,0.019962173
0.0,0.043648556
0.0,0.09463178
0.0,0.07108392
0.0,0.03553562
0.0,0.043231692
0.0,0.037845694
0.0,0.07389627
0.0,0.04838597
0.0,0.03957212
0.0,0.0504841
0.0,0.065934256
0.0,0.07757442
0.0,0.12722142
0.0,0.036701668
0.0,0.14341357
0.0,0.029462535
0.0,0.06074444
0.0,0.058878757
0.0,0.025576558
0.0,0.055276353
0.0,0.023398586
0.0,0.049781583
0.0,0.06824261
0.0,0.015836367
0.0,0.06331207
0.0,0.043899614
0.0,0.0149100125
0.0,0.03236061
0.0,0.022906814
1.0,0.12014428
0.0,0.06920544
0.0,0.022051062
0.0,0.022297699
0.0,0.053943224
0.0,0.08007155
0.0,0.2536803
0.0,0.034581907
0.0,0.02480844
0.0,0.0563503
0.0,0.027577633
0.0,0.034681268
0.0,0.044220768
0.0,0.05613275
0.0,0.09765057
0.0,0.029304728
0.0,0.03989502
0.0,0.11462301
0.0,0.091020234
0.0,0.036693513
0.0,0.044263378
0.0,0.09896432
0.0,0.11830039
0.0,0.011548478
0.0,0.10055826
0.0,0.043409463
0.0,0.057849843
0.0,0.057992965
0.0,0.046354234
0.0,0.02354371
0.0,0.074659914
0.0,0.028332384
0.0,0.07836476
0.0,0.033781704
0.0,0.029999284
0.0,0.027039979
0.0,0.05517789
0.0,0.041553255
0.0,0.032785077
0.0,0.0229724
0.0,0.116902195
0.0,0.03402069
0.0,0.04780552
0.0,0.052709714
1.0,0.04400126
0.0,0.05083371
0.0,0.020765772
0.0,0.05249148
0.0,0.063037306
0.0,0.030992059
0.0,0.053077318
0.0,0.036341984
0.0,0.056695122
0.0,0.010789992
0.0,0.040194657
0.0,0.04622738
0.0,0.03032124
0.0,0.036154896
0.0,0.013050445
0.0,0.07246467
1.0,0.13894565
0.0,0.07407583
0.0,0.055710554
0.0,0.099196576
0.0,0.018124979
0.0,0.04349734
0.0,0.023227956
0.0,0.051016144
0.0,0.0151690515
0.0,0.053978886
0.0,0.049862072
0.0,0.020695044
0.0,0.061338373
0.0,0.04700177
0.0,0.09407794
0.0,0.011289659
0.0,0.087622486
0.0,0.052616097
0.0,0.16600482
0.0,0.075500585
0.0,0.06508064
0.0,0.06755397
0.0,0.020380221
0.0,0.055723015
0.0,0.03658959
0.0,0.055688486
0.0,0.016235642
0.0,0.033974342
0.0,0.024957692
0.0,0.024740007
0.0,0.056751706
0.0,0.033848636
0.0,0.046497665
0.0,0.02229369
0.0,0.03684247
0.0,0.02984311
0.0,0.037585374
0.0,0.055362716
0.0,0.027260842
0.0,0.018898346
0.0,0.07344561
1.0,0.0446812
0.0,0.04499554
0.0,0.06944842
0.0,0.06278634
0.0,0.061535135
1.0,0.17843996
0.0,0.15369777
0.0,0.029044515
0.0,0.030333372
0.0,0.051060267
0.0,0.041419603
0.0,0.03960844
0.0,0.059770312
0.0,0.052228697
0.0,0.02262715
0.0,0.12678681
0.0,0.054619964
0.0,0.011771827
0.0,0.022525592
0.0,0.04500901
0.0,0.053608004
0.0,0.010191015
0.0,0.06692813
0.0,0.07786222
0.0,0.077465035
1.0,0.0346857
0.0,0.06386644
0.0,0.028493434
0.0,0.04126531
0.0,0.01930203
0.0,0.025644053
0.0,0.06272066
0.0,0.069373585
0.0,0.019497082
0.0,0.023297783
0.0,0.0585635
0.0,0.029962957
0.0,0.069721594
0.0,0.026330538
2.0,0.050933186
0.0,0.008903752
0.0,0.0305919
0.0,0.011901699
0.0,0.05937226
0.0,0.03893757
0.0,0.028408494
0.0,0.030389676
0.0,0.05156555
2.0,0.12877758
0.0,0.061769642
0.0,0.021793038
0.0,0.08537342
0.0,0.0684848
0.0,0.053023666
0.0,0.051228542
0.0,0.07529198
0.0,0.054833688
0.0,0.03984846
0.0,0.02649755
0.0,0.038135335
0.0,0.061895188
0.0,0.014999034
0.0,0.05170486
1.0,0.14764202
0.0,0.066933975
0.0,0.023444207
0.0,0.044479657
0.0,0.05753203
0.0,0.008617587
0.0,0.009318322
1.0,0.09507574
0.0,0.029994706
0.0,0.027136039
0.0,0.079027936
0.0,0.071901396
0.0,0.05333895
0.0,0.024679456
0.0,0.03197608
0.0,0.102385
0.0,0.020300942
1.0,0.07337254
1.0,0.05761013
0.0,0.04982818
0.0,0.00980092
0.0,0.042963773
1.0,0.0737977
0.0,0.06623933
0.0,0.04918913
0.0,0.057863884
0.0,0.085013434
0.0,0.060141098
0.0,0.059223928
0.0,0.040656883
0.0,0.071681924
0.0,0.03314464
0.0,0.018819211
0.0,0.058207065
0.0,0.012742559
0.0,0.039277893
0.0,0.11667485
0.0,0.2032823
1.0,0.056751434
1.0,0.026153354
0.0,0.063928135
0.0,0.043499537
0.0,0.09237315
0.0,0.041699223
0.0,0.037267014
0.0,0.09008098
0.0,0.029881416
0.0,0.048758257
0.0,0.040007286
0.0,0.040231377
0.0,0.041834813
0.0,0.054677323
0.0,0.014099186
0.0,0.045876037
0.0,0.06752962
0.0,0.009409785
0.0,0.02948103
1.0,0.027385578
0.0,0.030335614
0.0,0.026025813
0.0,0.04920541
0.0,0.103958264
0.0,0.060211428
0.0,0.046314664
0.0,0.007724144
0.0,0.028486518
0.0,0.058915265
0.0,0.06440005
0.0,0.031718995
0.0,0.014655438
0.0,0.018617423
0.0,0.043633178
0.0,0.08811669
0.0,0.10614872
0.0,0.013474397
0.0,0.034824327
0.0,0.037236713
0.0,0.19296429
0.0,0.04798636
0.0,0.07657335
0.0,0.044847373
0.0,0.03026886
0.0,0.03858871
0.0,0.062871106
0.0,0.051690683
0.0,0.06031568
1.0,0.11634781
0.0,0.033008087
0.0,0.0519025
0.0,0.054069616
0.0,0.0410713
1.0,0.024970321
0.0,0.059459537
0.0,0.05373725
0.0,0.041832976
0.0,0.042546876
0.0,0.06989992
0.0,0.1273303
0.0,0.029421752
0.0,0.0194076
0.0,0.058621854
0.0,0.06590609
0.0,0.01646114
0.0,0.11960987
0.0,0.09293385
0.0,0.06305393
1.0,0.06977983
0.0,0.019034147
0.0,0.048788726
1.0,0.03460871
0.0,0.07558376
0.0,0.033783507
1.0,0.08654196
0.0,0.066683
1.0,0.048925616
0.0,0.03653467
0.0,0.028170258
0.0,0.048938476
0.0,0.047318827
0.0,0.043481268
0.0,0.08883083
1.0,0.06527759
0.0,0.00842838
0.0,0.067176946
0.0,0.0496498
1.0,0.20013636
1.0,0.07747389
0.0,0.03505429
0.0,0.037564572
0.0,0.020667482
0.0,0.021203965
0.0,0.041229922
0.0,0.028966011
0.0,0.062615916
0.0,0.019136738
0.0,0.03443102
1.0,0.054623246
0.0,0.05431065
0.0,0.02207848
0.0,0.040390167
0.0,0.03886463
0.0,0.015581363
0.0,0.03598352
0.0,0.027839888
0.0,0.04545955
0.0,0.03617904
0.0,0.20609851
1.0,0.042233795
0.0,0.02507788
0.0,0.029853472
0.0,0.018851303
0.0,0.035935048
0.0,0.026297778
0.0,0.0349328
0.0,0.033361588
0.0,0.06861056
0.0,0.020785922
0.0,0.014339823
0.0,0.030485699
0.0,0.029819028
0.0,0.023525048
1.0,0.05803363
0.0,0.037809923
0.0,0.020701755
0.0,0.06255265
0.0,0.02250924
0.0,0.05174008
0.0,0.054793622
0.0,0.025921926
0.0,0.04154206
0.0,0.08765203
0.0,0.042605203
0.0,0.017939959
0.0,0.028863596
0.0,0.02727093
0.0,0.07202043
0.0,0.0463675
0.0,0.021211306
0.0,0.032106023
0.0,0.054555595
0.0,0.02570094
0.0,0.041495852
0.0,0.037523575
0.0,0.03458507
0.0,0.0642422
0.0,0.09855283
0.0,0.046372496
0.0,0.15960425
0.0,0.041357003
0.0,0.01196809
0.0,0.028457953
0.0,0.051033832
0.0,0.095353276
0.0,0.056258153
0.0,0.04863482
1.0,0.06721559
0.0,0.062470578
0.0,0.017129729
0.0,0.025373297
0.0,0.061303973
0.0,0.034018468
0.0,0.051107474
0.0,0.03299857
0.0,0.034435127
0.0,0.03666044
0.0,0.07789783
1.0,0.019572804
0.0,0.09298746
0.0,0.037492257
0.0,0.018531503
0.0,0.07887524
1.0,0.02116693
0.0,0.26019642
0.0,0.027802663
0.0,0.09621814
0.0,0.046596058
0.0,0.04157563
0.0,0.020883191
0.0,0.041361697
0.0,0.071268305
0.0,0.027939336
0.0,0.03217468
0.0,0.04486502
0.0,0.04544024
0.0,0.022841085
0.0,0.39122438
0.0,0.053816155
0.0,0.08008415
0.0,0.051338293
0.0,0.02381869
0.0,0.035840586
0.0,0.07048323
0.0,0.07579103
0.0,0.018423922
0.0,0.057209853
0.0,0.02108641
0.0,0.060637362
0.0,0.048818186
0.0,0.055495318
0.0,0.058260627
0.0,0.03465986
0.0,0.053166684
0.0,0.020723276
0.0,0.047781937
0.0,0.17096251
0.0,0.048282094
0.0,0.05896178
0.0,0.036653694
0.0,0.037278693
1.0,0.22556362
0.0,0.15889402
0.0,0.047502827
0.0,0.025760299
0.0,0.01118907
0.0,0.05312249
0.0,0.08271365
0.0,0.11680524
0.0,0.015002281
0.0,0.018546512
0.0,0.08858575
0.0,0.05354189
0.0,0.027338818
0.0,0.050163127
0.0,0.08160873
0.0,0.0619307
0.0,0.019394927
0.0,0.06668653
0.0,0.050886553
0.0,0.056598257
0.0,0.04965707
0.0,0.07338339
0.0,0.052391626
0.0,0.0135935405
0.0,0.029695299
0.0,0.022573441
0.0,0.046330173
1.0,0.028238337
0.0,0.016284287
0.0,0.050463352
0.0,0.017037954
0.0,0.03722182
0.0,0.055852193
0.0,0.05665877
0.0,0.016802575
0.0,0.08173321
0.0,0.034237508
0.0,0.03290875
0.0,0.07562152
0.0,0.024618419
0.0,0.026346715
0.0,0.05088432
0.0,0.019520888
0.0,0.046482924
0.0,0.056770653
0.0,0.07427649
0.0,0.05839875
0.0,0.02561024
0.0,0.032947656
0.0,0.09387557
0.0,0.083664075
0.0,0.04659279
0.0,0.022975128
0.0,0.077923946
0.0,0.04982996
0.0,0.08799534
0.0,0.06220043
0.0,0.04598493
0.0,0.06448127
1.0,0.05994029
0.0,0.04427685
0.0,0.037549064
0.0,0.06301053
0.0,0.055092342
0.0,0.03790455
0.0,0.014471222
0.0,0.04697932
0.0,0.026599534
0.0,0.022348251
0.0,0.060757127
0.0,0.049246937
0.0,0.054138552
0.0,0.055250347
0.0,0.065394625
0.0,0.034172513
0.0,0.02850682
0.0,0.076779306
0.0,0.012505282
0.0,0.009401874
0.0,0.02556345
0.0,0.035029043
0.0,0.015919065
0.0,0.054351375
0.0,0.029334353
0.0,0.040573917
0.0,0.04123193
0.0,0.020279434
0.0,0.014994207
0.0,0.10791398
0.0,0.057442747
0.0,0.077598445
0.0,0.05083664
0.0,0.055630572
0.0,0.03780457
0.0,0.03921458
0.0,0.06000808
0.0,0.023926286
0.0,0.055702057
0.0,0.046599634
0.0,0.09080584
0.0,0.048406303
0.0,0.03724971
0.0,0.047520023
1.0,0.07640752
0.0,0.043141905
0.0,0.03778779
0.0,0.035667524
0.0,0.010350873
0.0,0.06780648
1.0,0.11573544
0.0,0.03372669
0.0,0.037030622
0.0,0.04530841
1.0,0.07983385
0.0,0.056257807
0.0,0.044100694
0.0,0.042393535
0.0,0.041718494
0.0,0.03452294
0.0,0.07971934
0.0,0.055758473
0.0,0.06564292
0.0,0.04146393
0.0,0.025017709
1.0,0.06030803
0.0,0.026565108
0.0,0.061431263
0.0,0.027421433
0.0,0.07747065
0.0,0.025936281
0.0,0.01952356
0.0,0.052694988
0.0,0.08101445
1.0,0.4156099
0.0,0.03017185
0.0,0.020962358
0.0,0.040578693
0.0,0.065056965
0.0,0.038420033
0.0,0.05351785
1.0,0.053558923
0.0,0.049065772
0.0,0.076867804
0.0,0.07037496
0.0,0.04017768
0.0,0.032350767
0.0,0.039303936
0.0,0.064242914
0.0,0.09443354
0.0,0.031308975
0.0,0.054064255
0.0,0.06392064
0.0,0.049931
0.0,0.051312983
0.0,0.032196965
0.0,0.028074848
0.0,0.04367712
0.0,0.048196137
0.0,0.036741015
0.0,0.0295652
0.0,0.049868327
0.0,0.011884776
0.0,0.028342357
0.0,0.06843232
0.0,0.029418498
0.0,0.045806855
0.0,0.09196508
0.0,0.054302182
0.0,0.015578028
0.0,0.05175999
0.0,0.06499887
0.0,0.06875462
0.0,0.060748436
1.0,0.040346358
0.0,0.015570942
0.0,0.06302868
0.0,0.03401527
1.0,0.0964157
0.0,0.04645525
0.0,0.061126906
0.0,0.017900966
0.0,0.019435123
0.0,0.067282945
0.0,0.032551385
0.0,0.073372014
0.0,0.057704337
0.0,0.061016463
0.0,0.058944322
0.0,0.04142792
0.0,0.013396327
0.0,0.051480815
0.0,0.034915294
0.0,0.024616225
1.0,0.029605195
0.0,0.014416061
0.0,0.08943969
0.0,0.03017749
0.0,0.071900025
0.0,0.030993728
0.0,0.04951499
0.0,0.022920053
0.0,0.06863952
0.0,0.034726247
0.0,0.057147253
0.0,0.059949234
0.0,0.05192297
1.0,0.10579482
0.0,0.014283305
0.0,0.03997807
0.0,0.07648223
0.0,0.039288327
0.0,0.033907663
0.0,0.034041345
0.0,0.019316401
0.0,0.08537867
0.0,0.04086446
0.0,0.041469187
0.0,0.023094488
0.0,0.013911066
0.0,0.10361338
0.0,0.033157952
0.0,0.091908485
0.0,0.079231486
0.0,0.017797623
1.0,0.068107925
0.0,0.015511798
0.0,0.040352512
0.0,0.069628365
0.0,0.011601425
0.0,0.013376336
0.0,0.0203397
1.0,0.075187914
1.0,0.0436857
0.0,0.06876374
0.0,0.056507327
0.0,0.051908538
0.0,0.07041573
0.0,0.012973366
0.0,0.066123575
0.0,0.026961274
0.0,0.0400156
0.0,0.06055243
0.0,0.04327331
0.0,0.0783423
0.0,0.0662359
0.0,0.11167084
0.0,0.05429408
0.0,0.055742733
0.0,0.041087028
0.0,0.07486515
0.0,0.08381825
0.0,0.043568373
0.0,0.06680332
0.0,0.051304713
1.0,0.07223912
0.0,0.0753037
1.0,0.058958996
0.0,0.05095799
0.0,0.26254886
0.0,0.013661686
0.0,0.023445157
0.0,0.010974056
0.0,0.056890346
0.0,0.036854327
0.0,0.022679865
0.0,0.030151067
0.0,0.012540178
0.0,0.015330334
1.0,0.11581798
0.0,0.058885947
0.0,0.03743643
0.0,0.1320874
0.0,0.06939701
0.0,0.041025713
0.0,0.020721616
0.0,0.0386544
0.0,0.016030492
0.0,0.04580421
0.0,0.068416625
0.0,0.03398301
0.0,0.04820795
0.0,0.0611186
0.0,0.095147915
0.0,0.09693173
0.0,0.20721644
0.0,0.091767386
0.0,0.05574433
0.0,0.060627732
0.0,0.041255508
0.0,0.055793952
0.0,0.023422696
0.0,0.05963379
0.0,0.054717824
0.0,0.035491962
0.0,0.047025647
0.0,0.13230427
0.0,0.09433021
0.0,0.031606864
0.0,0.076329574
0.0,0.04574386
0.0,0.02777767
0.0,0.037553146
0.0,0.05492397
0.0,0.024350014
0.0,0.0814619
0.0,0.03824316
0.0,0.055875286
0.0,0.091241
0.0,0.06562683
0.0,0.04570908
0.0,0.07560939
0.0,0.060397446
0.0,0.01564974
0.0,0.06777999
0.0,0.06334175
0.0,0.024167331
0.0,0.01144865
0.0,0.06416027
0.0,0.038244616
0.0,0.048729483
0.0,0.021203753
0.0,0.020155765
0.0,0.03235308
0.0,0.022349784
0.0,0.0857669
0.0,0.06455737
0.0,0.033301096
0.0,0.04942436
0.0,0.08109519
0.0,0.031725228
0.0,0.056983497
0.0,0.051957548
0.0,0.052402645
0.0,0.04439052
0.0,0.051320545
0.0,0.012770589
0.0,0.06685276
0.0,0.07481876
0.0,0.03742019
0.0,0.017845722
0.0,0.03399784
0.0,0.03228469
1.0,0.05676782
0.0,0.17977539
0.0,0.02571613
0.0,0.038696058
0.0,0.046257548
0.0,0.058892515
1.0,0.08265735
0.0,0.07074196
0.0,0.029954571
0.0,0.014404538
0.0,0.026425239
0.0,0.033696916
0.0,0.078814864
0.0,0.034228694
0.0,0.036419198
0.0,0.023155358
0.0,0.00974426
0.0,0.05194137
0.0,0.02718935
0.0,0.07276964
0.0,0.041704293
0.0,0.056448027
0.0,0.0575362
0.0,0.02618691
0.0,0.036124893
0.0,0.035411887
0.0,0.040429726
0.0,0.021007085
0.0,0.0705413
0.0,0.11757433
0.0,0.01716442
0.0,0.12443634
1.0,0.048095398
0.0,0.03636821
0.0,0.013057735
0.0,0.041489482
0.0,0.031472158
0.0,0.031457424
1.0,0.08379771
0.0,0.08593689
0.0,0.063888125
0.0,0.023158427
0.0,0.015289387
0.0,0.06027935
0.0,0.06422987
0.0,0.03617916
0.0,0.020205565
0.0,0.012973366
0.0,0.010946394
0.0,0.06263697
0.0,0.030549
0.0,0.033492178
0.0,0.03141018
1.0,0.08038123
0.0,0.047113292
0.0,0.04942349
0.0,0.040487718
0.0,0.02929886
0.0,0.04730069
1.0,0.0674535
0.0,0.08550786
0.0,0.02979812
0.0,0.045061905
0.0,0.011240611
0.0,0.06652082
0.0,0.03221137
0.0,0.05297446
0.0,0.0401836
0.0,0.07374817
0.0,0.06684862
0.0,0.080536954
0.0,0.11398857
0.0,0.056522824
0.0,0.036611773
0.0,0.033083614
0.0,0.04334247
0.0,0.0131653445
0.0,0.018682867
0.0,0.043895073
0.0,0.054240823
0.0,0.0353409
0.0,0.024092266
0.0,0.037315756
0.0,0.031290676
1.0,0.15153825
0.0,0.060729522
0.0,0.021440636
0.0,0.015590951
0.0,0.05006081
0.0,0.05615896
0.0,0.038315456
1.0,0.045643173
0.0,0.049913954
0.0,0.03976815
0.0,0.025573887
0.0,0.048716985
0.0,0.06798245
0.0,0.015967546
0.0,0.020218343
0.0,0.030455245
0.0,0.03842152
0.0,0.06920739
0.0,0.038137827
0.0,0.019202644
0.0,0.0710081
0.0,0.06737003
0.0,0.080561034
0.0,0.030899154
0.0,0.045960248
0.0,0.04250768
0.0,0.08187863
0.0,0.055039536
0.0,0.038986187
1.0,0.039589122
0.0,0.07160887
0.0,0.06689678
0.0,0.038531784
0.0,0.022999
0.0,0.06549792
0.0,0.02680882
0.0,0.05660541
0.0,0.013023901
0.0,0.07017121
0.0,0.043244414
0.0,0.057816118
0.0,0.05407034
0.0,0.09381722
0.0,0.115737595
0.0,0.022359453
0.0,0.07463324
0.0,0.06518518
0.0,0.01987252
0.0,0.0528894
0.0,0.05923216
0.0,0.07879183
0.0,0.06473119
0.0,0.05791443
0.0,0.06801157
0.0,0.03756355
0.0,0.050802134
0.0,0.095702365
0.0,0.01996049
0.0,0.037911203
0.0,0.016132295
0.0,0.089668445
0.0,0.053359505
0.0,0.053822365
0.0,0.0610643
0.0,0.053593643
0.0,0.060178705
0.0,0.056909584
0.0,0.031214332
0.0,0.039210226
0.0,0.010701814
0.0,0.04204203
0.0,0.031236636
0.0,0.051896956
0.0,0.10531267
0.0,0.04680161
0.0,0.035406515
1.0,0.059633367
0.0,0.060791697
0.0,0.019609572
0.0,0.06520169
0.0,0.08038384
0.0,0.060087122
1.0,0.06843813
0.0,0.01939672
0.0,0.036173776
0.0,0.02243052
0.0,0.08915778
0.0,0.046741594
0.0,0.049186576
0.0,0.02679801
0.0,0.044457287
1.0,0.08024416
0.0,0.027872417
0.0,0.009835143
0.0,0.2854057
0.0,0.024329148
0.0,0.0737329
0.0,0.02650541
0.0,0.071802855
0.0,0.050871074
0.0,0.060509004
0.0,0.032274652
0.0,0.02741963
0.0,0.03254687
0.0,0.06473771
0.0,0.07156456
0.0,0.06794235
0.0,0.05807324
0.0,0.09123126
0.0,0.024177233
0.0,0.016359586
0.0,0.075108655
0.0,0.05843864
0.0,0.015354433
0.0,0.025666233
0.0,0.06588631
0.0,0.04200566
0.0,0.04883225
0.0,0.094748914
0.0,0.03317116
0.0,0.09678233
0.0,0.08400887
0.0,0.035795514
0.0,0.08144508
0.0,0.035015833
0.0,0.3097847
1.0,0.029471219
0.0,0.04575117
0.0,0.032284565
0.0,0.03149544
0.0,0.052259814
0.0,0.02957586
0.0,0.038666863
0.0,0.04984384
0.0,0.04034374
0.0,0.047117967
0.0,0.080369726
0.0,0.056256033
0.0,0.06361386
0.0,0.028088372
0.0,0.03553843
0.0,0.056371044
0.0,0.075094074
0.0,0.046990365
0.0,0.24870165
1.0,0.026138417
0.0,0.038109615
1.0,0.05380612
0.0,0.013447612
0.0,0.041005373
0.0,0.02176505
0.0,0.074631244
0.0,0.061275505
0.0,0.03795358
0.0,0.0407153
0.0,0.039147045
0.0,0.037021816
0.0,0.101438805
0.0,0.019961145
0.0,0.10871883
1.0,0.08667862
0.0,0.040000148
0.0,0.024723249
0.0,0.058657683
0.0,0.06632327
0.0,0.04849994
0.0,0.05419036
0.0,0.04503183
0.0,0.07536236
0.0,0.024959452
0.0,0.04541687
0.0,0.0334978
0.0,0.025048014
0.0,0.039584912
1.0,0.027089097
0.0,0.048508063
0.0,0.025435222
0.0,0.029950673
0.0,0.01460934
1.0,0.049981236
0.0,0.044396635
0.0,0.042284697
0.0,0.04524923
0.0,0.06732521
0.0,0.024706325
0.0,0.01884129
0.0,0.029320955
0.0,0.04649228
0.0,0.02813502
0.0,0.06032572
0.0,0.052366976
0.0,0.07139387
0.0,0.01885738
0.0,0.035187446
0.0,0.067221835
2.0,0.056644347
0.0,0.0420461
0.0,0.05058767
0.0,0.07636686
0.0,0.03221309
0.0,0.16533646
0.0,0.03139344
0.0,0.06983985
0.0,0.046888437
0.0,0.023352528
0.0,0.012941424
0.0,0.09777204
0.0,0.03950581
0.0,0.03800565
0.0,0.06532997
0.0,0.11577463
0.0,0.046218082
0.0,0.012389613
0.0,0.06610453
0.0,0.01402076
0.0,0.1410336
0.0,0.044704407
0.0,0.040849656
0.0,0.04728371
0.0,0.091984645
0.0,0.02327259
0.0,0.059291393
0.0,0.037078205
0.0,0.015585792
0.0,0.02978045
0.0,0.029664347
0.0,0.025863959
0.0,0.024714079
0.0,0.064426154
0.0,0.036772035
0.0,0.03431421
0.0,0.035222195
1.0,0.030044835
0.0,0.09043883
0.0,0.07326008
0.0,0.06460295
0.0,0.030819165
0.0,0.06735927
0.0,0.053252265
0.0,0.03088865
0.0,0.022957802
0.0,0.029584592
0.0,0.050418977
0.0,0.053288132
0.0,0.041815843
0.0,0.03923271
0.0,0.055040665
0.0,0.047154017
0.0,0.023341428
0.0,0.021238085
0.0,0.07825762
0.0,0.04915478
0.0,0.028108777
0.0,0.022065632
0.0,0.0657854
0.0,0.085488826
2.0,0.05942646
0.0,0.065011784
1.0,0.057811953
0.0,0.04776986
0.0,0.028234378
0.0,0.027932795
0.0,0.01743566
0.0,0.017294383
0.0,0.012045495
0.0,0.09124523
0.0,0.019972552
0.0,0.0253977
0.0,0.08805129
0.0,0.04023011
0.0,0.029988915
0.0,0.050631784
1.0,0.058866125
0.0,0.042983957
0.0,0.035263937
0.0,0.024796411
0.0,0.053435687
0.0,0.05044276
0.0,0.059146136
0.0,0.04506317
0.0,0.040862143
0.0,0.046934403
0.0,0.06058586
0.0,0.05364498
0.0,0.060855083
0.0,0.038625382
0.0,0.031923443
1.0,0.05899796
0.0,0.05230294
0.0,0.03186284
0.0,0.027819067
0.0,0.035526656
0.0,0.06241
0.0,0.0614
0.0,0.059924573
0.0,0.035702527
0.0,0.04319911
0.0,0.046874397
0.0,0.033003982
0.0,0.11123203
0.0,0.1189034
0.0,0.067679
0.0,0.02606742
0.0,0.012548445
0.0,0.081831485
0.0,0.11069159
0.0,0.05846908
0.0,0.02200383
0.0,0.04233378
0.0,0.056019828
1.0,0.04493383
0.0,0.027045278
0.0,0.013822621
0.0,0.02142079
1.0,0.0424911
0.0,0.05143091
0.0,0.053367645
0.0,0.057291504
0.0,0.019812599
0.0,0.04167704
0.0,0.02447981
0.0,0.05804218
0.0,0.02473944
0.0,0.06004568
0.0,0.11716197
0.0,0.03332615
0.0,0.06138109
0.0,0.027974304
0.0,0.035579126
0.0,0.046618104
0.0,0.07464197
0.0,0.049396608
0.0,0.088956304
0.0,0.02852576
0.0,0.062458545
0.0,0.01268285
0.0,0.085905835
0.0,0.07644533
0.0,0.051205438
0.0,0.069012925
0.0,0.045423537
0.0,0.112295695
0.0,0.09887984
0.0,0.044505224
0.0,0.07444907
0.0,0.02647473
0.0,0.056405272
0.0,0.015755171
1.0,0.07806711
0.0,0.09220628
0.0,0.10316413
0.0,0.10983632
0.0,0.055110678
0.0,0.032281257
0.0,0.044129305
0.0,0.050376944
0.0,0.026966237
0.0,0.026602186
0.0,0.029242318
0.0,0.08857462
0.0,0.06531206
0.0,0.04258469
0.0,0.034399267
0.0,0.08985645
0.0,0.049623907
0.0,0.038664926
0.0,0.03341593
0.0,0.049789324
0.0,0.092655346
0.0,0.07888047
0.0,0.04591147
0.0,0.032489963
0.0,0.08303921
0.0,0.03942158
0.0,0.059987452
0.0,0.021616846
0.0,0.03748779
0.0,0.06482806
0.0,0.01325785
0.0,0.02992813
0.0,0.011492012
0.0,0.01755772
0.0,0.047229018
0.0,0.07810232
0.0,0.05428409
0.0,0.076977074
0.0,0.014363762
0.0,0.070792876
0.0,0.055420112
0.0,0.1397184
0.0,0.044072002
0.0,0.029696345
0.0,0.076710984
0.0,0.059329316
0.0,0.100815885
0.0,0.054666683
0.0,0.0463955
0.0,0.039863095
0.0,0.021052834
0.0,0.03492875
0.0,0.057739843
0.0,0.030458992
1.0,0.073655605
0.0,0.030527186
0.0,0.023877826
0.0,0.15972555
0.0,0.015274566
0.0,0.04746635
0.0,0.087213
0.0,0.042953514
1.0,0.0523961
1.0,0.044393145
0.0,0.06784699
0.0,0.036619924
0.0,0.03683516
0.0,0.016368505
0.0,0.042509604
0.0,0.042011146
0.0,0.061933108
0.0,0.036218427
0.0,0.01457945
0.0,0.046412006
0.0,0.056490287
0.0,0.09739801
0.0,0.04829499
0.0,0.016583998
0.0,0.03567552
0.0,0.03607943
1.0,0.07191211
0.0,0.07273771
0.0,0.056581408
0.0,0.060859047
0.0,0.036151603
0.0,0.053722598
0.0,0.058324195
0.0,0.022583518
0.0,0.055068623
0.0,0.079285204
0.0,0.050020695
0.0,0.03513284
0.0,0.056353144
0.0,0.027991008
0.0,0.05664733
0.0,0.036200903
0.0,0.045431636
0.0,0.05655105
0.0,0.05628641
0.0,0.02806576
0.0,0.09879547
0.0,0.017038839
0.0,0.04998057
1.0,0.049064133
0.0,0.071856216
0.0,0.015303749
0.0,0.074122615
0.0,0.028093528
0.0,0.037057757
0.0,0.021613589
0.0,0.06975722
0.0,0.048172772
1.0,0.20481184
0.0,0.058244213
0.0,0.038002893
1.0,0.02788643
0.0,0.121385686
0.0,0.07093155
0.0,0.04540333
1.0,0.071521014
0.0,0.017835675
0.0,0.08853453
0.0,0.031173056
0.0,0.024839098
0.0,0.026308615
0.0,0.049005985
0.0,0.019924724
0.0,0.014908491
0.0,0.035197616
0.0,0.01633747
0.0,0.036698483
0.0,0.020120025
0.0,0.047983587
0.0,0.17754295
0.0,0.073493026
0.0,0.037390385
0.0,0.053087264
0.0,0.06726192
0.0,0.05249348
0.0,0.04164432
0.0,0.072504416
0.0,0.07738577
0.0,0.05343752
0.0,0.018786397
0.0,0.074272946
0.0,0.04941296
0.0,0.03188181
0.0,0.026779909
0.0,0.050139595
1.0,0.031011513
0.0,0.056896914
0.0,0.019148797
0.0,0.031086324
0.0,0.03758557
0.0,0.015354923
0.0,0.042727515
0.0,0.055235963
0.0,0.07856567
0.0,0.03744159
0.0,0.036894295
0.0,0.05685169
0.0,0.0327737
0.0,0.037491113
0.0,0.048884552
0.0,0.06680598
0.0,0.005543351
0.0,0.070910916
0.0,0.047451526
0.0,0.043799356
0.0,0.027358377
0.0,0.061591998
0.0,0.03169688
0.0,0.061766226
0.0,0.022675496
0.0,0.037870515
0.0,0.039289787
0.0,0.057499506
0.0,0.043821543
0.0,0.08565551
0.0,0.044172253
1.0,0.023110054
0.0,0.04094488
0.0,0.0732997
0.0,0.06521888
0.0,0.09293119
0.0,0.047971897
0.0,0.07772003
0.0,0.055551976
0.0,0.05556403
0.0,0.0375108
0.0,0.056644414
0.0,0.07379165
1.0,0.035194024
0.0,0.029625064
0.0,0.05823538
0.0,0.07673012
0.0,0.016740596
0.0,0.0815539
0.0,0.39056468
0.0,0.03673637
0.0,0.028635688
0.0,0.06474579
0.0,0.0067793885
0.0,0.12285242
0.0,0.025954876
0.0,0.04841087
0.0,0.027280282
0.0,0.08749827
0.0,0.06504802
0.0,0.047919154
0.0,0.057501286
0.0,0.053305287
0.0,0.056961127
0.0,0.05083819
0.0,0.060117643
0.0,0.05322972
0.0,0.08264844
0.0,0.024139527
0.0,0.055046912
0.0,0.03590107
0.0,0.019468626
0.0,0.04900458
1.0,0.039037157
0.0,0.09246148
1.0,0.033516284
0.0,0.06658454
0.0,0.074674085
0.0,0.0077661388
0.0,0.042444628
0.0,0.04804994
0.0,0.06187698
0.0,0.033884726
0.0,0.057802115
0.0,0.069204226
0.0,0.0411472
1.0,0.07607597
0.0,0.061917238
0.0,0.06670716
0.0,0.1381152
0.0,0.026208233
1.0,0.023958527
0.0,0.012590784
1.0,0.040325798
0.0,0.02956055
2.0,0.052165903
0.0,0.04287755
0.0,0.06464279
0.0,0.04214383
0.0,0.0207358
0.0,0.01778477
0.0,0.06111299
0.0,0.026720123
0.0,0.1144433
0.0,0.055990506
0.0,0.078396484
0.0,0.022282459
0.0,0.07174806
0.0,0.035970725
0.0,0.058235645
0.0,0.034823332
0.0,0.06728226
0.0,0.05665056
0.0,0.018450605
0.0,0.032784935
0.0,0.055829108
0.0,0.07980089
0.0,0.015014812
0.0,0.02302517
0.0,0.046069033
0.0,0.042749975
0.0,0.026732294
0.0,0.031714596
0.0,0.060358882
0.0,0.0129601415
0.0,0.08442748
0.0,0.07197531
0.0,0.06632046
2.0,0.052462727
0.0,0.06144452
0.0,0.024988605
0.0,0.04140039
0.0,0.018656276
0.0,0.075010695
0.0,0.057274133
0.0,0.06731666
0.0,0.020936435
0.0,0.03508998
0.0,0.032698132
0.0,0.021271572
0.0,0.1773578
0.0,0.030515224
0.0,0.075132385
0.0,0.056499083
0.0,0.08709219
0.0,0.0540035
0.0,0.021768881
0.0,0.011599654
0.0,0.07095421
0.0,0.07829058
0.0,0.09991342
0.0,0.06512733
0.0,0.03606713
0.0,0.060212143
0.0,0.02195431
0.0,0.056323808
0.0,0.0519
0.0,0.0734986
0.0,0.057289224
0.0,0.046185784
0.0,0.08502565
0.0,0.059215162
0.0,0.0622209
0.0,0.040585253
0.0,0.0876458
0.0,0.017309679
0.0,0.024748595
0.0,0.098100334
1.0,0.07136885
0.0,0.06806325
0.0,0.029098634
0.0,0.017492054
0.0,0.048887603
0.0,0.01246465
0.0,0.034061514
0.0,0.059385628
0.0,0.018308138
0.0,0.07447128
0.0,0.06799166
0.0,0.07305861
0.0,0.123161234
0.0,0.024673842
0.0,0.01434576
0.0,0.027281648
0.0,0.032940555
1.0,0.060013387
1.0,0.06981195
0.0,0.07234873
0.0,0.09370442
0.0,0.028612155
0.0,0.02466201
0.0,0.050392583
0.0,0.094507776
0.0,0.048889562
0.0,0.062061824
0.0,0.021516886
0.0,0.032899916
0.0,0.0656135
0.0,0.0971889
0.0,0.093735725
0.0,0.03141322
0.0,0.05900305
0.0,0.04642272
0.0,0.055821307
0.0,0.052758045
0.0,0.036420844
0.0,0.07036637
0.0,0.07442433
0.0,0.085416295
0.0,0.08097167
0.0,0.053720392
0.0,0.019732496
0.0,0.025377132
0.0,0.08498484
0.0,0.054556064
0.0,0.048202664
0.0,0.036063913
0.0,0.04499897
0.0,0.02867921
0.0,0.07405846
1.0,0.02067593
0.0,0.008797717
0.0,0.021261167
0.0,0.018956432
0.0,0.029834745
0.0,0.03518959
0.0,0.043572985
0.0,0.06120522
0.0,0.040192395
0.0,0.014698073
0.0,0.06289237
0.0,0.048673052
1.0,0.287924
0.0,0.06515668
0.0,0.032044906
0.0,0.029737057
0.0,0.062278427
1.0,0.039522447
0.0,0.016880408
0.0,0.051443048
0.0,0.079716966
0.0,0.029026598
0.0,0.045515552
0.0,0.022215948
0.0,0.05481693
0.0,0.033240605
0.0,0.027858213
0.0,0.05715379
0.0,0.058002204
0.0,0.05846732
0.0,0.053042606
0.0,0.018737264
0.0,0.05376706
0.0,0.09186971
0.0,0.046531558
0.0,0.04037557
0.0,0.12142031
0.0,0.06692229
0.0,0.014563955
0.0,0.08004323
0.0,0.021787854
0.0,0.027446564
0.0,0.042076163
0.0,0.0517478
0.0,0.022305738
0.0,0.08161818
0.0,0.04252282
0.0,0.06925835
0.0,0.056509484
0.0,0.060701933
0.0,0.026305791
0.0,0.02929073
0.0,0.043649137
0.0,0.048704974
0.0,0.07055065
0.0,0.036780242
0.0,0.011306257
0.0,0.05278092
0.0,0.11239244
0.0,0.050743014
0.0,0.083194315
0.0,0.06125091
0.0,0.070640564
0.0,0.06879299
0.0,0.021612734
0.0,0.024060924
0.0,0.02468048
0.0,0.044750433
0.0,0.057701267
0.0,0.048659526
0.0,0.06504315
0.0,0.037400175
0.0,0.014016636
0.0,0.041672826
0.0,0.005495137
1.0,0.08709886
0.0,0.049894445
0.0,0.03971217
0.0,0.115840346
0.0,0.06471061
0.0,0.048051134
1.0,0.047611177
0.0,0.042040385
0.0,0.06964545
0.0,0.046788603
0.0,0.022165496
1.0,0.0654113
0.0,0.022435794
0.0,0.066502005
0.0,0.063949175
0.0,0.10333509
1.0,0.02327136
0.0,0.09940179
0.0,0.03192323
0.0,0.04619554
0.0,0.060485464
0.0,0.052105315
0.0,0.085557744
0.0,0.062437743
0.0,0.043865405
0.0,0.09306666
0.0,0.031848166
1.0,0.026629739
0.0,0.09611565
0.0,0.03829427
0.0,0.037694406
0.0,0.0477375
0.0,0.13419172
0.0,0.03169807
0.0,0.051776703
0.0,0.01782583
0.0,0.038523518
0.0,0.07585108
0.0,0.059759695
0.0,0.06338399
0.0,0.032116313
0.0,0.051799323
0.0,0.055367284
0.0,0.021271572
0.0,0.06294979
0.0,0.07261889
0.0,0.005686336
0.0,0.05809051
0.0,0.06037582
0.0,0.044035703
0.0,0.06562956
0.0,0.044579834
0.0,0.011263128
0.0,0.032835986
0.0,0.03489168
0.0,0.043515883
0.0,0.058726743
0.0,0.026086036
0.0,0.055935215
0.0,0.050064676
0.0,0.035678223
0.0,0.050429076
0.0,0.037612177
0.0,0.041214217
0.0,0.04910554
0.0,0.015138746
0.0,0.0473712
0.0,0.06790625
0.0,0.06823685
0.0,0.015429324
0.0,0.072979435
0.0,0.045880828
0.0,0.041106567
0.0,0.058489352
0.0,0.025669768
0.0,0.033783216
0.0,0.060042955
0.0,0.08161875
0.0,0.09586852
0.0,0.059319273
0.0,0.043871887
0.0,0.058065157
0.0,0.078283824
0.0,0.04810845
0.0,0.06797503
0.0,0.04848438
0.0,0.017245533
0.0,0.056670878
0.0,0.058067787
0.0,0.033893436
0.0,0.04898129
0.0,0.031710375
0.0,0.045566194
0.0,0.026554659
0.0,0.047843672
0.0,0.069329366
0.0,0.040443957
0.0,0.57211363
0.0,0.027198737
0.0,0.057621755
0.0,0.05031899
0.0,0.07645441
0.0,0.023136418
0.0,0.030616065
1.0,0.08828239
0.0,0.015463175
0.0,0.058159925
0.0,0.019822454
0.0,0.048600856
0.0,0.05112695
0.0,0.051610272
0.0,0.016261302
0.0,0.05111932
0.0,0.018300492
0.0,0.17360948
0.0,0.029502587
0.0,0.06793061
0.0,0.02876987
1.0,0.07034413
0.0,0.09694532
0.0,0.05255341
0.0,0.06497535
1.0,0.060637172
0.0,0.08270478
0.0,0.04190281
0.0,0.03432516
0.0,0.07604886
0.0,0.05458362
0.0,0.075901665
1.0,0.062367134
0.0,0.07076186
0.0,0.089229465
0.0,0.08980503
0.0,0.06257655
0.0,0.03338955
0.0,0.02665404
1.0,0.09097648
0.0,0.019495232
0.0,0.06362055
0.0,0.034044284
0.0,0.05071921
0.0,0.050296273
0.0,0.06944499
0.0,0.09471463
0.0,0.034622677
0.0,0.050233714
0.0,0.06089472
0.0,0.06391235
0.0,0.037721325
0.0,0.019392133
0.0,0.055732477
0.0,0.05971657
0.0,0.081491195
0.0,0.0125434315
1.0,0.086714044
0.0,0.07037311
0.0,0.018917955
0.0,0.04327224
0.0,0.015103769
0.0,0.043655902
0.0,0.041849677
0.0,0.051299237
0.0,0.0676418
0.0,0.07069977
0.0,0.02768091
1.0,0.06634418
0.0,0.053005185
0.0,0.03857333
0.0,0.02766398
0.0,0.05488988
0.0,0.020149903
0.0,0.060706984
0.0,0.022398166
0.0,0.052894976
0.0,0.014666456
0.0,0.04381617
0.0,0.044049144
0.0,0.066040106
0.0,0.017759813
0.0,0.034377493
0.0,0.0045989556
0.0,0.028063992
0.0,0.0956141
0.0,0.09149714
1.0,0.15932208
0.0,0.012815321
0.0,0.021477759
0.0,0.035520237
0.0,0.0090733385
0.0,0.04556702
0.0,0.021950582
0.0,0.06733923
0.0,0.049038757
0.0,0.14429957
0.0,0.072006516
0.0,0.05161731
0.0,0.07896853
0.0,0.055652276
0.0,0.039970845
1.0,0.09457824
0.0,0.079310894
0.0,0.034252614
0.0,0.071655
0.0,0.062326435
0.0,0.07652336
0.0,0.062915266
1.0,0.11615424
1.0,0.06543126
0.0,0.09157789
0.0,0.06900493
0.0,0.06886054
0.0,0.021694914
0.0,0.07837473
0.0,0.029437484
0.0,0.056448996
0.0,0.076687396
0.0,0.04671423
0.0,0.043566044
0.0,0.12467902
0.0,0.079378486
0.0,0.054497145
0.0,0.020177614
0.0,0.043008193
0.0,0.08795926
0.0,0.03631238
0.0,0.06980078
0.0,0.04793211
0.0,0.0426474
0.0,0.07199893
0.0,0.04114604
0.0,0.019055635
0.0,0.07049604
0.0,0.03236328
0.0,0.023708347
0.0,0.058621112
0.0,0.06002398
0.0,0.073723316
0.0,0.015771504
0.0,0.011299978
0.0,0.024127629
0.0,0.044540696
0.0,0.021818846
0.0,0.06325265
0.0,0.036310285
0.0,0.038675066
0.0,0.03052755
0.0,0.07613209
0.0,0.053407997
0.0,0.024215145
0.0,0.029525232
0.0,0.042640038
0.0,0.0259231
0.0,0.016154395
0.0,0.008525458
0.0,0.032943964
0.0,0.033528563
1.0,0.052861743
0.0,0.06866594
0.0,0.063729696
0.0,0.016573634
0.0,0.0553292
0.0,0.034572903
0.0,0.013616395
0.0,0.01767051
0.0,0.01932354
0.0,0.117665686
0.0,0.011468484
0.0,0.18278214
1.0,0.08343564
0.0,0.06230629
0.0,0.03172789
0.0,0.036693163
0.0,0.021278339
0.0,0.05588624
0.0,0.05176545
0.0,0.08150229
0.0,0.06694067
1.0,0.06444658
0.0,0.050646007
0.0,0.036316656
0.0,0.0310778
0.0,0.03748334
0.0,0.06313556
0.0,0.04958488
0.0,0.039559666
0.0,0.06652408
0.0,0.023432504
0.0,0.023458475
0.0,0.06399606
0.0,0.059966832
0.0,0.01739506
0.0,0.033755567
0.0,0.016499434
0.0,0.037235487
0.0,0.045918778
0.0,0.052847352
0.0,0.021685438
0.0,0.055998918
0.0,0.029784156
0.0,0.055469602
0.0,0.02801352
0.0,0.022170633
0.0,0.016930362
0.0,0.022565465
0.0,0.06365131
0.0,0.04542633
1.0,0.04130149
0.0,0.04777353
0.0,0.07812563
0.0,0.0563996
0.0,0.037502967
0.0,0.029696884
0.0,0.0596634
0.0,0.19733334
0.0,0.017745567
0.0,0.04835149
0.0,0.04414206
0.0,0.042194583
0.0,0.03331369
0.0,0.072416306
0.0,0.0485946
0.0,0.032880813
0.0,0.045236222
0.0,0.020224243
0.0,0.09526691
0.0,0.032177184
0.0,0.041803263
0.0,0.05993866
0.0,0.023970172
0.0,0.0568926
1.0,0.049298696
0.0,0.021865964
0.0,0.06459699
0.0,0.027789302
0.0,0.027652387
0.0,0.07070779
0.0,0.11278812
0.0,0.08944719
1.0,0.059633438
0.0,0.023293396
0.0,0.02775143
0.0,0.028615389
0.0,0.23209113
0.0,0.07094823
0.0,0.031768933
0.0,0.08413234
0.0,0.037262663
0.0,0.03329146
0.0,0.027893744
0.0,0.05098638
0.0,0.04703345
0.0,0.013695068
0.0,0.07452639
0.0,0.02974775
0.0,0.027069263
0.0,0.02185575
0.0,0.049342345
0.0,0.04843828
0.0,0.026991362
0.0,0.06666533
0.0,0.06671366
0.0,0.08728366
0.0,0.01416372
0.0,0.044128865
0.0,0.14783439
0.0,0.04195033
0.0,0.055947993
0.0,0.07052006
0.0,0.06385018
0.0,0.021888236
0.0,0.052290447
0.0,0.052133027
0.0,0.041594945
0.0,0.054669056
0.0,0.044340994
0.0,0.06777136
0.0,0.06203394
0.0,0.017068211
0.0,0.026929704
0.0,0.007804595
1.0,0.06503944
0.0,0.019510036
0.0,0.059074093
0.0,0.040637404
0.0,0.034574732
1.0,0.04945673
0.0,0.034558564
0.0,0.09688261
0.0,0.033731624
0.0,0.048011992
0.0,0.05410686
0.0,0.02232403
0.0,0.027953235
0.0,0.025735572
0.0,0.013640349
0.0,0.047404647
0.0,0.02089672
0.0,0.0642209
0.0,0.09140831
0.0,0.015073457
0.0,0.11837956
0.0,0.063695654
0.0,0.08511472
0.0,0.057927243
0.0,0.07344715
0.0,0.01337075
0.0,0.07354144
0.0,0.057177644
0.0,0.0462493
0.0,0.053137384
0.0,0.03091034
0.0,0.04075636
0.0,0.05326293
0.0,0.066895016
0.0,0.027383279
0.0,0.019859228
1.0,0.062012393
0.0,0.04608024
0.0,0.018514395
0.0,0.05514556
0.0,0.05801718
0.0,0.07140648
0.0,0.047166273
1.0,0.03440857
0.0,0.016783934
0.0,0.042564977
0.0,0.029127078
0.0,0.07360147
0.0,0.10247712
0.0,0.082500845
0.0,0.05876502
0.0,0.013900026
0.0,0.047589887
0.0,0.097530395
0.0,0.07937504
0.0,0.032192115
0.0,0.036297612
0.0,0.03155503
0.0,0.045297824
0.0,0.04474365
0.0,0.032554954
0.0,0.04927341
0.0,0.06328768
0.0,0.017011246
0.0,0.025931902
0.0,0.027554642
0.0,0.05109678
0.0,0.047019504
1.0,0.052190483
2.0,0.12304627
0.0,0.06993202
0.0,0.050162986
0.0,0.125346
0.0,0.028325941
0.0,0.029612184
0.0,0.049510315
0.0,0.039106205
0.0,0.04462903
0.0,0.07647534
0.0,0.012553586
0.0,0.04451318
0.0,0.009676317
0.0,0.047399312
0.0,0.0623399
0.0,0.10542114
0.0,0.017612012
0.0,0.03153686
0.0,0.059106287
1.0,0.056490194
0.0,0.06610919
1.0,0.051040452
0.0,0.072017714
0.0,0.048322517
1.0,0.025433864
0.0,0.0759624
0.0,0.02626577
0.0,0.09697315
0.0,0.046602413
0.0,0.074053496
0.0,0.025843162
0.0,0.028735347
0.0,0.056988254
0.0,0.024405625
0.0,0.058075983
0.0,0.03669136
0.0,0.019785654
0.0,0.044197537
0.0,0.06861658
0.0,0.024820201
0.0,0.021147883
0.0,0.17726848
0.0,0.06476101
0.0,0.030054465
0.0,0.05934256
0.0,0.066606574
0.0,0.04335425
0.0,0.05957192
0.0,0.06487881
0.0,0.11114984
0.0,0.011975089
0.0,0.14893484
0.0,0.046368077
0.0,0.034555532
0.0,0.033555098
0.0,0.07399448
0.0,0.04707691
0.0,0.011773763
0.0,0.03419631
0.0,0.017235825
0.0,0.04953074
0.0,0.014943671
0.0,0.065699816
0.0,0.11461203
0.0,0.07407524
0.0,0.073004425
0.0,0.07616128
0.0,0.037690938
0.0,0.040737186
0.0,0.04088881
0.0,0.07131758
0.0,0.16521439
0.0,0.011076155
0.0,0.022304792
0.0,0.016591385
0.0,0.023428215
0.0,0.025673687
0.0,0.052086536
0.0,0.031339295
0.0,0.01894324
0.0,0.03304067
0.0,0.033839628
0.0,0.037389956
0.0,0.04631166
0.0,0.046488933
0.0,0.07706318
0.0,0.028963165
0.0,0.03216364
0.0,0.10989722
0.0,0.06574314
0.0,0.02540515
0.0,0.059625745
0.0,0.060958054
0.0,0.06479471
0.0,0.031119827
0.0,0.07085005
0.0,0.04211645
0.0,0.027420977
0.0,0.028393136
0.0,0.033093017
0.0,0.083478175
0.0,0.05817654
0.0,0.083933875
0.0,0.05742807
0.0,0.05641154
0.0,0.09179658
0.0,0.029541088
0.0,0.05391039
0.0,0.043756228
0.0,0.008731775
0.0,0.038584992
0.0,0.047527794
0.0,0.05253828
0.0,0.026432458
0.0,0.07246061
0.0,0.05497939
0.0,0.029216953
0.0,0.05815887
0.0,0.10947824
0.0,0.35453948
0.0,0.08383888
0.0,0.08228498
0.0,0.05256933
0.0,0.054602623
0.0,0.04658635
0.0,0.047065802
0.0,0.072128944
0.0,0.0322667
0.0,0.10615793
0.0,0.061925948
0.0,0.067792565
0.0,0.024771582
0.0,0.060371026
0.0,0.04608962
0.0,0.047187645
0.0,0.061002456
0.0,0.035144083
0.0,0.16147557
0.0,0.058036495
0.0,0.009352817
0.0,0.052297354
0.0,0.06327114
1.0,0.05301914
0.0,0.061377592
0.0,0.09373815
0.0,0.025769169
0.0,0.007161397
0.0,0.053448964
0.0,0.042947553
0.0,0.033410158
0.0,0.021709587
0.0,0.025619267
0.0,0.0143309925
0.0,0.017200192
0.0,0.06390083
1.0,0.06847002
0.0,0.056176182
1.0,0.17059216
0.0,0.018387754
0.0,0.02704791
0.0,0.059300143
0.0,0.019202763
0.0,0.0273595
0.0,0.11465718
0.0,0.03840331
0.0,0.05917611
0.0,0.10481559
0.0,0.064513735
0.0,0.028460437
0.0,0.022754837
0.0,0.055486534
0.0,0.07717896
0.0,0.04544594
0.0,0.016512034
0.0,0.028430488
0.0,0.024355251
0.0,0.025495876
0.0,0.10188121
0.0,0.030771088
0.0,0.1573252
0.0,0.0582557
0.0,0.016295083
0.0,0.10225707
0.0,0.050617203
0.0,0.068469174
0.0,0.0172275
0.0,0.05525174
0.0,0.071626574
0.0,0.046498775
0.0,0.03168397
0.0,0.16360697
0.0,0.03057838
0.0,0.03966431
0.0,0.052288577
0.0,0.027026393
0.0,0.024055291
0.0,0.2642522
0.0,0.050362486
0.0,0.027441617
0.0,0.028824082
0.0,0.027296247
0.0,0.024717955
0.0,0.07610069
0.0,0.04643193
0.0,0.07240814
0.0,0.041616213
0.0,0.06673775
0.0,0.05036712
0.0,0.017195797
0.0,0.07519435
0.0,0.017966703
0.0,0.063061446
0.0,0.13306887
0.0,0.03842837
0.0,0.038966786
0.0,0.02865164
0.0,0.045128457
0.0,0.08341372
0.0,0.044234514
0.0,0.028815974
0.0,0.08032385
0.0,0.017878735
0.0,0.05809612
0.0,0.047160402
0.0,0.023969017
1.0,0.103226304
0.0,0.07037442
0.0,0.046752628
0.0,0.06523786
0.0,0.06971268
0.0,0.03149995
0.0,0.06229084
0.0,0.04727645
0.0,0.08571038
0.0,0.05104488
0.0,0.013670777
0.0,0.052201834
0.0,0.041855983
0.0,0.07924344
0.0,0.03963716
0.0,0.024210457
0.0,0.03617783
0.0,0.03074765
0.0,0.035597317
0.0,0.025512755
0.0,0.0415591
0.0,0.063493855
1.0,0.054990295
0.0,0.09154183
0.0,0.040481463
0.0,0.03461548
0.0,0.04637201
0.0,0.014446774
0.0,0.038471345
0.0,0.07287181
0.0,0.046368826
0.0,0.05471738
0.0,0.054772176
0.0,0.039618887
0.0,0.06312113
0.0,0.08956672
0.0,0.01195227
0.0,0.044280626
0.0,0.056020524
0.0,0.19871259
0.0,0.05508249
0.0,0.032739274
0.0,0.034684476
0.0,0.051029503
0.0,0.035163425
0.0,0.0787317
0.0,0.08816969
0.0,0.060822174
0.0,0.06687365
0.0,0.041076567
0.0,0.06081069
0.0,0.08054364
1.0,0.027007762
0.0,0.019992676
0.0,0.054934185
0.0,0.027495332
0.0,0.03318848
0.0,0.08337757
0.0,0.05794752
1.0,0.13290519
1.0,0.13098569
0.0,0.06476077
0.0,0.020111248
0.0,0.04446916
0.0,0.03637839
0.0,0.069514744
0.0,0.05765546
0.0,0.014804694
0.0,0.14309154
0.0,0.019845568
0.0,0.025879638
0.0,0.047199033
0.0,0.030697387
0.0,0.029269787
0.0,0.04641774
0.0,0.06237225
0.0,0.049984504
0.0,0.026013307
0.0,0.00613266
1.0,0.09049046
0.0,0.05102364
0.0,0.021827212
0.0,0.02513067
0.0,0.07296044
0.0,0.06455737
1.0,0.040350456
0.0,0.031650525
0.0,0.055025183
0.0,0.03994192
0.0,0.040033102
0.0,0.047236584
0.0,0.028452173
0.0,0.040421784
0.0,0.019619655
0.0,0.05569709
0.0,0.021783594
0.0,0.06839975
0.0,0.02659985
0.0,0.09619355
0.0,0.042694464
0.0,0.0085383225
0.0,0.014119444
0.0,0.021612775
0.0,0.025787104
0.0,0.048590984
0.0,0.059579562
0.0,0.018294768
0.0,0.03906805
0.0,0.021001907
0.0,0.05407214
0.0,0.07051817
0.0,0.013478124
1.0,0.07045
0.0,0.04213027
0.0,0.016371682
0.0,0.059119068
0.0,0.05674694
0.0,0.04016494
0.0,0.04131258
0.0,0.046572268
0.0,0.013405383
0.0,0.08110942
0.0,0.03449054
0.0,0.035937928
0.0,0.042927198
0.0,0.038820382
1.0,0.080045864
0.0,0.028070215
0.0,0.07427961
0.0,0.067131095
0.0,0.07535521
1.0,0.023496058
0.0,0.023852129
0.0,0.117974795
0.0,0.036657996
0.0,0.04933938
0.0,0.03187381
0.0,0.04162387
0.0,0.027390122
0.0,0.083149955
0.0,0.08216902
0.0,0.030788641
0.0,0.0180892
0.0,0.03503165
0.0,0.06950527
0.0,0.016909668
0.0,0.07756214
0.0,0.059257757
0.0,0.089100406
0.0,0.047947887
0.0,0.03213111
0.0,0.0076003904
0.0,0.030785883
0.0,0.06928558
0.0,0.022479035
0.0,0.023707217
0.0,0.071956955
0.0,0.098457314
0.0,0.062865414
0.0,0.026195139
0.0,0.086333506
0.0,0.06782591
0.0,0.09628315
0.0,0.020371856
0.0,0.014150564
0.0,0.026041467
0.0,0.05665896
0.0,0.05222877
0.0,0.035261754
0.0,0.013201403
0.0,0.038041785
1.0,0.09370151
0.0,0.034253936
0.0,0.08081661
0.0,0.07195929
0.0,0.04940113
0.0,0.03635311
0.0,0.0370476
0.0,0.088682935
0.0,0.089869544
0.0,0.06780485
0.0,0.052261904
0.0,0.02604851
0.0,0.021762695
0.0,0.031523794
0.0,0.024312308
0.0,0.030865844
0.0,0.12661819
0.0,0.015664963
0.0,0.039794873
0.0,0.07797104
0.0,0.03753841
0.0,0.011037904
0.0,0.047060415
0.0,0.0411107
0.0,0.022949375
0.0,0.056373946
0.0,0.053753268
0.0,0.07896181
0.0,0.048185587
0.0,0.071773455
0.0,0.10600799
0.0,0.066888474
0.0,0.01907187
0.0,0.06899138
0.0,0.043797936
0.0,0.016262753
0.0,0.06184512
0.0,0.037560485
0.0,0.05315363
0.0,0.050068233
0.0,0.012248896
0.0,0.04010307
0.0,0.08315071
0.0,0.029282365
0.0,0.08849127
0.0,0.036811896
0.0,0.024059525
0.0,0.0356127
0.0,0.042296473
0.0,0.041558605
0.0,0.027746562
0.0,0.06199777
0.0,0.03966694
0.0,0.019781088
0.0,0.035298157
0.0,0.022972137
0.0,0.11498415
0.0,0.03321446
0.0,0.017939026
0.0,0.030998606
0.0,0.06114154
0.0,0.020981599
0.0,0.25807962
0.0,0.034742627
0.0,0.034186464
0.0,0.024546437
0.0,0.05548201
0.0,0.07099699
0.0,0.053966895
0.0,0.022683099
0.0,0.041718017
0.0,0.07213959
0.0,0.047363862
0.0,0.049405135
0.0,0.026658032
0.0,0.0227709
0.0,0.06899236
0.0,0.066305816
0.0,0.032880906
0.0,0.085204154
0.0,0.12855619
0.0,0.037309207
0.0,0.06904602
0.0,0.06560162
0.0,0.13903457
0.0,0.03788155
0.0,0.051307797
0.0,0.026003994
0.0,0.023669321
0.0,0.20061167
0.0,0.08722629
0.0,0.07475573
0.0,0.046105403
0.0,0.040094715
0.0,0.03537938
0.0,0.099913254
0.0,0.05232487
0.0,0.030535804
0.0,0.22063217
0.0,0.01285723
0.0,0.024274232
0.0,0.058171686
0.0,0.0307167
0.0,0.08171326
0.0,0.025147429
0.0,0.063156635
0.0,0.06432841
0.0,0.16918254
0.0,0.031741526
0.0,0.05492976
0.0,0.07434002
0.0,0.050693847
0.0,0.061395638
0.0,0.027982827
0.0,0.02055784
0.0,0.039241426
0.0,0.060648147
0.0,0.023535011
0.0,0.07145185
0.0,0.047460284
0.0,0.04930692
0.0,0.020161629
0.0,0.017067023
0.0,0.03976519
0.0,0.050327484
0.0,0.02491795
0.0,0.09063502
0.0,0.017370576
0.0,0.0102987755
0.0,0.059416857
1.0,0.15074274
1.0,0.06740779
0.0,0.07255262
0.0,0.07558342
0.0,0.016891407
0.0,0.067696266
0.0,0.017811665
0.0,0.045060918
0.0,0.028005948
0.0,0.057359103
1.0,0.06975714
0.0,0.04908798
0.0,0.02523353
0.0,0.028162133
0.0,0.045301497
0.0,0.024525119
0.0,0.04343429
0.0,0.0843472
0.0,0.04698893
0.0,0.010854074
1.0,0.033797733
0.0,0.023850013
0.0,0.027852794
0.0,0.015072127
1.0,0.05586346
0.0,0.10828655
0.0,0.014702349
0.0,0.075143434
0.0,0.023359422
0.0,0.04433182
0.0,0.039529063
2.0,0.10325432
0.0,0.01973705
0.0,0.06392758
0.0,0.071438186
0.0,0.08343619
0.0,0.044419505
0.0,0.08079964
0.0,0.06855414
0.0,0.027577752
0.0,0.054138295
0.0,0.06332862
1.0,0.05380943
0.0,0.14761424
0.0,0.09816623
0.0,0.02370543
0.0,0.061316077
0.0,0.041786045
0.0,0.010182408
0.0,0.047204547
0.0,0.03788023
0.0,0.00962626
0.0,0.039771978
0.0,0.0642171
0.0,0.057182744
0.0,0.007269339
0.0,0.059413668
0.0,0.08211033
0.0,0.01741149
0.0,0.042321995
1.0,0.05211958
1.0,0.073335916
0.0,0.0437366
0.0,0.006215127
0.0,0.08464827
0.0,0.046843987
1.0,0.27376947
0.0,0.013548095
0.0,0.054381214
0.0,0.022422884
0.0,0.018390069
0.0,0.06734483
0.0,0.052252263
0.0,0.032029033
0.0,0.017271554
0.0,0.02250325
0.0,0.030922368
0.0,0.06107781
0.0,0.036923
0.0,0.026762344
0.0,0.082145885
0.0,0.014196765
0.0,0.030281145
0.0,0.043793257
0.0,0.025680726
0.0,0.10969217
0.0,0.048198618
0.0,0.029337052
0.0,0.06482343
0.0,0.031737197
0.0,0.06463249
0.0,0.06334618
0.0,0.010568583
0.0,0.18265061
0.0,0.085770726
0.0,0.046423495
0.0,0.04569468
0.0,0.09342744
0.0,0.059883665
0.0,0.038618013
0.0,0.051229227
0.0,0.02630578
0.0,0.05372375
0.0,0.047501784
0.0,0.051495053
0.0,0.084404215
0.0,0.04809166
1.0,0.06889164
0.0,0.11594446
0.0,0.05878548
0.0,0.021979144
0.0,0.0497113
0.0,0.019763382
0.0,0.07423784
0.0,0.06341265
0.0,0.06343041
0.0,0.037249587
1.0,0.03107297
0.0,0.067291446
0.0,0.077152565
0.0,0.035436057
0.0,0.02658939
0.0,0.03085965
0.0,0.07164987
0.0,0.035308998
0.0,0.012300983
0.0,0.007225671
0.0,0.020156756
0.0,0.0486111
0.0,0.050265487
0.0,0.04962975
0.0,0.040082745
0.0,0.055427697
0.0,0.035773076
0.0,0.091699675
0.0,0.040051855
0.0,0.032139275
0.0,0.00645767
0.0,0.06728001
0.0,0.06647806
0.0,0.026125658
0.0,0.04052807
0.0,0.03056857
0.0,0.06467164
0.0,0.028048541
0.0,0.049346723
0.0,0.050892133
0.0,0.022844952
0.0,0.05820229
1.0,0.09103671
0.0,0.049979143
0.0,0.11663869
0.0,0.06262834
0.0,0.044299528
0.0,0.08403143
0.0,0.054471374
0.0,0.047811564
0.0,0.040394712
0.0,0.039973132
0.0,0.04389974
0.0,0.06582327
0.0,0.019626178
0.0,0.027979545
0.0,0.027945092
0.0,0.024377141
0.0,0.043458506
0.0,0.039141763
0.0,0.03670825
0.0,0.048473794
0.0,0.03239462
0.0,0.050632916
0.0,0.046254303
0.0,0.04860677
0.0,0.062161796
0.0,0.06292358
0.0,0.033166427
0.0,0.018280834
0.0,0.08278537
1.0,0.07763821
0.0,0.074505
1.0,0.028059777
1.0,0.1143762
0.0,0.036465872
1.0,0.029503122
0.0,0.020163273
0.0,0.084009394
0.0,0.081316486
0.0,0.048726395
0.0,0.027888438
0.0,0.030052444
0.0,0.055701073
0.0,0.051074974
1.0,0.0280974
0.0,0.04598826
0.0,0.057659764
0.0,0.03899149
0.0,0.062275693
0.0,0.058234185
0.0,0.032048956
0.0,0.16699676
0.0,0.03711587
0.0,0.03128905
0.0,0.033703797
0.0,0.06587238
0.0,0.015835188
0.0,0.06706692
0.0,0.07606478
0.0,0.058777224
0.0,0.07300866
0.0,0.09863852
0.0,0.023134708
0.0,0.031527117
0.0,0.05862522
1.0,0.047761343
0.0,0.08201715
0.0,0.050619327
0.0,0.088670105
0.0,0.024831437
0.0,0.022214985
0.0,0.0672632
0.0,0.10124652
0.0,0.06515349
0.0,0.05331782
0.0,0.03976786
0.0,0.029742956
0.0,0.109133355
0.0,0.062498778
1.0,0.040433757
0.0,0.02018816
0.0,0.10867824
0.0,0.039361402
0.0,0.06524445
0.0,0.035837885
0.0,0.030962206
0.0,0.035838842
0.0,0.037044965
0.0,0.055005744
0.0,0.033836223
0.0,0.013644122
0.0,0.057381548
0.0,0.05980398
0.0,0.02573297
0.0,0.027316246
0.0,0.04821503
0.0,0.07767961
0.0,0.046910733
0.0,0.032328855
0.0,0.025420878
0.0,0.041172773
0.0,0.03823674
0.0,0.034956977
0.0,0.060327604
0.0,0.02566994
0.0,0.025578046
0.0,0.031964023
0.0,0.014578268
0.0,0.026939569
0.0,0.056354247
0.0,0.060033567
0.0,0.09823267
1.0,0.027433086
0.0,0.031826247
0.0,0.027207091
0.0,0.028947122
0.0,0.027075484
0.0,0.05665349
0.0,0.028195791
0.0,0.09902026
0.0,0.034956876
0.0,0.021593932
0.0,0.020710474
0.0,0.012672054
0.0,0.048229333
0.0,0.04768802
0.0,0.054588746
0.0,0.019990388
0.0,0.021719683
0.0,0.048737757
1.0,0.14470261
0.0,0.030520534
0.0,0.017609863
0.0,0.052452095
0.0,0.035366897
0.0,0.011045385
0.0,0.068629436
0.0,0.16746005
0.0,0.07704259
0.0,0.05735745
0.0,0.032144517
0.0,0.04197298
0.0,0.02992432
0.0,0.06837404
0.0,0.025955284
0.0,0.018017646
1.0,0.038670033
0.0,0.08364214
0.0,0.06401473
0.0,0.016522123
0.0,0.073696144
0.0,0.0696217
0.0,0.023473782
0.0,0.05264752
0.0,0.043431163
0.0,0.024182962
0.0,0.1754056
0.0,0.13900535
0.0,0.035905056
0.0,0.062652804
0.0,0.05853141
0.0,0.009196959
0.0,0.04765576
0.0,0.026770396
0.0,0.07192303
0.0,0.038100585
0.0,0.15589365
0.0,0.065446675
0.0,0.007957552
0.0,0.069033645
0.0,0.044710718
0.0,0.03416492
0.0,0.011782396
0.0,0.03828901
0.0,0.17582247
0.0,0.031614687
1.0,0.04732616
0.0,0.05163272
0.0,0.013757358
0.0,0.04758825
0.0,0.030325592
0.0,0.01927305
0.0,0.04813975
0.0,0.067508996
0.0,0.026568921
0.0,0.011059083
0.0,0.011749877
0.0,0.035474487
0.0,0.07447545
0.0,0.06821259
0.0,0.059912857
0.0,0.06783148
0.0,0.032870248
0.0,0.035456203
1.0,0.017189771
0.0,0.027541192
0.0,0.060245432
0.0,0.040919956
0.0,0.06669375
0.0,0.068904005
0.0,0.042214062
0.0,0.022872627
0.0,0.018342767
0.0,0.05840552
0.0,0.041255392
0.0,0.06618266
1.0,0.06493582
1.0,0.053332794
0.0,0.046478294
0.0,0.035817727
0.0,0.094139725
0.0,0.21962301
0.0,0.034064714
0.0,0.04469663
0.0,0.043334536
0.0,0.058111776
0.0,0.020287586
0.0,0.063085824
0.0,0.024314523
0.0,0.043454032
0.0,0.0855832
0.0,0.040899433
0.0,0.021808693
0.0,0.022758264
0.0,0.043046065
0.0,0.045447804
0.0,0.057175625
0.0,0.048093654
0.0,0.060321722
0.0,0.010992748
0.0,0.052753694
0.0,0.013077781
0.0,0.030278517
0.0,0.02041369
0.0,0.06089426
0.0,0.019981982
0.0,0.049204804
0.0,0.04126816
0.0,0.050064627
0.0,0.01004649
0.0,0.03586505
0.0,0.08551545
0.0,0.053020958
0.0,0.043053374
0.0,0.037842806
0.0,0.03584674
0.0,0.015319008
0.0,0.046188846
0.0,0.072906084
0.0,0.0071457094
0.0,0.0052351444
0.0,0.08835478
0.0,0.06545828
0.0,0.03262319
0.0,0.031241225
0.0,0.03923499
0.0,0.014274386
0.0,0.023952484
0.0,0.040311415
0.0,0.054412756
0.0,0.03817602
0.0,0.2378763
0.0,0.068425275
0.0,0.061793417
0.0,0.030068068
1.0,0.05435936
0.0,0.021884426
0.0,0.038710583
0.0,0.065780036
0.0,0.022685511
0.0,0.062610425
0.0,0.039264485
0.0,0.072969034
0.0,0.050457675
0.0,0.022947133
0.0,0.019668786
0.0,0.0497556
0.0,0.011818092
0.0,0.0764247
0.0,0.010515209
0.0,0.07452003
0.0,0.011385027
0.0,0.028557567
0.0,0.036782857
0.0,0.05970706
1.0,0.08984632
0.0,0.032996804
0.0,0.056096118
0.0,0.052920103
0.0,0.01990169
0.0,0.04017383
0.0,0.044171494
0.0,0.019200603
0.0,0.043848634
0.0,0.07536355
0.0,0.06614376
0.0,0.021034058
0.0,0.017063808
0.0,0.038365074
0.0,0.054583646
0.0,0.048658386
2.0,0.09342871
0.0,0.07387033
0.0,0.082476005
0.0,0.06534839
0.0,0.050336123
0.0,0.05354396
0.0,0.023071483
0.0,0.013841398
1.0,0.05419827
0.0,0.053283125
0.0,0.07880231
0.0,0.045071833
0.0,0.053374086
0.0,0.032836158
0.0,0.0746492
1.0,0.10091104
0.0,0.036644466
0.0,0.017086517
0.0,0.06932383
0.0,0.0319982
0.0,0.02282618
0.0,0.119745836
0.0,0.023581473
0.0,0.016550139
0.0,0.06465725
0.0,0.044164985
0.0,0.06495567
0.0,0.025428686
0.0,0.10836786
0.0,0.051772706
0.0,0.0613222
0.0,0.12742445
0.0,0.074984744
0.0,0.06348335
1.0,0.05103612
0.0,0.027776532
0.0,0.07898156
0.0,0.03599749
0.0,0.034467064
0.0,0.052196007
0.0,0.36627805
0.0,0.012572977
0.0,0.044791937
0.0,0.015838444
0.0,0.069394425
0.0,0.017885242
0.0,0.08532283
0.0,0.06160492
0.0,0.07311462
0.0,0.07743431
0.0,0.07800328
0.0,0.09264634
0.0,0.0077677798
0.0,0.06750407
0.0,0.04376854
0.0,0.0859103
0.0,0.02942669
0.0,0.06848532
0.0,0.05106777
0.0,0.032740723
0.0,0.048926715
0.0,0.02357657
0.0,0.061769377
0.0,0.03478891
0.0,0.07516811
1.0,0.09191361
0.0,0.018012896
0.0,0.044027578
0.0,0.030282762
0.0,0.051999457
0.0,0.02687994
0.0,0.046742685
0.0,0.013257781
0.0,0.015422152
0.0,0.049409423
0.0,0.055130575
1.0,0.06588807
0.0,0.030299734
0.0,0.030435197
0.0,0.030656122
0.0,0.049844198
0.0,0.055879418
0.0,0.06433148
1.0,0.044177942
0.0,0.07138669
0.0,0.033043128
0.0,0.07475972
0.0,0.056524575
0.0,0.016351795
0.0,0.02608279
0.0,0.020458817
0.0,0.08340731
0.0,0.011513645
0.0,0.059509005
0.0,0.020166436
1.0,0.046077315
0.0,0.08234234
0.0,0.04742884
0.0,0.038063593
0.0,0.06376386
0.0,0.014121202
0.0,0.07405034
0.0,0.04721182
0.0,0.047448404
1.0,0.07396342
0.0,0.08558708
0.0,0.032401823
0.0,0.03781685
0.0,0.05857096
0.0,0.025092019
0.0,0.06895724
0.0,0.071799755
0.0,0.042161338
0.0,0.033649694
0.0,0.05667589
0.0,0.064099364
0.0,0.06075669
0.0,0.036151342
0.0,0.043442324
1.0,0.015403345
0.0,0.047094382
0.0,0.079321474
0.0,0.08663535
1.0,0.030995429
0.0,0.031057639
0.0,0.020103166
0.0,0.06314805
0.0,0.05439636
0.0,0.02236152
0.0,0.04576598
0.0,0.04237789
0.0,0.07539124
0.0,0.0186143
0.0,0.059126794
0.0,0.039616168
0.0,0.024361558
0.0,0.019151691
0.0,0.033590797
0.0,0.042009786
0.0,0.04791461
0.0,0.029367186
0.0,0.10343354
0.0,0.063464105
0.0,0.012152039
0.0,0.04890283
0.0,0.041538574
0.0,0.10192278
0.0,0.02935859
0.0,0.10752612
0.0,0.047068495
0.0,0.026585434
0.0,0.027561095
0.0,0.37858388
0.0,0.105226725
0.0,0.02797257
0.0,0.015258906
0.0,0.06366875
0.0,0.028916
0.0,0.05993426
0.0,0.095109545
0.0,0.02824965
0.0,0.06402383
0.0,0.12686105
1.0,0.055906683
0.0,0.04586315
0.0,0.022502575
0.0,0.077374995
0.0,0.057998385
0.0,0.06737775
0.0,0.039790984
0.0,0.06540677
0.0,0.086788796
0.0,0.053778134
0.0,0.09189319
0.0,0.060803123
0.0,0.03946403
0.0,0.05191943
0.0,0.06954694
0.0,0.06455521
0.0,0.08349705
0.0,0.013563549
0.0,0.0073602656
1.0,0.032673165
0.0,0.043723024
0.0,0.061091967
0.0,0.025077116
0.0,0.017215954
0.0,0.05937664
0.0,0.074008174
0.0,0.036245033
0.0,0.03805305
0.0,0.01996523
0.0,0.059065334
0.0,0.066791296
0.0,0.038507666
0.0,0.053887103
0.0,0.020763049
0.0,0.07610592
0.0,0.057423715
0.0,0.052140288
0.0,0.025879849
0.0,0.0125462
0.0,0.09092265
0.0,0.027327491
0.0,0.09330988
0.0,0.06878709
0.0,0.05621383
0.0,0.12750097
0.0,0.031878494
0.0,0.07617868
0.0,0.033748455
0.0,0.022837613
0.0,0.053386837
0.0,0.035534382
0.0,0.017643854
0.0,0.068133876
0.0,0.03758032
0.0,0.15842326
0.0,0.06481735
1.0,0.08407259
0.0,0.0645885
0.0,0.020353155
0.0,0.029083319
0.0,0.018865366
0.0,0.033904735
1.0,0.037049506
0.0,0.08112114
0.0,0.016400248
0.0,0.02049603
2.0,0.06938986
0.0,0.013046794
0.0,0.029775381
0.0,0.031111859
0.0,0.016847912
0.0,0.058845833
0.0,0.05604484
0.0,0.037969746
0.0,0.030513301
0.0,0.07678912
0.0,0.059907485
0.0,0.038146265
0.0,0.037737787
0.0,0.02852289
0.0,0.042799152
0.0,0.059660755
0.0,0.019186571
0.0,0.027593287
0.0,0.02527176
0.0,0.06453106
0.0,0.055111837
0.0,0.038040042
0.0,0.031695064
0.0,0.015233694
0.0,0.031370964
0.0,0.045465946
0.0,0.07697351
0.0,0.025293775
0.0,0.03796363
0.0,0.017916517
1.0,0.10711243
0.0,0.057903495
1.0,0.059481516
0.0,0.02176065
0.0,0.08087561
1.0,0.0610573
0.0,0.0614011
0.0,0.07240456
0.0,0.029695539
0.0,0.06691617
0.0,0.04821126
0.0,0.044135112
0.0,0.06773766
0.0,0.010737743
0.0,0.041910704
0.0,0.042005178
0.0,0.061985712
0.0,0.06329868
0.0,0.03491323
0.0,0.15381673
0.0,0.03897816
0.0,0.056641012
0.0,0.07439747
0.0,0.04731542
0.0,0.078661636
0.0,0.022971578
0.0,0.068912305
0.0,0.01595259
0.0,0.031777296
0.0,0.022053009
0.0,0.024089728
2.0,0.13716233
0.0,0.14490698
0.0,0.028981885
1.0,0.029098842
0.0,0.08105409
0.0,0.027783591
0.0,0.082928136
0.0,0.11665307
0.0,0.064086646
0.0,0.05877194
0.0,0.1236189
0.0,0.06724237
0.0,0.0047314987
0.0,0.01422102
0.0,0.07603649
1.0,0.08258112
0.0,0.034049205
0.0,0.06396587
0.0,0.024854986
0.0,0.041895658
0.0,0.076445006
0.0,0.038685948
0.0,0.03627019
0.0,0.01652336
0.0,0.018669803
0.0,0.039092556
0.0,0.06900317
0.0,0.03099689
0.0,0.15172425
0.0,0.08673474
0.0,0.03192279
0.0,0.05892271
0.0,0.054705434
0.0,0.071522854
0.0,0.03886311
0.0,0.029568471
0.0,0.07135522
0.0,0.039825037
0.0,0.061024975
0.0,0.11781637
0.0,0.03508804
0.0,0.05474875
1.0,0.04271713
0.0,0.008528519
0.0,0.13806903
0.0,0.056558356
0.0,0.012667251
0.0,0.0169452
0.0,0.014455456
0.0,0.043930586
1.0,0.069336414
0.0,0.08058371
0.0,0.028760735
0.0,0.051148653
0.0,0.05809651
0.0,0.03522626
0.0,0.0212872
0.0,0.021979164
0.0,0.09880938
0.0,0.074372336
0.0,0.04126078
0.0,0.09638584
0.0,0.047584213
0.0,0.08490152
0.0,0.06481591
0.0,0.03602062
0.0,0.016501967
0.0,0.066875115
0.0,0.028718075
0.0,0.0578808
0.0,0.015513233
0.0,0.11338646
0.0,0.14815046
0.0,0.055201653
0.0,0.016213886
0.0,0.040858813
0.0,0.031176355
0.0,0.063843355
0.0,0.06878122
0.0,0.017380161
0.0,0.052218538
0.0,0.04846873
0.0,0.07038489
0.0,0.017480506
0.0,0.058098946
0.0,0.04451783
0.0,0.10177437
0.0,0.04100193
0.0,0.060753506
0.0,0.07799359
0.0,0.054893102
0.0,0.07342077
0.0,0.02239395
0.0,0.058030557
0.0,0.0633495
0.0,0.03203638
0.0,0.062256396
0.0,0.040385295
0.0,0.038539335
0.0,0.019892799
0.0,0.09337366
0.0,0.09067141
0.0,0.056470748
0.0,0.07354297
0.0,0.035905812
0.0,0.038086236
0.0,0.018075025
0.0,0.04532561
0.0,0.035283484
0.0,0.071662016
0.0,0.030253867
0.0,0.021715943
0.0,0.060218204
0.0,0.050830945
0.0,0.20972928
0.0,0.019514084
0.0,0.09150949
0.0,0.043784823
0.0,0.046756126
0.0,0.059508525
0.0,0.078715965
0.0,0.06686507
0.0,0.056518994
0.0,0.028550528
0.0,0.024608795
1.0,0.07639399
0.0,0.19038215
0.0,0.036528174
0.0,0.094569154
0.0,0.10468088
0.0,0.039492436
0.0,0.05818378
0.0,0.11937421
0.0,0.058005493
0.0,0.08077437
0.0,0.018075025
0.0,0.12343012
0.0,0.031199705
0.0,0.01499884
0.0,0.012699964
0.0,0.046672173
0.0,0.058034405
1.0,0.07563315
0.0,0.043627977
0.0,0.029339446
0.0,0.042280663
0.0,0.039660297
0.0,0.069436036
0.0,0.01786177
0.0,0.091343455
0.0,0.040301554
1.0,0.06692903
0.0,0.03660697
0.0,0.02605415
0.0,0.051507406
0.0,0.020731954
0.0,0.07625933
0.0,0.053312328
0.0,0.11129075
0.0,0.079498716
0.0,0.019771732
0.0,0.018092616
1.0,0.046836056
0.0,0.08807951
0.0,0.06337292
0.0,0.10762702
0.0,0.04872867
0.0,0.010350493
0.0,0.047801305
0.0,0.06086211
0.0,0.090287045
0.0,0.057091784
0.0,0.027351204
0.0,0.011181907
0.0,0.025699679
0.0,0.068327755
0.0,0.053943224
0.0,0.12272604
0.0,0.03043839
0.0,0.06274438
0.0,0.0275486
0.0,0.0441248
0.0,0.069683336
0.0,0.04159405
0.0,0.014456745
0.0,0.07482707
0.0,0.089955375
0.0,0.04189334
0.0,0.024279382
0.0,0.023834188
0.0,0.026359444
1.0,0.21012701
0.0,0.03478153
0.0,0.045359187
0.0,0.0690994
0.0,0.08551781
0.0,0.024374165
0.0,0.11098646
0.0,0.0072175716
0.0,0.08002529
0.0,0.10034534
0.0,0.060218345
0.0,0.018804492
0.0,0.02497443
1.0,0.17806713
0.0,0.023203347
0.0,0.018637018
0.0,0.059617445
0.0,0.04232623
0.0,0.05346994
0.0,0.047650762
0.0,0.10773434
1.0,0.108003035
0.0,0.055317488
0.0,0.15220387
0.0,0.08275598
0.0,0.039353687
0.0,0.021335285
1.0,0.030542387
0.0,0.076492734
0.0,0.029831544
0.0,0.078202076
0.0,0.022180457
0.0,0.073756225
0.0,0.08536934
0.0,0.01394493
0.0,0.08366296
0.0,0.04540169
0.0,0.04798963
0.0,0.067157954
0.0,0.024411794
0.0,0.09122215
0.0,0.04035488
0.0,0.09478807
0.0,0.023730312
0.0,0.030335369
0.0,0.017108643
0.0,0.097968325
0.0,0.026031759
0.0,0.081687
0.0,0.03681804
0.0,0.053912185
1.0,0.11019251
0.0,0.020067863
0.0,0.094666176
0.0,0.04782408
0.0,0.02994883
0.0,0.03669334
0.0,0.04544312
0.0,0.018363737
0.0,0.060713742
0.0,0.058983784
0.0,0.072763324
0.0,0.054790825
0.0,0.05820626
0.0,0.05592911
0.0,0.052665573
0.0,0.05132008
0.0,0.06969954
0.0,0.105823554
0.0,0.042423807
0.0,0.03213497
0.0,0.043726318
0.0,0.038289305
0.0,0.04844142
1.0,0.060126875
0.0,0.024171907
0.0,0.021289645
0.0,0.024403611
0.0,0.025484644
0.0,0.03422319
0.0,0.04415271
0.0,0.034983374
0.0,0.036168154
0.0,0.05019849
0.0,0.06832759
0.0,0.19894361
0.0,0.025474014
0.0,0.043177098
0.0,0.019605748
0.0,0.022528663
0.0,0.018696584
1.0,0.06219266
0.0,0.06576523
0.0,0.10892556
0.0,0.012218708
0.0,0.08030078
0.0,0.12085285
0.0,0.038995095
0.0,0.07770091
0.0,0.061531935
0.0,0.04456891
0.0,0.044925667
0.0,0.04436047
0.0,0.041040972
0.0,0.030414276
1.0,0.0283899
0.0,0.069411255
1.0,0.02282618
0.0,0.05678825
0.0,0.03676015
0.0,0.051208172
0.0,0.0816687
1.0,0.044020712
0.0,0.056843027
0.0,0.023234526
0.0,0.11838199
0.0,0.023799244
0.0,0.06290606
0.0,0.032933205
0.0,0.036845297
0.0,0.026368257
0.0,0.061732676
0.0,0.039570723
0.0,0.07184416
0.0,0.030254256
0.0,0.039358135
0.0,0.0975001
0.0,0.04472793
0.0,0.055427063
1.0,0.061259557
0.0,0.026081495
0.0,0.036615193
0.0,0.055665944
1.0,0.047630183
0.0,0.018207991
0.0,0.030283209
0.0,0.054380335
0.0,0.018909326
0.0,0.06577784
0.0,0.05420313
0.0,0.16469964
0.0,0.0546725
0.0,0.037935544
0.0,0.11682028
0.0,0.018698296
0.0,0.045235187
0.0,0.033189274
0.0,0.09809503
0.0,0.062032606
0.0,0.050812505
0.0,0.12156108
0.0,0.043096837
0.0,0.0533391
0.0,0.062031545
0.0,0.031129148
0.0,0.06229451
0.0,0.07844474
0.0,0.05049881
0.0,0.06439559
0.0,0.037723463
0.0,0.01113647
1.0,0.07182731
0.0,0.05117622
0.0,0.013564267
0.0,0.07188233
0.0,0.047601506
0.0,0.098383896
0.0,0.03303336
0.0,0.07898853
0.0,0.026003374
0.0,0.099206865
0.0,0.028918508
0.0,0.03442431
0.0,0.14411612
0.0,0.024954848
0.0,0.08409717
0.0,0.009771564
2.0,0.047115855
0.0,0.034018468
0.0,0.022485863
0.0,0.022574268
0.0,0.027970755
0.0,0.06376305
0.0,0.038563214
0.0,0.023342565
0.0,0.01953179
0.0,0.0664846
0.0,0.11941577
0.0,0.037376214
0.0,0.07479441
0.0,0.043752037
0.0,0.040109437
0.0,0.08410381
0.0,0.06254582
0.0,0.054066807
0.0,0.02753187
0.0,0.023565443
0.0,0.06822271
0.0,0.04488316
0.0,0.080374904
0.0,0.046370994
0.0,0.113392025
0.0,0.113989
0.0,0.059799973
0.0,0.045025434
0.0,0.040250123
0.0,0.046399236
0.0,0.04794009
0.0,0.049033027
0.0,0.025367128
0.0,0.03294015
0.0,0.052159533
0.0,0.04939861
0.0,0.06774206
0.0,0.0836117
0.0,0.023990732
1.0,0.048365116
0.0,0.023486335
0.0,0.07984421
0.0,0.07692477
0.0,0.046758182
0.0,0.0856043
0.0,0.03296433
0.0,0.05896923
0.0,0.052024186
0.0,0.027667172
1.0,0.07533322
1.0,0.06840159
0.0,0.055215158
0.0,0.056799747
0.0,0.020983368
0.0,0.117870204
0.0,0.04806807
0.0,0.042512503
1.0,0.05569523
0.0,0.107151054
0.0,0.091536194
0.0,0.044748344
0.0,0.077179186
0.0,0.08508369
0.0,0.023008302
0.0,0.028426327
0.0,0.021335468
0.0,0.056042913
1.0,0.07921254
0.0,0.042896915
0.0,0.037166804
0.0,0.13917711
0.0,0.017306535
0.0,0.053884123
0.0,0.049335614
0.0,0.07515328
0.0,0.03901295
0.0,0.02195258
0.0,0.034014754
0.0,0.05100065
0.0,0.045929093
0.0,0.06771002
0.0,0.047242668
1.0,0.13000299
0.0,0.03270128
0.0,0.02553011
1.0,0.037589334
1.0,0.11443493
1.0,0.05730473
0.0,0.07896804
1.0,0.04835193
0.0,0.06625078
0.0,0.041833755
0.0,0.050936006
0.0,0.28975838
0.0,0.05660649
0.0,0.06626846
0.0,0.056051467
0.0,0.029894384
0.0,0.018377533
0.0,0.109035306
0.0,0.102930434
0.0,0.084641844
0.0,0.06643871
0.0,0.057857458
0.0,0.3468144
0.0,0.033657864
0.0,0.08982717
0.0,0.044957105
0.0,0.016196368
0.0,0.029352473
1.0,0.04158701
0.0,0.086811766
0.0,0.058094375
0.0,0.08995727
0.0,0.049661808
0.0,0.034121092
0.0,0.05698608
0.0,0.05866213
0.0,0.049419034
0.0,0.042520873
0.0,0.047490686
0.0,0.04931292
0.0,0.04592156
0.0,0.028297577
0.0,0.027001878
1.0,0.11451517
1.0,0.060741253
0.0,0.049776837
0.0,0.049421795
0.0,0.015559439
0.0,0.038832676
0.0,0.04721821
1.0,0.102342024
0.0,0.048147347
0.0,0.13558385
0.0,0.027205147
1.0,0.07692721
0.0,0.04923238
0.0,0.043613084
0.0,0.050203785
0.0,0.029094763
0.0,0.09255121
0.0,0.018923406
0.0,0.15164317
0.0,0.04510376
0.0,0.0651592
0.0,0.06047687
0.0,0.061618965
0.0,0.03433033
0.0,0.017229596
0.0,0.027859874
0.0,0.019696904
0.0,0.014317345
0.0,0.03289383
0.0,0.022551794
0.0,0.05213355
0.0,0.09451339
0.0,0.07149762
0.0,0.046786435
1.0,0.05865321
0.0,0.12348004
1.0,0.07338312
0.0,0.03673849
0.0,0.10526658
0.0,0.048859477
0.0,0.0325664
0.0,0.06949806
0.0,0.07072364
1.0,0.061619785
0.0,0.022071902
0.0,0.07377814
0.0,0.05736679
0.0,0.07951957
1.0,0.075498
0.0,0.101833105
0.0,0.040210433
0.0,0.086421624
0.0,0.06865924
0.0,0.06880648
0.0,0.06443555
0.0,0.07848925
0.0,0.121572554
0.0,0.07075346
0.0,0.05388484
0.0,0.017689006
0.0,0.04988312
0.0,0.020561457
0.0,0.024011502
1.0,0.0294882
0.0,0.06337704
0.0,0.043352723
0.0,0.03071938
0.0,0.042939402
0.0,0.052371595
0.0,0.025339201
0.0,0.05951993
1.0,0.03485634
0.0,0.07731855
0.0,0.041959215
0.0,0.07117665
0.0,0.032691006
0.0,0.012976114
0.0,0.027556391
0.0,0.09521899
0.0,0.04570577
0.0,0.039623003
0.0,0.0414507
0.0,0.059193846
0.0,0.061975177
0.0,0.04372238
0.0,0.0700762
0.0,0.04039088
0.0,0.049766514
0.0,0.05508501
0.0,0.023994036
0.0,0.022844747
0.0,0.013688604
0.0,0.021245975
0.0,0.04166702
0.0,0.14874224
0.0,0.029800422
0.0,0.07932626
0.0,0.062146045
0.0,0.04249503
0.0,0.020264518
0.0,0.03157857
0.0,0.14226888
0.0,0.035169177
1.0,0.02233996
0.0,0.04306629
0.0,0.020341134
0.0,0.041882157
0.0,0.0631663
0.0,0.021241691
0.0,0.07735392
0.0,0.02405871
0.0,0.01744208
0.0,0.057909403
0.0,0.036255058
0.0,0.0585758
0.0,0.032607064
0.0,0.064104035
0.0,0.027760576
0.0,0.060004245
1.0,0.053731076
0.0,0.0773206
0.0,0.086138986
0.0,0.062096164
0.0,0.04945942
0.0,0.027948717
0.0,0.034957394
0.0,0.026819471
0.0,0.03626142
0.0,0.044689488
0.0,0.039642453
0.0,0.06459957
0.0,0.04905389
0.0,0.060768064
0.0,0.022022817
0.0,0.017124983
0.0,0.085109316
0.0,0.033672985
0.0,0.07367907
0.0,0.05836735
0.0,0.054378647
0.0,0.043649074
0.0,0.06711278
0.0,0.0425554
0.0,0.05229556
0.0,0.086702384
0.0,0.063911796
0.0,0.014287461
0.0,0.031361584
0.0,0.050685048
0.0,0.01923582
0.0,0.05880547
0.0,0.030460954
0.0,0.03859484
0.0,0.0699842
0.0,0.031878084
0.0,0.066352405
0.0,0.07182546
0.0,0.030723512
1.0,0.049939763
0.0,0.050349783
0.0,0.037333965
0.0,0.1225928
0.0,0.05344244
0.0,0.069795124
0.0,0.016880706
0.0,0.13303316
0.0,0.06742614
0.0,0.1566141
0.0,0.03541447
1.0,0.04093842
1.0,0.097621895
1.0,0.041115582
0.0,0.09695677
0.0,0.043474488
0.0,0.07107888
0.0,0.2365202
0.0,0.014468062
0.0,0.02547987
0.0,0.031638965
0.0,0.04563654
0.0,0.035042744
0.0,0.10016182
0.0,0.055974275
0.0,0.03150534
0.0,0.03229893
0.0,0.019055635
0.0,0.07047947
0.0,0.08013603
0.0,0.01691233
0.0,0.03822888
0.0,0.075899236
0.0,0.029766593
0.0,0.07582645
0.0,0.07135929
0.0,0.15157308
1.0,0.092608705
0.0,0.02642786
0.0,0.052174456
0.0,0.054635935
0.0,0.053258
0.0,0.042230833
0.0,0.033157874
0.0,0.01252055
0.0,0.054812096
0.0,0.049941
0.0,0.06358724
0.0,0.041738592
0.0,0.019410674
0.0,0.056098446
0.0,0.053808637
0.0,0.06254628
0.0,0.02403346
0.0,0.08326884
0.0,0.069074094
0.0,0.07881082
0.0,0.01697195
0.0,0.052234426
0.0,0.048108153
0.0,0.026276968
0.0,0.050443865
0.0,0.051327642
0.0,0.30962083
0.0,0.022509377
0.0,0.011894034
0.0,0.07754673
0.0,0.053684108
0.0,0.041788198
0.0,0.036371037
1.0,0.04795591
0.0,0.037857585
0.0,0.025266254
1.0,0.02499964
0.0,0.034204073
0.0,0.067938045
0.0,0.060694218
0.0,0.019705378
0.0,0.062848344
0.0,0.16164649
0.0,0.04642699
0.0,0.03980793
0.0,0.029571122
0.0,0.02338938
0.0,0.06829036
0.0,0.031110702
0.0,0.014984358
0.0,0.050871342
0.0,0.012871947
0.0,0.0695394
0.0,0.0273702
0.0,0.1285305
0.0,0.04036679
0.0,0.025554882
0.0,0.038949303
0.0,0.020470059
0.0,0.039744582
0.0,0.080928534
0.0,0.049114365
0.0,0.033833805
0.0,0.020533621
0.0,0.036963623
0.0,0.05303173
0.0,0.019646533
0.0,0.051980194
0.0,0.051409528
0.0,0.012887221
0.0,0.06304007
0.0,0.0616162
0.0,0.03628702
0.0,0.06165094
0.0,0.031058246
0.0,0.019412562
0.0,0.04767949
0.0,0.04973515
0.0,0.067704305
0.0,0.051898465
0.0,0.02965343
0.0,0.06993078
0.0,0.037772674
0.0,0.045834035
0.0,0.021673694
0.0,0.037586536
0.0,0.04428325
0.0,0.017893456
0.0,0.14974084
0.0,0.032484077
0.0,0.014191242
0.0,0.07606122
0.0,0.07011273
0.0,0.07169054
0.0,0.08200292
0.0,0.054540403
0.0,0.035704754
0.0,0.051760238
0.0,0.030728918
0.0,0.06534745
0.0,0.054294728
0.0,0.026981993
0.0,0.040916268
0.0,0.12962836
0.0,0.03450806
0.0,0.02152135
0.0,0.013757358
0.0,0.0521665
0.0,0.044345304
0.0,0.058787134
0.0,0.020212416
0.0,0.07922253
0.0,0.021653365
0.0,0.041445546
0.0,0.047385663
0.0,0.022316229
0.0,0.048530504
0.0,0.037469685
0.0,0.098606184
0.0,0.02212094
0.0,0.085868604
0.0,0.06915939
0.0,0.027591944
0.0,0.013191895
0.0,0.05646496
0.0,0.06019624
0.0,0.051788285
0.0,0.0787623
0.0,0.019557606
0.0,0.037237227
0.0,0.053468667
0.0,0.07245313
0.0,0.06575523
0.0,0.097262725
0.0,0.018768078
0.0,0.052996214
0.0,0.020349614
0.0,0.013119822
0.0,0.041721
0.0,0.025653483
0.0,0.041649505
0.0,0.0153720435
0.0,0.026623059
0.0,0.040833842
0.0,0.04426982
0.0,0.021889186
0.0,0.035871055
0.0,0.01528263
0.0,0.029823622
0.0,0.041971482
1.0,0.07602819
0.0,0.02614485
0.0,0.03548655
0.0,0.07736659
0.0,0.068840064
0.0,0.029820621
0.0,0.011874665
0.0,0.047352456
0.0,0.07072872
0.0,0.043134317
0.0,0.015532263
0.0,0.069381244
0.0,0.050873306
0.0,0.023135072
0.0,0.028757773
0.0,0.027669217
0.0,0.038375486
0.0,0.0319951
0.0,0.021821551
0.0,0.048928533
0.0,0.046385124
0.0,0.032578263
0.0,0.028746543
0.0,0.091967866
0.0,0.1164987
0.0,0.047276154
0.0,0.07838049
0.0,0.10354724
0.0,0.02158857
0.0,0.06276658
1.0,0.020575728
1.0,0.066485316
0.0,0.009058083
0.0,0.04939093
0.0,0.067157924
0.0,0.066739246
0.0,0.056545887
0.0,0.046858843
0.0,0.01742056
0.0,0.041152142
0.0,0.049800888
0.0,0.04112472
0.0,0.01932308
0.0,0.17249414
0.0,0.037432432
0.0,0.092135385
0.0,0.011602526
0.0,0.04903415
0.0,0.04383356
0.0,0.08944813
0.0,0.031497456
0.0,0.053312022
0.0,0.069611736
0.0,0.015395217
0.0,0.051897325
0.0,0.06640134
0.0,0.034638215
0.0,0.023830893
0.0,0.029625868
0.0,0.058715835
0.0,0.019121807
0.0,0.03974646
0.0,0.065721
0.0,0.036036562
0.0,0.075269565
0.0,0.032290123
0.0,0.016114073
0.0,0.033190522
0.0,0.040484786
0.0,0.016466407
0.0,0.07255542
0.0,0.061617434
0.0,0.024071677
0.0,0.0879536
0.0,0.061375808
0.0,0.062249657
0.0,0.11556901
0.0,0.009504602
1.0,0.12358716
0.0,0.020115027
0.0,0.04832943
0.0,0.072148636
0.0,0.08758518
0.0,0.03397721
0.0,0.051781714
0.0,0.060841855
0.0,0.02381683
0.0,0.019978514
0.0,0.098261856
0.0,0.041502975
0.0,0.045661353
0.0,0.01728168
0.0,0.053506978
1.0,0.056058176
0.0,0.069667056
0.0,0.068702385
0.0,0.05669523
0.0,0.08531634
0.0,0.040730074
0.0,0.10062992
0.0,0.031147277
0.0,0.042326674
0.0,0.042709652
0.0,0.06277652
0.0,0.049855247
0.0,0.04264795
0.0,0.08353531
0.0,0.01561292
1.0,0.061536953
0.0,0.20140274
0.0,0.07315504
0.0,0.058149375
0.0,0.06794129
0.0,0.035070676
0.0,0.04176947
0.0,0.060335096
0.0,0.047098424
0.0,0.031176548
0.0,0.05559814
0.0,0.07562306
1.0,0.08209768
0.0,0.031524036
0.0,0.014145086
0.0,0.024805874
0.0,0.035005767
0.0,0.021371247
0.0,0.049834073
0.0,0.06461229
0.0,0.080111444
0.0,0.039826997
0.0,0.05440235
0.0,0.05109651
0.0,0.034862876
0.0,0.026726393
0.0,0.016060315
0.0,0.062918864
0.0,0.019410655
0.0,0.048188966
0.0,0.05385769
0.0,0.015926065
0.0,0.023910306
0.0,0.05680297
0.0,0.07904489
0.0,0.058941625
0.0,0.03920318
0.0,0.06300329
0.0,0.024983898
0.0,0.013407831
0.0,0.024435226
0.0,0.05962428
0.0,0.05775642
0.0,0.15215604
0.0,0.06833616
0.0,0.058329634
0.0,0.0732808
0.0,0.052635346
0.0,0.032233313
0.0,0.02993434
0.0,0.10067211
0.0,0.021991042
0.0,0.04289798
0.0,0.031420276
0.0,0.030744923
0.0,0.030585438
0.0,0.05706714
0.0,0.01971564
0.0,0.025710415
0.0,0.025953626
0.0,0.20268862
0.0,0.12997504
1.0,0.062108494
1.0,0.07405507
0.0,0.07094958
0.0,0.03788408
0.0,0.055475924
0.0,0.09026152
0.0,0.060525306
0.0,0.07154574
0.0,0.031552788
0.0,0.07105731
0.0,0.04841833
0.0,0.013188064
0.0,0.05677642
0.0,0.048787773
0.0,0.051949445
0.0,0.039897703
0.0,0.013665759
0.0,0.0252744
0.0,0.049497806
0.0,0.05465889
0.0,0.09122443
0.0,0.05553222
0.0,0.059750933
0.0,0.06994953
0.0,0.119081534
0.0,0.021878105
0.0,0.066218644
0.0,0.04376687
0.0,0.016671563
0.0,0.06927643
0.0,0.02255376
0.0,0.03661935
0.0,0.051277444
0.0,0.04482918
0.0,0.02282038
0.0,0.047141135
0.0,0.24460138
0.0,0.029224923
0.0,0.018495988
0.0,0.060632244
0.0,0.036900207
0.0,0.052336123
0.0,0.045493163
0.0,0.041008577
0.0,0.07162311
0.0,0.04972249
0.0,0.034022506
0.0,0.054138914
0.0,0.023766141
0.0,0.04854344
0.0,0.07090084
0.0,0.043449845
0.0,0.026968641
0.0,0.033719324
0.0,0.01464274
0.0,0.07365262
0.0,0.050710987
0.0,0.07030912
0.0,0.05467375
0.0,0.05584205
1.0,0.06167636
1.0,0.06313417
1.0,0.062675245
0.0,0.04643713
0.0,0.07089013
0.0,0.099413455
0.0,0.05148381
0.0,0.017808923
0.0,0.07062099
0.0,0.025521334
0.0,0.042766165
0.0,0.03229114
0.0,0.024957847
1.0,0.023438752
0.0,0.03699497
0.0,0.06799119
0.0,0.07038063
0.0,0.052027334
0.0,0.02650713
1.0,0.051669024
0.0,0.09645765
0.0,0.041494902
0.0,0.038423732
0.0,0.035360422
0.0,0.03899461
0.0,0.015462829
0.0,0.100561686
0.0,0.056509968
0.0,0.04689555
0.0,0.050861567
0.0,0.09028627
0.0,0.06273776
0.0,0.027132247
1.0,0.021908734
0.0,0.014689525
0.0,0.048994653
0.0,0.03837384
0.0,0.09139751
0.0,0.06806158
0.0,0.050200887
0.0,0.016969327
0.0,0.040728483
0.0,0.07802549
0.0,0.040669758
0.0,0.12030009
0.0,0.03518654
0.0,0.009103497
0.0,0.052436993
0.0,0.029931484
0.0,0.058741234
1.0,0.066858344
0.0,0.060077153
0.0,0.06579773
0.0,0.07280044
0.0,0.027281921
0.0,0.01980101
0.0,0.079808496
0.0,0.21642357
0.0,0.011512091
0.0,0.17615482
0.0,0.045294
0.0,0.018392779
0.0,0.036178038
0.0,0.062470593
0.0,0.027464552
0.0,0.022780707
0.0,0.0478068
0.0,0.09778696
0.0,0.060465507
0.0,0.054368198
0.0,0.03538692
0.0,0.032798648
0.0,0.08482726
0.0,0.047183707
0.0,0.056483082
0.0,0.051656608
0.0,0.096305944
0.0,0.014588894
0.0,0.07989112
0.0,0.101367995
0.0,0.048015013
0.0,0.02527011
0.0,0.03680668
0.0,0.03025218
0.0,0.034402452
1.0,0.057250664
0.0,0.01244342
0.0,0.06297617
0.0,0.01318919
0.0,0.068915986
0.0,0.017962933
0.0,0.053177863
0.0,0.057416502
1.0,0.24236192
0.0,0.045912474
0.0,0.041328162
0.0,0.030150522
0.0,0.067274906
0.0,0.05644485
0.0,0.020199668
0.0,0.06731556
0.0,0.04777968
0.0,0.07371967
0.0,0.056538593
0.0,0.015951633
0.0,0.0460231
0.0,0.073666774
0.0,0.09208009
0.0,0.02249706
0.0,0.055484444
0.0,0.101559564
0.0,0.040441662
0.0,0.02656469
0.0,0.041088283
1.0,0.0696588
0.0,0.099424236
0.0,0.047157593
0.0,0.044352308
1.0,0.046462916
0.0,0.06465523
0.0,0.021947192
0.0,0.02732284
0.0,0.017724711
0.0,0.059547327
0.0,0.06541781
0.0,0.041613176
0.0,0.043046888
0.0,0.031603653
0.0,0.13924862
0.0,0.048335053
0.0,0.05027244
0.0,0.03532892
0.0,0.02840993
0.0,0.057281494
1.0,0.12616347
0.0,0.030276539
0.0,0.036847036
0.0,0.07429895
0.0,0.023205694
0.0,0.071423404
0.0,0.026976604
0.0,0.04383199
0.0,0.040382233
0.0,0.043258063
0.0,0.018666279
0.0,0.055440858
0.0,0.05894317
0.0,0.049589515
0.0,0.069467664
0.0,0.06925034
0.0,0.08532901
0.0,0.04736183
0.0,0.070216976
0.0,0.057379592
0.0,0.064556725
0.0,0.07130138
0.0,0.037475973
1.0,0.11049047
0.0,0.06161623
0.0,0.0924182
0.0,0.026999021
0.0,0.034550935
0.0,0.042098198
0.0,0.057093214
0.0,0.08768758
0.0,0.049590293
0.0,0.014874215
0.0,0.025496509
0.0,0.023067843
1.0,0.051445577
0.0,0.016800612
0.0,0.037299354
0.0,0.062997505
0.0,0.05220788
0.0,0.023613181
0.0,0.028346047
0.0,0.054135814
0.0,0.036318213
0.0,0.02181248
1.0,0.032759197
0.0,0.03012421
0.0,0.08514088
0.0,0.032651827
1.0,0.10645026
0.0,0.074377
0.0,0.028985009
0.0,0.050867774
0.0,0.0744914
0.0,0.07910402
0.0,0.04471057
0.0,0.05808003
0.0,0.02219693
0.0,0.058539405
0.0,0.020753665
0.0,0.03825866
0.0,0.037747882
0.0,0.044630438
0.0,0.06351433
0.0,0.015563127
0.0,0.047013924
0.0,0.035106566
0.0,0.013170224
0.0,0.06302972
0.0,0.02599011
0.0,0.047279246
0.0,0.13703741
0.0,0.021765206
0.0,0.02435892
1.0,0.09396482
0.0,0.057051726
0.0,0.046078064
0.0,0.061633423
1.0,0.051705994
0.0,0.04318451
0.0,0.10043419
0.0,0.007213883
0.0,0.040521674
0.0,0.047411516
1.0,0.051638976
0.0,0.05363736
0.0,0.0466503
0.0,0.034023773
0.0,0.080041036
0.0,0.09489615
0.0,0.055827536
1.0,0.050770506
0.0,0.037641548
0.0,0.034740537
0.0,0.09948515
0.0,0.06862737
0.0,0.046672262
0.0,0.026831292
0.0,0.042921305
0.0,0.06388022
0.0,0.08006983
0.0,0.04114457
0.0,0.025281306
0.0,0.04674456
0.0,0.05003921
0.0,0.031314977
0.0,0.053168815
0.0,0.047071997
0.0,0.045294132
1.0,0.030641362
0.0,0.059441082
0.0,0.036874756
0.0,0.028887417
0.0,0.024088716
0.0,0.061902195
0.0,0.02802695
0.0,0.0660602
0.0,0.037148304
0.0,0.08304356
0.0,0.01808487
0.0,0.025333352
0.0,0.042945996
0.0,0.080097824
0.0,0.02001846
0.0,0.029702209
0.0,0.06924302
0.0,0.04507136
0.0,0.038368423
0.0,0.058688432
0.0,0.037007414
0.0,0.022530265
0.0,0.042875037
0.0,0.066498406
0.0,0.06451192
0.0,0.07611681
0.0,0.046306074
0.0,0.04668346
0.0,0.031413175
0.0,0.024598178
0.0,0.06564456
0.0,0.042591877
0.0,0.015860913
0.0,0.051698007
0.0,0.1787551
0.0,0.055295993
0.0,0.06927636
1.0,0.05750748
0.0,0.020833928
0.0,0.06406103
0.0,0.04402174
0.0,0.032567997
0.0,0.045136184
0.0,0.06017885
0.0,0.059697267
0.0,0.04456213
0.0,0.03469804
0.0,0.06454395
0.0,0.015331753
0.0,0.037842046
0.0,0.052406795
0.0,0.05401277
0.0,0.06435811
0.0,0.033240527
0.0,0.044200506
0.0,0.051727917
0.0,0.05229339
0.0,0.055358175
0.0,0.07529727
0.0,0.023193823
0.0,0.066798046
0.0,0.0321415
0.0,0.044434503
0.0,0.0761586
0.0,0.07155762
0.0,0.031398635
0.0,0.04360023
0.0,0.040504172
0.0,0.044138312
0.0,0.0416025
0.0,0.021073202
0.0,0.057067413
0.0,0.043804705
0.0,0.019856673
0.0,0.08007707
0.0,0.041158777
0.0,0.035353288
0.0,0.01343908
0.0,0.028820729
0.0,0.05263803
0.0,0.04502771
0.0,0.025175348
0.0,0.059592858
0.0,0.012404676
0.0,0.07621072
0.0,0.053718448
0.0,0.05143152
0.0,0.08397699
0.0,0.052321974
0.0,0.07180697
1.0,0.0713739
0.0,0.08128221
0.0,0.09389083
0.0,0.06588479
0.0,0.053446542
0.0,0.025279813
0.0,0.02553884
0.0,0.07464098
0.0,0.037379652
0.0,0.021144355
0.0,0.0614953
0.0,0.084959716
0.0,0.051068034
0.0,0.021813354
0.0,0.019976381
0.0,0.019575894
0.0,0.053178955
0.0,0.09558625
0.0,0.06898273
0.0,0.04956136
0.0,0.1123664
0.0,0.04222107
0.0,0.042698737
0.0,0.064023346
0.0,0.051377743
0.0,0.083654486
0.0,0.06547774
0.0,0.09244731
0.0,0.06130593
0.0,0.06730228
0.0,0.03853037
0.0,0.06729379
0.0,0.041995786
0.0,0.018425232
0.0,0.032764543
0.0,0.070457086
0.0,0.019709203
0.0,0.02979062
0.0,0.089535564
0.0,0.047436345
0.0,0.056856908
0.0,0.025665425
0.0,0.032255005
0.0,0.04858306
0.0,0.056030624
1.0,0.05770589
0.0,0.057126302
0.0,0.02605595
0.0,0.056445442
0.0,0.052296758
0.0,0.061938263
0.0,0.038173214
0.0,0.08309212
0.0,0.029360943
0.0,0.028404702
0.0,0.07418287
0.0,0.05312824
0.0,0.045274787
0.0,0.028835602
0.0,0.026003337
0.0,0.044353936
0.0,0.057757825
0.0,0.06880162
0.0,0.0963429
0.0,0.03651297
0.0,0.022893501
0.0,0.071302466
1.0,0.0719114
0.0,0.081825
0.0,0.030275427
0.0,0.05815994
0.0,0.013767898
0.0,0.18459535
1.0,0.06339442
0.0,0.028878933
0.0,0.019738613
0.0,0.01866853
0.0,0.03529287
0.0,0.064633384
0.0,0.031836886
0.0,0.047182266
0.0,0.059289623
0.0,0.020944353
0.0,0.02419557
0.0,0.051682428
0.0,0.04925116
0.0,0.019631587
0.0,0.046823643
0.0,0.042284716
0.0,0.045052923
0.0,0.031888254
0.0,0.017975159
0.0,0.026468884
0.0,0.027319387
0.0,0.021846049
0.0,0.045657456
0.0,0.0370364
0.0,0.04139007
0.0,0.016415833
0.0,0.0059689526
0.0,0.039837934
0.0,0.01800156
0.0,0.085111976
0.0,0.058972184
0.0,0.064806424
0.0,0.08635271
0.0,0.060254194
0.0,0.033179242
0.0,0.024866223
0.0,0.021419892
0.0,0.016958391
0.0,0.107711375
0.0,0.04595159
0.0,0.025967479
0.0,0.059647758
0.0,0.06467664
0.0,0.026694845
0.0,0.015802173
0.0,0.04320346
0.0,0.08481003
0.0,0.051147897
0.0,0.030298967
0.0,0.044575628
0.0,0.10271968
0.0,0.03171909
0.0,0.069628
0.0,0.021978516
0.0,0.054627154
0.0,0.0645703
0.0,0.06934514
0.0,0.028877046
0.0,0.06712354
0.0,0.022927027
0.0,0.06027428
0.0,0.013193304
0.0,0.054702304
0.0,0.06710002
0.0,0.06276179
0.0,0.04143999
0.0,0.05453502
0.0,0.029214472
0.0,0.09734899
1.0,0.07841177
1.0,0.05225894
0.0,0.10034391
0.0,0.059434567
0.0,0.04163054
0.0,0.04025331
0.0,0.021785162
0.0,0.02525646
0.0,0.016903654
0.0,0.05856466
0.0,0.058241002
0.0,0.075039744
0.0,0.009988547
1.0,0.024072755
0.0,0.01695675
0.0,0.064827226
0.0,0.07488293
0.0,0.058676735
0.0,0.066318564
0.0,0.031943955
0.0,0.06610017
0.0,0.119994275
0.0,0.031294167
0.0,0.0564138
0.0,0.061570648
0.0,0.04485306
0.0,0.0321168
0.0,0.015439296
0.0,0.044487163
0.0,0.035539534
0.0,0.02153496
0.0,0.023131829
0.0,0.053854812
0.0,0.078245774
0.0,0.05646967
0.0,0.071421705
0.0,0.06777763
0.0,0.06403
0.0,0.037101854
0.0,0.070689216
0.0,0.051599763
0.0,0.034446016
0.0,0.038536377
0.0,0.01604242
0.0,0.035555586
1.0,0.058078118
0.0,0.021567117
0.0,0.054155387
0.0,0.030547835
0.0,0.023266088
0.0,0.05026213
0.0,0.08849393
0.0,0.06274141
0.0,0.047331236
0.0,0.06291905
0.0,0.017548302
1.0,0.08630712
0.0,0.063107535
0.0,0.06979757
0.0,0.014678182
0.0,0.061657585
0.0,0.10947417
0.0,0.09985019
0.0,0.020005617
0.0,0.051629324
0.0,0.078629196
0.0,0.1245717
0.0,0.038274135
0.0,0.080536954
0.0,0.032205056
0.0,0.07199921
0.0,0.021815745
0.0,0.10756053
0.0,0.0676289
0.0,0.037216723
0.0,0.027713438
0.0,0.015213347
0.0,0.09327378
0.0,0.017650122
0.0,0.10373983
0.0,0.027496958
0.0,0.07236052
0.0,0.07447851
0.0,0.031199422
0.0,0.013279938
0.0,0.12204157
0.0,0.04363692
0.0,0.048928533
1.0,0.13113993
0.0,0.08122882
0.0,0.06719104
0.0,0.08118011
0.0,0.028491056
0.0,0.042550325
0.0,0.039016053
0.0,0.063520595
0.0,0.03490163
0.0,0.038686983
0.0,0.059811637
0.0,0.038195755
0.0,0.032555282
0.0,0.07569631
0.0,0.045100234
0.0,0.07357371
0.0,0.03155491
0.0,0.04172084
0.0,0.052805513
0.0,0.023942128
0.0,0.098971255
0.0,0.061701585
1.0,0.114947855
0.0,0.07504262
0.0,0.033712428
0.0,0.026080575
0.0,0.04405622
0.0,0.03143093
0.0,0.05572756
0.0,0.07350666
0.0,0.07858294
0.0,0.05906695
0.0,0.025184773
0.0,0.030933695
0.0,0.073401935
0.0,0.045024835
0.0,0.08977839
0.0,0.014782798
1.0,0.16165328
0.0,0.08526853
0.0,0.056127504
0.0,0.033654638
1.0,0.06546564
0.0,0.034343086
0.0,0.032967474
0.0,0.062422533
0.0,0.07733819
0.0,0.01909552
0.0,0.067086354
0.0,0.120821565
0.0,0.04434647
0.0,0.068797484
0.0,0.03050645
0.0,0.1381419
0.0,0.03546322
0.0,0.09126824
0.0,0.021465985
0.0,0.038060144
0.0,0.09817001
0.0,0.028300857
0.0,0.04300889
0.0,0.021871679
0.0,0.063783534
0.0,0.08128479
0.0,0.02491542
0.0,0.08957496
0.0,0.06039016
0.0,0.08872437
0.0,0.037210904
0.0,0.040354744
0.0,0.029157316
0.0,0.040098578
0.0,0.034752782
0.0,0.038540933
0.0,0.05454886
0.0,0.049429994
0.0,0.033247642
0.0,0.050616648
0.0,0.009335934
0.0,0.055129655
0.0,0.046035018
0.0,0.07460354
0.0,0.05650544
0.0,0.021677218
0.0,0.03041226
0.0,0.08598001
0.0,0.030561792
0.0,0.03273673
0.0,0.037349544
0.0,0.030091863
0.0,0.102281235
0.0,0.030846335
0.0,0.046368517
0.0,0.046470556
0.0,0.025560282
0.0,0.08811505
0.0,0.018069666
0.0,0.024836503
0.0,0.21913311
0.0,0.041432228
1.0,0.11297775
0.0,0.025035191
0.0,0.043699183
0.0,0.06590694
0.0,0.025579572
0.0,0.05039105
0.0,0.0232747
0.0,0.039685383
0.0,0.08763527
0.0,0.03933654
0.0,0.025365228
0.0,0.020307273
0.0,0.054867245
0.0,0.05607448
0.0,0.03505857
0.0,0.023692165
0.0,0.052908696
0.0,0.01807599
0.0,0.05334447
0.0,0.088389754
0.0,0.058361255
0.0,0.0129507575
0.0,0.026388861
0.0,0.039426733
0.0,0.038080424
0.0,0.01425744
0.0,0.08724796
0.0,0.015707277
0.0,0.09379293
0.0,0.020062849
0.0,0.051752195
0.0,0.020289898
0.0,0.08425803
0.0,0.05196842
0.0,0.04171726
0.0,0.051209614
0.0,0.0226237
0.0,0.051040478
0.0,0.04870435
0.0,0.07038751
0.0,0.04531098
0.0,0.022610757
0.0,0.014909863
0.0,0.036050707
0.0,0.047729492
0.0,0.029396342
0.0,0.014506346
0.0,0.051109962
0.0,0.03132198
0.0,0.052467328
0.0,0.015361236
0.0,0.062007885
0.0,0.05700184
0.0,0.041846562
0.0,0.049568143
0.0,0.026791569
0.0,0.25462747
0.0,0.029119885
0.0,0.005937066
0.0,0.03637808
0.0,0.023940608
0.0,0.086264
0.0,0.0146630155
0.0,0.07134572
0.0,0.04225688
1.0,0.21775818
0.0,0.05852386
0.0,0.06231425
0.0,0.045000426
0.0,0.06264441
0.0,0.052409094
0.0,0.058462277
0.0,0.011736746
0.0,0.0542015
0.0,0.02866748
0.0,0.02665202
0.0,0.07215744
0.0,0.0068695666
0.0,0.06426384
0.0,0.047078013
0.0,0.009813991
0.0,0.06577574
2.0,0.075222805
0.0,0.040288568
0.0,0.02253726
0.0,0.023372069
0.0,0.06683026
0.0,0.014676635
0.0,0.034782708
0.0,0.023176532
0.0,0.010072819
0.0,0.016529577
0.0,0.06744421
0.0,0.04230323
0.0,0.058646552
0.0,0.05775434
0.0,0.06688446
0.0,0.094044566
0.0,0.02190041
0.0,0.03718458
0.0,0.14233668
0.0,0.026380833
0.0,0.052044332
0.0,0.05236096
0.0,0.051974148
0.0,0.053239062
0.0,0.10570874
0.0,0.056566663
0.0,0.04648678
0.0,0.19488476
0.0,0.021214684
0.0,0.020832717
0.0,0.07130065
0.0,0.05760299
0.0,0.031682145
0.0,0.012391191
0.0,0.042781666
0.0,0.037233997
0.0,0.07426654
0.0,0.03476447
0.0,0.053781956
0.0,0.02285805
0.0,0.0350458
1.0,0.033113793
0.0,0.022960551
0.0,0.016631719
0.0,0.01592028
1.0,0.17320827
0.0,0.071887404
0.0,0.05501314
0.0,0.037820563
0.0,0.06229149
0.0,0.043031454
2.0,0.048554786
0.0,0.03678461
0.0,0.23717795
0.0,0.013018176
0.0,0.020392762
0.0,0.06680189
0.0,0.051774777
0.0,0.048170175
0.0,0.102578856
0.0,0.04727345
0.0,0.06264292
0.0,0.049028374
0.0,0.04670305
0.0,0.032466546
0.0,0.058176402
0.0,0.029750885
0.0,0.05595173
0.0,0.062060922
0.0,0.03906822
0.0,0.07140328
0.0,0.046442114
0.0,0.065272726
0.0,0.08742229
0.0,0.050608248
0.0,0.049597885
0.0,0.012926554
0.0,0.048854724
0.0,0.032225337
0.0,0.06231541
0.0,0.011060274
0.0,0.017585956
0.0,0.026090737
0.0,0.25323424
0.0,0.028321916
0.0,0.049521886
0.0,0.015069684
0.0,0.047039397
0.0,0.044131745
0.0,0.09680933
0.0,0.04183413
0.0,0.052820597
0.0,0.032121688
0.0,0.043622587
0.0,0.08204465
0.0,0.049038265
0.0,0.042163108
0.0,0.062217798
0.0,0.11225608
0.0,0.012216849
0.0,0.023293864
0.0,0.053502638
0.0,0.056924064
0.0,0.057773594
0.0,0.04782757
0.0,0.044125285
0.0,0.107615575
0.0,0.02560377
0.0,0.087705374
0.0,0.05239805
0.0,0.03127561
0.0,0.06910674
0.0,0.021110555
0.0,0.026278585
1.0,0.044671185
0.0,0.17260249
1.0,0.15081415
0.0,0.010131413
0.0,0.155503
0.0,0.017137587
0.0,0.03336235
0.0,0.078362234
0.0,0.038980816
0.0,0.042532496
0.0,0.025928985
0.0,0.0485772
0.0,0.12393064
0.0,0.22281668
0.0,0.06979131
0.0,0.08385691
0.0,0.055890236
0.0,0.05522374
0.0,0.02721371
0.0,0.02594322
0.0,0.023658883
0.0,0.056084108
0.0,0.030279757
0.0,0.022967864
0.0,0.04445546
0.0,0.025904838
0.0,0.051051576
0.0,0.02171934
0.0,0.048176054
0.0,0.020356154
0.0,0.059767306
0.0,0.027464015
0.0,0.046030276
0.0,0.07262515
0.0,0.045367666
0.0,0.021881662
0.0,0.083146185
0.0,0.040853105
0.0,0.051477477
0.0,0.04534736
0.0,0.032709423
1.0,0.026817184
0.0,0.041354008
0.0,0.08571753
0.0,0.03795854
0.0,0.024325678
0.0,0.06193392
0.0,0.017325683
0.0,0.023726374
0.0,0.10095284
0.0,0.03261619
0.0,0.02372108
0.0,0.08895041
0.0,0.0702142
0.0,0.049858794
0.0,0.103964604
0.0,0.08826029
0.0,0.060124554
0.0,0.018457098
0.0,0.037426133
1.0,0.037675038
1.0,0.06878063
1.0,0.03407152
0.0,0.075472444
0.0,0.048259377
0.0,0.021600801
0.0,0.08255081
0.0,0.018381923
0.0,0.06654534
0.0,0.034041654
0.0,0.07806326
0.0,0.023832802
0.0,0.053233095
0.0,0.015004693
0.0,0.034721725
0.0,0.03902787
0.0,0.07676488
0.0,0.061696447
0.0,0.049510363
0.0,0.04875898
0.0,0.04742151
0.0,0.06620737
0.0,0.019905893
0.0,0.066724814
1.0,0.0849711
0.0,0.0311949
1.0,0.058545675
1.0,0.010249735
0.0,0.03442216
0.0,0.013081472
0.0,0.07108086
0.0,0.058296893
0.0,0.045647487
0.0,0.032795038
0.0,0.0188099
0.0,0.0627287
0.0,0.0344824
0.0,0.01433147
0.0,0.009928076
0.0,0.056149963
0.0,0.026598088
0.0,0.11548544
0.0,0.023027059
0.0,0.06255018
0.0,0.009416172
0.0,0.04606846
0.0,0.04935526
0.0,0.07264554
0.0,0.07808299
0.0,0.056893412
0.0,0.016110709
0.0,0.091487765
0.0,0.084970206
0.0,0.090692036
0.0,0.050993383
0.0,0.023993637
0.0,0.06757191
0.0,0.0736408
0.0,0.04248024
0.0,0.029466301
0.0,0.023566803
0.0,0.06430671
0.0,0.019004773
0.0,0.09424249
0.0,0.04557719
0.0,0.06990572
0.0,0.09903824
0.0,0.023109965
0.0,0.049315624
0.0,0.047717523
0.0,0.043017585
0.0,0.065941095
0.0,0.03036346
0.0,0.021596044
0.0,0.044649296
0.0,0.2023077
0.0,0.05959688
0.0,0.07590525
0.0,0.012842225
0.0,0.053081974
0.0,0.045992035
0.0,0.06808906
0.0,0.04016
0.0,0.02877994
0.0,0.058822494
0.0,0.07190194
0.0,0.07747265
0.0,0.21794042
0.0,0.016126964
0.0,0.020200891
0.0,0.04336637
0.0,0.0621303
0.0,0.040047843
0.0,0.07093321
1.0,0.070966125
0.0,0.01713217
0.0,0.05729783
0.0,0.07743516
0.0,0.06444044
0.0,0.06954745
0.0,0.07584143
0.0,0.06420874
0.0,0.07917251
0.0,0.05432671
0.0,0.019208606
0.0,0.05149778
0.0,0.052820697
0.0,0.04079515
0.0,0.049372893
0.0,0.06265997
0.0,0.057003785
0.0,0.054441124
0.0,0.061224513
0.0,0.017570265
0.0,0.021822654
0.0,0.076712646
0.0,0.05112278
0.0,0.02212229
0.0,0.037781306
0.0,0.024030138
0.0,0.075597785
0.0,0.07785011
0.0,0.04312584
0.0,0.06747059
0.0,0.016394759
0.0,0.046638314
0.0,0.024306605
1.0,0.05884151
0.0,0.028673125
0.0,0.2451101
0.0,0.047672786
0.0,0.03553589
0.0,0.05520484
0.0,0.04335202
0.0,0.024451252
1.0,0.04652195
0.0,0.05213156
0.0,0.06281366
0.0,0.019763382
0.0,0.06483702
0.0,0.020293595
0.0,0.06760134
0.0,0.054477062
0.0,0.08526048
0.0,0.029242165
0.0,0.070537195
0.0,0.017522465
0.0,0.12599944
0.0,0.012677136
0.0,0.052266393
0.0,0.06327709
0.0,0.027924165
0.0,0.0793251
0.0,0.025682943
0.0,0.0520062
0.0,0.018082438
0.0,0.0488797
1.0,0.10523762
0.0,0.02040173
0.0,0.05050259
0.0,0.057423756
0.0,0.067954615
0.0,0.036157653
0.0,0.07026109
0.0,0.061438967
0.0,0.04115544
0.0,0.05351532
0.0,0.064942196
0.0,0.020091455
0.0,0.033569675
0.0,0.061209887
0.0,0.029421387
0.0,0.06423299
0.0,0.045679014
0.0,0.04247704
0.0,0.055343106
0.0,0.053996805
0.0,0.06424426
0.0,0.06466221
0.0,0.097026624
0.0,0.051874936
0.0,0.014690015
0.0,0.039489217
0.0,0.083324075
0.0,0.026887452
0.0,0.066593274
0.0,0.06881715
0.0,0.11864528
0.0,0.010948372
0.0,0.08898668
0.0,0.047619216
0.0,0.05514238
0.0,0.04523715
0.0,0.029465782
0.0,0.07689793
0.0,0.017156877
0.0,0.29632708
0.0,0.028397469
0.0,0.047058936
1.0,0.046305433
0.0,0.06097294
0.0,0.026839301
0.0,0.0388557
0.0,0.034712356
0.0,0.052444216
0.0,0.057114262
0.0,0.11670554
0.0,0.04970945
0.0,0.053465687
0.0,0.045524105
0.0,0.034960527
0.0,0.032967865
0.0,0.16686638
0.0,0.066191085
0.0,0.017859599
0.0,0.044075806
0.0,0.033275448
0.0,0.07896915
0.0,0.056855053
0.0,0.051932428
0.0,0.05225752
0.0,0.0070782816
0.0,0.060517833
0.0,0.032569334
0.0,0.061122827
0.0,0.04992224
0.0,0.07732731
0.0,0.058215335
0.0,0.023627473
1.0,0.066466756
0.0,0.01676133
0.0,0.22725517
0.0,0.026887838
0.0,0.028885158
0.0,0.062017642
0.0,0.092274055
0.0,0.06405764
0.0,0.03305892
0.0,0.064952604
0.0,0.047783166
0.0,0.07927413
0.0,0.029758248
0.0,0.0563392
0.0,0.055982284
0.0,0.025405282
0.0,0.046545558
0.0,0.06496558
0.0,0.05144933
0.0,0.03270964
1.0,0.109082446
0.0,0.09222281
0.0,0.07559944
0.0,0.026884556
0.0,0.061520964
1.0,0.075620204
0.0,0.061478883
0.0,0.014694043
0.0,0.09841592
0.0,0.06566718
0.0,0.04988312
0.0,0.03518983
0.0,0.070953675
0.0,0.016119277
0.0,0.050592784
0.0,0.06340256
0.0,0.058352977
0.0,0.024726596
0.0,0.079332136
0.0,0.02671443
0.0,0.06450537
0.0,0.052215774
0.0,0.065218076
0.0,0.032859214
0.0,0.053036258
0.0,0.0710401
0.0,0.047712766
0.0,0.06290949
0.0,0.059520103
0.0,0.038355876
0.0,0.102267094
0.0,0.022443306
0.0,0.035023082
0.0,0.017439386
0.0,0.032957006
0.0,0.05623249
0.0,0.045033805
0.0,0.019242719
0.0,0.06890752
0.0,0.04555787
0.0,0.014434565
0.0,0.01147727
0.0,0.028306322
0.0,0.010792241
0.0,0.09469923
0.0,0.06316513
0.0,0.027046219
0.0,0.04590155
0.0,0.046106614
0.0,0.10165506
0.0,0.010630589
0.0,0.07613138
0.0,0.06197466
0.0,0.026726393
0.0,0.08047146
0.0,0.11908119
0.0,0.057360608
0.0,0.044930123
0.0,0.06948482
0.0,0.043625124
0.0,0.054709736
0.0,0.02455332
0.0,0.025335636
0.0,0.02348583
0.0,0.025687426
0.0,0.062557004
0.0,0.05837375
0.0,0.04218915
0.0,0.021751905
0.0,0.035991125
0.0,0.025715405
0.0,0.04747855
0.0,0.04165733
0.0,0.07192927
0.0,0.030326908
1.0,0.06217536
0.0,0.052156847
0.0,0.015315627
0.0,0.08006346
0.0,0.04804197
0.0,0.032388646
0.0,0.01932485
0.0,0.0357491
0.0,0.056102965
0.0,0.011728701
0.0,0.025831604
0.0,0.02725003
0.0,0.0611032
0.0,0.10494082
0.0,0.055610072
0.0,0.048436295
0.0,0.0450003
0.0,0.015245881
1.0,0.07061244
0.0,0.056098152
0.0,0.09147987
1.0,0.07576205
0.0,0.05212296
0.0,0.09254165
1.0,0.1892696
0.0,0.04860141
0.0,0.024903055
0.0,0.17147548
0.0,0.02512698
0.0,0.11179465
0.0,0.043877684
0.0,0.05209317
0.0,0.08705842
0.0,0.061731305
0.0,0.0386403
0.0,0.068079315
0.0,0.045717496
0.0,0.07751392
0.0,0.01637169
0.0,0.024864718
0.0,0.056082558
0.0,0.033150963
0.0,0.057867527
0.0,0.09674749
0.0,0.0134491315
0.0,0.041659456
0.0,0.037207674
0.0,0.071749635
0.0,0.025681842
0.0,0.04326937
0.0,0.09896706
0.0,0.013352197
0.0,0.054305963
0.0,0.06384841
0.0,0.03805931
0.0,0.021005403
0.0,0.05170397
0.0,0.035494197
0.0,0.05792354
2.0,0.05266123
0.0,0.0650588
0.0,0.026236404
0.0,0.029058214
0.0,0.051867567
0.0,0.03953319
0.0,0.05923682
0.0,0.018556474
0.0,0.015938358
0.0,0.016767016
0.0,0.03969888
0.0,0.040822104
0.0,0.027757837
0.0,0.059263352
0.0,0.15542656
0.0,0.063195765
0.0,0.021192733
0.0,0.047357313
0.0,0.049691558
0.0,0.07174012
0.0,0.03462738
0.0,0.056451943
0.0,0.07899859
0.0,0.06614975
0.0,0.087031044
0.0,0.038577836
0.0,0.06513221
0.0,0.054154895
0.0,0.042911727
1.0,0.060356967
0.0,0.06179153
0.0,0.19471315
0.0,0.041558564
0.0,0.029617395
0.0,0.011886533
0.0,0.06936221
0.0,0.05451113
0.0,0.041018844
0.0,0.042559154
0.0,0.05027613
0.0,0.013810742
0.0,0.009586783
0.0,0.043874986
0.0,0.039509106
0.0,0.030452646
0.0,0.021300448
0.0,0.040778756
0.0,0.050559334
0.0,0.09095676
0.0,0.008293517
0.0,0.034915544
0.0,0.101044275
0.0,0.04568117
0.0,0.021479491
0.0,0.04619303
0.0,0.0656965
0.0,0.059963986
0.0,0.054626063
0.0,0.011359805
0.0,0.02381708
0.0,0.035255466
0.0,0.064706594
0.0,0.018779276
0.0,0.018704565
0.0,0.011607954
0.0,0.048454657
1.0,0.10868684
0.0,0.0186831
0.0,0.046427634
0.0,0.07744188
1.0,0.06365419
0.0,0.05093418
0.0,0.048706554
0.0,0.016708115
0.0,0.06670979
0.0,0.05512745
0.0,0.0201105
0.0,0.029033132
1.0,0.098200634
0.0,0.058987357
0.0,0.06015466
0.0,0.06832469
0.0,0.04609274
0.0,0.03486615
0.0,0.024985496
0.0,0.06406463
0.0,0.06760246
0.0,0.043954954
0.0,0.01816563
0.0,0.11853462
0.0,0.050535448
0.0,0.013104748
0.0,0.05964393
0.0,0.08279486
0.0,0.08024611
0.0,0.08552095
0.0,0.04362105
0.0,0.06691894
0.0,0.020331467
0.0,0.061212253
0.0,0.044906862
1.0,0.04882887
0.0,0.025086671
0.0,0.05973162
0.0,0.0319071
0.0,0.036061402
0.0,0.06052802
0.0,0.03478803
0.0,0.023655217
0.0,0.024250086
0.0,0.04633501
0.0,0.08198955
0.0,0.038517565
0.0,0.1287862
0.0,0.036847826
1.0,0.080841295
0.0,0.04032766
0.0,0.04271165
0.0,0.0817198
0.0,0.12352509
0.0,0.040597044
0.0,0.2054359
0.0,0.022687599
1.0,0.023139175
0.0,0.02308086
0.0,0.025091134
0.0,0.028882898
0.0,0.034587942
0.0,0.0131653445
1.0,0.081381224
0.0,0.057362333
0.0,0.06886323
0.0,0.06356692
0.0,0.039873075
0.0,0.015855143
0.0,0.0643228
0.0,0.06778169
0.0,0.053689994
0.0,0.021863712
0.0,0.13428293
0.0,0.032650843
0.0,0.1375885
0.0,0.05303059
0.0,0.032595605
0.0,0.06591027
0.0,0.027309734
0.0,0.03773955
0.0,0.059880953
1.0,0.063713744
0.0,0.025475837
0.0,0.0613604
0.0,0.024719948
0.0,0.027267043
0.0,0.07820782
0.0,0.041210327
0.0,0.045966625
0.0,0.04351387
0.0,0.068764426
0.0,0.032909
0.0,0.046118066
0.0,0.019822463
0.0,0.071773276
0.0,0.056865204
1.0,0.046411455
0.0,0.061458174
0.0,0.024627073
0.0,0.008726568
0.0,0.019211262
0.0,0.025178
0.0,0.09033077
0.0,0.05800277
1.0,0.058105275
0.0,0.052023116
2.0,0.029607255
0.0,0.085855834
0.0,0.048819818
0.0,0.12905712
0.0,0.060418673
0.0,0.039862923
0.0,0.027699104
0.0,0.041293435
1.0,0.32931954
0.0,0.04496986
0.0,0.057959266
0.0,0.07986054
0.0,0.03714568
0.0,0.064798914
0.0,0.025113385
0.0,0.052203573
0.0,0.015460005
0.0,0.039355207
0.0,0.037805434
0.0,0.036861412
0.0,0.057953503
0.0,0.015142999
0.0,0.04804994
0.0,0.04663731
0.0,0.056514066
0.0,0.013304328
0.0,0.032561757
0.0,0.04379821
0.0,0.036181454
0.0,0.03558106
0.0,0.04894872
0.0,0.02841646
0.0,0.070975326
0.0,0.07542815
0.0,0.13930485
0.0,0.057281807
0.0,0.116887316
0.0,0.043502275
0.0,0.055600394
0.0,0.043260973
0.0,0.034963094
0.0,0.09089084
0.0,0.053516775
0.0,0.048073363
0.0,0.027864909
0.0,0.053415738
0.0,0.050903905
0.0,0.06214686
0.0,0.017974542
0.0,0.05714213
0.0,0.042965353
0.0,0.057597276
1.0,0.082683645
0.0,0.018871367
0.0,0.07528252
0.0,0.06673581
0.0,0.054648623
0.0,0.0401814
0.0,0.07901654
0.0,0.012073679
0.0,0.05623147
0.0,0.050935593
0.0,0.024032407
0.0,0.050470404
0.0,0.030084848
0.0,0.051952466
0.0,0.11626595
0.0,0.019174783
0.0,0.06674548
0.0,0.064419575
0.0,0.0758812
0.0,0.051706906
0.0,0.082835495
0.0,0.17076054
0.0,0.065571435
0.0,0.07750871
0.0,0.085303016
0.0,0.11870371
0.0,0.045525778
0.0,0.08452414
0.0,0.009755437
1.0,0.099565305
0.0,0.034619622
0.0,0.0420471
0.0,0.017324384
0.0,0.056444906
0.0,0.09367439
0.0,0.059223123
0.0,0.024105573
0.0,0.041094355
0.0,0.028282577
0.0,0.03328184
0.0,0.020124074
0.0,0.0352496
0.0,0.023150798
0.0,0.028470073
0.0,0.027546143
0.0,0.05842159
0.0,0.027689675
0.0,0.045060746
0.0,0.02038724
0.0,0.07298577
0.0,0.06873017
0.0,0.2090129
0.0,0.044815093
0.0,0.0471139
0.0,0.08876584
0.0,0.04267606
0.0,0.03180099
0.0,0.017330673
0.0,0.058934316
0.0,0.081865594
0.0,0.032521535
0.0,0.019393502
0.0,0.09249092
0.0,0.070678905
0.0,0.03184592
0.0,0.06601728
0.0,0.017568799
0.0,0.04726653
0.0,0.062353127
0.0,0.07031364
0.0,0.07644154
1.0,0.019868776
0.0,0.051364344
1.0,0.043220293
0.0,0.07259512
0.0,0.058352876
0.0,0.035055947
1.0,0.022543978
0.0,0.11225415
0.0,0.03933581
0.0,0.08532891
0.0,0.045606323
0.0,0.09524229
0.0,0.03560095
0.0,0.034768246
0.0,0.0121116955
0.0,0.040966537
0.0,0.055334106
0.0,0.044825565
0.0,0.03327275
0.0,0.10239106
0.0,0.029033381
1.0,0.07644475
0.0,0.05104325
0.0,0.084197074
0.0,0.026575953
0.0,0.025560392
0.0,0.07735548
0.0,0.048457593
0.0,0.03608015
0.0,0.039922997
0.0,0.05160631
0.0,0.052321024
0.0,0.011594739
0.0,0.07828028
1.0,0.033039235
0.0,0.025624251
1.0,0.027120981
0.0,0.15844332
0.0,0.023787852
0.0,0.028416257
0.0,0.037254613
0.0,0.03869925
0.0,0.036068916
0.0,0.08351917
0.0,0.05309952
0.0,0.2697834
0.0,0.013377918
0.0,0.0151801435
0.0,0.040786438
0.0,0.023352273
0.0,0.026210345
0.0,0.043651946
0.0,0.03704237
0.0,0.035544958
0.0,0.073279835
0.0,0.02158575
0.0,0.04835949
0.0,0.020407995
0.0,0.06338774
0.0,0.057268452
0.0,0.009711813
0.0,0.032047212
0.0,0.056365184
0.0,0.04996501
0.0,0.051102944
0.0,0.04731138
0.0,0.038576696
0.0,0.1000882
0.0,0.062351253
0.0,0.07309522
0.0,0.02858611
0.0,0.018515127
0.0,0.017432593
0.0,0.07813368
0.0,0.056318466
1.0,0.08910684
0.0,0.05906263
1.0,0.031082766
0.0,0.026260285
0.0,0.032642532
0.0,0.03244477
0.0,0.014675438
0.0,0.021281991
0.0,0.0569323
0.0,0.036260903
0.0,0.012783377
0.0,0.007841174
0.0,0.24487904
0.0,0.060124625
0.0,0.026808105
0.0,0.04033899
0.0,0.02437577
0.0,0.014612224
0.0,0.04602591
0.0,0.08508937
0.0,0.054415375
0.0,0.029254759
0.0,0.05737412
0.0,0.028503504
0.0,0.08916694
0.0,0.085517645
0.0,0.03812752
0.0,0.16674139
0.0,0.02114141
0.0,0.035782356
0.0,0.045910984
0.0,0.04511718
0.0,0.052762248
0.0,0.031062601
0.0,0.12628062
0.0,0.123206906
0.0,0.04508067
0.0,0.026397757
0.0,0.069362305
0.0,0.07384938
0.0,0.028868468
0.0,0.01869876
0.0,0.022241982
0.0,0.015443677
0.0,0.0561817
0.0,0.031284276
0.0,0.06679582
0.0,0.016702259
0.0,0.054545503
0.0,0.032920457
0.0,0.049022622
0.0,0.018555766
0.0,0.029166827
0.0,0.033007413
0.0,0.036346573
0.0,0.03188
0.0,0.035865683
0.0,0.20202643
0.0,0.033737995
0.0,0.08880843
0.0,0.018135129
0.0,0.035016134
0.0,0.057427373
0.0,0.06255411
0.0,0.025823021
0.0,0.030319
0.0,0.06537724
0.0,0.025617227
0.0,0.032588735
0.0,0.11533861
0.0,0.024707504
0.0,0.09281325
0.0,0.061248895
0.0,0.05482744
0.0,0.049808938
0.0,0.08388058
0.0,0.050227776
0.0,0.03453965
0.0,0.01178066
1.0,0.1514807
2.0,0.054088853
0.0,0.037380777
0.0,0.076896295
1.0,0.07281936
0.0,0.01977095
0.0,0.021979814
0.0,0.065166734
0.0,0.045297675
1.0,0.048941903
0.0,0.025349148
1.0,0.10582643
0.0,0.03715828
0.0,0.045254193
0.0,0.05394937
0.0,0.023682699
0.0,0.028172892
0.0,0.043864798
0.0,0.037535332
0.0,0.03492292
0.0,0.058584254
0.0,0.042201947
1.0,0.13022761
0.0,0.014598198
0.0,0.016043583
0.0,0.07728167
0.0,0.07137642
0.0,0.07355876
0.0,0.041492745
0.0,0.068767086
0.0,0.013043024
0.0,0.031427063
0.0,0.09360706
1.0,0.08823698
0.0,0.015529116
0.0,0.03447129
0.0,0.025665425
0.0,0.021726549
0.0,0.026582342
0.0,0.026429245
0.0,0.10292408
0.0,0.06558352
1.0,0.08250492
0.0,0.04639592
0.0,0.03853998
0.0,0.014576621
0.0,0.06674585
0.0,0.06636519
0.0,0.043170117
0.0,0.08336787
0.0,0.02095591
0.0,0.049191687
0.0,0.029147612
0.0,0.05500076
0.0,0.08654196
0.0,0.1777187
0.0,0.055730376
0.0,0.11868065
1.0,0.078171246
0.0,0.032920584
0.0,0.038365096
0.0,0.07375716
0.0,0.04565641
0.0,0.12453037
0.0,0.061376482
0.0,0.019515758
2.0,0.121428065
0.0,0.023739513
0.0,0.06449648
0.0,0.01533274
0.0,0.031924464
0.0,0.052588105
0.0,0.033714518
0.0,0.12207236
0.0,0.082740046
0.0,0.07443867
0.0,0.034205183
0.0,0.018287163
0.0,0.05360187
0.0,0.03801886
0.0,0.048134357
0.0,0.042270906
0.0,0.05693936
0.0,0.073921286
0.0,0.06326647
0.0,0.049292065
0.0,0.066216245
1.0,0.10758254
0.0,0.04227919
0.0,0.053549346
0.0,0.0451853
0.0,0.034167346
0.0,0.06681758
0.0,0.041975223
0.0,0.04011158
0.0,0.13048996
0.0,0.05562344
0.0,0.036076177
0.0,0.06451072
0.0,0.08689401
0.0,0.01727681
0.0,0.0608616
0.0,0.036528785
0.0,0.066721424
0.0,0.05714751
0.0,0.07620611
0.0,0.06675436
0.0,0.048194252
0.0,0.019374378
0.0,0.1512712
0.0,0.026027055
0.0,0.028578095
0.0,0.030751448
0.0,0.07001988
0.0,0.07477027
0.0,0.012788944
0.0,0.045936845
0.0,0.02805931
0.0,0.022398626
0.0,0.037456572
0.0,0.058788367
0.0,0.022026734
0.0,0.028828137
0.0,0.070859306
0.0,0.11704342
0.0,0.034998458
0.0,0.08169907
0.0,0.016636493
0.0,0.012527065
0.0,0.051977444
0.0,0.020980459
0.0,0.075532004
0.0,0.061394133
0.0,0.03769313
0.0,0.20355602
0.0,0.023877949
0.0,0.017143914
0.0,0.05422076
0.0,0.08399423
0.0,0.036579072
0.0,0.1114455
0.0,0.1238418
0.0,0.028724702
0.0,0.03411421
0.0,0.032570157
0.0,0.008624074
0.0,0.038448
0.0,0.06687996
0.0,0.05238603
0.0,0.08344053
0.0,0.011391353
0.0,0.04698763
0.0,0.04249467
0.0,0.043841667
0.0,0.03542391
0.0,0.05536818
0.0,0.049008857
1.0,0.10038851
0.0,0.027955355
0.0,0.023930553
0.0,0.033648506
0.0,0.010209989
0.0,0.033158634
0.0,0.025309652
1.0,0.06305336
0.0,0.043195054
0.0,0.032235693
0.0,0.023718478
0.0,0.042466026
0.0,0.036683403
0.0,0.05255366
0.0,0.019534854
0.0,0.06443109
0.0,0.06775553
0.0,0.062033497
0.0,0.033565912
0.0,0.04561315
0.0,0.025752526
0.0,0.047700938
1.0,0.034315668
0.0,0.029437104
0.0,0.05410054
1.0,0.113257796
0.0,0.038674146
0.0,0.046080917
0.0,0.04409107
0.0,0.057596534
0.0,0.036227513
0.0,0.05776888
0.0,0.017768538
0.0,0.062147513
0.0,0.054651644
0.0,0.028883547
0.0,0.031488143
0.0,0.043142833
0.0,0.024266327
1.0,0.047651447
0.0,0.030230217
0.0,0.025303666
0.0,0.051346466
0.0,0.016865049
0.0,0.015417976
0.0,0.06280751
0.0,0.045870196
0.0,0.038700156
0.0,0.030261904
0.0,0.044931985
0.0,0.02146146
0.0,0.072187096
0.0,0.049531993
0.0,0.03641218
0.0,0.018139496
1.0,0.0649378
0.0,0.031399935
0.0,0.040765323
0.0,0.028720813
0.0,0.08400248
0.0,0.07676814
0.0,0.042007823
0.0,0.043247424
0.0,0.033609733
0.0,0.028067311
0.0,0.056120653
0.0,0.021025807
0.0,0.08252393
0.0,0.051188692
0.0,0.038593218
0.0,0.0550899
0.0,0.057725128
0.0,0.029165186
0.0,0.052586753
0.0,0.018806115
0.0,0.024497502
0.0,0.09051743
0.0,0.041586336
0.0,0.07398296
0.0,0.019730642
0.0,0.017709794
0.0,0.036429513
1.0,0.03308811
0.0,0.040103853
0.0,0.09053787
0.0,0.07384554
0.0,0.02429475
0.0,0.07742645
0.0,0.092188515
1.0,0.04185211
0.0,0.02885849
0.0,0.061225913
0.0,0.06983401
1.0,0.07670235
0.0,0.125353
1.0,0.057569847
0.0,0.06853352
0.0,0.019881941
0.0,0.036293563
0.0,0.026045889
0.0,0.07189539
0.0,0.040073328
0.0,0.022539591
0.0,0.03310012
0.0,0.05031532
0.0,0.022737212
0.0,0.08841227
0.0,0.030208027
0.0,0.045651272
0.0,0.02047081
0.0,0.053461276
0.0,0.057627413
0.0,0.0690657
0.0,0.04149051
0.0,0.01872491
0.0,0.07059303
0.0,0.07453519
0.0,0.044959463
1.0,0.19361505
0.0,0.061283365
0.0,0.05125735
0.0,0.06358727
0.0,0.023571938
0.0,0.06275667
0.0,0.035099234
0.0,0.21123344
0.0,0.027881019
0.0,0.054624394
1.0,0.07857496
0.0,0.045956302
0.0,0.111565374
0.0,0.044725835
0.0,0.07843612
0.0,0.052034408
0.0,0.04479552
0.0,0.035830643
0.0,0.036782086
0.0,0.12805377
1.0,0.052921996
0.0,0.013534786
0.0,0.07297756
0.0,0.021749405
0.0,0.058945276
0.0,0.18887599
0.0,0.04287747
0.0,0.032533836
0.0,0.036365192
0.0,0.03707179
0.0,0.05305692
0.0,0.037188306
0.0,0.04957767
0.0,0.048766606
0.0,0.046650615
0.0,0.08106758
0.0,0.044444613
0.0,0.084748104
0.0,0.077135585
0.0,0.02461599
0.0,0.054729387
0.0,0.043159682
0.0,0.0336006
0.0,0.035915777
0.0,0.020412404
0.0,0.02730152
0.0,0.034494027
0.0,0.0276092
0.0,0.065450765
0.0,0.010536641
0.0,0.047486767
0.0,0.053444427
0.0,0.059478197
0.0,0.060922865
0.0,0.04379025
0.0,0.049886283
0.0,0.04570226
0.0,0.03669248
0.0,0.07398409
0.0,0.014537555
0.0,0.23675287
0.0,0.05778084
0.0,0.031221239
0.0,0.08392155
0.0,0.07144473
0.0,0.09432575
0.0,0.06792643
0.0,0.06556639
0.0,0.057991695
0.0,0.032245163
0.0,0.078827
0.0,0.08342697
0.0,0.016771508
0.0,0.05602298
0.0,0.03246207
0.0,0.01891902
0.0,0.044791296
0.0,0.05710258
0.0,0.082023025
0.0,0.046797574
0.0,0.028483815
0.0,0.07115079
0.0,0.020648608
0.0,0.030552277
0.0,0.06798842
0.0,0.03597244
0.0,0.015126132
0.0,0.02894762
0.0,0.08693894
0.0,0.023217293
0.0,0.036549587
0.0,0.07232063
0.0,0.013006462
0.0,0.042096432
1.0,0.07010832
0.0,0.018041588
0.0,0.068661906
0.0,0.06839872
0.0,0.10081971
0.0,0.06514544
0.0,0.048142366
0.0,0.046775997
0.0,0.0614908
0.0,0.025414685
0.0,0.07389316
0.0,0.07223738
1.0,0.07883726
0.0,0.043644726
0.0,0.01618411
0.0,0.027508551
0.0,0.04995734
0.0,0.052576073
0.0,0.062237933
0.0,0.018758066
0.0,0.08848667
0.0,0.018932892
0.0,0.028163811
0.0,0.028009687
0.0,0.050488792
0.0,0.011571778
0.0,0.060443196
0.0,0.08815174
0.0,0.034026142
0.0,0.0849645
0.0,0.03213166
0.0,0.04345741
0.0,0.090898246
0.0,0.07399505
0.0,0.062263444
0.0,0.050128385
1.0,0.06889052
0.0,0.09884335
0.0,0.043114677
0.0,0.016440587
0.0,0.026770499
0.0,0.01631602
0.0,0.0582298
0.0,0.02933641
0.0,0.09984169
0.0,0.07745041
0.0,0.09065343
0.0,0.12866615
0.0,0.06430455
0.0,0.04685241
0.0,0.08933833
0.0,0.034024585
0.0,0.04068875
0.0,0.06691339
0.0,0.0697781
0.0,0.051136117
0.0,0.07030087
1.0,0.066309296
0.0,0.080339596
0.0,0.094806984
0.0,0.062232412
0.0,0.057800267
0.0,0.03292096
0.0,0.04964923
0.0,0.014837111
0.0,0.029432122
0.0,0.035682034
0.0,0.056476284
0.0,0.076555006
0.0,0.025885526
1.0,0.060837504
0.0,0.04493895
0.0,0.043445207
0.0,0.0253724
0.0,0.022446878
0.0,0.037290215
0.0,0.03730209
0.0,0.03287238
0.0,0.027806694
0.0,0.061316457
0.0,0.06119585
0.0,0.027672859
0.0,0.059052955
0.0,0.080656536
0.0,0.19746229
0.0,0.0706213
0.0,0.052672833
0.0,0.025064766
0.0,0.04393398
0.0,0.031286035
0.0,0.04377858
0.0,0.040934183
0.0,0.037597723
0.0,0.06237106
0.0,0.028049115
0.0,0.040832732
0.0,0.040870465
0.0,0.015613017
0.0,0.063354045
0.0,0.051748518
0.0,0.056769
0.0,0.07553048
0.0,0.14634496
0.0,0.03569451
1.0,0.0591623
0.0,0.055366043
0.0,0.06759153
0.0,0.1394664
0.0,0.049725216
0.0,0.047234602
0.0,0.06644549
0.0,0.026700025
0.0,0.07321363
0.0,0.02216686
0.0,0.023737997
0.0,0.017714294
0.0,0.04997166
0.0,0.069786385
0.0,0.03669458
0.0,0.023473514
0.0,0.11966372
0.0,0.014988867
0.0,0.026714161
0.0,0.074600235
0.0,0.035332594
0.0,0.012970657
0.0,0.020180162
0.0,0.04266758
0.0,0.024387546
0.0,0.030370872
0.0,0.038462028
0.0,0.018148243
0.0,0.05231449
0.0,0.08812648
0.0,0.1784553
0.0,0.04738383
0.0,0.06882886
0.0,0.12898152
0.0,0.0221911
0.0,0.052167445
0.0,0.037307393
0.0,0.0503176
0.0,0.061510287
0.0,0.018304883
0.0,0.031864814
0.0,0.10219482
0.0,0.069999315
0.0,0.2728891
0.0,0.0404326
0.0,0.07771335
0.0,0.03524965
0.0,0.07312923
0.0,0.042647094
0.0,0.036147792
0.0,0.041134723
0.0,0.014234819
0.0,0.031569898
0.0,0.016703606
0.0,0.060966574
0.0,0.046211183
0.0,0.03612062
0.0,0.09168787
0.0,0.11386395
0.0,0.011441588
0.0,0.07365044
0.0,0.040834233
0.0,0.03925082
0.0,0.061588444
0.0,0.01575472
0.0,0.058522493
0.0,0.041681927
0.0,0.043727487
0.0,0.05504014
0.0,0.2549736
0.0,0.104492515
0.0,0.20238906
0.0,0.083019644
0.0,0.05480172
0.0,0.015908655
0.0,0.04248776
0.0,0.06399877
0.0,0.031055655
0.0,0.010910355
0.0,0.033451065
0.0,0.059997607
0.0,0.03285533
0.0,0.016572542
0.0,0.034900665
0.0,0.026022512
0.0,0.08261144
0.0,0.041210387
1.0,0.055919215
0.0,0.058539644
0.0,0.061983347
0.0,0.055605378
0.0,0.015140132
0.0,0.061709438
0.0,0.05357629
0.0,0.05004675
0.0,0.008808329
0.0,0.013844389
0.0,0.07120752
0.0,0.011944452
0.0,0.030419687
1.0,0.19845402
0.0,0.034509968
0.0,0.040456496
1.0,0.034043018
0.0,0.09411746
0.0,0.07850359
0.0,0.020185081
0.0,0.044178676
0.0,0.065930985
0.0,0.090177655
0.0,0.054266255
0.0,0.031773157
0.0,0.054212045
0.0,0.036124323
0.0,0.05576198
0.0,0.047418796
0.0,0.050753515
0.0,0.027713794
0.0,0.1480958
0.0,0.049711846
0.0,0.066103935
0.0,0.071498334
0.0,0.043569222
0.0,0.023439478
0.0,0.07389774
0.0,0.035165004
0.0,0.034824047
0.0,0.05567529
0.0,0.08208222
0.0,0.010362735
0.0,0.027283665
0.0,0.044256963
0.0,0.059121944
0.0,0.007963796
0.0,0.21306473
0.0,0.02550266
0.0,0.02348583
0.0,0.028804475
0.0,0.057414737
0.0,0.04447516
0.0,0.02230658
0.0,0.040374763
0.0,0.045718957
0.0,0.04502142
0.0,0.039901774
0.0,0.025662549
0.0,0.11762297
0.0,0.042736135
0.0,0.05370605
0.0,0.061448842
0.0,0.02319776
0.0,0.011487175
0.0,0.015009694
0.0,0.06075698
0.0,0.08523743
0.0,0.017092302
0.0,0.012144885
0.0,0.034425702
0.0,0.05360964
0.0,0.103239544
0.0,0.032566275
0.0,0.03999033
0.0,0.05621809
0.0,0.029861161
0.0,0.03406819
0.0,0.031614143
0.0,0.0755772
0.0,0.03841822
0.0,0.14469582
0.0,0.055415805
0.0,0.039382502
0.0,0.073093474
0.0,0.017812846
0.0,0.08977005
0.0,0.016554149
0.0,0.050266255
0.0,0.06445079
0.0,0.09258186
0.0,0.053002354
0.0,0.016677406
0.0,0.01861303
0.0,0.055690713
0.0,0.029651774
0.0,0.047293223
0.0,0.033090618
0.0,0.0723061
0.0,0.111528486
0.0,0.018314311
0.0,0.024733884
0.0,0.064797744
1.0,0.02435705
0.0,0.04387913
0.0,0.04439439
0.0,0.09428286
0.0,0.031199822
0.0,0.04481956
0.0,0.035615552
0.0,0.04424601
0.0,0.01535649
0.0,0.085029565
0.0,0.038500268
0.0,0.021504352
0.0,0.05837844
1.0,0.046193622
0.0,0.054277565
0.0,0.14860862
0.0,0.045407146
0.0,0.04044982
0.0,0.033272684
1.0,0.066608325
0.0,0.050173655
0.0,0.055568296
1.0,0.10046283
0.0,0.08724967
0.0,0.10403884
0.0,0.032576803
0.0,0.062918834
0.0,0.05071401
0.0,0.0449713
0.0,0.05573928
0.0,0.039186787
0.0,0.01731796
0.0,0.016184526
0.0,0.0749169
0.0,0.09991887
0.0,0.06944961
0.0,0.07267159
0.0,0.06762905
0.0,0.12456647
0.0,0.08864161
0.0,0.062407218
0.0,0.069142446
0.0,0.052513957
0.0,0.06628374
0.0,0.053492945
0.0,0.033919226
0.0,0.054945763
0.0,0.050714806
0.0,0.07142579
0.0,0.010681818
0.0,0.033063885
0.0,0.067641675
0.0,0.034509476
0.0,0.04217487
0.0,0.03408338
0.0,0.055850595
0.0,0.063076995
0.0,0.06903185
0.0,0.061747365
0.0,0.029463703
0.0,0.047951065
0.0,0.0354418
0.0,0.09685397
0.0,0.028300276
0.0,0.05544493
0.0,0.05547807
0.0,0.011710238
0.0,0.07004987
0.0,0.023214515
0.0,0.033885714
0.0,0.029656313
0.0,0.051218674
0.0,0.027744219
0.0,0.04767622
0.0,0.07222539
0.0,0.039102904
0.0,0.09442481
0.0,0.06948432
0.0,0.026506826
0.0,0.10818519
0.0,0.079387575
0.0,0.024900408
0.0,0.009924957
0.0,0.06745682
0.0,0.024427058
0.0,0.06832641
0.0,0.076355
0.0,0.030612314
0.0,0.048282143
0.0,0.02439983
0.0,0.06850082
0.0,0.06614455
0.0,0.043388996
0.0,0.036453962
1.0,0.02704938
0.0,0.20809653
0.0,0.026199749
1.0,0.028273245
0.0,0.03750234
1.0,0.08079968
1.0,0.10348208
0.0,0.020016465
0.0,0.07708878
0.0,0.06916704
0.0,0.029899046
0.0,0.108661294
0.0,0.04129696
0.0,0.038341466
0.0,0.06698519
0.0,0.05649542
0.0,0.06870379
0.0,0.014957987
0.0,0.041792244
0.0,0.038436618
0.0,0.050391767
0.0,0.045123465
0.0,0.039374992
0.0,0.04013165
0.0,0.06568478
0.0,0.06265564
0.0,0.017982086
0.0,0.061664347
0.0,0.051904455
2.0,0.08069683
0.0,0.082381636
0.0,0.059994776
0.0,0.031185262
0.0,0.04994712
0.0,0.06175929
0.0,0.023088025
0.0,0.041315928
0.0,0.08776307
0.0,0.048897304
0.0,0.047540464
1.0,0.07673593
0.0,0.062359076
0.0,0.063663386
0.0,0.061133727
0.0,0.06854358
0.0,0.047795266
0.0,0.08278039
0.0,0.017631464
0.0,0.04289698
0.0,0.04382121
0.0,0.013840653
0.0,0.06263942
0.0,0.057632443
0.0,0.07402841
0.0,0.07809021
0.0,0.04680853
0.0,0.15900968
0.0,0.06661129
0.0,0.09623808
0.0,0.018283397
0.0,0.064265296
0.0,0.09884068
0.0,0.02629641
0.0,0.03311
0.0,0.0712325
0.0,0.013541577
0.0,0.076139785
0.0,0.050204813
0.0,0.021683866
0.0,0.03889828
0.0,0.035418015
0.0,0.038964424
0.0,0.031771403
0.0,0.02107055
0.0,0.016994527
1.0,0.04930128
0.0,0.044236645
0.0,0.0388899
0.0,0.06927693
0.0,0.036352728
0.0,0.14607637
0.0,0.06467917
0.0,0.023745399
0.0,0.064827345
0.0,0.06467627
0.0,0.06128071
0.0,0.032652155
0.0,0.029804843
1.0,0.043288026
0.0,0.06164253
0.0,0.03664616
0.0,0.035229936
0.0,0.054746483
0.0,0.066378705
0.0,0.046711113
0.0,0.07320497
0.0,0.028079212
0.0,0.067027904
0.0,0.05516855
0.0,0.07806376
0.0,0.039696664
0.0,0.10264927
0.0,0.067302726
0.0,0.05491923
0.0,0.044960536
0.0,0.07637782
0.0,0.02943775
1.0,0.11211947
0.0,0.06195467
0.0,0.035827223
0.0,0.051077604
0.0,0.036357615
0.0,0.044800714
0.0,0.040072583
0.0,0.021607025
1.0,0.06311241
0.0,0.018385509
0.0,0.021427952
0.0,0.034389593
0.0,0.07003668
0.0,0.021324372
0.0,0.06860066
0.0,0.026475234
0.0,0.03636228
0.0,0.055455007
0.0,0.035467923
0.0,0.04119671
0.0,0.009590135
0.0,0.12783933
0.0,0.029678056
0.0,0.02994913
0.0,0.08464984
0.0,0.05433925
0.0,0.057349134
0.0,0.0120409075
0.0,0.018081086
0.0,0.039633304
0.0,0.055513714
0.0,0.037583545
1.0,0.7955607
0.0,0.08545263
0.0,0.13595988
0.0,0.032029018
0.0,0.04645828
1.0,0.021089135
0.0,0.027164223
0.0,0.03621829
0.0,0.047372013
0.0,0.021934176
0.0,0.061495945
0.0,0.015166484
0.0,0.044343613
0.0,0.09740742
0.0,0.06442747
0.0,0.027789382
0.0,0.042421985
0.0,0.08243738
0.0,0.05141899
0.0,0.034325927
0.0,0.020260904
0.0,0.06396107
0.0,0.057079576
0.0,0.043642975
0.0,0.01465038
0.0,0.05931093
0.0,0.028612155
0.0,0.014545855
0.0,0.03351867
0.0,0.040093318
0.0,0.07100688
0.0,0.036919285
1.0,0.046125613
0.0,0.044140734
0.0,0.1102549
0.0,0.06441085
0.0,0.033947963
0.0,0.02390698
0.0,0.0534272
0.0,0.06634983
0.0,0.06521413
0.0,0.013093361
0.0,0.031894702
0.0,0.045082644
0.0,0.048989326
0.0,0.04909601
0.0,0.013908956
0.0,0.026352495
0.0,0.046763107
0.0,0.044792578
0.0,0.036924407
0.0,0.01815496
0.0,0.022313867
1.0,0.0735808
0.0,0.032351106
0.0,0.041723765
0.0,0.025567535
0.0,0.025203958
0.0,0.06308476
0.0,0.048523884
0.0,0.04563027
0.0,0.023941465
0.0,0.07782714
0.0,0.056507893
0.0,0.049462907
0.0,0.062548876
0.0,0.08041753
0.0,0.05461296
0.0,0.02402433
0.0,0.06928053
0.0,0.04477515
0.0,0.01496809
0.0,0.030036842
0.0,0.072188765
0.0,0.03277323
0.0,0.07119192
0.0,0.08953619
0.0,0.0534068
0.0,0.047120932
1.0,0.022502575
0.0,0.07466269
0.0,0.028019654
0.0,0.05545331
0.0,0.04003127
0.0,0.07823968
0.0,0.023039393
0.0,0.06338505
0.0,0.02740797
0.0,0.059169635
0.0,0.1316141
0.0,0.033666354
0.0,0.10900979
0.0,0.18218681
0.0,0.013482772
0.0,0.036180004
0.0,0.02854658
0.0,0.07133185
0.0,0.020550549
0.0,0.029473748
0.0,0.021174653
0.0,0.014784186
0.0,0.08243347
0.0,0.05813938
0.0,0.06417353
0.0,0.013424073
0.0,0.04025375
0.0,0.05888586
0.0,0.0077968617
0.0,0.030068297
0.0,0.06040018
0.0,0.018393122
0.0,0.020244189
0.0,0.050894223
0.0,0.06026517
0.0,0.027470065
0.0,0.040328834
0.0,0.091321155
0.0,0.037501574
0.0,0.02177755
0.0,0.03923568
0.0,0.053918485
0.0,0.030562665
0.0,0.07613023
0.0,0.03419998
0.0,0.06801183
0.0,0.051955566
0.0,0.060513664
0.0,0.032220002
0.0,0.11446091
0.0,0.076435894
0.0,0.05023606
0.0,0.06173095
0.0,0.041989516
0.0,0.03731837
0.0,0.021085493
0.0,0.07633409
0.0,0.019233096
0.0,0.05294494
0.0,0.027140193
0.0,0.013992615
0.0,0.04744096
0.0,0.04622196
0.0,0.031493805
0.0,0.06623052
0.0,0.034578558
0.0,0.057395026
0.0,0.06868742
1.0,0.2007546
0.0,0.033941958
0.0,0.06470507
0.0,0.13208276
0.0,0.02068225
0.0,0.023447337
0.0,0.05446361
0.0,0.03826483
0.0,0.12019545
0.0,0.19777554
1.0,0.061648984
0.0,0.03402841
0.0,0.023368567
0.0,0.017360829
0.0,0.031922195
0.0,0.06062172
0.0,0.024718355
0.0,0.04120689
0.0,0.1448335
0.0,0.049583886
0.0,0.06058112
0.0,0.069042586
0.0,0.050842434
0.0,0.04435637
0.0,0.05812746
0.0,0.0650182
0.0,0.048556127
0.0,0.0382041
0.0,0.08458282
0.0,0.086957976
0.0,0.018199624
0.0,0.025504777
0.0,0.045183126
0.0,0.029792268
0.0,0.054385338
0.0,0.07072394
0.0,0.04684441
1.0,0.02617661
0.0,0.04359749
0.0,0.047367044
0.0,0.03355825
0.0,0.041630916
0.0,0.011730116
0.0,0.039338622
0.0,0.020824464
0.0,0.032211307
0.0,0.022896394
0.0,0.031878404
1.0,0.052411344
0.0,0.055981938
0.0,0.036799278
0.0,0.054784633
0.0,0.04701565
0.0,0.16933633
0.0,0.03600448
0.0,0.21865553
0.0,0.07302253
0.0,0.05333137
0.0,0.061377272
0.0,0.06412129
0.0,0.024390362
0.0,0.06403652
0.0,0.053556573
0.0,0.032929376
0.0,0.05590791
0.0,0.058559995
0.0,0.07569539
0.0,0.08376124
0.0,0.019993372
0.0,0.06914838
0.0,0.027950156
0.0,0.040335834
0.0,0.015078949
0.0,0.029656935
0.0,0.06980023
0.0,0.03690364
0.0,0.049905553
0.0,0.017678482
1.0,0.060089126
0.0,0.11057327
0.0,0.078900255
0.0,0.12731707
1.0,0.13657397
1.0,0.021178551
0.0,0.040020507
0.0,0.02681616
0.0,0.029310444
0.0,0.024800185
1.0,0.057869073
0.0,0.047457185
0.0,0.06728318
0.0,0.029939821
0.0,0.06277158
0.0,0.091264635
0.0,0.031797137
1.0,0.041548163
0.0,0.071016125
0.0,0.034673974
0.0,0.05334335
0.0,0.20947227
0.0,0.009135811
0.0,0.034699842
0.0,0.063295856
0.0,0.09255299
0.0,0.118159
0.0,0.056063548
0.0,0.01839942
1.0,0.055578418
0.0,0.056324992
0.0,0.10041374
0.0,0.021583669
0.0,0.0613971
0.0,0.08121894
1.0,0.057164203
0.0,0.06344843
0.0,0.04142962
1.0,0.07661166
0.0,0.09247279
0.0,0.028938193
0.0,0.052235745
0.0,0.054719627
0.0,0.021905996
0.0,0.013699268
0.0,0.059204206
0.0,0.06434472
0.0,0.06892665
0.0,0.052919067
0.0,0.06792951
0.0,0.032434143
0.0,0.042916518
0.0,0.02576256
0.0,0.04137237
0.0,0.010265749
0.0,0.04751012
0.0,0.08243056
0.0,0.050010394
0.0,0.03420515
0.0,0.025152741
0.0,0.042331174
0.0,0.04220587
0.0,0.07798518
0.0,0.020875078
0.0,0.039625444
0.0,0.0731262
1.0,0.029628469
0.0,0.0754719
0.0,0.032815967
0.0,0.05506119
0.0,0.069141865
0.0,0.06280776
0.0,0.017927121
0.0,0.05341378
0.0,0.04156685
0.0,0.13768564
1.0,0.04127796
0.0,0.0586347
0.0,0.02928897
1.0,0.08414161
0.0,0.06699675
0.0,0.014451135
0.0,0.03845392
1.0,0.06897922
0.0,0.04041901
0.0,0.054083206
0.0,0.10691572
0.0,0.09745381
0.0,0.045847632
0.0,0.047908098
0.0,0.06966104
0.0,0.015431847
0.0,0.042079773
0.0,0.06604555
0.0,0.037082557
0.0,0.084783874
1.0,0.056593537
0.0,0.036847755
0.0,0.08934778
0.0,0.03867324
0.0,0.11199799
0.0,0.020895515
0.0,0.060642075
0.0,0.123263255
0.0,0.06359464
0.0,0.057879396
0.0,0.027141603
0.0,0.16242552
0.0,0.013013087
0.0,0.013871362
0.0,0.039848138
0.0,0.058007624
0.0,0.055433776
0.0,0.098418385
0.0,0.07034418
0.0,0.037766803
0.0,0.035522304
0.0,0.020361746
0.0,0.06294717
0.0,0.06200413
0.0,0.038283005
0.0,0.02187995
0.0,0.016279325
0.0,0.068271965
0.0,0.046632554
0.0,0.16465408
0.0,0.059621084
0.0,0.07131546
0.0,0.103033826
0.0,0.038345158
0.0,0.098967195
0.0,0.057531305
0.0,0.033900954
0.0,0.041874886
0.0,0.019914817
0.0,0.019586556
0.0,0.01669624
0.0,0.04910163
0.0,0.073387146
0.0,0.041114643
0.0,0.06486807
0.0,0.051994845
1.0,0.095572
0.0,0.032184012
0.0,0.022444665
0.0,0.07473126
1.0,0.021979101
0.0,0.059160803
0.0,0.06444365
0.0,0.082413286
0.0,0.054155696
0.0,0.0284952
0.0,0.06940882
0.0,0.036854997
0.0,0.03248555
0.0,0.041190013
0.0,0.03590747
0.0,0.014608302
0.0,0.017944878
0.0,0.04719649
0.0,0.04529549
0.0,0.037952133
0.0,0.089539796
0.0,0.03868975
0.0,0.04550796
0.0,0.05694281
0.0,0.13408576
0.0,0.018424924
0.0,0.0633166
0.0,0.03879427
0.0,0.024788823
0.0,0.0682614
0.0,0.0539828
0.0,0.04517688
0.0,0.04640448
0.0,0.04707644
0.0,0.07630694
0.0,0.028294595
0.0,0.06811543
0.0,0.042889327
1.0,0.053864136
0.0,0.040106665
1.0,0.08168521
0.0,0.07309337
0.0,0.02220466
0.0,0.037157267
0.0,0.06065966
0.0,0.03664707
0.0,0.05224444
0.0,0.08806395
0.0,0.05901494
0.0,0.049977757
0.0,0.08126442
0.0,0.029294502
0.0,0.021144979
0.0,0.0615528
0.0,0.06000063
1.0,0.057559416
0.0,0.037928436
0.0,0.053934455
0.0,0.07390243
0.0,0.020811807
0.0,0.024123108
0.0,0.02796746
0.0,0.040941052
0.0,0.028208809
0.0,0.075227775
0.0,0.0901763
0.0,0.031374045
0.0,0.07366165
0.0,0.1450952
0.0,0.08346027
0.0,0.011388046
0.0,0.1197622
0.0,0.03346418
0.0,0.037545677
0.0,0.040725432
0.0,0.03509391
0.0,0.021338245
0.0,0.036779698
0.0,0.02611877
0.0,0.044424884
0.0,0.05023939
0.0,0.08032785
0.0,0.036054835
0.0,0.049181886
0.0,0.031342283
0.0,0.054391406
0.0,0.03446397
0.0,0.029894227
0.0,0.0710988
0.0,0.018132605
0.0,0.043533567
0.0,0.043924574
0.0,0.051222827
0.0,0.049656928
0.0,0.01392904
0.0,0.09825272
0.0,0.03714733
0.0,0.068977855
0.0,0.033416167
2.0,0.063147165
0.0,0.036468375
0.0,0.037604894
0.0,0.07469805
0.0,0.2689038
0.0,0.045297198
0.0,0.06820191
0.0,0.112221554
0.0,0.038322218
0.0,0.050439272
0.0,0.060455676
0.0,0.09287083
1.0,0.057234954
0.0,0.07258804
0.0,0.022722427
0.0,0.18165126
0.0,0.04732688
0.0,0.077381715
0.0,0.08608532
0.0,0.060910694
0.0,0.040295713
0.0,0.03545274
0.0,0.0858571
0.0,0.019883305
0.0,0.0347526
0.0,0.04091139
0.0,0.08704534
0.0,0.018120788
0.0,0.041281365
0.0,0.05624815
0.0,0.016203469
0.0,0.016385764
0.0,0.020440534
0.0,0.032475866
0.0,0.057841197
0.0,0.059745893
0.0,0.021745082
0.0,0.027139403
0.0,0.0727118
0.0,0.025663026
0.0,0.029774884
1.0,0.073184416
0.0,0.017376259
0.0,0.050483953
0.0,0.0787919
0.0,0.03796781
0.0,0.11301083
0.0,0.09750496
0.0,0.007887663
0.0,0.057893388
0.0,0.033708137
0.0,0.024550088
0.0,0.055288743
0.0,0.23348406
0.0,0.055443794
0.0,0.05718926
0.0,0.0747873
0.0,0.045928456
0.0,0.01839648
1.0,0.059344992
0.0,0.010222245
0.0,0.028943505
0.0,0.045518115
0.0,0.051526003
0.0,0.03399155
0.0,0.07862534
0.0,0.035354655
0.0,0.020680238
0.0,0.010342022
0.0,0.044550724
0.0,0.014357024
0.0,0.060339443
0.0,0.022454362
0.0,0.06523571
0.0,0.04492888
0.0,0.092687145
0.0,0.037790384
0.0,0.04078628
0.0,0.029125772
0.0,0.021285411
0.0,0.04238084
0.0,0.08954505
0.0,0.0224622
1.0,0.057197142
0.0,0.06318567
0.0,0.017099084
0.0,0.06328315
0.0,0.08439709
0.0,0.05052246
0.0,0.02441432
0.0,0.05181086
0.0,0.050591215
0.0,0.13904512
0.0,0.08647305
0.0,0.04181752
0.0,0.066272885
0.0,0.020208184
0.0,0.04506588
0.0,0.04513657
0.0,0.044362478
0.0,0.04463431
0.0,0.088239804
0.0,0.06793874
0.0,0.061031684
0.0,0.058469247
0.0,0.014401819
0.0,0.02191957
0.0,0.044238925
0.0,0.019102195
0.0,0.1153544
0.0,0.022713708
0.0,0.018028276
0.0,0.044249408
0.0,0.012899492
0.0,0.12951468
0.0,0.13765177
0.0,0.056456074
0.0,0.07697766
0.0,0.04912739
0.0,0.087659806
0.0,0.059033882
0.0,0.099801354
0.0,0.025599496
0.0,0.023813808
0.0,0.040741283
0.0,0.064617485
1.0,0.04562233
0.0,0.048560597
1.0,0.14934503
0.0,0.019831171
0.0,0.042303167
0.0,0.034616057
0.0,0.08501864
0.0,0.10108097
0.0,0.05405222
0.0,0.05979832
0.0,0.01589327
0.0,0.07160342
0.0,0.07805055
0.0,0.040741496
0.0,0.016408594
1.0,0.12448079
0.0,0.0763658
0.0,0.042054437
0.0,0.04837116
0.0,0.01874882
0.0,0.05143915
0.0,0.08069308
0.0,0.046061806
0.0,0.052331008
0.0,0.04900304
0.0,0.03770584
0.0,0.06306713
0.0,0.06077324
0.0,0.045207586
0.0,0.052046143
0.0,0.059553802
0.0,0.09381816
0.0,0.036885183
0.0,0.018709462
0.0,0.05500055
0.0,0.061842732
0.0,0.06434025
0.0,0.041632526
0.0,0.028329967
0.0,0.057512008
0.0,0.08157186
0.0,0.06435599
0.0,0.06826648
0.0,0.056919135
0.0,0.013471872
0.0,0.03725943
0.0,0.046689447
0.0,0.09449867
0.0,0.03983862
0.0,0.08045264
0.0,0.05192406
0.0,0.039416112
0.0,0.028448578
0.0,0.04187305
0.0,0.08267225
0.0,0.050128218
0.0,0.04386258
0.0,0.066457264
0.0,0.04550104
0.0,0.07714048
0.0,0.06251909
0.0,0.020166062
0.0,0.012991288
0.0,0.047096066
0.0,0.055275433
0.0,0.07900877
0.0,0.054986075
0.0,0.021541627
0.0,0.06055097
0.0,0.09128374
0.0,0.055650234
0.0,0.04531113
0.0,0.054514065
0.0,0.0197572
0.0,0.0739964
0.0,0.06415263
0.0,0.037697174
0.0,0.055653233
0.0,0.013937904
0.0,0.07196154
0.0,0.07833255
0.0,0.04517438
0.0,0.026463976
0.0,0.043660793
0.0,0.06640482
0.0,0.047706284
0.0,0.18082345
1.0,0.06955891
0.0,0.098318726
0.0,0.06874235
0.0,0.019625794
1.0,0.062409732
1.0,0.05745209
0.0,0.0376632
0.0,0.06968344
0.0,0.046261206
0.0,0.040729746
0.0,0.105400234
0.0,0.056124453
2.0,0.07655265
0.0,0.059641585
0.0,0.051212326
0.0,0.015923051
0.0,0.074785195
0.0,0.015870854
0.0,0.019466046
0.0,0.05535105
0.0,0.028183721
0.0,0.089070484
0.0,0.049620714
0.0,0.03374987
0.0,0.04683233
0.0,0.055236172
0.0,0.03395034
0.0,0.046207875
0.0,0.03319684
0.0,0.030305123
0.0,0.053932525
0.0,0.06137209
1.0,0.06719223
0.0,0.037764248
0.0,0.06988769
0.0,0.06544312
0.0,0.025381561
1.0,0.06757325
0.0,0.03780064
0.0,0.09637699
0.0,0.03316434
0.0,0.0500389
0.0,0.06831863
0.0,0.03349708
0.0,0.01797307
0.0,0.035189122
0.0,0.04395286
0.0,0.050110243
0.0,0.034841154
0.0,0.06771299
0.0,0.0338229
0.0,0.034631725
0.0,0.028936937
0.0,0.058271393
0.0,0.033414587
0.0,0.07397781
0.0,0.061413046
0.0,0.036682438
0.0,0.03951934
0.0,0.03261263
0.0,0.027867898
0.0,0.11811521
0.0,0.0254715
1.0,0.0253923
0.0,0.0735711
0.0,0.07223118
0.0,0.04776781
0.0,0.042355306
0.0,0.057266433
0.0,0.066749685
0.0,0.015858606
0.0,0.01915973
1.0,0.07465607
0.0,0.049470033
0.0,0.058939517
0.0,0.042328916
0.0,0.037816234
0.0,0.047540735
0.0,0.040798847
0.0,0.029345866
0.0,0.047769748
0.0,0.032149516
0.0,0.059715714
0.0,0.04320622
0.0,0.020035926
0.0,0.051610198
0.0,0.08176128
0.0,0.10408939
0.0,0.10164963
0.0,0.08766568
0.0,0.03146458
0.0,0.030170094
0.0,0.034285374
0.0,0.01839513
0.0,0.23221877
0.0,0.028156802
0.0,0.017863652
0.0,0.02456415
0.0,0.023165617
0.0,0.02259917
0.0,0.08385511
0.0,0.024323393
0.0,0.0789065
0.0,0.037552573
0.0,0.041521583
0.0,0.05973605
0.0,0.035448276
0.0,0.052279875
0.0,0.040014304
0.0,0.07432932
0.0,0.017053535
0.0,0.039862446
0.0,0.027361196
0.0,0.18046689
0.0,0.018469758
0.0,0.047638588
0.0,0.037784312
0.0,0.025207035
0.0,0.050825417
0.0,0.041287765
0.0,0.069409356
1.0,0.027091175
0.0,0.028548077
0.0,0.14593296
0.0,0.008986084
0.0,0.028122064
0.0,0.07044943
0.0,0.0157392
0.0,0.029054003
0.0,0.017182674
0.0,0.06998825
0.0,0.050066344
0.0,0.15256533
0.0,0.044605926
0.0,0.044105534
0.0,0.03374987
0.0,0.1233861
0.0,0.029841417
0.0,0.21678723
0.0,0.09137737
0.0,0.14020483
0.0,0.015067305
0.0,0.16669774
0.0,0.03153507
0.0,0.037666485
0.0,0.039298743
0.0,0.014722644
0.0,0.08140734
0.0,0.040884595
0.0,0.04981212
0.0,0.06368944
0.0,0.074872896
0.0,0.02000078
0.0,0.0242427
0.0,0.07536608
0.0,0.20629102
0.0,0.054462545
0.0,0.027228065
0.0,0.071137555
0.0,0.07428704
0.0,0.057319812
0.0,0.023363532
0.0,0.060227837
0.0,0.09644643
0.0,0.053496823
0.0,0.04132044
0.0,0.0134861665
0.0,0.09779321
1.0,0.08368634
0.0,0.08125079
0.0,0.06440309
0.0,0.04595858
0.0,0.04011441
0.0,0.04114665
0.0,0.020145139
0.0,0.030710125
0.0,0.07156106
0.0,0.056427803
0.0,0.06142716
1.0,0.08633353
0.0,0.038631845
0.0,0.06689875
0.0,0.075465456
0.0,0.16324139
0.0,0.037024673
0.0,0.017460378
0.0,0.035230137
1.0,0.16256838
0.0,0.075196736
0.0,0.041056063
1.0,0.048771836
0.0,0.12523861
0.0,0.01733693
0.0,0.04950588
0.0,0.058495905
0.0,0.02354243
0.0,0.053279214
0.0,0.0690149
0.0,0.1540858
0.0,0.058104597
0.0,0.014965913
0.0,0.05817801
0.0,0.02805757
0.0,0.041635584
0.0,0.05528128
0.0,0.037933048
0.0,0.05081311
0.0,0.05532044
0.0,0.04655324
0.0,0.06639716
0.0,0.065989144
0.0,0.028285395
0.0,0.028447371
0.0,0.16126537
0.0,0.026186323
0.0,0.06408183
0.0,0.0296283
0.0,0.019449882
0.0,0.03917907
0.0,0.061950106
0.0,0.027053185
0.0,0.053340197
0.0,0.04211916
0.0,0.042841338
1.0,0.10682073
0.0,0.007974527
0.0,0.035920724
0.0,0.03846287
0.0,0.024341168
0.0,0.031885654
0.0,0.048127286
0.0,0.03603184
0.0,0.05108528
0.0,0.06962093
0.0,0.022561764
0.0,0.030841775
0.0,0.03886541
0.0,0.00928021
0.0,0.038406093
0.0,0.028061837
0.0,0.034948625
0.0,0.04700724
0.0,0.04301137
0.0,0.037989613
0.0,0.0071423505
0.0,0.026504211
0.0,0.033074908
0.0,0.032274976
2.0,0.05864226
0.0,0.058027595
0.0,0.064838044
0.0,0.022022387
1.0,0.40499845
0.0,0.05159209
0.0,0.043284662
0.0,0.03546246
0.0,0.054221895
1.0,0.10802132
0.0,0.07553923
0.0,0.07372461
0.0,0.03842857
0.0,0.033350866
0.0,0.03183666
0.0,0.061084904
0.0,0.093118735
0.0,0.029156106
0.0,0.035215057
0.0,0.084418304
0.0,0.03630033
0.0,0.027185071
0.0,0.054752696
0.0,0.021508845
0.0,0.029610787
0.0,0.07392485
0.0,0.01977179
0.0,0.021616135
0.0,0.040705904
0.0,0.035291612
0.0,0.05313237
0.0,0.06581621
0.0,0.023330836
0.0,0.043955334
0.0,0.032918133
0.0,0.052152794
1.0,0.06750547
0.0,0.041255195
0.0,0.023151107
0.0,0.03578768
0.0,0.05013393
0.0,0.014247973
0.0,0.10135777
0.0,0.017968055
0.0,0.057070937
0.0,0.055762593
0.0,0.007541369
0.0,0.044181585
0.0,0.049817063
0.0,0.014866855
0.0,0.06450921
0.0,0.022889856
0.0,0.045277096
0.0,0.08474802
0.0,0.049167417
0.0,0.021463212
0.0,0.08200722
0.0,0.08450791
0.0,0.050848812
0.0,0.08688132
0.0,0.016305739
0.0,0.06723229
0.0,0.069913656
0.0,0.014600941
1.0,0.14943749
0.0,0.12866433
0.0,0.05277568
0.0,0.032291755
0.0,0.025315192
1.0,0.09259166
0.0,0.02194399
0.0,0.049782984
0.0,0.09767768
0.0,0.07530075
1.0,0.057785966
0.0,0.017653473
0.0,0.056275595
0.0,0.02332535
0.0,0.08325143
0.0,0.08051605
0.0,0.023243424
0.0,0.045299426
0.0,0.06091508
0.0,0.07526655
0.0,0.009258923
0.0,0.044354334
0.0,0.035880037
0.0,0.03165908
0.0,0.022576874
1.0,0.005619582
0.0,0.04912158
0.0,0.05677241
0.0,0.11849839
0.0,0.05154141
0.0,0.015070719
0.0,0.07292236
0.0,0.02771924
0.0,0.05173539
0.0,0.040594816
0.0,0.070978135
0.0,0.06122016
0.0,0.019706609
0.0,0.060526807
0.0,0.041359212
0.0,0.08935435
0.0,0.055331312
0.0,0.02122464
0.0,0.03604983
0.0,0.18485002
0.0,0.059770055
0.0,0.13938956
0.0,0.0154657485
0.0,0.034587316
0.0,0.07093879
0.0,0.053263083
0.0,0.08865151
0.0,0.084356494
0.0,0.0465573
0.0,0.08853774
0.0,0.032512326
1.0,0.04544126
0.0,0.06880024
0.0,0.046849303
0.0,0.027983949
0.0,0.062046424
0.0,0.050498206
0.0,0.0470313
0.0,0.26683667
0.0,0.04365436
0.0,0.022259563
0.0,0.076069854
0.0,0.0951288
0.0,0.026167499
0.0,0.053771265
0.0,0.046540122
0.0,0.021680703
0.0,0.016956717
0.0,0.04112227
0.0,0.06457082
0.0,0.02157693
0.0,0.02433663
0.0,0.04030811
0.0,0.040303823
0.0,0.13400497
0.0,0.025952004
0.0,0.096946664
0.0,0.110905096
1.0,0.0708337
0.0,0.050208405
0.0,0.01949447
0.0,0.062749706
0.0,0.07552947
0.0,0.049612835
0.0,0.044240884
0.0,0.028146707
0.0,0.039591312
0.0,0.052004516
0.0,0.044478387
0.0,0.032815106
0.0,0.059058983
0.0,0.044419166
1.0,0.122158945
0.0,0.033874065
0.0,0.037740324
0.0,0.029240228
0.0,0.0436328
0.0,0.058096617
0.0,0.04954737
0.0,0.050090846
0.0,0.053203736
0.0,0.017725423
0.0,0.044282652
0.0,0.06612837
0.0,0.037716217
0.0,0.048053518
0.0,0.04801307
0.0,0.031182406
0.0,0.016977575
0.0,0.052446343
0.0,0.052913517
0.0,0.102398254
0.0,0.027106436
1.0,0.069976926
0.0,0.092531726
0.0,0.08993286
0.0,0.030242112
0.0,0.016167149
0.0,0.059566326
0.0,0.022451343
0.0,0.06659905
0.0,0.054282844
0.0,0.026416041
0.0,0.11657483
0.0,0.12518933
0.0,0.040720753
0.0,0.036894295
0.0,0.025984472
0.0,0.22052121
0.0,0.014444129
0.0,0.1118671
0.0,0.008042332
0.0,0.036254972
0.0,0.053249575
0.0,0.031876747
0.0,0.15895276
0.0,0.02175286
0.0,0.17643543
0.0,0.032065693
0.0,0.029293397
0.0,0.029445486
0.0,0.05593927
0.0,0.07015943
1.0,0.066193484
0.0,0.16231418
0.0,0.02979886
0.0,0.058788143
0.0,0.059837125
0.0,0.050616913
0.0,0.017093198
0.0,0.07439488
1.0,0.060882237
0.0,0.030642165
0.0,0.038652577
0.0,0.025468318
0.0,0.018192474
0.0,0.014639535
0.0,0.05523135
0.0,0.084568426
0.0,0.052031454
0.0,0.030690933
0.0,0.04818088
0.0,0.013754183
0.0,0.015869431
0.0,0.07951078
1.0,0.07140784
0.0,0.04904002
0.0,0.052451294
1.0,0.056908213
0.0,0.019363858
0.0,0.043598425
0.0,0.06866428
0.0,0.053469714
0.0,0.07095394
0.0,0.012654235
0.0,0.052661054
0.0,0.021814903
0.0,0.04589875
0.0,0.08260064
0.0,0.06612418
0.0,0.008022339
0.0,0.05591892
0.0,0.046442136
0.0,0.020094838
0.0,0.048069514
0.0,0.035181675
0.0,0.036996633
0.0,0.08544684
0.0,0.05202902
0.0,0.021767054
0.0,0.061683845
0.0,0.03943194
0.0,0.022917442
0.0,0.06938453
0.0,0.013390088
0.0,0.007116616
0.0,0.06832013
0.0,0.056587517
0.0,0.1627726
0.0,0.06811543
0.0,0.048339065
0.0,0.03176557
0.0,0.20202701
0.0,0.013469842
0.0,0.010235161
1.0,0.07709225
0.0,0.027240882
0.0,0.17217876
0.0,0.022490045
0.0,0.011805588
0.0,0.052800577
0.0,0.06214046
0.0,0.060739137
0.0,0.04318408
0.0,0.030966945
0.0,0.06871143
0.0,0.026653621
0.0,0.019306162
0.0,0.044919625
0.0,0.027599735
0.0,0.0491748
0.0,0.025593577
0.0,0.027735649
0.0,0.044737928
1.0,0.06005802
0.0,0.027646098
0.0,0.05989743
0.0,0.017012779
1.0,0.03155923
0.0,0.23267826
0.0,0.058421366
0.0,0.012944028
0.0,0.052709613
0.0,0.019986156
0.0,0.065946266
0.0,0.056704853
1.0,0.036443327
0.0,0.012953975
0.0,0.031330332
1.0,0.060173854
0.0,0.04852988
0.0,0.06392318
0.0,0.05909948
0.0,0.044851735
0.0,0.07401345
0.0,0.08956657
0.0,0.06299722
0.0,0.032978542
0.0,0.041876085
0.0,0.028596811
0.0,0.024869485
0.0,0.045818105
0.0,0.032308713
0.0,0.029475702
0.0,0.08048785
0.0,0.08977502
0.0,0.042056303
0.0,0.092582256
0.0,0.0732868
0.0,0.06402469
0.0,0.044394307
0.0,0.058614794
0.0,0.018965194
0.0,0.07879412
0.0,0.016265932
0.0,0.08597989
0.0,0.04665444
0.0,0.041995384
0.0,0.051816568
0.0,0.053523637
0.0,0.022930965
0.0,0.08679682
0.0,0.07057748
0.0,0.08740449
0.0,0.04133508
1.0,0.048303764
0.0,0.06595385
0.0,0.058235757
0.0,0.022644583
0.0,0.04978225
0.0,0.07638084
0.0,0.04181748
0.0,0.045054533
0.0,0.05968884
0.0,0.05918813
1.0,0.17417882
0.0,0.054885354
0.0,0.03202624
0.0,0.043391336
0.0,0.08291183
1.0,0.06687594
0.0,0.06125015
0.0,0.06658255
0.0,0.034259945
1.0,0.4690915
0.0,0.024843432
0.0,0.03886691
0.0,0.014377419
1.0,0.0906284
0.0,0.07969088
0.0,0.053451233
0.0,0.07035665
1.0,0.059729755
0.0,0.015365536
0.0,0.024962798
0.0,0.07220863
0.0,0.05926195
0.0,0.049664292
0.0,0.064363606
0.0,0.046183385
0.0,0.097914666
0.0,0.036475766
0.0,0.06571439
0.0,0.018520417
0.0,0.09003584
0.0,0.02441369
0.0,0.052145705
0.0,0.03803449
0.0,0.072714955
1.0,0.041512832
0.0,0.015477014
1.0,0.18947236
0.0,0.033014636
0.0,0.025944259
0.0,0.03985494
0.0,0.08976333
0.0,0.034084957
0.0,0.078111835
0.0,0.027537344
0.0,0.04421208
0.0,0.063631974
0.0,0.040478587
0.0,0.0331233
0.0,0.057405755
0.0,0.03237024
0.0,0.09903555
1.0,0.042736564
0.0,0.018645525
0.0,0.084522486
0.0,0.04773395
0.0,0.027843911
0.0,0.041579496
0.0,0.03202648
0.0,0.04678896
0.0,0.07214317
0.0,0.03505377
0.0,0.08579833
1.0,0.06556672
0.0,0.04708457
0.0,0.08309068
0.0,0.016714266
0.0,0.030620256
0.0,0.015982766
0.0,0.027034989
0.0,0.041363925
0.0,0.045191467
0.0,0.06326722
0.0,0.13328625
0.0,0.15953204
0.0,0.05230157
0.0,0.074226886
0.0,0.053606343
0.0,0.13224836
0.0,0.022277594
0.0,0.11721321
0.0,0.06084557
0.0,0.05282546
1.0,0.0798422
0.0,0.0161807
0.0,0.05357149
0.0,0.06341123
0.0,0.033387497
0.0,0.033887036
0.0,0.041712586
0.0,0.094875224
0.0,0.04638486
0.0,0.04807903
0.0,0.049445458
0.0,0.024669655
0.0,0.01988982
0.0,0.0412743
0.0,0.09196688
1.0,0.04833065
0.0,0.07078501
0.0,0.12842941
0.0,0.0512628
1.0,0.08820005
0.0,0.1001067
0.0,0.23543756
0.0,0.020714356
0.0,0.08730423
0.0,0.07468128
0.0,0.045992058
0.0,0.04141212
0.0,0.07565555
0.0,0.05744764
0.0,0.029122703
1.0,0.04394611
0.0,0.041019782
0.0,0.029522965
0.0,0.037361674
0.0,0.030741362
0.0,0.07723818
0.0,0.1155641
0.0,0.032123283
0.0,0.03502457
0.0,0.029015584
0.0,0.049512014
0.0,0.071857795
0.0,0.081524715
0.0,0.021748161
0.0,0.054640412
0.0,0.03923211
0.0,0.048784096
0.0,0.05427658
0.0,0.015777545
0.0,0.06335844
0.0,0.03491097
0.0,0.040199623
0.0,0.030493855
0.0,0.052441992
0.0,0.16343415
0.0,0.021480165
0.0,0.07965972
0.0,0.09704701
0.0,0.080674745
0.0,0.03933005
0.0,0.08235304
1.0,0.29219544
0.0,0.03342681
0.0,0.068318956
0.0,0.04271564
0.0,0.09688386
0.0,0.048294596
0.0,0.053147066
0.0,0.038536742
0.0,0.022275032
1.0,0.115671776
0.0,0.04262256
0.0,0.07974554
0.0,0.05889864
0.0,0.04640466
0.0,0.07728871
0.0,0.066293865
1.0,0.10270807
0.0,0.030926969
0.0,0.039903905
0.0,0.025963763
0.0,0.018270593
0.0,0.053617463
0.0,0.049778022
0.0,0.048374113
0.0,0.04585161
0.0,0.055440914
0.0,0.06644511
0.0,0.11255135
0.0,0.06492888
0.0,0.056757253
0.0,0.025226925
0.0,0.03142639
0.0,0.0637001
0.0,0.10603302
1.0,0.030676741
0.0,0.049160995
0.0,0.053573914
0.0,0.020999465
0.0,0.056738675
0.0,0.010934625
0.0,0.034542337
0.0,0.066045426
0.0,0.019901803
0.0,0.023136627
0.0,0.023313321
0.0,0.023746556
0.0,0.07583734
0.0,0.03988477
0.0,0.07035228
0.0,0.060564455
0.0,0.036929425
0.0,0.0686293
0.0,0.08276443
0.0,0.060234487
0.0,0.046328228
0.0,0.051896438
0.0,0.012211148
0.0,0.042259037
0.0,0.05223652
0.0,0.033882286
0.0,0.02241199
0.0,0.02319618
0.0,0.03947924
0.0,0.045581624
0.0,0.053687945
0.0,0.04327657
0.0,0.087497376
0.0,0.009262504
0.0,0.044891767
0.0,0.018373564
0.0,0.057363342
0.0,0.023358854
0.0,0.04571041
0.0,0.021082167
0.0,0.025281018
0.0,0.02092373
0.0,0.0153630525
0.0,0.051087935
0.0,0.016014906
0.0,0.019753847
0.0,0.069840185
0.0,0.025931297
0.0,0.05772425
0.0,0.036444787
0.0,0.022385996
0.0,0.018173609
0.0,0.014418269
0.0,0.09328003
0.0,0.055078235
0.0,0.020848518
0.0,0.047397073
0.0,0.05212018
0.0,0.022670675
0.0,0.022678556
0.0,0.05449395
0.0,0.027479773
0.0,0.038566615
0.0,0.03397295
0.0,0.055240307
0.0,0.008403086
0.0,0.023986075
0.0,0.0115436
0.0,0.114294775
0.0,0.023177594
0.0,0.016686888
0.0,0.055885576
0.0,0.022656042
0.0,0.08255344
0.0,0.03015114
0.0,0.06774795
0.0,0.24694519
0.0,0.0488197
0.0,0.06207988
1.0,0.06746404
0.0,0.04302743
0.0,0.046488352
0.0,0.017666861
0.0,0.021329213
0.0,0.014515549
0.0,0.035305142
0.0,0.07545884
0.0,0.057190854
0.0,0.033858594
0.0,0.043885656
0.0,0.045015108
0.0,0.04588376
0.0,0.0789444
0.0,0.05251824
0.0,0.030181563
0.0,0.04558947
0.0,0.043265905
0.0,0.077625364
0.0,0.038080715
0.0,0.054138035
0.0,0.046738073
0.0,0.05230137
0.0,0.02908526
0.0,0.019448584
0.0,0.0803639
0.0,0.026336316
1.0,0.05909831
0.0,0.070538774
0.0,0.031514898
0.0,0.052486572
0.0,0.05120424
0.0,0.09044729
0.0,0.031439338
0.0,0.051482655
0.0,0.049158134
0.0,0.060730927
0.0,0.026791748
0.0,0.052972816
0.0,0.049518485
0.0,0.08158964
0.0,0.047194123
0.0,0.019630652
1.0,0.051834114
1.0,0.099407285
0.0,0.069028035
0.0,0.03912922
0.0,0.059903786
0.0,0.04980388
0.0,0.012676731
0.0,0.06324125
0.0,0.07064635
0.0,0.04308385
0.0,0.060236756
0.0,0.027945798
0.0,0.032588534
0.0,0.030838495
0.0,0.060812574
0.0,0.07304012
0.0,0.03865967
0.0,0.033693496
0.0,0.038721696
0.0,0.023081575
0.0,0.039464332
0.0,0.10937023
0.0,0.0676477
0.0,0.07044491
0.0,0.05088886
0.0,0.029636169
0.0,0.053663865
0.0,0.066714875
0.0,0.06876653
0.0,0.02256681
0.0,0.020278137
0.0,0.11815946
0.0,0.06786006
0.0,0.020363979
0.0,0.029482253
0.0,0.01857294
0.0,0.049873702
0.0,0.074290164
0.0,0.03170386
0.0,0.025339829
0.0,0.021473672
0.0,0.03990604
0.0,0.05557423
0.0,0.07851209
0.0,0.022568123
1.0,0.057776954
0.0,0.033280507
0.0,0.059840392
0.0,0.03471482
0.0,0.05694395
0.0,0.088388324
0.0,0.021779804
0.0,0.020415237
0.0,0.070157975
0.0,0.021510568
0.0,0.03929048
0.0,0.062720984
0.0,0.06920765
0.0,0.05273269
0.0,0.009128534
0.0,0.1139294
0.0,0.06297761
0.0,0.050265417
0.0,0.08757098
0.0,0.08479641
0.0,0.054014884
0.0,0.06561388
0.0,0.03507203
0.0,0.028453544
0.0,0.017598186
0.0,0.046819378
0.0,0.040445846
0.0,0.033921197
0.0,0.08868651
0.0,0.076067716
0.0,0.039807096
1.0,0.11386911
0.0,0.18734685
0.0,0.02621427
0.0,0.017590284
0.0,0.02081255
0.0,0.015205898
0.0,0.04067781
0.0,0.058513984
0.0,0.016775005
0.0,0.06991022
0.0,0.0788869
0.0,0.04206322
0.0,0.12065713
0.0,0.067827515
0.0,0.027487257
0.0,0.055737764
0.0,0.08472915
0.0,0.041142724
0.0,0.032193758
0.0,0.07735334
0.0,0.04643815
0.0,0.052824803
0.0,0.037784457
0.0,0.072906114
1.0,0.06600696
0.0,0.04228542
0.0,0.027790986
0.0,0.06775908
0.0,0.028911145
0.0,0.017443145
0.0,0.050175376
0.0,0.085827306
0.0,0.026819024
0.0,0.033992782
0.0,0.09398122
0.0,0.07264724
0.0,0.071028724
0.0,0.03713107
0.0,0.084864646
0.0,0.047682017
0.0,0.062417828
0.0,0.06303698
0.0,0.08514126
0.0,0.07632295
0.0,0.049707625
0.0,0.035666995
0.0,0.058708277
0.0,0.02477248
0.0,0.08205049
0.0,0.06171303
0.0,0.071887575
0.0,0.025531923
0.0,0.03282542
0.0,0.035358667
0.0,0.030377578
0.0,0.06276278
0.0,0.037394397
0.0,0.039621986
0.0,0.0353892
0.0,0.038989663
0.0,0.012979647
0.0,0.030106302
0.0,0.053883635
0.0,0.066283815
0.0,0.052456774
0.0,0.08112727
0.0,0.07140606
0.0,0.062114835
0.0,0.05231958
0.0,0.057339605
0.0,0.03194793
0.0,0.05056623
0.0,0.05921865
0.0,0.06158843
0.0,0.048296995
0.0,0.0712734
0.0,0.14536023
0.0,0.081864305
0.0,0.07139542
0.0,0.019345623
0.0,0.05455372
0.0,0.016966851
0.0,0.046392113
0.0,0.019591227
0.0,0.030996403
0.0,0.018948931
0.0,0.05147743
0.0,0.056625687
0.0,0.05121831
0.0,0.07889269
0.0,0.15688302
0.0,0.07732978
0.0,0.10606018
1.0,0.08283731
0.0,0.08527219
0.0,0.0895313
0.0,0.06550544
0.0,0.06254737
0.0,0.03704023
0.0,0.06047589
0.0,0.17285384
0.0,0.009650664
0.0,0.08212474
0.0,0.03863833
0.0,0.05770377
0.0,0.113868326
0.0,0.053687077
0.0,0.07870621
0.0,0.03651435
0.0,0.084271125
1.0,0.036558148
0.0,0.0066511775
0.0,0.03289455
0.0,0.02014878
0.0,0.057818487
1.0,0.0783862
0.0,0.03834214
0.0,0.021795418
0.0,0.02464682
0.0,0.049530577
0.0,0.09427868
0.0,0.020096993
0.0,0.031072082
0.0,0.043517504
0.0,0.016378397
0.0,0.073548876
0.0,0.01821778
0.0,0.030412521
0.0,0.07339161
1.0,0.034952458
0.0,0.12692809
0.0,0.07064289
0.0,0.108174175
0.0,0.04371204
0.0,0.017153382
0.0,0.05267007
0.0,0.03989306
0.0,0.0764141
0.0,0.085042566
0.0,0.06896111
0.0,0.047374457
0.0,0.058135416
0.0,0.02069238
0.0,0.014006566
0.0,0.04092142
0.0,0.03434787
0.0,0.011353632
0.0,0.009527772
1.0,0.049424667
0.0,0.02943935
0.0,0.054022893
0.0,0.059467066
0.0,0.03540027
0.0,0.02558523
0.0,0.012790407
0.0,0.0540591
0.0,0.07585235
0.0,0.020652132
0.0,0.040646747
0.0,0.06665404
1.0,0.02346379
0.0,0.03980609
0.0,0.043680474
0.0,0.019961974
0.0,0.066744685
0.0,0.065961115
0.0,0.017027956
0.0,0.058960456
0.0,0.07190105
0.0,0.035148557
0.0,0.10496259
0.0,0.03213396
0.0,0.06302276
0.0,0.03871315
0.0,0.040740877
1.0,0.05722431
0.0,0.0616413
0.0,0.03343928
0.0,0.0440905
0.0,0.020735297
0.0,0.0722329
0.0,0.055592652
0.0,0.015181664
0.0,0.112237185
0.0,0.015933799
0.0,0.020715125
0.0,0.021612104
1.0,0.123968825
1.0,0.07547849
0.0,0.08805749
0.0,0.035375398
0.0,0.059513956
0.0,0.047529586
0.0,0.036865912
0.0,0.03835584
0.0,0.036401246
0.0,0.044798173
0.0,0.047459807
0.0,0.049219705
0.0,0.024700435
0.0,0.08636194
0.0,0.027811414
0.0,0.08276269
0.0,0.04268001
0.0,0.12748699
1.0,0.09328784
0.0,0.03980869
0.0,0.021488762
0.0,0.066376075
0.0,0.022082072
0.0,0.023270339
0.0,0.04411792
0.0,0.025967514
0.0,0.02810288
1.0,0.13577294
0.0,0.033808857
0.0,0.04992319
0.0,0.047711425
0.0,0.08792618
0.0,0.08119691
0.0,0.017112657
0.0,0.02387081
0.0,0.05470538
0.0,0.04279809
0.0,0.10343423
0.0,0.01866846
0.0,0.05886079
0.0,0.059780158
0.0,0.024614334
0.0,0.022456225
0.0,0.04448617
0.0,0.04501277
0.0,0.03236939
0.0,0.049478643
0.0,0.017952356
0.0,0.06422117
0.0,0.13083869
0.0,0.052530587
0.0,0.0100732315
0.0,0.01881372
0.0,0.041357517
0.0,0.030004963
0.0,0.02019544
0.0,0.03352444
0.0,0.03823375
0.0,0.06411604
0.0,0.06791119
0.0,0.08503033
0.0,0.08621546
0.0,0.02793109
0.0,0.075510666
0.0,0.014693904
0.0,0.040935997
0.0,0.05955769
0.0,0.030449219
0.0,0.013794769
0.0,0.043122448
0.0,0.021650445
0.0,0.06305808
0.0,0.040154733
0.0,0.029574225
0.0,0.049768887
0.0,0.024883445
0.0,0.04176053
0.0,0.021716783
0.0,0.05300286
0.0,0.013808135
0.0,0.04187289
0.0,0.028532114
0.0,0.03641116
0.0,0.0388648
0.0,0.02541454
0.0,0.07312041
0.0,0.052607395
0.0,0.020383118
0.0,0.059324168
0.0,0.11073732
0.0,0.069756374
0.0,0.026665546
0.0,0.08415907
0.0,0.0720986
0.0,0.05228065
0.0,0.02198017
0.0,0.040574282
0.0,0.030619541
0.0,0.028489588
0.0,0.034669083
0.0,0.049355477
0.0,0.034170818
0.0,0.057395518
0.0,0.025359664
0.0,0.044757027
0.0,0.06717551
0.0,0.07500472
0.0,0.02408943
1.0,0.014108919
0.0,0.03704447
0.0,0.052027162
0.0,0.021099826
0.0,0.05609034
0.0,0.09228316
0.0,0.04449493
0.0,0.042762186
0.0,0.07471611
0.0,0.08106577
0.0,0.03560499
0.0,0.027480062
0.0,0.062294092
0.0,0.029167926
0.0,0.016327338
0.0,0.021678511
0.0,0.029646756
0.0,0.06320559
0.0,0.034865685
0.0,0.040810443
0.0,0.069346495
0.0,0.052408718
0.0,0.099151604
0.0,0.026933905
0.0,0.012846359
0.0,0.23557992
0.0,0.063908145
0.0,0.033161037
0.0,0.022093868
1.0,0.038206723
0.0,0.027813219
0.0,0.041525938
0.0,0.04151206
0.0,0.077196
0.0,0.025272472
1.0,0.02338239
0.0,0.0688347
0.0,0.03056889
0.0,0.08987555
2.0,0.1022561
0.0,0.03754054
0.0,0.07558614
0.0,0.021591112
0.0,0.044787623
0.0,0.05562763
0.0,0.016891746
0.0,0.022591466
0.0,0.077833295
0.0,0.06852004
0.0,0.06828573
0.0,0.051845655
0.0,0.03483642
0.0,0.07257932
0.0,0.087835625
0.0,0.056861382
0.0,0.055677254
0.0,0.06170329
0.0,0.045475096
0.0,0.073772125
0.0,0.030972794
0.0,0.045280613
0.0,0.07113305
0.0,0.026813462
0.0,0.019799612
0.0,0.06851256
0.0,0.020010281
0.0,0.043675452
0.0,0.043241154
0.0,0.040349666
0.0,0.0734732
0.0,0.033616226
0.0,0.03454288
0.0,0.016987884
0.0,0.07999527
1.0,0.11657444
0.0,0.03838912
0.0,0.12612188
0.0,0.011845432
0.0,0.039045386
0.0,0.05582666
0.0,0.070873365
0.0,0.021887016
0.0,0.06955569
0.0,0.03439087
0.0,0.045383204
0.0,0.05103556
0.0,0.059377726
0.0,0.04360131
0.0,0.08320951
0.0,0.072696805
0.0,0.027802212
0.0,0.026731875
0.0,0.053281933
0.0,0.08116607
0.0,0.037712097
0.0,0.022732832
0.0,0.04095199
0.0,0.028020307
1.0,0.045531593
0.0,0.057755344
0.0,0.032040168
0.0,0.043880444
0.0,0.023598514
0.0,0.07253775
0.0,0.10381958
0.0,0.035874408
0.0,0.04913512
0.0,0.049225383
0.0,0.034719955
0.0,0.042492032
1.0,0.17569733
1.0,0.038121846
1.0,0.071801655
0.0,0.10903692
0.0,0.022662709
0.0,0.03997641
0.0,0.041030757
0.0,0.067825
0.0,0.025098864
0.0,0.07252516
0.0,0.054454833
0.0,0.08147713
0.0,0.04229827
0.0,0.045988023
0.0,0.02282508
0.0,0.039145906
0.0,0.035077114
0.0,0.052967764
0.0,0.034756877
1.0,0.11900723
0.0,0.056402232
0.0,0.026879814
0.0,0.06416421
0.0,0.029685926
0.0,0.03277731
1.0,0.06152484
0.0,0.030315472
0.0,0.10572157
0.0,0.030947061
0.0,0.025407996
0.0,0.033723988
0.0,0.029159915
0.0,0.036742117
0.0,0.028032148
0.0,0.07169567
0.0,0.014470642
0.0,0.026579387
0.0,0.06724473
0.0,0.14532715
0.0,0.027169093
0.0,0.018443542
0.0,0.049143977
0.0,0.0056304447
0.0,0.042168014
0.0,0.058418497
0.0,0.023952268
0.0,0.086717024
0.0,0.070638135
1.0,0.050854266
0.0,0.0756741
0.0,0.05036119
1.0,0.082977206
0.0,0.08266902
0.0,0.034154348
0.0,0.049470976
0.0,0.039327126
0.0,0.061488014
0.0,0.036699884
0.0,0.016901163
1.0,0.06970374
0.0,0.11287145
0.0,0.035102163
1.0,0.020489277
0.0,0.015306084
0.0,0.010467529
0.0,0.040410742
0.0,0.06466743
0.0,0.07036694
0.0,0.048936818
0.0,0.051354818
0.0,0.064621694
0.0,0.059869546
0.0,0.058965854
0.0,0.014595672
0.0,0.07973604
0.0,0.06104171
0.0,0.020342676
0.0,0.039077684
0.0,0.035532944
0.0,0.06056977
0.0,0.04095849
0.0,0.044331715
0.0,0.15080678
0.0,0.027448121
0.0,0.034498483
0.0,0.014964736
0.0,0.025690071
0.0,0.01889031
0.0,0.06873342
0.0,0.12243758
0.0,0.06672238
0.0,0.02165507
0.0,0.097010754
0.0,0.066836156
0.0,0.06772019
0.0,0.026317058
0.0,0.029231124
0.0,0.05518602
0.0,0.070590764
0.0,0.021937199
0.0,0.040029917
1.0,0.070125386
0.0,0.020228576
0.0,0.09047365
0.0,0.05995614
0.0,0.09808836
0.0,0.089440115
0.0,0.035009354
0.0,0.035988394
0.0,0.083456285
0.0,0.08459924
0.0,0.027385369
2.0,0.05342906
2.0,0.16420496
0.0,0.074103214
0.0,0.012130016
0.0,0.026675733
0.0,0.08581449
0.0,0.035236996
1.0,0.2083006
0.0,0.020820392
0.0,0.11092538
0.0,0.07359817
0.0,0.058883447
0.0,0.04075679
0.0,0.039194766
0.0,0.06647867
0.0,0.043960825
0.0,0.020595772
0.0,0.04238955
0.0,0.039553706
0.0,0.0750374
0.0,0.034543127
0.0,0.03983797
0.0,0.031640097
0.0,0.06084367
0.0,0.11462635
0.0,0.048992734
0.0,0.034952093
0.0,0.059213664
0.0,0.061454702
0.0,0.06096945
0.0,0.023162248
0.0,0.017561654
0.0,0.024842165
0.0,0.026380545
0.0,0.06313246
0.0,0.04197991
0.0,0.037242234
1.0,0.15194555
0.0,0.04685623
0.0,0.0091740955
0.0,0.086578116
0.0,0.032531522
0.0,0.12086674
0.0,0.054174084
0.0,0.04406866
0.0,0.06325281
0.0,0.023964867
0.0,0.06830396
0.0,0.05739415
0.0,0.018441308
1.0,0.02390675
0.0,0.32063565
0.0,0.05579313
0.0,0.06219945
0.0,0.018709693
0.0,0.087170325
0.0,0.024743639
0.0,0.075471215
0.0,0.03569204
0.0,0.030577272
0.0,0.03503412
0.0,0.020451413
0.0,0.02253582
0.0,0.034546535
0.0,0.09435409
0.0,0.080912
0.0,0.028890792
0.0,0.023233417
0.0,0.022469003
0.0,0.052875005
0.0,0.04808797
0.0,0.0708489
0.0,0.017429177
0.0,0.04884184
0.0,0.11390712
0.0,0.05937638
0.0,0.022595324
0.0,0.022168202
0.0,0.14704657
0.0,0.021979814
0.0,0.05073718
0.0,0.031322353
0.0,0.063415594
0.0,0.013209129
0.0,0.04124178
0.0,0.01386998
0.0,0.033288475
0.0,0.069559194
0.0,0.041025065
0.0,0.009771853
0.0,0.018526519
0.0,0.046653837
0.0,0.0684582
0.0,0.017210972
1.0,0.050303683
0.0,0.06265512
0.0,0.06432539
0.0,0.00936125
0.0,0.08171357
0.0,0.038514774
1.0,0.08289773
0.0,0.045620352
0.0,0.044012904
0.0,0.031361226
0.0,0.04626306
0.0,0.051090956
0.0,0.021414397
0.0,0.05626572
0.0,0.10689237
0.0,0.02566223
0.0,0.035232693
0.0,0.09310994
0.0,0.034494422
0.0,0.059928257
0.0,0.06822452
1.0,0.021171343
0.0,0.026045926
0.0,0.027747355
0.0,0.033377293
0.0,0.054529224
0.0,0.07466248
0.0,0.118217304
0.0,0.062179495
0.0,0.057239458
0.0,0.07011269
0.0,0.05471112
1.0,0.0745277
0.0,0.06576451
0.0,0.054146633
0.0,0.07580381
0.0,0.095519744
0.0,0.042628393
0.0,0.044953074
0.0,0.017826943
0.0,0.059125297
0.0,0.019479852
0.0,0.017439825
0.0,0.12221931
0.0,0.06932649
0.0,0.047398835
0.0,0.029120037
0.0,0.08787563
0.0,0.05300506
0.0,0.040547032
0.0,0.041426793
0.0,0.0413599
0.0,0.023948133
0.0,0.049355593
0.0,0.07047375
0.0,0.077570714
1.0,0.060529187
0.0,0.039584726
0.0,0.050795764
0.0,0.027551832
0.0,0.017072981
0.0,0.04938966
0.0,0.05305042
0.0,0.028598912
0.0,0.04282416
0.0,0.078477405
0.0,0.052366003
0.0,0.20230524
0.0,0.043911967
0.0,0.01963947
0.0,0.06963069
0.0,0.05848985
0.0,0.07425581
0.0,0.08687459
0.0,0.062245768
0.0,0.011513628
0.0,0.059417095
1.0,0.14161612
0.0,0.072383165
0.0,0.06032395
0.0,0.028133638
0.0,0.013580654
0.0,0.08511786
0.0,0.01669859
0.0,0.041959394
0.0,0.3171526
1.0,0.0908268
0.0,0.037177313
0.0,0.048506625
0.0,0.037098914
1.0,0.07560528
0.0,0.058301646
0.0,0.06175433
0.0,0.046809286
0.0,0.29112655
0.0,0.02793109
0.0,0.039889142
0.0,0.03693411
0.0,0.0477751
0.0,0.07680706
0.0,0.033061046
0.0,0.020136245
0.0,0.029258136
0.0,0.053202923
0.0,0.042204425
0.0,0.03208593
0.0,0.019381918
0.0,0.02331581
0.0,0.03874436
0.0,0.056459762
0.0,0.06369396
0.0,0.11516023
0.0,0.024066798
0.0,0.0768083
0.0,0.023100369
0.0,0.13025689
0.0,0.009017719
0.0,0.029715654
0.0,0.20859347
0.0,0.04940994
0.0,0.07801455
0.0,0.057928346
0.0,0.20270559
0.0,0.061886184
0.0,0.017007928
0.0,0.13759989
0.0,0.115639344
0.0,0.010261971
0.0,0.063699886
0.0,0.028695105
0.0,0.013190259
0.0,0.053627566
0.0,0.020959608
0.0,0.03273058
0.0,0.04760339
0.0,0.043968916
0.0,0.075794
0.0,0.05196996
0.0,0.04523398
0.0,0.06715177
0.0,0.03425132
0.0,0.04414995
0.0,0.045526795
0.0,0.029942947
0.0,0.018414805
0.0,0.037699655
0.0,0.051492404
1.0,0.057100225
0.0,0.03323872
0.0,0.09135624
0.0,0.111563645
1.0,0.02568249
0.0,0.047681447
0.0,0.030333444
0.0,0.048211996
0.0,0.040756285
0.0,0.052474085
0.0,0.046706527
0.0,0.014778301
0.0,0.032592855
0.0,0.046822414
0.0,0.05320102
0.0,0.013174049
0.0,0.03239927
0.0,0.04195763
0.0,0.05875824
0.0,0.06766001
0.0,0.15137112
0.0,0.037045565
0.0,0.0416362
0.0,0.06275171
0.0,0.08462716
0.0,0.013849684
0.0,0.028926287
0.0,0.018265532
0.0,0.0423652
0.0,0.09876698
0.0,0.076725155
0.0,0.20164716
0.0,0.017501773
0.0,0.04815387
0.0,0.084608234
0.0,0.036931697
0.0,0.04667131
0.0,0.06323436
0.0,0.02881225
0.0,0.07749444
0.0,0.08577109
0.0,0.03955599
0.0,0.024642073
0.0,0.021560516
0.0,0.054722104
0.0,0.116679996
0.0,0.03978315
0.0,0.017138977
0.0,0.043908574
0.0,0.06069536
0.0,0.012161732
0.0,0.0555283
0.0,0.013407831
0.0,0.023350468
0.0,0.05859607
0.0,0.028246943
0.0,0.049385257
0.0,0.025455425
0.0,0.04641059
0.0,0.050596885
0.0,0.03728392
0.0,0.08231131
1.0,0.08574386
0.0,0.059079643
0.0,0.024242653
0.0,0.05234436
1.0,0.08941743
0.0,0.04050786
0.0,0.06668693
0.0,0.06611418
0.0,0.18000613
0.0,0.01679346
0.0,0.05372262
0.0,0.06237121
0.0,0.042957626
0.0,0.039254956
0.0,0.048939873
0.0,0.056600392
1.0,0.062114805
0.0,0.03830892
0.0,0.011788437
0.0,0.060070693
0.0,0.03457134
0.0,0.021854717
0.0,0.03231372
0.0,0.012731913
0.0,0.021938067
0.0,0.023567151
0.0,0.058350444
0.0,0.023568984
0.0,0.056615386
0.0,0.023376215
0.0,0.054192867
0.0,0.032983042
0.0,0.064492926
0.0,0.034350865
0.0,0.04924863
0.0,0.00620392
0.0,0.054705355
0.0,0.034710187
0.0,0.01519912
0.0,0.01694171
0.0,0.0573959
0.0,0.10537063
0.0,0.07529376
0.0,0.062488183
0.0,0.093441606
0.0,0.014641343
0.0,0.04335295
0.0,0.02213817
0.0,0.033909943
3.0,0.052616727
0.0,0.045468178
0.0,0.01291148
0.0,0.05590351
0.0,0.07115793
0.0,0.05632252
0.0,0.051168803
0.0,0.026261538
0.0,0.037938073
0.0,0.08927198
0.0,0.03969971
0.0,0.06950007
0.0,0.042922452
0.0,0.034867212
0.0,0.09540629
0.0,0.035381217
0.0,0.06874708
0.0,0.03624016
0.0,0.059522428
0.0,0.016642205
0.0,0.0378917
0.0,0.04639435
0.0,0.13312185
0.0,0.050742164
0.0,0.04655104
0.0,0.011365224
0.0,0.0640972
0.0,0.07537393
0.0,0.04368018
0.0,0.08619741
0.0,0.06371442
0.0,0.018773654
0.0,0.09909607
0.0,0.098838165
0.0,0.018370358
0.0,0.042303775
0.0,0.08697821
0.0,0.011568077
0.0,0.077338666
0.0,0.051139336
0.0,0.013265957
0.0,0.061153788
0.0,0.07434672
0.0,0.07131087
0.0,0.049449444
0.0,0.029963586
0.0,0.12030571
0.0,0.044684738
0.0,0.099165365
0.0,0.046965882
0.0,0.08873495
0.0,0.044662155
0.0,0.06142113
0.0,0.048880726
0.0,0.047851205
0.0,0.02621732
0.0,0.014887989
0.0,0.056698255
0.0,0.11381477
0.0,0.056081727
0.0,0.06406665
0.0,0.013514839
0.0,0.09271249
1.0,0.04913266
0.0,0.061672345
0.0,0.02703838
0.0,0.07765602
0.0,0.084510215
0.0,0.17166881
0.0,0.05162386
0.0,0.025842533
0.0,0.045410693
0.0,0.073047504
0.0,0.060526114
0.0,0.05523562
0.0,0.025580838
1.0,0.019896328
0.0,0.050926678
0.0,0.06391963
0.0,0.07254347
0.0,0.02591838
0.0,0.05477437
0.0,0.013035532
0.0,0.017869165
0.0,0.016860714
0.0,0.0024425823
0.0,0.024527904
0.0,0.028953444
0.0,0.05043843
0.0,0.045925915
0.0,0.041095786
0.0,0.019820053
1.0,0.074542314
0.0,0.059450552
0.0,0.013620324
0.0,0.030293103
0.0,0.06040793
0.0,0.028339168
0.0,0.051039528
0.0,0.07542913
0.0,0.058143996
0.0,0.032533184
0.0,0.010016674
0.0,0.028119087
1.0,0.046259996
0.0,0.09562071
0.0,0.06408807
0.0,0.05400806
0.0,0.01333276
0.0,0.053973973
0.0,0.04978296
0.0,0.06259959
0.0,0.03128377
0.0,0.072026335
0.0,0.04449264
0.0,0.03384539
0.0,0.03505344
0.0,0.03666934
0.0,0.05489402
0.0,0.02838343
0.0,0.015079683
0.0,0.03138292
1.0,0.066450566
0.0,0.015574366
0.0,0.029796999
0.0,0.023034021
0.0,0.028098164
0.0,0.020098537
0.0,0.05240962
0.0,0.03504403
0.0,0.054835442
0.0,0.040413134
0.0,0.025442015
0.0,0.065555856
0.0,0.054241784
0.0,0.05791879
0.0,0.07790392
0.0,0.07208708
0.0,0.079154015
0.0,0.060556024
0.0,0.05682704
0.0,0.071840905
0.0,0.108821675
0.0,0.02830477
0.0,0.06772038
0.0,0.037329264
0.0,0.1880762
0.0,0.047260784
0.0,0.050005123
1.0,0.24418534
0.0,0.033971798
0.0,0.027653033
0.0,0.062427443
1.0,0.031109381
0.0,0.02459636
0.0,0.058572773
0.0,0.07593448
0.0,0.014356764
0.0,0.052791487
1.0,0.040616095
0.0,0.024669161
0.0,0.04881926
0.0,0.10263671
0.0,0.035120964
0.0,0.025817912
0.0,0.052026764
0.0,0.021755204
0.0,0.04896924
1.0,0.050970867
0.0,0.023853812
0.0,0.05431161
0.0,0.03934419
0.0,0.13089335
0.0,0.01636859
0.0,0.062595576
0.0,0.03948378
0.0,0.028951125
0.0,0.054867588
0.0,0.04844985
0.0,0.034414887
0.0,0.044865638
0.0,0.07504418
0.0,0.047648948
0.0,0.0661075
0.0,0.042839784
0.0,0.26034796
0.0,0.061200168
0.0,0.047190007
0.0,0.044529058
0.0,0.075444534
0.0,0.06172848
0.0,0.09153461
0.0,0.011259021
0.0,0.06812397
0.0,0.06668523
0.0,0.04134474
0.0,0.06901385
0.0,0.01869668
0.0,0.081834644
0.0,0.06332587
0.0,0.03239884
0.0,0.06871998
0.0,0.040759627
0.0,0.04686032
0.0,0.06674746
0.0,0.061203495
0.0,0.028477691
0.0,0.015390277
0.0,0.026669284
1.0,0.07157308
0.0,0.06226444
0.0,0.019773431
0.0,0.00826092
0.0,0.106389105
0.0,0.04168823
0.0,0.07013008
0.0,0.03795407
0.0,0.021578915
0.0,0.034701183
0.0,0.052499965
0.0,0.021754125
0.0,0.026202647
0.0,0.03002961
0.0,0.062870555
0.0,0.05339557
0.0,0.06560866
0.0,0.033483796
0.0,0.077431835
0.0,0.07050844
0.0,0.017618842
0.0,0.05306621
0.0,0.043203335
0.0,0.02523797
0.0,0.01891177
0.0,0.028718075
0.0,0.04458343
1.0,0.038694564
0.0,0.038967453
1.0,0.054752253
0.0,0.040778816
0.0,0.11908136
0.0,0.026748016
0.0,0.091804236
0.0,0.06083804
0.0,0.077096574
0.0,0.04109598
0.0,0.06062733
0.0,0.016089857
0.0,0.06006939
0.0,0.006414025
0.0,0.040335007
0.0,0.07325244
0.0,0.050345246
0.0,0.3127325
0.0,0.06393283
0.0,0.041952692
0.0,0.0446871
0.0,0.07831492
0.0,0.020501982
0.0,0.014787634
0.0,0.05999339
0.0,0.040842567
0.0,0.14062025
0.0,0.043783467
0.0,0.041273218
0.0,0.054520175
0.0,0.054754365
0.0,0.115665264
0.0,0.055326983
0.0,0.05822179
0.0,0.031251177
0.0,0.08064897
0.0,0.03125307
0.0,0.059280083
0.0,0.02421869
0.0,0.0583168
0.0,0.010705672
0.0,0.036626965
0.0,0.021105492
0.0,0.04503061
0.0,0.04965565
0.0,0.012963392
0.0,0.054846894
1.0,0.037303425
0.0,0.042815298
0.0,0.024848906
0.0,0.017811827
0.0,0.031019647
0.0,0.06043651
0.0,0.059677385
0.0,0.032042474
0.0,0.12924637
0.0,0.04642759
0.0,0.048256595
0.0,0.022128936
0.0,0.042656533
0.0,0.06431553
0.0,0.056046255
0.0,0.05941174
0.0,0.021185085
0.0,0.054708954
1.0,0.07033614
0.0,0.08204119
0.0,0.024752822
0.0,0.038510237
0.0,0.010814578
0.0,0.04590989
0.0,0.06050684
0.0,0.008327978
0.0,0.028522171
0.0,0.026677335
0.0,0.062360562
1.0,0.04724359
0.0,0.03712236
0.0,0.06906926
0.0,0.035644043
0.0,0.05361836
0.0,0.06527613
0.0,0.051278178
0.0,0.07122747
0.0,0.01445942
0.0,0.033218153
0.0,0.0335237
0.0,0.06177072
1.0,0.0513226
0.0,0.024767082
0.0,0.12632923
0.0,0.035592735
0.0,0.058637857
0.0,0.08716201
0.0,0.03694306
1.0,0.071959704
0.0,0.05087503
0.0,0.07187808
0.0,0.017672945
0.0,0.014189334
0.0,0.022469785
0.0,0.052262552
0.0,0.040142387
1.0,0.017890777
0.0,0.044031292
0.0,0.015564677
0.0,0.022742428
1.0,0.0775164
0.0,0.023139473
0.0,0.019177143
0.0,0.016589051
0.0,0.10685617
0.0,0.025288986
0.0,0.015737219
0.0,0.062369365
0.0,0.040709376
0.0,0.022392444
0.0,0.037220787
0.0,0.08930822
0.0,0.023171373
0.0,0.06570884
0.0,0.07233703
1.0,0.060926788
1.0,0.060758255
0.0,0.088761136
0.0,0.053810764
0.0,0.07178837
0.0,0.07248611
0.0,0.05499297
0.0,0.047216162
0.0,0.05213959
0.0,0.04980255
0.0,0.14266211
0.0,0.013232309
0.0,0.060242932
0.0,0.022647757
0.0,0.10876272
0.0,0.053017244
0.0,0.05679425
0.0,0.041730136
0.0,0.024978086
0.0,0.028828096
0.0,0.13264629
0.0,0.058300953
0.0,0.0138408635
0.0,0.047856726
0.0,0.05788138
0.0,0.101581305
0.0,0.05665514
0.0,0.072443835
0.0,0.0625331
0.0,0.068232484
0.0,0.025537683
0.0,0.062318824
0.0,0.055114042
1.0,0.021585152
0.0,0.032180097
0.0,0.06368236
0.0,0.017330194
0.0,0.046231657
0.0,0.031206891
0.0,0.023787852
0.0,0.08369498
0.0,0.03282542
0.0,0.022062737
0.0,0.047987226
0.0,0.024794225
0.0,0.020082222
0.0,0.073809706
0.0,0.07414906
0.0,0.041757286
0.0,0.0705846
0.0,0.031840347
0.0,0.040717512
0.0,0.0385755
0.0,0.051842444
0.0,0.0429691
1.0,0.05332224
1.0,0.062136784
1.0,0.060875777
0.0,0.022675745
0.0,0.068171054
0.0,0.04647849
0.0,0.03761605
0.0,0.0665747
0.0,0.05410183
0.0,0.026711868
0.0,0.0073135747
0.0,0.042973876
0.0,0.044160523
0.0,0.02272441
0.0,0.040643062
0.0,0.038511265
0.0,0.022963922
0.0,0.033174116
0.0,0.014655795
0.0,0.048361637
0.0,0.011162904
0.0,0.011550995
0.0,0.03014375
0.0,0.08742512
0.0,0.015769828
0.0,0.059716854
0.0,0.023103785
0.0,0.046544094
0.0,0.037621737
0.0,0.11830576
0.0,0.013011288
0.0,0.020407654
0.0,0.02486926
0.0,0.022249386
0.0,0.046611078
0.0,0.030705161
0.0,0.06121237
0.0,0.03447464
0.0,0.048446596
0.0,0.06937124
0.0,0.043296408
0.0,0.045231584
1.0,0.09763849
0.0,0.028442258
0.0,0.052128725
0.0,0.056101307
0.0,0.04171931
0.0,0.03565982
0.0,0.06265026
0.0,0.11778593
0.0,0.0552845
0.0,0.03253841
0.0,0.023383383
0.0,0.04681288
0.0,0.01600045
0.0,0.0859573
0.0,0.0145675745
0.0,0.049264975
0.0,0.049776006
0.0,0.07067122
0.0,0.039452367
0.0,0.17476927
0.0,0.018891184
0.0,0.035342637
0.0,0.032172732
0.0,0.026285792
0.0,0.056375585
0.0,0.015450948
0.0,0.0076334197
0.0,0.08659601
0.0,0.08062137
0.0,0.020109762
0.0,0.030858956
0.0,0.024605405
0.0,0.038846437
0.0,0.044362947
0.0,0.051236287
0.0,0.06532583
0.0,0.08315566
0.0,0.08308202
0.0,0.0715484
0.0,0.049255885
0.0,0.0635442
0.0,0.044826485
0.0,0.03484476
0.0,0.034465007
0.0,0.07040725
0.0,0.014940836
0.0,0.056810513
0.0,0.113548175
0.0,0.05517552
0.0,0.0997788
0.0,0.03505354
0.0,0.057944246
0.0,0.023330625
0.0,0.05205195
0.0,0.035531163
0.0,0.020874223
0.0,0.014530978
0.0,0.04472362
0.0,0.0545717
0.0,0.07651422
0.0,0.05565095
0.0,0.06174052
0.0,0.041338272
0.0,0.07923362
0.0,0.065857336
0.0,0.094555154
0.0,0.03479948
0.0,0.049015097
0.0,0.06023489
0.0,0.05816625
0.0,0.08817166
0.0,0.0807616
0.0,0.053634316
0.0,0.074528895
0.0,0.057168294
0.0,0.024502758
0.0,0.051693052
0.0,0.094226316
0.0,0.14257231
0.0,0.01866788
0.0,0.049262367
0.0,0.0730156
0.0,0.047364946
0.0,0.044919904
0.0,0.060376827
0.0,0.06100346
0.0,0.0828973
0.0,0.026542772
0.0,0.059898876
0.0,0.02802604
0.0,0.04446723
0.0,0.042316604
0.0,0.04354158
0.0,0.12510155
1.0,0.026924556
0.0,0.041147158
0.0,0.059014685
0.0,0.14792371
0.0,0.020659126
0.0,0.06854509
0.0,0.022035886
0.0,0.057487004
0.0,0.097268015
0.0,0.15269633
0.0,0.06850901
0.0,0.06266777
0.0,0.04250111
0.0,0.029004876
0.0,0.19641241
0.0,0.09040013
0.0,0.05442127
0.0,0.01870832
0.0,0.05960663
0.0,0.01838728
0.0,0.06271874
0.0,0.032981783
0.0,0.026310382
0.0,0.15551588
0.0,0.05567587
0.0,0.055507228
0.0,0.026318338
0.0,0.078473456
0.0,0.023630053
0.0,0.053798553
0.0,0.050322324
0.0,0.037934784
0.0,0.018509045
1.0,0.043977115
0.0,0.03845253
0.0,0.079533145
0.0,0.07040322
0.0,0.064971834
0.0,0.10101956
1.0,0.07379769
0.0,0.031540696
0.0,0.05133731
0.0,0.05975618
1.0,0.03334276
0.0,0.0214092
0.0,0.027037
0.0,0.05138267
0.0,0.1589626
0.0,0.068234354
0.0,0.048573658
0.0,0.064797275
0.0,0.012249703
0.0,0.05582892
0.0,0.008412604
0.0,0.010676008
0.0,0.057933044
0.0,0.0935086
0.0,0.06910022
0.0,0.060128108
0.0,0.034366313
0.0,0.046574734
0.0,0.007925712
0.0,0.036809668
0.0,0.03151885
0.0,0.051498346
0.0,0.028092831
0.0,0.08752473
0.0,0.042754643
0.0,0.047184944
0.0,0.12667142
0.0,0.06423546
0.0,0.11857136
0.0,0.048433293
0.0,0.03892567
1.0,0.06184434
0.0,0.05182556
0.0,0.06361482
0.0,0.071755335
0.0,0.065186225
0.0,0.09751991
0.0,0.045088213
0.0,0.083237976
0.0,0.087266475
0.0,0.05811247
1.0,0.099296145
0.0,0.046195827
0.0,0.020167312
0.0,0.023532722
0.0,0.0123321805
0.0,0.034036055
0.0,0.07308168
0.0,0.070632495
1.0,0.048292503
0.0,0.013182336
0.0,0.045237407
0.0,0.017686738
0.0,0.089730725
0.0,0.02158581
0.0,0.024064986
0.0,0.032827705
0.0,0.05332832
0.0,0.022819705
0.0,0.023370909
0.0,0.064558506
0.0,0.03441589
0.0,0.04214996
0.0,0.07840944
0.0,0.07209782
0.0,0.037794746
0.0,0.050730288
0.0,0.077383414
0.0,0.20466487
0.0,0.061490286
0.0,0.045764104
0.0,0.06735381
0.0,0.012286621
0.0,0.01093135
0.0,0.041264243
0.0,0.09679552
0.0,0.018308304
0.0,0.06736191
0.0,0.03347281
0.0,0.06608477
0.0,0.069463655
0.0,0.07657315
1.0,0.09135454
0.0,0.038928602
0.0,0.024094345
0.0,0.036787733
0.0,0.021476857
0.0,0.07430164
0.0,0.05203133
0.0,0.062478874
0.0,0.12091357
0.0,0.03539038
0.0,0.03966444
0.0,0.018951118
0.0,0.016465968
0.0,0.024999475
0.0,0.023986075
0.0,0.016767303
0.0,0.034223437
0.0,0.028447099
0.0,0.062962145
0.0,0.019980896
0.0,0.021373153
0.0,0.09510816
0.0,0.015036995
0.0,0.075980276
0.0,0.030959342
0.0,0.023165792
0.0,0.019060569
0.0,0.013547171
0.0,0.080173254
0.0,0.0716333
0.0,0.089602664
0.0,0.02272946
0.0,0.06465725
0.0,0.07939333
0.0,0.053146735
0.0,0.045686223
0.0,0.06904731
0.0,0.032377742
0.0,0.071529195
0.0,0.29304212
0.0,0.048070956
0.0,0.04298062
0.0,0.032394852
0.0,0.049982145
0.0,0.033862114
0.0,0.04762998
0.0,0.035693012
0.0,0.06799574
0.0,0.0098648975
0.0,0.051478215
1.0,0.04420875
0.0,0.019002082
0.0,0.00631094
0.0,0.020190116
0.0,0.050195284
0.0,0.035991296
0.0,0.026458487
0.0,0.0629463
0.0,0.053449932
0.0,0.03188298
0.0,0.06554818
0.0,0.019779691
0.0,0.03516668
0.0,0.0942457
0.0,0.06293051
0.0,0.0734287
0.0,0.04702076
1.0,0.06873529
0.0,0.059297174
0.0,0.03258041
0.0,0.016767103
0.0,0.07331505
0.0,0.039333183
0.0,0.023481138
0.0,0.0449418
0.0,0.07127402
0.0,0.030731292
0.0,0.043047562
0.0,0.021934072
0.0,0.009381529
1.0,0.022639584
0.0,0.03556435
0.0,0.05348514
0.0,0.07050733
0.0,0.036519468
0.0,0.037248824
0.0,0.052285884
0.0,0.03987893
0.0,0.03188626
0.0,0.07290862
0.0,0.059959542
0.0,0.0542015
0.0,0.033715144
0.0,0.04599162
0.0,0.047558717
0.0,0.0365647
0.0,0.033896945
2.0,0.24517012
0.0,0.08303206
0.0,0.05178564
0.0,0.09688315
0.0,0.032437935
0.0,0.081277676
0.0,0.025199285
0.0,0.055578526
0.0,0.02788518
0.0,0.029700298
0.0,0.020859815
0.0,0.058126405
0.0,0.07587253
0.0,0.052809715
0.0,0.06356708
0.0,0.032841545
0.0,0.039210245
0.0,0.04409407
0.0,0.06971152
0.0,0.050782926
0.0,0.020162486
0.0,0.020444559
0.0,0.05939051
0.0,0.041234404
0.0,0.044617347
0.0,0.054039124
0.0,0.020258991
0.0,0.054306276
0.0,0.10078608
0.0,0.06385776
0.0,0.026951056
1.0,0.0402679
0.0,0.052694008
0.0,0.05242699
1.0,0.05810188
0.0,0.030371046
0.0,0.041722074
0.0,0.05955877
0.0,0.022335678
0.0,0.099587575
0.0,0.10122601
0.0,0.034627546
0.0,0.040739514
0.0,0.09863642
0.0,0.045495614
0.0,0.06468938
0.0,0.087082535
0.0,0.07055223
1.0,0.04600772
0.0,0.062612094
0.0,0.09659875
0.0,0.050999776
0.0,0.07555255
0.0,0.007284829
0.0,0.07372223
0.0,0.035472844
0.0,0.033528563
0.0,0.04137367
0.0,0.03329146
2.0,0.047833525
0.0,0.030029668
0.0,0.0568709
0.0,0.022143481
0.0,0.10205677
0.0,0.028754234
0.0,0.0370749
0.0,0.07988114
0.0,0.02936433
0.0,0.15347484
0.0,0.061030503
0.0,0.06289922
0.0,0.04236506
0.0,0.027075034
0.0,0.04815203
0.0,0.052747153
0.0,0.03496823
1.0,0.028787242
0.0,0.074762516
0.0,0.027052088
0.0,0.051160555
0.0,0.04170328
0.0,0.032043103
0.0,0.05743552
0.0,0.0682009
0.0,0.08299756
0.0,0.019054007
0.0,0.09282627
0.0,0.05041013
0.0,0.046344005
0.0,0.10096604
0.0,0.015093372
0.0,0.035217628
1.0,0.09962985
0.0,0.08496934
0.0,0.050313327
0.0,0.31036305
0.0,0.058329146
0.0,0.07081874
0.0,0.17142794
0.0,0.070129715
0.0,0.068339095
0.0,0.012158925
0.0,0.056834437
0.0,0.02102729
0.0,0.06635371
0.0,0.029773066
0.0,0.042376332
0.0,0.03388182
0.0,0.037772026
0.0,0.029859608
0.0,0.052691422
0.0,0.056290757
0.0,0.11327832
0.0,0.02990937
0.0,0.036623888
0.0,0.042021044
0.0,0.031915057
0.0,0.04571843
0.0,0.04120917
0.0,0.09366444
0.0,0.02508709
0.0,0.0186926
0.0,0.02016735
0.0,0.04443268
0.0,0.044497773
0.0,0.057671614
0.0,0.09304732
0.0,0.042321205
0.0,0.08492994
0.0,0.028183399
0.0,0.032288138
0.0,0.019391911
0.0,0.013201403
1.0,0.08688068
0.0,0.10151971
0.0,0.0782638
0.0,0.046561364
0.0,0.053637996
0.0,0.08635765
0.0,0.0846293
0.0,0.03484343
0.0,0.0915851
0.0,0.026514297
1.0,0.12842003
0.0,0.045901902
0.0,0.031692404
0.0,0.022428777
0.0,0.10090394
0.0,0.012514057
0.0,0.05659726
0.0,0.056825764
0.0,0.082495086
0.0,0.023019562
0.0,0.0875178
0.0,0.03364246
0.0,0.06964889
0.0,0.107582666
0.0,0.015345291
0.0,0.067780346
0.0,0.014530465
0.0,0.059057843
0.0,0.056234714
0.0,0.037525024
0.0,0.038292684
0.0,0.024292469
0.0,0.08643642
0.0,0.047642224
0.0,0.024821918
0.0,0.028360946
0.0,0.077596314
0.0,0.02888064
0.0,0.12795986
0.0,0.03324777
0.0,0.035292856
0.0,0.056541853
0.0,0.008857033
0.0,0.031180741
0.0,0.02016331
0.0,0.02304424
0.0,0.031178571
0.0,0.043099694
0.0,0.149892
0.0,0.17271471
0.0,0.032394562
1.0,0.0789427
1.0,0.09007466
0.0,0.06473653
0.0,0.066865325
0.0,0.032704726
0.0,0.019474374
0.0,0.07834424
0.0,0.0628344
0.0,0.048134997
0.0,0.07057077
0.0,0.04815173
1.0,0.4477997
0.0,0.055418685
0.0,0.11676273
0.0,0.018870998
0.0,0.017300708
0.0,0.050335765
0.0,0.03559472
1.0,0.06557331
0.0,0.13054906
0.0,0.16058327
0.0,0.039594978
0.0,0.05137512
0.0,0.033124767
0.0,0.049703404
0.0,0.06146367
0.0,0.054830603
0.0,0.06394093
0.0,0.04664801
0.0,0.018913943
0.0,0.121919714
1.0,0.03746706
1.0,0.062650606
0.0,0.039761357
0.0,0.029237382
0.0,0.0993585
0.0,0.13418704
0.0,0.0468361
0.0,0.017847518
0.0,0.040295675
0.0,0.06492396
0.0,0.08556851
0.0,0.06589752
1.0,0.05816084
0.0,0.01543736
0.0,0.05299846
0.0,0.043045368
0.0,0.059504166
0.0,0.0658759
0.0,0.048248954
0.0,0.13348718
0.0,0.059333675
0.0,0.023458397
1.0,0.02653022
0.0,0.07137489
0.0,0.045917246
0.0,0.08588988
0.0,0.08173169
0.0,0.16697997
0.0,0.04857243
1.0,0.07720425
0.0,0.05589658
0.0,0.05096817
0.0,0.02548343
0.0,0.045816332
0.0,0.027548626
0.0,0.07087975
0.0,0.06498165
0.0,0.05720321
0.0,0.028282482
0.0,0.03619738
0.0,0.015757043
2.0,0.14170833
0.0,0.06580046
0.0,0.1511905
0.0,0.08497254
0.0,0.05268562
0.0,0.022381779
1.0,0.066608384
0.0,0.08796343
0.0,0.1954067
0.0,0.038425457
0.0,0.056580853
0.0,0.06272961
0.0,0.09630443
0.0,0.06987984
0.0,0.035562858
0.0,0.09656976
0.0,0.042929288
0.0,0.0937088
0.0,0.01737751
1.0,0.08428698
0.0,0.09726556
0.0,0.049872465
0.0,0.032627188
0.0,0.026898263
0.0,0.024709294
1.0,0.025809985
0.0,0.02581476
0.0,0.029239628
0.0,0.018741257
0.0,0.056156684
0.0,0.054303065
0.0,0.03312407
0.0,0.04536622
0.0,0.06504357
0.0,0.09787811
0.0,0.040804178
0.0,0.015512508
0.0,0.060594123
0.0,0.049294278
0.0,0.051559847
0.0,0.07563925
0.0,0.07233372
0.0,0.040259626
0.0,0.07661915
0.0,0.0589774
0.0,0.047347784
0.0,0.057818983
0.0,0.035612207
0.0,0.049544204
0.0,0.14035377
0.0,0.02462874
0.0,0.06873697
0.0,0.047693547
0.0,0.043715123
0.0,0.058206744
0.0,0.040758677
0.0,0.036938533
0.0,0.10412952
0.0,0.071748145
0.0,0.060904913
0.0,0.08619951
0.0,0.015533611
0.0,0.041467823
0.0,0.048544087
0.0,0.016898673
0.0,0.07577303
0.0,0.024256367
0.0,0.057948407
0.0,0.016618464
0.0,0.047444627
0.0,0.038288556
0.0,0.01448168
0.0,0.20435028
0.0,0.032053433
0.0,0.06726128
1.0,0.04589437
0.0,0.05827374
0.0,0.1349702
0.0,0.037022166
0.0,0.027553631
1.0,0.02082504
0.0,0.017935809
0.0,0.06302321
0.0,0.066873424
0.0,0.076839186
0.0,0.032219067
0.0,0.02574026
0.0,0.03749787
0.0,0.0430459
0.0,0.01344656
0.0,0.0445863
0.0,0.060527254
0.0,0.081895344
0.0,0.11744898
0.0,0.07857662
1.0,0.07353699
0.0,0.012640635
0.0,0.028225387
0.0,0.034818918
0.0,0.08756067
0.0,0.07170774
0.0,0.042259842
0.0,0.06364592
0.0,0.055260964
0.0,0.07450287
0.0,0.02006951
0.0,0.033905625
0.0,0.05969852
0.0,0.035581842
0.0,0.045130845
0.0,0.06767426
0.0,0.048430268
0.0,0.06047021
0.0,0.021024443
0.0,0.029549923
0.0,0.04526246
0.0,0.0651083
0.0,0.11573307
0.0,0.18293113
0.0,0.04688886
0.0,0.04411102
0.0,0.034798734
0.0,0.04144353
0.0,0.030137599
0.0,0.04668186
0.0,0.018724563
0.0,0.06413233
0.0,0.016300732
0.0,0.06547452
0.0,0.11537382
0.0,0.06132767
0.0,0.057062622
0.0,0.058040105
0.0,0.07377355
0.0,0.012701509
0.0,0.031542063
0.0,0.055343553
0.0,0.07853908
0.0,0.018550165
0.0,0.07104281
0.0,0.048984677
0.0,0.0496387
0.0,0.017117757
0.0,0.025082462
0.0,0.03653908
0.0,0.061281174
0.0,0.030724684
0.0,0.024379581
0.0,0.027646296
0.0,0.036691763
0.0,0.07083019
0.0,0.01727714
0.0,0.06937401
0.0,0.031687476
0.0,0.02854726
0.0,0.058614306
0.0,0.028718088
0.0,0.060672052
0.0,0.012184015
0.0,0.023250606
0.0,0.08232931
0.0,0.07384922
1.0,0.024613079
0.0,0.06431872
0.0,0.013989593
0.0,0.03197233
0.0,0.01052966
0.0,0.018020378
0.0,0.069334954
0.0,0.022304336
0.0,0.08074125
0.0,0.027499305
0.0,0.021406077
0.0,0.08238525
0.0,0.041447323
1.0,0.03252309
0.0,0.051318124
0.0,0.034535997
0.0,0.026228923
0.0,0.016812498
0.0,0.053832706
0.0,0.18281275
0.0,0.05120805
0.0,0.044027787
0.0,0.015380182
0.0,0.024201754
0.0,0.20616545
0.0,0.0291056
0.0,0.013914403
0.0,0.034164317
0.0,0.019364635
0.0,0.06580744
0.0,0.032744847
0.0,0.011019871
0.0,0.057607837
0.0,0.038744487
0.0,0.05178001
0.0,0.045579016
0.0,0.018858433
0.0,0.05271884
0.0,0.10544819
0.0,0.07488921
0.0,0.025235586
0.0,0.04541845
0.0,0.11230742
0.0,0.020761702
0.0,0.05900681
0.0,0.0139040295
0.0,0.0805283
0.0,0.027565539
0.0,0.09110089
0.0,0.017511783
0.0,0.06600168
0.0,0.08303841
0.0,0.11249485
0.0,0.05042311
0.0,0.010101929
0.0,0.062446646
0.0,0.019044524
0.0,0.035775054
0.0,0.031044373
0.0,0.036086876
0.0,0.024898069
0.0,0.0556193
0.0,0.03617802
0.0,0.051207952
0.0,0.03146299
0.0,0.01787981
0.0,0.03637903
0.0,0.025809936
0.0,0.04374855
0.0,0.082490936
0.0,0.055331893
0.0,0.048290774
0.0,0.023711525
0.0,0.022794181
0.0,0.073206365
0.0,0.042401254
0.0,0.029494233
0.0,0.041261725
0.0,0.116897516
0.0,0.021537222
0.0,0.060347468
1.0,0.06312195
0.0,0.029276906
0.0,0.06370344
0.0,0.05392985
0.0,0.024296071
0.0,0.032433122
0.0,0.025904492
1.0,0.06802649
0.0,0.024014536
1.0,0.114856824
0.0,0.056151785
0.0,0.057719953
0.0,0.03455026
0.0,0.06454223
0.0,0.023857737
0.0,0.065887146
0.0,0.038572446
0.0,0.06466586
0.0,0.018210363
0.0,0.123697735
0.0,0.03191597
0.0,0.09485512
0.0,0.03980036
0.0,0.019159548
0.0,0.21530819
0.0,0.03412685
0.0,0.035719946
0.0,0.056118753
0.0,0.0175075
0.0,0.14208865
0.0,0.07845309
0.0,0.04827869
0.0,0.024317108
0.0,0.0550261
0.0,0.033848602
0.0,0.052775506
0.0,0.029484108
0.0,0.07323458
0.0,0.070755266
0.0,0.045130864
0.0,0.022987729
0.0,0.03831122
0.0,0.08739657
0.0,0.018565094
0.0,0.03279785
0.0,0.065081105
0.0,0.07834663
0.0,0.013166224
0.0,0.064983085
0.0,0.010017114
0.0,0.020881291
0.0,0.05337714
1.0,0.08091098
0.0,0.045236915
0.0,0.07810381
0.0,0.043034345
0.0,0.043251485
0.0,0.14507158
0.0,0.054935075
0.0,0.033104397
0.0,0.024720632
0.0,0.09590551
0.0,0.095607854
0.0,0.019337911
0.0,0.036986947
0.0,0.06156265
0.0,0.02598612
0.0,0.054979887
0.0,0.12540388
0.0,0.07997246
0.0,0.12201082
0.0,0.058904395
0.0,0.057492718
1.0,0.050025992
1.0,0.08738059
0.0,0.05844576
0.0,0.06828414
0.0,0.046116725
0.0,0.009352817
0.0,0.028706944
0.0,0.058457926
0.0,0.051648013
0.0,0.06671705
0.0,0.05451729
0.0,0.039979443
0.0,0.04361976
0.0,0.059162118
0.0,0.035910435
0.0,0.11433869
0.0,0.06525463
0.0,0.037494652
0.0,0.10029186
0.0,0.08191714
0.0,0.053161208
0.0,0.026958164
0.0,0.058151536
0.0,0.05320947
0.0,0.05139877
0.0,0.07257093
0.0,0.04104743
1.0,0.08441983
0.0,0.07157303
0.0,0.07643035
0.0,0.0776344
0.0,0.069520146
0.0,0.08844663
0.0,0.042611543
0.0,0.041898057
0.0,0.021253403
0.0,0.06538426
0.0,0.046935435
0.0,0.015766015
0.0,0.03920903
0.0,0.093292594
0.0,0.020697828
0.0,0.04216335
0.0,0.082210936
0.0,0.039560214
0.0,0.0740805
0.0,0.05057491
0.0,0.067298874
0.0,0.04651505
0.0,0.0495396
0.0,0.014740185
0.0,0.17109138
0.0,0.045802444
0.0,0.06811328
0.0,0.07511157
0.0,0.02222219
0.0,0.055796534
0.0,0.04575959
0.0,0.03312739
0.0,0.118494496
0.0,0.20304853
1.0,0.29769862
0.0,0.032880373
0.0,0.029389335
0.0,0.06631232
0.0,0.057760425
0.0,0.032160632
2.0,0.4591959
0.0,0.021227667
0.0,0.09700178
0.0,0.05020704
0.0,0.06144512
0.0,0.08711971
0.0,0.028163731
0.0,0.06980233
0.0,0.029958215
0.0,0.05766187
0.0,0.11527164
0.0,0.033168152
0.0,0.05308048
0.0,0.06330401
0.0,0.12125969
0.0,0.017384827
0.0,0.017765243
0.0,0.0560736
0.0,0.113485985
0.0,0.03912564
0.0,0.06651396
0.0,0.09423153
0.0,0.132463
0.0,0.03920127
0.0,0.016664233
0.0,0.026893929
0.0,0.07734628
0.0,0.07099909
0.0,0.028583124
0.0,0.030837422
0.0,0.02532525
0.0,0.056573544
0.0,0.039852355
0.0,0.037064154
0.0,0.18249962
0.0,0.08826981
0.0,0.03758729
0.0,0.03849162
0.0,0.013285252
0.0,0.024559045
0.0,0.03724598
0.0,0.043174442
0.0,0.08247334
0.0,0.04397745
0.0,0.033709742
0.0,0.037178747
0.0,0.022641517
0.0,0.04274382
0.0,0.06691237
0.0,0.046917737
0.0,0.05452467
0.0,0.040950347
0.0,0.030615687
0.0,0.04653686
0.0,0.04598699
0.0,0.07785134
0.0,0.03127594
0.0,0.041793797
0.0,0.0155265685
0.0,0.018839378
0.0,0.02898154
0.0,0.03627318
0.0,0.038375888
0.0,0.06969804
0.0,0.0670948
0.0,0.060679242
0.0,0.08764672
0.0,0.022901189
0.0,0.061323386
0.0,0.08227827
0.0,0.085015275
0.0,0.17790484
0.0,0.06329017
1.0,0.041630264
0.0,0.06377654
0.0,0.02566791
0.0,0.07559036
0.0,0.015786704
0.0,0.033245675
0.0,0.07469371
0.0,0.019396212
0.0,0.087483004
0.0,0.072156824
0.0,0.030509766
0.0,0.06416766
0.0,0.0373256
0.0,0.057849098
0.0,0.06519158
0.0,0.019386087
1.0,0.0530797
0.0,0.036922082
0.0,0.053566024
0.0,0.011253332
0.0,0.051908884
0.0,0.0558981
0.0,0.06508322
0.0,0.03394801
0.0,0.038646493
0.0,0.021022819
0.0,0.015019238
0.0,0.029275287
0.0,0.019081248
0.0,0.073144674
0.0,0.05205689
0.0,0.08788024
0.0,0.050128885
0.0,0.06477048
0.0,0.052378736
0.0,0.0731074
0.0,0.035479203
0.0,0.019352976
0.0,0.033157445
0.0,0.017768793
0.0,0.054611735
0.0,0.054770477
0.0,0.04690711
0.0,0.029680407
0.0,0.075598285
0.0,0.05680206
0.0,0.059026282
0.0,0.050643373
0.0,0.06307261
1.0,0.07907928
0.0,0.08157774
0.0,0.038817775
0.0,0.044455253
0.0,0.11084091
0.0,0.009770423
0.0,0.06032143
0.0,0.06583184
0.0,0.027465062
0.0,0.060683757
0.0,0.046827435
0.0,0.07276664
0.0,0.023504496
0.0,0.026052099
1.0,0.07448095
0.0,0.049978547
0.0,0.03727702
0.0,0.058544025
0.0,0.047781937
0.0,0.014717963
0.0,0.050604895
0.0,0.079898514
0.0,0.076444425
0.0,0.049912836
0.0,0.05612568
0.0,0.049609404
0.0,0.051612586
0.0,0.03267056
0.0,0.034894675
0.0,0.016343897
0.0,0.065777965
0.0,0.033190746
0.0,0.023652239
0.0,0.11355367
0.0,0.060824014
1.0,0.027357321
0.0,0.046005525
0.0,0.04767865
0.0,0.06812449
0.0,0.05476285
0.0,0.05666804
0.0,0.026942948
1.0,0.05897404
0.0,0.02241772
0.0,0.013199143
0.0,0.03676667
0.0,0.05642432
0.0,0.07253771
0.0,0.05784311
0.0,0.09688689
0.0,0.060032908
0.0,0.020020207
0.0,0.02112022
0.0,0.040736623
0.0,0.0591229
0.0,0.0526974
0.0,0.046741217
0.0,0.025984794
0.0,0.015482033
0.0,0.031634923
0.0,0.079765774
0.0,0.05606253
0.0,0.03774601
0.0,0.051462017
0.0,0.04725869
0.0,0.020668881
0.0,0.05652498
0.0,0.08679052
0.0,0.07247659
0.0,0.019508548
0.0,0.038572114
0.0,0.034405287
0.0,0.039505716
0.0,0.07905466
0.0,0.13215058
0.0,0.031116918
0.0,0.04751948
0.0,0.03797257
0.0,0.076510444
0.0,0.0073335394
0.0,0.09855413
0.0,0.060088426
0.0,0.09270471
0.0,0.06839425
0.0,0.031449474
1.0,0.068867825
0.0,0.042461794
0.0,0.063315
0.0,0.040757313
0.0,0.03261734
0.0,0.07607829
0.0,0.04038959
0.0,0.160292
0.0,0.018567104
0.0,0.04323565
0.0,0.052016247
0.0,0.03425797
0.0,0.041701213
0.0,0.04626456
0.0,0.034951076
0.0,0.058358055
0.0,0.023258701
0.0,0.07797221
0.0,0.06586175
0.0,0.05127148
0.0,0.07994287
0.0,0.054968353
0.0,0.06258949
0.0,0.062292755
0.0,0.0476164
0.0,0.058022562
0.0,0.07627569
0.0,0.046036027
0.0,0.042537402
0.0,0.08180176
1.0,0.068459004
0.0,0.05109658
0.0,0.021583835
0.0,0.07022642
0.0,0.03163987
0.0,0.07094951
0.0,0.019300953
0.0,0.023683252
0.0,0.035203155
0.0,0.059054293
0.0,0.030611979
0.0,0.2671217
0.0,0.029322928
0.0,0.062448703
0.0,0.044601098
0.0,0.019044515
0.0,0.03501129
0.0,0.08633764
0.0,0.10200641
0.0,0.021007136
0.0,0.025100037
0.0,0.089320734
0.0,0.019321974
0.0,0.10308547
0.0,0.050481908
0.0,0.045333695
0.0,0.008563496
0.0,0.042435095
0.0,0.09488188
0.0,0.08287386
0.0,0.057326198
0.0,0.020617291
0.0,0.084148474
0.0,0.050090417
0.0,0.05577924
0.0,0.06464806
0.0,0.077346005
0.0,0.054827597
0.0,0.03953796
0.0,0.06248084
0.0,0.0707272
0.0,0.10214896
0.0,0.03135173
0.0,0.055563476
0.0,0.043746278
0.0,0.07299033
0.0,0.022023942
0.0,0.06475938
0.0,0.0896004
0.0,0.042282052
0.0,0.038846307
0.0,0.027469568
0.0,0.085020095
0.0,0.02248938
0.0,0.06607954
0.0,0.052611083
0.0,0.02098476
0.0,0.015083407
0.0,0.09276052
0.0,0.13189429
0.0,0.03751926
0.0,0.056907006
0.0,0.031513214
0.0,0.03524741
0.0,0.07171745
0.0,0.015171844
0.0,0.09732014
0.0,0.07942207
0.0,0.07576684
0.0,0.043231733
0.0,0.032994792
0.0,0.027403787
0.0,0.080281675
0.0,0.032732777
0.0,0.07572077
0.0,0.17313698
0.0,0.052698307
0.0,0.21777883
0.0,0.018137334
0.0,0.013369271
1.0,0.023936443
0.0,0.033995148
0.0,0.08504098
0.0,0.062313907
0.0,0.022999965
0.0,0.07284996
0.0,0.116413794
1.0,0.0146996565
0.0,0.008806284
0.0,0.038981
0.0,0.02342539
0.0,0.092799805
0.0,0.07034396
0.0,0.055976197
0.0,0.054509725
0.0,0.047095392
0.0,0.067483105
0.0,0.07619063
0.0,0.061972916
0.0,0.028121889
0.0,0.073318996
0.0,0.051141847
0.0,0.060663953
0.0,0.08634295
0.0,0.034507006
0.0,0.025555408
0.0,0.016215773
0.0,0.06443385
0.0,0.08510183
0.0,0.060959086
0.0,0.11088669
0.0,0.062566854
0.0,0.035766732
0.0,0.04935223
0.0,0.056821134
0.0,0.021123433
0.0,0.046699934
0.0,0.06466172
0.0,0.050113328
0.0,0.05940932
0.0,0.05037978
0.0,0.026624406
0.0,0.014959998
0.0,0.041210033
0.0,0.0396485
0.0,0.07758389
0.0,0.04610063
0.0,0.03642182
0.0,0.047953054
0.0,0.02631539
0.0,0.023935791
0.0,0.039237402
0.0,0.056991704
0.0,0.04784753
0.0,0.063177295
0.0,0.010261971
0.0,0.05157347
0.0,0.014831296
0.0,0.023454305
0.0,0.012064856
0.0,0.018199425
0.0,0.036264326
0.0,0.03921965
0.0,0.05347063
1.0,0.063025974
0.0,0.07100144
0.0,0.06100211
0.0,0.031513967
0.0,0.06773356
0.0,0.080116466
0.0,0.059740495
0.0,0.061178956
0.0,0.0430077
0.0,0.078826286
0.0,0.07973535
0.0,0.012343576
0.0,0.017554723
0.0,0.01897167
0.0,0.034317236
0.0,0.026615432
0.0,0.04383243
0.0,0.024103515
0.0,0.04886416
0.0,0.041599445
0.0,0.01819579
0.0,0.09766422
0.0,0.02767332
0.0,0.012293184
0.0,0.075571224
0.0,0.019858576
0.0,0.03607129
0.0,0.03077326
0.0,0.013308217
0.0,0.02973181
0.0,0.088359416
0.0,0.089447536
0.0,0.15681492
0.0,0.040044405
0.0,0.05900906
0.0,0.04805251
0.0,0.06602251
0.0,0.10194893
0.0,0.03812639
0.0,0.054288927
0.0,0.05271685
1.0,0.056711424
0.0,0.029740574
0.0,0.049410246
0.0,0.037477154
0.0,0.06020382
0.0,0.02869988
0.0,0.019212069
0.0,0.079807185
0.0,0.051459685
0.0,0.030455275
0.0,0.01890479
0.0,0.07176921
0.0,0.05963678
0.0,0.025536805
0.0,0.07431461
0.0,0.041255254
0.0,0.030859295
0.0,0.075207874
0.0,0.022120949
0.0,0.041964836
0.0,0.03156421
0.0,0.024401704
0.0,0.025612194
0.0,0.0731272
0.0,0.025017709
0.0,0.06814645
0.0,0.046606965
0.0,0.028288133
0.0,0.040014457
0.0,0.03404513
0.0,0.020820174
0.0,0.04363738
0.0,0.06274463
0.0,0.03193529
0.0,0.019902134
0.0,0.0733433
0.0,0.057417296
1.0,0.06807945
0.0,0.03585611
0.0,0.044027492
0.0,0.05492803
0.0,0.027827518
0.0,0.027203862
0.0,0.030822206
0.0,0.059731435
0.0,0.028291358
0.0,0.051357828
0.0,0.039265852
0.0,0.051087692
0.0,0.066289224
0.0,0.023002839
0.0,0.0075494214
0.0,0.02922562
0.0,0.049071692
0.0,0.062765025
0.0,0.07372342
0.0,0.050306395
0.0,0.070167996
0.0,0.044995278
0.0,0.017918011
0.0,0.08374359
0.0,0.09250128
0.0,0.10087532
0.0,0.033122808
0.0,0.031404547
0.0,0.05096674
0.0,0.08713359
0.0,0.05919444
0.0,0.08417797
0.0,0.20344715
0.0,0.09784601
0.0,0.028452065
0.0,0.068078704
0.0,0.03659341
0.0,0.049720116
0.0,0.054489248
0.0,0.03962155
0.0,0.03540584
0.0,0.049120456
0.0,0.04308866
0.0,0.090654165
0.0,0.041175816
0.0,0.053778905
1.0,0.17056286
0.0,0.011255892
0.0,0.01559466
0.0,0.023280248
0.0,0.11349242
0.0,0.065195955
1.0,0.15628842
1.0,0.07810118
0.0,0.0132633895
0.0,0.019511804
0.0,0.06868154
0.0,0.04457622
0.0,0.021596313
0.0,0.09251582
0.0,0.020549098
0.0,0.019213699
0.0,0.055029828
1.0,0.056232248
0.0,0.077148825
0.0,0.056324963
0.0,0.016507775
0.0,0.044923674
0.0,0.04163193
0.0,0.02878672
0.0,0.018447578
0.0,0.03936981
0.0,0.03181857
0.0,0.02402473
0.0,0.17870405
0.0,0.06871572
0.0,0.018403035
0.0,0.039469734
0.0,0.0065146214
0.0,0.079134315
0.0,0.032283533
0.0,0.07331754
1.0,0.04818853
0.0,0.026210632
0.0,0.07526231
0.0,0.055418447
0.0,0.04582728
0.0,0.026344541
0.0,0.007880915
0.0,0.17239176
0.0,0.057118237
0.0,0.03588209
0.0,0.06323994
0.0,0.056281444
0.0,0.021975381
0.0,0.07362607
0.0,0.030574678
0.0,0.078709885
0.0,0.028099168
0.0,0.053228527
0.0,0.05685192
0.0,0.027924964
0.0,0.07460008
0.0,0.046154432
0.0,0.047000047
0.0,0.024985138
0.0,0.06238977
0.0,0.04723911
0.0,0.073177785
0.0,0.07137593
0.0,0.06701672
0.0,0.046539657
0.0,0.03474965
0.0,0.02867653
0.0,0.045218345
0.0,0.057150006
0.0,0.06501764
0.0,0.03008271
0.0,0.09323981
0.0,0.029107403
0.0,0.041812893
1.0,0.025220513
0.0,0.050954126
0.0,0.022677865
0.0,0.047917463
0.0,0.0683942
0.0,0.05854722
0.0,0.07111892
1.0,0.01778657
0.0,0.08501817
0.0,0.064132944
0.0,0.069661275
0.0,0.01524913
0.0,0.033107553
0.0,0.1851537
0.0,0.14016363
0.0,0.05352198
0.0,0.05134669
0.0,0.036653537
0.0,0.077368766
0.0,0.037544727
0.0,0.03869449
0.0,0.014077025
0.0,0.06981691
0.0,0.059719887
0.0,0.053851295
0.0,0.075773105
0.0,0.050311815
0.0,0.07771894
0.0,0.035927802
0.0,0.05523541
0.0,0.020215722
0.0,0.020750964
0.0,0.08272821
0.0,0.021490082
0.0,0.012255154
0.0,0.048094068
0.0,0.05491376
0.0,0.06015657
0.0,0.060731363
0.0,0.06809253
0.0,0.027182285
0.0,0.12597673
0.0,0.09806638
0.0,0.11263596
0.0,0.040074702
0.0,0.036682248
0.0,0.26643756
0.0,0.04724224
0.0,0.015699055
0.0,0.07978464
0.0,0.062405568
0.0,0.0662775
0.0,0.041581657
0.0,0.06704737
0.0,0.045517247
0.0,0.016188184
0.0,0.044345073
0.0,0.03779662
0.0,0.026348876
0.0,0.09821646
0.0,0.13408297
0.0,0.022579307
0.0,0.033960022
0.0,0.018392779
0.0,0.093027465
0.0,0.04343166
0.0,0.017497769
0.0,0.032041207
0.0,0.04078212
0.0,0.051869914
0.0,0.037985086
0.0,0.009867843
0.0,0.041149024
0.0,0.056045935
0.0,0.079131916
0.0,0.023169085
0.0,0.035670586
0.0,0.05364524
1.0,0.081861064
0.0,0.07135696
0.0,0.046831593
1.0,0.06759663
0.0,0.045053568
0.0,0.0133058
0.0,0.049710326
0.0,0.02170614
0.0,0.052070968
0.0,0.026537078
0.0,0.062215768
0.0,0.017705368
0.0,0.022275116
0.0,0.032814965
0.0,0.055887148
0.0,0.062102515
0.0,0.064329006
0.0,0.13599578
0.0,0.1395896
0.0,0.08015472
0.0,0.059056815
0.0,0.12649056
0.0,0.028845118
0.0,0.04024078
0.0,0.026211921
0.0,0.022022083
0.0,0.078204334
0.0,0.019437486
0.0,0.026712887
0.0,0.021308027
0.0,0.03427967
0.0,0.07992557
0.0,0.063094236
0.0,0.061524574
0.0,0.07316461
0.0,0.014563449
0.0,0.03061643
0.0,0.0614868
0.0,0.08163436
0.0,0.02084805
0.0,0.03341137
0.0,0.06118294
0.0,0.07745625
0.0,0.07151453
0.0,0.025420478
0.0,0.024453059
0.0,0.034550868
0.0,0.042652607
0.0,0.05484326
0.0,0.020777004
0.0,0.05933499
0.0,0.045769237
0.0,0.02951552
0.0,0.033309385
0.0,0.0194983
0.0,0.015843369
0.0,0.038239565
0.0,0.013430335
0.0,0.07425706
0.0,0.062073294
0.0,0.015835378
0.0,0.051996533
0.0,0.08948192
0.0,0.028311789
0.0,0.015574708
0.0,0.024659282
0.0,0.054831676
0.0,0.050318606
0.0,0.028396549
0.0,0.020942796
0.0,0.06761025
0.0,0.059099846
0.0,0.072841726
0.0,0.067046896
1.0,0.024275633
0.0,0.024089532
0.0,0.07868077
0.0,0.06896016
0.0,0.012237769
0.0,0.1536097
0.0,0.13064505
0.0,0.06436704
0.0,0.063968554
0.0,0.06066015
0.0,0.049033612
0.0,0.046541475
0.0,0.06862063
0.0,0.0106455125
0.0,0.060170397
0.0,0.054714147
0.0,0.10471902
0.0,0.045253716
0.0,0.0078156525
0.0,0.025436569
0.0,0.034339793
0.0,0.041260645
0.0,0.06552729
0.0,0.07720979
0.0,0.036086515
0.0,0.05101673
0.0,0.06404903
0.0,0.022448838
1.0,0.045441277
0.0,0.11236254
0.0,0.06804321
0.0,0.043158755
0.0,0.014716468
0.0,0.034613695
0.0,0.058882773
1.0,0.022538291
0.0,0.062339097
0.0,0.07212229
0.0,0.09993833
0.0,0.064473696
0.0,0.02302986
1.0,0.051206954
0.0,0.033816677
0.0,0.08335698
0.0,0.021576466
0.0,0.06228169
0.0,0.105276816
0.0,0.057801865
0.0,0.022417378
0.0,0.054647215
0.0,0.016397167
0.0,0.039090414
0.0,0.0671211
0.0,0.042423785
0.0,0.09597327
0.0,0.029655918
0.0,0.012237068
0.0,0.06937054
0.0,0.09349933
0.0,0.16224599
0.0,0.08015368
0.0,0.060523592
0.0,0.042028118
0.0,0.10867943
0.0,0.07904791
0.0,0.045145545
0.0,0.033141073
1.0,0.06395916
0.0,0.047341395
0.0,0.027507173
0.0,0.05926016
0.0,0.05225762
0.0,0.032266144
1.0,0.053903192
0.0,0.058777325
0.0,0.04013276
0.0,0.03241839
0.0,0.0121548325
0.0,0.044969626
0.0,0.029896865
0.0,0.028546948
0.0,0.102559686
0.0,0.07665847
0.0,0.02343883
0.0,0.06449085
0.0,0.042868637
0.0,0.016504021
0.0,0.038853496
0.0,0.07968598
0.0,0.022752494
0.0,0.03281093
0.0,0.10284764
0.0,0.0138776405
0.0,0.097990446
0.0,0.029713187
0.0,0.06602159
1.0,0.028994022
0.0,0.06504307
0.0,0.01418217
0.0,0.05853977
0.0,0.019551378
0.0,0.050253503
0.0,0.012474325
0.0,0.0258439
0.0,0.020150287
0.0,0.0474661
0.0,0.02600299
0.0,0.32142243
0.0,0.043510634
0.0,0.07155168
0.0,0.06291788
0.0,0.067948535
0.0,0.022104554
0.0,0.06022429
0.0,0.0535106
0.0,0.06905292
0.0,0.03871581
0.0,0.06674841
0.0,0.032145407
0.0,0.007548745
0.0,0.035783585
0.0,0.026973478
0.0,0.025462221
0.0,0.07247414
0.0,0.014684552
0.0,0.06342326
0.0,0.057906695
0.0,0.0274882
0.0,0.064285174
0.0,0.034001082
0.0,0.026351929
0.0,0.055694353
0.0,0.016938858
0.0,0.11510198
0.0,0.031638153
0.0,0.022988629
0.0,0.15960345
0.0,0.07103624
0.0,0.04651527
0.0,0.24896358
0.0,0.024556668
0.0,0.03988901
0.0,0.04326611
0.0,0.021546219
0.0,0.036010608
0.0,0.01367167
0.0,0.02476595
0.0,0.058270298
0.0,0.056560732
0.0,0.065163866
0.0,0.059045367
0.0,0.047829077
0.0,0.04958625
0.0,0.04584144
0.0,0.011318648
0.0,0.106751405
0.0,0.052310325
0.0,0.12822647
0.0,0.06647845
1.0,0.047648467
0.0,0.0863635
0.0,0.05069167
0.0,0.029288271
0.0,0.024418546
0.0,0.015153537
0.0,0.04424479
0.0,0.0674842
0.0,0.023987893
0.0,0.05005355
0.0,0.06364709
0.0,0.07352342
0.0,0.070777774
0.0,0.067855306
0.0,0.0557122
0.0,0.025678314
0.0,0.08147524
0.0,0.066112466
0.0,0.045571256
0.0,0.047130056
0.0,0.018625114
0.0,0.08093272
0.0,0.05507193
0.0,0.13254938
0.0,0.044047423
1.0,0.11879949
0.0,0.0327567
0.0,0.06371471
0.0,0.055573754
0.0,0.0983195
1.0,0.10068229
0.0,0.070094675
0.0,0.042297237
0.0,0.037871886
0.0,0.013657309
0.0,0.072837025
0.0,0.03919155
0.0,0.05335429
0.0,0.012289815
0.0,0.036680132
0.0,0.057598513
0.0,0.02701517
0.0,0.08266598
0.0,0.04626882
0.0,0.060818143
0.0,0.03914042
0.0,0.07633588
0.0,0.022429558
0.0,0.029882854
0.0,0.06920373
0.0,0.009167208
0.0,0.012131486
0.0,0.06916674
0.0,0.3062446
0.0,0.071572736
0.0,0.0624395
0.0,0.028671991
0.0,0.02881842
0.0,0.044218574
0.0,0.019291172
0.0,0.043678474
0.0,0.045317788
0.0,0.13750409
0.0,0.067805834
0.0,0.1217427
0.0,0.038849678
0.0,0.025315493
0.0,0.078226544
0.0,0.050207708
0.0,0.084331885
0.0,0.075456604
0.0,0.027556838
0.0,0.08565983
0.0,0.0224168
0.0,0.037603013
0.0,0.051450312
0.0,0.084793136
0.0,0.033051748
0.0,0.0187316
0.0,0.058500063
0.0,0.054864552
0.0,0.04505881
1.0,0.32430273
0.0,0.06697222
0.0,0.034964312
0.0,0.061116472
0.0,0.065366365
0.0,0.09843997
0.0,0.068672545
0.0,0.053282492
0.0,0.026710633
0.0,0.07042544
0.0,0.048227884
0.0,0.043777913
0.0,0.06154966
0.0,0.04418287
0.0,0.059776325
0.0,0.042909354
0.0,0.046498973
0.0,0.055238806
0.0,0.21734759
0.0,0.039150834
0.0,0.04181086
0.0,0.11339986
0.0,0.051437113
0.0,0.028431477
0.0,0.24105683
0.0,0.017852446
0.0,0.074615255
0.0,0.030674664
0.0,0.06559204
1.0,0.06308628
0.0,0.061689228
0.0,0.054747317
0.0,0.02353427
0.0,0.06344952
0.0,0.06865637
0.0,0.050267763
0.0,0.08562859
0.0,0.06778529
0.0,0.040276255
0.0,0.028971467
0.0,0.04638559
0.0,0.044840977
1.0,0.07147521
0.0,0.04599028
0.0,0.03283926
0.0,0.021492042
0.0,0.11156891
0.0,0.020610234
0.0,0.015494345
0.0,0.040310953
0.0,0.09849408
0.0,0.07440449
0.0,0.0909253
0.0,0.04246566
0.0,0.049085684
1.0,0.051894803
0.0,0.018061714
1.0,0.016153833
0.0,0.052082986
0.0,0.09723859
0.0,0.015119578
0.0,0.019135242
0.0,0.025427207
0.0,0.020559605
0.0,0.054082148
0.0,0.02695653
0.0,0.033433076
0.0,0.08451271
0.0,0.123681985
0.0,0.018208565
0.0,0.06618537
0.0,0.026559409
0.0,0.044733815
0.0,0.019373585
0.0,0.059624765
0.0,0.02676713
0.0,0.092193834
0.0,0.06457486
0.0,0.049042545
0.0,0.041109562
0.0,0.06303218
0.0,0.058239408
0.0,0.035159368
0.0,0.017987927
0.0,0.045607626
0.0,0.0554581
0.0,0.041829847
0.0,0.03950502
2.0,0.1845986
1.0,0.17772244
0.0,0.08964923
0.0,0.09722883
0.0,0.019593542
0.0,0.023934685
0.0,0.037030622
0.0,0.017732227
0.0,0.036721326
0.0,0.058906447
0.0,0.034435835
0.0,0.018124565
0.0,0.03762961
0.0,0.019064559
0.0,0.052051578
0.0,0.026604164
0.0,0.04081613
0.0,0.058869593
0.0,0.06701704
0.0,0.048712384
0.0,0.048023716
0.0,0.025122188
0.0,0.044372488
0.0,0.036870904
0.0,0.032044936
0.0,0.061561916
0.0,0.03712268
0.0,0.02422049
0.0,0.04624345
1.0,0.052609023
0.0,0.028079748
0.0,0.023967657
0.0,0.042930905
0.0,0.07353855
0.0,0.053077165
0.0,0.05090869
0.0,0.06648495
0.0,0.06451495
0.0,0.017801527
0.0,0.07812591
0.0,0.084470205
0.0,0.03674005
0.0,0.03645181
0.0,0.053926148
0.0,0.01933924
0.0,0.06668053
0.0,0.02533855
0.0,0.07860435
0.0,0.08459057
0.0,0.036817882
0.0,0.036996968
0.0,0.02654243
0.0,0.012668918
0.0,0.05011591
0.0,0.03803014
0.0,0.03900629
0.0,0.019304864
0.0,0.06029157
0.0,0.055041872
0.0,0.049513005
0.0,0.023130141
0.0,0.043852188
0.0,0.017541684
0.0,0.093682274
0.0,0.05907156
0.0,0.066333994
0.0,0.025431996
0.0,0.021207564
0.0,0.033055626
0.0,0.04013295
0.0,0.12990424
0.0,0.022130847
0.0,0.07311782
0.0,0.023617785
0.0,0.023815693
0.0,0.055659443
0.0,0.023592371
1.0,0.20022789
0.0,0.052067913
0.0,0.016575752
0.0,0.03910311
0.0,0.040357035
0.0,0.057699315
0.0,0.020066762
0.0,0.08586341
0.0,0.041588973
1.0,0.05923993
0.0,0.05062273
0.0,0.040002458
0.0,0.013634041
0.0,0.048208825
0.0,0.075061105
0.0,0.036926977
0.0,0.02459352
0.0,0.03300694
0.0,0.08269955
0.0,0.049544062
0.0,0.026829936
0.0,0.023368401
0.0,0.058369715
0.0,0.072665185
0.0,0.030315211
0.0,0.080233276
0.0,0.09171037
0.0,0.035081096
0.0,0.019191641
0.0,0.027197065
0.0,0.02472708
0.0,0.0715235
0.0,0.018296033
0.0,0.07312823
0.0,0.022491395
0.0,0.0647915
0.0,0.10541501
0.0,0.16774973
0.0,0.015995856
0.0,0.022601282
0.0,0.04964381
0.0,0.05698075
0.0,0.051436353
0.0,0.052309424
0.0,0.06545114
0.0,0.06765125
0.0,0.059909455
0.0,0.03507802
0.0,0.037210993
0.0,0.05864686
0.0,0.050177455
0.0,0.036023453
0.0,0.052119058
0.0,0.08334227
0.0,0.03883116
0.0,0.047263894
0.0,0.048656948
0.0,0.053805403
0.0,0.031125955
0.0,0.026576638
0.0,0.060905363
0.0,0.06873175
0.0,0.014411958
0.0,0.056433547
0.0,0.07104884
0.0,0.041545447
0.0,0.042307686
0.0,0.024047298
0.0,0.08915582
0.0,0.0286061
0.0,0.016471354
0.0,0.060759127
0.0,0.05181333
1.0,0.067941494
0.0,0.05311955
0.0,0.050665524
0.0,0.04668887
0.0,0.030345786
0.0,0.03754618
0.0,0.07798483
0.0,0.03358295
0.0,0.077879705
0.0,0.04834568
0.0,0.032481395
0.0,0.089703985
0.0,0.034218296
0.0,0.052540734
0.0,0.056908377
0.0,0.119432054
0.0,0.06795766
0.0,0.042428277
0.0,0.075572826
0.0,0.030958515
0.0,0.09235774
0.0,0.059564423
0.0,0.026018964
0.0,0.08018545
0.0,0.03548753
0.0,0.0651588
0.0,0.012287107
0.0,0.04120117
0.0,0.07159519
0.0,0.03127069
0.0,0.09863139
0.0,0.038308863
0.0,0.069140665
0.0,0.02668698
0.0,0.034617774
0.0,0.15717185
0.0,0.026280966
0.0,0.051328987
0.0,0.022528738
1.0,0.05222165
0.0,0.049733207
0.0,0.011613717
0.0,0.029712267
0.0,0.029972803
0.0,0.08567564
0.0,0.06167761
0.0,0.041053753
0.0,0.025646806
0.0,0.040103987
0.0,0.034212783
0.0,0.07607567
0.0,0.06255776
0.0,0.042845525
0.0,0.047820568
0.0,0.019495957
0.0,0.06458058
0.0,0.0684517
0.0,0.024294253
0.0,0.061944522
0.0,0.04070138
0.0,0.08557935
0.0,0.04459404
0.0,0.08418379
0.0,0.06845037
0.0,0.05543589
0.0,0.0151625
0.0,0.024266548
1.0,0.044704385
0.0,0.06371275
0.0,0.047133405
0.0,0.025772646
0.0,0.06790217
0.0,0.055253744
0.0,0.050513428
0.0,0.034408603
0.0,0.045572735
0.0,0.03912118
0.0,0.051391978
0.0,0.046237655
0.0,0.05146528
0.0,0.045351163
0.0,0.03700554
0.0,0.14109051
0.0,0.025414817
0.0,0.10142398
0.0,0.07560077
0.0,0.119679645
0.0,0.08784224
0.0,0.02136758
0.0,0.035055228
0.0,0.036718175
0.0,0.023739422
1.0,0.033838484
0.0,0.092261314
0.0,0.05748566
0.0,0.02734175
0.0,0.0520923
0.0,0.19709915
0.0,0.13511421
0.0,0.069819435
0.0,0.027735462
0.0,0.021504998
0.0,0.06626719
1.0,0.07382095
0.0,0.028867766
0.0,0.06249413
0.0,0.03567052
0.0,0.09117499
0.0,0.054179356
0.0,0.020935398
0.0,0.01936686
0.0,0.03540449
0.0,0.05389628
0.0,0.03270192
0.0,0.019396212
0.0,0.01523142
0.0,0.07871777
0.0,0.036481474
0.0,0.035281565
0.0,0.045241185
0.0,0.033685368
0.0,0.09147088
0.0,0.03337613
0.0,0.040445827
0.0,0.025898278
0.0,0.018855572
0.0,0.04069721
0.0,0.07644482
0.0,0.022467848
0.0,0.06087984
0.0,0.048740663
0.0,0.031964935
0.0,0.05403129
0.0,0.03008842
0.0,0.04309622
0.0,0.052593775
0.0,0.02652497
0.0,0.043579135
0.0,0.03521751
0.0,0.025622003
0.0,0.022773398
0.0,0.07905322
0.0,0.043675452
0.0,0.03507994
0.0,0.073416606
0.0,0.05253119
0.0,0.03771519
0.0,0.06299614
0.0,0.021438345
0.0,0.044271484
0.0,0.057219196
0.0,0.105366364
0.0,0.028383078
0.0,0.036256805
0.0,0.035402514
0.0,0.013008223
0.0,0.057444338
0.0,0.06303355
0.0,0.016751807
0.0,0.04174669
0.0,0.04045858
0.0,0.046104766
0.0,0.058554955
0.0,0.036731325
0.0,0.04440091
0.0,0.082270265
0.0,0.1973452
0.0,0.08773265
0.0,0.054614495
0.0,0.050091133
0.0,0.054520357
0.0,0.057450447
0.0,0.059563085
0.0,0.028602812
0.0,0.14032203
0.0,0.03774952
0.0,0.026312314
0.0,0.26781687
0.0,0.0328242
0.0,0.07338253
1.0,0.033015363
0.0,0.086159155
0.0,0.057266515
0.0,0.03493588
0.0,0.0150611065
0.0,0.04685556
0.0,0.011937677
0.0,0.05251769
0.0,0.059061237
0.0,0.018943628
0.0,0.0049900273
0.0,0.07570221
0.0,0.055108763
0.0,0.064969145
0.0,0.025629055
0.0,0.05629862
0.0,0.07274333
0.0,0.033631105
0.0,0.094936095
0.0,0.034880616
0.0,0.06728087
0.0,0.028860582
0.0,0.0316798
0.0,0.04867918
0.0,0.062762
0.0,0.06434807
0.0,0.049599778
0.0,0.057384327
0.0,0.07578503
0.0,0.065433554
0.0,0.072410695
0.0,0.053586334
0.0,0.0701652
0.0,0.021071935
0.0,0.073300995
0.0,0.03951828
0.0,0.04274449
0.0,0.04420352
0.0,0.050341118
0.0,0.033099268
0.0,0.022008603
0.0,0.08179688
0.0,0.017682064
0.0,0.03963901
0.0,0.026274439
0.0,0.039424628
0.0,0.04408968
0.0,0.023388524
0.0,0.039465256
0.0,0.048706345
0.0,0.12452959
0.0,0.056183975
0.0,0.01748323
0.0,0.0069638793
0.0,0.05670284
0.0,0.022883046
0.0,0.020004194
0.0,0.029427743
0.0,0.028544389
0.0,0.036997583
0.0,0.37299782
0.0,0.037557174
0.0,0.02704248
0.0,0.02361004
0.0,0.039439257
0.0,0.019753866
0.0,0.02293687
0.0,0.033493422
0.0,0.053678833
0.0,0.05080674
0.0,0.055108394
0.0,0.054643046
0.0,0.07774578
0.0,0.05428551
0.0,0.077516176
1.0,0.03490824
0.0,0.030833922
0.0,0.14380771
0.0,0.021737918
0.0,0.08523707
0.0,0.032063905
0.0,0.05848121
0.0,0.036281053
0.0,0.067798175
0.0,0.01750906
0.0,0.052781973
0.0,0.061961833
0.0,0.047799025
0.0,0.029697677
0.0,0.024601065
0.0,0.070584886
0.0,0.19131252
0.0,0.070953436
0.0,0.040133007
0.0,0.015797073
0.0,0.1531358
0.0,0.09501195
0.0,0.07371967
0.0,0.033595763
0.0,0.07222953
0.0,0.13914633
0.0,0.07326921
0.0,0.046583503
0.0,0.04757162
0.0,0.10551141
0.0,0.041393742
0.0,0.063274495
0.0,0.032992825
0.0,0.06643255
0.0,0.07982576
0.0,0.07432996
0.0,0.039693713
0.0,0.021778453
1.0,0.16215569
0.0,0.11031658
0.0,0.04124532
0.0,0.050441556
0.0,0.010876253
0.0,0.06593308
0.0,0.015891232
0.0,0.056662
0.0,0.0483425
1.0,0.07136397
0.0,0.09575252
0.0,0.036418952
0.0,0.040165
0.0,0.025351636
0.0,0.025763959
0.0,0.056606248
0.0,0.04926481
0.0,0.06017572
0.0,0.02729712
0.0,0.012516622
0.0,0.08945355
0.0,0.14345577
0.0,0.03337029
0.0,0.054095406
0.0,0.022839528
0.0,0.047802854
0.0,0.10000765
0.0,0.066870645
0.0,0.054004993
0.0,0.17285393
0.0,0.03780648
0.0,0.026279502
1.0,0.0672594
0.0,0.062316716
0.0,0.039690796
0.0,0.05016863
0.0,0.15366356
0.0,0.04517763
0.0,0.039991625
0.0,0.056752868
0.0,0.0289951
0.0,0.05774495
0.0,0.055927508
0.0,0.02340779
0.0,0.07398296
0.0,0.038892608
0.0,0.02140182
0.0,0.02762325
0.0,0.0342774
0.0,0.08562921
0.0,0.021640608
0.0,0.076736115
0.0,0.036280032
0.0,0.040660158
0.0,0.0060245055
0.0,0.04331811
0.0,0.03158604
0.0,0.03190097
0.0,0.026899174
0.0,0.11566171
0.0,0.031229427
1.0,0.08051634
0.0,0.05031851
0.0,0.0900505
0.0,0.020398296
0.0,0.037639305
0.0,0.071683496
0.0,0.05422598
0.0,0.04469411
0.0,0.033320047
0.0,0.049351476
0.0,0.059141934
0.0,0.057303417
0.0,0.06850918
0.0,0.06827617
0.0,0.010661367
0.0,0.038769584
0.0,0.039747957
0.0,0.21658377
0.0,0.07434098
0.0,0.1119295
1.0,0.06571537
0.0,0.09056019
0.0,0.063344225
0.0,0.060286652
0.0,0.038941465
0.0,0.06097477
0.0,0.03595788
0.0,0.10568564
0.0,0.052610405
0.0,0.030954028
1.0,0.045004506
0.0,0.03532562
0.0,0.052448142
0.0,0.050568953
0.0,0.06209138
0.0,0.055273928
0.0,0.022397462
0.0,0.028785197
0.0,0.055625215
0.0,0.09328495
0.0,0.044562623
0.0,0.07193991
1.0,0.024624184
0.0,0.12253711
0.0,0.023195893
0.0,0.0640841
0.0,0.026717538
0.0,0.020288428
0.0,0.012872413
0.0,0.19978791
0.0,0.025335636
0.0,0.017097348
0.0,0.060670853
0.0,0.16656427
0.0,0.019391911
0.0,0.029451454
0.0,0.027719188
0.0,0.07301198
0.0,0.07114376
0.0,0.03503763
0.0,0.03491646
0.0,0.05685626
0.0,0.029392907
0.0,0.05216707
0.0,0.064704835
0.0,0.01743137
0.0,0.08419122
0.0,0.04240251
0.0,0.049977068
0.0,0.013167994
0.0,0.027111517
0.0,0.08057828
0.0,0.049943548
0.0,0.0471636
0.0,0.028812759
1.0,0.05263665
0.0,0.08356313
0.0,0.06572526
0.0,0.061645914
0.0,0.025362942
0.0,0.050425082
0.0,0.032164097
0.0,0.03794991
0.0,0.030681772
0.0,0.1405699
0.0,0.037944824
0.0,0.024828902
0.0,0.029329486
0.0,0.07105863
0.0,0.036641218
0.0,0.026316142
0.0,0.06548435
0.0,0.047062617
0.0,0.021681964
0.0,0.053818334
1.0,0.044945747
1.0,0.12972814
0.0,0.20197937
0.0,0.06510701
0.0,0.03053202
0.0,0.036703628
0.0,0.045972697
0.0,0.043198165
0.0,0.05019519
0.0,0.07574471
1.0,0.06612881
0.0,0.053075068
0.0,0.055038013
0.0,0.067141496
0.0,0.050316807
0.0,0.07565227
0.0,0.0506327
0.0,0.05801855
0.0,0.08372747
0.0,0.05537404
0.0,0.035063487
0.0,0.047969382
0.0,0.0051342547
0.0,0.056094486
0.0,0.0292067
0.0,0.053997345
0.0,0.037833676
0.0,0.02554784
0.0,0.032602914
0.0,0.066051945
0.0,0.026266158
0.0,0.14464597
0.0,0.046760008
0.0,0.028613467
0.0,0.034277514
1.0,0.0450857
0.0,0.06127393
0.0,0.019153446
0.0,0.044185545
0.0,0.03610681
0.0,0.01926659
0.0,0.08518335
0.0,0.013132259
0.0,0.044575438
0.0,0.13706498
0.0,0.13375561
0.0,0.06956911
0.0,0.05744995
0.0,0.054879203
0.0,0.06258869
0.0,0.04850059
0.0,0.07341977
0.0,0.0648737
0.0,0.05824981
0.0,0.16211572
0.0,0.030247606
0.0,0.023103619
0.0,0.1420734
0.0,0.018825538
0.0,0.04673676
0.0,0.01633402
0.0,0.036625583
0.0,0.061026577
0.0,0.073923685
0.0,0.075011194
0.0,0.024011767
0.0,0.022155553
0.0,0.040124666
0.0,0.015520832
1.0,0.019667989
0.0,0.041415043
1.0,0.067907
0.0,0.03701664
0.0,0.044980153
0.0,0.056123782
0.0,0.06398941
0.0,0.026155986
0.0,0.042895198
0.0,0.058189247
0.0,0.020006562
0.0,0.04880599
0.0,0.06297356
0.0,0.029547907
0.0,0.058826365
0.0,0.062283844
0.0,0.06705869
0.0,0.05256424
0.0,0.04094187
0.0,0.05805296
0.0,0.08864489
0.0,0.059578624
0.0,0.09500452
0.0,0.035611577
0.0,0.024508787
0.0,0.023252003
0.0,0.045743205
0.0,0.039044827
0.0,0.13862889
0.0,0.054748725
0.0,0.018787911
0.0,0.030691342
0.0,0.056689497
0.0,0.046810694
0.0,0.049217332
0.0,0.042873155
0.0,0.04397659
0.0,0.07670774
0.0,0.016551709
0.0,0.07917228
0.0,0.079992995
0.0,0.050214965
0.0,0.0494045
0.0,0.02283342
0.0,0.021099092
1.0,0.09278263
0.0,0.05278303
0.0,0.110663176
0.0,0.04728026
0.0,0.082721695
0.0,0.061625782
0.0,0.0149067
0.0,0.10489559
0.0,0.08060284
0.0,0.07268091
0.0,0.025054561
0.0,0.037375323
0.0,0.025235634
0.0,0.08146439
0.0,0.026115345
0.0,0.018414805
0.0,0.07636223
0.0,0.028718157
0.0,0.04831867
0.0,0.02699696
0.0,0.029731385
0.0,0.059269767
0.0,0.046644274
0.0,0.057774723
0.0,0.035222597
0.0,0.014684244
0.0,0.032548174
0.0,0.03241474
0.0,0.10453864
0.0,0.028146304
0.0,0.015828665
0.0,0.15312348
0.0,0.039639123
0.0,0.06974449
0.0,0.0356064
0.0,0.013746984
0.0,0.02873787
2.0,0.14617816
0.0,0.07115306
0.0,0.06808087
0.0,0.07019318
0.0,0.07443421
0.0,0.07825751
0.0,0.034516107
0.0,0.031271018
0.0,0.05996379
0.0,0.018387157
0.0,0.02595495
0.0,0.03069522
0.0,0.16129756
0.0,0.058573358
0.0,0.037144955
0.0,0.035862435
0.0,0.021656495
0.0,0.0177286
0.0,0.025649434
0.0,0.028927019
0.0,0.057029355
0.0,0.060245343
0.0,0.017614894
0.0,0.055890106
0.0,0.074418046
0.0,0.11616753
0.0,0.051260382
0.0,0.045981728
0.0,0.011125749
0.0,0.02100427
0.0,0.038090557
0.0,0.057153467
0.0,0.04003112
0.0,0.038271673
0.0,0.049650513
0.0,0.018174812
0.0,0.056627415
0.0,0.056799598
0.0,0.060480475
0.0,0.15497611
0.0,0.03551658
0.0,0.070594735
0.0,0.047787584
0.0,0.021616135
0.0,0.017501723
0.0,0.01886658
0.0,0.055373013
0.0,0.038055826
0.0,0.036064584
0.0,0.025039261
0.0,0.052602604
0.0,0.05823452
0.0,0.057109714
0.0,0.0398454
0.0,0.06424359
0.0,0.030593928
0.0,0.04184337
0.0,0.12616362
0.0,0.15742588
0.0,0.025299817
0.0,0.048590615
0.0,0.01817866
0.0,0.07631528
0.0,0.05535741
0.0,0.031185396
0.0,0.07885001
0.0,0.048326135
0.0,0.02385958
0.0,0.0145828435
0.0,0.06617791
0.0,0.024072126
0.0,0.055607527
0.0,0.07749158
0.0,0.04369462
0.0,0.025754085
0.0,0.056764115
0.0,0.019556012
0.0,0.06526318
0.0,0.029308725
0.0,0.06839572
0.0,0.05897297
0.0,0.052825585
0.0,0.042810112
0.0,0.0334558
0.0,0.053667165
0.0,0.07865699
0.0,0.011771165
0.0,0.074158214
0.0,0.07688918
0.0,0.043122325
0.0,0.03354881
0.0,0.068300016
0.0,0.044466995
0.0,0.052807275
0.0,0.020934468
0.0,0.061438072
0.0,0.06920053
0.0,0.072021574
0.0,0.096385926
0.0,0.024970416
0.0,0.032359652
0.0,0.06947713
0.0,0.042576425
0.0,0.038400948
0.0,0.034090795
0.0,0.07721614
0.0,0.05191812
0.0,0.02614485
0.0,0.12585081
0.0,0.023202185
0.0,0.045532227
0.0,0.09669048
0.0,0.05609767
0.0,0.11013845
0.0,0.025952945
0.0,0.047858734
0.0,0.054966282
0.0,0.02907317
0.0,0.109365284
0.0,0.032832667
0.0,0.03164826
0.0,0.013246748
0.0,0.0819255
0.0,0.042943478
0.0,0.05311218
0.0,0.043173987
0.0,0.04801126
0.0,0.032420848
0.0,0.04445733
0.0,0.041670877
0.0,0.041110035
0.0,0.03188751
0.0,0.024273284
0.0,0.07370764
1.0,0.04940226
0.0,0.016304394
0.0,0.060626894
0.0,0.061870694
0.0,0.019895028
0.0,0.0526765
0.0,0.07532013
0.0,0.074209705
0.0,0.055177785
1.0,0.06201186
0.0,0.112964876
0.0,0.0234093
0.0,0.047412917
1.0,0.107459694
0.0,0.00972495
0.0,0.029399538
0.0,0.067028
0.0,0.10972644
0.0,0.08772721
1.0,0.054098062
0.0,0.02530567
0.0,0.025402702
0.0,0.018382134
0.0,0.019837111
0.0,0.029927902
0.0,0.014431385
0.0,0.04953771
0.0,0.04288037
0.0,0.09250522
0.0,0.041456476
0.0,0.030196663
0.0,0.052609876
0.0,0.06418428
0.0,0.034844525
0.0,0.03495751
0.0,0.09322554
0.0,0.059534267
0.0,0.06371806
0.0,0.06531834
0.0,0.03674811
0.0,0.18542702
0.0,0.0424421
0.0,0.024201546
0.0,0.032211922
0.0,0.07366733
0.0,0.07246937
0.0,0.040723357
0.0,0.07883158
1.0,0.06443021
0.0,0.06755126
0.0,0.028973747
0.0,0.074622475
0.0,0.03681
0.0,0.027106436
0.0,0.046083882
1.0,0.020287586
0.0,0.03872343
0.0,0.07136849
0.0,0.057603348
0.0,0.017888304
1.0,0.056474842
0.0,0.039777897
0.0,0.070852585
0.0,0.07810135
0.0,0.04972
0.0,0.07697269
0.0,0.0617451
0.0,0.13708049
0.0,0.06134289
0.0,0.028758802
0.0,0.05756916
0.0,0.018690255
0.0,0.04470428
0.0,0.053699672
0.0,0.044905044
0.0,0.03886511
0.0,0.057877544
0.0,0.07274879
0.0,0.06404151
0.0,0.07260319
0.0,0.036081664
0.0,0.09418755
0.0,0.050795715
0.0,0.020998463
1.0,0.043734577
0.0,0.024635717
0.0,0.16604896
0.0,0.08673307
0.0,0.01673892
0.0,0.03815367
0.0,0.027376374
0.0,0.05193062
1.0,0.057195436
0.0,0.030847378
0.0,0.04179003
0.0,0.06699886
0.0,0.009117428
0.0,0.029378517
0.0,0.032149132
0.0,0.08606155
0.0,0.03146194
0.0,0.024836563
0.0,0.08449196
0.0,0.06335812
0.0,0.11089491
0.0,0.012864559
0.0,0.053418618
0.0,0.0523977
0.0,0.01278
0.0,0.009679819
0.0,0.045104425
0.0,0.07815075
0.0,0.0542742
0.0,0.035076514
0.0,0.033337004
0.0,0.13616125
0.0,0.058403317
0.0,0.03825983
0.0,0.03968353
0.0,0.046592593
0.0,0.01573427
0.0,0.072532944
0.0,0.050167385
0.0,0.052016817
0.0,0.017337987
0.0,0.041542992
0.0,0.06780604
0.0,0.03157231
0.0,0.005374301
0.0,0.07842765
0.0,0.009582199
0.0,0.103346474
0.0,0.0803521
0.0,0.08344354
0.0,0.035426866
0.0,0.023035813
0.0,0.045902446
0.0,0.044872742
0.0,0.05796659
0.0,0.062437057
0.0,0.018616864
0.0,0.05354248
0.0,0.05964224
0.0,0.06373623
0.0,0.096610226
0.0,0.08192872
0.0,0.029006384
0.0,0.032262683
0.0,0.039499257
0.0,0.059526827
0.0,0.038307603
1.0,0.061896868
0.0,0.029540427
0.0,0.01692573
0.0,0.024078071
0.0,0.022986775
0.0,0.07857794
0.0,0.05706948
0.0,0.06917605
0.0,0.75518095
0.0,0.06597999
0.0,0.05790772
0.0,0.021579709
0.0,0.08112199
0.0,0.09772156
0.0,0.06725271
0.0,0.049879335
0.0,0.04077718
0.0,0.04012788
0.0,0.035979234
0.0,0.035501003
0.0,0.02331093
0.0,0.06701036
0.0,0.07517307
0.0,0.09099925
0.0,0.064475566
0.0,0.0781327
0.0,0.13034208
0.0,0.06328009
0.0,0.03171243
0.0,0.06350815
0.0,0.093718536
0.0,0.0668063
0.0,0.03391395
0.0,0.078952
0.0,0.05075521
0.0,0.073309295
0.0,0.1174268
0.0,0.05557235
0.0,0.024583627
0.0,0.028702892
0.0,0.05927419
0.0,0.08318477
0.0,0.020901144
0.0,0.036380403
0.0,0.07062055
0.0,0.08473745
0.0,0.047550462
0.0,0.02235716
0.0,0.03458021
0.0,0.048627444
1.0,0.07483071
0.0,0.079477474
0.0,0.034892444
0.0,0.061723534
0.0,0.031776328
0.0,0.030272352
0.0,0.13529621
0.0,0.017015886
0.0,0.06523521
0.0,0.076626204
0.0,0.039725315
0.0,0.03767561
0.0,0.054692026
0.0,0.024045842
0.0,0.10332149
0.0,0.045930363
0.0,0.078432344
0.0,0.02668988
0.0,0.07409417
0.0,0.09211153
0.0,0.041459285
0.0,0.07262216
0.0,0.038742807
0.0,0.12770687
0.0,0.07323622
0.0,0.04596349
0.0,0.07577925
0.0,0.05120815
0.0,0.030413436
0.0,0.047741055
0.0,0.11535445
0.0,0.18026823
0.0,0.06001648
0.0,0.031851523
0.0,0.04383937
0.0,0.05251571
0.0,0.07267402
0.0,0.047690406
0.0,0.040675577
0.0,0.04140059
0.0,0.029414823
0.0,0.050367963
0.0,0.060262755
0.0,0.018538741
0.0,0.037810177
0.0,0.02469059
0.0,0.025331577
0.0,0.026968744
0.0,0.0663221
0.0,0.03859097
0.0,0.016457977
0.0,0.032126818
0.0,0.035422135
0.0,0.060135476
0.0,0.026914455
0.0,0.06437223
0.0,0.08219875
0.0,0.049671113
0.0,0.018069716
0.0,0.056737892
0.0,0.037381884
1.0,0.05231746
0.0,0.040523626
0.0,0.03993486
0.0,0.038795605
0.0,0.02477143
1.0,0.062476043
0.0,0.010687846
0.0,0.045612976
0.0,0.056719378
0.0,0.04751116
0.0,0.036828276
0.0,0.20965928
0.0,0.020099409
0.0,0.035560977
0.0,0.05594511
0.0,0.08469772
0.0,0.10315122
0.0,0.013408035
0.0,0.06255176
0.0,0.0572758
0.0,0.061058857
0.0,0.0775001
0.0,0.046612658
0.0,0.06306403
0.0,0.038838327
0.0,0.03899108
0.0,0.18874595
0.0,0.038916484
0.0,0.09204047
0.0,0.03463341
0.0,0.069287494
0.0,0.027103141
0.0,0.06294522
0.0,0.091528736
0.0,0.07974828
0.0,0.014940515
0.0,0.12478058
0.0,0.020172717
0.0,0.051884286
0.0,0.12325832
0.0,0.06487438
0.0,0.024328114
0.0,0.064928204
0.0,0.105064936
0.0,0.083441205
0.0,0.05610995
0.0,0.025755964
0.0,0.061017178
0.0,0.0766478
0.0,0.1703547
0.0,0.0373254
0.0,0.045739107
0.0,0.101765685
0.0,0.03618489
0.0,0.099848315
0.0,0.01603491
0.0,0.02578773
0.0,0.09882304
0.0,0.10839954
0.0,0.04375817
1.0,0.022810273
0.0,0.060109273
0.0,0.034341972
0.0,0.020037483
0.0,0.041938912
0.0,0.021865088
0.0,0.048912182
0.0,0.03821082
0.0,0.019545766
0.0,0.024573723
0.0,0.06587185
0.0,0.008477942
0.0,0.030438505
1.0,0.03674895
0.0,0.0680021
0.0,0.11398471
0.0,0.020344568
0.0,0.08559961
0.0,0.08503674
0.0,0.043525077
0.0,0.055285554
0.0,0.026263153
0.0,0.024845306
0.0,0.05345467
0.0,0.019962763
0.0,0.0650369
0.0,0.013222274
0.0,0.0253104
0.0,0.029546442
0.0,0.03684496
0.0,0.020356942
0.0,0.010346727
0.0,0.03154143
0.0,0.025314853
0.0,0.070266984
0.0,0.038893756
0.0,0.06400403
0.0,0.03593666
0.0,0.04058593
0.0,0.05996985
0.0,0.15123075
0.0,0.092170894
0.0,0.022747513
1.0,0.05705385
0.0,0.10347384
0.0,0.013673228
0.0,0.03141508
0.0,0.043936577
0.0,0.10601353
0.0,0.054230765
0.0,0.041396465
0.0,0.08401272
0.0,0.032167457
0.0,0.11261534
0.0,0.097939506
0.0,0.08790497
0.0,0.012410538
0.0,0.07860701
0.0,0.050233405
0.0,0.02033775
0.0,0.046562586
0.0,0.031510267
0.0,0.018610394
0.0,0.029410236
0.0,0.030879844
0.0,0.04500191
0.0,0.066885315
0.0,0.023555186
0.0,0.087814614
0.0,0.011456935
0.0,0.034297638
0.0,0.033656918
0.0,0.048628606
0.0,0.042937353
0.0,0.041129664
0.0,0.016077679
1.0,0.030216325
0.0,0.06861265
0.0,0.17183572
0.0,0.030256232
0.0,0.020443652
0.0,0.21418962
0.0,0.04204339
0.0,0.04534042
0.0,0.03744425
0.0,0.030179504
0.0,0.06076043
0.0,0.04406902
0.0,0.029317725
0.0,0.03839258
0.0,0.02880258
0.0,0.01630232
0.0,0.039907634
0.0,0.07099831
0.0,0.037102595
0.0,0.02810189
0.0,0.030678745
0.0,0.045015194
0.0,0.047207426
0.0,0.050809763
0.0,0.04003194
0.0,0.017668705
0.0,0.08620125
0.0,0.08356898
0.0,0.06586481
0.0,0.07988695
0.0,0.091441646
0.0,0.045681693
0.0,0.066568345
0.0,0.08794945
0.0,0.106609605
0.0,0.029540751
0.0,0.03926853
0.0,0.043589298
0.0,0.024266617
0.0,0.076850764
1.0,0.111504346
0.0,0.040842157
0.0,0.061804675
0.0,0.014391528
0.0,0.04078918
0.0,0.028357172
0.0,0.03395314
0.0,0.033139348
0.0,0.04386214
0.0,0.027267186
0.0,0.028566323
0.0,0.012962749
0.0,0.050354272
0.0,0.072696164
0.0,0.03810449
0.0,0.0443789
0.0,0.12600261
0.0,0.03898474
0.0,0.007420013
0.0,0.033265244
0.0,0.035896514
0.0,0.0601175
0.0,0.028929653
0.0,0.065100566
0.0,0.046289384
0.0,0.061206095
0.0,0.039486017
0.0,0.051711023
0.0,0.060218807
0.0,0.040674996
0.0,0.04018864
0.0,0.016756553
0.0,0.072818875
0.0,0.024107642
0.0,0.06890826
0.0,0.02879441
0.0,0.031259716
0.0,0.042051293
0.0,0.03821279
0.0,0.06412148
0.0,0.0726498
0.0,0.03326055
0.0,0.07867831
0.0,0.044237427
0.0,0.023685127
0.0,0.06359409
0.0,0.045327947
0.0,0.007075494
0.0,0.055558465
0.0,0.017781641
0.0,0.05422619
0.0,0.045894437
1.0,0.096873604
0.0,0.068590045
0.0,0.022046857
0.0,0.05325983
0.0,0.047753282
0.0,0.066196986
0.0,0.038272582
0.0,0.026260223
0.0,0.113805
1.0,0.07242615
0.0,0.042334184
0.0,0.033628937
0.0,0.076973036
0.0,0.034964312
0.0,0.026883747
0.0,0.01873822
0.0,0.05176515
0.0,0.027877482
0.0,0.021325449
0.0,0.034031283
0.0,0.04489406
0.0,0.032420214
1.0,0.070153296
0.0,0.020853598
0.0,0.052784793
0.0,0.0618218
0.0,0.036271002
0.0,0.039616298
0.0,0.059533983
0.0,0.120589264
0.0,0.065236025
0.0,0.080715016
0.0,0.06366988
0.0,0.043979023
0.0,0.028037455
0.0,0.037273645
0.0,0.055712815
0.0,0.015049067
0.0,0.051521853
0.0,0.03935155
0.0,0.08218538
0.0,0.021664457
0.0,0.061444696
0.0,0.07412877
0.0,0.04920729
0.0,0.013101149
0.0,0.06520101
0.0,0.075135335
0.0,0.083376795
0.0,0.08513606
0.0,0.088849686
0.0,0.056993116
0.0,0.08066273
0.0,0.05717905
0.0,0.09071639
0.0,0.055457357
0.0,0.03997052
0.0,0.014913198
0.0,0.03791256
0.0,0.028813541
0.0,0.16524643
0.0,0.0354259
0.0,0.09797571
0.0,0.073494606
0.0,0.035404153
0.0,0.030166095
0.0,0.053456098
0.0,0.025100276
0.0,0.0802736
0.0,0.012275589
0.0,0.03292462
0.0,0.04025855
0.0,0.03254226
0.0,0.013218561
0.0,0.023740973
0.0,0.12423921
0.0,0.07842988
0.0,0.076957956
0.0,0.036948837
0.0,0.078798816
0.0,0.101533026
0.0,0.023576334
0.0,0.022253534
0.0,0.029791556
0.0,0.06338635
0.0,0.054274663
0.0,0.024225308
0.0,0.039228797
0.0,0.014471546
0.0,0.044298347
0.0,0.12592508
0.0,0.052567497
0.0,0.027634948
0.0,0.06787051
0.0,0.051912498
0.0,0.081499666
0.0,0.04634785
0.0,0.023598908
0.0,0.09999518
0.0,0.037530106
0.0,0.016038122
0.0,0.050424576
0.0,0.083776295
0.0,0.085425824
0.0,0.07990347
0.0,0.015382346
0.0,0.081055485
0.0,0.053927973
0.0,0.06392829
0.0,0.06002339
0.0,0.06293132
0.0,0.03965402
0.0,0.05117161
0.0,0.33820254
0.0,0.04198964
0.0,0.04434683
0.0,0.024332907
0.0,0.029336885
0.0,0.0630876
0.0,0.026798725
0.0,0.036007002
0.0,0.08294075
0.0,0.048674703
0.0,0.0837419
0.0,0.12516952
1.0,0.09401188
0.0,0.07481615
0.0,0.05173554
0.0,0.077488124
0.0,0.047606204
0.0,0.21795605
0.0,0.07073777
0.0,0.017905422
0.0,0.035997063
0.0,0.030615818
0.0,0.019867867
0.0,0.078055516
0.0,0.029292867
0.0,0.0520094
0.0,0.0322299
0.0,0.040930904
1.0,0.032727987
0.0,0.04979889
0.0,0.0183049
0.0,0.045848943
0.0,0.038145903
0.0,0.037641708
0.0,0.01753942
0.0,0.08587815
0.0,0.065786295
0.0,0.038630407
0.0,0.025082102
0.0,0.03514075
0.0,0.04241266
0.0,0.028855959
0.0,0.06362847
0.0,0.034483075
0.0,0.040545195
0.0,0.017620832
0.0,0.058601465
0.0,0.07600575
0.0,0.060435846
0.0,0.023111079
0.0,0.030822987
0.0,0.040590093
0.0,0.03191221
0.0,0.12352491
0.0,0.08078989
0.0,0.020360349
0.0,0.0734547
0.0,0.08223634
0.0,0.043288313
0.0,0.028889786
0.0,0.049007643
0.0,0.06646891
0.0,0.059462957
0.0,0.16413108
0.0,0.064596325
0.0,0.030056685
0.0,0.050392274
0.0,0.039938018
0.0,0.031024292
0.0,0.022293542
0.0,0.13461354
0.0,0.048191104
0.0,0.039047435
0.0,0.05955258
0.0,0.04164345
0.0,0.061777156
0.0,0.03437136
0.0,0.02000805
0.0,0.13851714
0.0,0.034766607
0.0,0.047273606
0.0,0.07648137
0.0,0.046795562
0.0,0.049691107
0.0,0.060306393
0.0,0.08683754
0.0,0.085912675
0.0,0.052006274
0.0,0.049721874
0.0,0.0360372
0.0,0.05213422
0.0,0.050452694
0.0,0.01999421
0.0,0.047570806
0.0,0.06332342
0.0,0.015247073
0.0,0.060576744
0.0,0.02081792
0.0,0.060167287
0.0,0.06912537
0.0,0.04816007
0.0,0.053793166
0.0,0.07920714
0.0,0.09309633
0.0,0.033292174
0.0,0.022534939
0.0,0.03944727
0.0,0.09001322
0.0,0.057739828
0.0,0.02893869
0.0,0.066115834
0.0,0.01845093
0.0,0.07067415
0.0,0.05471519
0.0,0.04487197
0.0,0.04059584
0.0,0.04673373
0.0,0.021010311
0.0,0.0541369
0.0,0.0437385
0.0,0.02916132
0.0,0.038511433
0.0,0.13689752
0.0,0.04195687
0.0,0.046639737
0.0,0.05567643
0.0,0.051226415
0.0,0.086026
0.0,0.019267287
0.0,0.07322265
0.0,0.073122464
0.0,0.047651265
1.0,0.03887894
0.0,0.050674513
0.0,0.025331687
0.0,0.054000795
0.0,0.057591014
0.0,0.08386666
0.0,0.011702942
1.0,0.07467571
0.0,0.061909784
0.0,0.045811504
0.0,0.063619174
0.0,0.07955274
0.0,0.04531649
0.0,0.0432138
0.0,0.06760885
0.0,0.041634392
0.0,0.07431713
1.0,0.09985519
0.0,0.0661659
0.0,0.05813705
0.0,0.04961371
0.0,0.050828326
0.0,0.056355834
0.0,0.09340334
0.0,0.026785413
0.0,0.056229565
0.0,0.06436029
0.0,0.0259079
1.0,0.054379374
0.0,0.04529506
0.0,0.019166619
0.0,0.057394862
0.0,0.06678044
0.0,0.046204727
0.0,0.07097584
0.0,0.055874784
0.0,0.03456522
0.0,0.053764984
0.0,0.041549806
0.0,0.057719663
0.0,0.090889186
0.0,0.053532496
0.0,0.03282758
0.0,0.08529653
0.0,0.026135214
0.0,0.11042979
0.0,0.057722047
0.0,0.01609866
0.0,0.04675256
0.0,0.07015443
0.0,0.03764282
0.0,0.06307429
0.0,0.08597907
0.0,0.07835295
0.0,0.04325664
0.0,0.057765715
0.0,0.044848718
0.0,0.14664514
0.0,0.023036856
0.0,0.066288844
0.0,0.024958167
0.0,0.037110947
0.0,0.02350418
0.0,0.026815291
0.0,0.012107763
0.0,0.03246447
0.0,0.042907022
0.0,0.08758405
0.0,0.06967407
0.0,0.059176322
0.0,0.060368955
0.0,0.04928497
0.0,0.07911364
0.0,0.06300201
0.0,0.048559926
0.0,0.04292188
0.0,0.020080037
0.0,0.017665422
0.0,0.037088994
0.0,0.045088984
0.0,0.017356599
0.0,0.0501313
0.0,0.02150225
0.0,0.031218663
0.0,0.03642875
1.0,0.038310234
0.0,0.02813663
0.0,0.0396586
0.0,0.07485316
0.0,0.03753229
0.0,0.017414173
0.0,0.06269614
0.0,0.010021347
0.0,0.050302103
0.0,0.08956115
0.0,0.019891955
0.0,0.012886661
0.0,0.011880691
0.0,0.037302893
1.0,0.038572945
0.0,0.04737875
0.0,0.060774047
0.0,0.027781233
0.0,0.028017743
0.0,0.020412989
0.0,0.045402337
0.0,0.025407609
0.0,0.010714027
0.0,0.034237426
0.0,0.0409433
0.0,0.029213775
1.0,0.06076104
0.0,0.014074011
0.0,0.10992549
1.0,0.06789767
0.0,0.037049666
0.0,0.046368316
0.0,0.04390937
0.0,0.061184645
1.0,0.06284639
0.0,0.057891387
0.0,0.024697868
1.0,0.09633139
0.0,0.07263321
0.0,0.059216462
0.0,0.06891761
0.0,0.02969425
0.0,0.021220554
0.0,0.017000193
0.0,0.026297953
0.0,0.050350625
0.0,0.053426437
0.0,0.052902643
0.0,0.01627387
0.0,0.048089273
0.0,0.055146325
0.0,0.07395344
0.0,0.0385176
0.0,0.051251095
0.0,0.014834684
0.0,0.07834378
0.0,0.054325182
0.0,0.053725235
0.0,0.06640403
0.0,0.06017902
0.0,0.023746023
0.0,0.054333705
0.0,0.03288958
0.0,0.061388567
0.0,0.12979294
0.0,0.05696141
0.0,0.014931884
0.0,0.059677742
0.0,0.052180603
0.0,0.039847378
0.0,0.017946545
0.0,0.016344763
0.0,0.02813565
0.0,0.09081801
0.0,0.051857352
0.0,0.15681182
1.0,0.056419745
0.0,0.04546822
0.0,0.06265576
0.0,0.02972811
0.0,0.09998479
0.0,0.0786493
0.0,0.016797448
0.0,0.07711948
0.0,0.027889408
1.0,0.044494316
0.0,0.026347332
0.0,0.059726622
0.0,0.05926174
0.0,0.080322646
1.0,0.046748593
0.0,0.050514366
0.0,0.017174229
0.0,0.039607648
0.0,0.05409329
0.0,0.0235224
0.0,0.07153933
0.0,0.033932686
0.0,0.02964776
0.0,0.051635697
0.0,0.023866076
0.0,0.050668325
0.0,0.02001742
0.0,0.049314402
0.0,0.047136977
0.0,0.08397499
0.0,0.027225157
0.0,0.048376583
0.0,0.0589917
0.0,0.0637522
0.0,0.048522983
0.0,0.05867503
0.0,0.077075176
0.0,0.057958934
0.0,0.06806324
0.0,0.07179423
0.0,0.07351171
0.0,0.035419114
0.0,0.07258546
0.0,0.036829207
0.0,0.14362901
0.0,0.058834806
1.0,0.060075976
0.0,0.016094577
0.0,0.07538752
0.0,0.019779155
0.0,0.06741037
0.0,0.06405606
0.0,0.054465532
0.0,0.08327915
0.0,0.045694306
0.0,0.023030585
0.0,0.039632075
0.0,0.060215276
0.0,0.01625883
0.0,0.07935351
0.0,0.051899306
0.0,0.08945391
2.0,0.059954666
0.0,0.014479408
0.0,0.10358383
0.0,0.02216148
0.0,0.02447506
0.0,0.041764174
0.0,0.039815657
0.0,0.047578067
0.0,0.04309587
0.0,0.045546055
0.0,0.029075485
0.0,0.035959885
0.0,0.03345888
0.0,0.016218433
0.0,0.047216028
1.0,0.137123
0.0,0.01829216
1.0,0.11373017
0.0,0.09760316
0.0,0.048356265
0.0,0.032608416
0.0,0.01911506
0.0,0.05043278
0.0,0.022997947
0.0,0.082849085
0.0,0.024011767
0.0,0.043655362
0.0,0.051096972
0.0,0.036233645
0.0,0.06224942
0.0,0.019961946
0.0,0.13493384
0.0,0.04085634
0.0,0.03459124
0.0,0.014494764
0.0,0.04259277
0.0,0.06092978
0.0,0.027460532
0.0,0.059877884
0.0,0.10217512
0.0,0.03725984
0.0,0.08429269
0.0,0.03902437
0.0,0.07077546
0.0,0.038368825
0.0,0.043584455
0.0,0.06634453
0.0,0.027247481
0.0,0.042967115
0.0,0.069337174
0.0,0.06593671
0.0,0.05877553
0.0,0.059691004
0.0,0.048392963
0.0,0.055702295
0.0,0.14278272
0.0,0.08986115
0.0,0.030521248
0.0,0.021598969
0.0,0.071939595
0.0,0.07131342
0.0,0.048717402
0.0,0.02079654
0.0,0.08903335
0.0,0.021795189
0.0,0.054086972
0.0,0.066531315
0.0,0.019880518
0.0,0.040376477
0.0,0.08454706
0.0,0.065112785
0.0,0.043135732
0.0,0.021364257
0.0,0.04256719
0.0,0.054045565
0.0,0.036419213
0.0,0.011360098
0.0,0.06466124
0.0,0.041981008
0.0,0.04599247
0.0,0.25360876
0.0,0.01320535
0.0,0.040923275
0.0,0.06631562
0.0,0.03852508
0.0,0.05733225
0.0,0.050310258
0.0,0.04787494
0.0,0.03183663
0.0,0.054096438
0.0,0.03494571
0.0,0.013439797
0.0,0.03522505
1.0,0.06552024
0.0,0.08027015
0.0,0.05431969
0.0,0.05114219
0.0,0.061675873
0.0,0.02887198
0.0,0.10750364
0.0,0.0562786
0.0,0.014538602
0.0,0.023545697
0.0,0.09566342
0.0,0.019220361
0.0,0.033140946
0.0,0.018654488
0.0,0.05395838
0.0,0.034942012
0.0,0.022635784
1.0,0.048367195
0.0,0.02184254
0.0,0.014236809
0.0,0.069482006
0.0,0.0070340033
0.0,0.020948978
0.0,0.0663255
0.0,0.024547325
0.0,0.015121042
0.0,0.07030402
0.0,0.06447154
0.0,0.015670821
0.0,0.052221674
0.0,0.034065153
0.0,0.09213182
0.0,0.06711461
0.0,0.013446694
0.0,0.023633469
0.0,0.026384154
0.0,0.066620424
0.0,0.058613956
0.0,0.028770884
0.0,0.08047189
0.0,0.030907921
1.0,0.06055221
0.0,0.007972429
0.0,0.021599257
0.0,0.026379954
0.0,0.030353557
0.0,0.014489471
0.0,0.051229395
0.0,0.033181757
0.0,0.050811898
0.0,0.06734899
0.0,0.033395648
0.0,0.06466147
0.0,0.04060413
0.0,0.057578355
0.0,0.05297484
0.0,0.07852829
0.0,0.051664345
0.0,0.11720237
0.0,0.046847247
0.0,0.019415755
0.0,0.074825466
0.0,0.03697693
0.0,0.062940925
0.0,0.010034745
0.0,0.039023943
0.0,0.03840373
0.0,0.06641616
0.0,0.06733653
0.0,0.027836397
0.0,0.061765887
0.0,0.06578131
0.0,0.013472354
0.0,0.030714357
0.0,0.18450917
0.0,0.071799725
0.0,0.040762894
0.0,0.03789333
0.0,0.028737552
0.0,0.01303767
0.0,0.08245918
0.0,0.06739408
1.0,0.069715776
0.0,0.020457793
0.0,0.042246
0.0,0.03895393
0.0,0.09407556
0.0,0.041997265
0.0,0.039066914
0.0,0.06895265
0.0,0.016752621
1.0,0.054341502
0.0,0.030532062
0.0,0.07906088
0.0,0.031822726
0.0,0.025993258
0.0,0.08406137
0.0,0.06992729
0.0,0.050206944
0.0,0.029107418
0.0,0.058127183
0.0,0.02354865
0.0,0.14021888
0.0,0.07085985
0.0,0.06406838
0.0,0.038803026
0.0,0.04995448
0.0,0.054984372
0.0,0.019219508
0.0,0.050857976
0.0,0.07398409
0.0,0.0016432256
0.0,0.038685065
0.0,0.04904846
0.0,0.024952527
0.0,0.07896657
0.0,0.026839942
0.0,0.04515633
0.0,0.0602267
0.0,0.0717248
0.0,0.014475121
0.0,0.05672933
0.0,0.09735734
0.0,0.01505112
0.0,0.030217908
1.0,0.06954508
0.0,0.076005824
0.0,0.02583471
0.0,0.038427655
0.0,0.013857909
0.0,0.048457757
0.0,0.02085495
0.0,0.03152118
0.0,0.028036667
1.0,0.06825744
0.0,0.19968295
0.0,0.046525966
0.0,0.04250555
0.0,0.22883816
0.0,0.039078895
0.0,0.026146546
0.0,0.065855764
0.0,0.045413814
0.0,0.049284756
0.0,0.03812528
0.0,0.09529396
0.0,0.063513085
0.0,0.061987605
0.0,0.04685643
0.0,0.0690996
1.0,0.12123321
0.0,0.03335666
0.0,0.011409275
0.0,0.1277514
1.0,0.05646224
0.0,0.041290283
0.0,0.063733704
0.0,0.071278624
0.0,0.03114435
0.0,0.04964173
0.0,0.03591091
0.0,0.07304144
0.0,0.04290199
1.0,0.1445315
0.0,0.023915017
0.0,0.06986602
0.0,0.022121985
0.0,0.09286222
0.0,0.049846526
0.0,0.052669916
0.0,0.046613015
0.0,0.046802416
1.0,0.058707185
0.0,0.09975307
0.0,0.067957886
0.0,0.101210035
0.0,0.05487447
0.0,0.0280256
0.0,0.05936404
0.0,0.039793298
0.0,0.11237374
0.0,0.055149272
0.0,0.048358385
0.0,0.06625257
0.0,0.047851045
0.0,0.053622656
0.0,0.019132067
0.0,0.017351188
0.0,0.0638857
0.0,0.058749218
0.0,0.07666783
0.0,0.04176969
0.0,0.049793527
0.0,0.0499892
0.0,0.0117156375
0.0,0.0382906
0.0,0.05899845
1.0,0.047601618
0.0,0.02235777
0.0,0.0710229
0.0,0.046280533
0.0,0.07794132
0.0,0.024939585
0.0,0.064854786
0.0,0.054772932
0.0,0.033081546
0.0,0.058699768
0.0,0.063893944
0.0,0.04918015
0.0,0.039259598
0.0,0.03157472
0.0,0.0585109
0.0,0.012479179
0.0,0.058847938
0.0,0.051269963
0.0,0.019304864
0.0,0.017817842
0.0,0.050435953
0.0,0.06292862
0.0,0.05710958
1.0,0.032839634
0.0,0.05391036
0.0,0.013478799
0.0,0.03805087
0.0,0.056259926
0.0,0.03384605
0.0,0.096361525
0.0,0.032980133
0.0,0.035310347
0.0,0.06550362
0.0,0.03917132
0.0,0.018225843
0.0,0.066299304
0.0,0.020624638
0.0,0.030658681
0.0,0.025008261
0.0,0.0113587435
0.0,0.06653804
0.0,0.03824757
0.0,0.06567611
0.0,0.07587633
0.0,0.037084714
0.0,0.0148405
0.0,0.018223783
0.0,0.048474856
0.0,0.027113443
0.0,0.024737116
0.0,0.041364815
0.0,0.024802562
0.0,0.03202726
0.0,0.07253844
0.0,0.03034214
0.0,0.08069075
0.0,0.01935833
0.0,0.0427607
0.0,0.051322136
0.0,0.04101194
0.0,0.024094218
0.0,0.028859742
0.0,0.05907418
0.0,0.049575776
0.0,0.065345764
1.0,0.06496056
0.0,0.019710105
0.0,0.087776855
0.0,0.028277654
0.0,0.11516594
0.0,0.052945975
1.0,0.1715691
0.0,0.05656726
0.0,0.06379158
0.0,0.0602026
0.0,0.08732355
0.0,0.058569632
0.0,0.027415289
0.0,0.052868474
0.0,0.049136527
0.0,0.0495327
0.0,0.061844412
0.0,0.040624443
0.0,0.031581525
0.0,0.026425969
0.0,0.017685758
0.0,0.043215614
0.0,0.061728746
0.0,0.025116354
0.0,0.03915511
0.0,0.02163839
0.0,0.07317252
0.0,0.035919596
0.0,0.089934275
0.0,0.069453746
0.0,0.053873435
0.0,0.06808416
0.0,0.03739226
0.0,0.024111424
0.0,0.05560225
0.0,0.0519738
0.0,0.105669536
0.0,0.047652967
0.0,0.022312356
0.0,0.031320143
0.0,0.036839534
0.0,0.03755637
0.0,0.043193817
1.0,0.17921792
0.0,0.04040982
0.0,0.024398515
0.0,0.032139137
0.0,0.023831483
0.0,0.09982011
0.0,0.02817167
0.0,0.061128482
1.0,0.05234463
1.0,0.066285275
0.0,0.015991997
0.0,0.06588342
0.0,0.036507644
0.0,0.01916968
0.0,0.064339
0.0,0.15070237
0.0,0.028665168
0.0,0.06843216
0.0,0.05181311
0.0,0.057614088
0.0,0.01506255
0.0,0.12984575
0.0,0.08634641
0.0,0.024567654
0.0,0.009901969
0.0,0.025356436
0.0,0.024541147
0.0,0.01701492
0.0,0.056249946
0.0,0.04605335
0.0,0.04084553
0.0,0.02755484
0.0,0.029743183
0.0,0.029133579
0.0,0.08165471
0.0,0.07800899
0.0,0.018917533
0.0,0.031073518
1.0,0.08884312
0.0,0.048553996
0.0,0.019935634
0.0,0.017751085
0.0,0.074147046
0.0,0.042990867
0.0,0.023105305
0.0,0.026210558
0.0,0.029953172
0.0,0.03613185
0.0,0.054322667
0.0,0.052735433
1.0,0.062166657
0.0,0.05865679
0.0,0.039447457
0.0,0.024907354
0.0,0.03720262
0.0,0.030463917
0.0,0.20638154
0.0,0.0518928
0.0,0.027261114
0.0,0.049490206
1.0,0.04906963
0.0,0.043289036
0.0,0.032855064
0.0,0.012805621
0.0,0.093356326
0.0,0.0544385
0.0,0.059853822
0.0,0.026514133
0.0,0.05316562
0.0,0.013607509
0.0,0.06736198
0.0,0.056862414
0.0,0.074069515
0.0,0.07684089
1.0,0.04074546
0.0,0.049603753
1.0,0.073552996
0.0,0.108477175
0.0,0.050068066
0.0,0.03154942
0.0,0.036145948
0.0,0.03157208
0.0,0.06746148
0.0,0.0298423
0.0,0.06616138
1.0,0.034156952
0.0,0.06351133
0.0,0.07626287
0.0,0.068095356
0.0,0.039478656
0.0,0.04832162
0.0,0.02940589
0.0,0.07639175
0.0,0.04572452
0.0,0.06906982
0.0,0.03448005
0.0,0.05066818
0.0,0.048448954
0.0,0.037417926
0.0,0.025356388
0.0,0.0487703
0.0,0.014276626
0.0,0.036090147
0.0,0.06539907
0.0,0.17810884
0.0,0.05807712
0.0,0.03236419
0.0,0.018867292
0.0,0.07366182
0.0,0.009617038
0.0,0.09389923
0.0,0.07857744
0.0,0.013097651
0.0,0.07773478
0.0,0.06470473
0.0,0.21633068
0.0,0.03128401
0.0,0.06716244
0.0,0.07399827
0.0,0.07041702
0.0,0.12109287
0.0,0.0435223
0.0,0.05014
0.0,0.0876102
0.0,0.07370321
0.0,0.027484767
0.0,0.053398445
0.0,0.08106716
0.0,0.03728504
0.0,0.07482365
0.0,0.07213281
0.0,0.027686981
0.0,0.026204135
0.0,0.21150967
0.0,0.10203129
0.0,0.04566312
0.0,0.0791533
0.0,0.022081135
0.0,0.18224311
0.0,0.05638059
0.0,0.039402865
0.0,0.07306192
0.0,0.12974617
0.0,0.07810247
0.0,0.05199958
0.0,0.042410053
0.0,0.033505898
0.0,0.042955723
0.0,0.01677562
0.0,0.02316672
0.0,0.04904495
0.0,0.032573294
0.0,0.028431084
0.0,0.033531312
0.0,0.046899885
0.0,0.051311225
0.0,0.066397354
0.0,0.031124664
0.0,0.032941923
1.0,0.10210201
0.0,0.040347397
0.0,0.03726732
0.0,0.018876525
0.0,0.011012396
0.0,0.04652623
0.0,0.030463712
0.0,0.035736438
1.0,0.07578232
0.0,0.052537527
0.0,0.035053555
0.0,0.07483683
0.0,0.081943974
0.0,0.046383888
0.0,0.046067033
0.0,0.045852244
0.0,0.09495954
0.0,0.0584443
0.0,0.021724902
0.0,0.061961703
0.0,0.03533443
0.0,0.059350256
0.0,0.020081311
0.0,0.042026132
0.0,0.03538471
1.0,0.038428534
0.0,0.025153557
0.0,0.088171154
0.0,0.06970534
0.0,0.04059172
0.0,0.011489766
0.0,0.11723747
0.0,0.03117313
0.0,0.057109877
0.0,0.056633677
0.0,0.059923284
0.0,0.09076593
0.0,0.02404481
0.0,0.08170141
0.0,0.03504538
0.0,0.03971789
0.0,0.050061263
0.0,0.033127815
0.0,0.03200122
0.0,0.032480404
0.0,0.035790343
0.0,0.036861673
0.0,0.058965772
0.0,0.044307664
0.0,0.035836708
0.0,0.027856832
1.0,0.09484062
0.0,0.05138882
0.0,0.140325
0.0,0.043754037
0.0,0.010333741
0.0,0.02407589
0.0,0.012991059
0.0,0.031081002
0.0,0.055635296
0.0,0.038635105
0.0,0.04694246
0.0,0.06448805
0.0,0.052348875
0.0,0.068010174
1.0,0.09932475
0.0,0.032313675
0.0,0.067037575
0.0,0.06499483
0.0,0.018935863
0.0,0.045853138
1.0,0.059119504
0.0,0.064119995
0.0,0.071601935
0.0,0.07662569
0.0,0.04018406
0.0,0.039087206
0.0,0.07232865
0.0,0.043873772
0.0,0.06619876
0.0,0.061946265
0.0,0.0709909
0.0,0.020425003
0.0,0.05371381
0.0,0.05159145
0.0,0.04112274
0.0,0.03598778
0.0,0.10076259
0.0,0.045460742
0.0,0.038461164
0.0,0.086867005
0.0,0.06487432
0.0,0.0282989
0.0,0.040358383
0.0,0.036014386
0.0,0.011582349
0.0,0.066700496
0.0,0.075077176
0.0,0.025664043
0.0,0.018861426
0.0,0.04718373
0.0,0.030526793
0.0,0.057903603
1.0,0.12400944
0.0,0.06039307
0.0,0.062195983
0.0,0.044903584
0.0,0.04501856
0.0,0.044233378
0.0,0.040991217
0.0,0.04808258
0.0,0.03994196
0.0,0.03995497
0.0,0.02670256
0.0,0.027554447
0.0,0.046812437
0.0,0.0506669
0.0,0.050840084
0.0,0.026265219
0.0,0.055583138
0.0,0.071241565
0.0,0.052317634
0.0,0.017568339
0.0,0.15232104
0.0,0.024896562
0.0,0.052852795
0.0,0.033754908
0.0,0.059517603
0.0,0.016336426
0.0,0.038669277
0.0,0.032259606
0.0,0.021007607
0.0,0.06820991
0.0,0.041345943
0.0,0.018520381
0.0,0.06780821
0.0,0.04844313
0.0,0.0658003
0.0,0.058459044
0.0,0.05697529
0.0,0.018467866
0.0,0.014663414
0.0,0.20998383
0.0,0.054885745
0.0,0.047976635
0.0,0.11984154
0.0,0.053370852
0.0,0.033887036
0.0,0.03128025
0.0,0.038780328
0.0,0.07275925
0.0,0.061259087
0.0,0.029797524
0.0,0.05079019
0.0,0.016712736
1.0,0.04696194
0.0,0.08189015
0.0,0.061492383
0.0,0.060070463
0.0,0.05047729
0.0,0.032891195
0.0,0.03756928
0.0,0.027892068
1.0,0.06759563
0.0,0.021383796
0.0,0.058537424
0.0,0.053134497
0.0,0.06536802
0.0,0.031150974
0.0,0.04790707
0.0,0.011067396
0.0,0.09202592
0.0,0.032997355
1.0,0.053369682
0.0,0.06897397
0.0,0.026568262
0.0,0.04455015
0.0,0.010135926
0.0,0.023895375
0.0,0.044071097
0.0,0.038418915
0.0,0.12639159
0.0,0.023800367
0.0,0.023534372
0.0,0.050760195
0.0,0.03749326
0.0,0.046268553
0.0,0.010419151
0.0,0.06922264
0.0,0.029851764
0.0,0.07347465
0.0,0.05616453
0.0,0.022006085
0.0,0.031066215
0.0,0.06864557
0.0,0.05676529
0.0,0.08097216
0.0,0.024896313
0.0,0.14749846
0.0,0.026872981
0.0,0.022299528
0.0,0.039001044
0.0,0.07335614
0.0,0.04019849
1.0,0.06966608
0.0,0.03392576
0.0,0.1071788
0.0,0.07066917
0.0,0.04490211
0.0,0.06965105
0.0,0.17878954
0.0,0.043867264
0.0,0.07580736
0.0,0.04353141
0.0,0.027430916
0.0,0.045614414
0.0,0.047143742
0.0,0.05124325
0.0,0.019597141
0.0,0.05290693
0.0,0.0123291295
0.0,0.02863626
0.0,0.07629712
0.0,0.019356834
0.0,0.028290832
1.0,0.08407035
0.0,0.06846387
0.0,0.063904606
0.0,0.041356254
0.0,0.015397382
0.0,0.008931038
0.0,0.04891624
0.0,0.113706686
0.0,0.07008505
0.0,0.029239586
0.0,0.041687295
0.0,0.051796112
0.0,0.017073771
0.0,0.07010661
0.0,0.044031125
0.0,0.029956128
0.0,0.07975611
0.0,0.029298833
0.0,0.049215924
0.0,0.041803423
0.0,0.054212537
0.0,0.093618825
0.0,0.04070868
0.0,0.03767782
0.0,0.05962489
0.0,0.04360801
0.0,0.043597363
0.0,0.020657137
0.0,0.05183053
0.0,0.06798002
0.0,0.02140916
0.0,0.031022502
0.0,0.04427877
1.0,0.025950791
0.0,0.048588622
0.0,0.013860724
0.0,0.055928495
0.0,0.08392604
0.0,0.1264711
0.0,0.07504221
0.0,0.0188621
1.0,0.034184147
0.0,0.07012503
0.0,0.09766897
0.0,0.027554013
0.0,0.04681373
1.0,0.052002385
0.0,0.032980558
0.0,0.015552763
0.0,0.35304525
0.0,0.03729731
0.0,0.07040042
0.0,0.062307447
0.0,0.057831366
0.0,0.028915986
1.0,0.0482905
0.0,0.0647717
0.0,0.06284172
0.0,0.08166636
0.0,0.06951302
0.0,0.049673032
0.0,0.051656608
0.0,0.016021352
0.0,0.020597894
0.0,0.051316388
0.0,0.040477432
0.0,0.05707019
0.0,0.07122822
0.0,0.03249912
0.0,0.032110967
0.0,0.01940032
0.0,0.08196672
0.0,0.032644946
0.0,0.044193257
0.0,0.018441519
0.0,0.03779489
0.0,0.068130404
0.0,0.042131133
0.0,0.048265222
1.0,0.04066586
0.0,0.06915557
0.0,0.055303775
0.0,0.037678756
0.0,0.049005914
0.0,0.060872164
0.0,0.067702204
0.0,0.029407179
0.0,0.037537765
0.0,0.07568343
0.0,0.043205623
0.0,0.07332466
0.0,0.03325727
0.0,0.045393243
0.0,0.011254571
0.0,0.033483125
0.0,0.039561518
0.0,0.018878045
0.0,0.034174304
0.0,0.055959705
0.0,0.057786115
0.0,0.017353604
0.0,0.07045307
0.0,0.039842397
0.0,0.026815547
0.0,0.035673853
0.0,0.012497568
0.0,0.041849397
0.0,0.06753284
0.0,0.027763436
1.0,0.088991515
0.0,0.057269707
0.0,0.04178254
0.0,0.04757945
0.0,0.046338987
0.0,0.048612654
0.0,0.06580617
0.0,0.06885489
0.0,0.036673766
0.0,0.054319248
0.0,0.03312968
0.0,0.0673629
0.0,0.04209324
0.0,0.016373383
0.0,0.014723368
0.0,0.024906166
0.0,0.09353538
0.0,0.035569508
0.0,0.040135764
0.0,0.020122595
0.0,0.09752391
0.0,0.065292165
1.0,0.060735375
0.0,0.024349283
0.0,0.03561688
0.0,0.029129133
0.0,0.043547228
0.0,0.06585162
0.0,0.022131544
0.0,0.05382244
0.0,0.032731827
0.0,0.041220095
0.0,0.03593767
0.0,0.056845468
0.0,0.031189485
0.0,0.13468385
0.0,0.081076145
0.0,0.087737024
0.0,0.09801678
0.0,0.013471872
0.0,0.009061327
0.0,0.02720665
0.0,0.037862137
0.0,0.037196536
0.0,0.06302078
0.0,0.0382793
0.0,0.027684156
0.0,0.014964243
0.0,0.05552764
0.0,0.047161616
1.0,0.07955393
0.0,0.08332411
0.0,0.036030944
0.0,0.01594332
0.0,0.01643166
0.0,0.06947842
0.0,0.05078932
0.0,0.07199176
0.0,0.016711581
0.0,0.06775217
0.0,0.043775074
0.0,0.07524105
0.0,0.017051233
0.0,0.04094783
1.0,0.09155877
0.0,0.13954213
0.0,0.017136844
0.0,0.042886566
1.0,0.052081965
0.0,0.06787068
0.0,0.07273011
0.0,0.07450127
0.0,0.05419796
0.0,0.050205268
0.0,0.049156725
0.0,0.047760453
0.0,0.026274651
0.0,0.025183909
0.0,0.090416595
0.0,0.12886177
0.0,0.04542436
0.0,0.063090205
0.0,0.07825691
0.0,0.021053465
0.0,0.030682782
0.0,0.023998842
0.0,0.08026299
0.0,0.06421266
0.0,0.07951324
0.0,0.083517514
0.0,0.0504615
0.0,0.073737815
0.0,0.0560636
0.0,0.030774288
0.0,0.06561465
0.0,0.05031196
0.0,0.040166568
0.0,0.014454436
0.0,0.045892227
0.0,0.06797542
0.0,0.022286357
0.0,0.048039403
0.0,0.032021534
0.0,0.13372128
0.0,0.04011881
0.0,0.054316245
0.0,0.023703363
0.0,0.037022926
0.0,0.05047199
0.0,0.041359924
0.0,0.023314243
0.0,0.042616297
0.0,0.059406146
0.0,0.052362606
0.0,0.03307008
0.0,0.05054328
0.0,0.0741011
0.0,0.03532407
0.0,0.030613292
0.0,0.022091424
0.0,0.06257616
0.0,0.06510417
1.0,0.058093656
0.0,0.017077703
0.0,0.0577259
0.0,0.057162445
0.0,0.10599369
0.0,0.049531378
0.0,0.08748198
0.0,0.052571908
0.0,0.06675801
0.0,0.046948977
0.0,0.024445014
1.0,0.045963667
0.0,0.061537936
0.0,0.04354403
0.0,0.06738523
0.0,0.030340953
0.0,0.09623626
0.0,0.04013125
0.0,0.034776554
0.0,0.1518501
0.0,0.03898288
0.0,0.040801242
0.0,0.051103648
0.0,0.037170455
0.0,0.052852366
0.0,0.05469135
0.0,0.105088085
0.0,0.054334793
0.0,0.026393391
0.0,0.014796091
0.0,0.03186699
0.0,0.06457504
0.0,0.042080816
0.0,0.027550006
1.0,0.047349818
0.0,0.024000777
0.0,0.036512814
0.0,0.07551652
1.0,0.088035256
0.0,0.20926969
0.0,0.013107797
0.0,0.0570877
0.0,0.01848859
0.0,0.020407714
0.0,0.03440478
0.0,0.12941079
0.0,0.05109807
0.0,0.026939556
0.0,0.10112709
0.0,0.05536768
0.0,0.017435279
0.0,0.017308375
0.0,0.0540533
0.0,0.041898094
0.0,0.027480599
0.0,0.106168255
0.0,0.042365342
0.0,0.043496653
0.0,0.06689605
0.0,0.059883125
0.0,0.034424145
0.0,0.029655026
0.0,0.053292528
0.0,0.04051091
0.0,0.07138583
0.0,0.07182977
0.0,0.039446816
0.0,0.068320505
0.0,0.04549303
0.0,0.0533105
0.0,0.13523053
0.0,0.060766976
0.0,0.036295656
0.0,0.011608569
0.0,0.035012495
0.0,0.05983466
0.0,0.015994987
0.0,0.07886939
0.0,0.022967394
0.0,0.022186276
0.0,0.02619479
0.0,0.08813782
0.0,0.043197133
0.0,0.02167665
0.0,0.016598854
0.0,0.087794356
0.0,0.073620245
0.0,0.046206355
0.0,0.040864386
0.0,0.028710995
0.0,0.04442554
0.0,0.05480031
0.0,0.06072567
0.0,0.04104072
0.0,0.028757457
0.0,0.039214525
0.0,0.011201284
1.0,0.025102407
0.0,0.03500076
0.0,0.045181707
0.0,0.06585165
0.0,0.019195275
0.0,0.06388258
0.0,0.025272531
0.0,0.13305578
0.0,0.084127694
0.0,0.036127787
0.0,0.02457561
0.0,0.045274634
0.0,0.072959155
0.0,0.0576325
0.0,0.029522458
0.0,0.03181772
0.0,0.060587548
0.0,0.04911863
0.0,0.042624183
0.0,0.04114614
0.0,0.025958588
0.0,0.066160224
0.0,0.049297873
0.0,0.04971215
0.0,0.032993864
0.0,0.03557224
0.0,0.061393794
0.0,0.027336575
0.0,0.028418574
0.0,0.042220406
2.0,0.12960163
0.0,0.023980277
0.0,0.01865545
0.0,0.030555438
0.0,0.02773303
0.0,0.04883551
0.0,0.07351783
0.0,0.038324393
0.0,0.064236395
0.0,0.086147115
0.0,0.041513428
0.0,0.051196575
0.0,0.073930435
0.0,0.024462225
0.0,0.060371704
0.0,0.02990589
0.0,0.028721046
0.0,0.06870566
0.0,0.024939775
0.0,0.049136408
0.0,0.060192823
0.0,0.0775891
0.0,0.024506906
0.0,0.017429177
0.0,0.076201946
0.0,0.062324785
0.0,0.05109741
0.0,0.05852396
0.0,0.07270927
0.0,0.08360316
0.0,0.025306538
0.0,0.03594036
0.0,0.02515706
0.0,0.021948112
0.0,0.06009268
0.0,0.013867037
0.0,0.034210403
0.0,0.021567445
0.0,0.038704216
0.0,0.11415371
0.0,0.042259682
0.0,0.06336247
0.0,0.049257245
0.0,0.043391377
0.0,0.021125207
0.0,0.05218038
0.0,0.028303461
0.0,0.058176763
0.0,0.018046897
0.0,0.07340715
0.0,0.053303886
0.0,0.04807522
0.0,0.028114635
0.0,0.053235736
0.0,0.03549137
0.0,0.029137205
0.0,0.056639012
0.0,0.060132608
0.0,0.025369354
1.0,0.07326479
0.0,0.07412272
0.0,0.04423616
0.0,0.04310029
0.0,0.08765036
0.0,0.037351344
0.0,0.03817052
0.0,0.018498968
0.0,0.01444459
0.0,0.05045842
0.0,0.015855514
0.0,0.05483897
0.0,0.017790563
0.0,0.11501694
0.0,0.05112
0.0,0.04218026
0.0,0.011136938
0.0,0.09872691
0.0,0.0235361
0.0,0.080903366
0.0,0.045207046
0.0,0.02574759
0.0,0.06209348
0.0,0.046488844
0.0,0.05066122
0.0,0.05915585
0.0,0.062108897
0.0,0.028369453
0.0,0.019054953
0.0,0.044276044
1.0,0.2298362
0.0,0.035296287
0.0,0.067063905
0.0,0.05575616
0.0,0.07201215
0.0,0.030921366
0.0,0.07642543
0.0,0.07512366
0.0,0.023577863
0.0,0.015530671
0.0,0.055567607
0.0,0.02943535
0.0,0.04411504
0.0,0.045228414
0.0,0.04701435
0.0,0.086624846
0.0,0.038160674
0.0,0.051176343
0.0,0.11590333
0.0,0.045967918
0.0,0.04614559
0.0,0.05776285
0.0,0.08460093
0.0,0.027039463
0.0,0.047332887
0.0,0.035668563
0.0,0.059536394
0.0,0.037127852
0.0,0.038282804
0.0,0.060955934
0.0,0.07546517
0.0,0.066494144
0.0,0.07100305
0.0,0.020559909
0.0,0.073299
0.0,0.07573828
0.0,0.08697726
0.0,0.21835682
1.0,0.12707233
0.0,0.045439675
0.0,0.02949924
0.0,0.040837094
0.0,0.11237797
0.0,0.012804589
0.0,0.026781773
0.0,0.013975991
0.0,0.09407554
0.0,0.07189155
0.0,0.04951218
0.0,0.036556873
0.0,0.06040001
0.0,0.064264454
0.0,0.10645153
0.0,0.018324872
0.0,0.0663007
0.0,0.08763468
0.0,0.054223187
0.0,0.021392955
0.0,0.035244018
0.0,0.054445326
0.0,0.032719467
0.0,0.050251756
0.0,0.03144958
0.0,0.029421978
0.0,0.024222651
0.0,0.039809354
0.0,0.022978315
0.0,0.058555067
0.0,0.020598091
0.0,0.08563329
0.0,0.017205589
0.0,0.039225955
0.0,0.07365743
0.0,0.007080783
0.0,0.0142055135
0.0,0.079614386
0.0,0.058671687
0.0,0.05045717
0.0,0.0127313845
0.0,0.037099324
1.0,0.05481991
0.0,0.029919155
0.0,0.081692904
0.0,0.08331361
0.0,0.044239473
0.0,0.0652048
0.0,0.05383543
0.0,0.047838792
0.0,0.046801344
0.0,0.026591418
0.0,0.014133253
0.0,0.047270633
0.0,0.17870012
0.0,0.06643732
1.0,0.09259413
0.0,0.05871995
0.0,0.015784543
0.0,0.044008978
0.0,0.034967262
0.0,0.015299517
0.0,0.048328
0.0,0.044830374
0.0,0.07194594
0.0,0.039864462
0.0,0.058326535
0.0,0.041665412
0.0,0.017001538
0.0,0.03755506
0.0,0.03821419
0.0,0.013943075
0.0,0.062060922
0.0,0.01881959
0.0,0.07578572
0.0,0.025099594
0.0,0.05263113
0.0,0.04092261
0.0,0.077283256
0.0,0.040961128
0.0,0.086582325
0.0,0.043148242
0.0,0.05073193
0.0,0.10709062
0.0,0.046705212
0.0,0.06918355
0.0,0.063774474
0.0,0.014030189
0.0,0.042673133
0.0,0.04253428
0.0,0.064303555
0.0,0.055071276
0.0,0.06638583
0.0,0.074379556
0.0,0.03645052
0.0,0.07042172
0.0,0.057348274
0.0,0.023668012
0.0,0.095490895
0.0,0.04849682
0.0,0.009673143
0.0,0.07480679
0.0,0.092245065
0.0,0.039794363
0.0,0.0924028
0.0,0.051622234
0.0,0.05791777
0.0,0.027726498
0.0,0.030517245
0.0,0.055128448
0.0,0.013280375
0.0,0.0065657943
0.0,0.033352777
0.0,0.039667677
0.0,0.074425854
0.0,0.035007603
0.0,0.06714931
0.0,0.024547853
0.0,0.060164116
0.0,0.029391814
0.0,0.08931422
0.0,0.020712717
0.0,0.014695235
0.0,0.05738668
0.0,0.020462807
0.0,0.055756267
0.0,0.03643794
0.0,0.010334731
0.0,0.056016758
0.0,0.038505353
0.0,0.0796418
0.0,0.019308675
0.0,0.031104324
0.0,0.014534561
0.0,0.026353009
0.0,0.07261534
1.0,0.06019228
0.0,0.07697895
0.0,0.023173759
0.0,0.0515023
0.0,0.02693149
0.0,0.027437273
0.0,0.06317604
0.0,0.07033245
0.0,0.053368386
0.0,0.035664532
0.0,0.027958434
0.0,0.05210107
0.0,0.03159053
0.0,0.038432
0.0,0.053836428
0.0,0.019642046
0.0,0.0465208
0.0,0.0409564
0.0,0.0544827
0.0,0.047279987
0.0,0.08655368
0.0,0.017715815
0.0,0.05325168
0.0,0.057237003
0.0,0.054053143
0.0,0.03360148
0.0,0.014970345
0.0,0.023303863
0.0,0.075499594
0.0,0.04063946
0.0,0.018944252
0.0,0.039899092
0.0,0.065843
0.0,0.052909404
0.0,0.0082235355
0.0,0.02569088
0.0,0.037140016
0.0,0.05718067
0.0,0.042418666
0.0,0.023587028
0.0,0.015261061
0.0,0.033472557
0.0,0.024666408
0.0,0.01675533
0.0,0.026144737
0.0,0.055803105
0.0,0.05394937
0.0,0.025591673
0.0,0.035032768
0.0,0.028932095
0.0,0.07606138
0.0,0.0121116955
0.0,0.050181814
1.0,0.01648225
0.0,0.062716395
0.0,0.051554903
0.0,0.038985446
0.0,0.17794225
0.0,0.028902683
0.0,0.05862511
0.0,0.039870773
0.0,0.07062305
0.0,0.0574904
0.0,0.1314813
0.0,0.021516087
0.0,0.018836558
0.0,0.030004004
0.0,0.05497593
0.0,0.021752112
1.0,0.16740832
0.0,0.050843112
0.0,0.043886766
0.0,0.05807691
0.0,0.050218195
0.0,0.00763077
0.0,0.046218544
0.0,0.0799091
0.0,0.040225316
0.0,0.06567507
0.0,0.07251212
0.0,0.05556933
0.0,0.060969234
0.0,0.10556299
0.0,0.06503588
1.0,0.083406
0.0,0.018962879
0.0,0.0255408
0.0,0.09770285
0.0,0.05093382
0.0,0.029688545
0.0,0.028501246
0.0,0.11532891
0.0,0.04610848
0.0,0.021236323
0.0,0.033937667
0.0,0.04804701
0.0,0.121943176
0.0,0.16548908
0.0,0.09322692
0.0,0.031937696
0.0,0.045312345
0.0,0.11317202
0.0,0.07078187
0.0,0.058797926
0.0,0.04881267
0.0,0.022109888
0.0,0.060474217
0.0,0.050434195
0.0,0.05262227
0.0,0.021924566
0.0,0.038735233
0.0,0.055730827
0.0,0.03999748
0.0,0.03958465
1.0,0.04757475
0.0,0.071786866
0.0,0.028589422
0.0,0.062455624
0.0,0.05949485
0.0,0.072751164
0.0,0.062133495
0.0,0.04406914
0.0,0.043762967
0.0,0.03829451
0.0,0.07571279
0.0,0.06369673
0.0,0.012258719
0.0,0.07872832
0.0,0.03618632
0.0,0.056022394
0.0,0.032154635
0.0,0.04428295
0.0,0.053851526
0.0,0.029806918
0.0,0.047324896
0.0,0.05376093
0.0,0.049803212
0.0,0.012636585
0.0,0.041902352
0.0,0.046243742
0.0,0.022662709
0.0,0.0342419
0.0,0.01957915
0.0,0.057114318
0.0,0.06898003
0.0,0.055087823
0.0,0.11733769
0.0,0.02999053
0.0,0.05791977
0.0,0.07824389
0.0,0.029765287
0.0,0.051188666
0.0,0.025458556
0.0,0.024553776
0.0,0.016286787
0.0,0.11399868
0.0,0.040354785
0.0,0.013658144
0.0,0.04386101
0.0,0.054027762
0.0,0.03565455
0.0,0.07006943
0.0,0.02427855
0.0,0.019775033
0.0,0.028820934
0.0,0.045686398
0.0,0.058186166
0.0,0.052539457
0.0,0.039630733
0.0,0.075904846
0.0,0.06397531
0.0,0.056883864
0.0,0.026745643
0.0,0.04657862
0.0,0.046467386
0.0,0.057483274
0.0,0.056791525
0.0,0.01873311
0.0,0.050694376
0.0,0.03270858
0.0,0.04088023
0.0,0.061013393
0.0,0.07675121
0.0,0.019931309
0.0,0.0908878
0.0,0.057317395
0.0,0.09287962
0.0,0.022851512
0.0,0.051184934
0.0,0.018475449
0.0,0.0422313
0.0,0.041447286
1.0,0.06586819
0.0,0.061472595
0.0,0.06041313
0.0,0.023157906
0.0,0.018462777
0.0,0.070125535
0.0,0.059520487
0.0,0.060500015
0.0,0.029164936
0.0,0.022035886
0.0,0.02682217
0.0,0.07665832
0.0,0.034536224
0.0,0.10200666
0.0,0.09122543
0.0,0.058075402
0.0,0.043816883
0.0,0.03885637
0.0,0.03865888
0.0,0.04288902
0.0,0.037612855
0.0,0.0308316
0.0,0.041276563
0.0,0.026692782
0.0,0.09763146
0.0,0.024169602
0.0,0.022230625
0.0,0.030984242
0.0,0.023920445
0.0,0.015871739
0.0,0.037281554
0.0,0.05117139
0.0,0.075031385
0.0,0.021093419
0.0,0.03969519
0.0,0.0423404
0.0,0.024593756
0.0,0.05784827
0.0,0.06557869
0.0,0.031633113
0.0,0.06001508
0.0,0.06871254
0.0,0.045643784
0.0,0.0694831
0.0,0.06953573
0.0,0.09310186
1.0,0.0405555
0.0,0.07452415
0.0,0.053374164
0.0,0.07388848
0.0,0.05240857
0.0,0.03627273
0.0,0.05792023
0.0,0.1912269
0.0,0.03997071
0.0,0.032911934
0.0,0.030374885
0.0,0.030014737
0.0,0.09153672
0.0,0.048218917
0.0,0.089511834
0.0,0.09592874
1.0,0.051754292
0.0,0.04352323
0.0,0.07233677
0.0,0.01872826
0.0,0.0301494
0.0,0.007123362
1.0,0.06824664
0.0,0.0833928
0.0,0.051961437
0.0,0.06802396
0.0,0.03455845
0.0,0.028944278
0.0,0.056980807
0.0,0.03625395
0.0,0.07959197
0.0,0.060474604
0.0,0.01957551
0.0,0.12150901
0.0,0.01838437
0.0,0.017475246
0.0,0.08417143
0.0,0.040967416
0.0,0.04072757
0.0,0.02585842
0.0,0.05550252
0.0,0.013359884
0.0,0.029144403
0.0,0.040898927
1.0,0.110193826
0.0,0.036383543
0.0,0.016230278
0.0,0.05895329
0.0,0.07114831
0.0,0.04347884
0.0,0.024385372
0.0,0.059730835
0.0,0.029296331
0.0,0.00627705
0.0,0.026986638
0.0,0.016019963
1.0,0.06597077
0.0,0.05414405
0.0,0.07653929
0.0,0.047645994
0.0,0.016395235
0.0,0.25970277
0.0,0.02471976
0.0,0.042497706
0.0,0.02873358
0.0,0.07238706
0.0,0.06408016
0.0,0.050174944
0.0,0.028090207
0.0,0.022534648
0.0,0.023419816
0.0,0.041924775
0.0,0.029979892
0.0,0.046966262
0.0,0.0549844
0.0,0.035717748
0.0,0.060327314
1.0,0.036735214
0.0,0.03744625
0.0,0.04615791
1.0,0.0341856
0.0,0.06413478
0.0,0.010060967
0.0,0.022670005
0.0,0.032988705
0.0,0.03674981
0.0,0.030476512
0.0,0.008486634
0.0,0.08316058
0.0,0.12048325
0.0,0.01949
0.0,0.036380056
0.0,0.028071193
0.0,0.052960217
0.0,0.040775277
0.0,0.066284515
0.0,0.02385644
0.0,0.0075218393
0.0,0.04114404
0.0,0.02689829
0.0,0.054300502
0.0,0.013219028
0.0,0.041008346
0.0,0.019699967
0.0,0.068047576
0.0,0.078587554
0.0,0.048973676
0.0,0.043442927
0.0,0.12716314
0.0,0.067002036
0.0,0.066735774
0.0,0.14197163
0.0,0.049447723
0.0,0.025954418
0.0,0.07506089
0.0,0.022845052
0.0,0.019812599
0.0,0.08779873
1.0,0.078804
0.0,0.091214165
0.0,0.08275796
0.0,0.06901826
0.0,0.025431996
0.0,0.038971767
1.0,0.055528723
0.0,0.027595274
0.0,0.056242786
0.0,0.06348957
0.0,0.043611024
0.0,0.09929298
0.0,0.057671245
0.0,0.047800917
0.0,0.036748793
0.0,0.05284065
0.0,0.022928504
0.0,0.05998522
0.0,0.019552805
0.0,0.06757784
0.0,0.0840677
0.0,0.063206285
0.0,0.17928421
0.0,0.044945315
2.0,0.055294756
0.0,0.04251905
0.0,0.019730773
0.0,0.043302476
0.0,0.06757594
0.0,0.021945547
0.0,0.012129173
0.0,0.06966704
0.0,0.08232203
0.0,0.014548221
0.0,0.038665038
0.0,0.0337604
0.0,0.05125251
1.0,0.044688463
0.0,0.044371895
0.0,0.05264589
0.0,0.03436815
0.0,0.046227537
0.0,0.055931054
0.0,0.06893113
1.0,0.025840955
0.0,0.075746916
0.0,0.098239414
0.0,0.05508333
0.0,0.05571013
0.0,0.081325166
0.0,0.05069798
0.0,0.036138415
0.0,0.0399468
0.0,0.055066653
0.0,0.043096095
0.0,0.03188751
0.0,0.01747533
0.0,0.12371171
1.0,0.03215643
0.0,0.046517715
0.0,0.07650907
0.0,0.012360929
0.0,0.16608958
0.0,0.057139132
0.0,0.20447806
0.0,0.062034294
0.0,0.051930025
0.0,0.0072738086
0.0,0.056189414
0.0,0.06370771
0.0,0.025053784
0.0,0.083613746
0.0,0.11142085
0.0,0.04753235
1.0,0.045861755
0.0,0.06159332
0.0,0.075877994
0.0,0.06931524
0.0,0.02849611
0.0,0.034415707
0.0,0.030171331
0.0,0.05122241
0.0,0.18129553
1.0,0.10373706
0.0,0.029682402
0.0,0.041367337
0.0,0.03540474
1.0,0.052327238
0.0,0.024255384
0.0,0.014546992
0.0,0.041098982
0.0,0.0064343503
0.0,0.046880074
1.0,0.055834778
0.0,0.06510333
0.0,0.019984812
0.0,0.014678371
0.0,0.025961436
0.0,0.03868431
0.0,0.0326935
0.0,0.032894816
0.0,0.038268622
0.0,0.082543164
0.0,0.10792211
0.0,0.047679402
0.0,0.0523955
0.0,0.0330482
0.0,0.047120303
0.0,0.013396327
0.0,0.06013367
0.0,0.045933537
0.0,0.056914307
0.0,0.024375781
0.0,0.0462304
0.0,0.042882826
0.0,0.051122442
0.0,0.038463403
1.0,0.08962916
0.0,0.04341487
0.0,0.022177147
0.0,0.08924295
0.0,0.061001845
0.0,0.0648528
0.0,0.04765833
0.0,0.2310115
0.0,0.018328201
0.0,0.06550336
0.0,0.07034592
0.0,0.055945724
0.0,0.030207738
0.0,0.036099732
0.0,0.04922151
0.0,0.059674628
0.0,0.08989412
0.0,0.06685923
0.0,0.02976208
0.0,0.06404745
0.0,0.09939122
0.0,0.0730178
0.0,0.0067480784
0.0,0.033502687
0.0,0.077815965
1.0,0.05169475
0.0,0.028478669
0.0,0.063651204
0.0,0.07088797
0.0,0.07053691
0.0,0.033226706
0.0,0.05867553
0.0,0.030039893
0.0,0.016862886
0.0,0.05083155
0.0,0.056656368
0.0,0.017617742
0.0,0.04135781
0.0,0.023732496
0.0,0.041254193
0.0,0.04542995
0.0,0.06260681
0.0,0.061712235
0.0,0.03899145
0.0,0.06949506
0.0,0.07394995
0.0,0.06331723
0.0,0.03112465
0.0,0.005590431
0.0,0.10090654
0.0,0.11536771
0.0,0.01777131
2.0,0.07130687
0.0,0.0359454
0.0,0.061699465
0.0,0.035826847
0.0,0.0589475
0.0,0.044027388
0.0,0.05284279
0.0,0.20477352
0.0,0.0673313
1.0,0.03977672
0.0,0.022518268
0.0,0.009855198
0.0,0.03523555
0.0,0.062316418
0.0,0.03550996
0.0,0.02603963
1.0,0.087053895
0.0,0.047977574
0.0,0.15782338
0.0,0.017099362
1.0,0.033929512
0.0,0.06166092
0.0,0.048021425
0.0,0.074793
0.0,0.024895065
0.0,0.023321904
0.0,0.0125950705
0.0,0.08501459
0.0,0.045381665
0.0,0.044762723
0.0,0.13319868
0.0,0.011795466
0.0,0.035455715
0.0,0.057163768
1.0,0.017680582
0.0,0.016237732
0.0,0.08372402
0.0,0.04453373
0.0,0.032813434
0.0,0.058176596
0.0,0.06939234
0.0,0.03292421
1.0,0.052917603
0.0,0.019937221
0.0,0.091510974
0.0,0.16177166
0.0,0.020323092
0.0,0.05155252
0.0,0.11383306
0.0,0.012422433
0.0,0.0097133415
0.0,0.05852795
1.0,0.051134873
0.0,0.06757207
0.0,0.020488476
0.0,0.08055715
0.0,0.054087102
0.0,0.07168437
0.0,0.03027371
0.0,0.037262592
0.0,0.020816263
0.0,0.03831319
0.0,0.044856593
1.0,0.034853235
0.0,0.03847806
0.0,0.086899094
0.0,0.05460429
0.0,0.032631017
0.0,0.06654535
0.0,0.030050224
0.0,0.048288036
0.0,0.08548951
0.0,0.024788657
0.0,0.024241058
0.0,0.04261376
0.0,0.019847386
0.0,0.033569437
0.0,0.046812773
0.0,0.024829175
0.0,0.039628483
0.0,0.084529415
0.0,0.054937012
0.0,0.04815456
0.0,0.022373892
0.0,0.045152545
0.0,0.038010433
0.0,0.055992216
0.0,0.034202524
0.0,0.022694979
0.0,0.01319053
0.0,0.081291944
0.0,0.06403656
0.0,0.022980902
0.0,0.014675536
0.0,0.05709068
0.0,0.04206284
0.0,0.064447656
0.0,0.05499748
0.0,0.023894556
0.0,0.05348675
0.0,0.06543179
0.0,0.04946027
0.0,0.027193356
0.0,0.06310854
0.0,0.01527595
0.0,0.02514611
0.0,0.05246778
0.0,0.020994948
0.0,0.027852038
0.0,0.09303112
0.0,0.014940515
0.0,0.07459558
0.0,0.023990879
0.0,0.041718494
0.0,0.046798375
0.0,0.061542954
1.0,0.060268186
0.0,0.02202347
0.0,0.036785733
0.0,0.073940255
1.0,0.058727525
0.0,0.037567616
0.0,0.05001979
0.0,0.021844486
0.0,0.042619508
0.0,0.16190968
0.0,0.052063394
0.0,0.06425585
0.0,0.0676653
0.0,0.068981804
0.0,0.06376813
0.0,0.053435534
0.0,0.020326542
0.0,0.02564705
0.0,0.016978871
0.0,0.023630459
0.0,0.021700852
0.0,0.061144017
1.0,0.03553089
0.0,0.013854466
1.0,0.036032595
0.0,0.06496385
1.0,0.09484126
0.0,0.04456245
0.0,0.08386905
0.0,0.07166006
0.0,0.033975102
0.0,0.06713783
0.0,0.018613892
0.0,0.059193254
0.0,0.036131904
0.0,0.06916785
0.0,0.012192297
0.0,0.04381498
0.0,0.0609446
0.0,0.12550737
0.0,0.033693705
0.0,0.044698074
0.0,0.012553885
0.0,0.060924433
0.0,0.1540876
0.0,0.034077417
0.0,0.047406882
0.0,0.110019095
0.0,0.07879558
0.0,0.055701446
0.0,0.020990305
0.0,0.054987464
0.0,0.07025496
0.0,0.016229581
0.0,0.034972064
0.0,0.06710816
0.0,0.029114801
0.0,0.03381961
0.0,0.039467495
0.0,0.08608419
0.0,0.045995172
1.0,0.08932589
0.0,0.050091922
0.0,0.046296738
0.0,0.062418573
0.0,0.037531752
0.0,0.045145027
0.0,0.052065257
0.0,0.03788518
0.0,0.053483304
0.0,0.04965359
1.0,0.18218318
0.0,0.090908304
0.0,0.1517924
0.0,0.044638015
0.0,0.035652358
0.0,0.027811214
0.0,0.032584198
0.0,0.07333763
0.0,0.024185903
0.0,0.020200612
0.0,0.06575241
0.0,0.04930784
0.0,0.05128713
0.0,0.062025007
0.0,0.022017568
0.0,0.051611476
0.0,0.056011014
0.0,0.026194565
0.0,0.01489352
0.0,0.03857548
0.0,0.061397057
0.0,0.06609158
0.0,0.060347382
0.0,0.05531163
0.0,0.01637112
0.0,0.046317115
0.0,0.027693478
0.0,0.039972104
0.0,0.024048422
0.0,0.030382909
0.0,0.14728671
0.0,0.040072314
0.0,0.05197266
0.0,0.037939757
0.0,0.02398889
0.0,0.035392303
0.0,0.016275259
0.0,0.018280877
0.0,0.061998572
0.0,0.037218764
0.0,0.027605105
2.0,0.053335566
0.0,0.06190643
0.0,0.036187958
0.0,0.07446282
0.0,0.06486857
0.0,0.027325952
1.0,0.051325954
0.0,0.028255805
0.0,0.025110954
0.0,0.06733685
0.0,0.021024983
0.0,0.083363734
0.0,0.11760154
0.0,0.022361
0.0,0.06029262
0.0,0.045585886
0.0,0.055723015
0.0,0.078452915
0.0,0.04903305
0.0,0.033300065
0.0,0.022052998
0.0,0.031974908
0.0,0.06421652
0.0,0.103091426
0.0,0.03305074
0.0,0.052246857
0.0,0.06495186
0.0,0.2087916
0.0,0.09379957
0.0,0.045369573
0.0,0.053410746
0.0,0.059692614
0.0,0.03238023
0.0,0.05907674
0.0,0.018024864
0.0,0.0830782
0.0,0.08019818
0.0,0.03769989
0.0,0.054183643
0.0,0.056237556
0.0,0.054611474
0.0,0.060158305
0.0,0.026332146
2.0,0.051443517
0.0,0.044446327
0.0,0.024305446
0.0,0.061996058
0.0,0.019322352
0.0,0.02141988
0.0,0.07260485
0.0,0.06951695
0.0,0.0558038
0.0,0.1024142
0.0,0.08758576
0.0,0.020843796
0.0,0.014186762
0.0,0.059340052
0.0,0.099168934
0.0,0.024142798
0.0,0.037362352
0.0,0.2624478
0.0,0.06911324
0.0,0.051272847
0.0,0.058766253
0.0,0.060140982
0.0,0.08727663
0.0,0.018247018
1.0,0.063372746
0.0,0.027550124
0.0,0.117888704
1.0,0.06247232
0.0,0.08774744
0.0,0.04250699
0.0,0.025995899
0.0,0.011062442
0.0,0.019637793
0.0,0.059932057
0.0,0.043101236
0.0,0.04255069
0.0,0.06983732
1.0,0.109503195
1.0,0.07251548
1.0,0.07325674
0.0,0.02537389
0.0,0.08409576
0.0,0.088997036
0.0,0.039087616
0.0,0.02116138
0.0,0.073936656
0.0,0.043904807
0.0,0.16637956
0.0,0.060806718
0.0,0.017293336
0.0,0.03638011
0.0,0.040044826
0.0,0.02133791
0.0,0.050304547
0.0,0.016462402
0.0,0.05523517
0.0,0.017243387
0.0,0.032946873
0.0,0.034140963
0.0,0.025482032
1.0,0.061314613
0.0,0.047894757
0.0,0.11925781
0.0,0.056149185
0.0,0.07929594
0.0,0.06575951
0.0,0.3412167
0.0,0.045875534
0.0,0.032112468
0.0,0.022138909
0.0,0.020525888
0.0,0.02270735
0.0,0.040804803
0.0,0.018335212
0.0,0.04628475
0.0,0.03820714
0.0,0.013292374
0.0,0.08681276
0.0,0.043706518
0.0,0.037368193
0.0,0.034409735
2.0,0.036055505
0.0,0.0717968
0.0,0.048218206
0.0,0.03651668
0.0,0.025850877
0.0,0.049038053
0.0,0.14090015
0.0,0.05204262
0.0,0.02044568
0.0,0.084253505
0.0,0.043427974
0.0,0.03312911
1.0,0.0981162
0.0,0.0777031
0.0,0.02528391
0.0,0.033038843
0.0,0.057403594
0.0,0.062343583
0.0,0.046664454
0.0,0.19517812
0.0,0.03630033
0.0,0.028441593
0.0,0.025651611
0.0,0.052501515
0.0,0.019788466
0.0,0.06482287
0.0,0.028151311
0.0,0.117380165
0.0,0.046001926
0.0,0.063576385
0.0,0.054085296
0.0,0.027071392
0.0,0.031807404
0.0,0.047530558
0.0,0.06646064
0.0,0.042003736
0.0,0.07446785
0.0,0.054218017
0.0,0.039900176
0.0,0.061554503
0.0,0.062345903
0.0,0.073840484
1.0,0.06613351
0.0,0.12301794
0.0,0.060272355
0.0,0.05165407
0.0,0.08309365
0.0,0.036996383
0.0,0.027392212
0.0,0.032769103
0.0,0.06287953
0.0,0.027741997
0.0,0.023555782
0.0,0.025515858
0.0,0.07517964
0.0,0.064337
0.0,0.016848668
0.0,0.07852762
1.0,0.07750756
0.0,0.01974347
0.0,0.027874451
0.0,0.054288488
0.0,0.027270397
0.0,0.025739621
1.0,0.075702175
0.0,0.02002249
0.0,0.061601542
0.0,0.051655572
0.0,0.054029282
0.0,0.025837492
0.0,0.078785025
0.0,0.03206768
0.0,0.015754128
0.0,0.03978015
0.0,0.021048145
0.0,0.0527933
0.0,0.018460363
0.0,0.079752974
0.0,0.024266236
0.0,0.030975586
0.0,0.040735632
0.0,0.07536556
1.0,0.1504153
0.0,0.044026274
0.0,0.00685802
0.0,0.08103647
0.0,0.027607236
0.0,0.03710548
0.0,0.089449115
0.0,0.024710024
0.0,0.035242524
0.0,0.069950566
1.0,0.0145480605
0.0,0.04886479
0.0,0.03837252
0.0,0.047643222
0.0,0.059489485
0.0,0.042679586
0.0,0.038418274
0.0,0.03908967
0.0,0.019290436
0.0,0.053141363
0.0,0.02142078
0.0,0.022017473
0.0,0.066727854
0.0,0.05713216
0.0,0.04702289
0.0,0.036909357
0.0,0.054798663
0.0,0.037912287
0.0,0.11892163
0.0,0.01897328
0.0,0.025687868
0.0,0.065965734
0.0,0.075672835
1.0,0.013979143
0.0,0.023092275
0.0,0.038219895
0.0,0.15999651
0.0,0.030807396
0.0,0.05090677
0.0,0.042829182
0.0,0.042620584
0.0,0.023579922
0.0,0.033352014
0.0,0.06583399
0.0,0.015540183
0.0,0.095321186
0.0,0.07125981
0.0,0.02187655
0.0,0.082457684
0.0,0.065274805
0.0,0.070879616
0.0,0.005464987
0.0,0.1078416
0.0,0.067480884
0.0,0.105491385
0.0,0.032228976
0.0,0.08276952
0.0,0.051383793
1.0,0.025718937
0.0,0.045973882
0.0,0.076141074
0.0,0.0658857
0.0,0.026021916
0.0,0.15261906
0.0,0.026389264
0.0,0.06271109
0.0,0.049499597
0.0,0.027888358
0.0,0.056972384
0.0,0.10137193
0.0,0.05463648
0.0,0.010339897
0.0,0.011756282
1.0,0.070444256
0.0,0.042967994
0.0,0.056178696
0.0,0.023832439
0.0,0.07649819
0.0,0.018256782
0.0,0.062336896
1.0,0.023495754
0.0,0.049633324
0.0,0.06226716
0.0,0.042389832
0.0,0.053268112
0.0,0.073138066
0.0,0.01689773
0.0,0.025279872
0.0,0.07029619
0.0,0.101138726
0.0,0.06316841
0.0,0.05108294
0.0,0.06861448
0.0,0.025321083
0.0,0.037051555
0.0,0.04786307
0.0,0.036529604
0.0,0.065705016
0.0,0.034322392
0.0,0.042337574
0.0,0.05780294
0.0,0.029096663
0.0,0.08202709
0.0,0.04912842
0.0,0.07037682
0.0,0.04582138
0.0,0.0915968
0.0,0.035338476
0.0,0.05304033
0.0,0.059174348
0.0,0.042710815
0.0,0.07807078
0.0,0.08810353
0.0,0.039182864
0.0,0.08159081
0.0,0.055953167
0.0,0.027594866
0.0,0.051157385
0.0,0.014528899
0.0,0.037202176
0.0,0.029247856
0.0,0.019997787
0.0,0.03965608
1.0,0.038582712
0.0,0.06456439
0.0,0.05012664
0.0,0.04821119
0.0,0.04813449
0.0,0.060011327
2.0,0.23768187
0.0,0.07472778
0.0,0.015103854
0.0,0.024177233
0.0,0.033551034
0.0,0.0488832
0.0,0.05209615
0.0,0.07533894
1.0,0.02862194
0.0,0.040746957
0.0,0.014030189
0.0,0.06877792
0.0,0.19704711
0.0,0.017190574
0.0,0.034023724
0.0,0.026903419
0.0,0.09002064
0.0,0.07638164
0.0,0.030870378
0.0,0.040129773
0.0,0.23214525
0.0,0.041928153
0.0,0.060463
0.0,0.08470281
0.0,0.0305453
0.0,0.06150703
0.0,0.06404942
0.0,0.18376157
0.0,0.04056577
0.0,0.0795811
0.0,0.01453321
0.0,0.058031637
0.0,0.030962605
0.0,0.07993407
0.0,0.06293636
0.0,0.022584518
0.0,0.04575985
0.0,0.071517974
1.0,0.06959056
0.0,0.05327253
0.0,0.03132041
0.0,0.023365282
0.0,0.064906344
0.0,0.017011246
1.0,0.07743616
1.0,0.05992846
1.0,0.03223889
0.0,0.037070993
0.0,0.02356213
0.0,0.050145335
0.0,0.039450806
0.0,0.035594366
0.0,0.024219071
0.0,0.01795628
0.0,0.029496484
0.0,0.035995003
0.0,0.058017224
0.0,0.026509063
0.0,0.039664403
0.0,0.025683079
1.0,0.02138094
0.0,0.05466275
0.0,0.10298078
0.0,0.036864363
0.0,0.0120678935
0.0,0.05615379
0.0,0.0369271
0.0,0.103607595
0.0,0.01617102
0.0,0.02598861
0.0,0.057091296
0.0,0.06538521
0.0,0.05543708
2.0,0.06523804
0.0,0.032281056
0.0,0.045960225
0.0,0.053411767
0.0,0.056322653
0.0,0.04216914
0.0,0.030327601
0.0,0.031862445
0.0,0.025539596
0.0,0.036618948
0.0,0.07359627
0.0,0.030249394
0.0,0.05955607
0.0,0.046846285
0.0,0.057743795
0.0,0.051662125
0.0,0.05387387
0.0,0.048566803
0.0,0.016849045
0.0,0.014601136
0.0,0.024957668
0.0,0.038316373
0.0,0.13983215
0.0,0.058495544
0.0,0.06303956
0.0,0.07022609
0.0,0.025458338
0.0,0.06364269
0.0,0.06784423
0.0,0.056110002
0.0,0.05121362
0.0,0.08792475
0.0,0.01850862
0.0,0.07919188
0.0,0.034542963
0.0,0.09828608
0.0,0.046585727
1.0,0.061826162
0.0,0.03885079
0.0,0.05698744
0.0,0.10554774
0.0,0.027125599
0.0,0.014092351
0.0,0.09501526
0.0,0.063438065
0.0,0.06485366
0.0,0.098040804
0.0,0.081349604
0.0,0.06511992
1.0,0.070406556
0.0,0.018287076
0.0,0.04422926
0.0,0.031482786
0.0,0.07448362
0.0,0.024335843
0.0,0.023069922
0.0,0.020474432
0.0,0.038107943
0.0,0.06613291
1.0,0.29430288
0.0,0.052571557
0.0,0.07639355
0.0,0.10552203
0.0,0.03552305
0.0,0.028462445
0.0,0.03435817
1.0,0.06490163
0.0,0.041570954
0.0,0.012754329
0.0,0.044723447
0.0,0.026888901
0.0,0.046272703
0.0,0.057395834
0.0,0.04577814
0.0,0.0670366
0.0,0.029478852
0.0,0.044122636
0.0,0.030673275
0.0,0.09132741
0.0,0.08370797
0.0,0.102410585
0.0,0.05796156
0.0,0.017546035
0.0,0.018882448
0.0,0.18047051
0.0,0.034433436
0.0,0.042919524
1.0,0.04601772
0.0,0.07457253
0.0,0.09233369
0.0,0.03685851
0.0,0.065146126
0.0,0.013960126
0.0,0.08062969
0.0,0.08180312
0.0,0.070844
0.0,0.016239924
0.0,0.036716495
0.0,0.03859355
0.0,0.072627045
0.0,0.054135118
0.0,0.030796953
0.0,0.06816956
0.0,0.032579243
0.0,0.060277328
0.0,0.014405706
0.0,0.024991525
0.0,0.056882523
0.0,0.08207744
0.0,0.025540495
0.0,0.054987203
0.0,0.03480972
0.0,0.06940197
1.0,0.049677484
0.0,0.025424285
0.0,0.05443606
0.0,0.08099185
0.0,0.06690261
1.0,0.043336995
0.0,0.07527412
0.0,0.026227098
0.0,0.098449215
0.0,0.060030732
0.0,0.042525094
0.0,0.04261134
0.0,0.046768926
0.0,0.024391036
0.0,0.12184654
0.0,0.05743245
0.0,0.032644276
0.0,0.06845836
0.0,0.05421406
0.0,0.07111497
0.0,0.018551078
0.0,0.042352498
0.0,0.04595992
1.0,0.045437448
0.0,0.0365245
0.0,0.080619335
0.0,0.06432062
0.0,0.06836464
0.0,0.06968347
0.0,0.0397606
0.0,0.03022291
0.0,0.023071166
0.0,0.05635825
0.0,0.05355887
0.0,0.04305294
0.0,0.042435095
0.0,0.038032208
0.0,0.018517079
0.0,0.0967134
0.0,0.04050116
0.0,0.082882866
0.0,0.017811827
0.0,0.015352793
0.0,0.030841598
0.0,0.027404454
0.0,0.09161458
0.0,0.05059862
0.0,0.04585714
1.0,0.065191366
0.0,0.12453707
0.0,0.06559328
0.0,0.05520939
0.0,0.027004441
0.0,0.072468676
0.0,0.15002319
0.0,0.023815092
0.0,0.04542549
0.0,0.03660437
0.0,0.08359334
0.0,0.064360455
1.0,0.059150256
0.0,0.04143258
0.0,0.092528306
0.0,0.026761105
0.0,0.051277153
0.0,0.035855528
0.0,0.034622345
0.0,0.04186319
0.0,0.014997875
0.0,0.047225125
0.0,0.04332821
0.0,0.1297213
0.0,0.032812867
0.0,0.028815148
0.0,0.031182615
0.0,0.0443888
0.0,0.0627274
0.0,0.036686428
0.0,0.03357408
0.0,0.01837438
0.0,0.023864768
0.0,0.07252385
0.0,0.07392721
0.0,0.0921901
0.0,0.03613852
0.0,0.030029166
0.0,0.088003315
0.0,0.030039921
0.0,0.031000778
0.0,0.038763743
0.0,0.037404455
0.0,0.048463047
0.0,0.0088151395
0.0,0.04561837
0.0,0.06697305
0.0,0.090122774
0.0,0.030519195
0.0,0.012500709
0.0,0.047871284
0.0,0.032739773
0.0,0.07907581
0.0,0.022086285
0.0,0.060156472
0.0,0.04274162
0.0,0.06734379
0.0,0.032908984
0.0,0.14684233
0.0,0.0241925
0.0,0.088752255
0.0,0.017631516
0.0,0.046402868
0.0,0.023307797
0.0,0.040704213
0.0,0.022863742
1.0,0.05620351
0.0,0.039318256
0.0,0.019671196
0.0,0.04064463
0.0,0.04815573
0.0,0.052879088
0.0,0.06980501
0.0,0.07032734
0.0,0.035662625
0.0,0.07183806
0.0,0.056517594
0.0,0.14991239
0.0,0.017281687
0.0,0.056034174
0.0,0.12809888
0.0,0.07300763
0.0,0.032482836
0.0,0.033972964
0.0,0.05365309
0.0,0.049298532
0.0,0.07325101
0.0,0.08204156
0.0,0.05672434
0.0,0.022141434
0.0,0.018366136
0.0,0.023781694
0.0,0.06585752
0.0,0.02381089
0.0,0.035156403
0.0,0.01747398
0.0,0.018253291
0.0,0.033622492
0.0,0.084776275
0.0,0.03576177
0.0,0.043693285
0.0,0.09515865
0.0,0.15358306
0.0,0.058636893
0.0,0.046093136
0.0,0.04803054
0.0,0.0151832495
0.0,0.10987998
0.0,0.030516839
0.0,0.025978774
0.0,0.057078622
0.0,0.07559198
0.0,0.031849246
0.0,0.05740967
0.0,0.044789843
0.0,0.041195907
0.0,0.032309514
0.0,0.047208846
0.0,0.03445776
1.0,0.048912533
0.0,0.045272887
0.0,0.045063753
0.0,0.024653144
0.0,0.0711493
0.0,0.030048331
0.0,0.057340372
3.0,0.06062843
0.0,0.08079247
0.0,0.016496845
0.0,0.04435273
0.0,0.07308508
0.0,0.03785943
0.0,0.057420306
0.0,0.07551215
0.0,0.02359856
0.0,0.05864513
0.0,0.05895711
0.0,0.10139263
0.0,0.07687782
0.0,0.052673735
0.0,0.054934263
0.0,0.022884987
0.0,0.18204503
0.0,0.1947261
1.0,0.1308403
0.0,0.07208897
0.0,0.029986298
0.0,0.020894766
0.0,0.03809368
0.0,0.027263533
0.0,0.05939762
0.0,0.013507011
0.0,0.03441318
0.0,0.015323961
0.0,0.07038818
1.0,0.040650934
0.0,0.049278576
0.0,0.045037996
0.0,0.03084001
0.0,0.06145353
0.0,0.02533722
0.0,0.073063664
0.0,0.08134291
0.0,0.018557368
0.0,0.056360587
0.0,0.08060465
1.0,0.14946459
0.0,0.070228264
0.0,0.06524778
0.0,0.056513067
0.0,0.05380594
0.0,0.026790062
0.0,0.05350884
0.0,0.04441993
0.0,0.04775492
0.0,0.07032524
0.0,0.012323281
1.0,0.068948
0.0,0.020302325
0.0,0.08323233
0.0,0.06283447
0.0,0.084689885
0.0,0.06844926
0.0,0.06315329
0.0,0.015675545
0.0,0.03395112
0.0,0.02224405
1.0,0.04785376
0.0,0.047270656
0.0,0.037247404
0.0,0.011810537
0.0,0.03698136
1.0,0.072346605
0.0,0.035384305
0.0,0.038497277
0.0,0.041707654
1.0,0.017709311
0.0,0.024186999
0.0,0.029000618
0.0,0.044486426
0.0,0.05067253
0.0,0.03281941
0.0,0.043529313
1.0,0.016786166
1.0,0.01697998
0.0,0.06624897
0.0,0.05239213
0.0,0.055240702
0.0,0.052733548
0.0,0.04223309
0.0,0.0476714
0.0,0.035178788
0.0,0.037686247
0.0,0.057788085
0.0,0.03254541
0.0,0.017315548
0.0,0.052870013
0.0,0.031603865
0.0,0.013989593
0.0,0.1140151
0.0,0.07982985
0.0,0.028878478
0.0,0.059305925
0.0,0.014891141
0.0,0.049104296
0.0,0.044570252
0.0,0.031372894
0.0,0.031806175
0.0,0.010640763
0.0,0.05704053
0.0,0.049264647
0.0,0.039782465
0.0,0.047610156
0.0,0.066135876
0.0,0.02861037
0.0,0.054807786
0.0,0.047909264
0.0,0.073815174
0.0,0.015460211
0.0,0.104005165
0.0,0.0032919531
0.0,0.044621967
1.0,0.08248254
0.0,0.040229056
0.0,0.060564645
0.0,0.024438709
0.0,0.060795568
0.0,0.03174083
0.0,0.09810558
0.0,0.031098258
0.0,0.054493975
0.0,0.061960418
0.0,0.039673842
0.0,0.06445759
0.0,0.057109877
0.0,0.04905225
0.0,0.058857255
0.0,0.12753624
0.0,0.026823003
0.0,0.048504777
0.0,0.09992121
0.0,0.03863332
0.0,0.07208734
0.0,0.039081503
0.0,0.052453198
0.0,0.07849131
0.0,0.060978636
0.0,0.050546534
0.0,0.020420942
0.0,0.03626481
0.0,0.015671838
0.0,0.03224192
0.0,0.034355715
1.0,0.026256554
0.0,0.018712487
0.0,0.08498897
0.0,0.09402555
0.0,0.012855747
0.0,0.099029556
0.0,0.15128754
0.0,0.05204093
0.0,0.055672687
0.0,0.045464903
0.0,0.088771805
0.0,0.031937666
0.0,0.024052367
0.0,0.04683101
1.0,0.070919715
0.0,0.057804234
0.0,0.05801075
0.0,0.098844744
0.0,0.046158634
0.0,0.05468561
1.0,0.067974575
0.0,0.04032024
0.0,0.014702503
0.0,0.015584937
0.0,0.027106436
0.0,0.04492753
0.0,0.07852276
1.0,0.18966725
0.0,0.042600736
0.0,0.019488921
0.0,0.038521256
0.0,0.04213533
0.0,0.06403134
0.0,0.0084103625
0.0,0.037155602
0.0,0.03679482
0.0,0.07191576
0.0,0.06385002
0.0,0.0104543
0.0,0.10328406
0.0,0.017187877
0.0,0.07722126
0.0,0.08100614
0.0,0.44133645
0.0,0.03983195
0.0,0.051671486
0.0,0.06014537
1.0,0.07129737
0.0,0.03818476
0.0,0.022362437
0.0,0.06280374
0.0,0.060200833
0.0,0.02853021
0.0,0.02352608
0.0,0.05861133
0.0,0.05703436
0.0,0.034840472
0.0,0.06528366
1.0,0.122624606
0.0,0.040996633
0.0,0.04663827
0.0,0.050167147
0.0,0.022360742
0.0,0.07067478
0.0,0.0394795
0.0,0.14836997
0.0,0.046178184
0.0,0.041897
0.0,0.06942299
0.0,0.042202935
0.0,0.060229402
0.0,0.06683662
0.0,0.002501581
0.0,0.06540849
0.0,0.057346333
0.0,0.060419913
0.0,0.05321749
0.0,0.054330207
0.0,0.026920937
0.0,0.018645817
0.0,0.03321196
0.0,0.050004765
0.0,0.035855833
0.0,0.031592112
0.0,0.043458216
0.0,0.06916231
0.0,0.052456222
0.0,0.013518223
0.0,0.026117824
1.0,0.10372863
0.0,0.06275551
0.0,0.024203036
0.0,0.08288571
0.0,0.032498423
0.0,0.0147366
0.0,0.03229454
0.0,0.057643052
0.0,0.073701136
0.0,0.047348123
0.0,0.044609733
0.0,0.06213978
0.0,0.036640693
1.0,0.07342163
0.0,0.034609437
0.0,0.03294879
1.0,0.07046065
0.0,0.06552496
0.0,0.017677158
0.0,0.032235
0.0,0.015866632
0.0,0.034343004
0.0,0.050994743
0.0,0.08984705
0.0,0.083271205
0.0,0.020317927
0.0,0.026695035
0.0,0.05739437
0.0,0.07140458
0.0,0.011527186
0.0,0.11193179
0.0,0.039830547
0.0,0.055650923
0.0,0.072195925
0.0,0.037996333
0.0,0.09607684
1.0,0.03470812
0.0,0.09364943
0.0,0.074010655
0.0,0.05915175
0.0,0.039592277
0.0,0.07447484
0.0,0.07519448
0.0,0.052438766
0.0,0.038950473
0.0,0.057452116
0.0,0.06212393
0.0,0.18593448
0.0,0.08384423
1.0,0.07653626
0.0,0.028640058
0.0,0.06018912
0.0,0.052504595
0.0,0.027375512
0.0,0.074755564
0.0,0.07840144
0.0,0.07429293
0.0,0.05298891
0.0,0.012439232
0.0,0.017173499
0.0,0.029292867
0.0,0.043159313
0.0,0.035489153
0.0,0.07937278
0.0,0.08051572
0.0,0.057883024
0.0,0.019498728
0.0,0.02511729
0.0,0.049609832
0.0,0.044110663
0.0,0.0866069
0.0,0.06136903
0.0,0.03136504
0.0,0.04358886
0.0,0.030459952
0.0,0.12274055
0.0,0.014268186
0.0,0.048894413
0.0,0.030770354
0.0,0.067247264
0.0,0.050581157
0.0,0.017795919
0.0,0.02435696
0.0,0.044237025
0.0,0.024497885
0.0,0.039478336
0.0,0.054693043
0.0,0.03633311
0.0,0.03783669
0.0,0.04092423
1.0,0.062106214
0.0,0.05128094
0.0,0.013113055
1.0,0.011963537
1.0,0.081863366
0.0,0.032198165
0.0,0.06043752
0.0,0.016397651
0.0,0.04665355
0.0,0.040204894
0.0,0.0791022
0.0,0.012860977
0.0,0.016582297
0.0,0.18116923
0.0,0.05673455
0.0,0.08115987
0.0,0.01722052
0.0,0.071649835
0.0,0.06339279
0.0,0.026658973
1.0,0.08527231
1.0,0.10847441
1.0,0.029435644
0.0,0.07276185
0.0,0.017198954
0.0,0.013385715
0.0,0.011580119
0.0,0.05688042
0.0,0.04615811
0.0,0.058461092
0.0,0.022359356
0.0,0.059113175
0.0,0.04375533
0.0,0.020811519
0.0,0.040365215
0.0,0.013075374
0.0,0.07364792
0.0,0.037359856
0.0,0.034415066
0.0,0.03056835
0.0,0.067534156
0.0,0.0108779445
0.0,0.021063738
0.0,0.056149427
0.0,0.045073636
0.0,0.030615628
0.0,0.03490722
1.0,0.07660761
0.0,0.096193455
0.0,0.026637435
0.0,0.028777141
0.0,0.030622285
0.0,0.041600756
0.0,0.063055374
0.0,0.029464811
2.0,0.100218624
0.0,0.09142433
0.0,0.027951902
0.0,0.05242164
0.0,0.032445017
0.0,0.021727119
0.0,0.025597824
0.0,0.064956255
0.0,0.07248125
0.0,0.053439025
0.0,0.058633637
0.0,0.04068388
0.0,0.052053142
0.0,0.09064725
0.0,0.063538276
0.0,0.05508359
0.0,0.03433773
0.0,0.04649086
0.0,0.06008119
0.0,0.02591372
0.0,0.06451832
0.0,0.08184947
0.0,0.057777725
0.0,0.04348085
0.0,0.05718097
0.0,0.032919344
0.0,0.0051764804
0.0,0.057011463
0.0,0.06302168
0.0,0.03447862
0.0,0.09523554
0.0,0.05490203
1.0,0.015888732
0.0,0.034319576
0.0,0.01964435
0.0,0.047294647
0.0,0.04397741
0.0,0.040081315
0.0,0.068307884
0.0,0.016345091
0.0,0.061146203
0.0,0.027692568
0.0,0.027405225
0.0,0.1370012
0.0,0.08928087
0.0,0.03385357
0.0,0.069558285
0.0,0.064793415
0.0,0.024603235
0.0,0.03590088
0.0,0.050491273
0.0,0.07092154
0.0,0.038046047
0.0,0.043861054
0.0,0.043087877
0.0,0.036078636
0.0,0.02909268
0.0,0.071623385
0.0,0.044315964
0.0,0.08357544
0.0,0.08931328
0.0,0.041602798
0.0,0.15522118
0.0,0.045282386
0.0,0.05248637
0.0,0.02602481
0.0,0.062551044
0.0,0.09716464
0.0,0.07467576
0.0,0.03753526
0.0,0.057725735
0.0,0.058148112
0.0,0.024283528
0.0,0.03640102
0.0,0.06362515
1.0,0.045286097
0.0,0.08884363
0.0,0.00959329
0.0,0.016721137
0.0,0.043813437
0.0,0.08344813
0.0,0.05235946
0.0,0.024923762
0.0,0.07552561
0.0,0.042410314
0.0,0.036461525
0.0,0.10049766
1.0,0.03318149
0.0,0.019002091
0.0,0.022828238
0.0,0.021072429
0.0,0.020704776
0.0,0.08886181
0.0,0.07984138
0.0,0.04425937
0.0,0.04464046
0.0,0.071188204
0.0,0.09420066
1.0,0.06495397
0.0,0.052848056
0.0,0.01378432
0.0,0.03098727
0.0,0.05277138
0.0,0.087848604
0.0,0.037696727
0.0,0.060858727
0.0,0.065442994
0.0,0.0710483
0.0,0.05187323
0.0,0.045180324
1.0,0.05348986
0.0,0.06999529
0.0,0.041761786
0.0,0.04188729
0.0,0.015702393
0.0,0.06875782
0.0,0.06584738
0.0,0.12805866
0.0,0.033697095
0.0,0.032457322
0.0,0.030591797
0.0,0.033893082
0.0,0.061705995
0.0,0.08930689
0.0,0.07236284
0.0,0.060543075
0.0,0.096340254
0.0,0.033116255
0.0,0.0632544
0.0,0.08900079
0.0,0.041072022
0.0,0.0275923
0.0,0.039343163
0.0,0.08178736
0.0,0.025159879
0.0,0.039217386
0.0,0.03450059
0.0,0.04703962
0.0,0.052534595
1.0,0.08737465
0.0,0.06669636
0.0,0.035647664
0.0,0.041383617
0.0,0.059661523
0.0,0.02780725
0.0,0.013248946
0.0,0.089494765
0.0,0.13349721
0.0,0.056005113
0.0,0.03052672
0.0,0.050815046
0.0,0.02714502
1.0,0.07501574
0.0,0.06421335
0.0,0.07916175
0.0,0.062816225
0.0,0.046822414
0.0,0.034383133
1.0,0.057009086
0.0,0.079120316
0.0,0.06066194
0.0,0.047302697
0.0,0.042175695
0.0,0.03719673
0.0,0.16625962
0.0,0.05514643
0.0,0.02464258
0.0,0.01691095
0.0,0.025715675
0.0,0.028188666
0.0,0.018544542
0.0,0.08116974
0.0,0.046063103
0.0,0.05147075
1.0,0.06051714
0.0,0.020404793
1.0,0.046222202
0.0,0.026748385
1.0,0.028303515
0.0,0.034802318
0.0,0.0688111
0.0,0.038987804
0.0,0.0365237
0.0,0.050924737
0.0,0.03849502
0.0,0.020881241
1.0,0.05660916
0.0,0.03794493
0.0,0.034307536
0.0,0.021443171
0.0,0.022129137
0.0,0.059629813
0.0,0.06511943
0.0,0.069231786
0.0,0.07139693
1.0,0.15909304
0.0,0.050453585
1.0,0.055111915
0.0,0.0557997
0.0,0.033213116
0.0,0.2071768
0.0,0.047773596
0.0,0.07457465
1.0,0.03631179
0.0,0.058976512
0.0,0.05885765
1.0,0.043732367
0.0,0.05508811
0.0,0.0312064
0.0,0.018059079
0.0,0.048038144
0.0,0.036559418
0.0,0.027164469
0.0,0.04862872
0.0,0.012845054
0.0,0.060865633
0.0,0.14604172
0.0,0.029064894
0.0,0.051369634
0.0,0.088464946
0.0,0.053346477
0.0,0.022992652
0.0,0.05080131
0.0,0.08314075
0.0,0.019903444
0.0,0.05260639
0.0,0.08500348
0.0,0.02613246
0.0,0.042766713
0.0,0.042791456
0.0,0.07140134
0.0,0.031109085
0.0,0.052112125
0.0,0.047107227
0.0,0.0255789
0.0,0.029702747
0.0,0.016918056
0.0,0.030658359
0.0,0.07801615
0.0,0.034385722
0.0,0.10343315
0.0,0.06457392
0.0,0.016657386
0.0,0.117714904
0.0,0.015638
1.0,0.09243422
0.0,0.023187276
0.0,0.012232968
1.0,0.04748523
0.0,0.031704497
0.0,0.014773074
0.0,0.024649994
0.0,0.08436152
0.0,0.024565931
0.0,0.052553613
0.0,0.07710869
0.0,0.034075014
0.0,0.028400693
0.0,0.018613597
0.0,0.02263558
0.0,0.02037072
0.0,0.08173927
0.0,0.056372523
0.0,0.07590463
0.0,0.07416923
0.0,0.04098039
0.0,0.015862886
0.0,0.03789156
0.0,0.069950566
0.0,0.028408954
0.0,0.053531706
0.0,0.05140183
0.0,0.0453636
0.0,0.02875939
0.0,0.1927274
0.0,0.03367618
1.0,0.23601235
1.0,0.0824716
0.0,0.045286898
0.0,0.052785143
0.0,0.078793064
0.0,0.03027368
1.0,0.042168293
0.0,0.040873427
0.0,0.040242564
0.0,0.024728907
0.0,0.09279728
0.0,0.026412062
0.0,0.064171076
0.0,0.0495246
0.0,0.032655235
0.0,0.047684018
0.0,0.041910645
0.0,0.046064135
0.0,0.033613436
0.0,0.050237596
0.0,0.055221766
0.0,0.03302868
0.0,0.050794262
0.0,0.019987242
0.0,0.059498336
0.0,0.04672332
0.0,0.02431197
0.0,0.05767684
0.0,0.029044583
0.0,0.029007643
0.0,0.044517934
0.0,0.037223734
0.0,0.05986825
0.0,0.029011847
0.0,0.050028495
0.0,0.086236715
0.0,0.024302015
0.0,0.06838768
0.0,0.05118774
0.0,0.03432244
0.0,0.02517188
0.0,0.035582993
0.0,0.061994668
0.0,0.069243535
0.0,0.050211158
0.0,0.024944378
0.0,0.028563492
1.0,0.04840187
0.0,0.009433538
0.0,0.09624273
0.0,0.044178635
0.0,0.048427634
0.0,0.038888898
0.0,0.095678315
0.0,0.03691964
0.0,0.056842245
0.0,0.02593675
0.0,0.012508406
0.0,0.056147337
0.0,0.053746782
0.0,0.023253355
0.0,0.06332354
0.0,0.048120588
0.0,0.05147743
0.0,0.0813885
0.0,0.041232698
0.0,0.024932498
0.0,0.06660146
0.0,0.0411299
0.0,0.027983615
0.0,0.06492345
0.0,0.018170983
0.0,0.0576779
1.0,0.067692585
0.0,0.051036436
0.0,0.07019607
1.0,0.097532704
0.0,0.098789915
0.0,0.014189225
0.0,0.09178564
0.0,0.034691438
0.0,0.03453659
0.0,0.0679631
0.0,0.048721537
0.0,0.040617414
0.0,0.06841803
0.0,0.067029186
0.0,0.049181253
0.0,0.014683173
0.0,0.054631036
0.0,0.06470919
0.0,0.054661836
0.0,0.027068978
0.0,0.090256914
0.0,0.015365053
0.0,0.027503265
0.0,0.033001084
0.0,0.08275658
0.0,0.097999185
0.0,0.065762945
0.0,0.045847237
0.0,0.019339811
0.0,0.0358331
0.0,0.059172455
0.0,0.050170925
0.0,0.043313917
0.0,0.060525194
0.0,0.03412685
0.0,0.04642856
0.0,0.06764538
0.0,0.107545346
0.0,0.030217217
0.0,0.04538355
0.0,0.05422068
0.0,0.032293003
0.0,0.07765524
0.0,0.018107245
0.0,0.05679189
0.0,0.011487175
0.0,0.007782172
0.0,0.026484225
0.0,0.07648967
0.0,0.017132252
0.0,0.060057104
0.0,0.14495589
0.0,0.04278297
0.0,0.04260502
0.0,0.04264565
0.0,0.016556675
0.0,0.028953196
0.0,0.048545524
0.0,0.06817401
0.0,0.022272803
0.0,0.02524471
0.0,0.059723035
0.0,0.019055635
0.0,0.05111927
0.0,0.022036064
0.0,0.050533425
0.0,0.05330356
0.0,0.04222735
0.0,0.048905768
0.0,0.097148106
0.0,0.12920047
0.0,0.053695653
0.0,0.050488167
0.0,0.05045563
0.0,0.034941163
0.0,0.041245654
0.0,0.05815987
0.0,0.14740416
0.0,0.0395147
0.0,0.052335225
0.0,0.025760863
0.0,0.034585796
0.0,0.09519637
0.0,0.041381445
0.0,0.05903526
0.0,0.057723805
1.0,0.05278502
0.0,0.012383819
1.0,0.055321865
0.0,0.034403566
0.0,0.060808834
0.0,0.041024048
0.0,0.02621512
1.0,0.054882735
0.0,0.048848595
0.0,0.022807945
0.0,0.09804275
0.0,0.062121898
0.0,0.05986715
1.0,0.016872594
0.0,0.06630294
0.0,0.033046342
0.0,0.041368622
0.0,0.049178015
0.0,0.025699543
0.0,0.031189604
0.0,0.102432564
0.0,0.015798436
0.0,0.03109338
0.0,0.06749874
0.0,0.041956313
0.0,0.014115829
0.0,0.06127241
0.0,0.06347394
0.0,0.020682318
0.0,0.051003132
0.0,0.016730437
0.0,0.058887616
0.0,0.027474375
0.0,0.028913587
0.0,0.05585459
1.0,0.060903694
1.0,0.080661245
0.0,0.06459728
0.0,0.057040125
0.0,0.03643676
0.0,0.04391291
0.0,0.056494396
0.0,0.11322491
0.0,0.07942275
0.0,0.02834679
0.0,0.043145176
0.0,0.04695672
0.0,0.055369474
0.0,0.06871247
0.0,0.09879242
0.0,0.0805867
0.0,0.040367063
0.0,0.052170254
0.0,0.05489538
1.0,0.07747228
0.0,0.035932768
0.0,0.06420133
0.0,0.077300616
0.0,0.08580406
1.0,0.052997425
0.0,0.024293268
0.0,0.022648696
0.0,0.05298858
0.0,0.029117385
0.0,0.06770679
0.0,0.075021856
0.0,0.08386531
0.0,0.022319805
0.0,0.10298181
0.0,0.018050624
0.0,0.036051102
0.0,0.024894793
0.0,0.018284643
0.0,0.07935915
0.0,0.27365762
0.0,0.06161948
0.0,0.061718017
0.0,0.06336746
0.0,0.033546664
0.0,0.034998856
0.0,0.05468058
0.0,0.035435125
0.0,0.025347551
0.0,0.02949509
0.0,0.03946345
0.0,0.011379127
0.0,0.07690379
0.0,0.01560596
0.0,0.0948883
0.0,0.08788799
0.0,0.04145363
0.0,0.07062659
0.0,0.027718699
1.0,0.06454334
0.0,0.06830254
0.0,0.06950956
0.0,0.04629285
0.0,0.030670773
0.0,0.08101186
0.0,0.08997477
0.0,0.046804264
0.0,0.012381734
0.0,0.027975958
0.0,0.023246262
0.0,0.048177388
0.0,0.04108548
0.0,0.03293767
0.0,0.063018285
0.0,0.07749323
0.0,0.106899865
0.0,0.024026472
0.0,0.113099836
0.0,0.14509526
0.0,0.025268579
0.0,0.038986355
0.0,0.045275107
0.0,0.04125659
0.0,0.02018256
0.0,0.119757965
0.0,0.03866889
0.0,0.045984864
0.0,0.0764469
0.0,0.10398199
0.0,0.054918524
0.0,0.050733216
0.0,0.062101953
0.0,0.051058687
0.0,0.06575476
0.0,0.046014674
0.0,0.06409363
0.0,0.018236527
0.0,0.0660912
0.0,0.058706038
0.0,0.027355116
0.0,0.034071147
0.0,0.029795222
0.0,0.014146779
0.0,0.008872356
0.0,0.05232302
0.0,0.046301283
0.0,0.045758456
1.0,0.038227532
0.0,0.050905384
0.0,0.014666456
0.0,0.057653304
0.0,0.01847529
0.0,0.04413587
0.0,0.034527563
0.0,0.11083105
0.0,0.038980555
1.0,0.046247687
0.0,0.013184726
0.0,0.10384594
0.0,0.06335831
0.0,0.0694553
1.0,0.06078415
0.0,0.02226761
0.0,0.09428225
0.0,0.048834436
0.0,0.062225558
0.0,0.049781322
2.0,0.061691582
0.0,0.03222544
0.0,0.034980386
0.0,0.05200588
0.0,0.064765275
0.0,0.07358192
0.0,0.05214307
0.0,0.024437835
0.0,0.014635766
0.0,0.049022835
0.0,0.06022699
0.0,0.051240634
0.0,0.060934603
0.0,0.042220503
0.0,0.06299116
0.0,0.0480348
0.0,0.033618454
0.0,0.06283729
1.0,0.03518506
0.0,0.043487426
0.0,0.098784685
0.0,0.094851725
0.0,0.038105253
0.0,0.0727013
1.0,0.057462983
0.0,0.056118216
0.0,0.06264549
0.0,0.07750664
0.0,0.050965667
0.0,0.07525223
0.0,0.10165639
0.0,0.069906086
0.0,0.043777935
0.0,0.034548134
1.0,0.06614417
0.0,0.04032097
0.0,0.037039064
0.0,0.025073588
0.0,0.014551606
0.0,0.11389512
0.0,0.033732317
0.0,0.033385858
0.0,0.050915413
0.0,0.034284838
0.0,0.048464295
0.0,0.040022854
1.0,0.052200638
0.0,0.05592116
0.0,0.032276344
0.0,0.019240113
0.0,0.019321486
0.0,0.032473963
0.0,0.03626915
0.0,0.08487278
0.0,0.035683684
0.0,0.07921752
0.0,0.06362184
0.0,0.04683827
0.0,0.09990234
0.0,0.022898491
0.0,0.022366095
0.0,0.054810815
0.0,0.07288483
0.0,0.010097682
0.0,0.019177077
0.0,0.011513645
0.0,0.046850555
0.0,0.029420925
0.0,0.09123809
0.0,0.05785332
0.0,0.023715176
0.0,0.068105355
0.0,0.053160146
0.0,0.01900798
0.0,0.06852669
0.0,0.066772416
0.0,0.07054925
0.0,0.012923127
0.0,0.07344027
0.0,0.10991669
0.0,0.05380132
0.0,0.07042291
0.0,0.020503458
0.0,0.032127462
0.0,0.047146484
0.0,0.03946702
0.0,0.13191915
0.0,0.05635081
0.0,0.06366306
0.0,0.076685674
0.0,0.12654555
0.0,0.059909027
0.0,0.01311525
0.0,0.061492383
0.0,0.07416487
0.0,0.062531
0.0,0.05686709
0.0,0.04760793
0.0,0.056292824
0.0,0.050316326
0.0,0.060586262
0.0,0.076718844
0.0,0.059924413
0.0,0.04117931
0.0,0.020784821
0.0,0.05243744
0.0,0.040193565
0.0,0.034580354
0.0,0.020179788
0.0,0.05378883
0.0,0.018913392
0.0,0.01577562
0.0,0.035140228
0.0,0.079168335
0.0,0.02534459
0.0,0.047182515
0.0,0.058376227
0.0,0.08705478
0.0,0.061827946
0.0,0.026112057
0.0,0.037800495
0.0,0.07971731
0.0,0.026063617
0.0,0.07253796
0.0,0.05623828
0.0,0.08884905
0.0,0.0721879
0.0,0.055821363
0.0,0.021057392
0.0,0.039655704
0.0,0.14539316
0.0,0.03071654
1.0,0.05606614
0.0,0.022276573
1.0,0.047139987
0.0,0.06357347
0.0,0.031530935
0.0,0.07068399
0.0,0.038381398
0.0,0.115895316
0.0,0.04862543
0.0,0.019015577
0.0,0.05891458
0.0,0.021087626
0.0,0.11076615
0.0,0.034240857
0.0,0.024057493
0.0,0.07661725
0.0,0.069928005
0.0,0.20740345
0.0,0.01121087
0.0,0.04776895
0.0,0.061393313
0.0,0.033556104
0.0,0.047877952
0.0,0.042938173
2.0,0.040353265
0.0,0.13017568
0.0,0.09199445
0.0,0.028741732
0.0,0.043481722
0.0,0.029561901
0.0,0.12213809
0.0,0.056253593
0.0,0.055840798
0.0,0.0455547
0.0,0.087267354
0.0,0.010711314
0.0,0.066504866
0.0,0.021846443
1.0,0.040666714
0.0,0.06125044
0.0,0.04443906
0.0,0.02438213
0.0,0.04994674
0.0,0.060024407
0.0,0.022695119
0.0,0.044824604
0.0,0.044193614
0.0,0.025362374
0.0,0.06108007
1.0,0.071447045
0.0,0.09382683
0.0,0.027033841
0.0,0.04683599
0.0,0.013505472
0.0,0.060841348
0.0,0.04403839
0.0,0.035239127
0.0,0.06834144
0.0,0.020138098
0.0,0.024061956
0.0,0.048312612
0.0,0.040241662
0.0,0.08101259
0.0,0.14276382
0.0,0.016158562
0.0,0.08704256
0.0,0.06453385
0.0,0.031600006
0.0,0.0641152
0.0,0.09142533
0.0,0.019376151
0.0,0.05125065
0.0,0.11511908
0.0,0.11705408
0.0,0.10018208
0.0,0.0112924585
0.0,0.034581445
0.0,0.052409045
0.0,0.057761364
0.0,0.018888256
0.0,0.029575875
0.0,0.074828476
0.0,0.040976815
0.0,0.08547293
0.0,0.022610508
0.0,0.073025525
0.0,0.1640661
0.0,0.054317877
0.0,0.015927168
0.0,0.053621452
0.0,0.11216998
0.0,0.060908064
0.0,0.039231695
0.0,0.08592341
0.0,0.06900564
0.0,0.026957752
0.0,0.028326225
0.0,0.05527079
0.0,0.061221097
0.0,0.021282203
0.0,0.06344126
0.0,0.044885367
0.0,0.048263706
0.0,0.035229787
0.0,0.06977354
0.0,0.016546974
0.0,0.013729002
0.0,0.08238309
0.0,0.08038759
0.0,0.051441062
0.0,0.056073226
0.0,0.023145873
0.0,0.047417372
0.0,0.04988
0.0,0.06726747
0.0,0.03409125
0.0,0.08929817
0.0,0.028003477
0.0,0.021110594
2.0,0.35642397
0.0,0.044047568
1.0,0.0995359
0.0,0.04165121
0.0,0.020873625
0.0,0.080266975
0.0,0.01210176
0.0,0.06345333
0.0,0.048067655
0.0,0.008488718
0.0,0.025650254
0.0,0.049234938
0.0,0.041706838
0.0,0.047353946
0.0,0.016279854
0.0,0.05028764
0.0,0.015472107
1.0,0.06583197
0.0,0.21055205
0.0,0.07176462
0.0,0.04955595
0.0,0.021806978
0.0,0.01838479
0.0,0.026465554
0.0,0.052218065
0.0,0.04414067
0.0,0.045984976
0.0,0.057091825
0.0,0.08686456
0.0,0.059921313
0.0,0.02965903
0.0,0.019461136
0.0,0.044876955
0.0,0.02811202
0.0,0.07767315
0.0,0.028312478
0.0,0.038697608
0.0,0.041849993
0.0,0.016508853
0.0,0.08377795
0.0,0.033589385
0.0,0.046024635
0.0,0.049649138
0.0,0.025089027
0.0,0.036739927
1.0,0.13739005
0.0,0.088465154
0.0,0.055040926
0.0,0.06635426
0.0,0.04044602
0.0,0.058917724
0.0,0.06839934
0.0,0.09088074
0.0,0.07314251
0.0,0.020659905
0.0,0.037547596
0.0,0.03193343
0.0,0.0672953
0.0,0.04283541
0.0,0.033268876
0.0,0.03985785
0.0,0.04262024
0.0,0.02350121
0.0,0.038327627
0.0,0.04000898
0.0,0.055810876
0.0,0.05993746
0.0,0.09573431
0.0,0.069569424
0.0,0.06508601
1.0,0.08138328
0.0,0.05224763
0.0,0.09988786
0.0,0.05788552
1.0,0.08794643
0.0,0.021631509
0.0,0.016345317
0.0,0.06635418
0.0,0.0793307
0.0,0.100267574
0.0,0.047692362
0.0,0.055367548
0.0,0.0077320705
0.0,0.07152964
0.0,0.042466592
0.0,0.06575742
0.0,0.076854356
0.0,0.05237624
0.0,0.07829691
0.0,0.040897287
0.0,0.019972876
0.0,0.058402874
0.0,0.056118216
0.0,0.018800985
0.0,0.057376064
0.0,0.09618979
0.0,0.028577387
0.0,0.027363922
0.0,0.07204972
0.0,0.03131868
0.0,0.044108644
0.0,0.051239144
0.0,0.068904266
0.0,0.01758028
0.0,0.15576732
0.0,0.013782269
0.0,0.04247605
0.0,0.03584472
0.0,0.046918318
0.0,0.019663112
0.0,0.07057551
1.0,0.051420193
0.0,0.022417603
0.0,0.013377835
0.0,0.041909385
0.0,0.037170082
1.0,0.13189197
0.0,0.07806948
2.0,0.083794914
0.0,0.03766787
0.0,0.018251054
0.0,0.032385293
0.0,0.07472994
0.0,0.1290759
0.0,0.035313595
0.0,0.009352724
0.0,0.04014271
0.0,0.023826417
0.0,0.071549326
0.0,0.07217353
0.0,0.014580521
0.0,0.058638472
0.0,0.037124027
0.0,0.04422555
0.0,0.01409877
0.0,0.109008744
0.0,0.0668779
0.0,0.059035376
0.0,0.03600592
0.0,0.047337875
0.0,0.077613115
0.0,0.02212287
0.0,0.03521751
0.0,0.046927534
0.0,0.03360472
0.0,0.033980694
0.0,0.03238489
0.0,0.03848116
0.0,0.016971132
1.0,0.050793584
0.0,0.039035056
0.0,0.5811436
0.0,0.08276723
0.0,0.023193149
0.0,0.024346543
0.0,0.1303665
0.0,0.042660255
0.0,0.03271967
0.0,0.023429735
1.0,0.082731895
0.0,0.016857926
0.0,0.037733916
0.0,0.016263155
0.0,0.017460503
0.0,0.055100325
0.0,0.026410336
0.0,0.049075972
0.0,0.018697118
0.0,0.058977358
0.0,0.052498687
0.0,0.042885236
0.0,0.017920421
0.0,0.073448606
0.0,0.034469888
0.0,0.08083528
0.0,0.058303148
0.0,0.14750938
0.0,0.032275867
0.0,0.03461203
0.0,0.09436013
0.0,0.05286459
0.0,0.055542946
0.0,0.01023642
1.0,0.055625267
0.0,0.06672722
0.0,0.03857699
0.0,0.07443902
0.0,0.040681437
0.0,0.07060896
0.0,0.12180448
0.0,0.13428402
0.0,0.06285251
0.0,0.041626967
0.0,0.035318613
0.0,0.04748036
0.0,0.073393434
0.0,0.07018511
0.0,0.18724202
0.0,0.07383184
0.0,0.030443747
0.0,0.037016343
0.0,0.08006388
0.0,0.06709931
0.0,0.0475004
0.0,0.04487912
0.0,0.057471927
0.0,0.03907405
0.0,0.042796724
0.0,0.047794696
0.0,0.07492229
0.0,0.031120168
0.0,0.061262477
0.0,0.048953667
0.0,0.028122518
0.0,0.0712326
0.0,0.018950604
0.0,0.07171588
0.0,0.060291957
0.0,0.024230622
0.0,0.043551695
0.0,0.14642629
0.0,0.04849328
0.0,0.052774146
0.0,0.04094986
0.0,0.019907527
0.0,0.05387698
0.0,0.06121771
2.0,0.044435307
0.0,0.0800793
0.0,0.1024501
0.0,0.0586576
0.0,0.019726334
0.0,0.060072683
0.0,0.051905394
0.0,0.02209273
0.0,0.028937185
0.0,0.059555106
0.0,0.027377157
0.0,0.033963345
0.0,0.027691208
0.0,0.048442323
1.0,0.06772854
1.0,0.060412955
0.0,0.022733081
1.0,0.050069783
0.0,0.06438475
0.0,0.026124774
0.0,0.036117226
0.0,0.068590276
0.0,0.020660378
0.0,0.058307223
0.0,0.040781245
1.0,0.061938763
0.0,0.04448091
0.0,0.03455052
0.0,0.04624308
0.0,0.07430908
0.0,0.028223906
0.0,0.04257403
0.0,0.0858023
0.0,0.021930266
0.0,0.079758696
0.0,0.049841512
0.0,0.02345917
0.0,0.05271718
0.0,0.047430716
0.0,0.023172786
0.0,0.063786834
0.0,0.117605895
0.0,0.037389673
0.0,0.05835193
0.0,0.089314304
0.0,0.016473569
0.0,0.060251534
0.0,0.051649712
0.0,0.070979066
0.0,0.039503437
0.0,0.044251755
0.0,0.016831387
0.0,0.009022201
0.0,0.02033646
0.0,0.07103585
0.0,0.062650055
0.0,0.09188226
0.0,0.029873595
1.0,0.043171376
0.0,0.07891147
0.0,0.042718675
0.0,0.029080851
0.0,0.05568655
0.0,0.055657294
0.0,0.025748363
0.0,0.07869283
0.0,0.0305822
0.0,0.016035492
0.0,0.06023934
0.0,0.032650035
0.0,0.027020233
0.0,0.061534666
0.0,0.0073769237
0.0,0.07054347
0.0,0.01643619
0.0,0.016012272
0.0,0.049303774
0.0,0.055384845
0.0,0.021303913
0.0,0.09181981
0.0,0.0667123
0.0,0.031946287
0.0,0.044346195
0.0,0.06514209
0.0,0.078768626
1.0,0.047610156
0.0,0.024850387
0.0,0.05510968
0.0,0.07397996
0.0,0.07961104
0.0,0.019211262
0.0,0.03331045
0.0,0.069579214
0.0,0.028682068
0.0,0.077547215
0.0,0.020464877
0.0,0.05031489
0.0,0.046050385
0.0,0.05674632
0.0,0.059227813
0.0,0.08851327
0.0,0.08301383
0.0,0.072096124
0.0,0.0057622055
0.0,0.024425765
0.0,0.054042578
0.0,0.05626124
0.0,0.07468413
0.0,0.051978685
0.0,0.038122773
0.0,0.0606124
0.0,0.036388956
0.0,0.048342474
0.0,0.030456292
0.0,0.040407833
0.0,0.04205877
0.0,0.050768375
0.0,0.041899033
0.0,0.056412265
0.0,0.013947264
0.0,0.039467607
0.0,0.049038943
0.0,0.06699509
0.0,0.021248166
0.0,0.02002732
0.0,0.028625365
0.0,0.06094643
0.0,0.05051379
0.0,0.02596307
0.0,0.06165823
0.0,0.067383036
0.0,0.11133603
0.0,0.15370862
0.0,0.03598637
1.0,0.08757353
0.0,0.065415695
0.0,0.06629844
0.0,0.078016296
0.0,0.065487005
0.0,0.04669615
0.0,0.09567713
0.0,0.045838512
0.0,0.085778594
0.0,0.027981535
1.0,0.044662543
0.0,0.039878625
0.0,0.06090573
0.0,0.017824452
0.0,0.041878063
0.0,0.18872944
0.0,0.016097685
0.0,0.032402426
0.0,0.020125302
0.0,0.03515055
1.0,0.028500296
1.0,0.029382454
0.0,0.063255124
0.0,0.030306106
0.0,0.008191432
0.0,0.074281625
0.0,0.073771596
0.0,0.04845972
0.0,0.05687844
0.0,0.03986948
0.0,0.022377424
0.0,0.03647559
0.0,0.07026211
0.0,0.018791718
0.0,0.06811427
0.0,0.08575197
0.0,0.04533791
0.0,0.084877074
0.0,0.04895579
0.0,0.022665119
0.0,0.07942205
0.0,0.031902216
0.0,0.0651629
0.0,0.03489782
0.0,0.06296961
0.0,0.040418644
0.0,0.016595911
0.0,0.038748942
0.0,0.04047747
0.0,0.030987447
0.0,0.024453491
0.0,0.036903337
0.0,0.040936388
1.0,0.095770925
0.0,0.05558327
0.0,0.018438784
0.0,0.067914605
1.0,0.081491895
0.0,0.020812025
0.0,0.06404747
0.0,0.05426261
0.0,0.12786
0.0,0.06596193
0.0,0.082879156
1.0,0.025570376
0.0,0.023360135
0.0,0.09008235
0.0,0.05547373
0.0,0.025965892
1.0,0.05263851
0.0,0.03692844
0.0,0.037409395
0.0,0.016434215
0.0,0.0718471
0.0,0.023999631
0.0,0.040779475
0.0,0.09614375
0.0,0.06655156
0.0,0.016522966
0.0,0.03141367
0.0,0.03167172
0.0,0.057419553
0.0,0.051349748
0.0,0.065074
1.0,0.13082115
0.0,0.060135864
0.0,0.033518523
0.0,0.014682466
0.0,0.062323432
0.0,0.04967251
0.0,0.05843442
0.0,0.12523757
0.0,0.06071674
0.0,0.014400143
0.0,0.027039643
0.0,0.07719258
0.0,0.028325874
0.0,0.060923215
0.0,0.049587056
0.0,0.015220276
0.0,0.056446787
0.0,0.07928592
0.0,0.056399383
0.0,0.118138015
0.0,0.08091819
0.0,0.07727751
0.0,0.026774788
1.0,0.06406607
0.0,0.034602344
0.0,0.059673887
0.0,0.056563158
0.0,0.052111853
0.0,0.041181393
1.0,0.07208945
0.0,0.02172136
0.0,0.057656657
0.0,0.07544576
0.0,0.06371471
1.0,0.029179541
0.0,0.06948091
0.0,0.035675026
0.0,0.06752662
1.0,0.06383526
0.0,0.031642754
0.0,0.036580257
0.0,0.021436526
0.0,0.0750297
0.0,0.047460873
0.0,0.031362124
0.0,0.05834061
0.0,0.026493723
0.0,0.022797987
0.0,0.040452614
0.0,0.07885881
0.0,0.03915087
0.0,0.030591784
0.0,0.022845466
0.0,0.02862886
0.0,0.015397478
0.0,0.06482695
0.0,0.040483106
0.0,0.057278886
0.0,0.022791388
0.0,0.08471194
0.0,0.040448487
0.0,0.023977602
0.0,0.0405029
0.0,0.031511486
0.0,0.035926413
0.0,0.029563071
0.0,0.04850991
0.0,0.09802987
0.0,0.045786917
0.0,0.071058124
0.0,0.06585338
0.0,0.020147558
0.0,0.021488875
0.0,0.039545164
0.0,0.04619682
0.0,0.04280515
0.0,0.02884952
0.0,0.061836246
0.0,0.04358302
0.0,0.0516758
0.0,0.07997562
0.0,0.038286217
0.0,0.07655995
0.0,0.06455983
0.0,0.048081845
0.0,0.05269559
0.0,0.023485998
0.0,0.05124787
0.0,0.12560648
0.0,0.057563286
0.0,0.07534418
0.0,0.02969636
0.0,0.019344838
0.0,0.052678384
0.0,0.011435889
0.0,0.06804352
2.0,0.18179089
0.0,0.025613941
0.0,0.10099943
0.0,0.033541545
0.0,0.026026608
0.0,0.039799295
0.0,0.05883238
0.0,0.06904897
0.0,0.056920346
0.0,0.023321114
1.0,0.060213838
0.0,0.0510769
0.0,0.08782957
0.0,0.027582025
0.0,0.029725516
0.0,0.07347982
0.0,0.040669605
0.0,0.022614993
0.0,0.017960655
0.0,0.069623835
0.0,0.065403745
0.0,0.19576286
0.0,0.017203193
1.0,0.03883177
0.0,0.08851663
0.0,0.045444682
0.0,0.015530849
0.0,0.01410538
0.0,0.07671779
0.0,0.072480075
0.0,0.027364835
0.0,0.033542234
0.0,0.04447304
0.0,0.05432777
0.0,0.04415526
0.0,0.062038377
0.0,0.064132854
0.0,0.055821016
0.0,0.05913841
0.0,0.020061616
0.0,0.08233373
0.0,0.0573707
0.0,0.033042546
0.0,0.19057511
0.0,0.053994022
0.0,0.060237847
0.0,0.019628713
0.0,0.018743947
0.0,0.059594836
0.0,0.03209846
0.0,0.070685744
0.0,0.018483697
0.0,0.05589157
0.0,0.06928178
0.0,0.0267466
0.0,0.0668799
0.0,0.049575802
0.0,0.059386943
0.0,0.008821884
0.0,0.10758921
0.0,0.018957898
0.0,0.05385574
0.0,0.025192209
0.0,0.04081319
0.0,0.049078993
0.0,0.034605708
0.0,0.021377964
0.0,0.045422085
0.0,0.045330863
0.0,0.041009672
0.0,0.015839856
0.0,0.029158192
0.0,0.075454846
0.0,0.02993224
0.0,0.032009307
0.0,0.048963193
0.0,0.06909559
0.0,0.02225383
0.0,0.062107757
0.0,0.062088996
0.0,0.05113697
0.0,0.04376276
0.0,0.100037366
0.0,0.035824593
0.0,0.033709984
0.0,0.031954467
0.0,0.115944125
0.0,0.07138587
0.0,0.028650861
0.0,0.020956041
0.0,0.022200711
0.0,0.05408308
0.0,0.07533839
1.0,0.066897705
0.0,0.05203046
0.0,0.03219417
0.0,0.018248288
0.0,0.03794732
0.0,0.03054983
0.0,0.031802654
0.0,0.07135682
0.0,0.027031599
0.0,0.025381949
0.0,0.064928785
0.0,0.07796316
0.0,0.06513873
1.0,0.07795899
0.0,0.020031694
0.0,0.071265504
0.0,0.052759126
0.0,0.025931012
0.0,0.09901379
0.0,0.030091045
0.0,0.045687247
0.0,0.02089636
0.0,0.028135356
0.0,0.040544365
0.0,0.04158816
0.0,0.048025593
0.0,0.04391553
0.0,0.024837902
0.0,0.013351044
0.0,0.07418077
0.0,0.07742475
0.0,0.030434819
0.0,0.014245868
0.0,0.0830259
0.0,0.0489189
0.0,0.015566021
0.0,0.0415838
0.0,0.045063622
0.0,0.012509331
0.0,0.027904665
0.0,0.14034162
1.0,0.086673036
0.0,0.021712506
0.0,0.06276381
0.0,0.05182571
0.0,0.043004192
0.0,0.02539219
0.0,0.017089417
0.0,0.08113336
0.0,0.04747545
0.0,0.07457102
0.0,0.020677172
0.0,0.06904881
0.0,0.04279058
0.0,0.03550796
0.0,0.026661133
0.0,0.03201836
0.0,0.036051758
0.0,0.036185354
0.0,0.049976163
0.0,0.06421177
0.0,0.071910016
0.0,0.09590222
0.0,0.045176987
0.0,0.035134383
0.0,0.05649103
0.0,0.026372759
0.0,0.0772466
0.0,0.03795362
0.0,0.029077966
0.0,0.049699947
0.0,0.077626035
0.0,0.048820652
0.0,0.026067931
0.0,0.04360599
0.0,0.05053453
0.0,0.069462426
0.0,0.019693224
0.0,0.030647922
0.0,0.08503656
0.0,0.05074582
0.0,0.09698208
0.0,0.06846245
0.0,0.019064069
0.0,0.1037063
0.0,0.054455377
0.0,0.14129503
0.0,0.085950986
0.0,0.055715524
0.0,0.013564047
0.0,0.012874789
0.0,0.04813589
0.0,0.058722723
0.0,0.039505433
0.0,0.027523194
0.0,0.060725905
0.0,0.04036535
0.0,0.07488479
0.0,0.056271408
0.0,0.05801949
0.0,0.053487282
0.0,0.04040982
0.0,0.026253149
0.0,0.068989865
0.0,0.038357303
0.0,0.13364525
0.0,0.037949383
0.0,0.043395516
0.0,0.05816783
0.0,0.035421662
1.0,0.057237793
0.0,0.050198156
0.0,0.033571307
0.0,0.034288548
0.0,0.020706268
0.0,0.070025824
0.0,0.10694004
0.0,0.035688672
0.0,0.060197588
0.0,0.029850384
0.0,0.055553567
0.0,0.078891754
0.0,0.026964385
0.0,0.060324337
0.0,0.06721966
0.0,0.06438226
0.0,0.067210525
0.0,0.014849242
0.0,0.04711983
0.0,0.07297554
0.0,0.07124724
0.0,0.060907472
0.0,0.08982405
0.0,0.034413394
0.0,0.068680145
0.0,0.03132352
0.0,0.021013187
0.0,0.045268074
0.0,0.03329268
0.0,0.092001885
0.0,0.2117064
0.0,0.25499642
0.0,0.044649232
0.0,0.050439246
0.0,0.06115991
0.0,0.084810965
0.0,0.045106534
0.0,0.048778348
0.0,0.069797136
0.0,0.05692709
0.0,0.060124982
0.0,0.030902248
0.0,0.01685308
0.0,0.059080318
0.0,0.024761591
0.0,0.034545004
0.0,0.05956056
0.0,0.10935386
0.0,0.037561346
0.0,0.03793641
0.0,0.04075953
0.0,0.07849683
0.0,0.021524686
0.0,0.092837185
0.0,0.07000571
0.0,0.039015684
0.0,0.05658161
0.0,0.04684365
0.0,0.05105625
1.0,0.027702458
0.0,0.088044845
0.0,0.03422112
0.0,0.05365409
0.0,0.108029716
0.0,0.080308475
0.0,0.08937009
0.0,0.054125827
0.0,0.040247533
0.0,0.03892717
0.0,0.081216276
0.0,0.020528473
0.0,0.018457733
0.0,0.055759456
0.0,0.072633
0.0,0.2485765
0.0,0.089507736
0.0,0.012783499
0.0,0.031379204
0.0,0.08894616
0.0,0.07696034
1.0,0.047396485
0.0,0.025720224
0.0,0.059629414
0.0,0.052714467
1.0,0.071598336
0.0,0.057938017
0.0,0.13987878
0.0,0.10014869
0.0,0.23799372
0.0,0.06339855
0.0,0.20018263
0.0,0.050209984
0.0,0.021305842
0.0,0.032170124
0.0,0.07425846
0.0,0.05251606
0.0,0.028730484
0.0,0.027002316
0.0,0.058854222
0.0,0.046995454
0.0,0.039050043
0.0,0.052360136
0.0,0.05522548
0.0,0.03051627
0.0,0.08092651
0.0,0.10572964
0.0,0.06874063
0.0,0.03894325
0.0,0.05275339
0.0,0.06507415
0.0,0.042389147
0.0,0.065802276
0.0,0.041677
0.0,0.075014964
0.0,0.058566935
0.0,0.03752828
0.0,0.018887635
0.0,0.027763236
0.0,0.078676715
0.0,0.031411827
0.0,0.020757219
0.0,0.050205246
0.0,0.04190533
0.0,0.026247215
0.0,0.06699116
0.0,0.028291386
0.0,0.04472524
0.0,0.011792075
0.0,0.039287053
0.0,0.08560491
0.0,0.058156375
0.0,0.07274707
0.0,0.05669108
0.0,0.060151048
0.0,0.042774566
0.0,0.05088881
0.0,0.017452387
1.0,0.05291309
0.0,0.034203243
0.0,0.05144869
0.0,0.022348046
0.0,0.04703316
0.0,0.037988454
0.0,0.035955273
1.0,0.04673317
0.0,0.023870561
0.0,0.10608898
0.0,0.050383285
0.0,0.06532396
0.0,0.05926598
1.0,0.034470923
0.0,0.08846891
0.0,0.03233172
0.0,0.063611165
0.0,0.052400947
0.0,0.03846876
0.0,0.05398007
0.0,0.07522166
0.0,0.10531498
0.0,0.011427341
0.0,0.07820623
0.0,0.058544904
0.0,0.06083853
0.0,0.058133475
0.0,0.045140184
0.0,0.03849825
1.0,0.069946714
0.0,0.102213785
0.0,0.12979119
0.0,0.019200603
0.0,0.0219214
0.0,0.08573441
0.0,0.03366547
0.0,0.0226693
0.0,0.0842513
0.0,0.04300243
0.0,0.042327926
0.0,0.06543582
0.0,0.07115505
0.0,0.05945948
0.0,0.025995899
0.0,0.03348467
0.0,0.06992834
0.0,0.03137213
0.0,0.016117547
0.0,0.016896715
0.0,0.06424209
0.0,0.06874653
0.0,0.031281635
0.0,0.060596
0.0,0.01860688
0.0,0.065753065
0.0,0.03722869
0.0,0.04865516
0.0,0.041089926
0.0,0.13393936
0.0,0.040791515
0.0,0.06551174
0.0,0.0734168
0.0,0.035227217
0.0,0.076651014
0.0,0.070351906
0.0,0.08692941
0.0,0.025839662
1.0,0.043313548
0.0,0.020783216
0.0,0.085326284
0.0,0.018317342
0.0,0.022667691
0.0,0.039257035
0.0,0.034802116
0.0,0.051337656
0.0,0.08946422
0.0,0.02645609
0.0,0.079468206
0.0,0.047365263
0.0,0.040278368
0.0,0.023526303
0.0,0.040539414
0.0,0.048760466
0.0,0.3277297
0.0,0.06924258
0.0,0.043762386
0.0,0.08407193
0.0,0.060194634
0.0,0.047889736
0.0,0.086152665
0.0,0.030180326
0.0,0.041433886
0.0,0.03666212
0.0,0.02816412
0.0,0.043285757
0.0,0.0721237
0.0,0.021421168
1.0,0.054366436
0.0,0.051912423
0.0,0.055456698
0.0,0.055521816
0.0,0.05432591
0.0,0.068762146
0.0,0.07818182
0.0,0.036924902
0.0,0.03375779
0.0,0.042511247
0.0,0.018388815
0.0,0.061167713
0.0,0.021142902
0.0,0.04282132
0.0,0.06859063
1.0,0.08949512
0.0,0.06164324
0.0,0.018084992
0.0,0.07069249
0.0,0.031044358
0.0,0.044719502
0.0,0.0308091
1.0,0.025931668
0.0,0.018408976
0.0,0.036213197
0.0,0.047713768
1.0,0.093524426
0.0,0.06513947
0.0,0.050123267
0.0,0.03148801
0.0,0.052834705
0.0,0.10758962
0.0,0.22593279
0.0,0.07590315
0.0,0.067693844
0.0,0.05942309
0.0,0.06436434
0.0,0.14187445
0.0,0.07976022
0.0,0.05126664
0.0,0.024319034
0.0,0.017511215
0.0,0.01417011
0.0,0.051278424
0.0,0.016890304
1.0,0.052607793
0.0,0.1900734
0.0,0.036065545
0.0,0.0362654
0.0,0.04018697
0.0,0.044921212
0.0,0.008472281
0.0,0.042604513
0.0,0.17462863
0.0,0.05278031
0.0,0.083051205
0.0,0.065099776
0.0,0.030415742
0.0,0.042721793
0.0,0.040285684
0.0,0.03287702
0.0,0.030982971
0.0,0.03940572
0.0,0.016409533
0.0,0.014530638
0.0,0.02579543
0.0,0.017605472
0.0,0.032008283
0.0,0.0074704965
0.0,0.076806694
0.0,0.040799607
0.0,0.040800035
0.0,0.071491264
0.0,0.061514687
0.0,0.037442196
0.0,0.023224689
0.0,0.038802024
0.0,0.027619231
0.0,0.0745618
0.0,0.057448585
0.0,0.110965766
1.0,0.06505948
0.0,0.029293664
0.0,0.09843854
0.0,0.038599107
0.0,0.06698976
0.0,0.08566294
0.0,0.088825285
0.0,0.030902632
1.0,0.07968544
0.0,0.025864353
0.0,0.033902004
0.0,0.09609718
0.0,0.038969256
0.0,0.027836993
0.0,0.031621743
0.0,0.04365101
0.0,0.03178924
0.0,0.05722494
0.0,0.031493716
0.0,0.05596827
0.0,0.036273476
0.0,0.041549094
0.0,0.055647604
0.0,0.042153455
0.0,0.11391288
0.0,0.041990757
0.0,0.059948266
0.0,0.01739837
0.0,0.051714107
0.0,0.033597827
0.0,0.012703514
0.0,0.10362454
0.0,0.08042194
0.0,0.057283226
0.0,0.041148707
0.0,0.04336649
0.0,0.018884195
0.0,0.043186262
0.0,0.029538892
0.0,0.08235862
0.0,0.0742294
0.0,0.015608498
0.0,0.042294838
0.0,0.03893538
0.0,0.05364956
1.0,0.08091608
0.0,0.051743753
0.0,0.045759153
0.0,0.06375684
0.0,0.048125703
0.0,0.07328837
0.0,0.02646727
0.0,0.082353435
0.0,0.0774249
0.0,0.020387297
0.0,0.026478643
0.0,0.03242703
0.0,0.07126027
0.0,0.041034713
0.0,0.044941306
0.0,0.071085
0.0,0.050932385
0.0,0.020628069
0.0,0.068358324
0.0,0.051169463
0.0,0.071030214
0.0,0.042939503
0.0,0.041132014
0.0,0.031158462
0.0,0.10332273
0.0,0.062085725
0.0,0.090203606
0.0,0.05511591
0.0,0.09458309
0.0,0.074585475
0.0,0.04932804
0.0,0.05712844
0.0,0.057681546
0.0,0.060120482
0.0,0.05907284
0.0,0.07049782
0.0,0.023458587
0.0,0.0394547
0.0,0.025235634
0.0,0.041274734
0.0,0.15187684
0.0,0.021101033
0.0,0.03984299
0.0,0.07836356
0.0,0.06247238
0.0,0.062088005
0.0,0.04675256
0.0,0.014723487
0.0,0.028659347
0.0,0.025450315
0.0,0.014057559
0.0,0.026934264
0.0,0.041163407
0.0,0.14659274
0.0,0.054778706
1.0,0.009550756
0.0,0.053839743
0.0,0.02324931
0.0,0.040590018
1.0,0.049917407
0.0,0.19118395
0.0,0.009650775
0.0,0.06273564
0.0,0.06328062
1.0,0.1368962
0.0,0.031911634
0.0,0.020621412
0.0,0.07592946
0.0,0.058641296
0.0,0.023341484
0.0,0.03624861
0.0,0.032221187
0.0,0.047838267
0.0,0.02074568
0.0,0.02891382
0.0,0.2046616
0.0,0.043180145
0.0,0.020758178
0.0,0.062374778
0.0,0.06078958
0.0,0.04314207
0.0,0.02846527
0.0,0.07882599
0.0,0.025565486
0.0,0.03580683
0.0,0.052390628
0.0,0.039044995
0.0,0.062202316
0.0,0.050799396
0.0,0.06049247
0.0,0.05867654
0.0,0.017022857
0.0,0.061384853
0.0,0.038293466
0.0,0.028209602
0.0,0.038676746
0.0,0.07393768
0.0,0.045189522
0.0,0.06826679
0.0,0.038452655
0.0,0.10371105
0.0,0.057748117
0.0,0.024166122
0.0,0.07676876
0.0,0.061276294
0.0,0.0749547
0.0,0.0463273
0.0,0.03229727
0.0,0.060106236
0.0,0.030300327
0.0,0.05846428
0.0,0.06962256
0.0,0.032651328
0.0,0.10364006
0.0,0.03680075
0.0,0.078971885
0.0,0.036265604
0.0,0.057460804
1.0,0.070066504
0.0,0.15639894
0.0,0.07050807
0.0,0.074800774
0.0,0.01210886
0.0,0.026496716
0.0,0.05153807
0.0,0.04857289
0.0,0.07250671
0.0,0.024156788
0.0,0.030385444
0.0,0.01905667
0.0,0.040755272
0.0,0.06776782
0.0,0.07189637
0.0,0.099925876
0.0,0.022233965
0.0,0.03556627
0.0,0.045363124
0.0,0.08517003
0.0,0.04787599
0.0,0.059773546
0.0,0.032304585
0.0,0.037197582
0.0,0.15656641
0.0,0.058391374
0.0,0.023870539
0.0,0.055185154
0.0,0.010659527
0.0,0.036987018
0.0,0.06398471
0.0,0.05301775
0.0,0.01856937
0.0,0.017642565
0.0,0.04108642
0.0,0.047225215
0.0,0.026737152
0.0,0.009383747
0.0,0.028287297
0.0,0.07260727
0.0,0.029639985
0.0,0.031461593
0.0,0.07052684
0.0,0.035327643
0.0,0.04231939
0.0,0.032811068
0.0,0.09225144
0.0,0.048456207
0.0,0.047720663
0.0,0.05642768
0.0,0.06425266
0.0,0.0668449
0.0,0.08031123
0.0,0.020288661
0.0,0.045879737
0.0,0.044451457
0.0,0.03618561
0.0,0.013668736
0.0,0.028165154
0.0,0.07066054
0.0,0.010115136
0.0,0.017001538
0.0,0.040260047
0.0,0.07000876
0.0,0.06521055
0.0,0.04199222
0.0,0.013963655
0.0,0.028113805
0.0,0.043062694
0.0,0.05419659
0.0,0.1369478
0.0,0.023341227
0.0,0.07326591
0.0,0.012842225
0.0,0.011226213
0.0,0.054364856
0.0,0.075088136
0.0,0.07027513
0.0,0.038136918
1.0,0.040290948
0.0,0.0328887
0.0,0.05517118
0.0,0.019884255
0.0,0.059034616
0.0,0.06517247
0.0,0.047616854
0.0,0.058396816
0.0,0.017402552
0.0,0.04208433
0.0,0.059305713
0.0,0.03505038
0.0,0.05478262
1.0,0.042216036
0.0,0.100820065
0.0,0.059294984
1.0,0.066276394
0.0,0.0705495
0.0,0.03648311
0.0,0.020162465
0.0,0.018325012
0.0,0.057725403
0.0,0.046366684
0.0,0.042308472
0.0,0.044265892
0.0,0.023533776
0.0,0.068710774
0.0,0.02042625
0.0,0.0124429455
0.0,0.058530334
0.0,0.06834968
0.0,0.02092847
0.0,0.06998403
0.0,0.08721314
0.0,0.030353397
0.0,0.07482575
0.0,0.026954435
0.0,0.02236614
1.0,0.0333014
0.0,0.054061316
0.0,0.04951898
1.0,0.15625772
0.0,0.051962774
0.0,0.023422696
0.0,0.05363787
0.0,0.08407584
0.0,0.033618324
0.0,0.04053872
0.0,0.100573696
0.0,0.027095297
0.0,0.045845203
0.0,0.072611496
0.0,0.06290993
0.0,0.057969823
0.0,0.07367998
0.0,0.077007145
0.0,0.0110679455
0.0,0.049948763
0.0,0.0143378405
0.0,0.09151983
0.0,0.05442817
0.0,0.04808691
0.0,0.03464897
0.0,0.03543048
0.0,0.04268909
0.0,0.04116814
0.0,0.036724042
0.0,0.04049722
0.0,0.059248544
0.0,0.071886756
0.0,0.07084252
0.0,0.07624666
0.0,0.04626948
0.0,0.039945427
0.0,0.037735447
0.0,0.036846615
0.0,0.061561666
0.0,0.035940208
0.0,0.06129377
0.0,0.07038765
0.0,0.05372759
0.0,0.12392479
0.0,0.036732167
0.0,0.06916038
0.0,0.013008781
0.0,0.038695157
0.0,0.054904018
0.0,0.05176377
0.0,0.092423424
0.0,0.045175005
0.0,0.038760953
0.0,0.05461926
0.0,0.061343975
1.0,0.08861594
0.0,0.056764398
0.0,0.08962843
0.0,0.05110119
0.0,0.03174914
0.0,0.034131296
0.0,0.025759809
0.0,0.056887526
0.0,0.04895173
0.0,0.065011196
0.0,0.0594761
1.0,0.043420456
0.0,0.03757509
0.0,0.015156688
0.0,0.06264568
0.0,0.022628943
0.0,0.02763359
1.0,0.1200129
0.0,0.06017506
0.0,0.04304935
0.0,0.025331192
0.0,0.053479683
0.0,0.04005485
0.0,0.040731687
0.0,0.016290663
0.0,0.027112706
0.0,0.019208496
0.0,0.01695092
0.0,0.050863966
1.0,0.070212126
0.0,0.059908256
0.0,0.045946226
0.0,0.08437862
0.0,0.04147263
0.0,0.026949398
0.0,0.06703187
0.0,0.029188922
0.0,0.064598106
0.0,0.030654427
0.0,0.022406489
0.0,0.023923993
0.0,0.021541473
0.0,0.030234743
0.0,0.032655798
1.0,0.04193833
0.0,0.06060386
0.0,0.06167655
0.0,0.021371808
0.0,0.016739206
0.0,0.021506794
0.0,0.02411754
0.0,0.046128802
0.0,0.047371313
0.0,0.05570867
0.0,0.07242636
0.0,0.028154748
0.0,0.054133285
0.0,0.007842191
0.0,0.044863544
0.0,0.050103962
0.0,0.027280347
0.0,0.019968228
0.0,0.0576256
0.0,0.023082664
0.0,0.050621185
0.0,0.057156734
0.0,0.04489804
0.0,0.051990435
0.0,0.05395336
0.0,0.04655155
1.0,0.04171386
0.0,0.070100024
0.0,0.03670032
0.0,0.020025335
0.0,0.04588498
0.0,0.0320217
0.0,0.026688773
0.0,0.060632072
0.0,0.06580209
0.0,0.05700521
0.0,0.047403198
0.0,0.06759315
0.0,0.065263554
0.0,0.0793797
0.0,0.057004273
0.0,0.0396423
0.0,0.02209273
0.0,0.013416951
0.0,0.029443057
0.0,0.046136238
0.0,0.059122507
0.0,0.07484192
0.0,0.0152815
0.0,0.04441055
0.0,0.2521903
0.0,0.048807085
0.0,0.044403896
0.0,0.020996861
0.0,0.033144422
0.0,0.06549706
0.0,0.074969925
0.0,0.066294424
1.0,0.053511288
0.0,0.039415117
0.0,0.062031336
0.0,0.028001849
0.0,0.021777041
0.0,0.030171331
0.0,0.05008165
0.0,0.048397716
0.0,0.015838444
0.0,0.07820365
0.0,0.045728743
0.0,0.08701019
0.0,0.0409491
0.0,0.032199193
0.0,0.085544035
0.0,0.05788414
1.0,0.07754649
0.0,0.026490185
0.0,0.0986262
0.0,0.0835348
0.0,0.06295287
0.0,0.04785141
0.0,0.054995567
1.0,0.030148495
0.0,0.092296675
0.0,0.046661958
0.0,0.070912376
0.0,0.03712909
1.0,0.06483894
0.0,0.1392032
0.0,0.04780885
0.0,0.061853025
0.0,0.025572522
0.0,0.035731427
0.0,0.04640205
0.0,0.12238966
0.0,0.024972893
0.0,0.08751279
0.0,0.0276615
0.0,0.061072454
0.0,0.021284781
0.0,0.02682258
0.0,0.05348953
0.0,0.04701345
0.0,0.048002288
0.0,0.06483189
0.0,0.018480824
0.0,0.054048866
0.0,0.022434628
0.0,0.099525526
1.0,0.048193745
0.0,0.08308844
0.0,0.073400766
0.0,0.04892725
0.0,0.02017362
0.0,0.02829191
0.0,0.06724749
0.0,0.0769668
0.0,0.01183803
0.0,0.044473656
0.0,0.06320872
0.0,0.02043681
0.0,0.04814053
0.0,0.047945395
0.0,0.029254243
0.0,0.07069522
0.0,0.03919903
0.0,0.03308631
0.0,0.01976816
0.0,0.02632366
0.0,0.15665485
0.0,0.067104526
0.0,0.06025086
0.0,0.042010047
0.0,0.06956443
0.0,0.252218
0.0,0.038588487
0.0,0.048953876
0.0,0.09980578
0.0,0.045847543
0.0,0.05289437
0.0,0.043646038
0.0,0.039916087
1.0,0.06552611
0.0,0.018664356
0.0,0.07016519
0.0,0.07231384
0.0,0.066088274
0.0,0.05002585
0.0,0.033307448
0.0,0.081954375
0.0,0.046041142
0.0,0.048120286
0.0,0.033860017
0.0,0.034030035
0.0,0.052602578
0.0,0.056596424
0.0,0.024173485
0.0,0.024529973
0.0,0.048255306
0.0,0.017504377
0.0,0.041330844
0.0,0.16081935
0.0,0.07209571
0.0,0.04955328
0.0,0.03723584
0.0,0.034046624
0.0,0.03593212
0.0,0.031499542
0.0,0.041407004
0.0,0.038838103
0.0,0.029749239
0.0,0.08250478
0.0,0.056124453
0.0,0.034078166
0.0,0.021835666
0.0,0.07526443
0.0,0.018787704
0.0,0.02018485
0.0,0.042901725
0.0,0.027301911
0.0,0.074798495
0.0,0.057533816
0.0,0.054805692
0.0,0.03325646
2.0,0.043163862
0.0,0.040330775
0.0,0.11018321
0.0,0.025545832
0.0,0.01227543
0.0,0.016069876
0.0,0.01699546
0.0,0.027685054
0.0,0.054897577
0.0,0.052853905
0.0,0.03346196
0.0,0.04694815
0.0,0.09573586
0.0,0.057203468
0.0,0.030493302
0.0,0.051410582
0.0,0.03895092
0.0,0.052532792
0.0,0.024672054
0.0,0.036913283
0.0,0.0076070395
0.0,0.030676916
0.0,0.07068487
0.0,0.018031424
0.0,0.03923338
0.0,0.17856413
0.0,0.023679288
0.0,0.08701862
0.0,0.030185448
0.0,0.049633726
0.0,0.044281304
1.0,0.10346146
0.0,0.02211807
0.0,0.026627466
0.0,0.115802735
1.0,0.054577686
0.0,0.022530876
0.0,0.03074504
0.0,0.061216615
0.0,0.095120385
0.0,0.027577002
0.0,0.08770197
0.0,0.06856401
0.0,0.020746106
0.0,0.061650675
0.0,0.02107695
0.0,0.07477282
0.0,0.021692894
0.0,0.050889805
0.0,0.072587125
0.0,0.071138814
0.0,0.06806612
0.0,0.080584936
0.0,0.073441565
0.0,0.04317757
0.0,0.060972825
0.0,0.034003254
0.0,0.09224051
0.0,0.032494314
0.0,0.06572101
0.0,0.022309665
0.0,0.014826375
0.0,0.019210933
0.0,0.016323438
0.0,0.08511995
0.0,0.05149717
0.0,0.038713206
0.0,0.05446888
0.0,0.037685458
0.0,0.017747276
1.0,0.051684275
0.0,0.046388995
0.0,0.059105594
0.0,0.0117327785
0.0,0.13538209
0.0,0.025737634
0.0,0.064319655
0.0,0.019897997
0.0,0.07926347
0.0,0.0944843
0.0,0.024087235
0.0,0.06904367
0.0,0.039270006
0.0,0.06789009
0.0,0.021294529
0.0,0.032897137
0.0,0.055441283
0.0,0.012771448
0.0,0.085727096
0.0,0.026544102
0.0,0.03241794
0.0,0.05111798
0.0,0.042823732
1.0,0.1649307
0.0,0.05405727
0.0,0.05715014
0.0,0.026034018
1.0,0.08038602
1.0,0.029669568
0.0,0.03187094
0.0,0.058647756
0.0,0.06408006
0.0,0.03762414
0.0,0.12163016
0.0,0.08141755
0.0,0.044851415
0.0,0.0627433
0.0,0.04063109
0.0,0.019962173
0.0,0.024925996
0.0,0.06806098
0.0,0.0127595775
0.0,0.040576372
0.0,0.07175638
0.0,0.028541707
0.0,0.06015687
0.0,0.04675847
0.0,0.034408733
0.0,0.068423055
0.0,0.036744833
0.0,0.056539293
0.0,0.024691861
1.0,0.031706385
0.0,0.05704668
0.0,0.07056976
0.0,0.070937805
0.0,0.078632504
0.0,0.060229547
0.0,0.03846665
0.0,0.08348932
0.0,0.039002124
0.0,0.039152384
0.0,0.09756465
0.0,0.034705933
0.0,0.017569084
0.0,0.05279592
0.0,0.05515303
0.0,0.029655395
1.0,0.07897292
0.0,0.26551482
0.0,0.07857088
0.0,0.05728297
0.0,0.028714815
0.0,0.021420382
0.0,0.071988136
0.0,0.060921486
0.0,0.06057719
0.0,0.021270102
0.0,0.061594844
0.0,0.012184515
0.0,0.04584481
0.0,0.022613399
0.0,0.029446146
0.0,0.040255267
0.0,0.04890073
0.0,0.039035466
0.0,0.046738252
0.0,0.03729658
0.0,0.035064373
0.0,0.074201815
0.0,0.05303373
0.0,0.05451604
0.0,0.03366335
0.0,0.039666258
0.0,0.04133512
0.0,0.058732525
0.0,0.019755194
0.0,0.054204345
0.0,0.05675
0.0,0.07234538
0.0,0.02701602
0.0,0.058543216
0.0,0.028011264
0.0,0.031641968
0.0,0.01779462
0.0,0.01898347
0.0,0.06466822
0.0,0.097572334
0.0,0.02076605
0.0,0.082814604
0.0,0.067644104
0.0,0.07284569
0.0,0.009594013
0.0,0.08355145
1.0,0.035199426
0.0,0.03508419
0.0,0.035829052
0.0,0.025821371
0.0,0.1699321
0.0,0.08246704
0.0,0.034442913
0.0,0.021811575
0.0,0.017647866
0.0,0.05183735
0.0,0.046719868
0.0,0.06010668
0.0,0.0708999
0.0,0.050263762
0.0,0.047355212
0.0,0.07372165
0.0,0.056376204
0.0,0.08900242
0.0,0.06535293
0.0,0.06650921
0.0,0.070256904
0.0,0.1368206
0.0,0.03990642
0.0,0.050745092
0.0,0.041485902
0.0,0.023280837
0.0,0.08683839
0.0,0.035002697
0.0,0.058570903
0.0,0.099442944
0.0,0.054508347
0.0,0.046463843
0.0,0.065008
0.0,0.016378842
0.0,0.07942264
0.0,0.04507252
0.0,0.05536422
0.0,0.020694748
0.0,0.037404083
0.0,0.063101724
0.0,0.060850196
0.0,0.056943785
0.0,0.05664586
0.0,0.047334716
0.0,0.05004806
0.0,0.09156942
0.0,0.03330132
0.0,0.049433105
0.0,0.040122982
0.0,0.013119141
0.0,0.021924922
0.0,0.11532041
0.0,0.06715418
0.0,0.03104809
0.0,0.014166084
1.0,0.039206542
0.0,0.06879778
0.0,0.034262218
0.0,0.0448595
0.0,0.070009395
0.0,0.09322629
0.0,0.05062507
0.0,0.09910708
0.0,0.08269973
0.0,0.025008632
0.0,0.0303006
0.0,0.018441519
0.0,0.047362663
0.0,0.056994747
0.0,0.08617785
0.0,0.052726835
0.0,0.04648567
0.0,0.05508483
0.0,0.031152193
0.0,0.04417128
0.0,0.050230864
0.0,0.039869234
0.0,0.030470235
0.0,0.026291069
0.0,0.063998744
0.0,0.077956595
0.0,0.08012995
0.0,0.053738482
0.0,0.055622775
0.0,0.023752637
0.0,0.015142999
0.0,0.0480381
0.0,0.022338033
0.0,0.02059158
1.0,0.055900287
0.0,0.0032222646
0.0,0.08423029
0.0,0.025689203
1.0,0.031125244
0.0,0.046395764
0.0,0.021975884
0.0,0.021767449
0.0,0.08141771
0.0,0.039065685
0.0,0.07822966
0.0,0.05167198
0.0,0.052485168
0.0,0.024597956
0.0,0.043087386
0.0,0.021862159
0.0,0.020181548
0.0,0.07018344
0.0,0.11720357
1.0,0.07839054
0.0,0.055711564
0.0,0.0244258
0.0,0.11996784
0.0,0.118713416
0.0,0.037688673
0.0,0.023961006
0.0,0.08388126
0.0,0.067952536
0.0,0.04825627
0.0,0.048389617
0.0,0.05249696
0.0,0.048256386
0.0,0.14169694
0.0,0.12873273
0.0,0.058194783
0.0,0.0128344875
0.0,0.061413337
0.0,0.02735436
0.0,0.054861177
0.0,0.11012076
0.0,0.033600938
0.0,0.016811935
0.0,0.05352637
0.0,0.07452153
0.0,0.022563744
0.0,0.053661842
0.0,0.04317928
0.0,0.03780246
0.0,0.3196425
0.0,0.03838826
0.0,0.010168734
0.0,0.046981424
0.0,0.026628304
0.0,0.037099607
0.0,0.06151102
0.0,0.07216673
0.0,0.032290537
0.0,0.041700535
0.0,0.03869377
0.0,0.040737826
0.0,0.021437293
0.0,0.0599326
0.0,0.038664743
0.0,0.0675397
0.0,0.053004604
1.0,0.08292256
0.0,0.03227439
0.0,0.038526915
1.0,0.0643256
0.0,0.0647198
0.0,0.047594152
0.0,0.09264736
0.0,0.019646252
0.0,0.03193704
0.0,0.10528723
0.0,0.016276198
0.0,0.074843094
0.0,0.022116836
0.0,0.008386434
0.0,0.082392484
0.0,0.03804599
0.0,0.038056627
0.0,0.079165205
0.0,0.068268985
0.0,0.025532436
0.0,0.05348917
0.0,0.19367903
0.0,0.04040982
0.0,0.040761083
0.0,0.06319146
0.0,0.07336794
0.0,0.07817296
0.0,0.035306152
1.0,0.057277862
1.0,0.1082229
0.0,0.032477185
0.0,0.04888215
0.0,0.04896716
0.0,0.04983279
0.0,0.05706371
0.0,0.02625723
0.0,0.025005912
0.0,0.03671301
0.0,0.07837148
1.0,0.06663987
0.0,0.023284458
0.0,0.06977057
0.0,0.057586335
0.0,0.0759906
0.0,0.053429265
0.0,0.08734183
0.0,0.08791417
0.0,0.015248164
0.0,0.062259097
0.0,0.083145194
0.0,0.03806962
0.0,0.016614875
0.0,0.06951726
0.0,0.034058493
0.0,0.054045077
0.0,0.043428946
0.0,0.028585073
0.0,0.05298305
0.0,0.062045462
0.0,0.013599648
0.0,0.06725442
0.0,0.051056713
0.0,0.026506018
0.0,0.039385077
0.0,0.09302026
0.0,0.042796806
0.0,0.0605898
0.0,0.015838444
0.0,0.06075591
0.0,0.07651772
0.0,0.05005171
0.0,0.04568483
0.0,0.043808024
0.0,0.072922945
0.0,0.022216838
0.0,0.075846635
0.0,0.06745894
0.0,0.015675493
0.0,0.061394118
0.0,0.07088905
0.0,0.061022587
0.0,0.07195116
0.0,0.0859431
0.0,0.08006424
0.0,0.021730477
0.0,0.054263357
0.0,0.061953828
0.0,0.055405263
0.0,0.031667948
0.0,0.03671091
1.0,0.073936336
0.0,0.033719677
0.0,0.12134318
0.0,0.023485158
0.0,0.017230392
0.0,0.06455694
0.0,0.041652422
0.0,0.055473756
0.0,0.038954504
0.0,0.06270441
0.0,0.07354165
1.0,0.013575804
0.0,0.009637145
0.0,0.08983287
1.0,0.09321816
0.0,0.15437153
0.0,0.04234666
1.0,0.02493824
0.0,0.051213425
0.0,0.047406703
0.0,0.02652387
0.0,0.06609976
0.0,0.039523523
0.0,0.033679683
0.0,0.011289659
0.0,0.014305757
0.0,0.021806095
0.0,0.095061004
0.0,0.018273268
0.0,0.12113157
0.0,0.024205944
0.0,0.017739357
0.0,0.068499215
0.0,0.063083135
0.0,0.11437912
0.0,0.050952815
0.0,0.023877539
0.0,0.028269902
0.0,0.046644386
0.0,0.048457455
0.0,0.06818855
0.0,0.068392605
0.0,0.015487393
0.0,0.06995407
0.0,0.057403896
0.0,0.06489635
0.0,0.095603615
0.0,0.10485281
0.0,0.046550088
0.0,0.06643089
0.0,0.06540868
0.0,0.023082774
0.0,0.0226595
0.0,0.082178876
0.0,0.027689107
0.0,0.13251789
0.0,0.04543441
0.0,0.05662185
0.0,0.06500909
0.0,0.029564073
0.0,0.023842067
1.0,0.08730344
0.0,0.07972959
0.0,0.024261966
0.0,0.047718365
0.0,0.08111375
0.0,0.16340674
0.0,0.054271713
0.0,0.05138921
0.0,0.03003627
0.0,0.091574416
0.0,0.08127316
0.0,0.06436109
0.0,0.022445863
0.0,0.061831485
0.0,0.026592761
0.0,0.026887864
0.0,0.053685796
0.0,0.053831704
0.0,0.08900115
0.0,0.039774843
0.0,0.07927723
0.0,0.040417045
1.0,0.03916704
0.0,0.060877737
0.0,0.056841727
0.0,0.032567564
0.0,0.051997077
0.0,0.014939525
0.0,0.05924312
0.0,0.033066865
0.0,0.06552302
0.0,0.05216212
0.0,0.053706307
0.0,0.043486264
0.0,0.018382283
0.0,0.030308548
0.0,0.030255469
0.0,0.047505565
0.0,0.06085539
0.0,0.02519479
0.0,0.018387832
0.0,0.05271846
0.0,0.042587716
0.0,0.051451564
0.0,0.06326496
0.0,0.032009643
0.0,0.021913728
0.0,0.080866165
1.0,0.037833497
0.0,0.06935577
0.0,0.056221068
0.0,0.025663283
0.0,0.029411176
0.0,0.1491645
0.0,0.09248287
0.0,0.035040118
0.0,0.02784038
0.0,0.1755243
0.0,0.014702797
0.0,0.01765125
1.0,0.076587334
0.0,0.026563069
0.0,0.061928473
0.0,0.057096235
0.0,0.025726726
0.0,0.07455532
0.0,0.066064924
0.0,0.062863074
1.0,0.06378805
0.0,0.046683528
0.0,0.04899561
0.0,0.061468404
0.0,0.02784087
0.0,0.07708951
0.0,0.0683845
0.0,0.07670959
0.0,0.038922977
0.0,0.04959434
0.0,0.12966162
0.0,0.031040613
0.0,0.041132428
0.0,0.06314503
0.0,0.037033096
0.0,0.09324392
1.0,0.03223145
0.0,0.032281548
0.0,0.061668653
0.0,0.044655025
0.0,0.08244896
0.0,0.06926634
0.0,0.12328042
0.0,0.0690992
0.0,0.25030768
0.0,0.08093614
0.0,0.019017717
0.0,0.018272024
0.0,0.032773275
0.0,0.06689099
0.0,0.025836667
1.0,0.13018528
0.0,0.061764136
0.0,0.056007408
0.0,0.03311016
0.0,0.017387705
1.0,0.05239655
0.0,0.076762244
0.0,0.059068996
0.0,0.029452521
0.0,0.021157747
0.0,0.04759554
0.0,0.04497091
1.0,0.09111194
1.0,0.02894849
0.0,0.033181503
0.0,0.065224916
0.0,0.06954591
0.0,0.014759456
0.0,0.030165102
0.0,0.05771387
0.0,0.011946452
0.0,0.08028676
0.0,0.03400199
0.0,0.051318906
0.0,0.035054725
0.0,0.051193353
0.0,0.015145114
1.0,0.0621527
0.0,0.05023446
0.0,0.033164896
0.0,0.012450857
0.0,0.04661866
0.0,0.0741404
0.0,0.042713195
0.0,0.06659508
0.0,0.01938983
0.0,0.07665674
0.0,0.029197274
0.0,0.037058905
0.0,0.01593297
0.0,0.079881124
0.0,0.032567423
0.0,0.017382855
0.0,0.030417887
0.0,0.019869488
0.0,0.023838531
0.0,0.06338722
1.0,0.04258741
0.0,0.0379984
0.0,0.038778573
0.0,0.022678144
0.0,0.030097116
0.0,0.06683133
0.0,0.013817539
0.0,0.05205277
0.0,0.06343721
0.0,0.016456502
0.0,0.04796225
0.0,0.068635
0.0,0.04130929
0.0,0.036228653
0.0,0.04645946
0.0,0.05295779
0.0,0.04863433
0.0,0.014639597
0.0,0.033121876
0.0,0.054826237
0.0,0.011788752
0.0,0.052637704
0.0,0.026692694
0.0,0.07307436
0.0,0.044283584
0.0,0.034687817
0.0,0.050177578
0.0,0.06138892
0.0,0.0947701
0.0,0.021272607
0.0,0.051864274
0.0,0.044801503
0.0,0.052132282
1.0,0.122197516
0.0,0.055064842
0.0,0.010876237
0.0,0.06347937
0.0,0.0664071
0.0,0.022428263
0.0,0.021200497
0.0,0.032613374
0.0,0.02176314
0.0,0.049392156
1.0,0.0642385
0.0,0.058439087
0.0,0.05908105
0.0,0.03438241
0.0,0.040526137
0.0,0.013325006
1.0,0.034591287
0.0,0.08924627
0.0,0.013008707
0.0,0.01813877
0.0,0.04867628
0.0,0.048267916
0.0,0.068564735
0.0,0.01683711
0.0,0.05534007
0.0,0.035054408
0.0,0.08241607
0.0,0.07609166
0.0,0.022930965
0.0,0.04628654
0.0,0.017784355
0.0,0.07914133
0.0,0.08562474
0.0,0.030748866
0.0,0.058480233
0.0,0.021659449
0.0,0.029042825
0.0,0.09169145
0.0,0.072366044
0.0,0.025876306
0.0,0.051039554
0.0,0.08087536
0.0,0.0897675
0.0,0.046775084
0.0,0.02500472
0.0,0.03029365
0.0,0.03203922
0.0,0.06531517
0.0,0.060363702
0.0,0.07539282
0.0,0.038292862
0.0,0.015652
0.0,0.03409346
0.0,0.08717352
1.0,0.081710316
0.0,0.038959984
0.0,0.06263511
0.0,0.023572018
0.0,0.05065016
0.0,0.08039625
0.0,0.06337707
0.0,0.07141697
0.0,0.06958051
0.0,0.056936726
0.0,0.034308124
0.0,0.07289856
1.0,0.042413287
0.0,0.09130442
0.0,0.10489014
0.0,0.01882464
0.0,0.065712884
0.0,0.06415694
0.0,0.05128427
0.0,0.04830273
0.0,0.06252189
0.0,0.04724055
0.0,0.023405895
0.0,0.03702372
0.0,0.06040721
0.0,0.024641063
0.0,0.07574291
0.0,0.022573095
0.0,0.13914841
0.0,0.03896844
0.0,0.07896884
0.0,0.01920585
0.0,0.06377027
0.0,0.031271406
0.0,0.042927876
0.0,0.032517847
1.0,0.09076507
0.0,0.042543083
0.0,0.08210475
0.0,0.040598027
0.0,0.06185816
0.0,0.06546752
0.0,0.07655156
0.0,0.030905476
0.0,0.034714773
0.0,0.03153322
0.0,0.03440998
0.0,0.019075517
0.0,0.062233586
0.0,0.012350871
0.0,0.042316463
0.0,0.071283095
0.0,0.013441547
0.0,0.080372944
0.0,0.0526231
0.0,0.025507307
1.0,0.10589233
0.0,0.011134038
0.0,0.16393244
0.0,0.07147785
0.0,0.0076388232
0.0,0.05209692
1.0,0.03727743
0.0,0.031333275
0.0,0.043354645
0.0,0.056089405
0.0,0.01869414
0.0,0.034227144
0.0,0.06699276
0.0,0.059958726
0.0,0.025632013
0.0,0.072850205
0.0,0.018681701
0.0,0.120880626
0.0,0.023070108
0.0,0.1564216
0.0,0.0127225425
0.0,0.051620364
0.0,0.05068229
0.0,0.011695199
0.0,0.04303205
0.0,0.015583763
0.0,0.014963323
0.0,0.023945827
0.0,0.051016096
0.0,0.03373703
0.0,0.06571097
0.0,0.01619179
0.0,0.022400975
0.0,0.03384076
0.0,0.06127086
0.0,0.060025092
0.0,0.09347878
0.0,0.071028076
1.0,0.051353764
0.0,0.06374671
0.0,0.03208914
0.0,0.054418933
0.0,0.067735724
0.0,0.08330481
0.0,0.07279494
0.0,0.042338707
0.0,0.06489828
0.0,0.027768666
0.0,0.08957724
0.0,0.07121426
0.0,0.1822738
0.0,0.022497274
0.0,0.10555892
0.0,0.0789386
0.0,0.018522173
1.0,0.058573805
0.0,0.054312877
0.0,0.011470562
0.0,0.055123083
0.0,0.011919669
1.0,0.047607906
0.0,0.078704804
0.0,0.03659423
0.0,0.22228135
0.0,0.04463401
0.0,0.06275781
0.0,0.028449364
0.0,0.057406373
0.0,0.016465748
0.0,0.06944437
0.0,0.06535683
0.0,0.123159975
0.0,0.055014033
0.0,0.04971559
0.0,0.044100843
0.0,0.032493263
0.0,0.06617477
0.0,0.04918669
0.0,0.11313894
0.0,0.059649035
0.0,0.03835229
0.0,0.048712455
0.0,0.026020007
1.0,0.03752828
0.0,0.033237893
0.0,0.047554746
0.0,0.03210567
0.0,0.109097406
0.0,0.019206114
0.0,0.021711305
0.0,0.025488084
0.0,0.019280605
0.0,0.020968337
0.0,0.086386956
0.0,0.07064208
0.0,0.058663838
0.0,0.08537504
0.0,0.06773072
0.0,0.058212616
0.0,0.022455305
0.0,0.047854945
0.0,0.060711544
0.0,0.05036179
0.0,0.054506734
0.0,0.08149403
0.0,0.049660362
0.0,0.031286456
1.0,0.09233396
0.0,0.07143296
0.0,0.1077869
0.0,0.06743479
0.0,0.10462691
0.0,0.041586813
0.0,0.06326765
0.0,0.010597807
0.0,0.056697123
0.0,0.028149405
0.0,0.049575873
0.0,0.06941943
0.0,0.09040103
0.0,0.05830034
0.0,0.06417231
0.0,0.03822839
0.0,0.059900973
0.0,0.06252485
0.0,0.041694015
0.0,0.010002746
0.0,0.021201003
0.0,0.025441008
0.0,0.052583918
0.0,0.042242013
0.0,0.031779613
0.0,0.08864163
0.0,0.035083286
0.0,0.035151724
0.0,0.06581116
0.0,0.05448075
0.0,0.022081135
0.0,0.04680266
0.0,0.037933715
0.0,0.00936125
0.0,0.018914033
0.0,0.05228127
0.0,0.086344376
0.0,0.051966988
0.0,0.060870815
0.0,0.005360248
0.0,0.005682704
0.0,0.10095489
0.0,0.05165459
0.0,0.019755572
0.0,0.031363036
0.0,0.077331476
0.0,0.062471785
0.0,0.06712416
0.0,0.024233766
0.0,0.029976519
0.0,0.018936792
0.0,0.053698212
0.0,0.051804066
0.0,0.09696472
0.0,0.023767795
0.0,0.056740694
0.0,0.016251823
0.0,0.028758183
0.0,0.0756669
0.0,0.058396302
0.0,0.058802385
1.0,0.087931246
0.0,0.04360254
0.0,0.024893107
0.0,0.019580906
0.0,0.019125901
0.0,0.065258875
0.0,0.026533598
0.0,0.07180866
0.0,0.05282377
0.0,0.04231493
1.0,0.09613481
0.0,0.06811952
0.0,0.03835145
0.0,0.20618482
0.0,0.04507035
0.0,0.06939183
1.0,0.042906266
0.0,0.0325673
1.0,0.072766826
0.0,0.03744311
0.0,0.029363547
0.0,0.05130305
0.0,0.07068896
0.0,0.032601092
0.0,0.057739362
0.0,0.018884825
0.0,0.07090629
0.0,0.060975716
0.0,0.19197841
0.0,0.024671678
0.0,0.04391291
0.0,0.035005532
0.0,0.04035667
0.0,0.010457596
1.0,0.06509703
0.0,0.06446112
0.0,0.01687842
0.0,0.09132907
0.0,0.01864212
0.0,0.020222412
0.0,0.062246777
0.0,0.10111539
0.0,0.058962453
0.0,0.03190144
0.0,0.042919014
0.0,0.04331402
0.0,0.019727848
0.0,0.03397005
0.0,0.054335907
0.0,0.06151096
0.0,0.06681869
0.0,0.024312807
0.0,0.04503615
0.0,0.038452197
0.0,0.022876304
1.0,0.079844505
0.0,0.04000513
0.0,0.28119645
0.0,0.08721849
0.0,0.06460252
0.0,0.05419943
0.0,0.05620268
0.0,0.012212603
0.0,0.030740116
0.0,0.05620351
0.0,0.077267595
0.0,0.06008238
0.0,0.077645876
0.0,0.10591596
0.0,0.06826365
0.0,0.062487125
0.0,0.055930413
0.0,0.04833252
0.0,0.18118139
0.0,0.057002604
0.0,0.054698966
0.0,0.04724659
0.0,0.008090314
0.0,0.04074956
0.0,0.09490717
0.0,0.03678449
0.0,0.055975344
0.0,0.014951312
0.0,0.0492661
0.0,0.026169283
0.0,0.049227096
0.0,0.071190864
0.0,0.2063391
0.0,0.009201082
0.0,0.04400153
0.0,0.08161836
0.0,0.045714773
1.0,0.10445735
0.0,0.04287107
0.0,0.056735635
0.0,0.029246224
0.0,0.084579796
0.0,0.03976756
0.0,0.023565993
0.0,0.05162376
0.0,0.01938141
0.0,0.07664075
0.0,0.047502533
0.0,0.06054544
0.0,0.029369008
0.0,0.019867478
0.0,0.041562807
0.0,0.07717304
0.0,0.046456
0.0,0.052581787
0.0,0.07243882
0.0,0.029103935
0.0,0.06879823
0.0,0.10309757
0.0,0.06025425
0.0,0.02269408
0.0,0.03997471
1.0,0.04665751
0.0,0.02905622
0.0,0.050975803
0.0,0.02527064
0.0,0.06638608
0.0,0.052359086
0.0,0.05394698
0.0,0.036993492
0.0,0.083270036
0.0,0.05183026
0.0,0.025835041
0.0,0.017429177
0.0,0.027157877
0.0,0.055921108
0.0,0.017877158
0.0,0.053502306
0.0,0.066451356
0.0,0.047593314
0.0,0.04473776
0.0,0.026924364
0.0,0.03909045
0.0,0.032553744
0.0,0.03830123
0.0,0.05375424
0.0,0.031078395
0.0,0.039944265
0.0,0.044915773
0.0,0.05202803
0.0,0.035655517
0.0,0.04048876
0.0,0.039663628
0.0,0.04417263
0.0,0.05270177
0.0,0.036756452
0.0,0.06662343
0.0,0.062049676
0.0,0.06494427
0.0,0.035233818
0.0,0.048681524
1.0,0.11089356
0.0,0.023308052
0.0,0.011923103
0.0,0.06748574
0.0,0.059753455
0.0,0.06641603
1.0,0.042498678
0.0,0.04615487
0.0,0.060876433
0.0,0.027831433
0.0,0.058042694
0.0,0.041150082
0.0,0.058760595
0.0,0.07170141
0.0,0.069506
0.0,0.03928868
0.0,0.03668412
0.0,0.012754882
0.0,0.06255919
0.0,0.07093212
0.0,0.039449487
0.0,0.09545216
0.0,0.036692165
0.0,0.027562948
0.0,0.04352182
0.0,0.050387755
0.0,0.07534524
0.0,0.054517344
0.0,0.051435422
0.0,0.028593566
0.0,0.05687684
1.0,0.08413082
0.0,0.05878049
0.0,0.058360726
0.0,0.053653933
0.0,0.07611093
0.0,0.08350612
0.0,0.02571239
0.0,0.020002745
0.0,0.07429703
0.0,0.026008457
0.0,0.061224148
0.0,0.053392746
0.0,0.08610445
0.0,0.035060894
0.0,0.050961025
0.0,0.018888725
0.0,0.041385747
0.0,0.08708582
0.0,0.034402862
0.0,0.027909417
0.0,0.06237109
0.0,0.043070354
0.0,0.050922185
0.0,0.045546796
0.0,0.0463368
0.0,0.039310794
0.0,0.047094315
0.0,0.05556888
0.0,0.05413762
0.0,0.0546701
0.0,0.041913383
0.0,0.049797777
0.0,0.059261926
0.0,0.078907065
0.0,0.07338962
0.0,0.06671898
0.0,0.14237528
0.0,0.052377217
0.0,0.05880324
0.0,0.13616261
0.0,0.040795773
0.0,0.035064537
0.0,0.07511764
0.0,0.108793035
0.0,0.040677343
0.0,0.026706023
0.0,0.0075810365
0.0,0.038535938
0.0,0.0648318
0.0,0.13208285
0.0,0.058466986
0.0,0.023472171
0.0,0.02483269
0.0,0.031603247
1.0,0.15252455
0.0,0.02343807
0.0,0.01841377
0.0,0.12522742
0.0,0.0693632
2.0,0.035888504
0.0,0.019522721
0.0,0.031569086
0.0,0.08781728
0.0,0.08072793
0.0,0.011473943
0.0,0.031220034
0.0,0.045155987
0.0,0.057298418
0.0,0.04720691
0.0,0.07224801
0.0,0.07214028
0.0,0.025384115
0.0,0.17138046
0.0,0.036343887
0.0,0.0537018
0.0,0.0228905
0.0,0.07015929
0.0,0.07450132
0.0,0.08393816
0.0,0.06892666
0.0,0.05397796
0.0,0.092377245
0.0,0.018428404
0.0,0.029527977
0.0,0.036431875
0.0,0.017083902
0.0,0.02447918
0.0,0.05467057
0.0,0.07196217
0.0,0.14197606
0.0,0.06914775
0.0,0.08283311
0.0,0.019845862
0.0,0.13696319
0.0,0.14414568
0.0,0.04496761
0.0,0.012638254
0.0,0.060421266
0.0,0.09334978
0.0,0.20098503
0.0,0.06306066
0.0,0.03613521
0.0,0.06525668
0.0,0.072167076
0.0,0.0353882
0.0,0.033079024
0.0,0.02614788
0.0,0.028975818
0.0,0.014933265
0.0,0.040163063
0.0,0.07381764
0.0,0.041535325
0.0,0.02264535
0.0,0.12170843
0.0,0.051475167
0.0,0.029966757
0.0,0.034804475
0.0,0.021711823
0.0,0.034817953
0.0,0.076571524
0.0,0.05825218
0.0,0.042790785
0.0,0.05100987
0.0,0.0514159
0.0,0.016042054
0.0,0.031155089
0.0,0.04614585
0.0,0.054602023
0.0,0.044840015
0.0,0.032948114
0.0,0.016522162
0.0,0.039697044
0.0,0.07352401
0.0,0.07816625
0.0,0.040231816
0.0,0.044348925
0.0,0.027992077
0.0,0.025604917
0.0,0.051106647
1.0,0.08954108
0.0,0.013047185
0.0,0.04840935
0.0,0.05193337
0.0,0.039529458
0.0,0.23892118
0.0,0.033698812
0.0,0.063245475
0.0,0.04140144
0.0,0.02836457
0.0,0.009937961
0.0,0.033821657
0.0,0.060324036
0.0,0.05357711
0.0,0.04994912
0.0,0.05000324
0.0,0.0929662
0.0,0.060039636
0.0,0.049582776
0.0,0.019973999
0.0,0.04694394
0.0,0.013932628
0.0,0.03593642
0.0,0.015455384
0.0,0.058122
0.0,0.11857843
0.0,0.11228185
0.0,0.017501198
0.0,0.03748019
0.0,0.12092923
0.0,0.074804366
1.0,0.013091719
0.0,0.050562445
0.0,0.044078138
0.0,0.051969167
0.0,0.012780501
0.0,0.03537184
0.0,0.018414551
0.0,0.051958684
0.0,0.04501436
1.0,0.10763036
0.0,0.029105142
0.0,0.05867177
0.0,0.06135509
0.0,0.034995835
0.0,0.09516339
0.0,0.023233838
0.0,0.07227334
0.0,0.07735093
0.0,0.08785522
0.0,0.012883227
0.0,0.04448019
0.0,0.057805587
0.0,0.019289369
0.0,0.04961463
0.0,0.055497438
0.0,0.030242112
0.0,0.030712614
0.0,0.06647585
0.0,0.07963994
0.0,0.10310138
0.0,0.058236577
0.0,0.06567138
0.0,0.03199745
0.0,0.02894399
0.0,0.044977322
0.0,0.046644386
0.0,0.16299845
0.0,0.031518985
0.0,0.030894823
0.0,0.04776683
0.0,0.021793038
1.0,0.052786276
0.0,0.107909754
0.0,0.064016536
0.0,0.023762776
1.0,0.06572202
0.0,0.01896315
0.0,0.050106443
0.0,0.06398977
0.0,0.05507104
0.0,0.042535152
0.0,0.03272095
1.0,0.06258431
0.0,0.070492975
0.0,0.025169946
0.0,0.032046113
0.0,0.055106763
0.0,0.04861298
0.0,0.048073523
0.0,0.056833677
0.0,0.11117266
0.0,0.03134176
0.0,0.03183353
3.0,0.11200542
0.0,0.040110547
0.0,0.07755237
0.0,0.045121938
0.0,0.033511635
0.0,0.06357363
0.0,0.057405155
0.0,0.044100318
0.0,0.027508432
0.0,0.09188762
0.0,0.057703663
0.0,0.010887192
0.0,0.055639673
0.0,0.014803635
0.0,0.034408588
0.0,0.041812416
0.0,0.06097169
0.0,0.015577827
0.0,0.033331823
0.0,0.07289054
0.0,0.046623148
0.0,0.028090341
0.0,0.03411244
0.0,0.07794948
0.0,0.06026718
0.0,0.017562516
0.0,0.024854098
0.0,0.019661509
0.0,0.021200264
0.0,0.07970243
0.0,0.0327883
0.0,0.06261193
0.0,0.032813605
1.0,0.07701151
0.0,0.040716194
0.0,0.06724399
1.0,0.055203497
0.0,0.014348045
0.0,0.05225615
0.0,0.028178696
0.0,0.02257751
0.0,0.049333688
0.0,0.029713854
0.0,0.0620028
0.0,0.053022273
0.0,0.113383375
0.0,0.024640357
0.0,0.122776374
0.0,0.027621195
0.0,0.057908904
0.0,0.034288906
0.0,0.016199127
0.0,0.031071786
0.0,0.046706863
0.0,0.050088935
0.0,0.087255016
0.0,0.08523065
0.0,0.029382959
0.0,0.016413985
0.0,0.11527797
0.0,0.073519565
0.0,0.054529585
0.0,0.070277035
0.0,0.038342655
0.0,0.06591986
0.0,0.016443834
0.0,0.04692711
0.0,0.055318043
0.0,0.025638796
0.0,0.055562045
0.0,0.05792926
0.0,0.03874824
0.0,0.03091712
0.0,0.10240372
0.0,0.055852618
0.0,0.06107056
1.0,0.045623638
0.0,0.07639494
0.0,0.014525048
0.0,0.013594843
0.0,0.01985101
0.0,0.06858393
0.0,0.040943105
0.0,0.028355848
0.0,0.0121363755
0.0,0.0632052
0.0,0.07452778
0.0,0.03292823
0.0,0.0748379
0.0,0.03582941
0.0,0.051272016
0.0,0.02025108
0.0,0.03647963
0.0,0.04602005
0.0,0.06544168
0.0,0.024821362
0.0,0.024046507
0.0,0.014869167
0.0,0.07046011
0.0,0.08377823
0.0,0.09779325
0.0,0.012241522
0.0,0.03318484
0.0,0.022571772
0.0,0.035615824
0.0,0.059378874
0.0,0.041206043
0.0,0.016938422
0.0,0.05904227
0.0,0.06564273
0.0,0.07972744
0.0,0.032200497
0.0,0.111723244
0.0,0.032633927
0.0,0.03496271
0.0,0.040527027
0.0,0.089828625
1.0,0.04010758
0.0,0.068836965
0.0,0.038384948
0.0,0.049789563
0.0,0.04268172
0.0,0.015032564
0.0,0.052935474
0.0,0.020343985
0.0,0.12745063
0.0,0.06888592
0.0,0.020935606
0.0,0.093332954
1.0,0.13692681
0.0,0.02290405
0.0,0.083223216
0.0,0.016136441
0.0,0.036678296
0.0,0.020041097
0.0,0.036836356
0.0,0.06661756
0.0,0.04631988
0.0,0.16091584
0.0,0.080314256
1.0,0.11275257
0.0,0.05213432
0.0,0.087750055
0.0,0.030287137
1.0,0.07216061
0.0,0.026399534
0.0,0.06380069
0.0,0.05277407
0.0,0.023404978
0.0,0.031169355
0.0,0.09705658
0.0,0.084005564
1.0,0.141123
0.0,0.07005184
0.0,0.062712654
0.0,0.088861465
0.0,0.049063668
0.0,0.0650523
0.0,0.027884554
0.0,0.04492873
0.0,0.03200911
0.0,0.017958213
0.0,0.034379445
0.0,0.02949391
1.0,0.10131395
0.0,0.07908859
0.0,0.020462867
0.0,0.031659976
0.0,0.070949405
0.0,0.07157497
0.0,0.029669184
0.0,0.026670251
0.0,0.046630688
0.0,0.020965487
0.0,0.056453627
0.0,0.04201293
0.0,0.30323884
0.0,0.02548026
0.0,0.025311185
0.0,0.03785591
0.0,0.09857572
0.0,0.06937841
0.0,0.047862113
0.0,0.14386186
0.0,0.06660499
0.0,0.071439326
0.0,0.03786806
0.0,0.09264391
1.0,0.012826656
0.0,0.08109838
0.0,0.022626633
0.0,0.041249096
0.0,0.0797776
0.0,0.0419128
0.0,0.028609127
0.0,0.063574865
0.0,0.04042799
0.0,0.020471161
0.0,0.038776092
0.0,0.02325258
0.0,0.100073434
0.0,0.04978182
1.0,0.039857656
0.0,0.048119806
0.0,0.039176513
1.0,0.044267666
0.0,0.092237696
0.0,0.09151272
0.0,0.06502394
0.0,0.05431865
0.0,0.08798443
0.0,0.04206224
0.0,0.027051184
0.0,0.053740785
0.0,0.019583063
0.0,0.12742238
0.0,0.061519675
0.0,0.072003394
0.0,0.058164112
0.0,0.06402863
0.0,0.029126383
0.0,0.045414396
0.0,0.019804202
0.0,0.048300885
2.0,0.07224389
0.0,0.011552465
1.0,0.042458776
0.0,0.031665396
0.0,0.030220589
0.0,0.05713507
0.0,0.039539486
0.0,0.042833533
0.0,0.07202415
0.0,0.06206465
0.0,0.07251852
0.0,0.14650033
0.0,0.09852769
0.0,0.019009667
0.0,0.109947614
0.0,0.17119992
0.0,0.059938017
0.0,0.02892066
0.0,0.01946238
0.0,0.060109906
0.0,0.07701972
0.0,0.0133885555
0.0,0.050688285
0.0,0.06686516
0.0,0.056339603
0.0,0.02432461
0.0,0.025190275
0.0,0.052804075
0.0,0.074297495
0.0,0.065755606
0.0,0.050751433
0.0,0.028866734
0.0,0.08643253
0.0,0.021108592
0.0,0.049746417
0.0,0.08196969
0.0,0.023327643
1.0,0.34110945
0.0,0.07548563
0.0,0.039101318
0.0,0.08571393
0.0,0.037153177
0.0,0.074280776
0.0,0.048459396
0.0,0.013701522
0.0,0.039822534
0.0,0.036655948
0.0,0.08701994
0.0,0.025647832
0.0,0.08337328
0.0,0.028105104
0.0,0.025270965
0.0,0.03491513
0.0,0.055879153
1.0,0.06258598
0.0,0.032272052
0.0,0.0387037
0.0,0.08355717
0.0,0.02134602
0.0,0.013013087
0.0,0.01908829
0.0,0.031969614
0.0,0.054872062
0.0,0.025604002
0.0,0.067700304
0.0,0.03759803
0.0,0.007920128
0.0,0.01515814
0.0,0.07013804
0.0,0.041267373
0.0,0.072234556
0.0,0.03976845
0.0,0.08752848
0.0,0.05979735
0.0,0.05353048
0.0,0.05525672
0.0,0.1934036
2.0,0.43621403
0.0,0.03319247
0.0,0.063110545
0.0,0.038789872
0.0,0.016805284
0.0,0.05339995
0.0,0.04940372
0.0,0.03148972
0.0,0.037759908
0.0,0.0828855
0.0,0.0462094
0.0,0.0130033605
0.0,0.10245308
0.0,0.060992684
0.0,0.079678014
0.0,0.016444083
0.0,0.07827289
0.0,0.027246105
0.0,0.035838176
0.0,0.069501355
0.0,0.030057332
0.0,0.033853833
0.0,0.023158161
0.0,0.0510078
0.0,0.057483852
0.0,0.027041037
0.0,0.032091543
0.0,0.054901633
0.0,0.026394939
0.0,0.03277823
0.0,0.057469226
0.0,0.05374653
0.0,0.030866241
0.0,0.074661486
0.0,0.040371858
0.0,0.07809191
0.0,0.027635792
0.0,0.03732843
0.0,0.02204033
0.0,0.062242385
0.0,0.04504051
0.0,0.01153308
0.0,0.05802234
0.0,0.03640654
0.0,0.017833576
0.0,0.04407446
0.0,0.016930565
0.0,0.07846811
0.0,0.02180368
0.0,0.074354805
0.0,0.061372295
0.0,0.012966731
0.0,0.072453335
0.0,0.13568237
0.0,0.09872611
0.0,0.021594407
0.0,0.036452085
1.0,0.057407506
0.0,0.03430829
0.0,0.034131065
0.0,0.030680368
0.0,0.026597645
0.0,0.08757938
0.0,0.37314156
0.0,0.068566926
0.0,0.06131856
0.0,0.0648267
0.0,0.03988146
0.0,0.07424922
0.0,0.01541164
0.0,0.05253174
0.0,0.05069404
0.0,0.07141642
0.0,0.03766223
0.0,0.06757755
0.0,0.034113932
0.0,0.055812154
0.0,0.022887094
0.0,0.030158976
0.0,0.03228438
1.0,0.10814491
0.0,0.03915003
0.0,0.06965507
0.0,0.07878871
0.0,0.06386982
0.0,0.017733648
0.0,0.05738553
0.0,0.047613334
0.0,0.09170847
0.0,0.05743749
0.0,0.0551861
0.0,0.05738274
0.0,0.04508875
0.0,0.025705438
0.0,0.040540382
0.0,0.035722673
0.0,0.028487632
0.0,0.062372547
0.0,0.054957267
0.0,0.022011615
0.0,0.012957255
0.0,0.03281509
0.0,0.035767447
0.0,0.027025374
0.0,0.10945392
0.0,0.072769396
0.0,0.056416757
0.0,0.07335453
0.0,0.08912966
0.0,0.035782956
0.0,0.066819996
0.0,0.051292658
0.0,0.0652639
0.0,0.02393731
0.0,0.0647841
0.0,0.05689185
0.0,0.25284532
0.0,0.06748319
0.0,0.04616502
0.0,0.013853937
0.0,0.031783085
0.0,0.044198673
0.0,0.06128002
0.0,0.03223537
0.0,0.0705415
0.0,0.015586706
0.0,0.049191665
0.0,0.06269243
0.0,0.043725796
0.0,0.033938833
0.0,0.013904308
0.0,0.07704122
0.0,0.03636651
0.0,0.04398324
1.0,0.12425203
0.0,0.07412601
0.0,0.03458263
0.0,0.022320539
0.0,0.09825234
0.0,0.040895924
0.0,0.03851957
0.0,0.0047768448
0.0,0.031322025
0.0,0.040605195
0.0,0.025174856
0.0,0.026217096
0.0,0.05089932
0.0,0.04380414
0.0,0.03593289
0.0,0.014886846
0.0,0.017870579
0.0,0.029077385
0.0,0.03922208
0.0,0.03723451
0.0,0.07769358
0.0,0.06675554
0.0,0.072879076
0.0,0.023195438
0.0,0.06384992
0.0,0.062316094
0.0,0.05441037
0.0,0.045131125
0.0,0.03597299
0.0,0.07295797
0.0,0.031717137
0.0,0.06251633
0.0,0.06697081
0.0,0.06293927
0.0,0.05303087
0.0,0.066445775
0.0,0.10185875
0.0,0.025070384
0.0,0.04201197
0.0,0.04237205
0.0,0.042683795
0.0,0.02160685
0.0,0.07071234
0.0,0.04655888
0.0,0.016703606
0.0,0.19364798
0.0,0.033082556
0.0,0.010890265
0.0,0.020870669
0.0,0.023631508
0.0,0.05177374
0.0,0.049533907
0.0,0.03226876
0.0,0.046180543
0.0,0.03651454
0.0,0.033796333
0.0,0.02542609
0.0,0.034145717
0.0,0.04809173
0.0,0.06422132
0.0,0.042085152
0.0,0.0535364
0.0,0.06263258
0.0,0.024188798
0.0,0.05960761
0.0,0.0692438
0.0,0.062536694
0.0,0.04268042
0.0,0.032339692
0.0,0.11075738
0.0,0.029081391
0.0,0.049459655
0.0,0.067834325
0.0,0.04443819
0.0,0.06322859
2.0,0.052852444
0.0,0.039205737
0.0,0.15958768
0.0,0.14498888
0.0,0.063723676
0.0,0.031784356
0.0,0.03706714
0.0,0.033192374
0.0,0.060763095
0.0,0.1200058
0.0,0.04519748
0.0,0.08688676
1.0,0.074248955
0.0,0.038386833
0.0,0.08250669
0.0,0.03560248
0.0,0.02562391
0.0,0.05808982
0.0,0.105414554
0.0,0.054496184
0.0,0.030653184
0.0,0.017592791
0.0,0.039029192
0.0,0.03614274
0.0,0.020418722
0.0,0.09641613
0.0,0.058671307
0.0,0.07064423
0.0,0.03170699
0.0,0.049778618
0.0,0.017931012
0.0,0.021511778
0.0,0.09848758
0.0,0.09489482
0.0,0.06871713
0.0,0.060615707
0.0,0.054689053
0.0,0.06139003
0.0,0.07987813
0.0,0.019298965
0.0,0.03340406
0.0,0.01145552
0.0,0.01898453
0.0,0.05192
0.0,0.061225154
0.0,0.02829276
0.0,0.06358796
0.0,0.067246206
0.0,0.044816844
0.0,0.0404412
0.0,0.08036998
0.0,0.026078448
0.0,0.055549063
0.0,0.021615062
0.0,0.13419293
0.0,0.06325081
0.0,0.022585131
0.0,0.05932912
0.0,0.05440614
0.0,0.054069694
0.0,0.08214718
0.0,0.13552749
0.0,0.08175537
1.0,0.045137472
0.0,0.04567969
0.0,0.069599256
0.0,0.055886988
0.0,0.06865657
0.0,0.067292266
0.0,0.058129236
0.0,0.066523895
0.0,0.11633796
0.0,0.05287599
0.0,0.03503962
0.0,0.018092185
0.0,0.046747256
0.0,0.08484948
0.0,0.067262545
0.0,0.048432738
0.0,0.012895101
0.0,0.035483334
0.0,0.04804394
0.0,0.0066082506
0.0,0.054248765
0.0,0.04786542
0.0,0.10721566
0.0,0.044125203
0.0,0.025614759
0.0,0.053299136
0.0,0.016357582
0.0,0.09467854
0.0,0.0421975
0.0,0.011114003
0.0,0.026236128
0.0,0.03123482
0.0,0.069327585
0.0,0.064328596
0.0,0.07224473
0.0,0.09274
0.0,0.047001146
0.0,0.007542369
0.0,0.068966046
0.0,0.06787721
0.0,0.03510029
0.0,0.030314604
0.0,0.050492644
0.0,0.035372294
0.0,0.01886183
0.0,0.019054
0.0,0.06253959
0.0,0.08714639
0.0,0.048918527
0.0,0.041844767
0.0,0.03331277
0.0,0.04213949
0.0,0.075133905
0.0,0.053148028
0.0,0.0508991
0.0,0.033945177
0.0,0.039576344
0.0,0.051843185
1.0,0.043360725
0.0,0.043981224
0.0,0.07980378
0.0,0.0781383
0.0,0.018625423
0.0,0.062408067
1.0,0.0825413
0.0,0.028124316
1.0,0.05449008
0.0,0.072397955
0.0,0.0582048
0.0,0.015355736
0.0,0.071997024
0.0,0.08176491
0.0,0.043070726
0.0,0.027513536
0.0,0.050545134
0.0,0.010648457
0.0,0.037978582
0.0,0.049940668
0.0,0.04952956
0.0,0.060660295
0.0,0.09319718
0.0,0.02292517
0.0,0.020909747
0.0,0.117067926
0.0,0.048589665
0.0,0.019281635
0.0,0.046633467
0.0,0.07126467
0.0,0.1168441
0.0,0.06755351
0.0,0.012025816
0.0,0.015727587
0.0,0.05278618
0.0,0.11622463
0.0,0.079495266
0.0,0.048295476
0.0,0.06956024
0.0,0.0358431
0.0,0.04332274
0.0,0.02558134
0.0,0.04373683
0.0,0.029871015
0.0,0.08794144
0.0,0.030030183
0.0,0.07043456
0.0,0.12653668
0.0,0.02573724
0.0,0.044039376
0.0,0.07829614
0.0,0.07916737
0.0,0.019874604
0.0,0.17314728
0.0,0.011593958
0.0,0.033560522
0.0,0.02689035
1.0,0.13951169
0.0,0.06424932
0.0,0.19216196
0.0,0.09322407
0.0,0.06833104
0.0,0.04694732
0.0,0.04871733
0.0,0.022920186
0.0,0.013993849
0.0,0.04286741
0.0,0.03684883
0.0,0.058545716
0.0,0.12188135
0.0,0.016711278
0.0,0.13204004
0.0,0.015744356
0.0,0.06666787
0.0,0.02407907
0.0,0.06549405
0.0,0.04666681
0.0,0.025507063
0.0,0.026721487
0.0,0.5929936
0.0,0.03912185
0.0,0.05456863
1.0,0.08409432
0.0,0.03636847
0.0,0.037101675
0.0,0.019246334
0.0,0.045098104
0.0,0.017794382
0.0,0.083968304
0.0,0.02286385
0.0,0.032578018
0.0,0.049359005
1.0,0.12909274
0.0,0.066554464
1.0,0.071554855
0.0,0.04265775
0.0,0.03340484
0.0,0.07123073
0.0,0.028659225
0.0,0.012174554
0.0,0.049065653
0.0,0.046468962
0.0,0.031129325
0.0,0.046962455
0.0,0.13284521
0.0,0.06945345
0.0,0.014029855
0.0,0.12067238
0.0,0.048237704
0.0,0.032170508
0.0,0.06235026
0.0,0.06492483
0.0,0.058925185
0.0,0.07632379
0.0,0.020247316
0.0,0.05986765
0.0,0.054307155
0.0,0.042826284
0.0,0.026072046
0.0,0.058080554
0.0,0.020843517
0.0,0.016413985
0.0,0.057932768
0.0,0.09598201
0.0,0.024141992
0.0,0.053338543
0.0,0.06606116
0.0,0.015422035
1.0,0.051981434
1.0,0.033813644
0.0,0.08271038
0.0,0.040914863
0.0,0.06491588
0.0,0.054195557
0.0,0.038534887
0.0,0.04187868
0.0,0.072885975
0.0,0.05518039
0.0,0.061071582
0.0,0.036001097
0.0,0.030067753
0.0,0.048612352
0.0,0.047250982
0.0,0.06716542
0.0,0.06636336
0.0,0.010786701
0.0,0.03929385
0.0,0.012703514
0.0,0.04300803
0.0,0.02305488
0.0,0.047108777
0.0,0.01413421
0.0,0.043030694
1.0,0.072106645
1.0,0.088264294
0.0,0.064156204
0.0,0.06693547
0.0,0.03614881
0.0,0.038579438
0.0,0.04413107
0.0,0.06092002
0.0,0.056869246
0.0,0.027269838
0.0,0.01797871
0.0,0.03730485
0.0,0.0677377
0.0,0.028053917
0.0,0.06443191
0.0,0.05575119
0.0,0.017412987
0.0,0.023215488
0.0,0.07563658
0.0,0.019344838
0.0,0.047836125
0.0,0.0325149
0.0,0.053088684
1.0,0.11597534
0.0,0.069533095
0.0,0.0769677
0.0,0.059604794
0.0,0.05929111
0.0,0.041523583
1.0,0.15553205
0.0,0.06947579
0.0,0.04482255
0.0,0.06506572
0.0,0.07533283
0.0,0.03437115
0.0,0.030588122
0.0,0.0661647
0.0,0.09022111
0.0,0.060773585
0.0,0.025997374
0.0,0.05505106
0.0,0.04759976
0.0,0.11671199
0.0,0.026565019
0.0,0.04599026
0.0,0.0402961
0.0,0.038710877
0.0,0.069643945
0.0,0.040226333
0.0,0.07529684
0.0,0.05291745
0.0,0.021922486
0.0,0.088642925
0.0,0.016204635
0.0,0.01692017
0.0,0.08897591
1.0,0.05013068
0.0,0.0326964
0.0,0.08235522
0.0,0.02101434
0.0,0.07503228
0.0,0.023478977
0.0,0.024103768
0.0,0.040074952
0.0,0.040684752
0.0,0.028536605
0.0,0.06837462
0.0,0.016710665
0.0,0.021116002
0.0,0.022708952
0.0,0.06611098
0.0,0.04017017
0.0,0.059797022
0.0,0.045647115
1.0,0.039982587
0.0,0.059913542
1.0,0.045814432
0.0,0.021060102
0.0,0.021323435
0.0,0.05155129
0.0,0.0445974
0.0,0.07666417
0.0,0.054509804
0.0,0.036167983
0.0,0.04319221
0.0,0.055663556
0.0,0.067529395
0.0,0.07176216
0.0,0.03548147
0.0,0.025579656
0.0,0.056494504
0.0,0.09674181
0.0,0.019671261
0.0,0.041444894
0.0,0.099344596
0.0,0.09401179
0.0,0.07696871
0.0,0.04685768
0.0,0.07559007
0.0,0.0513726
0.0,0.06011869
0.0,0.10979683
0.0,0.025197001
0.0,0.059785746
0.0,0.07791722
0.0,0.02874549
0.0,0.093720436
0.0,0.024622705
0.0,0.061047893
0.0,0.03360951
0.0,0.049379133
0.0,0.036364324
0.0,0.039835483
0.0,0.05427381
0.0,0.21458817
0.0,0.033139016
0.0,0.041644223
0.0,0.024306083
0.0,0.05661675
0.0,0.054154534
0.0,0.06705431
0.0,0.05658215
0.0,0.054978944
0.0,0.054675832
0.0,0.024755547
0.0,0.076386265
0.0,0.07425312
0.0,0.035655893
0.0,0.04450208
0.0,0.07112784
0.0,0.06984325
1.0,0.13838588
0.0,0.05869568
0.0,0.041731905
0.0,0.052851282
0.0,0.018004505
0.0,0.022706386
0.0,0.0394188
0.0,0.036720347
0.0,0.013644701
1.0,0.03872696
0.0,0.0777121
0.0,0.028530331
0.0,0.027621195
0.0,0.011106957
0.0,0.20913348
0.0,0.028193237
1.0,0.2130731
1.0,0.14194195
1.0,0.061006557
0.0,0.099409655
0.0,0.059247304
0.0,0.066683546
0.0,0.056782484
0.0,0.064580135
0.0,0.04122165
0.0,0.13709371
0.0,0.021373235
0.0,0.07842694
0.0,0.08971517
0.0,0.047027215
0.0,0.052508652
0.0,0.07672964
0.0,0.06491815
0.0,0.041620914
0.0,0.057213098
0.0,0.025808804
0.0,0.021336291
0.0,0.0693972
0.0,0.085385665
0.0,0.036326267
0.0,0.04212808
1.0,0.045809954
0.0,0.04143278
0.0,0.06237643
0.0,0.10467379
0.0,0.055341735
0.0,0.022200309
0.0,0.052214976
0.0,0.0689286
0.0,0.019042537
0.0,0.027820326
0.0,0.037780207
0.0,0.012049551
0.0,0.024624478
0.0,0.06624609
0.0,0.02984469
0.0,0.031571165
0.0,0.034273393
0.0,0.039331608
0.0,0.029707648
0.0,0.016541073
0.0,0.063689776
0.0,0.06048558
0.0,0.05581274
1.0,0.023617268
0.0,0.04492693
0.0,0.025248477
0.0,0.06524803
0.0,0.011774538
0.0,0.10845465
0.0,0.021545932
0.0,0.034207076
0.0,0.043189947
0.0,0.040452134
0.0,0.06986223
0.0,0.040033907
0.0,0.0102167055
0.0,0.082255006
0.0,0.04865899
0.0,0.04216769
0.0,0.03728058
0.0,0.04603401
0.0,0.02338985
0.0,0.04043634
0.0,0.049507953
0.0,0.062721945
0.0,0.05404809
0.0,0.027190853
0.0,0.075889975
0.0,0.02834725
0.0,0.094798036
0.0,0.022247285
0.0,0.044317298
0.0,0.06541076
0.0,0.050414816
0.0,0.078148365
0.0,0.030190703
0.0,0.0698221
0.0,0.023771707
0.0,0.094704285
0.0,0.05610607
0.0,0.055374544
0.0,0.06307429
0.0,0.031065162
0.0,0.046576887
0.0,0.10163349
0.0,0.062638104
0.0,0.08894555
0.0,0.07978356
0.0,0.033184353
0.0,0.049686275
0.0,0.033515472
0.0,0.05000381
0.0,0.02965388
0.0,0.06728521
0.0,0.05377816
0.0,0.05490784
0.0,0.06332265
0.0,0.032428067
0.0,0.03748548
0.0,0.083483115
0.0,0.014515341
0.0,0.036672123
0.0,0.101425216
0.0,0.057091147
0.0,0.085682675
0.0,0.019492973
0.0,0.035111688
0.0,0.029005872
0.0,0.04668769
0.0,0.09978627
0.0,0.07117023
0.0,0.015423476
0.0,0.041733775
0.0,0.026897468
0.0,0.05351417
0.0,0.06538897
0.0,0.031789206
0.0,0.043406215
0.0,0.0125776725
1.0,0.07279669
0.0,0.05781278
0.0,0.08270293
0.0,0.06768616
0.0,0.085657775
0.0,0.020197395
0.0,0.035313495
0.0,0.049888995
0.0,0.03999681
1.0,0.052300323
1.0,0.07833498
1.0,0.08118044
0.0,0.024274603
0.0,0.027654247
0.0,0.08801897
0.0,0.022954933
0.0,0.053151753
0.0,0.11290324
0.0,0.011146575
1.0,0.08195109
0.0,0.016185004
1.0,0.017482456
0.0,0.05783972
0.0,0.022261621
0.0,0.019175332
0.0,0.04037488
0.0,0.022893326
0.0,0.022581656
0.0,0.030104607
0.0,0.08023292
0.0,0.054066703
0.0,0.026730154
0.0,0.030208588
0.0,0.057035472
0.0,0.05564002
0.0,0.076186344
0.0,0.056712236
0.0,0.041495774
0.0,0.04938782
0.0,0.05693902
0.0,0.061429534
0.0,0.054487325
0.0,0.01726584
0.0,0.008464382
0.0,0.060415447
0.0,0.04485182
0.0,0.031796347
1.0,0.07426781
0.0,0.03258482
0.0,0.0479824
0.0,0.0384015
0.0,0.069284156
0.0,0.05200571
0.0,0.020765811
0.0,0.03420812
0.0,0.04638203
0.0,0.03708038
0.0,0.045238465
0.0,0.061723977
0.0,0.07310935
0.0,0.014924266
1.0,0.046450686
0.0,0.042020805
0.0,0.06813157
0.0,0.051273312
0.0,0.050538868
0.0,0.019480651
0.0,0.025225108
0.0,0.017819319
0.0,0.043453783
0.0,0.023097605
0.0,0.070030965
0.0,0.02276621
0.0,0.025588464
0.0,0.038343642
0.0,0.054713912
0.0,0.053043365
1.0,0.042732693
0.0,0.08315757
0.0,0.037223894
0.0,0.0389178
0.0,0.053815693
0.0,0.035779458
0.0,0.061670464
0.0,0.041151673
0.0,0.22653969
0.0,0.0355514
0.0,0.09604551
0.0,0.06647262
0.0,0.026151285
0.0,0.033732593
0.0,0.020424098
0.0,0.056990672
0.0,0.095776275
0.0,0.058638528
0.0,0.06290177
0.0,0.03773064
0.0,0.054620355
0.0,0.029278971
0.0,0.026533116
0.0,0.033874743
1.0,0.051757403
1.0,0.063084394
0.0,0.06865712
0.0,0.013056645
0.0,0.05872387
1.0,0.069060065
0.0,0.04002543
1.0,0.08044336
2.0,0.07585951
0.0,0.054735467
0.0,0.06134276
0.0,0.0146456165
0.0,0.06995948
0.0,0.028422179
0.0,0.04251309
0.0,0.013366938
0.0,0.06726516
0.0,0.036538225
0.0,0.033232745
1.0,0.063632146
0.0,0.051909924
0.0,0.050129987
0.0,0.076078996
0.0,0.02194332
0.0,0.02829504
1.0,0.0489599
0.0,0.022351734
0.0,0.07530503
0.0,0.09944901
0.0,0.05638887
0.0,0.028478071
0.0,0.038876995
0.0,0.045637604
0.0,0.051754586
0.0,0.11485181
0.0,0.083373554
0.0,0.06891592
0.0,0.03319035
0.0,0.012580978
0.0,0.067387074
0.0,0.12221144
0.0,0.03669409
0.0,0.01793173
0.0,0.06604777
0.0,0.043434393
0.0,0.01747382
0.0,0.073364705
0.0,0.0281895
0.0,0.07112809
1.0,0.0572346
0.0,0.031851478
0.0,0.0953058
0.0,0.08161561
0.0,0.042022828
0.0,0.05648785
0.0,0.047279175
0.0,0.04750081
0.0,0.0633606
0.0,0.12517889
0.0,0.051652912
0.0,0.06871739
0.0,0.03251163
0.0,0.1841729
0.0,0.02492129
0.0,0.04564026
0.0,0.06927608
0.0,0.14267814
0.0,0.046358813
0.0,0.03265122
0.0,0.05281682
0.0,0.020257823
1.0,0.08826397
0.0,0.01584327
0.0,0.0477043
0.0,0.023184016
0.0,0.014652839
0.0,0.030336468
0.0,0.06393536
1.0,0.08430101
0.0,0.06473508
0.0,0.08014876
0.0,0.0926231
0.0,0.1268504
0.0,0.067289926
0.0,0.030842364
0.0,0.010242709
0.0,0.023173228
0.0,0.032343857
0.0,0.025793571
0.0,0.059209373
0.0,0.033121765
0.0,0.02361282
0.0,0.048907585
0.0,0.03266277
0.0,0.051722243
0.0,0.12963843
0.0,0.039212115
0.0,0.03459873
0.0,0.071970545
0.0,0.07442472
0.0,0.05116912
0.0,0.08505469
0.0,0.051759496
0.0,0.032445237
0.0,0.061424013
0.0,0.05283289
0.0,0.024845032
0.0,0.019774599
0.0,0.06088858
0.0,0.040695462
0.0,0.026301827
0.0,0.03969182
0.0,0.048185106
0.0,0.03981636
0.0,0.053826984
0.0,0.040096723
0.0,0.037932813
0.0,0.043293785
0.0,0.013680441
0.0,0.047121473
0.0,0.034065966
0.0,0.029066766
0.0,0.015232096
0.0,0.050783243
0.0,0.045276552
0.0,0.047491908
0.0,0.015271775
0.0,0.16608559
0.0,0.027983163
0.0,0.011949067
0.0,0.034298833
0.0,0.054397114
0.0,0.07494746
0.0,0.023772964
0.0,0.07526019
0.0,0.062134743
0.0,0.034220584
0.0,0.069442324
0.0,0.02571212
0.0,0.014026109
0.0,0.032847043
0.0,0.051971298
0.0,0.04667133
0.0,0.05757572
0.0,0.06642324
0.0,0.04912692
0.0,0.023125011
0.0,0.033028558
0.0,0.04471916
0.0,0.05844129
0.0,0.025650082
0.0,0.09183767
0.0,0.065257475
0.0,0.053733252
0.0,0.072037086
0.0,0.046014585
1.0,0.078419745
0.0,0.053891856
0.0,0.013753948
0.0,0.05313095
0.0,0.033028778
0.0,0.043051917
0.0,0.024893023
0.0,0.04778239
0.0,0.10869412
0.0,0.029317489
0.0,0.03468866
0.0,0.19793057
0.0,0.0729419
0.0,0.1215747
0.0,0.047513973
0.0,0.0412291
0.0,0.023728909
0.0,0.04909547
0.0,0.035736777
0.0,0.015959317
0.0,0.033718213
0.0,0.05435008
0.0,0.10816904
0.0,0.08281792
0.0,0.03609135
0.0,0.057129733
0.0,0.071710505
0.0,0.062213305
0.0,0.030576674
0.0,0.03134895
0.0,0.018724028
0.0,0.013640362
0.0,0.06941703
0.0,0.060473785
0.0,0.07277894
0.0,0.03179089
0.0,0.04372605
0.0,0.03266547
0.0,0.008866681
0.0,0.04548954
0.0,0.03669603
0.0,0.09675473
1.0,0.057006557
0.0,0.059123255
0.0,0.055777725
0.0,0.06601268
0.0,0.011991923
0.0,0.1641332
0.0,0.06826589
0.0,0.08438268
0.0,0.041449834
0.0,0.12085501
0.0,0.018955104
0.0,0.06954657
0.0,0.10025252
0.0,0.061223693
0.0,0.059128597
0.0,0.031396568
1.0,0.035734717
0.0,0.029947788
0.0,0.05179152
0.0,0.04169944
0.0,0.1843183
0.0,0.06476092
0.0,0.031911816
0.0,0.019333616
0.0,0.014005572
0.0,0.07370595
0.0,0.038462818
1.0,0.082021184
0.0,0.05248079
0.0,0.035234492
0.0,0.059033416
0.0,0.05890167
0.0,0.14030243
0.0,0.032440748
0.0,0.066288464
0.0,0.09478524
0.0,0.21261097
0.0,0.029373236
0.0,0.059392113
0.0,0.032307897
0.0,0.03742069
0.0,0.050765812
0.0,0.016848499
0.0,0.081201695
0.0,0.032084644
0.0,0.05534965
0.0,0.08509619
0.0,0.06071577
1.0,0.039348245
0.0,0.039162762
0.0,0.07101131
0.0,0.022381427
0.0,0.021800376
0.0,0.060731784
0.0,0.047627866
0.0,0.034487877
0.0,0.05188523
0.0,0.05980542
1.0,0.08412223
0.0,0.02435272
0.0,0.054316014
0.0,0.0160759
1.0,0.010924045
0.0,0.051276222
0.0,0.073005974
0.0,0.033912692
0.0,0.03145096
0.0,0.028091626
1.0,0.01776664
0.0,0.04032872
0.0,0.022877034
1.0,0.1489772
0.0,0.02706845
0.0,0.06788378
0.0,0.08692518
0.0,0.019092634
0.0,0.019690013
0.0,0.0799003
0.0,0.016831348
0.0,0.037935343
0.0,0.01822891
0.0,0.055522792
0.0,0.057455543
0.0,0.017819066
0.0,0.035886675
0.0,0.031919304
0.0,0.05336523
0.0,0.09185107
0.0,0.045216598
0.0,0.008661255
0.0,0.058360767
0.0,0.018582374
0.0,0.08355357
0.0,0.06411316
0.0,0.08418891
0.0,0.07029715
1.0,0.13372777
0.0,0.022236086
0.0,0.038165934
1.0,0.04485332
0.0,0.023715334
0.0,0.14363503
0.0,0.04900271
0.0,0.02148748
0.0,0.07787083
0.0,0.10775892
1.0,0.09179877
0.0,0.040210225
0.0,0.029571278
0.0,0.06850549
0.0,0.05425024
0.0,0.04632602
0.0,0.10297499
0.0,0.05054933
0.0,0.05728989
0.0,0.038652264
0.0,0.043967217
0.0,0.018058218
0.0,0.14079252
0.0,0.039719634
0.0,0.015185849
0.0,0.0656786
0.0,0.10846156
0.0,0.026065992
0.0,0.055922147
0.0,0.03778022
0.0,0.02770473
0.0,0.034331426
0.0,0.07190796
0.0,0.051776703
0.0,0.06189622
1.0,0.095768325
0.0,0.06832045
0.0,0.059522316
0.0,0.0287271
0.0,0.04671844
0.0,0.07001574
0.0,0.059325583
0.0,0.059691746
0.0,0.032490134
0.0,0.02243113
0.0,0.008230809
0.0,0.07435551
0.0,0.033554424
0.0,0.08481735
0.0,0.03697404
0.0,0.0126380315
0.0,0.017468574
0.0,0.060420275
0.0,0.057854697
0.0,0.027024664
0.0,0.04248403
0.0,0.077417105
0.0,0.04810203
1.0,0.080066934
0.0,0.040428627
0.0,0.06845582
0.0,0.040265426
0.0,0.041591574
0.0,0.06480791
0.0,0.04476232
0.0,0.034607325
0.0,0.072011136
0.0,0.017829468
0.0,0.023009015
0.0,0.06870855
0.0,0.033170763
0.0,0.059547186
0.0,0.0638852
0.0,0.04367006
0.0,0.03719432
0.0,0.03845893
0.0,0.061804585
0.0,0.07010171
0.0,0.045760024
0.0,0.10276391
0.0,0.07285849
0.0,0.031773858
0.0,0.04921834
0.0,0.06099338
0.0,0.022125993
0.0,0.14003308
0.0,0.04953471
0.0,0.17736611
0.0,0.051549178
0.0,0.03582111
0.0,0.05769406
0.0,0.057325363
0.0,0.04223889
0.0,0.085247144
0.0,0.073323205
0.0,0.019577097
0.0,0.146609
0.0,0.041487522
0.0,0.06529581
0.0,0.044836424
0.0,0.0817982
0.0,0.035400186
0.0,0.047000047
0.0,0.038143247
0.0,0.09139171
0.0,0.016520027
0.0,0.055726603
0.0,0.052245982
0.0,0.07175617
0.0,0.043004684
0.0,0.02022766
0.0,0.019570649
0.0,0.056247827
0.0,0.070872754
0.0,0.051531825
0.0,0.059136
0.0,0.0379137
0.0,0.12105102
0.0,0.054691844
0.0,0.03278445
0.0,0.041486017
0.0,0.044685014
0.0,0.035299607
0.0,0.05699771
0.0,0.018295415
0.0,0.036795944
2.0,0.13101242
1.0,0.042760313
0.0,0.018815722
0.0,0.014016682
0.0,0.06405498
1.0,0.05857385
0.0,0.034413837
1.0,0.040680155
0.0,0.043625873
0.0,0.020006036
0.0,0.03394738
0.0,0.05142284
0.0,0.08585524
0.0,0.024850164
0.0,0.01844983
0.0,0.02865675
0.0,0.038245585
0.0,0.018980185
0.0,0.06845699
0.0,0.19181803
1.0,0.056078654
0.0,0.06525366
0.0,0.036089495
0.0,0.03659945
0.0,0.17058714
0.0,0.045936495
0.0,0.0771251
0.0,0.06672805
0.0,0.08426435
0.0,0.031375736
0.0,0.041445743
0.0,0.039570834
0.0,0.02530883
0.0,0.030291745
0.0,0.03723751
0.0,0.059585076
0.0,0.026877787
0.0,0.07731941
0.0,0.070916906
0.0,0.07859865
0.0,0.040453505
0.0,0.038758256
0.0,0.05456072
0.0,0.057866756
0.0,0.043289367
0.0,0.05508317
0.0,0.060441583
0.0,0.08121525
0.0,0.07225399
0.0,0.021206554
0.0,0.06676973
0.0,0.041176405
0.0,0.09703472
0.0,0.036463175
0.0,0.029711502
1.0,0.026582278
0.0,0.054518513
0.0,0.06857899
0.0,0.07611274
0.0,0.06844012
0.0,0.031543914
0.0,0.049127225
0.0,0.12674549
0.0,0.010876217
0.0,0.053488508
0.0,0.05451547
0.0,0.0582185
0.0,0.07897994
0.0,0.04862865
0.0,0.022636808
0.0,0.027048038
0.0,0.06364506
0.0,0.06590518
0.0,0.036914937
0.0,0.075235344
0.0,0.03288735
0.0,0.058468256
0.0,0.031910174
1.0,0.06838173
0.0,0.07617681
0.0,0.018895661
0.0,0.027323464
0.0,0.09231499
0.0,0.032304585
0.0,0.07435473
0.0,0.027665576
1.0,0.06695916
0.0,0.053873513
0.0,0.050663084
0.0,0.11573257
0.0,0.13743645
0.0,0.13054818
0.0,0.034678407
0.0,0.023106385
0.0,0.021575797
0.0,0.019161757
0.0,0.0614016
1.0,0.06933092
0.0,0.015989633
0.0,0.033276003
0.0,0.08517348
0.0,0.056713913
0.0,0.051937383
0.0,0.06207353
0.0,0.020191146
0.0,0.047185034
0.0,0.0074314075
0.0,0.02950913
0.0,0.05939602
0.0,0.07896763
2.0,0.021476347
0.0,0.019889317
0.0,0.023630809
0.0,0.05864155
0.0,0.030250462
0.0,0.024936054
0.0,0.058772307
0.0,0.02239647
0.0,0.066816434
0.0,0.051443662
0.0,0.06550671
0.0,0.060103282
0.0,0.10787992
0.0,0.067366526
0.0,0.09753595
0.0,0.010036774
0.0,0.021627136
0.0,0.0501318
0.0,0.040487334
0.0,0.033657767
0.0,0.03651844
0.0,0.0751228
0.0,0.042205147
0.0,0.14180094
0.0,0.041730195
0.0,0.16106853
0.0,0.057668895
0.0,0.03564141
0.0,0.11147537
0.0,0.07870805
0.0,0.06161557
0.0,0.056512393
0.0,0.012859076
0.0,0.019557111
0.0,0.03593282
0.0,0.019038396
0.0,0.048582043
0.0,0.04809675
0.0,0.079754554
0.0,0.04290561
0.0,0.06440471
0.0,0.05306082
0.0,0.058747984
0.0,0.031143816
0.0,0.020647535
0.0,0.023290453
0.0,0.07733868
0.0,0.048451494
0.0,0.030028965
0.0,0.034097604
0.0,0.07084255
0.0,0.013098506
0.0,0.025301024
0.0,0.058594562
1.0,0.03798255
0.0,0.039433032
0.0,0.077558234
0.0,0.050305557
0.0,0.0640308
0.0,0.03928881
0.0,0.22794382
0.0,0.03390553
0.0,0.15064047
0.0,0.047428317
0.0,0.073720604
0.0,0.019585902
0.0,0.035787374
0.0,0.036705185
0.0,0.059749667
0.0,0.037951067
0.0,0.015502725
0.0,0.02754801
0.0,0.058277186
0.0,0.048916217
0.0,0.03540044
0.0,0.05333918
0.0,0.031405732
0.0,0.057089023
0.0,0.06846878
0.0,0.05059032
0.0,0.20811063
0.0,0.07123552
0.0,0.0288867
0.0,0.042166423
0.0,0.057305276
0.0,0.06018436
0.0,0.108325906
0.0,0.06586098
0.0,0.047649242
0.0,0.07959848
0.0,0.059945434
0.0,0.049577173
0.0,0.03616912
0.0,0.064926185
0.0,0.010475483
0.0,0.022602867
0.0,0.07458299
0.0,0.028574921
0.0,0.028522456
0.0,0.055103716
0.0,0.0210234
1.0,0.08712947
0.0,0.028013695
0.0,0.037296135
0.0,0.014990025
0.0,0.07444211
0.0,0.049988605
0.0,0.020936994
0.0,0.057061084
0.0,0.10283036
1.0,0.049500566
0.0,0.024100356
0.0,0.055181336
0.0,0.013589756
0.0,0.058935076
0.0,0.031425774
0.0,0.06726968
0.0,0.03184176
0.0,0.034887504
0.0,0.01487447
0.0,0.06288965
0.0,0.01058186
0.0,0.07647377
0.0,0.03498821
0.0,0.03173399
0.0,0.02557268
1.0,0.06048715
0.0,0.0027806188
0.0,0.12527114
0.0,0.020772804
0.0,0.025014212
0.0,0.081545845
0.0,0.083145514
0.0,0.055930387
0.0,0.18715459
1.0,0.08091596
0.0,0.059666988
0.0,0.064266324
0.0,0.050239872
0.0,0.09975998
0.0,0.07198304
0.0,0.02509964
0.0,0.07839282
0.0,0.049772065
0.0,0.024886198
0.0,0.07531332
0.0,0.043312658
0.0,0.03460462
0.0,0.018103758
0.0,0.030797584
0.0,0.07784254
0.0,0.011582223
0.0,0.028300412
0.0,0.05312259
0.0,0.056378786
0.0,0.06313274
0.0,0.020458544
0.0,0.046855606
0.0,0.056388304
0.0,0.0674236
0.0,0.025412213
1.0,0.04453925
0.0,0.03296018
0.0,0.058749106
0.0,0.092309356
0.0,0.099787414
0.0,0.067098305
0.0,0.08471297
0.0,0.061676845
0.0,0.057199843
0.0,0.174165
0.0,0.016345995
0.0,0.047337152
0.0,0.074117176
0.0,0.03879427
0.0,0.015406482
0.0,0.063701525
0.0,0.06741119
0.0,0.078904316
0.0,0.04530018
0.0,0.02380954
1.0,0.044377543
0.0,0.08346662
0.0,0.027430627
0.0,0.087207906
0.0,0.025517743
1.0,0.053958017
0.0,0.022158079
0.0,0.05035401
0.0,0.05693746
0.0,0.022793312
0.0,0.0540616
0.0,0.047765054
0.0,0.058962848
0.0,0.0476432
0.0,0.05266537
0.0,0.01597987
0.0,0.032248624
0.0,0.01953983
0.0,0.05234745
0.0,0.053794526
0.0,0.02081539
0.0,0.027321836
0.0,0.033158317
0.0,0.06457674
0.0,0.102345094
0.0,0.025959814
0.0,0.04085318
0.0,0.05583486
0.0,0.07286271
0.0,0.028964961
0.0,0.03570501
0.0,0.018211117
0.0,0.11375886
0.0,0.01812524
0.0,0.048448607
0.0,0.023629345
0.0,0.026892286
0.0,0.020943655
0.0,0.05101797
0.0,0.035245966
0.0,0.008803764
1.0,0.05581383
0.0,0.03568297
0.0,0.0204214
0.0,0.029231124
0.0,0.06392118
0.0,0.044617437
0.0,0.5101857
0.0,0.033376943
0.0,0.069902256
0.0,0.023684178
0.0,0.01945761
0.0,0.054847576
0.0,0.15040568
0.0,0.016356956
0.0,0.028498529
0.0,0.059093
0.0,0.063907534
0.0,0.016929418
0.0,0.0694417
0.0,0.052237865
0.0,0.06780727
0.0,0.062022034
0.0,0.1186071
1.0,0.07274086
0.0,0.077029325
0.0,0.06716122
1.0,0.1032521
0.0,0.18981518
0.0,0.052566193
0.0,0.04039764
0.0,0.06150023
0.0,0.023973474
1.0,0.014592157
0.0,0.051069934
0.0,0.02303355
2.0,0.05742874
0.0,0.09041202
0.0,0.075819716
0.0,0.13642931
0.0,0.025408711
0.0,0.04959273
0.0,0.03565006
0.0,0.0526293
0.0,0.03874044
0.0,0.045633752
0.0,0.045216985
0.0,0.036358
0.0,0.059265006
0.0,0.034252986
0.0,0.021178268
0.0,0.047268018
0.0,0.02061225
0.0,0.04108597
0.0,0.05427658
0.0,0.03950632
0.0,0.07817609
0.0,0.114834726
0.0,0.051740844
0.0,0.041265603
0.0,0.036776613
0.0,0.02824841
0.0,0.031170277
0.0,0.06075607
0.0,0.01561907
0.0,0.056256972
0.0,0.0723332
0.0,0.05314917
0.0,0.037680265
0.0,0.023403116
0.0,0.03817653
0.0,0.145483
0.0,0.06136501
0.0,0.008655698
0.0,0.01206611
0.0,0.028932385
0.0,0.06649961
0.0,0.018462777
0.0,0.02538368
0.0,0.016988613
0.0,0.061531495
0.0,0.012647321
0.0,0.018478224
0.0,0.10806243
0.0,0.08516276
0.0,0.098186076
0.0,0.019876793
0.0,0.06232052
0.0,0.061751943
0.0,0.010296669
0.0,0.06960619
0.0,0.07693752
0.0,0.10199761
0.0,0.049611676
0.0,0.011441168
0.0,0.01765061
0.0,0.016458487
0.0,0.012826631
0.0,0.02184534
0.0,0.036583956
0.0,0.04061778
0.0,0.02798874
0.0,0.02743726
0.0,0.04477436
0.0,0.055468414
0.0,0.06437126
0.0,0.018253665
0.0,0.04250914
0.0,0.0702408
0.0,0.037721053
0.0,0.086274385
0.0,0.016668398
0.0,0.07409191
0.0,0.035595976
0.0,0.056018334
0.0,0.015664442
0.0,0.036636744
0.0,0.024057701
0.0,0.03461883
0.0,0.06621031
0.0,0.08281137
0.0,0.0126201045
0.0,0.19986811
0.0,0.12964481
0.0,0.075245485
0.0,0.05459588
0.0,0.08361542
0.0,0.041731328
0.0,0.01599958
0.0,0.058913272
0.0,0.03306784
0.0,0.01059855
0.0,0.0649802
0.0,0.053752396
0.0,0.07567993
0.0,0.07966227
0.0,0.064160414
0.0,0.012666459
0.0,0.02300172
0.0,0.03147085
0.0,0.04509062
0.0,0.035983488
0.0,0.06524859
0.0,0.035163946
0.0,0.07982092
0.0,0.054750476
0.0,0.052791893
0.0,0.08087696
0.0,0.029900571
0.0,0.08200077
0.0,0.09975977
0.0,0.026454361
0.0,0.04468167
0.0,0.060810834
0.0,0.030032847
0.0,0.065394826
1.0,0.07545215
0.0,0.08658142
0.0,0.0615768
0.0,0.08767021
0.0,0.06347921
0.0,0.06806335
0.0,0.06470724
0.0,0.05816969
0.0,0.021104295
0.0,0.05292336
0.0,0.05996982
0.0,0.06305549
0.0,0.07589656
1.0,0.03840375
0.0,0.030500967
0.0,0.024501858
0.0,0.03817769
0.0,0.061781958
0.0,0.042926688
0.0,0.084521234
0.0,0.079058275
0.0,0.05436068
0.0,0.036062125
0.0,0.018112194
0.0,0.04893138
0.0,0.07428299
0.0,0.06673985
0.0,0.06470567
0.0,0.07466059
0.0,0.04827155
0.0,0.031439565
0.0,0.11842679
0.0,0.070685595
0.0,0.04158788
0.0,0.010918983
0.0,0.0661478
0.0,0.017917175
0.0,0.06995929
0.0,0.02682254
0.0,0.06992402
0.0,0.06967978
0.0,0.04790796
0.0,0.06605549
0.0,0.017417818
0.0,0.0264975
0.0,0.01869414
0.0,0.06730568
0.0,0.059374556
0.0,0.01778751
0.0,0.02760833
0.0,0.026529992
0.0,0.056331947
0.0,0.026892595
0.0,0.024714325
0.0,0.11905945
0.0,0.07346322
0.0,0.042059354
0.0,0.052609224
0.0,0.045892447
0.0,0.04981357
0.0,0.07015724
0.0,0.03428152
0.0,0.043169953
0.0,0.06529115
0.0,0.0488008
0.0,0.059347425
0.0,0.015462268
0.0,0.041706085
0.0,0.075023375
0.0,0.04397135
0.0,0.016539622
0.0,0.017757349
0.0,0.042032987
0.0,0.061839532
0.0,0.031776402
0.0,0.05701928
0.0,0.016356496
0.0,0.029560901
0.0,0.024087362
0.0,0.038520724
0.0,0.020999465
0.0,0.07120543
0.0,0.027565025
0.0,0.12112106
0.0,0.04092169
0.0,0.0894396
0.0,0.07346668
0.0,0.037351485
0.0,0.057343077
0.0,0.035955943
0.0,0.054696668
0.0,0.09366466
0.0,0.047482807
0.0,0.08069695
0.0,0.07207567
0.0,0.0523335
0.0,0.015912205
0.0,0.019247893
0.0,0.022337927
0.0,0.033292063
0.0,0.03696265
0.0,0.07848482
0.0,0.047042355
0.0,0.03583676
0.0,0.032230113
0.0,0.055369712
0.0,0.09489129
0.0,0.117866665
0.0,0.09687684
1.0,0.061307684
0.0,0.026798481
1.0,0.097155005
0.0,0.017130349
0.0,0.051331118
0.0,0.017123742
0.0,0.028846273
0.0,0.074767545
0.0,0.057207506
0.0,0.044060424
0.0,0.033033233
0.0,0.089019656
0.0,0.025599753
0.0,0.05749081
0.0,0.055339992
0.0,0.06405086
0.0,0.026481647
0.0,0.047059093
0.0,0.0878835
0.0,0.047043476
0.0,0.05261991
0.0,0.075819656
0.0,0.058702342
0.0,0.054421525
0.0,0.028399406
0.0,0.06931909
0.0,0.019499248
0.0,0.052159958
0.0,0.054195996
0.0,0.120314516
0.0,0.02335608
0.0,0.050843526
0.0,0.06903771
0.0,0.17647146
0.0,0.024128366
0.0,0.08701314
0.0,0.019549027
0.0,0.024372991
0.0,0.107631385
1.0,0.07230469
0.0,0.08750528
0.0,0.045199115
0.0,0.045759458
0.0,0.01697781
0.0,0.04907518
0.0,0.032223828
0.0,0.05033879
0.0,0.07618009
0.0,0.04290424
0.0,0.017193254
0.0,0.020067863
0.0,0.021466967
0.0,0.04431996
0.0,0.0562245
0.0,0.038939
0.0,0.04038493
0.0,0.031111207
0.0,0.011747816
0.0,0.049728677
0.0,0.052046046
0.0,0.06030415
0.0,0.04090558
0.0,0.029959928
0.0,0.06041195
0.0,0.0567582
0.0,0.014228678
0.0,0.061484423
0.0,0.04319975
0.0,0.025583487
0.0,0.08585428
0.0,0.0624182
0.0,0.060828842
0.0,0.06712739
0.0,0.022781186
0.0,0.035754353
0.0,0.052608773
0.0,0.06442093
0.0,0.1708965
0.0,0.051404994
0.0,0.036079615
0.0,0.041132994
0.0,0.072360426
0.0,0.01695721
0.0,0.10102007
0.0,0.16778466
0.0,0.14505863
0.0,0.09465927
0.0,0.070794664
0.0,0.06625767
0.0,0.038911436
0.0,0.027877443
0.0,0.045021206
0.0,0.06894179
0.0,0.014636108
0.0,0.047019325
0.0,0.037004642
0.0,0.067544654
0.0,0.041682463
0.0,0.02782533
0.0,0.08992377
0.0,0.05200251
0.0,0.031352315
0.0,0.06611261
0.0,0.03356543
1.0,0.08753395
0.0,0.035979714
0.0,0.04446496
0.0,0.023696367
0.0,0.03632492
0.0,0.008131768
0.0,0.009935766
0.0,0.063043274
0.0,0.07885561
0.0,0.073317006
0.0,0.03821545
0.0,0.021110183
0.0,0.015111253
0.0,0.09406421
0.0,0.026036352
0.0,0.053304218
0.0,0.19700575
0.0,0.061214413
0.0,0.061531585
0.0,0.013335367
0.0,0.09918149
0.0,0.023805533
0.0,0.023637582
0.0,0.06561128
0.0,0.025086025
0.0,0.06507127
0.0,0.115437046
0.0,0.1149689
0.0,0.05048966
0.0,0.06386896
0.0,0.08541906
0.0,0.10264046
0.0,0.02553722
0.0,0.056535613
0.0,0.029237997
0.0,0.059297048
0.0,0.024256367
0.0,0.024264684
0.0,0.03209849
0.0,0.02339497
0.0,0.037572183
0.0,0.023934936
0.0,0.031566393
0.0,0.053939417
0.0,0.035539873
0.0,0.044135343
0.0,0.03364493
0.0,0.039444916
0.0,0.04784242
0.0,0.037865043
1.0,0.05651024
0.0,0.030642327
0.0,0.057714712
0.0,0.048775487
0.0,0.03567732
0.0,0.03279371
0.0,0.061996397
0.0,0.18863901
0.0,0.051707152
0.0,0.08837745
1.0,0.06441426
0.0,0.08726022
0.0,0.120400056
0.0,0.061425067
0.0,0.076118946
0.0,0.03225585
0.0,0.053267553
0.0,0.0831312
0.0,0.050590202
1.0,0.08352582
0.0,0.0192207
0.0,0.1457284
0.0,0.019612912
0.0,0.049698904
0.0,0.053401936
0.0,0.028324712
0.0,0.06033215
0.0,0.022823393
0.0,0.02009269
0.0,0.031497873
0.0,0.021207737
0.0,0.011091847
0.0,0.05856015
0.0,0.022521049
0.0,0.010742357
0.0,0.057167314
1.0,0.052172046
0.0,0.013334795
0.0,0.05091874
0.0,0.05135954
0.0,0.03662885
0.0,0.068552345
0.0,0.058591463
0.0,0.0643187
0.0,0.028788863
0.0,0.05490106
0.0,0.060454007
0.0,0.044029802
0.0,0.037948985
0.0,0.029759923
0.0,0.03055031
0.0,0.047194913
0.0,0.025690218
0.0,0.05348417
0.0,0.052842185
0.0,0.022543516
0.0,0.07016507
0.0,0.06259461
0.0,0.089367
0.0,0.013318673
0.0,0.019316163
0.0,0.059205815
0.0,0.039634854
0.0,0.037107408
0.0,0.044721164
0.0,0.060440257
0.0,0.14615977
0.0,0.07345246
0.0,0.040435877
0.0,0.010499012
0.0,0.03807939
0.0,0.05985065
0.0,0.042950623
0.0,0.06907334
0.0,0.037271015
0.0,0.011397265
1.0,0.23170441
0.0,0.053650994
0.0,0.13972655
0.0,0.02222027
0.0,0.015975794
0.0,0.035148557
0.0,0.13640833
0.0,0.06754967
0.0,0.06624261
0.0,0.03695215
0.0,0.03961866
0.0,0.047845885
0.0,0.028202744
0.0,0.024270933
0.0,0.19104952
0.0,0.02593711
0.0,0.059478056
0.0,0.029380213
0.0,0.08968386
0.0,0.08187949
0.0,0.0334856
0.0,0.09944993
0.0,0.076424465
0.0,0.03335238
0.0,0.03848595
0.0,0.06978931
0.0,0.08077219
0.0,0.06840801
0.0,0.03901077
0.0,0.017112233
0.0,0.037135236
0.0,0.041021407
0.0,0.09008433
0.0,0.023673328
0.0,0.054954857
0.0,0.067334
0.0,0.41089898
0.0,0.03455677
0.0,0.06348499
0.0,0.022086147
0.0,0.01178878
0.0,0.024898354
0.0,0.03962378
0.0,0.016156651
0.0,0.055705536
0.0,0.055210367
0.0,0.02502643
0.0,0.028531652
1.0,0.042587005
0.0,0.06760988
0.0,0.042331904
0.0,0.03251752
0.0,0.050922625
0.0,0.14338389
0.0,0.093962714
0.0,0.06142356
0.0,0.050563168
0.0,0.08904612
0.0,0.020809276
1.0,0.11138945
0.0,0.04941913
0.0,0.033908438
0.0,0.09090167
0.0,0.08350923
0.0,0.046238933
0.0,0.03627451
0.0,0.059881695
0.0,0.07119603
0.0,0.04044068
0.0,0.04168151
0.0,0.036145587
0.0,0.022005707
0.0,0.06774265
0.0,0.023234382
0.0,0.045347597
0.0,0.042384963
0.0,0.077511944
0.0,0.022788182
0.0,0.023575356
0.0,0.054463685
0.0,0.054711513
0.0,0.031413745
0.0,0.01589327
0.0,0.029673386
0.0,0.026080439
0.0,0.07031498
1.0,0.06038764
0.0,0.03792831
0.0,0.044941608
0.0,0.022635622
0.0,0.012637266
0.0,0.02265212
0.0,0.04037542
0.0,0.06022481
0.0,0.032452896
0.0,0.046676893
0.0,0.015952675
0.0,0.084755495
0.0,0.041964978
0.0,0.06098969
0.0,0.013169821
0.0,0.08317378
0.0,0.046972916
0.0,0.113786876
0.0,0.070144795
0.0,0.057084095
0.0,0.05322373
0.0,0.038652703
0.0,0.029346189
0.0,0.0329491
0.0,0.26419586
0.0,0.07354193
0.0,0.019814007
0.0,0.09825923
0.0,0.031820025
0.0,0.07214411
0.0,0.076892294
0.0,0.057143368
0.0,0.042636886
0.0,0.060856175
1.0,0.061077345
1.0,0.06792455
0.0,0.049230218
0.0,0.046890516
0.0,0.070070215
0.0,0.017884832
0.0,0.06293825
0.0,0.038694657
0.0,0.014711311
0.0,0.050556008
0.0,0.022368837
0.0,0.038536396
0.0,0.098733805
0.0,0.095402285
0.0,0.049512677
0.0,0.06184984
0.0,0.023307985
0.0,0.035265334
0.0,0.02239395
0.0,0.041628994
0.0,0.049989462
0.0,0.026253112
0.0,0.15998153
0.0,0.0372341
0.0,0.015544999
0.0,0.05860954
0.0,0.031753726
0.0,0.049136642
0.0,0.03913986
0.0,0.048921674
0.0,0.077666536
0.0,0.06012352
0.0,0.13445531
0.0,0.0537134
0.0,0.039365005
0.0,0.0059128255
0.0,0.08039767
0.0,0.047805406
0.0,0.02009159
0.0,0.044098742
1.0,0.097037636
0.0,0.013521143
0.0,0.03381716
0.0,0.06292073
0.0,0.022117142
0.0,0.041550204
0.0,0.033839434
0.0,0.06554674
0.0,0.013920953
0.0,0.07660191
0.0,0.08988021
0.0,0.07138762
0.0,0.05202148
0.0,0.07104613
0.0,0.021131452
0.0,0.021121722
0.0,0.06839324
0.0,0.093755454
0.0,0.08663069
0.0,0.06612897
0.0,0.02001282
0.0,0.053761035
0.0,0.04194283
0.0,0.14509818
0.0,0.038382128
0.0,0.05124787
0.0,0.041372467
0.0,0.04183902
0.0,0.03446098
0.0,0.07203252
0.0,0.016305124
0.0,0.10298324
0.0,0.035003614
0.0,0.07253417
0.0,0.02682602
0.0,0.0603865
0.0,0.060807295
0.0,0.029965915
0.0,0.011508206
0.0,0.027464695
0.0,0.062947154
0.0,0.044311382
0.0,0.039942514
0.0,0.017370617
3.0,0.05370049
0.0,0.020869743
0.0,0.03235953
0.0,0.035348166
0.0,0.067139156
0.0,0.033921845
0.0,0.06758525
0.0,0.07164089
0.0,0.09683472
0.0,0.057810824
0.0,0.034936897
0.0,0.039504964
0.0,0.10703534
0.0,0.061253946
0.0,0.031324297
0.0,0.0531551
0.0,0.020835686
0.0,0.050150882
2.0,0.0392123
0.0,0.02764428
0.0,0.038108904
0.0,0.06127025
0.0,0.012434867
0.0,0.04788978
0.0,0.04231818
0.0,0.13990717
0.0,0.06668405
0.0,0.054057963
0.0,0.073928475
0.0,0.034447
0.0,0.025126537
0.0,0.06685914
0.0,0.04337038
0.0,0.060875706
0.0,0.032233957
0.0,0.073328994
0.0,0.03418343
0.0,0.07021751
0.0,0.052057162
0.0,0.14998199
0.0,0.11261599
0.0,0.08963737
0.0,0.05196513
0.0,0.09085041
1.0,0.035617694
0.0,0.08108753
0.0,0.021346316
0.0,0.06298851
0.0,0.049878363
2.0,0.08674622
0.0,0.027356174
1.0,0.025905455
0.0,0.042124964
0.0,0.046405014
0.0,0.025868423
0.0,0.0846841
0.0,0.01493439
0.0,0.036694214
0.0,0.13485488
0.0,0.07756003
1.0,0.03665116
0.0,0.017973479
0.0,0.02630411
0.0,0.057322737
0.0,0.007764036
0.0,0.061344996
0.0,0.050972108
0.0,0.038739353
0.0,0.01614821
0.0,0.036760554
0.0,0.0474456
0.0,0.051684596
0.0,0.13076942
0.0,0.011811687
0.0,0.0632312
0.0,0.04407778
0.0,0.028773725
0.0,0.11433064
0.0,0.01219835
0.0,0.04848364
0.0,0.060095202
0.0,0.053098254
0.0,0.07100293
0.0,0.073713474
0.0,0.042874545
0.0,0.023502702
0.0,0.05859002
0.0,0.044274464
0.0,0.058597162
1.0,0.38910997
0.0,0.011899384
1.0,0.08761885
0.0,0.035852484
0.0,0.016690437
1.0,0.027623052
0.0,0.058012795
0.0,0.054201294
0.0,0.041495062
0.0,0.06776131
0.0,0.051005736
0.0,0.048455767
0.0,0.042279936
0.0,0.050731666
0.0,0.05302058
0.0,0.05416507
0.0,0.12687483
0.0,0.052615874
0.0,0.07256131
0.0,0.025818823
0.0,0.029115621
0.0,0.07672671
0.0,0.03987433
0.0,0.05680378
0.0,0.06461727
0.0,0.059089758
0.0,0.086652294
0.0,0.01850676
0.0,0.06765738
0.0,0.016671205
0.0,0.063274495
0.0,0.02459568
0.0,0.027001144
0.0,0.06600384
1.0,0.054352283
0.0,0.064850256
0.0,0.15140747
0.0,0.03744004
0.0,0.034026496
0.0,0.04829416
1.0,0.152306
0.0,0.03564367
0.0,0.04547
0.0,0.015674895
0.0,0.050100952
0.0,0.057163414
0.0,0.07411023
0.0,0.0639453
0.0,0.06280026
0.0,0.030545007
0.0,0.04954855
0.0,0.05310023
0.0,0.036121223
0.0,0.025556661
0.0,0.103699446
0.0,0.040497374
0.0,0.046929505
0.0,0.067337506
0.0,0.020158265
0.0,0.022281045
0.0,0.01625883
0.0,0.08232434
0.0,0.020652242
0.0,0.038529836
0.0,0.032926973
0.0,0.026195027
0.0,0.076555006
0.0,0.054405026
0.0,0.031048
0.0,0.08262902
0.0,0.08104701
0.0,0.13350561
0.0,0.047453925
0.0,0.031024188
0.0,0.041724443
0.0,0.054329015
0.0,0.025987804
0.0,0.081305176
0.0,0.020610597
0.0,0.119220905
0.0,0.02204816
0.0,0.033577073
0.0,0.029331682
0.0,0.06190032
0.0,0.018201638
0.0,0.09567006
1.0,0.041964497
0.0,0.040048167
0.0,0.021385744
0.0,0.0355999
0.0,0.052262727
1.0,0.02176751
0.0,0.030840922
0.0,0.036934603
0.0,0.039701093
0.0,0.028712254
0.0,0.0653094
0.0,0.029234776
0.0,0.049732022
0.0,0.041531663
0.0,0.018169787
0.0,0.044678748
0.0,0.029351816
0.0,0.029957756
0.0,0.03528932
0.0,0.07905556
0.0,0.069285005
0.0,0.11885196
0.0,0.12278387
0.0,0.08068375
0.0,0.08250504
0.0,0.036052134
1.0,0.07590932
1.0,0.07678589
0.0,0.086016625
0.0,0.052423466
0.0,0.060156643
0.0,0.076960266
0.0,0.13433647
0.0,0.095148325
0.0,0.03001113
0.0,0.0941955
0.0,0.049484707
0.0,0.05203083
0.0,0.014680261
0.0,0.0340221
0.0,0.11212295
0.0,0.061035916
0.0,0.07193467
0.0,0.07642864
0.0,0.024019495
0.0,0.052113492
0.0,0.03076896
0.0,0.06662303
0.0,0.01887647
0.0,0.058133308
0.0,0.033285968
0.0,0.040666327
0.0,0.060869552
0.0,0.03723602
0.0,0.056692377
1.0,0.02939958
0.0,0.02055884
0.0,0.05042232
0.0,0.023121607
0.0,0.05014861
0.0,0.09588857
0.0,0.03335731
0.0,0.04240825
0.0,0.05290943
0.0,0.09503234
0.0,0.036208138
0.0,0.043563988
0.0,0.043369677
0.0,0.016334813
0.0,0.08247574
0.0,0.10155985
0.0,0.08570707
0.0,0.037342437
0.0,0.04734318
0.0,0.040515646
0.0,0.0375573
0.0,0.02596338
0.0,0.17549512
0.0,0.040768646
0.0,0.02811009
0.0,0.022411864
0.0,0.08896394
0.0,0.06714491
0.0,0.023757078
0.0,0.09825905
0.0,0.018356094
0.0,0.026171567
0.0,0.025937617
0.0,0.16511893
0.0,0.038304426
0.0,0.101765096
0.0,0.08059058
0.0,0.043501653
0.0,0.018781327
0.0,0.038521368
0.0,0.04781234
0.0,0.05355864
0.0,0.04005661
0.0,0.031154778
0.0,0.046797886
0.0,0.029535554
0.0,0.075678915
0.0,0.021940077
0.0,0.057982057
0.0,0.030936453
0.0,0.11886403
0.0,0.02976035
0.0,0.12897302
0.0,0.021972584
0.0,0.06904996
0.0,0.11860371
0.0,0.019220343
0.0,0.022368923
0.0,0.022783814
0.0,0.047480904
0.0,0.029477052
0.0,0.028928742
0.0,0.13254084
0.0,0.14693728
0.0,0.035468377
0.0,0.07411756
0.0,0.05554816
0.0,0.019216787
0.0,0.06752862
0.0,0.04998977
0.0,0.05064202
0.0,0.019438395
0.0,0.006051408
0.0,0.061884295
0.0,0.024413342
0.0,0.04563186
0.0,0.021421086
0.0,0.03658816
0.0,0.09467602
0.0,0.027067933
0.0,0.054059483
0.0,0.039364837
0.0,0.04390242
0.0,0.03371156
0.0,0.044155743
0.0,0.06168873
0.0,0.01024055
0.0,0.047940318
0.0,0.074819684
0.0,0.05626017
0.0,0.06572739
0.0,0.07791157
0.0,0.035579823
0.0,0.036802627
0.0,0.048688907
0.0,0.09936838
0.0,0.080904596
0.0,0.053919025
0.0,0.094956875
0.0,0.026642134
0.0,0.16224717
0.0,0.084594116
0.0,0.06440704
0.0,0.050769344
0.0,0.04134602
0.0,0.064070225
0.0,0.053350322
0.0,0.06378685
0.0,0.016781565
0.0,0.034734957
0.0,0.03144018
0.0,0.02727301
1.0,0.06686389
0.0,0.08083016
0.0,0.08149998
0.0,0.044834137
0.0,0.07662321
0.0,0.022609796
0.0,0.049529348
0.0,0.068322346
0.0,0.07085393
0.0,0.017241998
0.0,0.06250562
0.0,0.07115525
0.0,0.03738668
0.0,0.03350871
0.0,0.05756474
0.0,0.093346134
1.0,0.054958813
0.0,0.024783976
0.0,0.0827765
0.0,0.048671637
0.0,0.048295427
0.0,0.06591235
0.0,0.0236419
0.0,0.023373004
0.0,0.032070924
0.0,0.05192671
0.0,0.05972819
0.0,0.07596129
0.0,0.029190814
0.0,0.026362512
0.0,0.03045147
0.0,0.027244454
0.0,0.061580632
0.0,0.078131355
0.0,0.07264611
0.0,0.043012682
0.0,0.045407146
0.0,0.03537052
1.0,0.085455894
0.0,0.08768911
0.0,0.13433339
0.0,0.03692256
0.0,0.03232181
0.0,0.110917255
0.0,0.18181509
0.0,0.048174582
0.0,0.024259085
0.0,0.056477264
1.0,0.018238893
0.0,0.044009045
0.0,0.04503572
0.0,0.054777034
1.0,0.011500334
0.0,0.10106629
0.0,0.05876184
0.0,0.03441346
0.0,0.040913653
0.0,0.033779126
0.0,0.014697351
0.0,0.035054825
0.0,0.07765965
0.0,0.07571315
0.0,0.0314452
0.0,0.022335678
0.0,0.031107944
0.0,0.0687926
0.0,0.05487125
0.0,0.060247786
0.0,0.054730587
0.0,0.07764691
0.0,0.11206405
0.0,0.080109
0.0,0.021945653
0.0,0.08114563
0.0,0.07174498
0.0,0.075973794
0.0,0.06685072
0.0,0.07342137
0.0,0.061411053
0.0,0.0831981
0.0,0.05209682
0.0,0.05848171
0.0,0.083320975
0.0,0.042750485
1.0,0.12963682
0.0,0.05710857
0.0,0.041227818
0.0,0.036974233
0.0,0.039190393
0.0,0.02155484
0.0,0.06729416
0.0,0.082192786
0.0,0.023632409
0.0,0.06643037
1.0,0.03516864
0.0,0.042414196
0.0,0.06463166
0.0,0.04504487
0.0,0.04552204
0.0,0.07870482
0.0,0.052030087
0.0,0.072875634
0.0,0.054728314
0.0,0.035835236
0.0,0.05446431
0.0,0.041876227
0.0,0.038532812
0.0,0.030520141
0.0,0.07241118
0.0,0.070894994
0.0,0.05434065
0.0,0.05404397
0.0,0.040838264
0.0,0.015066788
0.0,0.050283995
0.0,0.06593445
0.0,0.039983615
0.0,0.09475194
0.0,0.027373072
0.0,0.05944514
0.0,0.017712587
0.0,0.036675148
0.0,0.022659749
0.0,0.03503424
0.0,0.0816855
0.0,0.018506486
0.0,0.09223655
0.0,0.09237901
0.0,0.024810025
0.0,0.056232248
0.0,0.056242704
0.0,0.027144903
0.0,0.040375207
0.0,0.038625732
0.0,0.039041236
0.0,0.10192896
0.0,0.027125599
0.0,0.039010435
0.0,0.02093947
0.0,0.07760157
0.0,0.07273458
0.0,0.020296246
1.0,0.051850922
0.0,0.06277272
1.0,0.07036831
0.0,0.042681944
0.0,0.061223168
0.0,0.044939786
0.0,0.051662963
0.0,0.033433508
0.0,0.042148273
0.0,0.032256357
0.0,0.03831058
0.0,0.10906037
0.0,0.061085124
0.0,0.04574676
0.0,0.045009203
0.0,0.04686418
0.0,0.018535709
0.0,0.11076921
0.0,0.02558489
0.0,0.023292253
0.0,0.020243619
0.0,0.0262842
0.0,0.037756685
0.0,0.054559704
0.0,0.12087527
0.0,0.05039701
0.0,0.058417745
0.0,0.03736834
0.0,0.06207208
0.0,0.0790871
0.0,0.014775201
0.0,0.12667179
0.0,0.054134265
0.0,0.052074444
0.0,0.02778648
0.0,0.07144572
0.0,0.052754823
0.0,0.076720566
0.0,0.02766456
0.0,0.010732854
0.0,0.024056163
0.0,0.06770884
0.0,0.039575383
0.0,0.04762639
0.0,0.04574565
0.0,0.041963577
0.0,0.07871774
0.0,0.06943317
0.0,0.062345427
0.0,0.026553025
1.0,0.037437983
0.0,0.061473574
1.0,0.12087262
0.0,0.047893047
1.0,0.015298152
0.0,0.03431251
0.0,0.073168516
0.0,0.034508027
0.0,0.06272401
0.0,0.051446754
0.0,0.01650654
0.0,0.053514987
0.0,0.044733874
0.0,0.06996251
0.0,0.036499344
0.0,0.053152516
0.0,0.014497847
0.0,0.10206655
0.0,0.048566684
0.0,0.06428999
0.0,0.02086051
0.0,0.04436925
0.0,0.04152689
0.0,0.051887825
1.0,0.06936763
0.0,0.07240629
0.0,0.072914496
0.0,0.061681684
0.0,0.014782967
0.0,0.09961441
0.0,0.11856294
0.0,0.051383965
0.0,0.0463769
2.0,0.33045927
0.0,0.0253104
0.0,0.047837675
0.0,0.026786525
0.0,0.017535295
1.0,0.0658526
0.0,0.047050342
0.0,0.0139533505
0.0,0.029102797
0.0,0.08382508
0.0,0.026402492
0.0,0.040321086
0.0,0.11642412
0.0,0.05655047
0.0,0.109587505
0.0,0.063829444
1.0,0.071389034
0.0,0.025665425
0.0,0.08288524
0.0,0.061170876
0.0,0.019048166
0.0,0.02587305
0.0,0.047353968
0.0,0.023676828
0.0,0.07159642
0.0,0.050105013
0.0,0.0484578
0.0,0.055159397
0.0,0.059726052
0.0,0.050914414
0.0,0.03220125
0.0,0.03374591
0.0,0.06290642
0.0,0.02001367
0.0,0.018728241
0.0,0.07577195
0.0,0.0054403753
0.0,0.03380766
0.0,0.04199957
0.0,0.025080822
0.0,0.05290355
1.0,0.065112084
1.0,0.118491076
0.0,0.04954137
0.0,0.11219528
0.0,0.08267146
0.0,0.016726233
0.0,0.058799706
1.0,0.06794204
0.0,0.028926494
0.0,0.022093942
0.0,0.05941167
0.0,0.054099068
0.0,0.044311382
0.0,0.04837688
0.0,0.032773025
0.0,0.054600228
0.0,0.037002083
0.0,0.030458672
0.0,0.060359642
0.0,0.034387592
0.0,0.032334853
0.0,0.045567673
1.0,0.049632236
0.0,0.048612792
0.0,0.031944916
0.0,0.20467924
0.0,0.039792296
0.0,0.018903475
0.0,0.0751357
0.0,0.009292179
0.0,0.078153096
1.0,0.048788562
0.0,0.018778319
0.0,0.09111655
0.0,0.018103031
0.0,0.034904677
0.0,0.04951322
0.0,0.047786582
0.0,0.0513786
0.0,0.011850884
0.0,0.033482693
0.0,0.028958512
0.0,0.03064693
0.0,0.029589064
0.0,0.041929655
0.0,0.06401193
0.0,0.058977835
0.0,0.021552991
0.0,0.059760094
0.0,0.09024895
0.0,0.0697775
0.0,0.037401155
0.0,0.1846964
1.0,0.06545641
0.0,0.043438412
0.0,0.07045611
0.0,0.025062602
0.0,0.03338987
0.0,0.03741826
0.0,0.05245427
0.0,0.05687044
0.0,0.0104054175
0.0,0.022816997
0.0,0.004916573
0.0,0.04307705
1.0,0.04181046
0.0,0.07570396
0.0,0.045595516
0.0,0.064268164
0.0,0.06839037
0.0,0.059009846
0.0,0.059214257
0.0,0.018660022
0.0,0.03574922
0.0,0.024071723
0.0,0.024666255
0.0,0.023474354
1.0,0.011435453
0.0,0.0386284
0.0,0.019065332
0.0,0.054909177
0.0,0.032383163
0.0,0.0450639
0.0,0.06626653
0.0,0.04684046
0.0,0.024235418
0.0,0.017838772
0.0,0.058554146
0.0,0.07936746
0.0,0.025485568
0.0,0.03141897
0.0,0.051919553
0.0,0.04703677
0.0,0.009815845
0.0,0.05973877
0.0,0.07158854
0.0,0.055369634
0.0,0.06391767
0.0,0.01914206
0.0,0.012443592
0.0,0.0619603
0.0,0.054984737
0.0,0.04223746
0.0,0.021621443
0.0,0.14451195
0.0,0.020674992
0.0,0.068742886
0.0,0.02226176
0.0,0.04686244
0.0,0.024493927
0.0,0.044319686
0.0,0.07228514
0.0,0.021820271
0.0,0.03388767
0.0,0.016860852
0.0,0.05367712
0.0,0.04792446
0.0,0.010807665
0.0,0.030824779
0.0,0.032120448
0.0,0.024627272
0.0,0.052617602
0.0,0.073566504
0.0,0.016700564
0.0,0.043395206
0.0,0.117574885
1.0,0.07997852
0.0,0.04639709
0.0,0.07180929
0.0,0.079387635
0.0,0.017841017
0.0,0.015041685
0.0,0.025970127
0.0,0.09506714
0.0,0.06954756
0.0,0.10557228
0.0,0.02106613
0.0,0.019561496
0.0,0.054021582
0.0,0.051614285
0.0,0.060358778
0.0,0.05821156
0.0,0.036117587
0.0,0.029223055
0.0,0.054182276
0.0,0.04818306
0.0,0.08924291
0.0,0.027158447
0.0,0.027843406
0.0,0.04515683
0.0,0.035615228
0.0,0.034195967
0.0,0.07153819
0.0,0.06380172
0.0,0.0984742
0.0,0.12640774
0.0,0.07474471
0.0,0.086789005
0.0,0.08817261
0.0,0.054106474
0.0,0.108830445
0.0,0.03468097
0.0,0.02873732
0.0,0.044569336
0.0,0.05196317
0.0,0.21440928
0.0,0.017429143
0.0,0.056055367
0.0,0.027413798
0.0,0.047882996
1.0,0.07141067
0.0,0.055098463
0.0,0.016757272
0.0,0.03592196
0.0,0.045525298
0.0,0.06220746
0.0,0.022751331
0.0,0.07268424
0.0,0.023359388
0.0,0.06921292
0.0,0.016362831
0.0,0.15864804
0.0,0.0262681
0.0,0.035271876
0.0,0.03021765
0.0,0.01981925
0.0,0.0878595
0.0,0.07186013
0.0,0.03746168
0.0,0.04646309
0.0,0.046975043
0.0,0.01973195
0.0,0.032274716
0.0,0.029608993
0.0,0.035229098
0.0,0.1276376
0.0,0.008821884
0.0,0.050665766
0.0,0.025377072
0.0,0.036749616
0.0,0.012206316
0.0,0.030614154
0.0,0.07499646
0.0,0.036824748
0.0,0.05126219
0.0,0.010915584
0.0,0.068330064
0.0,0.076500505
0.0,0.097821705
0.0,0.05181195
0.0,0.15017702
0.0,0.13534223
0.0,0.06999067
0.0,0.014447393
0.0,0.017698389
0.0,0.053620636
0.0,0.039969586
0.0,0.10137686
0.0,0.050113518
0.0,0.083100185
0.0,0.023267776
0.0,0.09185909
0.0,0.07127284
0.0,0.06065289
0.0,0.083439335
0.0,0.05553839
0.0,0.06354801
0.0,0.021988789
0.0,0.03575628
0.0,0.037726395
0.0,0.03674464
0.0,0.06916632
0.0,0.026829027
0.0,0.025501614
0.0,0.027859926
0.0,0.04046373
0.0,0.027109578
0.0,0.049127154
0.0,0.044692963
0.0,0.07375479
0.0,0.056681037
0.0,0.07220138
0.0,0.0200584
0.0,0.02657323
0.0,0.043439925
0.0,0.052154213
0.0,0.044068407
0.0,0.046176843
0.0,0.07008161
0.0,0.07659876
0.0,0.07032447
0.0,0.077209145
0.0,0.022707762
0.0,0.05222145
0.0,0.049084164
0.0,0.0043442594
0.0,0.050671853
0.0,0.067563005
0.0,0.047192708
0.0,0.10379958
0.0,0.0728658
0.0,0.031148152
0.0,0.03407326
0.0,0.074852444
0.0,0.058812592
0.0,0.027517524
0.0,0.019474104
0.0,0.07847733
0.0,0.022634543
0.0,0.07003544
0.0,0.03151069
0.0,0.060714234
0.0,0.027044568
0.0,0.010611521
0.0,0.042118557
0.0,0.049872845
0.0,0.026350925
0.0,0.051455144
0.0,0.017145092
0.0,0.02362745
0.0,0.059369586
0.0,0.02362735
0.0,0.05412322
0.0,0.039737362
0.0,0.03003594
0.0,0.038589112
0.0,0.07393539
0.0,0.041890502
0.0,0.07509655
0.0,0.024142867
0.0,0.03792245
0.0,0.06747873
0.0,0.077074535
0.0,0.06464162
0.0,0.04636664
0.0,0.012433059
0.0,0.036868636
1.0,0.06600481
0.0,0.08584848
0.0,0.053139437
0.0,0.019425424
0.0,0.059412137
0.0,0.023637582
0.0,0.011534119
0.0,0.04290825
0.0,0.021063969
0.0,0.03350459
0.0,0.07589721
0.0,0.049239986
0.0,0.025040587
0.0,0.012882182
0.0,0.017980818
0.0,0.051840786
0.0,0.07116891
0.0,0.05334869
0.0,0.042785764
0.0,0.036465786
0.0,0.037431862
0.0,0.06500521
0.0,0.12848884
0.0,0.03417269
0.0,0.10646432
0.0,0.078372754
0.0,0.06664432
0.0,0.05857385
0.0,0.057338007
0.0,0.038271196
0.0,0.0468142
0.0,0.019354979
0.0,0.04004603
0.0,0.041655205
0.0,0.025941154
0.0,0.20762947
0.0,0.048260204
0.0,0.018269593
0.0,0.010969959
0.0,0.036431007
0.0,0.039536115
0.0,0.096201986
0.0,0.06491842
0.0,0.04783108
0.0,0.07172059
0.0,0.04146478
0.0,0.084842235
0.0,0.08920045
0.0,0.06799056
0.0,0.03942865
0.0,0.055822585
0.0,0.048654
0.0,0.05363984
0.0,0.031037504
0.0,0.03497652
0.0,0.020579703
0.0,0.12080584
0.0,0.020599652
0.0,0.051052235
0.0,0.0803092
0.0,0.04067366
0.0,0.038496025
0.0,0.05236825
0.0,0.08374378
0.0,0.07892146
0.0,0.023715878
0.0,0.065483995
0.0,0.07487577
0.0,0.19440037
0.0,0.04501266
0.0,0.0605779
0.0,0.01284386
0.0,0.02003308
0.0,0.041754436
0.0,0.017344628
0.0,0.018292362
0.0,0.078458115
0.0,0.07465949
0.0,0.027961606
0.0,0.048013937
0.0,0.03174929
0.0,0.082377
0.0,0.05433824
0.0,0.027670788
0.0,0.041745357
0.0,0.02765281
0.0,0.056483135
0.0,0.027453724
0.0,0.031899173
0.0,0.032983214
0.0,0.02003096
1.0,0.06840126
0.0,0.05163432
0.0,0.043453433
0.0,0.011845432
0.0,0.16704632
0.0,0.14254625
0.0,0.13592009
0.0,0.048169624
0.0,0.1703492
0.0,0.05526663
0.0,0.0259678
0.0,0.071118444
0.0,0.020979248
0.0,0.01726668
0.0,0.035065223
0.0,0.03487709
0.0,0.0470494
1.0,0.05833578
0.0,0.041048724
0.0,0.019313768
0.0,0.052971177
0.0,0.033799507
0.0,0.10360359
0.0,0.024862193
0.0,0.021545768
0.0,0.06776236
0.0,0.06941615
0.0,0.014158183
0.0,0.06625358
0.0,0.021598898
0.0,0.04376157
1.0,0.06676156
0.0,0.029644677
0.0,0.044418067
0.0,0.025562147
1.0,0.07004669
1.0,0.062359016
0.0,0.018478224
0.0,0.017431594
0.0,0.032537743
0.0,0.026136462
0.0,0.079823226
0.0,0.027686955
0.0,0.030208055
0.0,0.013784038
0.0,0.056145225
0.0,0.06220147
0.0,0.04872377
0.0,0.060544677
0.0,0.054736536
0.0,0.071559116
0.0,0.030202221
0.0,0.051245816
0.0,0.03931074
0.0,0.037515003
0.0,0.03518758
0.0,0.09249096
0.0,0.039346747
0.0,0.03704037
0.0,0.065476015
0.0,0.013425257
0.0,0.0892117
0.0,0.035018522
0.0,0.0601641
0.0,0.04265824
1.0,0.09075424
0.0,0.041030936
0.0,0.02588908
0.0,0.015781714
0.0,0.028712077
0.0,0.01986815
0.0,0.045875885
0.0,0.10527885
0.0,0.13928299
0.0,0.10006601
0.0,0.058871247
0.0,0.043130387
0.0,0.10784515
0.0,0.055877794
0.0,0.049551412
0.0,0.09809519
0.0,0.018242927
0.0,0.05225884
0.0,0.09583826
0.0,0.070983894
0.0,0.08673613
0.0,0.043237444
0.0,0.05114519
0.0,0.015977142
0.0,0.051667646
0.0,0.04308728
0.0,0.02776186
0.0,0.11147651
0.0,0.051035732
0.0,0.07678747
0.0,0.057258226
0.0,0.013007628
0.0,0.030373305
0.0,0.04373631
0.0,0.04120009
0.0,0.06677789
0.0,0.04064562
0.0,0.051439296
0.0,0.08945607
0.0,0.10742068
0.0,0.02084166
0.0,0.0373967
0.0,0.07297679
0.0,0.0667107
0.0,0.02206562
0.0,0.052456245
0.0,0.030862061
0.0,0.053745758
0.0,0.026385324
0.0,0.035596672
0.0,0.029613016
0.0,0.048880517
0.0,0.046161078
0.0,0.13740742
0.0,0.06018539
0.0,0.04289072
0.0,0.06941981
0.0,0.046464663
0.0,0.07720517
0.0,0.10340089
0.0,0.013599064
0.0,0.01622121
1.0,0.06865624
0.0,0.020405982
0.0,0.055321865
0.0,0.019156469
0.0,0.07419291
1.0,0.0946247
0.0,0.10671476
0.0,0.018790644
0.0,0.015322953
0.0,0.061062366
0.0,0.03779368
0.0,0.050369665
0.0,0.019071933
1.0,0.054068405
0.0,0.049425304
0.0,0.038079623
0.0,0.017713543
0.0,0.076679096
0.0,0.06271124
0.0,0.027428757
0.0,0.10747994
0.0,0.035028625
0.0,0.019480754
0.0,0.051404256
0.0,0.08670074
0.0,0.041880798
0.0,0.032158807
0.0,0.057793185
0.0,0.050734498
1.0,0.085588016
0.0,0.035353474
0.0,0.07429278
0.0,0.034633443
0.0,0.07331284
0.0,0.027851611
0.0,0.026107538
0.0,0.023840372
0.0,0.031590212
0.0,0.05499491
0.0,0.023487633
1.0,0.08627929
0.0,0.028474744
0.0,0.09042511
1.0,0.035180584
0.0,0.065660186
1.0,0.110803336
0.0,0.049394347
0.0,0.024389908
0.0,0.016067516
0.0,0.030055253
0.0,0.039998338
0.0,0.047173113
0.0,0.06415212
0.0,0.022822252
0.0,0.00926042
0.0,0.062499672
0.0,0.08551879
0.0,0.04955037
0.0,0.016492456
0.0,0.0121548325
0.0,0.08147835
0.0,0.07201248
0.0,0.04923003
0.0,0.019838415
0.0,0.038081203
0.0,0.022542924
0.0,0.04966744
0.0,0.06407404
0.0,0.03266581
0.0,0.070958175
0.0,0.06410176
0.0,0.02905313
0.0,0.04167064
0.0,0.040954858
0.0,0.057136107
0.0,0.034273885
0.0,0.0142223835
1.0,0.052435815
0.0,0.06885653
0.0,0.054851003
0.0,0.05937961
0.0,0.044950955
0.0,0.0494303
0.0,0.015904702
0.0,0.012443592
0.0,0.031838965
0.0,0.033122633
0.0,0.04499998
0.0,0.0340369
0.0,0.09029096
0.0,0.023697633
0.0,0.05413548
0.0,0.035371467
0.0,0.06442443
0.0,0.036378305
0.0,0.043285444
0.0,0.01948473
0.0,0.027105583
0.0,0.030223472
0.0,0.090520255
0.0,0.018946918
0.0,0.046867087
0.0,0.072565705
0.0,0.010683759
0.0,0.044490814
0.0,0.035217293
0.0,0.115956895
0.0,0.048900425
0.0,0.17146774
0.0,0.10238205
0.0,0.054925203
0.0,0.034224384
0.0,0.061814282
0.0,0.036376413
0.0,0.03915959
0.0,0.06391825
0.0,0.054344665
0.0,0.09889488
0.0,0.05712437
0.0,0.04353606
0.0,0.013999475
0.0,0.079877526
0.0,0.06414554
0.0,0.022571018
0.0,0.027406884
0.0,0.038477566
1.0,0.19294366
0.0,0.015092156
0.0,0.0301401
0.0,0.13446279
1.0,0.060424436
0.0,0.031931926
0.0,0.07042169
1.0,0.050254513
0.0,0.019396212
0.0,0.060568858
0.0,0.07614915
0.0,0.039038386
0.0,0.033448335
0.0,0.020118337
0.0,0.07052186
0.0,0.013490315
0.0,0.064597644
0.0,0.10506649
0.0,0.076746635
0.0,0.03619916
0.0,0.059453413
0.0,0.05433653
0.0,0.024528546
0.0,0.07807271
0.0,0.01180211
0.0,0.035014115
0.0,0.066839755
0.0,0.0338735
0.0,0.023248788
0.0,0.04319433
0.0,0.026232714
1.0,0.120514646
0.0,0.029040305
0.0,0.035017602
0.0,0.019238424
1.0,0.04025028
0.0,0.020179423
0.0,0.043210894
0.0,0.058196682
0.0,0.023868388
0.0,0.027771737
0.0,0.017989436
0.0,0.057084557
0.0,0.043228496
0.0,0.031202933
0.0,0.07099393
0.0,0.026698282
0.0,0.041259147
0.0,0.029009566
0.0,0.07521829
1.0,0.086605206
0.0,0.08145052
0.0,0.015484307
0.0,0.0884054
0.0,0.049703784
0.0,0.095730565
0.0,0.14885212
0.0,0.08347678
0.0,0.033690218
0.0,0.045464817
0.0,0.066159375
1.0,0.04915485
0.0,0.030363748
0.0,0.02173711
0.0,0.03979343
0.0,0.036414612
1.0,0.2146231
0.0,0.014617437
0.0,0.036021464
0.0,0.03729939
0.0,0.018225957
0.0,0.06659216
0.0,0.04100801
0.0,0.09474019
0.0,0.016120406
0.0,0.01520663
0.0,0.014032879
0.0,0.03303574
0.0,0.024432348
0.0,0.04549863
0.0,0.012724089
0.0,0.060314026
0.0,0.088583425
1.0,0.06211042
0.0,0.07297387
0.0,0.053383835
0.0,0.013073067
1.0,0.14314868
0.0,0.05574191
0.0,0.028501926
0.0,0.058604706
0.0,0.054047167
0.0,0.042253274
0.0,0.0464001
0.0,0.08820581
0.0,0.06363575
0.0,0.04315779
0.0,0.016188076
0.0,0.05649321
0.0,0.047654763
1.0,0.0255148
0.0,0.026267549
0.0,0.027864031
0.0,0.07210726
0.0,0.056228627
0.0,0.08553504
0.0,0.05779828
0.0,0.03348488
0.0,0.052364677
0.0,0.049307417
0.0,0.08053352
0.0,0.04055875
0.0,0.04649871
0.0,0.025414854
0.0,0.05661486
0.0,0.043391977
0.0,0.030960642
0.0,0.0601493
0.0,0.049157735
0.0,0.0482516
0.0,0.05776051
0.0,0.02426745
0.0,0.043650616
0.0,0.09332277
0.0,0.043424413
0.0,0.056152612
0.0,0.03551509
0.0,0.047700733
0.0,0.07152177
0.0,0.07597129
0.0,0.08617263
0.0,0.07605517
0.0,0.031898823
0.0,0.04239242
0.0,0.08236765
0.0,0.06629864
0.0,0.070849225
0.0,0.036383197
0.0,0.048880752
0.0,0.06560674
1.0,0.076908395
0.0,0.0968554
0.0,0.024814852
1.0,0.08758677
0.0,0.013893744
0.0,0.06616545
0.0,0.048788816
0.0,0.11927998
0.0,0.018909596
0.0,0.044842243
1.0,0.08291936
0.0,0.025211243
0.0,0.074209295
0.0,0.031682417
0.0,0.07181172
0.0,0.015482528
0.0,0.030929035
0.0,0.05904396
0.0,0.13121453
0.0,0.056296475
0.0,0.052754346
0.0,0.028005267
0.0,0.031159442
0.0,0.05865489
0.0,0.029630601
0.0,0.03642614
0.0,0.046181973
0.0,0.03934093
0.0,0.027160157
1.0,0.03272385
0.0,0.14362203
0.0,0.052431688
0.0,0.065578505
0.0,0.0520551
0.0,0.13785452
0.0,0.053331956
0.0,0.03500979
0.0,0.025710514
0.0,0.016118485
0.0,0.036780294
0.0,0.08783172
0.0,0.10056531
0.0,0.061541796
0.0,0.03913346
0.0,0.005960397
0.0,0.069697194
0.0,0.028660823
0.0,0.057891734
0.0,0.04267297
0.0,0.11778756
0.0,0.08579739
0.0,0.08284565
0.0,0.07223797
0.0,0.07092948
1.0,0.034564514
0.0,0.046800494
0.0,0.025730541
0.0,0.018672243
0.0,0.14739808
0.0,0.086034924
0.0,0.026993215
0.0,0.041191507
0.0,0.031036958
0.0,0.08383076
0.0,0.05280541
0.0,0.09669939
0.0,0.07863756
0.0,0.07418991
0.0,0.034459617
0.0,0.041972823
1.0,0.05241057
0.0,0.22352856
0.0,0.08948928
0.0,0.10179825
0.0,0.065170996
0.0,0.024670796
0.0,0.018103031
0.0,0.026661847
0.0,0.02276213
0.0,0.054907527
0.0,0.09297449
1.0,0.020197876
0.0,0.031897806
0.0,0.06476101
0.0,0.07453279
0.0,0.015165059
1.0,0.05702381
0.0,0.07679594
0.0,0.028610341
0.0,0.013125717
0.0,0.025119541
0.0,0.06826306
0.0,0.042336788
0.0,0.067015186
0.0,0.09765961
0.0,0.02239395
0.0,0.071611784
0.0,0.079197615
0.0,0.0742829
0.0,0.042103156
0.0,0.038709864
0.0,0.027104175
0.0,0.023841087
0.0,0.066421576
0.0,0.07432114
0.0,0.056537513
0.0,0.045680232
0.0,0.13163142
1.0,0.02859688
0.0,0.018938841
0.0,0.061037634
0.0,0.1467247
0.0,0.057498626
0.0,0.025441384
0.0,0.041868538
0.0,0.06100525
0.0,0.014513638
0.0,0.025611963
0.0,0.043257322
0.0,0.03219394
0.0,0.01717567
0.0,0.03669467
0.0,0.059739426
0.0,0.018557066
0.0,0.036879256
0.0,0.054944113
0.0,0.09268999
0.0,0.05330717
0.0,0.034097005
0.0,0.06730496
0.0,0.020482272
0.0,0.11040439
0.0,0.053037472
0.0,0.05219439
0.0,0.08922951
0.0,0.047480315
0.0,0.01736689
0.0,0.05397822
0.0,0.06831661
0.0,0.09719226
0.0,0.0147019215
1.0,0.013109285
0.0,0.08373029
0.0,0.051436428
0.0,0.06896495
0.0,0.0474623
0.0,0.022725463
0.0,0.062959686
0.0,0.018686734
1.0,0.05123091
1.0,0.018665869
0.0,0.017414331
0.0,0.11138446
0.0,0.043429732
0.0,0.052888013
0.0,0.04664381
0.0,0.033578817
0.0,0.031823136
0.0,0.032607235
0.0,0.09459732
0.0,0.046334945
0.0,0.05762314
0.0,0.009155697
0.0,0.03963113
0.0,0.0434141
0.0,0.03773127
0.0,0.05160572
0.0,0.2411909
0.0,0.027432656
0.0,0.018223643
0.0,0.0396361
0.0,0.048708994
0.0,0.031587668
0.0,0.032884154
0.0,0.09056118
0.0,0.08624397
0.0,0.10453284
0.0,0.040057413
0.0,0.042847544
0.0,0.08824697
1.0,0.060089685
0.0,0.030544396
0.0,0.0443504
0.0,0.045784578
0.0,0.07270934
0.0,0.080234714
0.0,0.17955074
0.0,0.049201917
0.0,0.035665482
0.0,0.06390369
0.0,0.055536695
0.0,0.022379111
0.0,0.047465287
0.0,0.013179559
0.0,0.03099961
0.0,0.049834855
0.0,0.067132354
0.0,0.048192736
0.0,0.05554064
0.0,0.028965473
0.0,0.11151833
0.0,0.019937744
0.0,0.05216876
0.0,0.020221699
0.0,0.037101094
0.0,0.04925041
1.0,0.042684305
0.0,0.06110365
0.0,0.045663312
0.0,0.05380961
0.0,0.037567884
0.0,0.024148151
0.0,0.03846841
1.0,0.04099886
0.0,0.041507944
0.0,0.07093358
0.0,0.0284377
0.0,0.029214082
0.0,0.026224097
0.0,0.08447097
0.0,0.09882761
0.0,0.012007612
0.0,0.24653606
0.0,0.009717947
1.0,0.06345418
0.0,0.036102384
0.0,0.026420275
1.0,0.30268943
0.0,0.062308174
2.0,0.17335185
0.0,0.039543808
0.0,0.05434145
0.0,0.041814927
0.0,0.028373566
0.0,0.04140511
0.0,0.098812744
0.0,0.12744042
0.0,0.028741773
0.0,0.11089425
0.0,0.074187994
0.0,0.0710359
0.0,0.02438514
0.0,0.026150536
0.0,0.04469034
0.0,0.047423296
0.0,0.1647927
0.0,0.05797954
0.0,0.10985947
0.0,0.087807775
0.0,0.06393082
0.0,0.07514709
0.0,0.025853071
0.0,0.074579
0.0,0.058626506
1.0,0.039103277
0.0,0.063881636
0.0,0.074965924
0.0,0.061650705
0.0,0.06754994
0.0,0.02899716
0.0,0.08542894
0.0,0.037716415
0.0,0.04370591
0.0,0.030995028
0.0,0.058651
0.0,0.102592014
0.0,0.036992416
0.0,0.021748513
0.0,0.071964845
0.0,0.047374025
0.0,0.05391252
0.0,0.04166007
0.0,0.08074656
0.0,0.066172026
0.0,0.0392109
0.0,0.06946401
0.0,0.09139894
0.0,0.04168797
0.0,0.04902856
0.0,0.08786957
0.0,0.0455768
0.0,0.031393845
0.0,0.02078617
0.0,0.06171462
0.0,0.052465953
0.0,0.124245636
0.0,0.07676247
0.0,0.06081704
0.0,0.08105146
0.0,0.02969377
0.0,0.03809121
0.0,0.037079994
0.0,0.020503096
0.0,0.07486483
0.0,0.0820849
0.0,0.15723193
0.0,0.05716505
0.0,0.024253985
0.0,0.028632425
0.0,0.080547705
0.0,0.032963216
0.0,0.062082216
0.0,0.048238855
0.0,0.10331775
0.0,0.067599416
0.0,0.057634916
0.0,0.048458077
0.0,0.01636266
0.0,0.026470222
1.0,0.04902218
0.0,0.059979804
0.0,0.04914175
0.0,0.046201773
0.0,0.0682484
0.0,0.05448192
0.0,0.057658777
0.0,0.058314227
0.0,0.0746165
0.0,0.018371794
0.0,0.0529252
0.0,0.044435818
0.0,0.04175231
0.0,0.03996688
0.0,0.033904705
0.0,0.019647498
0.0,0.029606394
0.0,0.084320664
0.0,0.05303828
0.0,0.071073
0.0,0.06902813
0.0,0.0319796
0.0,0.028262462
0.0,0.06646761
0.0,0.024272392
0.0,0.048258297
0.0,0.115552425
0.0,0.017511306
0.0,0.0672709
0.0,0.020807005
0.0,0.040362403
0.0,0.047885142
1.0,0.066704184
0.0,0.12896042
0.0,0.07161267
0.0,0.011810414
0.0,0.058645546
0.0,0.064008355
0.0,0.019373981
0.0,0.05958851
0.0,0.05770948
0.0,0.10424622
0.0,0.03892411
0.0,0.05197152
0.0,0.053717855
0.0,0.042299215
0.0,0.046744514
0.0,0.06917503
0.0,0.06829385
0.0,0.016242534
0.0,0.025743697
0.0,0.049182635
0.0,0.058929287
0.0,0.026758004
0.0,0.058629274
0.0,0.06793232
0.0,0.30271783
0.0,0.021414673
0.0,0.05210872
0.0,0.03727539
0.0,0.034700193
0.0,0.047216635
0.0,0.067491375
0.0,0.034818783
1.0,0.041413423
0.0,0.097033195
0.0,0.034432665
0.0,0.10034224
1.0,0.06933836
0.0,0.066472426
0.0,0.025162399
0.0,0.038490757
0.0,0.038198452
0.0,0.028368425
0.0,0.01838993
0.0,0.027032036
0.0,0.061734896
0.0,0.10878717
0.0,0.03306655
0.0,0.06953225
0.0,0.043962292
0.0,0.029298441
0.0,0.03265365
0.0,0.016795069
0.0,0.037820384
0.0,0.061550364
1.0,0.07283759
0.0,0.03172975
0.0,0.06870378
0.0,0.07332508
0.0,0.052849922
1.0,0.11602426
0.0,0.07398628
0.0,0.015662484
0.0,0.07400136
0.0,0.021220876
1.0,0.11201014
0.0,0.03447865
0.0,0.020924399
0.0,0.020799119
0.0,0.11409352
0.0,0.0499902
0.0,0.05397796
0.0,0.077991635
0.0,0.02295893
0.0,0.06512921
0.0,0.025989255
0.0,0.071543954
0.0,0.022941781
0.0,0.06322116
0.0,0.03696126
0.0,0.06396268
0.0,0.020117098
0.0,0.025099594
0.0,0.058394548
0.0,0.019759793
0.0,0.072048195
0.0,0.13391882
0.0,0.034809902
0.0,0.03243609
0.0,0.030359956
0.0,0.04087795
0.0,0.029744886
1.0,0.13278913
0.0,0.016356606
0.0,0.07285364
0.0,0.05747815
0.0,0.06433038
0.0,0.06497212
0.0,0.061436523
0.0,0.07668023
0.0,0.11249037
0.0,0.043293826
0.0,0.09956156
0.0,0.036524866
0.0,0.06365061
2.0,0.05174124
0.0,0.037915144
0.0,0.068225496
0.0,0.029499887
0.0,0.03270852
0.0,0.024398992
0.0,0.021229682
0.0,0.013334451
0.0,0.03687801
0.0,0.041358583
0.0,0.03078553
0.0,0.010697614
0.0,0.07570261
0.0,0.029888185
0.0,0.034932397
0.0,0.036286414
0.0,0.055906657
0.0,0.049191386
0.0,0.040348686
0.0,0.03491105
0.0,0.075948745
0.0,0.068003334
0.0,0.10692097
0.0,0.054690957
0.0,0.016549246
0.0,0.06779885
0.0,0.054655503
0.0,0.07469307
0.0,0.039916676
0.0,0.0380148
0.0,0.111274466
0.0,0.071264364
0.0,0.06398883
0.0,0.04973297
0.0,0.05877001
0.0,0.06264696
0.0,0.018031225
0.0,0.089646555
0.0,0.053288538
0.0,0.10832201
0.0,0.06703928
0.0,0.018092848
0.0,0.073093146
0.0,0.10592745
0.0,0.03794504
0.0,0.048146613
0.0,0.029109458
0.0,0.017157335
0.0,0.049831174
0.0,0.016982425
0.0,0.12134668
0.0,0.045293763
0.0,0.04111523
0.0,0.054751102
0.0,0.057975132
0.0,0.04877065
0.0,0.06205792
0.0,0.07024535
0.0,0.041164134
0.0,0.08816418
0.0,0.0719433
0.0,0.050299894
0.0,0.03954422
0.0,0.020541377
0.0,0.024703851
0.0,0.059677955
0.0,0.036198813
1.0,0.04511942
0.0,0.07317737
0.0,0.060990386
0.0,0.03999681
0.0,0.118291594
0.0,0.046997134
0.0,0.03875116
0.0,0.08516666
0.0,0.027763052
0.0,0.036528837
0.0,0.03993223
0.0,0.04899152
0.0,0.038906872
0.0,0.04126578
0.0,0.090556175
0.0,0.063460894
0.0,0.017444333
0.0,0.06363245
0.0,0.08563523
0.0,0.1429333
0.0,0.047904216
0.0,0.051479466
0.0,0.05168561
1.0,0.04394718
0.0,0.13609616
0.0,0.12720208
0.0,0.05272975
0.0,0.0402746
0.0,0.109094284
0.0,0.030535456
0.0,0.087383926
0.0,0.065077074
0.0,0.018099207
0.0,0.04627078
0.0,0.08013116
0.0,0.018564837
0.0,0.032939553
0.0,0.03978719
0.0,0.15223755
0.0,0.021682058
0.0,0.07311399
0.0,0.08199383
0.0,0.053693887
0.0,0.04953584
0.0,0.030076643
0.0,0.02588339
0.0,0.2997659
0.0,0.06045138
0.0,0.025951892
0.0,0.061354768
0.0,0.033907082
0.0,0.008994306
0.0,0.059866592
0.0,0.071003556
0.0,0.0674776
0.0,0.035370234
0.0,0.0709296
1.0,0.053550214
0.0,0.0492529
0.0,0.039441343
0.0,0.025745649
0.0,0.023194134
0.0,0.053586997
0.0,0.02344509
0.0,0.05684574
0.0,0.0438997
0.0,0.033973984
0.0,0.04153283
0.0,0.04213041
0.0,0.019772837
0.0,0.03670384
0.0,0.02180545
0.0,0.01979525
0.0,0.06994997
0.0,0.05783663
0.0,0.057014443
0.0,0.10113497
0.0,0.033516206
0.0,0.07434527
0.0,0.115701124
0.0,0.06589905
0.0,0.028794505
0.0,0.026443906
0.0,0.030324854
0.0,0.061574332
0.0,0.0726143
0.0,0.05919042
0.0,0.078540355
0.0,0.04968426
0.0,0.11592854
0.0,0.031824745
0.0,0.0075044963
0.0,0.08448213
0.0,0.021637429
0.0,0.05436553
0.0,0.043136988
0.0,0.013243407
0.0,0.040473476
0.0,0.0093541285
0.0,0.013142889
0.0,0.046361245
0.0,0.03662892
0.0,0.0868417
0.0,0.053869016
0.0,0.015593315
0.0,0.060630135
0.0,0.07185019
0.0,0.04190129
0.0,0.057512667
0.0,0.026013307
0.0,0.024176586
0.0,0.08720537
1.0,0.044822466
0.0,0.07402774
0.0,0.039791025
0.0,0.03437987
0.0,0.021211792
0.0,0.0361415
0.0,0.061734147
0.0,0.041658342
0.0,0.0977619
0.0,0.058358915
0.0,0.018659996
0.0,0.025410868
0.0,0.057661705
0.0,0.045172334
0.0,0.014570193
0.0,0.04443679
0.0,0.053815514
0.0,0.23706864
0.0,0.025902404
0.0,0.025983827
0.0,0.032951348
0.0,0.0459202
0.0,0.09419496
0.0,0.05668816
0.0,0.025481084
0.0,0.047387492
0.0,0.04234218
0.0,0.011670742
0.0,0.019790098
0.0,0.041735128
0.0,0.048982926
0.0,0.06210484
0.0,0.032302488
0.0,0.088967904
0.0,0.07647822
0.0,0.03920372
0.0,0.027020838
0.0,0.09381475
0.0,0.031064393
0.0,0.059070952
0.0,0.052184165
0.0,0.02403526
0.0,0.043535102
0.0,0.03996814
0.0,0.09506783
0.0,0.060538065
0.0,0.032935627
0.0,0.07473764
0.0,0.023050766
0.0,0.061585154
0.0,0.054338574
0.0,0.025200643
0.0,0.07729863
0.0,0.048471782
0.0,0.13758565
0.0,0.06741325
0.0,0.03069847
0.0,0.035613686
0.0,0.089524806
0.0,0.05293686
0.0,0.018208131
0.0,0.026012056
0.0,0.036594614
0.0,0.01744292
0.0,0.05516213
0.0,0.070580125
0.0,0.04834038
0.0,0.16261949
0.0,0.01609773
0.0,0.028400503
0.0,0.052044034
1.0,0.11646582
0.0,0.024242202
0.0,0.09069701
0.0,0.049384642
0.0,0.06745013
0.0,0.15212665
0.0,0.04622533
0.0,0.057946015
0.0,0.037069086
0.0,0.028423304
1.0,0.04674565
0.0,0.08643383
0.0,0.06255599
0.0,0.039374374
0.0,0.043923967
0.0,0.1716393
0.0,0.020684507
0.0,0.047627755
0.0,0.05713304
0.0,0.07247591
0.0,0.02928157
0.0,0.031146133
0.0,0.045417365
0.0,0.040995147
0.0,0.02424411
0.0,0.036557205
0.0,0.011732851
0.0,0.05808727
0.0,0.044365443
0.0,0.033085257
0.0,0.041520357
0.0,0.01254933
0.0,0.015848098
0.0,0.04363771
0.0,0.0402665
0.0,0.072113104
0.0,0.029763045
0.0,0.06756724
0.0,0.040832147
0.0,0.033571996
0.0,0.04882566
0.0,0.050077017
0.0,0.039281283
0.0,0.049176656
0.0,0.03680714
0.0,0.01970738
0.0,0.034810383
0.0,0.028857637
0.0,0.13535003
0.0,0.047004998
0.0,0.06045144
0.0,0.02814142
0.0,0.035734374
0.0,0.08240485
0.0,0.04629548
0.0,0.04323223
0.0,0.023711003
0.0,0.069849506
0.0,0.1190668
0.0,0.044882417
0.0,0.017506197
0.0,0.019173494
0.0,0.03100131
0.0,0.08074579
0.0,0.069845945
0.0,0.06273005
0.0,0.044500425
0.0,0.03800855
0.0,0.032132946
0.0,0.07653086
0.0,0.053269662
0.0,0.09232035
1.0,0.05790689
0.0,0.059923213
0.0,0.029979277
0.0,0.062264662
0.0,0.012737876
0.0,0.05965649
0.0,0.060317293
0.0,0.043465387
0.0,0.056096252
1.0,0.018154735
0.0,0.021808693
0.0,0.060032334
0.0,0.02984943
0.0,0.05035485
0.0,0.018418029
0.0,0.11849291
0.0,0.04640205
0.0,0.06535027
0.0,0.040340547
0.0,0.039692577
0.0,0.10922535
0.0,0.03425317
0.0,0.04988897
0.0,0.08634518
0.0,0.019994155
0.0,0.027893903
0.0,0.053694196
0.0,0.053554937
0.0,0.045560285
0.0,0.017496467
0.0,0.053747118
0.0,0.031231916
0.0,0.011217308
0.0,0.008214984
0.0,0.027256163
0.0,0.02411845
0.0,0.3298193
0.0,0.08095459
0.0,0.1702844
0.0,0.09969367
0.0,0.14757264
0.0,0.06898858
0.0,0.12611093
0.0,0.07198204
0.0,0.07110673
0.0,0.055945486
0.0,0.057407863
0.0,0.023637582
0.0,0.024900705
0.0,0.09768592
0.0,0.050595317
0.0,0.02136596
0.0,0.024490131
0.0,0.08899039
0.0,0.029978106
0.0,0.028094506
0.0,0.04626304
1.0,0.095523
0.0,0.05819005
0.0,0.036606953
0.0,0.056608744
0.0,0.023884326
0.0,0.05917971
0.0,0.075986855
0.0,0.03822358
0.0,0.036963217
0.0,0.034843113
0.0,0.04261189
0.0,0.027338386
0.0,0.037279066
0.0,0.057459407
0.0,0.041865505
0.0,0.07859175
0.0,0.036820885
0.0,0.041574996
0.0,0.05864977
0.0,0.0311126
0.0,0.044228524
0.0,0.024749693
0.0,0.04881509
0.0,0.040051624
0.0,0.04513827
0.0,0.027993344
0.0,0.052049246
0.0,0.07423575
0.0,0.019320805
0.0,0.06706077
0.0,0.046671286
0.0,0.040301517
0.0,0.07848508
0.0,0.013772671
0.0,0.08317731
0.0,0.03931505
0.0,0.022566207
0.0,0.05177942
0.0,0.032482743
0.0,0.018668229
0.0,0.082747184
0.0,0.06628717
0.0,0.028756853
0.0,0.063582085
0.0,0.009935601
0.0,0.011757466
0.0,0.020715995
0.0,0.106060654
0.0,0.07470614
0.0,0.023096757
0.0,0.038430825
0.0,0.04441474
0.0,0.05044911
0.0,0.052208528
0.0,0.090207174
0.0,0.07209681
0.0,0.03210042
0.0,0.05536008
0.0,0.061851136
0.0,0.112698875
0.0,0.06747245
0.0,0.01871205
0.0,0.07766913
0.0,0.056589488
0.0,0.053993173
1.0,0.04717309
0.0,0.06128246
0.0,0.07222629
0.0,0.04276586
0.0,0.102134585
0.0,0.020285856
0.0,0.033550538
0.0,0.060577884
0.0,0.032573186
0.0,0.023417816
0.0,0.07775762
0.0,0.023610163
0.0,0.031013036
1.0,0.60267234
0.0,0.07384308
0.0,0.0163435
0.0,0.028601598
0.0,0.038752787
0.0,0.055605114
0.0,0.06449966
0.0,0.11434081
0.0,0.033982217
0.0,0.08051996
0.0,0.06749163
0.0,0.06651347
1.0,0.024751358
0.0,0.036307685
0.0,0.027923195
0.0,0.027284913
0.0,0.027541338
0.0,0.073181376
0.0,0.039268434
0.0,0.040564574
0.0,0.02670918
0.0,0.050920777
0.0,0.067680165
0.0,0.061966117
1.0,0.030642487
0.0,0.073957
0.0,0.07424246
0.0,0.07164712
0.0,0.06268956
0.0,0.05189307
0.0,0.06933165
0.0,0.042789765
0.0,0.095901765
0.0,0.07570669
0.0,0.0048816553
0.0,0.077415705
0.0,0.056780547
0.0,0.05188179
0.0,0.08714352
0.0,0.034420222
0.0,0.08628743
0.0,0.03342026
0.0,0.022178406
0.0,0.16059402
0.0,0.04629954
0.0,0.027484452
0.0,0.039942324
0.0,0.023577975
0.0,0.05223923
0.0,0.08850986
0.0,0.07645787
0.0,0.06704264
0.0,0.052450094
0.0,0.09196311
0.0,0.046527717
0.0,0.015403837
0.0,0.053228248
0.0,0.053404406
0.0,0.054463528
0.0,0.06345276
0.0,0.07544092
0.0,0.01660035
0.0,0.06792633
0.0,0.055695973
0.0,0.029692367
0.0,0.08338974
0.0,0.030781068
0.0,0.038137447
0.0,0.05762582
0.0,0.0197337
0.0,0.059972394
0.0,0.019502196
0.0,0.07618772
0.0,0.07460526
0.0,0.04310968
0.0,0.030846996
1.0,0.071613975
0.0,0.08041075
0.0,0.34025165
0.0,0.036878552
0.0,0.020967945
0.0,0.036854643
0.0,0.039556723
0.0,0.03908208
0.0,0.03397421
0.0,0.07778681
0.0,0.06106526
0.0,0.046745896
0.0,0.082762375
0.0,0.08569156
0.0,0.087021396
0.0,0.040054776
0.0,0.09519353
0.0,0.059570927
0.0,0.08800495
0.0,0.082889706
0.0,0.083164565
0.0,0.04848935
0.0,0.011306721
1.0,0.16887642
0.0,0.033075303
0.0,0.089515224
0.0,0.058656607
0.0,0.028891329
0.0,0.0759146
0.0,0.06383207
0.0,0.026576359
0.0,0.037177846
0.0,0.027282415
0.0,0.075968
0.0,0.060279194
0.0,0.050353937
0.0,0.058064077
0.0,0.077797785
0.0,0.07909534
0.0,0.050556466
0.0,0.06943974
0.0,0.047763504
0.0,0.0464677
0.0,0.048953947
0.0,0.013909321
0.0,0.11695935
0.0,0.032528266
0.0,0.025700375
0.0,0.07380163
0.0,0.0876527
0.0,0.030352747
0.0,0.03718898
0.0,0.020866051
0.0,0.027126271
0.0,0.021999065
0.0,0.03045269
0.0,0.05274109
0.0,0.06842077
0.0,0.010048812
0.0,0.060923416
0.0,0.007584779
0.0,0.023422696
0.0,0.09730086
0.0,0.091047406
1.0,0.08242867
0.0,0.025903529
0.0,0.022849692
0.0,0.03017985
0.0,0.037503056
0.0,0.028366152
0.0,0.034489848
0.0,0.068089575
0.0,0.102760285
1.0,0.0273931
0.0,0.031820297
0.0,0.12479281
0.0,0.04276647
0.0,0.06788871
0.0,0.031013139
0.0,0.033659436
0.0,0.04918953
0.0,0.062680595
0.0,0.0774407
0.0,0.06632884
0.0,0.05997108
0.0,0.021611053
0.0,0.05036657
0.0,0.04652195
0.0,0.038467843
0.0,0.025011886
0.0,0.04077718
0.0,0.061320167
0.0,0.02056433
0.0,0.071543045
1.0,0.08049011
0.0,0.019678712
0.0,0.076189175
0.0,0.045927867
0.0,0.078529716
0.0,0.037764408
0.0,0.12426741
0.0,0.03201781
0.0,0.06819871
0.0,0.029134648
0.0,0.023699995
0.0,0.15234436
0.0,0.068327084
0.0,0.06236255
0.0,0.039944455
0.0,0.060524933
0.0,0.023447582
0.0,0.07693818
0.0,0.03779961
0.0,0.09262377
0.0,0.048792914
0.0,0.015230571
0.0,0.021088623
0.0,0.0322305
0.0,0.028748382
0.0,0.072797626
0.0,0.032120157
0.0,0.15809101
0.0,0.044699654
0.0,0.04965868
0.0,0.10906552
0.0,0.06508437
0.0,0.022729613
0.0,0.037730623
0.0,0.08195093
0.0,0.10784458
0.0,0.019821282
0.0,0.041077096
0.0,0.026794445
0.0,0.058437333
0.0,0.0591357
0.0,0.062163014
0.0,0.055876486
0.0,0.0611567
0.0,0.031327896
0.0,0.05389111
0.0,0.07857662
0.0,0.03428536
0.0,0.028419672
0.0,0.08230154
0.0,0.04107032
0.0,0.07922766
0.0,0.037789773
0.0,0.048128642
0.0,0.042959146
0.0,0.04628837
0.0,0.040982366
0.0,0.018779034
1.0,0.09275517
0.0,0.03216106
0.0,0.03917143
0.0,0.06588809
0.0,0.020920537
0.0,0.038593806
0.0,0.022050569
0.0,0.03908376
0.0,0.11225891
0.0,0.06805465
0.0,0.050905265
0.0,0.04526283
0.0,0.08066663
0.0,0.080334246
0.0,0.0557308
0.0,0.034825407
0.0,0.059013676
0.0,0.07522462
0.0,0.0846819
0.0,0.044804323
0.0,0.019371986
0.0,0.06422472
0.0,0.025895463
0.0,0.020704115
0.0,0.06378615
0.0,0.0206341
0.0,0.06751439
0.0,0.08722883
0.0,0.039745606
0.0,0.022791628
0.0,0.12541464
0.0,0.07384163
0.0,0.03859167
0.0,0.037220843
0.0,0.0527162
1.0,0.048905116
0.0,0.033558425
0.0,0.08619392
0.0,0.038092773
0.0,0.04124845
0.0,0.08321274
0.0,0.03608595
0.0,0.03808827
0.0,0.037451766
0.0,0.04635479
0.0,0.066414766
0.0,0.08650082
0.0,0.019865906
0.0,0.03210137
0.0,0.08194839
0.0,0.035382498
0.0,0.17951205
0.0,0.027305309
0.0,0.060574576
0.0,0.063032515
0.0,0.0544058
0.0,0.059992317
0.0,0.045971338
0.0,0.04902765
0.0,0.088001005
0.0,0.04240247
0.0,0.035548974
0.0,0.06869082
0.0,0.02572924
0.0,0.03968391
0.0,0.05810961
0.0,0.025594357
0.0,0.05041306
0.0,0.094837636
0.0,0.06285759
0.0,0.059385896
0.0,0.026909603
0.0,0.06099827
0.0,0.04501064
1.0,0.10835876
0.0,0.03945566
0.0,0.036879644
0.0,0.07279456
0.0,0.05186477
0.0,0.052509576
0.0,0.10864433
0.0,0.012800932
0.0,0.053900927
0.0,0.037360106
0.0,0.05100165
0.0,0.061939634
0.0,0.06430682
0.0,0.05218518
0.0,0.09380415
0.0,0.04288884
0.0,0.016235642
0.0,0.06621397
0.0,0.05238411
0.0,0.053849112
0.0,0.060180455
0.0,0.021248326
0.0,0.019321764
0.0,0.035054944
0.0,0.11124072
0.0,0.05346635
1.0,0.08646977
0.0,0.057314537
0.0,0.0144678615
0.0,0.062139127
0.0,0.062963255
0.0,0.0134861665
0.0,0.0705489
0.0,0.041871592
0.0,0.038394667
1.0,0.02790432
0.0,0.028887305
0.0,0.01655332
0.0,0.033112276
0.0,0.04225055
0.0,0.03511018
0.0,0.08434926
0.0,0.03176469
0.0,0.012737317
0.0,0.028293395
0.0,0.068043426
0.0,0.09719129
0.0,0.028293462
0.0,0.041118976
0.0,0.09028454
0.0,0.029481944
0.0,0.058680877
0.0,0.0219133
0.0,0.02327713
0.0,0.033994194
0.0,0.2627232
0.0,0.05722393
0.0,0.07501881
0.0,0.019575492
0.0,0.023116346
0.0,0.054937042
0.0,0.07119423
0.0,0.04774964
0.0,0.055298474
0.0,0.07312815
0.0,0.017765751
1.0,0.086388916
1.0,0.062949404
0.0,0.076990254
0.0,0.047347557
0.0,0.015038974
0.0,0.05042025
0.0,0.07500211
0.0,0.0585525
0.0,0.018163774
0.0,0.11769346
0.0,0.117596865
0.0,0.033146303
0.0,0.043551464
0.0,0.048283223
0.0,0.045375306
0.0,0.050827913
0.0,0.07471213
0.0,0.06017779
0.0,0.029668774
0.0,0.04088998
0.0,0.08319278
0.0,0.04933686
1.0,0.07619964
0.0,0.05389558
0.0,0.12130593
0.0,0.06653341
0.0,0.024611752
0.0,0.02639047
0.0,0.15899652
0.0,0.053932294
0.0,0.048738733
0.0,0.07622643
0.0,0.025601584
0.0,0.050174896
0.0,0.0816431
0.0,0.2052122
0.0,0.06232483
0.0,0.047292277
0.0,0.12011409
0.0,0.015552436
0.0,0.06701534
0.0,0.018302046
0.0,0.027273519
0.0,0.04226466
0.0,0.048534043
0.0,0.0197283
0.0,0.10968833
0.0,0.05142669
0.0,0.06296244
0.0,0.01869668
0.0,0.036025103
1.0,0.0937352
0.0,0.064114965
0.0,0.22906862
0.0,0.02829801
0.0,0.04787042
0.0,0.025046164
0.0,0.060181044
0.0,0.016193867
0.0,0.06880136
0.0,0.03960712
0.0,0.06323919
0.0,0.1869235
1.0,0.07966892
0.0,0.03534195
1.0,0.031009117
0.0,0.05633807
0.0,0.18820763
0.0,0.077442914
0.0,0.024878986
1.0,0.025681768
0.0,0.029553149
0.0,0.05060907
0.0,0.08966156
0.0,0.097973466
0.0,0.043652635
1.0,0.08333248
0.0,0.12813452
0.0,0.046675067
0.0,0.061037403
0.0,0.03967165
1.0,0.077121355
0.0,0.055924255
0.0,0.038167827
0.0,0.012945312
0.0,0.07386671
0.0,0.02858596
0.0,0.039893977
0.0,0.092833444
0.0,0.06498146
0.0,0.038961045
0.0,0.07250772
0.0,0.03767112
0.0,0.05919571
0.0,0.07633349
0.0,0.01341081
1.0,0.022507038
0.0,0.03450459
0.0,0.089878716
0.0,0.026007615
0.0,0.022065148
0.0,0.036944397
0.0,0.079639405
0.0,0.055335455
0.0,0.030093743
0.0,0.024022222
0.0,0.014061005
0.0,0.012473533
2.0,0.07554935
1.0,0.06116035
0.0,0.050519764
0.0,0.045687206
0.0,0.020040331
0.0,0.053301856
0.0,0.038596936
0.0,0.10094259
1.0,0.03705567
0.0,0.0447156
1.0,0.053440504
0.0,0.08478616
0.0,0.0346272
0.0,0.03994413
0.0,0.044510018
0.0,0.030288192
0.0,0.054927193
1.0,0.085660405
0.0,0.030641142
0.0,0.042568266
0.0,0.03538859
0.0,0.033642955
0.0,0.021030108
0.0,0.0409294
0.0,0.07236356
0.0,0.014655795
0.0,0.023377597
0.0,0.019805524
3.0,0.13855591
0.0,0.084324084
0.0,0.0061070006
0.0,0.018478224
0.0,0.05810309
0.0,0.026377663
0.0,0.020384459
0.0,0.053205132
0.0,0.024592806
0.0,0.041637827
0.0,0.08455822
0.0,0.015075282
0.0,0.024933295
0.0,0.068268545
0.0,0.03144784
0.0,0.039370954
0.0,0.07021896
0.0,0.019425673
0.0,0.09823131
0.0,0.07153384
0.0,0.013171479
0.0,0.09294528
0.0,0.05469312
0.0,0.036858827
0.0,0.07615798
0.0,0.072230354
0.0,0.07435778
0.0,0.04411847
0.0,0.08099139
0.0,0.047213662
0.0,0.024079276
0.0,0.032940384
0.0,0.0270724
0.0,0.024345603
0.0,0.016064007
0.0,0.058414653
0.0,0.07246629
0.0,0.061122563
0.0,0.022488706
0.0,0.085858285
0.0,0.026804348
0.0,0.089062944
0.0,0.06069183
0.0,0.059816714
0.0,0.017344248
0.0,0.018042458
0.0,0.031155536
0.0,0.02012485
0.0,0.020561144
0.0,0.028684203
0.0,0.05716343
0.0,0.07357448
0.0,0.06940232
0.0,0.02334478
1.0,0.036974058
0.0,0.022987565
0.0,0.06782913
0.0,0.028971978
0.0,0.01783935
0.0,0.046025645
0.0,0.034395333
1.0,0.09044333
0.0,0.06732194
0.0,0.058094915
0.0,0.050578624
0.0,0.08098787
0.0,0.02095738
0.0,0.04415667
0.0,0.07284235
0.0,0.15093859
0.0,0.0617037
0.0,0.021666214
0.0,0.07151416
0.0,0.06655271
0.0,0.028537162
0.0,0.09975421
0.0,0.15900059
0.0,0.03581356
0.0,0.04625382
0.0,0.014260466
0.0,0.010872955
0.0,0.028675778
0.0,0.036675986
0.0,0.037188713
0.0,0.028417598
0.0,0.01974524
0.0,0.058882013
1.0,0.088142365
0.0,0.070724994
0.0,0.0721085
0.0,0.056330524
0.0,0.054500602
0.0,0.025104955
0.0,0.034996405
0.0,0.03566409
0.0,0.051693495
0.0,0.15744114
0.0,0.039683644
0.0,0.17796275
0.0,0.10526352
0.0,0.021339893
0.0,0.06402765
1.0,0.08271901
0.0,0.10634531
0.0,0.020469258
0.0,0.04607468
0.0,0.053842977
1.0,0.060055155
0.0,0.051101528
0.0,0.017252114
0.0,0.07009356
0.0,0.024520043
0.0,0.019646954
0.0,0.10883958
0.0,0.013928987
0.0,0.080422096
0.0,0.0499205
0.0,0.060624234
0.0,0.011265358
0.0,0.06732584
0.0,0.051098287
0.0,0.025642244
0.0,0.037272774
0.0,0.083686024
0.0,0.022553062
0.0,0.015069684
0.0,0.07513666
0.0,0.07078226
0.0,0.16232844
0.0,0.07230376
0.0,0.091790825
0.0,0.032480914
0.0,0.027354816
0.0,0.031718347
0.0,0.06348953
0.0,0.03954584
0.0,0.017172927
0.0,0.038565475
0.0,0.03334443
0.0,0.012768251
0.0,0.093521714
0.0,0.18399297
0.0,0.04132416
0.0,0.011011141
0.0,0.0844551
0.0,0.027231233
0.0,0.07582916
0.0,0.007213883
0.0,0.056500833
0.0,0.042734057
0.0,0.040093623
0.0,0.050686136
0.0,0.080125675
0.0,0.053742606
0.0,0.05395619
0.0,0.07282877
0.0,0.047710992
0.0,0.053273167
0.0,0.044787
0.0,0.054233532
0.0,0.05154893
0.0,0.039266806
0.0,0.01889031
0.0,0.06512128
0.0,0.05452527
0.0,0.015924715
0.0,0.053803273
0.0,0.055905722
0.0,0.036226995
0.0,0.08537398
0.0,0.04925161
0.0,0.0275312
0.0,0.06493975
0.0,0.09339671
0.0,0.057802018
0.0,0.1954305
1.0,0.079678565
0.0,0.015882513
0.0,0.060134
0.0,0.01973511
0.0,0.027450621
0.0,0.08938792
0.0,0.022859883
0.0,0.009858728
0.0,0.069341004
0.0,0.032762997
0.0,0.02986401
0.0,0.0076034097
0.0,0.148234
0.0,0.049750686
0.0,0.040031366
0.0,0.027719583
0.0,0.047620554
1.0,0.040831387
0.0,0.021689689
0.0,0.04199058
0.0,0.030951887
0.0,0.04643321
0.0,0.0220551
0.0,0.075915776
0.0,0.066332065
0.0,0.061399605
0.0,0.07356925
0.0,0.007454071
0.0,0.045530118
1.0,0.16133107
0.0,0.032831665
0.0,0.038347516
1.0,0.08837766
0.0,0.018914854
0.0,0.12866235
0.0,0.029104281
0.0,0.011861694
0.0,0.148986
0.0,0.0143825
0.0,0.02005012
0.0,0.064095095
0.0,0.018639898
0.0,0.054314226
0.0,0.030164989
0.0,0.03875175
0.0,0.01698644
0.0,0.032915637
2.0,0.11416427
0.0,0.08746745
0.0,0.009589851
0.0,0.0953976
0.0,0.022861145
1.0,0.026431805
0.0,0.028839082
0.0,0.022652164
0.0,0.017316926
0.0,0.026945041
0.0,0.04485246
0.0,0.015169254
0.0,0.04776813
0.0,0.031479992
0.0,0.059713267
0.0,0.022025883
0.0,0.049860265
0.0,0.01475778
1.0,0.16757514
0.0,0.026047107
0.0,0.013556359
0.0,0.03692515
0.0,0.04838214
0.0,0.028223488
0.0,0.041465946
0.0,0.04460431
0.0,0.047161706
0.0,0.020900477
0.0,0.03531762
0.0,0.16216454
0.0,0.045093954
0.0,0.020241234
0.0,0.035590783
0.0,0.025364563
0.0,0.037405703
0.0,0.028046828
0.0,0.044582516
0.0,0.024883624
0.0,0.047233276
0.0,0.05142387
0.0,0.029202703
0.0,0.021990728
0.0,0.047403403
0.0,0.09559195
0.0,0.03197526
0.0,0.05178636
0.0,0.07366978
0.0,0.08730672
0.0,0.020247316
0.0,0.018097932
1.0,0.060080905
0.0,0.0733138
0.0,0.03336264
0.0,0.043904454
0.0,0.04135314
0.0,0.032342624
0.0,0.08322671
0.0,0.03678447
0.0,0.05484062
0.0,0.034185745
0.0,0.22655827
0.0,0.075415745
0.0,0.011520834
0.0,0.08436937
0.0,0.10170097
0.0,0.06185264
0.0,0.041687492
0.0,0.0775437
0.0,0.028714733
0.0,0.017134441
0.0,0.046426706
0.0,0.03241649
0.0,0.1410935
0.0,0.044406287
0.0,0.012573498
0.0,0.049777146
0.0,0.08569109
0.0,0.18550336
0.0,0.23140006
1.0,0.053122237
0.0,0.05672465
0.0,0.012355442
0.0,0.066849224
0.0,0.018335221
0.0,0.045478545
1.0,0.035571054
0.0,0.037368603
0.0,0.023958115
0.0,0.04633006
0.0,0.062397014
0.0,0.02950128
0.0,0.036800172
0.0,0.048396446
0.0,0.024389686
1.0,0.05594111
0.0,0.0662369
0.0,0.056861326
0.0,0.03438341
0.0,0.08029023
0.0,0.03233957
0.0,0.03920716
0.0,0.026818525
1.0,0.07822147
0.0,0.2040241
0.0,0.022857036
0.0,0.036818128
0.0,0.078409985
0.0,0.013302945
0.0,0.035899084
0.0,0.11015264
0.0,0.057782244
0.0,0.062021177
0.0,0.06985541
0.0,0.028792322
0.0,0.12505333
0.0,0.083846435
0.0,0.011137813
0.0,0.020747717
0.0,0.051584683
0.0,0.021431305
0.0,0.037988544
0.0,0.040461645
0.0,0.063218415
0.0,0.017751338
0.0,0.068258815
0.0,0.03904708
0.0,0.048785
0.0,0.022009348
0.0,0.01774017
0.0,0.037679493
0.0,0.017192459
0.0,0.07917406
0.0,0.008330135
0.0,0.041880738
0.0,0.013112204
0.0,0.015860466
1.0,0.08297865
0.0,0.02687384
0.0,0.013470401
0.0,0.02424108
0.0,0.08114259
1.0,0.04013081
0.0,0.15424329
0.0,0.07494663
0.0,0.038186904
0.0,0.043974705
0.0,0.021972595
0.0,0.18648365
0.0,0.015663134
0.0,0.094890565
0.0,0.062001854
0.0,0.043898568
0.0,0.021408975
0.0,0.028922908
0.0,0.06096259
0.0,0.047971897
0.0,0.018721644
0.0,0.021916958
0.0,0.07955693
0.0,0.03240638
0.0,0.0915386
1.0,0.24274117
0.0,0.056670688
0.0,0.13870117
0.0,0.032755967
0.0,0.022052536
0.0,0.03894377
0.0,0.025932014
0.0,0.1126227
0.0,0.031010255
0.0,0.103080854
0.0,0.07442422
0.0,0.043579634
0.0,0.038895406
0.0,0.07234861
0.0,0.01585277
0.0,0.028170165
0.0,0.056119584
0.0,0.028790263
0.0,0.011602968
0.0,0.065988295
0.0,0.028652761
0.0,0.08901138
0.0,0.02116692
0.0,0.08316803
0.0,0.014795061
0.0,0.03251259
0.0,0.047266036
0.0,0.08253254
0.0,0.096774064
0.0,0.04122108
0.0,0.059573513
1.0,0.15824893
0.0,0.041070554
0.0,0.042641766
0.0,0.12904212
0.0,0.07047231
0.0,0.056190137
1.0,0.016198022
0.0,0.06343391
0.0,0.028322402
0.0,0.014785716
0.0,0.035389367
0.0,0.017903468
0.0,0.047515832
0.0,0.055157844
0.0,0.07497254
0.0,0.03753075
0.0,0.072564356
0.0,0.036683805
0.0,0.077983975
0.0,0.021085493
0.0,0.040432483
0.0,0.030764457
0.0,0.06727263
0.0,0.0973559
0.0,0.06946918
0.0,0.024085708
0.0,0.07844712
0.0,0.038576752
0.0,0.05488198
0.0,0.022139985
0.0,0.082305506
1.0,0.050028093
0.0,0.022907894
0.0,0.04404427
0.0,0.082600415
0.0,0.08439641
0.0,0.019048158
0.0,0.10826518
0.0,0.122516245
0.0,0.051506203
0.0,0.07361908
0.0,0.037668623
0.0,0.043773152
0.0,0.048457593
0.0,0.05423834
0.0,0.027574819
1.0,0.035317164
0.0,0.021492133
0.0,0.01291773
0.0,0.09971773
0.0,0.08069764
0.0,0.12802404
1.0,0.16824786
0.0,0.09322621
0.0,0.056854036
0.0,0.050880753
0.0,0.05196151
0.0,0.04198439
0.0,0.06284882
0.0,0.04165995
0.0,0.035494618
0.0,0.085688226
0.0,0.05314686
0.0,0.026264455
0.0,0.0438093
0.0,0.06378372
0.0,0.08256383
0.0,0.029933596
0.0,0.03287108
0.0,0.047410365
0.0,0.02281357
0.0,0.017125783
0.0,0.112264454
0.0,0.05248537
0.0,0.013985924
0.0,0.048964567
0.0,0.048173204
0.0,0.05031671
0.0,0.07125003
0.0,0.053829625
0.0,0.0378423
0.0,0.044470835
0.0,0.020853916
0.0,0.09553389
0.0,0.07749478
0.0,0.032691818
0.0,0.11700319
0.0,0.037597615
0.0,0.05260343
0.0,0.05416636
0.0,0.085065454
0.0,0.038867503
0.0,0.04267539
0.0,0.058351986
0.0,0.043854967
0.0,0.03042581
0.0,0.06592976
0.0,0.03613504
0.0,0.08195015
0.0,0.061139632
0.0,0.03761998
0.0,0.02582132
0.0,0.05076649
0.0,0.034317974
0.0,0.05536557
0.0,0.041188776
1.0,0.035124145
0.0,0.030745348
0.0,0.046075184
0.0,0.05384318
0.0,0.020231478
0.0,0.22921564
0.0,0.020694008
0.0,0.036804523
0.0,0.015005758
0.0,0.041552145
0.0,0.032596104
0.0,0.12366368
0.0,0.06129313
1.0,0.06138125
0.0,0.05669412
0.0,0.06088598
0.0,0.013973106
0.0,0.041917
0.0,0.033046342
0.0,0.08281052
0.0,0.022010723
0.0,0.030232696
0.0,0.089578524
0.0,0.06472244
0.0,0.041124973
0.0,0.018718822
0.0,0.050284043
0.0,0.059455995
0.0,0.13134019
0.0,0.035687275
0.0,0.037600126
0.0,0.038264044
0.0,0.061851166
0.0,0.05158734
0.0,0.057265203
0.0,0.046621814
0.0,0.03401931
0.0,0.038929716
0.0,0.052244116
0.0,0.07008146
0.0,0.09666328
0.0,0.07871139
0.0,0.07566089
0.0,0.052525904
0.0,0.058291584
0.0,0.02779108
1.0,0.10001042
1.0,0.011181022
0.0,0.06771714
0.0,0.09075628
0.0,0.06678039
0.0,0.03146356
0.0,0.020719977
0.0,0.06571057
0.0,0.035854176
0.0,0.05156727
0.0,0.030614767
0.0,0.0409127
0.0,0.0348661
0.0,0.029613962
0.0,0.035650842
0.0,0.06402982
0.0,0.048716865
1.0,0.07450568
0.0,0.06782642
0.0,0.039989546
0.0,0.13916095
0.0,0.045606367
0.0,0.11558582
0.0,0.008577272
0.0,0.03771021
0.0,0.021205926
0.0,0.16190687
0.0,0.039569195
0.0,0.03309696
0.0,0.053562447
0.0,0.19244164
0.0,0.06094053
0.0,0.031671524
0.0,0.08712673
0.0,0.058497608
0.0,0.014404051
0.0,0.03246263
0.0,0.0417287
1.0,0.062317755
0.0,0.074391685
0.0,0.014313782
0.0,0.020258036
0.0,0.046456955
0.0,0.076966874
0.0,0.00955025
0.0,0.014383241
1.0,0.061128773
0.0,0.04542674
0.0,0.045848045
0.0,0.029881459
1.0,0.060093697
0.0,0.032807283
0.0,0.11646451
0.0,0.02391439
0.0,0.07148368
0.0,0.06149046
0.0,0.053050853
0.0,0.055416226
0.0,0.014862546
0.0,0.059014462
0.0,0.059025746
0.0,0.039084636
0.0,0.032257684
0.0,0.05693108
1.0,0.07104105
0.0,0.05718419
0.0,0.018706715
0.0,0.040443957
0.0,0.0474197
0.0,0.11229034
0.0,0.01868195
0.0,0.030526938
1.0,0.034774713
1.0,0.055686757
0.0,0.025274243
0.0,0.052135836
0.0,0.054193594
0.0,0.09843209
0.0,0.037971213
0.0,0.051334277
1.0,0.09200618
0.0,0.0710687
0.0,0.055648934
0.0,0.052515563
0.0,0.026016619
0.0,0.07389055
0.0,0.092286855
0.0,0.02170376
0.0,0.05088359
0.0,0.1998646
0.0,0.081100695
0.0,0.03831502
0.0,0.073893
0.0,0.039338153
0.0,0.03480811
0.0,0.03999582
0.0,0.087076105
0.0,0.0889194
1.0,0.077197716
0.0,0.02049767
0.0,0.0401068
0.0,0.044485107
0.0,0.067883186
0.0,0.057121765
0.0,0.019746501
0.0,0.0570944
0.0,0.08515772
0.0,0.015801284
0.0,0.042116027
0.0,0.016608339
0.0,0.03709513
0.0,0.032154113
0.0,0.055171575
0.0,0.05265214
0.0,0.101927646
0.0,0.017555106
0.0,0.053820696
0.0,0.028534371
0.0,0.035093408
0.0,0.023713164
0.0,0.052254453
1.0,0.047512475
0.0,0.054264054
0.0,0.027306885
0.0,0.024892181
0.0,0.019220287
0.0,0.063396625
0.0,0.02312864
0.0,0.059026945
0.0,0.08375345
0.0,0.02693678
0.0,0.05172646
0.0,0.033266705
0.0,0.10994119
0.0,0.018727403
0.0,0.03210489
0.0,0.081543416
0.0,0.0733083
0.0,0.06565366
0.0,0.019951126
0.0,0.028479973
0.0,0.06774516
0.0,0.063112736
0.0,0.030130615
0.0,0.04144209
0.0,0.016191851
0.0,0.060272783
0.0,0.06311716
0.0,0.032955404
0.0,0.05668174
0.0,0.024341261
1.0,0.0065069096
0.0,0.025191512
0.0,0.061505094
0.0,0.06634112
0.0,0.022583075
0.0,0.028681602
0.0,0.018787453
0.0,0.026798494
0.0,0.3326771
0.0,0.038462833
0.0,0.037799504
0.0,0.034865186
0.0,0.045857094
0.0,0.056049913
0.0,0.028786406
0.0,0.054200493
0.0,0.036877956
0.0,0.0776888
0.0,0.019698266
0.0,0.052881584
0.0,0.05928968
0.0,0.061710645
0.0,0.058677465
0.0,0.023602892
0.0,0.014137082
0.0,0.07035605
1.0,0.050572667
0.0,0.070826605
0.0,0.030147847
0.0,0.05412869
0.0,0.0634211
0.0,0.01762838
0.0,0.045821425
0.0,0.07291526
0.0,0.032083463
0.0,0.033171378
0.0,0.039488804
1.0,0.14294986
0.0,0.022685293
0.0,0.023048008
0.0,0.024193631
0.0,0.01810513
0.0,0.01897073
0.0,0.019271046
0.0,0.07242387
0.0,0.049128443
0.0,0.06719881
0.0,0.0775961
0.0,0.029544441
0.0,0.01769389
0.0,0.04815038
0.0,0.09722085
1.0,0.10037872
0.0,0.06365551
0.0,0.04865282
0.0,0.032335375
0.0,0.015552659
0.0,0.055378348
0.0,0.035725296
0.0,0.055903193
0.0,0.050822098
0.0,0.0731862
0.0,0.021847673
0.0,0.040620297
0.0,0.04464983
0.0,0.100707635
0.0,0.021734953
0.0,0.03229091
0.0,0.0510332
0.0,0.061132327
0.0,0.03317513
0.0,0.09533575
1.0,0.0312939
0.0,0.08583885
0.0,0.062022656
0.0,0.06985603
0.0,0.05051923
1.0,0.060992755
0.0,0.033449214
0.0,0.018886302
0.0,0.055689413
0.0,0.026563942
0.0,0.015133578
0.0,0.021965137
1.0,0.36437
0.0,0.043592937
1.0,0.04145369
0.0,0.03696154
0.0,0.064827114
0.0,0.0427201
0.0,0.017615296
0.0,0.049564883
0.0,0.06499678
0.0,0.19279507
0.0,0.010362735
0.0,0.04918437
0.0,0.019941272
0.0,0.034228254
0.0,0.08130043
0.0,0.062263638
0.0,0.071465254
0.0,0.011260363
0.0,0.018949492
0.0,0.013461636
0.0,0.030931896
0.0,0.1309585
0.0,0.06869747
0.0,0.088495634
0.0,0.1811526
0.0,0.027315466
0.0,0.11933329
0.0,0.07092377
0.0,0.040024076
0.0,0.048635095
0.0,0.014792133
0.0,0.04019822
0.0,0.05764426
0.0,0.024555603
0.0,0.0556453
0.0,0.052784365
0.0,0.05294133
0.0,0.037441734
0.0,0.0118245855
0.0,0.024911536
0.0,0.036892783
0.0,0.017346166
0.0,0.05653363
0.0,0.014116179
0.0,0.13014202
0.0,0.04390686
0.0,0.0680344
1.0,0.042483807
0.0,0.08706174
1.0,0.08788116
0.0,0.04093928
0.0,0.1177309
0.0,0.050936297
0.0,0.07031495
0.0,0.050049517
0.0,0.05655221
0.0,0.057009846
0.0,0.017987102
0.0,0.044887487
0.0,0.04122147
0.0,0.046283957
0.0,0.04324144
1.0,0.047115583
0.0,0.057643656
0.0,0.051796954
0.0,0.026798623
0.0,0.0287301
0.0,0.062640704
0.0,0.06840374
0.0,0.08290012
0.0,0.033493917
0.0,0.01852266
0.0,0.04074787
0.0,0.058875218
0.0,0.026604634
0.0,0.0740894
0.0,0.10667795
0.0,0.04020219
0.0,0.050739456
0.0,0.0410461
0.0,0.052617002
0.0,0.0072738086
0.0,0.019304864
0.0,0.006068555
0.0,0.046679452
0.0,0.04842648
1.0,0.027176583
0.0,0.093278185
0.0,0.027511712
0.0,0.05271693
0.0,0.0137524
0.0,0.044818554
0.0,0.064091414
0.0,0.030168124
0.0,0.017034143
0.0,0.04449156
0.0,0.015408348
0.0,0.039723873
0.0,0.055052422
0.0,0.017575234
0.0,0.06044807
0.0,0.13665117
0.0,0.014166773
0.0,0.051373236
0.0,0.058634948
0.0,0.056652762
0.0,0.018682832
0.0,0.05654648
0.0,0.028033819
0.0,0.035707057
0.0,0.061299764
0.0,0.033825547
1.0,0.107694834
0.0,0.120227575
0.0,0.051554956
0.0,0.06424963
0.0,0.047367204
0.0,0.05440479
0.0,0.074562185
0.0,0.05093778
0.0,0.019896489
0.0,0.031386584
0.0,0.07151719
0.0,0.03468251
0.0,0.12841536
0.0,0.03355457
0.0,0.0592499
0.0,0.064535394
0.0,0.085770726
0.0,0.08131103
0.0,0.034763176
0.0,0.04317119
0.0,0.090476066
0.0,0.087313846
0.0,0.03579292
0.0,0.051446754
0.0,0.0106588565
0.0,0.02184158
0.0,0.04742099
0.0,0.049740724
0.0,0.037831888
0.0,0.013389871
0.0,0.17695996
0.0,0.03049845
0.0,0.030511454
0.0,0.042271066
0.0,0.022398647
0.0,0.033537515
0.0,0.016437303
0.0,0.017992508
0.0,0.05335752
0.0,0.040328063
0.0,0.023777215
0.0,0.031500112
0.0,0.040635273
0.0,0.09567585
1.0,0.15787804
0.0,0.18197082
0.0,0.04663229
0.0,0.020915013
0.0,0.046331212
1.0,0.13120514
0.0,0.066547655
0.0,0.02853444
0.0,0.039152943
0.0,0.024833994
0.0,0.055907536
0.0,0.045759395
0.0,0.056744616
0.0,0.088136315
0.0,0.052664943
0.0,0.02789655
0.0,0.023371043
0.0,0.060295753
0.0,0.025022814
0.0,0.01339072
1.0,0.07805053
0.0,0.023160603
0.0,0.032398622
0.0,0.07328282
0.0,0.08568933
0.0,0.031002538
0.0,0.028488081
0.0,0.03538353
0.0,0.05119836
0.0,0.06132559
0.0,0.02766894
0.0,0.029748233
0.0,0.017996987
0.0,0.05198984
0.0,0.019240636
0.0,0.05564851
0.0,0.051263608
0.0,0.025632989
0.0,0.0776083
0.0,0.073914714
0.0,0.0634412
0.0,0.02878712
0.0,0.009206999
0.0,0.13395198
0.0,0.059521195
0.0,0.0412383
0.0,0.072934926
0.0,0.058408026
1.0,0.04789163
0.0,0.044223107
0.0,0.0970238
0.0,0.05249343
0.0,0.06240527
0.0,0.07196763
0.0,0.06812165
0.0,0.06321622
0.0,0.033371247
0.0,0.024896003
0.0,0.028868483
0.0,0.028986543
0.0,0.05513912
0.0,0.05047748
0.0,0.01690317
1.0,0.03500395
0.0,0.041761186
0.0,0.047056444
0.0,0.05839942
0.0,0.068435065
0.0,0.024283957
0.0,0.08781858
0.0,0.026526462
0.0,0.025344832
0.0,0.05703213
0.0,0.052318558
1.0,0.20842843
0.0,0.025934834
0.0,0.051820077
0.0,0.019825272
0.0,0.05390838
1.0,0.06294803
0.0,0.019998902
0.0,0.07015761
0.0,0.04933011
0.0,0.06450014
0.0,0.059076853
0.0,0.028935695
0.0,0.05004656
0.0,0.056986675
0.0,0.031657316
0.0,0.037286036
0.0,0.073142216
0.0,0.07519007
0.0,0.04114757
0.0,0.08060759
0.0,0.026775096
0.0,0.030325187
0.0,0.028839039
0.0,0.062467255
0.0,0.013149741
0.0,0.03268745
0.0,0.013896474
0.0,0.013601937
0.0,0.038506877
0.0,0.054603584
0.0,0.07613961
0.0,0.031967267
0.0,0.07953976
0.0,0.050251324
0.0,0.042249
0.0,0.07309376
0.0,0.030153727
0.0,0.072233625
0.0,0.047013115
0.0,0.026946917
0.0,0.11242793
0.0,0.059641015
0.0,0.07878809
0.0,0.057869986
0.0,0.025112355
0.0,0.025058612
0.0,0.04676059
0.0,0.03632762
0.0,0.02396145
0.0,0.033595715
0.0,0.050158106
0.0,0.049149483
0.0,0.06800106
0.0,0.056200348
0.0,0.019239837
0.0,0.054928448
0.0,0.06901401
0.0,0.03573516
0.0,0.014411429
0.0,0.064753324
0.0,0.054695807
0.0,0.05644033
0.0,0.040285397
0.0,0.064673066
0.0,0.054195322
0.0,0.036509804
0.0,0.09692429
0.0,0.026389955
1.0,0.058302954
0.0,0.014079502
0.0,0.056275137
0.0,0.02277341
0.0,0.054512404
0.0,0.015540724
0.0,0.024125673
0.0,0.04451418
0.0,0.051572658
0.0,0.016402492
0.0,0.02137774
0.0,0.06583643
0.0,0.03650944
0.0,0.095734015
0.0,0.06551468
0.0,0.056857098
0.0,0.024133647
0.0,0.058365457
0.0,0.032261927
0.0,0.0412944
0.0,0.06365365
0.0,0.024305029
0.0,0.028950753
0.0,0.05058576
0.0,0.13912408
0.0,0.035983693
0.0,0.05012745
0.0,0.08589887
0.0,0.059653245
0.0,0.043367445
0.0,0.07191981
0.0,0.036181055
0.0,0.029658549
0.0,0.023760237
0.0,0.044082616
0.0,0.0660135
0.0,0.020824037
0.0,0.031792223
0.0,0.026457604
0.0,0.08489494
0.0,0.04632368
0.0,0.086423725
0.0,0.03778327
0.0,0.059648637
0.0,0.050869837
0.0,0.03804984
0.0,0.05694034
1.0,0.05144889
0.0,0.052577525
0.0,0.058560193
0.0,0.06168811
0.0,0.2135642
0.0,0.09121238
0.0,0.046555325
0.0,0.029231904
0.0,0.014416502
0.0,0.02301979
0.0,0.07632015
0.0,0.028201144
0.0,0.08659583
0.0,0.030629441
0.0,0.064122826
0.0,0.031703316
0.0,0.02385131
0.0,0.07121654
0.0,0.045932136
0.0,0.037095007
0.0,0.059315514
0.0,0.046802483
0.0,0.2857445
0.0,0.033676244
0.0,0.01688151
0.0,0.050482895
0.0,0.019294262
0.0,0.046397157
0.0,0.029376697
1.0,0.06785844
0.0,0.0147225745
0.0,0.03043958
0.0,0.10066013
0.0,0.018650504
0.0,0.085749134
0.0,0.0342583
0.0,0.036166776
0.0,0.04461452
1.0,0.06575573
0.0,0.054581694
0.0,0.11861442
0.0,0.032481708
0.0,0.032311656
0.0,0.02491314
0.0,0.040154446
0.0,0.0445249
0.0,0.10633017
0.0,0.023305696
0.0,0.06268523
0.0,0.05054251
0.0,0.021076497
0.0,0.02276178
0.0,0.038472097
0.0,0.0321562
0.0,0.07744033
0.0,0.031902473
0.0,0.023168743
0.0,0.07108307
0.0,0.01994421
0.0,0.017115986
0.0,0.068824165
0.0,0.03621409
0.0,0.020720687
0.0,0.052383434
0.0,0.039090768
0.0,0.04596842
0.0,0.031093989
0.0,0.032362062
0.0,0.09571377
0.0,0.09373166
0.0,0.07997543
0.0,0.035030514
0.0,0.05512219
0.0,0.016130494
0.0,0.025075477
0.0,0.094051
0.0,0.0642469
0.0,0.048658296
0.0,0.057946086
0.0,0.05780494
0.0,0.031894643
0.0,0.062210873
0.0,0.01735693
0.0,0.11458132
0.0,0.04739834
0.0,0.054763634
0.0,0.03234219
0.0,0.06835937
0.0,0.012822436
0.0,0.0947237
0.0,0.07104073
0.0,0.053698443
0.0,0.1257043
0.0,0.04504691
0.0,0.042245254
0.0,0.0380559
0.0,0.110174775
0.0,0.04058814
0.0,0.037785538
0.0,0.11519636
0.0,0.025785541
0.0,0.07260999
0.0,0.05117395
0.0,0.047959045
0.0,0.015961273
0.0,0.01704273
0.0,0.30658752
0.0,0.05254988
0.0,0.06169073
0.0,0.07921926
0.0,0.03200714
0.0,0.046847
0.0,0.045719523
0.0,0.071199305
0.0,0.08007919
0.0,0.067132115
0.0,0.14326155
0.0,0.04301566
0.0,0.031434003
1.0,0.035073835
0.0,0.013437997
0.0,0.0415635
0.0,0.025233554
0.0,0.07547377
0.0,0.06978343
0.0,0.027879275
0.0,0.07638929
0.0,0.04023136
0.0,0.03899567
0.0,0.040848877
0.0,0.043434188
0.0,0.011539422
0.0,0.014230944
0.0,0.036385972
0.0,0.018794738
0.0,0.08493881
0.0,0.050523352
0.0,0.0470669
0.0,0.0893754
0.0,0.057137445
0.0,0.052649956
1.0,0.05024658
0.0,0.09152359
0.0,0.08293165
0.0,0.040356264
0.0,0.06576364
0.0,0.037128434
0.0,0.043229178
0.0,0.0775625
0.0,0.02877909
0.0,0.012351731
0.0,0.019525625
0.0,0.028209548
0.0,0.024846453
0.0,0.03715764
0.0,0.105292484
0.0,0.02872388
0.0,0.042014293
0.0,0.103439115
0.0,0.024736231
0.0,0.07408203
0.0,0.06384862
0.0,0.039703403
0.0,0.081937745
0.0,0.03210873
0.0,0.13001691
0.0,0.0049312543
0.0,0.15325062
0.0,0.05003699
0.0,0.04219412
0.0,0.05473599
0.0,0.04891953
0.0,0.080032505
0.0,0.027265456
0.0,0.028871719
0.0,0.06768741
1.0,0.03192349
0.0,0.06897385
0.0,0.040059533
0.0,0.018968875
0.0,0.06379576
0.0,0.043407127
0.0,0.08033212
0.0,0.027839264
0.0,0.063231245
0.0,0.032528497
0.0,0.03689336
0.0,0.081346616
0.0,0.06231345
0.0,0.036390536
0.0,0.048338305
0.0,0.09442483
0.0,0.030579183
0.0,0.06605528
0.0,0.054799736
0.0,0.07024699
0.0,0.08954325
0.0,0.022703908
0.0,0.053737123
0.0,0.06976459
1.0,0.056028884
0.0,0.07982003
0.0,0.059153583
0.0,0.04030496
0.0,0.030279065
0.0,0.06293567
0.0,0.0864269
0.0,0.034549862
0.0,0.023893964
0.0,0.026453806
0.0,0.02973873
0.0,0.054420177
0.0,0.05436019
0.0,0.06712255
0.0,0.11951734
0.0,0.103249885
0.0,0.054523684
0.0,0.015800456
0.0,0.075607374
0.0,0.019609554
0.0,0.04409624
0.0,0.049979046
0.0,0.037215695
0.0,0.058825605
0.0,0.018097362
0.0,0.04230331
0.0,0.1159326
0.0,0.049148172
0.0,0.024121119
0.0,0.22854508
0.0,0.014521814
0.0,0.040529113
0.0,0.08280143
0.0,0.014273896
0.0,0.031420484
0.0,0.032349933
0.0,0.052483894
0.0,0.040904544
0.0,0.024785312
0.0,0.026682016
0.0,0.0135136405
0.0,0.05582288
0.0,0.025948515
0.0,0.065854415
0.0,0.027604328
0.0,0.04212342
0.0,0.11474972
0.0,0.06432448
0.0,0.037076175
0.0,0.029372158
0.0,0.042112254
0.0,0.04285768
0.0,0.060575604
0.0,0.0782599
0.0,0.067750424
0.0,0.18092243
0.0,0.016735535
0.0,0.11751726
0.0,0.071501404
0.0,0.06987063
0.0,0.030190242
0.0,0.0644181
0.0,0.016521217
0.0,0.024570782
0.0,0.07080071
0.0,0.063977994
0.0,0.03410756
1.0,0.0708104
0.0,0.0890518
1.0,0.03951653
0.0,0.07074678
0.0,0.04174498
0.0,0.022907052
1.0,0.04346711
0.0,0.01966573
0.0,0.064842686
0.0,0.055821043
0.0,0.044771947
1.0,0.05322099
0.0,0.06455014
0.0,0.038241316
0.0,0.024138896
0.0,0.07097377
0.0,0.037122875
0.0,0.05198359
0.0,0.07008896
0.0,0.09193185
0.0,0.056665987
0.0,0.07152408
1.0,0.0409774
0.0,0.024304219
0.0,0.012064361
0.0,0.0633561
0.0,0.09906384
0.0,0.08656065
1.0,0.15966368
0.0,0.046655953
0.0,0.026645845
0.0,0.06294035
0.0,0.056697905
0.0,0.076603204
0.0,0.013154501
0.0,0.052006997
0.0,0.034401383
0.0,0.05878245
0.0,0.028403604
0.0,0.10452402
0.0,0.06053597
0.0,0.038296845
0.0,0.13939156
0.0,0.016232738
0.0,0.0467387
0.0,0.036789488
0.0,0.00932274
0.0,0.053409167
0.0,0.025152957
0.0,0.03536376
0.0,0.11488588
0.0,0.021877969
0.0,0.060120195
0.0,0.04623554
0.0,0.15537842
0.0,0.034703948
0.0,0.030586721
0.0,0.035195936
0.0,0.032495696
0.0,0.016068228
0.0,0.05742878
1.0,0.04788585
0.0,0.048322033
0.0,0.22744426
1.0,0.067599945
0.0,0.036193706
1.0,0.07102455
0.0,0.029598406
0.0,0.14525945
0.0,0.061773356
0.0,0.03160195
0.0,0.07494687
0.0,0.012558657
0.0,0.058709398
0.0,0.12039248
0.0,0.04417958
0.0,0.04300126
0.0,0.02295846
0.0,0.041765507
0.0,0.05025099
0.0,0.05115936
0.0,0.041246165
0.0,0.03364212
0.0,0.04477925
0.0,0.122422986
0.0,0.07395926
0.0,0.05626084
0.0,0.037485447
0.0,0.07593468
1.0,0.0669113
0.0,0.059989557
0.0,0.055096228
0.0,0.055369396
0.0,0.021663476
0.0,0.06698581
0.0,0.089371815
0.0,0.059394307
0.0,0.018625265
0.0,0.017803887
0.0,0.028832989
0.0,0.022489712
0.0,0.05448826
0.0,0.049720876
0.0,0.052636452
0.0,0.06004934
0.0,0.050633013
0.0,0.07080199
0.0,0.057599336
0.0,0.02674331
0.0,0.0790806
0.0,0.021662433
0.0,0.0509559
0.0,0.0646442
0.0,0.041512616
0.0,0.077460386
0.0,0.033723135
0.0,0.029113859
0.0,0.06442901
0.0,0.06466165
0.0,0.04772021
0.0,0.09149745
0.0,0.028597998
1.0,0.08947211
0.0,0.08121468
0.0,0.03889036
0.0,0.042485833
0.0,0.013055338
0.0,0.10640301
0.0,0.036367223
0.0,0.020864202
0.0,0.06309667
0.0,0.042576853
0.0,0.03374699
0.0,0.030298982
0.0,0.09104652
0.0,0.063998364
0.0,0.060810283
0.0,0.043045305
0.0,0.037180506
0.0,0.02832501
0.0,0.069808304
0.0,0.086103156
0.0,0.06571652
0.0,0.025055517
1.0,0.020174053
0.0,0.045115568
0.0,0.06728248
0.0,0.023025587
0.0,0.01345427
0.0,0.0860412
0.0,0.09197609
0.0,0.0411029
0.0,0.06250787
0.0,0.050223537
0.0,0.044046663
0.0,0.095389955
0.0,0.028233489
0.0,0.05507256
0.0,0.060507733
0.0,0.042235546
0.0,0.08986543
0.0,0.037647147
0.0,0.032421697
0.0,0.01225831
0.0,0.06501724
0.0,0.08175009
0.0,0.065932594
0.0,0.045141585
0.0,0.114225805
0.0,0.07815073
0.0,0.03970068
0.0,0.060829684
0.0,0.075451426
1.0,0.052559253
1.0,0.058574196
0.0,0.07973858
0.0,0.034353618
0.0,0.009228923
0.0,0.020971056
0.0,0.09554482
0.0,0.047421645
0.0,0.06913186
0.0,0.020330323
0.0,0.092580825
0.0,0.043433625
0.0,0.008916516
0.0,0.10761948
0.0,0.021778671
0.0,0.059981547
0.0,0.024469435
0.0,0.010038526
0.0,0.018252073
0.0,0.05682299
1.0,0.055640336
0.0,0.03501777
0.0,0.04439746
0.0,0.06438489
0.0,0.0297891
0.0,0.071931794
0.0,0.027189583
0.0,0.022596616
0.0,0.036730573
0.0,0.021362241
0.0,0.041267097
0.0,0.031089006
0.0,0.06715578
0.0,0.08243807
0.0,0.034997504
0.0,0.03564328
0.0,0.028268527
0.0,0.05534432
0.0,0.045815043
0.0,0.0130909765
0.0,0.021038784
1.0,0.07088408
0.0,0.045112256
0.0,0.03277559
0.0,0.03485212
0.0,0.030409288
0.0,0.07028731
0.0,0.050488554
0.0,0.04153501
0.0,0.017763413
0.0,0.060704857
0.0,0.045065
0.0,0.019509004
0.0,0.01509063
0.0,0.027240362
0.0,0.019245755
0.0,0.038069602
0.0,0.021007678
0.0,0.060488146
0.0,0.08071328
0.0,0.014748178
0.0,0.09635314
0.0,0.05362971
0.0,0.024539672
0.0,0.029625008
0.0,0.023025973
0.0,0.039513838
0.0,0.010063783
0.0,0.036767073
0.0,0.091417335
0.0,0.06284966
0.0,0.009965455
0.0,0.021396933
0.0,0.06877404
0.0,0.03212342
0.0,0.04337003
0.0,0.05965541
0.0,0.08756455
0.0,0.06081852
0.0,0.04789556
0.0,0.07674373
0.0,0.054765202
2.0,0.066632435
0.0,0.03885164
0.0,0.090952575
1.0,0.044384167
0.0,0.05627315
0.0,0.015299181
1.0,0.13810733
0.0,0.029969858
0.0,0.13868153
0.0,0.040454913
0.0,0.027395857
0.0,0.05726176
0.0,0.2174739
0.0,0.049763285
0.0,0.055422224
0.0,0.0787109
0.0,0.031161197
0.0,0.031836614
0.0,0.037999723
0.0,0.07468267
0.0,0.1069876
0.0,0.086107776
0.0,0.019258186
0.0,0.061300874
0.0,0.039418574
0.0,0.0462064
0.0,0.093047425
1.0,0.06844988
0.0,0.048451055
0.0,0.019592058
0.0,0.013555422
0.0,0.038935248
0.0,0.03010537
0.0,0.014322637
0.0,0.026769465
0.0,0.05874635
1.0,0.045614086
0.0,0.109345436
0.0,0.07075754
0.0,0.04855381
0.0,0.037161786
0.0,0.03736447
0.0,0.043125246
0.0,0.06976652
0.0,0.050835647
0.0,0.08349002
1.0,0.050033245
0.0,0.0276323
0.0,0.025592124
0.0,0.034059875
0.0,0.0715278
0.0,0.044397756
0.0,0.055336036
0.0,0.060001228
0.0,0.041374166
0.0,0.058439728
0.0,0.053958505
0.0,0.020883083
1.0,0.039485093
0.0,0.06027201
0.0,0.050813667
0.0,0.06947704
0.0,0.02629966
0.0,0.033512834
0.0,0.0448099
0.0,0.04398693
0.0,0.031311676
0.0,0.023876525
0.0,0.025953056
0.0,0.041752167
0.0,0.07027844
0.0,0.057237793
0.0,0.054823205
0.0,0.05729839
1.0,0.053764775
0.0,0.054730874
0.0,0.031411976
0.0,0.06689428
0.0,0.04164456
0.0,0.016126227
0.0,0.027742367
0.0,0.061940063
0.0,0.07394159
0.0,0.06210136
0.0,0.07457975
0.0,0.013634438
0.0,0.044799175
0.0,0.014305409
0.0,0.073040605
0.0,0.020133097
0.0,0.04398785
0.0,0.058393378
0.0,0.08710542
0.0,0.051670574
0.0,0.0638877
0.0,0.0844786
1.0,0.035104256
0.0,0.0177531
0.0,0.016404252
0.0,0.026717078
0.0,0.045076817
0.0,0.1119065
0.0,0.06866852
0.0,0.04865254
0.0,0.026142543
0.0,0.028242363
0.0,0.0087014465
0.0,0.0376927
0.0,0.04899054
0.0,0.034468886
0.0,0.075868845
0.0,0.055546388
0.0,0.051750515
0.0,0.09724427
0.0,0.050913226
0.0,0.019394584
0.0,0.07150025
0.0,0.042793825
0.0,0.056245573
0.0,0.025713786
0.0,0.062315796
0.0,0.044406563
0.0,0.053579714
0.0,0.11669463
0.0,0.075934246
1.0,0.036913723
0.0,0.022497896
0.0,0.07448788
0.0,0.029383142
0.0,0.030748164
0.0,0.041718554
0.0,0.023025192
0.0,0.044462457
0.0,0.07803167
0.0,0.06343987
0.0,0.063595004
0.0,0.091801
0.0,0.048795357
0.0,0.10598414
0.0,0.07809573
0.0,0.01823471
0.0,0.08193028
0.0,0.012716344
0.0,0.061074927
0.0,0.09484619
0.0,0.055409305
0.0,0.06091505
0.0,0.059560787
0.0,0.020885354
0.0,0.06125345
0.0,0.022527311
0.0,0.01078346
0.0,0.05207181
0.0,0.011637267
0.0,0.041950192
0.0,0.026341025
0.0,0.014030792
0.0,0.059984006
1.0,0.054568473
0.0,0.12852475
0.0,0.013194669
0.0,0.03060792
0.0,0.023075202
0.0,0.049402732
0.0,0.07590792
0.0,0.037493993
0.0,0.010968573
0.0,0.039201476
0.0,0.032235954
0.0,0.025441008
0.0,0.036170706
0.0,0.045135945
0.0,0.016476084
0.0,0.05878307
0.0,0.020474568
0.0,0.06365352
0.0,0.025344446
0.0,0.013379794
0.0,0.05481168
0.0,0.011821125
0.0,0.0272906
0.0,0.074570894
0.0,0.032424975
0.0,0.05419517
0.0,0.09116286
0.0,0.086523965
0.0,0.07453735
0.0,0.016703606
0.0,0.08505098
0.0,0.07559353
0.0,0.0354183
0.0,0.08071853
0.0,0.05558701
1.0,0.13043933
0.0,0.037125994
0.0,0.03236521
0.0,0.01654037
1.0,0.38584238
0.0,0.021807706
0.0,0.025271267
0.0,0.03828976
0.0,0.05879682
0.0,0.03731748
0.0,0.05670315
0.0,0.05176905
0.0,0.055853497
0.0,0.029214598
0.0,0.10849503
0.0,0.027258215
0.0,0.052348875
0.0,0.040579353
0.0,0.040519975
0.0,0.035544466
0.0,0.026419569
0.0,0.027466845
0.0,0.029601116
0.0,0.09358876
0.0,0.05046489
0.0,0.025119457
0.0,0.06424503
0.0,0.01673327
0.0,0.0311815
0.0,0.08257322
0.0,0.030547835
0.0,0.04728134
0.0,0.0224012
0.0,0.040352974
0.0,0.044180848
0.0,0.050297067
0.0,0.024214763
0.0,0.057685036
0.0,0.10321065
0.0,0.053328626
0.0,0.06391203
0.0,0.020352893
0.0,0.09015091
0.0,0.053488404
0.0,0.044154942
0.0,0.016988613
0.0,0.034678392
0.0,0.026541937
0.0,0.06330283
0.0,0.04257456
0.0,0.03311371
0.0,0.03971552
0.0,0.039410003
0.0,0.031051315
0.0,0.03515863
0.0,0.037535798
0.0,0.04187253
0.0,0.059432156
0.0,0.060871903
0.0,0.08218734
0.0,0.030387184
0.0,0.035182968
0.0,0.05539599
1.0,0.06881008
0.0,0.09650127
0.0,0.028790263
0.0,0.07153341
1.0,0.10727267
0.0,0.032735184
0.0,0.03285182
0.0,0.03223611
0.0,0.024973048
1.0,0.07201881
0.0,0.058907695
2.0,0.118811555
0.0,0.011800135
0.0,0.022028595
0.0,0.056156307
0.0,0.05652742
0.0,0.022768404
0.0,0.032086924
0.0,0.031909198
0.0,0.02415801
0.0,0.06763625
0.0,0.05951939
0.0,0.033236593
1.0,0.0852752
0.0,0.014282569
0.0,0.045925327
0.0,0.080748715
0.0,0.05789557
0.0,0.012111395
0.0,0.053223044
0.0,0.076693006
0.0,0.08417801
0.0,0.03916364
0.0,0.047066115
0.0,0.05841797
1.0,0.03639083
1.0,0.035638776
0.0,0.0482867
0.0,0.025944952
0.0,0.07393828
0.0,0.06653398
0.0,0.076328866
0.0,0.04657469
0.0,0.024121257
0.0,0.03782453
0.0,0.030900024
0.0,0.06919868
0.0,0.07507578
0.0,0.07481093
0.0,0.046876386
0.0,0.04247192
0.0,0.063251145
0.0,0.021867445
1.0,0.06070063
0.0,0.088658094
0.0,0.03487295
0.0,0.048488196
0.0,0.041520394
0.0,0.07123859
0.0,0.022714183
0.0,0.05150473
0.0,0.04306298
0.0,0.015945656
0.0,0.07741807
0.0,0.056632273
0.0,0.023416879
0.0,0.070594534
0.0,0.035571985
0.0,0.01277498
0.0,0.060280487
0.0,0.10965013
0.0,0.04548546
0.0,0.05829
0.0,0.0612458
0.0,0.052446343
0.0,0.01753297
0.0,0.053577494
0.0,0.04496757
0.0,0.0416502
0.0,0.017134156
0.0,0.036793083
0.0,0.03437459
0.0,0.029299181
0.0,0.12791109
0.0,0.019003104
0.0,0.038037665
0.0,0.0102797095
2.0,0.15228057
0.0,0.109801754
0.0,0.07142179
0.0,0.01777898
0.0,0.056603696
0.0,0.03605736
0.0,0.030170195
0.0,0.06527786
1.0,0.09573102
1.0,0.079824746
0.0,0.05425169
0.0,0.041974142
0.0,0.05481641
0.0,0.011438174
0.0,0.06315792
0.0,0.06076205
0.0,0.05859409
0.0,0.14984763
0.0,0.03995642
0.0,0.026151944
0.0,0.04264557
0.0,0.030516155
0.0,0.03529437
0.0,0.05661563
0.0,0.052669413
0.0,0.02945651
0.0,0.023314198
0.0,0.042082965
0.0,0.03948129
0.0,0.03864126
0.0,0.04688584
0.0,0.037439268
0.0,0.029213289
0.0,0.107677944
0.0,0.03664195
0.0,0.09475754
0.0,0.047569897
0.0,0.05300109
0.0,0.044602863
0.0,0.0320721
0.0,0.047529086
0.0,0.04938714
1.0,0.052312292
0.0,0.06733981
0.0,0.082125716
0.0,0.064719215
0.0,0.025306996
0.0,0.05237549
0.0,0.02139935
0.0,0.056875132
0.0,0.05820462
0.0,0.067645945
0.0,0.03376191
0.0,0.05647153
0.0,0.048456647
0.0,0.025067551
0.0,0.05351537
0.0,0.058812983
0.0,0.040438153
0.0,0.058609623
0.0,0.066729225
0.0,0.017102314
0.0,0.018011041
0.0,0.030896649
0.0,0.040859006
0.0,0.024117311
0.0,0.024096908
0.0,0.02957156
0.0,0.07989788
0.0,0.04033643
0.0,0.037900195
0.0,0.049775388
0.0,0.057093732
0.0,0.046545647
0.0,0.047684018
0.0,0.018242719
0.0,0.04992724
0.0,0.022362502
0.0,0.055278093
0.0,0.058982786
0.0,0.27005512
0.0,0.031209316
0.0,0.026614442
1.0,0.0676022
0.0,0.15245917
0.0,0.0026031411
0.0,0.038919024
0.0,0.02553537
0.0,0.049830437
1.0,0.1822136
0.0,0.021674078
0.0,0.024906049
0.0,0.051054597
0.0,0.02181867
0.0,0.103274256
0.0,0.03262862
0.0,0.032175373
1.0,0.05729066
0.0,0.058109198
0.0,0.08294478
0.0,0.020145927
0.0,0.034370936
0.0,0.027826894
0.0,0.034212817
0.0,0.040401917
0.0,0.048097715
0.0,0.08358712
0.0,0.07017561
0.0,0.057345647
0.0,0.03510946
0.0,0.019212069
1.0,0.07344815
0.0,0.052442342
0.0,0.05446849
0.0,0.063121885
0.0,0.036981303
0.0,0.091857135
0.0,0.057930972
0.0,0.037498478
0.0,0.05485877
0.0,0.063102104
0.0,0.051005952
0.0,0.008022588
0.0,0.10441631
0.0,0.022187883
0.0,0.07915522
0.0,0.022526678
0.0,0.04263514
0.0,0.057122488
0.0,0.058837626
0.0,0.05305791
0.0,0.027203627
0.0,0.12057966
0.0,0.033651397
0.0,0.040800948
0.0,0.13871747
0.0,0.043334782
0.0,0.0713836
0.0,0.066967815
0.0,0.082039416
0.0,0.0631091
0.0,0.074419856
0.0,0.03717588
0.0,0.07725726
0.0,0.020046802
1.0,0.13566795
0.0,0.025057547
0.0,0.038892552
0.0,0.064307705
0.0,0.05031899
0.0,0.03849331
1.0,0.03706606
0.0,0.022641743
0.0,0.15871516
0.0,0.042907596
0.0,0.042837944
0.0,0.02295465
0.0,0.017293748
0.0,0.06541691
0.0,0.019722195
0.0,0.030968437
0.0,0.11920988
0.0,0.040586185
1.0,0.041506894
0.0,0.02729842
0.0,0.062370643
0.0,0.01991024
0.0,0.06335885
0.0,0.048118796
0.0,0.027403854
0.0,0.11441322
0.0,0.011117211
0.0,0.013058731
0.0,0.08781403
1.0,0.1069173
0.0,0.060369775
0.0,0.12814943
0.0,0.04489498
0.0,0.03278969
0.0,0.018309273
0.0,0.04481142
0.0,0.055171154
0.0,0.020744236
0.0,0.03316752
0.0,0.018305799
0.0,0.06137042
0.0,0.050720055
0.0,0.045236483
0.0,0.10277641
0.0,0.13371684
0.0,0.035084408
0.0,0.035270818
0.0,0.058603853
0.0,0.03251239
0.0,0.14629053
0.0,0.023384854
0.0,0.07035583
0.0,0.0689264
0.0,0.035698578
1.0,0.07790362
0.0,0.023723941
0.0,0.0317945
0.0,0.027177101
0.0,0.07307316
0.0,0.015045594
0.0,0.060257252
0.0,0.023163594
0.0,0.055139225
0.0,0.16310325
0.0,0.06872929
0.0,0.063517965
0.0,0.014425227
0.0,0.01413421
0.0,0.016043583
0.0,0.029938592
0.0,0.028169533
0.0,0.06138216
0.0,0.020173775
0.0,0.07111229
0.0,0.03465543
0.0,0.053406622
0.0,0.05033615
0.0,0.046288062
0.0,0.015082854
0.0,0.04507383
0.0,0.080058
0.0,0.02002671
0.0,0.030637432
0.0,0.03843535
0.0,0.037543155
0.0,0.02722064
0.0,0.051004324
0.0,0.058485724
0.0,0.09074752
0.0,0.05464943
0.0,0.036731012
1.0,0.05620745
0.0,0.06653938
0.0,0.055200864
0.0,0.06626871
0.0,0.024088005
0.0,0.054608792
0.0,0.055301927
0.0,0.015063878
0.0,0.022865225
0.0,0.021798411
0.0,0.04783188
0.0,0.01608922
0.0,0.046521883
0.0,0.03088572
0.0,0.071434475
0.0,0.026034739
0.0,0.0986929
0.0,0.024719877
0.0,0.092412144
1.0,0.07643327
1.0,0.04589796
0.0,0.066114716
0.0,0.033594206
0.0,0.0905527
0.0,0.021524202
0.0,0.077893294
0.0,0.03422334
1.0,0.08934425
0.0,0.02643996
0.0,0.036869973
0.0,0.11274569
0.0,0.022063317
0.0,0.0323945
1.0,0.19834131
0.0,0.073762625
0.0,0.073892266
0.0,0.047661398
0.0,0.05756474
0.0,0.064425476
0.0,0.02637179
0.0,0.034059875
0.0,0.0851643
0.0,0.019561598
0.0,0.022467472
0.0,0.11442104
0.0,0.092212126
0.0,0.051988997
0.0,0.07526404
0.0,0.046297796
0.0,0.01938141
0.0,0.06754867
0.0,0.05423604
0.0,0.035218332
0.0,0.06613108
1.0,0.079191655
0.0,0.045254193
0.0,0.027683299
0.0,0.020098248
0.0,0.054794144
0.0,0.08431001
0.0,0.09857553
0.0,0.045119893
0.0,0.06321629
0.0,0.03379601
0.0,0.018517608
0.0,0.05478312
0.0,0.076031886
0.0,0.063762
0.0,0.044995174
0.0,0.03462639
0.0,0.01876016
0.0,0.056676418
0.0,0.010530282
0.0,0.031530906
0.0,0.040415384
0.0,0.044967845
0.0,0.028366193
0.0,0.087130345
0.0,0.07532669
0.0,0.016982215
0.0,0.014512635
0.0,0.04464031
0.0,0.050463833
0.0,0.0577338
0.0,0.049191147
0.0,0.15333886
0.0,0.07320497
0.0,0.06323923
0.0,0.03539902
0.0,0.020137772
0.0,0.09779554
0.0,0.054533955
0.0,0.07927951
0.0,0.05801855
0.0,0.07262881
0.0,0.0075871083
0.0,0.022128798
0.0,0.048138946
0.0,0.03713194
0.0,0.06989269
0.0,0.08719872
0.0,0.041975483
0.0,0.047294103
0.0,0.048601065
0.0,0.016028497
0.0,0.032002438
0.0,0.07275779
0.0,0.05975522
0.0,0.020030472
0.0,0.016416827
0.0,0.070308045
0.0,0.08460331
0.0,0.0074252654
0.0,0.08020071
0.0,0.075168364
0.0,0.1270051
0.0,0.023540791
1.0,0.015391341
0.0,0.026648462
0.0,0.05140438
0.0,0.06992946
0.0,0.020951616
0.0,0.034858555
0.0,0.032417633
2.0,0.2726893
0.0,0.046640314
0.0,0.035400286
0.0,0.14469883
0.0,0.013920116
0.0,0.07248315
0.0,0.010942265
0.0,0.045303203
0.0,0.026402794
0.0,0.018825449
0.0,0.06524545
0.0,0.021476857
0.0,0.14946492
0.0,0.05065697
0.0,0.053257294
0.0,0.024496531
0.0,0.047218457
0.0,0.05601112
0.0,0.020630173
0.0,0.039956477
0.0,0.085559845
1.0,0.04879589
0.0,0.020069089
0.0,0.0224478
0.0,0.070936896
1.0,0.066483885
0.0,0.13147698
0.0,0.08766285
0.0,0.0360127
0.0,0.03937653
0.0,0.022488717
0.0,0.021985391
0.0,0.02453518
0.0,0.03480952
0.0,0.07099912
0.0,0.04244993
0.0,0.088252045
0.0,0.04441078
0.0,0.06997402
0.0,0.020298716
0.0,0.09865425
0.0,0.019963535
0.0,0.024095114
0.0,0.031427916
0.0,0.06803658
0.0,0.023235733
0.0,0.078859486
0.0,0.08500308
0.0,0.04131894
0.0,0.03271081
0.0,0.04798693
0.0,0.06481463
0.0,0.1608883
1.0,0.05289046
1.0,0.034575988
0.0,0.04655184
0.0,0.07304816
0.0,0.03948479
0.0,0.03772352
0.0,0.07053507
0.0,0.054052886
0.0,0.01961656
0.0,0.07277139
0.0,0.081803
0.0,0.010329479
0.0,0.067195
0.0,0.041351937
0.0,0.03621285
0.0,0.038625915
0.0,0.025704544
0.0,0.05419553
0.0,0.023591775
0.0,0.045321308
0.0,0.06096406
0.0,0.024930133
0.0,0.016434066
0.0,0.06865536
0.0,0.025474051
0.0,0.03196358
0.0,0.050056584
0.0,0.031002272
1.0,0.08267562
0.0,0.060874168
0.0,0.08171172
0.0,0.07658187
0.0,0.020915013
1.0,0.14459705
0.0,0.02889257
0.0,0.022361191
0.0,0.08585456
0.0,0.048179545
0.0,0.025428103
0.0,0.04524293
0.0,0.07650386
0.0,0.04992014
0.0,0.043244187
0.0,0.06878974
0.0,0.017975777
0.0,0.094180994
0.0,0.061778452
0.0,0.04983514
0.0,0.018819105
0.0,0.047407404
0.0,0.02792193
0.0,0.044996478
0.0,0.08298229
1.0,0.039998226
0.0,0.010396173
0.0,0.087417744
0.0,0.111147195
0.0,0.044827275
0.0,0.07561018
0.0,0.024535611
0.0,0.06487002
0.0,0.038833324
0.0,0.0654219
0.0,0.05231978
0.0,0.034333523
0.0,0.07101077
0.0,0.042513393
0.0,0.07813085
0.0,0.13229042
0.0,0.0543279
0.0,0.024532055
0.0,0.0899006
0.0,0.016117547
0.0,0.03925969
0.0,0.038903642
0.0,0.038708184
0.0,0.06978556
0.0,0.086961664
0.0,0.054125518
0.0,0.016190555
0.0,0.05890243
0.0,0.049726993
0.0,0.032179024
0.0,0.023291308
0.0,0.017048469
0.0,0.03810536
0.0,0.015886724
0.0,0.073050946
0.0,0.024535015
0.0,0.07158382
0.0,0.059722975
0.0,0.03863973
0.0,0.028020656
0.0,0.032333355
0.0,0.06438055
0.0,0.03020457
0.0,0.06343093
0.0,0.056063466
0.0,0.053296264
0.0,0.035814364
0.0,0.04045146
0.0,0.045753065
0.0,0.09134196
0.0,0.037994668
1.0,0.071648404
0.0,0.03931156
0.0,0.03346938
0.0,0.0433384
0.0,0.020392762
0.0,0.04363118
0.0,0.026622858
0.0,0.062101092
0.0,0.054136615
0.0,0.039538357
0.0,0.054420695
0.0,0.018957157
0.0,0.081424735
0.0,0.029673245
0.0,0.054632287
0.0,0.057526693
0.0,0.030730883
0.0,0.030175317
0.0,0.059109088
0.0,0.06744212
0.0,0.033076152
1.0,0.026905434
0.0,0.022685412
0.0,0.04620129
0.0,0.038152907
0.0,0.16670495
0.0,0.091307774
0.0,0.032216486
0.0,0.071637556
0.0,0.08964173
0.0,0.12233878
0.0,0.043448146
1.0,0.1801692
0.0,0.056598257
0.0,0.049243577
0.0,0.06297269
0.0,0.07455646
0.0,0.04179567
0.0,0.02057875
0.0,0.078603484
0.0,0.01851813
0.0,0.02998331
0.0,0.06596548
0.0,0.066311605
0.0,0.06900753
1.0,0.070283405
0.0,0.064214095
0.0,0.06416203
0.0,0.046389792
0.0,0.030142443
0.0,0.10191093
0.0,0.061400365
0.0,0.091427624
0.0,0.029849673
1.0,0.21473293
0.0,0.061241593
0.0,0.10979961
0.0,0.02013348
0.0,0.0298352
0.0,0.13124575
0.0,0.031498987
0.0,0.061111897
0.0,0.022572966
0.0,0.058352657
0.0,0.048385717
0.0,0.088245735
0.0,0.018048516
0.0,0.040200006
0.0,0.18364859
0.0,0.08274892
0.0,0.049074754
0.0,0.06557731
0.0,0.03594084
0.0,0.08980522
0.0,0.02673176
0.0,0.047731813
0.0,0.04632348
0.0,0.09477623
0.0,0.042184424
0.0,0.02899716
0.0,0.07421793
0.0,0.050987642
0.0,0.039234295
0.0,0.06754936
0.0,0.020206131
0.0,0.043659378
0.0,0.03351181
0.0,0.014048914
0.0,0.03224521
0.0,0.030382432
0.0,0.02086639
0.0,0.031310633
0.0,0.083813734
0.0,0.0609952
0.0,0.041057944
0.0,0.084196515
0.0,0.019815017
0.0,0.055509187
0.0,0.019665353
0.0,0.041156087
0.0,0.0753863
0.0,0.030405981
0.0,0.05601387
0.0,0.11631597
0.0,0.023493985
0.0,0.051453646
0.0,0.051636808
0.0,0.048151366
0.0,0.025596373
0.0,0.09405927
0.0,0.05496125
0.0,0.098847926
0.0,0.040018253
0.0,0.035038415
0.0,0.023293763
0.0,0.029472977
0.0,0.106641434
0.0,0.069539875
0.0,0.019516475
0.0,0.023134552
0.0,0.023299351
0.0,0.03230514
0.0,0.033843357
0.0,0.074562326
0.0,0.034627248
0.0,0.034915395
0.0,0.014299367
0.0,0.07712897
0.0,0.036174484
0.0,0.055895433
0.0,0.06036284
1.0,0.06879773
0.0,0.028831394
0.0,0.026248692
0.0,0.059650928
0.0,0.040402092
1.0,0.07006513
0.0,0.03252684
0.0,0.049745895
0.0,0.07253478
0.0,0.040208288
0.0,0.014549601
1.0,0.03795396
0.0,0.050865058
0.0,0.061117698
0.0,0.02504282
0.0,0.049003903
0.0,0.07985639
0.0,0.017059032
0.0,0.053531297
0.0,0.047166903
0.0,0.028793804
0.0,0.06574633
0.0,0.044424355
1.0,0.08935469
1.0,0.039664384
0.0,0.028456882
0.0,0.015527028
0.0,0.077162385
0.0,0.20867157
0.0,0.06183822
0.0,0.03914878
0.0,0.08074683
0.0,0.0100416755
0.0,0.06213652
0.0,0.066811286
0.0,0.06509247
0.0,0.029820507
0.0,0.021846017
0.0,0.054878525
0.0,0.09946831
0.0,0.02817418
0.0,0.1431188
0.0,0.055802867
0.0,0.03279055
0.0,0.016972063
0.0,0.050469995
0.0,0.05384865
0.0,0.04990282
0.0,0.02568554
0.0,0.07632069
0.0,0.05201228
0.0,0.024951432
0.0,0.046689734
0.0,0.022917967
0.0,0.014212384
0.0,0.07755803
0.0,0.02089144
0.0,0.05333409
2.0,0.06820728
0.0,0.03196349
0.0,0.16561902
0.0,0.029701658
0.0,0.059614617
0.0,0.07638175
0.0,0.02775098
0.0,0.035246707
0.0,0.012669341
0.0,0.12516026
0.0,0.020817753
0.0,0.06860264
0.0,0.026514865
0.0,0.062080692
0.0,0.044741705
0.0,0.06439801
0.0,0.13497032
0.0,0.080678135
0.0,0.09369096
0.0,0.08652896
1.0,0.043609113
0.0,0.031774703
0.0,0.02564112
0.0,0.017786527
0.0,0.024022829
0.0,0.041764013
0.0,0.054943904
0.0,0.07382012
1.0,0.07812586
0.0,0.15441686
0.0,0.03856919
0.0,0.019596253
0.0,0.06823489
0.0,0.09190064
0.0,0.05953611
0.0,0.03483891
0.0,0.030275919
0.0,0.084154814
0.0,0.039761018
0.0,0.03733722
1.0,0.058740478
1.0,0.09099326
0.0,0.06628742
0.0,0.022041118
0.0,0.050298817
0.0,0.05328953
0.0,0.029559901
0.0,0.02861438
0.0,0.02671476
0.0,0.029773066
1.0,0.052054036
0.0,0.04784274
0.0,0.109584525
0.0,0.08409332
0.0,0.020363202
2.0,0.046491012
0.0,0.024354195
0.0,0.012783499
0.0,0.015407503
0.0,0.01297719
0.0,0.013210036
0.0,0.023417493
0.0,0.033401653
0.0,0.014297547
0.0,0.03916439
0.0,0.023350745
0.0,0.033008736
0.0,0.046136566
0.0,0.09409507
0.0,0.057062622
0.0,0.054597676
0.0,0.040290967
0.0,0.03617269
0.0,0.017464418
0.0,0.04436671
0.0,0.027745754
0.0,0.06494876
0.0,0.069627605
0.0,0.08838867
0.0,0.032687716
0.0,0.09268138
0.0,0.059598457
0.0,0.026889453
0.0,0.1382752
0.0,0.08040312
0.0,0.03325224
0.0,0.052138522
0.0,0.046919324
1.0,0.08778412
0.0,0.060990766
0.0,0.056791525
0.0,0.070227675
0.0,0.0994778
0.0,0.073543444
0.0,0.015282113
0.0,0.035185166
0.0,0.03017572
0.0,0.06319817
0.0,0.023726713
0.0,0.08959861
0.0,0.038921587
0.0,0.021637253
0.0,0.025433645
0.0,0.029003534
0.0,0.006425407
0.0,0.015203187
0.0,0.03822048
0.0,0.04527256
0.0,0.016207717
0.0,0.028751973
0.0,0.03335322
1.0,0.020764662
0.0,0.076177955
0.0,0.05461645
0.0,0.060190473
0.0,0.044630736
0.0,0.03874567
0.0,0.013462695
0.0,0.053969108
0.0,0.052772865
0.0,0.044071034
0.0,0.11041141
0.0,0.044817254
0.0,0.095044345
0.0,0.06798119
0.0,0.0717919
0.0,0.028972918
0.0,0.021856396
0.0,0.024827588
0.0,0.07404959
0.0,0.013325006
0.0,0.07427638
0.0,0.090920135
0.0,0.046922296
0.0,0.06544939
0.0,0.06751954
0.0,0.030828366
0.0,0.06503244
0.0,0.065730155
0.0,0.043343112
0.0,0.039996184
0.0,0.021133104
0.0,0.032595776
1.0,0.06061503
0.0,0.07364437
0.0,0.012962861
0.0,0.02164936
0.0,0.033198025
0.0,0.059188835
0.0,0.029101422
0.0,0.06357253
0.0,0.010468008
0.0,0.031212337
0.0,0.05635755
0.0,0.05848009
0.0,0.06832479
0.0,0.0290436
0.0,0.023691362
0.0,0.07578604
0.0,0.080462605
0.0,0.061293155
0.0,0.06751396
0.0,0.06375769
0.0,0.05822644
0.0,0.09500101
0.0,0.024160003
0.0,0.076640196
0.0,0.103324205
0.0,0.06712559
0.0,0.085788555
0.0,0.07808887
0.0,0.06461978
0.0,0.054481663
0.0,0.04569651
0.0,0.06319575
0.0,0.08168564
0.0,0.049598712
0.0,0.026375199
0.0,0.19129486
0.0,0.07545065
0.0,0.044380166
0.0,0.09164215
0.0,0.07758959
0.0,0.018709034
0.0,0.09481537
0.0,0.030436981
0.0,0.026137594
0.0,0.08376535
0.0,0.0643982
0.0,0.050062954
0.0,0.030883422
0.0,0.051295348
0.0,0.012633994
0.0,0.031671178
1.0,0.10207911
0.0,0.020292493
0.0,0.04085427
0.0,0.07116312
0.0,0.083064355
0.0,0.071568295
0.0,0.05744842
0.0,0.02677507
0.0,0.08447923
0.0,0.14392212
0.0,0.0953238
0.0,0.015130302
0.0,0.075015485
0.0,0.05990243
0.0,0.104044154
0.0,0.031552292
0.0,0.08602795
0.0,0.05835046
0.0,0.093896076
0.0,0.048297822
0.0,0.033712894
0.0,0.07155533
0.0,0.016567139
0.0,0.060547143
0.0,0.07634446
0.0,0.013994563
0.0,0.08945142
0.0,0.055875607
0.0,0.08655383
0.0,0.052553862
0.0,0.029343586
0.0,0.05513494
0.0,0.109077066
0.0,0.045430318
0.0,0.046497356
0.0,0.08713014
0.0,0.04044442
0.0,0.01382651
0.0,0.05520276
0.0,0.049528047
0.0,0.033414014
0.0,0.056611456
0.0,0.012171437
0.0,0.06356286
0.0,0.053842746
0.0,0.07121482
0.0,0.026420008
0.0,0.050780483
0.0,0.12030623
0.0,0.03354727
0.0,0.038262766
0.0,0.019819666
0.0,0.07065848
0.0,0.024271512
0.0,0.056812137
0.0,0.020207182
0.0,0.06396311
0.0,0.022547342
0.0,0.038550656
0.0,0.017510055
0.0,0.031164153
0.0,0.03496586
0.0,0.033291984
0.0,0.068474
0.0,0.052662108
0.0,0.026122605
0.0,0.037201412
1.0,0.13762066
0.0,0.064447656
0.0,0.03228852
0.0,0.043687347
0.0,0.049693786
0.0,0.04604248
0.0,0.04211912
0.0,0.05779492
0.0,0.053894788
0.0,0.011221027
0.0,0.04927705
0.0,0.054265037
0.0,0.064464994
0.0,0.046530627
0.0,0.03371331
0.0,0.06012382
0.0,0.08324778
0.0,0.020115804
0.0,0.029099451
0.0,0.02323651
0.0,0.008428279
0.0,0.054571934
0.0,0.04638645
0.0,0.07720276
0.0,0.02356442
0.0,0.14905898
0.0,0.078989096
1.0,0.10271887
0.0,0.018390402
0.0,0.020297969
0.0,0.043009482
0.0,0.028347872
0.0,0.10226395
0.0,0.08243388
0.0,0.02219963
0.0,0.031092772
0.0,0.03725653
0.0,0.043341354
0.0,0.0695106
0.0,0.033648845
0.0,0.082370445
0.0,0.05418558
0.0,0.07156939
0.0,0.057927202
1.0,0.024851205
0.0,0.027832534
0.0,0.055986047
0.0,0.123984255
0.0,0.05055984
0.0,0.032190364
0.0,0.050839454
0.0,0.0644389
0.0,0.04835903
0.0,0.05431205
0.0,0.02416141
0.0,0.05792865
0.0,0.030845996
0.0,0.04775656
0.0,0.05451134
0.0,0.055242047
0.0,0.029943803
0.0,0.047325887
0.0,0.04632825
0.0,0.036430452
0.0,0.037871346
0.0,0.040015012
0.0,0.1993871
0.0,0.043035127
0.0,0.041045513
0.0,0.03818576
0.0,0.035992377
0.0,0.031581283
0.0,0.08843512
0.0,0.06557519
1.0,0.06315513
0.0,0.073793024
0.0,0.046872206
0.0,0.040058635
0.0,0.04314413
0.0,0.05964676
0.0,0.04507207
0.0,0.07980473
0.0,0.01837438
1.0,0.065589294
0.0,0.0625511
0.0,0.18162063
0.0,0.076755404
0.0,0.033255555
1.0,0.05482122
0.0,0.07947132
0.0,0.01630403
0.0,0.018025087
0.0,0.030036684
0.0,0.043898612
1.0,0.056704447
0.0,0.05183834
0.0,0.051582493
0.0,0.029655777
0.0,0.05877909
0.0,0.020535834
0.0,0.01238888
0.0,0.057728034
0.0,0.06829785
0.0,0.0630616
0.0,0.08349275
0.0,0.03486241
0.0,0.027596721
0.0,0.0407107
0.0,0.04387007
0.0,0.041377638
0.0,0.07238592
0.0,0.058180023
0.0,0.03350363
0.0,0.041697912
0.0,0.017823748
0.0,0.06319842
0.0,0.021180026
0.0,0.03204637
0.0,0.0389413
0.0,0.0579054
0.0,0.02407287
0.0,0.111452356
0.0,0.05666458
0.0,0.022769826
0.0,0.18282226
0.0,0.063088804
0.0,0.017811665
0.0,0.006351769
0.0,0.084613964
0.0,0.020150442
0.0,0.08513146
0.0,0.07594167
0.0,0.04507295
0.0,0.06834069
0.0,0.03366679
0.0,0.057441764
0.0,0.045812972
0.0,0.045909695
0.0,0.07386657
0.0,0.06129031
0.0,0.04201846
0.0,0.044373102
1.0,0.073695496
0.0,0.08209799
0.0,0.04008653
0.0,0.028308198
0.0,0.045453027
0.0,0.013705481
0.0,0.05251596
0.0,0.033845115
0.0,0.03052538
0.0,0.057601478
0.0,0.057102554
0.0,0.035177194
0.0,0.057372563
0.0,0.022659002
0.0,0.06582522
0.0,0.11032784
0.0,0.06280094
0.0,0.038815536
0.0,0.16474523
0.0,0.023787774
0.0,0.047654968
0.0,0.08274229
0.0,0.025012005
0.0,0.028933033
0.0,0.04955498
0.0,0.033424277
0.0,0.04086142
0.0,0.012993135
0.0,0.121030964
0.0,0.019356778
0.0,0.044319835
1.0,0.14525095
0.0,0.06952592
0.0,0.03705926
0.0,0.0810873
0.0,0.033161987
0.0,0.07984957
0.0,0.0165639
0.0,0.01083147
0.0,0.022828445
0.0,0.08937523
0.0,0.031651627
0.0,0.04271289
0.0,0.06133125
0.0,0.072031416
0.0,0.063340165
0.0,0.043039106
0.0,0.030806368
0.0,0.011543797
0.0,0.083258204
0.0,0.013895108
0.0,0.11547944
0.0,0.06959332
0.0,0.028455688
0.0,0.05348611
0.0,0.048727
0.0,0.016155774
0.0,0.025039703
0.0,0.08708353
0.0,0.027755586
0.0,0.10461596
0.0,0.013088854
0.0,0.053352278
0.0,0.070737
0.0,0.04126765
0.0,0.03197225
0.0,0.08575731
0.0,0.02483269
0.0,0.0403307
0.0,0.035946567
0.0,0.078806855
0.0,0.020294359
0.0,0.012999195
0.0,0.06675096
0.0,0.028192513
0.0,0.023838883
0.0,0.031029485
0.0,0.012638568
0.0,0.06764054
0.0,0.03848239
0.0,0.03864137
1.0,0.032143045
0.0,0.07639016
0.0,0.027001094
0.0,0.08441412
0.0,0.03202387
0.0,0.015970584
0.0,0.049540166
0.0,0.0246953
0.0,0.028969796
0.0,0.053659078
0.0,0.047710538
0.0,0.0351954
0.0,0.05857671
0.0,0.055932388
0.0,0.022999022
0.0,0.06803515
1.0,0.066270895
0.0,0.06503779
0.0,0.021351242
0.0,0.18567157
0.0,0.0682347
0.0,0.07803567
0.0,0.04717282
0.0,0.022895772
0.0,0.042913467
1.0,0.09061699
0.0,0.029064257
0.0,0.027156867
0.0,0.11037615
0.0,0.017713543
0.0,0.06064595
0.0,0.05993163
0.0,0.07390555
0.0,0.1907163
0.0,0.04738252
0.0,0.029585904
0.0,0.024520898
0.0,0.034380738
0.0,0.01724009
0.0,0.027403932
0.0,0.035553128
0.0,0.0741927
0.0,0.016395204
0.0,0.043709163
0.0,0.05302043
0.0,0.015925398
0.0,0.05089087
0.0,0.03755637
0.0,0.048598934
0.0,0.047654606
0.0,0.12281086
0.0,0.06206971
0.0,0.042495966
0.0,0.08598731
0.0,0.037177846
0.0,0.043044772
0.0,0.058644764
0.0,0.030031515
0.0,0.033278603
0.0,0.023685645
0.0,0.02487015
0.0,0.050591238
0.0,0.107153736
0.0,0.07511927
0.0,0.067825995
0.0,0.028464332
0.0,0.026632722
1.0,0.06915891
0.0,0.058811106
0.0,0.041913923
0.0,0.036208894
0.0,0.014074722
0.0,0.06904486
0.0,0.076061316
0.0,0.014707398
0.0,0.054210134
0.0,0.017807318
1.0,0.021333758
0.0,0.0923454
0.0,0.057620708
0.0,0.060558766
0.0,0.029590305
0.0,0.062310982
0.0,0.035370387
0.0,0.024062255
0.0,0.02058255
0.0,0.056214634
0.0,0.06545011
0.0,0.052306555
0.0,0.021526482
1.0,0.13082053
0.0,0.016834533
0.0,0.087904
0.0,0.024788823
0.0,0.07774535
0.0,0.07485473
0.0,0.14750527
0.0,0.04851234
0.0,0.061448637
0.0,0.022579275
0.0,0.036071964
0.0,0.06569938
0.0,0.04808194
1.0,0.07293993
0.0,0.01929257
0.0,0.037323125
0.0,0.082936876
0.0,0.09630859
0.0,0.07081796
0.0,0.20383391
0.0,0.04846938
0.0,0.057676785
0.0,0.0549726
0.0,0.07523669
0.0,0.030660186
0.0,0.012790432
0.0,0.04235076
0.0,0.041467644
0.0,0.05334022
0.0,0.056667473
0.0,0.051956158
0.0,0.09096684
0.0,0.015938252
0.0,0.052752987
0.0,0.14249621
0.0,0.07566342
0.0,0.080184415
0.0,0.030397125
0.0,0.03590314
0.0,0.026573
0.0,0.027221832
0.0,0.042855863
0.0,0.006363826
1.0,0.06637921
0.0,0.022320453
0.0,0.050106924
0.0,0.09733153
0.0,0.023916328
0.0,0.03800148
1.0,0.056525115
0.0,0.028923418
0.0,0.06770072
0.0,0.052274693
0.0,0.031724803
0.0,0.048106316
0.0,0.023832643
0.0,0.054683395
0.0,0.04100717
0.0,0.016474646
0.0,0.049960315
0.0,0.036429077
0.0,0.01754612
0.0,0.041231498
0.0,0.019322352
0.0,0.025388002
0.0,0.015846934
0.0,0.055250768
0.0,0.061261278
0.0,0.012497162
0.0,0.08360621
0.0,0.020359678
0.0,0.070794635
0.0,0.054636426
0.0,0.040878203
0.0,0.05841588
1.0,0.055424552
0.0,0.11231283
0.0,0.041187204
0.0,0.03620175
0.0,0.01223176
0.0,0.053516366
1.0,0.09351458
0.0,0.020331787
0.0,0.06479288
0.0,0.028771667
0.0,0.08270736
0.0,0.04908421
0.0,0.0836478
0.0,0.09643466
0.0,0.026516346
1.0,0.022659294
0.0,0.04211964
0.0,0.0749384
1.0,0.022436265
0.0,0.18049377
0.0,0.023486312
1.0,0.0828024
0.0,0.03333697
0.0,0.018577864
1.0,0.02067168
1.0,0.0719503
1.0,0.060950164
0.0,0.016413014
0.0,0.06726009
0.0,0.054226447
0.0,0.039768357
0.0,0.036950547
0.0,0.03212892
0.0,0.19489753
0.0,0.05196515
0.0,0.059151072
0.0,0.07348578
0.0,0.06159702
0.0,0.076677665
0.0,0.037654616
0.0,0.03581129
0.0,0.059083052
0.0,0.052739307
0.0,0.08506974
0.0,0.060306434
0.0,0.05717421
0.0,0.1440517
0.0,0.083560616
0.0,0.038332015
0.0,0.022164345
0.0,0.050572883
0.0,0.06144757
0.0,0.023131188
0.0,0.08094685
0.0,0.026959307
0.0,0.07083078
0.0,0.056481764
0.0,0.02209881
0.0,0.027826138
0.0,0.04480003
0.0,0.019872766
0.0,0.07236998
0.0,0.057273697
0.0,0.0615085
0.0,0.04967154
0.0,0.030792724
0.0,0.0361596
0.0,0.029272271
0.0,0.05525306
0.0,0.039667506
0.0,0.020306885
0.0,0.046134982
0.0,0.10483793
0.0,0.014901717
0.0,0.065360814
0.0,0.055384446
0.0,0.039281882
0.0,0.05641665
0.0,0.06473829
0.0,0.04115813
0.0,0.059688814
0.0,0.034452602
0.0,0.018569175
0.0,0.042513315
0.0,0.071566574
0.0,0.07121786
0.0,0.011125749
0.0,0.08201559
0.0,0.04077998
0.0,0.03912198
0.0,0.074079156
0.0,0.06323453
0.0,0.04511301
0.0,0.072099835
0.0,0.062997945
0.0,0.043464206
0.0,0.092835695
0.0,0.1542502
0.0,0.033192374
0.0,0.07167352
0.0,0.10609285
0.0,0.060407065
0.0,0.014561934
0.0,0.035345048
0.0,0.05978612
0.0,0.11245321
0.0,0.02863368
0.0,0.024938598
0.0,0.0425239
0.0,0.021538854
0.0,0.031308766
0.0,0.035266798
0.0,0.036184784
0.0,0.046704635
0.0,0.0474202
0.0,0.06405206
0.0,0.027634855
0.0,0.06138078
0.0,0.12460164
1.0,0.03625008
0.0,0.0601878
0.0,0.04430403
0.0,0.014322296
0.0,0.22712225
0.0,0.023134112
0.0,0.020848956
1.0,0.07364633
0.0,0.071131825
0.0,0.021181744
0.0,0.016290724
0.0,0.054304823
0.0,0.028069051
0.0,0.04626432
0.0,0.026390798
0.0,0.043568414
0.0,0.04149854
0.0,0.10032937
0.0,0.08452694
0.0,0.056919977
1.0,0.06705928
0.0,0.020975336
0.0,0.012320796
0.0,0.049234584
0.0,0.035076246
0.0,0.09195447
0.0,0.042847056
0.0,0.022151867
0.0,0.055180285
0.0,0.0394789
0.0,0.04363072
0.0,0.030877607
0.0,0.052966554
0.0,0.069081545
0.0,0.023145564
0.0,0.043586783
0.0,0.071326375
0.0,0.081802905
0.0,0.060920265
0.0,0.04862406
0.0,0.062168438
0.0,0.013691973
0.0,0.02233617
0.0,0.014765009
0.0,0.031159146
0.0,0.039424986
1.0,0.06701271
0.0,0.055798955
0.0,0.1320455
1.0,0.059630524
0.0,0.042989206
0.0,0.060335558
0.0,0.10200259
0.0,0.02933287
0.0,0.031087168
0.0,0.06859518
0.0,0.21979338
0.0,0.04890579
0.0,0.029602865
0.0,0.061292075
0.0,0.034319267
0.0,0.062455684
0.0,0.014921456
0.0,0.034700308
0.0,0.06823926
0.0,0.054675914
0.0,0.041110877
0.0,0.08057855
0.0,0.07249346
0.0,0.05510348
0.0,0.014330548
0.0,0.008094594
0.0,0.060948666
0.0,0.05136552
0.0,0.022323094
0.0,0.06456762
0.0,0.040590383
0.0,0.036740296
0.0,0.03511385
0.0,0.04423749
0.0,0.06814571
0.0,0.060008325
0.0,0.033615887
0.0,0.017061628
0.0,0.057008963
0.0,0.029621745
0.0,0.022434317
0.0,0.08563031
0.0,0.078278854
0.0,0.06450377
0.0,0.06623282
0.0,0.05500873
0.0,0.018893102
0.0,0.049379274
0.0,0.053045996
0.0,0.053547584
0.0,0.044219077
0.0,0.023527425
0.0,0.09922617
0.0,0.034626704
0.0,0.119836114
0.0,0.061100505
0.0,0.04195071
0.0,0.022509377
0.0,0.06374613
1.0,0.06294708
0.0,0.0251437
0.0,0.023917034
0.0,0.071749255
0.0,0.020323092
0.0,0.0964807
0.0,0.04007602
0.0,0.02652206
0.0,0.061115276
0.0,0.052702326
0.0,0.07325609
0.0,0.047527228
0.0,0.03825087
0.0,0.03268591
0.0,0.009258901
0.0,0.016312607
0.0,0.069943264
0.0,0.022561474
0.0,0.04402218
0.0,0.026692757
1.0,0.056997847
0.0,0.03283423
0.0,0.04675617
0.0,0.06591904
0.0,0.0477926
0.0,0.077462636
0.0,0.0156397
0.0,0.04201355
0.0,0.021820199
0.0,0.059584107
0.0,0.017167654
0.0,0.04633788
0.0,0.03203945
0.0,0.051619377
0.0,0.04059621
0.0,0.03413401
0.0,0.07959859
0.0,0.048809435
0.0,0.019671816
0.0,0.07710161
0.0,0.07034086
0.0,0.03033518
0.0,0.061136615
0.0,0.03737887
0.0,0.029160973
0.0,0.057590522
0.0,0.038266562
0.0,0.049228765
0.0,0.030811656
0.0,0.060341213
0.0,0.017558163
0.0,0.045169555
1.0,0.053711325
0.0,0.047784805
0.0,0.02195925
0.0,0.08110489
0.0,0.04454626
0.0,0.07584855
0.0,0.040646166
0.0,0.01612855
0.0,0.037598673
0.0,0.019605748
0.0,0.015804494
0.0,0.050373822
0.0,0.043430604
0.0,0.0677418
0.0,0.046676226
0.0,0.089949094
0.0,0.030445125
0.0,0.16738594
0.0,0.03430294
0.0,0.072373636
0.0,0.090694785
0.0,0.064971
0.0,0.06822995
0.0,0.013948634
0.0,0.04709036
0.0,0.17456114
0.0,0.051173925
0.0,0.0796414
0.0,0.050241694
0.0,0.037061714
0.0,0.067239635
0.0,0.059530433
0.0,0.05869445
0.0,0.04029435
0.0,0.037039615
0.0,0.046368033
0.0,0.041015424
0.0,0.024145285
0.0,0.09870907
0.0,0.020997662
0.0,0.041665554
0.0,0.037347853
0.0,0.062431075
0.0,0.0872916
0.0,0.033493184
0.0,0.08030003
0.0,0.06870609
0.0,0.10902842
0.0,0.020976987
0.0,0.02475196
0.0,0.08735928
0.0,0.03240153
0.0,0.018626038
0.0,0.0849031
0.0,0.04647989
0.0,0.027734485
0.0,0.05680099
0.0,0.22881901
0.0,0.022508476
2.0,0.07343831
0.0,0.057101574
0.0,0.032055143
0.0,0.042325687
0.0,0.06584114
0.0,0.098105766
0.0,0.0542961
0.0,0.100325085
0.0,0.024421073
0.0,0.015285334
0.0,0.13961741
0.0,0.06927126
0.0,0.025987098
0.0,0.025660334
0.0,0.0764098
0.0,0.004576956
0.0,0.06467849
0.0,0.06200778
0.0,0.045639824
0.0,0.05013551
1.0,0.07275234
0.0,0.06051111
0.0,0.063329116
0.0,0.06416874
0.0,0.04617825
0.0,0.008274261
0.0,0.04153386
0.0,0.052883122
0.0,0.043673202
0.0,0.049333405
0.0,0.04464078
0.0,0.07795728
0.0,0.019013755
0.0,0.030823
0.0,0.027573597
0.0,0.04361687
0.0,0.0966455
2.0,0.040717337
0.0,0.0062084687
0.0,0.031961005
0.0,0.041522928
0.0,0.073597714
0.0,0.024775222
0.0,0.030903088
0.0,0.059880454
0.0,0.037880916
0.0,0.03506887
1.0,0.26817307
0.0,0.052434664
0.0,0.04990101
0.0,0.14342548
0.0,0.049317576
0.0,0.06302784
0.0,0.04979578
0.0,0.04771261
0.0,0.08848342
0.0,0.043418467
0.0,0.03514336
0.0,0.05712005
0.0,0.09427092
0.0,0.03140907
0.0,0.04909341
0.0,0.035833973
0.0,0.07042756
0.0,0.077620484
0.0,0.042987157
0.0,0.0582376
0.0,0.02597938
0.0,0.04871568
0.0,0.06341224
0.0,0.0153596755
0.0,0.051217843
0.0,0.019873912
0.0,0.019798867
0.0,0.06506505
0.0,0.04161776
0.0,0.017339973
0.0,0.038060725
2.0,0.19097498
0.0,0.029422622
0.0,0.025008464
1.0,0.023251772
0.0,0.08687343
0.0,0.034261677
0.0,0.07333431
0.0,0.021896202
0.0,0.01836667
0.0,0.03216971
0.0,0.031015785
0.0,0.037313
0.0,0.02586672
0.0,0.063413404
0.0,0.069088556
0.0,0.052011237
0.0,0.07297728
0.0,0.020088121
0.0,0.01912146
0.0,0.05642078
0.0,0.098549776
0.0,0.036253642
0.0,0.04713255
0.0,0.08736653
0.0,0.07867165
0.0,0.032467056
0.0,0.04766092
0.0,0.039990097
0.0,0.014266887
0.0,0.01439949
0.0,0.07236022
0.0,0.09099183
0.0,0.048475806
0.0,0.026340233
0.0,0.11261539
0.0,0.04714509
0.0,0.120835334
0.0,0.05259568
0.0,0.030488955
0.0,0.11893802
0.0,0.021437243
0.0,0.073200785
0.0,0.047872838
0.0,0.04399568
0.0,0.07720226
1.0,0.053395495
0.0,0.05559875
0.0,0.15780431
0.0,0.13541177
0.0,0.03365064
0.0,0.056308046
0.0,0.025138605
0.0,0.023838883
0.0,0.113123454
0.0,0.029969387
0.0,0.06443678
0.0,0.0486942
0.0,0.02552193
0.0,0.05785438
0.0,0.01913173
0.0,0.05577169
0.0,0.054712452
0.0,0.030536605
0.0,0.051378064
0.0,0.040549412
0.0,0.04291179
0.0,0.02117645
0.0,0.019242728
0.0,0.046456266
0.0,0.06630509
0.0,0.06570257
0.0,0.08638043
0.0,0.047105275
0.0,0.012345519
0.0,0.05551276
0.0,0.080335
0.0,0.085016005
0.0,0.040373705
0.0,0.043115623
0.0,0.08342808
0.0,0.01928454
0.0,0.022702228
0.0,0.047763664
0.0,0.10660437
0.0,0.051079847
0.0,0.051724486
0.0,0.01792925
0.0,0.049679663
1.0,0.057344116
0.0,0.035517935
0.0,0.04763432
0.0,0.021117672
0.0,0.083503395
0.0,0.045711063
1.0,0.05458721
0.0,0.05995124
0.0,0.038304627
0.0,0.019402668
0.0,0.066379115
0.0,0.043691054
0.0,0.054973204
0.0,0.028328117
0.0,0.020521406
0.0,0.037193146
0.0,0.07093236
0.0,0.016477121
0.0,0.033235643
0.0,0.020945951
0.0,0.046644542
0.0,0.07890191
0.0,0.024217917
0.0,0.029593324
0.0,0.03783622
0.0,0.029966973
0.0,0.033113096
0.0,0.049861763
0.0,0.010264462
0.0,0.07417436
1.0,0.0757251
0.0,0.10583475
0.0,0.028481372
0.0,0.055708166
0.0,0.051384136
0.0,0.025718126
1.0,0.21677914
0.0,0.13319506
0.0,0.038993567
1.0,0.028100481
0.0,0.02836288
0.0,0.031787388
0.0,0.07147346
0.0,0.05968873
0.0,0.08165639
0.0,0.019488782
1.0,0.025167834
0.0,0.04577218
0.0,0.08273888
0.0,0.029018877
0.0,0.036596708
0.0,0.042083386
0.0,0.15920407
0.0,0.01869587
0.0,0.048182327
0.0,0.020291775
0.0,0.06249976
0.0,0.06507988
0.0,0.019027088
0.0,0.07268487
0.0,0.059404276
0.0,0.046903864
0.0,0.023823258
0.0,0.01433754
0.0,0.0379702
0.0,0.033551894
0.0,0.056012966
0.0,0.018787911
0.0,0.018515656
0.0,0.112094164
0.0,0.07724196
0.0,0.046276808
1.0,0.037535116
0.0,0.022851512
0.0,0.028505215
0.0,0.05207067
0.0,0.07171201
0.0,0.098663
0.0,0.08762495
0.0,0.021012165
1.0,0.044575926
0.0,0.019998405
0.0,0.02195542
0.0,0.06413307
0.0,0.100604996
0.0,0.055852592
0.0,0.025600156
0.0,0.07362358
0.0,0.04739262
0.0,0.046004932
0.0,0.010885026
0.0,0.044911742
0.0,0.02936832
0.0,0.008004079
0.0,0.031209316
0.0,0.08180351
0.0,0.056606762
0.0,0.07071147
0.0,0.022386432
0.0,0.08743042
0.0,0.025043141
0.0,0.008358038
0.0,0.02190841
0.0,0.029562466
0.0,0.039373077
0.0,0.019167662
0.0,0.032107662
0.0,0.02034133
0.0,0.061047982
0.0,0.09091485
0.0,0.028899968
0.0,0.036085036
0.0,0.015483739
0.0,0.050058685
0.0,0.04715755
0.0,0.102241516
0.0,0.026365189
0.0,0.05393978
0.0,0.021784997
0.0,0.075128876
0.0,0.032968167
0.0,0.012130132
0.0,0.086093694
0.0,0.028034635
0.0,0.016965888
0.0,0.06454198
0.0,0.03008941
0.0,0.024250226
0.0,0.024041543
0.0,0.04312356
0.0,0.028843936
0.0,0.049883477
0.0,0.052783057
0.0,0.026914455
1.0,0.051121905
0.0,0.032503705
0.0,0.12248167
0.0,0.016304806
0.0,0.06097634
0.0,0.049508687
1.0,0.035947423
0.0,0.07294805
0.0,0.07528553
0.0,0.05901525
0.0,0.064797476
0.0,0.058547724
0.0,0.039714746
0.0,0.023626065
0.0,0.05279217
0.0,0.065066166
0.0,0.035754472
0.0,0.04624557
0.0,0.085920215
0.0,0.055875953
0.0,0.021507265
0.0,0.042682778
0.0,0.021659004
0.0,0.12829965
0.0,0.025351165
0.0,0.040914882
0.0,0.057776704
0.0,0.094554834
0.0,0.047295433
0.0,0.06754099
0.0,0.04335849
0.0,0.06332034
0.0,0.081482336
0.0,0.026698548
0.0,0.10608023
0.0,0.053764343
0.0,0.07015389
0.0,0.03694179
0.0,0.07365725
0.0,0.033938397
0.0,0.07423326
0.0,0.048402146
0.0,0.051258255
0.0,0.07580585
0.0,0.12933746
0.0,0.08486335
0.0,0.0481631
0.0,0.0591943
0.0,0.09335216
0.0,0.024258403
1.0,0.0813388
0.0,0.04228744
0.0,0.05323127
0.0,0.06763498
0.0,0.04417581
1.0,0.04450609
0.0,0.03558301
0.0,0.059075095
0.0,0.017215429
0.0,0.015768325
0.0,0.012860069
0.0,0.047544047
0.0,0.019833753
0.0,0.018257253
0.0,0.049079344
0.0,0.03630478
0.0,0.054947782
0.0,0.056154944
0.0,0.027320832
0.0,0.040816322
0.0,0.017908087
0.0,0.011728701
0.0,0.04644331
0.0,0.01979308
0.0,0.021060646
1.0,0.06248939
0.0,0.061899643
0.0,0.023664039
0.0,0.04378338
0.0,0.05959357
0.0,0.021726487
0.0,0.07356978
0.0,0.045236997
0.0,0.0537484
0.0,0.024235059
0.0,0.06840011
0.0,0.09563357
0.0,0.06186525
0.0,0.031197399
0.0,0.027716095
0.0,0.06733447
0.0,0.10696431
0.0,0.07074135
0.0,0.052281223
0.0,0.060615852
0.0,0.029967401
0.0,0.03245336
0.0,0.05203163
0.0,0.03346777
0.0,0.062401164
0.0,0.05613379
0.0,0.059070658
0.0,0.047600918
0.0,0.019333873
0.0,0.022659283
0.0,0.022976037
0.0,0.04260642
0.0,0.056716725
0.0,0.04801687
0.0,0.076142944
0.0,0.03412547
0.0,0.08064413
0.0,0.08108254
0.0,0.04690655
0.0,0.013561363
0.0,0.06515493
0.0,0.02704912
0.0,0.038631275
0.0,0.032507952
1.0,0.085442975
0.0,0.0686662
0.0,0.04957301
0.0,0.010968212
0.0,0.05071824
0.0,0.013569061
0.0,0.062706366
0.0,0.036151085
0.0,0.016431708
0.0,0.036575392
0.0,0.053626668
0.0,0.05577036
0.0,0.06880159
0.0,0.070556164
0.0,0.05760107
0.0,0.016691392
0.0,0.03353614
0.0,0.04033797
0.0,0.059247162
0.0,0.08156796
0.0,0.04668023
0.0,0.09511979
0.0,0.062393963
0.0,0.04324404
0.0,0.016223507
0.0,0.021110544
0.0,0.01662027
0.0,0.06799062
0.0,0.020626359
0.0,0.058115985
0.0,0.06437082
0.0,0.032176185
0.0,0.03241616
0.0,0.0316455
0.0,0.057489414
0.0,0.044761106
0.0,0.08225289
0.0,0.046034932
0.0,0.059081107
0.0,0.029708173
0.0,0.07875106
1.0,0.15422605
1.0,0.06915309
0.0,0.02729639
0.0,0.039098524
0.0,0.009334118
0.0,0.026695238
1.0,0.044219397
0.0,0.050604317
0.0,0.05481586
0.0,0.03787044
0.0,0.02274709
0.0,0.036961082
0.0,0.027577396
0.0,0.045787636
0.0,0.05935293
0.0,0.0807672
0.0,0.08681247
0.0,0.022900872
0.0,0.02549038
0.0,0.056349598
0.0,0.10633099
0.0,0.015107687
0.0,0.11296455
0.0,0.06340688
0.0,0.016861327
0.0,0.04461824
0.0,0.046780437
0.0,0.055195995
0.0,0.019768301
0.0,0.068431176
0.0,0.06437789
0.0,0.06055097
0.0,0.039133158
0.0,0.047617443
0.0,0.05214536
0.0,0.0476629
0.0,0.14430597
0.0,0.14626916
0.0,0.019916773
1.0,0.13789198
1.0,0.057198096
0.0,0.030545795
0.0,0.031164316
0.0,0.057152484
0.0,0.20284806
0.0,0.054862984
0.0,0.08930357
0.0,0.044182975
0.0,0.05225777
0.0,0.072127104
0.0,0.11606003
0.0,0.026922168
0.0,0.03972681
0.0,0.040368352
0.0,0.05295004
0.0,0.048591055
0.0,0.023131829
0.0,0.06893833
0.0,0.035739522
0.0,0.05099406
0.0,0.055313744
0.0,0.06489276
0.0,0.04203563
0.0,0.055015553
0.0,0.025882255
0.0,0.054155387
0.0,0.06288084
0.0,0.018644644
0.0,0.05037303
1.0,0.08198118
0.0,0.07382096
0.0,0.05899024
1.0,0.0353771
0.0,0.048607137
1.0,0.07063241
0.0,0.012551209
0.0,0.027830437
0.0,0.031016333
0.0,0.0680412
0.0,0.028197015
0.0,0.050946426
0.0,0.041076723
0.0,0.01698053
0.0,0.028600521
0.0,0.0767875
0.0,0.027620958
0.0,0.06946183
0.0,0.049885403
0.0,0.06975837
0.0,0.032195523
0.0,0.09676714
0.0,0.067017995
0.0,0.13801947
0.0,0.053708535
0.0,0.013523922
1.0,0.16664334
0.0,0.026371326
0.0,0.06289571
0.0,0.018645808
0.0,0.043739665
0.0,0.013622435
0.0,0.049996063
0.0,0.12493433
0.0,0.01655313
0.0,0.024152458
1.0,0.08369875
0.0,0.08382237
1.0,0.04613509
0.0,0.03031164
0.0,0.035337985
0.0,0.028934192
0.0,0.06623532
0.0,0.08095868
0.0,0.06353168
2.0,0.025109949
0.0,0.029054059
0.0,0.016737267
1.0,0.1047601
0.0,0.018945526
0.0,0.06537857
1.0,0.05794654
0.0,0.03964249
0.0,0.07138539
0.0,0.010746738
0.0,0.031201191
0.0,0.026255626
0.0,0.10090794
0.0,0.021676444
0.0,0.05762112
0.0,0.03153011
0.0,0.035200737
0.0,0.027931357
0.0,0.050611194
0.0,0.029854981
0.0,0.053961027
0.0,0.024180021
0.0,0.06521173
0.0,0.018389367
0.0,0.015248964
0.0,0.16643961
0.0,0.03841212
0.0,0.055372246
0.0,0.06492015
1.0,0.026889503
0.0,0.057570916
0.0,0.06427172
1.0,0.054704078
0.0,0.052619286
0.0,0.01625266
1.0,0.07179207
0.0,0.027569428
0.0,0.034265846
0.0,0.05774038
0.0,0.017567541
0.0,0.06231792
0.0,0.12089919
0.0,0.057411175
0.0,0.059319302
0.0,0.017421076
0.0,0.014412295
0.0,0.017853877
0.0,0.037200563
0.0,0.07081611
0.0,0.018216398
0.0,0.07034597
0.0,0.027984122
0.0,0.034366935
0.0,0.109647825
0.0,0.10041652
0.0,0.034976702
0.0,0.02098436
0.0,0.051786456
0.0,0.04571438
0.0,0.08794433
0.0,0.046104435
0.0,0.020604692
0.0,0.05095845
0.0,0.069875196
0.0,0.06279352
0.0,0.043385025
0.0,0.04701105
0.0,0.034717537
0.0,0.053503633
0.0,0.021514958
0.0,0.026907718
0.0,0.06842493
0.0,0.047775075
0.0,0.05242594
0.0,0.02453863
0.0,0.10148832
0.0,0.057148628
0.0,0.03794466
0.0,0.039901756
0.0,0.043632053
0.0,0.082427375
0.0,0.054479502
0.0,0.06859062
0.0,0.100257054
0.0,0.044955947
0.0,0.055063713
0.0,0.025707241
0.0,0.11255009
0.0,0.06227173
0.0,0.03928205
0.0,0.080871135
0.0,0.04667233
0.0,0.022233222
0.0,0.014649946
0.0,0.033573743
0.0,0.033642974
0.0,0.04253436
1.0,0.07891798
0.0,0.026114125
0.0,0.10101154
0.0,0.09112148
0.0,0.049222708
0.0,0.037749376
0.0,0.029957786
0.0,0.057333346
0.0,0.07276742
0.0,0.029379372
0.0,0.06696403
0.0,0.0167849
0.0,0.05528624
1.0,0.03937242
0.0,0.057988014
0.0,0.022577863
0.0,0.03965837
0.0,0.050066918
0.0,0.026871739
0.0,0.039634287
0.0,0.043251403
0.0,0.05115892
0.0,0.07545682
1.0,0.050143924
0.0,0.034301303
0.0,0.13394815
0.0,0.066491894
0.0,0.074549526
0.0,0.039465874
0.0,0.029310724
0.0,0.19252117
0.0,0.06302772
0.0,0.017588304
0.0,0.05764382
0.0,0.06790428
0.0,0.048604216
0.0,0.044287704
0.0,0.013913806
0.0,0.031485397
0.0,0.0072738086
0.0,0.015855484
0.0,0.06897975
0.0,0.09929797
0.0,0.068249926
0.0,0.06621268
0.0,0.07254411
0.0,0.02306208
1.0,0.06272603
0.0,0.035916463
0.0,0.023294464
0.0,0.038682833
0.0,0.055609062
0.0,0.08012714
0.0,0.015701773
0.0,0.08339948
0.0,0.049043104
0.0,0.11821452
0.0,0.033164814
0.0,0.033656467
0.0,0.051242124
0.0,0.0140789915
0.0,0.028037481
0.0,0.028555088
0.0,0.09642096
0.0,0.04655639
0.0,0.010715749
0.0,0.04656876
0.0,0.036721256
0.0,0.064139456
1.0,0.053570673
0.0,0.055225953
0.0,0.039826293
0.0,0.065124474
0.0,0.063984185
0.0,0.10608142
0.0,0.02675812
0.0,0.022467718
0.0,0.012699068
0.0,0.017567158
0.0,0.07524012
0.0,0.036968786
0.0,0.07541423
1.0,0.07792376
0.0,0.059821993
0.0,0.051073734
0.0,0.049853157
0.0,0.030033592
0.0,0.018653609
0.0,0.05943244
0.0,0.06084207
0.0,0.07376234
0.0,0.054040026
0.0,0.050037824
0.0,0.049661923
0.0,0.058519144
1.0,0.03369107
0.0,0.02439478
0.0,0.11360857
0.0,0.039681144
0.0,0.015977934
0.0,0.05457495
0.0,0.06474326
0.0,0.046086542
0.0,0.106872775
0.0,0.04663738
0.0,0.04167062
0.0,0.09217722
0.0,0.17092928
1.0,0.043653756
0.0,0.023126546
0.0,0.0535339
0.0,0.016056256
0.0,0.10880901
0.0,0.06110856
0.0,0.03102611
0.0,0.015026566
0.0,0.017369293
0.0,0.2716969
0.0,0.032833073
0.0,0.23218986
0.0,0.15495864
0.0,0.050741658
0.0,0.06332409
0.0,0.03935335
0.0,0.04272051
0.0,0.062092844
0.0,0.034501348
0.0,0.05657114
0.0,0.055604346
0.0,0.03805256
0.0,0.041705508
0.0,0.038513284
0.0,0.034870457
0.0,0.066460356
0.0,0.02131888
0.0,0.2559913
1.0,0.054503176
0.0,0.06617409
0.0,0.053787984
0.0,0.057779312
0.0,0.040120207
0.0,0.06898776
0.0,0.049235687
0.0,0.065765984
1.0,0.06183881
0.0,0.0546647
1.0,0.08180569
0.0,0.038430717
0.0,0.027849833
0.0,0.06844583
0.0,0.046599124
0.0,0.09227303
0.0,0.064293236
0.0,0.04925586
0.0,0.06183642
0.0,0.05089716
0.0,0.06911176
0.0,0.027775379
0.0,0.024734404
0.0,0.009209976
0.0,0.00993563
0.0,0.041947853
0.0,0.07247984
0.0,0.036369562
0.0,0.13076884
0.0,0.046099447
0.0,0.05176419
0.0,0.045040123
0.0,0.04184772
0.0,0.014780211
0.0,0.093383215
0.0,0.059254564
1.0,0.047024816
0.0,0.07960752
0.0,0.024127088
0.0,0.06741434
0.0,0.014130962
0.0,0.018389333
0.0,0.024279058
0.0,0.042229004
0.0,0.043051053
0.0,0.057488825
0.0,0.03983949
0.0,0.03477798
0.0,0.018466694
0.0,0.03618561
0.0,0.01801116
0.0,0.032379255
0.0,0.093049094
0.0,0.027315727
0.0,0.052165527
0.0,0.062109414
0.0,0.12514262
0.0,0.052188814
0.0,0.029570362
0.0,0.036245275
0.0,0.05514793
0.0,0.066855885
0.0,0.06962393
0.0,0.10744427
0.0,0.05098074
0.0,0.036995362
0.0,0.05253783
0.0,0.10043953
0.0,0.0909819
0.0,0.05665707
0.0,0.03290186
0.0,0.024517098
0.0,0.043229178
0.0,0.030371234
0.0,0.010884871
0.0,0.016253365
0.0,0.010949113
0.0,0.054423552
0.0,0.06285209
0.0,0.019389378
0.0,0.0356706
0.0,0.04500401
0.0,0.030864283
0.0,0.0743463
0.0,0.036458742
0.0,0.06876507
0.0,0.030325115
0.0,0.05297504
0.0,0.059773374
0.0,0.08456869
0.0,0.021812126
0.0,0.029442761
0.0,0.03618342
0.0,0.060541037
0.0,0.032662664
0.0,0.029048946
0.0,0.05288302
0.0,0.023769155
0.0,0.033478748
0.0,0.06895418
0.0,0.051882952
0.0,0.011631807
0.0,0.056806747
0.0,0.039650466
0.0,0.009616988
0.0,0.07233258
0.0,0.033172153
0.0,0.026113939
0.0,0.017555509
0.0,0.019755147
0.0,0.039726317
0.0,0.011456935
0.0,0.059160635
0.0,0.042911768
0.0,0.040861364
0.0,0.039279073
0.0,0.020032812
0.0,0.049227424
0.0,0.01069435
0.0,0.022929182
0.0,0.054349095
0.0,0.017351404
1.0,0.0628058
0.0,0.06787181
0.0,0.10494082
0.0,0.054104846
1.0,0.083217345
0.0,0.08833879
0.0,0.057849124
0.0,0.045406453
0.0,0.043653257
0.0,0.014505855
0.0,0.030714635
0.0,0.029872838
0.0,0.055338778
0.0,0.07079092
0.0,0.06610748
0.0,0.067853376
0.0,0.115045354
0.0,0.0606583
0.0,0.014139751
0.0,0.01382448
0.0,0.072647095
0.0,0.02122199
0.0,0.06707945
0.0,0.16018568
0.0,0.1035228
0.0,0.06615568
0.0,0.0452717
0.0,0.08759078
0.0,0.08758224
0.0,0.045860313
0.0,0.020199427
0.0,0.05561333
0.0,0.05344384
0.0,0.06740811
0.0,0.023774052
0.0,0.060040522
0.0,0.041956235
1.0,0.03364095
0.0,0.07977262
0.0,0.08304568
0.0,0.031431664
0.0,0.051127143
1.0,0.16703643
0.0,0.03407909
0.0,0.032055054
0.0,0.057178162
0.0,0.041519783
0.0,0.044058282
0.0,0.09322594
0.0,0.035154607
0.0,0.03631742
0.0,0.026216082
0.0,0.0587873
0.0,0.04692995
0.0,0.054783825
0.0,0.022917224
0.0,0.060354047
0.0,0.035331383
0.0,0.03456199
0.0,0.07514401
0.0,0.06221743
0.0,0.019050565
0.0,0.06858792
0.0,0.008863265
0.0,0.06348968
0.0,0.064415306
0.0,0.08744038
0.0,0.03654218
1.0,0.22045654
0.0,0.07484666
1.0,0.14301816
0.0,0.052810974
0.0,0.061341986
0.0,0.106854
0.0,0.048894994
0.0,0.04181405
1.0,0.061415024
0.0,0.09593959
0.0,0.07182044
0.0,0.03828547
0.0,0.07757937
0.0,0.07069202
0.0,0.07440705
0.0,0.061292775
0.0,0.04377263
0.0,0.06685072
0.0,0.05755557
0.0,0.12077249
0.0,0.08997936
0.0,0.037178695
0.0,0.047372513
0.0,0.041896936
0.0,0.067699306
0.0,0.063152686
0.0,0.046017304
0.0,0.031560883
0.0,0.085223004
0.0,0.058404736
0.0,0.03607155
0.0,0.036021274
0.0,0.025167618
0.0,0.04384738
0.0,0.045151014
0.0,0.06220731
0.0,0.026128573
0.0,0.014782529
0.0,0.024312481
1.0,0.29643264
0.0,0.06696037
0.0,0.043770567
0.0,0.051297672
1.0,0.074444346
0.0,0.1373086
0.0,0.02199554
0.0,0.09211386
0.0,0.027899584
0.0,0.07529713
0.0,0.034493484
0.0,0.036655653
0.0,0.007342763
0.0,0.053764727
0.0,0.03221197
0.0,0.077283554
0.0,0.09951917
0.0,0.09876752
0.0,0.07024766
0.0,0.016702307
0.0,0.03446634
0.0,0.049476497
0.0,0.04956058
0.0,0.05979028
0.0,0.040295675
0.0,0.04088635
0.0,0.05113485
0.0,0.039227955
0.0,0.023598682
0.0,0.05133183
0.0,0.01771382
0.0,0.046930846
0.0,0.07049926
0.0,0.04784646
0.0,0.045273144
0.0,0.06609177
0.0,0.04791655
0.0,0.15720537
0.0,0.05701122
0.0,0.042350214
0.0,0.020949917
0.0,0.06589286
0.0,0.054793674
0.0,0.015794136
0.0,0.06571486
0.0,0.06704894
0.0,0.030552438
0.0,0.080133006
0.0,0.03509982
0.0,0.011549827
0.0,0.062288165
0.0,0.03967543
0.0,0.051796705
0.0,0.026860017
0.0,0.025736947
0.0,0.05909466
0.0,0.023493614
0.0,0.060852487
0.0,0.027681503
0.0,0.027268967
0.0,0.04904505
0.0,0.03682427
0.0,0.098082006
0.0,0.06512767
1.0,0.062497884
0.0,0.05445922
0.0,0.025214609
0.0,0.02009269
0.0,0.045357674
0.0,0.03331736
0.0,0.031316545
0.0,0.020463081
0.0,0.059791707
0.0,0.041656535
0.0,0.05424817
0.0,0.037743114
0.0,0.03453565
0.0,0.05003141
0.0,0.040391013
0.0,0.023526292
0.0,0.027706012
0.0,0.05637438
0.0,0.070817895
0.0,0.042620625
0.0,0.064525165
0.0,0.03771163
0.0,0.014144073
0.0,0.086666256
0.0,0.06957042
0.0,0.051410068
0.0,0.03054246
0.0,0.04174934
0.0,0.021287432
0.0,0.09245816
0.0,0.0419713
0.0,0.04077889
0.0,0.025396429
0.0,0.038198106
0.0,0.030646067
0.0,0.023250584
0.0,0.075699255
0.0,0.026273575
0.0,0.031943712
0.0,0.05184887
0.0,0.036129594
0.0,0.059972595
0.0,0.07382472
0.0,0.033443406
1.0,0.036995713
0.0,0.03857445
0.0,0.024416322
0.0,0.07751581
0.0,0.11401814
0.0,0.020559046
0.0,0.05969926
0.0,0.05592716
0.0,0.106110305
0.0,0.02624997
0.0,0.02368254
0.0,0.07692383
0.0,0.0250334
0.0,0.033533935
0.0,0.050995596
0.0,0.0680034
0.0,0.056077853
0.0,0.0097803185
0.0,0.06221535
0.0,0.027177373
0.0,0.017620295
0.0,0.031560477
0.0,0.11987521
0.0,0.025645668
0.0,0.032504406
0.0,0.23633139
0.0,0.021164266
0.0,0.027046593
0.0,0.06731431
0.0,0.05070494
0.0,0.043681223
0.0,0.053067196
0.0,0.040681202
0.0,0.10280275
0.0,0.018783074
0.0,0.030883746
0.0,0.107665464
0.0,0.08298616
0.0,0.022639476
0.0,0.032272328
0.0,0.058829814
0.0,0.10711958
0.0,0.06379643
0.0,0.04287839
0.0,0.09815424
0.0,0.077020325
0.0,0.046739545
0.0,0.035624214
0.0,0.019199522
0.0,0.04826559
0.0,0.07080206
0.0,0.06672117
0.0,0.03516071
0.0,0.07892294
0.0,0.03591177
0.0,0.08237883
0.0,0.066690795
0.0,0.042008184
0.0,0.05162755
0.0,0.018389367
0.0,0.061760336
1.0,0.0757696
0.0,0.060704105
0.0,0.03884062
0.0,0.029936623
0.0,0.06809925
0.0,0.06939739
0.0,0.10139059
0.0,0.0952108
0.0,0.022249937
0.0,0.052193493
0.0,0.023162248
0.0,0.08817835
0.0,0.25374573
0.0,0.03867446
0.0,0.023941042
0.0,0.06215498
0.0,0.04778157
0.0,0.060895246
0.0,0.0600728
0.0,0.10191243
0.0,0.08986151
0.0,0.03354278
0.0,0.017543124
0.0,0.03739101
0.0,0.009551635
0.0,0.03222406
0.0,0.026879864
0.0,0.051226344
0.0,0.014760596
0.0,0.080717385
0.0,0.06230602
0.0,0.052471932
0.0,0.031347502
0.0,0.033585653
0.0,0.06606136
0.0,0.07779445
0.0,0.037667222
0.0,0.033684194
0.0,0.08412322
0.0,0.06298925
0.0,0.08035314
0.0,0.03206424
1.0,0.045931786
0.0,0.04144185
0.0,0.102199405
0.0,0.057723228
0.0,0.050690025
0.0,0.017391719
0.0,0.086481445
0.0,0.046426415
0.0,0.034265716
0.0,0.023869276
0.0,0.08383048
0.0,0.021790015
1.0,0.04048656
0.0,0.06806795
0.0,0.042411245
0.0,0.059406742
0.0,0.089976504
0.0,0.032880846
0.0,0.012629176
0.0,0.042761352
0.0,0.029712224
0.0,0.027890937
0.0,0.021818846
0.0,0.05505471
0.0,0.022379324
0.0,0.04770153
0.0,0.060961906
0.0,0.06286666
0.0,0.056481358
0.0,0.021448703
0.0,0.06720661
0.0,0.022699546
0.0,0.098188885
0.0,0.10854468
0.0,0.050241046
0.0,0.053801604
0.0,0.03760262
0.0,0.013169821
0.0,0.04504358
0.0,0.023289254
0.0,0.07177359
0.0,0.06344235
0.0,0.046785366
0.0,0.061327975
0.0,0.051328376
0.0,0.05183374
0.0,0.06441516
0.0,0.020687418
0.0,0.03330081
0.0,0.035767805
0.0,0.077753134
0.0,0.025976356
0.0,0.07203121
0.0,0.07874995
0.0,0.04090599
0.0,0.037606474
0.0,0.05369197
0.0,0.03935185
0.0,0.01654235
0.0,0.033067163
0.0,0.13778253
0.0,0.0456762
0.0,0.043285053
0.0,0.037065834
0.0,0.07543121
0.0,0.028834488
0.0,0.043904472
0.0,0.07157833
0.0,0.03459193
0.0,0.031078957
0.0,0.08459415
0.0,0.024692016
0.0,0.032295313
0.0,0.08586672
0.0,0.056900546
0.0,0.077390715
0.0,0.057389896
0.0,0.028865978
0.0,0.023105513
0.0,0.014290519
0.0,0.04279958
0.0,0.03801375
0.0,0.023381777
0.0,0.07585372
0.0,0.059370212
0.0,0.0275291
0.0,0.028317569
0.0,0.022351319
0.0,0.021541206
0.0,0.07962437
0.0,0.04517197
0.0,0.015735606
0.0,0.058381155
0.0,0.046564206
0.0,0.050137468
0.0,0.08541389
0.0,0.0431588
0.0,0.0742105
0.0,0.060393933
0.0,0.026008457
0.0,0.29751515
0.0,0.043690015
0.0,0.05803507
0.0,0.044651978
0.0,0.1023837
0.0,0.11443918
0.0,0.1064863
0.0,0.034161028
0.0,0.05695132
0.0,0.018406896
0.0,0.022564668
0.0,0.0854532
0.0,0.052178066
0.0,0.042435765
0.0,0.19017607
0.0,0.011731604
0.0,0.12847082
1.0,0.06923611
0.0,0.054660246
0.0,0.055764243
0.0,0.11363517
0.0,0.038886912
0.0,0.07944544
0.0,0.073884726
0.0,0.028568722
0.0,0.30307773
0.0,0.037262928
0.0,0.021735854
0.0,0.022224478
0.0,0.05083853
0.0,0.022149427
1.0,0.392412
0.0,0.07510529
0.0,0.078017116
0.0,0.093458146
0.0,0.097393975
0.0,0.033135034
0.0,0.012750242
0.0,0.08263603
0.0,0.06357649
0.0,0.03136516
1.0,0.08243064
0.0,0.07785494
0.0,0.049425848
0.0,0.0353998
0.0,0.08078207
0.0,0.042053297
0.0,0.04729397
0.0,0.056184083
0.0,0.050808094
0.0,0.05953739
0.0,0.051807106
0.0,0.057394125
0.0,0.051617928
0.0,0.031026304
0.0,0.040069044
0.0,0.058580916
0.0,0.038035035
0.0,0.06348132
0.0,0.11827908
0.0,0.061792474
0.0,0.09441134
0.0,0.014232016
0.0,0.022840008
0.0,0.03936585
0.0,0.07316603
0.0,0.04041321
0.0,0.051739484
0.0,0.028822625
0.0,0.0439806
0.0,0.04313485
1.0,0.1003787
0.0,0.054931775
0.0,0.063511394
0.0,0.036454972
0.0,0.08988455
0.0,0.021258269
0.0,0.09076273
0.0,0.027680751
0.0,0.04029654
0.0,0.016214674
0.0,0.08641769
0.0,0.016846081
0.0,0.06348408
0.0,0.044626392
0.0,0.023405503
0.0,0.036782295
0.0,0.2601103
0.0,0.053834863
0.0,0.03819406
0.0,0.07477785
0.0,0.050580747
0.0,0.1965559
0.0,0.014929683
0.0,0.083024085
0.0,0.018948788
0.0,0.019690556
0.0,0.03172977
0.0,0.082931556
0.0,0.031622678
0.0,0.026954306
0.0,0.020358203
0.0,0.083643496
0.0,0.053812355
0.0,0.05206883
0.0,0.021191128
1.0,0.029071325
0.0,0.07567742
0.0,0.04287172
0.0,0.020000074
0.0,0.03999462
0.0,0.017229604
0.0,0.036021873
0.0,0.007618529
0.0,0.033145007
0.0,0.0781793
0.0,0.015623927
0.0,0.020043343
0.0,0.072918445
0.0,0.05457672
0.0,0.039616883
0.0,0.020507652
0.0,0.022402622
0.0,0.025346017
0.0,0.01832095
0.0,0.0243967
0.0,0.11177352
0.0,0.012166865
0.0,0.054779593
0.0,0.053191155
0.0,0.03458903
1.0,0.034614768
0.0,0.05421936
0.0,0.060302135
0.0,0.07111036
0.0,0.04136292
0.0,0.042180963
0.0,0.046402402
0.0,0.035588305
0.0,0.0633956
0.0,0.09468421
0.0,0.083032474
0.0,0.015520869
0.0,0.04509217
0.0,0.07214743
0.0,0.08580337
0.0,0.052695088
0.0,0.09034066
0.0,0.062437892
0.0,0.07231258
0.0,0.07896138
0.0,0.04224741
0.0,0.0154529
0.0,0.029356224
0.0,0.07861136
0.0,0.017193254
0.0,0.079852164
0.0,0.04821094
0.0,0.050254606
0.0,0.016854059
0.0,0.05842223
0.0,0.032308836
0.0,0.011125749
0.0,0.023949333
0.0,0.021219652
0.0,0.029647378
0.0,0.046068437
0.0,0.07956755
0.0,0.07905896
0.0,0.045279644
0.0,0.010579293
0.0,0.061864838
0.0,0.034777865
0.0,0.10280092
0.0,0.060786206
0.0,0.059271306
1.0,0.052285936
1.0,0.060273748
0.0,0.05614011
0.0,0.05595602
0.0,0.06928089
0.0,0.050832957
0.0,0.026064437
0.0,0.045021955
0.0,0.041240364
0.0,0.052939486
0.0,0.03106983
0.0,0.06709464
0.0,0.025579974
0.0,0.051650252
1.0,0.025358044
0.0,0.028889786
0.0,0.041884113
0.0,0.069543324
0.0,0.065249495
0.0,0.056881804
0.0,0.061429095
0.0,0.06570558
0.0,0.06927768
1.0,0.07594362
0.0,0.017429858
0.0,0.027272752
0.0,0.018720046
0.0,0.048331276
0.0,0.024259802
0.0,0.019126575
0.0,0.06692576
0.0,0.059990786
0.0,0.013461893
0.0,0.014346847
0.0,0.03737005
0.0,0.052110188
0.0,0.024587167
0.0,0.09105833
0.0,0.10416394
0.0,0.04801087
0.0,0.06406729
0.0,0.034313377
0.0,0.053085975
0.0,0.034953892
0.0,0.07154962
0.0,0.038225
0.0,0.058946345
0.0,0.062754944
0.0,0.077701986
0.0,0.068630666
0.0,0.049613
0.0,0.04662293
0.0,0.04177754
0.0,0.022809794
0.0,0.060586046
0.0,0.050392367
0.0,0.029537145
0.0,0.062856495
0.0,0.046760075
0.0,0.054749876
0.0,0.041163154
0.0,0.00833844
0.0,0.073805764
0.0,0.029227264
0.0,0.04224352
0.0,0.06071438
0.0,0.046658356
0.0,0.04331834
0.0,0.078938864
0.0,0.064433
0.0,0.06679372
0.0,0.046920106
0.0,0.06571257
0.0,0.04346118
0.0,0.05412624
0.0,0.065349504
0.0,0.03508817
0.0,0.06790541
0.0,0.07999101
0.0,0.026693279
0.0,0.11860552
0.0,0.016919887
0.0,0.049535584
0.0,0.048480637
0.0,0.04510034
0.0,0.014234474
0.0,0.07276326
0.0,0.05832036
1.0,0.08265747
0.0,0.027427109
0.0,0.041712847
0.0,0.05249791
0.0,0.043268524
0.0,0.05906021
0.0,0.060617037
0.0,0.074378915
0.0,0.07373333
0.0,0.02732951
1.0,0.03129993
0.0,0.017414365
0.0,0.046354346
0.0,0.08033767
0.0,0.09895422
0.0,0.048277237
0.0,0.05963631
0.0,0.05637946
0.0,0.031068733
0.0,0.093889445
0.0,0.06706147
0.0,0.07014373
0.0,0.096806094
0.0,0.03258538
0.0,0.044853598
0.0,0.039250184
0.0,0.043927006
0.0,0.036350317
0.0,0.07834925
0.0,0.017352305
0.0,0.034528814
0.0,0.033388913
0.0,0.04397485
0.0,0.044683248
0.0,0.05878209
0.0,0.017325418
0.0,0.018203815
0.0,0.043584082
0.0,0.038150012
0.0,0.017507281
1.0,0.061457485
0.0,0.07318759
0.0,0.04889565
0.0,0.03333376
0.0,0.048903715
0.0,0.019984651
0.0,0.04707366
0.0,0.023109857
0.0,0.060147263
0.0,0.034247484
0.0,0.040322084
0.0,0.064130634
0.0,0.054816306
0.0,0.032645818
0.0,0.051616646
0.0,0.067084275
0.0,0.10348569
0.0,0.03975766
0.0,0.035389047
0.0,0.04182697
0.0,0.029153353
0.0,0.06565347
0.0,0.04475218
0.0,0.049972206
0.0,0.049171332
0.0,0.0649987
1.0,0.02223263
0.0,0.07008619
0.0,0.036565505
0.0,0.057192627
0.0,0.029493684
0.0,0.08227043
0.0,0.043852687
0.0,0.08652289
0.0,0.03723666
0.0,0.07179983
0.0,0.020320117
0.0,0.044088125
0.0,0.040269457
0.0,0.075108744
0.0,0.09113656
0.0,0.014395845
0.0,0.062480036
0.0,0.061240688
0.0,0.099007934
0.0,0.039598867
0.0,0.030206773
0.0,0.117345355
0.0,0.028916137
0.0,0.052525602
0.0,0.084062725
0.0,0.053100757
0.0,0.12572366
0.0,0.05504783
0.0,0.06009718
0.0,0.05629693
0.0,0.07330575
0.0,0.01597328
0.0,0.04735142
0.0,0.02249144
0.0,0.122920774
0.0,0.05921838
0.0,0.045874022
0.0,0.07500497
0.0,0.061401773
0.0,0.04676558
0.0,0.013610287
0.0,0.06869763
0.0,0.051309265
0.0,0.037789933
0.0,0.07907811
0.0,0.04646945
0.0,0.072629035
0.0,0.1959052
0.0,0.060090818
0.0,0.06263853
0.0,0.104961134
0.0,0.025451541
0.0,0.020692518
0.0,0.070107676
0.0,0.0530134
0.0,0.032913048
0.0,0.15846002
0.0,0.05741858
0.0,0.07154472
0.0,0.06494879
0.0,0.051492132
0.0,0.045862123
0.0,0.055891864
0.0,0.009469696
0.0,0.052208506
0.0,0.069673635
0.0,0.056749254
0.0,0.03531996
0.0,0.020124562
0.0,0.036643874
0.0,0.008722874
0.0,0.07494977
0.0,0.045057304
0.0,0.03211365
0.0,0.044513963
0.0,0.0310254
0.0,0.03409323
2.0,0.09017737
0.0,0.05305576
0.0,0.029576622
0.0,0.06096605
0.0,0.055888373
0.0,0.09337943
0.0,0.01358474
0.0,0.060619034
0.0,0.085144445
0.0,0.06055966
0.0,0.0496831
0.0,0.051113106
0.0,0.07981887
0.0,0.016063908
0.0,0.06730542
0.0,0.013442925
0.0,0.038314745
0.0,0.076674774
1.0,0.048703186
0.0,0.054312877
0.0,0.04847354
0.0,0.04561948
0.0,0.051009674
0.0,0.018626126
0.0,0.043852247
0.0,0.02512874
0.0,0.046458904
0.0,0.049286637
0.0,0.03791621
0.0,0.03861919
0.0,0.19484413
1.0,0.0473649
0.0,0.0678799
0.0,0.018887976
0.0,0.12848553
0.0,0.033670206
0.0,0.024762737
0.0,0.070911326
0.0,0.03685677
0.0,0.03197788
0.0,0.099389896
0.0,0.02321281
0.0,0.038923755
0.0,0.13097851
0.0,0.050389796
0.0,0.048373837
0.0,0.13924135
1.0,0.1533977
0.0,0.077157125
0.0,0.032016207
0.0,0.032426506
0.0,0.06118294
0.0,0.022587696
0.0,0.04262837
0.0,0.048953503
0.0,0.026563765
0.0,0.05299629
0.0,0.06943948
0.0,0.07332267
0.0,0.039349355
0.0,0.027711535
0.0,0.10479277
0.0,0.053620458
0.0,0.049511947
0.0,0.029066045
0.0,0.029796273
0.0,0.050214797
0.0,0.059938744
0.0,0.026768673
0.0,0.09135838
0.0,0.06067712
0.0,0.04941654
0.0,0.013134012
0.0,0.019123485
0.0,0.012294522
0.0,0.033728458
0.0,0.063407145
0.0,0.060011584
0.0,0.068322934
0.0,0.07783708
0.0,0.054697294
0.0,0.06351748
1.0,0.0539423
0.0,0.23881058
0.0,0.06399011
0.0,0.031048222
0.0,0.07415005
0.0,0.014196196
0.0,0.027362004
0.0,0.057550415
0.0,0.05687646
0.0,0.014363858
0.0,0.014913418
0.0,0.0478434
0.0,0.049803853
0.0,0.05785169
0.0,0.060346004
0.0,0.025437102
0.0,0.05076661
0.0,0.035923637
0.0,0.04129099
0.0,0.103473745
0.0,0.0059269005
0.0,0.065448515
0.0,0.026511364
0.0,0.022292245
0.0,0.14504156
0.0,0.028492741
0.0,0.056528617
0.0,0.011484371
0.0,0.075410314
0.0,0.023212787
0.0,0.014527687
0.0,0.040150523
0.0,0.042996626
0.0,0.044006567
0.0,0.049036816
0.0,0.029684426
0.0,0.025650267
0.0,0.06531847
0.0,0.051173072
0.0,0.063229464
0.0,0.01840987
0.0,0.036545876
0.0,0.074379094
0.0,0.017344058
0.0,0.09467891
0.0,0.0978839
0.0,0.030704414
0.0,0.06032129
0.0,0.040142864
0.0,0.023470862
0.0,0.01570145
0.0,0.00761947
0.0,0.040282305
0.0,0.026899315
0.0,0.05068379
0.0,0.08005513
0.0,0.018416272
0.0,0.06468777
0.0,0.03696764
0.0,0.06858583
0.0,0.006161855
0.0,0.0471524
0.0,0.03486158
0.0,0.103943095
0.0,0.07232753
0.0,0.06587197
0.0,0.03647533
0.0,0.025199164
0.0,0.19692707
0.0,0.0420086
0.0,0.019463327
0.0,0.017310025
0.0,0.039514005
0.0,0.060655724
0.0,0.048651565
0.0,0.036134213
0.0,0.02227088
0.0,0.03181385
0.0,0.07571575
0.0,0.06560068
0.0,0.014075944
0.0,0.028485363
0.0,0.034606054
0.0,0.055396862
0.0,0.019602655
0.0,0.016891174
0.0,0.05139727
0.0,0.017116966
0.0,0.093071945
0.0,0.014060737
0.0,0.13472168
0.0,0.046449997
0.0,0.02978224
1.0,0.05223109
0.0,0.029430564
0.0,0.06751291
0.0,0.07117508
0.0,0.04556574
0.0,0.01074641
0.0,0.034417726
0.0,0.070982605
0.0,0.069314465
0.0,0.12542158
0.0,0.08092522
0.0,0.1124617
0.0,0.057586677
0.0,0.056569483
0.0,0.05573229
2.0,0.031056942
0.0,0.055359285
0.0,0.052842513
0.0,0.18523315
0.0,0.053145647
0.0,0.029572038
0.0,0.031422254
0.0,0.0537607
0.0,0.044058047
0.0,0.050936442
0.0,0.044177875
0.0,0.062296096
0.0,0.0862309
0.0,0.1416343
0.0,0.062330626
0.0,0.039432805
0.0,0.112568736
0.0,0.06609807
0.0,0.0192078
1.0,0.056860257
0.0,0.07228631
0.0,0.022096207
0.0,0.07732281
0.0,0.025134925
0.0,0.06779662
0.0,0.018165058
0.0,0.045932926
0.0,0.03033427
0.0,0.0587822
0.0,0.054693278
0.0,0.036824554
0.0,0.037586484
0.0,0.05106224
0.0,0.04783847
0.0,0.038844936
0.0,0.04596974
0.0,0.011024185
0.0,0.09095973
0.0,0.24777275
0.0,0.075815015
0.0,0.028651148
0.0,0.049009256
0.0,0.031156724
0.0,0.044135638
0.0,0.057662927
0.0,0.010708577
0.0,0.029855138
0.0,0.040001713
0.0,0.12412243
0.0,0.035423927
0.0,0.03278353
0.0,0.020064218
0.0,0.016148264
0.0,0.056580234
1.0,0.076787576
0.0,0.042577136
0.0,0.06593517
0.0,0.08785141
0.0,0.046187416
0.0,0.03858654
0.0,0.02705579
0.0,0.022745159
0.0,0.038608864
0.0,0.028497333
0.0,0.014032879
0.0,0.03982804
0.0,0.030741844
0.0,0.031668488
0.0,0.06137442
0.0,0.03119652
0.0,0.0577131
0.0,0.03662707
1.0,0.016349401
0.0,0.055719826
0.0,0.07145805
0.0,0.11199831
0.0,0.020277431
0.0,0.06692456
0.0,0.04940172
0.0,0.011468484
0.0,0.17316468
0.0,0.033765066
0.0,0.080676556
1.0,0.033207603
0.0,0.023458118
0.0,0.017156245
0.0,0.019413292
0.0,0.15565558
0.0,0.14515033
0.0,0.040296502
0.0,0.0361308
0.0,0.046836436
0.0,0.07333536
0.0,0.025632048
0.0,0.053951766
0.0,0.016075041
0.0,0.095995255
0.0,0.07721112
0.0,0.06262455
0.0,0.021206815
0.0,0.053764574
0.0,0.013357973
0.0,0.05698116
0.0,0.055031348
0.0,0.028521096
0.0,0.050525185
0.0,0.030790199
0.0,0.026609594
0.0,0.03141869
0.0,0.079350255
0.0,0.13404667
0.0,0.017447386
0.0,0.120362
0.0,0.037917566
0.0,0.054507177
0.0,0.05243174
0.0,0.03680328
0.0,0.043670997
0.0,0.06425244
0.0,0.05323665
0.0,0.027726855
0.0,0.024440318
0.0,0.08387019
0.0,0.112207755
0.0,0.031391524
0.0,0.033216424
0.0,0.04337253
0.0,0.048224322
0.0,0.08759316
0.0,0.024905099
0.0,0.041745815
0.0,0.1510765
0.0,0.045083955
0.0,0.033115685
0.0,0.096561566
0.0,0.042805847
0.0,0.034645613
0.0,0.017264407
0.0,0.14372851
1.0,0.10400509
0.0,0.0592414
0.0,0.034066338
0.0,0.12122084
0.0,0.06469148
0.0,0.05634887
0.0,0.049669597
0.0,0.11211929
0.0,0.03720404
0.0,0.027715197
0.0,0.07590311
0.0,0.02633423
0.0,0.037903428
0.0,0.039274126
0.0,0.015313063
0.0,0.11903691
0.0,0.12818038
0.0,0.036293734
0.0,0.018196717
0.0,0.013264579
0.0,0.03799068
0.0,0.041095257
0.0,0.08184988
0.0,0.028545627
0.0,0.031340715
0.0,0.052974865
0.0,0.069708146
0.0,0.036057826
0.0,0.048714172
1.0,0.1848413
0.0,0.059930142
0.0,0.062468536
0.0,0.026742417
0.0,0.03243806
1.0,0.044794135
0.0,0.05230885
0.0,0.027335402
0.0,0.070574604
0.0,0.02301382
0.0,0.018325012
0.0,0.0794573
0.0,0.06296862
0.0,0.06611528
0.0,0.059690177
0.0,0.01938019
0.0,0.03574358
0.0,0.040057067
0.0,0.013731824
0.0,0.040927585
1.0,0.060708053
0.0,0.06406035
0.0,0.062266473
0.0,0.024883019
0.0,0.046866395
1.0,0.07648084
0.0,0.057646267
0.0,0.06334133
0.0,0.055015136
0.0,0.056957852
0.0,0.035714496
0.0,0.029757624
0.0,0.023047294
0.0,0.11027501
0.0,0.042014573
0.0,0.03399309
0.0,0.101866856
1.0,0.033092607
0.0,0.022348272
0.0,0.04113841
0.0,0.075262815
0.0,0.05551104
0.0,0.0377461
0.0,0.01990221
0.0,0.07060399
0.0,0.03936902
0.0,0.026903009
0.0,0.03884214
0.0,0.065269925
1.0,0.059592944
0.0,0.017137162
1.0,0.056449562
0.0,0.04573577
0.0,0.045269582
0.0,0.09150377
0.0,0.041027628
0.0,0.0221962
0.0,0.0762149
0.0,0.072843984
0.0,0.047403403
0.0,0.01678876
0.0,0.02561002
0.0,0.04110345
0.0,0.07284541
0.0,0.020412035
0.0,0.064008325
0.0,0.07248713
0.0,0.040912952
0.0,0.02073421
0.0,0.010552494
0.0,0.09470654
0.0,0.07512015
0.0,0.05828315
0.0,0.06804647
0.0,0.038416974
1.0,0.09290279
0.0,0.056124695
0.0,0.012410255
0.0,0.019649766
0.0,0.08046663
0.0,0.027350904
0.0,0.047833387
0.0,0.045578666
0.0,0.025390532
0.0,0.052724168
0.0,0.08336918
0.0,0.042693872
0.0,0.07181299
0.0,0.0428853
0.0,0.049977306
0.0,0.08240851
0.0,0.09764312
1.0,0.13339505
0.0,0.016202308
0.0,0.044588786
0.0,0.037070766
0.0,0.05844293
0.0,0.043704327
0.0,0.02076786
0.0,0.06549766
0.0,0.042382922
0.0,0.068045564
0.0,0.02318846
0.0,0.078038104
0.0,0.01658577
0.0,0.04148867
0.0,0.0626934
0.0,0.08956614
0.0,0.02432838
0.0,0.044610582
0.0,0.033573836
0.0,0.16884623
0.0,0.05760538
0.0,0.04636573
0.0,0.053222615
0.0,0.029548021
0.0,0.041497655
0.0,0.056727815
0.0,0.040435124
0.0,0.09793528
0.0,0.10544442
0.0,0.057514064
0.0,0.053408302
0.0,0.020836214
0.0,0.093411446
0.0,0.11518088
0.0,0.012817735
1.0,0.030370612
0.0,0.20985267
0.0,0.018966705
0.0,0.046504825
0.0,0.032945804
0.0,0.03048586
0.0,0.07427118
0.0,0.025332073
0.0,0.062502906
0.0,0.046956833
0.0,0.08329988
0.0,0.056704935
0.0,0.072626
0.0,0.022070114
0.0,0.022071902
0.0,0.045518745
0.0,0.028575752
0.0,0.061544437
0.0,0.04942599
0.0,0.016868748
0.0,0.095916286
0.0,0.05537811
0.0,0.03841089
0.0,0.022765277
0.0,0.01753993
0.0,0.06529967
0.0,0.02305135
0.0,0.084069744
0.0,0.03359041
0.0,0.07110412
0.0,0.058405936
0.0,0.059367523
0.0,0.07958762
0.0,0.04740686
0.0,0.049256846
0.0,0.033192866
0.0,0.024394142
0.0,0.03632412
0.0,0.02391991
0.0,0.037394274
0.0,0.041433927
0.0,0.051432967
0.0,0.015226824
0.0,0.020385005
0.0,0.013713784
0.0,0.09699376
0.0,0.036794838
0.0,0.015831323
0.0,0.058917373
0.0,0.07470799
0.0,0.03328719
0.0,0.03680477
0.0,0.07186568
0.0,0.050001524
0.0,0.04963091
0.0,0.033567257
0.0,0.030764472
0.0,0.032497708
1.0,0.032375287
0.0,0.039157927
0.0,0.057407234
0.0,0.09134635
0.0,0.019302774
0.0,0.03993248
0.0,0.049728062
0.0,0.0163435
0.0,0.037764177
0.0,0.07350793
0.0,0.03831016
0.0,0.14208782
0.0,0.08268471
0.0,0.022305494
0.0,0.039429214
0.0,0.06733204
0.0,0.018146755
0.0,0.02108485
0.0,0.07553932
0.0,0.018388815
0.0,0.037778728
1.0,0.038144737
0.0,0.04922184
1.0,0.04172526
0.0,0.013600867
0.0,0.029512085
0.0,0.08098065
0.0,0.028170742
0.0,0.1539039
0.0,0.07102713
0.0,0.04861261
0.0,0.083883785
0.0,0.053390656
0.0,0.0782789
1.0,0.032785986
0.0,0.051834285
1.0,0.05668674
0.0,0.06823842
0.0,0.039315425
0.0,0.020067327
0.0,0.01303969
0.0,0.08522266
0.0,0.04380368
0.0,0.019878794
0.0,0.02959691
0.0,0.05626736
0.0,0.04518746
0.0,0.08189449
0.0,0.099031255
0.0,0.020666929
0.0,0.08545943
0.0,0.03767376
0.0,0.03353851
0.0,0.029164936
0.0,0.075401
0.0,0.035626642
0.0,0.050163534
2.0,0.063649744
0.0,0.036494173
0.0,0.107209824
0.0,0.07731602
0.0,0.04276645
0.0,0.060955934
0.0,0.013400743
0.0,0.05230324
0.0,0.048786074
0.0,0.045203686
0.0,0.061894905
0.0,0.042385105
0.0,0.039141312
0.0,0.04508331
1.0,0.081726275
0.0,0.092484
1.0,0.020309607
0.0,0.075358875
0.0,0.066432744
0.0,0.023343522
0.0,0.0635275
0.0,0.032129638
1.0,0.08305842
0.0,0.044231478
0.0,0.028193789
0.0,0.0663036
0.0,0.050060306
0.0,0.032697476
0.0,0.07485366
0.0,0.023011867
0.0,0.05240929
0.0,0.06421376
0.0,0.0893112
0.0,0.051639345
0.0,0.1286513
0.0,0.052998185
0.0,0.016583554
0.0,0.06512075
0.0,0.03312409
0.0,0.05884909
0.0,0.047796976
0.0,0.24625683
0.0,0.02804949
0.0,0.049768697
1.0,0.03113715
0.0,0.029027084
0.0,0.044493273
0.0,0.07387886
0.0,0.034795646
0.0,0.024189122
0.0,0.050192535
0.0,0.041288905
0.0,0.067253165
0.0,0.028073696
0.0,0.02654614
0.0,0.16247112
0.0,0.1368363
0.0,0.08261568
0.0,0.050587572
0.0,0.018385036
0.0,0.06450761
0.0,0.073242836
0.0,0.08884354
0.0,0.065225415
0.0,0.060259797
0.0,0.040589202
0.0,0.033318188
0.0,0.049923692
0.0,0.057431795
0.0,0.064258575
1.0,0.035087217
0.0,0.08140146
0.0,0.069361374
0.0,0.13352916
0.0,0.101359606
0.0,0.120432734
0.0,0.064260535
0.0,0.03163785
0.0,0.024715822
0.0,0.037415516
0.0,0.04782896
0.0,0.032564223
0.0,0.039186284
0.0,0.06344483
0.0,0.067861676
0.0,0.04734959
0.0,0.08108188
0.0,0.07759424
0.0,0.035094697
0.0,0.021006536
0.0,0.16663253
0.0,0.05022751
0.0,0.06816767
0.0,0.063522324
0.0,0.037873022
0.0,0.07934016
0.0,0.038384125
0.0,0.04864732
0.0,0.025216244
0.0,0.041956354
1.0,0.037923913
0.0,0.08162272
0.0,0.015356197
0.0,0.03962837
0.0,0.059296623
0.0,0.06534249
0.0,0.06941963
0.0,0.060427204
0.0,0.026171006
0.0,0.03711971
0.0,0.07433261
0.0,0.09289406
0.0,0.027340315
0.0,0.024532944
0.0,0.08469736
0.0,0.09638685
0.0,0.075162426
0.0,0.055673618
0.0,0.06696829
0.0,0.026769836
0.0,0.05437113
0.0,0.028014697
0.0,0.044759415
0.0,0.037068747
0.0,0.037661277
0.0,0.037503146
0.0,0.059420425
0.0,0.053865008
0.0,0.05278366
0.0,0.048677463
0.0,0.09058697
0.0,0.058694392
0.0,0.057415776
0.0,0.027918387
0.0,0.13820876
0.0,0.009038538
0.0,0.04806892
0.0,0.03958803
0.0,0.042838454
0.0,0.008033834
0.0,0.0770368
0.0,0.024406638
0.0,0.018621925
1.0,0.09573595
0.0,0.10223523
0.0,0.023456227
0.0,0.046149924
0.0,0.046310604
0.0,0.10566795
0.0,0.051263925
0.0,0.0282422
0.0,0.063557275
0.0,0.06269079
0.0,0.024106493
0.0,0.053735763
0.0,0.123955876
0.0,0.06307877
1.0,0.07945521
0.0,0.028656982
0.0,0.022324212
0.0,0.04127414
0.0,0.07446575
0.0,0.029794654
0.0,0.08131547
0.0,0.07315115
0.0,0.06184969
0.0,0.080796205
0.0,0.011935206
0.0,0.02191703
0.0,0.016965646
0.0,0.06531107
0.0,0.050743736
0.0,0.0688498
0.0,0.025165338
0.0,0.043129258
2.0,0.07545801
0.0,0.024539893
1.0,0.05714469
0.0,0.047624417
0.0,0.07382255
0.0,0.029168816
0.0,0.04608909
0.0,0.089074805
0.0,0.06041333
0.0,0.011663176
0.0,0.05140129
0.0,0.071726255
1.0,0.07367935
0.0,0.04091225
0.0,0.07692791
0.0,0.07115479
0.0,0.05813568
0.0,0.039957847
0.0,0.070445366
0.0,0.05246495
0.0,0.012039977
2.0,0.10303201
0.0,0.031332422
0.0,0.026542824
0.0,0.02557868
0.0,0.011499872
0.0,0.029955957
0.0,0.0150227975
0.0,0.058385443
0.0,0.10700296
0.0,0.07570315
0.0,0.06322672
0.0,0.020796727
1.0,0.069422
0.0,0.021384204
0.0,0.058757372
0.0,0.03914307
0.0,0.091105625
0.0,0.06179698
0.0,0.10783255
0.0,0.04662522
0.0,0.075064756
0.0,0.034012336
0.0,0.05644146
1.0,0.021301687
0.0,0.05472226
0.0,0.025406167
0.0,0.015925618
0.0,0.026992919
1.0,0.04708816
0.0,0.15411957
0.0,0.017197166
0.0,0.025582852
0.0,0.08057986
0.0,0.059194185
0.0,0.029962057
0.0,0.032311115
0.0,0.043557175
0.0,0.022131924
0.0,0.05561893
0.0,0.061514422
1.0,0.053908255
0.0,0.02816815
0.0,0.057069886
1.0,0.053599775
0.0,0.05934553
0.0,0.04386785
0.0,0.07891077
0.0,0.055108815
0.0,0.03614281
0.0,0.028099451
0.0,0.03376521
0.0,0.030445982
0.0,0.049115233
0.0,0.0602207
1.0,0.08621486
0.0,0.07373978
0.0,0.04421653
0.0,0.018414805
0.0,0.04821202
0.0,0.09777288
0.0,0.061801404
0.0,0.039020166
0.0,0.0185779
1.0,0.05654455
0.0,0.054134887
0.0,0.0141436625
0.0,0.075684026
0.0,0.06098944
0.0,0.02660169
0.0,0.029289473
0.0,0.030415582
0.0,0.11653198
0.0,0.094388925
1.0,0.058953878
0.0,0.009833151
0.0,0.05218996
0.0,0.019951876
1.0,0.07051261
0.0,0.039584726
0.0,0.04631769
0.0,0.038722195
0.0,0.05123836
0.0,0.023985434
0.0,0.07671457
0.0,0.026494494
0.0,0.044960707
0.0,0.07833722
0.0,0.025747392
0.0,0.027216148
0.0,0.077026054
2.0,0.105989546
0.0,0.025161019
0.0,0.054399267
0.0,0.0433304
0.0,0.016990038
0.0,0.040641278
0.0,0.08767861
0.0,0.04186143
0.0,0.046189263
0.0,0.05839975
0.0,0.105944425
0.0,0.07043599
0.0,0.046868898
0.0,0.025742494
0.0,0.03345668
0.0,0.04836085
0.0,0.03597263
0.0,0.062438726
0.0,0.036037132
0.0,0.039435253
0.0,0.03239626
0.0,0.028399473
0.0,0.022682343
0.0,0.032955512
0.0,0.030687157
0.0,0.019587956
0.0,0.053362023
1.0,0.06702532
0.0,0.14668354
1.0,0.09354399
0.0,0.1538685
0.0,0.07916847
0.0,0.06578377
0.0,0.020636028
0.0,0.014740796
0.0,0.02114141
0.0,0.018845389
0.0,0.06661903
0.0,0.07952173
0.0,0.04819887
0.0,0.044322684
0.0,0.038444884
0.0,0.05707321
0.0,0.089847654
0.0,0.06742197
0.0,0.024889179
0.0,0.040348858
0.0,0.044467293
0.0,0.025122859
0.0,0.018098086
0.0,0.059468213
1.0,0.16073573
0.0,0.070313774
0.0,0.03946313
0.0,0.05008743
0.0,0.021797923
0.0,0.038866095
0.0,0.052087653
0.0,0.08552921
0.0,0.025324598
0.0,0.076575615
1.0,0.053252086
0.0,0.06312922
0.0,0.031895857
0.0,0.025637329
0.0,0.033901356
0.0,0.041349098
0.0,0.051988225
0.0,0.044442512
0.0,0.04482717
0.0,0.08804854
0.0,0.03882568
0.0,0.06027945
0.0,0.038955044
0.0,0.01734538
0.0,0.09206551
0.0,0.08321242
0.0,0.07583969
0.0,0.073725246
0.0,0.025602877
0.0,0.03755712
0.0,0.13743712
0.0,0.023196366
0.0,0.081710376
0.0,0.09133969
0.0,0.26195052
0.0,0.0942923
0.0,0.04592953
1.0,0.06786514
0.0,0.01864716
0.0,0.10974742
0.0,0.1240344
0.0,0.043369427
0.0,0.014535781
0.0,0.042447522
0.0,0.061345585
0.0,0.0060269623
0.0,0.016421799
0.0,0.08525699
0.0,0.013316012
0.0,0.022175308
0.0,0.05370162
0.0,0.04784947
0.0,0.04186059
0.0,0.04034047
0.0,0.06674236
0.0,0.040439714
0.0,0.037259303
0.0,0.16227636
0.0,0.01646976
0.0,0.077459574
1.0,0.05157674
0.0,0.059072264
0.0,0.031168003
0.0,0.074848264
0.0,0.052052025
0.0,0.020360872
0.0,0.03951265
0.0,0.023689916
0.0,0.03374482
0.0,0.041588042
0.0,0.07272252
0.0,0.07755226
0.0,0.053559817
0.0,0.060155723
0.0,0.06640302
0.0,0.024072973
0.0,0.07757129
0.0,0.07958447
0.0,0.03601698
0.0,0.05307661
0.0,0.05855345
0.0,0.07483385
0.0,0.023594689
0.0,0.026846893
0.0,0.07617392
0.0,0.041306138
0.0,0.044033162
0.0,0.037635013
0.0,0.052617528
0.0,0.010923326
0.0,0.053125173
0.0,0.042925194
0.0,0.09814769
0.0,0.037519783
0.0,0.10244189
0.0,0.06217401
0.0,0.026751269
0.0,0.04697659
0.0,0.06154344
0.0,0.049873248
1.0,0.021008909
0.0,0.1381725
0.0,0.047113765
0.0,0.02202307
0.0,0.051391784
0.0,0.06628257
0.0,0.059322953
0.0,0.099400796
0.0,0.050327986
0.0,0.079202116
0.0,0.056874685
0.0,0.057984754
0.0,0.03814692
0.0,0.034400303
0.0,0.056219216
0.0,0.061940685
0.0,0.106470406
0.0,0.11283363
1.0,0.08067128
0.0,0.061424848
0.0,0.025528952
0.0,0.03727718
0.0,0.06651389
0.0,0.029626407
0.0,0.056661878
0.0,0.014270704
0.0,0.037188713
0.0,0.022150178
0.0,0.076404735
0.0,0.036087807
0.0,0.026539216
0.0,0.052303042
0.0,0.023910422
0.0,0.03689308
0.0,0.027964206
0.0,0.01871329
0.0,0.018464247
0.0,0.14266557
0.0,0.015185849
0.0,0.08020641
0.0,0.025296958
0.0,0.053706765
0.0,0.042951994
1.0,0.11840573
0.0,0.03900934
0.0,0.007806497
0.0,0.1039946
0.0,0.029925276
1.0,0.15281972
0.0,0.01941895
0.0,0.017108219
0.0,0.092723325
0.0,0.049864378
0.0,0.010012405
0.0,0.03102947
0.0,0.013078005
0.0,0.07798963
0.0,0.09041248
0.0,0.046734486
0.0,0.062576845
0.0,0.029194253
1.0,0.062869176
0.0,0.09707714
0.0,0.14076398
0.0,0.050360806
0.0,0.06683361
0.0,0.04388124
0.0,0.009120346
0.0,0.057239734
2.0,0.07778707
0.0,0.08126195
0.0,0.054793596
0.0,0.033504907
0.0,0.04657038
0.0,0.19143295
0.0,0.045164343
0.0,0.037651114
0.0,0.07483367
0.0,0.024860095
0.0,0.008751901
0.0,0.03652295
0.0,0.12162875
0.0,0.026999343
0.0,0.051357195
0.0,0.021260954
0.0,0.032960903
0.0,0.05524518
0.0,0.066840105
0.0,0.31514767
0.0,0.041802447
0.0,0.027490651
0.0,0.048924148
0.0,0.055838905
1.0,0.023600224
0.0,0.082730934
0.0,0.06895882
0.0,0.059955295
0.0,0.06509391
0.0,0.061691314
0.0,0.046459123
0.0,0.077556364
0.0,0.036047045
0.0,0.084677696
0.0,0.2421923
0.0,0.034161318
0.0,0.0065759933
0.0,0.06350318
0.0,0.071116425
0.0,0.09637619
0.0,0.030345438
0.0,0.039760847
0.0,0.04244835
0.0,0.1136427
0.0,0.040482257
0.0,0.034439396
0.0,0.06291359
0.0,0.10467419
0.0,0.06344159
0.0,0.044439502
0.0,0.05820476
0.0,0.028305797
0.0,0.01978338
0.0,0.042210482
0.0,0.19458787
1.0,0.02345351
0.0,0.017873613
0.0,0.09230983
0.0,0.05881562
0.0,0.042831633
0.0,0.03609488
0.0,0.028279448
0.0,0.025528856
0.0,0.036651984
0.0,0.15373766
0.0,0.031989075
0.0,0.036074076
0.0,0.085779965
1.0,0.07995412
0.0,0.07887332
0.0,0.038798362
0.0,0.051976528
0.0,0.049305327
0.0,0.04335638
0.0,0.07337885
0.0,0.026911259
0.0,0.080368884
0.0,0.04352647
0.0,0.049461424
0.0,0.037461594
0.0,0.12258994
0.0,0.018232806
0.0,0.07247683
0.0,0.055457518
0.0,0.05144494
0.0,0.08437854
0.0,0.11283002
0.0,0.012710524
0.0,0.066578664
0.0,0.027511345
0.0,0.036085915
0.0,0.050854653
0.0,0.066791885
1.0,0.06814586
0.0,0.0845903
0.0,0.02016084
0.0,0.38406068
0.0,0.0141501585
1.0,0.031477995
0.0,0.036864698
0.0,0.05038336
0.0,0.039922863
0.0,0.05916179
0.0,0.056264915
0.0,0.019811729
0.0,0.060063045
0.0,0.05218426
0.0,0.012719649
0.0,0.046627127
0.0,0.02322809
0.0,0.06288033
0.0,0.026744738
0.0,0.03296191
0.0,0.022907326
0.0,0.06109532
0.0,0.0921355
0.0,0.035552297
0.0,0.049808152
0.0,0.01659762
0.0,0.05728951
0.0,0.034400072
0.0,0.026657829
1.0,0.06653119
0.0,0.03031991
0.0,0.0340215
0.0,0.0928044
0.0,0.026546557
0.0,0.022044083
0.0,0.051443517
0.0,0.083605856
0.0,0.044069752
0.0,0.042233553
0.0,0.083138175
0.0,0.035501406
0.0,0.056319352
0.0,0.017403947
0.0,0.179167
0.0,0.0397166
0.0,0.016849045
0.0,0.07707198
0.0,0.06142079
0.0,0.039251342
0.0,0.08032703
0.0,0.023978151
0.0,0.026173027
0.0,0.02135833
0.0,0.024916038
0.0,0.03659854
0.0,0.0302514
0.0,0.05908753
0.0,0.1473625
0.0,0.08684309
0.0,0.07221761
0.0,0.032797977
0.0,0.027437638
0.0,0.05298055
0.0,0.040495634
0.0,0.031198766
0.0,0.03311232
0.0,0.03863052
1.0,0.10791588
0.0,0.035818923
0.0,0.028148426
0.0,0.027900262
0.0,0.0180334
0.0,0.07867518
0.0,0.035144452
0.0,0.006569703
0.0,0.047859006
0.0,0.06523652
0.0,0.08515033
0.0,0.049386222
0.0,0.020968497
0.0,0.1404738
0.0,0.078257136
0.0,0.020925567
0.0,0.017339973
0.0,0.012842274
0.0,0.06353185
0.0,0.027367368
0.0,0.012912841
0.0,0.075569995
0.0,0.022421634
0.0,0.058414876
0.0,0.053325955
0.0,0.014839729
0.0,0.026726738
0.0,0.019541468
0.0,0.03339869
0.0,0.036586396
0.0,0.031431396
0.0,0.069402896
0.0,0.04139354
0.0,0.027852276
1.0,0.12810062
0.0,0.056711074
0.0,0.18328726
0.0,0.048783608
0.0,0.026549874
0.0,0.026117437
0.0,0.061231665
0.0,0.09886027
1.0,0.043139726
0.0,0.05658551
0.0,0.05726171
0.0,0.08264578
0.0,0.044902496
0.0,0.05060996
0.0,0.03365902
0.0,0.03463478
0.0,0.036076967
1.0,0.065712854
0.0,0.029340578
0.0,0.07433481
0.0,0.04306723
0.0,0.062041067
0.0,0.059978917
1.0,0.08123806
0.0,0.031002404
0.0,0.038268477
0.0,0.057657566
0.0,0.054758176
0.0,0.013777151
0.0,0.12005717
0.0,0.028689386
0.0,0.020476013
0.0,0.013114925
0.0,0.07533839
0.0,0.034980804
0.0,0.01396705
0.0,0.02131188
0.0,0.055901326
0.0,0.07170847
0.0,0.03332599
0.0,0.008464382
0.0,0.06928528
0.0,0.107984364
0.0,0.034540128
0.0,0.026034875
0.0,0.035943516
0.0,0.015047137
0.0,0.011620531
0.0,0.07623806
0.0,0.049039807
0.0,0.040106665
0.0,0.05231449
0.0,0.08964442
0.0,0.03748323
1.0,0.047128256
1.0,0.042546652
0.0,0.039287634
0.0,0.057102524
0.0,0.033336814
0.0,0.07581969
0.0,0.04636737
0.0,0.12799026
0.0,0.03707096
0.0,0.07794249
0.0,0.02888918
0.0,0.02186781
1.0,0.0592401
0.0,0.043496985
0.0,0.032058936
1.0,0.03439479
0.0,0.054682404
0.0,0.0383258
0.0,0.016807055
0.0,0.041957453
0.0,0.021644365
0.0,0.03667011
0.0,0.0406344
0.0,0.058426466
0.0,0.015908124
0.0,0.020401174
0.0,0.068869956
0.0,0.027408754
0.0,0.04607795
0.0,0.027415564
0.0,0.018732153
0.0,0.05501744
0.0,0.04102084
0.0,0.06891427
0.0,0.06237519
0.0,0.006232456
0.0,0.03810293
0.0,0.078519195
0.0,0.068860434
0.0,0.1019676
0.0,0.066931404
0.0,0.025208514
0.0,0.027073562
0.0,0.032292325
0.0,0.06373847
0.0,0.02625788
0.0,0.06198515
0.0,0.040419433
0.0,0.07491768
0.0,0.08930211
0.0,0.021553915
0.0,0.07836042
0.0,0.09148735
0.0,0.04518099
0.0,0.030268874
0.0,0.016005356
0.0,0.070337854
0.0,0.024845969
0.0,0.08030545
0.0,0.02351546
0.0,0.059378717
0.0,0.037405096
0.0,0.11178991
0.0,0.03521939
0.0,0.031044373
0.0,0.4974109
0.0,0.021909611
0.0,0.043152254
0.0,0.032881975
0.0,0.017948685
0.0,0.074115336
0.0,0.017042024
0.0,0.08151426
0.0,0.024821918
0.0,0.05006291
0.0,0.021008018
0.0,0.026497463
0.0,0.039383687
0.0,0.039760374
0.0,0.063665845
0.0,0.08712129
0.0,0.028477283
0.0,0.06098047
0.0,0.09755349
0.0,0.016199134
0.0,0.054685663
0.0,0.046937853
0.0,0.044605523
0.0,0.06485015
0.0,0.083992735
0.0,0.054449327
0.0,0.030607542
1.0,0.035452146
0.0,0.025361987
0.0,0.07597506
0.0,0.02583078
1.0,0.04389114
0.0,0.03760427
0.0,0.053425267
0.0,0.026631072
0.0,0.05387544
0.0,0.029230803
0.0,0.02646944
0.0,0.061606184
1.0,0.040165782
0.0,0.055059068
0.0,0.029807486
0.0,0.03823247
0.0,0.080521904
0.0,0.055252187
0.0,0.024363277
0.0,0.04128542
1.0,0.08207974
0.0,0.024270356
0.0,0.044768915
0.0,0.09575043
0.0,0.03471035
0.0,0.031570654
0.0,0.052567974
0.0,0.09118211
0.0,0.0496628
0.0,0.03453899
0.0,0.036357824
1.0,0.03751783
0.0,0.02483295
0.0,0.06504899
0.0,0.061609842
0.0,0.06371663
0.0,0.01879308
0.0,0.060312487
0.0,0.060496397
0.0,0.078992374
0.0,0.029342188
0.0,0.019811228
0.0,0.037189174
0.0,0.014261629
0.0,0.025625084
0.0,0.08957353
0.0,0.047255397
0.0,0.028742159
0.0,0.031364143
0.0,0.028460694
0.0,0.04839541
0.0,0.0109877745
0.0,0.06287661
0.0,0.058498055
0.0,0.030971494
0.0,0.054050233
0.0,0.029780507
0.0,0.0850686
0.0,0.05159398
0.0,0.013345271
0.0,0.045519374
0.0,0.019845568
0.0,0.05735041
0.0,0.086000755
0.0,0.10522357
0.0,0.026435586
0.0,0.06595837
0.0,0.034465633
1.0,0.20712213
0.0,0.023618912
0.0,0.06549867
0.0,0.05772879
0.0,0.04979927
0.0,0.04442781
0.0,0.08260191
0.0,0.035297047
0.0,0.020660277
0.0,0.043570906
0.0,0.04780778
0.0,0.06253374
0.0,0.039383158
0.0,0.027261581
0.0,0.033689655
0.0,0.030951075
0.0,0.055201076
0.0,0.12985282
0.0,0.03310394
0.0,0.07946408
0.0,0.038778793
0.0,0.047700595
0.0,0.02707098
0.0,0.07906003
0.0,0.030989073
0.0,0.014262153
0.0,0.032547317
0.0,0.08060134
0.0,0.062378615
0.0,0.035766833
0.0,0.044644356
0.0,0.045221493
0.0,0.03049976
0.0,0.067396246
0.0,0.010601537
0.0,0.0331651
0.0,0.04793161
0.0,0.06604432
0.0,0.08356871
0.0,0.06829215
0.0,0.030406315
0.0,0.06648093
0.0,0.024210515
0.0,0.06726266
0.0,0.043941062
1.0,0.04976077
0.0,0.059092745
0.0,0.06282887
0.0,0.03249015
0.0,0.013529031
0.0,0.04490093
0.0,0.053520933
1.0,0.049617805
0.0,0.066614896
0.0,0.052709162
0.0,0.05457334
1.0,0.025585305
0.0,0.043207187
0.0,0.08917464
0.0,0.05981683
0.0,0.033010073
0.0,0.019178038
0.0,0.06006077
0.0,0.069845825
0.0,0.035891313
0.0,0.08865463
1.0,0.05778982
0.0,0.06674383
0.0,0.03594598
0.0,0.014439108
1.0,0.061212223
0.0,0.01870517
0.0,0.044885047
0.0,0.035193905
0.0,0.041012235
0.0,0.059480976
0.0,0.016045434
0.0,0.07935881
0.0,0.05915804
0.0,0.035077233
1.0,0.09181216
0.0,0.08755967
0.0,0.010306095
0.0,0.14292887
0.0,0.020162465
0.0,0.06100179
0.0,0.054405674
0.0,0.073525205
0.0,0.05836536
0.0,0.05897072
0.0,0.07803512
0.0,0.022620916
0.0,0.0938984
0.0,0.15641867
0.0,0.020022385
0.0,0.017454835
0.0,0.018568803
0.0,0.0287754
0.0,0.010210802
0.0,0.02630682
0.0,0.019482872
0.0,0.036775228
0.0,0.026093699
0.0,0.041705467
0.0,0.03525133
0.0,0.047055278
0.0,0.058204234
0.0,0.034667958
0.0,0.072968125
0.0,0.04663985
0.0,0.027854774
0.0,0.023000393
0.0,0.008944254
0.0,0.037351876
0.0,0.065429136
0.0,0.03452893
0.0,0.06371005
0.0,0.16342574
0.0,0.1208245
0.0,0.070153594
0.0,0.015006853
0.0,0.05952206
0.0,0.046692923
0.0,0.06442652
0.0,0.020159235
0.0,0.037318356
0.0,0.038590476
0.0,0.0847325
0.0,0.038057894
0.0,0.031255513
0.0,0.07095888
0.0,0.011883326
0.0,0.07085049
0.0,0.047091573
0.0,0.024254262
0.0,0.03478254
0.0,0.06979244
0.0,0.052967362
0.0,0.05924329
0.0,0.033743337
0.0,0.040088728
0.0,0.030186355
0.0,0.03224086
0.0,0.026240796
0.0,0.033978846
0.0,0.06260541
0.0,0.034833495
0.0,0.09265469
0.0,0.045391403
0.0,0.06589299
0.0,0.03360023
0.0,0.07778445
0.0,0.039334964
0.0,0.029096052
0.0,0.05904103
0.0,0.06774971
0.0,0.03675184
0.0,0.054645836
0.0,0.061715942
0.0,0.03226405
0.0,0.076479204
0.0,0.047825426
0.0,0.018119441
0.0,0.069123864
0.0,0.032968998
0.0,0.024880528
0.0,0.06324439
0.0,0.065506436
0.0,0.04426486
0.0,0.0238652
0.0,0.047736093
0.0,0.07219668
0.0,0.03975901
0.0,0.01865384
0.0,0.042063605
0.0,0.04569727
0.0,0.024833804
0.0,0.066404566
0.0,0.03884451
0.0,0.11621003
0.0,0.035505116
0.0,0.0359185
0.0,0.04341048
0.0,0.065711096
0.0,0.021847028
0.0,0.06397139
0.0,0.078081615
0.0,0.06299886
0.0,0.039038386
0.0,0.026344731
0.0,0.044900693
0.0,0.087892056
0.0,0.030693611
0.0,0.044550598
0.0,0.16438723
0.0,0.05878182
0.0,0.02395333
0.0,0.057399433
0.0,0.06805689
0.0,0.057900235
0.0,0.045014936
0.0,0.07940238
0.0,0.1638124
0.0,0.038938385
0.0,0.12522198
0.0,0.02726915
0.0,0.06626069
0.0,0.042953655
0.0,0.008777754
0.0,0.060071696
0.0,0.031575635
0.0,0.043151226
0.0,0.00857881
0.0,0.09028076
0.0,0.039500613
0.0,0.074134104
0.0,0.059696298
0.0,0.054953415
0.0,0.046561167
0.0,0.051618934
0.0,0.027417067
0.0,0.023747403
0.0,0.05924997
0.0,0.025648737
0.0,0.020714544
0.0,0.075976074
0.0,0.058477305
0.0,0.06786807
0.0,0.034650654
0.0,0.035635617
1.0,0.12423278
0.0,0.06575285
0.0,0.055813618
0.0,0.03781546
1.0,0.16237694
0.0,0.019986603
0.0,0.023837337
0.0,0.024875676
0.0,0.016307987
0.0,0.046389215
0.0,0.015811874
0.0,0.010065502
0.0,0.08307616
0.0,0.07692921
0.0,0.05383923
0.0,0.016710665
0.0,0.03442879
0.0,0.074004166
0.0,0.020442668
0.0,0.018612986
0.0,0.028121097
0.0,0.04444868
0.0,0.038488794
0.0,0.033387877
0.0,0.059765425
0.0,0.050204452
0.0,0.043164685
0.0,0.057632152
0.0,0.031925574
0.0,0.04681266
0.0,0.058006156
0.0,0.20597681
0.0,0.02983412
0.0,0.043552544
0.0,0.039168667
0.0,0.08237854
0.0,0.073948234
0.0,0.035507247
0.0,0.021485606
0.0,0.06613178
0.0,0.060595334
0.0,0.11674778
0.0,0.017184509
0.0,0.01701045
0.0,0.024079839
0.0,0.04339779
0.0,0.07103454
0.0,0.03032604
0.0,0.06877203
0.0,0.034630205
0.0,0.08248258
0.0,0.05066318
0.0,0.010171397
0.0,0.039434742
0.0,0.045849487
0.0,0.06579549
0.0,0.049314566
0.0,0.078940675
0.0,0.044459745
0.0,0.024097035
0.0,0.06555404
1.0,0.29447696
0.0,0.014037557
0.0,0.037981063
0.0,0.019004382
1.0,0.044155277
0.0,0.061983097
0.0,0.07357792
0.0,0.07146698
0.0,0.044925753
0.0,0.020493781
0.0,0.1296097
0.0,0.07966679
0.0,0.022534927
0.0,0.10743254
0.0,0.041474488
0.0,0.055595465
0.0,0.06547249
0.0,0.042966623
0.0,0.037018795
0.0,0.051453304
0.0,0.016149389
0.0,0.07042776
0.0,0.08696444
0.0,0.00971891
0.0,0.050851066
0.0,0.028495634
0.0,0.036344167
0.0,0.075878575
1.0,0.028473577
0.0,0.041212097
0.0,0.07414863
0.0,0.026761897
0.0,0.049087018
0.0,0.09088741
0.0,0.057267413
0.0,0.06267287
0.0,0.04848801
0.0,0.03775481
0.0,0.04128121
0.0,0.05015715
0.0,0.05896189
0.0,0.07360554
0.0,0.048564024
0.0,0.08324659
0.0,0.04792551
0.0,0.045702912
0.0,0.0580297
0.0,0.06149961
0.0,0.046464685
0.0,0.05528102
0.0,0.04338579
0.0,0.04455831
0.0,0.04769923
0.0,0.041320696
0.0,0.058520094
0.0,0.08509702
0.0,0.02650933
0.0,0.058827624
0.0,0.07429356
1.0,0.04992312
1.0,0.044281073
0.0,0.045316316
1.0,0.074557245
0.0,0.01716456
0.0,0.048488382
0.0,0.02182919
1.0,0.023081783
0.0,0.03366807
0.0,0.0800756
0.0,0.062947854
0.0,0.035840176
0.0,0.030656984
0.0,0.047912642
0.0,0.058114033
0.0,0.046299033
0.0,0.027998924
0.0,0.009732499
0.0,0.046395212
0.0,0.031369705
0.0,0.040788323
0.0,0.05454423
0.0,0.047860444
0.0,0.09554851
0.0,0.0218287
0.0,0.084872276
0.0,0.072609
0.0,0.08257297
0.0,0.024445701
0.0,0.012499273
0.0,0.008193936
0.0,0.06910311
0.0,0.039876897
0.0,0.05815994
0.0,0.078638084
0.0,0.053999405
0.0,0.032018177
0.0,0.024550334
0.0,0.03649132
0.0,0.057438914
0.0,0.08706703
0.0,0.06888449
1.0,0.17106543
0.0,0.056338314
0.0,0.06740007
0.0,0.029847609
0.0,0.09641581
0.0,0.025692632
0.0,0.025770213
0.0,0.06272434
0.0,0.041383024
0.0,0.06770731
0.0,0.034228906
0.0,0.047720935
0.0,0.03781517
0.0,0.06019564
0.0,0.049988315
0.0,0.02125398
0.0,0.048622716
0.0,0.06567439
0.0,0.06114921
0.0,0.03926868
0.0,0.029951558
0.0,0.1375656
0.0,0.10447723
0.0,0.04976172
0.0,0.068372175
0.0,0.058671266
0.0,0.07061332
0.0,0.009701922
0.0,0.054549508
0.0,0.041725658
0.0,0.086081706
0.0,0.03975897
0.0,0.018532846
0.0,0.08335992
0.0,0.05222038
0.0,0.05116285
0.0,0.046845347
0.0,0.032398887
0.0,0.036884304
0.0,0.027962193
0.0,0.06849343
0.0,0.048888884
0.0,0.05395053
0.0,0.012475568
0.0,0.06555024
0.0,0.04022992
0.0,0.032468062
0.0,0.026469175
0.0,0.015988605
0.0,0.013705121
0.0,0.08204682
0.0,0.083895825
0.0,0.015702633
0.0,0.02574862
1.0,0.04378378
1.0,0.037780944
0.0,0.07921462
0.0,0.023812946
0.0,0.057403978
0.0,0.018518677
0.0,0.03461404
0.0,0.050337493
0.0,0.076957956
0.0,0.04036716
0.0,0.047149003
0.0,0.060839564
0.0,0.019481024
0.0,0.06792983
0.0,0.07381273
0.0,0.06539525
0.0,0.022175444
0.0,0.039559875
1.0,0.048884366
1.0,0.062440526
0.0,0.057263646
0.0,0.10903817
0.0,0.021918327
0.0,0.04512622
0.0,0.010817178
0.0,0.0316813
0.0,0.101924606
0.0,0.025571449
0.0,0.042161256
0.0,0.011321979
0.0,0.05722055
0.0,0.09930296
0.0,0.040038068
0.0,0.08107945
0.0,0.048232507
0.0,0.121033385
0.0,0.027265716
0.0,0.013538292
2.0,0.09558337
1.0,0.034162868
0.0,0.019453807
0.0,0.068613715
0.0,0.045955863
0.0,0.0343403
0.0,0.031805765
0.0,0.05535488
0.0,0.07059732
1.0,0.047197163
0.0,0.032158744
0.0,0.04958164
0.0,0.07733793
0.0,0.035070192
0.0,0.012880838
0.0,0.013641676
0.0,0.057318255
0.0,0.026935445
0.0,0.04555051
0.0,0.06765158
0.0,0.03574816
0.0,0.04050649
0.0,0.038253207
0.0,0.01835689
0.0,0.08227003
0.0,0.032507148
0.0,0.018513847
0.0,0.05311803
0.0,0.017311255
0.0,0.109935634
0.0,0.019854598
0.0,0.03305047
0.0,0.116291955
0.0,0.040280327
0.0,0.055929616
0.0,0.04371358
0.0,0.06657403
0.0,0.115860894
0.0,0.035756584
0.0,0.030140603
0.0,0.11035362
0.0,0.058350094
0.0,0.058200207
0.0,0.03066191
0.0,0.039393585
0.0,0.06150835
0.0,0.070924275
0.0,0.1564261
0.0,0.029232712
0.0,0.038425345
0.0,0.040453292
0.0,0.074179046
0.0,0.075462684
0.0,0.0617563
0.0,0.019867754
0.0,0.059656374
0.0,0.041495517
0.0,0.012455459
0.0,0.06344477
1.0,0.16302541
0.0,0.041305862
0.0,0.06289471
0.0,0.08035306
0.0,0.09028078
0.0,0.07434571
0.0,0.06736839
0.0,0.033930533
0.0,0.049498606
0.0,0.03316613
0.0,0.01987885
0.0,0.027780904
0.0,0.06828243
0.0,0.051970504
0.0,0.02514002
0.0,0.053632524
0.0,0.040263332
0.0,0.03306589
0.0,0.03315299
0.0,0.019513525
0.0,0.016407773
0.0,0.08546669
0.0,0.034749072
0.0,0.017003614
0.0,0.05691292
0.0,0.014736228
0.0,0.06872935
0.0,0.06844701
0.0,0.037482444
0.0,0.017820807
0.0,0.041849237
0.0,0.056356907
0.0,0.056328215
0.0,0.029088007
1.0,0.0721074
1.0,0.050441124
0.0,0.034214087
0.0,0.07166815
0.0,0.061263792
0.0,0.08246877
0.0,0.08309826
0.0,0.03284421
0.0,0.025381453
0.0,0.07361628
0.0,0.040130902
0.0,0.039983045
0.0,0.07155748
0.0,0.068688236
1.0,0.19804528
0.0,0.0403997
0.0,0.05998798
1.0,0.045350537
0.0,0.05592121
0.0,0.023373038
0.0,0.026266847
1.0,0.09956386
0.0,0.08739732
0.0,0.046987876
0.0,0.098276004
0.0,0.037219048
0.0,0.030277463
1.0,0.2004146
0.0,0.037998073
0.0,0.055881575
0.0,0.03560579
0.0,0.039591655
0.0,0.03175061
0.0,0.021411885
0.0,0.04681996
0.0,0.036186613
0.0,0.06437272
0.0,0.05005491
0.0,0.033782184
0.0,0.11136704
0.0,0.062342424
0.0,0.13729133
0.0,0.036564406
0.0,0.06660267
0.0,0.052698202
0.0,0.034422748
0.0,0.048630994
0.0,0.11272967
0.0,0.075624034
0.0,0.020973636
0.0,0.05574563
0.0,0.01573427
1.0,0.14448887
0.0,0.031534377
0.0,0.10668284
0.0,0.01573382
0.0,0.0857697
0.0,0.041996285
0.0,0.039996013
0.0,0.032312147
0.0,0.028822983
0.0,0.047736704
0.0,0.016523037
0.0,0.074759595
0.0,0.048880517
0.0,0.04815766
0.0,0.06069322
1.0,0.030900951
0.0,0.06705762
1.0,0.021267302
0.0,0.058588248
0.0,0.04066877
0.0,0.08394244
0.0,0.03045057
0.0,0.06612254
0.0,0.11632152
0.0,0.03039198
0.0,0.025646891
0.0,0.028446503
0.0,0.035404794
0.0,0.073799744
0.0,0.047422778
0.0,0.03782803
0.0,0.09692156
0.0,0.06953066
0.0,0.023187123
0.0,0.045276016
0.0,0.045184396
0.0,0.097457066
0.0,0.061189022
0.0,0.042574316
0.0,0.018126942
0.0,0.026295846
0.0,0.06713372
0.0,0.08619379
0.0,0.055132627
1.0,0.052457698
0.0,0.028497089
0.0,0.0754341
0.0,0.070636116
1.0,0.025493445
0.0,0.020606577
0.0,0.03758193
0.0,0.082180716
0.0,0.01874083
0.0,0.05924617
0.0,0.05947264
0.0,0.11054538
0.0,0.06541902
0.0,0.06684189
0.0,0.017463684
0.0,0.08861414
0.0,0.035027355
0.0,0.0139491
0.0,0.03394202
0.0,0.0152968615
0.0,0.013450998
0.0,0.035194594
0.0,0.054901898
0.0,0.06450998
0.0,0.034087233
0.0,0.06648953
0.0,0.0411887
0.0,0.0734829
0.0,0.04340913
0.0,0.03145528
0.0,0.052397575
0.0,0.046425242
0.0,0.11108504
0.0,0.08131522
0.0,0.018249862
0.0,0.07974343
0.0,0.031731978
0.0,0.0201734
0.0,0.03262462
0.0,0.08663218
0.0,0.076800466
0.0,0.033396382
0.0,0.040882822
0.0,0.057096127
0.0,0.02347553
0.0,0.0212254
0.0,0.040002745
0.0,0.010184083
0.0,0.025764095
0.0,0.033770494
0.0,0.035444424
0.0,0.024807826
0.0,0.042924806
0.0,0.027817607
0.0,0.04510051
0.0,0.06432899
0.0,0.025431996
0.0,0.043288313
0.0,0.057017636
0.0,0.035623517
0.0,0.036483474
0.0,0.045090944
0.0,0.014324488
0.0,0.0396638
0.0,0.015930016
0.0,0.02388992
0.0,0.058781795
1.0,0.27048096
0.0,0.024762655
0.0,0.033090163
0.0,0.020907624
1.0,0.07382924
0.0,0.022140747
0.0,0.027761025
0.0,0.022955492
0.0,0.07095917
0.0,0.061931692
0.0,0.05735585
0.0,0.04295642
0.0,0.021340515
0.0,0.043991063
0.0,0.062376976
0.0,0.08446175
0.0,0.09254825
0.0,0.034522887
0.0,0.030269017
0.0,0.033766773
0.0,0.032333463
0.0,0.022786563
0.0,0.04569117
0.0,0.015043033
0.0,0.03462035
0.0,0.05624335
0.0,0.057696123
0.0,0.06942739
0.0,0.0490624
0.0,0.040205486
0.0,0.07556988
0.0,0.067813516
1.0,0.14307351
0.0,0.06534839
0.0,0.031629417
0.0,0.08555864
0.0,0.033606593
0.0,0.06377256
0.0,0.06166129
0.0,0.03781591
0.0,0.05725106
0.0,0.057367116
0.0,0.029687073
0.0,0.037469685
0.0,0.062293246
0.0,0.03511346
0.0,0.06985963
0.0,0.078128874
0.0,0.060610794
0.0,0.006577263
0.0,0.046135906
0.0,0.040727183
0.0,0.020007534
1.0,0.07587138
0.0,0.043272115
0.0,0.050474975
0.0,0.06393051
0.0,0.04815008
0.0,0.055260777
0.0,0.07058685
0.0,0.025681816
0.0,0.05411473
0.0,0.047095887
0.0,0.077773124
0.0,0.033828788
0.0,0.021658674
2.0,0.05258838
1.0,0.026285816
0.0,0.0148687195
0.0,0.023992721
1.0,0.05760906
0.0,0.012696416
0.0,0.08218312
0.0,0.06659856
0.0,0.022838123
0.0,0.06606358
1.0,0.07740592
0.0,0.022308271
0.0,0.08664326
0.0,0.013895711
0.0,0.024809137
0.0,0.018742232
0.0,0.07304917
0.0,0.029763684
0.0,0.036583606
0.0,0.03291093
0.0,0.03088787
0.0,0.04048737
0.0,0.023019562
0.0,0.02348443
0.0,0.06586902
0.0,0.03541935
1.0,0.091199145
0.0,0.01997037
0.0,0.0722324
0.0,0.048476037
0.0,0.066480525
0.0,0.07816247
0.0,0.07370657
0.0,0.2614096
0.0,0.075347036
0.0,0.036767915
0.0,0.031076467
0.0,0.075737976
0.0,0.09647923
0.0,0.055227667
0.0,0.036119312
1.0,0.059786033
0.0,0.04866261
0.0,0.04092497
0.0,0.048281405
0.0,0.043422528
1.0,0.18166408
0.0,0.05510595
0.0,0.030811744
0.0,0.04941053
0.0,0.056156095
0.0,0.03288925
0.0,0.06289123
0.0,0.07089919
0.0,0.012164979
1.0,0.022346662
0.0,0.11418011
0.0,0.09236126
0.0,0.029861389
0.0,0.032679677
0.0,0.059248544
0.0,0.05972299
0.0,0.07887764
0.0,0.03887781
1.0,0.026724648
0.0,0.06375048
0.0,0.039187387
0.0,0.060578205
0.0,0.031741995
1.0,0.0565301
0.0,0.027166657
0.0,0.038828142
0.0,0.06755996
0.0,0.04612361
0.0,0.06434646
0.0,0.06135781
0.0,0.08125214
0.0,0.038779423
0.0,0.025541496
0.0,0.018412242
0.0,0.053813998
0.0,0.035353325
0.0,0.041932654
0.0,0.028009139
0.0,0.041940432
0.0,0.0939117
0.0,0.06097486
0.0,0.07150328
0.0,0.030911239
0.0,0.064982496
0.0,0.06285497
0.0,0.0359657
0.0,0.05274134
0.0,0.01758994
0.0,0.0437259
0.0,0.042988732
0.0,0.035973605
1.0,0.072942354
0.0,0.028519722
0.0,0.0553732
1.0,0.0354271
0.0,0.0383146
0.0,0.05297552
0.0,0.026409706
0.0,0.050432056
0.0,0.04318039
0.0,0.052808683
0.0,0.011622094
0.0,0.024494417
0.0,0.011952007
0.0,0.074708685
0.0,0.025557052
0.0,0.045949224
0.0,0.039141987
0.0,0.05984627
0.0,0.0347677
0.0,0.027330514
0.0,0.02852077
0.0,0.054360606
0.0,0.059621822
0.0,0.076734796
0.0,0.07484198
0.0,0.034420863
0.0,0.057487797
0.0,0.090688616
0.0,0.08436531
0.0,0.037282195
0.0,0.025362313
0.0,0.07092422
0.0,0.08737315
0.0,0.065000005
0.0,0.024864232
1.0,0.06547503
0.0,0.041248232
0.0,0.055890076
0.0,0.09426402
0.0,0.03179039
0.0,0.052107926
0.0,0.027507292
0.0,0.06544752
0.0,0.0678118
0.0,0.07041667
0.0,0.036176745
0.0,0.03093551
0.0,0.019906651
0.0,0.025090225
0.0,0.05628504
0.0,0.06545651
0.0,0.04666031
0.0,0.052142374
0.0,0.08115499
0.0,0.08030428
0.0,0.017946683
0.0,0.033581108
0.0,0.03785587
0.0,0.07585785
0.0,0.023615096
0.0,0.038426574
0.0,0.017026275
0.0,0.030989768
0.0,0.09576869
0.0,0.04578504
0.0,0.038075536
0.0,0.015813148
0.0,0.05573447
0.0,0.049341075
0.0,0.030253882
0.0,0.031326506
0.0,0.03516844
0.0,0.08072293
0.0,0.06119241
0.0,0.017432984
0.0,0.027077474
0.0,0.06352014
0.0,0.08227807
0.0,0.046925344
0.0,0.17474046
0.0,0.05573152
0.0,0.08276567
0.0,0.021679142
0.0,0.058359
0.0,0.02813875
0.0,0.028940277
0.0,0.069608055
0.0,0.05744861
0.0,0.021799752
0.0,0.037179034
0.0,0.095353276
0.0,0.042810317
0.0,0.05012081
0.0,0.057879478
0.0,0.04228429
0.0,0.019414682
0.0,0.12177969
0.0,0.09407933
0.0,0.020072542
0.0,0.10844281
0.0,0.06500478
0.0,0.03192226
1.0,0.100937515
0.0,0.048120197
1.0,0.058914043
0.0,0.028401695
0.0,0.03941115
0.0,0.049080886
0.0,0.0193929
0.0,0.04068768
0.0,0.043825492
0.0,0.06962239
0.0,0.06872548
1.0,0.092869654
0.0,0.02036096
0.0,0.01693486
0.0,0.10477741
0.0,0.03727352
0.0,0.07560739
0.0,0.03800014
0.0,0.039693937
0.0,0.14143983
0.0,0.07352997
0.0,0.07204948
0.0,0.12919788
0.0,0.030898977
0.0,0.06262414
0.0,0.08431098
0.0,0.05357445
0.0,0.04407738
0.0,0.022739477
1.0,0.04619334
0.0,0.046070088
0.0,0.04369591
0.0,0.04858649
0.0,0.054797906
0.0,0.015777545
0.0,0.030277824
0.0,0.08055036
0.0,0.022462105
0.0,0.032962836
0.0,0.061022982
0.0,0.050980326
0.0,0.050454233
0.0,0.026949398
0.0,0.05438617
0.0,0.048360784
0.0,0.024594214
0.0,0.028494805
1.0,0.07778046
0.0,0.059454933
0.0,0.021498825
0.0,0.053905763
0.0,0.021380605
0.0,0.04448481
0.0,0.037501447
0.0,0.04945147
0.0,0.0540121
1.0,0.06107321
0.0,0.06359041
0.0,0.045821555
0.0,0.059401304
0.0,0.031614505
0.0,0.07181251
0.0,0.05771317
0.0,0.16358984
0.0,0.044130147
0.0,0.08084646
0.0,0.0379407
0.0,0.07175992
0.0,0.06544265
0.0,0.02814158
1.0,0.055438902
0.0,0.043187536
0.0,0.03912747
0.0,0.043439448
0.0,0.181746
0.0,0.016689053
0.0,0.039751597
0.0,0.082969606
0.0,0.0362376
0.0,0.08970779
0.0,0.039955962
0.0,0.06287814
0.0,0.028782357
0.0,0.07553678
0.0,0.06411123
0.0,0.043423418
0.0,0.06409476
0.0,0.040557995
0.0,0.08058266
1.0,0.012602677
0.0,0.036051378
0.0,0.054876193
0.0,0.08999641
0.0,0.04375435
0.0,0.06296824
0.0,0.04728815
1.0,0.25895178
0.0,0.02431101
0.0,0.04813984
0.0,0.046303026
0.0,0.020140355
0.0,0.034731545
0.0,0.12331029
0.0,0.033537883
0.0,0.05044591
0.0,0.05563044
0.0,0.07045647
0.0,0.07055462
0.0,0.071952514
0.0,0.03863947
0.0,0.11162409
0.0,0.14912342
0.0,0.072946034
0.0,0.096880674
0.0,0.03414759
0.0,0.030769944
0.0,0.0395751
0.0,0.067562275
0.0,0.03798112
1.0,0.083242305
0.0,0.06261168
0.0,0.043804266
0.0,0.055259354
0.0,0.017226178
0.0,0.020049136
0.0,0.07252903
0.0,0.07713136
0.0,0.063315
0.0,0.05683193
0.0,0.048495248
0.0,0.04709739
0.0,0.029576354
0.0,0.01620761
0.0,0.016689021
0.0,0.06953447
0.0,0.06447704
0.0,0.056833327
0.0,0.057945617
2.0,0.08076608
0.0,0.049664173
0.0,0.0378399
0.0,0.06103986
0.0,0.07002459
0.0,0.027002845
0.0,0.04724553
0.0,0.023103664
0.0,0.06326069
0.0,0.0982776
0.0,0.12653904
0.0,0.11868506
0.0,0.05867181
1.0,0.07449889
0.0,0.04616013
0.0,0.0476412
0.0,0.050738633
0.0,0.028078435
0.0,0.06364342
1.0,0.11434918
0.0,0.04030557
0.0,0.01713923
0.0,0.0307892
0.0,0.03161692
0.0,0.029550176
0.0,0.06444981
0.0,0.0502392
0.0,0.058466934
0.0,0.026673215
0.0,0.17389064
0.0,0.089879274
0.0,0.042046018
0.0,0.03204101
0.0,0.043154046
0.0,0.037643537
0.0,0.05108881
0.0,0.024094598
0.0,0.023150433
0.0,0.02341574
0.0,0.020803453
0.0,0.0659115
0.0,0.046941835
0.0,0.051564418
0.0,0.071372695
0.0,0.06476225
0.0,0.037736434
0.0,0.027704427
0.0,0.019417996
0.0,0.029419437
0.0,0.032672167
0.0,0.027327387
0.0,0.077730484
2.0,0.06966184
0.0,0.0395151
0.0,0.07634226
0.0,0.0438612
0.0,0.09744914
0.0,0.03106977
0.0,0.15540035
0.0,0.0806419
0.0,0.122442365
0.0,0.04069758
0.0,0.0804224
0.0,0.062974066
0.0,0.047714815
0.0,0.040258802
1.0,0.050028376
0.0,0.026397696
0.0,0.06593856
0.0,0.025815437
0.0,0.050760508
0.0,0.03918789
0.0,0.027668782
0.0,0.1018114
0.0,0.029545076
0.0,0.07401045
0.0,0.038153708
1.0,0.04338188
0.0,0.08894366
0.0,0.06757066
0.0,0.060319852
0.0,0.049263753
0.0,0.05343156
0.0,0.01162776
0.0,0.040533096
0.0,0.061219476
0.0,0.09367269
0.0,0.024708811
0.0,0.048730507
0.0,0.036690257
0.0,0.069221646
0.0,0.046029024
0.0,0.07069859
0.0,0.043877974
0.0,0.027030928
0.0,0.03848098
0.0,0.06936808
0.0,0.077361755
0.0,0.022646116
0.0,0.021495843
0.0,0.08232905
0.0,0.04173081
0.0,0.024409221
0.0,0.10120574
0.0,0.054540534
0.0,0.050880365
0.0,0.02551098
0.0,0.07731608
0.0,0.031260088
0.0,0.059477404
0.0,0.07949557
0.0,0.029891234
0.0,0.03188003
0.0,0.059780415
0.0,0.06925787
0.0,0.051506154
0.0,0.07994348
0.0,0.07166161
0.0,0.027135406
0.0,0.023137875
0.0,0.048406903
0.0,0.020713368
0.0,0.04208463
0.0,0.057999574
0.0,0.02657304
0.0,0.036931098
0.0,0.059720714
0.0,0.06959529
0.0,0.07926589
0.0,0.06401527
0.0,0.0340419
0.0,0.0674545
0.0,0.06781888
0.0,0.03546877
0.0,0.020974886
0.0,0.068491116
0.0,0.037777502
0.0,0.06834747
0.0,0.02222538
0.0,0.06322422
0.0,0.037397712
0.0,0.06002664
0.0,0.064888276
0.0,0.040545546
0.0,0.074544944
0.0,0.021606397
0.0,0.023866225
0.0,0.050066993
0.0,0.06685994
0.0,0.055088215
1.0,0.024485191
0.0,0.42162895
0.0,0.03867914
0.0,0.07086892
0.0,0.035983693
0.0,0.031979404
0.0,0.05135124
1.0,0.09693677
0.0,0.037685834
0.0,0.05797787
0.0,0.0692012
0.0,0.043592103
0.0,0.024234088
0.0,0.12936433
0.0,0.06560964
0.0,0.023030289
0.0,0.053025357
0.0,0.06740782
0.0,0.035046335
0.0,0.02832882
0.0,0.07529964
1.0,0.082078345
0.0,0.015470344
1.0,0.05450567
0.0,0.08983904
0.0,0.033590157
0.0,0.019250482
0.0,0.038056787
0.0,0.048990935
0.0,0.052848257
0.0,0.039162092
0.0,0.016332392
0.0,0.02972451
0.0,0.12108081
0.0,0.04998193
0.0,0.063557774
0.0,0.03118141
1.0,0.043081693
0.0,0.05497986
0.0,0.0318562
0.0,0.030096598
0.0,0.04549826
0.0,0.053624496
0.0,0.060639124
0.0,0.06201439
0.0,0.07348884
0.0,0.08311685
0.0,0.0469383
1.0,0.14843524
0.0,0.14736314
0.0,0.07371822
0.0,0.06440373
0.0,0.032051522
0.0,0.096805766
0.0,0.04985494
0.0,0.07018861
1.0,0.06510395
0.0,0.046640426
0.0,0.051555593
0.0,0.08204256
0.0,0.055846922
0.0,0.08425186
0.0,0.04374509
0.0,0.031575937
0.0,0.068906486
0.0,0.1296842
0.0,0.024845151
0.0,0.07140553
0.0,0.0683726
0.0,0.0461953
0.0,0.015334173
0.0,0.05327154
0.0,0.10100663
0.0,0.057625793
0.0,0.06986866
0.0,0.028299453
0.0,0.028250821
0.0,0.069578215
0.0,0.032843456
0.0,0.050426718
0.0,0.0354922
0.0,0.066412106
0.0,0.06404643
0.0,0.054442447
0.0,0.04438313
1.0,0.050718144
0.0,0.03162046
0.0,0.06466659
0.0,0.0177285
0.0,0.07682054
0.0,0.037443213
0.0,0.050477695
0.0,0.08013702
0.0,0.04935851
0.0,0.07217852
0.0,0.07234828
0.0,0.11422242
0.0,0.04511901
0.0,0.15388395
0.0,0.07555549
0.0,0.06261135
0.0,0.012269877
0.0,0.077487275
1.0,0.029678028
0.0,0.047011994
0.0,0.03501376
0.0,0.07443629
0.0,0.026161086
0.0,0.0615467
0.0,0.030215979
0.0,0.05270803
0.0,0.04590361
0.0,0.05649973
0.0,0.02797257
0.0,0.022242226
0.0,0.023119213
0.0,0.090315074
0.0,0.046456024
0.0,0.015068692
0.0,0.053948756
0.0,0.06377401
0.0,0.01968114
0.0,0.049749263
0.0,0.055143934
1.0,0.06487086
0.0,0.03561382
0.0,0.06866073
0.0,0.013274614
0.0,0.028865771
0.0,0.09287404
0.0,0.034693178
0.0,0.06086186
0.0,0.030059222
1.0,0.055739254
0.0,0.040818483
0.0,0.055280704
0.0,0.04015663
0.0,0.019188127
0.0,0.031702846
0.0,0.014627429
0.0,0.036242146
0.0,0.047069862
0.0,0.07046767
0.0,0.059455443
0.0,0.15628001
0.0,0.075379685
0.0,0.054004684
0.0,0.06685917
0.0,0.059353482
0.0,0.06172358
0.0,0.023218755
1.0,0.08935596
0.0,0.056507356
0.0,0.034130692
0.0,0.039956268
0.0,0.067567915
0.0,0.03320295
0.0,0.06533642
0.0,0.050117437
0.0,0.014568213
0.0,0.052999727
0.0,0.04415454
0.0,0.033517454
0.0,0.05056259
0.0,0.07184599
0.0,0.04161869
0.0,0.063214146
0.0,0.06068908
0.0,0.035460718
0.0,0.111067936
0.0,0.07728731
0.0,0.029438129
0.0,0.021703148
1.0,0.07298173
0.0,0.054535203
0.0,0.057879172
0.0,0.08069837
0.0,0.06198137
0.0,0.051842444
0.0,0.047899373
0.0,0.1999453
0.0,0.040351916
1.0,0.097280264
0.0,0.061738726
0.0,0.030626403
0.0,0.023591742
0.0,0.052692477
0.0,0.059151158
1.0,0.071385376
0.0,0.045254968
0.0,0.049650867
0.0,0.2001687
0.0,0.03687078
0.0,0.08618471
1.0,0.023861423
0.0,0.020341484
0.0,0.07537197
0.0,0.07083552
0.0,0.08296306
0.0,0.027327895
1.0,0.068745874
0.0,0.0102376845
0.0,0.01243731
0.0,0.054976925
0.0,0.07742759
0.0,0.050299846
0.0,0.10504224
0.0,0.04237397
0.0,0.030264111
0.0,0.06592005
0.0,0.011512909
0.0,0.027746482
1.0,0.071796246
0.0,0.03305865
0.0,0.036936205
0.0,0.010048702
0.0,0.02811025
0.0,0.05428406
0.0,0.02406533
0.0,0.03523422
0.0,0.05523823
0.0,0.05240892
0.0,0.020473944
0.0,0.035217896
0.0,0.07917482
0.0,0.051674664
0.0,0.05594418
0.0,0.078444816
0.0,0.030805442
0.0,0.060765296
0.0,0.037524182
0.0,0.05699491
0.0,0.14956316
0.0,0.020157948
0.0,0.06014193
0.0,0.029084332
0.0,0.21528885
0.0,0.043815523
0.0,0.023369817
0.0,0.08745669
0.0,0.019956615
0.0,0.042106166
0.0,0.033091646
0.0,0.056263063
0.0,0.06944582
0.0,0.069237344
0.0,0.03559124
0.0,0.08196901
0.0,0.028683683
0.0,0.033829466
0.0,0.027434997
0.0,0.076929815
0.0,0.04237492
0.0,0.060254365
0.0,0.053043388
0.0,0.052290075
0.0,0.020813206
0.0,0.06593812
0.0,0.056426577
0.0,0.05990837
0.0,0.027119946
0.0,0.11339784
0.0,0.054764785
0.0,0.0342731
0.0,0.04437746
0.0,0.06470297
0.0,0.06095163
0.0,0.024893641
0.0,0.08328673
0.0,0.06306542
0.0,0.09390252
0.0,0.065161064
0.0,0.058213044
0.0,0.05660487
0.0,0.01823224
0.0,0.04683751
0.0,0.026573597
0.0,0.034093022
0.0,0.035267234
0.0,0.07187538
0.0,0.016760653
0.0,0.14990827
0.0,0.063316055
0.0,0.06400433
0.0,0.032661762
0.0,0.07094146
0.0,0.039425023
0.0,0.032479476
0.0,0.019788466
0.0,0.017022857
0.0,0.0723872
0.0,0.04937878
0.0,0.05739021
0.0,0.05837957
0.0,0.056601726
0.0,0.08720377
0.0,0.07886937
0.0,0.028474798
0.0,0.024275644
0.0,0.037879057
0.0,0.03846907
0.0,0.031501614
0.0,0.066819616
0.0,0.059859514
0.0,0.04179942
1.0,0.07371358
0.0,0.10021621
0.0,0.1013446
0.0,0.032474797
0.0,0.04976846
0.0,0.046844233
0.0,0.009751191
0.0,0.0783618
1.0,0.18226191
1.0,0.07874356
0.0,0.07833292
0.0,0.029045636
0.0,0.033218518
0.0,0.040025774
0.0,0.0801507
0.0,0.008603254
1.0,0.06969425
0.0,0.05156796
0.0,0.007888957
0.0,0.046628684
0.0,0.061934717
0.0,0.022744749
0.0,0.0673103
0.0,0.052431166
0.0,0.0183659
0.0,0.06234183
0.0,0.06773127
1.0,0.053686794
0.0,0.10899222
0.0,0.059307482
0.0,0.022519546
0.0,0.045259006
0.0,0.06412658
0.0,0.07739786
0.0,0.036339764
0.0,0.05990503
0.0,0.021863889
0.0,0.012428269
0.0,0.054091692
0.0,0.040120915
0.0,0.033003744
0.0,0.031765174
0.0,0.0257368
0.0,0.0561948
0.0,0.038529303
0.0,0.05567627
0.0,0.0634918
0.0,0.030742167
0.0,0.044632502
0.0,0.016954042
0.0,0.051470507
0.0,0.05476233
0.0,0.03269258
0.0,0.0293955
0.0,0.03916747
0.0,0.04430027
0.0,0.016545862
0.0,0.059252247
0.0,0.04101597
1.0,0.04880222
0.0,0.046632487
0.0,0.08079918
0.0,0.04835391
0.0,0.032982413
1.0,0.09107149
1.0,0.06101485
0.0,0.070070446
0.0,0.012647092
0.0,0.11846695
0.0,0.039684497
0.0,0.03551331
0.0,0.051962726
0.0,0.06191697
1.0,0.054422643
0.0,0.06355368
0.0,0.031368975
0.0,0.03574501
0.0,0.04010525
0.0,0.043064564
0.0,0.065538675
0.0,0.06397568
0.0,0.06094261
0.0,0.0720712
0.0,0.06206616
0.0,0.13812883
0.0,0.09287265
0.0,0.063315086
0.0,0.09588562
0.0,0.037790798
0.0,0.029955257
0.0,0.029601116
0.0,0.10251617
0.0,0.026989097
0.0,0.026450137
0.0,0.06442432
0.0,0.043733742
0.0,0.023116149
0.0,0.034417138
0.0,0.06430986
0.0,0.039689112
0.0,0.045033593
0.0,0.10015351
0.0,0.055877313
0.0,0.024767838
0.0,0.015861101
0.0,0.0528716
0.0,0.05626352
0.0,0.06677655
0.0,0.098477244
0.0,0.021976953
0.0,0.066085055
0.0,0.047409326
0.0,0.061379436
0.0,0.061454248
0.0,0.046784185
0.0,0.044373505
0.0,0.039442886
0.0,0.08447613
0.0,0.051569536
0.0,0.020239951
0.0,0.07008926
0.0,0.01703117
0.0,0.0610543
0.0,0.012144063
0.0,0.019177847
0.0,0.0338441
0.0,0.053245105
0.0,0.04617867
0.0,0.064712584
0.0,0.040170975
0.0,0.055268288
0.0,0.08296656
1.0,0.04891176
0.0,0.027167033
0.0,0.06011469
0.0,0.057794932
0.0,0.031989973
0.0,0.06922463
0.0,0.026689958
0.0,0.020146243
0.0,0.09899533
0.0,0.028433783
0.0,0.05736608
0.0,0.041430965
0.0,0.0401081
0.0,0.03726867
0.0,0.05609574
0.0,0.049171474
1.0,0.07149026
0.0,0.035623517
0.0,0.05464844
0.0,0.012175135
1.0,0.1199735
0.0,0.054371335
0.0,0.1206874
0.0,0.0553058
1.0,0.06769607
0.0,0.030629046
0.0,0.06830036
0.0,0.07617366
0.0,0.08422651
0.0,0.027673902
0.0,0.042053394
0.0,0.062606156
0.0,0.02055088
0.0,0.04608483
0.0,0.030072112
0.0,0.045980237
0.0,0.06344401
0.0,0.05750751
0.0,0.067582496
0.0,0.020137696
0.0,0.024987008
0.0,0.041191034
0.0,0.03423746
0.0,0.010579469
0.0,0.022580512
0.0,0.024572961
0.0,0.07701868
1.0,0.06742064
0.0,0.07491606
0.0,0.08192288
0.0,0.013525051
0.0,0.06942569
0.0,0.05507968
0.0,0.03274789
0.0,0.036023095
0.0,0.089501806
0.0,0.0218259
0.0,0.0255533
0.0,0.04069164
0.0,0.033293
0.0,0.04215842
0.0,0.04562714
0.0,0.05254076
0.0,0.018517185
0.0,0.038696613
0.0,0.01118907
0.0,0.03377811
0.0,0.07402273
0.0,0.06397911
0.0,0.060429133
0.0,0.014464371
0.0,0.06281212
0.0,0.069367245
0.0,0.022709452
0.0,0.048835486
0.0,0.06824381
0.0,0.07473151
0.0,0.08518859
0.0,0.06559671
0.0,0.020090343
0.0,0.06150935
0.0,0.07909359
0.0,0.01569752
0.0,0.059108384
0.0,0.024087798
0.0,0.0335024
1.0,0.042134605
0.0,0.042104963
0.0,0.0517811
0.0,0.019153975
0.0,0.038527355
0.0,0.044828855
0.0,0.012001876
0.0,0.030618986
0.0,0.08623762
0.0,0.038748145
0.0,0.024753246
0.0,0.08610387
0.0,0.05017444
0.0,0.072478175
0.0,0.05225194
0.0,0.027774267
0.0,0.051093537
0.0,0.07540039
0.0,0.06895911
0.0,0.035260893
0.0,0.04535441
0.0,0.06055634
0.0,0.076120324
0.0,0.06397317
0.0,0.068158105
1.0,0.0777465
0.0,0.0591872
0.0,0.026531056
0.0,0.024733223
1.0,0.057291612
0.0,0.057550333
0.0,0.07101265
0.0,0.04339924
0.0,0.057547946
0.0,0.014708085
0.0,0.034144886
0.0,0.060159814
0.0,0.059813906
0.0,0.062144756
0.0,0.05227302
1.0,0.053051457
0.0,0.0213724
0.0,0.13754617
0.0,0.038699493
0.0,0.07199845
0.0,0.016324503
0.0,0.018248295
0.0,0.031368837
0.0,0.09253985
0.0,0.034792792
0.0,0.056210022
0.0,0.018246425
0.0,0.02500403
0.0,0.14109159
0.0,0.04039581
0.0,0.05438744
0.0,0.03687212
0.0,0.013396481
0.0,0.059305727
0.0,0.046248812
0.0,0.045587514
0.0,0.058660958
0.0,0.013685577
0.0,0.028334696
0.0,0.031712797
0.0,0.028801192
0.0,0.06555384
2.0,0.06276703
0.0,0.026274325
0.0,0.031236026
0.0,0.06567855
0.0,0.043252744
0.0,0.056908797
0.0,0.060947474
0.0,0.14262421
0.0,0.15801373
0.0,0.011222627
0.0,0.039730616
0.0,0.044267178
1.0,0.12171571
0.0,0.04686369
0.0,0.054263357
0.0,0.056083787
0.0,0.04756797
0.0,0.045038898
0.0,0.1226549
1.0,0.055870228
0.0,0.07265295
0.0,0.10433603
0.0,0.016865298
0.0,0.015669491
0.0,0.039451897
0.0,0.025842965
0.0,0.051842887
0.0,0.06180037
0.0,0.09460562
0.0,0.062004633
0.0,0.052473657
0.0,0.020038841
0.0,0.05818958
0.0,0.04176973
0.0,0.035090346
0.0,0.015826764
0.0,0.1347184
0.0,0.042285662
0.0,0.013698256
1.0,0.03869818
0.0,0.028855504
0.0,0.07419511
2.0,0.027447559
0.0,0.2648214
0.0,0.060557194
0.0,0.04723965
0.0,0.022013746
0.0,0.07756724
0.0,0.05555672
0.0,0.04389589
0.0,0.02174198
0.0,0.021133104
0.0,0.043042883
0.0,0.062514886
0.0,0.050838266
0.0,0.06188685
0.0,0.0199644
0.0,0.03448937
0.0,0.036304448
0.0,0.051704958
0.0,0.03399361
0.0,0.03857756
0.0,0.04330037
0.0,0.03361052
0.0,0.03008644
1.0,0.06606556
0.0,0.020754823
0.0,0.02261946
0.0,0.06792042
0.0,0.02504663
0.0,0.037346087
0.0,0.07239012
0.0,0.06214114
0.0,0.12715656
0.0,0.03429069
0.0,0.10982621
0.0,0.056533456
0.0,0.05974448
0.0,0.074018955
1.0,0.053929567
0.0,0.025282692
0.0,0.022937778
0.0,0.037077606
0.0,0.014450418
0.0,0.041930314
0.0,0.11972068
0.0,0.024305109
0.0,0.026883107
0.0,0.060375128
0.0,0.08808753
1.0,0.109163076
0.0,0.041023932
0.0,0.0673601
0.0,0.025767634
0.0,0.09645821
0.0,0.052914325
0.0,0.02187778
0.0,0.026997026
0.0,0.12007177
0.0,0.10543459
0.0,0.057151545
0.0,0.18804953
0.0,0.018587895
0.0,0.07593779
0.0,0.02871669
0.0,0.046475984
0.0,0.039467588
0.0,0.04071095
0.0,0.06124425
0.0,0.0166059
0.0,0.042865366
0.0,0.045653448
0.0,0.045951087
0.0,0.026909797
0.0,0.088712335
0.0,0.020992257
0.0,0.07468114
0.0,0.115275435
0.0,0.055401113
0.0,0.08655651
0.0,0.023468949
0.0,0.05555028
0.0,0.08481938
0.0,0.02385131
0.0,0.024710484
0.0,0.05252453
0.0,0.02655062
0.0,0.062370703
0.0,0.012470084
0.0,0.015402075
0.0,0.078545526
0.0,0.018447824
0.0,0.023070868
0.0,0.016402531
0.0,0.032276377
0.0,0.014169462
0.0,0.07187253
0.0,0.041088182
1.0,0.07624758
0.0,0.049711015
0.0,0.05708555
0.0,0.087392926
0.0,0.06227363
0.0,0.043287694
0.0,0.027645823
0.0,0.015411493
0.0,0.042856596
0.0,0.04300089
0.0,0.063295916
0.0,0.08943589
0.0,0.069399655
0.0,0.046054404
0.0,0.04801318
0.0,0.017679831
0.0,0.030686835
0.0,0.04044305
0.0,0.059512552
0.0,0.054200545
0.0,0.042582497
0.0,0.03937781
0.0,0.03493235
0.0,0.08063217
0.0,0.02007173
0.0,0.025414297
0.0,0.14848837
0.0,0.040155962
0.0,0.015603683
0.0,0.037835136
0.0,0.030896679
0.0,0.083933555
0.0,0.038304042
0.0,0.07358346
0.0,0.06371936
0.0,0.07372792
0.0,0.06993646
0.0,0.01475607
0.0,0.0144783165
0.0,0.0685059
0.0,0.031958032
0.0,0.052670445
0.0,0.017642507
0.0,0.0160054
1.0,0.06682131
1.0,0.072993964
1.0,0.06626397
0.0,0.051358663
0.0,0.0551096
0.0,0.022007775
0.0,0.0391581
0.0,0.038020585
0.0,0.07221503
0.0,0.03825368
0.0,0.049272165
0.0,0.10801359
0.0,0.026901329
0.0,0.058515936
0.0,0.04278952
1.0,0.051423725
0.0,0.05090512
0.0,0.19059813
0.0,0.048975054
0.0,0.059948806
0.0,0.09864016
0.0,0.020037025
0.0,0.10237897
0.0,0.039779034
0.0,0.116941
0.0,0.026489781
0.0,0.010244106
0.0,0.014075327
0.0,0.06687671
0.0,0.056993224
0.0,0.023260541
0.0,0.03720258
0.0,0.030299734
0.0,0.12555669
0.0,0.061974023
0.0,0.028465757
0.0,0.06917834
0.0,0.028356146
0.0,0.04374148
0.0,0.33464044
0.0,0.051669367
1.0,0.10579005
0.0,0.031360883
0.0,0.02199312
0.0,0.05348246
0.0,0.030207407
0.0,0.07312815
0.0,0.027940001
2.0,0.04104123
0.0,0.027693966
0.0,0.06773485
0.0,0.02092858
1.0,0.058970522
0.0,0.13410667
1.0,0.027134448
0.0,0.064667486
1.0,0.06276634
0.0,0.044124193
0.0,0.07268078
0.0,0.029896993
0.0,0.023359723
0.0,0.036647927
0.0,0.087686725
0.0,0.06446988
0.0,0.100920066
0.0,0.038639344
0.0,0.05038636
0.0,0.036153447
0.0,0.030108139
0.0,0.017153382
0.0,0.025805444
0.0,0.14924209
0.0,0.07925011
0.0,0.021715093
0.0,0.04555594
0.0,0.09707635
0.0,0.20479853
0.0,0.034719523
0.0,0.076403536
0.0,0.07074219
0.0,0.057358176
0.0,0.07909365
0.0,0.07899536
0.0,0.050592396
0.0,0.04130452
0.0,0.048031114
0.0,0.049764235
0.0,0.04611127
0.0,0.048281405
0.0,0.049284384
1.0,0.15145946
0.0,0.053448327
0.0,0.086558506
0.0,0.08730787
0.0,0.0466358
0.0,0.045876145
0.0,0.058558278
0.0,0.08113886
0.0,0.045635603
0.0,0.039668754
0.0,0.022327617
0.0,0.048437495
0.0,0.04980649
0.0,0.02785472
0.0,0.03177298
0.0,0.0141514
0.0,0.07278347
0.0,0.08889887
0.0,0.08118164
0.0,0.015137887
0.0,0.04492312
0.0,0.047692224
0.0,0.025104333
0.0,0.03422977
0.0,0.06344288
0.0,0.065261096
0.0,0.008277082
0.0,0.01533135
0.0,0.014572256
0.0,0.05277503
0.0,0.021700002
0.0,0.035428
0.0,0.036962315
0.0,0.021358911
1.0,0.07385105
0.0,0.110439114
0.0,0.036095448
0.0,0.090429984
0.0,0.02910889
0.0,0.05618636
0.0,0.02480469
0.0,0.013852914
0.0,0.013680213
0.0,0.025169946
0.0,0.030811464
0.0,0.028544933
0.0,0.03416943
0.0,0.088834524
0.0,0.03561416
0.0,0.0704093
0.0,0.059378818
0.0,0.07870092
0.0,0.049902674
0.0,0.2127041
0.0,0.031733293
0.0,0.059364125
0.0,0.058765877
0.0,0.040358286
0.0,0.029554855
0.0,0.05485346
0.0,0.037721395
0.0,0.07650656
0.0,0.0367595
0.0,0.16128708
0.0,0.08036927
0.0,0.02425919
0.0,0.060853098
0.0,0.025458556
0.0,0.073285334
0.0,0.051220383
0.0,0.049972184
0.0,0.06295179
0.0,0.050614282
0.0,0.0878533
0.0,0.049340744
0.0,0.024144547
0.0,0.04617334
0.0,0.076975055
1.0,0.097989425
0.0,0.08539644
0.0,0.05672638
0.0,0.017722286
0.0,0.035217628
0.0,0.028830227
0.0,0.11265092
0.0,0.05239505
0.0,0.012762133
1.0,0.117199294
0.0,0.030357089
0.0,0.018957274
0.0,0.017569318
0.0,0.05601355
0.0,0.030005034
0.0,0.03868881
0.0,0.05178715
0.0,0.025068723
0.0,0.013447387
0.0,0.020960368
0.0,0.02318741
0.0,0.06767755
0.0,0.05692713
0.0,0.07662843
0.0,0.01339613
0.0,0.02320183
0.0,0.019143712
0.0,0.08303331
0.0,0.036567178
0.0,0.060512956
0.0,0.07807897
0.0,0.035974514
0.0,0.018963348
0.0,0.019981334
0.0,0.050874326
0.0,0.05706684
0.0,0.056247853
0.0,0.03901535
0.0,0.03889576
0.0,0.07497976
0.0,0.06116872
0.0,0.092250586
0.0,0.08486995
0.0,0.063562125
0.0,0.011797428
0.0,0.025237031
0.0,0.105376214
0.0,0.19103324
0.0,0.023145884
0.0,0.027861482
0.0,0.2582654
0.0,0.03940957
0.0,0.03490211
0.0,0.04026383
0.0,0.08915058
0.0,0.079318255
0.0,0.04986179
0.0,0.039098166
0.0,0.09035707
1.0,0.087570235
1.0,0.036998905
0.0,0.08193401
0.0,0.05774539
0.0,0.030571733
0.0,0.015088421
0.0,0.028874472
0.0,0.24192882
0.0,0.026568389
0.0,0.04486245
0.0,0.016530532
0.0,0.058118258
0.0,0.053152896
0.0,0.053359274
0.0,0.060138747
0.0,0.09223099
1.0,0.0700774
0.0,0.08524333
0.0,0.056164715
0.0,0.016439717
0.0,0.08444524
0.0,0.048273303
0.0,0.04671619
0.0,0.054553617
1.0,0.054663792
0.0,0.045168303
0.0,0.06487757
0.0,0.047691703
0.0,0.03279291
0.0,0.03880145
1.0,0.07635353
0.0,0.15416773
0.0,0.07072317
0.0,0.046951707
0.0,0.12025085
0.0,0.03611678
0.0,0.052883122
0.0,0.048535988
0.0,0.110467866
0.0,0.017310025
0.0,0.021059077
0.0,0.039242998
0.0,0.11976259
0.0,0.036832474
0.0,0.053172212
0.0,0.028839534
0.0,0.07753022
0.0,0.033375066
0.0,0.06857347
0.0,0.10462923
0.0,0.09579637
0.0,0.046571556
0.0,0.050473798
0.0,0.042867616
0.0,0.2521057
0.0,0.08934195
0.0,0.036744554
0.0,0.007840463
0.0,0.02091162
0.0,0.06765085
0.0,0.047449104
0.0,0.03200323
0.0,0.055259567
0.0,0.04420679
0.0,0.02125919
0.0,0.05030433
0.0,0.08485225
0.0,0.044045217
0.0,0.03128781
0.0,0.07302608
0.0,0.028602976
0.0,0.028989377
0.0,0.027151661
0.0,0.10210491
0.0,0.048388876
0.0,0.026537545
0.0,0.041139174
0.0,0.16200408
0.0,0.05153453
0.0,0.13403964
0.0,0.05438915
0.0,0.025378475
0.0,0.053741865
0.0,0.016757607
0.0,0.06986107
0.0,0.033501074
0.0,0.049340133
0.0,0.032585226
0.0,0.02803783
0.0,0.021833312
0.0,0.06472934
0.0,0.07967272
0.0,0.044933014
0.0,0.0651342
0.0,0.1312742
0.0,0.06432482
0.0,0.04437124
0.0,0.03198012
0.0,0.066135466
0.0,0.14488944
0.0,0.05213529
0.0,0.045911904
0.0,0.029713683
0.0,0.038687445
0.0,0.05578334
0.0,0.043931488
0.0,0.06004652
0.0,0.060200203
1.0,0.07066785
0.0,0.010159724
0.0,0.014744684
0.0,0.027784944
0.0,0.06693838
0.0,0.028218213
0.0,0.03424721
0.0,0.04039716
0.0,0.021777228
0.0,0.087701865
0.0,0.095175825
0.0,0.08405651
0.0,0.0134359915
0.0,0.06941494
0.0,0.025560904
0.0,0.09234004
0.0,0.035139557
0.0,0.046925478
0.0,0.032893594
0.0,0.055635825
0.0,0.048719123
1.0,0.091853276
0.0,0.051171973
0.0,0.022174545
0.0,0.053355306
0.0,0.078889064
0.0,0.018020721
0.0,0.058915153
0.0,0.03684122
0.0,0.18346006
0.0,0.0502612
0.0,0.010558776
0.0,0.026159476
0.0,0.020553038
0.0,0.03417331
0.0,0.056896545
0.0,0.08019662
0.0,0.05137255
0.0,0.04440993
0.0,0.020982599
0.0,0.015329882
0.0,0.12199834
0.0,0.025622541
0.0,0.08027949
0.0,0.0544016
0.0,0.028929377
0.0,0.040106013
0.0,0.1153786
0.0,0.020703385
1.0,0.02797281
1.0,0.061771248
1.0,0.1974085
0.0,0.028584678
1.0,0.0825499
0.0,0.047173515
0.0,0.027233142
0.0,0.101131715
0.0,0.078836024
0.0,0.026992017
0.0,0.03453578
0.0,0.035094127
0.0,0.063615836
0.0,0.039959945
0.0,0.034209244
0.0,0.065055154
0.0,0.052083753
0.0,0.028316852
0.0,0.042041928
0.0,0.026076011
0.0,0.04118744
0.0,0.07193301
0.0,0.044038747
0.0,0.041299812
1.0,0.032327868
0.0,0.041849297
0.0,0.119403474
0.0,0.054850712
1.0,0.08901256
0.0,0.06991355
0.0,0.06555088
0.0,0.069603935
0.0,0.02343323
0.0,0.028861353
0.0,0.04395808
0.0,0.053318173
1.0,0.08145063
0.0,0.09612702
0.0,0.034949876
0.0,0.03125809
0.0,0.049074266
0.0,0.018986411
0.0,0.04076229
0.0,0.053104505
0.0,0.04627257
0.0,0.03566885
0.0,0.021774363
0.0,0.06231874
0.0,0.018653626
0.0,0.020932063
0.0,0.10898192
0.0,0.041823722
0.0,0.033366486
2.0,0.061768465
0.0,0.051152118
0.0,0.01536739
0.0,0.023215566
0.0,0.10983045
0.0,0.015285013
0.0,0.0789185
0.0,0.030619439
0.0,0.030224595
0.0,0.031593453
0.0,0.033765484
0.0,0.04671862
0.0,0.03962622
0.0,0.05517105
0.0,0.030813081
0.0,0.030419223
0.0,0.016448546
0.0,0.02089646
0.0,0.035047203
0.0,0.0376
1.0,0.05024481
0.0,0.024245486
0.0,0.047384758
0.0,0.08402336
0.0,0.0538093
0.0,0.0409759
0.0,0.06468898
0.0,0.028684339
0.0,0.01759587
0.0,0.050585642
0.0,0.062108688
1.0,0.024471791
0.0,0.18459995
1.0,0.06966435
0.0,0.08705717
0.0,0.11704633
0.0,0.04750729
1.0,0.03331698
0.0,0.017585369
0.0,0.073374644
0.0,0.07563135
0.0,0.014039144
0.0,0.033392273
0.0,0.042125106
0.0,0.04379211
0.0,0.05968924
0.0,0.021247618
0.0,0.026265182
0.0,0.042528093
0.0,0.026436543
0.0,0.049119543
0.0,0.035984825
0.0,0.01875548
0.0,0.06153578
0.0,0.06315058
0.0,0.012679845
0.0,0.017186893
0.0,0.07191435
0.0,0.027357973
0.0,0.023893222
0.0,0.06987633
0.0,0.13046066
0.0,0.04681018
0.0,0.024276605
0.0,0.20400617
0.0,0.049406406
0.0,0.07117203
0.0,0.06482191
0.0,0.016052116
0.0,0.036613204
0.0,0.04708329
0.0,0.019277
0.0,0.032222062
0.0,0.037711397
0.0,0.051922772
0.0,0.026342431
0.0,0.054415118
1.0,0.041685127
0.0,0.038969535
0.0,0.05895253
0.0,0.058535192
0.0,0.062433872
0.0,0.039606743
0.0,0.086068735
0.0,0.062110156
0.0,0.04144088
1.0,0.11826938
0.0,0.098301314
0.0,0.021818846
0.0,0.058523748
0.0,0.022477921
0.0,0.030737901
0.0,0.02299241
0.0,0.025137298
0.0,0.02618817
1.0,0.049025383
0.0,0.08346598
0.0,0.06318023
0.0,0.071174406
0.0,0.058301564
0.0,0.053821106
0.0,0.037047878
0.0,0.027958848
0.0,0.019312717
0.0,0.03223308
0.0,0.22724937
0.0,0.016792867
1.0,0.058744498
0.0,0.12138175
0.0,0.033510484
1.0,0.06737382
0.0,0.04467594
0.0,0.024631394
0.0,0.065836646
0.0,0.03525439
0.0,0.020612976
0.0,0.030006165
0.0,0.063624784
0.0,0.07594673
0.0,0.06738503
1.0,0.10990731
0.0,0.038415894
0.0,0.02493836
1.0,0.04965023
0.0,0.042212375
0.0,0.05876069
0.0,0.06991872
1.0,0.08046352
0.0,0.078006536
0.0,0.011018725
0.0,0.07178635
0.0,0.059871003
0.0,0.04670067
0.0,0.12012325
0.0,0.05963743
0.0,0.048822027
0.0,0.0865518
0.0,0.040285356
0.0,0.05802317
0.0,0.16044456
0.0,0.066771425
0.0,0.014073267
0.0,0.09167751
0.0,0.023666803
0.0,0.04282941
0.0,0.043139663
0.0,0.052354068
0.0,0.12615286
0.0,0.028657187
0.0,0.040678643
0.0,0.05165257
0.0,0.084506586
0.0,0.07609795
0.0,0.038074847
0.0,0.03583729
0.0,0.012048747
0.0,0.034693804
0.0,0.04268347
0.0,0.0495306
0.0,0.18377763
0.0,0.038422342
0.0,0.10673611
0.0,0.06897634
0.0,0.039853286
0.0,0.01938629
0.0,0.074320346
1.0,0.055001363
0.0,0.059183657
0.0,0.025503926
0.0,0.019447157
0.0,0.062395673
0.0,0.06673947
0.0,0.039982036
0.0,0.1318631
0.0,0.06845824
1.0,0.07603406
1.0,0.053055078
0.0,0.09042074
0.0,0.03404849
0.0,0.01854349
0.0,0.09662743
0.0,0.042385854
0.0,0.045486785
0.0,0.04461084
0.0,0.021231495
0.0,0.020162802
0.0,0.17387909
0.0,0.046500616
0.0,0.081586294
0.0,0.041157342
0.0,0.029097814
0.0,0.14334787
1.0,0.047114372
1.0,0.21102181
0.0,0.020318644
0.0,0.023374766
0.0,0.0301402
0.0,0.037136402
0.0,0.06537232
0.0,0.066762
0.0,0.025179021
0.0,0.09174915
0.0,0.013138717
0.0,0.055195626
0.0,0.052777972
0.0,0.028370915
0.0,0.0231059
0.0,0.10315363
0.0,0.034948178
0.0,0.037314173
0.0,0.07194244
0.0,0.044109233
0.0,0.062816344
1.0,0.03137002
0.0,0.069529966
0.0,0.042886484
0.0,0.022683607
0.0,0.05964248
0.0,0.063161254
0.0,0.03316722
0.0,0.03819725
0.0,0.027710902
0.0,0.04448002
0.0,0.04398175
0.0,0.0423185
0.0,0.051193185
0.0,0.02316185
0.0,0.05029723
0.0,0.023135468
0.0,0.036221206
0.0,0.012586012
0.0,0.070624866
0.0,0.03826627
0.0,0.026862053
0.0,0.07867336
1.0,0.054027297
0.0,0.013954042
1.0,0.04063934
0.0,0.033814337
0.0,0.046226677
0.0,0.043522734
0.0,0.018358886
0.0,0.015577032
0.0,0.06130374
0.0,0.029131968
0.0,0.0141558405
0.0,0.021990236
0.0,0.032348964
0.0,0.026728038
0.0,0.03601066
0.0,0.029825699
0.0,0.05874569
0.0,0.057437792
0.0,0.06385554
0.0,0.024500888
0.0,0.037967283
0.0,0.056239486
0.0,0.32916486
0.0,0.020430312
0.0,0.05536826
0.0,0.020265369
0.0,0.10277901
0.0,0.06409751
0.0,0.05108971
0.0,0.040048454
0.0,0.0595424
0.0,0.022003934
0.0,0.045712374
0.0,0.07083015
0.0,0.045516204
0.0,0.025364961
0.0,0.031030195
0.0,0.05335429
0.0,0.0838889
0.0,0.020191588
0.0,0.04784769
0.0,0.055340942
0.0,0.015804887
0.0,0.0419933
0.0,0.024137007
0.0,0.059067473
0.0,0.071582615
0.0,0.061131775
0.0,0.064119846
0.0,0.018951137
0.0,0.05739954
1.0,0.07545387
0.0,0.045440346
0.0,0.03818623
0.0,0.059154302
0.0,0.030633546
0.0,0.062478576
0.0,0.035179913
0.0,0.07398571
0.0,0.043385834
0.0,0.04268323
0.0,0.025279872
0.0,0.024108607
0.0,0.027347695
0.0,0.015736708
1.0,0.05335177
0.0,0.019530728
1.0,0.03771332
0.0,0.0331064
0.0,0.056509484
0.0,0.063527174
0.0,0.06267489
0.0,0.08428194
0.0,0.044969216
0.0,0.044234008
0.0,0.051875234
0.0,0.06225981
0.0,0.05263098
0.0,0.06854509
0.0,0.057526845
0.0,0.05420181
0.0,0.02857135
0.0,0.028872805
1.0,0.06369166
0.0,0.07306875
0.0,0.059872918
0.0,0.08542211
0.0,0.07582352
0.0,0.05906822
0.0,0.11719717
0.0,0.035207167
0.0,0.017069424
0.0,0.018151749
0.0,0.045869824
0.0,0.08118119
0.0,0.05402655
0.0,0.02630707
0.0,0.018518703
0.0,0.034097783
0.0,0.16146727
0.0,0.017838856
0.0,0.013245851
0.0,0.034790967
0.0,0.036261335
0.0,0.064408086
0.0,0.06384951
0.0,0.059686534
0.0,0.07601311
0.0,0.057740986
0.0,0.026312128
0.0,0.07117616
0.0,0.04945753
0.0,0.056251395
0.0,0.042153638
0.0,0.0105122365
0.0,0.040947087
0.0,0.030960316
0.0,0.036556978
0.0,0.048257858
0.0,0.08668984
0.0,0.06764264
0.0,0.026180916
0.0,0.061493468
0.0,0.057872467
0.0,0.049261145
0.0,0.059066743
0.0,0.035718463
0.0,0.0850856
0.0,0.04998031
1.0,0.08872318
0.0,0.08756088
0.0,0.05186492
0.0,0.03886847
0.0,0.06661756
0.0,0.051885106
0.0,0.04139909
0.0,0.030484434
0.0,0.061436858
0.0,0.02785484
0.0,0.055842422
0.0,0.099858716
0.0,0.060508482
0.0,0.0631085
0.0,0.060927745
0.0,0.05574433
0.0,0.072178125
0.0,0.03346341
0.0,0.020488085
0.0,0.018345881
0.0,0.03405101
0.0,0.029589558
0.0,0.053143922
0.0,0.043488774
0.0,0.03307161
0.0,0.04558973
0.0,0.06938999
0.0,0.017564502
0.0,0.040110797
0.0,0.048502672
1.0,0.15667549
0.0,0.087653615
0.0,0.041752905
0.0,0.03155548
0.0,0.02120444
2.0,0.075091965
0.0,0.05766213
0.0,0.02687443
0.0,0.026671585
1.0,0.05306775
0.0,0.026450893
0.0,0.02530398
0.0,0.075020134
0.0,0.06479459
0.0,0.013061826
0.0,0.014557907
0.0,0.036219895
0.0,0.06931005
0.0,0.057639036
0.0,0.040303823
0.0,0.05119377
0.0,0.03435691
0.0,0.07482429
0.0,0.013295506
0.0,0.05826446
1.0,0.067293614
0.0,0.059145994
0.0,0.01834338
0.0,0.04902744
0.0,0.05305604
0.0,0.078582235
0.0,0.07933123
0.0,0.02061617
0.0,0.044496946
0.0,0.070054226
0.0,0.13036582
0.0,0.117321074
0.0,0.0520847
0.0,0.036814652
0.0,0.080992855
1.0,0.035755273
0.0,0.071433984
0.0,0.10322394
0.0,0.073104315
0.0,0.047904536
0.0,0.06437247
0.0,0.024672043
0.0,0.027621774
0.0,0.05805972
0.0,0.10432235
0.0,0.111529626
0.0,0.034462247
0.0,0.033600647
0.0,0.092168495
0.0,0.04741597
0.0,0.030861355
0.0,0.016310172
0.0,0.07030568
0.0,0.07273979
0.0,0.08436804
0.0,0.020723276
0.0,0.04381126
0.0,0.05377093
0.0,0.051769324
0.0,0.01627234
0.0,0.08132827
0.0,0.06467239
0.0,0.08870958
0.0,0.10909015
1.0,0.054785237
1.0,0.16140509
0.0,0.05572554
0.0,0.0602805
0.0,0.0559174
0.0,0.0496329
0.0,0.051048853
0.0,0.036432378
0.0,0.08218132
0.0,0.024739876
0.0,0.028343411
0.0,0.038760714
0.0,0.05713439
0.0,0.045594666
0.0,0.034148972
0.0,0.06619571
0.0,0.0783735
0.0,0.08186411
0.0,0.033420898
0.0,0.115760885
0.0,0.08013652
0.0,0.06864184
0.0,0.056577023
0.0,0.05213698
0.0,0.0641927
0.0,0.058513507
0.0,0.024710119
0.0,0.04004855
1.0,0.07018779
0.0,0.028294057
0.0,0.02412006
0.0,0.011514534
0.0,0.079820864
0.0,0.034170654
0.0,0.058530375
0.0,0.031929914
0.0,0.011566581
1.0,0.07422179
0.0,0.040049866
0.0,0.16746333
0.0,0.024875225
0.0,0.029095013
0.0,0.015354528
0.0,0.030359246
0.0,0.016564855
0.0,0.02329031
0.0,0.06581342
0.0,0.05254091
0.0,0.09071678
0.0,0.060039666
0.0,0.02499149
1.0,0.19156355
0.0,0.050702162
0.0,0.0667409
0.0,0.06377322
0.0,0.10698798
0.0,0.063288435
0.0,0.057578877
0.0,0.068352975
0.0,0.018190844
0.0,0.061383564
0.0,0.056780044
0.0,0.019104928
0.0,0.059496693
0.0,0.03686528
0.0,0.02163255
0.0,0.07539572
0.0,0.050207324
0.0,0.07355603
0.0,0.06021015
0.0,0.024977634
0.0,0.07004693
0.0,0.026475929
0.0,0.08842589
1.0,0.04163642
0.0,0.043082535
0.0,0.054476853
0.0,0.019688858
0.0,0.034878887
0.0,0.07203564
0.0,0.019010583
0.0,0.023484362
0.0,0.04278885
0.0,0.049525924
0.0,0.018338745
0.0,0.04944574
0.0,0.06382143
0.0,0.05225839
0.0,0.050940037
0.0,0.03711608
0.0,0.033250257
0.0,0.05417478
0.0,0.08542615
0.0,0.021310192
0.0,0.024257096
0.0,0.03385104
0.0,0.07107629
0.0,0.025064575
0.0,0.036604755
0.0,0.016851608
0.0,0.03274822
0.0,0.03221237
0.0,0.042895813
0.0,0.02462369
0.0,0.05420667
0.0,0.011561397
0.0,0.095031254
0.0,0.058024388
0.0,0.045525495
0.0,0.009317531
0.0,0.05847372
0.0,0.044215832
0.0,0.032385126
0.0,0.03234583
0.0,0.043903135
0.0,0.05974709
0.0,0.026942305
0.0,0.046735063
0.0,0.02009727
1.0,0.083365306
0.0,0.06847296
0.0,0.026783217
0.0,0.030779365
0.0,0.02417382
0.0,0.052368175
0.0,0.026719525
0.0,0.051892873
0.0,0.020815399
0.0,0.043719605
0.0,0.05391404
0.0,0.041599784
0.0,0.010538414
0.0,0.014296224
0.0,0.07014861
1.0,0.08095845
0.0,0.06271862
0.0,0.023628578
0.0,0.027305517
0.0,0.03395209
0.0,0.042681944
0.0,0.043262914
0.0,0.028234297
0.0,0.024125028
0.0,0.031424455
0.0,0.03919886
0.0,0.028278964
0.0,0.020512309
0.0,0.016200695
0.0,0.073328994
0.0,0.029570982
0.0,0.03761133
1.0,0.04115183
0.0,0.020226425
0.0,0.025753666
0.0,0.08464762
0.0,0.02813376
0.0,0.019534351
0.0,0.028535256
0.0,0.039284356
0.0,0.03643476
0.0,0.07790689
0.0,0.044416517
0.0,0.04198113
0.0,0.048591357
0.0,0.053327963
0.0,0.024884824
0.0,0.021476347
0.0,0.12333428
0.0,0.04649913
1.0,0.019098971
0.0,0.04645122
0.0,0.017252829
0.0,0.04046616
0.0,0.0643896
0.0,0.06323308
0.0,0.038419962
0.0,0.08684096
0.0,0.0382184
0.0,0.01381221
0.0,0.056863606
0.0,0.046589836
0.0,0.031173501
0.0,0.025647832
0.0,0.09042412
0.0,0.052290972
0.0,0.06639966
0.0,0.03833492
0.0,0.014833454
0.0,0.109967016
0.0,0.052369524
1.0,0.098384105
0.0,0.06715565
0.0,0.025895044
0.0,0.10035178
0.0,0.023670584
0.0,0.071635045
0.0,0.07918123
0.0,0.039375085
0.0,0.04681786
1.0,0.033658136
0.0,0.029689409
0.0,0.072406635
0.0,0.023914423
0.0,0.028891865
0.0,0.02809641
0.0,0.026444864
0.0,0.027613504
0.0,0.058729585
0.0,0.008555753
0.0,0.0340938
0.0,0.032492008
0.0,0.00842525
0.0,0.07313711
0.0,0.04037942
0.0,0.04345714
0.0,0.030095667
0.0,0.09729975
0.0,0.059303947
0.0,0.0454254
0.0,0.014338032
0.0,0.027227908
0.0,0.034746736
0.0,0.026076011
0.0,0.0651451
0.0,0.0371207
0.0,0.039446063
0.0,0.019145593
1.0,0.03653103
0.0,0.054861885
0.0,0.098089956
0.0,0.09704369
0.0,0.026890505
0.0,0.030338986
0.0,0.03341516
0.0,0.039085157
0.0,0.08523873
0.0,0.055315007
0.0,0.025455326
0.0,0.09694724
0.0,0.058558725
0.0,0.062938794
0.0,0.014192629
0.0,0.05391111
1.0,0.06495664
2.0,0.09406977
0.0,0.025969941
0.0,0.060395356
0.0,0.06596193
0.0,0.09720551
0.0,0.043320816
1.0,0.05427076
0.0,0.051899157
0.0,0.029464137
0.0,0.06648314
0.0,0.034396004
0.0,0.012279756
0.0,0.024878275
0.0,0.083714515
0.0,0.021437068
0.0,0.016876053
0.0,0.08103999
0.0,0.022907611
0.0,0.0254558
0.0,0.034763373
0.0,0.083192505
0.0,0.019945826
0.0,0.0375542
0.0,0.011024722
0.0,0.10288517
0.0,0.04806493
0.0,0.028978141
0.0,0.019511972
0.0,0.016225735
1.0,0.0933083
0.0,0.038974904
0.0,0.030254848
0.0,0.0546616
0.0,0.050730046
0.0,0.011012511
0.0,0.022093825
0.0,0.021386446
0.0,0.023903195
0.0,0.08551302
0.0,0.043100454
0.0,0.0629671
0.0,0.07788992
0.0,0.08399942
0.0,0.04781975
0.0,0.032819565
0.0,0.017176153
0.0,0.0801187
0.0,0.059560984
0.0,0.015897848
0.0,0.032735243
0.0,0.054253526
0.0,0.036611196
0.0,0.031093217
0.0,0.03045436
0.0,0.047324557
0.0,0.07500107
0.0,0.084984474
0.0,0.038573273
0.0,0.07790139
0.0,0.01057125
0.0,0.07871627
0.0,0.15562695
0.0,0.0130614275
0.0,0.06932426
1.0,0.08765015
0.0,0.054203466
0.0,0.03955248
0.0,0.052265644
0.0,0.04110247
0.0,0.020170052
0.0,0.045249123
0.0,0.038461696
0.0,0.08495704
0.0,0.04452422
0.0,0.04092347
0.0,0.018691182
0.0,0.039586067
0.0,0.044703193
0.0,0.097024776
0.0,0.059407648
0.0,0.12686679
0.0,0.07046905
0.0,0.05494013
0.0,0.010942146
0.0,0.068593286
0.0,0.04564692
0.0,0.054827362
1.0,0.054358322
0.0,0.037311148
0.0,0.09553202
0.0,0.019858472
0.0,0.045966998
0.0,0.058188707
0.0,0.044531733
0.0,0.064607024
0.0,0.031241596
0.0,0.031957727
0.0,0.044902384
0.0,0.12719116
0.0,0.045826666
0.0,0.056461822
0.0,0.050230794
0.0,0.02265924
0.0,0.25374258
0.0,0.015349638
0.0,0.05027467
0.0,0.022502618
0.0,0.016366912
0.0,0.034923803
0.0,0.04432717
0.0,0.06668743
0.0,0.050127596
0.0,0.0697534
0.0,0.088886596
0.0,0.07587394
0.0,0.111046806
0.0,0.058786348
0.0,0.016403923
0.0,0.14479211
0.0,0.05012033
0.0,0.057505727
0.0,0.015022167
0.0,0.025808804
0.0,0.030950043
0.0,0.03925666
0.0,0.02674567
0.0,0.017282858
0.0,0.046479158
0.0,0.010713705
0.0,0.046362173
0.0,0.044141196
0.0,0.09106306
0.0,0.023926344
0.0,0.07966508
0.0,0.0016166253
0.0,0.06910704
0.0,0.07349037
0.0,0.04005428
0.0,0.047855537
0.0,0.033385985
0.0,0.07287918
0.0,0.026570972
0.0,0.0482197
0.0,0.049946193
0.0,0.03952648
0.0,0.0242248
0.0,0.031188117
0.0,0.03408902
0.0,0.074538514
0.0,0.02609422
0.0,0.035933077
0.0,0.027696107
0.0,0.029797353
0.0,0.055900685
0.0,0.04903076
0.0,0.055597264
0.0,0.030254645
0.0,0.07279291
0.0,0.048799638
0.0,0.021426726
0.0,0.04393687
0.0,0.0535556
0.0,0.07122947
0.0,0.028197903
0.0,0.04507725
0.0,0.016019963
0.0,0.058005106
0.0,0.043231897
0.0,0.020358747
0.0,0.019983746
0.0,0.021206927
0.0,0.055351287
1.0,0.063911155
0.0,0.13652037
0.0,0.02726227
0.0,0.027645122
0.0,0.07904817
0.0,0.050599128
0.0,0.048938286
0.0,0.06241018
0.0,0.04588811
0.0,0.022297435
0.0,0.04983695
0.0,0.118879676
0.0,0.06469265
0.0,0.035314605
0.0,0.037562046
0.0,0.05454891
0.0,0.029791841
0.0,0.07362105
0.0,0.049873915
0.0,0.036627207
0.0,0.017995553
0.0,0.019324094
0.0,0.12284261
0.0,0.040246844
0.0,0.034966327
1.0,0.050095025
0.0,0.05347884
0.0,0.02313302
0.0,0.066126354
0.0,0.019250354
0.0,0.03611003
0.0,0.015822425
0.0,0.06367077
1.0,0.06458123
0.0,0.1955835
0.0,0.078958854
0.0,0.04525616
1.0,0.1367231
0.0,0.043931235
0.0,0.046389703
0.0,0.04654518
0.0,0.043088287
0.0,0.01473256
0.0,0.47951174
0.0,0.028898701
0.0,0.090103865
0.0,0.03820836
0.0,0.010689635
0.0,0.058310516
0.0,0.08535607
0.0,0.051113494
0.0,0.020431032
0.0,0.0370972
0.0,0.10556015
0.0,0.03697381
0.0,0.041777417
0.0,0.0319998
0.0,0.052683055
0.0,0.021173816
0.0,0.020285768
0.0,0.09366323
0.0,0.03196259
0.0,0.037164535
0.0,0.065060705
0.0,0.07596521
0.0,0.08525816
0.0,0.05278668
0.0,0.06734525
0.0,0.019636389
0.0,0.050705764
0.0,0.03816244
0.0,0.05326674
0.0,0.028867409
0.0,0.039241314
0.0,0.0231663
1.0,0.06064245
0.0,0.03543048
0.0,0.025879096
0.0,0.06906606
0.0,0.012716344
0.0,0.028146828
0.0,0.0962846
0.0,0.07301909
0.0,0.013399075
0.0,0.07484559
0.0,0.021895647
0.0,0.062506676
0.0,0.24818741
0.0,0.047715336
0.0,0.030134022
0.0,0.06982633
0.0,0.06794402
0.0,0.090287685
0.0,0.07845363
0.0,0.04670365
0.0,0.04549457
0.0,0.042836454
0.0,0.023656232
0.0,0.038916558
0.0,0.022681681
0.0,0.064753726
0.0,0.0458391
0.0,0.056520734
0.0,0.04114192
0.0,0.06355521
1.0,0.12147358
0.0,0.017534442
0.0,0.046962522
0.0,0.04607758
0.0,0.038352545
0.0,0.07686125
0.0,0.055827085
1.0,0.06542939
0.0,0.014459413
0.0,0.02514894
0.0,0.05126994
0.0,0.015314998
0.0,0.032432318
0.0,0.04719372
0.0,0.062810294
1.0,0.019601159
0.0,0.0504146
0.0,0.07378395
0.0,0.055414587
0.0,0.10741625
1.0,0.0362553
0.0,0.09755503
0.0,0.01624083
0.0,0.07062729
0.0,0.05838725
0.0,0.018756608
0.0,0.06082751
0.0,0.035187796
1.0,0.053622935
0.0,0.052277684
0.0,0.10396352
0.0,0.015960528
0.0,0.05498799
0.0,0.073764354
0.0,0.037980303
0.0,0.02502377
0.0,0.087160766
0.0,0.02359389
1.0,0.0673527
0.0,0.06402799
0.0,0.051104162
0.0,0.03187848
0.0,0.052281845
0.0,0.08499578
0.0,0.026237305
0.0,0.06633846
0.0,0.05850874
0.0,0.051659834
0.0,0.028412761
1.0,0.029536907
0.0,0.049314566
0.0,0.026915917
0.0,0.030217579
0.0,0.025393559
0.0,0.033585943
0.0,0.046958312
0.0,0.029048296
0.0,0.06767949
0.0,0.048829757
0.0,0.06468235
1.0,0.07395499
0.0,0.053644903
0.0,0.030262364
0.0,0.019862467
1.0,0.056014836
0.0,0.07050858
1.0,0.058856945
0.0,0.01045249
0.0,0.03814294
0.0,0.104888484
0.0,0.07952814
0.0,0.050333053
0.0,0.057168104
0.0,0.07884484
0.0,0.08298102
0.0,0.01993997
0.0,0.054257974
0.0,0.017793084
0.0,0.017705698
0.0,0.032530703
0.0,0.040187508
0.0,0.03775015
0.0,0.01415223
0.0,0.072699875
0.0,0.06676264
0.0,0.0632887
0.0,0.08120336
0.0,0.020201778
0.0,0.042885054
0.0,0.08918744
0.0,0.052452847
0.0,0.038182683
0.0,0.01681309
0.0,0.02948768
1.0,0.03388526
0.0,0.0123084
0.0,0.024105687
0.0,0.040212255
0.0,0.047049534
0.0,0.039362095
0.0,0.04929376
0.0,0.084351145
0.0,0.053191178
0.0,0.045528077
0.0,0.054620903
0.0,0.032016817
0.0,0.0783644
0.0,0.04124943
0.0,0.17579025
0.0,0.041771982
0.0,0.03249929
0.0,0.015846262
0.0,0.044257745
0.0,0.087880656
0.0,0.023480691
0.0,0.025115278
0.0,0.074753195
0.0,0.08258423
0.0,0.030410115
0.0,0.05662494
0.0,0.009503641
0.0,0.027332611
0.0,0.026618324
0.0,0.05638868
0.0,0.038145356
0.0,0.058247685
0.0,0.015925344
0.0,0.060855504
0.0,0.08749218
0.0,0.031195732
0.0,0.020937653
0.0,0.046114616
0.0,0.027024858
0.0,0.035448004
0.0,0.052811503
0.0,0.017865006
0.0,0.020691196
0.0,0.06233443
0.0,0.0943397
0.0,0.060567085
0.0,0.021822175
1.0,0.068640985
0.0,0.06881853
0.0,0.15585767
0.0,0.06623605
0.0,0.020979308
0.0,0.056691013
0.0,0.032110155
0.0,0.07189759
0.0,0.07005678
0.0,0.05788399
0.0,0.057021603
0.0,0.0793914
0.0,0.06814109
0.0,0.0720353
0.0,0.027253317
0.0,0.04569494
0.0,0.07117811
0.0,0.12499893
0.0,0.048236027
0.0,0.06754102
0.0,0.05512863
0.0,0.04226522
0.0,0.055248447
1.0,0.024334427
0.0,0.051299356
0.0,0.059793815
0.0,0.022674577
1.0,0.24939431
0.0,0.031451575
0.0,0.100941
0.0,0.021154307
0.0,0.040224895
0.0,0.016444907
0.0,0.02091988
0.0,0.074224584
0.0,0.03465855
0.0,0.045551747
0.0,0.08351871
0.0,0.059682224
0.0,0.022059172
0.0,0.077942304
0.0,0.03911273
0.0,0.07459426
0.0,0.017569285
0.0,0.0601811
0.0,0.05848422
0.0,0.042384904
0.0,0.038322583
0.0,0.0155265685
0.0,0.050646104
0.0,0.047456596
0.0,0.041515227
0.0,0.023857737
0.0,0.039217386
0.0,0.04794272
0.0,0.04292493
0.0,0.1109177
0.0,0.044846006
0.0,0.08789461
0.0,0.026461262
0.0,0.0493386
0.0,0.026740568
0.0,0.015904702
0.0,0.052143794
0.0,0.04775032
0.0,0.0639424
0.0,0.061231256
1.0,0.033104617
0.0,0.1070811
0.0,0.056411378
0.0,0.046293005
0.0,0.054323886
0.0,0.029750941
0.0,0.05633434
0.0,0.012715301
0.0,0.05957581
0.0,0.03565382
0.0,0.030225562
0.0,0.006349864
0.0,0.046787553
0.0,0.031999767
0.0,0.039682187
1.0,0.02373029
0.0,0.07095983
0.0,0.073151514
1.0,0.06858393
0.0,0.05302728
0.0,0.06327564
0.0,0.07736891
0.0,0.033791386
1.0,0.043070517
0.0,0.05886228
0.0,0.051170852
0.0,0.05012652
0.0,0.046129942
0.0,0.05591628
0.0,0.017366584
0.0,0.018589968
0.0,0.025282849
0.0,0.022044083
0.0,0.052447617
0.0,0.024143236
0.0,0.027032772
0.0,0.17742649
0.0,0.06256139
0.0,0.030711135
0.0,0.07284119
1.0,0.06657533
0.0,0.07095924
0.0,0.05105114
1.0,0.11465794
0.0,0.068523586
0.0,0.030664515
0.0,0.046056338
0.0,0.022676252
0.0,0.029889766
0.0,0.056665365
0.0,0.043349065
0.0,0.07561968
0.0,0.066686474
0.0,0.062600605
0.0,0.117250554
0.0,0.039444316
0.0,0.046649143
0.0,0.026038041
0.0,0.05850475
0.0,0.07125506
1.0,0.06139214
0.0,0.01963757
0.0,0.019347016
0.0,0.022989888
0.0,0.06336469
0.0,0.063459896
0.0,0.0626972
0.0,0.04004494
0.0,0.029231863
0.0,0.006152771
1.0,0.04393815
0.0,0.061559495
0.0,0.022407547
0.0,0.041258756
0.0,0.050473846
0.0,0.017460579
0.0,0.031456552
0.0,0.06835985
0.0,0.045373682
0.0,0.066005915
0.0,0.062643915
0.0,0.04730211
0.0,0.077155784
0.0,0.029568993
0.0,0.059830777
0.0,0.087086275
0.0,0.02671931
0.0,0.056124907
0.0,0.7578534
0.0,0.41325805
0.0,0.102412395
0.0,0.04522723
0.0,0.011373697
0.0,0.06582525
0.0,0.07123163
0.0,0.06445992
0.0,0.107033014
0.0,0.03854349
0.0,0.14330207
0.0,0.13571702
0.0,0.031020727
0.0,0.042916946
0.0,0.010796509
0.0,0.058115184
0.0,0.048703328
0.0,0.069672525
0.0,0.050060783
0.0,0.017747708
0.0,0.014231725
0.0,0.07248632
0.0,0.07028887
0.0,0.019896422
0.0,0.06376346
0.0,0.042482875
0.0,0.0668983
0.0,0.079446465
0.0,0.1069313
1.0,0.060401246
0.0,0.013748406
0.0,0.023660868
0.0,0.038533747
0.0,0.03253613
0.0,0.051234625
0.0,0.06340675
0.0,0.026680477
0.0,0.06671869
0.0,0.05702427
0.0,0.06771922
0.0,0.044928666
0.0,0.051109813
0.0,0.08728978
0.0,0.007813368
0.0,0.028944528
0.0,0.043091923
0.0,0.05733415
0.0,0.05813461
0.0,0.030031644
0.0,0.07164065
0.0,0.078642584
0.0,0.03041992
0.0,0.029058782
0.0,0.029964
0.0,0.057314128
0.0,0.066486314
0.0,0.038621273
0.0,0.07110073
0.0,0.03687472
0.0,0.066763975
0.0,0.02192393
0.0,0.0433999
0.0,0.05446018
0.0,0.061785817
0.0,0.04570359
0.0,0.051352665
0.0,0.014016268
0.0,0.04057645
0.0,0.02467676
0.0,0.054964133
0.0,0.027631983
0.0,0.0105445115
0.0,0.045562696
0.0,0.036941454
0.0,0.018124668
0.0,0.13384847
0.0,0.06427132
0.0,0.022981647
0.0,0.05778875
0.0,0.07996944
0.0,0.08457419
0.0,0.05285398
0.0,0.04672009
0.0,0.07532137
0.0,0.07135015
1.0,0.083569705
0.0,0.03206554
0.0,0.05944976
0.0,0.051166337
1.0,0.062172797
0.0,0.024243288
0.0,0.013582098
0.0,0.026708493
0.0,0.020287104
0.0,0.03454642
0.0,0.11722076
0.0,0.102965415
0.0,0.02136923
0.0,0.05408243
0.0,0.036287334
0.0,0.16038948
0.0,0.06713423
1.0,0.052427515
0.0,0.0854233
0.0,0.052829664
0.0,0.072117954
0.0,0.055709705
0.0,0.05263339
0.0,0.06339626
0.0,0.018798575
0.0,0.030652657
0.0,0.028847374
0.0,0.033042952
1.0,0.04377737
0.0,0.019845087
0.0,0.042866
0.0,0.056410033
1.0,0.04774645
0.0,0.066042185
0.0,0.04415288
0.0,0.06271853
0.0,0.028153392
0.0,0.053097013
0.0,0.031723112
0.0,0.014802209
0.0,0.03763686
0.0,0.083838195
0.0,0.01941857
0.0,0.046713363
0.0,0.0147805065
0.0,0.08293531
0.0,0.032410383
0.0,0.07537149
0.0,0.0143087385
0.0,0.18027295
0.0,0.12203752
0.0,0.034748722
0.0,0.033147708
0.0,0.013245251
0.0,0.060859468
0.0,0.012615748
0.0,0.027955208
0.0,0.113758616
0.0,0.038972136
0.0,0.101058245
0.0,0.05372024
0.0,0.050792735
0.0,0.078270085
0.0,0.062169995
0.0,0.007086326
0.0,0.04337406
0.0,0.013655818
0.0,0.06996309
0.0,0.040916737
0.0,0.096829265
0.0,0.019185977
0.0,0.03746883
0.0,0.051191743
0.0,0.25851667
0.0,0.055357017
0.0,0.015217047
0.0,0.05336612
0.0,0.05564609
0.0,0.07846453
0.0,0.036858123
0.0,0.016098844
0.0,0.03140133
0.0,0.011510044
0.0,0.027821906
0.0,0.13221027
0.0,0.011363257
1.0,0.18353534
0.0,0.038412906
0.0,0.040708814
0.0,0.04001236
0.0,0.041074216
0.0,0.06636147
0.0,0.049736336
0.0,0.057215717
0.0,0.04353886
0.0,0.025852948
0.0,0.03307874
0.0,0.100731894
0.0,0.046280824
0.0,0.017342437
0.0,0.12376216
0.0,0.025310617
0.0,0.06473184
0.0,0.059981145
0.0,0.087704375
0.0,0.06717299
0.0,0.06599806
0.0,0.018544674
0.0,0.037881043
1.0,0.07110649
0.0,0.027962433
0.0,0.03353219
0.0,0.038604446
0.0,0.04237888
0.0,0.05436366
0.0,0.07132148
0.0,0.024763588
0.0,0.021508403
0.0,0.049138777
0.0,0.019241085
0.0,0.086899444
0.0,0.031146593
0.0,0.027052373
0.0,0.0495366
0.0,0.049752515
0.0,0.079067364
0.0,0.046987697
0.0,0.015792923
0.0,0.061407246
0.0,0.089617364
0.0,0.07859531
0.0,0.027391389
0.0,0.12462969
0.0,0.021746408
0.0,0.05333895
0.0,0.02777624
0.0,0.03203328
0.0,0.031928606
0.0,0.019774081
0.0,0.0316874
0.0,0.12676018
0.0,0.05945038
0.0,0.044951253
0.0,0.08907311
0.0,0.031165758
0.0,0.046534885
0.0,0.076404296
0.0,0.038474903
0.0,0.033662904
0.0,0.06269731
0.0,0.020569587
0.0,0.03113703
1.0,0.04300647
0.0,0.09107496
0.0,0.08952255
0.0,0.058912177
0.0,0.017465575
0.0,0.07690621
0.0,0.069401555
0.0,0.040968217
0.0,0.09138815
0.0,0.042279936
0.0,0.09762196
0.0,0.046255738
0.0,0.013572575
0.0,0.047724802
0.0,0.052159112
0.0,0.049959626
0.0,0.020078536
0.0,0.01293021
0.0,0.057335313
0.0,0.19222026
0.0,0.0954898
0.0,0.030129798
0.0,0.079798244
0.0,0.038028926
0.0,0.025335552
0.0,0.032021686
0.0,0.062386185
0.0,0.053503253
0.0,0.041791685
0.0,0.049545623
0.0,0.022786248
0.0,0.05906725
0.0,0.050897982
0.0,0.037145115
0.0,0.023150798
0.0,0.062195685
0.0,0.05334251
0.0,0.053065095
0.0,0.03646476
0.0,0.04677341
0.0,0.011054274
0.0,0.060756113
0.0,0.069324344
0.0,0.019939313
0.0,0.17287752
0.0,0.049113758
0.0,0.039793015
0.0,0.052771933
0.0,0.06457983
0.0,0.021840716
0.0,0.045850843
0.0,0.053862568
0.0,0.059914514
0.0,0.24391145
0.0,0.12354483
0.0,0.025790252
0.0,0.098147646
0.0,0.025855364
0.0,0.028506996
0.0,0.023878986
0.0,0.055686943
0.0,0.028048005
0.0,0.035388067
0.0,0.008946677
0.0,0.03316499
0.0,0.056595504
0.0,0.049458403
0.0,0.021444686
0.0,0.050483376
0.0,0.014666456
0.0,0.1122031
0.0,0.05637564
0.0,0.03655325
0.0,0.058543008
0.0,0.06772423
0.0,0.023459315
0.0,0.024324438
0.0,0.03986739
0.0,0.02197336
0.0,0.020562733
0.0,0.0708653
0.0,0.07299774
0.0,0.035218954
0.0,0.059537075
0.0,0.077393025
0.0,0.084136315
0.0,0.0313339
0.0,0.025750093
0.0,0.035695598
0.0,0.26011083
0.0,0.06148699
0.0,0.016791875
0.0,0.15972836
0.0,0.013207001
0.0,0.019238066
0.0,0.026954306
1.0,0.20759079
0.0,0.029520389
0.0,0.0381669
0.0,0.040149737
0.0,0.059284862
0.0,0.03871531
0.0,0.052697677
0.0,0.17580284
0.0,0.07002891
0.0,0.013383788
0.0,0.031066125
0.0,0.028156508
0.0,0.039504305
0.0,0.05659127
0.0,0.1511679
1.0,0.053268924
0.0,0.08305578
0.0,0.039468925
0.0,0.039719634
0.0,0.024436554
0.0,0.06799159
0.0,0.040867656
0.0,0.03394024
0.0,0.043534957
0.0,0.062629655
0.0,0.06906883
0.0,0.047755536
0.0,0.017458588
0.0,0.07518215
0.0,0.062106572
0.0,0.073325865
0.0,0.032945316
0.0,0.08344877
0.0,0.08293005
0.0,0.06054313
0.0,0.02110843
0.0,0.0700158
0.0,0.086268134
0.0,0.06311744
0.0,0.030446228
1.0,0.06744868
0.0,0.064238876
0.0,0.039101448
0.0,0.07457691
0.0,0.042369
1.0,0.06995761
0.0,0.081073955
0.0,0.04547236
0.0,0.037619278
0.0,0.05164109
0.0,0.040057793
0.0,0.03628465
0.0,0.024349213
0.0,0.06550181
0.0,0.02935642
0.0,0.107599236
0.0,0.0318933
0.0,0.057643835
0.0,0.014205209
0.0,0.021774134
0.0,0.054862276
0.0,0.022130508
0.0,0.037257455
0.0,0.018985797
0.0,0.014882971
0.0,0.03655736
0.0,0.13307957
0.0,0.053836226
1.0,0.057588927
0.0,0.029815333
0.0,0.040395908
0.0,0.015585807
0.0,0.09796268
0.0,0.05793303
0.0,0.03936673
0.0,0.0611114
0.0,0.011291318
0.0,0.07608016
0.0,0.06572257
0.0,0.13008499
0.0,0.046429805
0.0,0.024732174
0.0,0.069967315
0.0,0.046642963
0.0,0.030723
0.0,0.04089171
0.0,0.014289968
0.0,0.027909763
0.0,0.05128023
0.0,0.05408728
0.0,0.06642796
0.0,0.07915141
0.0,0.12338463
0.0,0.018589286
0.0,0.04037434
0.0,0.013291145
0.0,0.023358073
0.0,0.030856824
0.0,0.048337795
0.0,0.04604125
0.0,0.1147367
0.0,0.07762572
0.0,0.091012575
0.0,0.019607581
0.0,0.036782857
0.0,0.027893823
0.0,0.044076983
0.0,0.09012179
0.0,0.053489886
0.0,0.034866065
0.0,0.08008744
0.0,0.042870313
0.0,0.11385977
0.0,0.046217285
0.0,0.027084757
0.0,0.03974034
0.0,0.1782594
0.0,0.06478013
1.0,0.04204317
0.0,0.07469927
1.0,0.04810012
0.0,0.02153791
0.0,0.0108048
0.0,0.073156364
0.0,0.050152652
0.0,0.019155309
0.0,0.017205589
0.0,0.015831556
0.0,0.050336894
0.0,0.07873887
0.0,0.055019304
0.0,0.040221654
0.0,0.03605621
2.0,0.43452674
0.0,0.03975755
0.0,0.08561659
0.0,0.0150919035
0.0,0.19602826
0.0,0.032769714
0.0,0.06868553
0.0,0.047360115
0.0,0.020994138
0.0,0.021815943
0.0,0.032533586
0.0,0.046925835
0.0,0.060881656
0.0,0.1324108
0.0,0.08198306
0.0,0.020848209
0.0,0.07472659
0.0,0.069400385
0.0,0.013413957
2.0,0.05227464
0.0,0.04365994
0.0,0.035427507
0.0,0.02001742
1.0,0.122805715
0.0,0.013096789
0.0,0.05951156
0.0,0.045619696
0.0,0.04028129
0.0,0.020783087
0.0,0.057493526
0.0,0.018577289
0.0,0.046890337
0.0,0.04555659
0.0,0.019833611
0.0,0.052158713
0.0,0.17999125
0.0,0.03351165
0.0,0.076959774
0.0,0.037005205
0.0,0.02007104
0.0,0.022610866
0.0,0.08311186
1.0,0.013457175
0.0,0.039011534
0.0,0.037319403
1.0,0.060434967
0.0,0.054802086
0.0,0.06296099
0.0,0.28182814
0.0,0.024914114
0.0,0.07050898
0.0,0.051385827
0.0,0.0338369
0.0,0.013278171
0.0,0.032504264
0.0,0.034066044
0.0,0.032190457
0.0,0.06405581
1.0,0.21496992
0.0,0.014446774
1.0,0.2853544
0.0,0.07345076
0.0,0.01602796
0.0,0.026259622
0.0,0.026271783
0.0,0.039535247
0.0,0.109356806
0.0,0.10200403
0.0,0.06712831
0.0,0.024094507
0.0,0.042918358
0.0,0.03910971
0.0,0.064095646
0.0,0.009860345
0.0,0.045537308
0.0,0.026838483
0.0,0.019327845
0.0,0.0218931
1.0,0.088263996
0.0,0.042435337
0.0,0.04117497
0.0,0.07441758
0.0,0.05061385
0.0,0.092850044
0.0,0.028464332
0.0,0.04030926
0.0,0.06941061
0.0,0.026944669
0.0,0.05302389
0.0,0.046555683
0.0,0.045424685
0.0,0.019918587
0.0,0.02391456
0.0,0.04432903
0.0,0.06591865
0.0,0.020184956
0.0,0.037338093
0.0,0.04974381
0.0,0.01222934
0.0,0.019865764
0.0,0.03897987
0.0,0.058931284
0.0,0.009679819
0.0,0.04138993
0.0,0.07510552
0.0,0.05845971
0.0,0.023422696
2.0,0.03169266
0.0,0.05227609
0.0,0.0592361
0.0,0.039130863
0.0,0.10933973
0.0,0.06201201
0.0,0.08090928
0.0,0.041334253
0.0,0.058163807
0.0,0.03207392
0.0,0.07333277
0.0,0.051815405
0.0,0.024595656
0.0,0.084446646
0.0,0.03886717
0.0,0.06283522
0.0,0.03401764
0.0,0.06790327
0.0,0.05767823
0.0,0.06329136
0.0,0.034153517
0.0,0.043089397
0.0,0.02446912
0.0,0.02190422
0.0,0.03673038
1.0,0.060901634
0.0,0.12147089
0.0,0.038529083
0.0,0.06703104
0.0,0.012177748
0.0,0.061040692
0.0,0.12347133
0.0,0.033796735
0.0,0.010845977
0.0,0.029450232
0.0,0.08373448
0.0,0.05342626
0.0,0.039992522
0.0,0.029584084
0.0,0.012703562
0.0,0.02275999
0.0,0.053747475
0.0,0.063312896
0.0,0.17613843
0.0,0.042540323
0.0,0.035575293
0.0,0.03584503
0.0,0.03785221
0.0,0.055086665
0.0,0.04971969
0.0,0.051999435
0.0,0.06885047
0.0,0.023150798
0.0,0.052032843
0.0,0.03815596
0.0,0.03519481
0.0,0.053351134
0.0,0.05997271
0.0,0.0533107
0.0,0.06463736
0.0,0.051658995
0.0,0.07207474
0.0,0.029971274
0.0,0.060819156
0.0,0.012617071
1.0,0.088186465
0.0,0.10064638
0.0,0.038253974
0.0,0.0096991975
0.0,0.04613331
0.0,0.06689265
0.0,0.046067055
0.0,0.033693336
0.0,0.04992062
0.0,0.007881937
0.0,0.082096234
0.0,0.022696212
0.0,0.051954992
0.0,0.08321873
0.0,0.037701957
0.0,0.039632283
0.0,0.036668923
0.0,0.03879063
0.0,0.06443964
0.0,0.07438709
0.0,0.011240745
0.0,0.060301792
0.0,0.025199622
0.0,0.021980265
0.0,0.06708602
0.0,0.05952081
0.0,0.031583287
0.0,0.036584236
0.0,0.014826375
0.0,0.00632843
0.0,0.043133326
0.0,0.055190492
0.0,0.012093004
0.0,0.032044124
0.0,0.077012725
0.0,0.015830386
0.0,0.035764854
0.0,0.03938175
0.0,0.03472068
0.0,0.02831225
0.0,0.033159077
0.0,0.038139645
0.0,0.030780789
0.0,0.021655668
0.0,0.05750345
0.0,0.021757403
0.0,0.02137032
0.0,0.09731566
0.0,0.019352783
1.0,0.05526676
0.0,0.06690998
0.0,0.018253788
1.0,0.022515658
1.0,0.063249454
0.0,0.05800342
1.0,0.07946548
0.0,0.0424862
0.0,0.05616461
0.0,0.019310977
1.0,0.039675243
0.0,0.036544394
0.0,0.052283343
1.0,0.06791328
0.0,0.06495842
0.0,0.032950107
0.0,0.036470078
0.0,0.033023767
0.0,0.043850996
0.0,0.024855364
0.0,0.01827747
0.0,0.0352397
0.0,0.0627657
0.0,0.027744511
0.0,0.052526228
0.0,0.030176181
0.0,0.05311955
0.0,0.02419617
0.0,0.08638319
0.0,0.0349739
0.0,0.029773891
0.0,0.07504001
0.0,0.032746345
0.0,0.05049669
0.0,0.039883837
0.0,0.060391944
0.0,0.037956893
0.0,0.044919755
0.0,0.049360678
0.0,0.055753343
0.0,0.019880794
0.0,0.025586316
0.0,0.012692524
0.0,0.06766803
1.0,0.060784943
0.0,0.06512787
0.0,0.013668398
0.0,0.049504176
0.0,0.050986186
0.0,0.033470467
0.0,0.03806579
0.0,0.036079857
0.0,0.0139325345
0.0,0.11770623
0.0,0.017001238
0.0,0.04086748
0.0,0.03539345
0.0,0.055063058
0.0,0.05688031
0.0,0.062370554
0.0,0.06678152
0.0,0.039371274
0.0,0.042200275
0.0,0.07062456
0.0,0.025371421
0.0,0.04547106
0.0,0.04655786
0.0,0.09474412
0.0,0.10814759
0.0,0.05028879
0.0,0.05582277
0.0,0.035566576
0.0,0.091941014
0.0,0.0126700355
0.0,0.015048386
0.0,0.012498926
0.0,0.037883174
1.0,0.05259909
0.0,0.044948038
0.0,0.048525713
1.0,0.05226634
0.0,0.05689595
0.0,0.01762806
0.0,0.030501984
0.0,0.06483291
0.0,0.015811196
0.0,0.07561774
0.0,0.060758952
0.0,0.06009162
0.0,0.03563548
0.0,0.062439635
0.0,0.13670558
0.0,0.018785868
0.0,0.043057438
0.0,0.18811104
0.0,0.048440035
0.0,0.065624766
0.0,0.0635622
1.0,0.03559569
0.0,0.027333798
0.0,0.07847967
0.0,0.06515768
0.0,0.013599648
0.0,0.03356721
0.0,0.027339768
0.0,0.025255185
0.0,0.020368088
0.0,0.12970893
0.0,0.04814937
0.0,0.057673816
0.0,0.020083917
0.0,0.023365984
1.0,0.07426129
0.0,0.032697555
0.0,0.017183788
0.0,0.0813342
0.0,0.110753365
0.0,0.04653628
0.0,0.04981193
0.0,0.061203
0.0,0.04212131
0.0,0.048812855
0.0,0.03931398
0.0,0.011422912
0.0,0.018253788
0.0,0.059849154
0.0,0.014902173
1.0,0.12209366
0.0,0.06863505
0.0,0.042925216
0.0,0.047311403
0.0,0.05177863
0.0,0.020968087
0.0,0.08375445
1.0,0.05119116
0.0,0.015779335
0.0,0.017680101
0.0,0.03978167
0.0,0.061530996
0.0,0.029090919
0.0,0.017790988
0.0,0.11708306
0.0,0.04790908
1.0,0.0478835
0.0,0.046639472
0.0,0.055343263
0.0,0.045178536
0.0,0.03901016
0.0,0.18763971
0.0,0.14661424
0.0,0.0636152
0.0,0.04544104
0.0,0.056771584
0.0,0.039575253
1.0,0.08571222
0.0,0.077597134
0.0,0.009801663
0.0,0.041717004
0.0,0.053977445
0.0,0.070916906
0.0,0.05571385
0.0,0.043504536
0.0,0.009921653
0.0,0.04005598
0.0,0.053023867
0.0,0.06538816
0.0,0.06732224
0.0,0.05951684
0.0,0.061755683
0.0,0.0075099017
0.0,0.11021863
0.0,0.059206605
0.0,0.05610885
0.0,0.038205482
0.0,0.049510244
0.0,0.0094319135
0.0,0.021625608
0.0,0.036542304
0.0,0.06319685
0.0,0.08305909
0.0,0.06681879
0.0,0.05962532
0.0,0.03911359
0.0,0.024313804
0.0,0.0909259
0.0,0.049800932
0.0,0.044660732
0.0,0.09147106
0.0,0.14484496
0.0,0.06679939
0.0,0.04705613
1.0,0.05369033
0.0,0.10001437
0.0,0.06576439
0.0,0.027921304
0.0,0.011144672
0.0,0.03399014
0.0,0.056452334
0.0,0.048719376
0.0,0.03968875
0.0,0.01983016
0.0,0.05350991
0.0,0.0825327
0.0,0.033290252
0.0,0.0145887
0.0,0.039619945
0.0,0.019246344
0.0,0.01704273
0.0,0.073840454
0.0,0.05390432
0.0,0.053985707
0.0,0.04775501
0.0,0.022184338
0.0,0.058251128
0.0,0.04581605
0.0,0.040882044
0.0,0.023067787
0.0,0.036365524
0.0,0.024460873
0.0,0.050422173
0.0,0.024689365
0.0,0.029788474
0.0,0.04661808
0.0,0.009679819
0.0,0.07519685
0.0,0.1124927
0.0,0.04389859
0.0,0.034409653
0.0,0.12470174
0.0,0.13342541
0.0,0.034485623
0.0,0.041996926
0.0,0.033511907
0.0,0.07739339
0.0,0.01821989
0.0,0.040227942
0.0,0.044906627
0.0,0.027035788
0.0,0.015513899
0.0,0.037554864
0.0,0.018090012
0.0,0.023140851
1.0,0.04709346
0.0,0.054391846
0.0,0.04476881
0.0,0.042423926
0.0,0.082420886
0.0,0.03807886
0.0,0.06505444
0.0,0.051538534
0.0,0.063942924
0.0,0.17563844
0.0,0.057398282
0.0,0.03708093
0.0,0.0446576
0.0,0.025338802
0.0,0.072199434
0.0,0.032098614
1.0,0.05220437
0.0,0.16321218
0.0,0.01836505
0.0,0.0536665
0.0,0.06295776
0.0,0.02641293
0.0,0.03587788
0.0,0.01604483
0.0,0.027368829
0.0,0.07372416
0.0,0.059936345
0.0,0.013962856
0.0,0.104051545
0.0,0.073995344
0.0,0.063219436
0.0,0.016692188
0.0,0.033384297
0.0,0.020426843
0.0,0.04740634
0.0,0.045737423
0.0,0.033997305
0.0,0.037058126
0.0,0.050341308
1.0,0.066599526
0.0,0.018900888
0.0,0.025222534
0.0,0.04059956
0.0,0.043789875
0.0,0.014786866
0.0,0.023938028
0.0,0.046562053
0.0,0.04126977
0.0,0.02826439
0.0,0.033685286
0.0,0.05375381
0.0,0.05139306
0.0,0.014979929
0.0,0.0068410328
0.0,0.051991053
0.0,0.030515805
0.0,0.014983257
1.0,0.071373664
0.0,0.16908778
0.0,0.023339424
0.0,0.0436224
0.0,0.0876945
0.0,0.14317815
0.0,0.06411578
0.0,0.043235753
0.0,0.052201934
0.0,0.014170145
0.0,0.039690398
0.0,0.039564855
0.0,0.05513941
0.0,0.08955145
0.0,0.05710713
0.0,0.061939206
0.0,0.066830136
0.0,0.074898675
0.0,0.07938416
0.0,0.0401645
0.0,0.015521416
0.0,0.035781197
0.0,0.04041525
0.0,0.039267927
0.0,0.019893149
0.0,0.038173817
0.0,0.06472237
0.0,0.07410428
1.0,0.06982781
0.0,0.10239969
0.0,0.062580936
0.0,0.035616774
0.0,0.021619597
1.0,0.026310997
0.0,0.068128616
0.0,0.14634855
0.0,0.078835756
1.0,0.06146704
0.0,0.21315032
0.0,0.15900275
0.0,0.0640639
0.0,0.11420914
0.0,0.042594783
0.0,0.013599836
0.0,0.020241003
0.0,0.071500994
1.0,0.04813502
0.0,0.043043952
0.0,0.022085588
0.0,0.025945298
0.0,0.052349
0.0,0.015166824
0.0,0.10589695
0.0,0.029620953
0.0,0.017555106
0.0,0.05654803
0.0,0.07038902
0.0,0.06071021
0.0,0.0232069
0.0,0.06797555
0.0,0.08651225
0.0,0.049145103
0.0,0.024197554
1.0,0.08930588
0.0,0.023213938
1.0,0.044170167
0.0,0.091627836
0.0,0.038908616
0.0,0.075501055
0.0,0.03014835
0.0,0.0350159
0.0,0.005051829
0.0,0.038008295
0.0,0.020422988
0.0,0.028490499
0.0,0.051568992
0.0,0.028514337
0.0,0.08380227
0.0,0.021345716
0.0,0.0442622
0.0,0.047232848
0.0,0.02872899
0.0,0.02603253
0.0,0.04216524
0.0,0.086565115
0.0,0.032408018
0.0,0.03495206
0.0,0.045579426
0.0,0.073157266
0.0,0.07695704
0.0,0.023083292
0.0,0.04720988
1.0,0.074528135
0.0,0.034562916
0.0,0.040376708
0.0,0.047208756
0.0,0.018370576
0.0,0.018242214
0.0,0.01774775
0.0,0.040798478
0.0,0.027264949
0.0,0.037571844
0.0,0.06185503
0.0,0.05928489
0.0,0.05442944
0.0,0.052023068
0.0,0.026246551
0.0,0.041921776
0.0,0.012068769
0.0,0.02693068
0.0,0.023492517
0.0,0.04132217
0.0,0.050893664
0.0,0.036162585
0.0,0.036653154
0.0,0.042966068
0.0,0.10142923
0.0,0.093774125
0.0,0.0401672
0.0,0.03826837
0.0,0.016082263
0.0,0.06280766
0.0,0.036110837
0.0,0.018409187
0.0,0.06373458
0.0,0.094386086
2.0,0.082052164
0.0,0.039836112
0.0,0.009438865
0.0,0.055599067
0.0,0.08149963
0.0,0.033018116
0.0,0.061700143
0.0,0.04063095
0.0,0.019697769
0.0,0.010663487
0.0,0.05366064
0.0,0.02055537
0.0,0.052379962
0.0,0.06729791
0.0,0.07322047
0.0,0.0189872
0.0,0.05179925
0.0,0.25929752
0.0,0.06795565
0.0,0.020168686
0.0,0.036913477
0.0,0.099703915
0.0,0.020148693
0.0,0.019705594
0.0,0.040274374
0.0,0.08086482
0.0,0.04325951
0.0,0.06892561
0.0,0.04658126
0.0,0.0378712
0.0,0.12888487
0.0,0.07923224
0.0,0.027523495
0.0,0.09633385
0.0,0.058457118
0.0,0.04785166
0.0,0.019627234
0.0,0.05768622
1.0,0.081730716
0.0,0.062342677
0.0,0.057083838
0.0,0.08413776
0.0,0.0768308
0.0,0.028922025
0.0,0.08021149
0.0,0.057273123
0.0,0.03165792
0.0,0.04179316
0.0,0.045199245
0.0,0.013514117
0.0,0.015042847
0.0,0.09696675
0.0,0.08577624
0.0,0.078814596
0.0,0.05137865
0.0,0.02324687
0.0,0.030894205
0.0,0.046326946
0.0,0.086198606
0.0,0.04037232
0.0,0.067052394
0.0,0.057464693
0.0,0.033295825
0.0,0.036339626
0.0,0.067765206
0.0,0.048761956
0.0,0.07173277
0.0,0.05166001
0.0,0.028948434
0.0,0.06855849
0.0,0.034119204
0.0,0.01974524
0.0,0.062049884
0.0,0.03845053
0.0,0.06326864
0.0,0.091370165
0.0,0.05063985
0.0,0.029665181
0.0,0.106952384
0.0,0.023526236
0.0,0.022032524
0.0,0.027386349
0.0,0.019140033
0.0,0.047096964
1.0,0.107720464
1.0,0.048264742
0.0,0.011173874
0.0,0.04967244
1.0,0.12907301
0.0,0.029974446
0.0,0.030919524
0.0,0.029427562
0.0,0.06472989
0.0,0.020877399
0.0,0.04360131
0.0,0.031865392
0.0,0.08704754
0.0,0.06025537
0.0,0.01859026
0.0,0.4654287
0.0,0.03454527
1.0,0.080869436
0.0,0.028884992
1.0,0.058791254
0.0,0.056476325
0.0,0.092318945
0.0,0.026215483
0.0,0.055510856
0.0,0.08591239
0.0,0.05730891
